Time(s),V_pv_instant(V),V_mppt(V),I_pv(A),P_pv(W),P_ref(W),V_out(V),I_L(A),Duty
0.0002,18.9829,18.9829,2,37.9657,34.9614,24.1598,2.3209,0.3
0.0004,4.02087,4.02087,2,8.04173,34.9614,24.2001,3.03307,0.566667
0.0006,14.9678,14.9678,0.0164499,0.246218,34.9614,24.0036,0.0164499,0.416667
0.0008,20.6972,20.6972,1.54007,31.875,34.9614,24.1063,1.54007,0.266667
0.001,20.9315,20.9315,1.08258,22.66,34.9614,24.0755,1.08258,0.116667
0.0012,0.501326,0.501326,2,1.00265,34.9614,24.2695,4.66373,0.716667
0.0014,5.56577,5.56577,2.49948e-07,1.39115e-06,34.9614,24.0003,2.49948e-07,0.580428
0.0016,17.5906,17.5906,2,35.1812,34.9614,24.1353,2.07234,0.566667
0.0018,11.5572,11.5572,2,23.1145,34.9614,24.159,2.3182,0.416667
0.002,20.4643,20.4643,0.47007,9.61965,34.9614,24.0331,0.47007,0.266667
0.0022,2.45634,2.45634,2,4.91268,34.9614,24.2831,4.92021,0.716667
0.0024,0.883639,0.883639,0,0,34.9614,23.9995,-0.0902111,0.730428
0.0026,14.751,14.751,1.71807,25.3432,34.9614,24.1029,1.71807,0.6907
0.0028,8.34948,8.34948,2,16.699,34.9614,24.1782,2.71614,0.566667
0.003,15.9222,15.9222,0.27696,4.40982,34.9614,24.0208,0.27696,0.416667
0.0032,5.42722,5.42722,2,10.8544,34.9614,24.2604,4.56065,0.716667
0.0034,5.7454,5.7454,7.00543e-07,4.0249e-06,34.9614,24.0004,7.00543e-07,0.580428
0.0036,10.6157,10.6157,2,21.2314,34.9614,24.1724,3.24607,0.77417
0.0038,3.67,3.67,1.34223,4.92598,34.9614,24.0858,1.34223,0.651586
0.004,16.6369,16.6369,1.02754,17.0952,34.9614,24.0679,1.02754,0.566667
0.0042,2.94815,2.94815,2,5.8963,34.9614,24.2425,4.18836,0.716667
0.0044,4.21696,4.21696,0,0,34.9614,24.0004,-1.62342e-06,0.695661
0.0046,16.2786,16.2786,2,32.5573,34.9614,24.1326,2.09695,0.62417
0.0048,8.93055,8.93055,2,17.8611,34.9614,24.165,2.44127,0.501586
0.005,4.32931,4.32931,1.88741,8.1712,34.9614,24.1122,1.88741,0.716667
0.0052,8.83895,8.83895,1.45132,12.8282,34.9614,24.0863,1.45132,0.716667
0.0054,13.5378,13.5378,1.79319,24.2759,34.9614,24.1192,1.79319,0.551711
0.0056,8.63425,8.63425,2,17.2685,34.9614,24.1641,2.49065,0.574245
0.0058,18.8707,18.8707,0.210307,3.96864,34.9614,24.0157,0.210307,0.351586
0.006,8.81545,8.81545,2,17.6309,34.9614,24.2771,4.28614,0.592337
0.0062,5.50837,5.50837,0,0,34.9614,24.002,-4.33872e-07,0.566667
0.0064,20.4298,20.4298,1.07937,22.0513,34.9614,24.0737,1.07937,0.401711
0.0066,12.4144,12.4144,2,24.8288,34.9614,24.2182,3.19431,0.424245
0.0068,17.6085,17.6085,0.0892176,1.57099,34.9614,24.008,0.0892176,0.276586
0.007,13.3127,13.3127,2,26.6254,34.9614,24.2484,3.71408,0.501128
0.0072,10.0194,10.0194,0.471048,4.71961,34.9614,24.0355,0.471048,0.416667
0.0074,21.4352,21.4352,0.855981,18.3481,34.9614,24.0593,0.855981,0.251711
0.0076,13.8932,13.8932,2,27.7863,34.9614,24.2128,3.10502,0.394914
0.0078,12.6773,12.6773,0.83511,10.5869,34.9614,24.0596,0.83511,0.381258
0.008,19.7671,19.7671,1.90538,37.6638,34.9614,24.1305,1.90538,0.351128
0.0082,4.67547,4.67547,2,9.35094,34.9614,24.2241,3.40737,0.566667
0.0084,14.1597,14.1597,0,0,34.9614,24.0018,-1.31724e-09,0.401711
0.0086,19.493,19.493,2,38.986,34.9614,24.158,2.31172,0.36091
0.0088,12.3585,12.3585,2,24.717,34.9614,24.1512,2.1792,0.352088
0.009,20.0061,20.0061,0.74888,14.9821,34.9614,24.0524,0.74888,0.276899
0.0092,5.04824,5.04824,2,10.0965,34.9614,24.2759,4.37132,0.636204
0.0094,11.2063,11.2063,0,0,34.9614,24.0003,-2.66577e-06,0.383537
0.0096,20.6999,20.6999,1.58924,32.897,34.9614,24.1091,1.58924,0.325847
0.0098,14.394,14.394,2,28.788,34.9614,24.1786,2.58595,0.335882
0.01,11.8783,11.8783,1.46529,17.4051,34.9614,24.1017,1.46529,0.426899
0.0102,19.2655,19.2655,1.44372,27.8139,34.9614,24.0993,1.44372,0.351586
0.0104,14.7375,14.7375,2,29.4751,34.9614,24.1813,2.63199,0.353253
0.0106,14.5443,14.5443,1.1794,17.1535,34.9614,24.0822,1.1794,0.351586
0.0108,9.8921,9.8921,2,19.7842,34.9614,24.1982,3.04423,0.566667
0.011,14.0411,14.0411,0.324936,4.56247,34.9614,24.0245,0.324936,0.416667
0.0112,20.8295,20.8295,1.44337,30.0646,34.9614,24.0993,1.44337,0.266667
0.0114,20.9806,20.9806,1.05911,22.2208,34.9614,24.0737,1.05911,0.116667
0.0116,15.137,15.137,2,30.274,34.9614,24.1916,2.81739,0.351586
0.0118,11.1885,11.1885,1.39701,15.6304,34.9614,24.0973,1.39701,0.416667
0.012,19.8016,19.8016,1.35498,26.8308,34.9614,24.0931,1.35498,0.349991
0.0122,15.6286,15.6286,2,31.2572,34.9614,24.1779,2.58183,0.329538
0.0124,19.6752,19.6752,0.773614,15.221,34.9614,24.0544,0.773614,0.207605
0.0126,16.267,16.267,2,32.534,34.9614,24.1914,2.80854,0.351586
0.0128,15.2088,15.2088,1.10852,16.8592,34.9614,24.078,1.10852,0.298811
0.013,19.0631,19.0631,2,38.1262,34.9614,24.1393,2.04038,0.317783
0.0132,12.1397,12.1397,2,24.2793,34.9614,24.1669,2.41625,0.381267
0.0134,16.5753,16.5753,0.894428,14.8254,34.9614,24.0627,0.894428,0.357605
0.0136,17.5907,17.5907,2,35.1814,34.9614,24.1727,2.52256,0.351586
0.0138,16.6271,16.6271,1.37007,22.7802,34.9614,24.0957,1.37007,0.260897
0.014,17.6492,17.6492,2,35.2985,34.9614,24.1495,2.17332,0.321964
0.0142,14.0683,14.0683,1.9636,27.6246,34.9614,24.1358,1.9636,0.34624
0.0144,14.5911,14.5911,1.7346,25.3098,34.9614,24.1196,1.7346,0.405401
0.0146,16.9651,16.9651,1.75213,29.7249,34.9614,24.1199,1.75213,0.351586
0.0148,16.6855,16.6855,2,33.3709,34.9614,24.1379,2.00155,0.318551
0.015,14.3767,14.3767,1.99289,28.6512,34.9614,24.1374,1.99289,0.365478
0.0152,17.5396,17.5396,1.42708,25.0304,34.9614,24.0984,1.42708,0.323693
0.0154,19.1684,19.1684,1.90797,36.5727,34.9614,24.1317,1.90797,0.255401
0.0156,13.6374,13.6374,2,27.2748,34.9614,24.1639,2.37326,0.351586
0.0158,14.0898,14.0898,1.35342,19.0694,34.9614,24.0938,1.35342,0.397985
0.016,18.2517,18.2517,1.89708,34.6249,34.9614,24.1301,1.89708,0.349876
0.0162,14.1971,14.1971,2,28.3942,34.9614,24.1554,2.25602,0.351903
0.0164,17.8517,17.8517,1.13066,20.1842,34.9614,24.0789,1.13066,0.301611
0.0166,16.3444,16.3444,2,32.6888,34.9614,24.1772,2.60358,0.351586
0.0168,12.526,12.526,1.58668,19.8747,34.9614,24.1103,1.58668,0.377574
0.017,19.8037,19.8037,1.31727,26.0868,34.9614,24.0906,1.31727,0.315576
0.0172,14.9239,14.9239,2,29.8477,34.9614,24.1847,2.70434,0.350428
0.0174,14.5058,14.5058,1.13517,16.4666,34.9614,24.0795,1.13517,0.344698
0.0176,18.3864,18.3864,2,36.7728,34.9614,24.1438,2.0968,0.351586
0.0178,15.5281,15.5281,1.94619,30.2205,34.9614,24.1349,1.94619,0.303233
0.018,15.4335,15.4335,1.8153,28.0164,34.9614,24.1244,1.8153,0.361171
0.0182,17.3752,17.3752,1.71568,29.8103,34.9614,24.1187,1.71568,0.321648
0.0184,18.0828,18.0828,1.89356,34.2409,34.9614,24.1311,1.89356,0.276841
0.0186,14.3192,14.3192,2,28.6383,34.9614,24.1541,2.22831,0.351586
0.0188,14.3743,14.3743,1.52979,21.9896,34.9614,24.106,1.52979,0.388967
0.019,18.9032,18.9032,1.67736,31.7075,34.9614,24.1158,1.67736,0.315306
0.0192,15.1671,15.1671,2,30.3342,34.9614,24.1648,2.38198,0.331886
0.0194,17.9232,17.9232,1.10902,19.8771,34.9614,24.0776,1.10902,0.27589
0.0196,16.376,16.376,2,32.7521,34.9614,24.1801,2.61633,0.351586
0.0198,13.8363,13.8363,1.44127,19.9418,34.9614,24.1008,1.44127,0.343773
0.02,18.0559,18.0559,1.81809,32.8274,34.9614,24.125,1.81809,0.354077
0.0202,13.8697,13.8697,2,27.7394,34.9614,24.1616,2.34492,0.368133
0.0204,14.3672,14.3672,1.37605,19.77,34.9614,24.0956,1.37605,0.388956
0.0206,17.9651,17.9651,1.93877,34.8302,34.9614,24.1332,1.93877,0.351586
0.0208,14.2136,14.2136,2,28.4272,34.9614,24.1518,2.1924,0.353253
0.021,16.0339,16.0339,1.38098,22.1425,34.9614,24.096,1.38098,0.351586
0.0212,8.38865,8.38865,2,16.7773,34.9614,24.2084,3.16559,0.566667
0.0214,14.6852,14.6852,0.00786679,0.115525,34.9614,24.0031,0.00786679,0.416667
0.0216,20.7414,20.7414,1.50979,31.3152,34.9614,24.1042,1.50979,0.266667
0.0218,20.9453,20.9453,1.07655,22.5487,34.9614,24.0751,1.07655,0.116667
0.022,15.0981,15.0981,2,30.1963,34.9614,24.1938,2.8127,0.351586
0.0222,11.2259,11.2259,1.3949,15.6591,34.9614,24.0973,1.3949,0.416667
0.0224,18.2842,18.2842,1.56904,28.6887,34.9614,24.1074,1.56904,0.394826
0.0226,13.9368,13.9368,2,27.8736,34.9614,24.1774,2.57617,0.379374
0.0228,18.565,18.565,0.726857,13.4941,34.9614,24.0513,0.726857,0.266667
0.023,16.8413,16.8413,2,33.6827,34.9614,24.1889,2.74853,0.351586
0.0232,16.2772,16.2772,1.11639,18.1716,34.9614,24.0786,1.11639,0.266667
0.0234,17.6298,17.6298,2,35.2597,34.9614,24.1617,2.35061,0.343164
0.0236,11.0207,11.0207,2,22.0414,34.9614,24.1458,2.11467,0.411312
0.0238,15.7362,15.7362,1.14776,18.0613,34.9614,24.0794,1.14776,0.416667
0.024,17.6092,17.6092,2,35.2183,34.9614,24.1579,2.2962,0.351586
0.0242,13.5609,13.5609,1.89806,25.7393,34.9614,24.1317,1.89806,0.351519
0.0244,15.5664,15.5664,1.63989,25.5272,34.9614,24.113,1.63989,0.393516
0.0246,19.152,19.152,1.65343,31.6666,34.9614,24.1144,1.65343,0.28043
0.0248,17.5778,17.5778,2,35.1556,34.9614,24.1451,2.09435,0.266667
0.025,14.0992,14.0992,2,28.1984,34.9614,24.1405,2.02343,0.351586
0.0252,17.5853,17.5853,1.364,23.9864,34.9614,24.0946,1.364,0.325212
0.0254,14.9764,14.9764,2,29.9529,34.9614,24.1772,2.58258,0.376907
0.0256,17.8656,17.8656,0.908269,16.2268,34.9614,24.0639,0.908269,0.267761
0.0258,20.1193,20.1193,1.7343,34.8928,34.9614,24.12,1.7343,0.228856
0.026,13.6275,13.6275,2,27.255,34.9614,24.1773,2.56432,0.351586
0.0262,15.2871,15.2871,1.0493,16.0407,34.9614,24.0737,1.0493,0.356127
0.0264,17.5697,17.5697,2,35.1395,34.9614,24.1612,2.34803,0.366428
0.0266,12.9714,12.9714,1.90754,24.7434,34.9614,24.1323,1.90754,0.363437
0.0268,20.763,20.763,0.88965,18.4718,34.9614,24.0619,0.88965,0.251257
0.027,15.6419,15.6419,2,31.2837,34.9614,24.1949,2.83109,0.351586
0.0272,13.8722,13.8722,1.15667,16.0456,34.9614,24.0815,1.15667,0.340815
0.0274,17.4025,17.4025,2,34.8051,34.9614,24.1479,2.1581,0.389021
0.0276,14.9158,14.9158,1.86423,27.8064,34.9614,24.1294,1.86423,0.330183
0.0278,18.0787,18.0787,1.54052,27.8506,34.9614,24.1067,1.54052,0.309052
0.028,15.2268,15.2268,2,30.4535,34.9614,24.1685,2.44081,0.351586
0.0282,15.5168,15.5168,1.3118,20.355,34.9614,24.0916,1.3118,0.332088
0.0284,17.3003,17.3003,2,34.6006,34.9614,24.1503,2.18287,0.354181
0.0286,17.683,17.683,1.53459,27.1361,34.9614,24.1069,1.53459,0.260055
0.0288,17.3154,17.3154,2,34.6307,34.9614,24.1494,2.15935,0.303659
0.029,14.1037,14.1037,1.94039,27.3668,34.9614,24.1345,1.94039,0.351586
0.0292,17.7548,17.7548,1.4221,25.2491,34.9614,24.0985,1.4221,0.325782
0.0294,13.7018,13.7018,2,27.4035,34.9614,24.1841,2.69103,0.402651
0.0296,19.3368,19.3368,0.512015,9.90076,34.9614,24.0365,0.512015,0.242748
0.0298,18.7483,18.7483,2,37.4966,34.9614,24.1606,2.32906,0.29342
0.03,15.2089,15.2089,1.80149,27.3986,34.9614,24.1257,1.80149,0.290711
0.0302,19.4388,19.4388,1.44387,28.0672,34.9614,24.1001,1.44387,0.26844
0.0304,12.2072,12.2072,2,24.4144,34.9614,24.2009,2.94014,0.415003
0.0306,16.1255,16.1255,0.454597,7.33062,34.9614,24.0332,0.454597,0.333569
0.0308,19.8855,19.8855,1.98326,39.4382,34.9614,24.1367,1.98326,0.2883
0.031,15.3866,15.3866,2,30.7733,34.9614,24.1498,2.15561,0.29342
0.0312,17.5982,17.5982,1.37475,24.1931,34.9614,24.0957,1.37475,0.295087
0.0314,17.9457,17.9457,2,35.8914,34.9614,24.1505,2.18027,0.296753
0.0316,15.7727,15.7727,1.8044,28.4604,34.9614,24.1255,1.8044,0.29842
0.0318,18.1384,18.1384,1.6731,30.3474,34.9614,24.1158,1.6731,0.296753
0.032,17.0529,17.0529,2,34.1058,34.9614,24.1463,2.11407,0.295087
0.0322,16.5751,16.5751,1.69359,28.0714,34.9614,24.1177,1.69359,0.296753
0.0324,17.9534,17.9534,1.86258,33.4398,34.9614,24.1288,1.86258,0.295087
0.0326,16.7746,16.7746,1.97498,33.1295,34.9614,24.1369,1.97498,0.29342
0.0328,17.1669,17.1669,1.72852,29.6732,34.9614,24.12,1.72852,0.295087
0.033,17.44,17.44,1.94865,33.9843,34.9614,24.1349,1.94865,0.296753
0.0332,16.6873,16.6873,1.86811,31.1738,34.9614,24.1296,1.86811,0.29842
0.0334,17.4159,17.4159,1.78724,31.1264,34.9614,24.1239,1.78724,0.296753
0.0336,17.2287,17.2287,1.9447,33.5047,34.9614,24.1348,1.9447,0.295087
0.0338,16.8988,16.8988,1.82832,30.8965,34.9614,24.1268,1.82832,0.296753
0.034,17.4482,17.4482,1.83984,32.1019,34.9614,24.1276,1.83984,0.295087
0.0342,17.1355,17.1355,1.91207,32.7642,34.9614,24.1327,1.91207,0.29342
0.0344,17.0903,17.0903,1.82684,31.2212,34.9614,24.1267,1.82684,0.295087
0.0346,17.3943,17.3943,1.86597,32.4571,34.9614,24.1293,1.86597,0.29342
0.0348,17.1667,17.1667,1.883,32.3249,34.9614,24.1307,1.883,0.291753
0.035,17.2055,17.2055,1.84067,31.6697,34.9614,24.1277,1.84067,0.29342
0.0352,17.2247,17.2247,1.87922,32.369,34.9614,24.1303,1.87922,0.295087
0.0354,17.0426,17.0426,1.86838,31.842,34.9614,24.1295,1.86838,0.296753
0.0356,17.2587,17.2587,1.83929,31.7437,34.9614,24.1275,1.83929,0.295087
0.0358,17.259,17.259,1.88097,32.4637,34.9614,24.1303,1.88097,0.29342
0.036,17.2158,17.2158,1.85384,31.9153,34.9614,24.1285,1.85384,0.291753
0.0362,17.2457,17.2457,1.86692,32.1963,34.9614,24.1294,1.86692,0.29342
0.0364,17.1377,17.1377,1.87233,32.0873,34.9614,24.13,1.87233,0.295087
0.0366,17.2499,17.2499,1.84387,31.8065,34.9614,24.1278,1.84387,0.29342
0.0368,17.3037,17.3037,1.87309,32.4113,34.9614,24.13,1.87309,0.291753
0.037,17.2733,17.2733,1.85638,32.0659,34.9614,24.1287,1.85638,0.290086
0.0372,17.2695,17.2695,1.86524,32.2116,34.9614,24.1293,1.86524,0.291753
0.0374,17.3153,17.3153,1.85584,32.1345,34.9614,24.1288,1.85584,0.290086
0.0376,17.3732,17.3732,1.86071,32.3265,34.9614,24.129,1.86071,0.28842
0.0378,17.3839,17.3839,1.86029,32.3391,34.9614,24.1289,1.86029,0.286753
0.038,17.4569,17.4569,1.85255,32.3398,34.9614,24.1284,1.85255,0.285086
0.0382,17.4813,17.4813,1.8594,32.5047,34.9614,24.129,1.8594,0.28342
0.0384,17.5002,17.5002,1.85746,32.5058,34.9614,24.1288,1.85746,0.281753
0.0386,17.5733,17.5733,1.84956,32.5028,34.9614,24.1284,1.84956,0.280086
0.0388,17.6099,17.6099,1.85995,32.7535,34.9614,24.1291,1.85995,0.27842
0.039,17.6181,17.6181,1.85108,32.6125,34.9614,24.1284,1.85108,0.276753
0.0392,17.693,17.693,1.85066,32.7437,34.9614,24.1283,1.85066,0.275086
0.0394,17.7139,17.7139,1.85458,32.8517,34.9614,24.1286,1.85458,0.273419
0.0396,17.7611,17.7611,1.84537,32.7758,34.9614,24.1281,1.84537,0.271752
0.0398,17.8041,17.8041,1.85238,32.9799,34.9614,24.1285,1.85238,0.270086
0.04,17.8267,17.8267,1.8467,32.9207,34.9614,24.1281,1.8467,0.268419
0.0402,17.8845,17.8845,1.84568,33.0091,34.9614,24.128,1.84568,0.266752
0.0404,17.9201,17.9201,1.84491,33.061,34.9614,24.128,1.84491,0.265086
0.0406,17.952,17.952,1.84504,33.1222,34.9614,24.128,1.84504,0.263419
0.0408,17.9933,17.9933,1.84077,33.1214,34.9614,24.1277,1.84077,0.261753
0.041,18.0486,18.0486,1.84057,33.2198,34.9614,24.1277,1.84057,0.260086
0.0412,18.0776,18.0776,1.83967,33.2569,34.9614,24.1276,1.83967,0.258419
0.0414,18.1227,18.1227,1.83572,33.2682,34.9614,24.1274,1.83572,0.256752
0.0416,18.1614,18.1614,1.83734,33.3687,34.9614,24.1275,1.83734,0.255085
0.0418,18.1943,18.1943,1.83245,33.3401,34.9614,24.1271,1.83245,0.253419
0.042,18.2503,18.2503,1.83069,33.4106,34.9614,24.127,1.83069,0.251752
0.0422,18.2728,18.2728,1.83211,33.4778,34.9614,24.1271,1.83211,0.250085
0.0424,18.3293,18.3293,1.82422,33.4367,34.9614,24.1266,1.82422,0.248419
0.0426,18.36,18.36,1.82818,33.5654,34.9614,24.1269,1.82818,0.246752
0.0428,18.3888,18.3888,1.82321,33.5267,34.9614,24.1265,1.82321,0.245085
0.043,18.4471,18.4471,1.81835,33.5433,34.9614,24.1262,1.81835,0.243419
0.0432,18.4772,18.4772,1.81946,33.6186,34.9614,24.1263,1.81946,0.241752
0.0434,18.5142,18.5142,1.81565,33.6152,34.9614,24.126,1.81565,0.240085
0.0436,18.5618,18.5618,1.81205,33.6349,34.9614,24.1258,1.81205,0.238418
0.0438,18.5875,18.5875,1.81314,33.7017,34.9614,24.1258,1.81314,0.236752
0.044,18.6418,18.6418,1.80519,33.6519,34.9614,24.1253,1.80519,0.235085
0.0442,18.6899,18.6899,1.80399,33.7165,34.9614,24.1252,1.80399,0.233418
0.0444,18.7103,18.7103,1.80202,33.7164,34.9614,24.1251,1.80202,0.231752
0.0446,18.7587,18.7587,1.79655,33.7009,34.9614,24.1247,1.79655,0.230085
0.0448,18.7966,18.7966,1.79312,33.7045,34.9614,24.1245,1.79312,0.228418
0.045,18.8373,18.8373,1.79159,33.7487,34.9614,24.1244,1.79159,0.226752
0.0452,18.7702,18.7702,1.80544,33.8885,34.9614,24.1253,1.80544,0.228418
0.0454,18.7187,18.7187,1.80319,33.7535,34.9614,24.1252,1.80319,0.230085
0.0456,18.8047,18.8047,1.78549,33.5756,34.9614,24.124,1.78549,0.228418
0.0458,18.8447,18.8447,1.7927,33.7828,34.9614,24.1244,1.7927,0.226752
0.046,18.7629,18.7629,1.80602,33.8861,34.9614,24.1254,1.80602,0.228418
0.0462,18.7225,18.7225,1.80108,33.7208,34.9614,24.1251,1.80108,0.230085
0.0464,18.8038,18.8038,1.78751,33.6121,34.9614,24.1241,1.78751,0.228418
0.0466,18.8418,18.8418,1.79089,33.7436,34.9614,24.1243,1.79089,0.226752
0.0468,18.7696,18.7696,1.80509,33.8808,34.9614,24.1253,1.80509,0.228418
0.047,18.7231,18.7231,1.80119,33.7238,34.9614,24.125,1.80119,0.230085
0.0472,18.8016,18.8016,1.78854,33.6275,34.9614,24.1242,1.78854,0.228418
0.0474,18.848,18.848,1.78965,33.7314,34.9614,24.1242,1.78965,0.226752
0.0476,18.763,18.763,1.80879,33.9383,34.9614,24.1256,1.80879,0.228418
0.0478,18.7154,18.7154,1.7993,33.6745,34.9614,24.1249,1.7993,0.230085
0.048,18.8084,18.8084,1.78921,33.652,34.9614,24.1242,1.78921,0.228418
0.0482,18.8384,18.8384,1.79112,33.7417,34.9614,24.1243,1.79112,0.226752
0.0484,18.7663,18.7663,1.80665,33.9043,34.9614,24.1254,1.80665,0.228418
0.0486,18.7211,18.7211,1.80254,33.7455,34.9614,24.1251,1.80254,0.230085
0.0488,18.8024,18.8024,1.78629,33.5865,34.9614,24.124,1.78629,0.228418
0.049,18.8391,18.8391,1.79224,33.7642,34.9614,24.1244,1.79224,0.226752
0.0492,18.768,18.768,1.80523,33.8805,34.9614,24.1253,1.80523,0.228418
0.0494,18.7182,18.7182,1.8016,33.7228,34.9614,24.1251,1.8016,0.230085
0.0496,18.8033,18.8033,1.78843,33.6284,34.9614,24.1241,1.78843,0.228418
0.0498,18.8462,18.8462,1.79047,33.7436,34.9614,24.1243,1.79047,0.226752
0.05,18.7657,18.7657,1.80765,33.9219,34.9614,24.1255,1.80765,0.228418
0.0502,18.7181,18.7181,1.801,33.7113,34.9614,24.125,1.801,0.230085
0.0504,18.809,18.809,1.78601,33.5932,34.9614,24.124,1.78601,0.228418
0.0506,18.8378,18.8378,1.79352,33.7859,34.9614,24.1245,1.79352,0.226752
0.0508,18.7718,18.7718,1.80341,33.8532,34.9614,24.1252,1.80341,0.228418
0.051,18.7211,18.7211,1.80423,33.7772,34.9614,24.1252,1.80423,0.230085
0.0512,18.8047,18.8047,1.78548,33.5755,34.9614,24.124,1.78548,0.228418
0.0514,18.8447,18.8447,1.7926,33.7811,34.9614,24.1245,1.7926,0.226752
0.0516,18.7681,18.7681,1.80529,33.8818,34.9614,24.1253,1.80529,0.228418
0.0518,18.7155,18.7155,1.80235,33.7319,34.9614,24.1251,1.80235,0.230085
0.052,18.8044,18.8044,1.78668,33.5975,34.9614,24.124,1.78668,0.228418
0.0522,18.8361,18.8361,1.79565,33.8229,34.9614,24.1247,1.79565,0.226752
0.0524,18.762,18.762,1.80338,33.8351,34.9614,24.1252,1.80338,0.228418
0.0526,18.7225,18.7225,1.80267,33.7505,34.9614,24.1251,1.80267,0.230085
0.0528,18.8005,18.8005,1.78676,33.5919,34.9614,24.124,1.78676,0.228418
0.053,18.8397,18.8397,1.79302,33.78,34.9614,24.1245,1.79302,0.226752
0.0532,18.7642,18.7642,1.80639,33.8955,34.9614,24.1254,1.80639,0.228418
0.0534,18.7128,18.7128,1.8017,33.7147,34.9614,24.1251,1.8017,0.230085
0.0536,18.8101,18.8101,1.78544,33.5843,34.9614,24.1239,1.78544,0.228418
0.0538,18.8317,18.8317,1.79497,33.8022,34.9614,24.1246,1.79497,0.226752
0.054,18.7689,18.7689,1.80359,33.8514,34.9614,24.1252,1.80359,0.228418
0.0542,18.7267,18.7267,1.80166,33.7392,34.9614,24.1251,1.80166,0.230085
0.0544,18.7954,18.7954,1.78849,33.6155,34.9614,24.1242,1.78849,0.228418
0.0546,18.8523,18.8523,1.78978,33.7414,34.9614,24.1242,1.78978,0.226752
0.0548,18.7693,18.7693,1.8075,33.9257,34.9614,24.1256,1.8075,0.228418
0.055,18.7199,18.7199,1.80106,33.7157,34.9614,24.125,1.80106,0.230085
0.0552,18.8057,18.8057,1.78724,33.6103,34.9614,24.1241,1.78724,0.228418
0.0554,18.847,18.847,1.79092,33.7535,34.9614,24.1243,1.79092,0.226752
0.0556,18.7654,18.7654,1.80631,33.8962,34.9614,24.1254,1.80631,0.228418
0.0558,18.7248,18.7248,1.79898,33.6854,34.9614,24.1249,1.79898,0.230085
0.056,18.8041,18.8041,1.78957,33.6513,34.9614,24.1242,1.78957,0.228418
0.0562,18.8388,18.8388,1.79159,33.7513,34.9614,24.1244,1.79159,0.226752
0.0564,18.767,18.767,1.80483,33.8712,34.9614,24.1253,1.80483,0.228418
0.0566,18.7153,18.7153,1.80304,33.7446,34.9614,24.1252,1.80304,0.230085
0.0568,18.7939,18.7939,1.78736,33.5916,34.9614,24.1241,1.78736,0.228418
0.057,18.8434,18.8434,1.79329,33.7917,34.9614,24.1245,1.79329,0.226752
0.0572,18.761,18.761,1.80709,33.9028,34.9614,24.1254,1.80709,0.228418
0.0574,18.7172,18.7172,1.79972,33.6858,34.9614,24.125,1.79972,0.230085
0.0576,18.8081,18.8081,1.78705,33.6111,34.9614,24.1241,1.78705,0.228418
0.0578,18.845,18.845,1.79349,33.7984,34.9614,24.1245,1.79349,0.226752
0.058,18.7566,18.7566,1.80682,33.8898,34.9614,24.1254,1.80682,0.228418
0.0582,18.7267,18.7267,1.79892,33.6879,34.9614,24.1249,1.79892,0.230085
0.0584,18.809,18.809,1.78754,33.6218,34.9614,24.1241,1.78754,0.228418
0.0586,18.8445,18.8445,1.79283,33.7849,34.9614,24.1245,1.79283,0.226752
0.0588,18.7649,18.7649,1.80644,33.8977,34.9614,24.1254,1.80644,0.228418
0.059,18.7235,18.7235,1.79957,33.6942,34.9614,24.1249,1.79957,0.230085
0.0592,18.8072,18.8072,1.78749,33.6176,34.9614,24.1241,1.78749,0.228418
0.0594,18.843,18.843,1.79365,33.7978,34.9614,24.1245,1.79365,0.226752
0.0596,18.7577,18.7577,1.80617,33.8796,34.9614,24.1254,1.80617,0.228418
0.0598,18.7222,18.7222,1.80034,33.7063,34.9614,24.125,1.80034,0.230085
0.06,18.8071,18.8071,1.78681,33.6049,34.9614,24.124,1.78681,0.228418
0.0602,18.8479,18.8479,1.79194,33.7742,34.9614,24.1244,1.79194,0.226752
0.0604,18.7598,18.7598,1.80657,33.8908,34.9614,24.1254,1.80657,0.228418
0.0606,18.727,18.727,1.79981,33.7052,34.9614,24.1249,1.79981,0.230085
0.0608,18.804,18.804,1.78907,33.6417,34.9614,24.1242,1.78907,0.228418
0.061,18.839,18.839,1.79255,33.7699,34.9614,24.1244,1.79255,0.226752
0.0612,18.765,18.765,1.80684,33.9053,34.9614,24.1254,1.80684,0.228418
0.0614,18.7219,18.7219,1.80191,33.735,34.9614,24.1251,1.80191,0.230085
0.0616,18.8016,18.8016,1.78772,33.612,34.9614,24.1241,1.78772,0.228418
0.0618,18.8415,18.8415,1.79224,33.7685,34.9614,24.1244,1.79224,0.226752
0.062,18.7625,18.7625,1.80568,33.8791,34.9614,24.1253,1.80568,0.228418
0.0622,18.7185,18.7185,1.8018,33.727,34.9614,24.1251,1.8018,0.230085
0.0624,18.8075,18.8075,1.78539,33.5788,34.9614,24.1239,1.78539,0.228418
0.0626,18.8443,18.8443,1.79385,33.8038,34.9614,24.1245,1.79385,0.226752
0.0628,18.7629,18.7629,1.8058,33.8821,34.9614,24.1254,1.8058,0.228418
0.063,18.7125,18.7125,1.80206,33.721,34.9614,24.1251,1.80206,0.230085
0.0632,18.8047,18.8047,1.78566,33.5787,34.9614,24.124,1.78566,0.228418
0.0634,18.8378,18.8378,1.7936,33.7874,34.9614,24.1245,1.7936,0.226752
0.0636,18.7693,18.7693,1.80467,33.8724,34.9614,24.1253,1.80467,0.228418
0.0638,18.7175,18.7175,1.80279,33.7438,34.9614,24.1252,1.80279,0.230085
0.064,18.7996,18.7996,1.78507,33.5586,34.9614,24.124,1.78507,0.228418
0.0642,18.8456,18.8456,1.79332,33.7964,34.9614,24.1245,1.79332,0.226752
0.0644,18.7605,18.7605,1.80475,33.858,34.9614,24.1253,1.80475,0.228418
0.0646,18.7175,18.7175,1.80228,33.7341,34.9614,24.1251,1.80228,0.230085
0.0648,18.8039,18.8039,1.78694,33.6015,34.9614,24.124,1.78694,0.228418
0.065,18.8431,18.8431,1.79278,33.7815,34.9614,24.1245,1.79278,0.226752
0.0652,18.7678,18.7678,1.80639,33.9021,34.9614,24.1254,1.80639,0.228418
0.0654,18.7182,18.7182,1.80135,33.718,34.9614,24.1251,1.80135,0.230085
0.0656,18.8041,18.8041,1.78779,33.6179,34.9614,24.1241,1.78779,0.228418
0.0658,18.847,18.847,1.79229,33.7794,34.9614,24.1244,1.79229,0.226752
0.066,18.7711,18.7711,1.80527,33.8869,34.9614,24.1254,1.80527,0.228418
0.0662,18.7185,18.7185,1.80208,33.7323,34.9614,24.1251,1.80208,0.230085
0.0664,18.806,18.806,1.78597,33.587,34.9614,24.124,1.78597,0.228418
0.0666,18.8393,18.8393,1.79177,33.7558,34.9614,24.1244,1.79177,0.226752
0.0668,18.7716,18.7716,1.80543,33.8909,34.9614,24.1253,1.80543,0.228418
0.067,18.7194,18.7194,1.80326,33.7559,34.9614,24.1252,1.80326,0.230085
0.0672,18.8013,18.8013,1.78699,33.5977,34.9614,24.1241,1.78699,0.228418
0.0674,18.8417,18.8417,1.79306,33.7843,34.9614,24.1245,1.79306,0.226752
0.0676,18.7617,18.7617,1.80486,33.8621,34.9614,24.1253,1.80486,0.228418
0.0678,18.7204,18.7204,1.80182,33.7308,34.9614,24.1251,1.80182,0.230085
0.068,18.801,18.801,1.78772,33.6108,34.9614,24.1241,1.78772,0.228418
0.0682,18.8401,18.8401,1.79402,33.7996,34.9614,24.1245,1.79402,0.226752
0.0684,18.761,18.761,1.80534,33.87,34.9614,24.1254,1.80534,0.228418
0.0686,18.7237,18.7237,1.80012,33.7048,34.9614,24.125,1.80012,0.230085
0.0688,18.8056,18.8056,1.78782,33.621,34.9614,24.1241,1.78782,0.228418
0.069,18.8414,18.8414,1.79233,33.77,34.9614,24.1244,1.79233,0.226752
0.0692,18.7635,18.7635,1.80639,33.8942,34.9614,24.1254,1.80639,0.228418
0.0694,18.7156,18.7156,1.80112,33.7091,34.9614,24.125,1.80112,0.230085
0.0696,18.8105,18.8105,1.78632,33.6015,34.9614,24.124,1.78632,0.228418
0.0698,18.839,18.839,1.79298,33.778,34.9614,24.1245,1.79298,0.226752
0.07,18.7623,18.7623,1.80517,33.8692,34.9614,24.1253,1.80517,0.228418
0.0702,18.7224,18.7224,1.80073,33.714,34.9614,24.1251,1.80073,0.230085
0.0704,18.8042,18.8042,1.78768,33.616,34.9614,24.1241,1.78768,0.228418
0.0706,18.8391,18.8391,1.79196,33.7589,34.9614,24.1244,1.79196,0.226752
0.0708,18.7734,18.7734,1.80479,33.8821,34.9614,24.1253,1.80479,0.228418
0.071,18.7176,18.7176,1.80189,33.7271,34.9614,24.1251,1.80189,0.230085
0.0712,18.8046,18.8046,1.78766,33.6164,34.9614,24.1241,1.78766,0.228418
0.0714,18.8383,18.8383,1.79306,33.7782,34.9614,24.1245,1.79306,0.226752
0.0716,18.7619,18.7619,1.80642,33.8918,34.9614,24.1254,1.80642,0.228418
0.0718,18.7245,18.7245,1.79975,33.6995,34.9614,24.1249,1.79975,0.230085
0.072,18.8084,18.8084,1.78768,33.6235,34.9614,24.124,1.78768,0.228418
0.0722,18.8415,18.8415,1.79126,33.75,34.9614,24.1238,1.79126,0.226752
0.0724,18.7655,18.7655,1.80514,33.8743,34.9614,24.125,1.80514,0.228418
0.0726,18.7172,18.7172,1.80272,33.7419,34.9614,24.1249,1.80272,0.230085
0.0728,18.8027,18.8027,1.78696,33.5997,34.9614,24.1235,1.78696,0.228418
0.073,18.8426,18.8426,1.79339,33.7921,34.9614,24.1242,1.79339,0.226752
0.0732,18.7573,18.7573,1.80643,33.8838,34.9614,24.1252,1.80643,0.228418
0.0734,18.7236,18.7236,1.80096,33.7205,34.9614,24.1248,1.80096,0.230085
0.0736,18.8135,18.8135,1.78787,33.636,34.9614,24.1237,1.78787,0.228418
0.0738,18.843,18.843,1.79329,33.7909,34.9614,24.1235,1.79329,0.226752
0.074,18.7592,18.7592,1.80523,33.8647,34.9614,24.1251,1.80523,0.228418
0.0742,18.7215,18.7215,1.80231,33.7419,34.9614,24.1244,1.80231,0.230085
0.0744,18.8034,18.8034,1.78911,33.6412,34.9614,24.1238,1.78911,0.228418
0.0746,18.8417,18.8417,1.79158,33.7564,34.9614,24.1235,1.79158,0.226752
0.0748,18.7698,18.7698,1.80451,33.8703,34.9614,24.1251,1.80451,0.228418
0.075,18.724,18.724,1.8005,33.7125,34.9614,24.1248,1.8005,0.230085
0.0752,18.8068,18.8068,1.79055,33.6746,34.9614,24.1233,1.79055,0.228418
0.0754,18.8392,18.8392,1.79181,33.7563,34.9614,24.1243,1.79181,0.226752
0.0756,18.767,18.767,1.8047,33.8687,34.9614,24.1244,1.8047,0.228418
0.0758,18.7213,18.7213,1.80302,33.7548,34.9614,24.1251,1.80302,0.230085
0.076,18.7968,18.7968,1.78873,33.6223,34.9614,24.1238,1.78873,0.228418
0.0762,18.8411,18.8411,1.7931,33.784,34.9614,24.1236,1.7931,0.226752
0.0764,18.7684,18.7684,1.80486,33.8743,34.9614,24.1246,1.80486,0.228418
0.0766,18.7145,18.7145,1.8038,33.7572,34.9614,24.1241,1.8038,0.230085
0.0768,18.8025,18.8025,1.78626,33.5861,34.9614,24.1237,1.78626,0.228418
0.077,18.8458,18.8458,1.79167,33.7655,34.9614,24.1238,1.79167,0.226752
0.0772,18.7645,18.7645,1.80655,33.8989,34.9614,24.1248,1.80655,0.228418
0.0774,18.7227,18.7227,1.80314,33.7598,34.9614,24.1241,1.80314,0.230085
0.0776,18.8049,18.8049,1.78715,33.6073,34.9614,24.1238,1.78715,0.228418
0.0778,18.8402,18.8402,1.79153,33.753,34.9614,24.1241,1.79153,0.226752
0.078,18.763,18.763,1.80357,33.8405,34.9614,24.1251,1.80357,0.228418
0.0782,18.7259,18.7259,1.8009,33.7235,34.9614,24.1246,1.8009,0.230085
0.0784,18.8048,18.8048,1.78967,33.6543,34.9614,24.1234,1.78967,0.228418
0.0786,18.8363,18.8363,1.79241,33.7624,34.9614,24.1242,1.79241,0.226752
0.0788,18.7653,18.7653,1.8051,33.8733,34.9614,24.1249,1.8051,0.228418
0.079,18.7171,18.7171,1.805,33.7844,34.9614,24.1248,1.805,0.230085
0.0792,18.7967,18.7967,1.78676,33.5851,34.9614,24.1237,1.78676,0.228418
0.0794,18.8399,18.8399,1.79392,33.7972,34.9614,24.1237,1.79392,0.226752
0.0796,18.7646,18.7646,1.80593,33.8875,34.9614,24.1243,1.80593,0.228418
0.0798,18.714,18.714,1.80189,33.7206,34.9614,24.1244,1.80189,0.230085
0.08,18.806,18.806,1.78729,33.6119,34.9614,24.1237,1.78729,0.228418
0.0802,18.8394,18.8394,1.79464,33.81,34.9614,24.1241,1.79464,0.226752
0.0804,18.7574,18.7574,1.80435,33.8449,34.9614,24.125,1.80435,0.228418
0.0806,18.7164,18.7164,1.80325,33.7503,34.9614,24.1247,1.80325,0.230085
0.0808,18.8001,18.8001,1.78799,33.6145,34.9614,24.1238,1.78799,0.228418
0.081,18.8423,18.8423,1.79313,33.7867,34.9614,24.1241,1.79313,0.226752
0.0812,18.7656,18.7656,1.80438,33.8603,34.9614,24.1244,1.80438,0.228418
0.0814,18.7216,18.7216,1.80272,33.7499,34.9614,24.1249,1.80272,0.230085
0.0816,18.7996,18.7996,1.78813,33.6161,34.9614,24.1235,1.78813,0.228418
0.0818,18.8404,18.8404,1.79156,33.7536,34.9614,24.1241,1.79156,0.226752
0.082,18.7709,18.7709,1.80481,33.8778,34.9614,24.1249,1.80481,0.228418
0.0822,18.7187,18.7187,1.80352,33.7594,34.9614,24.1252,1.80352,0.230085
0.0824,18.7988,18.7988,1.78739,33.6008,34.9614,24.1236,1.78739,0.228418
0.0826,18.8422,18.8422,1.79206,33.7664,34.9614,24.124,1.79206,0.226752
0.0828,18.7642,18.7642,1.80601,33.8884,34.9614,24.1251,1.80601,0.228418
0.083,18.7221,18.7221,1.8017,33.7316,34.9614,24.1244,1.8017,0.230085
0.0832,18.8056,18.8056,1.78694,33.6045,34.9614,24.1235,1.78694,0.228418
0.0834,18.8416,18.8416,1.79392,33.8003,34.9614,24.124,1.79392,0.226752
0.0836,18.7637,18.7637,1.8053,33.8741,34.9614,24.1247,1.8053,0.228418
0.0838,18.722,18.722,1.80046,33.7082,34.9614,24.1248,1.80046,0.230085
0.084,18.8116,18.8116,1.78708,33.6179,34.9614,24.124,1.78708,0.228418
0.0842,18.8362,18.8362,1.79388,33.7899,34.9614,24.1243,1.79388,0.226752
0.0844,18.7646,18.7646,1.80392,33.85,34.9614,24.1249,1.80392,0.228418
0.0846,18.7164,18.7164,1.80492,33.7815,34.9614,24.1248,1.80492,0.230085
0.0848,18.8009,18.8009,1.78531,33.5655,34.9614,24.1236,1.78531,0.228418
0.085,18.8414,18.8414,1.79453,33.8115,34.9614,24.1237,1.79453,0.226752
0.0852,18.7584,18.7584,1.80587,33.8753,34.9614,24.125,1.80587,0.228418
0.0854,18.7246,18.7246,1.80173,33.7367,34.9614,24.1249,1.80173,0.230085
0.0856,18.8034,18.8034,1.7877,33.6149,34.9614,24.1235,1.7877,0.228418
0.0858,18.8429,18.8429,1.79179,33.7625,34.9614,24.1243,1.79179,0.226752
0.086,18.7608,18.7608,1.8045,33.8538,34.9614,24.125,1.8045,0.228418
0.0862,18.7284,18.7284,1.79994,33.7098,34.9614,24.1247,1.79994,0.230085
0.0864,18.814,18.814,1.78865,33.6517,34.9614,24.1237,1.78865,0.228418
0.0866,18.8417,18.8417,1.79375,33.7973,34.9614,24.1241,1.79375,0.226752
0.0868,18.7597,18.7597,1.80494,33.8602,34.9614,24.1251,1.80494,0.228418
0.087,18.7259,18.7259,1.80027,33.7117,34.9614,24.1247,1.80027,0.230085
0.0872,18.8058,18.8058,1.79058,33.6734,34.9614,24.1239,1.79058,0.228418
0.0874,18.8403,18.8403,1.79158,33.7539,34.9614,24.1242,1.79158,0.226752
0.0876,18.7636,18.7636,1.80526,33.873,34.9614,24.125,1.80526,0.228418
0.0878,18.7182,18.7182,1.80261,33.7417,34.9614,24.1249,1.80261,0.230085
0.088,18.8031,18.8031,1.7871,33.6031,34.9614,24.1236,1.7871,0.228418
0.0882,18.8399,18.8399,1.79401,33.7989,34.9614,24.1237,1.79401,0.226752
0.0884,18.7635,18.7635,1.80473,33.8631,34.9614,24.1249,1.80473,0.228418
0.0886,18.7307,18.7307,1.80075,33.7293,34.9614,24.1249,1.80075,0.230085
0.0888,18.8027,18.8027,1.79025,33.6616,34.9614,24.1239,1.79025,0.228418
0.089,18.8395,18.8395,1.79293,33.7778,34.9614,24.1241,1.79293,0.226752
0.0892,18.7692,18.7692,1.80385,33.8569,34.9614,24.1244,1.80385,0.228418
0.0894,18.7171,18.7171,1.80341,33.7545,34.9614,24.1248,1.80341,0.230085
0.0896,18.799,18.799,1.78783,33.6093,34.9614,24.124,1.78783,0.228418
0.0898,18.8414,18.8414,1.79424,33.8059,34.9614,24.124,1.79424,0.226752
0.09,18.7583,18.7583,1.80426,33.845,34.9614,24.1251,1.80426,0.228418
0.0902,18.7271,18.7271,1.80184,33.7433,34.9614,24.1244,1.80184,0.230085
0.0904,18.8003,18.8003,1.78753,33.606,34.9614,24.1239,1.78753,0.228418
0.0906,18.8408,18.8408,1.79494,33.818,34.9614,24.1241,1.79494,0.226752
0.0908,18.7593,18.7593,1.80538,33.8677,34.9614,24.1251,1.80538,0.228418
0.091,18.7263,18.7263,1.80007,33.7087,34.9614,24.1248,1.80007,0.230085
0.0912,18.8147,18.8147,1.7879,33.6386,34.9614,24.1237,1.7879,0.228418
0.0914,18.8386,18.8386,1.79403,33.797,34.9614,24.1239,1.79403,0.226752
0.0916,18.7653,18.7653,1.80426,33.8574,34.9614,24.1243,1.80426,0.228418
0.0918,18.7235,18.7235,1.80236,33.7464,34.9614,24.1244,1.80236,0.230085
0.092,18.7987,18.7987,1.78905,33.6318,34.9614,24.1239,1.78905,0.228418
0.0922,18.8389,18.8389,1.79403,33.7976,34.9614,24.1239,1.79403,0.226752
0.0924,18.7591,18.7591,1.80587,33.8765,34.9614,24.1244,1.80587,0.228418
0.0926,18.7208,18.7208,1.80071,33.7107,34.9614,24.1248,1.80071,0.230085
0.0928,18.8094,18.8094,1.78929,33.6555,34.9614,24.124,1.78929,0.228418
0.093,18.8446,18.8446,1.79221,33.7735,34.9614,24.1243,1.79221,0.226752
0.0932,18.7586,18.7586,1.80393,33.8391,34.9614,24.1251,1.80393,0.228418
0.0934,18.718,18.718,1.80269,33.7427,34.9614,24.1248,1.80269,0.230085
0.0936,18.8022,18.8022,1.78737,33.6066,34.9614,24.1238,1.78737,0.228418
0.0938,18.8392,18.8392,1.79184,33.7569,34.9614,24.1235,1.79184,0.226752
0.094,18.7635,18.7635,1.80594,33.8859,34.9614,24.1249,1.80594,0.228418
0.0942,18.7212,18.7212,1.80144,33.725,34.9614,24.1245,1.80144,0.230085
0.0944,18.8094,18.8094,1.78764,33.6245,34.9614,24.1233,1.78764,0.228418
0.0946,18.8359,18.8359,1.79336,33.7795,34.9614,24.124,1.79336,0.226752
0.0948,18.7645,18.7645,1.80485,33.8672,34.9614,24.1247,1.80485,0.228418
0.095,18.7205,18.7205,1.80321,33.7569,34.9614,24.1241,1.80321,0.230085
0.0952,18.8026,18.8026,1.78686,33.5976,34.9614,24.124,1.78686,0.228418
0.0954,18.8451,18.8451,1.79298,33.7888,34.9614,24.124,1.79298,0.226752
0.0956,18.7575,18.7575,1.80404,33.8393,34.9614,24.125,1.80404,0.228418
0.0958,18.7267,18.7267,1.80234,33.7519,34.9614,24.124,1.80234,0.230085
0.096,18.8027,18.8027,1.78947,33.6469,34.9614,24.1236,1.78947,0.228418
0.0962,18.8385,18.8385,1.79155,33.7501,34.9614,24.1239,1.79155,0.226752
0.0964,18.7633,18.7633,1.80693,33.904,34.9614,24.1248,1.80693,0.228418
0.0966,18.7137,18.7137,1.80283,33.7377,34.9614,24.1241,1.80283,0.230085
0.0968,18.8113,18.8113,1.78611,33.5991,34.9614,24.1239,1.78611,0.228418
0.097,18.8468,18.8468,1.79394,33.8101,34.9614,24.1239,1.79394,0.226752
0.0972,18.7575,18.7575,1.80459,33.8495,34.9614,24.125,1.80459,0.228418
0.0974,18.7334,18.7334,1.80173,33.7524,34.9614,24.1245,1.80173,0.230085
0.0976,18.7953,18.7953,1.78933,33.6309,34.9614,24.1238,1.78933,0.228418
0.0978,18.8435,18.8435,1.79151,33.7582,34.9614,24.1235,1.79151,0.226752
0.098,18.7617,18.7617,1.80753,33.9124,34.9614,24.1247,1.80753,0.228418
0.0982,18.7129,18.7129,1.80084,33.6989,34.9614,24.1245,1.80084,0.230085
0.0984,18.8108,18.8108,1.78764,33.627,34.9614,24.1235,1.78764,0.228418
0.0986,18.8432,18.8432,1.79187,33.7647,34.9614,24.1242,1.79187,0.226752
0.0988,18.7586,18.7586,1.80622,33.8822,34.9614,24.1251,1.80622,0.228418
0.099,18.723,18.723,1.80158,33.731,34.9614,24.1243,1.80158,0.230085
0.0992,18.8036,18.8036,1.78881,33.636,34.9614,24.1237,1.78881,0.228418
0.0994,18.84,18.84,1.79351,33.7896,34.9614,24.124,1.79351,0.226752
0.0996,18.7578,18.7578,1.80528,33.8631,34.9614,24.125,1.80528,0.228418
0.0998,18.7181,18.7181,1.80287,33.7462,34.9614,24.1246,1.80287,0.230085
0.1,18.7992,18.7992,1.78907,33.633,34.9614,24.1235,1.78907,0.228418
0.1002,18.8386,18.8386,1.79287,33.7752,34.9614,24.1236,1.79287,0.226752
0.1004,18.7682,18.7682,1.80681,33.9105,34.967,24.1249,1.80681,0.228418
0.1006,18.7157,18.7157,1.80428,33.7684,34.9725,24.1248,1.80428,0.230085
0.1008,18.701,18.701,1.80597,33.7735,34.9781,24.1251,1.80597,0.231752
0.101,18.653,18.653,1.81435,33.843,34.9837,24.1251,1.81435,0.233418
0.1012,18.7116,18.7116,1.79675,33.6201,34.9892,24.1244,1.79675,0.231752
0.1014,18.7684,18.7684,1.80053,33.793,34.9948,24.1247,1.80053,0.230085
0.1016,18.7817,18.7817,1.79792,33.7679,35.0004,24.1246,1.79792,0.228418
0.1018,18.8418,18.8418,1.79101,33.7459,35.0059,24.124,1.79101,0.226752
0.102,18.8773,18.8773,1.79022,33.7945,35.0115,24.1241,1.79022,0.225085
0.1022,18.9106,18.9106,1.78628,33.7796,35.0171,24.1236,1.78628,0.223418
0.1024,18.8382,18.8382,1.80415,33.9869,35.0226,24.1243,1.80415,0.225085
0.1026,18.8178,18.8178,1.79343,33.7484,35.0282,24.1236,1.79343,0.226752
0.1028,18.7841,18.7841,1.80768,33.9556,35.0338,24.1248,1.80768,0.228418
0.103,18.715,18.715,1.8091,33.8572,35.0394,24.1254,1.8091,0.230085
0.1032,18.6982,18.6982,1.81048,33.8527,35.0449,24.1256,1.81048,0.231752
0.1034,18.6448,18.6448,1.81806,33.8974,35.0505,24.1258,1.81806,0.233418
0.1036,18.7175,18.7175,1.79905,33.6737,35.0561,24.1243,1.79905,0.231752
0.1038,18.7743,18.7743,1.80664,33.9184,35.0616,24.1243,1.80664,0.230085
0.104,18.7813,18.7813,1.79842,33.7766,35.0672,24.1245,1.79842,0.228418
0.1042,18.847,18.847,1.79717,33.8713,35.0728,24.124,1.79717,0.226752
0.1044,18.863,18.863,1.79662,33.8897,35.0783,24.1244,1.79662,0.225085
0.1046,18.9171,18.9171,1.78515,33.7698,35.0839,24.1237,1.78515,0.223418
0.1048,18.853,18.853,1.80687,34.0648,35.0895,24.1251,1.80687,0.225085
0.105,18.7971,18.7971,1.80207,33.8738,35.095,24.1249,1.80207,0.226752
0.1052,18.7777,18.7777,1.80735,33.9378,35.1006,24.1251,1.80735,0.228418
0.1054,18.7241,18.7241,1.81429,33.971,35.1062,24.1257,1.81429,0.230085
0.1056,18.6857,18.6857,1.81314,33.8798,35.1117,24.1258,1.81314,0.231752
0.1058,18.7705,18.7705,1.79873,33.763,35.1173,24.1246,1.79873,0.230085
0.106,18.8045,18.8045,1.8054,33.9498,35.1229,24.1247,1.8054,0.228418
0.1062,18.831,18.831,1.79971,33.8903,35.1284,24.1246,1.79971,0.226752
0.1064,18.8726,18.8726,1.79563,33.8881,35.134,24.1242,1.79563,0.225085
0.1066,18.8159,18.8159,1.81218,34.0977,35.1396,24.1252,1.81218,0.226752
0.1068,18.7631,18.7631,1.80914,33.9451,35.1451,24.1254,1.80914,0.228418
0.107,18.7347,18.7347,1.81519,34.0071,35.1507,24.1258,1.81519,0.230085
0.1072,18.6879,18.6879,1.81687,33.9534,35.1563,24.126,1.81687,0.231752
0.1074,18.7618,18.7618,1.8029,33.8258,35.1618,24.1247,1.8029,0.230085
0.1076,18.8061,18.8061,1.80844,34.0097,35.1674,24.1251,1.80844,0.228418
0.1078,18.8235,18.8235,1.80257,33.9308,35.173,24.1247,1.80257,0.226752
0.108,18.8788,18.8788,1.79944,33.9712,35.1785,24.1238,1.79944,0.225085
0.1082,18.812,18.812,1.81299,34.1059,35.1841,24.1249,1.81299,0.226752
0.1084,18.7618,18.7618,1.81133,33.9837,35.1897,24.1257,1.81133,0.228418
0.1086,18.7389,18.7389,1.81651,34.0395,35.1952,24.1256,1.81651,0.230085
0.1088,18.6918,18.6918,1.82104,34.0385,35.2008,24.1261,1.82104,0.231752
0.109,18.757,18.757,1.80493,33.855,35.2064,24.1251,1.80493,0.230085
0.1092,18.8095,18.8095,1.80935,34.033,35.2119,24.1254,1.80935,0.228418
0.1094,18.8252,18.8252,1.80528,33.9848,35.2175,24.1251,1.80528,0.226752
0.1096,18.8644,18.8644,1.8025,34.003,35.2231,24.1241,1.8025,0.225085
0.1098,18.9179,18.9179,1.79516,33.9607,35.2286,24.1242,1.79516,0.223418
0.11,18.8579,18.8579,1.81477,34.2227,35.2342,24.1253,1.81477,0.225085
0.1102,18.7934,18.7934,1.8112,34.0387,35.2398,24.1253,1.8112,0.226752
0.1104,18.7826,18.7826,1.81361,34.0644,35.2454,24.1256,1.81361,0.228418
0.1106,18.7303,18.7303,1.82369,34.1583,35.2509,24.1259,1.82369,0.230085
0.1108,18.6821,18.6821,1.8236,34.0688,35.2565,24.1259,1.8236,0.231752
0.111,18.7626,18.7626,1.80705,33.9049,35.2621,24.125,1.80705,0.230085
0.1112,18.8093,18.8093,1.8136,34.1126,35.2676,24.1257,1.8136,0.228418
0.1114,18.8303,18.8303,1.80763,34.0382,35.2732,24.1253,1.80763,0.226752
0.1116,18.8757,18.8757,1.80141,34.0028,35.2788,24.1246,1.80141,0.225085
0.1118,18.8141,18.8141,1.82113,34.263,35.2843,24.1258,1.82113,0.226752
0.112,18.7641,18.7641,1.81712,34.0965,35.2899,24.1257,1.81712,0.228418
0.1122,18.7386,18.7386,1.82239,34.149,35.2955,24.1261,1.82239,0.230085
0.1124,18.6905,18.6905,1.82613,34.1312,35.301,24.1265,1.82613,0.231752
0.1126,18.757,18.757,1.81111,33.971,35.3066,24.1257,1.81111,0.230085
0.1128,18.808,18.808,1.8151,34.1385,35.3122,24.1258,1.8151,0.228418
0.113,18.8263,18.8263,1.81258,34.1242,35.3177,24.1249,1.81258,0.226752
0.1132,18.8758,18.8758,1.80569,34.0838,35.3233,24.1243,1.80569,0.225085
0.1134,18.8154,18.8154,1.82343,34.3086,35.3289,24.1256,1.82343,0.226752
0.1136,18.7541,18.7541,1.81884,34.1107,35.3344,24.1259,1.81884,0.228418
0.1138,18.7419,18.7419,1.82362,34.178,35.34,24.1263,1.82362,0.230085
0.114,18.6906,18.6906,1.83176,34.2367,35.3456,24.1261,1.83176,0.231752
0.1142,18.7546,18.7546,1.81307,34.0034,35.3511,24.1254,1.81307,0.230085
0.1144,18.8087,18.8087,1.8171,34.1772,35.3567,24.1258,1.8171,0.228418
0.1146,18.8285,18.8285,1.81491,34.1721,35.3623,24.1257,1.81491,0.226752
0.1148,18.8785,18.8785,1.80733,34.1198,35.3678,24.1245,1.80733,0.225085
0.115,18.8126,18.8126,1.82758,34.3816,35.3734,24.1266,1.82758,0.226752
0.1152,18.7596,18.7596,1.82069,34.1554,35.379,24.1259,1.82069,0.228418
0.1154,18.7486,18.7486,1.82698,34.2533,35.3845,24.1264,1.82698,0.230085
0.1156,18.6889,18.6889,1.83394,34.2744,35.3901,24.127,1.83394,0.231752
0.1158,18.7513,18.7513,1.81554,34.0437,35.3957,24.1253,1.81554,0.230085
0.116,18.8169,18.8169,1.81776,34.2045,35.4012,24.126,1.81776,0.228418
0.1162,18.8257,18.8257,1.81837,34.2321,35.4068,24.1256,1.81837,0.226752
0.1164,18.8747,18.8747,1.80925,34.149,35.4124,24.1247,1.80925,0.225085
0.1166,18.8149,18.8149,1.82913,34.4147,35.4179,24.1266,1.82913,0.226752
0.1168,18.7591,18.7591,1.82402,34.2168,35.4235,24.1263,1.82402,0.228418
0.117,18.7424,18.7424,1.82856,34.2715,35.4291,24.1267,1.82856,0.230085
0.1172,18.6902,18.6902,1.83533,34.3025,35.4346,24.1271,1.83533,0.231752
0.1174,18.7574,18.7574,1.81707,34.0837,35.4402,24.1258,1.81707,0.230085
0.1176,18.8087,18.8087,1.82211,34.2714,35.4458,24.1264,1.82211,0.228418
0.1178,18.8236,18.8236,1.81821,34.2252,35.4514,24.1259,1.81821,0.226752
0.118,18.8817,18.8817,1.81186,34.211,35.4569,24.1249,1.81186,0.225085
0.1182,18.8144,18.8144,1.83135,34.4557,35.4625,24.1268,1.83135,0.226752
0.1184,18.7589,18.7589,1.82684,34.2695,35.4681,24.1264,1.82684,0.228418
0.1186,18.7431,18.7431,1.83127,34.3236,35.4736,24.1266,1.83127,0.230085
0.1188,18.6926,18.6926,1.83756,34.3488,35.4792,24.1272,1.83756,0.231752
0.119,18.7527,18.7527,1.82097,34.148,35.4848,24.1262,1.82097,0.230085
0.1192,18.8108,18.8108,1.82474,34.3249,35.4903,24.1264,1.82474,0.228418
0.1194,18.8272,18.8272,1.82012,34.2678,35.4959,24.1262,1.82012,0.226752
0.1196,18.8824,18.8824,1.81417,34.2559,35.5015,24.125,1.81417,0.225085
0.1198,18.8076,18.8076,1.83413,34.4957,35.507,24.1269,1.83413,0.226752
0.12,18.7571,18.7571,1.83055,34.3358,35.5126,24.1259,1.83055,0.228418
0.1202,18.7451,18.7451,1.83107,34.3236,35.5182,24.1269,1.83107,0.230085
0.1204,18.696,18.696,1.84044,34.4089,35.5237,24.1271,1.84044,0.231752
0.1206,18.6478,18.6478,1.84122,34.3346,35.5293,24.1274,1.84122,0.233418
0.1208,18.7223,18.7223,1.82787,34.2219,35.5349,24.1265,1.82787,0.231752
0.121,18.7628,18.7628,1.83172,34.3681,35.5404,24.127,1.83172,0.230085
0.1212,18.7921,18.7921,1.82662,34.326,35.546,24.1258,1.82662,0.228418
0.1214,18.842,18.842,1.82209,34.3319,35.5516,24.1258,1.82209,0.226752
0.1216,18.877,18.877,1.81837,34.3254,35.5571,24.1261,1.81837,0.225085
0.1218,18.8227,18.8227,1.83501,34.5399,35.5627,24.1268,1.83501,0.226752
0.122,18.7646,18.7646,1.83376,34.4098,35.5683,24.1269,1.83376,0.228418
0.1222,18.7408,18.7408,1.83577,34.4038,35.5738,24.1271,1.83577,0.230085
0.1224,18.6974,18.6974,1.84195,34.4397,35.5794,24.1278,1.84195,0.231752
0.1226,18.6547,18.6547,1.845,34.4179,35.585,24.1275,1.845,0.233418
0.1228,18.7264,18.7264,1.83002,34.2697,35.5905,24.1267,1.83002,0.231752
0.123,18.7626,18.7626,1.8362,34.4518,35.5961,24.1269,1.8362,0.230085
0.1232,18.799,18.799,1.82608,34.3284,35.6017,24.1267,1.82608,0.228418
0.1234,18.8539,18.8539,1.82429,34.395,35.6072,24.1265,1.82429,0.226752
0.1236,18.7707,18.7707,1.84387,34.6108,35.6128,24.1274,1.84387,0.228418
0.1238,18.7202,18.7202,1.83767,34.4016,35.6184,24.127,1.83767,0.230085
0.124,18.7074,18.7074,1.84318,34.4812,35.6239,24.1276,1.84318,0.231752
0.1242,18.6527,18.6527,1.84921,34.4929,35.6295,24.1281,1.84921,0.233418
0.1244,18.7222,18.7222,1.83162,34.2919,35.6351,24.127,1.83162,0.231752
0.1246,18.7662,18.7662,1.83765,34.4857,35.6406,24.127,1.83765,0.230085
0.1248,18.7876,18.7876,1.8333,34.4434,35.6462,24.1267,1.8333,0.228418
0.125,18.8364,18.8364,1.82521,34.3804,35.6518,24.1258,1.82521,0.226752
0.1252,18.8856,18.8856,1.82454,34.4574,35.6574,24.1258,1.82454,0.225085
0.1254,18.8115,18.8115,1.84115,34.6349,35.6629,24.1276,1.84115,0.226752
0.1256,18.7665,18.7665,1.83787,34.4903,35.6685,24.1268,1.83787,0.228418
0.1258,18.7437,18.7437,1.84183,34.5228,35.6741,24.1274,1.84183,0.230085
0.126,18.6925,18.6925,1.84935,34.5691,35.6796,24.1279,1.84935,0.231752
0.1262,18.7621,18.7621,1.83126,34.3582,35.6852,24.1267,1.83126,0.230085
0.1264,18.8085,18.8085,1.83661,34.5439,35.6908,24.1271,1.83661,0.228418
0.1266,18.8363,18.8363,1.82961,34.463,35.6963,24.1262,1.82961,0.226752
0.1268,18.8759,18.8759,1.82828,34.5104,35.7019,24.1266,1.82828,0.225085
0.127,18.8298,18.8298,1.83939,34.6353,35.7075,24.1274,1.83939,0.226752
0.1272,18.7564,18.7564,1.84511,34.6075,35.713,24.1275,1.84511,0.228418
0.1274,18.7437,18.7437,1.84062,34.5001,35.7186,24.1269,1.84062,0.230085
0.1276,18.7079,18.7079,1.85113,34.6308,35.7242,24.1281,1.85113,0.231752
0.1278,18.6407,18.6407,1.85466,34.5721,35.7297,24.1278,1.85466,0.233418
0.128,18.7291,18.7291,1.83685,34.4026,35.7353,24.1271,1.83685,0.231752
0.1282,18.7724,18.7724,1.84175,34.5742,35.7409,24.127,1.84175,0.230085
0.1284,18.7939,18.7939,1.83894,34.5609,35.7464,24.1272,1.83894,0.228418
0.1286,18.8377,18.8377,1.83255,34.5209,35.752,24.127,1.83255,0.226752
0.1288,18.8862,18.8862,1.82789,34.522,35.7576,24.1264,1.82789,0.225085
0.129,18.8187,18.8187,1.84756,34.7688,35.7631,24.1278,1.84756,0.226752
0.1292,18.7634,18.7634,1.84387,34.5973,35.7687,24.1274,1.84387,0.228418
0.1294,18.7487,18.7487,1.84635,34.6168,35.7743,24.1272,1.84635,0.230085
0.1296,18.6982,18.6982,1.85543,34.6933,35.7798,24.1283,1.85543,0.231752
0.1298,18.6445,18.6445,1.8579,34.6397,35.7854,24.1283,1.8579,0.233418
0.13,18.7306,18.7306,1.83902,34.446,35.791,24.1274,1.83902,0.231752
0.1302,18.773,18.773,1.84614,34.6574,35.7965,24.1279,1.84614,0.230085
0.1304,18.7945,18.7945,1.84197,34.6189,35.8021,24.127,1.84197,0.228418
0.1306,18.8426,18.8426,1.83469,34.5703,35.8077,24.1269,1.83469,0.226752
0.1308,18.8793,18.8793,1.8329,34.6039,35.8132,24.1267,1.8329,0.225085
0.131,18.8156,18.8156,1.85036,34.8157,35.8188,24.1281,1.85036,0.226752
0.1312,18.7697,18.7697,1.84564,34.6421,35.8244,24.1275,1.84564,0.228418
0.1314,18.7421,18.7421,1.85275,34.7244,35.8299,24.1283,1.85275,0.230085
0.1316,18.6892,18.6892,1.85662,34.6988,35.8355,24.1288,1.85662,0.231752
0.1318,18.7618,18.7618,1.83992,34.5201,35.8411,24.1274,1.83992,0.230085
0.132,18.8127,18.8127,1.84554,34.7195,35.8466,24.1278,1.84554,0.228418
0.1322,18.8267,18.8267,1.8389,34.6205,35.8522,24.1275,1.8389,0.226752
0.1324,18.8829,18.8829,1.83442,34.639,35.8578,24.1264,1.83442,0.225085
0.1326,18.821,18.821,1.85218,34.8599,35.8634,24.1284,1.85218,0.226752
0.1328,18.7612,18.7612,1.85035,34.7148,35.8689,24.1276,1.85035,0.228418
0.133,18.7376,18.7376,1.85232,34.7081,35.8745,24.1279,1.85232,0.230085
0.1332,18.6967,18.6967,1.85622,34.7053,35.8801,24.1288,1.85622,0.231752
0.1334,18.6635,18.6635,1.86188,34.7493,35.8856,24.129,1.86188,0.233418
0.1336,18.7238,18.7238,1.84791,34.5999,35.8912,24.1279,1.84791,0.231752
0.1338,18.7665,18.7665,1.84945,34.7075,35.8968,24.128,1.84945,0.230085
0.134,18.7948,18.7948,1.84694,34.7129,35.9023,24.1278,1.84694,0.228418
0.1342,18.8437,18.8437,1.8403,34.6781,35.9079,24.1274,1.8403,0.226752
0.1344,18.8835,18.8835,1.83947,34.7357,35.9135,24.1266,1.83947,0.225085
0.1346,18.8096,18.8096,1.85549,34.901,35.919,24.128,1.85549,0.226752
0.1348,18.7687,18.7687,1.85017,34.7252,35.9246,24.1276,1.85017,0.228418
0.135,18.7499,18.7499,1.85686,34.816,35.9302,24.1284,1.85686,0.230085
0.1352,18.6858,18.6858,1.86448,34.8393,35.9357,24.1291,1.86448,0.231752
0.1354,18.7589,18.7589,1.84525,34.6148,35.9413,24.1274,1.84525,0.230085
0.1356,18.8202,18.8202,1.84896,34.7978,35.9469,24.1273,1.84896,0.228418
0.1358,18.8381,18.8381,1.84483,34.7529,35.9524,24.1278,1.84483,0.226752
0.136,18.8801,18.8801,1.84075,34.7534,35.958,24.1274,1.84075,0.225085
0.1362,18.8263,18.8263,1.85508,34.9243,35.9636,24.1278,1.85508,0.226752
0.1364,18.7713,18.7713,1.85426,34.8069,35.9691,24.1286,1.85426,0.228418
0.1366,18.7351,18.7351,1.86004,34.848,35.9747,24.1289,1.86004,0.230085
0.1368,18.7017,18.7017,1.86374,34.8551,35.9803,24.1292,1.86374,0.231752
0.137,18.6603,18.6603,1.86756,34.8491,35.9858,24.1293,1.86756,0.233418
0.1372,18.7231,18.7231,1.85247,34.6839,35.9914,24.1282,1.85247,0.231752
0.1374,18.7719,18.7719,1.85468,34.8157,35.997,24.1283,1.85468,0.230085
0.1376,18.794,18.794,1.85248,34.8155,36.0025,24.1279,1.85248,0.228418
0.1378,18.8451,18.8451,1.84519,34.7728,36.0081,24.1279,1.84519,0.226752
0.138,18.8836,18.8836,1.84553,34.8502,36.0137,24.1278,1.84553,0.225085
0.1382,18.8101,18.8101,1.85936,34.9748,36.0192,24.1287,1.85936,0.226752
0.1384,18.779,18.779,1.85689,34.8707,36.0248,24.1284,1.85689,0.228418
0.1386,18.7422,18.7422,1.86124,34.8838,36.0304,24.1289,1.86124,0.230085
0.1388,18.7013,18.7013,1.86819,34.9375,36.0359,24.1294,1.86819,0.231752
0.139,18.6628,18.6628,1.87001,34.8997,36.0415,24.1294,1.87001,0.233418
0.1392,18.7263,18.7263,1.8558,34.7524,36.0471,24.1286,1.8558,0.231752
0.1394,18.7635,18.7635,1.86218,34.9411,36.0526,24.1282,1.86218,0.230085
0.1396,18.7898,18.7898,1.85409,34.838,36.0582,24.1281,1.85409,0.228418
0.1398,18.8495,18.8495,1.84905,34.8537,36.0638,24.1279,1.84905,0.226752
0.14,18.7722,18.7722,1.86879,35.0813,36.0694,24.1295,1.86879,0.228418
0.1402,18.7272,18.7272,1.86159,34.8623,36.0749,24.1285,1.86159,0.230085
0.1404,18.7087,18.7087,1.86916,34.9695,36.0805,24.1295,1.86916,0.231752
0.1406,18.6505,18.6505,1.87586,34.9856,36.0861,24.1296,1.87586,0.233418
0.1408,18.7338,18.7338,1.85228,34.7002,36.0916,24.1283,1.85228,0.231752
0.141,18.7824,18.7824,1.86287,34.9893,36.0972,24.1292,1.86287,0.230085
0.1412,18.7902,18.7902,1.85773,34.9072,36.1028,24.128,1.85773,0.228418
0.1414,18.8503,18.8503,1.85098,34.8914,36.1083,24.128,1.85098,0.226752
0.1416,18.7802,18.7802,1.8706,35.1302,36.1139,24.1291,1.8706,0.228418
0.1418,18.7325,18.7325,1.86541,34.9438,36.1195,24.1288,1.86541,0.230085
0.142,18.7057,18.7057,1.87203,35.0178,36.125,24.1297,1.87203,0.231752
0.1422,18.6555,18.6555,1.87673,35.0112,36.1306,24.1293,1.87673,0.233418
0.1424,18.7282,18.7282,1.8583,34.8026,36.1362,24.1285,1.8583,0.231752
0.1426,18.7722,18.7722,1.86567,35.0227,36.1417,24.1287,1.86567,0.230085
0.1428,18.7948,18.7948,1.85943,34.9476,36.1473,24.1284,1.85943,0.228418
0.143,18.8539,18.8539,1.85313,34.9386,36.1529,24.1283,1.85313,0.226752
0.1432,18.7748,18.7748,1.87465,35.1961,36.1584,24.1299,1.87465,0.228418
0.1434,18.7303,18.7303,1.86657,34.9614,36.164,24.1296,1.86657,0.230085
0.1436,18.7012,18.7012,1.87453,35.0561,36.1696,24.1299,1.87453,0.231752
0.1438,18.6595,18.6595,1.87845,35.0509,36.1751,24.13,1.87845,0.233418
0.144,18.727,18.727,1.8634,34.896,36.1807,24.129,1.8634,0.231752
0.1442,18.7709,18.7709,1.86667,35.039,36.1863,24.1296,1.86667,0.230085
0.1444,18.8022,18.8022,1.85905,34.9543,36.1918,24.1284,1.85905,0.228418
0.1446,18.8539,18.8539,1.85688,35.0095,36.1974,24.1282,1.85688,0.226752
0.1448,18.7752,18.7752,1.87658,35.2332,36.203,24.1297,1.87658,0.228418
0.145,18.7348,18.7348,1.86886,35.0127,36.2085,24.1296,1.86886,0.230085
0.1452,18.7073,18.7073,1.87667,35.1074,36.2141,24.1299,1.87667,0.231752
0.1454,18.6552,18.6552,1.88128,35.0956,36.2197,24.1305,1.88128,0.233418
0.1456,18.7285,18.7285,1.86309,34.8929,36.2252,24.1289,1.86309,0.231752
0.1458,18.781,18.781,1.86909,35.1033,36.2308,24.1294,1.86909,0.230085
0.146,18.7937,18.7937,1.86386,35.0289,36.2364,24.1288,1.86386,0.228418
0.1462,18.8492,18.8492,1.85917,35.0439,36.2419,24.1282,1.85917,0.226752
0.1464,18.775,18.775,1.87815,35.2623,36.2475,24.1297,1.87815,0.228418
0.1466,18.7329,18.7329,1.86955,35.0222,36.2531,24.1291,1.86955,0.230085
0.1468,18.7201,18.7201,1.87867,35.1689,36.2586,24.1297,1.87867,0.231752
0.147,18.6512,18.6512,1.88461,35.1503,36.2642,24.1304,1.88461,0.233418
0.1472,18.7415,18.7415,1.86335,34.9219,36.2698,24.1291,1.86335,0.231752
0.1474,18.7726,18.7726,1.8733,35.1669,36.2754,24.1298,1.8733,0.230085
0.1476,18.7905,18.7905,1.86914,35.122,36.2809,24.1292,1.86914,0.228418
0.1478,18.8515,18.8515,1.85823,35.0304,36.2865,24.1286,1.85823,0.226752
0.148,18.78,18.78,1.88189,35.342,36.2921,24.1296,1.88189,0.228418
0.1482,18.7362,18.7362,1.87267,35.0867,36.2976,24.1295,1.87267,0.230085
0.1484,18.7159,18.7159,1.88106,35.2057,36.3032,24.1302,1.88106,0.231752
0.1486,18.6571,18.6571,1.88479,35.1647,36.3088,24.1307,1.88479,0.233418
0.1488,18.7314,18.7314,1.86934,35.0153,36.3143,24.1292,1.86934,0.231752
0.149,18.779,18.779,1.87503,35.2113,36.3199,24.1292,1.87503,0.230085
0.1492,18.7906,18.7906,1.86852,35.1105,36.3255,24.1296,1.86852,0.228418
0.1494,18.8467,18.8467,1.86455,35.1406,36.331,24.1287,1.86455,0.226752
0.1496,18.7867,18.7867,1.88103,35.3383,36.3366,24.1302,1.88103,0.228418
0.1498,18.7408,18.7408,1.87603,35.1584,36.3422,24.1295,1.87603,0.230085
0.15,18.709,18.709,1.88563,35.2781,36.3477,24.1304,1.88563,0.231752
0.1502,18.648,18.648,1.88811,35.2094,36.3533,24.1307,1.88811,0.233418
0.1504,18.7437,18.7437,1.86987,35.0482,36.3589,24.1291,1.86987,0.231752
0.1506,18.7864,18.7864,1.87679,35.2582,36.3644,24.1301,1.87679,0.230085
0.1508,18.7855,18.7855,1.87446,35.2127,36.37,24.1294,1.87446,0.228418
0.151,18.8529,18.8529,1.86357,35.1336,36.3756,24.1288,1.86357,0.226752
0.1512,18.7849,18.7849,1.88551,35.419,36.3811,24.1303,1.88551,0.228418
0.1514,18.734,18.734,1.88024,35.2243,36.3867,24.1294,1.88024,0.230085
0.1516,18.7098,18.7098,1.88696,35.3046,36.3923,24.1307,1.88696,0.231752
0.1518,18.6543,18.6543,1.89065,35.2688,36.3978,24.1307,1.89065,0.233418
0.152,18.7254,18.7254,1.87535,35.1166,36.4034,24.1298,1.87535,0.231752
0.1522,18.7883,18.7883,1.87632,35.2528,36.409,24.1299,1.87632,0.230085
0.1524,18.7962,18.7962,1.87756,35.291,36.4145,24.1293,1.87756,0.228418
0.1526,18.8515,18.8515,1.86459,35.1503,36.4201,24.129,1.86459,0.226752
0.1528,18.7834,18.7834,1.88871,35.4765,36.4257,24.1304,1.88871,0.228418
0.153,18.7255,18.7255,1.88233,35.2477,36.4312,24.1301,1.88233,0.230085
0.1532,18.7087,18.7087,1.88859,35.3331,36.4368,24.1304,1.88859,0.231752
0.1534,18.6616,18.6616,1.89268,35.3205,36.4424,24.131,1.89268,0.233418
0.1536,18.7264,18.7264,1.87711,35.1516,36.4479,24.13,1.87711,0.231752
0.1538,18.7884,18.7884,1.8783,35.2903,36.4535,24.1301,1.8783,0.230085
0.154,18.7917,18.7917,1.88098,35.3467,36.4591,24.1297,1.88098,0.228418
0.1542,18.8515,18.8515,1.8699,35.2505,36.4646,24.1292,1.8699,0.226752
0.1544,18.7855,18.7855,1.88802,35.4674,36.4702,24.1303,1.88802,0.228418
0.1546,18.7399,18.7399,1.88584,35.3404,36.4758,24.1306,1.88584,0.230085
0.1548,18.7093,18.7093,1.89046,35.3691,36.4814,24.1305,1.89046,0.231752
0.155,18.6567,18.6567,1.89757,35.4024,36.4869,24.131,1.89757,0.233418
0.1552,18.7248,18.7248,1.87861,35.1765,36.4925,24.13,1.87861,0.231752
0.1554,18.7787,18.7787,1.88439,35.3864,36.4981,24.1303,1.88439,0.230085
0.1556,18.7978,18.7978,1.8797,35.3343,36.5036,24.1296,1.8797,0.228418
0.1558,18.8548,18.8548,1.87225,35.3008,36.5092,24.1299,1.87225,0.226752
0.156,18.7763,18.7763,1.89249,35.534,36.5148,24.131,1.89249,0.228418
0.1562,18.7352,18.7352,1.88632,35.3405,36.5203,24.1301,1.88632,0.230085
0.1564,18.7136,18.7136,1.89527,35.4672,36.5259,24.1308,1.89527,0.231752
0.1566,18.6588,18.6588,1.89766,35.4082,36.5315,24.1313,1.89766,0.233418
0.1568,18.7248,18.7248,1.88284,35.2557,36.537,24.13,1.88284,0.231752
0.157,18.7873,18.7873,1.88491,35.4123,36.5426,24.1304,1.88491,0.230085
0.1572,18.7943,18.7943,1.88396,35.4076,36.5482,24.13,1.88396,0.228418
0.1574,18.842,18.842,1.87586,35.3448,36.5537,24.1294,1.87586,0.226752
0.1576,18.8883,18.8883,1.87323,35.3821,36.5593,24.1296,1.87323,0.225085
0.1578,18.81,18.81,1.8908,35.566,36.5649,24.1309,1.8908,0.226752
0.158,18.7806,18.7806,1.88478,35.3972,36.5704,24.1307,1.88478,0.228418
0.1582,18.7552,18.7552,1.8923,35.4904,36.576,24.1305,1.8923,0.230085
0.1584,18.6964,18.6964,1.89913,35.5068,36.5816,24.1311,1.89913,0.231752
0.1586,18.6562,18.6562,1.89784,35.4065,36.5871,24.131,1.89784,0.233418
0.1588,18.739,18.739,1.88654,35.352,36.5927,24.13,1.88654,0.231752
0.159,18.7731,18.7731,1.88966,35.4748,36.5983,24.1301,1.88966,0.230085
0.1592,18.8013,18.8013,1.88507,35.4417,36.6038,24.13,1.88507,0.228418
0.1594,18.8475,18.8475,1.87985,35.4305,36.6094,24.1296,1.87985,0.226752
0.1596,18.7813,18.7813,1.8971,35.63,36.615,24.131,1.8971,0.228418
0.1598,18.7457,18.7457,1.89174,35.462,36.6205,24.1311,1.89174,0.230085
0.16,18.7103,18.7103,1.89905,35.5316,36.6261,24.1317,1.89905,0.231752
0.1602,18.6606,18.6606,1.90439,35.537,36.6317,24.1321,1.90439,0.233418
0.1604,18.7251,18.7251,1.88743,35.3423,36.6372,24.1305,1.88743,0.231752
0.1606,18.7898,18.7898,1.88957,35.5046,36.6428,24.1301,1.88957,0.230085
0.1608,18.7949,18.7949,1.88733,35.4723,36.6484,24.1307,1.88733,0.228418
0.161,18.8517,18.8517,1.8807,35.4544,36.6539,24.1299,1.8807,0.226752
0.1612,18.7898,18.7898,1.89814,35.6658,36.6595,24.1309,1.89814,0.228418
0.1614,18.734,18.734,1.89645,35.528,36.6651,24.1304,1.89645,0.230085
0.1616,18.714,18.714,1.89946,35.5464,36.6706,24.131,1.89946,0.231752
0.1618,18.6619,18.6619,1.90803,35.6075,36.6762,24.132,1.90803,0.233418
0.162,18.7348,18.7348,1.88795,35.3703,36.6818,24.1304,1.88795,0.231752
0.1622,18.7839,18.7839,1.89514,35.5981,36.6874,24.1307,1.89514,0.230085
0.1624,18.801,18.801,1.88844,35.5046,36.6929,24.1305,1.88844,0.228418
0.1626,18.8525,18.8525,1.88362,35.5109,36.6985,24.1304,1.88362,0.226752
0.1628,18.7862,18.7862,1.90279,35.7462,36.7041,24.1311,1.90279,0.228418
0.163,18.7329,18.7329,1.89819,35.5587,36.7096,24.1311,1.89819,0.230085
0.1632,18.7105,18.7105,1.90444,35.6329,36.7152,24.1315,1.90444,0.231752
0.1634,18.6657,18.6657,1.90861,35.6255,36.7208,24.1321,1.90861,0.233418
0.1636,18.7242,18.7242,1.89184,35.4232,36.7263,24.1309,1.89184,0.231752
0.1638,18.7834,18.7834,1.89677,35.6278,36.7319,24.1311,1.89677,0.230085
0.164,18.7964,18.7964,1.8925,35.5723,36.7375,24.131,1.8925,0.228418
0.1642,18.8522,18.8522,1.8862,35.559,36.743,24.1303,1.8862,0.226752
0.1644,18.7814,18.7814,1.90512,35.7808,36.7486,24.1319,1.90512,0.228418
0.1646,18.7341,18.7341,1.9002,35.5986,36.7542,24.1314,1.9002,0.230085
0.1648,18.7064,18.7064,1.90659,35.6654,36.7597,24.132,1.90659,0.231752
0.165,18.6635,18.6635,1.9094,35.6361,36.7653,24.1316,1.9094,0.233418
0.1652,18.7298,18.7298,1.89705,35.5313,36.7709,24.1309,1.89705,0.231752
0.1654,18.7788,18.7788,1.89822,35.6463,36.7764,24.1312,1.89822,0.230085
0.1656,18.803,18.803,1.89423,35.6172,36.782,24.1311,1.89423,0.228418
0.1658,18.8582,18.8582,1.88798,35.6039,36.7876,24.1301,1.88798,0.226752
0.166,18.7818,18.7818,1.9068,35.8131,36.7931,24.1315,1.9068,0.228418
0.1662,18.743,18.743,1.90141,35.6381,36.7987,24.1313,1.90141,0.230085
0.1664,18.7075,18.7075,1.90916,35.7157,36.8043,24.1323,1.90916,0.231752
0.1666,18.6611,18.6611,1.91474,35.731,36.8098,24.1318,1.91474,0.233418
0.1668,18.7286,18.7286,1.89659,35.5205,36.8154,24.1312,1.89659,0.231752
0.167,18.7884,18.7884,1.89891,35.6775,36.821,24.1317,1.89891,0.230085
0.1672,18.8096,18.8096,1.89772,35.6953,36.8265,24.1311,1.89772,0.228418
0.1674,18.8521,18.8521,1.88963,35.6235,36.8321,24.1303,1.88963,0.226752
0.1676,18.7849,18.7849,1.91032,35.8853,36.8377,24.1316,1.91032,0.228418
0.1678,18.7355,18.7355,1.90343,35.6617,36.8432,24.1317,1.90343,0.230085
0.168,18.7181,18.7181,1.91153,35.7801,36.8488,24.1317,1.91153,0.231752
0.1682,18.6507,18.6507,1.91875,35.7862,36.8544,24.1324,1.91875,0.233418
0.1684,18.7337,18.7337,1.89713,35.5403,36.8599,24.1305,1.89713,0.231752
0.1686,18.785,18.785,1.90401,35.7667,36.8655,24.1319,1.90401,0.230085
0.1688,18.8008,18.8008,1.90018,35.725,36.8711,24.1315,1.90018,0.228418
0.169,18.8546,18.8546,1.89123,35.6585,36.8766,24.1304,1.89123,0.226752
0.1692,18.7891,18.7891,1.913,35.9436,36.8822,24.1316,1.913,0.228418
0.1694,18.7366,18.7366,1.90702,35.7309,36.8878,24.1321,1.90702,0.230085
0.1696,18.7071,18.7071,1.9146,35.8165,36.8934,24.1324,1.9146,0.231752
0.1698,18.6688,18.6688,1.91768,35.8009,36.8989,24.1325,1.91768,0.233418
0.17,18.7271,18.7271,1.90354,35.6477,36.9045,24.132,1.90354,0.231752
0.1702,18.7865,18.7865,1.90409,35.7712,36.9101,24.132,1.90409,0.230085
0.1704,18.8079,18.8079,1.90452,35.8199,36.9156,24.1318,1.90452,0.228418
0.1706,18.8556,18.8556,1.89288,35.6913,36.9212,24.131,1.89288,0.226752
0.1708,18.7849,18.7849,1.91651,36.0015,36.9268,24.1322,1.91651,0.228418
0.171,18.7301,18.7301,1.91112,35.7954,36.9323,24.1325,1.91112,0.230085
0.1712,18.7071,18.7071,1.91601,35.8431,36.9379,24.1328,1.91601,0.231752
0.1714,18.6652,18.6652,1.92179,35.8706,36.9435,24.1324,1.92179,0.233418
0.1716,18.7343,18.7343,1.90384,35.6671,36.949,24.1315,1.90384,0.231752
0.1718,18.782,18.782,1.90945,35.8632,36.9546,24.1317,1.90945,0.230085
0.172,18.7924,18.7924,1.9041,35.7828,36.9602,24.1312,1.9041,0.228418
0.1722,18.8481,18.8481,1.8983,35.7793,36.9657,24.1311,1.8983,0.226752
0.1724,18.7898,18.7898,1.91492,35.9811,36.9713,24.1327,1.91492,0.228418
0.1726,18.7357,18.7357,1.91457,35.8708,36.9769,24.1327,1.91457,0.230085
0.1728,18.7109,18.7109,1.91592,35.8486,36.9824,24.1327,1.91592,0.231752
0.173,18.6763,18.6763,1.92113,35.8795,36.988,24.1331,1.92113,0.233418
0.1732,18.6288,18.6288,1.92697,35.897,36.9936,24.1331,1.92697,0.235085
0.1734,18.6912,18.6912,1.91098,35.7186,36.9991,24.1323,1.91098,0.233418
0.1736,18.7441,18.7441,1.916,35.9136,37.0047,24.132,1.916,0.231752
0.1738,18.7611,18.7611,1.91177,35.8668,37.0103,24.1322,1.91177,0.230085
0.174,18.7957,18.7957,1.90924,35.8855,37.0158,24.1316,1.90924,0.228418
0.1742,18.8466,18.8466,1.89938,35.7968,37.0214,24.1312,1.89938,0.226752
0.1744,18.7972,18.7972,1.92012,36.0929,37.027,24.1325,1.92012,0.228418
0.1746,18.7303,18.7303,1.91718,35.9093,37.0325,24.1329,1.91718,0.230085
0.1748,18.7121,18.7121,1.9207,35.9403,37.0381,24.1329,1.9207,0.231752
0.175,18.6611,18.6611,1.92787,35.9762,37.0437,24.1336,1.92787,0.233418
0.1752,18.7248,18.7248,1.91024,35.769,37.0492,24.1324,1.91024,0.231752
0.1754,18.7933,18.7933,1.91018,35.8985,37.0548,24.1318,1.91018,0.230085
0.1756,18.7986,18.7986,1.91254,35.9531,37.0604,24.132,1.91254,0.228418
0.1758,18.8501,18.8501,1.90358,35.8827,37.0659,24.1318,1.90358,0.226752
0.176,18.7884,18.7884,1.92112,36.0948,37.0715,24.1331,1.92112,0.228418
0.1762,18.739,18.739,1.91936,35.967,37.0771,24.1329,1.91936,0.230085
0.1764,18.7157,18.7157,1.92254,35.9818,37.0826,24.1333,1.92254,0.231752
0.1766,18.6827,18.6827,1.92699,36.0014,37.0882,24.1333,1.92699,0.233418
0.1768,18.6263,18.6263,1.93461,36.0347,37.0938,24.1339,1.93461,0.235085
0.177,18.6817,18.6817,1.91739,35.8201,37.0994,24.1324,1.91739,0.233418
0.1772,18.7415,18.7415,1.9207,35.9967,37.1049,24.1327,1.9207,0.231752
0.1774,18.7656,18.7656,1.91795,35.9915,37.1105,24.1327,1.91795,0.230085
0.1776,18.8081,18.8081,1.91237,35.9681,37.1161,24.1323,1.91237,0.228418
0.1778,18.8521,18.8521,1.90891,35.9869,37.1216,24.1312,1.90891,0.226752
0.178,18.7873,18.7873,1.92433,36.1529,37.1272,24.1332,1.92433,0.228418
0.1782,18.7381,18.7381,1.92157,36.0066,37.1328,24.133,1.92157,0.230085
0.1784,18.714,18.714,1.92667,36.0557,37.1383,24.1325,1.92667,0.231752
0.1786,18.6624,18.6624,1.9332,36.0781,37.1439,24.1338,1.9332,0.233418
0.1788,18.7347,18.7347,1.91493,35.8756,37.1495,24.1327,1.91493,0.231752
0.179,18.7877,18.7877,1.919,36.0535,37.155,24.1327,1.919,0.230085
0.1792,18.7964,18.7964,1.91744,36.0409,37.1606,24.1323,1.91744,0.228418
0.1794,18.8493,18.8493,1.90806,35.9657,37.1662,24.1322,1.90806,0.226752
0.1796,18.7926,18.7926,1.92715,36.2162,37.1717,24.1337,1.92715,0.228418
0.1798,18.7391,18.7391,1.92459,36.0651,37.1773,24.1333,1.92459,0.230085
0.18,18.7112,18.7112,1.92796,36.0745,37.1829,24.1335,1.92796,0.231752
0.1802,18.6662,18.6662,1.93649,36.147,37.1884,24.1332,1.93649,0.233418
0.1804,18.7331,18.7331,1.91711,35.9134,37.194,24.1327,1.91711,0.231752
0.1806,18.7858,18.7858,1.92216,36.1093,37.1996,24.1332,1.92216,0.230085
0.1808,18.8026,18.8026,1.91549,36.0162,37.2051,24.1328,1.91549,0.228418
0.181,18.8531,18.8531,1.91003,36.0101,37.2107,24.1319,1.91003,0.226752
0.1812,18.8023,18.8023,1.92616,36.2163,37.2163,24.1331,1.92616,0.228418
0.1814,18.7415,18.7415,1.92877,36.148,37.2218,24.133,1.92877,0.230085
0.1816,18.71,18.71,1.93267,36.1603,37.2274,24.134,1.93267,0.231752
0.1818,18.6614,18.6614,1.93704,36.1478,37.233,24.1339,1.93704,0.233418
0.182,18.7424,18.7424,1.91993,35.9841,37.2385,24.1328,1.91993,0.231752
0.1822,18.787,18.787,1.92361,36.1388,37.2441,24.1329,1.92361,0.230085
0.1824,18.8009,18.8009,1.919,36.079,37.2497,24.133,1.919,0.228418
0.1826,18.8595,18.8595,1.91224,36.0638,37.2552,24.1323,1.91224,0.226752
0.1828,18.7911,18.7911,1.93141,36.2934,37.2608,24.1331,1.93141,0.228418
0.183,18.7339,18.7339,1.92819,36.1225,37.2664,24.1331,1.92819,0.230085
0.1832,18.7277,18.7277,1.93275,36.196,37.2719,24.134,1.93275,0.231752
0.1834,18.6544,18.6544,1.9429,36.2435,37.2775,24.1344,1.9429,0.233418
0.1836,18.7368,18.7368,1.92061,35.986,37.2831,24.1325,1.92061,0.231752
0.1838,18.7834,18.7834,1.92836,36.2212,37.2886,24.133,1.92836,0.230085
0.184,18.814,18.814,1.91915,36.1069,37.2942,24.1324,1.91915,0.228418
0.1842,18.8549,18.8549,1.9171,36.1467,37.2998,24.1327,1.9171,0.226752
0.1844,18.7923,18.7923,1.93368,36.3382,37.3054,24.1336,1.93368,0.228418
0.1846,18.7383,18.7383,1.93135,36.1903,37.3109,24.1332,1.93135,0.230085
0.1848,18.7244,18.7244,1.93608,36.252,37.3165,24.1333,1.93608,0.231752
0.185,18.6685,18.6685,1.94388,36.2894,37.3221,24.1342,1.94388,0.233418
0.1852,18.7297,18.7297,1.92354,36.0273,37.3276,24.1332,1.92354,0.231752
0.1854,18.7945,18.7945,1.92657,36.209,37.3332,24.133,1.92657,0.230085
0.1856,18.8135,18.8135,1.92549,36.2252,37.3388,24.1332,1.92549,0.228418
0.1858,18.841,18.841,1.92249,36.2217,37.3443,24.1328,1.92249,0.226752
0.186,18.892,18.892,1.91299,36.1403,37.3499,24.1324,1.91299,0.225085
0.1862,18.8285,18.8285,1.93497,36.4324,37.3555,24.1339,1.93497,0.226752
0.1864,18.7737,18.7737,1.92876,36.21,37.361,24.1336,1.92876,0.228418
0.1866,18.7659,18.7659,1.93458,36.3041,37.3666,24.1339,1.93458,0.230085
0.1868,18.7021,18.7021,1.9425,36.3289,37.3722,24.1335,1.9425,0.231752
0.187,18.6712,18.6712,1.94011,36.2242,37.3777,24.1337,1.94011,0.233418
0.1872,18.637,18.637,1.95087,36.3583,37.3833,24.135,1.95087,0.235085
0.1874,18.6824,18.6824,1.93258,36.1052,37.3889,24.1335,1.93258,0.233418
0.1876,18.7536,18.7536,1.93366,36.2631,37.3944,24.1335,1.93366,0.231752
0.1878,18.7659,18.7659,1.93396,36.2924,37.4,24.1335,1.93396,0.230085
0.188,18.8049,18.8049,1.92766,36.2495,37.4056,24.1335,1.92766,0.228418
0.1882,18.8526,18.8526,1.92461,36.2839,37.4111,24.1326,1.92461,0.226752
0.1884,18.805,18.805,1.93699,36.425,37.4167,24.1334,1.93699,0.228418
0.1886,18.7345,18.7345,1.94115,36.3665,37.4223,24.1344,1.94115,0.230085
0.1888,18.7169,18.7169,1.94046,36.3193,37.4278,24.1334,1.94046,0.231752
0.189,18.6626,18.6626,1.95072,36.4055,37.4334,24.1347,1.95072,0.233418
0.1892,18.7363,18.7363,1.93099,36.1796,37.439,24.1331,1.93099,0.231752
0.1894,18.7779,18.7779,1.93814,36.3942,37.4445,24.1334,1.93814,0.230085
0.1896,18.7988,18.7988,1.92887,36.2605,37.4501,24.1337,1.92887,0.228418
0.1898,18.864,18.864,1.92491,36.3115,37.4557,24.1329,1.92491,0.226752
0.19,18.7844,18.7844,1.94539,36.5429,37.4612,24.1343,1.94539,0.228418
0.1902,18.741,18.741,1.93687,36.2989,37.4668,24.1342,1.93687,0.230085
0.1904,18.7264,18.7264,1.94659,36.4526,37.4724,24.1346,1.94659,0.231752
0.1906,18.6554,18.6554,1.95279,36.4302,37.4779,24.1352,1.95279,0.233418
0.1908,18.7398,18.7398,1.93186,36.2027,37.4835,24.1337,1.93186,0.231752
0.191,18.7831,18.7831,1.94034,36.4455,37.4891,24.134,1.94034,0.230085
0.1912,18.8002,18.8002,1.93129,36.3087,37.4946,24.1333,1.93129,0.228418
0.1914,18.8525,18.8525,1.92949,36.3759,37.5002,24.1336,1.92949,0.226752
0.1916,18.7883,18.7883,1.94608,36.5636,37.5058,24.1348,1.94608,0.228418
0.1918,18.7389,18.7389,1.9428,36.4059,37.5114,24.1338,1.9428,0.230085
0.192,18.7185,18.7185,1.94659,36.4373,37.5169,24.1347,1.94659,0.231752
0.1922,18.6709,18.6709,1.95319,36.4678,37.5225,24.1343,1.95319,0.233418
0.1924,18.7336,18.7336,1.9382,36.3094,37.5281,24.1333,1.9382,0.231752
0.1926,18.7786,18.7786,1.94172,36.4628,37.5336,24.1346,1.94172,0.230085
0.1928,18.8092,18.8092,1.93465,36.3893,37.5392,24.1336,1.93465,0.228418
0.193,18.8554,18.8554,1.93002,36.3913,37.5448,24.1337,1.93002,0.226752
0.1932,18.7895,18.7895,1.94718,36.5864,37.5503,24.1347,1.94718,0.228418
0.1934,18.743,18.743,1.94587,36.4715,37.5559,24.1344,1.94587,0.230085
0.1936,18.7153,18.7153,1.95082,36.5102,37.5615,24.1341,1.95082,0.231752
0.1938,18.6659,18.6659,1.95448,36.4822,37.567,24.1352,1.95448,0.233418
0.194,18.7439,18.7439,1.93727,36.3119,37.5726,24.1337,1.93727,0.231752
0.1942,18.7904,18.7904,1.9439,36.5267,37.5782,24.1342,1.9439,0.230085
0.1944,18.7955,18.7955,1.93929,36.4498,37.5837,24.1338,1.93929,0.228418
0.1946,18.8543,18.8543,1.93278,36.4411,37.5893,24.1336,1.93278,0.226752
0.1948,18.7906,18.7906,1.94888,36.6206,37.5949,24.1347,1.94888,0.228418
0.195,18.7487,18.7487,1.94582,36.4816,37.6004,24.1347,1.94582,0.230085
0.1952,18.7191,18.7191,1.95252,36.5493,37.606,24.1349,1.95252,0.231752
0.1954,18.6581,18.6581,1.95894,36.5502,37.6116,24.1357,1.95894,0.233418
0.1956,18.7439,18.7439,1.93831,36.3315,37.6171,24.1343,1.93831,0.231752
0.1958,18.7857,18.7857,1.94852,36.6043,37.6227,24.134,1.94852,0.230085
0.196,18.7874,18.7874,1.94126,36.4712,37.6283,24.1338,1.94126,0.228418
0.1962,18.8668,18.8668,1.93176,36.4461,37.6338,24.1338,1.93176,0.226752
0.1964,18.803,18.803,1.95287,36.7198,37.6394,24.1351,1.95287,0.228418
0.1966,18.7434,18.7434,1.9509,36.5665,37.645,24.135,1.9509,0.230085
0.1968,18.7166,18.7166,1.95359,36.5646,37.6505,24.1343,1.95359,0.231752
0.197,18.6776,18.6776,1.95977,36.6038,37.6561,24.1353,1.95977,0.233418
0.1972,18.629,18.629,1.96419,36.5909,37.6617,24.1353,1.96419,0.235085
0.1974,18.6964,18.6964,1.94792,36.4191,37.6672,24.1344,1.94792,0.233418
0.1976,18.7471,18.7471,1.95162,36.5873,37.6728,24.1347,1.95162,0.231752
0.1978,18.7656,18.7656,1.94645,36.5262,37.6784,24.1347,1.94645,0.230085
0.198,18.8146,18.8146,1.94107,36.5205,37.6839,24.1342,1.94107,0.228418
0.1982,18.8571,18.8571,1.93966,36.5763,37.6895,24.1338,1.93966,0.226752
0.1984,18.7821,18.7821,1.95594,36.7366,37.6951,24.1355,1.95594,0.228418
0.1986,18.7449,18.7449,1.95266,36.6024,37.7006,24.1347,1.95266,0.230085
0.1988,18.7223,18.7223,1.95916,36.6801,37.7062,24.1347,1.95916,0.231752
0.199,18.6607,18.6607,1.96301,36.6312,37.7118,24.1353,1.96301,0.233418
0.1992,18.7388,18.7388,1.9465,36.4751,37.7174,24.1347,1.9465,0.231752
0.1994,18.7814,18.7814,1.95193,36.6598,37.7229,24.1353,1.95193,0.230085
0.1996,18.8059,18.8059,1.94611,36.5982,37.7285,24.1343,1.94611,0.228418
0.1998,18.8644,18.8644,1.93936,36.5848,37.7341,24.1342,1.93936,0.226752
0.2,18.7876,18.7876,1.96046,36.8324,37.7396,24.1353,1.96046,0.228418
0.2002,18.7414,18.7414,1.9542,36.6244,37.7452,24.1349,1.9542,0.230085
0.2004,18.7199,18.7199,1.96148,36.7187,37.7508,24.1356,1.96148,0.231752
0.2006,18.6671,18.6671,1.96433,36.6684,37.7563,24.1359,1.96433,0.233418
0.2008,18.7404,18.7404,1.95121,36.5666,37.7619,24.1346,1.95121,0.231752
0.201,18.7849,18.7849,1.95226,36.6731,37.7675,24.1347,1.95226,0.230085
0.2012,18.8104,18.8104,1.94732,36.6299,37.773,24.1343,1.94732,0.228418
0.2014,18.86,18.86,1.94384,36.6607,37.7786,24.1344,1.94384,0.226752
0.2016,18.7937,18.7937,1.95839,36.8053,37.7842,24.1357,1.95839,0.228418
0.2018,18.7493,18.7493,1.9578,36.7074,37.7897,24.1357,1.9578,0.230085
0.202,18.719,18.719,1.96571,36.7961,37.7953,24.136,1.96571,0.231752
0.2022,18.664,18.664,1.96738,36.7191,37.8009,24.1362,1.96738,0.233418
0.2024,18.7435,18.7435,1.95103,36.5691,37.8064,24.1346,1.95103,0.231752
0.2026,18.7807,18.7807,1.95612,36.7373,37.812,24.1349,1.95612,0.230085
0.2028,18.8113,18.8113,1.94849,36.6535,37.8176,24.1344,1.94849,0.228418
0.203,18.8609,18.8609,1.94778,36.7368,37.8231,24.1344,1.94778,0.226752
0.2032,18.7895,18.7895,1.96266,36.8774,37.8287,24.1354,1.96266,0.228418
0.2034,18.7631,18.7631,1.95944,36.7652,37.8343,24.1352,1.95944,0.230085
0.2036,18.7086,18.7086,1.96851,36.828,37.8398,24.136,1.96851,0.231752
0.2038,18.6679,18.6679,1.96965,36.7692,37.8454,24.1365,1.96965,0.233418
0.204,18.6404,18.6404,1.96993,36.7203,37.851,24.1365,1.96993,0.235085
0.2042,18.6049,18.6049,1.97757,36.7924,37.8565,24.1365,1.97757,0.236752
0.2044,18.6548,18.6548,1.96236,36.6074,37.8621,24.1348,1.96236,0.235085
0.2046,18.7067,18.7067,1.96696,36.7953,37.8677,24.1356,1.96696,0.233418
0.2048,18.735,18.735,1.96298,36.7765,37.8732,24.1351,1.96298,0.231752
0.205,18.7787,18.7787,1.95396,36.6929,37.8788,24.1352,1.95396,0.230085
0.2052,18.8223,18.8223,1.95703,36.8359,37.8844,24.1346,1.95703,0.228418
0.2054,18.8459,18.8459,1.95088,36.7659,37.8899,24.1349,1.95088,0.226752
0.2056,18.9021,18.9021,1.94365,36.7392,37.8955,24.1344,1.94365,0.225085
0.2058,18.8374,18.8374,1.96439,37.0041,37.9011,24.1353,1.96439,0.226752
0.206,18.7777,18.7777,1.96016,36.8073,37.9066,24.1356,1.96016,0.228418
0.2062,18.771,18.771,1.96128,36.8153,37.9122,24.1357,1.96128,0.230085
0.2064,18.7104,18.7104,1.97221,36.9008,37.9178,24.1361,1.97221,0.231752
0.2066,18.677,18.677,1.97256,36.8415,37.9234,24.1362,1.97256,0.233418
0.2068,18.6382,18.6382,1.97791,36.8646,37.9289,24.1366,1.97791,0.235085
0.207,18.6953,18.6953,1.96523,36.7405,37.9345,24.1352,1.96523,0.233418
0.2072,18.7509,18.7509,1.96524,36.8502,37.9401,24.1358,1.96524,0.231752
0.2074,18.7837,18.7837,1.95902,36.7978,37.9456,24.1357,1.95902,0.230085
0.2076,18.8158,18.8158,1.95921,36.8641,37.9512,24.1357,1.95921,0.228418
0.2078,18.8552,18.8552,1.95203,36.8058,37.9568,24.1346,1.95203,0.226752
0.208,18.7976,18.7976,1.9697,37.0256,37.9623,24.1363,1.9697,0.228418
0.2082,18.7469,18.7469,1.96451,36.8285,37.9679,24.1357,1.96451,0.230085
0.2084,18.7242,18.7242,1.97682,37.0143,37.9735,24.136,1.97682,0.231752
0.2086,18.6651,18.6651,1.97812,36.9216,37.979,24.1367,1.97812,0.233418
0.2088,18.7428,18.7428,1.96274,36.7871,37.9846,24.1357,1.96274,0.231752
0.209,18.7852,18.7852,1.96539,36.9203,37.9902,24.1358,1.96539,0.230085
0.2092,18.8075,18.8075,1.96017,36.8659,37.9957,24.1356,1.96017,0.228418
0.2094,18.8602,18.8602,1.95337,36.841,38.0013,24.1351,1.95337,0.226752
0.2096,18.7975,18.7975,1.9722,37.0723,38.0069,24.1365,1.9722,0.228418
0.2098,18.747,18.747,1.97054,36.9416,38.0124,24.1358,1.97054,0.230085
0.21,18.725,18.725,1.97228,36.9311,38.018,24.1365,1.97228,0.231752
0.2102,18.6782,18.6782,1.98201,37.0203,38.0236,24.1366,1.98201,0.233418
0.2104,18.6297,18.6297,1.98434,36.9676,38.0291,24.1365,1.98434,0.235085
0.2106,18.7018,18.7018,1.96729,36.7918,38.0347,24.1358,1.96729,0.233418
0.2108,18.7486,18.7486,1.97228,36.9776,38.0403,24.136,1.97228,0.231752
0.211,18.7728,18.7728,1.96591,36.9057,38.0458,24.136,1.96591,0.230085
0.2112,18.817,18.817,1.96302,36.9382,38.0514,24.1354,1.96302,0.228418
0.2114,18.8485,18.8485,1.95997,36.9425,38.057,24.1359,1.95997,0.226752
0.2116,18.7954,18.7954,1.97352,37.0931,38.0625,24.1367,1.97352,0.228418
0.2118,18.7372,18.7372,1.97328,36.9738,38.0681,24.1366,1.97328,0.230085
0.212,18.7208,18.7208,1.97818,37.033,38.0737,24.1364,1.97818,0.231752
0.2122,18.683,18.683,1.98171,37.0242,38.0792,24.1365,1.98171,0.233418
0.2124,18.6298,18.6298,1.99036,37.08,38.0848,24.1369,1.99036,0.235085
0.2126,18.6937,18.6937,1.97113,36.8477,38.0904,24.1365,1.97113,0.233418
0.2128,18.7445,18.7445,1.97464,37.0136,38.0959,24.1363,1.97464,0.231752
0.213,18.7766,18.7766,1.96889,36.9692,38.1015,24.1358,1.96889,0.230085
0.2132,18.8115,18.8115,1.96785,37.0181,38.1071,24.1363,1.96785,0.228418
0.2134,18.8486,18.8486,1.9622,36.9846,38.1126,24.1351,1.9622,0.226752
0.2136,18.8028,18.8028,1.97566,37.1478,38.1182,24.1367,1.97566,0.228418
0.2138,18.7439,18.7439,1.97799,37.0753,38.1238,24.1369,1.97799,0.230085
0.214,18.7239,18.7239,1.98183,37.1076,38.1294,24.1364,1.98183,0.231752
0.2142,18.6744,18.6744,1.98611,37.0894,38.1349,24.1372,1.98611,0.233418
0.2144,18.6309,18.6309,1.99095,37.093,38.1405,24.1373,1.99095,0.235085
0.2146,18.7,18.7,1.97283,36.892,38.1461,24.1364,1.97283,0.233418
0.2148,18.7472,18.7472,1.97846,37.0906,38.1516,24.1365,1.97846,0.231752
0.215,18.7695,18.7695,1.97239,37.0208,38.1572,24.1362,1.97239,0.230085
0.2152,18.8256,18.8256,1.96791,37.0471,38.1628,24.1358,1.96791,0.228418
0.2154,18.7586,18.7586,1.98562,37.2475,38.1683,24.137,1.98562,0.230085
0.2156,18.6893,18.6893,1.98537,37.1053,38.1739,24.1375,1.98537,0.231752
0.2158,18.6826,18.6826,1.9847,37.0793,38.1795,24.1372,1.9847,0.233418
0.216,18.6433,18.6433,1.9931,37.158,38.185,24.1377,1.9931,0.235085
0.2162,18.6972,18.6972,1.97832,36.989,38.1906,24.137,1.97832,0.233418
0.2164,18.7465,18.7465,1.98048,37.1271,38.1962,24.1368,1.98048,0.231752
0.2166,18.77,18.77,1.97558,37.0816,38.2017,24.1367,1.97558,0.230085
0.2168,18.8202,18.8202,1.97023,37.0802,38.2073,24.1359,1.97023,0.228418
0.217,18.7619,18.7619,1.98809,37.3002,38.2129,24.1371,1.98809,0.230085
0.2172,18.6997,18.6997,1.98827,37.1801,38.2184,24.1372,1.98827,0.231752
0.2174,18.686,18.686,1.98648,37.1194,38.224,24.1371,1.98648,0.233418
0.2176,18.6397,18.6397,1.99714,37.2261,38.2296,24.1378,1.99714,0.235085
0.2178,18.6982,18.6982,1.97788,36.9827,38.2351,24.1366,1.97788,0.233418
0.218,18.7554,18.7554,1.9836,37.2033,38.2407,24.1371,1.9836,0.231752
0.2182,18.7675,18.7675,1.97726,37.1081,38.2463,24.1365,1.97726,0.230085
0.2184,18.8259,18.8259,1.97093,37.1044,38.2518,24.1363,1.97093,0.228418
0.2186,18.7615,18.7615,1.98954,37.3267,38.2574,24.1372,1.98954,0.230085
0.2188,18.7083,18.7083,1.98857,37.2029,38.263,24.1369,1.98857,0.231752
0.219,18.6803,18.6803,1.99212,37.2134,38.2685,24.1381,1.99212,0.233418
0.2192,18.6335,18.6335,1.99775,37.2252,38.2741,24.1382,1.99775,0.235085
0.2194,18.7101,18.7101,1.98038,37.053,38.2797,24.1367,1.98038,0.233418
0.2196,18.7424,18.7424,1.98661,37.2339,38.2852,24.1374,1.98661,0.231752
0.2198,18.774,18.774,1.98134,37.1978,38.2908,24.1371,1.98134,0.230085
0.22,18.8247,18.8247,1.97328,37.1465,38.2964,24.1361,1.97328,0.228418
0.2202,18.7511,18.7511,1.99435,37.3961,38.3019,24.1375,1.99435,0.230085
0.2204,18.7135,18.7135,1.991,37.2587,38.3075,24.1372,1.991,0.231752
0.2206,18.6734,18.6734,1.99922,37.3323,38.3131,24.1378,1.99922,0.233418
0.2208,18.6363,18.6363,1.99818,37.2388,38.3186,24.1379,1.99818,0.235085
0.221,18.6986,18.6986,1.98644,37.1437,38.3242,24.1376,1.98644,0.233418
0.2212,18.7458,18.7458,1.98875,37.2807,38.3298,24.1374,1.98875,0.231752
0.2214,18.7801,18.7801,1.97979,37.1806,38.3354,24.1366,1.97979,0.230085
0.2216,18.8243,18.8243,1.979,37.2533,38.3409,24.1367,1.979,0.228418
0.2218,18.7476,18.7476,1.99647,37.4291,38.3465,24.138,1.99647,0.230085
0.222,18.6987,18.6987,1.99336,37.2732,38.3521,24.1379,1.99336,0.231752
0.2222,18.6856,18.6856,1.99457,37.2696,38.3576,24.1379,1.99457,0.233418
0.2224,18.6354,18.6354,2.00452,37.355,38.3632,24.1389,2.00452,0.235085
0.2226,18.6904,18.6904,1.98735,37.1442,38.3688,24.1372,1.98735,0.233418
0.2228,18.7576,18.7576,1.99055,37.3379,38.3743,24.1375,1.99055,0.231752
0.223,18.769,18.769,1.98652,37.285,38.3799,24.1374,1.98652,0.230085
0.2232,18.8257,18.8257,1.97892,37.2545,38.3855,24.1362,1.97892,0.228418
0.2234,18.7567,18.7567,1.99798,37.4755,38.391,24.1379,1.99798,0.230085
0.2236,18.7068,18.7068,1.99814,37.3788,38.3966,24.1372,1.99814,0.231752
0.2238,18.6744,18.6744,2.00015,37.3516,38.4022,24.138,2.00015,0.233418
0.224,18.6369,18.6369,2.00541,37.3747,38.4077,24.1385,2.00541,0.235085
0.2242,18.6984,18.6984,1.99117,37.2317,38.4133,24.1376,1.99117,0.233418
0.2244,18.742,18.742,1.99475,37.3856,38.4189,24.1376,1.99475,0.231752
0.2246,18.7722,18.7722,1.98649,37.2909,38.4244,24.1374,1.98649,0.230085
0.2248,18.8258,18.8258,1.98337,37.3386,38.43,24.1367,1.98337,0.228418
0.225,18.7499,18.7499,2.00149,37.5276,38.4356,24.1386,2.00149,0.230085
0.2252,18.7185,18.7185,1.99302,37.3063,38.4411,24.137,1.99302,0.231752
0.2254,18.6866,18.6866,2.00394,37.4469,38.4467,24.1386,2.00394,0.233418
0.2256,18.6374,18.6374,2.00914,37.4451,38.4523,24.1383,2.00914,0.235085
0.2258,18.6944,18.6944,1.99237,37.2461,38.4578,24.1381,1.99237,0.233418
0.226,18.7485,18.7485,1.99573,37.417,38.4634,24.1378,1.99573,0.231752
0.2262,18.7743,18.7743,1.9891,37.344,38.469,24.1379,1.9891,0.230085
0.2264,18.8208,18.8208,1.98578,37.3741,38.4745,24.1376,1.98578,0.228418
0.2266,18.7598,18.7598,1.99993,37.5184,38.4801,24.1383,1.99993,0.230085
0.2268,18.7097,18.7097,2.00391,37.4925,38.4857,24.138,2.00391,0.231752
0.227,18.6753,18.6753,2.00369,37.4197,38.4912,24.1387,2.00369,0.233418
0.2272,18.6497,18.6497,2.00888,37.465,38.4968,24.1392,2.00888,0.235085
0.2274,18.5947,18.5947,2.01656,37.4973,38.5024,24.1392,2.01656,0.236752
0.2276,18.6629,18.6629,1.99658,37.2619,38.5079,24.1381,1.99658,0.235085
0.2278,18.718,18.718,2.00353,37.5021,38.5135,24.1383,2.00353,0.233418
0.228,18.729,18.729,1.99784,37.4174,38.5191,24.138,1.99784,0.231752
0.2282,18.7795,18.7795,1.99326,37.4323,38.5246,24.1369,1.99326,0.230085
0.2284,18.8188,18.8188,1.98896,37.4299,38.5302,24.1373,1.98896,0.228418
0.2286,18.8585,18.8585,1.9846,37.4266,38.5358,24.1372,1.9846,0.226752
0.2288,18.7946,18.7946,2.00216,37.6299,38.5414,24.1386,2.00216,0.228418
0.229,18.7488,18.7488,1.9988,37.475,38.5469,24.1384,1.9988,0.230085
0.2292,18.7221,18.7221,2.00483,37.5348,38.5525,24.1385,2.00483,0.231752
0.2294,18.6813,18.6813,2.00868,37.5247,38.5581,24.1388,2.00868,0.233418
0.2296,18.6363,18.6363,2.01445,37.5418,38.5636,24.1394,2.01445,0.235085
0.2298,18.7111,18.7111,1.9956,37.34,38.5692,24.1378,1.9956,0.233418
0.23,18.7527,18.7527,2.00204,37.5436,38.5748,24.1381,2.00204,0.231752
0.2302,18.7737,18.7737,1.99792,37.5084,38.5803,24.1376,1.99792,0.230085
0.2304,18.8199,18.8199,1.99057,37.4624,38.5859,24.1374,1.99057,0.228418
0.2306,18.7592,18.7592,2.00603,37.6315,38.5915,24.1379,2.00603,0.230085
0.2308,18.7071,18.7071,2.00704,37.5458,38.597,24.1385,2.00704,0.231752
0.231,18.6825,18.6825,2.01088,37.5683,38.6026,24.1389,2.01088,0.233418
0.2312,18.636,18.636,2.01691,37.5871,38.6082,24.1397,2.01691,0.235085
0.2314,18.7063,18.7063,1.99957,37.4046,38.6137,24.1382,1.99957,0.233418
0.2316,18.7669,18.7669,2.00255,37.5816,38.6193,24.1376,2.00255,0.231752
0.2318,18.7776,18.7776,2.00028,37.5605,38.6249,24.1384,2.00028,0.230085
0.232,18.8273,18.8273,1.99177,37.4995,38.6304,24.1374,1.99177,0.228418
0.2322,18.7596,18.7596,2.01257,37.755,38.636,24.1384,2.01257,0.230085
0.2324,18.705,18.705,2.00889,37.5763,38.6416,24.1382,2.00889,0.231752
0.2326,18.6905,18.6905,2.01338,37.6311,38.6471,24.1391,2.01338,0.233418
0.2328,18.6361,18.6361,2.02095,37.6626,38.6527,24.1394,2.02095,0.235085
0.233,18.7039,18.7039,2.00167,37.4392,38.6583,24.1388,2.00167,0.233418
0.2332,18.7518,18.7518,2.00533,37.6036,38.6638,24.1388,2.00533,0.231752
0.2334,18.7754,18.7754,2.00153,37.5795,38.6694,24.1386,2.00153,0.230085
0.2336,18.8245,18.8245,1.99566,37.5673,38.675,24.1376,1.99566,0.228418
0.2338,18.7595,18.7595,2.01272,37.7577,38.6805,24.1392,2.01272,0.230085
0.234,18.7074,18.7074,2.01117,37.6237,38.6861,24.1395,2.01117,0.231752
0.2342,18.6876,18.6876,2.01393,37.6356,38.6917,24.1393,2.01393,0.233418
0.2344,18.6387,18.6387,2.02332,37.712,38.6972,24.14,2.02332,0.235085
0.2346,18.7022,18.7022,2.00457,37.4898,38.7028,24.1388,2.00457,0.233418
0.2348,18.759,18.759,2.00822,37.6722,38.7084,24.1381,2.00822,0.231752
0.235,18.7675,18.7675,2.00782,37.6818,38.7139,24.1379,2.00782,0.230085
0.2352,18.8186,18.8186,1.99714,37.5834,38.7195,24.1378,1.99714,0.228418
0.2354,18.7626,18.7626,2.01607,37.8267,38.7251,24.139,2.01607,0.230085
0.2356,18.7131,18.7131,2.01445,37.6966,38.7306,24.139,2.01445,0.231752
0.2358,18.6812,18.6812,2.01845,37.7071,38.7362,24.1396,2.01845,0.233418
0.236,18.636,18.636,2.02462,37.7308,38.7418,24.1397,2.02462,0.235085
0.2362,18.7053,18.7053,2.00603,37.5235,38.7474,24.1389,2.00603,0.233418
0.2364,18.752,18.752,2.01205,37.7301,38.7529,24.1391,2.01205,0.231752
0.2366,18.7797,18.7797,2.00382,37.6311,38.7585,24.1388,2.00382,0.230085
0.2368,18.8253,18.8253,2.00112,37.6717,38.7641,24.1384,2.00112,0.228418
0.237,18.7624,18.7624,2.01661,37.8364,38.7696,24.1397,2.01661,0.230085
0.2372,18.7236,18.7236,2.01599,37.7465,38.7752,24.1384,2.01599,0.231752
0.2374,18.6758,18.6758,2.02261,37.7739,38.7808,24.1395,2.02261,0.233418
0.2376,18.6297,18.6297,2.0255,37.7345,38.7863,24.1397,2.0255,0.235085
0.2378,18.7192,18.7192,2.00756,37.5799,38.7919,24.139,2.00756,0.233418
0.238,18.7541,18.7541,2.01782,37.8424,38.7975,24.139,2.01782,0.231752
0.2382,18.7659,18.7659,2.00536,37.6323,38.803,24.1388,2.00536,0.230085
0.2384,18.8365,18.8365,2.00347,37.7383,38.8086,24.1385,2.00347,0.228418
0.2386,18.7577,18.7577,2.0201,37.8925,38.8142,24.1398,2.0201,0.230085
0.2388,18.7219,18.7219,2.01591,37.7416,38.8197,24.1391,2.01591,0.231752
0.239,18.6911,18.6911,2.02514,37.8521,38.8253,24.1397,2.02514,0.233418
0.2392,18.6338,18.6338,2.02778,37.7853,38.8309,24.1402,2.02778,0.235085
0.2394,18.7066,18.7066,2.01032,37.6062,38.8364,24.139,2.01032,0.233418
0.2396,18.7549,18.7549,2.01638,37.8171,38.842,24.1385,2.01638,0.231752
0.2398,18.7734,18.7734,2.01089,37.7513,38.8476,24.1384,2.01089,0.230085
0.24,18.823,18.823,2.0053,37.7457,38.8531,24.1386,2.0053,0.228418
0.2402,18.7631,18.7631,2.02214,37.9416,38.8587,24.14,2.02214,0.230085
0.2404,18.7152,18.7152,2.0194,37.7935,38.8643,24.1392,2.0194,0.231752
0.2406,18.698,18.698,2.02537,37.8704,38.8698,24.1401,2.02537,0.233418
0.2408,18.6316,18.6316,2.03171,37.8539,38.8754,24.1405,2.03171,0.235085
0.241,18.7042,18.7042,2.01381,37.6667,38.881,24.1393,2.01381,0.233418
0.2412,18.7593,18.7593,2.0186,37.8674,38.8865,24.1386,2.0186,0.231752
0.2414,18.7676,18.7676,2.01362,37.7907,38.8921,24.1395,2.01362,0.230085
0.2416,18.8298,18.8298,2.00589,37.7705,38.8977,24.1389,2.00589,0.228418
0.2418,18.7669,18.7669,2.02524,38.0075,38.9032,24.1398,2.02524,0.230085
0.242,18.7152,18.7152,2.02085,37.8208,38.9088,24.1396,2.02085,0.231752
0.2422,18.6926,18.6926,2.03063,37.9578,38.9144,24.1404,2.03063,0.233418
0.2424,18.6304,18.6304,2.0334,37.883,38.9199,24.1403,2.0334,0.235085
0.2426,18.7078,18.7078,2.01715,37.7364,38.9255,24.1389,2.01715,0.233418
0.2428,18.7595,18.7595,2.02152,37.9228,38.9311,24.1398,2.02152,0.231752
0.243,18.7765,18.7765,2.01625,37.8582,38.9366,24.1396,2.01625,0.230085
0.2432,18.8279,18.8279,2.008,37.8063,38.9422,24.1389,2.008,0.228418
0.2434,18.7661,18.7661,2.0281,38.0596,38.9478,24.1399,2.0281,0.230085
0.2436,18.6871,18.6871,2.02979,37.9309,38.9534,24.1404,2.02979,0.231752
0.2438,18.6946,18.6946,2.02603,37.8758,38.9589,24.1396,2.02603,0.233418
0.244,18.6436,18.6436,2.03871,38.009,38.9645,24.1407,2.03871,0.235085
0.2442,18.7014,18.7014,2.02041,37.7846,38.9701,24.1389,2.02041,0.233418
0.2444,18.7632,18.7632,2.02074,37.9156,38.9756,24.1394,2.02074,0.231752
0.2446,18.7976,18.7976,2.01462,37.87,38.9812,24.1394,2.01462,0.230085
0.2448,18.8182,18.8182,2.01684,37.9531,38.9868,24.1391,2.01684,0.228418
0.245,18.8556,18.8556,2.00634,37.8307,38.9923,24.1389,2.00634,0.226752
0.2452,18.8133,18.8133,2.02546,38.1057,38.9979,24.1397,2.02546,0.228418
0.2454,18.7379,18.7379,2.02826,38.0053,39.0035,24.1396,2.02826,0.230085
0.2456,18.7288,18.7288,2.02862,37.9935,39.009,24.1395,2.02862,0.231752
0.2458,18.6777,18.6777,2.03579,38.024,39.0146,24.1405,2.03579,0.233418
0.246,18.6409,18.6409,2.03769,37.9843,39.0202,24.1405,2.03769,0.235085
0.2462,18.7081,18.7081,2.02467,37.8776,39.0257,24.1396,2.02467,0.233418
0.2464,18.7606,18.7606,2.02307,37.9539,39.0313,24.1399,2.02307,0.231752
0.2466,18.7954,18.7954,2.01717,37.9135,39.0369,24.1396,2.01717,0.230085
0.2468,18.8245,18.8245,2.01744,37.9773,39.0424,24.1394,2.01744,0.228418
0.247,18.8694,18.8694,2.01229,37.9707,39.048,24.1382,2.01229,0.226752
0.2472,18.8013,18.8013,2.02835,38.1357,39.0536,24.1405,2.02835,0.228418
0.2474,18.7555,18.7555,2.02423,37.9655,39.0591,24.139,2.02423,0.230085
0.2476,18.7374,18.7374,2.03306,38.0941,39.0647,24.1403,2.03306,0.231752
0.2478,18.684,18.684,2.03516,38.0249,39.0703,24.1405,2.03516,0.233418
0.248,18.6449,18.6449,2.04264,38.0848,39.0758,24.1413,2.04264,0.235085
0.2482,18.7055,18.7055,2.02538,37.8857,39.0814,24.1404,2.02538,0.233418
0.2484,18.7632,18.7632,2.02849,38.061,39.087,24.1396,2.02849,0.231752
0.2486,18.7743,18.7743,2.02369,37.9935,39.0925,24.14,2.02369,0.230085
0.2488,18.826,18.826,2.01722,37.9762,39.0981,24.1398,2.01722,0.228418
0.249,18.7578,18.7578,2.03695,38.2087,39.1037,24.1407,2.03695,0.230085
0.2492,18.7179,18.7179,2.03263,38.0466,39.1092,24.1405,2.03263,0.231752
0.2494,18.688,18.688,2.04003,38.1241,39.1148,24.1408,2.04003,0.233418
0.2496,18.6395,18.6395,2.04421,38.1031,39.1204,24.1403,2.04421,0.235085
0.2498,18.7083,18.7083,2.02631,37.909,39.1259,24.1403,2.02631,0.233418
0.25,18.7545,18.7545,2.03319,38.1316,39.1315,24.1402,2.03319,0.231752
0.2502,18.7856,18.7856,2.02392,38.0206,39.1371,24.14,2.02392,0.230085
0.2504,18.8212,18.8212,2.0235,38.0848,39.1426,24.1395,2.0235,0.228418
0.2506,18.7737,18.7737,2.03492,38.203,39.1482,24.1408,2.03492,0.230085
0.2508,18.7166,18.7166,2.03901,38.1633,39.1538,24.1403,2.03901,0.231752
0.251,18.68,18.68,2.0426,38.1558,39.1594,24.1412,2.0426,0.233418
0.2512,18.6436,18.6436,2.0461,38.1467,39.1649,24.1413,2.0461,0.235085
0.2514,18.6133,18.6133,2.04825,38.1247,39.1705,24.1414,2.04825,0.236752
0.2516,18.6627,18.6627,2.03746,38.0246,39.1761,24.1412,2.03746,0.235085
0.2518,18.7122,18.7122,2.03702,38.1171,39.1816,24.1404,2.03702,0.233418
0.252,18.7496,18.7496,2.03301,38.1181,39.1872,24.1403,2.03301,0.231752
0.2522,18.796,18.796,2.02766,38.1119,39.1928,24.1401,2.02766,0.230085
0.2524,18.8219,18.8219,2.02617,38.1362,39.1983,24.14,2.02617,0.228418
0.2526,18.8515,18.8515,2.0185,38.0519,39.2039,24.1398,2.0185,0.226752
0.2528,18.8181,18.8181,2.03398,38.2757,39.2095,24.141,2.03398,0.228418
0.253,18.7552,18.7552,2.03798,38.2228,39.215,24.1404,2.03798,0.230085
0.2532,18.7257,18.7257,2.0392,38.1854,39.2206,24.1407,2.0392,0.231752
0.2534,18.6947,18.6947,2.04308,38.1947,39.2262,24.1412,2.04308,0.233418
0.2536,18.6441,18.6441,2.05336,38.283,39.2317,24.1417,2.05336,0.235085
0.2538,18.7042,18.7042,2.03385,38.0415,39.2373,24.1406,2.03385,0.233418
0.254,18.7653,18.7653,2.03555,38.1977,39.2429,24.1404,2.03555,0.231752
0.2542,18.7867,18.7867,2.03301,38.1937,39.2484,24.1405,2.03301,0.230085
0.2544,18.8262,18.8262,2.0271,38.1625,39.254,24.1401,2.0271,0.228418
0.2546,18.7683,18.7683,2.04235,38.3315,39.2596,24.1405,2.04235,0.230085
0.2548,18.7201,18.7201,2.04517,38.2859,39.2651,24.1406,2.04517,0.231752
0.255,18.6889,18.6889,2.04621,38.2414,39.2707,24.1409,2.04621,0.233418
0.2552,18.6474,18.6474,2.05191,38.2628,39.2763,24.1417,2.05191,0.235085
0.2554,18.6097,18.6097,2.0565,38.271,39.2818,24.142,2.0565,0.236752
0.2556,18.6682,18.6682,2.04208,38.1221,39.2874,24.1412,2.04208,0.235085
0.2558,18.7214,18.7214,2.04227,38.2341,39.293,24.1411,2.04227,0.233418
0.256,18.7432,18.7432,2.04187,38.2714,39.2985,24.1403,2.04187,0.231752
0.2562,18.7864,18.7864,2.03109,38.1568,39.3041,24.1405,2.03109,0.230085
0.2564,18.8364,18.8364,2.03019,38.2416,39.3097,24.1407,2.03019,0.228418
0.2566,18.7694,18.7694,2.04749,38.4301,39.3152,24.1416,2.04749,0.230085
0.2568,18.7045,18.7045,2.04742,38.2959,39.3208,24.1412,2.04742,0.231752
0.257,18.7091,18.7091,2.04571,38.2734,39.3264,24.1408,2.04571,0.233418
0.2572,18.6397,18.6397,2.06204,38.4358,39.3319,24.1423,2.06204,0.235085
0.2574,18.6998,18.6998,2.03827,38.1154,39.3375,24.1403,2.03827,0.233418
0.2576,18.7592,18.7592,2.04209,38.3079,39.3431,24.1412,2.04209,0.231752
0.2578,18.7806,18.7806,2.03859,38.2861,39.3486,24.1409,2.03859,0.230085
0.258,18.8299,18.8299,2.03208,38.2639,39.3542,24.1398,2.03208,0.228418
0.2582,18.7715,18.7715,2.04838,38.4511,39.3598,24.1417,2.04838,0.230085
0.2584,18.7045,18.7045,2.0519,38.3797,39.3654,24.1416,2.0519,0.231752
0.2586,18.6876,18.6876,2.0512,38.3319,39.3709,24.1413,2.0512,0.233418
0.2588,18.6532,18.6532,2.0586,38.3995,39.3765,24.1419,2.0586,0.235085
0.259,18.6034,18.6034,2.06255,38.3705,39.3821,24.1427,2.06255,0.236752
0.2592,18.674,18.674,2.0464,38.2144,39.3876,24.1415,2.0464,0.235085
0.2594,18.7218,18.7218,2.04936,38.3676,39.3932,24.1414,2.04936,0.233418
0.2596,18.7471,18.7471,2.04423,38.3234,39.3988,24.1404,2.04423,0.231752
0.2598,18.7841,18.7841,2.04154,38.3486,39.4043,24.1414,2.04154,0.230085
0.26,18.8239,18.8239,2.03608,38.327,39.4099,24.1398,2.03608,0.228418
0.2602,18.7651,18.7651,2.05122,38.4914,39.4155,24.1418,2.05122,0.230085
0.2604,18.7133,18.7133,2.05354,38.4285,39.421,24.1411,2.05354,0.231752
0.2606,18.6873,18.6873,2.05359,38.376,39.4266,24.1417,2.05359,0.233418
0.2608,18.6469,18.6469,2.06227,38.455,39.4322,24.1424,2.06227,0.235085
0.261,18.593,18.593,2.06488,38.3924,39.4377,24.1425,2.06488,0.236752
0.2612,18.6729,18.6729,2.04544,38.1941,39.4433,24.1415,2.04544,0.235085
0.2614,18.7332,18.7332,2.05255,38.4507,39.4489,24.1411,2.05255,0.233418
0.2616,18.7257,18.7257,2.05011,38.3898,39.4544,24.1419,2.05011,0.231752
0.2618,18.7919,18.7919,2.04182,38.3696,39.46,24.1415,2.04182,0.230085
0.262,18.8303,18.8303,2.0395,38.4043,39.4656,24.141,2.0395,0.228418
0.2622,18.7673,18.7673,2.05371,38.5428,39.4711,24.1418,2.05371,0.230085
0.2624,18.7258,18.7258,2.05437,38.4696,39.4767,24.1418,2.05437,0.231752
0.2626,18.6914,18.6914,2.0591,38.4874,39.4823,24.1419,2.0591,0.233418
0.2628,18.6415,18.6415,2.06297,38.4568,39.4878,24.1427,2.06297,0.235085
0.263,18.7158,18.7158,2.04817,38.3333,39.4934,24.1416,2.04817,0.233418
0.2632,18.7543,18.7543,2.0526,38.495,39.499,24.1412,2.0526,0.231752
0.2634,18.787,18.787,2.04657,38.4489,39.5045,24.141,2.04657,0.230085
0.2636,18.8269,18.8269,2.03947,38.3968,39.5101,24.1412,2.03947,0.228418
0.2638,18.7747,18.7747,2.05712,38.6219,39.5157,24.1418,2.05712,0.230085
0.264,18.7163,18.7163,2.05897,38.5362,39.5212,24.1416,2.05897,0.231752
0.2642,18.6849,18.6849,2.06119,38.513,39.5268,24.1414,2.06119,0.233418
0.2644,18.643,18.643,2.06711,38.5371,39.5324,24.142,2.06711,0.235085
0.2646,18.6094,18.6094,2.07036,38.5281,39.5379,24.1433,2.07036,0.236752
0.2648,18.6701,18.6701,2.05552,38.3766,39.5435,24.1423,2.05552,0.235085
0.265,18.7232,18.7232,2.05631,38.5006,39.5491,24.1419,2.05631,0.233418
0.2652,18.7385,18.7385,2.05783,38.5606,39.5546,24.1415,2.05783,0.231752
0.2654,18.7933,18.7933,2.04485,38.4295,39.5602,24.1414,2.04485,0.230085
0.2656,18.8345,18.8345,2.04376,38.4932,39.5658,24.1416,2.04376,0.228418
0.2658,18.772,18.772,2.06096,38.6883,39.5714,24.1424,2.06096,0.230085
0.266,18.7162,18.7162,2.06018,38.5588,39.5769,24.1425,2.06018,0.231752
0.2662,18.7039,18.7039,2.06319,38.5896,39.5825,24.142,2.06319,0.233418
0.2664,18.6364,18.6364,2.07091,38.5943,39.5881,24.1429,2.07091,0.235085
0.2666,18.7178,18.7178,2.05418,38.4496,39.5936,24.142,2.05418,0.233418
0.2668,18.7557,18.7557,2.05863,38.6109,39.5992,24.142,2.05863,0.231752
0.267,18.7773,18.7773,2.05195,38.5301,39.6048,24.1414,2.05195,0.230085
0.2672,18.8381,18.8381,2.04627,38.5478,39.6103,24.1409,2.04627,0.228418
0.2674,18.7689,18.7689,2.0625,38.7109,39.6159,24.1426,2.0625,0.230085
0.2676,18.716,18.716,2.06294,38.6099,39.6215,24.1424,2.06294,0.231752
0.2678,18.6893,18.6893,2.0675,38.6401,39.627,24.1433,2.0675,0.233418
0.268,18.6473,18.6473,2.07023,38.6041,39.6326,24.1429,2.07023,0.235085
0.2682,18.605,18.605,2.07726,38.6474,39.6382,24.1431,2.07726,0.236752
0.2684,18.6675,18.6675,2.05829,38.423,39.6437,24.1425,2.05829,0.235085
0.2686,18.7254,18.7254,2.06306,38.6317,39.6493,24.1426,2.06306,0.233418
0.2688,18.7434,18.7434,2.0611,38.6319,39.6549,24.1422,2.0611,0.231752
0.269,18.7879,18.7879,2.05199,38.5526,39.6604,24.1415,2.05199,0.230085
0.2692,18.8288,18.8288,2.05129,38.6233,39.666,24.1418,2.05129,0.228418
0.2694,18.7748,18.7748,2.063,38.7324,39.6716,24.1427,2.063,0.230085
0.2696,18.7128,18.7128,2.06777,38.6939,39.6771,24.1419,2.06777,0.231752
0.2698,18.6978,18.6978,2.06802,38.6675,39.6827,24.1421,2.06802,0.233418
0.27,18.6471,18.6471,2.07699,38.7299,39.6883,24.1432,2.07699,0.235085
0.2702,18.7097,18.7097,2.05989,38.5398,39.6938,24.1422,2.05989,0.233418
0.2704,18.7605,18.7605,2.06196,38.6835,39.6994,24.1426,2.06196,0.231752
0.2706,18.7846,18.7846,2.05927,38.6824,39.705,24.1416,2.05927,0.230085
0.2708,18.8337,18.8337,2.04934,38.5966,39.7105,24.1417,2.04934,0.228418
0.271,18.7749,18.7749,2.06832,38.8326,39.7161,24.1426,2.06832,0.230085
0.2712,18.7184,18.7184,2.06927,38.7334,39.7217,24.1433,2.06927,0.231752
0.2714,18.6897,18.6897,2.07362,38.7552,39.7272,24.143,2.07362,0.233418
0.2716,18.6495,18.6495,2.0769,38.7332,39.7328,24.1433,2.0769,0.235085
0.2718,18.5997,18.5997,2.08105,38.707,39.7384,24.1438,2.08105,0.236752
0.272,18.6878,18.6878,2.06233,38.5404,39.7439,24.1428,2.06233,0.235085
0.2722,18.7146,18.7146,2.07189,38.7746,39.7495,24.143,2.07189,0.233418
0.2724,18.7331,18.7331,2.0626,38.6389,39.7551,24.1423,2.0626,0.231752
0.2726,18.8015,18.8015,2.05964,38.7244,39.7606,24.1424,2.05964,0.230085
0.2728,18.7346,18.7346,2.07555,38.8846,39.7662,24.1433,2.07555,0.231752
0.273,18.6854,18.6854,2.07445,38.7618,39.7718,24.1432,2.07445,0.233418
0.2732,18.6365,18.6365,2.0828,38.816,39.7774,24.1439,2.0828,0.235085
0.2734,18.7033,18.7033,2.06384,38.6007,39.7829,24.1419,2.06384,0.233418
0.2736,18.7636,18.7636,2.06509,38.7485,39.7885,24.1424,2.06509,0.231752
0.2738,18.7829,18.7829,2.06241,38.7382,39.7941,24.1419,2.06241,0.230085
0.274,18.8365,18.8365,2.05827,38.7706,39.7996,24.1423,2.05827,0.228418
0.2742,18.7685,18.7685,2.07477,38.9402,39.8052,24.1429,2.07477,0.230085
0.2744,18.7188,18.7188,2.07056,38.7586,39.8108,24.1432,2.07056,0.231752
0.2746,18.7006,18.7006,2.07834,38.8661,39.8163,24.1426,2.07834,0.233418
0.2748,18.642,18.642,2.08325,38.8359,39.8219,24.1444,2.08325,0.235085
0.275,18.7171,18.7171,2.06525,38.6555,39.8275,24.1428,2.06525,0.233418
0.2752,18.7622,18.7622,2.0723,38.8809,39.833,24.1424,2.0723,0.231752
0.2754,18.7867,18.7867,2.06222,38.7424,39.8386,24.1425,2.06222,0.230085
0.2756,18.8306,18.8306,2.06104,38.8107,39.8442,24.1416,2.06104,0.228418
0.2758,18.7656,18.7656,2.07709,38.978,39.8497,24.1436,2.07709,0.230085
0.276,18.73,18.73,2.07336,38.8341,39.8553,24.1426,2.07336,0.231752
0.2762,18.6918,18.6918,2.08283,38.9319,39.8609,24.1439,2.08283,0.233418
0.2764,18.6422,18.6422,2.08543,38.877,39.8664,24.1433,2.08543,0.235085
0.2766,18.7117,18.7117,2.06754,38.6872,39.872,24.1428,2.06754,0.233418
0.2768,18.7628,18.7628,2.07059,38.85,39.8776,24.143,2.07059,0.231752
0.277,18.7996,18.7996,2.06491,38.8195,39.8831,24.1424,2.06491,0.230085
0.2772,18.8301,18.8301,2.06374,38.8604,39.8887,24.1427,2.06374,0.228418
0.2774,18.7693,18.7693,2.07686,38.9812,39.8943,24.1432,2.07686,0.230085
0.2776,18.7308,18.7308,2.07409,38.8495,39.8998,24.1431,2.07409,0.231752
0.2778,18.6864,18.6864,2.08628,38.9852,39.9054,24.144,2.08628,0.233418
0.278,18.6442,18.6442,2.08503,38.8737,39.911,24.1439,2.08503,0.235085
0.2782,18.6136,18.6136,2.09062,38.914,39.9165,24.1438,2.09062,0.236752
0.2784,18.6743,18.6743,2.07682,38.783,39.9221,24.1437,2.07682,0.235085
0.2786,18.7239,18.7239,2.07779,38.9043,39.9277,24.1435,2.07779,0.233418
0.2788,18.7494,18.7494,2.07335,38.8742,39.9332,24.143,2.07335,0.231752
0.279,18.7954,18.7954,2.07,38.9064,39.9388,24.1432,2.07,0.230085
0.2792,18.7379,18.7379,2.08403,39.0504,39.9444,24.1442,2.08403,0.231752
0.2794,18.6771,18.6771,2.08478,38.9376,39.9499,24.1436,2.08478,0.233418
0.2796,18.6607,18.6607,2.08763,38.9566,39.9555,24.1439,2.08763,0.235085
0.2798,18.6062,18.6062,2.09508,38.9816,39.9611,24.1445,2.09508,0.236752
0.28,18.6747,18.6747,2.07683,38.7841,39.9666,24.1433,2.07683,0.235085
0.2802,18.7124,18.7124,2.08441,39.0042,39.9722,24.1438,2.08441,0.233418
0.2804,18.7401,18.7401,2.07439,38.8743,39.9778,24.1433,2.07439,0.231752
0.2806,18.8063,18.8063,2.07236,38.9734,39.9834,24.1433,2.07236,0.230085
0.2808,18.7131,18.7131,2.09012,39.1126,39.9889,24.1448,2.09012,0.231752
0.281,18.6877,18.6877,2.08571,38.9771,39.9945,24.1442,2.08571,0.233418
0.2812,18.657,18.657,2.09228,39.0358,40.0001,24.1446,2.09228,0.235085
0.2814,18.6072,18.6072,2.09708,39.0208,40.0056,24.1448,2.09708,0.236752
0.2816,18.6776,18.6776,2.08088,38.8659,40.0112,24.1436,2.08088,0.235085
0.2818,18.7227,18.7227,2.08458,39.0289,40.0168,24.1438,2.08458,0.233418
0.282,18.7439,18.7439,2.07842,38.9577,40.0223,24.1437,2.07842,0.231752
0.2822,18.7929,18.7929,2.07475,38.9906,40.0279,24.1432,2.07475,0.230085
0.2824,18.7236,18.7236,2.09185,39.1668,40.0335,24.1444,2.09185,0.231752
0.2826,18.6827,18.6827,2.08674,38.986,40.039,24.1441,2.08674,0.233418
0.2828,18.6621,18.6621,2.09316,39.0629,40.0446,24.1444,2.09316,0.235085
0.283,18.6002,18.6002,2.10012,39.0626,40.0502,24.1449,2.10012,0.236752
0.2832,18.6711,18.6711,2.08431,38.9165,40.0557,24.1431,2.08431,0.235085
0.2834,18.7136,18.7136,2.08817,39.0772,40.0613,24.1441,2.08817,0.233418
0.2836,18.7454,18.7454,2.07835,38.9595,40.0669,24.1433,2.07835,0.231752
0.2838,18.7936,18.7936,2.07794,39.0519,40.0724,24.1433,2.07794,0.230085
0.284,18.7366,18.7366,2.09135,39.1847,40.078,24.1441,2.09135,0.231752
0.2842,18.6768,18.6768,2.0932,39.0942,40.0836,24.1447,2.0932,0.233418
0.2844,18.6635,18.6635,2.09406,39.0826,40.0891,24.1442,2.09406,0.235085
0.2846,18.6053,18.6053,2.10486,39.1616,40.0947,24.1449,2.10486,0.236752
0.2848,18.6788,18.6788,2.08321,38.9118,40.1003,24.1439,2.08321,0.235085
0.285,18.7238,18.7238,2.09001,39.133,40.1058,24.144,2.09001,0.233418
0.2852,18.7434,18.7434,2.08289,39.0403,40.1114,24.1436,2.08289,0.231752
0.2854,18.7958,18.7958,2.08035,39.1018,40.117,24.1434,2.08035,0.230085
0.2856,18.7323,18.7323,2.09343,39.2148,40.1225,24.1448,2.09343,0.231752
0.2858,18.6858,18.6858,2.09349,39.1184,40.1281,24.1445,2.09349,0.233418
0.286,18.6584,18.6584,2.0983,39.1509,40.1337,24.145,2.0983,0.235085
0.2862,18.608,18.608,2.10691,39.2054,40.1392,24.1454,2.10691,0.236752
0.2864,18.6721,18.6721,2.08729,38.9741,40.1448,24.1434,2.08729,0.235085
0.2866,18.723,18.723,2.09142,39.1577,40.1504,24.1446,2.09142,0.233418
0.2868,18.7416,18.7416,2.0866,39.1064,40.1559,24.1437,2.0866,0.231752
0.287,18.7992,18.7992,2.07931,39.0894,40.1615,24.1437,2.07931,0.230085
0.2872,18.7323,18.7323,2.09656,39.2733,40.1671,24.1451,2.09656,0.231752
0.2874,18.6902,18.6902,2.09629,39.18,40.1726,24.1445,2.09629,0.233418
0.2876,18.6583,18.6583,2.10072,39.1958,40.1782,24.1443,2.10072,0.235085
0.2878,18.6001,18.6001,2.10783,39.2059,40.1838,24.1457,2.10783,0.236752
0.288,18.6798,18.6798,2.08903,39.0227,40.1894,24.1433,2.08903,0.235085
0.2882,18.728,18.728,2.09438,39.2236,40.1949,24.1445,2.09438,0.233418
0.2884,18.7481,18.7481,2.08744,39.1356,40.2005,24.1442,2.08744,0.231752
0.2886,18.7974,18.7974,2.08371,39.1684,40.2061,24.1431,2.08371,0.230085
0.2888,18.732,18.732,2.09777,39.2955,40.2116,24.1452,2.09777,0.231752
0.289,18.6924,18.6924,2.09955,39.2457,40.2172,24.1449,2.09955,0.233418
0.2892,18.654,18.654,2.10613,39.2878,40.2228,24.1444,2.10613,0.235085
0.2894,18.6025,18.6025,2.10979,39.2474,40.2283,24.1455,2.10979,0.236752
0.2896,18.6845,18.6845,2.09197,39.0872,40.2339,24.1442,2.09197,0.235085
0.2898,18.7222,18.7222,2.09744,39.2687,40.2395,24.1439,2.09744,0.233418
0.29,18.7545,18.7545,2.08839,39.1668,40.245,24.144,2.08839,0.231752
0.2902,18.7971,18.7971,2.08766,39.2421,40.2506,24.1434,2.08766,0.230085
0.2904,18.7337,18.7337,2.10037,39.3477,40.2562,24.1452,2.10037,0.231752
0.2906,18.6896,18.6896,2.10005,39.2489,40.2617,24.1447,2.10005,0.233418
0.2908,18.6625,18.6625,2.10605,39.3043,40.2673,24.1456,2.10605,0.235085
0.291,18.6024,18.6024,2.11374,39.3206,40.2729,24.1462,2.11374,0.236752
0.2912,18.6752,18.6752,2.09264,39.0806,40.2784,24.1445,2.09264,0.235085
0.2914,18.7296,18.7296,2.09859,39.3058,40.284,24.1448,2.09859,0.233418
0.2916,18.7442,18.7442,2.09393,39.249,40.2896,24.145,2.09393,0.231752
0.2918,18.8056,18.8056,2.08601,39.2286,40.2951,24.1436,2.08601,0.230085
0.292,18.7219,18.7219,2.10917,39.4878,40.3007,24.1458,2.10917,0.231752
0.2922,18.6778,18.6778,2.10163,39.2539,40.3063,24.1445,2.10163,0.233418
0.2924,18.6724,18.6724,2.10722,39.347,40.3118,24.1455,2.10722,0.235085
0.2926,18.5958,18.5958,2.11775,39.3813,40.3174,24.1462,2.11775,0.236752
0.2928,18.6796,18.6796,2.09494,39.1327,40.323,24.1446,2.09494,0.235085
0.293,18.7276,18.7276,2.1029,39.3823,40.3285,24.1451,2.1029,0.233418
0.2932,18.7421,18.7421,2.09449,39.2552,40.3341,24.1448,2.09449,0.231752
0.2934,18.8078,18.8078,2.08903,39.2899,40.3397,24.144,2.08903,0.230085
0.2936,18.7256,18.7256,2.1113,39.5353,40.3452,24.1459,2.1113,0.231752
0.2938,18.6863,18.6863,2.10404,39.3167,40.3508,24.1447,2.10404,0.233418
0.294,18.6692,18.6692,2.10965,39.3854,40.3564,24.1449,2.10965,0.235085
0.2942,18.606,18.606,2.11644,39.3785,40.3619,24.1462,2.11644,0.236752
0.2944,18.6801,18.6801,2.10005,39.2292,40.3675,24.1441,2.10005,0.235085
0.2946,18.7317,18.7317,2.10181,39.3705,40.3731,24.1454,2.10181,0.233418
0.2948,18.7462,18.7462,2.09784,39.3265,40.3786,24.1445,2.09784,0.231752
0.295,18.7946,18.7946,2.09277,39.3328,40.3842,24.1446,2.09277,0.230085
0.2952,18.7331,18.7331,2.10874,39.5033,40.3898,24.1457,2.10874,0.231752
0.2954,18.6862,18.6862,2.10718,39.3752,40.3954,24.1457,2.10718,0.233418
0.2956,18.6659,18.6659,2.11188,39.4201,40.4009,24.1453,2.11188,0.235085
0.2958,18.6082,18.6082,2.12096,39.4673,40.4065,24.1468,2.12096,0.236752
0.296,18.6766,18.6766,2.09903,39.2028,40.4121,24.1456,2.09903,0.235085
0.2962,18.734,18.734,2.10525,39.4398,40.4176,24.1458,2.10525,0.233418
0.2964,18.7533,18.7533,2.10037,39.3889,40.4232,24.1455,2.10037,0.231752
0.2966,18.7968,18.7968,2.0917,39.3173,40.4288,24.145,2.0917,0.230085
0.2968,18.745,18.745,2.11001,39.5522,40.4343,24.1463,2.11001,0.231752
0.297,18.6753,18.6753,2.11396,39.4789,40.4399,24.1465,2.11396,0.233418
0.2972,18.6683,18.6683,2.11329,39.4515,40.4455,24.1464,2.11329,0.235085
0.2974,18.6068,18.6068,2.12559,39.5504,40.451,24.1472,2.12559,0.236752
0.2976,18.6825,18.6825,2.10016,39.2362,40.4566,24.1455,2.10016,0.235085
0.2978,18.7236,18.7236,2.11202,39.5446,40.4622,24.1463,2.11202,0.233418
0.298,18.7411,18.7411,2.10541,39.4578,40.4677,24.1459,2.10541,0.231752
0.2982,18.7883,18.7883,2.09692,39.3975,40.4733,24.1453,2.09692,0.230085
0.2984,18.7367,18.7367,2.11305,39.5915,40.4789,24.1465,2.11305,0.231752
0.2986,18.6812,18.6812,2.11405,39.493,40.4844,24.1465,2.11405,0.233418
0.2988,18.6674,18.6674,2.11458,39.4736,40.49,24.1465,2.11458,0.235085
0.299,18.6165,18.6165,2.12472,39.5549,40.4956,24.1472,2.12472,0.236752
0.2992,18.6702,18.6702,2.10941,39.3831,40.5011,24.1462,2.10941,0.235085
0.2994,18.7342,18.7342,2.10686,39.4703,40.5067,24.1461,2.10686,0.233418
0.2996,18.749,18.749,2.10448,39.4571,40.5123,24.1458,2.10448,0.231752
0.2998,18.7938,18.7938,2.09734,39.417,40.5178,24.1453,2.09734,0.230085
0.3,18.7479,18.7479,2.11452,39.6428,40.5234,24.1465,2.11452,0.231752
0.3002,18.6763,18.6763,2.11579,39.515,40.529,24.1466,2.11579,0.233418
0.3004,18.667,18.667,2.11926,39.5604,40.5345,24.1468,2.11926,0.235085
0.3006,18.6098,18.6098,2.12503,39.5464,40.5401,24.1472,2.12503,0.236752
0.3008,18.6814,18.6814,2.11008,39.4193,40.5457,24.1463,2.11008,0.235085
0.301,18.7214,18.7214,2.11359,39.5693,40.5512,24.1465,2.11359,0.233418
0.3012,18.7528,18.7528,2.10742,39.52,40.5568,24.146,2.10742,0.231752
0.3014,18.79,18.79,2.10361,39.5267,40.5624,24.1458,2.10361,0.230085
0.3016,18.8363,18.8363,2.09579,39.4769,40.5679,24.1452,2.09579,0.228418
0.3018,18.7798,18.7798,2.11431,39.7063,40.5735,24.1465,2.11431,0.230085
0.302,18.7346,18.7346,2.11328,39.5915,40.5791,24.1464,2.11328,0.231752
0.3022,18.6917,18.6917,2.12169,39.658,40.5846,24.147,2.12169,0.233418
0.3024,18.6529,18.6529,2.12388,39.6164,40.5902,24.1471,2.12388,0.235085
0.3026,18.6125,18.6125,2.12827,39.6124,40.5958,24.1475,2.12827,0.236752
0.3028,18.6911,18.6911,2.10978,39.4342,40.6014,24.1462,2.10978,0.235085
0.303,18.7189,18.7189,2.12019,39.6876,40.6069,24.147,2.12019,0.233418
0.3032,18.7473,18.7473,2.10756,39.5111,40.6125,24.1461,2.10756,0.231752
0.3034,18.792,18.792,2.10539,39.5646,40.6181,24.146,2.10539,0.230085
0.3036,18.7444,18.7444,2.11993,39.7368,40.6236,24.1469,2.11993,0.231752
0.3038,18.6804,18.6804,2.12354,39.6687,40.6292,24.1472,2.12354,0.233418
0.304,18.6576,18.6576,2.12409,39.6305,40.6348,24.1473,2.12409,0.235085
0.3042,18.6147,18.6147,2.13207,39.6879,40.6403,24.1478,2.13207,0.236752
0.3044,18.6787,18.6787,2.11511,39.5074,40.6459,24.1465,2.11511,0.235085
0.3046,18.7195,18.7195,2.11999,39.6851,40.6515,24.147,2.11999,0.233418
0.3048,18.753,18.753,2.11148,39.5965,40.657,24.1463,2.11148,0.231752
0.305,18.802,18.802,2.10625,39.6016,40.6626,24.146,2.10625,0.230085
0.3052,18.7356,18.7356,2.12454,39.8044,40.6682,24.1472,2.12454,0.231752
0.3054,18.6851,18.6851,2.12255,39.6601,40.6737,24.147,2.12255,0.233418
0.3056,18.655,18.655,2.12933,39.7227,40.6793,24.1475,2.12933,0.235085
0.3058,18.6128,18.6128,2.1342,39.7233,40.6849,24.1478,2.1342,0.236752
0.306,18.6757,18.6757,2.11688,39.5342,40.6904,24.1467,2.11688,0.235085
0.3062,18.7219,18.7219,2.12119,39.7128,40.696,24.1469,2.12119,0.233418
0.3064,18.7585,18.7585,2.11357,39.6474,40.7016,24.1464,2.11357,0.231752
0.3066,18.7972,18.7972,2.10994,39.6609,40.7071,24.1462,2.10994,0.230085
0.3068,18.7423,18.7423,2.1247,39.8217,40.7127,24.1472,2.1247,0.231752
0.307,18.6872,18.6872,2.1269,39.7457,40.7183,24.1475,2.1269,0.233418
0.3072,18.6613,18.6613,2.12985,39.7457,40.7238,24.1476,2.12985,0.235085
0.3074,18.6154,18.6154,2.13728,39.7865,40.7294,24.1481,2.13728,0.236752
0.3076,18.6734,18.6734,2.12012,39.5899,40.735,24.1469,2.12012,0.235085
0.3078,18.7231,18.7231,2.12301,39.7493,40.7405,24.1471,2.12301,0.233418
0.308,18.7534,18.7534,2.11732,39.707,40.7461,24.1467,2.11732,0.231752
0.3082,18.7903,18.7903,2.11312,39.7061,40.7517,24.1465,2.11312,0.230085
0.3084,18.7432,18.7432,2.12852,39.8954,40.7572,24.1475,2.12852,0.231752
0.3086,18.6799,18.6799,2.1301,39.79,40.7628,24.1476,2.1301,0.233418
0.3088,18.6657,18.6657,2.13054,39.7681,40.7684,24.1477,2.13054,0.235085
0.309,18.6231,18.6231,2.13785,39.8134,40.7739,24.1481,2.13785,0.236752
0.3092,18.6817,18.6817,2.12103,39.6246,40.7795,24.1469,2.12103,0.235085
0.3094,18.7357,18.7357,2.12314,39.7786,40.7851,24.1471,2.12314,0.233418
0.3096,18.752,18.752,2.12207,39.7931,40.7906,24.147,2.12207,0.231752
0.3098,18.7922,18.7922,2.11373,39.7216,40.7962,24.1465,2.11373,0.230085
0.31,18.7385,18.7385,2.13224,39.955,40.8018,24.1478,2.13224,0.231752
0.3102,18.6778,18.6778,2.13053,39.7937,40.8074,24.1476,2.13053,0.233418
0.3104,18.6727,18.6727,2.13325,39.8335,40.8129,24.1478,2.13325,0.235085
0.3106,18.6179,18.6179,2.14191,39.8779,40.8185,24.1484,2.14191,0.236752
0.3108,18.6832,18.6832,2.12289,39.6624,40.8241,24.1472,2.12289,0.235085
0.311,18.7269,18.7269,2.12871,39.864,40.8296,24.1475,2.12871,0.233418
0.3112,18.7605,18.7605,2.11991,39.7706,40.8352,24.147,2.11991,0.231752
0.3114,18.7984,18.7984,2.11695,39.7953,40.8408,24.1468,2.11695,0.230085
0.3116,18.7328,18.7328,2.1328,39.9533,40.8463,24.1477,2.1328,0.231752
0.3118,18.6879,18.6879,2.13211,39.8446,40.8519,24.1477,2.13211,0.233418
0.312,18.6687,18.6687,2.13682,39.8918,40.8575,24.1481,2.13682,0.235085
0.3122,18.6201,18.6201,2.14419,39.9249,40.863,24.1485,2.14419,0.236752
0.3124,18.6819,18.6819,2.12622,39.7219,40.8686,24.1474,2.12622,0.235085
0.3126,18.7268,18.7268,2.12944,39.8777,40.8742,24.1475,2.12944,0.233418
0.3128,18.7675,18.7675,2.12426,39.8671,40.8797,24.1473,2.12426,0.231752
0.313,18.7912,18.7912,2.121,39.8562,40.8853,24.147,2.121,0.230085
0.3132,18.8294,18.8294,2.11632,39.8489,40.8909,24.1466,2.11632,0.228418
0.3134,18.7851,18.7851,2.13058,40.0231,40.8964,24.1476,2.13058,0.230085
0.3136,18.7336,18.7336,2.13144,39.9295,40.902,24.1477,2.13144,0.231752
0.3138,18.701,18.701,2.13625,39.9501,40.9076,24.148,2.13625,0.233418
0.314,18.6576,18.6576,2.14366,39.9956,40.9131,24.1485,2.14366,0.235085
0.3142,18.615,18.615,2.14758,39.9773,40.9187,24.1487,2.14758,0.236752
0.3144,18.6814,18.6814,2.12851,39.7636,40.9243,24.1475,2.12851,0.235085
0.3146,18.732,18.732,2.13278,39.9513,40.9298,24.1478,2.13278,0.233418
0.3148,18.7592,18.7592,2.12896,39.9375,40.9354,24.1475,2.12896,0.231752
0.315,18.7973,18.7973,2.1216,39.8805,40.941,24.1471,2.1216,0.230085
0.3152,18.7469,18.7469,2.13828,40.0862,40.9465,24.1482,2.13828,0.231752
0.3154,18.6791,18.6791,2.14073,39.9868,40.9521,24.1483,2.14073,0.233418
0.3156,18.6577,18.6577,2.14116,39.9493,40.9577,24.1483,2.14116,0.235085
0.3158,18.6254,18.6254,2.14673,39.9838,40.9632,24.1487,2.14673,0.236752
0.316,18.5711,18.5711,2.15622,40.0434,40.9688,24.1493,2.15622,0.238418
0.3162,18.6398,18.6398,2.13578,39.8103,40.9744,24.1481,2.13578,0.236752
0.3164,18.7003,18.7003,2.13767,39.9751,40.9799,24.1481,2.13767,0.235085
0.3166,18.7102,18.7102,2.13614,39.9674,40.9855,24.148,2.13614,0.233418
0.3168,18.7658,18.7658,2.13081,39.9863,40.9911,24.1477,2.13081,0.231752
0.317,18.8085,18.8085,2.12321,39.9343,40.9966,24.1471,2.12321,0.230085
0.3172,18.7555,18.7555,2.13946,40.1265,41.0022,24.1482,2.13946,0.231752
0.3174,18.677,18.677,2.14606,40.0818,41.0078,24.1487,2.14606,0.233418
0.3176,18.6638,18.6638,2.14343,40.0046,41.0134,24.1485,2.14343,0.235085
0.3178,18.6253,18.6253,2.15222,40.0858,41.0189,24.1491,2.15222,0.236752
0.318,18.5652,18.5652,2.15709,40.0468,41.0245,24.1495,2.15709,0.238418
0.3182,18.65,18.65,2.13849,39.8829,41.0301,24.1481,2.13849,0.236752
0.3184,18.6893,18.6893,2.14518,40.0919,41.0356,24.1486,2.14518,0.235085
0.3186,18.7032,18.7032,2.1376,39.9799,41.0412,24.1481,2.1376,0.233418
0.3188,18.7757,18.7757,2.13171,40.0244,41.0468,24.1477,2.13171,0.231752
0.319,18.6868,18.6868,2.15195,40.2131,41.0523,24.1491,2.15195,0.233418
0.3192,18.6551,18.6551,2.14742,40.0603,41.0579,24.1488,2.14742,0.235085
0.3194,18.6158,18.6158,2.15529,40.1224,41.0635,24.1493,2.15529,0.236752
0.3196,18.6895,18.6895,2.13712,39.9417,41.069,24.1481,2.13712,0.235085
0.3198,18.7246,18.7246,2.14146,40.098,41.0746,24.1483,2.14146,0.233418
0.32,18.7637,18.7637,2.13532,40.0665,41.0802,24.148,2.13532,0.231752
0.3202,18.8016,18.8016,2.13246,40.0935,41.0857,24.1478,2.13246,0.230085
0.3204,18.7416,18.7416,2.14493,40.1994,41.0913,24.1486,2.14493,0.231752
0.3206,18.6824,18.6824,2.14727,40.116,41.0969,24.1488,2.14727,0.233418
0.3208,18.6674,18.6674,2.15084,40.1505,41.1024,24.1491,2.15084,0.235085
0.321,18.6116,18.6116,2.15839,40.1712,41.108,24.1496,2.15839,0.236752
0.3212,18.6803,18.6803,2.13956,39.9677,41.1136,24.1483,2.13956,0.235085
0.3214,18.7217,18.7217,2.14485,40.1554,41.1191,24.1486,2.14485,0.233418
0.3216,18.7677,18.7677,2.13625,40.0925,41.1247,24.1481,2.13625,0.231752
0.3218,18.8001,18.8001,2.13619,40.1606,41.1303,24.148,2.13619,0.230085
0.322,18.7393,18.7393,2.14854,40.2623,41.1358,24.1488,2.14854,0.231752
0.3222,18.6871,18.6871,2.15009,40.1789,41.1414,24.1489,2.15009,0.233418
0.3224,18.6548,18.6548,2.15436,40.189,41.147,24.1492,2.15436,0.235085
0.3226,18.6256,18.6256,2.15931,40.2185,41.1525,24.1495,2.15931,0.236752
0.3228,18.5804,18.5804,2.16189,40.1688,41.1581,24.1499,2.16189,0.238418
0.323,18.6405,18.6405,2.14926,40.0632,41.1637,24.1489,2.14926,0.236752
0.3232,18.6895,18.6895,2.14909,40.1655,41.1692,24.1489,2.14909,0.235085
0.3234,18.7121,18.7121,2.14591,40.1544,41.1748,24.1487,2.14591,0.233418
0.3236,18.7794,18.7794,2.13575,40.1081,41.1804,24.1481,2.13575,0.231752
0.3238,18.6994,18.6994,2.16052,40.4004,41.1859,24.1496,2.16052,0.233418
0.324,18.6462,18.6462,2.15446,40.1726,41.1915,24.1492,2.15446,0.235085
0.3242,18.6284,18.6284,2.16182,40.2713,41.1971,24.1498,2.16182,0.236752
0.3244,18.5742,18.5742,2.16609,40.2334,41.2026,24.15,2.16609,0.238418
0.3246,18.6462,18.6462,2.14926,40.0755,41.2082,24.1489,2.14926,0.236752
0.3248,18.7015,18.7015,2.15142,40.2347,41.2138,24.149,2.15142,0.235085
0.325,18.7052,18.7052,2.15031,40.2221,41.2194,24.149,2.15031,0.233418
0.3252,18.773,18.773,2.13948,40.1644,41.2249,24.1482,2.13948,0.231752
0.3254,18.6974,18.6974,2.16042,40.3944,41.2305,24.1498,2.16042,0.233418
0.3256,18.6518,18.6518,2.15684,40.2288,41.2361,24.1495,2.15684,0.235085
0.3258,18.6285,18.6285,2.16268,40.2876,41.2416,24.1498,2.16268,0.236752
0.326,18.5806,18.5806,2.16937,40.3082,41.2472,24.1503,2.16937,0.238418
0.3262,18.6366,18.6366,2.15266,40.1182,41.2528,24.1491,2.15266,0.236752
0.3264,18.6976,18.6976,2.15449,40.284,41.2583,24.1493,2.15449,0.235085
0.3266,18.708,18.708,2.15213,40.262,41.2639,24.1491,2.15213,0.233418
0.3268,18.7689,18.7689,2.14249,40.2122,41.2695,24.1485,2.14249,0.231752
0.327,18.6938,18.6938,2.16277,40.4304,41.275,24.1498,2.16277,0.233418
0.3272,18.6573,18.6573,2.15928,40.2862,41.2806,24.1497,2.15928,0.235085
0.3274,18.621,18.621,2.1664,40.3405,41.2862,24.15,2.1664,0.236752
0.3276,18.5822,18.5822,2.17024,40.3279,41.2917,24.1504,2.17024,0.238418
0.3278,18.6406,18.6406,2.15479,40.1665,41.2973,24.1493,2.15479,0.236752
0.328,18.689,18.689,2.15897,40.349,41.3029,24.1495,2.15897,0.235085
0.3282,18.7113,18.7113,2.15143,40.256,41.3084,24.149,2.15143,0.233418
0.3284,18.7692,18.7692,2.14679,40.2934,41.314,24.1488,2.14679,0.231752
0.3286,18.6942,18.6942,2.1663,40.4971,41.3196,24.1501,2.1663,0.233418
0.3288,18.6533,18.6533,2.1619,40.3265,41.3251,24.1497,2.1619,0.235085
0.329,18.6388,18.6388,2.16784,40.406,41.3307,24.1502,2.16784,0.236752
0.3292,18.5691,18.5691,2.176,40.4065,41.3363,24.1508,2.176,0.238418
0.3294,18.6473,18.6473,2.15334,40.1539,41.3418,24.1491,2.15334,0.236752
0.3296,18.7022,18.7022,2.16091,40.4138,41.3474,24.1497,2.16091,0.235085
0.3298,18.7114,18.7114,2.15398,40.304,41.353,24.1492,2.15398,0.233418
0.33,18.7725,18.7725,2.14793,40.3221,41.3585,24.1488,2.14793,0.231752
0.3302,18.7004,18.7004,2.16668,40.5177,41.3641,24.1501,2.16668,0.233418
0.3304,18.6562,18.6562,2.16369,40.3661,41.3697,24.1499,2.16369,0.235085
0.3306,18.6447,18.6447,2.16704,40.4039,41.3752,24.1501,2.16704,0.236752
0.3308,18.5772,18.5772,2.17975,40.4937,41.3808,24.1509,2.17975,0.238418
0.331,18.642,18.642,2.15985,40.2639,41.3864,24.1496,2.15985,0.236752
0.3312,18.6964,18.6964,2.16274,40.4355,41.3919,24.1499,2.16274,0.235085
0.3314,18.724,18.724,2.15682,40.3844,41.3975,24.1494,2.15682,0.233418
0.3316,18.7699,18.7699,2.15004,40.356,41.4031,24.149,2.15004,0.231752
0.3318,18.8142,18.8142,2.14794,40.4118,41.4086,24.1488,2.14794,0.230085
0.332,18.7399,18.7399,2.16579,40.5868,41.4142,24.15,2.16579,0.231752
0.3322,18.6956,18.6956,2.16433,40.4635,41.4198,24.1499,2.16433,0.233418
0.3324,18.6696,18.6696,2.16774,40.4709,41.4254,24.1501,2.16774,0.235085
0.3326,18.617,18.617,2.17761,40.5406,41.4309,24.1508,2.17761,0.236752
0.3328,18.6864,18.6864,2.15569,40.282,41.4365,24.1493,2.15569,0.235085
0.333,18.735,18.735,2.16125,40.4911,41.4421,24.1498,2.16125,0.233418
0.3332,18.7543,18.7543,2.15602,40.4345,41.4476,24.1493,2.15602,0.231752
0.3334,18.7968,18.7968,2.1505,40.4225,41.4532,24.149,2.1505,0.230085
0.3336,18.7481,18.7481,2.16694,40.626,41.4588,24.1501,2.16694,0.231752
0.3338,18.6979,18.6979,2.16535,40.4874,41.4643,24.15,2.16535,0.233418
0.334,18.6714,18.6714,2.17122,40.5396,41.4699,24.1505,2.17122,0.235085
0.3342,18.6199,18.6199,2.17968,40.5856,41.4755,24.151,2.17968,0.236752
0.3344,18.6928,18.6928,2.15913,40.3603,41.481,24.1496,2.15913,0.235085
0.3346,18.7393,18.7393,2.16079,40.4916,41.4866,24.1497,2.16079,0.233418
0.3348,18.763,18.763,2.15937,40.5162,41.4922,24.1496,2.15937,0.231752
0.335,18.8027,18.8027,2.15054,40.436,41.4977,24.149,2.15054,0.230085
0.3352,18.7581,18.7581,2.16813,40.67,41.5033,24.1502,2.16813,0.231752
0.3354,18.6997,18.6997,2.16782,40.5376,41.5089,24.1502,2.16782,0.233418
0.3356,18.6751,18.6751,2.17272,40.5757,41.5144,24.1505,2.17272,0.235085
0.3358,18.6299,18.6299,2.17914,40.5971,41.52,24.151,2.17914,0.236752
0.336,18.5832,18.5832,2.18314,40.5697,41.5256,24.1512,2.18314,0.238418
0.3362,18.6323,18.6323,2.17014,40.4347,41.5311,24.1504,2.17014,0.236752
0.3364,18.6972,18.6972,2.16818,40.5391,41.5367,24.1503,2.16818,0.235085
0.3366,18.7169,18.7169,2.1692,40.6008,41.5423,24.1503,2.1692,0.233418
0.3368,18.7635,18.7635,2.15826,40.4966,41.5478,24.1495,2.15826,0.231752
0.337,18.8025,18.8025,2.15732,40.5629,41.5534,24.1495,2.15732,0.230085
0.3372,18.7548,18.7548,2.1678,40.6567,41.559,24.1501,2.1678,0.231752
0.3374,18.708,18.708,2.17357,40.6631,41.5645,24.1506,2.17357,0.233418
0.3376,18.6756,18.6756,2.1741,40.6026,41.5701,24.1506,2.1741,0.235085
0.3378,18.6196,18.6196,2.18499,40.6837,41.5757,24.1513,2.18499,0.236752
0.338,18.6892,18.6892,2.16401,40.4435,41.5812,24.1499,2.16401,0.235085
0.3382,18.7298,18.7298,2.17312,40.702,41.5868,24.1506,2.17312,0.233418
0.3384,18.7571,18.7571,2.16044,40.5237,41.5924,24.1497,2.16044,0.231752
0.3386,18.8113,18.8113,2.15786,40.5921,41.5979,24.1496,2.15786,0.230085
0.3388,18.7458,18.7458,2.17361,40.7461,41.6035,24.1505,2.17361,0.231752
0.339,18.6901,18.6901,2.17477,40.6466,41.6091,24.1507,2.17477,0.233418
0.3392,18.6722,18.6722,2.17728,40.6547,41.6146,24.1509,2.17728,0.235085
0.3394,18.6254,18.6254,2.1863,40.7208,41.6202,24.1515,2.1863,0.236752
0.3396,18.5743,18.5743,2.18947,40.6678,41.6258,24.1517,2.18947,0.238418
0.3398,18.6451,18.6451,2.17435,40.541,41.6314,24.1506,2.17435,0.236752
0.34,18.7056,18.7056,2.17382,40.6626,41.6369,24.1505,2.17382,0.235085
0.3402,18.7216,18.7216,2.17069,40.6389,41.6425,24.1504,2.17069,0.233418
0.3404,18.7682,18.7682,2.16525,40.638,41.6481,24.15,2.16525,0.231752
0.3406,18.7079,18.7079,2.18274,40.8346,41.6536,24.1512,2.18274,0.233418
0.3408,18.6578,18.6578,2.18167,40.7052,41.6592,24.1511,2.18167,0.235085
0.341,18.6276,18.6276,2.18681,40.735,41.6648,24.1515,2.18681,0.236752
0.3412,18.5759,18.5759,2.19339,40.7442,41.6703,24.1519,2.19339,0.238418
0.3414,18.6472,18.6472,2.17185,40.4989,41.6759,24.1504,2.17185,0.236752
0.3416,18.7079,18.7079,2.17871,40.759,41.6815,24.1509,2.17871,0.235085
0.3418,18.7135,18.7135,2.17664,40.7327,41.687,24.1509,2.17664,0.233418
0.342,18.7713,18.7713,2.16565,40.6521,41.6926,24.15,2.16565,0.231752
0.3422,18.7032,18.7032,2.18797,40.922,41.6982,24.1515,2.18797,0.233418
0.3424,18.6575,18.6575,2.18097,40.6916,41.7037,24.1511,2.18097,0.235085
0.3426,18.6372,18.6372,2.1882,40.7819,41.7093,24.1516,2.1882,0.236752
0.3428,18.589,18.589,2.19341,40.7732,41.7149,24.1519,2.19341,0.238418
0.343,18.6433,18.6433,2.18065,40.6545,41.7204,24.151,2.18065,0.236752
0.3432,18.7038,18.7038,2.17723,40.7224,41.726,24.1508,2.17723,0.235085
0.3434,18.7238,18.7238,2.17663,40.7546,41.7316,24.1507,2.17663,0.233418
0.3436,18.7704,18.7704,2.16767,40.688,41.7371,24.1503,2.16767,0.231752
0.3438,18.7065,18.7065,2.19082,40.9825,41.7427,24.1517,2.19082,0.233418
0.344,18.6553,18.6553,2.18385,40.7405,41.7483,24.1512,2.18385,0.235085
0.3442,18.6336,18.6336,2.1919,40.8429,41.7538,24.1519,2.1919,0.236752
0.3444,18.5742,18.5742,2.19795,40.8251,41.7594,24.1522,2.19795,0.238418
0.3446,18.6446,18.6446,2.18305,40.702,41.765,24.1513,2.18305,0.236752
0.3448,18.6942,18.6942,2.18305,40.8104,41.7705,24.1512,2.18305,0.235085
0.345,18.7353,18.7353,2.17405,40.7314,41.7761,24.1506,2.17405,0.233418
0.3452,18.7595,18.7595,2.17701,40.8396,41.7817,24.1508,2.17701,0.231752
0.3454,18.7993,18.7993,2.16854,40.767,41.7872,24.1502,2.16854,0.230085
0.3456,18.746,18.746,2.18413,40.9439,41.7928,24.1513,2.18413,0.231752
0.3458,18.6871,18.6871,2.19252,40.9718,41.7984,24.1518,2.19252,0.233418
0.346,18.6636,18.6636,2.18749,40.8265,41.8039,24.1516,2.18749,0.235085
0.3462,18.6366,18.6366,2.19441,40.8963,41.8095,24.1521,2.19441,0.236752
0.3464,18.5787,18.5787,2.20188,40.9081,41.8151,24.1525,2.20188,0.238418
0.3466,18.6465,18.6465,2.18203,40.6873,41.8206,24.1511,2.18203,0.236752
0.3468,18.711,18.711,2.18379,40.8608,41.8262,24.1512,2.18379,0.235085
0.347,18.7146,18.7146,2.18671,40.9235,41.8318,24.1514,2.18671,0.233418
0.3472,18.7885,18.7885,2.17107,40.7911,41.8374,24.1504,2.17107,0.231752
0.3474,18.7133,18.7133,2.19576,41.0899,41.8429,24.1521,2.19576,0.233418
0.3476,18.6488,18.6488,2.18908,40.8237,41.8485,24.1516,2.18908,0.235085
0.3478,18.6428,18.6428,2.19415,40.905,41.8541,24.152,2.19415,0.236752
0.348,18.5801,18.5801,2.20551,40.9786,41.8596,24.1528,2.20551,0.238418
0.3482,18.6494,18.6494,2.1851,40.7508,41.8652,24.1514,2.1851,0.236752
0.3484,18.6991,18.6991,2.19039,40.9582,41.8708,24.1518,2.19039,0.235085
0.3486,18.7187,18.7187,2.18476,40.8959,41.8763,24.1513,2.18476,0.233418
0.3488,18.7635,18.7635,2.17607,40.8308,41.8819,24.1507,2.17607,0.231752
0.349,18.8096,18.8096,2.17465,40.9042,41.8875,24.1506,2.17465,0.230085
0.3492,18.745,18.745,2.1923,41.0947,41.893,24.1518,2.1923,0.231752
0.3494,18.6869,18.6869,2.19043,40.9324,41.8986,24.1517,2.19043,0.233418
0.3496,18.6846,18.6846,2.19324,40.9798,41.9042,24.152,2.19324,0.235085
0.3498,18.6279,18.6279,2.20035,40.9879,41.9097,24.1524,2.20035,0.236752
0.35,18.5805,18.5805,2.20698,41.0069,41.9153,24.1529,2.20698,0.238418
0.3502,18.6569,18.6569,2.18826,40.8263,41.9209,24.1516,2.18826,0.236752
0.3504,18.6961,18.6961,2.19356,41.0109,41.9264,24.1519,2.19356,0.235085
0.3506,18.7092,18.7092,2.18795,40.9347,41.932,24.1515,2.18795,0.233418
0.3508,18.765,18.765,2.17912,40.8913,41.9376,24.151,2.17912,0.231752
0.351,18.7,18.7,2.20116,41.1617,41.9431,24.1526,2.20116,0.233418
0.3512,18.639,18.639,2.19616,40.9342,41.9487,24.1521,2.19616,0.235085
0.3514,18.6505,18.6505,2.20093,41.0485,41.9543,24.1524,2.20093,0.236752
0.3516,18.5782,18.5782,2.21055,41.068,41.9598,24.1531,2.21055,0.238418
0.3518,18.6561,18.6561,2.18849,40.8287,41.9654,24.1516,2.18849,0.236752
0.352,18.7066,18.7066,2.19201,41.005,41.971,24.1518,2.19201,0.235085
0.3522,18.7121,18.7121,2.19012,40.9816,41.9765,24.1517,2.19012,0.233418
0.3524,18.7638,18.7638,2.18234,40.9491,41.9821,24.1511,2.18234,0.231752
0.3526,18.7131,18.7131,2.19813,41.134,41.9877,24.1522,2.19813,0.233418
0.3528,18.6537,18.6537,2.20095,41.0559,41.9932,24.1524,2.20095,0.235085
0.353,18.6349,18.6349,2.20395,41.0704,41.9988,24.1526,2.20395,0.236752
0.3532,18.5896,18.5896,2.20786,41.0433,42.0044,24.153,2.20786,0.238418
0.3534,18.661,18.661,2.19383,40.939,42.0099,24.1519,2.19383,0.236752
0.3536,18.6957,18.6957,2.19686,41.0719,42.0155,24.1522,2.19686,0.235085
0.3538,18.7208,18.7208,2.19225,41.0406,42.0211,24.1518,2.19225,0.233418
0.354,18.7721,18.7721,2.18507,41.0183,42.0266,24.1513,2.18507,0.231752
0.3542,18.7122,18.7122,2.20455,41.2521,42.0322,24.1527,2.20455,0.233418
0.3544,18.6546,18.6546,2.20089,41.0568,42.0378,24.1524,2.20089,0.235085
0.3546,18.6426,18.6426,2.20596,41.1248,42.0434,24.1528,2.20596,0.236752
0.3548,18.5824,18.5824,2.21503,41.1607,42.0489,24.1534,2.21503,0.238418
0.355,18.6519,18.6519,2.19459,40.9334,42.0545,24.1521,2.19459,0.236752
0.3552,18.7063,18.7063,2.20103,41.1731,42.0601,24.1524,2.20103,0.235085
0.3554,18.7053,18.7053,2.195,41.0581,42.0656,24.152,2.195,0.233418
0.3556,18.769,18.769,2.18658,41.0399,42.0712,24.1514,2.18658,0.231752
0.3558,18.7118,18.7118,2.20665,41.2903,42.0768,24.1529,2.20665,0.233418
0.356,18.6408,18.6408,2.20786,41.1564,42.0823,24.153,2.20786,0.235085
0.3562,18.6359,18.6359,2.20757,41.14,42.0879,24.1529,2.20757,0.236752
0.3564,18.5865,18.5865,2.21632,41.1935,42.0935,24.1536,2.21632,0.238418
0.3566,18.645,18.645,2.20109,41.0394,42.099,24.1524,2.20109,0.236752
0.3568,18.6853,18.6853,2.20053,41.1176,42.1046,24.1524,2.20053,0.235085
0.357,18.7319,18.7319,2.19442,41.1057,42.1102,24.152,2.19442,0.233418
0.3572,18.7604,18.7604,2.19214,41.1254,42.1157,24.1518,2.19214,0.231752
0.3574,18.8058,18.8058,2.18684,41.1253,42.1213,24.1515,2.18684,0.230085
0.3576,18.7483,18.7483,2.20298,41.3021,42.1269,24.1525,2.20298,0.231752
0.3578,18.6991,18.6991,2.2019,41.1734,42.1324,24.1525,2.2019,0.233418
0.358,18.6596,18.6596,2.20806,41.2014,42.138,24.1529,2.20806,0.235085
0.3582,18.6431,18.6431,2.2106,41.2123,42.1436,24.1531,2.2106,0.236752
0.3584,18.5908,18.5908,2.22029,41.277,42.1491,24.1537,2.22029,0.238418
0.3586,18.6555,18.6555,2.20049,41.0513,42.1547,24.1524,2.20049,0.236752
0.3588,18.6913,18.6913,2.20612,41.2353,42.1603,24.1528,2.20612,0.235085
0.359,18.7171,18.7171,2.19693,41.1203,42.1658,24.1522,2.19693,0.233418
0.3592,18.7666,18.7666,2.19622,41.2157,42.1714,24.1521,2.19622,0.231752
0.3594,18.6996,18.6996,2.2128,41.3785,42.177,24.1532,2.2128,0.233418
0.3596,18.6617,18.6617,2.20839,41.2123,42.1825,24.1529,2.20839,0.235085
0.3598,18.6323,18.6323,2.2162,41.2929,42.1881,24.1535,2.2162,0.236752
0.36,18.5908,18.5908,2.22222,41.3129,42.1937,24.1539,2.22222,0.238418
0.3602,18.6485,18.6485,2.20487,41.1175,42.1992,24.1528,2.20487,0.236752
0.3604,18.6975,18.6975,2.20609,41.2483,42.2048,24.1529,2.20609,0.235085
0.3606,18.7304,18.7304,2.20074,41.2208,42.2104,24.1524,2.20074,0.233418
0.3608,18.7667,18.7667,2.19736,41.2372,42.2159,24.1522,2.19736,0.231752
0.361,18.8146,18.8146,2.19044,41.2122,42.2215,24.1517,2.19044,0.230085
0.3612,18.7489,18.7489,2.2077,41.3919,42.2271,24.1529,2.2077,0.231752
0.3614,18.7083,18.7083,2.20718,41.2925,42.2326,24.1529,2.20718,0.233418
0.3616,18.6674,18.6674,2.21517,41.3514,42.2382,24.1534,2.21517,0.235085
0.3618,18.642,18.642,2.21473,41.2871,42.2438,24.1534,2.21473,0.236752
0.362,18.5935,18.5935,2.22512,41.3727,42.2494,24.1541,2.22512,0.238418
0.3622,18.6443,18.6443,2.20706,41.149,42.2549,24.1528,2.20706,0.236752
0.3624,18.6923,18.6923,2.20844,41.281,42.2605,24.153,2.20844,0.235085
0.3626,18.7339,18.7339,2.20365,41.2829,42.2661,24.1526,2.20365,0.233418
0.3628,18.7692,18.7692,2.20099,41.3108,42.2716,24.1524,2.20099,0.231752
0.363,18.7212,18.7212,2.21399,41.4485,42.2772,24.1533,2.21399,0.233418
0.3632,18.6581,18.6581,2.2178,41.38,42.2828,24.1536,2.2178,0.235085
0.3634,18.6307,18.6307,2.22196,41.3966,42.2883,24.1538,2.22196,0.236752
0.3636,18.5728,18.5728,2.22796,41.3795,42.2939,24.1543,2.22796,0.238418
0.3638,18.6561,18.6561,2.20754,41.1842,42.2995,24.153,2.20754,0.236752
0.364,18.6976,18.6976,2.21159,41.3515,42.305,24.1532,2.21159,0.235085
0.3642,18.7078,18.7078,2.21208,41.3832,42.3106,24.1532,2.21208,0.233418
0.3644,18.7783,18.7783,2.1977,41.2691,42.3162,24.1522,2.1977,0.231752
0.3646,18.7184,18.7184,2.21821,41.5215,42.3217,24.1536,2.21821,0.233418
0.3648,18.6548,18.6548,2.21878,41.3909,42.3273,24.1536,2.21878,0.235085
0.365,18.6404,18.6404,2.22122,41.4045,42.3329,24.1538,2.22122,0.236752
0.3652,18.5763,18.5763,2.23082,41.4405,42.3384,24.1546,2.23082,0.238418
0.3654,18.6586,18.6586,2.20837,41.2051,42.344,24.153,2.20837,0.236752
0.3656,18.7082,18.7082,2.21715,41.4788,42.3496,24.1535,2.21715,0.235085
0.3658,18.7176,18.7176,2.20926,41.352,42.3551,24.153,2.20926,0.233418
0.366,18.7696,18.7696,2.20171,41.3252,42.3607,24.1525,2.20171,0.231752
0.3662,18.727,18.727,2.21768,41.5305,42.3663,24.1536,2.21768,0.233418
0.3664,18.6596,18.6596,2.22155,41.4532,42.3718,24.1538,2.22155,0.235085
0.3666,18.6482,18.6482,2.22151,41.4271,42.3774,24.1538,2.22151,0.236752
0.3668,18.5837,18.5837,2.23382,41.5126,42.383,24.1547,2.23382,0.238418
0.367,18.6636,18.6636,2.21055,41.2568,42.3885,24.1531,2.21055,0.236752
0.3672,18.6992,18.6992,2.21992,41.5107,42.3941,24.1538,2.21992,0.235085
0.3674,18.7236,18.7236,2.21397,41.4535,42.3997,24.1533,2.21397,0.233418
0.3676,18.7823,18.7823,2.20444,41.4046,42.4052,24.1527,2.20444,0.231752
0.3678,18.71,18.71,2.22418,41.6146,42.4108,24.154,2.22418,0.233418
0.368,18.6613,18.6613,2.22144,41.455,42.4164,24.1539,2.22144,0.235085
0.3682,18.6581,18.6581,2.22335,41.4836,42.4219,24.1541,2.22335,0.236752
0.3684,18.5819,18.5819,2.23669,41.5619,42.4275,24.1549,2.23669,0.238418
0.3686,18.6511,18.6511,2.2151,41.314,42.4331,24.1534,2.2151,0.236752
0.3688,18.6994,18.6994,2.22088,41.5292,42.4386,24.1538,2.22088,0.235085
0.369,18.7284,18.7284,2.21281,41.4424,42.4442,24.1533,2.21281,0.233418
0.3692,18.7834,18.7834,2.20422,41.4028,42.4498,24.1526,2.20422,0.231752
0.3694,18.7173,18.7173,2.2278,41.6983,42.4554,24.1543,2.2278,0.233418
0.3696,18.6482,18.6482,2.22371,41.4683,42.4609,24.154,2.22371,0.235085
0.3698,18.6354,18.6354,2.22896,41.5376,42.4665,24.1543,2.22896,0.236752
0.37,18.5927,18.5927,2.23628,41.5785,42.4721,24.1549,2.23628,0.238418
0.3702,18.6525,18.6525,2.21875,41.3854,42.4776,24.1537,2.21875,0.236752
0.3704,18.6989,18.6989,2.22265,41.561,42.4832,24.1539,2.22265,0.235085
0.3706,18.7362,18.7362,2.21436,41.4887,42.4888,24.1533,2.21436,0.233418
0.3708,18.7842,18.7842,2.20961,41.5058,42.4943,24.1531,2.20961,0.231752
0.371,18.7132,18.7132,2.22792,41.6915,42.4999,24.1543,2.22792,0.233418
0.3712,18.6565,18.6565,2.22821,41.5707,42.5055,24.1543,2.22821,0.235085
0.3714,18.639,18.639,2.23,41.565,42.511,24.1545,2.23,0.236752
0.3716,18.5824,18.5824,2.24164,41.6551,42.5166,24.1552,2.24164,0.238418
0.3718,18.6505,18.6505,2.22096,41.4221,42.5222,24.1538,2.22096,0.236752
0.372,18.711,18.711,2.22332,41.6004,42.5277,24.1539,2.22332,0.235085
0.3722,18.7263,18.7263,2.21895,41.5528,42.5333,24.1537,2.21895,0.233418
0.3724,18.7665,18.7665,2.21248,41.5206,42.5389,24.1532,2.21248,0.231752
0.3726,18.7231,18.7231,2.22855,41.7253,42.5444,24.1543,2.22855,0.233418
0.3728,18.6542,18.6542,2.23194,41.635,42.55,24.1546,2.23194,0.235085
0.373,18.6403,18.6403,2.23258,41.616,42.5556,24.1546,2.23258,0.236752
0.3732,18.5927,18.5927,2.2427,41.6978,42.5611,24.1553,2.2427,0.238418
0.3734,18.6593,18.6593,2.2237,41.4928,42.5667,24.1539,2.2237,0.236752
0.3736,18.6976,18.6976,2.22792,41.6567,42.5723,24.1542,2.22792,0.235085
0.3738,18.727,18.727,2.22046,41.5826,42.5778,24.1539,2.22046,0.233418
0.374,18.7823,18.7823,2.21294,41.564,42.5834,24.1533,2.21294,0.231752
0.3742,18.7182,18.7182,2.23514,41.8377,42.589,24.1548,2.23514,0.233418
0.3744,18.6545,18.6545,2.23144,41.6263,42.5945,24.1546,2.23144,0.235085
0.3746,18.6421,18.6421,2.23835,41.7276,42.6001,24.155,2.23835,0.236752
0.3748,18.5919,18.5919,2.24355,41.7117,42.6057,24.1554,2.24355,0.238418
0.375,18.6605,18.6605,2.22489,41.5174,42.6112,24.1541,2.22489,0.236752
0.3752,18.7005,18.7005,2.22904,41.6841,42.6168,24.1543,2.22904,0.235085
0.3754,18.7387,18.7387,2.22086,41.616,42.6224,24.1538,2.22086,0.233418
0.3756,18.7705,18.7705,2.22112,41.6915,42.6279,24.1538,2.22112,0.231752
0.3758,18.7164,18.7164,2.23249,41.7843,42.6335,24.1546,2.23249,0.233418
0.376,18.657,18.657,2.23495,41.6976,42.6391,24.1547,2.23495,0.235085
0.3762,18.634,18.634,2.23943,41.7295,42.6446,24.155,2.23943,0.236752
0.3764,18.5864,18.5864,2.24732,41.7697,42.6502,24.1557,2.24732,0.238418
0.3766,18.6509,18.6509,2.22905,41.5737,42.6558,24.1543,2.22905,0.236752
0.3768,18.7003,18.7003,2.23091,41.7187,42.6614,24.1544,2.23091,0.235085
0.377,18.7387,18.7387,2.22621,41.7163,42.6669,24.1541,2.22621,0.233418
0.3772,18.7723,18.7723,2.22113,41.6957,42.6725,24.1538,2.22113,0.231752
0.3774,18.7131,18.7131,2.23743,41.8694,42.6781,24.155,2.23743,0.233418
0.3776,18.6616,18.6616,2.23766,41.7583,42.6836,24.1549,2.23766,0.235085
0.3778,18.6305,18.6305,2.24525,41.8302,42.6892,24.1554,2.24525,0.236752
0.378,18.5884,18.5884,2.24787,41.7844,42.6948,24.1557,2.24787,0.238418
0.3782,18.6612,18.6612,2.23113,41.6355,42.7003,24.1546,2.23113,0.236752
0.3784,18.6953,18.6953,2.23513,41.7864,42.7059,24.1547,2.23513,0.235085
0.3786,18.7305,18.7305,2.22871,41.7447,42.7115,24.1543,2.22871,0.233418
0.3788,18.7806,18.7806,2.22036,41.6996,42.717,24.1537,2.22036,0.231752
0.379,18.7191,18.7191,2.24079,41.9456,42.7226,24.1552,2.24079,0.233418
0.3792,18.6676,18.6676,2.23567,41.7346,42.7282,24.1548,2.23567,0.235085
0.3794,18.6425,18.6425,2.24643,41.8792,42.7337,24.1555,2.24643,0.236752
0.3796,18.5836,18.5836,2.25242,41.858,42.7393,24.1559,2.25242,0.238418
0.3798,18.6502,18.6502,2.23262,41.6388,42.7449,24.1547,2.23262,0.236752
0.38,18.7019,18.7019,2.23555,41.8092,42.7504,24.1549,2.23555,0.235085
0.3802,18.734,18.734,2.23127,41.8006,42.756,24.1545,2.23127,0.233418
0.3804,18.7693,18.7693,2.22563,41.7737,42.7616,24.1541,2.22563,0.231752
0.3806,18.7295,18.7295,2.23828,41.9218,42.7671,24.155,2.23828,0.233418
0.3808,18.6576,18.6576,2.24554,41.8965,42.7727,24.1556,2.24554,0.235085
0.381,18.6431,18.6431,2.2421,41.7997,42.7783,24.1553,2.2421,0.236752
0.3812,18.5956,18.5956,2.25558,41.9438,42.7838,24.1561,2.25558,0.238418
0.3814,18.6584,18.6584,2.23294,41.6633,42.7894,24.1546,2.23294,0.236752
0.3816,18.7001,18.7001,2.24203,41.9262,42.795,24.1552,2.24203,0.235085
0.3818,18.7339,18.7339,2.23058,41.7876,42.8005,24.1544,2.23058,0.233418
0.382,18.7775,18.7775,2.22632,41.8047,42.8061,24.1541,2.22632,0.231752
0.3822,18.7145,18.7145,2.24444,42.0034,42.8117,24.1554,2.24444,0.233418
0.3824,18.6626,18.6626,2.24353,41.8699,42.8172,24.1553,2.24353,0.235085
0.3826,18.6386,18.6386,2.2512,41.9591,42.8228,24.1558,2.2512,0.236752
0.3828,18.6013,18.6013,2.24967,41.8467,42.8284,24.1559,2.24967,0.238418
0.383,18.5617,18.5617,2.25973,41.9446,42.8339,24.1564,2.25973,0.240085
0.3832,18.6046,18.6046,2.244,41.7488,42.8395,24.1554,2.244,0.238418
0.3834,18.6677,18.6677,2.24542,41.917,42.8451,24.1554,2.24542,0.236752
0.3836,18.6862,18.6862,2.24089,41.8737,42.8506,24.1553,2.24089,0.235085
0.3838,18.7494,18.7494,2.23254,41.8588,42.8562,24.1546,2.23254,0.233418
0.384,18.6794,18.6794,2.25417,42.1067,42.8618,24.156,2.25417,0.235085
0.3842,18.6258,18.6258,2.25111,41.9285,42.8674,24.156,2.25111,0.236752
0.3844,18.6012,18.6012,2.25538,41.9527,42.8729,24.1562,2.25538,0.238418
0.3846,18.5484,18.5484,2.26487,42.0097,42.8785,24.1568,2.26487,0.240085
0.3848,18.6129,18.6129,2.24432,41.7733,42.8841,24.1554,2.24432,0.238418
0.385,18.6781,18.6781,2.24718,41.9731,42.8896,24.1556,2.24718,0.236752
0.3852,18.6864,18.6864,2.24457,41.9428,42.8952,24.1555,2.24457,0.235085
0.3854,18.7377,18.7377,2.23408,41.8614,42.9008,24.1547,2.23408,0.233418
0.3856,18.7691,18.7691,2.23649,41.9768,42.9063,24.1548,2.23649,0.231752
0.3858,18.7162,18.7162,2.24277,41.9762,42.9119,24.1553,2.24277,0.233418
0.386,18.672,18.672,2.25192,42.0479,42.9175,24.1559,2.25192,0.235085
0.3862,18.6337,18.6337,2.25543,42.027,42.923,24.1562,2.25543,0.236752
0.3864,18.5921,18.5921,2.25818,41.9843,42.9286,24.1565,2.25818,0.238418
0.3866,18.6576,18.6576,2.24572,41.8999,42.9342,24.1555,2.24572,0.236752
0.3868,18.6998,18.6998,2.24475,41.9763,42.9397,24.1555,2.24475,0.235085
0.387,18.7331,18.7331,2.24094,41.9798,42.9453,24.1552,2.24094,0.233418
0.3872,18.7669,18.7669,2.23764,41.9936,42.9509,24.155,2.23764,0.231752
0.3874,18.7281,18.7281,2.25044,42.1465,42.9564,24.1558,2.25044,0.233418
0.3876,18.666,18.666,2.25354,42.0646,42.962,24.1561,2.25354,0.235085
0.3878,18.6415,18.6415,2.25752,42.0836,42.9676,24.1563,2.25752,0.236752
0.388,18.5819,18.5819,2.2627,42.0454,42.9731,24.1567,2.2627,0.238418
0.3882,18.6619,18.6619,2.24582,41.9112,42.9787,24.1555,2.24582,0.236752
0.3884,18.7025,18.7025,2.24925,42.0667,42.9843,24.1558,2.24925,0.235085
0.3886,18.7349,18.7349,2.24392,42.0396,42.9898,24.1553,2.24392,0.233418
0.3888,18.7728,18.7728,2.23748,42.0038,42.9954,24.1549,2.23748,0.231752
0.389,18.7341,18.7341,2.25124,42.1749,43.001,24.156,2.25124,0.233418
0.3892,18.6538,18.6538,2.25913,42.1414,43.0065,24.1564,2.25913,0.235085
0.3894,18.6388,18.6388,2.25807,42.0878,43.0121,24.1563,2.25807,0.236752
0.3896,18.6019,18.6019,2.26418,42.118,43.0177,24.1569,2.26418,0.238418
0.3898,18.5614,18.5614,2.26867,42.1097,43.0232,24.1571,2.26867,0.240085
0.39,18.6129,18.6129,2.25428,41.9587,43.0288,24.1561,2.25428,0.238418
0.3902,18.6669,18.6669,2.25689,42.1292,43.0344,24.1563,2.25689,0.236752
0.3904,18.6779,18.6779,2.2523,42.0683,43.0399,24.1559,2.2523,0.235085
0.3906,18.7538,18.7538,2.24327,42.0698,43.0455,24.1553,2.24327,0.233418
0.3908,18.6786,18.6786,2.26405,42.2893,43.0511,24.1568,2.26405,0.235085
0.391,18.6185,18.6185,2.26244,42.1231,43.0566,24.1566,2.26244,0.236752
0.3912,18.6041,18.6041,2.26437,42.1265,43.0622,24.1568,2.26437,0.238418
0.3914,18.5524,18.5524,2.27589,42.2232,43.0678,24.1575,2.27589,0.240085
0.3916,18.608,18.608,2.25565,41.973,43.0734,24.1563,2.25565,0.238418
0.3918,18.6741,18.6741,2.25624,42.1332,43.0789,24.1563,2.25624,0.236752
0.392,18.6805,18.6805,2.25548,42.1335,43.0845,24.1562,2.25548,0.235085
0.3922,18.7424,18.7424,2.24421,42.0618,43.0901,24.1554,2.24421,0.233418
0.3924,18.6861,18.6861,2.26568,42.3367,43.0956,24.1569,2.26568,0.235085
0.3926,18.6163,18.6163,2.2649,42.1641,43.1012,24.1568,2.2649,0.236752
0.3928,18.603,18.603,2.2677,42.1861,43.1068,24.1571,2.2677,0.238418
0.393,18.5594,18.5594,2.27568,42.2353,43.1123,24.1576,2.27568,0.240085
0.3932,18.6096,18.6096,2.25919,42.0426,43.1179,24.1564,2.25919,0.238418
0.3934,18.6587,18.6587,2.26356,42.235,43.1235,24.1567,2.26356,0.236752
0.3936,18.6906,18.6906,2.25466,42.1409,43.129,24.1562,2.25466,0.235085
0.3938,18.7391,18.7391,2.25171,42.195,43.1346,24.1559,2.25171,0.233418
0.394,18.7802,18.7802,2.24539,42.1688,43.1402,24.1555,2.24539,0.231752
0.3942,18.7309,18.7309,2.26064,42.3438,43.1457,24.1565,2.26064,0.233418
0.3944,18.6689,18.6689,2.26234,42.2354,43.1513,24.1566,2.26234,0.235085
0.3946,18.6413,18.6413,2.26642,42.2491,43.1569,24.1569,2.26642,0.236752
0.3948,18.5825,18.5825,2.27884,42.3466,43.1624,24.1578,2.27884,0.238418
0.395,18.6529,18.6529,2.25615,42.0838,43.168,24.1562,2.25615,0.236752
0.3952,18.7077,18.7077,2.25571,42.1992,43.1736,24.1562,2.25571,0.235085
0.3954,18.7334,18.7334,2.25494,42.2427,43.1791,24.1561,2.25494,0.233418
0.3956,18.771,18.771,2.24777,42.193,43.1847,24.1556,2.24777,0.231752
0.3958,18.7409,18.7409,2.26413,42.4318,43.1903,24.1568,2.26413,0.233418
0.396,18.654,18.654,2.26798,42.3068,43.1958,24.1571,2.26798,0.235085
0.3962,18.6357,18.6357,2.26826,42.2707,43.2014,24.157,2.26826,0.236752
0.3964,18.6036,18.6036,2.27558,42.3341,43.207,24.1575,2.27558,0.238418
0.3966,18.552,18.552,2.28165,42.3291,43.2125,24.1579,2.28165,0.240085
0.3968,18.6281,18.6281,2.26091,42.1164,43.2181,24.1565,2.26091,0.238418
0.397,18.6703,18.6703,2.26929,42.3684,43.2237,24.1572,2.26929,0.236752
0.3972,18.6787,18.6787,2.2616,42.2437,43.2292,24.1567,2.2616,0.235085
0.3974,18.7489,18.7489,2.24984,42.182,43.2348,24.1558,2.24984,0.233418
0.3976,18.6928,18.6928,2.27266,42.4823,43.2404,24.1573,2.27266,0.235085
0.3978,18.6288,18.6288,2.27358,42.3539,43.2459,24.1575,2.27358,0.236752
0.398,18.5828,18.5828,2.27968,42.3627,43.2515,24.1578,2.27968,0.238418
0.3982,18.6538,18.6538,2.2623,42.2005,43.2571,24.1566,2.2623,0.236752
0.3984,18.7118,18.7118,2.26094,42.3062,43.2626,24.1565,2.26094,0.235085
0.3986,18.7537,18.7537,2.25448,42.2798,43.2682,24.1561,2.25448,0.233418
0.3988,18.6726,18.6726,2.27734,42.5238,43.2738,24.1577,2.27734,0.235085
0.399,18.6214,18.6214,2.27426,42.3499,43.2794,24.1575,2.27426,0.236752
0.3992,18.6154,18.6154,2.27528,42.3551,43.2849,24.1576,2.27528,0.238418
0.3994,18.5436,18.5436,2.28836,42.4343,43.2905,24.1585,2.28836,0.240085
0.3996,18.6189,18.6189,2.26852,42.2372,43.2961,24.157,2.26852,0.238418
0.3998,18.6633,18.6633,2.27069,42.3787,43.3016,24.1573,2.27069,0.236752
0.4,18.7032,18.7032,2.26419,42.3477,43.3072,24.1567,2.26419,0.235085
0.4002,18.7468,18.7468,2.25873,42.344,43.3128,24.1564,2.25873,0.233418
0.4004,18.6663,18.6663,2.27717,42.5063,43.3183,24.1576,2.27717,0.235085
0.4006,18.626,18.626,2.27975,42.4628,43.3239,24.1578,2.27975,0.236752
0.4008,18.5994,18.5994,2.28074,42.4205,43.3295,24.1579,2.28074,0.238418
0.401,18.5584,18.5584,2.28516,42.4091,43.335,24.1582,2.28516,0.240085
0.4012,18.5918,18.5918,2.28153,42.4179,43.3406,24.1579,2.28153,0.238418
0.4014,18.6691,18.6691,2.26642,42.312,43.3462,24.1569,2.26642,0.236752
0.4016,18.7064,18.7064,2.27016,42.4665,43.3517,24.1572,2.27016,0.235085
0.4018,18.7394,18.7394,2.26132,42.3759,43.3573,24.1567,2.26132,0.233418
0.402,18.7841,18.7841,2.2568,42.392,43.3629,24.1563,2.2568,0.231752
0.4022,18.7278,18.7278,2.27147,42.5394,43.3684,24.1573,2.27147,0.233418
0.4024,18.6613,18.6613,2.27822,42.5145,43.374,24.1579,2.27822,0.235085
0.4026,18.6499,18.6499,2.275,42.4285,43.3796,24.1575,2.275,0.236752
0.4028,18.6059,18.6059,2.28575,42.5285,43.3851,24.1582,2.28575,0.238418
0.403,18.5456,18.5456,2.2907,42.4826,43.3907,24.1586,2.2907,0.240085
0.4032,18.5942,18.5942,2.27991,42.393,43.3963,24.1578,2.27991,0.238418
0.4034,18.681,18.681,2.2692,42.3908,43.4018,24.1572,2.2692,0.236752
0.4036,18.7026,18.7026,2.27408,42.5313,43.4074,24.1574,2.27408,0.235085
0.4038,18.7425,18.7425,2.26235,42.4021,43.413,24.1566,2.26235,0.233418
0.404,18.7764,18.7764,2.26192,42.4707,43.4185,24.1566,2.26192,0.231752
0.4042,18.7232,18.7232,2.27701,42.633,43.4241,24.1576,2.27701,0.233418
0.4044,18.6785,18.6785,2.27813,42.5521,43.4297,24.1578,2.27813,0.235085
0.4046,18.6318,18.6318,2.28443,42.5632,43.4352,24.1581,2.28443,0.236752
0.4048,18.5962,18.5962,2.28726,42.5343,43.4408,24.1584,2.28726,0.238418
0.405,18.5556,18.5556,2.29416,42.5696,43.4464,24.1589,2.29416,0.240085
0.4052,18.6187,18.6187,2.27578,42.3719,43.4519,24.1576,2.27578,0.238418
0.4054,18.6718,18.6718,2.28087,42.588,43.4575,24.158,2.28087,0.236752
0.4056,18.6946,18.6946,2.27241,42.4819,43.4631,24.1573,2.27241,0.235085
0.4058,18.7451,18.7451,2.26719,42.4985,43.4686,24.157,2.26719,0.233418
0.406,18.6849,18.6849,2.28693,42.731,43.4742,24.1583,2.28693,0.235085
0.4062,18.629,18.629,2.28378,42.5446,43.4798,24.1582,2.28378,0.236752
0.4064,18.6033,18.6033,2.29122,42.6243,43.4854,24.1586,2.29122,0.238418
0.4066,18.5505,18.5505,2.2967,42.6049,43.4909,24.159,2.2967,0.240085
0.4068,18.6254,18.6254,2.27755,42.4203,43.4965,24.1576,2.27755,0.238418
0.407,18.6847,18.6847,2.28013,42.6035,43.5021,24.1578,2.28013,0.236752
0.4072,18.699,18.699,2.27631,42.5647,43.5076,24.1576,2.27631,0.235085
0.4074,18.7302,18.7302,2.27204,42.5558,43.5132,24.1573,2.27204,0.233418
0.4076,18.7757,18.7757,2.26644,42.554,43.5188,24.1569,2.26644,0.231752
0.4078,18.728,18.728,2.28181,42.7336,43.5243,24.158,2.28181,0.233418
0.408,18.6749,18.6749,2.28255,42.6266,43.5299,24.158,2.28255,0.235085
0.4082,18.6496,18.6496,2.2898,42.7038,43.5355,24.1585,2.2898,0.236752
0.4084,18.5908,18.5908,2.29471,42.6604,43.541,24.1588,2.29471,0.238418
0.4086,18.6587,18.6587,2.2774,42.4933,43.5466,24.1577,2.2774,0.236752
0.4088,18.7048,18.7048,2.28018,42.6503,43.5522,24.1578,2.28018,0.235085
0.409,18.73,18.73,2.27529,42.6162,43.5577,24.1576,2.27529,0.233418
0.4092,18.7862,18.7862,2.26481,42.547,43.5633,24.1568,2.26481,0.231752
0.4094,18.7404,18.7404,2.28387,42.8006,43.5689,24.1581,2.28387,0.233418
0.4096,18.6696,18.6696,2.28618,42.6821,43.5744,24.1583,2.28618,0.235085
0.4098,18.6485,18.6485,2.28907,42.6876,43.58,24.1586,2.28907,0.236752
0.41,18.596,18.596,2.29876,42.7478,43.5856,24.1591,2.29876,0.238418
0.4102,18.6467,18.6467,2.28117,42.5364,43.5911,24.1579,2.28117,0.236752
0.4104,18.7096,18.7096,2.28106,42.6778,43.5967,24.158,2.28106,0.235085
0.4106,18.7512,18.7512,2.27199,42.6025,43.6023,24.1573,2.27199,0.233418
0.4108,18.6801,18.6801,2.2938,42.8485,43.6078,24.1588,2.2938,0.235085
0.411,18.6273,18.6273,2.29148,42.6842,43.6134,24.1587,2.29148,0.236752
0.4112,18.602,18.602,2.29772,42.7423,43.619,24.1591,2.29772,0.238418
0.4114,18.5609,18.5609,2.30071,42.7033,43.6245,24.1594,2.30071,0.240085
0.4116,18.6215,18.6215,2.2882,42.6097,43.6301,24.1584,2.2882,0.238418
0.4118,18.6641,18.6641,2.29049,42.7498,43.6357,24.1585,2.29049,0.236752
0.412,18.7019,18.7019,2.28191,42.676,43.6412,24.158,2.28191,0.235085
0.4122,18.7477,18.7477,2.27837,42.7141,43.6468,24.1577,2.27837,0.233418
0.4124,18.6838,18.6838,2.29455,42.8709,43.6524,24.1588,2.29455,0.235085
0.4126,18.6357,18.6357,2.29481,42.7654,43.6579,24.1588,2.29481,0.236752
0.4128,18.5932,18.5932,2.30283,42.817,43.6635,24.1594,2.30283,0.238418
0.413,18.6589,18.6589,2.28231,42.5854,43.6691,24.158,2.28231,0.236752
0.4132,18.7075,18.7075,2.2876,42.7954,43.6746,24.1583,2.2876,0.235085
0.4134,18.7297,18.7297,2.27997,42.703,43.6802,24.1579,2.27997,0.233418
0.4136,18.7848,18.7848,2.27317,42.701,43.6858,24.1574,2.27317,0.231752
0.4138,18.7237,18.7237,2.29107,42.8974,43.6914,24.1586,2.29107,0.233418
0.414,18.6669,18.6669,2.29274,42.7983,43.6969,24.1588,2.29274,0.235085
0.4142,18.6373,18.6373,2.29974,42.8609,43.7025,24.1592,2.29974,0.236752
0.4144,18.5884,18.5884,2.30394,42.8265,43.7081,24.1595,2.30394,0.238418
0.4146,18.6532,18.6532,2.28898,42.6968,43.7136,24.1584,2.28898,0.236752
0.4148,18.7229,18.7229,2.28404,42.7639,43.7192,24.1581,2.28404,0.235085
0.415,18.736,18.736,2.28656,42.8411,43.7248,24.1583,2.28656,0.233418
0.4152,18.7921,18.7921,2.27312,42.7166,43.7303,24.1574,2.27312,0.231752
0.4154,18.7221,18.7221,2.29686,43.0021,43.7359,24.159,2.29686,0.233418
0.4156,18.6674,18.6674,2.29262,42.7972,43.7415,24.1587,2.29262,0.235085
0.4158,18.6534,18.6534,2.30023,42.9072,43.747,24.1593,2.30023,0.236752
0.416,18.5899,18.5899,2.30814,42.908,43.7526,24.1598,2.30814,0.238418
0.4162,18.6629,18.6629,2.2889,42.7175,43.7582,24.1584,2.2889,0.236752
0.4164,18.7157,18.7157,2.29022,42.8631,43.7637,24.1585,2.29022,0.235085
0.4166,18.7363,18.7363,2.28681,42.8464,43.7693,24.1583,2.28681,0.233418
0.4168,18.7941,18.7941,2.27756,42.8047,43.7749,24.1576,2.27756,0.231752
0.417,18.7193,18.7193,2.29766,43.0106,43.7804,24.159,2.29766,0.233418
0.4172,18.6669,18.6669,2.29769,42.8907,43.786,24.159,2.29769,0.235085
0.4174,18.6497,18.6497,2.30034,42.9007,43.7916,24.1592,2.30034,0.236752
0.4176,18.5958,18.5958,2.3112,42.9787,43.7971,24.16,2.3112,0.238418
0.4178,18.6605,18.6605,2.28858,42.7061,43.8027,24.1585,2.28858,0.236752
0.418,18.7258,18.7258,2.29092,42.8992,43.8083,24.1586,2.29092,0.235085
0.4182,18.7362,18.7362,2.28865,42.8805,43.8138,24.1584,2.28865,0.233418
0.4184,18.79,18.79,2.28249,42.888,43.8194,24.158,2.28249,0.231752
0.4186,18.725,18.725,2.29768,43.024,43.825,24.159,2.29768,0.233418
0.4188,18.6747,18.6747,2.29822,42.9185,43.8305,24.1591,2.29822,0.235085
0.419,18.6478,18.6478,2.304,42.9646,43.8361,24.1595,2.304,0.236752
0.4192,18.5973,18.5973,2.31164,42.9903,43.8417,24.16,2.31164,0.238418
0.4194,18.5621,18.5621,2.31401,42.9529,43.8472,24.1603,2.31401,0.240085
0.4196,18.606,18.606,2.30145,42.8207,43.8528,24.1593,2.30145,0.238418
0.4198,18.6736,18.6736,2.29835,42.9185,43.8584,24.1591,2.29835,0.236752
0.42,18.7005,18.7005,2.29599,42.936,43.8639,24.1589,2.29599,0.235085
0.4202,18.7457,18.7457,2.2848,42.83,43.8695,24.1582,2.2848,0.233418
0.4204,18.6922,18.6922,2.30844,43.1499,43.8751,24.1598,2.30844,0.235085
0.4206,18.6366,18.6366,2.30417,42.9418,43.8806,24.1595,2.30417,0.236752
0.4208,18.6007,18.6007,2.31651,43.0886,43.8862,24.1603,2.31651,0.238418
0.421,18.5594,18.5594,2.31542,42.9728,43.8918,24.1602,2.31542,0.240085
0.4212,18.6233,18.6233,2.30261,42.8823,43.8974,24.1594,2.30261,0.238418
0.4214,18.6794,18.6794,2.29735,42.913,43.9029,24.159,2.29735,0.236752
0.4216,18.7049,18.7049,2.29875,42.998,43.9085,24.1591,2.29875,0.235085
0.4218,18.7343,18.7343,2.29249,42.9483,43.9141,24.1587,2.29249,0.233418
0.422,18.7943,18.7943,2.28337,42.9143,43.9196,24.1582,2.28337,0.231752
0.4222,18.73,18.73,2.30595,43.1905,43.9252,24.1597,2.30595,0.233418
0.4224,18.6787,18.6787,2.30092,42.9783,43.9308,24.1593,2.30092,0.235085
0.4226,18.6541,18.6541,2.31004,43.0916,43.9363,24.1599,2.31004,0.236752
0.4228,18.594,18.594,2.31725,43.0869,43.9419,24.1605,2.31725,0.238418
0.423,18.6796,18.6796,2.29194,42.8125,43.9475,24.1587,2.29194,0.236752
0.4232,18.7133,18.7133,2.30548,43.1433,43.953,24.1596,2.30548,0.235085
0.4234,18.7328,18.7328,2.29515,42.9946,43.9586,24.1589,2.29515,0.233418
0.4236,18.7988,18.7988,2.28703,42.9935,43.9642,24.1583,2.28703,0.231752
0.4238,18.7248,18.7248,2.30836,43.2236,43.9697,24.1598,2.30836,0.233418
0.424,18.677,18.677,2.30454,43.0419,43.9753,24.1595,2.30454,0.235085
0.4242,18.6477,18.6477,2.31147,43.1037,43.9809,24.1601,2.31147,0.236752
0.4244,18.5906,18.5906,2.32134,43.1551,43.9864,24.1608,2.32134,0.238418
0.4246,18.6633,18.6633,2.29971,42.9201,43.992,24.1592,2.29971,0.236752
0.4248,18.7147,18.7147,2.304,43.1187,43.9976,24.1595,2.304,0.235085
0.425,18.7373,18.7373,2.29865,43.0705,44.0031,24.1591,2.29865,0.233418
0.4252,18.7862,18.7862,2.28898,43.0012,44.0087,24.1585,2.28898,0.231752
0.4254,18.7319,18.7319,2.30787,43.2307,44.0143,24.1599,2.30787,0.233418
0.4256,18.6774,18.6774,2.30787,43.105,44.0198,24.1597,2.30787,0.235085
0.4258,18.6467,18.6467,2.31385,43.1458,44.0254,24.1603,2.31385,0.236752
0.426,18.6018,18.6018,2.32312,43.2142,44.031,24.1608,2.32312,0.238418
0.4262,18.5551,18.5551,2.32478,43.1366,44.0365,24.161,2.32478,0.240085
0.4264,18.6319,18.6319,2.30868,43.0151,44.0421,24.1599,2.30868,0.238418
0.4266,18.6853,18.6853,2.30587,43.0859,44.0477,24.1596,2.30587,0.236752
0.4268,18.704,18.704,2.30824,43.1735,44.0532,24.1599,2.30824,0.235085
0.427,18.7425,18.7425,2.29964,43.1008,44.0588,24.1592,2.29964,0.233418
0.4272,18.6883,18.6883,2.31452,43.2545,44.0644,24.1602,2.31452,0.235085
0.4274,18.6415,18.6415,2.31738,43.1995,44.0699,24.1605,2.31738,0.236752
0.4276,18.6071,18.6071,2.32222,43.2097,44.0755,24.1607,2.32222,0.238418
0.4278,18.5612,18.5612,2.32845,43.2189,44.0811,24.1612,2.32845,0.240085
0.428,18.6137,18.6137,2.31572,43.104,44.0866,24.1603,2.31572,0.238418
0.4282,18.6768,18.6768,2.30869,43.1188,44.0922,24.1598,2.30869,0.236752
0.4284,18.7025,18.7025,2.30755,43.1568,44.0978,24.1597,2.30755,0.235085
0.4286,18.7511,18.7511,2.30173,43.1599,44.1034,24.1593,2.30173,0.233418
0.4288,18.6988,18.6988,2.31669,43.3192,44.1089,24.1604,2.31669,0.235085
0.429,18.6235,18.6235,2.3222,43.2475,44.1145,24.1608,2.3222,0.236752
0.4292,18.6108,18.6108,2.32269,43.2272,44.1201,24.1609,2.32269,0.238418
0.4294,18.574,18.574,2.32684,43.2188,44.1256,24.1612,2.32684,0.240085
0.4296,18.6189,18.6189,2.31897,43.1765,44.1312,24.1605,2.31897,0.238418
0.4298,18.6741,18.6741,2.31132,43.1618,44.1368,24.16,2.31132,0.236752
0.43,18.6987,18.6987,2.31377,43.2645,44.1423,24.1603,2.31377,0.235085
0.4302,18.7481,18.7481,2.30161,43.1508,44.1479,24.1594,2.30161,0.233418
0.4304,18.6981,18.6981,2.32223,43.4213,44.1535,24.1607,2.32223,0.235085
0.4306,18.6367,18.6367,2.3216,43.2669,44.159,24.1608,2.3216,0.236752
0.4308,18.6141,18.6141,2.32543,43.2857,44.1646,24.1609,2.32543,0.238418
0.431,18.561,18.561,2.33317,43.306,44.1702,24.1616,2.33317,0.240085
0.4312,18.6089,18.6089,2.31876,43.1495,44.1757,24.1605,2.31876,0.238418
0.4314,18.6791,18.6791,2.31643,43.2689,44.1813,24.1603,2.31643,0.236752
0.4316,18.6994,18.6994,2.3147,43.2836,44.1869,24.1603,2.3147,0.235085
0.4318,18.751,18.751,2.30312,43.1858,44.1924,24.1594,2.30312,0.233418
0.432,18.6864,18.6864,2.32771,43.4964,44.198,24.1611,2.32771,0.235085
0.4322,18.6406,18.6406,2.31858,43.2198,44.2036,24.1605,2.31858,0.236752
0.4324,18.6126,18.6126,2.32755,43.3219,44.2091,24.1611,2.32755,0.238418
0.4326,18.5634,18.5634,2.3388,43.4162,44.2147,24.1619,2.3388,0.240085
0.4328,18.6052,18.6052,2.32272,43.2146,44.2203,24.1608,2.32272,0.238418
0.433,18.6815,18.6815,2.31633,43.2725,44.2258,24.1603,2.31633,0.236752
0.4332,18.7026,18.7026,2.31604,43.316,44.2314,24.1604,2.31604,0.235085
0.4334,18.7487,18.7487,2.30873,43.2855,44.237,24.1598,2.30873,0.233418
0.4336,18.6732,18.6732,2.33034,43.515,44.2425,24.1614,2.33034,0.235085
0.4338,18.6488,18.6488,2.3216,43.295,44.2481,24.1607,2.3216,0.236752
0.434,18.6154,18.6154,2.33252,43.4208,44.2537,24.1614,2.33252,0.238418
0.4342,18.5533,18.5533,2.33991,43.4129,44.2592,24.1619,2.33991,0.240085
0.4344,18.6145,18.6145,2.32183,43.2197,44.2648,24.1608,2.32183,0.238418
0.4346,18.7005,18.7005,2.31818,43.3511,44.2704,24.1604,2.31818,0.236752
0.4348,18.6829,18.6829,2.32506,43.4387,44.2759,24.161,2.32506,0.235085
0.435,18.7475,18.7475,2.30852,43.2789,44.2815,24.1598,2.30852,0.233418
0.4352,18.7023,18.7023,2.32366,43.4578,44.2871,24.1609,2.32366,0.235085
0.4354,18.6454,18.6454,2.33006,43.4448,44.2926,24.1614,2.33006,0.236752
0.4356,18.6072,18.6072,2.33383,43.426,44.2982,24.1615,2.33383,0.238418
0.4358,18.5684,18.5684,2.33868,43.4255,44.3038,24.1618,2.33868,0.240085
0.436,18.6259,18.6259,2.32418,43.2899,44.3094,24.1609,2.32418,0.238418
0.4362,18.6776,18.6776,2.32575,43.4395,44.3149,24.1609,2.32575,0.236752
0.4364,18.6982,18.6982,2.31809,43.3441,44.3205,24.1604,2.31809,0.235085
0.4366,18.7575,18.7575,2.31224,43.3719,44.3261,24.1601,2.31224,0.233418
0.4368,18.6911,18.6911,2.33086,43.5663,44.3316,24.1613,2.33086,0.235085
0.437,18.6442,18.6442,2.33017,43.4442,44.3372,24.1614,2.33017,0.236752
0.4372,18.6118,18.6118,2.33588,43.4748,44.3428,24.1618,2.33588,0.238418
0.4374,18.5576,18.5576,2.34471,43.5121,44.3483,24.1623,2.34471,0.240085
0.4376,18.6217,18.6217,2.32362,43.2697,44.3539,24.1609,2.32362,0.238418
0.4378,18.6874,18.6874,2.3263,43.4725,44.3595,24.161,2.3263,0.236752
0.438,18.696,18.696,2.32418,43.4527,44.365,24.1609,2.32418,0.235085
0.4382,18.743,18.743,2.31697,43.427,44.3706,24.1603,2.31697,0.233418
0.4384,18.6889,18.6889,2.33179,43.5785,44.3762,24.1614,2.33179,0.235085
0.4386,18.6509,18.6509,2.33362,43.5241,44.3817,24.1615,2.33362,0.236752
0.4388,18.5998,18.5998,2.34184,43.5578,44.3873,24.1621,2.34184,0.238418
0.439,18.5604,18.5604,2.34231,43.4742,44.3929,24.1621,2.34231,0.240085
0.4392,18.6388,18.6388,2.32738,43.3795,44.3984,24.1611,2.32738,0.238418
0.4394,18.6751,18.6751,2.32867,43.4881,44.404,24.1613,2.32867,0.236752
0.4396,18.7062,18.7062,2.32424,43.4776,44.4096,24.1609,2.32424,0.235085
0.4398,18.7406,18.7406,2.32335,43.5408,44.4151,24.1608,2.32335,0.233418
0.44,18.6779,18.6779,2.33648,43.6406,44.4207,24.1617,2.33648,0.235085
0.4402,18.642,18.642,2.33573,43.5425,44.4263,24.1617,2.33573,0.236752
0.4404,18.617,18.617,2.34036,43.5705,44.4318,24.162,2.34036,0.238418
0.4406,18.5568,18.5568,2.34721,43.5568,44.4374,24.1624,2.34721,0.240085
0.4408,18.6357,18.6357,2.32899,43.4024,44.443,24.1613,2.32899,0.238418
0.441,18.6659,18.6659,2.33513,43.5873,44.4485,24.1617,2.33513,0.236752
0.4412,18.7117,18.7117,2.31916,43.3954,44.4541,24.1605,2.31916,0.235085
0.4414,18.7679,18.7679,2.32292,43.5961,44.4597,24.1608,2.32292,0.233418
0.4416,18.6934,18.6934,2.33489,43.647,44.4652,24.1616,2.33489,0.235085
0.4418,18.6337,18.6337,2.34187,43.6377,44.4708,24.1621,2.34187,0.236752
0.442,18.6108,18.6108,2.3435,43.6143,44.4764,24.1622,2.3435,0.238418
0.4422,18.5624,18.5624,2.35081,43.6367,44.4819,24.1627,2.35081,0.240085
0.4424,18.6298,18.6298,2.33258,43.4556,44.4875,24.1615,2.33258,0.238418
0.4426,18.6836,18.6836,2.33317,43.592,44.4931,24.1616,2.33317,0.236752
0.4428,18.7249,18.7249,2.32097,43.46,44.4986,24.1606,2.32097,0.235085
0.443,18.758,18.758,2.32758,43.6607,44.5042,24.1611,2.32758,0.233418
0.4432,18.6834,18.6834,2.3393,43.7061,44.5098,24.1619,2.3393,0.235085
0.4434,18.6396,18.6396,2.3436,43.6837,44.5154,24.1622,2.3436,0.236752
0.4436,18.5992,18.5992,2.34737,43.6591,44.5209,24.1624,2.34737,0.238418
0.4438,18.5669,18.5669,2.35025,43.6369,44.5265,24.1628,2.35025,0.240085
0.444,18.6243,18.6243,2.33635,43.5128,44.5321,24.1617,2.33635,0.238418
0.4442,18.6817,18.6817,2.33523,43.626,44.5376,24.1616,2.33523,0.236752
0.4444,18.7015,18.7015,2.32926,43.5607,44.5432,24.1612,2.32926,0.235085
0.4446,18.7549,18.7549,2.32738,43.6499,44.5488,24.1611,2.32738,0.233418
0.4448,18.7065,18.7065,2.33446,43.6695,44.5543,24.1616,2.33446,0.235085
0.445,18.643,18.643,2.34669,43.7492,44.5599,24.1625,2.34669,0.236752
0.4452,18.6022,18.6022,2.34963,43.7083,44.5655,24.1626,2.34963,0.238418
0.4454,18.5673,18.5673,2.3545,43.7168,44.571,24.1629,2.3545,0.240085
0.4456,18.6218,18.6218,2.34006,43.5761,44.5766,24.162,2.34006,0.238418
0.4458,18.6796,18.6796,2.33813,43.6752,44.5822,24.1619,2.33813,0.236752
0.446,18.7098,18.7098,2.33214,43.634,44.5877,24.1614,2.33214,0.235085
0.4462,18.7672,18.7672,2.32754,43.6813,44.5933,24.1611,2.32754,0.233418
0.4464,18.6798,18.6798,2.34711,43.8435,44.5989,24.1625,2.34711,0.235085
0.4466,18.6365,18.6365,2.34573,43.7162,44.6044,24.1624,2.34573,0.236752
0.4468,18.608,18.608,2.35231,43.7717,44.61,24.1628,2.35231,0.238418
0.447,18.5473,18.5473,2.35941,43.7607,44.6156,24.1633,2.35941,0.240085
0.4472,18.6311,18.6311,2.33757,43.5515,44.6211,24.1619,2.33757,0.238418
0.4474,18.6823,18.6823,2.34324,43.777,44.6267,24.1621,2.34324,0.236752
0.4476,18.7355,18.7355,2.32522,43.5641,44.6323,24.1609,2.32522,0.235085
0.4478,18.6525,18.6525,2.35811,43.9846,44.6378,24.1632,2.35811,0.236752
0.448,18.5846,18.5846,2.35319,43.733,44.6434,24.163,2.35319,0.238418
0.4482,18.6831,18.6831,2.33342,43.5955,44.649,24.1616,2.33342,0.236752
0.4484,18.72,18.72,2.33826,43.7721,44.6545,24.1618,2.33826,0.235085
0.4486,18.7352,18.7352,2.33595,43.7644,44.6601,24.1617,2.33595,0.233418
0.4488,18.7689,18.7689,2.33084,43.7474,44.6657,24.1613,2.33084,0.231752
0.449,18.7299,18.7299,2.34068,43.8408,44.6712,24.162,2.34068,0.233418
0.4492,18.6879,18.6879,2.34496,43.8224,44.6768,24.1623,2.34496,0.235085
0.4494,18.6441,18.6441,2.35215,43.8537,44.6824,24.1628,2.35215,0.236752
0.4496,18.6107,18.6107,2.35427,43.8145,44.6879,24.1629,2.35427,0.238418
0.4498,18.565,18.565,2.36044,43.8216,44.6935,24.1635,2.36044,0.240085
0.45,18.6308,18.6308,2.34514,43.6918,44.6991,24.1623,2.34514,0.238418
0.4502,18.6745,18.6745,2.34544,43.7999,44.7046,24.1624,2.34544,0.236752
0.4504,18.7349,18.7349,2.33909,43.8224,44.7102,24.1619,2.33909,0.235085
0.4506,18.6394,18.6394,2.36096,44.0068,44.7158,24.1634,2.36096,0.236752
0.4508,18.5997,18.5997,2.35389,43.7817,44.7214,24.1629,2.35389,0.238418
0.451,18.5829,18.5829,2.36009,43.8574,44.7269,24.1634,2.36009,0.240085
0.4512,18.5267,18.5267,2.36738,43.8599,44.7325,24.1639,2.36738,0.241752
0.4514,18.5964,18.5964,2.35138,43.7272,44.7381,24.1627,2.35138,0.240085
0.4516,18.63,18.63,2.3552,43.8774,44.7436,24.163,2.3552,0.238418
0.4518,18.6591,18.6591,2.34662,43.7858,44.7492,24.1625,2.34662,0.236752
0.452,18.7309,18.7309,2.34013,43.8327,44.7548,24.1619,2.34013,0.235085
0.4522,18.6386,18.6386,2.36259,44.0354,44.7603,24.1635,2.36259,0.236752
0.4524,18.6101,18.6101,2.35291,43.7879,44.7659,24.1628,2.35291,0.238418
0.4526,18.5749,18.5749,2.36742,43.9746,44.7715,24.1638,2.36742,0.240085
0.4528,18.5218,18.5218,2.36978,43.8925,44.777,24.164,2.36978,0.241752
0.453,18.5868,18.5868,2.35693,43.8077,44.7826,24.1631,2.35693,0.240085
0.4532,18.627,18.627,2.35592,43.8837,44.7882,24.163,2.35592,0.238418
0.4534,18.6653,18.6653,2.35017,43.8667,44.7937,24.1626,2.35017,0.236752
0.4536,18.7191,18.7191,2.3427,43.8532,44.7993,24.1622,2.3427,0.235085
0.4538,18.6434,18.6434,2.36433,44.0793,44.8049,24.1636,2.36433,0.236752
0.454,18.6078,18.6078,2.35964,43.9076,44.8104,24.1634,2.35964,0.238418
0.4542,18.5663,18.5663,2.36865,43.9771,44.816,24.164,2.36865,0.240085
0.4544,18.6321,18.6321,2.35251,43.8323,44.8216,24.1628,2.35251,0.238418
0.4546,18.6727,18.6727,2.35302,43.9373,44.8271,24.1628,2.35302,0.236752
0.4548,18.7273,18.7273,2.34172,43.8542,44.8327,24.1621,2.34172,0.235085
0.455,18.644,18.644,2.36914,44.1701,44.8383,24.1639,2.36914,0.236752
0.4552,18.6037,18.6037,2.35798,43.8672,44.8438,24.1632,2.35798,0.238418
0.4554,18.5786,18.5786,2.37048,44.0403,44.8494,24.164,2.37048,0.240085
0.4556,18.5228,18.5228,2.37321,43.9584,44.855,24.1642,2.37321,0.241752
0.4558,18.585,18.585,2.3591,43.8439,44.8605,24.1633,2.3591,0.240085
0.456,18.6394,18.6394,2.35897,43.97,44.8661,24.1632,2.35897,0.238418
0.4562,18.6599,18.6599,2.3571,43.9831,44.8717,24.1631,2.3571,0.236752
0.4564,18.7222,18.7222,2.34758,43.9519,44.8772,24.1624,2.34758,0.235085
0.4566,18.6455,18.6455,2.36809,44.1542,44.8828,24.1639,2.36809,0.236752
0.4568,18.6033,18.6033,2.36695,44.0332,44.8884,24.1637,2.36695,0.238418
0.457,18.5594,18.5594,2.37459,44.071,44.8939,24.1643,2.37459,0.240085
0.4572,18.6278,18.6278,2.3559,43.8854,44.8995,24.163,2.3559,0.238418
0.4574,18.6865,18.6865,2.35478,44.0026,44.9051,24.1629,2.35478,0.236752
0.4576,18.7223,18.7223,2.35167,44.0286,44.9106,24.1627,2.35167,0.235085
0.4578,18.7461,18.7461,2.34854,44.026,44.9162,24.1626,2.34854,0.233418
0.458,18.7908,18.7908,2.34131,43.9951,44.9218,24.162,2.34131,0.231752
0.4582,18.7327,18.7327,2.35795,44.1708,44.9274,24.1632,2.35795,0.233418
0.4584,18.6957,18.6957,2.35622,44.0512,44.9329,24.1631,2.35622,0.235085
0.4586,18.6493,18.6493,2.36728,44.148,44.9385,24.1638,2.36728,0.236752
0.4588,18.606,18.606,2.37075,44.1101,44.9441,24.1642,2.37075,0.238418
0.459,18.5531,18.5531,2.37677,44.0964,44.9496,24.1646,2.37677,0.240085
0.4592,18.6329,18.6329,2.35773,43.9313,44.9552,24.1632,2.35773,0.238418
0.4594,18.6755,18.6755,2.36002,44.0746,44.9608,24.1634,2.36002,0.236752
0.4596,18.7046,18.7046,2.3556,44.0606,44.9663,24.163,2.3556,0.235085
0.4598,18.7521,18.7521,2.34719,44.0147,44.9719,24.1624,2.34719,0.233418
0.46,18.704,18.704,2.36369,44.2105,44.9775,24.1637,2.36369,0.235085
0.4602,18.6416,18.6416,2.36982,44.1771,44.983,24.164,2.36982,0.236752
0.4604,18.6179,18.6179,2.36848,44.096,44.9886,24.1639,2.36848,0.238418
0.4606,18.5679,18.5679,2.37854,44.1644,44.9942,24.1646,2.37854,0.240085
0.4608,18.6415,18.6415,2.36054,44.0039,44.9997,24.1633,2.36054,0.238418
0.461,18.6738,18.6738,2.36389,44.1428,45.0053,24.1636,2.36389,0.236752
0.4612,18.7025,18.7025,2.35797,44.0999,45.0109,24.1632,2.35797,0.235085
0.4614,18.7562,18.7562,2.34915,44.0612,45.0164,24.1626,2.34915,0.233418
0.4616,18.69,18.69,2.37287,44.349,45.022,24.1643,2.37287,0.235085
0.4618,18.6276,18.6276,2.3699,44.1457,45.0276,24.164,2.3699,0.236752
0.462,18.6211,18.6211,2.37247,44.1778,45.0331,24.1642,2.37247,0.238418
0.4622,18.5519,18.5519,2.38467,44.2402,45.0387,24.165,2.38467,0.240085
0.4624,18.6315,18.6315,2.35949,43.9609,45.0443,24.1634,2.35949,0.238418
0.4626,18.6843,18.6843,2.36722,44.2297,45.0498,24.1638,2.36722,0.236752
0.4628,18.7119,18.7119,2.35733,44.1102,45.0554,24.1631,2.35733,0.235085
0.463,18.747,18.747,2.35638,44.1749,45.061,24.1631,2.35638,0.233418
0.4632,18.7105,18.7105,2.36515,44.253,45.0665,24.1637,2.36515,0.235085
0.4634,18.636,18.636,2.37677,44.2935,45.0721,24.1645,2.37677,0.236752
0.4636,18.5965,18.5965,2.37666,44.1976,45.0777,24.1644,2.37666,0.238418
0.4638,18.5555,18.5555,2.38575,44.2687,45.0832,24.1651,2.38575,0.240085
0.464,18.6296,18.6296,2.36482,44.0558,45.0888,24.1638,2.36482,0.238418
0.4642,18.6762,18.6762,2.36899,44.2439,45.0944,24.1639,2.36899,0.236752
0.4644,18.7107,18.7107,2.36242,44.2024,45.0999,24.1635,2.36242,0.235085
0.4646,18.722,18.722,2.36342,44.2481,45.1055,24.1635,2.36342,0.233418
0.4648,18.7906,18.7906,2.34684,44.0986,45.1111,24.1624,2.34684,0.231752
0.465,18.7328,18.7328,2.37112,44.4177,45.1166,24.1641,2.37112,0.233418
0.4652,18.683,18.683,2.368,44.2414,45.1222,24.1639,2.368,0.235085
0.4654,18.6544,18.6544,2.37562,44.3156,45.1278,24.1645,2.37562,0.236752
0.4656,18.6082,18.6082,2.37957,44.2795,45.1334,24.1647,2.37957,0.238418
0.4658,18.5683,18.5683,2.38611,44.306,45.1389,24.1651,2.38611,0.240085
0.466,18.6341,18.6341,2.36624,44.0928,45.1445,24.1638,2.36624,0.238418
0.4662,18.6823,18.6823,2.3714,44.3031,45.1501,24.1642,2.3714,0.236752
0.4664,18.7199,18.7199,2.36147,44.2066,45.1556,24.1634,2.36147,0.235085
0.4666,18.7282,18.7282,2.36725,44.3342,45.1612,24.1638,2.36725,0.233418
0.4668,18.7863,18.7863,2.34778,44.1062,45.1668,24.1626,2.34778,0.231752
0.467,18.7483,18.7483,2.37264,44.4828,45.1723,24.1642,2.37264,0.233418
0.4672,18.6751,18.6751,2.37399,44.3345,45.1779,24.1643,2.37399,0.235085
0.4674,18.6489,18.6489,2.37686,44.3258,45.1835,24.1646,2.37686,0.236752
0.4676,18.6288,18.6288,2.37917,44.3213,45.189,24.1647,2.37917,0.238418
0.4678,18.5614,18.5614,2.39388,44.4337,45.1946,24.1656,2.39388,0.240085
0.468,18.6351,18.6351,2.36795,44.127,45.2002,24.1639,2.36795,0.238418
0.4682,18.6753,18.6753,2.37635,44.3789,45.2057,24.1644,2.37635,0.236752
0.4684,18.7203,18.7203,2.3617,44.2118,45.2113,24.1634,2.3617,0.235085
0.4686,18.6695,18.6695,2.38212,44.473,45.2169,24.1649,2.38212,0.236752
0.4688,18.5896,18.5896,2.3871,44.3753,45.2224,24.1652,2.3871,0.238418
0.469,18.5766,18.5766,2.38566,44.3175,45.228,24.1652,2.38566,0.240085
0.4692,18.5315,18.5315,2.39985,44.473,45.2336,24.166,2.39985,0.241752
0.4694,18.5785,18.5785,2.38064,44.2288,45.2391,24.1647,2.38064,0.240085
0.4696,18.6441,18.6441,2.37784,44.3327,45.2447,24.1646,2.37784,0.238418
0.4698,18.6644,18.6644,2.37672,44.3601,45.2503,24.1646,2.37672,0.236752
0.47,18.7332,18.7332,2.36416,44.2884,45.2558,24.1636,2.36416,0.235085
0.4702,18.6501,18.6501,2.3906,44.585,45.2614,24.1654,2.3906,0.236752
0.4704,18.6107,18.6107,2.38364,44.3611,45.267,24.1651,2.38364,0.238418
0.4706,18.5854,18.5854,2.39109,44.4394,45.2725,24.1655,2.39109,0.240085
0.4708,18.5292,18.5292,2.39871,44.4462,45.2781,24.1661,2.39871,0.241752
0.471,18.5772,18.5772,2.38405,44.289,45.2837,24.1649,2.38405,0.240085
0.4712,18.6496,18.6496,2.3779,44.3468,45.2892,24.1646,2.3779,0.238418
0.4714,18.6749,18.6749,2.38034,44.4526,45.2948,24.1647,2.38034,0.236752
0.4716,18.7051,18.7051,2.37163,44.3615,45.3004,24.1641,2.37163,0.235085
0.4718,18.7512,18.7512,2.36966,44.4339,45.3059,24.164,2.36966,0.233418
0.472,18.7026,18.7026,2.37921,44.4975,45.3115,24.1647,2.37921,0.235085
0.4722,18.6449,18.6449,2.38671,44.4999,45.3171,24.1652,2.38671,0.236752
0.4724,18.6118,18.6118,2.39086,44.4983,45.3226,24.1655,2.39086,0.238418
0.4726,18.5674,18.5674,2.39494,44.4679,45.3282,24.1657,2.39494,0.240085
0.4728,18.6383,18.6383,2.37916,44.3435,45.3338,24.1646,2.37916,0.238418
0.473,18.685,18.685,2.38079,44.4851,45.3394,24.1647,2.38079,0.236752
0.4732,18.708,18.708,2.37414,44.4155,45.3449,24.1643,2.37414,0.235085
0.4734,18.7555,18.7555,2.36905,44.4327,45.3505,24.1639,2.36905,0.233418
0.4736,18.6958,18.6958,2.38608,44.6097,45.3561,24.1651,2.38608,0.235085
0.4738,18.6424,18.6424,2.3879,44.5162,45.3616,24.1652,2.3879,0.236752
0.474,18.6184,18.6184,2.39302,44.5542,45.3672,24.1657,2.39302,0.238418
0.4742,18.5735,18.5735,2.39866,44.5514,45.3728,24.1661,2.39866,0.240085
0.4744,18.6334,18.6334,2.38343,44.4115,45.3783,24.1649,2.38343,0.238418
0.4746,18.6801,18.6801,2.37837,44.4283,45.3839,24.1647,2.37837,0.236752
0.4748,18.7109,18.7109,2.38177,44.5652,45.3895,24.1648,2.38177,0.235085
0.475,18.7412,18.7412,2.37288,44.4707,45.395,24.1642,2.37288,0.233418
0.4752,18.6903,18.6903,2.38853,44.6425,45.4006,24.1653,2.38853,0.235085
0.4754,18.6512,18.6512,2.38793,44.5377,45.4062,24.1652,2.38793,0.236752
0.4756,18.6197,18.6197,2.39649,44.6218,45.4117,24.1658,2.39649,0.238418
0.4758,18.5477,18.5477,2.40251,44.5612,45.4173,24.1662,2.40251,0.240085
0.476,18.6373,18.6373,2.38118,44.3788,45.4229,24.1648,2.38118,0.238418
0.4762,18.6805,18.6805,2.38512,44.5554,45.4284,24.165,2.38512,0.236752
0.4764,18.7124,18.7124,2.37877,44.5124,45.434,24.1646,2.37877,0.235085
0.4766,18.7499,18.7499,2.37541,44.5388,45.4396,24.1645,2.37541,0.233418
0.4768,18.7021,18.7021,2.38862,44.6722,45.4451,24.1653,2.38862,0.235085
0.477,18.6513,18.6513,2.39228,44.6192,45.4507,24.1655,2.39228,0.236752
0.4772,18.6344,18.6344,2.39756,44.677,45.4563,24.166,2.39756,0.238418
0.4774,18.5672,18.5672,2.40444,44.6436,45.4618,24.1664,2.40444,0.240085
0.4776,18.6349,18.6349,2.3879,44.4983,45.4674,24.1652,2.3879,0.238418
0.4778,18.6819,18.6819,2.38577,44.5707,45.473,24.1651,2.38577,0.236752
0.478,18.7226,18.7226,2.38139,44.5857,45.4785,24.1648,2.38139,0.235085
0.4782,18.6426,18.6426,2.39995,44.7413,45.4841,24.166,2.39995,0.236752
0.4784,18.6104,18.6104,2.39511,44.574,45.4897,24.1657,2.39511,0.238418
0.4786,18.5683,18.5683,2.40684,44.691,45.4952,24.1665,2.40684,0.240085
0.4788,18.6319,18.6319,2.38531,44.4427,45.5008,24.165,2.38531,0.238418
0.479,18.6956,18.6956,2.38656,44.6181,45.5064,24.1652,2.38656,0.236752
0.4792,18.7265,18.7265,2.38134,44.5942,45.5119,24.1649,2.38134,0.235085
0.4794,18.6622,18.6622,2.39765,44.7455,45.5175,24.1659,2.39765,0.236752
0.4796,18.6118,18.6118,2.40044,44.6766,45.5231,24.1661,2.40044,0.238418
0.4798,18.579,18.579,2.40544,44.6907,45.5286,24.1665,2.40544,0.240085
0.48,18.5304,18.5304,2.41324,44.7183,45.5342,24.167,2.41324,0.241752
0.4802,18.597,18.597,2.39592,44.557,45.5398,24.1658,2.39592,0.240085
0.4804,18.647,18.647,2.39748,44.7059,45.5454,24.166,2.39748,0.238418
0.4806,18.6722,18.6722,2.39027,44.6318,45.5509,24.1654,2.39027,0.236752
0.4808,18.7293,18.7293,2.3815,44.6038,45.5565,24.1649,2.3815,0.235085
0.481,18.6622,18.6622,2.4027,44.8397,45.5621,24.1662,2.4027,0.236752
0.4812,18.6166,18.6166,2.39613,44.6078,45.5676,24.1658,2.39613,0.238418
0.4814,18.575,18.575,2.41169,44.7972,45.5732,24.1668,2.41169,0.240085
0.4816,18.5377,18.5377,2.41129,44.6998,45.5788,24.1668,2.41129,0.241752
0.4818,18.5968,18.5968,2.39753,44.5864,45.5843,24.1659,2.39753,0.240085
0.482,18.6558,18.6558,2.3988,44.7515,45.5899,24.1659,2.3988,0.238418
0.4822,18.668,18.668,2.39394,44.6901,45.5955,24.1656,2.39394,0.236752
0.4824,18.7281,18.7281,2.38354,44.6393,45.601,24.165,2.38354,0.235085
0.4826,18.6642,18.6642,2.40568,44.9002,45.6066,24.1664,2.40568,0.236752
0.4828,18.6066,18.6066,2.40429,44.7358,45.6122,24.1664,2.40429,0.238418
0.483,18.5741,18.5741,2.41155,44.7923,45.6177,24.167,2.41155,0.240085
0.4832,18.5393,18.5393,2.41285,44.7326,45.6233,24.167,2.41285,0.241752
0.4834,18.607,18.607,2.39906,44.6393,45.6289,24.166,2.39906,0.240085
0.4836,18.6411,18.6411,2.40249,44.7851,45.6344,24.1662,2.40249,0.238418
0.4838,18.6766,18.6766,2.39299,44.693,45.64,24.1655,2.39299,0.236752
0.484,18.7269,18.7269,2.38936,44.7452,45.6456,24.1653,2.38936,0.235085
0.4842,18.6594,18.6594,2.40778,44.9279,45.6511,24.1666,2.40778,0.236752
0.4844,18.6134,18.6134,2.40671,44.797,45.6567,24.1665,2.40671,0.238418
0.4846,18.5843,18.5843,2.41324,44.8484,45.6623,24.167,2.41324,0.240085
0.4848,18.5322,18.5322,2.41644,44.782,45.6678,24.1673,2.41644,0.241752
0.485,18.6034,18.6034,2.40385,44.7198,45.6734,24.1663,2.40385,0.240085
0.4852,18.6384,18.6384,2.40389,44.8046,45.679,24.1664,2.40389,0.238418
0.4854,18.6755,18.6755,2.39768,44.7779,45.6845,24.1659,2.39768,0.236752
0.4856,18.7314,18.7314,2.38844,44.7388,45.6901,24.1653,2.38844,0.235085
0.4858,18.6526,18.6526,2.41409,45.0291,45.6957,24.1671,2.41409,0.236752
0.486,18.614,18.614,2.40624,44.7897,45.7012,24.1666,2.40624,0.238418
0.4862,18.5934,18.5934,2.41581,44.9182,45.7068,24.1671,2.41581,0.240085
0.4864,18.5371,18.5371,2.42087,44.876,45.7124,24.1675,2.42087,0.241752
0.4866,18.585,18.585,2.406,44.7154,45.7179,24.1665,2.406,0.240085
0.4868,18.6468,18.6468,2.40419,44.8306,45.7235,24.1664,2.40419,0.238418
0.487,18.6731,18.6731,2.40127,44.8392,45.7291,24.1661,2.40127,0.236752
0.4872,18.7293,18.7293,2.39214,44.8031,45.7346,24.1655,2.39214,0.235085
0.4874,18.6691,18.6691,2.41298,45.0481,45.7402,24.1669,2.41298,0.236752
0.4876,18.604,18.604,2.41078,44.8503,45.7458,24.1669,2.41078,0.238418
0.4878,18.5948,18.5948,2.41633,44.9312,45.7514,24.1671,2.41633,0.240085
0.488,18.5421,18.5421,2.42385,44.9432,45.7569,24.1676,2.42385,0.241752
0.4882,18.5978,18.5978,2.40816,44.7865,45.7625,24.1666,2.40816,0.240085
0.4884,18.6836,18.6836,2.40157,44.8699,45.7681,24.1663,2.40157,0.238418
0.4886,18.672,18.672,2.40706,44.9446,45.7736,24.1665,2.40706,0.236752
0.4888,18.7164,18.7164,2.39609,44.8463,45.7792,24.1659,2.39609,0.235085
0.489,18.6549,18.6549,2.4167,45.0833,45.7848,24.1672,2.4167,0.236752
0.4892,18.6106,18.6106,2.4134,44.9147,45.7903,24.1671,2.4134,0.238418
0.4894,18.5746,18.5746,2.42276,45.0019,45.7959,24.1676,2.42276,0.240085
0.4896,18.5317,18.5317,2.42548,44.9483,45.8015,24.1679,2.42548,0.241752
0.4898,18.5933,18.5933,2.40903,44.7917,45.807,24.1667,2.40903,0.240085
0.49,18.683,18.683,2.40758,44.9806,45.8126,24.1665,2.40758,0.238418
0.4902,18.6614,18.6614,2.41012,44.9763,45.8182,24.1668,2.41012,0.236752
0.4904,18.7163,18.7163,2.3963,44.85,45.8237,24.1659,2.3963,0.235085
0.4906,18.6699,18.6699,2.41723,45.1294,45.8293,24.1672,2.41723,0.236752
0.4908,18.5997,18.5997,2.42024,45.0157,45.8349,24.1675,2.42024,0.238418
0.491,18.5772,18.5772,2.42201,44.9941,45.8404,24.1675,2.42201,0.240085
0.4912,18.5349,18.5349,2.42842,45.0106,45.846,24.168,2.42842,0.241752
0.4914,18.5923,18.5923,2.41512,44.9025,45.8516,24.1672,2.41512,0.240085
0.4916,18.6417,18.6417,2.41379,44.9973,45.8571,24.167,2.41379,0.238418
0.4918,18.6765,18.6765,2.40601,44.9358,45.8627,24.1665,2.40601,0.236752
0.492,18.7146,18.7146,2.40526,45.0135,45.8683,24.1665,2.40526,0.235085
0.4922,18.6521,18.6521,2.41875,45.1149,45.8738,24.1673,2.41875,0.236752
0.4924,18.6126,18.6126,2.42002,45.0429,45.8794,24.1675,2.42002,0.238418
0.4926,18.5751,18.5751,2.42609,45.0649,45.885,24.1678,2.42609,0.240085
0.4928,18.5305,18.5305,2.43196,45.0655,45.8905,24.1682,2.43196,0.241752
0.493,18.6035,18.6035,2.41263,44.8834,45.8961,24.167,2.41263,0.240085
0.4932,18.6439,18.6439,2.41734,45.0685,45.9017,24.1673,2.41734,0.238418
0.4934,18.6692,18.6692,2.40867,44.9678,45.9072,24.1666,2.40867,0.236752
0.4936,18.7285,18.7285,2.40445,45.0318,45.9128,24.1665,2.40445,0.235085
0.4938,18.6625,18.6625,2.42074,45.1771,45.9184,24.1675,2.42074,0.236752
0.494,18.6015,18.6015,2.42444,45.0983,45.9239,24.1679,2.42444,0.238418
0.4942,18.5849,18.5849,2.42459,45.0608,45.9295,24.1677,2.42459,0.240085
0.4944,18.5372,18.5372,2.4334,45.1084,45.9351,24.1685,2.4334,0.241752
0.4946,18.5983,18.5983,2.41762,44.9636,45.9406,24.1674,2.41762,0.240085
0.4948,18.652,18.652,2.41369,45.0201,45.9462,24.167,2.41369,0.238418
0.495,18.6809,18.6809,2.41337,45.0839,45.9518,24.167,2.41337,0.236752
0.4952,18.7202,18.7202,2.4068,45.0556,45.9574,24.1666,2.4068,0.235085
0.4954,18.6624,18.6624,2.42466,45.2499,45.9629,24.1677,2.42466,0.236752
0.4956,18.5977,18.5977,2.42807,45.1564,45.9685,24.1679,2.42807,0.238418
0.4958,18.5855,18.5855,2.42647,45.0971,45.9741,24.1679,2.42647,0.240085
0.496,18.5344,18.5344,2.44073,45.2373,45.9796,24.169,2.44073,0.241752
0.4962,18.5942,18.5942,2.41961,44.9907,45.9852,24.1674,2.41961,0.240085
0.4964,18.6513,18.6513,2.41919,45.1212,45.9908,24.1674,2.41919,0.238418
0.4966,18.6747,18.6747,2.41675,45.1321,45.9963,24.1672,2.41675,0.236752
0.4968,18.7166,18.7166,2.40944,45.0965,46.0019,24.1668,2.40944,0.235085
0.497,18.6611,18.6611,2.42557,45.2638,46.0075,24.1678,2.42557,0.236752
0.4972,18.6076,18.6076,2.42889,45.1958,46.013,24.1681,2.42889,0.238418
0.4974,18.586,18.586,2.43061,45.1753,46.0186,24.1681,2.43061,0.240085
0.4976,18.541,18.541,2.44082,45.2552,46.0242,24.1688,2.44082,0.241752
0.4978,18.5999,18.5999,2.42096,45.0297,46.0297,24.1675,2.42096,0.240085
0.498,18.6606,18.6606,2.42242,45.2038,46.0353,24.1676,2.42242,0.238418
0.4982,18.6718,18.6718,2.41456,45.0842,46.0409,24.1671,2.41456,0.236752
0.4984,18.7312,18.7312,2.4108,45.1572,46.0464,24.1668,2.4108,0.235085
0.4986,18.6573,18.6573,2.43069,45.3501,46.052,24.1682,2.43069,0.236752
0.4988,18.6125,18.6125,2.42584,45.1511,46.0576,24.1679,2.42584,0.238418
0.499,18.5968,18.5968,2.43367,45.2586,46.0631,24.1683,2.43367,0.240085
0.4992,18.5363,18.5363,2.44293,45.2828,46.0687,24.169,2.44293,0.241752
0.4994,18.6057,18.6057,2.42173,45.058,46.0743,24.1675,2.42173,0.240085
0.4996,18.6349,18.6349,2.42932,45.27,46.0798,24.1681,2.42932,0.238418
0.4998,18.6771,18.6771,2.41696,45.1419,46.0854,24.1672,2.41696,0.236752
0.5,18.7258,18.7258,2.41427,45.209,46.091,24.1671,2.41427,0.235085
0.5002,18.6559,18.6559,2.42919,45.3187,46.0965,24.1681,2.42919,0.236752
0.5004,18.6115,18.6115,2.43372,45.2951,46.1021,24.1684,2.43372,0.238418
0.5006,18.5748,18.5748,2.43704,45.2674,46.1077,24.1686,2.43704,0.240085
0.5008,18.5471,18.5471,2.44194,45.2909,46.1132,24.1689,2.44194,0.241752
0.501,18.5017,18.5017,2.44709,45.2754,46.1188,24.1693,2.44709,0.243419
0.5012,18.5586,18.5586,2.43358,45.1639,46.1244,24.1683,2.43358,0.241752
0.5014,18.6067,18.6067,2.43193,45.2503,46.1299,24.1682,2.43193,0.240085
0.5016,18.6354,18.6354,2.42893,45.264,46.1355,24.168,2.42893,0.238418
0.5018,18.68,18.68,2.42051,45.2151,46.1411,24.1675,2.42051,0.236752
0.502,18.7265,18.7265,2.41676,45.2573,46.1466,24.1673,2.41676,0.235085
0.5022,18.6541,18.6541,2.43494,45.4216,46.1522,24.1685,2.43494,0.236752
0.5024,18.606,18.606,2.43546,45.3142,46.1578,24.1685,2.43546,0.238418
0.5026,18.5813,18.5813,2.44134,45.3633,46.1634,24.1689,2.44134,0.240085
0.5028,18.5323,18.5323,2.44598,45.3296,46.1689,24.1693,2.44598,0.241752
0.503,18.602,18.602,2.42851,45.175,46.1745,24.168,2.42851,0.240085
0.5032,18.6427,18.6427,2.4304,45.3093,46.1801,24.1681,2.4304,0.238418
0.5034,18.6732,18.6732,2.42432,45.2697,46.1856,24.1677,2.42432,0.236752
0.5036,18.7319,18.7319,2.41825,45.2983,46.1912,24.1673,2.41825,0.235085
0.5038,18.6599,18.6599,2.43652,45.4653,46.1968,24.1685,2.43652,0.236752
0.504,18.6121,18.6121,2.43688,45.3554,46.2023,24.1686,2.43688,0.238418
0.5042,18.5836,18.5836,2.44135,45.3691,46.2079,24.1689,2.44135,0.240085
0.5044,18.5413,18.5413,2.44712,45.3726,46.2135,24.1693,2.44712,0.241752
0.5046,18.6027,18.6027,2.43078,45.2192,46.219,24.1682,2.43078,0.240085
0.5048,18.6439,18.6439,2.43521,45.4017,46.2246,24.1684,2.43521,0.238418
0.505,18.6768,18.6768,2.42606,45.3112,46.2302,24.1679,2.42606,0.236752
0.5052,18.7291,18.7291,2.42027,45.3296,46.2357,24.1674,2.42027,0.235085
0.5054,18.6666,18.6666,2.44159,45.5762,46.2413,24.1689,2.44159,0.236752
0.5056,18.6064,18.6064,2.4401,45.4016,46.2469,24.1689,2.4401,0.238418
0.5058,18.587,18.587,2.44297,45.4075,46.2524,24.1691,2.44297,0.240085
0.506,18.5402,18.5402,2.4524,45.4682,46.258,24.1697,2.4524,0.241752
0.5062,18.574,18.574,2.43954,45.312,46.2636,24.1687,2.43954,0.240085
0.5064,18.6447,18.6447,2.4329,45.3608,46.2691,24.1684,2.4329,0.238418
0.5066,18.6895,18.6895,2.42957,45.4076,46.2747,24.168,2.42957,0.236752
0.5068,18.7176,18.7176,2.42543,45.3982,46.2803,24.1678,2.42543,0.235085
0.507,18.6692,18.6692,2.43889,45.532,46.2858,24.1687,2.43889,0.236752
0.5072,18.606,18.606,2.44459,45.4839,46.2914,24.1691,2.44459,0.238418
0.5074,18.5894,18.5894,2.44485,45.4483,46.297,24.1691,2.44485,0.240085
0.5076,18.5328,18.5328,2.45691,45.5333,46.3025,24.1699,2.45691,0.241752
0.5078,18.6066,18.6066,2.43497,45.3065,46.3081,24.1685,2.43497,0.240085
0.508,18.6496,18.6496,2.43935,45.4929,46.3137,24.1687,2.43935,0.238418
0.5082,18.6666,18.6666,2.43283,45.4127,46.3192,24.1683,2.43283,0.236752
0.5084,18.7195,18.7195,2.42465,45.3882,46.3248,24.1678,2.42465,0.235085
0.5086,18.6619,18.6619,2.44371,45.6044,46.3304,24.1691,2.44371,0.236752
0.5088,18.6117,18.6117,2.44498,45.5054,46.3359,24.1692,2.44498,0.238418
0.509,18.5903,18.5903,2.44784,45.5061,46.3415,24.1695,2.44784,0.240085
0.5092,18.5433,18.5433,2.45702,45.5614,46.3471,24.17,2.45702,0.241752
0.5094,18.5976,18.5976,2.44131,45.4026,46.3526,24.1688,2.44131,0.240085
0.5096,18.6358,18.6358,2.44207,45.5098,46.3582,24.1689,2.44207,0.238418
0.5098,18.6797,18.6797,2.43085,45.4075,46.3638,24.1683,2.43085,0.236752
0.51,18.7274,18.7274,2.42941,45.4965,46.3694,24.1681,2.42941,0.235085
0.5102,18.6622,18.6622,2.4446,45.6216,46.3749,24.1692,2.4446,0.236752
0.5104,18.6094,18.6094,2.44977,45.5888,46.3805,24.1696,2.44977,0.238418
0.5106,18.5796,18.5796,2.45297,45.5752,46.3861,24.1697,2.45297,0.240085
0.5108,18.54,18.54,2.45605,45.5352,46.3916,24.1699,2.45605,0.241752
0.511,18.6091,18.6091,2.44285,45.4593,46.3972,24.169,2.44285,0.240085
0.5112,18.6411,18.6411,2.44382,45.5554,46.4028,24.1692,2.44382,0.238418
0.5114,18.665,18.665,2.43778,45.5011,46.4083,24.1686,2.43778,0.236752
0.5116,18.717,18.717,2.4322,45.5235,46.4139,24.1682,2.4322,0.235085
0.5118,18.651,18.651,2.4519,45.7302,46.4195,24.1696,2.4519,0.236752
0.512,18.6126,18.6126,2.44623,45.5306,46.425,24.1693,2.44623,0.238418
0.5122,18.5963,18.5963,2.45192,45.5967,46.4306,24.1696,2.45192,0.240085
0.5124,18.5353,18.5353,2.46412,45.6733,46.4362,24.1704,2.46412,0.241752
0.5126,18.6012,18.6012,2.4416,45.4167,46.4417,24.1689,2.4416,0.240085
0.5128,18.6473,18.6473,2.44851,45.6581,46.4473,24.1694,2.44851,0.238418
0.513,18.6648,18.6648,2.44088,45.5585,46.4529,24.1688,2.44088,0.236752
0.5132,18.7181,18.7181,2.43498,45.5782,46.4584,24.1686,2.43498,0.235085
0.5134,18.6548,18.6548,2.45373,45.7738,46.464,24.1697,2.45373,0.236752
0.5136,18.6102,18.6102,2.45037,45.6019,46.4696,24.1695,2.45037,0.238418
0.5138,18.5946,18.5946,2.45715,45.6896,46.4751,24.1699,2.45715,0.240085
0.514,18.532,18.532,2.46635,45.7065,46.4807,24.1706,2.46635,0.241752
0.5142,18.6051,18.6051,2.44291,45.4506,46.4863,24.169,2.44291,0.240085
0.5144,18.6534,18.6534,2.45074,45.7145,46.4918,24.1696,2.45074,0.238418
0.5146,18.6573,18.6573,2.44464,45.6104,46.4974,24.1691,2.44464,0.236752
0.5148,18.7184,18.7184,2.43792,45.6341,46.503,24.1686,2.43792,0.235085
0.515,18.6701,18.6701,2.45154,45.7705,46.5085,24.1696,2.45154,0.236752
0.5152,18.6028,18.6028,2.45689,45.7051,46.5141,24.17,2.45689,0.238418
0.5154,18.5916,18.5916,2.45645,45.6694,46.5197,24.1699,2.45645,0.240085
0.5156,18.5342,18.5342,2.4723,45.822,46.5252,24.171,2.4723,0.241752
0.5158,18.5927,18.5927,2.44692,45.4948,46.5308,24.1693,2.44692,0.240085
0.516,18.662,18.662,2.45,45.7219,46.5364,24.1694,2.45,0.238418
0.5162,18.655,18.655,2.44863,45.6791,46.5419,24.1694,2.44863,0.236752
0.5164,18.7166,18.7166,2.43695,45.6115,46.5475,24.1686,2.43695,0.235085
0.5166,18.6727,18.6727,2.45731,45.8845,46.5531,24.1699,2.45731,0.236752
0.5168,18.6076,18.6076,2.45904,45.757,46.5586,24.1702,2.45904,0.238418
0.517,18.5865,18.5865,2.46108,45.7429,46.5642,24.1702,2.46108,0.240085
0.5172,18.5522,18.5522,2.46505,45.732,46.5698,24.1705,2.46505,0.241752
0.5174,18.5126,18.5126,2.47126,45.7494,46.5754,24.1709,2.47126,0.243419
0.5176,18.5611,18.5611,2.45737,45.6114,46.5809,24.17,2.45737,0.241752
0.5178,18.6203,18.6203,2.45639,45.7387,46.5865,24.17,2.45639,0.240085
0.518,18.6333,18.6333,2.45532,45.7508,46.5921,24.17,2.45532,0.238418
0.5182,18.6845,18.6845,2.44477,45.6793,46.5976,24.1691,2.44477,0.236752
0.5184,18.7064,18.7064,2.44897,45.8115,46.6032,24.1694,2.44897,0.235085
0.5186,18.757,18.757,2.4307,45.5928,46.6088,24.1681,2.4307,0.233418
0.5188,18.7162,18.7162,2.45643,45.9749,46.6143,24.1699,2.45643,0.235085
0.519,18.6494,18.6494,2.45484,45.7812,46.6199,24.1698,2.45484,0.236752
0.5192,18.6308,18.6308,2.45885,45.8104,46.6255,24.1701,2.45885,0.238418
0.5194,18.5825,18.5825,2.46811,45.8635,46.631,24.1707,2.46811,0.240085
0.5196,18.5374,18.5374,2.47126,45.8108,46.6366,24.1709,2.47126,0.241752
0.5198,18.6005,18.6005,2.45435,45.652,46.6422,24.1698,2.45435,0.240085
0.52,18.6558,18.6558,2.45768,45.85,46.6477,24.17,2.45768,0.238418
0.5202,18.6791,18.6791,2.449,45.7451,46.6533,24.1694,2.449,0.236752
0.5204,18.7096,18.7096,2.44963,45.8315,46.6589,24.1694,2.44963,0.235085
0.5206,18.6641,18.6641,2.45651,45.8486,46.6644,24.17,2.45651,0.236752
0.5208,18.6194,18.6194,2.46843,45.9606,46.67,24.1709,2.46843,0.238418
0.521,18.575,18.575,2.4668,45.8208,46.6756,24.1708,2.4668,0.240085
0.5212,18.5468,18.5468,2.47473,45.8984,46.6811,24.1711,2.47473,0.241752
0.5214,18.502,18.502,2.47705,45.8304,46.6867,24.1713,2.47705,0.243419
0.5216,18.5718,18.5718,2.46346,45.7509,46.6923,24.1704,2.46346,0.241752
0.5218,18.6134,18.6134,2.46395,45.8626,46.6978,24.1704,2.46395,0.240085
0.522,18.6352,18.6352,2.4605,45.852,46.7034,24.1702,2.4605,0.238418
0.5222,18.6751,18.6751,2.45497,45.8469,46.709,24.1699,2.45497,0.236752
0.5224,18.7161,18.7161,2.44856,45.8275,46.7145,24.1694,2.44856,0.235085
0.5226,18.659,18.659,2.46765,46.0438,46.7201,24.1707,2.46765,0.236752
0.5228,18.6132,18.6132,2.46532,45.8874,46.7257,24.1705,2.46532,0.238418
0.523,18.5978,18.5978,2.46671,45.8754,46.7312,24.1706,2.46671,0.240085
0.5232,18.5423,18.5423,2.48313,46.0428,46.7368,24.1717,2.48313,0.241752
0.5234,18.6043,18.6043,2.45577,45.6878,46.7424,24.1699,2.45577,0.240085
0.5236,18.6565,18.6565,2.46257,45.9431,46.7479,24.1703,2.46257,0.238418
0.5238,18.6791,18.6791,2.45361,45.8312,46.7535,24.1698,2.45361,0.236752
0.524,18.7258,18.7258,2.45347,45.9433,46.7591,24.1697,2.45347,0.235085
0.5242,18.6596,18.6596,2.46599,46.0145,46.7646,24.1706,2.46599,0.236752
0.5244,18.6107,18.6107,2.46934,45.9561,46.7702,24.1709,2.46934,0.238418
0.5246,18.5863,18.5863,2.47333,45.9701,46.7758,24.1711,2.47333,0.240085
0.5248,18.5457,18.5457,2.48029,45.9988,46.7814,24.1715,2.48029,0.241752
0.525,18.6022,18.6022,2.46229,45.8041,46.7869,24.1704,2.46229,0.240085
0.5252,18.6543,18.6543,2.46421,45.9681,46.7925,24.1704,2.46421,0.238418
0.5254,18.6741,18.6741,2.46001,45.9387,46.7981,24.1701,2.46001,0.236752
0.5256,18.7017,18.7017,2.45799,45.9685,46.8036,24.17,2.45799,0.235085
0.5258,18.76,18.76,2.44526,45.8731,46.8092,24.1693,2.44526,0.233418
0.526,18.7084,18.7084,2.46362,46.0904,46.8148,24.1704,2.46362,0.235085
0.5262,18.6561,18.6561,2.46564,45.9991,46.8203,24.1707,2.46564,0.236752
0.5264,18.621,18.621,2.47347,46.0584,46.8259,24.1711,2.47347,0.238418
0.5266,18.5774,18.5774,2.47665,46.0099,46.8315,24.1713,2.47665,0.240085
0.5268,18.5486,18.5486,2.47988,45.9983,46.837,24.1717,2.47988,0.241752
0.527,18.5038,18.5038,2.48794,46.0365,46.8426,24.172,2.48794,0.243419
0.5272,18.5569,18.5569,2.47368,45.9039,46.8482,24.1711,2.47368,0.241752
0.5274,18.6156,18.6156,2.47011,45.9826,46.8537,24.1709,2.47011,0.240085
0.5276,18.6282,18.6282,2.47039,46.019,46.8593,24.1709,2.47039,0.238418
0.5278,18.6805,18.6805,2.45916,45.9383,46.8649,24.1701,2.45916,0.236752
0.528,18.7328,18.7328,2.4584,46.0527,46.8704,24.1702,2.4584,0.235085
0.5282,18.6654,18.6654,2.46998,46.1032,46.876,24.1708,2.46998,0.236752
0.5284,18.6174,18.6174,2.47503,46.0786,46.8816,24.1712,2.47503,0.238418
0.5286,18.5889,18.5889,2.47946,46.0905,46.8871,24.1716,2.47946,0.240085
0.5288,18.5514,18.5514,2.48364,46.0752,46.8927,24.1718,2.48364,0.241752
0.529,18.4985,18.4985,2.49212,46.1003,46.8983,24.1724,2.49212,0.243419
0.5292,18.5636,18.5636,2.47521,45.9486,46.9038,24.1712,2.47521,0.241752
0.5294,18.6211,18.6211,2.47266,46.0438,46.9094,24.171,2.47266,0.240085
0.5296,18.6312,18.6312,2.47447,46.1024,46.915,24.1711,2.47447,0.238418
0.5298,18.6807,18.6807,2.45933,45.9421,46.9205,24.1702,2.45933,0.236752
0.53,18.7288,18.7288,2.46482,46.1631,46.9261,24.1705,2.46482,0.235085
0.5302,18.6599,18.6599,2.47377,46.1603,46.9317,24.1711,2.47377,0.236752
0.5304,18.6221,18.6221,2.47324,46.0569,46.9372,24.1711,2.47324,0.238418
0.5306,18.5876,18.5876,2.48447,46.1803,46.9428,24.1718,2.48447,0.240085
0.5308,18.5479,18.5479,2.48639,46.1172,46.9484,24.172,2.48639,0.241752
0.531,18.605,18.605,2.47328,46.0153,46.9539,24.1711,2.47328,0.240085
0.5312,18.6448,18.6448,2.47394,46.1263,46.9595,24.1712,2.47394,0.238418
0.5314,18.6734,18.6734,2.46809,46.0875,46.9651,24.1707,2.46809,0.236752
0.5316,18.7279,18.7279,2.46175,46.1034,46.9706,24.1703,2.46175,0.235085
0.5318,18.6574,18.6574,2.48021,46.2742,46.9762,24.1716,2.48021,0.236752
0.532,18.6243,18.6243,2.47556,46.1056,46.9818,24.1714,2.47556,0.238418
0.5322,18.6069,18.6069,2.4832,46.2046,46.9874,24.1717,2.4832,0.240085
0.5324,18.5396,18.5396,2.49422,46.2418,46.9929,24.1725,2.49422,0.241752
0.5326,18.6054,18.6054,2.47049,45.9645,46.9985,24.171,2.47049,0.240085
0.5328,18.6504,18.6504,2.4779,46.2138,47.0041,24.1715,2.4779,0.238418
0.533,18.6778,18.6778,2.46858,46.1077,47.0096,24.1708,2.46858,0.236752
0.5332,18.7285,18.7285,2.4643,46.1528,47.0152,24.1705,2.4643,0.235085
0.5334,18.6628,18.6628,2.48014,46.2863,47.0208,24.1717,2.48014,0.236752
0.5336,18.6163,18.6163,2.48223,46.21,47.0263,24.1717,2.48223,0.238418
0.5338,18.5933,18.5933,2.48752,46.2513,47.0319,24.172,2.48752,0.240085
0.534,18.5495,18.5495,2.49282,46.2405,47.0375,24.1724,2.49282,0.241752
0.5342,18.5979,18.5979,2.47937,46.1111,47.043,24.1716,2.47937,0.240085
0.5344,18.648,18.648,2.47337,46.1233,47.0486,24.1712,2.47337,0.238418
0.5346,18.6932,18.6932,2.47253,46.2195,47.0542,24.171,2.47253,0.236752
0.5348,18.6191,18.6191,2.48806,46.3254,47.0597,24.1721,2.48806,0.238418
0.535,18.5946,18.5946,2.48513,46.21,47.0653,24.1719,2.48513,0.240085
0.5352,18.558,18.558,2.49329,46.2705,47.0709,24.1724,2.49329,0.241752
0.5354,18.5005,18.5005,2.50273,46.3019,47.0764,24.1732,2.50273,0.243419
0.5356,18.5611,18.5611,2.48233,46.0747,47.082,24.1717,2.48233,0.241752
0.5358,18.6213,18.6213,2.48433,46.2614,47.0876,24.1719,2.48433,0.240085
0.536,18.6354,18.6354,2.47927,46.2021,47.0931,24.1714,2.47927,0.238418
0.5362,18.6911,18.6911,2.47234,46.2108,47.0987,24.1711,2.47234,0.236752
0.5364,18.6296,18.6296,2.49308,46.4452,47.1043,24.1724,2.49308,0.238418
0.5366,18.57,18.57,2.49099,46.2577,47.1098,24.1723,2.49099,0.240085
0.5368,18.5467,18.5467,2.49477,46.2698,47.1154,24.1726,2.49477,0.241752
0.537,18.5183,18.5183,2.50117,46.3172,47.121,24.173,2.50117,0.243419
0.5372,18.5567,18.5567,2.48908,46.1892,47.1265,24.1722,2.48908,0.241752
0.5374,18.617,18.617,2.48439,46.252,47.1321,24.1719,2.48439,0.240085
0.5376,18.6371,18.6371,2.48584,46.3288,47.1377,24.1719,2.48584,0.238418
0.5378,18.6829,18.6829,2.47172,46.1789,47.1432,24.171,2.47172,0.236752
0.538,18.7342,18.7342,2.47127,46.2971,47.1488,24.171,2.47127,0.235085
0.5382,18.6667,18.6667,2.48833,46.449,47.1544,24.1721,2.48833,0.236752
0.5384,18.6291,18.6291,2.48745,46.3388,47.1599,24.172,2.48745,0.238418
0.5386,18.5834,18.5834,2.49493,46.3642,47.1655,24.1726,2.49493,0.240085
0.5388,18.5504,18.5504,2.50028,46.3813,47.1711,24.1729,2.50028,0.241752
0.539,18.5076,18.5076,2.50607,46.3812,47.1766,24.1734,2.50607,0.243419
0.5392,18.5664,18.5664,2.48872,46.2067,47.1822,24.1721,2.48872,0.241752
0.5394,18.6106,18.6106,2.49068,46.3529,47.1878,24.1723,2.49068,0.240085
0.5396,18.6381,18.6381,2.48586,46.3317,47.1934,24.1719,2.48586,0.238418
0.5398,18.6809,18.6809,2.4781,46.2931,47.1989,24.1714,2.4781,0.236752
0.54,18.7336,18.7336,2.47355,46.3386,47.2045,24.1711,2.47355,0.235085
0.5402,18.6752,18.6752,2.48975,46.4965,47.2101,24.1723,2.48975,0.236752
0.5404,18.6103,18.6103,2.4945,46.4232,47.2156,24.1725,2.4945,0.238418
0.5406,18.5882,18.5882,2.49472,46.3724,47.2212,24.1725,2.49472,0.240085
0.5408,18.5469,18.5469,2.50564,46.4718,47.2268,24.1733,2.50564,0.241752
0.541,18.6083,18.6083,2.48795,46.2965,47.2323,24.1721,2.48795,0.240085
0.5412,18.6475,18.6475,2.48846,46.4035,47.2379,24.1722,2.48846,0.238418
0.5414,18.6835,18.6835,2.48109,46.3553,47.2435,24.1716,2.48109,0.236752
0.5416,18.725,18.725,2.47865,46.4127,47.249,24.1714,2.47865,0.235085
0.5418,18.6785,18.6785,2.4898,46.5057,47.2546,24.1723,2.4898,0.236752
0.542,18.6127,18.6127,2.49671,46.4705,47.2602,24.1728,2.49671,0.238418
0.5422,18.592,18.592,2.49595,46.4046,47.2657,24.1726,2.49595,0.240085
0.5424,18.5542,18.5542,2.50646,46.5053,47.2713,24.1733,2.50646,0.241752
0.5426,18.5083,18.5083,2.51204,46.4936,47.2769,24.1738,2.51204,0.243419
0.5428,18.5638,18.5638,2.49563,46.3285,47.2824,24.1726,2.49563,0.241752
0.543,18.6169,18.6169,2.49337,46.4189,47.288,24.1724,2.49337,0.240085
0.5432,18.6471,18.6471,2.49115,46.4526,47.2936,24.1723,2.49115,0.238418
0.5434,18.6889,18.6889,2.48393,46.4219,47.2991,24.1718,2.48393,0.236752
0.5436,18.6234,18.6234,2.50339,46.6217,47.3047,24.1731,2.50339,0.238418
0.5438,18.5815,18.5815,2.50342,46.5174,47.3103,24.1731,2.50342,0.240085
0.544,18.5413,18.5413,2.50752,46.4927,47.3158,24.1734,2.50752,0.241752
0.5442,18.6237,18.6237,2.48981,46.3694,47.3214,24.1722,2.48981,0.240085
0.5444,18.6493,18.6493,2.49498,46.5295,47.327,24.1725,2.49498,0.238418
0.5446,18.6823,18.6823,2.48752,46.4726,47.3325,24.1722,2.48752,0.236752
0.5448,18.7223,18.7223,2.47943,46.4206,47.3381,24.1715,2.47943,0.235085
0.545,18.6816,18.6816,2.49762,46.6596,47.3437,24.1727,2.49762,0.236752
0.5452,18.6136,18.6136,2.50208,46.5726,47.3492,24.1731,2.50208,0.238418
0.5454,18.5905,18.5905,2.50482,46.5658,47.3548,24.1733,2.50482,0.240085
0.5456,18.5486,18.5486,2.51059,46.568,47.3604,24.1736,2.51059,0.241752
0.5458,18.5095,18.5095,2.51231,46.5017,47.3659,24.1738,2.51231,0.243419
0.546,18.5741,18.5741,2.50003,46.4358,47.3715,24.1729,2.50003,0.241752
0.5462,18.6205,18.6205,2.50252,46.5981,47.3771,24.1731,2.50252,0.240085
0.5464,18.6378,18.6378,2.49621,46.5239,47.3826,24.1726,2.49621,0.238418
0.5466,18.6901,18.6901,2.48978,46.5341,47.3882,24.1723,2.48978,0.236752
0.5468,18.6215,18.6215,2.50812,46.7051,47.3938,24.1734,2.50812,0.238418
0.547,18.5853,18.5853,2.50512,46.5584,47.3994,24.1733,2.50512,0.240085
0.5472,18.5522,18.5522,2.51647,46.686,47.4049,24.174,2.51647,0.241752
0.5474,18.5089,18.5089,2.51628,46.5736,47.4105,24.1741,2.51628,0.243419
0.5476,18.5737,18.5737,2.50285,46.4871,47.4161,24.1731,2.50285,0.241752
0.5478,18.6154,18.6154,2.50509,46.6333,47.4216,24.1732,2.50509,0.240085
0.548,18.6186,18.6186,2.50288,46.6002,47.4272,24.1731,2.50288,0.238418
0.5482,18.684,18.684,2.48848,46.4946,47.4328,24.1721,2.48848,0.236752
0.5484,18.6368,18.6368,2.5097,46.7727,47.4383,24.1735,2.5097,0.238418
0.5486,18.5928,18.5928,2.50877,46.6452,47.4439,24.1736,2.50877,0.240085
0.5488,18.5403,18.5403,2.51645,46.6558,47.4495,24.174,2.51645,0.241752
0.549,18.6162,18.6162,2.49716,46.4878,47.455,24.1727,2.49716,0.240085
0.5492,18.6565,18.6565,2.50012,46.6434,47.4606,24.1729,2.50012,0.238418
0.5494,18.6817,18.6817,2.49377,46.588,47.4662,24.1725,2.49377,0.236752
0.5496,18.7228,18.7228,2.48986,46.6171,47.4717,24.1722,2.48986,0.235085
0.5498,18.6604,18.6604,2.50524,46.7487,47.4773,24.1733,2.50524,0.236752
0.55,18.6293,18.6293,2.50652,46.6948,47.4829,24.1735,2.50652,0.238418
0.5502,18.6108,18.6108,2.50915,46.6973,47.4884,24.1736,2.50915,0.240085
0.5504,18.5493,18.5493,2.51961,46.737,47.494,24.1742,2.51961,0.241752
0.5506,18.6055,18.6055,2.50127,46.5374,47.4996,24.1731,2.50127,0.240085
0.5508,18.6539,18.6539,2.50446,46.7179,47.5051,24.1732,2.50446,0.238418
0.551,18.6928,18.6928,2.49125,46.5685,47.5107,24.1724,2.49125,0.236752
0.5512,18.6383,18.6383,2.51317,46.8412,47.5163,24.1739,2.51317,0.238418
0.5514,18.578,18.578,2.51521,46.7275,47.5218,24.1741,2.51521,0.240085
0.5516,18.5559,18.5559,2.51584,46.6838,47.5274,24.1741,2.51584,0.241752
0.5518,18.5072,18.5072,2.52582,46.7459,47.533,24.1747,2.52582,0.243419
0.552,18.5698,18.5698,2.50879,46.5877,47.5385,24.1735,2.50879,0.241752
0.5522,18.6235,18.6235,2.50862,46.7193,47.5441,24.1735,2.50862,0.240085
0.5524,18.6568,18.6568,2.50085,46.6577,47.5497,24.1729,2.50085,0.238418
0.5526,18.6792,18.6792,2.50139,46.7241,47.5552,24.173,2.50139,0.236752
0.5528,18.7307,18.7307,2.49288,46.6935,47.5608,24.1724,2.49288,0.235085
0.553,18.6663,18.6663,2.5096,46.8449,47.5664,24.1736,2.5096,0.236752
0.5532,18.6292,18.6292,2.50772,46.7169,47.5719,24.1734,2.50772,0.238418
0.5534,18.5989,18.5989,2.5168,46.8098,47.5775,24.174,2.5168,0.240085
0.5536,18.5477,18.5477,2.52249,46.7864,47.5831,24.1744,2.52249,0.241752
0.5538,18.611,18.611,2.50518,46.6239,47.5886,24.1734,2.50518,0.240085
0.554,18.6582,18.6582,2.50844,46.803,47.5942,24.1735,2.50844,0.238418
0.5542,18.6905,18.6905,2.49772,46.6836,47.5998,24.1729,2.49772,0.236752
0.5544,18.7451,18.7451,2.49343,46.7397,47.6054,24.1725,2.49343,0.235085
0.5546,18.6673,18.6673,2.51437,46.9365,47.6109,24.1739,2.51437,0.236752
0.5548,18.6247,18.6247,2.51191,46.7836,47.6165,24.1737,2.51191,0.238418
0.555,18.6099,18.6099,2.51817,46.8628,47.6221,24.1741,2.51817,0.240085
0.5552,18.5466,18.5466,2.52704,46.868,47.6276,24.1748,2.52704,0.241752
0.5554,18.604,18.604,2.50705,46.6412,47.6332,24.1734,2.50705,0.240085
0.5556,18.6572,18.6572,2.50858,46.8032,47.6388,24.1736,2.50858,0.238418
0.5558,18.6878,18.6878,2.50183,46.7537,47.6443,24.173,2.50183,0.236752
0.556,18.7403,18.7403,2.49851,46.8227,47.6499,24.1728,2.49851,0.235085
0.5562,18.6812,18.6812,2.51056,46.9003,47.6555,24.1736,2.51056,0.236752
0.5564,18.629,18.629,2.51526,46.8569,47.661,24.1741,2.51526,0.238418
0.5566,18.5992,18.5992,2.52383,46.9413,47.6666,24.1745,2.52383,0.240085
0.5568,18.5469,18.5469,2.52614,46.8523,47.6722,24.1748,2.52614,0.241752
0.557,18.613,18.613,2.509,46.7,47.6777,24.1735,2.509,0.240085
0.5572,18.6677,18.6677,2.51228,46.8983,47.6833,24.1737,2.51228,0.238418
0.5574,18.6844,18.6844,2.50306,46.7683,47.6889,24.1731,2.50306,0.236752
0.5576,18.7429,18.7429,2.50042,46.8651,47.6944,24.1729,2.50042,0.235085
0.5578,18.6678,18.6678,2.51985,47.0401,47.7,24.1744,2.51985,0.236752
0.558,18.6216,18.6216,2.51718,46.874,47.7056,24.1741,2.51718,0.238418
0.5582,18.5965,18.5965,2.52701,46.9934,47.7111,24.1747,2.52701,0.240085
0.5584,18.5443,18.5443,2.52946,46.907,47.7167,24.1749,2.52946,0.241752
0.5586,18.6175,18.6175,2.51226,46.772,47.7223,24.1737,2.51226,0.240085
0.5588,18.6651,18.6651,2.51278,46.9013,47.7278,24.1738,2.51278,0.238418
0.559,18.688,18.688,2.50965,46.9004,47.7334,24.1735,2.50965,0.236752
0.5592,18.7325,18.7325,2.50011,46.8333,47.739,24.1729,2.50011,0.235085
0.5594,18.6872,18.6872,2.51582,47.0136,47.7445,24.174,2.51582,0.236752
0.5596,18.6279,18.6279,2.52165,46.9731,47.7501,24.1745,2.52165,0.238418
0.5598,18.5841,18.5841,2.52779,46.9769,47.7557,24.1749,2.52779,0.240085
0.56,18.5508,18.5508,2.53082,46.9488,47.7612,24.175,2.53082,0.241752
0.5602,18.512,18.512,2.53909,47.0035,47.7668,24.1756,2.53909,0.243419
0.5604,18.5666,18.5666,2.52104,46.8071,47.7724,24.1743,2.52104,0.241752
0.5606,18.6133,18.6133,2.52413,46.9826,47.7779,24.1745,2.52413,0.240085
0.5608,18.6429,18.6429,2.51578,46.9015,47.7835,24.174,2.51578,0.238418
0.561,18.6881,18.6881,2.51207,46.9459,47.7891,24.1738,2.51207,0.236752
0.5612,18.6339,18.6339,2.52839,47.1138,47.7946,24.1748,2.52839,0.238418
0.5614,18.5866,18.5866,2.52843,46.9948,47.8002,24.1748,2.52843,0.240085
0.5616,18.56,18.56,2.53447,47.0396,47.8058,24.1752,2.53447,0.241752
0.5618,18.5125,18.5125,2.54008,47.0234,47.8114,24.1756,2.54008,0.243419
0.562,18.5748,18.5748,2.52406,46.8841,47.8169,24.1746,2.52406,0.241752
0.5622,18.6038,18.6038,2.52869,47.0433,47.8225,24.175,2.52869,0.240085
0.5624,18.6452,18.6452,2.5151,46.8946,47.8281,24.174,2.5151,0.238418
0.5626,18.7077,18.7077,2.51378,47.027,47.8336,24.1738,2.51378,0.236752
0.5628,18.6277,18.6277,2.5308,47.143,47.8392,24.175,2.5308,0.238418
0.563,18.5853,18.5853,2.52792,46.9823,47.8448,24.1748,2.52792,0.240085
0.5632,18.5627,18.5627,2.53574,47.0701,47.8503,24.1753,2.53574,0.241752
0.5634,18.508,18.508,2.54424,47.0887,47.8559,24.1759,2.54424,0.243419
0.5636,18.5691,18.5691,2.52424,46.8728,47.8615,24.1746,2.52424,0.241752
0.5638,18.6165,18.6165,2.52825,47.0673,47.867,24.1748,2.52825,0.240085
0.564,18.6549,18.6549,2.51896,46.9909,47.8726,24.1742,2.51896,0.238418
0.5642,18.7022,18.7022,2.51302,46.999,47.8782,24.1738,2.51302,0.236752
0.5644,18.6283,18.6283,2.53534,47.2291,47.8837,24.1753,2.53534,0.238418
0.5646,18.5837,18.5837,2.53188,47.0518,47.8893,24.1751,2.53188,0.240085
0.5648,18.5633,18.5633,2.53713,47.0976,47.8949,24.1755,2.53713,0.241752
0.565,18.5157,18.5157,2.54363,47.0971,47.9004,24.1759,2.54363,0.243419
0.5652,18.575,18.575,2.52941,46.984,47.906,24.175,2.52941,0.241752
0.5654,18.6244,18.6244,2.52857,47.0932,47.9116,24.1749,2.52857,0.240085
0.5656,18.6573,18.6573,2.51917,47.0008,47.9171,24.1742,2.51917,0.238418
0.5658,18.704,18.704,2.51816,47.0996,47.9227,24.1741,2.51816,0.236752
0.566,18.6318,18.6318,2.53249,47.1849,47.9283,24.1752,2.53249,0.238418
0.5662,18.585,18.585,2.5361,47.1334,47.9338,24.1753,2.5361,0.240085
0.5664,18.5622,18.5622,2.54012,47.1502,47.9394,24.1758,2.54012,0.241752
0.5666,18.5154,18.5154,2.54745,47.1669,47.945,24.1761,2.54745,0.243419
0.5668,18.5733,18.5733,2.53348,47.0549,47.9505,24.1751,2.53348,0.241752
0.567,18.6148,18.6148,2.52879,47.0727,47.9561,24.1749,2.52879,0.240085
0.5672,18.6522,18.6522,2.52632,47.1214,47.9617,24.1747,2.52632,0.238418
0.5674,18.7045,18.7045,2.51544,47.05,47.9672,24.174,2.51544,0.236752
0.5676,18.6314,18.6314,2.54188,47.3586,47.9728,24.1757,2.54188,0.238418
0.5678,18.5739,18.5739,2.53692,47.1204,47.9784,24.1754,2.53692,0.240085
0.568,18.5663,18.5663,2.54164,47.1889,47.9839,24.1759,2.54164,0.241752
0.5682,18.5091,18.5091,2.55091,47.2149,47.9895,24.1765,2.55091,0.243419
0.5684,18.5681,18.5681,2.53346,47.0417,47.9951,24.1752,2.53346,0.241752
0.5686,18.6209,18.6209,2.53122,47.1336,48.0006,24.175,2.53122,0.240085
0.5688,18.6415,18.6415,2.53001,47.163,48.0062,24.175,2.53001,0.238418
0.569,18.6874,18.6874,2.52268,47.1424,48.0118,24.1744,2.52268,0.236752
0.5692,18.6402,18.6402,2.53412,47.2366,48.0174,24.1753,2.53412,0.238418
0.5694,18.5932,18.5932,2.54031,47.2324,48.0229,24.1756,2.54031,0.240085
0.5696,18.5567,18.5567,2.54645,47.2537,48.0285,24.1761,2.54645,0.241752
0.5698,18.5096,18.5096,2.554,47.2734,48.0341,24.1766,2.554,0.243419
0.57,18.5711,18.5711,2.53647,47.1051,48.0396,24.1754,2.53647,0.241752
0.5702,18.6176,18.6176,2.53351,47.1678,48.0452,24.1752,2.53351,0.240085
0.5704,18.6537,18.6537,2.53282,47.2465,48.0508,24.1752,2.53282,0.238418
0.5706,18.6986,18.6986,2.52408,47.1968,48.0563,24.1747,2.52408,0.236752
0.5708,18.6417,18.6417,2.54081,47.3651,48.0619,24.1757,2.54081,0.238418
0.571,18.5799,18.5799,2.5452,47.2894,48.0675,24.176,2.5452,0.240085
0.5712,18.5654,18.5654,2.54773,47.2998,48.073,24.1761,2.54773,0.241752
0.5714,18.5094,18.5094,2.5562,47.3138,48.0786,24.1768,2.5562,0.243419
0.5716,18.573,18.573,2.53918,47.1601,48.0842,24.1757,2.53918,0.241752
0.5718,18.6338,18.6338,2.53583,47.2521,48.0897,24.1753,2.53583,0.240085
0.572,18.6499,18.6499,2.53487,47.2751,48.0953,24.1753,2.53487,0.238418
0.5722,18.6953,18.6953,2.52638,47.2314,48.1009,24.1748,2.52638,0.236752
0.5724,18.6502,18.6502,2.53987,47.3692,48.1064,24.1756,2.53987,0.238418
0.5726,18.5864,18.5864,2.54948,47.3856,48.112,24.1763,2.54948,0.240085
0.5728,18.5514,18.5514,2.54943,47.2955,48.1176,24.1764,2.54943,0.241752
0.573,18.5273,18.5273,2.55513,47.3396,48.1231,24.1768,2.55513,0.243419
0.5732,18.4714,18.4714,2.56156,47.3156,48.1287,24.1772,2.56156,0.245085
0.5734,18.5317,18.5317,2.54638,47.1887,48.1343,24.1761,2.54638,0.243419
0.5736,18.5929,18.5929,2.54446,47.309,48.1398,24.1761,2.54446,0.241752
0.5738,18.6055,18.6055,2.54494,47.3499,48.1454,24.176,2.54494,0.240085
0.574,18.6483,18.6483,2.53456,47.2651,48.151,24.1753,2.53456,0.238418
0.5742,18.7058,18.7058,2.52715,47.2724,48.1565,24.1747,2.52715,0.236752
0.5744,18.6406,18.6406,2.54846,47.505,48.1621,24.1763,2.54846,0.238418
0.5746,18.5827,18.5827,2.54998,47.3856,48.1677,24.1763,2.54998,0.240085
0.5748,18.5512,18.5512,2.55468,47.3925,48.1732,24.1766,2.55468,0.241752
0.575,18.5217,18.5217,2.55872,47.3919,48.1788,24.177,2.55872,0.243419
0.5752,18.5845,18.5845,2.54253,47.2517,48.1844,24.1758,2.54253,0.241752
0.5754,18.6253,18.6253,2.54251,47.355,48.1899,24.1758,2.54251,0.240085
0.5756,18.6495,18.6495,2.53879,47.347,48.1955,24.1756,2.53879,0.238418
0.5758,18.7013,18.7013,2.53245,47.3601,48.2011,24.1751,2.53245,0.236752
0.576,18.6414,18.6414,2.54861,47.5096,48.2066,24.1763,2.54861,0.238418
0.5762,18.578,18.578,2.55397,47.4477,48.2122,24.1766,2.55397,0.240085
0.5764,18.5614,18.5614,2.55378,47.4017,48.2178,24.1767,2.55378,0.241752
0.5766,18.5179,18.5179,2.56358,47.472,48.2234,24.1772,2.56358,0.243419
0.5768,18.5789,18.5789,2.54431,47.2704,48.2289,24.176,2.54431,0.241752
0.577,18.6288,18.6288,2.54731,47.4531,48.2345,24.1761,2.54731,0.240085
0.5772,18.6487,18.6487,2.53703,47.3122,48.2401,24.1755,2.53703,0.238418
0.5774,18.7075,18.7075,2.535,47.4235,48.2456,24.1754,2.535,0.236752
0.5776,18.6294,18.6294,2.55384,47.5764,48.2512,24.1767,2.55384,0.238418
0.5778,18.5881,18.5881,2.55249,47.446,48.2568,24.1765,2.55249,0.240085
0.578,18.5605,18.5605,2.55896,47.4956,48.2623,24.1769,2.55896,0.241752
0.5782,18.5154,18.5154,2.56411,47.4754,48.2679,24.1773,2.56411,0.243419
0.5784,18.5884,18.5884,2.54726,47.3494,48.2735,24.1761,2.54726,0.241752
0.5786,18.6147,18.6147,2.55243,47.5129,48.279,24.1765,2.55243,0.240085
0.5788,18.6574,18.6574,2.54173,47.4221,48.2846,24.1758,2.54173,0.238418
0.579,18.6963,18.6963,2.53879,47.4659,48.2902,24.1755,2.53879,0.236752
0.5792,18.634,18.634,2.55522,47.6139,48.2957,24.1767,2.55522,0.238418
0.5794,18.5841,18.5841,2.5581,47.54,48.3013,24.1768,2.5581,0.240085
0.5796,18.57,18.57,2.55862,47.5137,48.3069,24.1769,2.55862,0.241752
0.5798,18.5137,18.5137,2.56888,47.5594,48.3124,24.1776,2.56888,0.243419
0.58,18.5961,18.5961,2.54336,47.2966,48.318,24.1758,2.54336,0.241752
0.5802,18.6213,18.6213,2.55783,47.6301,48.3236,24.1768,2.55783,0.240085
0.5804,18.6549,18.6549,2.54283,47.4364,48.3291,24.1758,2.54283,0.238418
0.5806,18.7063,18.7063,2.54001,47.5142,48.3347,24.1756,2.54001,0.236752
0.5808,18.637,18.637,2.55569,47.6305,48.3403,24.1768,2.55569,0.238418
0.581,18.589,18.589,2.55763,47.5439,48.3458,24.1769,2.55763,0.240085
0.5812,18.5695,18.5695,2.56314,47.5962,48.3514,24.1773,2.56314,0.241752
0.5814,18.5121,18.5121,2.57079,47.5906,48.357,24.1778,2.57079,0.243419
0.5816,18.5767,18.5767,2.55144,47.3972,48.3625,24.1764,2.55144,0.241752
0.5818,18.6078,18.6078,2.55703,47.5805,48.3681,24.1768,2.55703,0.240085
0.582,18.6581,18.6581,2.54423,47.4706,48.3737,24.1759,2.54423,0.238418
0.5822,18.7044,18.7044,2.54303,47.5657,48.3792,24.1758,2.54303,0.236752
0.5824,18.6319,18.6319,2.56138,47.7233,48.3848,24.1771,2.56138,0.238418
0.5826,18.583,18.583,2.55976,47.5679,48.3904,24.177,2.55976,0.240085
0.5828,18.5659,18.5659,2.56434,47.6092,48.3959,24.1774,2.56434,0.241752
0.583,18.5201,18.5201,2.57199,47.6335,48.4015,24.1778,2.57199,0.243419
0.5832,18.5756,18.5756,2.55617,47.4824,48.4071,24.1767,2.55617,0.241752
0.5834,18.6133,18.6133,2.55664,47.5873,48.4126,24.1768,2.55664,0.240085
0.5836,18.6618,18.6618,2.54829,47.5557,48.4182,24.1762,2.54829,0.238418
0.5838,18.6971,18.6971,2.54615,47.6056,48.4238,24.176,2.54615,0.236752
0.584,18.635,18.635,2.56004,47.7064,48.4294,24.177,2.56004,0.238418
0.5842,18.5921,18.5921,2.56304,47.6523,48.4349,24.1772,2.56304,0.240085
0.5844,18.5759,18.5759,2.56484,47.6443,48.4405,24.1773,2.56484,0.241752
0.5846,18.5135,18.5135,2.57752,47.7189,48.4461,24.1782,2.57752,0.243419
0.5848,18.579,18.579,2.55712,47.5087,48.4516,24.1768,2.55712,0.241752
0.585,18.6237,18.6237,2.55905,47.659,48.4572,24.1769,2.55905,0.240085
0.5852,18.6653,18.6653,2.54914,47.5805,48.4628,24.1763,2.54914,0.238418
0.5854,18.6951,18.6951,2.55004,47.6732,48.4683,24.1763,2.55004,0.236752
0.5856,18.6372,18.6372,2.56383,47.7827,48.4739,24.1772,2.56383,0.238418
0.5858,18.5924,18.5924,2.56652,47.7178,48.4795,24.1775,2.56652,0.240085
0.586,18.5735,18.5735,2.56711,47.6802,48.485,24.1775,2.56711,0.241752
0.5862,18.5255,18.5255,2.57874,47.7724,48.4906,24.1782,2.57874,0.243419
0.5864,18.5843,18.5843,2.5578,47.535,48.4962,24.1769,2.5578,0.241752
0.5866,18.6169,18.6169,2.56358,47.7259,48.5017,24.1773,2.56358,0.240085
0.5868,18.6579,18.6579,2.55445,47.6606,48.5073,24.1766,2.55445,0.238418
0.587,18.7005,18.7005,2.54846,47.6576,48.5129,24.1762,2.54846,0.236752
0.5872,18.645,18.645,2.56348,47.7961,48.5184,24.1772,2.56348,0.238418
0.5874,18.5808,18.5808,2.57391,47.8253,48.524,24.1779,2.57391,0.240085
0.5876,18.5601,18.5601,2.57005,47.7005,48.5296,24.1778,2.57005,0.241752
0.5878,18.5217,18.5217,2.58224,47.8275,48.5351,24.1785,2.58224,0.243419
0.588,18.5745,18.5745,2.56018,47.5541,48.5407,24.177,2.56018,0.241752
0.5882,18.6287,18.6287,2.56334,47.7517,48.5463,24.1772,2.56334,0.240085
0.5884,18.6535,18.6535,2.55599,47.6782,48.5518,24.1769,2.55599,0.238418
0.5886,18.7039,18.7039,2.55016,47.6979,48.5574,24.1763,2.55016,0.236752
0.5888,18.6448,18.6448,2.56817,47.883,48.563,24.1777,2.56817,0.238418
0.589,18.5898,18.5898,2.57268,47.8258,48.5685,24.1779,2.57268,0.240085
0.5892,18.5643,18.5643,2.57326,47.7708,48.5741,24.178,2.57326,0.241752
0.5894,18.5203,18.5203,2.58273,47.833,48.5797,24.1785,2.58273,0.243419
0.5896,18.5779,18.5779,2.56376,47.6292,48.5852,24.1774,2.56376,0.241752
0.5898,18.619,18.619,2.56692,47.7935,48.5908,24.1776,2.56692,0.240085
0.59,18.6528,18.6528,2.55987,47.7488,48.5964,24.177,2.55987,0.238418
0.5902,18.6959,18.6959,2.55327,47.7356,48.6019,24.1766,2.55327,0.236752
0.5904,18.655,18.655,2.56934,47.9312,48.6075,24.1776,2.56934,0.238418
0.5906,18.5941,18.5941,2.57445,47.8695,48.6131,24.178,2.57445,0.240085
0.5908,18.5696,18.5696,2.57528,47.8219,48.6186,24.178,2.57528,0.241752
0.591,18.5214,18.5214,2.58628,47.9014,48.6242,24.1788,2.58628,0.243419
0.5912,18.5812,18.5812,2.56392,47.6408,48.6298,24.1773,2.56392,0.241752
0.5914,18.6221,18.6221,2.56971,47.8534,48.6354,24.1776,2.56971,0.240085
0.5916,18.6467,18.6467,2.56266,47.7852,48.6409,24.1773,2.56266,0.238418
0.5918,18.7035,18.7035,2.55459,47.7798,48.6465,24.1768,2.55459,0.236752
0.592,18.6528,18.6528,2.57491,48.0292,48.6521,24.1781,2.57491,0.238418
0.5922,18.5939,18.5939,2.57448,47.8696,48.6576,24.1781,2.57448,0.240085
0.5924,18.5773,18.5773,2.5789,47.909,48.6632,24.1783,2.5789,0.241752
0.5926,18.5127,18.5127,2.59106,47.9674,48.6688,24.1791,2.59106,0.243419
0.5928,18.57,18.57,2.56776,47.6832,48.6743,24.1776,2.56776,0.241752
0.593,18.6349,18.6349,2.57066,47.904,48.6799,24.1777,2.57066,0.240085
0.5932,18.648,18.648,2.56515,47.835,48.6855,24.1774,2.56515,0.238418
0.5934,18.6916,18.6916,2.55838,47.8202,48.691,24.1769,2.55838,0.236752
0.5936,18.644,18.644,2.57649,48.0359,48.6966,24.1782,2.57649,0.238418
0.5938,18.5964,18.5964,2.57799,47.9415,48.7022,24.1784,2.57799,0.240085
0.594,18.5622,18.5622,2.5816,47.9201,48.7077,24.1786,2.5816,0.241752
0.5942,18.5215,18.5215,2.58982,47.9673,48.7133,24.179,2.58982,0.243419
0.5944,18.5891,18.5891,2.56697,47.7175,48.7189,24.1775,2.56697,0.241752
0.5946,18.6355,18.6355,2.57485,47.9838,48.7244,24.178,2.57485,0.240085
0.5948,18.6476,18.6476,2.57031,47.9301,48.73,24.1777,2.57031,0.238418
0.595,18.6956,18.6956,2.56202,47.8985,48.7356,24.1772,2.56202,0.236752
0.5952,18.6426,18.6426,2.57601,48.0234,48.7411,24.1781,2.57601,0.238418
0.5954,18.5944,18.5944,2.57993,47.9722,48.7467,24.1784,2.57993,0.240085
0.5956,18.5622,18.5622,2.58462,47.9762,48.7523,24.1788,2.58462,0.241752
0.5958,18.518,18.518,2.59146,47.9886,48.7578,24.1793,2.59146,0.243419
0.596,18.5846,18.5846,2.57243,47.8074,48.7634,24.178,2.57243,0.241752
0.5962,18.6353,18.6353,2.57424,47.9718,48.769,24.1781,2.57424,0.240085
0.5964,18.6541,18.6541,2.57404,48.0164,48.7745,24.1779,2.57404,0.238418
0.5966,18.6943,18.6943,2.56286,47.911,48.7801,24.1772,2.56286,0.236752
0.5968,18.6637,18.6637,2.57653,48.0874,48.7857,24.1781,2.57653,0.238418
0.597,18.599,18.599,2.58176,48.018,48.7912,24.1785,2.58176,0.240085
0.5972,18.5671,18.5671,2.58575,48.01,48.7968,24.1788,2.58575,0.241752
0.5974,18.5142,18.5142,2.59754,48.0914,48.8024,24.1796,2.59754,0.243419
0.5976,18.5731,18.5731,2.57738,47.87,48.8079,24.1782,2.57738,0.241752
0.5978,18.6295,18.6295,2.57481,47.9674,48.8135,24.1781,2.57481,0.240085
0.598,18.6605,18.6605,2.5748,48.0472,48.8191,24.1781,2.5748,0.238418
0.5982,18.6954,18.6954,2.56464,47.9469,48.8246,24.1773,2.56464,0.236752
0.5984,18.6493,18.6493,2.58254,48.1625,48.8302,24.1785,2.58254,0.238418
0.5986,18.6102,18.6102,2.58107,48.0342,48.8358,24.1785,2.58107,0.240085
0.5988,18.5696,18.5696,2.58942,48.0845,48.8414,24.1791,2.58942,0.241752
0.599,18.509,18.509,2.60035,48.13,48.8469,24.1799,2.60035,0.243419
0.5992,18.5823,18.5823,2.57475,47.8446,48.8525,24.178,2.57475,0.241752
0.5994,18.6392,18.6392,2.58,48.0891,48.8581,24.1783,2.58,0.240085
0.5996,18.6562,18.6562,2.5748,48.0362,48.8636,24.178,2.5748,0.238418
0.5998,18.6973,18.6973,2.56875,48.0288,48.8692,24.1776,2.56875,0.236752
0.6,18.6467,18.6467,2.58347,48.1732,48.8748,24.1787,2.58347,0.238418
0.6002,18.603,18.603,2.58535,48.0954,48.8803,24.1789,2.58535,0.240085
0.6004,18.5712,18.5712,2.59187,48.134,48.8859,24.1793,2.59187,0.241752
0.6006,18.5186,18.5186,2.59853,48.1211,48.8915,24.1797,2.59853,0.243419
0.6008,18.5866,18.5866,2.57952,47.9445,48.897,24.1783,2.57952,0.241752
0.601,18.6227,18.6227,2.58457,48.1317,48.9026,24.1787,2.58457,0.240085
0.6012,18.6495,18.6495,2.57875,48.0924,48.9082,24.1784,2.57875,0.238418
0.6014,18.7036,18.7036,2.56945,48.058,48.9137,24.1777,2.56945,0.236752
0.6016,18.653,18.653,2.58702,48.2557,48.9193,24.1788,2.58702,0.238418
0.6018,18.6129,18.6129,2.58719,48.1552,48.9249,24.1788,2.58719,0.240085
0.602,18.5629,18.5629,2.59731,48.2134,48.9304,24.1796,2.59731,0.241752
0.6022,18.5216,18.5216,2.59927,48.1426,48.936,24.1797,2.59927,0.243419
0.6024,18.5776,18.5776,2.58472,48.0179,48.9416,24.1788,2.58472,0.241752
0.6026,18.6286,18.6286,2.58447,48.1452,48.9471,24.1787,2.58447,0.240085
0.6028,18.6605,18.6605,2.58034,48.1506,48.9527,24.1784,2.58034,0.238418
0.603,18.7136,18.7136,2.56941,48.0828,48.9583,24.1777,2.56941,0.236752
0.6032,18.6598,18.6598,2.5893,48.3159,48.9638,24.179,2.5893,0.238418
0.6034,18.5878,18.5878,2.59693,48.2713,48.9694,24.1797,2.59693,0.240085
0.6036,18.5521,18.5521,2.5927,48.1,48.975,24.1793,2.5927,0.241752
0.6038,18.5369,18.5369,2.60281,48.2481,48.9805,24.1801,2.60281,0.243419
0.604,18.4768,18.4768,2.61018,48.2278,48.9861,24.1805,2.61018,0.245085
0.6042,18.5391,18.5391,2.59267,48.0657,48.9917,24.1792,2.59267,0.243419
0.6044,18.5914,18.5914,2.59118,48.1736,48.9972,24.1792,2.59118,0.241752
0.6046,18.6284,18.6284,2.58442,48.1437,49.0028,24.1787,2.58442,0.240085
0.6048,18.6608,18.6608,2.58352,48.2105,49.0084,24.1786,2.58352,0.238418
0.605,18.7057,18.7057,2.57332,48.1357,49.0139,24.178,2.57332,0.236752
0.6052,18.648,18.648,2.59196,48.3347,49.0195,24.1792,2.59196,0.238418
0.6054,18.5986,18.5986,2.59519,48.2668,49.0251,24.1794,2.59519,0.240085
0.6056,18.538,18.538,2.61042,48.3921,49.0306,24.1804,2.61042,0.241752
0.6058,18.5323,18.5323,2.59913,48.168,49.0362,24.1797,2.59913,0.243419
0.606,18.4944,18.4944,2.61354,48.3357,49.0418,24.1807,2.61354,0.245085
0.6062,18.5362,18.5362,2.59688,48.1363,49.0474,24.1796,2.59688,0.243419
0.6064,18.5746,18.5746,2.59888,48.2732,49.0529,24.1797,2.59888,0.241752
0.6066,18.6266,18.6266,2.58814,48.2084,49.0585,24.1791,2.58814,0.240085
0.6068,18.6593,18.6593,2.58444,48.224,49.0641,24.1788,2.58444,0.238418
0.607,18.7097,18.7097,2.57802,48.234,49.0696,24.1783,2.57802,0.236752
0.6072,18.651,18.651,2.59282,48.3588,49.0752,24.1794,2.59282,0.238418
0.6074,18.5922,18.5922,2.60064,48.3515,49.0808,24.1799,2.60064,0.240085
0.6076,18.5359,18.5359,2.60982,48.3753,49.0863,24.1804,2.60982,0.241752
0.6078,18.5326,18.5326,2.60467,48.2714,49.0919,24.18,2.60467,0.243419
0.608,18.4952,18.4952,2.61482,48.3617,49.0975,24.1809,2.61482,0.245085
0.6082,18.5404,18.5404,2.60022,48.2092,49.103,24.1797,2.60022,0.243419
0.6084,18.5896,18.5896,2.59665,48.2706,49.1086,24.1796,2.59665,0.241752
0.6086,18.6249,18.6249,2.5956,48.3428,49.1142,24.1796,2.5956,0.240085
0.6088,18.6635,18.6635,2.58695,48.2815,49.1197,24.1789,2.58695,0.238418
0.609,18.608,18.608,2.6035,48.4461,49.1253,24.1801,2.6035,0.240085
0.6092,18.5652,18.5652,2.60588,48.3788,49.1309,24.1801,2.60588,0.241752
0.6094,18.5252,18.5252,2.6132,48.4102,49.1364,24.1806,2.6132,0.243419
0.6096,18.4788,18.4788,2.61768,48.3715,49.142,24.1809,2.61768,0.245085
0.6098,18.5479,18.5479,2.6004,48.232,49.1476,24.1797,2.6004,0.243419
0.61,18.5561,18.5561,2.61296,48.4864,49.1531,24.1806,2.61296,0.241752
0.6102,18.6062,18.6062,2.59322,48.2499,49.1587,24.1794,2.59322,0.240085
0.6104,18.6791,18.6791,2.58542,48.2933,49.1643,24.1787,2.58542,0.238418
0.6106,18.6047,18.6047,2.61076,48.5725,49.1698,24.1806,2.61076,0.240085
0.6108,18.5485,18.5485,2.61106,48.4312,49.1754,24.1805,2.61106,0.241752
0.611,18.5256,18.5256,2.61175,48.3842,49.181,24.1807,2.61175,0.243419
0.6112,18.4805,18.4805,2.62012,48.4213,49.1865,24.1812,2.62012,0.245085
0.6114,18.5382,18.5382,2.60233,48.2423,49.1921,24.1799,2.60233,0.243419
0.6116,18.5624,18.5624,2.61156,48.4769,49.1977,24.1805,2.61156,0.241752
0.6118,18.6189,18.6189,2.59326,48.2836,49.2032,24.1793,2.59326,0.240085
0.612,18.6764,18.6764,2.59155,48.4009,49.2088,24.1792,2.59155,0.238418
0.6122,18.6037,18.6037,2.61056,48.566,49.2144,24.1805,2.61056,0.240085
0.6124,18.5574,18.5574,2.60944,48.4245,49.2199,24.1804,2.60944,0.241752
0.6126,18.5233,18.5233,2.61903,48.5131,49.2255,24.181,2.61903,0.243419
0.6128,18.4835,18.4835,2.61871,48.403,49.2311,24.181,2.61871,0.245085
0.613,18.5529,18.5529,2.6062,48.3525,49.2366,24.1801,2.6062,0.243419
0.6132,18.5805,18.5805,2.61456,48.5798,49.2422,24.1807,2.61456,0.241752
0.6134,18.6095,18.6095,2.59817,48.3506,49.2478,24.1796,2.59817,0.240085
0.6136,18.6686,18.6686,2.59204,48.3897,49.2534,24.1792,2.59204,0.238418
0.6138,18.6135,18.6135,2.61265,48.6306,49.2589,24.1806,2.61265,0.240085
0.614,18.5494,18.5494,2.61402,48.4883,49.2645,24.1807,2.61402,0.241752
0.6142,18.5264,18.5264,2.61925,48.5255,49.2701,24.1811,2.61925,0.243419
0.6144,18.4771,18.4771,2.62339,48.4728,49.2756,24.1813,2.62339,0.245085
0.6146,18.5008,18.5008,2.62066,48.4842,49.2812,24.1811,2.62066,0.243419
0.6148,18.582,18.582,2.6066,48.4361,49.2868,24.1801,2.6066,0.241752
0.615,18.6277,18.6277,2.59949,48.4225,49.2923,24.1798,2.59949,0.240085
0.6152,18.6667,18.6667,2.59425,48.426,49.2979,24.1794,2.59425,0.238418
0.6154,18.6081,18.6081,2.61679,48.6935,49.3035,24.1809,2.61679,0.240085
0.6156,18.5502,18.5502,2.61501,48.5089,49.309,24.1809,2.61501,0.241752
0.6158,18.5399,18.5399,2.61955,48.566,49.3146,24.181,2.61955,0.243419
0.616,18.4806,18.4806,2.62681,48.5451,49.3202,24.1817,2.62681,0.245085
0.6162,18.5274,18.5274,2.61196,48.3928,49.3257,24.1805,2.61196,0.243419
0.6164,18.6045,18.6045,2.60624,48.4878,49.3313,24.1802,2.60624,0.241752
0.6166,18.6133,18.6133,2.60933,48.5683,49.3369,24.1805,2.60933,0.240085
0.6168,18.672,18.672,2.59264,48.4098,49.3424,24.1793,2.59264,0.238418
0.617,18.6232,18.6232,2.6192,48.7778,49.348,24.181,2.6192,0.240085
0.6172,18.5536,18.5536,2.61594,48.5353,49.3536,24.1808,2.61594,0.241752
0.6174,18.5361,18.5361,2.6231,48.6221,49.3591,24.1814,2.6231,0.243419
0.6176,18.4894,18.4894,2.62942,48.6165,49.3647,24.1819,2.62942,0.245085
0.6178,18.5316,18.5316,2.61631,48.4843,49.3703,24.1808,2.61631,0.243419
0.618,18.5735,18.5735,2.61566,48.5819,49.3758,24.1808,2.61566,0.241752
0.6182,18.6253,18.6253,2.60477,48.5146,49.3814,24.1802,2.60477,0.240085
0.6184,18.6621,18.6621,2.60338,48.5845,49.387,24.18,2.60338,0.238418
0.6186,18.5994,18.5994,2.6183,48.6988,49.3925,24.181,2.6183,0.240085
0.6188,18.5561,18.5561,2.6193,48.6039,49.3981,24.1812,2.6193,0.241752
0.619,18.5433,18.5433,2.62122,48.606,49.4037,24.1813,2.62122,0.243419
0.6192,18.4884,18.4884,2.63374,48.6935,49.4092,24.182,2.63374,0.245085
0.6194,18.543,18.543,2.61769,48.5397,49.4148,24.1809,2.61769,0.243419
0.6196,18.5927,18.5927,2.61329,48.5882,49.4204,24.1806,2.61329,0.241752
0.6198,18.6231,18.6231,2.61092,48.6234,49.4259,24.1805,2.61092,0.240085
0.62,18.6594,18.6594,2.60276,48.5659,49.4315,24.18,2.60276,0.238418
0.6202,18.6049,18.6049,2.62191,48.7804,49.4371,24.1814,2.62191,0.240085
0.6204,18.5508,18.5508,2.6248,48.6921,49.4426,24.1814,2.6248,0.241752
0.6206,18.5334,18.5334,2.62368,48.6257,49.4482,24.1814,2.62368,0.243419
0.6208,18.4947,18.4947,2.63592,48.7507,49.4538,24.1823,2.63592,0.245085
0.621,18.5245,18.5245,2.61982,48.531,49.4594,24.1811,2.61982,0.243419
0.6212,18.6005,18.6005,2.61641,48.6666,49.4649,24.1808,2.61641,0.241752
0.6214,18.6202,18.6202,2.61597,48.71,49.4705,24.1808,2.61597,0.240085
0.6216,18.6566,18.6566,2.60545,48.6087,49.4761,24.1801,2.60545,0.238418
0.6218,18.7037,18.7037,2.60231,48.6728,49.4816,24.1799,2.60231,0.236752
0.622,18.6405,18.6405,2.61837,48.8078,49.4872,24.1811,2.61837,0.238418
0.6222,18.5983,18.5983,2.62038,48.7346,49.4928,24.1811,2.62038,0.240085
0.6224,18.5736,18.5736,2.62379,48.7331,49.4983,24.1813,2.62379,0.241752
0.6226,18.5313,18.5313,2.63315,48.7957,49.5039,24.182,2.63315,0.243419
0.6228,18.4839,18.4839,2.63383,48.6835,49.5095,24.1821,2.63383,0.245085
0.623,18.5596,18.5596,2.62169,48.6576,49.515,24.1812,2.62169,0.243419
0.6232,18.581,18.581,2.6227,48.7323,49.5206,24.1814,2.6227,0.241752
0.6234,18.6259,18.6259,2.61389,48.6859,49.5262,24.1807,2.61389,0.240085
0.6236,18.6706,18.6706,2.60732,48.6801,49.5317,24.1804,2.60732,0.238418
0.6238,18.5927,18.5927,2.63021,48.9026,49.5373,24.1819,2.63021,0.240085
0.624,18.5634,18.5634,2.62305,48.6926,49.5429,24.1813,2.62305,0.241752
0.6242,18.5512,18.5512,2.63122,48.8124,49.5484,24.1819,2.63122,0.243419
0.6244,18.4767,18.4767,2.64485,48.8681,49.554,24.1828,2.64485,0.245085
0.6246,18.5367,18.5367,2.6214,48.5921,49.5596,24.1812,2.6214,0.243419
0.6248,18.5999,18.5999,2.62475,48.82,49.5651,24.1814,2.62475,0.241752
0.625,18.6114,18.6114,2.61884,48.7405,49.5707,24.1811,2.61884,0.240085
0.6252,18.6592,18.6592,2.61082,48.7158,49.5763,24.1806,2.61082,0.238418
0.6254,18.617,18.617,2.62872,48.939,49.5818,24.1817,2.62872,0.240085
0.6256,18.5621,18.5621,2.62836,48.7881,49.5874,24.1817,2.62836,0.241752
0.6258,18.533,18.533,2.63549,48.8435,49.593,24.1821,2.63549,0.243419
0.626,18.4869,18.4869,2.64009,48.8071,49.5985,24.1825,2.64009,0.245085
0.6262,18.5527,18.5527,2.62397,48.6818,49.6041,24.1815,2.62397,0.243419
0.6264,18.5932,18.5932,2.62793,48.8615,49.6097,24.1816,2.62793,0.241752
0.6266,18.618,18.618,2.61834,48.7482,49.6152,24.181,2.61834,0.240085
0.6268,18.671,18.671,2.61356,48.7976,49.6208,24.1807,2.61356,0.238418
0.627,18.6043,18.6043,2.63162,48.9593,49.6264,24.182,2.63162,0.240085
0.6272,18.5723,18.5723,2.6298,48.8413,49.6319,24.1818,2.6298,0.241752
0.6274,18.5269,18.5269,2.64097,48.9291,49.6375,24.1825,2.64097,0.243419
0.6276,18.4806,18.4806,2.64353,48.8542,49.6431,24.1828,2.64353,0.245085
0.6278,18.5482,18.5482,2.62783,48.7414,49.6486,24.1817,2.62783,0.243419
0.628,18.5931,18.5931,2.62792,48.8612,49.6542,24.1818,2.62792,0.241752
0.6282,18.6241,18.6241,2.6221,48.8342,49.6598,24.1814,2.6221,0.240085
0.6284,18.6689,18.6689,2.61477,48.815,49.6654,24.1807,2.61477,0.238418
0.6286,18.6131,18.6131,2.63521,49.0495,49.6709,24.1821,2.63521,0.240085
0.6288,18.556,18.556,2.63387,48.8742,49.6765,24.1822,2.63387,0.241752
0.629,18.5351,18.5351,2.64285,48.9854,49.6821,24.1826,2.64285,0.243419
0.6292,18.4805,18.4805,2.64521,48.8848,49.6876,24.1828,2.64521,0.245085
0.6294,18.553,18.553,2.62971,48.7891,49.6932,24.1819,2.62971,0.243419
0.6296,18.5929,18.5929,2.62983,48.8961,49.6988,24.1818,2.62983,0.241752
0.6298,18.6128,18.6128,2.6286,48.9257,49.7043,24.1817,2.6286,0.240085
0.63,18.6646,18.6646,2.61773,48.8588,49.7099,24.1809,2.61773,0.238418
0.6302,18.6142,18.6142,2.6369,49.0837,49.7155,24.1822,2.6369,0.240085
0.6304,18.5556,18.5556,2.63824,48.9542,49.721,24.1824,2.63824,0.241752
0.6306,18.5277,18.5277,2.64288,48.9665,49.7266,24.1828,2.64288,0.243419
0.6308,18.4762,18.4762,2.65116,48.9835,49.7322,24.1832,2.65116,0.245085
0.631,18.5414,18.5414,2.63368,48.832,49.7377,24.182,2.63368,0.243419
0.6312,18.604,18.604,2.63129,48.9526,49.7433,24.1818,2.63129,0.241752
0.6314,18.613,18.613,2.63173,48.9845,49.7489,24.1821,2.63173,0.240085
0.6316,18.6653,18.6653,2.61783,48.8626,49.7544,24.1811,2.61783,0.238418
0.6318,18.607,18.607,2.64096,49.1402,49.76,24.1825,2.64096,0.240085
0.632,18.561,18.561,2.6381,48.9659,49.7656,24.1823,2.6381,0.241752
0.6322,18.5231,18.5231,2.64895,49.0667,49.7711,24.1831,2.64895,0.243419
0.6324,18.4796,18.4796,2.65197,49.0072,49.7767,24.1833,2.65197,0.245085
0.6326,18.5555,18.5555,2.63316,48.8595,49.7823,24.1821,2.63316,0.243419
0.6328,18.6041,18.6041,2.63398,49.0029,49.7878,24.182,2.63398,0.241752
0.633,18.6168,18.6168,2.63082,48.9774,49.7934,24.182,2.63082,0.240085
0.6332,18.6693,18.6693,2.62099,48.9322,49.799,24.1812,2.62099,0.238418
0.6334,18.6123,18.6123,2.64184,49.1706,49.8045,24.1827,2.64184,0.240085
0.6336,18.5603,18.5603,2.64283,49.0516,49.8101,24.1827,2.64283,0.241752
0.6338,18.532,18.532,2.6479,49.0708,49.8157,24.1831,2.6479,0.243419
0.634,18.4895,18.4895,2.6548,49.0859,49.8212,24.1836,2.6548,0.245085
0.6342,18.5341,18.5341,2.6387,48.906,49.8268,24.1825,2.6387,0.243419
0.6344,18.6052,18.6052,2.63394,49.005,49.8324,24.1822,2.63394,0.241752
0.6346,18.6157,18.6157,2.63655,49.0813,49.8379,24.1823,2.63655,0.240085
0.6348,18.6728,18.6728,2.62135,48.948,49.8435,24.1813,2.62135,0.238418
0.635,18.6135,18.6135,2.64636,49.258,49.8491,24.1829,2.64636,0.240085
0.6352,18.5603,18.5603,2.64105,49.0187,49.8546,24.1825,2.64105,0.241752
0.6354,18.5312,18.5312,2.65162,49.1376,49.8602,24.1834,2.65162,0.243419
0.6356,18.494,18.494,2.65509,49.1034,49.8658,24.1835,2.65509,0.245085
0.6358,18.5406,18.5406,2.64361,49.0141,49.8714,24.1827,2.64361,0.243419
0.636,18.5817,18.5817,2.63993,49.0544,49.8769,24.1824,2.63993,0.241752
0.6362,18.6137,18.6137,2.636,49.0657,49.8825,24.1822,2.636,0.240085
0.6364,18.6775,18.6775,2.62481,49.0249,49.8881,24.1815,2.62481,0.238418
0.6366,18.6191,18.6191,2.64618,49.2695,49.8936,24.1829,2.64618,0.240085
0.6368,18.5709,18.5709,2.64365,49.0949,49.8992,24.1827,2.64365,0.241752
0.637,18.5438,18.5438,2.65412,49.2176,49.9048,24.1836,2.65412,0.243419
0.6372,18.4882,18.4882,2.65992,49.1771,49.9103,24.1838,2.65992,0.245085
0.6374,18.5436,18.5436,2.64258,49.003,49.9159,24.1828,2.64258,0.243419
0.6376,18.595,18.595,2.64141,49.1172,49.9215,24.1827,2.64141,0.241752
0.6378,18.6287,18.6287,2.63866,49.1549,49.927,24.1824,2.63866,0.240085
0.638,18.6777,18.6777,2.62762,49.0778,49.9326,24.1818,2.62762,0.238418
0.6382,18.6165,18.6165,2.64771,49.2911,49.9382,24.1831,2.64771,0.240085
0.6384,18.5695,18.5695,2.6479,49.1703,49.9437,24.183,2.6479,0.241752
0.6386,18.5354,18.5354,2.65661,49.2412,49.9493,24.1836,2.65661,0.243419
0.6388,18.491,18.491,2.66009,49.1876,49.9549,24.184,2.66009,0.245085
0.639,18.5414,18.5414,2.64948,49.1252,49.9604,24.1831,2.64948,0.243419
0.6392,18.6041,18.6041,2.64138,49.1405,49.966,24.1826,2.64138,0.241752
0.6394,18.6118,18.6118,2.64386,49.207,49.9716,24.1828,2.64386,0.240085
0.6396,18.6695,18.6695,2.63048,49.1099,49.9771,24.182,2.63048,0.238418
0.6398,18.603,18.603,2.65434,49.3787,49.9827,24.1835,2.65434,0.240085
0.64,18.5705,18.5705,2.64629,49.1428,49.9883,24.183,2.64629,0.241752
0.6402,18.5454,18.5454,2.6596,49.3233,49.9938,24.1839,2.6596,0.243419
0.6404,18.4936,18.4936,2.65953,49.1842,49.9994,24.184,2.65953,0.245085
0.6406,18.5456,18.5456,2.65224,49.1875,50.005,24.1833,2.65224,0.243419
0.6408,18.5867,18.5867,2.64663,49.1919,50.0105,24.1829,2.64663,0.241752
0.641,18.6182,18.6182,2.64389,49.2244,50.0161,24.1827,2.64389,0.240085
0.6412,18.6713,18.6713,2.63228,49.1482,50.0217,24.182,2.63228,0.238418
0.6414,18.6117,18.6117,2.65364,49.3887,50.0272,24.1835,2.65364,0.240085
0.6416,18.5686,18.5686,2.6524,49.2513,50.0328,24.1834,2.6524,0.241752
0.6418,18.5445,18.5445,2.65729,49.278,50.0384,24.1837,2.65729,0.243419
0.642,18.477,18.477,2.67068,49.3461,50.0439,24.1846,2.67068,0.245085
0.6422,18.5374,18.5374,2.6489,49.1037,50.0495,24.1833,2.6489,0.243419
0.6424,18.6108,18.6108,2.64622,49.2483,50.0551,24.183,2.64622,0.241752
0.6426,18.6133,18.6133,2.6495,49.316,50.0606,24.1831,2.6495,0.240085
0.6428,18.6723,18.6723,2.63491,49.1998,50.0662,24.1821,2.63491,0.238418
0.643,18.6105,18.6105,2.65748,49.457,50.0718,24.1837,2.65748,0.240085
0.6432,18.559,18.559,2.6554,49.2816,50.0774,24.1835,2.6554,0.241752
0.6434,18.5323,18.5323,2.66153,49.3242,50.0829,24.1839,2.66153,0.243419
0.6436,18.5041,18.5041,2.66403,49.2956,50.0885,24.1841,2.66403,0.245085
0.6438,18.4438,18.4438,2.67622,49.3596,50.0941,24.1849,2.67622,0.246752
0.644,18.4958,18.4958,2.65976,49.1943,50.0996,24.1838,2.65976,0.245085
0.6442,18.5656,18.5656,2.65456,49.2835,50.1052,24.1835,2.65456,0.243419
0.6444,18.597,18.597,2.65243,49.3272,50.1108,24.1833,2.65243,0.241752
0.6446,18.6287,18.6287,2.64972,49.3609,50.1163,24.1832,2.64972,0.240085
0.6448,18.6743,18.6743,2.63869,49.2757,50.1219,24.1824,2.63869,0.238418
0.645,18.6126,18.6126,2.6559,49.4332,50.1275,24.1837,2.6559,0.240085
0.6452,18.5639,18.5639,2.65913,49.3638,50.133,24.1838,2.65913,0.241752
0.6454,18.5343,18.5343,2.66376,49.3711,50.1386,24.1841,2.66376,0.243419
0.6456,18.5101,18.5101,2.66674,49.3616,50.1442,24.1843,2.66674,0.245085
0.6458,18.4509,18.4509,2.68171,49.4799,50.1497,24.1853,2.68171,0.246752
0.646,18.5028,18.5028,2.65905,49.2,50.1553,24.1838,2.65905,0.245085
0.6462,18.5623,18.5623,2.65939,49.3644,50.1609,24.1838,2.65939,0.243419
0.6464,18.5965,18.5965,2.65375,49.3504,50.1664,24.1834,2.65375,0.241752
0.6466,18.6178,18.6178,2.65478,49.4263,50.172,24.1835,2.65478,0.240085
0.6468,18.6566,18.6566,2.64309,49.3111,50.1776,24.1827,2.64309,0.238418
0.647,18.6275,18.6275,2.65523,49.4602,50.1831,24.1836,2.65523,0.240085
0.6472,18.5737,18.5737,2.66178,49.4391,50.1887,24.184,2.66178,0.241752
0.6474,18.5452,18.5452,2.66624,49.4458,50.1943,24.1844,2.66624,0.243419
0.6476,18.4882,18.4882,2.67617,49.4776,50.1998,24.1849,2.67617,0.245085
0.6478,18.549,18.549,2.65772,49.298,50.2054,24.1836,2.65772,0.243419
0.648,18.601,18.601,2.65657,49.4149,50.211,24.1836,2.65657,0.241752
0.6482,18.6224,18.6224,2.65757,49.4902,50.2165,24.1836,2.65757,0.240085
0.6484,18.6561,18.6561,2.64758,49.3935,50.2221,24.183,2.64758,0.238418
0.6486,18.6204,18.6204,2.66146,49.5574,50.2277,24.184,2.66146,0.240085
0.6488,18.564,18.564,2.66567,49.4855,50.2332,24.1843,2.66567,0.241752
0.649,18.5372,18.5372,2.67022,49.4984,50.2388,24.1846,2.67022,0.243419
0.6492,18.4932,18.4932,2.67894,49.5423,50.2444,24.1853,2.67894,0.245085
0.6494,18.5501,18.5501,2.6604,49.3507,50.2499,24.1839,2.6604,0.243419
0.6496,18.6073,18.6073,2.65843,49.466,50.2555,24.1838,2.65843,0.241752
0.6498,18.6114,18.6114,2.66179,49.5397,50.2611,24.184,2.66179,0.240085
0.65,18.6495,18.6495,2.64794,49.3827,50.2666,24.183,2.64794,0.238418
0.6502,18.629,18.629,2.66225,49.5951,50.2722,24.184,2.66225,0.240085
0.6504,18.5697,18.5697,2.66812,49.5462,50.2778,24.1844,2.66812,0.241752
0.6506,18.5285,18.5285,2.67482,49.5603,50.2834,24.1848,2.67482,0.243419
0.6508,18.4912,18.4912,2.67946,49.5463,50.2889,24.1853,2.67946,0.245085
0.651,18.5444,18.5444,2.66513,49.4232,50.2945,24.1843,2.66513,0.243419
0.6512,18.6001,18.6001,2.66227,49.5185,50.3001,24.184,2.66227,0.241752
0.6514,18.6193,18.6193,2.65965,49.5208,50.3056,24.1838,2.65965,0.240085
0.6516,18.6611,18.6611,2.64977,49.4475,50.3112,24.1833,2.64977,0.238418
0.6518,18.6055,18.6055,2.6747,49.764,50.3168,24.1848,2.6747,0.240085
0.652,18.5587,18.5587,2.66715,49.4987,50.3223,24.1843,2.66715,0.241752
0.6522,18.5379,18.5379,2.67801,49.6445,50.3279,24.185,2.67801,0.243419
0.6524,18.4676,18.4676,2.68292,49.5469,50.3335,24.1854,2.68292,0.245085
0.6526,18.5656,18.5656,2.66047,49.3932,50.339,24.184,2.66047,0.243419
0.6528,18.6099,18.6099,2.66503,49.596,50.3446,24.1843,2.66503,0.241752
0.653,18.6219,18.6219,2.66201,49.5716,50.3502,24.184,2.66201,0.240085
0.6532,18.6684,18.6684,2.65185,49.506,50.3557,24.1834,2.65185,0.238418
0.6534,18.6323,18.6323,2.66765,49.7046,50.3613,24.1844,2.66765,0.240085
0.6536,18.5721,18.5721,2.67105,49.6069,50.3669,24.1847,2.67105,0.241752
0.6538,18.5432,18.5432,2.67702,49.6406,50.3724,24.1851,2.67702,0.243419
0.654,18.4857,18.4857,2.68486,49.6315,50.378,24.1855,2.68486,0.245085
0.6542,18.5533,18.5533,2.66551,49.4539,50.3836,24.1844,2.66551,0.243419
0.6544,18.6008,18.6008,2.66634,49.596,50.3891,24.1843,2.66634,0.241752
0.6546,18.6281,18.6281,2.66488,49.6417,50.3947,24.1841,2.66488,0.240085
0.6548,18.6603,18.6603,2.65597,49.5614,50.4003,24.1837,2.65597,0.238418
0.655,18.6355,18.6355,2.66858,49.7304,50.4058,24.1844,2.66858,0.240085
0.6552,18.5579,18.5579,2.67745,49.6878,50.4114,24.1852,2.67745,0.241752
0.6554,18.5543,18.5543,2.67667,49.6636,50.417,24.185,2.67667,0.243419
0.6556,18.4851,18.4851,2.69123,49.7476,50.4225,24.1861,2.69123,0.245085
0.6558,18.5416,18.5416,2.66963,49.4993,50.4281,24.1846,2.66963,0.243419
0.656,18.5988,18.5988,2.67028,49.6639,50.4337,24.1846,2.67028,0.241752
0.6562,18.6205,18.6205,2.66391,49.6034,50.4392,24.1842,2.66391,0.240085
0.6564,18.6645,18.6645,2.65903,49.6295,50.4448,24.1839,2.65903,0.238418
0.6566,18.6133,18.6133,2.67548,49.7996,50.4504,24.1849,2.67548,0.240085
0.6568,18.5743,18.5743,2.67517,49.6895,50.4559,24.1849,2.67517,0.241752
0.657,18.5453,18.5453,2.67977,49.6971,50.4615,24.1852,2.67977,0.243419
0.6572,18.4702,18.4702,2.6967,49.8085,50.4671,24.1863,2.6967,0.245085
0.6574,18.5454,18.5454,2.66768,49.473,50.4726,24.1845,2.66768,0.243419
0.6576,18.6216,18.6216,2.66991,49.718,50.4782,24.1847,2.66991,0.241752
0.6578,18.6192,18.6192,2.67231,49.7563,50.4838,24.1847,2.67231,0.240085
0.658,18.6647,18.6647,2.65735,49.5987,50.4894,24.1838,2.65735,0.238418
0.6582,18.6177,18.6177,2.67672,49.8345,50.4949,24.185,2.67672,0.240085
0.6584,18.5711,18.5711,2.67947,49.7608,50.5005,24.1852,2.67947,0.241752
0.6586,18.529,18.529,2.68508,49.7518,50.5061,24.1856,2.68508,0.243419
0.6588,18.4896,18.4896,2.6931,49.7944,50.5116,24.1861,2.6931,0.245085
0.659,18.5519,18.5519,2.67518,49.6296,50.5172,24.185,2.67518,0.243419
0.6592,18.607,18.607,2.67274,49.7318,50.5228,24.1847,2.67274,0.241752
0.6594,18.6209,18.6209,2.67178,49.7511,50.5283,24.1846,2.67178,0.240085
0.6596,18.669,18.669,2.65988,49.6572,50.5339,24.1839,2.65988,0.238418
0.6598,18.6242,18.6242,2.68199,49.9499,50.5395,24.1853,2.68199,0.240085
0.66,18.5703,18.5703,2.67933,49.7558,50.545,24.1852,2.67933,0.241752
0.6602,18.5439,18.5439,2.68454,49.7819,50.5506,24.1856,2.68454,0.243419
0.6604,18.487,18.487,2.69696,49.8586,50.5562,24.1864,2.69696,0.245085
0.6606,18.5577,18.5577,2.67463,49.6351,50.5617,24.1848,2.67463,0.243419
0.6608,18.6058,18.6058,2.6779,49.8246,50.5673,24.1852,2.6779,0.241752
0.661,18.6218,18.6218,2.67446,49.8033,50.5729,24.1848,2.67446,0.240085
0.6612,18.6632,18.6632,2.66318,49.7035,50.5784,24.1841,2.66318,0.238418
0.6614,18.6264,18.6264,2.68005,49.9197,50.584,24.1852,2.68005,0.240085
0.6616,18.5734,18.5734,2.68292,49.8308,50.5896,24.1856,2.68292,0.241752
0.6618,18.5478,18.5478,2.68893,49.8737,50.5951,24.1858,2.68893,0.243419
0.662,18.4854,18.4854,2.69851,49.8829,50.6007,24.1865,2.69851,0.245085
0.6622,18.5502,18.5502,2.67897,49.6954,50.6063,24.1852,2.67897,0.243419
0.6624,18.5954,18.5954,2.68334,49.8978,50.6118,24.1854,2.68334,0.241752
0.6626,18.6274,18.6274,2.66886,49.7138,50.6174,24.1845,2.66886,0.240085
0.6628,18.6807,18.6807,2.66938,49.8659,50.623,24.1846,2.66938,0.238418
0.663,18.6143,18.6143,2.68478,49.9755,50.6285,24.1857,2.68478,0.240085
0.6632,18.5715,18.5715,2.68265,49.8208,50.6341,24.1854,2.68265,0.241752
0.6634,18.555,18.555,2.68961,49.9056,50.6397,24.1859,2.68961,0.243419
0.6636,18.4818,18.4818,2.70121,49.9233,50.6452,24.1867,2.70121,0.245085
0.6638,18.5576,18.5576,2.67943,49.7238,50.6508,24.1853,2.67943,0.243419
0.664,18.6164,18.6164,2.67776,49.8501,50.6564,24.185,2.67776,0.241752
0.6642,18.6217,18.6217,2.68137,49.9318,50.6619,24.1853,2.68137,0.240085
0.6644,18.6648,18.6648,2.66865,49.8097,50.6675,24.1846,2.66865,0.238418
0.6646,18.6253,18.6253,2.68551,50.0183,50.6731,24.1857,2.68551,0.240085
0.6648,18.57,18.57,2.68843,49.9241,50.6786,24.1859,2.68843,0.241752
0.665,18.5422,18.5422,2.69348,49.9432,50.6842,24.1863,2.69348,0.243419
0.6652,18.4889,18.4889,2.70417,49.9972,50.6898,24.1869,2.70417,0.245085
0.6654,18.5588,18.5588,2.6836,49.8044,50.6954,24.1855,2.6836,0.243419
0.6656,18.6058,18.6058,2.68449,49.947,50.7009,24.1853,2.68449,0.241752
0.6658,18.6201,18.6201,2.68109,49.9223,50.7065,24.1855,2.68109,0.240085
0.666,18.6697,18.6697,2.67058,49.859,50.7121,24.1846,2.67058,0.238418
0.6662,18.624,18.624,2.6899,50.0966,50.7176,24.1859,2.6899,0.240085
0.6664,18.5757,18.5757,2.68837,49.9383,50.7232,24.1859,2.68837,0.241752
0.6666,18.5512,18.5512,2.69454,49.9868,50.7288,24.1862,2.69454,0.243419
0.6668,18.4956,18.4956,2.7037,50.0067,50.7343,24.1868,2.7037,0.245085
0.667,18.5468,18.5468,2.69056,49.9012,50.7399,24.1859,2.69056,0.243419
0.6672,18.6081,18.6081,2.68255,49.9172,50.7455,24.1855,2.68255,0.241752
0.6674,18.6429,18.6429,2.68163,49.9934,50.751,24.1854,2.68163,0.240085
0.6676,18.5781,18.5781,2.69598,50.086,50.7566,24.1864,2.69598,0.241752
0.6678,18.5332,18.5332,2.69852,50.0121,50.7622,24.1866,2.69852,0.243419
0.668,18.5018,18.5018,2.70675,50.0798,50.7677,24.187,2.70675,0.245085
0.6682,18.4479,18.4479,2.71336,50.056,50.7733,24.1875,2.71336,0.246752
0.6684,18.5012,18.5012,2.69742,49.9056,50.7789,24.1863,2.69742,0.245085
0.6686,18.5711,18.5711,2.69044,49.9646,50.7844,24.1859,2.69044,0.243419
0.6688,18.5999,18.5999,2.6871,49.9798,50.79,24.1857,2.6871,0.241752
0.669,18.6425,18.6425,2.67942,49.951,50.7956,24.1851,2.67942,0.240085
0.6692,18.5846,18.5846,2.69933,50.1661,50.8011,24.1866,2.69933,0.241752
0.6694,18.5296,18.5296,2.70173,50.0621,50.8067,24.1867,2.70173,0.243419
0.6696,18.5024,18.5024,2.7042,50.0342,50.8123,24.1869,2.7042,0.245085
0.6698,18.4613,18.4613,2.71327,50.0904,50.8178,24.1875,2.71327,0.246752
0.67,18.4997,18.4997,2.69986,49.9464,50.8234,24.1866,2.69986,0.245085
0.6702,18.5702,18.5702,2.69044,49.962,50.829,24.1859,2.69044,0.243419
0.6704,18.5969,18.5969,2.69207,50.0642,50.8345,24.186,2.69207,0.241752
0.6706,18.6213,18.6213,2.68705,50.0363,50.8401,24.1859,2.68705,0.240085
0.6708,18.6789,18.6789,2.67799,50.022,50.8457,24.1852,2.67799,0.238418
0.671,18.6228,18.6228,2.69634,50.2133,50.8512,24.1865,2.69634,0.240085
0.6712,18.5626,18.5626,2.70099,50.1374,50.8568,24.1866,2.70099,0.241752
0.6714,18.5424,18.5424,2.70012,50.0667,50.8624,24.1866,2.70012,0.243419
0.6716,18.5066,18.5066,2.70877,50.1301,50.8679,24.1873,2.70877,0.245085
0.6718,18.4578,18.4578,2.71931,50.1924,50.8735,24.1879,2.71931,0.246752
0.672,18.5058,18.5058,2.70144,49.9924,50.8791,24.1866,2.70144,0.245085
0.6722,18.5689,18.5689,2.69901,50.1175,50.8846,24.1865,2.69901,0.243419
0.6724,18.5946,18.5946,2.6944,50.1013,50.8902,24.1862,2.6944,0.241752
0.6726,18.6359,18.6359,2.68716,50.0775,50.8958,24.1857,2.68716,0.240085
0.6728,18.5872,18.5872,2.70415,50.2624,50.9014,24.1869,2.70415,0.241752
0.673,18.5348,18.5348,2.70483,50.1337,50.9069,24.1869,2.70483,0.243419
0.6732,18.4935,18.4935,2.71231,50.1602,50.9125,24.1874,2.71231,0.245085
0.6734,18.5715,18.5715,2.69363,50.0248,50.9181,24.1861,2.69363,0.243419
0.6736,18.6009,18.6009,2.69854,50.1954,50.9236,24.1866,2.69854,0.241752
0.6738,18.6277,18.6277,2.69101,50.1274,50.9292,24.186,2.69101,0.240085
0.674,18.6734,18.6734,2.68357,50.1115,50.9348,24.1856,2.68357,0.238418
0.6742,18.6283,18.6283,2.69754,50.2506,50.9403,24.1866,2.69754,0.240085
0.6744,18.5763,18.5763,2.70276,50.2073,50.9459,24.1868,2.70276,0.241752
0.6746,18.5511,18.5511,2.70522,50.1849,50.9515,24.1871,2.70522,0.243419
0.6748,18.5015,18.5015,2.71661,50.2613,50.957,24.1877,2.71661,0.245085
0.675,18.5665,18.5665,2.69609,50.057,50.9626,24.1864,2.69609,0.243419
0.6752,18.6014,18.6014,2.70097,50.2417,50.9682,24.1868,2.70097,0.241752
0.6754,18.6238,18.6238,2.69232,50.1412,50.9737,24.1861,2.69232,0.240085
0.6756,18.677,18.677,2.68571,50.1608,50.9793,24.1857,2.68571,0.238418
0.6758,18.6221,18.6221,2.70269,50.3298,50.9849,24.1868,2.70269,0.240085
0.676,18.5799,18.5799,2.70519,50.262,50.9904,24.187,2.70519,0.241752
0.6762,18.549,18.549,2.71082,50.2829,50.996,24.1874,2.71082,0.243419
0.6764,18.498,18.498,2.71718,50.2624,51.0016,24.1877,2.71718,0.245085
0.6766,18.5641,18.5641,2.70048,50.1319,51.0071,24.1868,2.70048,0.243419
0.6768,18.6021,18.6021,2.70154,50.2543,51.0127,24.1867,2.70154,0.241752
0.677,18.6346,18.6346,2.69403,50.2023,51.0183,24.1862,2.69403,0.240085
0.6772,18.6744,18.6744,2.69014,50.2367,51.0238,24.1861,2.69014,0.238418
0.6774,18.6257,18.6257,2.70357,50.3558,51.0294,24.1868,2.70357,0.240085
0.6776,18.5737,18.5737,2.70948,50.3251,51.035,24.1874,2.70948,0.241752
0.6778,18.546,18.546,2.71087,50.2757,51.0405,24.1873,2.71087,0.243419
0.678,18.4994,18.4994,2.72224,50.3599,51.0461,24.1882,2.72224,0.245085
0.6782,18.5543,18.5543,2.702,50.1336,51.0517,24.1867,2.702,0.243419
0.6784,18.613,18.613,2.70297,50.3104,51.0572,24.1869,2.70297,0.241752
0.6786,18.6198,18.6198,2.70247,50.3192,51.0628,24.1867,2.70247,0.240085
0.6788,18.6735,18.6735,2.69095,50.2494,51.0684,24.1859,2.69095,0.238418
0.679,18.6246,18.6246,2.70858,50.4461,51.0739,24.1872,2.70858,0.240085
0.6792,18.5657,18.5657,2.71107,50.3329,51.0795,24.1873,2.71107,0.241752
0.6794,18.5538,18.5538,2.71273,50.3315,51.0851,24.1876,2.71273,0.243419
0.6796,18.4962,18.4962,2.72439,50.3909,51.0906,24.1882,2.72439,0.245085
0.6798,18.5598,18.5598,2.703,50.167,51.0962,24.1869,2.703,0.243419
0.68,18.6127,18.6127,2.70416,50.3317,51.1018,24.1869,2.70416,0.241752
0.6802,18.6261,18.6261,2.70217,50.331,51.1074,24.1867,2.70217,0.240085
0.6804,18.677,18.677,2.6917,50.273,51.1129,24.186,2.6917,0.238418
0.6806,18.6276,18.6276,2.70791,50.4417,51.1185,24.1872,2.70791,0.240085
0.6808,18.566,18.566,2.71592,50.4237,51.1241,24.1877,2.71592,0.241752
0.681,18.5501,18.5501,2.71454,50.355,51.1296,24.1876,2.71454,0.243419
0.6812,18.5,18.5,2.72578,50.4269,51.1352,24.1885,2.72578,0.245085
0.6814,18.5599,18.5599,2.70803,50.2606,51.1408,24.1871,2.70803,0.243419
0.6816,18.6048,18.6048,2.70709,50.365,51.1463,24.1872,2.70709,0.241752
0.6818,18.6342,18.6342,2.70391,50.385,51.1519,24.187,2.70391,0.240085
0.682,18.6711,18.6711,2.69764,50.368,51.1575,24.1864,2.69764,0.238418
0.6822,18.6301,18.6301,2.71144,50.5144,51.163,24.1875,2.71144,0.240085
0.6824,18.5606,18.5606,2.71726,50.4341,51.1686,24.1878,2.71726,0.241752
0.6826,18.5515,18.5515,2.71752,50.4141,51.1742,24.1877,2.71752,0.243419
0.6828,18.4953,18.4953,2.72975,50.4876,51.1797,24.1888,2.72975,0.245085
0.683,18.5574,18.5574,2.70618,50.2196,51.1853,24.187,2.70618,0.243419
0.6832,18.6083,18.6083,2.71383,50.4998,51.1909,24.1875,2.71383,0.241752
0.6834,18.6291,18.6291,2.70314,50.3572,51.1964,24.1869,2.70314,0.240085
0.6836,18.6779,18.6779,2.69785,50.3901,51.202,24.1864,2.69785,0.238418
0.6838,18.6302,18.6302,2.70954,50.4792,51.2076,24.1873,2.70954,0.240085
0.684,18.5692,18.5692,2.7219,50.5435,51.2131,24.1881,2.7219,0.241752
0.6842,18.5382,18.5382,2.72151,50.452,51.2187,24.188,2.72151,0.243419
0.6844,18.5011,18.5011,2.73009,50.5096,51.2243,24.1887,2.73009,0.245085
0.6846,18.4711,18.4711,2.73529,50.5239,51.2298,24.189,2.73529,0.246752
0.6848,18.5181,18.5181,2.72032,50.3752,51.2354,24.1879,2.72032,0.245085
0.685,18.5675,18.5675,2.71597,50.4289,51.241,24.1877,2.71597,0.243419
0.6852,18.5908,18.5908,2.71346,50.4453,51.2465,24.1876,2.71346,0.241752
0.6854,18.6472,18.6472,2.70543,50.4488,51.2521,24.1869,2.70543,0.240085
0.6856,18.5736,18.5736,2.72459,50.6053,51.2577,24.1884,2.72459,0.241752
0.6858,18.5357,18.5357,2.72474,50.5048,51.2632,24.1883,2.72474,0.243419
0.686,18.5092,18.5092,2.73032,50.5361,51.2688,24.1887,2.73032,0.245085
0.6862,18.4558,18.4558,2.74036,50.5756,51.2744,24.1893,2.74036,0.246752
0.6864,18.519,18.519,2.72023,50.3761,51.2799,24.1881,2.72023,0.245085
0.6866,18.5789,18.5789,2.71941,50.5236,51.2855,24.1879,2.71941,0.243419
0.6868,18.5886,18.5886,2.7197,50.5554,51.2911,24.1879,2.7197,0.241752
0.687,18.6392,18.6392,2.70909,50.4954,51.2966,24.1872,2.70909,0.240085
0.6872,18.5758,18.5758,2.72632,50.6435,51.3022,24.1885,2.72632,0.241752
0.6874,18.532,18.532,2.72981,50.589,51.3078,24.1886,2.72981,0.243419
0.6876,18.5113,18.5113,2.73074,50.5496,51.3134,24.1887,2.73074,0.245085
0.6878,18.4517,18.4517,2.74609,50.6701,51.3189,24.1899,2.74609,0.246752
0.688,18.5191,18.5191,2.7194,50.3609,51.3245,24.1881,2.7194,0.245085
0.6882,18.5834,18.5834,2.72236,50.5906,51.3301,24.1882,2.72236,0.243419
0.6884,18.5723,18.5723,2.72316,50.5754,51.3356,24.1882,2.72316,0.241752
0.6886,18.6446,18.6446,2.71045,50.5354,51.3412,24.1873,2.71045,0.240085
0.6888,18.5807,18.5807,2.72882,50.7034,51.3468,24.1887,2.72882,0.241752
0.689,18.5353,18.5353,2.73254,50.6485,51.3523,24.1888,2.73254,0.243419
0.6892,18.5154,18.5154,2.73202,50.5846,51.3579,24.1888,2.73202,0.245085
0.6894,18.4636,18.4636,2.74514,50.6851,51.3635,24.1896,2.74514,0.246752
0.6896,18.5215,18.5215,2.72313,50.4365,51.369,24.1883,2.72313,0.245085
0.6898,18.569,18.569,2.72678,50.6335,51.3746,24.1886,2.72678,0.243419
0.69,18.5779,18.5779,2.72481,50.6212,51.3802,24.1884,2.72481,0.241752
0.6902,18.6568,18.6568,2.7082,50.5264,51.3857,24.1871,2.7082,0.240085
0.6904,18.5808,18.5808,2.73359,50.7923,51.3913,24.1889,2.73359,0.241752
0.6906,18.5297,18.5297,2.73265,50.6353,51.3969,24.1888,2.73265,0.243419
0.6908,18.5212,18.5212,2.73587,50.6717,51.4024,24.1891,2.73587,0.245085
0.691,18.4572,18.4572,2.74765,50.7138,51.408,24.19,2.74765,0.246752
0.6912,18.5197,18.5197,2.72552,50.4758,51.4136,24.1883,2.72552,0.245085
0.6914,18.5698,18.5698,2.72862,50.6701,51.4191,24.1887,2.72862,0.243419
0.6916,18.5972,18.5972,2.72189,50.6197,51.4247,24.1881,2.72189,0.241752
0.6918,18.6529,18.6529,2.71335,50.6118,51.4303,24.1875,2.71335,0.240085
0.692,18.5802,18.5802,2.73429,50.8036,51.4358,24.1889,2.73429,0.241752
0.6922,18.5436,18.5436,2.73351,50.689,51.4414,24.189,2.73351,0.243419
0.6924,18.5163,18.5163,2.74036,50.7413,51.447,24.1894,2.74036,0.245085
0.6926,18.4615,18.4615,2.74779,50.7285,51.4525,24.19,2.74779,0.246752
0.6928,18.5162,18.5162,2.73148,50.5768,51.4581,24.1887,2.73148,0.245085
0.693,18.5639,18.5639,2.7299,50.6777,51.4637,24.1886,2.7299,0.243419
0.6932,18.5921,18.5921,2.72509,50.6652,51.4692,24.1883,2.72509,0.241752
0.6934,18.6528,18.6528,2.71275,50.6005,51.4748,24.1875,2.71275,0.240085
0.6936,18.5831,18.5831,2.73645,50.8517,51.4804,24.1892,2.73645,0.241752
0.6938,18.533,18.533,2.73807,50.7445,51.4859,24.1892,2.73807,0.243419
0.694,18.5088,18.5088,2.74146,50.7411,51.4915,24.1895,2.74146,0.245085
0.6942,18.4748,18.4748,2.74677,50.7462,51.4971,24.1898,2.74677,0.246752
0.6944,18.5274,18.5274,2.73284,50.6325,51.5026,24.1889,2.73284,0.245085
0.6946,18.5715,18.5715,2.73149,50.7278,51.5082,24.1887,2.73149,0.243419
0.6948,18.5886,18.5886,2.73036,50.7537,51.5138,24.1886,2.73036,0.241752
0.695,18.6596,18.6596,2.71327,50.6287,51.5194,24.1876,2.71327,0.240085
0.6952,18.5934,18.5934,2.73806,50.9098,51.5249,24.1892,2.73806,0.241752
0.6954,18.522,18.522,2.74278,50.8016,51.5305,24.1897,2.74278,0.243419
0.6956,18.5221,18.5221,2.74003,50.7511,51.5361,24.1895,2.74003,0.245085
0.6958,18.4683,18.4683,2.75391,50.8601,51.5416,24.1904,2.75391,0.246752
0.696,18.5188,18.5188,2.73356,50.6223,51.5472,24.1889,2.73356,0.245085
0.6962,18.567,18.567,2.73815,50.8393,51.5528,24.1893,2.73815,0.243419
0.6964,18.5941,18.5941,2.72725,50.7107,51.5583,24.1885,2.72725,0.241752
0.6966,18.6612,18.6612,2.71757,50.713,51.5639,24.1878,2.71757,0.240085
0.6968,18.5812,18.5812,2.74233,50.9558,51.5695,24.1895,2.74233,0.241752
0.697,18.5292,18.5292,2.74373,50.8389,51.575,24.1896,2.74373,0.243419
0.6972,18.508,18.508,2.74703,50.842,51.5806,24.1898,2.74703,0.245085
0.6974,18.4678,18.4678,2.75637,50.9041,51.5862,24.1905,2.75637,0.246752
0.6976,18.5195,18.5195,2.73748,50.6968,51.5917,24.1893,2.73748,0.245085
0.6978,18.5594,18.5594,2.74199,50.8897,51.5973,24.1896,2.74199,0.243419
0.698,18.596,18.596,2.73149,50.7948,51.6029,24.1887,2.73149,0.241752
0.6982,18.6544,18.6544,2.72024,50.7444,51.6084,24.1881,2.72024,0.240085
0.6984,18.5871,18.5871,2.74327,50.9895,51.614,24.1896,2.74327,0.241752
0.6986,18.5341,18.5341,2.74505,50.8771,51.6196,24.1897,2.74505,0.243419
0.6988,18.4958,18.4958,2.75352,50.9285,51.6251,24.1902,2.75352,0.245085
0.699,18.4567,18.4567,2.75387,50.8274,51.6307,24.1904,2.75387,0.246752
0.6992,18.5285,18.5285,2.73902,50.75,51.6363,24.1892,2.73902,0.245085
0.6994,18.5669,18.5669,2.73992,50.8717,51.6418,24.1893,2.73992,0.243419
0.6996,18.5976,18.5976,2.73344,50.8353,51.6474,24.189,2.73344,0.241752
0.6998,18.6447,18.6447,2.72698,50.8438,51.653,24.1886,2.72698,0.240085
0.7,18.5912,18.5912,2.74486,51.0304,51.6585,24.1897,2.74486,0.241752
0.7002,18.5383,18.5383,2.74582,50.9029,51.6641,24.1899,2.74582,0.243419
0.7004,18.5003,18.5003,2.75416,50.953,51.6697,24.1903,2.75416,0.245085
0.7006,18.4794,18.4794,2.75621,50.9331,51.6752,24.1906,2.75621,0.246752
0.7008,18.4271,18.4271,2.76382,50.9292,51.6808,24.1911,2.76382,0.248419
0.701,18.4826,18.4826,2.74817,50.7934,51.6864,24.19,2.74817,0.246752
0.7012,18.5296,18.5296,2.74843,50.9272,51.6919,24.1899,2.74843,0.245085
0.7014,18.5629,18.5629,2.74466,50.9488,51.6975,24.1898,2.74466,0.243419
0.7016,18.6017,18.6017,2.73466,50.8692,51.7031,24.1891,2.73466,0.241752
0.7018,18.648,18.648,2.73227,50.9515,51.7086,24.1888,2.73227,0.240085
0.702,18.586,18.586,2.74718,51.0592,51.7142,24.19,2.74718,0.241752
0.7022,18.5367,18.5367,2.74984,50.9729,51.7198,24.1901,2.74984,0.243419
0.7024,18.5131,18.5131,2.75478,50.9995,51.7254,24.1904,2.75478,0.245085
0.7026,18.4639,18.4639,2.76296,51.015,51.7309,24.191,2.76296,0.246752
0.7028,18.5128,18.5128,2.74872,50.8867,51.7365,24.1901,2.74872,0.245085
0.703,18.5661,18.5661,2.74529,50.9694,51.7421,24.1897,2.74529,0.243419
0.7032,18.5867,18.5867,2.7411,50.9481,51.7476,24.1895,2.7411,0.241752
0.7034,18.6542,18.6542,2.73014,50.9286,51.7532,24.1887,2.73014,0.240085
0.7036,18.5854,18.5854,2.75251,51.1565,51.7588,24.1903,2.75251,0.241752
0.7038,18.5359,18.5359,2.75246,51.0192,51.7643,24.1902,2.75246,0.243419
0.704,18.5051,18.5051,2.75873,51.0507,51.7699,24.1907,2.75873,0.245085
0.7042,18.4593,18.4593,2.76402,51.0217,51.7755,24.191,2.76402,0.246752
0.7044,18.5252,18.5252,2.74682,50.8853,51.781,24.1899,2.74682,0.245085
0.7046,18.5614,18.5614,2.75058,51.0546,51.7866,24.1902,2.75058,0.243419
0.7048,18.5972,18.5972,2.74055,50.9666,51.7922,24.1894,2.74055,0.241752
0.705,18.6476,18.6476,2.73607,51.021,51.7977,24.1891,2.73607,0.240085
0.7052,18.5825,18.5825,2.75072,51.1153,51.8033,24.1902,2.75072,0.241752
0.7054,18.5472,18.5472,2.75533,51.1036,51.8089,24.1905,2.75533,0.243419
0.7056,18.495,18.495,2.76342,51.1094,51.8144,24.1909,2.76342,0.245085
0.7058,18.4699,18.4699,2.76443,51.0588,51.82,24.1911,2.76443,0.246752
0.706,18.4231,18.4231,2.77228,51.0741,51.8256,24.1916,2.77228,0.248419
0.7062,18.4813,18.4813,2.75569,50.9287,51.8311,24.1904,2.75569,0.246752
0.7064,18.5279,18.5279,2.75941,51.126,51.8367,24.1908,2.75941,0.245085
0.7066,18.559,18.559,2.75274,51.088,51.8423,24.1902,2.75274,0.243419
0.7068,18.6042,18.6042,2.74327,51.0363,51.8478,24.1896,2.74327,0.241752
0.707,18.6518,18.6518,2.73629,51.0367,51.8534,24.1892,2.73629,0.240085
0.7072,18.5784,18.5784,2.76039,51.2836,51.859,24.1907,2.76039,0.241752
0.7074,18.5428,18.5428,2.75467,51.0793,51.8645,24.1905,2.75467,0.243419
0.7076,18.5068,18.5068,2.7676,51.2196,51.8701,24.1912,2.7676,0.245085
0.7078,18.4624,18.4624,2.76737,51.0922,51.8757,24.1913,2.76737,0.246752
0.708,18.5251,18.5251,2.75477,51.0323,51.8812,24.1903,2.75477,0.245085
0.7082,18.5663,18.5663,2.75511,51.1521,51.8868,24.1903,2.75511,0.243419
0.7084,18.5849,18.5849,2.75044,51.1167,51.8924,24.1902,2.75044,0.241752
0.7086,18.6496,18.6496,2.73919,51.0847,51.8979,24.1894,2.73919,0.240085
0.7088,18.585,18.585,2.76091,51.3117,51.9035,24.1908,2.76091,0.241752
0.709,18.5345,18.5345,2.76004,51.156,51.9091,24.1908,2.76004,0.243419
0.7092,18.5074,18.5074,2.76757,51.2204,51.9146,24.1913,2.76757,0.245085
0.7094,18.4686,18.4686,2.77031,51.1638,51.9202,24.1916,2.77031,0.246752
0.7096,18.5077,18.5077,2.76116,51.1026,51.9258,24.1908,2.76116,0.245085
0.7098,18.5742,18.5742,2.75168,51.1101,51.9314,24.1902,2.75168,0.243419
0.71,18.6047,18.6047,2.75129,51.1868,51.9369,24.1902,2.75129,0.241752
0.7102,18.6528,18.6528,2.73815,51.0741,51.9425,24.1893,2.73815,0.240085
0.7104,18.5935,18.5935,2.76349,51.3828,51.9481,24.1909,2.76349,0.241752
0.7106,18.5298,18.5298,2.76305,51.1988,51.9536,24.1909,2.76305,0.243419
0.7108,18.5086,18.5086,2.76804,51.2326,51.9592,24.1914,2.76804,0.245085
0.711,18.4543,18.4543,2.77612,51.2313,51.9648,24.1918,2.77612,0.246752
0.7112,18.5189,18.5189,2.75775,51.0704,51.9703,24.1905,2.75775,0.245085
0.7114,18.5794,18.5794,2.75786,51.2395,51.9759,24.1907,2.75786,0.243419
0.7116,18.582,18.582,2.7564,51.2193,51.9815,24.1905,2.7564,0.241752
0.7118,18.6586,18.6586,2.73752,51.0782,51.987,24.1893,2.73752,0.240085
0.712,18.5952,18.5952,2.76676,51.4485,51.9926,24.1913,2.76676,0.241752
0.7122,18.5306,18.5306,2.76675,51.2695,51.9982,24.1913,2.76675,0.243419
0.7124,18.5008,18.5008,2.77219,51.2878,52.0037,24.1915,2.77219,0.245085
0.7126,18.4808,18.4808,2.77181,51.2251,52.0093,24.1916,2.77181,0.246752
0.7128,18.4293,18.4293,2.7829,51.2868,52.0149,24.1922,2.7829,0.248419
0.713,18.4857,18.4857,2.76681,51.1463,52.0204,24.1913,2.76681,0.246752
0.7132,18.515,18.515,2.77101,51.3052,52.026,24.1916,2.77101,0.245085
0.7134,18.5619,18.5619,2.75913,51.2147,52.0316,24.1908,2.75913,0.243419
0.7136,18.5992,18.5992,2.75594,51.2584,52.0371,24.1904,2.75594,0.241752
0.7138,18.6566,18.6566,2.74565,51.2245,52.0427,24.1897,2.74565,0.240085
0.714,18.5902,18.5902,2.76724,51.4435,52.0483,24.1912,2.76724,0.241752
0.7142,18.5381,18.5381,2.76794,51.3123,52.0538,24.1913,2.76794,0.243419
0.7144,18.5017,18.5017,2.77611,51.3628,52.0594,24.1919,2.77611,0.245085
0.7146,18.4812,18.4812,2.77328,51.2534,52.065,24.1916,2.77328,0.246752
0.7148,18.4318,18.4318,2.78738,51.3764,52.0705,24.1926,2.78738,0.248419
0.715,18.489,18.489,2.76854,51.1875,52.0761,24.1912,2.76854,0.246752
0.7152,18.5262,18.5262,2.77194,51.3535,52.0817,24.1915,2.77194,0.245085
0.7154,18.565,18.565,2.76058,51.2501,52.0872,24.1907,2.76058,0.243419
0.7156,18.6161,18.6161,2.75681,51.321,52.0928,24.1906,2.75681,0.241752
0.7158,18.5523,18.5523,2.77331,51.4511,52.0984,24.1916,2.77331,0.243419
0.716,18.5018,18.5018,2.77608,51.3623,52.1039,24.192,2.77608,0.245085
0.7162,18.473,18.473,2.78079,51.3696,52.1095,24.1922,2.78079,0.246752
0.7164,18.4344,18.4344,2.7865,51.3675,52.1151,24.1926,2.7865,0.248419
0.7166,18.4921,18.4921,2.77071,51.2362,52.1206,24.1915,2.77071,0.246752
0.7168,18.5166,18.5166,2.77664,51.4139,52.1262,24.192,2.77664,0.245085
0.717,18.5666,18.5666,2.76329,51.3048,52.1318,24.1909,2.76329,0.243419
0.7172,18.607,18.607,2.76268,51.4051,52.1374,24.191,2.76268,0.241752
0.7174,18.6436,18.6436,2.75299,51.3257,52.1429,24.1902,2.75299,0.240085
0.7176,18.5869,18.5869,2.77365,51.5534,52.1485,24.1916,2.77365,0.241752
0.7178,18.5355,18.5355,2.77407,51.4187,52.1541,24.1917,2.77407,0.243419
0.718,18.5088,18.5088,2.7802,51.4581,52.1596,24.192,2.7802,0.245085
0.7182,18.472,18.472,2.77912,51.3358,52.1652,24.192,2.77912,0.246752
0.7184,18.5136,18.5136,2.77529,51.3806,52.1708,24.1918,2.77529,0.245085
0.7186,18.5596,18.5596,2.76798,51.3726,52.1763,24.1912,2.76798,0.243419
0.7188,18.6057,18.6057,2.76322,51.4117,52.1819,24.191,2.76322,0.241752
0.719,18.6516,18.6516,2.75603,51.4043,52.1875,24.1906,2.75603,0.240085
0.7192,18.5748,18.5748,2.77944,51.6275,52.193,24.192,2.77944,0.241752
0.7194,18.5376,18.5376,2.77218,51.3895,52.1986,24.1915,2.77218,0.243419
0.7196,18.5156,18.5156,2.78093,51.4906,52.2042,24.1921,2.78093,0.245085
0.7198,18.4515,18.4515,2.79256,51.5271,52.2097,24.1929,2.79256,0.246752
0.72,18.5269,18.5269,2.76887,51.2986,52.2153,24.1914,2.76887,0.245085
0.7202,18.5798,18.5798,2.77147,51.4935,52.2209,24.1915,2.77147,0.243419
0.7204,18.5999,18.5999,2.76699,51.4657,52.2264,24.1913,2.76699,0.241752
0.7206,18.6553,18.6553,2.75529,51.4005,52.232,24.1904,2.75529,0.240085
0.7208,18.5828,18.5828,2.78244,51.7057,52.2376,24.1922,2.78244,0.241752
0.721,18.5347,18.5347,2.77571,51.447,52.2431,24.1919,2.77571,0.243419
0.7212,18.5213,18.5213,2.7806,51.5003,52.2487,24.1921,2.7806,0.245085
0.7214,18.4813,18.4813,2.78833,51.5319,52.2543,24.1927,2.78833,0.246752
0.7216,18.5124,18.5124,2.78071,51.4776,52.2598,24.1921,2.78071,0.245085
0.7218,18.5687,18.5687,2.77103,51.4543,52.2654,24.1916,2.77103,0.243419
0.722,18.6011,18.6011,2.76903,51.5069,52.271,24.1915,2.76903,0.241752
0.7222,18.6545,18.6545,2.75684,51.4274,52.2765,24.1905,2.75684,0.240085
0.7224,18.5911,18.5911,2.78074,51.697,52.2821,24.1923,2.78074,0.241752
0.7226,18.5388,18.5388,2.77914,51.5219,52.2877,24.192,2.77914,0.243419
0.7228,18.5184,18.5184,2.78415,51.558,52.2932,24.1925,2.78415,0.245085
0.723,18.4672,18.4672,2.79518,51.6193,52.2988,24.1932,2.79518,0.246752
0.7232,18.5197,18.5197,2.77748,51.4381,52.3044,24.192,2.77748,0.245085
0.7234,18.5768,18.5768,2.77394,51.5309,52.3099,24.1916,2.77394,0.243419
0.7236,18.6056,18.6056,2.77072,51.5507,52.3155,24.1914,2.77072,0.241752
0.7238,18.6428,18.6428,2.76145,51.4813,52.3211,24.1908,2.76145,0.240085
0.724,18.593,18.593,2.78049,51.6974,52.3266,24.1922,2.78049,0.241752
0.7242,18.541,18.541,2.78254,51.5912,52.3322,24.1924,2.78254,0.243419
0.7244,18.5216,18.5216,2.78674,51.6148,52.3378,24.1925,2.78674,0.245085
0.7246,18.4695,18.4695,2.7969,51.6574,52.3434,24.1934,2.7969,0.246752
0.7248,18.516,18.516,2.78301,51.5302,52.3489,24.1922,2.78301,0.245085
0.725,18.5616,18.5616,2.77818,51.5675,52.3545,24.1921,2.77818,0.243419
0.7252,18.5971,18.5971,2.77591,51.6239,52.3601,24.1918,2.77591,0.241752
0.7254,18.6511,18.6511,2.76061,51.4885,52.3656,24.1909,2.76061,0.240085
0.7256,18.5827,18.5827,2.78938,51.8342,52.3712,24.1927,2.78938,0.241752
0.7258,18.5261,18.5261,2.78434,51.5831,52.3768,24.1924,2.78434,0.243419
0.726,18.5317,18.5317,2.78655,51.6394,52.3823,24.1927,2.78655,0.245085
0.7262,18.4583,18.4583,2.80126,51.7065,52.3879,24.1935,2.80126,0.246752
0.7264,18.5252,18.5252,2.77938,51.4884,52.3935,24.192,2.77938,0.245085
0.7266,18.5737,18.5737,2.78164,51.6655,52.399,24.1921,2.78164,0.243419
0.7268,18.6081,18.6081,2.77489,51.6354,52.4046,24.1917,2.77489,0.241752
0.727,18.6492,18.6492,2.76787,51.6184,52.4102,24.1914,2.76787,0.240085
0.7272,18.6007,18.6007,2.78198,51.7468,52.4157,24.1922,2.78198,0.241752
0.7274,18.5431,18.5431,2.79029,51.7407,52.4213,24.1928,2.79029,0.243419
0.7276,18.502,18.502,2.79438,51.7017,52.4269,24.1932,2.79438,0.245085
0.7278,18.4566,18.4566,2.80342,51.7416,52.4324,24.1937,2.80342,0.246752
0.728,18.526,18.526,2.78179,51.5354,52.438,24.1922,2.78179,0.245085
0.7282,18.5703,18.5703,2.78475,51.7136,52.4436,24.1925,2.78475,0.243419
0.7284,18.6084,18.6084,2.77577,51.6526,52.4491,24.1919,2.77577,0.241752
0.7286,18.6475,18.6475,2.76958,51.6456,52.4547,24.1914,2.76958,0.240085
0.7288,18.5924,18.5924,2.78756,51.8275,52.4603,24.1926,2.78756,0.241752
0.729,18.5407,18.5407,2.79115,51.7498,52.4658,24.1929,2.79115,0.243419
0.7292,18.5195,18.5195,2.79182,51.7032,52.4714,24.193,2.79182,0.245085
0.7294,18.4675,18.4675,2.80432,51.7887,52.477,24.1937,2.80432,0.246752
0.7296,18.5337,18.5337,2.78314,51.582,52.4825,24.1924,2.78314,0.245085
0.7298,18.5745,18.5745,2.78705,51.7678,52.4881,24.1927,2.78705,0.243419
0.73,18.6018,18.6018,2.78023,51.7173,52.4937,24.192,2.78023,0.241752
0.7302,18.6454,18.6454,2.77334,51.71,52.4992,24.1917,2.77334,0.240085
0.7304,18.5886,18.5886,2.79038,51.8693,52.5048,24.1929,2.79038,0.241752
0.7306,18.5461,18.5461,2.7915,51.7713,52.5104,24.193,2.7915,0.243419
0.7308,18.5267,18.5267,2.79503,51.7826,52.5159,24.1931,2.79503,0.245085
0.731,18.4714,18.4714,2.806,51.8306,52.5215,24.1938,2.806,0.246752
0.7312,18.5257,18.5257,2.79043,51.6948,52.5271,24.1928,2.79043,0.245085
0.7314,18.5736,18.5736,2.78641,51.7538,52.5326,24.1925,2.78641,0.243419
0.7316,18.6128,18.6128,2.78064,51.7555,52.5382,24.1922,2.78064,0.241752
0.7318,18.5609,18.5609,2.79577,51.8921,52.5438,24.1931,2.79577,0.243419
0.732,18.5007,18.5007,2.80337,51.8643,52.5494,24.1937,2.80337,0.245085
0.7322,18.474,18.474,2.80588,51.836,52.5549,24.194,2.80588,0.246752
0.7324,18.4276,18.4276,2.81499,51.8735,52.5605,24.1946,2.81499,0.248419
0.7326,18.4809,18.4809,2.79851,51.7191,52.5661,24.1934,2.79851,0.246752
0.7328,18.5357,18.5357,2.79457,51.7993,52.5716,24.1931,2.79457,0.245085
0.733,18.5652,18.5652,2.78888,51.776,52.5772,24.1928,2.78888,0.243419
0.7332,18.6123,18.6123,2.78171,51.7741,52.5828,24.1923,2.78171,0.241752
0.7334,18.5558,18.5558,2.80121,51.9787,52.5883,24.1935,2.80121,0.243419
0.7336,18.509,18.509,2.80285,51.8779,52.5939,24.1936,2.80285,0.245085
0.7338,18.4893,18.4893,2.80557,51.8731,52.5995,24.1938,2.80557,0.246752
0.734,18.4301,18.4301,2.82056,51.9832,52.605,24.1949,2.82056,0.248419
0.7342,18.4757,18.4757,2.79824,51.6994,52.6106,24.1934,2.79824,0.246752
0.7344,18.5352,18.5352,2.79959,51.8911,52.6162,24.1934,2.79959,0.245085
0.7346,18.5608,18.5608,2.79345,51.8485,52.6217,24.1931,2.79345,0.243419
0.7348,18.6019,18.6019,2.78842,51.8699,52.6273,24.1926,2.78842,0.241752
0.735,18.6404,18.6404,2.78199,51.8576,52.6329,24.1922,2.78199,0.240085
0.7352,18.6066,18.6066,2.79379,51.983,52.6384,24.1931,2.79379,0.241752
0.7354,18.5444,18.5444,2.8015,51.952,52.644,24.1935,2.8015,0.243419
0.7356,18.5096,18.5096,2.80681,51.9528,52.6496,24.1939,2.80681,0.245085
0.7358,18.4698,18.4698,2.81255,51.9473,52.6551,24.1944,2.81255,0.246752
0.736,18.5251,18.5251,2.79701,51.8149,52.6607,24.1933,2.79701,0.245085
0.7362,18.5679,18.5679,2.79598,51.9156,52.6663,24.1931,2.79598,0.243419
0.7364,18.5975,18.5975,2.78956,51.8789,52.6718,24.1929,2.78956,0.241752
0.7366,18.6453,18.6453,2.78379,51.9047,52.6774,24.1923,2.78379,0.240085
0.7368,18.5985,18.5985,2.79541,51.9905,52.683,24.1932,2.79541,0.241752
0.737,18.548,18.548,2.80446,52.0172,52.6885,24.1939,2.80446,0.243419
0.7372,18.5201,18.5201,2.8054,51.9563,52.6941,24.1939,2.8054,0.245085
0.7374,18.4638,18.4638,2.81752,52.022,52.6997,24.1947,2.81752,0.246752
0.7376,18.5357,18.5357,2.79465,51.8007,52.7052,24.1932,2.79465,0.245085
0.7378,18.5917,18.5917,2.79552,51.9735,52.7108,24.1931,2.79552,0.243419
0.738,18.5964,18.5964,2.79444,51.9666,52.7164,24.1931,2.79444,0.241752
0.7382,18.6451,18.6451,2.78482,51.9234,52.7219,24.1925,2.78482,0.240085
0.7384,18.5965,18.5965,2.80197,52.1068,52.7275,24.1937,2.80197,0.241752
0.7386,18.5333,18.5333,2.80828,52.0467,52.7331,24.1942,2.80828,0.243419
0.7388,18.5186,18.5186,2.80664,51.9752,52.7386,24.1939,2.80664,0.245085
0.739,18.4663,18.4663,2.82041,52.0827,52.7442,24.195,2.82041,0.246752
0.7392,18.5293,18.5293,2.80033,51.8881,52.7498,24.1935,2.80033,0.245085
0.7394,18.5756,18.5756,2.80132,52.0364,52.7554,24.1935,2.80132,0.243419
0.7396,18.6109,18.6109,2.78885,51.9029,52.7609,24.1927,2.78885,0.241752
0.7398,18.6508,18.6508,2.78872,52.0119,52.7665,24.1929,2.78872,0.240085
0.74,18.5916,18.5916,2.80543,52.1576,52.7721,24.194,2.80543,0.241752
0.7402,18.5435,18.5435,2.80722,52.0557,52.7776,24.1939,2.80722,0.243419
0.7404,18.5148,18.5148,2.81249,52.0727,52.7832,24.1944,2.81249,0.245085
0.7406,18.4747,18.4747,2.81856,52.0721,52.7888,24.1948,2.81856,0.246752
0.7408,18.5289,18.5289,2.80407,51.9562,52.7943,24.1937,2.80407,0.245085
0.741,18.5658,18.5658,2.80439,52.0658,52.7999,24.1937,2.80439,0.243419
0.7412,18.6093,18.6093,2.79467,52.0069,52.8055,24.1931,2.79467,0.241752
0.7414,18.5566,18.5566,2.81251,52.1906,52.811,24.1943,2.81251,0.243419
0.7416,18.507,18.507,2.8148,52.0935,52.8166,24.1946,2.8148,0.245085
0.7418,18.4782,18.4782,2.81959,52.1011,52.8222,24.1949,2.81959,0.246752
0.742,18.427,18.427,2.82635,52.0813,52.8277,24.1952,2.82635,0.248419
0.7422,18.4826,18.4826,2.81258,51.9838,52.8333,24.1944,2.81258,0.246752
0.7424,18.5379,18.5379,2.80781,52.0507,52.8389,24.1941,2.80781,0.245085
0.7426,18.5606,18.5606,2.8072,52.1034,52.8444,24.1939,2.8072,0.243419
0.7428,18.6142,18.6142,2.79402,52.0085,52.85,24.1931,2.79402,0.241752
0.743,18.5581,18.5581,2.81616,52.2624,52.8556,24.1947,2.81616,0.243419
0.7432,18.5072,18.5072,2.81835,52.1598,52.8611,24.1948,2.81835,0.245085
0.7434,18.475,18.475,2.82265,52.1484,52.8667,24.195,2.82265,0.246752
0.7436,18.4289,18.4289,2.82773,52.1121,52.8723,24.1955,2.82773,0.248419
0.7438,18.4887,18.4887,2.81505,52.0467,52.8778,24.1944,2.81505,0.246752
0.744,18.5333,18.5333,2.81251,52.125,52.8834,24.1944,2.81251,0.245085
0.7442,18.5681,18.5681,2.80568,52.0961,52.889,24.194,2.80568,0.243419
0.7444,18.6164,18.6164,2.79966,52.1195,52.8945,24.1935,2.79966,0.241752
0.7446,18.5539,18.5539,2.81833,52.2912,52.9001,24.1948,2.81833,0.243419
0.7448,18.5108,18.5108,2.81953,52.1918,52.9057,24.1949,2.81953,0.245085
0.745,18.4769,18.4769,2.82447,52.1874,52.9112,24.1952,2.82447,0.246752
0.7452,18.4303,18.4303,2.83292,52.2116,52.9168,24.1957,2.83292,0.248419
0.7454,18.4915,18.4915,2.81455,52.0454,52.9224,24.1945,2.81455,0.246752
0.7456,18.5367,18.5367,2.8159,52.1974,52.9279,24.1947,2.8159,0.245085
0.7458,18.5579,18.5579,2.81058,52.1585,52.9335,24.1943,2.81058,0.243419
0.746,18.6175,18.6175,2.79895,52.1095,52.9391,24.1933,2.79895,0.241752
0.7462,18.5581,18.5581,2.82192,52.3695,52.9446,24.1949,2.82192,0.243419
0.7464,18.5056,18.5056,2.82081,52.2008,52.9502,24.1949,2.82081,0.245085
0.7466,18.4709,18.4709,2.82947,52.2628,52.9558,24.1956,2.82947,0.246752
0.7468,18.4405,18.4405,2.83153,52.2147,52.9614,24.1956,2.83153,0.248419
0.747,18.4902,18.4902,2.81751,52.0964,52.9669,24.1948,2.81751,0.246752
0.7472,18.5449,18.5449,2.81555,52.2141,52.9725,24.1945,2.81555,0.245085
0.7474,18.5625,18.5625,2.81414,52.2373,52.9781,24.1945,2.81414,0.243419
0.7476,18.615,18.615,2.80142,52.1483,52.9836,24.1937,2.80142,0.241752
0.7478,18.5598,18.5598,2.8233,52.3999,52.9892,24.1951,2.8233,0.243419
0.748,18.4981,18.4981,2.82682,52.2908,52.9948,24.1952,2.82682,0.245085
0.7482,18.4673,18.4673,2.83111,52.2829,53.0003,24.1957,2.83111,0.246752
0.7484,18.4406,18.4406,2.83336,52.249,53.0059,24.1957,2.83336,0.248419
0.7486,18.4929,18.4929,2.82057,52.1605,53.0115,24.1949,2.82057,0.246752
0.7488,18.538,18.538,2.81909,52.2604,53.017,24.1947,2.81909,0.245085
0.749,18.5639,18.5639,2.81352,52.23,53.0226,24.1944,2.81352,0.243419
0.7492,18.6183,18.6183,2.80544,52.2325,53.0282,24.1939,2.80544,0.241752
0.7494,18.5591,18.5591,2.82497,52.4288,53.0337,24.1953,2.82497,0.243419
0.7496,18.5153,18.5153,2.82303,52.2692,53.0393,24.195,2.82303,0.245085
0.7498,18.4707,18.4707,2.83642,52.3905,53.0449,24.1961,2.83642,0.246752
0.75,18.5325,18.5325,2.81274,52.1272,53.0504,24.1944,2.81274,0.245085
0.7502,18.5791,18.5791,2.81995,52.3921,53.056,24.1947,2.81995,0.243419
0.7504,18.6097,18.6097,2.8047,52.1946,53.0616,24.1939,2.8047,0.241752
0.7506,18.6568,18.6568,2.8029,52.293,53.0671,24.1938,2.8029,0.240085
0.7508,18.5933,18.5933,2.82119,52.4552,53.0727,24.1949,2.82119,0.241752
0.751,18.5463,18.5463,2.82226,52.3425,53.0783,24.1949,2.82226,0.243419
0.7512,18.5158,18.5158,2.8316,52.4292,53.0838,24.1956,2.8316,0.245085
0.7514,18.4642,18.4642,2.83613,52.3669,53.0894,24.1961,2.83613,0.246752
0.7516,18.5292,18.5292,2.81941,52.2413,53.095,24.1948,2.81941,0.245085
0.7518,18.5653,18.5653,2.81991,52.3526,53.1005,24.1949,2.81991,0.243419
0.752,18.6029,18.6029,2.81275,52.3253,53.1061,24.1943,2.81275,0.241752
0.7522,18.6581,18.6581,2.80192,52.2783,53.1117,24.1936,2.80192,0.240085
0.7524,18.5867,18.5867,2.82788,52.5611,53.1172,24.1954,2.82788,0.241752
0.7526,18.5386,18.5386,2.82801,52.4276,53.1228,24.1955,2.82801,0.243419
0.7528,18.5203,18.5203,2.83052,52.4221,53.1284,24.1957,2.83052,0.245085
0.753,18.4778,18.4778,2.83616,52.406,53.1339,24.1959,2.83616,0.246752
0.7532,18.4375,18.4375,2.84602,52.4735,53.1395,24.1967,2.84602,0.248419
0.7534,18.4853,18.4853,2.82799,52.2762,53.1451,24.1953,2.82799,0.246752
0.7536,18.5463,18.5463,2.82318,52.3597,53.1506,24.1951,2.82318,0.245085
0.7538,18.5694,18.5694,2.82013,52.368,53.1562,24.1949,2.82013,0.243419
0.754,18.6122,18.6122,2.81512,52.3955,53.1618,24.1944,2.81512,0.241752
0.7542,18.556,18.556,2.83021,52.5172,53.1674,24.1955,2.83021,0.243419
0.7544,18.5172,18.5172,2.83117,52.4253,53.1729,24.1957,2.83117,0.245085
0.7546,18.4773,18.4773,2.84105,52.495,53.1785,24.1963,2.84105,0.246752
0.7548,18.4436,18.4436,2.84288,52.4329,53.1841,24.1965,2.84288,0.248419
0.755,18.492,18.492,2.83458,52.4171,53.1896,24.196,2.83458,0.246752
0.7552,18.5403,18.5403,2.82582,52.3914,53.1952,24.1954,2.82582,0.245085
0.7554,18.5653,18.5653,2.82469,52.4412,53.2008,24.1953,2.82469,0.243419
0.7556,18.6171,18.6171,2.81335,52.3762,53.2063,24.1945,2.81335,0.241752
0.7558,18.5648,18.5648,2.83232,52.5816,53.2119,24.1956,2.83232,0.243419
0.756,18.5089,18.5089,2.83742,52.5174,53.2175,24.1961,2.83742,0.245085
0.7562,18.4795,18.4795,2.83938,52.4702,53.223,24.1961,2.83938,0.246752
0.7564,18.4495,18.4495,2.8471,52.5277,53.2286,24.1967,2.8471,0.248419
0.7566,18.4919,18.4919,2.83353,52.3972,53.2342,24.1957,2.83353,0.246752
0.7568,18.5377,18.5377,2.83097,52.4796,53.2397,24.1955,2.83097,0.245085
0.757,18.5682,18.5682,2.82561,52.4663,53.2453,24.1952,2.82561,0.243419
0.7572,18.611,18.611,2.8201,52.4849,53.2509,24.1948,2.8201,0.241752
0.7574,18.5593,18.5593,2.83344,52.5868,53.2564,24.1957,2.83344,0.243419
0.7576,18.5204,18.5204,2.83829,52.5661,53.262,24.196,2.83829,0.245085
0.7578,18.4691,18.4691,2.84653,52.5729,53.2676,24.1968,2.84653,0.246752
0.758,18.5316,18.5316,2.82687,52.3864,53.2731,24.1954,2.82687,0.245085
0.7582,18.5813,18.5813,2.82735,52.5358,53.2787,24.1955,2.82735,0.243419
0.7584,18.6094,18.6094,2.82237,52.5225,53.2843,24.195,2.82237,0.241752
0.7586,18.6548,18.6548,2.8125,52.4667,53.2898,24.1943,2.8125,0.240085
0.7588,18.5984,18.5984,2.8362,52.7487,53.2954,24.1961,2.8362,0.241752
0.759,18.5463,18.5463,2.83294,52.5406,53.301,24.1957,2.83294,0.243419
0.7592,18.5283,18.5283,2.8405,52.6297,53.3065,24.1962,2.8405,0.245085
0.7594,18.4658,18.4658,2.8503,52.6331,53.3121,24.1969,2.8503,0.246752
0.7596,18.5054,18.5054,2.83744,52.5078,53.3177,24.1959,2.83744,0.245085
0.7598,18.5785,18.5785,2.82674,52.5164,53.3232,24.1954,2.82674,0.243419
0.76,18.6126,18.6126,2.82642,52.6072,53.3288,24.1953,2.82642,0.241752
0.7602,18.5577,18.5577,2.83964,52.6974,53.3344,24.1961,2.83964,0.243419
0.7604,18.5143,18.5143,2.84288,52.6341,53.3399,24.1965,2.84288,0.245085
0.7606,18.4746,18.4746,2.84933,52.6403,53.3455,24.1968,2.84933,0.246752
0.7608,18.4313,18.4313,2.85452,52.6124,53.3511,24.1973,2.85452,0.248419
0.761,18.4973,18.4973,2.83806,52.4963,53.3566,24.196,2.83806,0.246752
0.7612,18.5439,18.5439,2.83586,52.588,53.3622,24.1959,2.83586,0.245085
0.7614,18.5806,18.5806,2.83165,52.6137,53.3678,24.1956,2.83165,0.243419
0.7616,18.6112,18.6112,2.82266,52.5332,53.3734,24.195,2.82266,0.241752
0.7618,18.5615,18.5615,2.84382,52.7855,53.3789,24.1966,2.84382,0.243419
0.762,18.514,18.514,2.84193,52.6156,53.3845,24.1964,2.84193,0.245085
0.7622,18.4847,18.4847,2.84979,52.6776,53.3901,24.1968,2.84979,0.246752
0.7624,18.4304,18.4304,2.85874,52.6877,53.3956,24.1976,2.85874,0.248419
0.7626,18.496,18.496,2.83962,52.5217,53.4012,24.1963,2.83962,0.246752
0.7628,18.5482,18.5482,2.83995,52.6761,53.4068,24.1963,2.83995,0.245085
0.763,18.5679,18.5679,2.83464,52.6331,53.4123,24.1959,2.83464,0.243419
0.7632,18.6171,18.6171,2.82564,52.6051,53.4179,24.1954,2.82564,0.241752
0.7634,18.5655,18.5655,2.8439,52.7983,53.4235,24.1966,2.8439,0.243419
0.7636,18.5131,18.5131,2.84811,52.7274,53.429,24.1968,2.84811,0.245085
0.7638,18.4756,18.4756,2.85365,52.7227,53.4346,24.1971,2.85365,0.246752
0.764,18.4351,18.4351,2.86148,52.7517,53.4402,24.1978,2.86148,0.248419
0.7642,18.499,18.499,2.84202,52.5745,53.4457,24.1964,2.84202,0.246752
0.7644,18.5357,18.5357,2.84314,52.6996,53.4513,24.1964,2.84314,0.245085
0.7646,18.567,18.567,2.83771,52.6878,53.4569,24.196,2.83771,0.243419
0.7648,18.6107,18.6107,2.83007,52.6698,53.4624,24.1957,2.83007,0.241752
0.765,18.5619,18.5619,2.84678,52.8417,53.468,24.1966,2.84678,0.243419
0.7652,18.5151,18.5151,2.8491,52.7514,53.4736,24.1969,2.8491,0.245085
0.7654,18.4832,18.4832,2.85367,52.7449,53.4791,24.1972,2.85367,0.246752
0.7656,18.4475,18.4475,2.86005,52.7608,53.4847,24.1976,2.86005,0.248419
0.7658,18.4949,18.4949,2.84657,52.647,53.4903,24.1968,2.84657,0.246752
0.766,18.5449,18.5449,2.84492,52.7588,53.4958,24.1966,2.84492,0.245085
0.7662,18.5652,18.5652,2.83882,52.7033,53.5014,24.1962,2.83882,0.243419
0.7664,18.6255,18.6255,2.82755,52.6645,53.507,24.1955,2.82755,0.241752
0.7666,18.5646,18.5646,2.85203,52.9467,53.5125,24.1972,2.85203,0.243419
0.7668,18.5129,18.5129,2.85086,52.7776,53.5181,24.197,2.85086,0.245085
0.767,18.4797,18.4797,2.85984,52.849,53.5237,24.1977,2.85984,0.246752
0.7672,18.4364,18.4364,2.86241,52.7725,53.5292,24.1977,2.86241,0.248419
0.7674,18.4901,18.4901,2.85079,52.7114,53.5348,24.197,2.85079,0.246752
0.7676,18.5271,18.5271,2.848,52.7651,53.5404,24.1967,2.848,0.245085
0.7678,18.5762,18.5762,2.84044,52.7647,53.5459,24.1962,2.84044,0.243419
0.768,18.6139,18.6139,2.83618,52.7924,53.5515,24.196,2.83618,0.241752
0.7682,18.5581,18.5581,2.85068,52.9033,53.5571,24.1969,2.85068,0.243419
0.7684,18.518,18.518,2.85584,52.8844,53.5626,24.1972,2.85584,0.245085
0.7686,18.467,18.467,2.86278,52.8668,53.5682,24.1977,2.86278,0.246752
0.7688,18.5292,18.5292,2.84644,52.7422,53.5738,24.1966,2.84644,0.245085
0.769,18.5821,18.5821,2.84227,52.8154,53.5794,24.1964,2.84227,0.243419
0.7692,18.6068,18.6068,2.83899,52.8244,53.5849,24.1963,2.83899,0.241752
0.7694,18.647,18.647,2.83125,52.7942,53.5905,24.1955,2.83125,0.240085
0.7696,18.6027,18.6027,2.84731,52.9677,53.5961,24.1968,2.84731,0.241752
0.7698,18.5561,18.5561,2.85157,52.9141,53.6016,24.1971,2.85157,0.243419
0.77,18.5206,18.5206,2.85737,52.9201,53.6072,24.1974,2.85737,0.245085
0.7702,18.4755,18.4755,2.86543,52.9401,53.6128,24.1981,2.86543,0.246752
0.7704,18.4376,18.4376,2.86826,52.8838,53.6183,24.1982,2.86826,0.248419
0.7706,18.506,18.506,2.85188,52.7769,53.6239,24.1969,2.85188,0.246752
0.7708,18.5402,18.5402,2.85448,52.9227,53.6295,24.1971,2.85448,0.245085
0.771,18.5706,18.5706,2.84501,52.8335,53.635,24.1965,2.84501,0.243419
0.7712,18.6175,18.6175,2.84,52.8737,53.6406,24.1964,2.84,0.241752
0.7714,18.5647,18.5647,2.85643,53.0287,53.6462,24.1974,2.85643,0.243419
0.7716,18.5152,18.5152,2.85967,52.9475,53.6517,24.1976,2.85967,0.245085
0.7718,18.4707,18.4707,2.8693,52.9981,53.6573,24.1983,2.8693,0.246752
0.772,18.4379,18.4379,2.86868,52.8925,53.6629,24.1983,2.86868,0.248419
0.7722,18.5014,18.5014,2.85796,52.8765,53.6684,24.1975,2.85796,0.246752
0.7724,18.5396,18.5396,2.85597,52.9486,53.674,24.1974,2.85597,0.245085
0.7726,18.5721,18.5721,2.84832,52.8994,53.6796,24.1967,2.84832,0.243419
0.7728,18.6074,18.6074,2.84371,52.9141,53.6851,24.1964,2.84371,0.241752
0.773,18.5585,18.5585,2.8565,53.0124,53.6907,24.1974,2.8565,0.243419
0.7732,18.5193,18.5193,2.86168,52.9962,53.6963,24.1978,2.86168,0.245085
0.7734,18.4793,18.4793,2.86795,52.9979,53.7018,24.1982,2.86795,0.246752
0.7736,18.4347,18.4347,2.87382,52.978,53.7074,24.1986,2.87382,0.248419
0.7738,18.4949,18.4949,2.85755,52.8501,53.713,24.1975,2.85755,0.246752
0.774,18.55,18.55,2.85433,52.9479,53.7185,24.1971,2.85433,0.245085
0.7742,18.5772,18.5772,2.85024,52.9493,53.7241,24.197,2.85024,0.243419
0.7744,18.6109,18.6109,2.84631,52.9723,53.7297,24.1966,2.84631,0.241752
0.7746,18.5553,18.5553,2.86126,53.0917,53.7352,24.1977,2.86126,0.243419
0.7748,18.5252,18.5252,2.86015,52.985,53.7408,24.1976,2.86015,0.245085
0.775,18.4818,18.4818,2.87225,53.0844,53.7464,24.1984,2.87225,0.246752
0.7752,18.4332,18.4332,2.87913,53.0714,53.7519,24.1988,2.87913,0.248419
0.7754,18.4997,18.4997,2.85848,52.8811,53.7575,24.1976,2.85848,0.246752
0.7756,18.554,18.554,2.85818,53.0306,53.7631,24.1974,2.85818,0.245085
0.7758,18.5715,18.5715,2.85516,53.0246,53.7686,24.1972,2.85516,0.243419
0.776,18.6169,18.6169,2.8482,53.0248,53.7742,24.1968,2.8482,0.241752
0.7762,18.5593,18.5593,2.8643,53.1594,53.7798,24.1978,2.8643,0.243419
0.7764,18.5252,18.5252,2.86429,53.0614,53.7854,24.1978,2.86429,0.245085
0.7766,18.4806,18.4806,2.87335,53.1011,53.7909,24.1986,2.87335,0.246752
0.7768,18.4452,18.4452,2.87578,53.0444,53.7965,24.1987,2.87578,0.248419
0.777,18.4918,18.4918,2.86685,53.0133,53.8021,24.198,2.86685,0.246752
0.7772,18.546,18.546,2.85904,53.0239,53.8076,24.1976,2.85904,0.245085
0.7774,18.5741,18.5741,2.85679,53.0622,53.8132,24.1973,2.85679,0.243419
0.7776,18.6223,18.6223,2.84883,53.0518,53.8188,24.1969,2.84883,0.241752
0.7778,18.5615,18.5615,2.86635,53.2038,53.8243,24.1981,2.86635,0.243419
0.778,18.5229,18.5229,2.8665,53.0959,53.8299,24.198,2.8665,0.245085
0.7782,18.4807,18.4807,2.87657,53.1611,53.8355,24.1988,2.87657,0.246752
0.7784,18.4503,18.4503,2.87379,53.0223,53.841,24.1985,2.87379,0.248419
0.7786,18.4902,18.4902,2.87051,53.0764,53.8466,24.1982,2.87051,0.246752
0.7788,18.5414,18.5414,2.86744,53.1665,53.8522,24.1982,2.86744,0.245085
0.779,18.5757,18.5757,2.85555,53.0438,53.8577,24.1972,2.85555,0.243419
0.7792,18.6296,18.6296,2.85129,53.1183,53.8633,24.1971,2.85129,0.241752
0.7794,18.5559,18.5559,2.87075,53.2692,53.8689,24.1984,2.87075,0.243419
0.7796,18.5282,18.5282,2.86741,53.128,53.8744,24.1982,2.86741,0.245085
0.7798,18.4846,18.4846,2.8797,53.23,53.88,24.1991,2.8797,0.246752
0.78,18.4206,18.4206,2.88667,53.1743,53.8856,24.1993,2.88667,0.248419
0.7802,18.4972,18.4972,2.86694,53.0304,53.8911,24.1982,2.86694,0.246752
0.7804,18.5506,18.5506,2.86544,53.1556,53.8967,24.1979,2.86544,0.245085
0.7806,18.5773,18.5773,2.86008,53.1326,53.9023,24.1975,2.86008,0.243419
0.7808,18.6163,18.6163,2.856,53.1683,53.9078,24.1973,2.856,0.241752
0.781,18.567,18.567,2.86802,53.2504,53.9134,24.1982,2.86802,0.243419
0.7812,18.5327,18.5327,2.87258,53.2365,53.919,24.1985,2.87258,0.245085
0.7814,18.4821,18.4821,2.8799,53.2265,53.9245,24.199,2.8799,0.246752
0.7816,18.4352,18.4352,2.88893,53.2582,53.9301,24.1996,2.88893,0.248419
0.7818,18.4966,18.4966,2.86726,53.0345,53.9357,24.1982,2.86726,0.246752
0.782,18.5553,18.5553,2.86794,53.2153,53.9412,24.1983,2.86794,0.245085
0.7822,18.5653,18.5653,2.86568,53.2024,53.9468,24.198,2.86568,0.243419
0.7824,18.6125,18.6125,2.85326,53.1062,53.9524,24.1971,2.85326,0.241752
0.7826,18.571,18.571,2.87292,53.3532,53.9579,24.1984,2.87292,0.243419
0.7828,18.5191,18.5191,2.87736,53.286,53.9635,24.1989,2.87736,0.245085
0.783,18.4748,18.4748,2.88243,53.2523,53.9691,24.1993,2.88243,0.246752
0.7832,18.4468,18.4468,2.88664,53.2493,53.9746,24.1995,2.88664,0.248419
0.7834,18.4842,18.4842,2.87697,53.1784,53.9802,24.1989,2.87697,0.246752
0.7836,18.5414,18.5414,2.86959,53.2063,53.9858,24.1982,2.86959,0.245085
0.7838,18.5792,18.5792,2.86632,53.2541,53.9914,24.1981,2.86632,0.243419
0.784,18.6074,18.6074,2.86167,53.2483,53.9969,24.1976,2.86167,0.241752
0.7842,18.5703,18.5703,2.87207,53.3352,54.0025,24.1985,2.87207,0.243419
0.7844,18.5218,18.5218,2.8805,53.3521,54.0081,24.1989,2.8805,0.245085
0.7846,18.4778,18.4778,2.88428,53.2952,54.0136,24.1992,2.88428,0.246752
0.7848,18.4447,18.4447,2.8901,53.3071,54.0192,24.1997,2.8901,0.248419
0.785,18.4986,18.4986,2.87535,53.1899,54.0248,24.1988,2.87535,0.246752
0.7852,18.5537,18.5537,2.87233,53.2923,54.0303,24.1984,2.87233,0.245085
0.7854,18.5657,18.5657,2.87187,53.3182,54.0359,24.1985,2.87187,0.243419
0.7856,18.6142,18.6142,2.85741,53.1884,54.0415,24.1975,2.85741,0.241752
0.7858,18.5697,18.5697,2.87721,53.4289,54.047,24.1987,2.87721,0.243419
0.786,18.5142,18.5142,2.88155,53.3495,54.0526,24.1992,2.88155,0.245085
0.7862,18.4835,18.4835,2.88656,53.3538,54.0582,24.1995,2.88656,0.246752
0.7864,18.437,18.437,2.89405,53.3576,54.0637,24.2,2.89405,0.248419
0.7866,18.5067,18.5067,2.87668,53.2379,54.0693,24.1986,2.87668,0.246752
0.7868,18.5487,18.5487,2.87613,53.3485,54.0749,24.1986,2.87613,0.245085
0.787,18.5722,18.5722,2.87316,53.361,54.0804,24.1984,2.87316,0.243419
0.7872,18.6184,18.6184,2.86123,53.2714,54.086,24.1978,2.86123,0.241752
0.7874,18.5661,18.5661,2.88112,53.4911,54.0916,24.1989,2.88112,0.243419
0.7876,18.5118,18.5118,2.8838,53.3843,54.0971,24.1992,2.8838,0.245085
0.7878,18.4773,18.4773,2.88808,53.3639,54.1027,24.1996,2.88808,0.246752
0.788,18.441,18.441,2.89659,53.416,54.1083,24.2002,2.89659,0.248419
0.7882,18.5041,18.5041,2.87855,53.2648,54.1138,24.1989,2.87855,0.246752
0.7884,18.547,18.547,2.87829,53.3835,54.1194,24.1988,2.87829,0.245085
0.7886,18.5697,18.5697,2.87375,53.3648,54.125,24.1987,2.87375,0.243419
0.7888,18.62,18.62,2.86255,53.3008,54.1305,24.1977,2.86255,0.241752
0.789,18.5718,18.5718,2.88242,53.5316,54.1361,24.1992,2.88242,0.243419
0.7892,18.5136,18.5136,2.88697,53.4483,54.1417,24.1995,2.88697,0.245085
0.7894,18.4945,18.4945,2.88825,53.4168,54.1472,24.1994,2.88825,0.246752
0.7896,18.4426,18.4426,2.89977,53.4793,54.1528,24.2004,2.89977,0.248419
0.7898,18.4958,18.4958,2.88404,53.3425,54.1584,24.1993,2.88404,0.246752
0.79,18.5448,18.5448,2.87824,53.3763,54.1639,24.199,2.87824,0.245085
0.7902,18.5841,18.5841,2.87461,53.4219,54.1695,24.1985,2.87461,0.243419
0.7904,18.6109,18.6109,2.87035,53.4198,54.1751,24.1982,2.87035,0.241752
0.7906,18.5691,18.5691,2.8833,53.5402,54.1806,24.1993,2.8833,0.243419
0.7908,18.5151,18.5151,2.88926,53.4949,54.1862,24.1997,2.88926,0.245085
0.791,18.497,18.497,2.88885,53.4351,54.1918,24.1997,2.88885,0.246752
0.7912,18.4482,18.4482,2.90105,53.5192,54.1974,24.2005,2.90105,0.248419
0.7914,18.4896,18.4896,2.88477,53.3381,54.2029,24.1994,2.88477,0.246752
0.7916,18.5474,18.5474,2.8831,53.4741,54.2085,24.1993,2.8831,0.245085
0.7918,18.5699,18.5699,2.87803,53.4447,54.2141,24.1988,2.87803,0.243419
0.792,18.6206,18.6206,2.86973,53.4363,54.2196,24.1982,2.86973,0.241752
0.7922,18.566,18.566,2.88614,53.5841,54.2252,24.1995,2.88614,0.243419
0.7924,18.518,18.518,2.89115,53.5382,54.2308,24.1998,2.89115,0.245085
0.7926,18.4747,18.4747,2.89735,53.5276,54.2363,24.2003,2.89735,0.246752
0.7928,18.4473,18.4473,2.90178,53.5299,54.2419,24.2005,2.90178,0.248419
0.793,18.417,18.417,2.90921,53.5789,54.2475,24.201,2.90921,0.250085
0.7932,18.4563,18.4563,2.89459,53.4234,54.253,24.1999,2.89459,0.248419
0.7934,18.5042,18.5042,2.89105,53.4967,54.2586,24.1997,2.89105,0.246752
0.7936,18.5397,18.5397,2.88495,53.486,54.2642,24.1994,2.88495,0.245085
0.7938,18.5797,18.5797,2.87922,53.4952,54.2697,24.1989,2.87922,0.243419
0.794,18.622,18.622,2.87219,53.4859,54.2753,24.1985,2.87219,0.241752
0.7942,18.5693,18.5693,2.8903,53.6707,54.2809,24.1997,2.8903,0.243419
0.7944,18.5133,18.5133,2.89568,53.6085,54.2864,24.2,2.89568,0.245085
0.7946,18.5029,18.5029,2.89202,53.5107,54.292,24.1999,2.89202,0.246752
0.7948,18.4497,18.4497,2.90944,53.6783,54.2976,24.201,2.90944,0.248419
0.795,18.4853,18.4853,2.89243,53.4673,54.3031,24.1999,2.89243,0.246752
0.7952,18.5506,18.5506,2.88629,53.5423,54.3087,24.1993,2.88629,0.245085
0.7954,18.5808,18.5808,2.88226,53.5548,54.3143,24.199,2.88226,0.243419
0.7956,18.6242,18.6242,2.87666,53.5756,54.3198,24.1986,2.87666,0.241752
0.7958,18.5673,18.5673,2.8928,53.7114,54.3254,24.1997,2.8928,0.243419
0.796,18.5217,18.5217,2.89341,53.5908,54.331,24.2,2.89341,0.245085
0.7962,18.5017,18.5017,2.90077,53.6692,54.3365,24.2005,2.90077,0.246752
0.7964,18.4315,18.4315,2.911,53.654,54.3421,24.2011,2.911,0.248419
0.7966,18.5054,18.5054,2.89004,53.4813,54.3477,24.1997,2.89004,0.246752
0.7968,18.5468,18.5468,2.89279,53.6522,54.3532,24.1998,2.89279,0.245085
0.797,18.5758,18.5758,2.88618,53.613,54.3588,24.1993,2.88618,0.243419
0.7972,18.6112,18.6112,2.87741,53.5521,54.3644,24.1989,2.87741,0.241752
0.7974,18.5759,18.5759,2.89464,53.7707,54.3699,24.1999,2.89464,0.243419
0.7976,18.5203,18.5203,2.89835,53.6783,54.3755,24.2003,2.89835,0.245085
0.7978,18.4872,18.4872,2.90576,53.7195,54.3811,24.2008,2.90576,0.246752
0.798,18.4418,18.4418,2.91136,53.6908,54.3866,24.201,2.91136,0.248419
0.7982,18.5048,18.5048,2.89004,53.4795,54.3922,24.1996,2.89004,0.246752
0.7984,18.5493,18.5493,2.89529,53.7055,54.3978,24.2001,2.89529,0.245085
0.7986,18.5742,18.5742,2.88767,53.6362,54.4034,24.1994,2.88767,0.243419
0.7988,18.6312,18.6312,2.87548,53.5735,54.4089,24.1986,2.87548,0.241752
0.799,18.5703,18.5703,2.89983,53.8508,54.4145,24.2004,2.89983,0.243419
0.7992,18.5181,18.5181,2.89931,53.6898,54.4201,24.2003,2.89931,0.245085
0.7994,18.4892,18.4892,2.90704,53.749,54.4256,24.2009,2.90704,0.246752
0.7996,18.4427,18.4427,2.91394,53.7408,54.4312,24.2013,2.91394,0.248419
0.7998,18.4912,18.4912,2.89927,53.6109,54.4368,24.2002,2.89927,0.246752
0.8,18.5529,18.5529,2.8931,53.6754,54.4423,24.1997,2.8931,0.245085
0.8002,18.5774,18.5774,2.89255,53.7359,54.4479,24.1999,2.89255,0.243419
0.8004,18.6112,18.6112,2.88293,53.6547,54.4535,24.1992,2.88293,0.241752
0.8006,18.5681,18.5681,2.90037,53.8542,54.459,24.2003,2.90037,0.243419
0.8008,18.5229,18.5229,2.90213,53.756,54.4646,24.2006,2.90213,0.245085
0.801,18.4771,18.4771,2.90903,53.7506,54.4702,24.201,2.90903,0.246752
0.8012,18.4462,18.4462,2.91584,53.7861,54.4757,24.2015,2.91584,0.248419
0.8014,18.5085,18.5085,2.89488,53.5799,54.4813,24.2,2.89488,0.246752
0.8016,18.5509,18.5509,2.8982,53.7641,54.4869,24.2003,2.8982,0.245085
0.8018,18.5786,18.5786,2.89219,53.7326,54.4924,24.1998,2.89219,0.243419
0.802,18.6165,18.6165,2.88747,53.7547,54.498,24.1996,2.88747,0.241752
0.8022,18.5641,18.5641,2.90154,53.8644,54.5036,24.2004,2.90154,0.243419
0.8024,18.5204,18.5204,2.90714,53.8413,54.5091,24.2007,2.90714,0.245085
0.8026,18.4842,18.4842,2.91221,53.83,54.5147,24.2013,2.91221,0.246752
0.8028,18.4466,18.4466,2.91775,53.8225,54.5203,24.2017,2.91775,0.248419
0.803,18.4984,18.4984,2.90225,53.6871,54.5258,24.2004,2.90225,0.246752
0.8032,18.5468,18.5468,2.89886,53.7645,54.5314,24.2004,2.89886,0.245085
0.8034,18.5863,18.5863,2.89403,53.7894,54.537,24.1998,2.89403,0.243419
0.8036,18.5377,18.5377,2.90759,53.9,54.5425,24.201,2.90759,0.245085
0.8038,18.4899,18.4899,2.91455,53.8898,54.5481,24.2015,2.91455,0.246752
0.804,18.4493,18.4493,2.91544,53.7878,54.5537,24.2015,2.91544,0.248419
0.8042,18.5054,18.5054,2.90525,53.7629,54.5592,24.2007,2.90525,0.246752
0.8044,18.5417,18.5417,2.9032,53.8303,54.5648,24.2006,2.9032,0.245085
0.8046,18.5801,18.5801,2.8937,53.7654,54.5704,24.1998,2.8937,0.243419
0.8048,18.6307,18.6307,2.88781,53.8021,54.5759,24.1996,2.88781,0.241752
0.805,18.5691,18.5691,2.90779,53.9951,54.5815,24.201,2.90779,0.243419
0.8052,18.5205,18.5205,2.90805,53.8587,54.5871,24.2008,2.90805,0.245085
0.8054,18.4919,18.4919,2.91339,53.874,54.5926,24.2012,2.91339,0.246752
0.8056,18.4437,18.4437,2.92311,53.9128,54.5982,24.2018,2.92311,0.248419
0.8058,18.5034,18.5034,2.90698,53.789,54.6038,24.2009,2.90698,0.246752
0.806,18.5441,18.5441,2.90352,53.8431,54.6094,24.2005,2.90352,0.245085
0.8062,18.5763,18.5763,2.89871,53.8472,54.6149,24.2001,2.89871,0.243419
0.8064,18.6314,18.6314,2.89006,53.8458,54.6205,24.1996,2.89006,0.241752
0.8066,18.5657,18.5657,2.90976,54.0216,54.6261,24.2009,2.90976,0.243419
0.8068,18.5183,18.5183,2.91377,53.9581,54.6316,24.2012,2.91377,0.245085
0.807,18.4799,18.4799,2.92034,53.9676,54.6372,24.2018,2.92034,0.246752
0.8072,18.4496,18.4496,2.92368,53.9406,54.6428,24.2019,2.92368,0.248419
0.8074,18.4146,18.4146,2.93282,54.0067,54.6483,24.2026,2.93282,0.250085
0.8076,18.4529,18.4529,2.91471,53.785,54.6539,24.2013,2.91471,0.248419
0.8078,18.5096,18.5096,2.91433,53.9432,54.6595,24.2014,2.91433,0.246752
0.808,18.5374,18.5374,2.9063,53.8753,54.665,24.2009,2.9063,0.245085
0.8082,18.5823,18.5823,2.90245,53.9342,54.6706,24.2006,2.90245,0.243419
0.8084,18.529,18.529,2.91566,54.0244,54.6762,24.2015,2.91566,0.245085
0.8086,18.4821,18.4821,2.92023,53.9719,54.6817,24.2017,2.92023,0.246752
0.8088,18.4527,18.4527,2.92743,54.0189,54.6873,24.2022,2.92743,0.248419
0.809,18.4218,18.4218,2.93073,53.9894,54.6929,24.2023,2.93073,0.250085
0.8092,18.4594,18.4594,2.91883,53.8798,54.6984,24.2015,2.91883,0.248419
0.8094,18.5073,18.5073,2.91461,53.9415,54.704,24.2012,2.91461,0.246752
0.8096,18.5405,18.5405,2.9093,53.94,54.7096,24.2009,2.9093,0.245085
0.8098,18.5911,18.5911,2.90277,53.9655,54.7151,24.2006,2.90277,0.243419
0.81,18.5334,18.5334,2.91936,54.1057,54.7207,24.2017,2.91936,0.245085
0.8102,18.4812,18.4812,2.92493,54.0562,54.7263,24.2021,2.92493,0.246752
0.8104,18.4495,18.4495,2.9304,54.0643,54.7318,24.2023,2.9304,0.248419
0.8106,18.4159,18.4159,2.93557,54.0611,54.7374,24.2028,2.93557,0.250085
0.8108,18.4541,18.4541,2.92303,53.942,54.743,24.202,2.92303,0.248419
0.811,18.5105,18.5105,2.91472,53.953,54.7485,24.2012,2.91472,0.246752
0.8112,18.5493,18.5493,2.9129,54.0324,54.7541,24.2012,2.9129,0.245085
0.8114,18.5754,18.5754,2.90904,54.0366,54.7597,24.201,2.90904,0.243419
0.8116,18.6249,18.6249,2.89679,53.9523,54.7652,24.2,2.89679,0.241752
0.8118,18.5784,18.5784,2.91623,54.1789,54.7708,24.2016,2.91623,0.243419
0.812,18.5223,18.5223,2.92017,54.0884,54.7764,24.2018,2.92017,0.245085
0.8122,18.4904,18.4904,2.92583,54.0999,54.7819,24.2022,2.92583,0.246752
0.8124,18.4445,18.4445,2.93242,54.087,54.7875,24.2026,2.93242,0.248419
0.8126,18.4949,18.4949,2.91753,53.9594,54.7931,24.2017,2.91753,0.246752
0.8128,18.5536,18.5536,2.91222,54.032,54.7986,24.2011,2.91222,0.245085
0.813,18.5843,18.5843,2.90866,54.0555,54.8042,24.2008,2.90866,0.243419
0.8132,18.6252,18.6252,2.89818,53.9792,54.8098,24.2003,2.89818,0.241752
0.8134,18.5623,18.5623,2.92216,54.2421,54.8154,24.2019,2.92216,0.243419
0.8136,18.5264,18.5264,2.91829,54.0653,54.8209,24.2017,2.91829,0.245085
0.8138,18.4928,18.4928,2.92878,54.1613,54.8265,24.2024,2.92878,0.246752
0.814,18.4457,18.4457,2.9369,54.1733,54.8321,24.2027,2.9369,0.248419
0.8142,18.4968,18.4968,2.91804,53.9745,54.8376,24.2016,2.91804,0.246752
0.8144,18.5591,18.5591,2.91513,54.1023,54.8432,24.2013,2.91513,0.245085
0.8146,18.5804,18.5804,2.91186,54.1035,54.8488,24.2012,2.91186,0.243419
0.8148,18.6231,18.6231,2.90171,54.0389,54.8543,24.2004,2.90171,0.241752
0.815,18.5769,18.5769,2.92129,54.2686,54.8599,24.2017,2.92129,0.243419
0.8152,18.5247,18.5247,2.92298,54.1475,54.8655,24.2018,2.92298,0.245085
0.8154,18.4842,18.4842,2.93313,54.2165,54.871,24.2027,2.93313,0.246752
0.8156,18.4434,18.4434,2.9352,54.135,54.8766,24.2028,2.9352,0.248419
0.8158,18.5044,18.5044,2.92304,54.0892,54.8822,24.202,2.92304,0.246752
0.816,18.5448,18.5448,2.91788,54.1114,54.8877,24.2016,2.91788,0.245085
0.8162,18.5876,18.5876,2.91339,54.1531,54.8933,24.2012,2.91339,0.243419
0.8164,18.5324,18.5324,2.92932,54.2872,54.8989,24.2023,2.92932,0.245085
0.8166,18.4819,18.4819,2.93187,54.1864,54.9044,24.2026,2.93187,0.246752
0.8168,18.4534,18.4534,2.93703,54.1981,54.91,24.203,2.93703,0.248419
0.817,18.406,18.406,2.94462,54.1987,54.9156,24.2034,2.94462,0.250085
0.8172,18.4674,18.4674,2.92839,54.0797,54.9211,24.2022,2.92839,0.248419
0.8174,18.5105,18.5105,2.92796,54.1981,54.9267,24.2022,2.92796,0.246752
0.8176,18.5383,18.5383,2.9213,54.1558,54.9323,24.2019,2.9213,0.245085
0.8178,18.5891,18.5891,2.91424,54.1731,54.9378,24.2012,2.91424,0.243419
0.818,18.5368,18.5368,2.93002,54.3132,54.9434,24.2024,2.93002,0.245085
0.8182,18.4916,18.4916,2.93343,54.2438,54.949,24.2026,2.93343,0.246752
0.8184,18.4476,18.4476,2.94096,54.2537,54.9545,24.2031,2.94096,0.248419
0.8186,18.5045,18.5045,2.92408,54.1087,54.9601,24.2019,2.92408,0.246752
0.8188,18.5541,18.5541,2.92376,54.2476,54.9657,24.2019,2.92376,0.245085
0.819,18.5833,18.5833,2.91783,54.223,54.9712,24.2016,2.91783,0.243419
0.8192,18.6259,18.6259,2.90829,54.1695,54.9768,24.2009,2.90829,0.241752
0.8194,18.5774,18.5774,2.92583,54.3544,54.9824,24.2022,2.92583,0.243419
0.8196,18.523,18.523,2.93115,54.2938,54.9879,24.2024,2.93115,0.245085
0.8198,18.4982,18.4982,2.93338,54.2624,54.9935,24.2027,2.93338,0.246752
0.82,18.4463,18.4463,2.94741,54.3688,54.9991,24.2036,2.94741,0.248419
0.8202,18.4946,18.4946,2.92731,54.1393,55.0046,24.2023,2.92731,0.246752
0.8204,18.5487,18.5487,2.92656,54.2839,55.0102,24.2022,2.92656,0.245085
0.8206,18.592,18.592,2.91601,54.2145,55.0158,24.2015,2.91601,0.243419
0.8208,18.5374,18.5374,2.93612,54.4281,55.0214,24.2029,2.93612,0.245085
0.821,18.4784,18.4784,2.93675,54.2665,55.0269,24.203,2.93675,0.246752
0.8212,18.4512,18.4512,2.94634,54.3637,55.0325,24.2036,2.94634,0.248419
0.8214,18.3977,18.3977,2.95294,54.3273,55.0381,24.204,2.95294,0.250085
0.8216,18.4605,18.4605,2.93425,54.1677,55.0436,24.2026,2.93425,0.248419
0.8218,18.5134,18.5134,2.93453,54.3282,55.0492,24.2028,2.93453,0.246752
0.822,18.5389,18.5389,2.93125,54.3422,55.0548,24.2025,2.93125,0.245085
0.8222,18.5776,18.5776,2.92235,54.2902,55.0603,24.2018,2.92235,0.243419
0.8224,18.5378,18.5378,2.93589,54.425,55.0659,24.2027,2.93589,0.245085
0.8226,18.4882,18.4882,2.94157,54.3844,55.0715,24.2032,2.94157,0.246752
0.8228,18.4546,18.4546,2.94688,54.3833,55.077,24.2036,2.94688,0.248419
0.823,18.4009,18.4009,2.95763,54.4231,55.0826,24.2043,2.95763,0.250085
0.8232,18.4677,18.4677,2.93699,54.2396,55.0882,24.2029,2.93699,0.248419
0.8234,18.5133,18.5133,2.93684,54.3706,55.0937,24.2029,2.93684,0.246752
0.8236,18.5469,18.5469,2.92836,54.3119,55.0993,24.2023,2.92836,0.245085
0.8238,18.5947,18.5947,2.92332,54.358,55.1049,24.202,2.92332,0.243419
0.824,18.5328,18.5328,2.94198,54.5232,55.1104,24.2033,2.94198,0.245085
0.8242,18.4766,18.4766,2.94551,54.4229,55.116,24.2034,2.94551,0.246752
0.8244,18.4523,18.4523,2.94675,54.3744,55.1216,24.2035,2.94675,0.248419
0.8246,18.4096,18.4096,2.95849,54.4645,55.1271,24.2044,2.95849,0.250085
0.8248,18.4644,18.4644,2.94157,54.3142,55.1327,24.203,2.94157,0.248419
0.825,18.5136,18.5136,2.93609,54.3576,55.1383,24.2029,2.93609,0.246752
0.8252,18.5476,18.5476,2.93438,54.4256,55.1438,24.2028,2.93438,0.245085
0.8254,18.5956,18.5956,2.92302,54.3552,55.1494,24.2018,2.92302,0.243419
0.8256,18.5427,18.5427,2.94113,54.5366,55.155,24.2031,2.94113,0.245085
0.8258,18.4832,18.4832,2.94803,54.489,55.1605,24.2037,2.94803,0.246752
0.826,18.446,18.446,2.95436,54.4961,55.1661,24.204,2.95436,0.248419
0.8262,18.4106,18.4106,2.95642,54.4294,55.1717,24.2042,2.95642,0.250085
0.8264,18.4665,18.4665,2.94481,54.3804,55.1772,24.2035,2.94481,0.248419
0.8266,18.5139,18.5139,2.94175,54.4631,55.1828,24.2033,2.94175,0.246752
0.8268,18.5376,18.5376,2.93559,54.4189,55.1884,24.2029,2.93559,0.245085
0.827,18.6009,18.6009,2.92489,54.4054,55.1939,24.2021,2.92489,0.243419
0.8272,18.5331,18.5331,2.94744,54.6252,55.1995,24.2035,2.94744,0.245085
0.8274,18.4822,18.4822,2.94812,54.4879,55.2051,24.2036,2.94812,0.246752
0.8276,18.4589,18.4589,2.9511,54.4741,55.2106,24.2039,2.9511,0.248419
0.8278,18.4154,18.4154,2.96033,54.5157,55.2162,24.2045,2.96033,0.250085
0.828,18.4685,18.4685,2.94505,54.3908,55.2218,24.2033,2.94505,0.248419
0.8282,18.5117,18.5117,2.94508,54.5186,55.2274,24.2035,2.94508,0.246752
0.8284,18.5468,18.5468,2.93646,54.4621,55.2329,24.2027,2.93646,0.245085
0.8286,18.5919,18.5919,2.92874,54.4508,55.2385,24.2024,2.92874,0.243419
0.8288,18.5447,18.5447,2.94711,54.6534,55.2441,24.2036,2.94711,0.245085
0.829,18.4768,18.4768,2.95335,54.5685,55.2496,24.2041,2.95335,0.246752
0.8292,18.458,18.458,2.95333,54.5128,55.2552,24.2041,2.95333,0.248419
0.8294,18.4075,18.4075,2.9655,54.5873,55.2608,24.2047,2.9655,0.250085
0.8296,18.485,18.485,2.94299,54.401,55.2663,24.2033,2.94299,0.248419
0.8298,18.5227,18.5227,2.94564,54.5612,55.2719,24.2035,2.94564,0.246752
0.83,18.5406,18.5406,2.94182,54.5432,55.2775,24.2033,2.94182,0.245085
0.8302,18.5943,18.5943,2.92951,54.4722,55.283,24.2024,2.92951,0.243419
0.8304,18.5344,18.5344,2.95192,54.7121,55.2886,24.204,2.95192,0.245085
0.8306,18.4953,18.4953,2.94821,54.528,55.2942,24.2035,2.94821,0.246752
0.8308,18.4578,18.4578,2.96028,54.6401,55.2997,24.2046,2.96028,0.248419
0.831,18.4076,18.4076,2.96515,54.5813,55.3053,24.2047,2.96515,0.250085
0.8312,18.4878,18.4878,2.94658,54.4758,55.3109,24.2036,2.94658,0.248419
0.8314,18.5117,18.5117,2.95059,54.6205,55.3164,24.2039,2.95059,0.246752
0.8316,18.5409,18.5409,2.94378,54.5803,55.322,24.2034,2.94378,0.245085
0.8318,18.5924,18.5924,2.93384,54.5472,55.3276,24.2027,2.93384,0.243419
0.832,18.5326,18.5326,2.95264,54.7201,55.3331,24.2039,2.95264,0.245085
0.8322,18.4726,18.4726,2.95953,54.6704,55.3387,24.2044,2.95953,0.246752
0.8324,18.4655,18.4655,2.95739,54.6098,55.3443,24.2043,2.95739,0.248419
0.8326,18.4106,18.4106,2.97094,54.6969,55.3498,24.2051,2.97094,0.250085
0.8328,18.4699,18.4699,2.94896,54.467,55.3554,24.2036,2.94896,0.248419
0.833,18.5166,18.5166,2.95109,54.6442,55.361,24.204,2.95109,0.246752
0.8332,18.5447,18.5447,2.94604,54.6333,55.3665,24.2034,2.94604,0.245085
0.8334,18.5923,18.5923,2.93405,54.5506,55.3721,24.2027,2.93405,0.243419
0.8336,18.54,18.54,2.95171,54.7246,55.3777,24.2039,2.95171,0.245085
0.8338,18.4782,18.4782,2.96309,54.7527,55.3832,24.2048,2.96309,0.246752
0.834,18.4659,18.4659,2.95812,54.6243,55.3888,24.2044,2.95812,0.248419
0.8342,18.4112,18.4112,2.97287,54.7343,55.3944,24.2054,2.97287,0.250085
0.8344,18.4802,18.4802,2.94896,54.4975,55.3999,24.2037,2.94896,0.248419
0.8346,18.5231,18.5231,2.95304,54.6995,55.4055,24.2039,2.95304,0.246752
0.8348,18.545,18.545,2.94759,54.6632,55.4111,24.2037,2.94759,0.245085
0.835,18.5887,18.5887,2.93921,54.6362,55.4166,24.2031,2.93921,0.243419
0.8352,18.5334,18.5334,2.95649,54.7938,55.4222,24.2042,2.95649,0.245085
0.8354,18.5048,18.5048,2.95626,54.7049,55.4278,24.2041,2.95626,0.246752
0.8356,18.4569,18.4569,2.96893,54.7974,55.4334,24.2052,2.96893,0.248419
0.8358,18.403,18.403,2.97427,54.7354,55.4389,24.2055,2.97427,0.250085
0.836,18.4792,18.4792,2.95229,54.556,55.4445,24.2038,2.95229,0.248419
0.8362,18.5165,18.5165,2.95771,54.7664,55.4501,24.2042,2.95771,0.246752
0.8364,18.5484,18.5484,2.9469,54.6602,55.4556,24.2035,2.9469,0.245085
0.8366,18.5985,18.5985,2.93921,54.665,55.4612,24.2031,2.93921,0.243419
0.8368,18.5378,18.5378,2.96005,54.8729,55.4668,24.2043,2.96005,0.245085
0.837,18.4813,18.4813,2.96263,54.7533,55.4723,24.2047,2.96263,0.246752
0.8372,18.4715,18.4715,2.96699,54.8048,55.4779,24.205,2.96699,0.248419
0.8374,18.4245,18.4245,2.97326,54.7808,55.4835,24.2052,2.97326,0.250085
0.8376,18.4672,18.4672,2.95873,54.6393,55.489,24.2045,2.95873,0.248419
0.8378,18.5274,18.5274,2.95689,54.7835,55.4946,24.2043,2.95689,0.246752
0.838,18.5394,18.5394,2.95646,54.811,55.5002,24.2041,2.95646,0.245085
0.8382,18.5845,18.5845,2.94183,54.6725,55.5057,24.2033,2.94183,0.243419
0.8384,18.5422,18.5422,2.96153,54.9134,55.5113,24.2047,2.96153,0.245085
0.8386,18.4832,18.4832,2.96661,54.8326,55.5169,24.2048,2.96661,0.246752
0.8388,18.4573,18.4573,2.96787,54.7786,55.5224,24.2051,2.96787,0.248419
0.839,18.4219,18.4219,2.97908,54.8803,55.528,24.2057,2.97908,0.250085
0.8392,18.4673,18.4673,2.96226,54.705,55.5336,24.2047,2.96226,0.248419
0.8394,18.5182,18.5182,2.96103,54.8328,55.5391,24.2044,2.96103,0.246752
0.8396,18.5536,18.5536,2.95456,54.8179,55.5447,24.2041,2.95456,0.245085
0.8398,18.5902,18.5902,2.94563,54.76,55.5503,24.2035,2.94563,0.243419
0.84,18.5344,18.5344,2.96606,54.9742,55.5558,24.2047,2.96606,0.245085
0.8402,18.4791,18.4791,2.9676,54.8385,55.5614,24.2049,2.9676,0.246752
0.8404,18.4672,18.4672,2.97,54.8476,55.567,24.205,2.97,0.248419
0.8406,18.4095,18.4095,2.98392,54.9324,55.5725,24.206,2.98392,0.250085
0.8408,18.4738,18.4738,2.96341,54.7454,55.5781,24.2048,2.96341,0.248419
0.841,18.5205,18.5205,2.96115,54.8419,55.5837,24.2046,2.96115,0.246752
0.8412,18.5362,18.5362,2.96047,54.8759,55.5892,24.2046,2.96047,0.245085
0.8414,18.5909,18.5909,2.94742,54.7953,55.5948,24.2036,2.94742,0.243419
0.8416,18.5466,18.5466,2.96364,54.9656,55.6004,24.2047,2.96364,0.245085
0.8418,18.485,18.485,2.97301,54.9559,55.6059,24.2053,2.97301,0.246752
0.842,18.457,18.457,2.97485,54.9068,55.6115,24.2054,2.97485,0.248419
0.8422,18.4122,18.4122,2.982,54.9053,55.6171,24.2059,2.982,0.250085
0.8424,18.4748,18.4748,2.96356,54.7512,55.6226,24.2046,2.96356,0.248419
0.8426,18.5106,18.5106,2.96773,54.9343,55.6282,24.205,2.96773,0.246752
0.8428,18.5495,18.5495,2.95273,54.7717,55.6338,24.204,2.95273,0.245085
0.843,18.6035,18.6035,2.95086,54.8964,55.6394,24.2039,2.95086,0.243419
0.8432,18.5346,18.5346,2.97046,55.0563,55.6449,24.2051,2.97046,0.245085
0.8434,18.4882,18.4882,2.97155,54.9386,55.6505,24.2053,2.97155,0.246752
0.8436,18.4658,18.4658,2.97814,54.9938,55.6561,24.2056,2.97814,0.248419
0.8438,18.4127,18.4127,2.98769,55.0116,55.6616,24.2064,2.98769,0.250085
0.844,18.4706,18.4706,2.96662,54.7953,55.6672,24.2049,2.96662,0.248419
0.8442,18.5299,18.5299,2.96546,54.9498,55.6728,24.2047,2.96546,0.246752
0.8444,18.5517,18.5517,2.96274,54.9638,55.6783,24.2045,2.96274,0.245085
0.8446,18.5805,18.5805,2.95488,54.9031,55.6839,24.204,2.95488,0.243419
0.8448,18.5369,18.5369,2.97074,55.0681,55.6895,24.2053,2.97074,0.245085
0.845,18.4794,18.4794,2.97798,55.0313,55.695,24.2057,2.97798,0.246752
0.8452,18.4532,18.4532,2.98055,55.0009,55.7006,24.2058,2.98055,0.248419
0.8454,18.4175,18.4175,2.98405,54.9587,55.7062,24.2062,2.98405,0.250085
0.8456,18.4923,18.4923,2.97243,54.967,55.7117,24.2052,2.97243,0.248419
0.8458,18.4982,18.4982,2.9745,55.0228,55.7173,24.2054,2.9745,0.246752
0.846,18.5475,18.5475,2.96251,54.9472,55.7229,24.2047,2.96251,0.245085
0.8462,18.5934,18.5934,2.95589,54.96,55.7284,24.2041,2.95589,0.243419
0.8464,18.5491,18.5491,2.97254,55.1381,55.734,24.2053,2.97254,0.245085
0.8466,18.4741,18.4741,2.98117,55.0746,55.7396,24.206,2.98117,0.246752
0.8468,18.4631,18.4631,2.98146,55.0469,55.7451,24.206,2.98146,0.248419
0.847,18.4232,18.4232,2.98735,55.0366,55.7507,24.2063,2.98735,0.250085
0.8472,18.4687,18.4687,2.97467,54.9383,55.7563,24.2053,2.97467,0.248419
0.8474,18.5221,18.5221,2.96948,55.001,55.7618,24.2051,2.96948,0.246752
0.8476,18.5534,18.5534,2.96722,55.0521,55.7674,24.2048,2.96722,0.245085
0.8478,18.5935,18.5935,2.95828,55.0047,55.773,24.2044,2.95828,0.243419
0.848,18.5401,18.5401,2.97654,55.1853,55.7785,24.2057,2.97654,0.245085
0.8482,18.4868,18.4868,2.9784,55.0612,55.7841,24.2058,2.9784,0.246752
0.8484,18.4654,18.4654,2.98394,55.0997,55.7897,24.206,2.98394,0.248419
0.8486,18.4097,18.4097,2.99617,55.1588,55.7952,24.207,2.99617,0.250085
0.8488,18.4635,18.4635,2.97402,54.911,55.8008,24.2053,2.97402,0.248419
0.849,18.5229,18.5229,2.97349,55.0775,55.8064,24.2054,2.97349,0.246752
0.8492,18.5521,18.5521,2.96739,55.0514,55.8119,24.2051,2.96739,0.245085
0.8494,18.6003,18.6003,2.95889,55.0363,55.8175,24.2043,2.95889,0.243419
0.8496,18.5418,18.5418,2.97825,55.2221,55.8231,24.2058,2.97825,0.245085
0.8498,18.4886,18.4886,2.98296,55.1507,55.8286,24.2061,2.98296,0.246752
0.85,18.4606,18.4606,2.98682,55.1386,55.8342,24.2063,2.98682,0.248419
0.8502,18.4143,18.4143,2.99506,55.1519,55.8398,24.2068,2.99506,0.250085
0.8504,18.4713,18.4713,2.97583,54.9674,55.8454,24.2054,2.97583,0.248419
0.8506,18.51,18.51,2.97963,55.1529,55.8509,24.2057,2.97963,0.246752
0.8508,18.5437,18.5437,2.9703,55.0804,55.8565,24.2053,2.9703,0.245085
0.851,18.598,18.598,2.96214,55.0897,55.8621,24.2046,2.96214,0.243419
0.8512,18.5437,18.5437,2.98073,55.2736,55.8676,24.206,2.98073,0.245085
0.8514,18.4795,18.4795,2.98758,55.2092,55.8732,24.2065,2.98758,0.246752
0.8516,18.4572,18.4572,2.98718,55.1348,55.8788,24.2064,2.98718,0.248419
0.8518,18.4241,18.4241,2.99675,55.2124,55.8843,24.2068,2.99675,0.250085
0.852,18.4697,18.4697,2.98314,55.0979,55.8899,24.2061,2.98314,0.248419
0.8522,18.5194,18.5194,2.97743,55.1402,55.8955,24.2058,2.97743,0.246752
0.8524,18.5511,18.5511,2.97245,55.1423,55.901,24.2052,2.97245,0.245085
0.8526,18.5859,18.5859,2.97152,55.2284,55.9066,24.2053,2.97152,0.243419
0.8528,18.5323,18.5323,2.98024,55.2307,55.9122,24.2059,2.98024,0.245085
0.853,18.4907,18.4907,2.98668,55.2258,55.9177,24.2063,2.98668,0.246752
0.8532,18.4569,18.4569,2.99157,55.2152,55.9233,24.2067,2.99157,0.248419
0.8534,18.4069,18.4069,3.00304,55.2768,55.9289,24.2075,3.00304,0.250085
0.8536,18.4633,18.4633,2.98498,55.1126,55.9344,24.2062,2.98498,0.248419
0.8538,18.5299,18.5299,2.97851,55.1914,55.94,24.2058,2.97851,0.246752
0.854,18.5503,18.5503,2.97609,55.2075,55.9456,24.2054,2.97609,0.245085
0.8542,18.6016,18.6016,2.96469,55.148,55.9511,24.2047,2.96469,0.243419
0.8544,18.5462,18.5462,2.98433,55.3479,55.9567,24.2062,2.98433,0.245085
0.8546,18.4949,18.4949,2.98893,55.2799,55.9623,24.2064,2.98893,0.246752
0.8548,18.4597,18.4597,2.99455,55.2784,55.9678,24.2067,2.99455,0.248419
0.855,18.4114,18.4114,3.00332,55.2953,55.9734,24.2073,3.00332,0.250085
0.8552,18.4703,18.4703,2.98712,55.173,55.979,24.2064,2.98712,0.248419
0.8554,18.528,18.528,2.98008,55.2148,55.9845,24.2059,2.98008,0.246752
0.8556,18.5479,18.5479,2.97904,55.2551,55.9901,24.2058,2.97904,0.245085
0.8558,18.6016,18.6016,2.96441,55.1428,55.9957,24.2047,2.96441,0.243419
0.856,18.5569,18.5569,2.98523,55.3966,56.0012,24.2061,2.98523,0.245085
0.8562,18.497,18.497,2.99154,55.3345,56.0068,24.2067,2.99154,0.246752
0.8564,18.4619,18.4619,2.99811,55.3507,56.0124,24.207,2.99811,0.248419
0.8566,18.4143,18.4143,3.00319,55.3015,56.0179,24.2074,3.00319,0.250085
0.8568,18.475,18.475,2.98842,55.211,56.0235,24.2065,2.98842,0.248419
0.857,18.5061,18.5061,2.98782,55.2928,56.0291,24.2063,2.98782,0.246752
0.8572,18.5575,18.5575,2.97797,55.2636,56.0346,24.2058,2.97797,0.245085
0.8574,18.501,18.501,2.99524,55.415,56.0402,24.207,2.99524,0.246752
0.8576,18.4488,18.4488,3.00005,55.3472,56.0458,24.2073,3.00005,0.248419
0.8578,18.4206,18.4206,3.00344,55.3252,56.0514,24.2074,3.00344,0.250085
0.858,18.4694,18.4694,2.98885,55.2024,56.0569,24.2065,2.98885,0.248419
0.8582,18.5137,18.5137,2.98878,55.3334,56.0625,24.2065,2.98878,0.246752
0.8584,18.5489,18.5489,2.98181,55.3094,56.0681,24.206,2.98181,0.245085
0.8586,18.5863,18.5863,2.97799,55.3499,56.0736,24.2058,2.97799,0.243419
0.8588,18.5323,18.5323,2.99168,55.4429,56.0792,24.2066,2.99168,0.245085
0.859,18.4907,18.4907,2.99504,55.3804,56.0848,24.207,2.99504,0.246752
0.8592,18.4631,18.4631,3.00068,55.402,56.0903,24.2073,3.00068,0.248419
0.8594,18.4192,18.4192,3.00746,55.395,56.0959,24.2077,3.00746,0.250085
0.8596,18.4762,18.4762,2.9905,55.2531,56.1015,24.2064,2.9905,0.248419
0.8598,18.5211,18.5211,2.9917,55.4098,56.107,24.2067,2.9917,0.246752
0.86,18.5467,18.5467,2.98368,55.3374,56.1126,24.2062,2.98368,0.245085
0.8602,18.5961,18.5961,2.97616,55.345,56.1182,24.2055,2.97616,0.243419
0.8604,18.5341,18.5341,2.99389,55.489,56.1237,24.2069,2.99389,0.245085
0.8606,18.4929,18.4929,2.99852,55.4511,56.1293,24.2071,2.99852,0.246752
0.8608,18.4583,18.4583,3.00242,55.4195,56.1349,24.2074,3.00242,0.248419
0.861,18.4111,18.4111,3.01281,55.469,56.1404,24.2081,3.01281,0.250085
0.8612,18.4779,18.4779,2.9932,55.3081,56.146,24.2068,2.9932,0.248419
0.8614,18.5226,18.5226,2.99107,55.4023,56.1516,24.2065,2.99107,0.246752
0.8616,18.5504,18.5504,2.98704,55.4107,56.1571,24.2064,2.98704,0.245085
0.8618,18.5929,18.5929,2.98023,55.4112,56.1627,24.2057,2.98023,0.243419
0.862,18.5369,18.5369,2.99646,55.545,56.1683,24.207,2.99646,0.245085
0.8622,18.495,18.495,3.00034,55.4913,56.1738,24.2073,3.00034,0.246752
0.8624,18.4599,18.4599,3.00663,55.5022,56.1794,24.2075,3.00663,0.248419
0.8626,18.4166,18.4166,3.01342,55.497,56.185,24.2081,3.01342,0.250085
0.8628,18.4754,18.4754,2.99681,55.3673,56.1905,24.207,2.99681,0.248419
0.863,18.5233,18.5233,2.99356,55.4504,56.1961,24.2068,2.99356,0.246752
0.8632,18.546,18.546,2.98879,55.4302,56.2017,24.2065,2.98879,0.245085
0.8634,18.6002,18.6002,2.97829,55.3967,56.2072,24.2057,2.97829,0.243419
0.8636,18.5419,18.5419,3.00014,55.6283,56.2128,24.2073,3.00014,0.245085
0.8638,18.4902,18.4902,3.00369,55.5389,56.2184,24.2075,3.00369,0.246752
0.864,18.4661,18.4661,3.008,55.546,56.2239,24.2078,3.008,0.248419
0.8642,18.4183,18.4183,3.01416,55.5157,56.2295,24.2082,3.01416,0.250085
0.8644,18.4724,18.4724,3.00229,55.4594,56.2351,24.2074,3.00229,0.248419
0.8646,18.5189,18.5189,2.99669,55.4953,56.2406,24.2068,2.99669,0.246752
0.8648,18.5497,18.5497,2.99142,55.4901,56.2462,24.2065,2.99142,0.245085
0.865,18.6008,18.6008,2.98723,55.565,56.2518,24.2062,2.98723,0.243419
0.8652,18.5276,18.5276,3.00345,55.6468,56.2574,24.2074,3.00345,0.245085
0.8654,18.4986,18.4986,3.00207,55.534,56.2629,24.2073,3.00207,0.246752
0.8656,18.4684,18.4684,3.01148,55.6172,56.2685,24.2079,3.01148,0.248419
0.8658,18.4265,18.4265,3.01587,55.5718,56.2741,24.2083,3.01587,0.250085
0.866,18.4733,18.4733,3.00473,55.5074,56.2796,24.2074,3.00473,0.248419
0.8662,18.5205,18.5205,2.99716,55.509,56.2852,24.207,2.99716,0.246752
0.8664,18.5607,18.5607,2.98986,55.4938,56.2908,24.2064,2.98986,0.245085
0.8666,18.507,18.507,3.00922,55.6917,56.2963,24.2079,3.00922,0.246752
0.8668,18.4526,18.4526,3.01281,55.5941,56.3019,24.2079,3.01281,0.248419
0.867,18.4222,18.4222,3.02053,55.6449,56.3075,24.2086,3.02053,0.250085
0.8672,18.4713,18.4713,3.00414,55.4903,56.313,24.2076,3.00414,0.248419
0.8674,18.5223,18.5223,2.9998,55.5631,56.3186,24.2073,2.9998,0.246752
0.8676,18.5521,18.5521,2.99624,55.5865,56.3242,24.2071,2.99624,0.245085
0.8678,18.6045,18.6045,2.98732,55.5777,56.3297,24.2064,2.98732,0.243419
0.868,18.5383,18.5383,3.00617,55.7294,56.3353,24.2077,3.00617,0.245085
0.8682,18.5018,18.5018,3.00437,55.5864,56.3409,24.2076,3.00437,0.246752
0.8684,18.4685,18.4685,3.0174,55.727,56.3464,24.2084,3.0174,0.248419
0.8686,18.4122,18.4122,3.02285,55.6573,56.352,24.2088,3.02285,0.250085
0.8688,18.4798,18.4798,3.00327,55.4999,56.3576,24.2073,3.00327,0.248419
0.869,18.5192,18.5192,3.00478,55.6462,56.3631,24.2074,3.00478,0.246752
0.8692,18.5728,18.5728,2.99207,55.571,56.3687,24.2066,2.99207,0.245085
0.8694,18.4929,18.4929,3.01798,55.8112,56.3743,24.2084,3.01798,0.246752
0.8696,18.4576,18.4576,3.01405,55.6322,56.3798,24.2082,3.01405,0.248419
0.8698,18.4277,18.4277,3.02464,55.7371,56.3854,24.209,3.02464,0.250085
0.87,18.3701,18.3701,3.03296,55.7157,56.391,24.2095,3.03296,0.251752
0.8702,18.4305,18.4305,3.01242,55.5205,56.3965,24.2081,3.01242,0.250085
0.8704,18.4932,18.4932,3.01043,55.6725,56.4021,24.2079,3.01043,0.248419
0.8706,18.5178,18.5178,3.00652,55.674,56.4077,24.2075,3.00652,0.246752
0.8708,18.5628,18.5628,2.99898,55.6697,56.4132,24.207,2.99898,0.245085
0.871,18.5019,18.5019,3.01831,55.8446,56.4188,24.2084,3.01831,0.246752
0.8712,18.4563,18.4563,3.01806,55.7024,56.4244,24.2083,3.01806,0.248419
0.8714,18.4304,18.4304,3.02223,55.7008,56.4299,24.2087,3.02223,0.250085
0.8716,18.3814,18.3814,3.03387,55.7669,56.4355,24.2096,3.03387,0.251752
0.8718,18.4296,18.4296,3.01512,55.5675,56.4411,24.2081,3.01512,0.250085
0.872,18.4901,18.4901,3.01297,55.7102,56.4466,24.2081,3.01297,0.248419
0.8722,18.5081,18.5081,3.01388,55.7813,56.4522,24.2082,3.01388,0.246752
0.8724,18.5737,18.5737,2.99826,55.6889,56.4578,24.2072,2.99826,0.245085
0.8726,18.4933,18.4933,3.02462,55.9351,56.4634,24.2089,3.02462,0.246752
0.8728,18.4592,18.4592,3.01807,55.7112,56.4689,24.2085,3.01807,0.248419
0.873,18.4292,18.4292,3.02954,55.8321,56.4745,24.2092,3.02954,0.250085
0.8732,18.389,18.389,3.02543,55.6347,56.4801,24.209,3.02543,0.251752
0.8734,18.4469,18.4469,3.02281,55.7614,56.4856,24.2088,3.02281,0.250085
0.8736,18.4649,18.4649,3.01706,55.7097,56.4912,24.2084,3.01706,0.248419
0.8738,18.5213,18.5213,3.00817,55.7151,56.4968,24.2077,3.00817,0.246752
0.874,18.5777,18.5777,2.99964,55.7263,56.5023,24.2071,2.99964,0.245085
0.8742,18.503,18.503,3.02478,55.9675,56.5079,24.2089,3.02478,0.246752
0.8744,18.4675,18.4675,3.02101,55.7905,56.5135,24.2085,3.02101,0.248419
0.8746,18.4228,18.4228,3.03279,55.8726,56.519,24.2095,3.03279,0.250085
0.8748,18.4774,18.4774,3.01189,55.6518,56.5246,24.208,3.01189,0.248419
0.875,18.5289,18.5289,3.01135,55.7968,56.5302,24.2079,3.01135,0.246752
0.8752,18.5483,18.5483,3.0091,55.8136,56.5357,24.2077,3.0091,0.245085
0.8754,18.5956,18.5956,2.99902,55.7687,56.5413,24.2072,2.99902,0.243419
0.8756,18.551,18.551,3.01449,55.9217,56.5469,24.2083,3.01449,0.245085
0.8758,18.4956,18.4956,3.02211,55.8958,56.5524,24.2088,3.02211,0.246752
0.876,18.4609,18.4609,3.02574,55.858,56.558,24.209,3.02574,0.248419
0.8762,18.4379,18.4379,3.03146,55.8936,56.5636,24.2094,3.03146,0.250085
0.8764,18.3817,18.3817,3.03991,55.8786,56.5691,24.2099,3.03991,0.251752
0.8766,18.4389,18.4389,3.02284,55.7377,56.5747,24.2086,3.02284,0.250085
0.8768,18.4738,18.4738,3.02409,55.8666,56.5803,24.2087,3.02409,0.248419
0.877,18.5142,18.5142,3.01334,55.7897,56.5858,24.2082,3.01334,0.246752
0.8772,18.5605,18.5605,3.00974,55.8622,56.5914,24.2079,3.00974,0.245085
0.8774,18.4978,18.4978,3.02676,55.9886,56.597,24.2091,3.02676,0.246752
0.8776,18.4584,18.4584,3.02819,55.8956,56.6025,24.2092,3.02819,0.248419
0.8778,18.4257,18.4257,3.0349,55.9203,56.6081,24.2096,3.0349,0.250085
0.878,18.3786,18.3786,3.04192,55.9063,56.6137,24.2101,3.04192,0.251752
0.8782,18.4398,18.4398,3.02236,55.7316,56.6192,24.2087,3.02236,0.250085
0.8784,18.4883,18.4883,3.02337,55.897,56.6248,24.2089,3.02337,0.248419
0.8786,18.5033,18.5033,3.02057,55.8905,56.6304,24.2087,3.02057,0.246752
0.8788,18.5635,18.5635,3.00903,55.8582,56.6359,24.2079,3.00903,0.245085
0.879,18.5062,18.5062,3.02933,56.0615,56.6415,24.2093,3.02933,0.246752
0.8792,18.4477,18.4477,3.03164,55.9269,56.6471,24.2092,3.03164,0.248419
0.8794,18.4318,18.4318,3.03601,55.9592,56.6526,24.2098,3.03601,0.250085
0.8796,18.3831,18.3831,3.04401,55.9585,56.6582,24.2102,3.04401,0.251752
0.8798,18.4434,18.4434,3.0276,55.8393,56.6638,24.209,3.0276,0.250085
0.88,18.4862,18.4862,3.02819,55.9799,56.6694,24.209,3.02819,0.248419
0.8802,18.5026,18.5026,3.02441,55.9594,56.6749,24.2089,3.02441,0.246752
0.8804,18.5575,18.5575,3.01231,55.901,56.6805,24.208,3.01231,0.245085
0.8806,18.5023,18.5023,3.0315,56.0898,56.6861,24.2093,3.0315,0.246752
0.8808,18.4494,18.4494,3.03257,55.9492,56.6916,24.2095,3.03257,0.248419
0.881,18.435,18.435,3.0375,55.9965,56.6972,24.2098,3.0375,0.250085
0.8812,18.3763,18.3763,3.04833,56.017,56.7028,24.2105,3.04833,0.251752
0.8814,18.437,18.437,3.03085,55.8798,56.7083,24.2093,3.03085,0.250085
0.8816,18.4865,18.4865,3.02613,55.9427,56.7139,24.2089,3.02613,0.248419
0.8818,18.5192,18.5192,3.02428,56.0071,56.7195,24.209,3.02428,0.246752
0.882,18.5648,18.5648,3.01208,55.9186,56.725,24.2079,3.01208,0.245085
0.8822,18.5054,18.5054,3.03465,56.1574,56.7306,24.2096,3.03465,0.246752
0.8824,18.4504,18.4504,3.03606,56.0166,56.7362,24.2097,3.03606,0.248419
0.8826,18.4334,18.4334,3.041,56.0561,56.7417,24.21,3.041,0.250085
0.8828,18.3816,18.3816,3.04714,56.0111,56.7473,24.2105,3.04714,0.251752
0.883,18.4374,18.4374,3.03449,55.9482,56.7529,24.2097,3.03449,0.250085
0.8832,18.4854,18.4854,3.02953,56.0023,56.7584,24.2092,3.02953,0.248419
0.8834,18.5225,18.5225,3.02599,56.0491,56.764,24.2091,3.02599,0.246752
0.8836,18.5619,18.5619,3.01927,56.0436,56.7696,24.2086,3.01927,0.245085
0.8838,18.5061,18.5061,3.03356,56.1394,56.7751,24.2094,3.03356,0.246752
0.884,18.4602,18.4602,3.03803,56.0827,56.7807,24.2098,3.03803,0.248419
0.8842,18.4293,18.4293,3.04309,56.082,56.7863,24.2101,3.04309,0.250085
0.8844,18.3806,18.3806,3.0521,56.0995,56.7918,24.2106,3.0521,0.251752
0.8846,18.4515,18.4515,3.03415,55.9844,56.7974,24.2094,3.03415,0.250085
0.8848,18.4789,18.4789,3.03492,56.0819,56.803,24.2096,3.03492,0.248419
0.885,18.5058,18.5058,3.02805,56.0363,56.8085,24.209,3.02805,0.246752
0.8852,18.5744,18.5744,3.01528,56.0069,56.8141,24.2082,3.01528,0.245085
0.8854,18.5145,18.5145,3.03723,56.2328,56.8197,24.2098,3.03723,0.246752
0.8856,18.4604,18.4604,3.04081,56.1345,56.8252,24.21,3.04081,0.248419
0.8858,18.439,18.439,3.04468,56.1407,56.8308,24.2103,3.04468,0.250085
0.886,18.375,18.375,3.05369,56.1115,56.8364,24.211,3.05369,0.251752
0.8862,18.4595,18.4595,3.03472,56.0194,56.8419,24.2095,3.03472,0.250085
0.8864,18.4843,18.4843,3.03531,56.1056,56.8475,24.2095,3.03531,0.248419
0.8866,18.512,18.512,3.03161,56.1211,56.8531,24.2094,3.03161,0.246752
0.8868,18.5522,18.5522,3.02142,56.0541,56.8586,24.2085,3.02142,0.245085
0.887,18.5095,18.5095,3.04033,56.2751,56.8642,24.2099,3.04033,0.246752
0.8872,18.4523,18.4523,3.04433,56.1748,56.8698,24.2103,3.04433,0.248419
0.8874,18.4315,18.4315,3.05072,56.2292,56.8754,24.2107,3.05072,0.250085
0.8876,18.3807,18.3807,3.05747,56.1984,56.8809,24.2112,3.05747,0.251752
0.8878,18.4266,18.4266,3.04085,56.0326,56.8865,24.2099,3.04085,0.250085
0.888,18.4941,18.4941,3.03474,56.1248,56.8921,24.2095,3.03474,0.248419
0.8882,18.5147,18.5147,3.03492,56.1907,56.8976,24.2095,3.03492,0.246752
0.8884,18.5543,18.5543,3.02378,56.1041,56.9032,24.2089,3.02378,0.245085
0.8886,18.51,18.51,3.04274,56.3211,56.9088,24.2102,3.04274,0.246752
0.8888,18.4573,18.4573,3.04677,56.2351,56.9143,24.2105,3.04677,0.248419
0.889,18.4276,18.4276,3.05122,56.2265,56.9199,24.2108,3.05122,0.250085
0.8892,18.3853,18.3853,3.05875,56.2362,56.9255,24.2113,3.05875,0.251752
0.8894,18.4522,18.4522,3.04059,56.1055,56.931,24.2094,3.04059,0.250085
0.8896,18.4857,18.4857,3.04109,56.2167,56.9366,24.2099,3.04109,0.248419
0.8898,18.5097,18.5097,3.03592,56.1939,56.9422,24.2097,3.03592,0.246752
0.89,18.558,18.558,3.02736,56.1818,56.9477,24.209,3.02736,0.245085
0.8902,18.5094,18.5094,3.04466,56.3548,56.9533,24.2102,3.04466,0.246752
0.8904,18.4594,18.4594,3.04963,56.2944,56.9589,24.2106,3.04963,0.248419
0.8906,18.4313,18.4313,3.05448,56.298,56.9644,24.2108,3.05448,0.250085
0.8908,18.3728,18.3728,3.06267,56.2697,56.97,24.2114,3.06267,0.251752
0.891,18.4537,18.4537,3.04149,56.1268,56.9756,24.21,3.04149,0.250085
0.8912,18.4882,18.4882,3.04449,56.2871,56.9811,24.2102,3.04449,0.248419
0.8914,18.5111,18.5111,3.03753,56.2282,56.9867,24.2098,3.03753,0.246752
0.8916,18.5545,18.5545,3.03051,56.2296,56.9923,24.2094,3.03051,0.245085
0.8918,18.5163,18.5163,3.0434,56.3525,56.9978,24.2101,3.0434,0.246752
0.892,18.4511,18.4511,3.05308,56.3326,57.0034,24.2109,3.05308,0.248419
0.8922,18.4358,18.4358,3.05368,56.2969,57.009,24.211,3.05368,0.250085
0.8924,18.3849,18.3849,3.06601,56.3684,57.0145,24.2117,3.06601,0.251752
0.8926,18.4501,18.4501,3.0439,56.1603,57.0201,24.2102,3.0439,0.250085
0.8928,18.4851,18.4851,3.04784,56.3396,57.0257,24.2106,3.04784,0.248419
0.893,18.5187,18.5187,3.03878,56.2741,57.0312,24.2099,3.03878,0.246752
0.8932,18.5669,18.5669,3.03102,56.2766,57.0368,24.2094,3.03102,0.245085
0.8934,18.5051,18.5051,3.0525,56.4867,57.0424,24.2109,3.0525,0.246752
0.8936,18.4551,18.4551,3.05244,56.3332,57.0479,24.2109,3.05244,0.248419
0.8938,18.4382,18.4382,3.05631,56.3528,57.0535,24.2111,3.05631,0.250085
0.894,18.3801,18.3801,3.06658,56.3641,57.0591,24.2117,3.06658,0.251752
0.8942,18.4526,18.4526,3.04741,56.2327,57.0646,24.2105,3.04741,0.250085
0.8944,18.4843,18.4843,3.05033,56.3832,57.0702,24.2106,3.05033,0.248419
0.8946,18.5191,18.5191,3.04062,56.3095,57.0758,24.21,3.04062,0.246752
0.8948,18.5722,18.5722,3.03127,56.2973,57.0814,24.2095,3.03127,0.245085
0.895,18.5179,18.5179,3.0512,56.5017,57.0869,24.2106,3.0512,0.246752
0.8952,18.4599,18.4599,3.05483,56.392,57.0925,24.2111,3.05483,0.248419
0.8954,18.4312,18.4312,3.05964,56.3928,57.0981,24.2112,3.05964,0.250085
0.8956,18.3831,18.3831,3.0703,56.4415,57.1036,24.2121,3.0703,0.251752
0.8958,18.4421,18.4421,3.05174,56.2805,57.1092,24.2108,3.05174,0.250085
0.896,18.4823,18.4823,3.05268,56.4207,57.1148,24.2108,3.05268,0.248419
0.8962,18.5163,18.5163,3.04378,56.3596,57.1203,24.2101,3.04378,0.246752
0.8964,18.5615,18.5615,3.03426,56.3205,57.1259,24.2094,3.03426,0.245085
0.8966,18.5042,18.5042,3.05689,56.5655,57.1315,24.2112,3.05689,0.246752
0.8968,18.4619,18.4619,3.05707,56.4394,57.137,24.211,3.05707,0.248419
0.897,18.4338,18.4338,3.06187,56.4421,57.1426,24.2114,3.06187,0.250085
0.8972,18.3822,18.3822,3.07196,56.4692,57.1482,24.2121,3.07196,0.251752
0.8974,18.4508,18.4508,3.04936,56.263,57.1537,24.2107,3.04936,0.250085
0.8976,18.4917,18.4917,3.05271,56.4497,57.1593,24.2109,3.05271,0.248419
0.8978,18.517,18.517,3.04708,56.4226,57.1649,24.2105,3.04708,0.246752
0.898,18.5745,18.5745,3.03734,56.4171,57.1704,24.2098,3.03734,0.245085
0.8982,18.5023,18.5023,3.0574,56.569,57.176,24.2112,3.0574,0.246752
0.8984,18.4583,18.4583,3.06119,56.5043,57.1816,24.2113,3.06119,0.248419
0.8986,18.437,18.437,3.06408,56.4924,57.1871,24.2117,3.06408,0.250085
0.8988,18.3816,18.3816,3.07289,56.4847,57.1927,24.2122,3.07289,0.251752
0.899,18.4541,18.4541,3.053,56.3405,57.1983,24.2109,3.053,0.250085
0.8992,18.4886,18.4886,3.05791,56.5364,57.2038,24.2112,3.05791,0.248419
0.8994,18.5195,18.5195,3.0482,56.4513,57.2094,24.2106,3.0482,0.246752
0.8996,18.5662,18.5662,3.04146,56.4683,57.215,24.2101,3.04146,0.245085
0.8998,18.5185,18.5185,3.05798,56.629,57.2205,24.2113,3.05798,0.246752
0.9,18.4609,18.4609,3.06225,56.532,57.2261,24.2115,3.06225,0.248419
0.9002,18.4289,18.4289,3.0696,56.5692,57.2317,24.2118,3.0696,0.250085
0.9004,18.3902,18.3902,3.07339,56.5203,57.2372,24.2122,3.07339,0.251752
0.9006,18.4567,18.4567,3.05788,56.4385,57.2428,24.211,3.05788,0.250085
0.9008,18.4849,18.4849,3.05855,56.537,57.2484,24.2113,3.05855,0.248419
0.901,18.5248,18.5248,3.05202,56.5382,57.2539,24.2108,3.05202,0.246752
0.9012,18.5486,18.5486,3.0478,56.5325,57.2595,24.2106,3.0478,0.245085
0.9014,18.6064,18.6064,3.0321,56.4164,57.2651,24.2095,3.0321,0.243419
0.9016,18.5572,18.5572,3.05777,56.7438,57.2706,24.211,3.05777,0.245085
0.9018,18.4976,18.4976,3.05807,56.5668,57.2762,24.2113,3.05807,0.246752
0.902,18.483,18.483,3.06428,56.6373,57.2818,24.2117,3.06428,0.248419
0.9022,18.4144,18.4144,3.07484,56.6214,57.2874,24.2123,3.07484,0.250085
0.9024,18.4785,18.4785,3.05614,56.4727,57.2929,24.211,3.05614,0.248419
0.9026,18.5332,18.5332,3.05306,56.5828,57.2985,24.2109,3.05306,0.246752
0.9028,18.5687,18.5687,3.04468,56.5358,57.3041,24.2102,3.04468,0.245085
0.903,18.523,18.523,3.06075,56.6943,57.3096,24.2114,3.06075,0.246752
0.9032,18.4544,18.4544,3.06973,56.6499,57.3152,24.2119,3.06973,0.248419
0.9034,18.4265,18.4265,3.07186,56.6037,57.3208,24.2122,3.07186,0.250085
0.9036,18.394,18.394,3.07921,56.6391,57.3263,24.2124,3.07921,0.251752
0.9038,18.4476,18.4476,3.06464,56.5354,57.3319,24.2117,3.06464,0.250085
0.904,18.4832,18.4832,3.0636,56.625,57.3375,24.2114,3.0636,0.248419
0.9042,18.526,18.526,3.05099,56.5226,57.343,24.2107,3.05099,0.246752
0.9044,18.5709,18.5709,3.05287,56.6946,57.3486,24.2109,3.05287,0.245085
0.9046,18.5041,18.5041,3.06603,56.7342,57.3542,24.2118,3.06603,0.246752
0.9048,18.4688,18.4688,3.0677,56.6567,57.3597,24.2119,3.0677,0.248419
0.905,18.4307,18.4307,3.07697,56.7106,57.3653,24.2126,3.07697,0.250085
0.9052,18.3879,18.3879,3.08367,56.7023,57.3709,24.2128,3.08367,0.251752
0.9054,18.4394,18.4394,3.06876,56.5863,57.3764,24.2119,3.06876,0.250085
0.9056,18.4908,18.4908,3.06189,56.6167,57.382,24.2115,3.06189,0.248419
0.9058,18.5278,18.5278,3.05659,56.6318,57.3876,24.2112,3.05659,0.246752
0.906,18.5576,18.5576,3.05572,56.7068,57.3931,24.2111,3.05572,0.245085
0.9062,18.5077,18.5077,3.06761,56.7743,57.3987,24.2118,3.06761,0.246752
0.9064,18.467,18.467,3.07243,56.7385,57.4043,24.2122,3.07243,0.248419
0.9066,18.4269,18.4269,3.08052,56.7643,57.4098,24.2128,3.08052,0.250085
0.9068,18.3863,18.3863,3.08526,56.7266,57.4154,24.213,3.08526,0.251752
0.907,18.4366,18.4366,3.06971,56.5951,57.421,24.2121,3.06971,0.250085
0.9072,18.4898,18.4898,3.06409,56.6544,57.4265,24.2117,3.06409,0.248419
0.9074,18.5242,18.5242,3.06082,56.6992,57.4321,24.2115,3.06082,0.246752
0.9076,18.564,18.564,3.05581,56.7279,57.4377,24.2111,3.05581,0.245085
0.9078,18.5232,18.5232,3.06844,56.8376,57.4432,24.212,3.06844,0.246752
0.908,18.4599,18.4599,3.07716,56.8039,57.4488,24.2124,3.07716,0.248419
0.9082,18.4267,18.4267,3.08091,56.771,57.4544,24.2128,3.08091,0.250085
0.9084,18.3967,18.3967,3.08654,56.7822,57.4599,24.213,3.08654,0.251752
0.9086,18.4377,18.4377,3.07291,56.6575,57.4655,24.2122,3.07291,0.250085
0.9088,18.492,18.492,3.06567,56.6904,57.4711,24.2118,3.06567,0.248419
0.909,18.5335,18.5335,3.06229,56.7548,57.4766,24.2116,3.06229,0.246752
0.9092,18.5636,18.5636,3.05623,56.7345,57.4822,24.2111,3.05623,0.245085
0.9094,18.5138,18.5138,3.07348,56.9017,57.4878,24.2123,3.07348,0.246752
0.9096,18.4664,18.4664,3.07361,56.7586,57.4934,24.2123,3.07361,0.248419
0.9098,18.4349,18.4349,3.08322,56.839,57.4989,24.2128,3.08322,0.250085
0.91,18.3877,18.3877,3.09073,56.8314,57.5045,24.2133,3.09073,0.251752
0.9102,18.4281,18.4281,3.07547,56.6752,57.5101,24.2124,3.07547,0.250085
0.9104,18.4975,18.4975,3.06768,56.7445,57.5156,24.2117,3.06768,0.248419
0.9106,18.523,18.523,3.06595,56.7904,57.5212,24.2117,3.06595,0.246752
0.9108,18.5684,18.5684,3.05731,56.7693,57.5268,24.211,3.05731,0.245085
0.911,18.5149,18.5149,3.07415,56.9174,57.5323,24.2122,3.07415,0.246752
0.9112,18.4766,18.4766,3.0768,56.8489,57.5379,24.2125,3.0768,0.248419
0.9114,18.4331,18.4331,3.08577,56.8804,57.5435,24.2131,3.08577,0.250085
0.9116,18.3909,18.3909,3.09205,56.8655,57.549,24.2136,3.09205,0.251752
0.9118,18.4324,18.4324,3.07839,56.7421,57.5546,24.2125,3.07839,0.250085
0.912,18.4901,18.4901,3.07282,56.8168,57.5602,24.2122,3.07282,0.248419
0.9122,18.5258,18.5258,3.06678,56.8145,57.5657,24.2118,3.06678,0.246752
0.9124,18.5623,18.5623,3.06063,56.8123,57.5713,24.2113,3.06063,0.245085
0.9126,18.511,18.511,3.08069,57.0267,57.5769,24.2128,3.08069,0.246752
0.9128,18.4588,18.4588,3.08052,56.8625,57.5824,24.2128,3.08052,0.248419
0.913,18.4288,18.4288,3.08829,56.9135,57.588,24.2133,3.08829,0.250085
0.9132,18.3836,18.3836,3.09332,56.8665,57.5936,24.2136,3.09332,0.251752
0.9134,18.4468,18.4468,3.07797,56.7786,57.5991,24.2124,3.07797,0.250085
0.9136,18.4815,18.4815,3.07793,56.8847,57.6047,24.2124,3.07793,0.248419
0.9138,18.5313,18.5313,3.06635,56.8235,57.6103,24.2116,3.06635,0.246752
0.914,18.5698,18.5698,3.06189,56.8587,57.6158,24.2115,3.06189,0.245085
0.9142,18.5128,18.5128,3.0812,57.0417,57.6214,24.2127,3.0812,0.246752
0.9144,18.4687,18.4687,3.0801,56.8854,57.627,24.2128,3.0801,0.248419
0.9146,18.4361,18.4361,3.09093,56.9847,57.6325,24.2135,3.09093,0.250085
0.9148,18.3954,18.3954,3.09735,56.9771,57.6381,24.214,3.09735,0.251752
0.915,18.4343,18.4343,3.08229,56.8199,57.6437,24.2128,3.08229,0.250085
0.9152,18.4935,18.4935,3.07572,56.8809,57.6492,24.2124,3.07572,0.248419
0.9154,18.5327,18.5327,3.0698,56.8918,57.6548,24.2121,3.0698,0.246752
0.9156,18.5607,18.5607,3.06663,56.9188,57.6604,24.2118,3.06663,0.245085
0.9158,18.5204,18.5204,3.07776,57.0014,57.6659,24.2126,3.07776,0.246752
0.916,18.4796,18.4796,3.0846,57.0021,57.6715,24.2131,3.0846,0.248419
0.9162,18.4345,18.4345,3.09349,57.027,57.6771,24.2135,3.09349,0.250085
0.9164,18.3844,18.3844,3.09938,56.9803,57.6826,24.2141,3.09938,0.251752
0.9166,18.4449,18.4449,3.08378,56.8801,57.6882,24.2128,3.08378,0.250085
0.9168,18.4939,18.4939,3.08027,56.9663,57.6938,24.2126,3.08027,0.248419
0.917,18.5351,18.5351,3.07218,56.9431,57.6994,24.2121,3.07218,0.246752
0.9172,18.5691,18.5691,3.06651,56.9422,57.7049,24.2118,3.06651,0.245085
0.9174,18.5128,18.5128,3.08465,57.1056,57.7105,24.2131,3.08465,0.246752
0.9176,18.4675,18.4675,3.08669,57.0035,57.7161,24.2132,3.08669,0.248419
0.9178,18.4314,18.4314,3.09514,57.0478,57.7216,24.2138,3.09514,0.250085
0.918,18.3842,18.3842,3.10224,57.0324,57.7272,24.2142,3.10224,0.251752
0.9182,18.4445,18.4445,3.08638,56.9267,57.7328,24.213,3.08638,0.250085
0.9184,18.4929,18.4929,3.08303,57.0142,57.7383,24.213,3.08303,0.248419
0.9186,18.5348,18.5348,3.07459,56.9869,57.7439,24.2122,3.07459,0.246752
0.9188,18.4774,18.4774,3.09114,57.1162,57.7495,24.2136,3.09114,0.248419
0.919,18.4263,18.4263,3.09643,57.0557,57.755,24.2139,3.09643,0.250085
0.9192,18.3929,18.3929,3.10212,57.057,57.7606,24.2142,3.10212,0.251752
0.9194,18.4494,18.4494,3.08685,56.9507,57.7662,24.2132,3.08685,0.250085
0.9196,18.4879,18.4879,3.08605,57.0548,57.7717,24.213,3.08605,0.248419
0.9198,18.5289,18.5289,3.07595,56.9939,57.7773,24.2125,3.07595,0.246752
0.92,18.5617,18.5617,3.07323,57.0443,57.7829,24.2123,3.07323,0.245085
0.9202,18.513,18.513,3.09027,57.2104,57.7884,24.2135,3.09027,0.246752
0.9204,18.4757,18.4757,3.09036,57.0966,57.794,24.2133,3.09036,0.248419
0.9206,18.4371,18.4371,3.09927,57.1414,57.7996,24.214,3.09927,0.250085
0.9208,18.3787,18.3787,3.10835,57.1274,57.8051,24.2145,3.10835,0.251752
0.921,18.449,18.449,3.08709,56.9538,57.8107,24.2132,3.08709,0.250085
0.9212,18.4877,18.4877,3.08981,57.1234,57.8163,24.2134,3.08981,0.248419
0.9214,18.5333,18.5333,3.07713,57.0295,57.8218,24.2125,3.07713,0.246752
0.9216,18.4843,18.4843,3.0944,57.1977,57.8274,24.2137,3.0944,0.248419
0.9218,18.4282,18.4282,3.10194,57.163,57.833,24.2142,3.10194,0.250085
0.922,18.3943,18.3943,3.10543,57.1221,57.8385,24.2145,3.10543,0.251752
0.9222,18.445,18.445,3.09161,57.0248,57.8441,24.2135,3.09161,0.250085
0.9224,18.5008,18.5008,3.0858,57.0898,57.8497,24.2132,3.0858,0.248419
0.9226,18.5213,18.5213,3.08621,57.1608,57.8552,24.213,3.08621,0.246752
0.9228,18.5621,18.5621,3.07637,57.1039,57.8608,24.2124,3.07637,0.245085
0.923,18.5312,18.5312,3.09001,57.2615,57.8664,24.2134,3.09001,0.246752
0.9232,18.4755,18.4755,3.09687,57.2163,57.8719,24.2139,3.09687,0.248419
0.9234,18.4278,18.4278,3.10546,57.2266,57.8775,24.2145,3.10546,0.250085
0.9236,18.3859,18.3859,3.111,57.1987,57.8831,24.2146,3.111,0.251752
0.9238,18.454,18.454,3.09305,57.0791,57.8886,24.2136,3.09305,0.250085
0.924,18.4932,18.4932,3.09186,57.1784,57.8942,24.2135,3.09186,0.248419
0.9242,18.5294,18.5294,3.08616,57.1847,57.8998,24.213,3.08616,0.246752
0.9244,18.5647,18.5647,3.0783,57.1478,57.9054,24.2127,3.0783,0.245085
0.9246,18.5239,18.5239,3.0906,57.25,57.9109,24.2134,3.0906,0.246752
0.9248,18.4671,18.4671,3.09878,57.2255,57.9165,24.214,3.09878,0.248419
0.925,18.4291,18.4291,3.10722,57.2632,57.9221,24.2146,3.10722,0.250085
0.9252,18.3969,18.3969,3.11096,57.2321,57.9276,24.2146,3.11096,0.251752
0.9254,18.45,18.45,3.09574,57.1164,57.9332,24.2138,3.09574,0.250085
0.9256,18.4977,18.4977,3.09193,57.1937,57.9388,24.2136,3.09193,0.248419
0.9258,18.529,18.529,3.08777,57.2132,57.9443,24.2132,3.08777,0.246752
0.926,18.5729,18.5729,3.07758,57.1595,57.9499,24.2124,3.07758,0.245085
0.9262,18.5118,18.5118,3.09973,57.3816,57.9555,24.2139,3.09973,0.246752
0.9264,18.4638,18.4638,3.10051,57.2472,57.961,24.2141,3.10051,0.248419
0.9266,18.4417,18.4417,3.10633,57.286,57.9666,24.2145,3.10633,0.250085
0.9268,18.3818,18.3818,3.11714,57.2986,57.9722,24.2151,3.11714,0.251752
0.927,18.4463,18.4463,3.09553,57.101,57.9777,24.2137,3.09553,0.250085
0.9272,18.4972,18.4972,3.09588,57.2651,57.9833,24.2139,3.09588,0.248419
0.9274,18.5259,18.5259,3.0893,57.2321,57.9889,24.2132,3.0893,0.246752
0.9276,18.5642,18.5642,3.08235,57.2213,57.9944,24.2129,3.08235,0.245085
0.9278,18.5261,18.5261,3.09513,57.3409,58,24.2138,3.09513,0.246752
0.928,18.4665,18.4665,3.10738,57.3826,58.0056,24.2146,3.10738,0.248419
0.9282,18.4227,18.4227,3.11264,57.3432,58.0111,24.2149,3.11264,0.250085
0.9284,18.3843,18.3843,3.11798,57.3219,58.0167,24.2153,3.11798,0.251752
0.9286,18.4487,18.4487,3.10039,57.1982,58.0223,24.2141,3.10039,0.250085
0.9288,18.4917,18.4917,3.10175,57.3566,58.0278,24.2142,3.10175,0.248419
0.929,18.5247,18.5247,3.09045,57.2499,58.0334,24.2133,3.09045,0.246752
0.9292,18.5705,18.5705,3.08298,57.2525,58.039,24.2129,3.08298,0.245085
0.9294,18.519,18.519,3.1022,57.4497,58.0445,24.2143,3.1022,0.246752
0.9296,18.4684,18.4684,3.10302,57.3079,58.0501,24.2144,3.10302,0.248419
0.9298,18.4348,18.4348,3.11545,57.4327,58.0557,24.2152,3.11545,0.250085
0.93,18.3807,18.3807,3.11931,57.3353,58.0612,24.2154,3.11931,0.251752
0.9302,18.4611,18.4611,3.1005,57.2386,58.0668,24.2141,3.1005,0.250085
0.9304,18.4973,18.4973,3.10259,57.3894,58.0724,24.2143,3.10259,0.248419
0.9306,18.5246,18.5246,3.09364,57.3086,58.0779,24.2135,3.09364,0.246752
0.9308,18.5658,18.5658,3.08761,57.3238,58.0835,24.2133,3.08761,0.245085
0.931,18.526,18.526,3.10196,57.4669,58.0891,24.2141,3.10196,0.246752
0.9312,18.4679,18.4679,3.11256,57.4824,58.0946,24.215,3.11256,0.248419
0.9314,18.432,18.432,3.11448,57.4063,58.1002,24.2149,3.11448,0.250085
0.9316,18.3856,18.3856,3.12199,57.3997,58.1058,24.2156,3.12199,0.251752
0.9318,18.4553,18.4553,3.10386,57.2825,58.1114,24.2143,3.10386,0.250085
0.932,18.4877,18.4877,3.10622,57.427,58.1169,24.2144,3.10622,0.248419
0.9322,18.5257,18.5257,3.09529,57.3424,58.1225,24.2138,3.09529,0.246752
0.9324,18.5696,18.5696,3.09158,57.4093,58.1281,24.2135,3.09158,0.245085
0.9326,18.5161,18.5161,3.10698,57.5291,58.1336,24.2144,3.10698,0.246752
0.9328,18.4759,18.4759,3.10891,57.4399,58.1392,24.2147,3.10891,0.248419
0.933,18.4513,18.4513,3.11622,57.4984,58.1448,24.215,3.11622,0.250085
0.9332,18.3811,18.3811,3.12984,57.5298,58.1503,24.2161,3.12984,0.251752
0.9334,18.4343,18.4343,3.10725,57.2799,58.1559,24.2147,3.10725,0.250085
0.9336,18.4937,18.4937,3.10736,57.4666,58.1615,24.2144,3.10736,0.248419
0.9338,18.5294,18.5294,3.09654,57.3772,58.167,24.2138,3.09654,0.246752
0.934,18.5649,18.5649,3.09355,57.4315,58.1726,24.2137,3.09355,0.245085
0.9342,18.5136,18.5136,3.11096,57.5951,58.1782,24.2147,3.11096,0.246752
0.9344,18.4646,18.4646,3.11366,57.4926,58.1837,24.2151,3.11366,0.248419
0.9346,18.437,18.437,3.11809,57.4882,58.1893,24.2154,3.11809,0.250085
0.9348,18.3855,18.3855,3.13005,57.5475,58.1949,24.2161,3.13005,0.251752
0.935,18.4456,18.4456,3.10896,57.3467,58.2004,24.2146,3.10896,0.250085
0.9352,18.4969,18.4969,3.10834,57.4945,58.206,24.2145,3.10834,0.248419
0.9354,18.5175,18.5175,3.10582,57.512,58.2116,24.2143,3.10582,0.246752
0.9356,18.5665,18.5665,3.0915,57.3981,58.2171,24.2134,3.0915,0.245085
0.9358,18.5185,18.5185,3.11427,57.6717,58.2227,24.215,3.11427,0.246752
0.936,18.4664,18.4664,3.11367,57.4984,58.2283,24.2149,3.11367,0.248419
0.9362,18.4371,18.4371,3.12248,57.5694,58.2338,24.2157,3.12248,0.250085
0.9364,18.3848,18.3848,3.13104,57.5636,58.2394,24.2162,3.13104,0.251752
0.9366,18.4405,18.4405,3.11227,57.3918,58.245,24.215,3.11227,0.250085
0.9368,18.5061,18.5061,3.10868,57.5297,58.2505,24.2145,3.10868,0.248419
0.937,18.523,18.523,3.10447,57.504,58.2561,24.2143,3.10447,0.246752
0.9372,18.573,18.573,3.0954,57.4907,58.2617,24.2139,3.0954,0.245085
0.9374,18.5272,18.5272,3.11264,57.6684,58.2672,24.215,3.11264,0.246752
0.9376,18.4633,18.4633,3.1203,57.6109,58.2728,24.2156,3.1203,0.248419
0.9378,18.4355,18.4355,3.12353,57.5837,58.2784,24.2158,3.12353,0.250085
0.938,18.3947,18.3947,3.1318,57.6084,58.2839,24.2163,3.1318,0.251752
0.9382,18.4452,18.4452,3.11651,57.4846,58.2895,24.2151,3.11651,0.250085
0.9384,18.4962,18.4962,3.1111,57.5434,58.2951,24.2148,3.1111,0.248419
0.9386,18.514,18.514,3.11271,57.6286,58.3006,24.215,3.11271,0.246752
0.9388,18.573,18.573,3.09579,57.4982,58.3062,24.2138,3.09579,0.245085
0.939,18.5364,18.5364,3.11302,57.7042,58.3118,24.2148,3.11302,0.246752
0.9392,18.4708,18.4708,3.11891,57.6088,58.3174,24.2154,3.11891,0.248419
0.9394,18.4421,18.4421,3.12678,57.6645,58.3229,24.2159,3.12678,0.250085
0.9396,18.3859,18.3859,3.13578,57.6543,58.3285,24.2164,3.13578,0.251752
0.9398,18.4506,18.4506,3.11427,57.4602,58.3341,24.2149,3.11427,0.250085
0.94,18.5,18.5,3.11572,57.641,58.3396,24.2151,3.11572,0.248419
0.9402,18.5136,18.5136,3.1098,57.5737,58.3452,24.2148,3.1098,0.246752
0.9404,18.5718,18.5718,3.0986,57.5465,58.3508,24.2139,3.0986,0.245085
0.9406,18.521,18.521,3.1181,57.7502,58.3563,24.2154,3.1181,0.246752
0.9408,18.4667,18.4667,3.12292,57.6701,58.3619,24.2155,3.12292,0.248419
0.941,18.4444,18.4444,3.12586,57.6545,58.3675,24.2159,3.12586,0.250085
0.9412,18.3972,18.3972,3.13685,57.7093,58.373,24.2165,3.13685,0.251752
0.9414,18.4473,18.4473,3.11935,57.5436,58.3786,24.2154,3.11935,0.250085
0.9416,18.4943,18.4943,3.11833,57.6713,58.3842,24.2153,3.11833,0.248419
0.9418,18.5264,18.5264,3.10961,57.6098,58.3897,24.2147,3.10961,0.246752
0.942,18.5672,18.5672,3.10597,57.6691,58.3953,24.2143,3.10597,0.245085
0.9422,18.5194,18.5194,3.11759,57.736,58.4009,24.2153,3.11759,0.246752
0.9424,18.4776,18.4776,3.12396,57.7234,58.4064,24.2156,3.12396,0.248419
0.9426,18.4283,18.4283,3.13501,57.773,58.412,24.2164,3.13501,0.250085
0.9428,18.3961,18.3961,3.1354,57.6793,58.4176,24.2166,3.1354,0.251752
0.943,18.4569,18.4569,3.12284,57.6379,58.4231,24.2157,3.12284,0.250085
0.9432,18.4933,18.4933,3.12074,57.7129,58.4287,24.2155,3.12074,0.248419
0.9434,18.5393,18.5393,3.10952,57.6485,58.4343,24.2146,3.10952,0.246752
0.9436,18.4827,18.4827,3.12819,57.8175,58.4398,24.2159,3.12819,0.248419
0.9438,18.4358,18.4358,3.13429,57.7833,58.4454,24.2164,3.13429,0.250085
0.944,18.3925,18.3925,3.14043,57.7603,58.451,24.2169,3.14043,0.251752
0.9442,18.453,18.453,3.12073,57.5867,58.4565,24.2156,3.12073,0.250085
0.9444,18.498,18.498,3.12297,57.7686,58.4621,24.2157,3.12297,0.248419
0.9446,18.5297,18.5297,3.11259,57.6752,58.4677,24.215,3.11259,0.246752
0.9448,18.5764,18.5764,3.10725,57.7215,58.4732,24.2145,3.10725,0.245085
0.945,18.5239,18.5239,3.12277,57.8459,58.4788,24.2157,3.12277,0.246752
0.9452,18.4795,18.4795,3.129,57.8225,58.4844,24.2161,3.129,0.248419
0.9454,18.4348,18.4348,3.13683,57.8268,58.4899,24.2166,3.13683,0.250085
0.9456,18.3963,18.3963,3.14177,57.797,58.4955,24.2169,3.14177,0.251752
0.9458,18.4499,18.4499,3.12673,57.6876,58.5011,24.2158,3.12673,0.250085
0.946,18.4954,18.4954,3.12397,57.7791,58.5066,24.2158,3.12397,0.248419
0.9462,18.5257,18.5257,3.11685,57.7419,58.5122,24.2152,3.11685,0.246752
0.9464,18.58,18.58,3.10747,57.7368,58.5178,24.2145,3.10747,0.245085
0.9466,18.5174,18.5174,3.12858,57.9331,58.5234,24.2159,3.12858,0.246752
0.9468,18.4665,18.4665,3.13066,57.8123,58.5289,24.2162,3.13066,0.248419
0.947,18.4339,18.4339,3.13864,57.8575,58.5345,24.2168,3.13864,0.250085
0.9472,18.3973,18.3973,3.14336,57.8294,58.5401,24.2169,3.14336,0.251752
0.9474,18.4522,18.4522,3.12737,57.707,58.5456,24.216,3.12737,0.250085
0.9476,18.4969,18.4969,3.12854,57.8683,58.5512,24.2159,3.12854,0.248419
0.9478,18.5232,18.5232,3.11858,57.766,58.5568,24.2154,3.11858,0.246752
0.948,18.5738,18.5738,3.11213,57.8042,58.5623,24.2148,3.11213,0.245085
0.9482,18.5092,18.5092,3.13061,57.9451,58.5679,24.2163,3.13061,0.246752
0.9484,18.4833,18.4833,3.1324,57.8972,58.5735,24.2163,3.1324,0.248419
0.9486,18.4369,18.4369,3.13937,57.8803,58.579,24.2168,3.13937,0.250085
0.9488,18.4035,18.4035,3.14474,57.8741,58.5846,24.2171,3.14474,0.251752
0.949,18.3619,18.3619,3.15322,57.8992,58.5902,24.2178,3.15322,0.253419
0.9492,18.4066,18.4066,3.13867,57.7723,58.5957,24.2168,3.13867,0.251752
0.9494,18.4534,18.4534,3.13494,57.8502,58.6013,24.2164,3.13494,0.250085
0.9496,18.4879,18.4879,3.13022,57.8712,58.6069,24.2162,3.13022,0.248419
0.9498,18.5236,18.5236,3.12371,57.8626,58.6124,24.2157,3.12371,0.246752
0.95,18.5705,18.5705,3.11585,57.863,58.618,24.215,3.11585,0.245085
0.9502,18.5277,18.5277,3.12903,57.9739,58.6236,24.2161,3.12903,0.246752
0.9504,18.482,18.482,3.13534,57.9473,58.6291,24.2163,3.13534,0.248419
0.9506,18.4389,18.4389,3.14323,57.9577,58.6347,24.217,3.14323,0.250085
0.9508,18.397,18.397,3.15386,58.0216,58.6403,24.2178,3.15386,0.251752
0.951,18.44,18.44,3.13432,57.7968,58.6458,24.2164,3.13432,0.250085
0.9512,18.5052,18.5052,3.12912,57.905,58.6514,24.2161,3.12912,0.248419
0.9514,18.521,18.521,3.12584,57.8936,58.657,24.2158,3.12584,0.246752
0.9516,18.5783,18.5783,3.11502,57.8716,58.6625,24.2151,3.11502,0.245085
0.9518,18.5129,18.5129,3.13698,58.0748,58.6681,24.2167,3.13698,0.246752
0.952,18.4846,18.4846,3.13488,57.947,58.6737,24.2165,3.13488,0.248419
0.9522,18.4388,18.4388,3.14811,58.0473,58.6792,24.2173,3.14811,0.250085
0.9524,18.3967,18.3967,3.1519,57.9846,58.6848,24.2176,3.1519,0.251752
0.9526,18.4565,18.4565,3.13515,57.864,58.6904,24.2164,3.13515,0.250085
0.9528,18.5108,18.5108,3.13191,57.9743,58.6959,24.2163,3.13191,0.248419
0.953,18.517,18.517,3.13214,57.9979,58.7015,24.2162,3.13214,0.246752
0.9532,18.5717,18.5717,3.11564,57.8629,58.7071,24.2152,3.11564,0.245085
0.9534,18.5379,18.5379,3.13369,58.0919,58.7126,24.2164,3.13369,0.246752
0.9536,18.4779,18.4779,3.14314,58.0787,58.7182,24.217,3.14314,0.248419
0.9538,18.4324,18.4324,3.14832,58.0312,58.7238,24.2173,3.14832,0.250085
0.954,18.4011,18.4011,3.15421,58.0408,58.7294,24.2178,3.15421,0.251752
0.9542,18.3677,18.3677,3.16195,58.0776,58.7349,24.2183,3.16195,0.253419
0.9544,18.4015,18.4015,3.1472,57.9133,58.7405,24.2173,3.1472,0.251752
0.9546,18.4667,18.4667,3.13888,57.9649,58.7461,24.2166,3.13888,0.250085
0.9548,18.5048,18.5048,3.13676,58.0452,58.7516,24.2165,3.13676,0.248419
0.955,18.5255,18.5255,3.13044,57.9931,58.7572,24.216,3.13044,0.246752
0.9552,18.5717,18.5717,3.12158,57.9732,58.7628,24.2155,3.12158,0.245085
0.9554,18.5186,18.5186,3.14117,58.17,58.7683,24.217,3.14117,0.246752
0.9556,18.4812,18.4812,3.13988,58.0288,58.7739,24.2169,3.13988,0.248419
0.9558,18.4484,18.4484,3.14942,58.1016,58.7795,24.2175,3.14942,0.250085
0.956,18.3913,18.3913,3.16202,58.1535,58.785,24.2182,3.16202,0.251752
0.9562,18.4393,18.4393,3.14147,57.9266,58.7906,24.217,3.14147,0.250085
0.9564,18.508,18.508,3.13793,58.0768,58.7962,24.2165,3.13793,0.248419
0.9566,18.5293,18.5293,3.13249,58.0427,58.8017,24.2164,3.13249,0.246752
0.9568,18.5859,18.5859,3.1222,58.0288,58.8073,24.2156,3.1222,0.245085
0.957,18.5255,18.5255,3.13998,58.1697,58.8129,24.2169,3.13998,0.246752
0.9572,18.4919,18.4919,3.14315,58.1229,58.8184,24.217,3.14315,0.248419
0.9574,18.4427,18.4427,3.15316,58.1529,58.824,24.2178,3.15316,0.250085
0.9576,18.3916,18.3916,3.16203,58.1548,58.8296,24.2184,3.16203,0.251752
0.9578,18.446,18.446,3.14223,57.9614,58.8351,24.217,3.14223,0.250085
0.958,18.5152,18.5152,3.13795,58.0998,58.8407,24.2167,3.13795,0.248419
0.9582,18.5297,18.5297,3.13626,58.114,58.8463,24.2167,3.13626,0.246752
0.9584,18.5773,18.5773,3.12363,58.0285,58.8518,24.2155,3.12363,0.245085
0.9586,18.5315,18.5315,3.14221,58.2299,58.8574,24.2168,3.14221,0.246752
0.9588,18.4796,18.4796,3.14893,58.191,58.863,24.2172,3.14893,0.248419
0.959,18.4422,18.4422,3.15656,58.2138,58.8685,24.2179,3.15656,0.250085
0.9592,18.3927,18.3927,3.16529,58.2181,58.8741,24.2186,3.16529,0.251752
0.9594,18.4543,18.4543,3.14417,58.0234,58.8797,24.2172,3.14417,0.250085
0.9596,18.5088,18.5088,3.14277,58.1689,58.8852,24.2169,3.14277,0.248419
0.9598,18.53,18.53,3.13645,58.1185,58.8908,24.2165,3.13645,0.246752
0.96,18.5707,18.5707,3.13067,58.1386,58.8964,24.216,3.13067,0.245085
0.9602,18.5234,18.5234,3.1459,58.2728,58.9019,24.2171,3.1459,0.246752
0.9604,18.4789,18.4789,3.15032,58.2145,58.9075,24.2176,3.15032,0.248419
0.9606,18.4461,18.4461,3.15862,58.2642,58.9131,24.2181,3.15862,0.250085
0.9608,18.398,18.398,3.16556,58.2399,58.9186,24.2186,3.16556,0.251752
0.961,18.4601,18.4601,3.14716,58.0969,58.9242,24.2173,3.14716,0.250085
0.9612,18.5031,18.5031,3.14719,58.2326,58.9298,24.2171,3.14719,0.248419
0.9614,18.5313,18.5313,3.13792,58.1497,58.9354,24.2167,3.13792,0.246752
0.9616,18.5063,18.5063,3.15093,58.312,58.9409,24.2176,3.15093,0.248419
0.9618,18.4289,18.4289,3.16418,58.3124,58.9465,24.2183,3.16418,0.250085
0.962,18.3946,18.3946,3.16628,58.2425,58.9521,24.2186,3.16628,0.251752
0.9622,18.3834,18.3834,3.16936,58.2637,58.9576,24.2187,3.16936,0.253419
0.9624,18.3223,18.3223,3.18306,58.321,58.9632,24.2195,3.18306,0.255085
0.9626,18.3889,18.3889,3.16078,58.1233,58.9688,24.2182,3.16078,0.253419
0.9628,18.4067,18.4067,3.16637,58.2822,58.9743,24.2186,3.16637,0.251752
0.963,18.4565,18.4565,3.1504,58.1455,58.9799,24.2176,3.1504,0.250085
0.9632,18.5087,18.5087,3.14981,58.2987,58.9855,24.2175,3.14981,0.248419
0.9634,18.5285,18.5285,3.14173,58.2114,58.991,24.2168,3.14173,0.246752
0.9636,18.5743,18.5743,3.13691,58.266,58.9966,24.2166,3.13691,0.245085
0.9638,18.5179,18.5179,3.15474,58.4191,59.0022,24.2179,3.15474,0.246752
0.964,18.4781,18.4781,3.15317,58.2646,59.0077,24.2177,3.15317,0.248419
0.9642,18.45,18.45,3.16222,58.3431,59.0133,24.2183,3.16222,0.250085
0.9644,18.4082,18.4082,3.16859,58.328,59.0189,24.2187,3.16859,0.251752
0.9646,18.3737,18.3737,3.17613,58.3572,59.0244,24.2191,3.17613,0.253419
0.9648,18.4074,18.4074,3.16298,58.2222,59.03,24.2184,3.16298,0.251752
0.965,18.4676,18.4676,3.15561,58.2765,59.0356,24.2178,3.15561,0.250085
0.9652,18.4974,18.4974,3.15295,58.3214,59.0411,24.2175,3.15295,0.248419
0.9654,18.5407,18.5407,3.14315,58.2761,59.0467,24.2171,3.14315,0.246752
0.9656,18.4868,18.4868,3.16327,58.4788,59.0523,24.2184,3.16327,0.248419
0.9658,18.4395,18.4395,3.16408,58.3439,59.0578,24.2183,3.16408,0.250085
0.966,18.4016,18.4016,3.1742,58.4103,59.0634,24.219,3.1742,0.251752
0.9662,18.3789,18.3789,3.1732,58.3199,59.069,24.2189,3.1732,0.253419
0.9664,18.3067,18.3067,3.19046,58.4069,59.0745,24.2203,3.19046,0.255085
0.9666,18.3801,18.3801,3.16666,58.2035,59.0801,24.2187,3.16666,0.253419
0.9668,18.4287,18.4287,3.1652,58.3305,59.0857,24.2185,3.1652,0.251752
0.967,18.4433,18.4433,3.1653,58.3786,59.0912,24.2186,3.1653,0.250085
0.9672,18.4952,18.4952,3.15243,58.3047,59.0968,24.2177,3.15243,0.248419
0.9674,18.5439,18.5439,3.14548,58.3296,59.1024,24.2173,3.14548,0.246752
0.9676,18.4815,18.4815,3.16658,58.5232,59.1079,24.2186,3.16658,0.248419
0.9678,18.4394,18.4394,3.16712,58.3998,59.1135,24.2187,3.16712,0.250085
0.968,18.4012,18.4012,3.17544,58.4319,59.1191,24.2193,3.17544,0.251752
0.9682,18.3656,18.3656,3.18152,58.4305,59.1246,24.2196,3.18152,0.253419
0.9684,18.421,18.421,3.1628,58.2621,59.1302,24.2184,3.1628,0.251752
0.9686,18.4657,18.4657,3.16436,58.4323,59.1358,24.2184,3.16436,0.250085
0.9688,18.499,18.499,3.15545,58.3728,59.1414,24.2177,3.15545,0.248419
0.969,18.5412,18.5412,3.14925,58.3909,59.1469,24.2175,3.14925,0.246752
0.9692,18.4816,18.4816,3.16837,58.5566,59.1525,24.2188,3.16837,0.248419
0.9694,18.4278,18.4278,3.17132,58.4404,59.1581,24.2188,3.17132,0.250085
0.9696,18.3987,18.3987,3.18066,58.5199,59.1636,24.2196,3.18066,0.251752
0.9698,18.3754,18.3754,3.18279,58.4851,59.1692,24.2195,3.18279,0.253419
0.97,18.3135,18.3135,3.19339,58.4822,59.1748,24.2205,3.19339,0.255085
0.9702,18.3876,18.3876,3.17139,58.3142,59.1803,24.2189,3.17139,0.253419
0.9704,18.4192,18.4192,3.17456,58.473,59.1859,24.2192,3.17456,0.251752
0.9706,18.4629,18.4629,3.16408,58.4182,59.1915,24.2183,3.16408,0.250085
0.9708,18.4999,18.4999,3.16139,58.4855,59.197,24.2183,3.16139,0.248419
0.971,18.5295,18.5295,3.15458,58.4527,59.2026,24.2177,3.15458,0.246752
0.9712,18.4937,18.4937,3.16557,58.5431,59.2082,24.2186,3.16557,0.248419
0.9714,18.4437,18.4437,3.17583,58.574,59.2137,24.2193,3.17583,0.250085
0.9716,18.3954,18.3954,3.18449,58.5801,59.2193,24.2199,3.18449,0.251752
0.9718,18.4538,18.4538,3.16586,58.4222,59.2249,24.2186,3.16586,0.250085
0.972,18.493,18.493,3.16484,58.5275,59.2304,24.2184,3.16484,0.248419
0.9722,18.5301,18.5301,3.15356,58.4359,59.236,24.2178,3.15356,0.246752
0.9724,18.4973,18.4973,3.16815,58.6022,59.2416,24.2187,3.16815,0.248419
0.9726,18.4441,18.4441,3.1738,58.5379,59.2471,24.2191,3.1738,0.250085
0.9728,18.4012,18.4012,3.1865,58.6355,59.2527,24.2198,3.1865,0.251752
0.973,18.3574,18.3574,3.18942,58.5493,59.2583,24.22,3.18942,0.253419
0.9732,18.4074,18.4074,3.17583,58.4587,59.2638,24.2193,3.17583,0.251752
0.9734,18.4702,18.4702,3.16822,58.5178,59.2694,24.2186,3.16822,0.250085
0.9736,18.4962,18.4962,3.16651,58.5683,59.275,24.2186,3.16651,0.248419
0.9738,18.5275,18.5275,3.15967,58.5408,59.2805,24.2181,3.15967,0.246752
0.974,18.4894,18.4894,3.1729,58.665,59.2861,24.219,3.1729,0.248419
0.9742,18.442,18.442,3.17889,58.6252,59.2917,24.2193,3.17889,0.250085
0.9744,18.4042,18.4042,3.18575,58.6314,59.2972,24.2199,3.18575,0.251752
0.9746,18.3612,18.3612,3.19221,58.6127,59.3028,24.2204,3.19221,0.253419
0.9748,18.4043,18.4043,3.17811,58.4907,59.3084,24.2193,3.17811,0.251752
0.975,18.4673,18.4673,3.17122,58.5637,59.3139,24.219,3.17122,0.250085
0.9752,18.4965,18.4965,3.16782,58.5936,59.3195,24.2186,3.16782,0.248419
0.9754,18.5356,18.5356,3.15939,58.5612,59.3251,24.2182,3.15939,0.246752
0.9756,18.4898,18.4898,3.17438,58.6936,59.3306,24.2192,3.17438,0.248419
0.9758,18.4395,18.4395,3.18012,58.64,59.3362,24.2195,3.18012,0.250085
0.976,18.4057,18.4057,3.18582,58.6372,59.3418,24.22,3.18582,0.251752
0.9762,18.378,18.378,3.19154,58.6541,59.3474,24.2204,3.19154,0.253419
0.9764,18.4214,18.4214,3.17653,58.516,59.3529,24.2194,3.17653,0.251752
0.9766,18.4646,18.4646,3.17714,58.6646,59.3585,24.2192,3.17714,0.250085
0.9768,18.4954,18.4954,3.1678,58.5896,59.3641,24.2187,3.1678,0.248419
0.977,18.5387,18.5387,3.16259,58.6302,59.3696,24.2184,3.16259,0.246752
0.9772,18.4853,18.4853,3.1778,58.7427,59.3752,24.2193,3.1778,0.248419
0.9774,18.4474,18.4474,3.1833,58.7238,59.3808,24.2196,3.1833,0.250085
0.9776,18.399,18.399,3.19067,58.705,59.3863,24.2201,3.19067,0.251752
0.9778,18.3658,18.3658,3.19517,58.6817,59.3919,24.2204,3.19517,0.253419
0.978,18.4164,18.4164,3.18069,58.5768,59.3975,24.2196,3.18069,0.251752
0.9782,18.4667,18.4667,3.17755,58.6789,59.403,24.2193,3.17755,0.250085
0.9784,18.4887,18.4887,3.17114,58.6301,59.4086,24.2189,3.17114,0.248419
0.9786,18.5441,18.5441,3.16224,58.6408,59.4142,24.2184,3.16224,0.246752
0.9788,18.4959,18.4959,3.17828,58.7852,59.4197,24.2195,3.17828,0.248419
0.979,18.4405,18.4405,3.1862,58.7552,59.4253,24.22,3.1862,0.250085
0.9792,18.4057,18.4057,3.18958,58.7064,59.4309,24.2203,3.18958,0.251752
0.9794,18.3687,18.3687,3.1982,58.7468,59.4364,24.2208,3.1982,0.253419
0.9796,18.417,18.417,3.18349,58.6303,59.442,24.2199,3.18349,0.251752
0.9798,18.4579,18.4579,3.18232,58.7388,59.4476,24.2198,3.18232,0.250085
0.98,18.5021,18.5021,3.16905,58.6341,59.4531,24.2188,3.16905,0.248419
0.9802,18.537,18.537,3.16745,58.7148,59.4587,24.2188,3.16745,0.246752
0.9804,18.4945,18.4945,3.17941,58.8017,59.4643,24.2195,3.17941,0.248419
0.9806,18.4428,18.4428,3.18786,58.7932,59.4698,24.2201,3.18786,0.250085
0.9808,18.4007,18.4007,3.19253,58.7449,59.4754,24.2204,3.19253,0.251752
0.981,18.372,18.372,3.19984,58.7873,59.481,24.2209,3.19984,0.253419
0.9812,18.4167,18.4167,3.1843,58.6444,59.4865,24.2198,3.1843,0.251752
0.9814,18.4647,18.4647,3.18343,58.7811,59.4921,24.2198,3.18343,0.250085
0.9816,18.5034,18.5034,3.17558,58.7591,59.4977,24.2193,3.17558,0.248419
0.9818,18.5461,18.5461,3.16806,58.7552,59.5032,24.2186,3.16806,0.246752
0.982,18.4827,18.4827,3.18813,58.9252,59.5088,24.2202,3.18813,0.248419
0.9822,18.4416,18.4416,3.18888,58.8079,59.5144,24.2202,3.18888,0.250085
0.9824,18.4154,18.4154,3.19276,58.796,59.5199,24.2205,3.19276,0.251752
0.9826,18.3734,18.3734,3.20425,58.8729,59.5255,24.2213,3.20425,0.253419
0.9828,18.4138,18.4138,3.1878,58.6994,59.5311,24.2201,3.1878,0.251752
0.983,18.4736,18.4736,3.18338,58.8084,59.5366,24.2197,3.18338,0.250085
0.9832,18.5022,18.5022,3.17545,58.7526,59.5422,24.2193,3.17545,0.248419
0.9834,18.5511,18.5511,3.16984,58.8041,59.5478,24.2187,3.16984,0.246752
0.9836,18.4872,18.4872,3.18878,58.9516,59.5534,24.2202,3.18878,0.248419
0.9838,18.4406,18.4406,3.19025,58.83,59.5589,24.2203,3.19025,0.250085
0.984,18.4194,18.4194,3.19729,58.8924,59.5645,24.2205,3.19729,0.251752
0.9842,18.3617,18.3617,3.20819,58.9079,59.5701,24.2215,3.20819,0.253419
0.9844,18.413,18.413,3.19021,58.7414,59.5756,24.2202,3.19021,0.251752
0.9846,18.4764,18.4764,3.18422,58.8331,59.5812,24.2199,3.18422,0.250085
0.9848,18.5072,18.5072,3.1792,58.8381,59.5868,24.2196,3.1792,0.248419
0.985,18.5433,18.5433,3.17288,58.8357,59.5923,24.2191,3.17288,0.246752
0.9852,18.4852,18.4852,3.19184,59.002,59.5979,24.2204,3.19184,0.248419
0.9854,18.4445,18.4445,3.19301,58.8936,59.6035,24.2204,3.19301,0.250085
0.9856,18.4113,18.4113,3.20129,58.9399,59.609,24.221,3.20129,0.251752
0.9858,18.3655,18.3655,3.20779,58.9125,59.6146,24.2214,3.20779,0.253419
0.986,18.4216,18.4216,3.19065,58.7769,59.6202,24.2201,3.19065,0.251752
0.9862,18.4733,18.4733,3.18846,58.9013,59.6257,24.22,3.18846,0.250085
0.9864,18.4864,18.4864,3.18669,58.9104,59.6313,24.2201,3.18669,0.248419
0.9866,18.5415,18.5415,3.17518,58.8725,59.6369,24.2193,3.17518,0.246752
0.9868,18.48,18.48,3.19901,59.1176,59.6424,24.2207,3.19901,0.248419
0.987,18.4444,18.4444,3.19226,58.8794,59.648,24.2204,3.19226,0.250085
0.9872,18.4173,18.4173,3.20264,58.984,59.6536,24.2211,3.20264,0.251752
0.9874,18.3612,18.3612,3.21229,58.9815,59.6591,24.2218,3.21229,0.253419
0.9876,18.423,18.423,3.19388,58.841,59.6647,24.2204,3.19388,0.251752
0.9878,18.4661,18.4661,3.19158,58.9362,59.6703,24.2203,3.19158,0.250085
0.988,18.4919,18.4919,3.18796,58.9515,59.6758,24.2199,3.18796,0.248419
0.9882,18.5436,18.5436,3.17575,58.8899,59.6814,24.2193,3.17575,0.246752
0.9884,18.4882,18.4882,3.19832,59.1311,59.687,24.2209,3.19832,0.248419
0.9886,18.4338,18.4338,3.20048,58.997,59.6925,24.2208,3.20048,0.250085
0.9888,18.413,18.413,3.20352,58.9863,59.6981,24.221,3.20352,0.251752
0.989,18.3722,18.3722,3.21323,59.0342,59.7037,24.2218,3.21323,0.253419
0.9892,18.4264,18.4264,3.19603,58.8913,59.7092,24.2205,3.19603,0.251752
0.9894,18.4727,18.4727,3.19403,59.0023,59.7148,24.2205,3.19403,0.250085
0.9896,18.4829,18.4829,3.1913,58.9844,59.7204,24.2204,3.1913,0.248419
0.9898,18.5532,18.5532,3.1742,58.8915,59.7259,24.2191,3.1742,0.246752
0.99,18.4915,18.4915,3.19968,59.167,59.7315,24.221,3.19968,0.248419
0.9902,18.4303,18.4303,3.20353,59.0419,59.7371,24.2212,3.20353,0.250085
0.9904,18.4111,18.4111,3.20491,59.0059,59.7426,24.2212,3.20491,0.251752
0.9906,18.3745,18.3745,3.2158,59.0888,59.7482,24.2218,3.2158,0.253419
0.9908,18.4226,18.4226,3.20081,58.9672,59.7538,24.2208,3.20081,0.251752
0.991,18.472,18.472,3.19306,58.9821,59.7594,24.2204,3.19306,0.250085
0.9912,18.4905,18.4905,3.19443,59.0668,59.7649,24.2204,3.19443,0.248419
0.9914,18.5448,18.5448,3.17915,58.9567,59.7705,24.2194,3.17915,0.246752
0.9916,18.4948,18.4948,3.20024,59.1876,59.7761,24.2208,3.20024,0.248419
0.9918,18.4476,18.4476,3.20198,59.0689,59.7816,24.221,3.20198,0.250085
0.992,18.4132,18.4132,3.21073,59.1198,59.7872,24.2216,3.21073,0.251752
0.9922,18.3664,18.3664,3.21822,59.1071,59.7928,24.2222,3.21822,0.253419
0.9924,18.4178,18.4178,3.2016,58.9664,59.7983,24.2209,3.2016,0.251752
0.9926,18.4801,18.4801,3.19629,59.0678,59.8039,24.2206,3.19629,0.250085
0.9928,18.4908,18.4908,3.19308,59.0427,59.8095,24.2204,3.19308,0.248419
0.993,18.5559,18.5559,3.18173,59.0398,59.815,24.2197,3.18173,0.246752
0.9932,18.4878,18.4878,3.20091,59.1779,59.8206,24.2209,3.20091,0.248419
0.9934,18.4532,18.4532,3.20374,59.1193,59.8262,24.2211,3.20374,0.250085
0.9936,18.4138,18.4138,3.21339,59.1708,59.8317,24.2218,3.21339,0.251752
0.9938,18.3749,18.3749,3.21855,59.1407,59.8373,24.2222,3.21855,0.253419
0.994,18.4156,18.4156,3.20727,59.0639,59.8429,24.2215,3.20727,0.251752
0.9942,18.4684,18.4684,3.20141,59.1249,59.8484,24.221,3.20141,0.250085
0.9944,18.4964,18.4964,3.19303,59.0597,59.854,24.2205,3.19303,0.248419
0.9946,18.5588,18.5588,3.1828,59.0689,59.8596,24.2196,3.1828,0.246752
0.9948,18.4846,18.4846,3.2058,59.2579,59.8651,24.2213,3.2058,0.248419
0.995,18.4386,18.4386,3.21136,59.2131,59.8707,24.2217,3.21136,0.250085
0.9952,18.4044,18.4044,3.21615,59.1913,59.8763,24.2219,3.21615,0.251752
0.9954,18.3641,18.3641,3.22305,59.1885,59.8818,24.2225,3.22305,0.253419
0.9956,18.4231,18.4231,3.20471,59.0408,59.8874,24.2211,3.20471,0.251752
0.9958,18.4749,18.4749,3.20475,59.2075,59.893,24.2213,3.20475,0.250085
0.996,18.4997,18.4997,3.19834,59.1683,59.8985,24.2207,3.19834,0.248419
0.9962,18.5376,18.5376,3.18932,59.1223,59.9041,24.2201,3.18932,0.246752
0.9964,18.502,18.502,3.20335,59.2683,59.9097,24.2205,3.20335,0.248419
0.9966,18.4471,18.4471,3.21256,59.2623,59.9152,24.2216,3.21256,0.250085
0.9968,18.412,18.412,3.21649,59.2222,59.9208,24.2221,3.21649,0.251752
0.997,18.3692,18.3692,3.22523,59.2448,59.9264,24.2227,3.22523,0.253419
0.9972,18.4262,18.4262,3.20852,59.1208,59.9319,24.2215,3.20852,0.251752
0.9974,18.4667,18.4667,3.2072,59.2264,59.9375,24.2214,3.2072,0.250085
0.9976,18.5006,18.5006,3.2005,59.2114,59.9431,24.2208,3.2005,0.248419
0.9978,18.5445,18.5445,3.19102,59.176,59.9486,24.2203,3.19102,0.246752
0.998,18.4987,18.4987,3.2056,59.2993,59.9542,24.2211,3.2056,0.248419
0.9982,18.436,18.436,3.21768,59.3212,59.9598,24.222,3.21768,0.250085
0.9984,18.4193,18.4193,3.21547,59.2266,59.9654,24.2221,3.21547,0.251752
0.9986,18.3741,18.3741,3.22848,59.3206,59.9709,24.2228,3.22848,0.253419
0.9988,18.4209,18.4209,3.21434,59.211,59.9765,24.2219,3.21434,0.251752
0.999,18.4599,18.4599,3.20862,59.2307,59.9821,24.2215,3.20862,0.250085
0.9992,18.509,18.509,3.19895,59.2094,59.9876,24.2207,3.19895,0.248419
0.9994,18.4487,18.4487,3.22013,59.4072,59.9932,24.2223,3.22013,0.250085
0.9996,18.41,18.41,3.22034,59.2865,59.9988,24.2224,3.22034,0.251752
0.9998,18.3736,18.3736,3.22881,59.3249,60.0043,24.2228,3.22881,0.253419
1,18.4234,18.4234,3.21414,59.2154,60.0099,24.2219,3.21414,0.251752
1.0002,18.4761,18.4761,3.20474,59.211,60.0155,24.2212,3.20474,0.250085
1.0004,18.5166,18.5166,3.20357,59.3194,60.021,24.2212,3.20357,0.248419
1.0006,18.4405,18.4405,3.22218,59.4187,60.0266,24.2224,3.22218,0.250085
1.0008,18.416,18.416,3.22167,59.3303,60.0322,24.2222,3.22167,0.251752
1.001,18.377,18.377,3.22922,59.3434,60.0377,24.2229,3.22922,0.253419
1.0012,18.4255,18.4255,3.21464,59.2312,60.0433,24.2219,3.21464,0.251752
1.0014,18.4636,18.4636,3.21365,59.3356,60.0489,24.2219,3.21365,0.250085
1.0016,18.512,18.512,3.20407,59.3137,60.0544,24.2206,3.20407,0.248419
1.0018,18.4465,18.4465,3.22241,59.442,60.06,24.2224,3.22241,0.250085
1.002,18.4128,18.4128,3.22454,59.3728,60.0656,24.2226,3.22454,0.251752
1.0022,18.3716,18.3716,3.2334,59.4026,60.0711,24.2232,3.2334,0.253419
1.0024,18.4246,18.4246,3.21674,59.2671,60.0767,24.2221,3.21674,0.251752
1.0026,18.4627,18.4627,3.21561,59.3689,60.0823,24.2219,3.21561,0.250085
1.0028,18.5219,18.5219,3.20119,59.2923,60.0878,24.2211,3.20119,0.248419
1.003,18.4512,18.4512,3.22455,59.4969,60.0934,24.2226,3.22455,0.250085
1.0032,18.3993,18.3993,3.22798,59.3926,60.099,24.2228,3.22798,0.251752
1.0034,18.3668,18.3668,3.23487,59.4142,60.1045,24.2233,3.23487,0.253419
1.0036,18.4254,18.4254,3.21654,59.266,60.1101,24.2219,3.21654,0.251752
1.0038,18.4687,18.4687,3.21576,59.3909,60.1157,24.222,3.21576,0.250085
1.004,18.5115,18.5115,3.2073,59.372,60.1212,24.2215,3.2073,0.248419
1.0042,18.4492,18.4492,3.22509,59.5002,60.1268,24.2227,3.22509,0.250085
1.0044,18.4021,18.4021,3.22986,59.4361,60.1324,24.2229,3.22986,0.251752
1.0046,18.371,18.371,3.23573,59.4434,60.1379,24.2232,3.23573,0.253419
1.0048,18.433,18.433,3.21876,59.3312,60.1435,24.222,3.21876,0.251752
1.005,18.4587,18.4587,3.22176,59.4697,60.1491,24.2225,3.22176,0.250085
1.0052,18.4987,18.4987,3.20987,59.3784,60.1546,24.2216,3.20987,0.248419
1.0054,18.547,18.547,3.20174,59.3828,60.1602,24.221,3.20174,0.246752
1.0056,18.5079,18.5079,3.217,59.5401,60.1658,24.222,3.217,0.248419
1.0058,18.4512,18.4512,3.22518,59.5084,60.1714,24.2225,3.22518,0.250085
1.006,18.4151,18.4151,3.22889,59.4604,60.1769,24.2228,3.22889,0.251752
1.0062,18.3693,18.3693,3.24046,59.525,60.1825,24.2237,3.24046,0.253419
1.0064,18.4259,18.4259,3.22189,59.3663,60.1881,24.2224,3.22189,0.251752
1.0066,18.461,18.461,3.22039,59.4516,60.1936,24.2223,3.22039,0.250085
1.0068,18.5108,18.5108,3.21161,59.4495,60.1992,24.2218,3.21161,0.248419
1.007,18.4474,18.4474,3.2301,59.5871,60.2048,24.2229,3.2301,0.250085
1.0072,18.4039,18.4039,3.23261,59.4926,60.2103,24.2231,3.23261,0.251752
1.0074,18.3759,18.3759,3.23944,59.5277,60.2159,24.2236,3.23944,0.253419
1.0076,18.3319,18.3319,3.24755,59.5337,60.2215,24.224,3.24755,0.255085
1.0078,18.3903,18.3903,3.22892,59.3806,60.227,24.2229,3.22892,0.253419
1.008,18.4419,18.4419,3.23033,59.5732,60.2326,24.223,3.23033,0.251752
1.0082,18.4587,18.4587,3.22168,59.4682,60.2382,24.2223,3.22168,0.250085
1.0084,18.5133,18.5133,3.21086,59.4436,60.2437,24.2217,3.21086,0.248419
1.0086,18.4579,18.4579,3.2307,59.6317,60.2493,24.2231,3.2307,0.250085
1.0088,18.4138,18.4138,3.23525,59.5732,60.2549,24.2233,3.23525,0.251752
1.009,18.3796,18.3796,3.24129,59.5737,60.2604,24.2238,3.24129,0.253419
1.0092,18.3192,18.3192,3.25579,59.6433,60.266,24.2245,3.25579,0.255085
1.0094,18.387,18.387,3.23136,59.4152,60.2716,24.223,3.23136,0.253419
1.0096,18.4319,18.4319,3.22954,59.5265,60.2771,24.2229,3.22954,0.251752
1.0098,18.4645,18.4645,3.22405,59.5306,60.2827,24.2226,3.22405,0.250085
1.01,18.5096,18.5096,3.21653,59.5368,60.2883,24.2221,3.21653,0.248419
1.0102,18.4589,18.4589,3.23302,59.6781,60.2938,24.2232,3.23302,0.250085
1.0104,18.4137,18.4137,3.23731,59.6109,60.2994,24.2234,3.23731,0.251752
1.0106,18.3875,18.3875,3.24183,59.6091,60.305,24.2237,3.24183,0.253419
1.0108,18.3327,18.3327,3.25507,59.6742,60.3105,24.2247,3.25507,0.255085
1.011,18.3871,18.3871,3.23368,59.4582,60.3161,24.2231,3.23368,0.253419
1.0112,18.4364,18.4364,3.23271,59.5993,60.3217,24.2231,3.23271,0.251752
1.0114,18.4657,18.4657,3.22428,59.5386,60.3272,24.2225,3.22428,0.250085
1.0116,18.5142,18.5142,3.21812,59.581,60.3328,24.2222,3.21812,0.248419
1.0118,18.4522,18.4522,3.2375,59.739,60.3384,24.2234,3.2375,0.250085
1.012,18.4096,18.4096,3.23752,59.6013,60.3439,24.2235,3.23752,0.251752
1.0122,18.3886,18.3886,3.2461,59.6912,60.3495,24.2241,3.2461,0.253419
1.0124,18.3215,18.3215,3.25738,59.6802,60.3551,24.2249,3.25738,0.255085
1.0126,18.3906,18.3906,3.23646,59.5206,60.3606,24.2235,3.23646,0.253419
1.0128,18.4347,18.4347,3.23341,59.6068,60.3662,24.2232,3.23341,0.251752
1.013,18.4654,18.4654,3.22998,59.6428,60.3718,24.2229,3.22998,0.250085
1.0132,18.5066,18.5066,3.22127,59.6147,60.3774,24.2222,3.22127,0.248419
1.0134,18.4522,18.4522,3.23977,59.7809,60.3829,24.2236,3.23977,0.250085
1.0136,18.4104,18.4104,3.24032,59.6555,60.3885,24.2237,3.24032,0.251752
1.0138,18.3808,18.3808,3.24966,59.7313,60.3941,24.2243,3.24966,0.253419
1.014,18.3194,18.3194,3.25933,59.7091,60.3996,24.2252,3.25933,0.255085
1.0142,18.3963,18.3963,3.23849,59.5761,60.4052,24.2235,3.23849,0.253419
1.0144,18.4346,18.4346,3.23736,59.6795,60.4108,24.2235,3.23736,0.251752
1.0146,18.4517,18.4517,3.23412,59.6749,60.4163,24.2231,3.23412,0.250085
1.0148,18.5099,18.5099,3.22171,59.6335,60.4219,24.2223,3.22171,0.248419
1.015,18.4543,18.4543,3.24085,59.8075,60.4275,24.2237,3.24085,0.250085
1.0152,18.4147,18.4147,3.24412,59.7394,60.433,24.2239,3.24412,0.251752
1.0154,18.3778,18.3778,3.25075,59.7416,60.4386,24.2244,3.25075,0.253419
1.0156,18.3305,18.3305,3.26075,59.7712,60.4442,24.225,3.26075,0.255085
1.0158,18.3903,18.3903,3.23999,59.5842,60.4497,24.2236,3.23999,0.253419
1.016,18.4417,18.4417,3.24012,59.7533,60.4553,24.2236,3.24012,0.251752
1.0162,18.4527,18.4527,3.23751,59.7409,60.4609,24.2228,3.23751,0.250085
1.0164,18.5081,18.5081,3.22355,59.6619,60.4664,24.2226,3.22355,0.248419
1.0166,18.4617,18.4617,3.24301,59.8715,60.472,24.2237,3.24301,0.250085
1.0168,18.4129,18.4129,3.24685,59.7837,60.4776,24.224,3.24685,0.251752
1.017,18.3769,18.3769,3.25639,59.8425,60.4831,24.2246,3.25639,0.253419
1.0172,18.3209,18.3209,3.26261,59.774,60.4887,24.2252,3.26261,0.255085
1.0174,18.4006,18.4006,3.2414,59.6438,60.4943,24.2237,3.2414,0.253419
1.0176,18.4357,18.4357,3.2439,59.8037,60.4998,24.2238,3.2439,0.251752
1.0178,18.4662,18.4662,3.23347,59.7098,60.5054,24.2231,3.23347,0.250085
1.018,18.5184,18.5184,3.22664,59.7524,60.511,24.2227,3.22664,0.248419
1.0182,18.455,18.455,3.24851,59.9512,60.5165,24.2241,3.24851,0.250085
1.0184,18.4147,18.4147,3.24668,59.7865,60.5221,24.2241,3.24668,0.251752
1.0186,18.3764,18.3764,3.25848,59.8791,60.5277,24.2248,3.25848,0.253419
1.0188,18.4327,18.4327,3.24156,59.7507,60.5332,24.2237,3.24156,0.251752
1.019,18.4704,18.4704,3.23842,59.8148,60.5388,24.2236,3.23842,0.250085
1.0192,18.5032,18.5032,3.23112,59.7863,60.5444,24.2231,3.23112,0.248419
1.0194,18.4646,18.4646,3.24302,59.8812,60.5499,24.2238,3.24302,0.250085
1.0196,18.4161,18.4161,3.25237,59.8959,60.5555,24.2246,3.25237,0.251752
1.0198,18.3854,18.3854,3.25689,59.8792,60.5611,24.2249,3.25689,0.253419
1.02,18.3173,18.3173,3.27047,59.9061,60.5666,24.2258,3.27047,0.255085
1.0202,18.3917,18.3917,3.2441,59.6647,60.5722,24.2237,3.2441,0.253419
1.0204,18.4442,18.4442,3.24714,59.8908,60.5778,24.2239,3.24714,0.251752
1.0206,18.4542,18.4542,3.24138,59.817,60.5834,24.2237,3.24138,0.250085
1.0208,18.5109,18.5109,3.22982,59.7869,60.5889,24.2229,3.22982,0.248419
1.021,18.4793,18.4793,3.24374,59.942,60.5945,24.224,3.24374,0.250085
1.0212,18.417,18.417,3.25653,59.9756,60.6001,24.2248,3.25653,0.251752
1.0214,18.3735,18.3735,3.26087,59.9137,60.6056,24.2249,3.26087,0.253419
1.0216,18.4383,18.4383,3.24358,59.8059,60.6112,24.2239,3.24358,0.251752
1.0218,18.4633,18.4633,3.24486,59.9109,60.6168,24.2238,3.24486,0.250085
1.022,18.5067,18.5067,3.2319,59.8119,60.6223,24.223,3.2319,0.248419
1.0222,18.4586,18.4586,3.25324,60.0503,60.6279,24.2246,3.25324,0.250085
1.0224,18.4155,18.4155,3.25427,59.9292,60.6335,24.2247,3.25427,0.251752
1.0226,18.3798,18.3798,3.26245,59.9631,60.639,24.225,3.26245,0.253419
1.0228,18.3306,18.3306,3.27044,59.949,60.6446,24.2256,3.27044,0.255085
1.023,18.3864,18.3864,3.25138,59.7813,60.6502,24.2242,3.25138,0.253419
1.0232,18.4448,18.4448,3.24869,59.9215,60.6557,24.2242,3.24869,0.251752
1.0234,18.456,18.456,3.24651,59.9177,60.6613,24.224,3.24651,0.250085
1.0236,18.5024,18.5024,3.2378,59.9069,60.6669,24.2235,3.2378,0.248419
1.0238,18.4542,18.4542,3.25284,60.0285,60.6724,24.2246,3.25284,0.250085
1.024,18.4248,18.4248,3.25919,60.0501,60.678,24.225,3.25919,0.251752
1.0242,18.3807,18.3807,3.26367,59.9887,60.6836,24.2252,3.26367,0.253419
1.0244,18.3377,18.3377,3.27198,60.0006,60.6891,24.2258,3.27198,0.255085
1.0246,18.3774,18.3774,3.2564,59.844,60.6947,24.2248,3.2564,0.253419
1.0248,18.442,18.442,3.25109,59.9566,60.7003,24.2245,3.25109,0.251752
1.025,18.4583,18.4583,3.25168,60.0206,60.7058,24.2244,3.25168,0.250085
1.0252,18.4947,18.4947,3.23845,59.894,60.7114,24.2234,3.23845,0.248419
1.0254,18.4747,18.4747,3.2524,60.0871,60.717,24.2246,3.2524,0.250085
1.0256,18.4203,18.4203,3.26188,60.0849,60.7225,24.2252,3.26188,0.251752
1.0258,18.3734,18.3734,3.26679,60.0221,60.7281,24.2255,3.26679,0.253419
1.026,18.4304,18.4304,3.25455,59.9827,60.7337,24.2247,3.25455,0.251752
1.0262,18.4644,18.4644,3.24914,59.9934,60.7392,24.2243,3.24914,0.250085
1.0264,18.5043,18.5043,3.23948,59.9444,60.7448,24.2235,3.23948,0.248419
1.0266,18.4676,18.4676,3.25684,60.146,60.7504,24.2246,3.25684,0.250085
1.0268,18.4223,18.4223,3.2612,60.0788,60.7559,24.2251,3.2612,0.251752
1.027,18.375,18.375,3.27061,60.0975,60.7615,24.2258,3.27061,0.253419
1.0272,18.4401,18.4401,3.25116,59.9515,60.7671,24.2245,3.25116,0.251752
1.0274,18.4654,18.4654,3.25402,60.0867,60.7726,24.2245,3.25402,0.250085
1.0276,18.5036,18.5036,3.24153,59.9799,60.7782,24.2238,3.24153,0.248419
1.0278,18.4654,18.4654,3.25639,60.1305,60.7838,24.2249,3.25639,0.250085
1.028,18.4251,18.4251,3.26156,60.0945,60.7894,24.2251,3.26156,0.251752
1.0282,18.3772,18.3772,3.27059,60.1042,60.7949,24.2258,3.27059,0.253419
1.0284,18.3389,18.3389,3.27684,60.0937,60.8005,24.2262,3.27684,0.255085
1.0286,18.3747,18.3747,3.26582,60.0085,60.8061,24.2253,3.26582,0.253419
1.0288,18.4446,18.4446,3.25368,60.013,60.8116,24.2244,3.25368,0.251752
1.029,18.4737,18.4737,3.25308,60.0966,60.8172,24.2245,3.25308,0.250085
1.0292,18.5023,18.5023,3.24643,60.0664,60.8228,24.2242,3.24643,0.248419
1.0294,18.4621,18.4621,3.26008,60.1881,60.8283,24.225,3.26008,0.250085
1.0296,18.433,18.433,3.26279,60.1429,60.8339,24.2252,3.26279,0.251752
1.0298,18.3738,18.3738,3.27546,60.1825,60.8395,24.2261,3.27546,0.253419
1.03,18.4294,18.4294,3.2558,60.0024,60.845,24.2247,3.2558,0.251752
1.0302,18.4744,18.4744,3.25317,60.1002,60.8506,24.2245,3.25317,0.250085
1.0304,18.5105,18.5105,3.24577,60.081,60.8562,24.2239,3.24577,0.248419
1.0306,18.4664,18.4664,3.26023,60.2046,60.8617,24.225,3.26023,0.250085
1.0308,18.4297,18.4297,3.26747,60.2184,60.8673,24.2255,3.26747,0.251752
1.031,18.3595,18.3595,3.28049,60.2281,60.8729,24.2266,3.28049,0.253419
1.0312,18.4376,18.4376,3.2545,60.0052,60.8784,24.2246,3.2545,0.251752
1.0314,18.4826,18.4826,3.25622,60.1836,60.884,24.2248,3.25622,0.250085
1.0316,18.4989,18.4989,3.25182,60.1552,60.8896,24.2246,3.25182,0.248419
1.0318,18.5359,18.5359,3.24364,60.1237,60.8951,24.224,3.24364,0.246752
1.032,18.5071,18.5071,3.25666,60.2712,60.9007,24.2248,3.25666,0.248419
1.0322,18.4581,18.4581,3.26136,60.1986,60.9063,24.2251,3.26136,0.250085
1.0324,18.4451,18.4451,3.26497,60.2226,60.9118,24.2254,3.26497,0.251752
1.0326,18.371,18.371,3.28088,60.273,60.9174,24.2265,3.28088,0.253419
1.0328,18.4387,18.4387,3.25825,60.0779,60.923,24.2249,3.25825,0.251752
1.033,18.4788,18.4788,3.25954,60.2325,60.9285,24.2248,3.25954,0.250085
1.0332,18.5003,18.5003,3.25268,60.1754,60.9341,24.2246,3.25268,0.248419
1.0334,18.5438,18.5438,3.24283,60.1344,60.9397,24.2237,3.24283,0.246752
1.0336,18.5046,18.5046,3.26123,60.3477,60.9452,24.2252,3.26123,0.248419
1.0338,18.4625,18.4625,3.26234,60.2309,60.9508,24.2252,3.26234,0.250085
1.034,18.4349,18.4349,3.27109,60.302,60.9564,24.2257,3.27109,0.251752
1.0342,18.3777,18.3777,3.27963,60.2719,60.9619,24.2264,3.27963,0.253419
1.0344,18.3364,18.3364,3.2862,60.2571,60.9675,24.2268,3.2862,0.255085
1.0346,18.3869,18.3869,3.26936,60.1133,60.9731,24.2257,3.26936,0.253419
1.0348,18.452,18.452,3.26529,60.2513,60.9786,24.2254,3.26529,0.251752
1.035,18.4592,18.4592,3.26231,60.2196,60.9842,24.2246,3.26231,0.250085
1.0352,18.5115,18.5115,3.25117,60.184,60.9898,24.2243,3.25117,0.248419
1.0354,18.4671,18.4671,3.27338,60.4496,60.9954,24.226,3.27338,0.250085
1.0356,18.4229,18.4229,3.27211,60.2816,61.0009,24.2259,3.27211,0.251752
1.0358,18.3801,18.3801,3.28281,60.3383,61.0065,24.2264,3.28281,0.253419
1.036,18.3261,18.3261,3.29201,60.3297,61.0121,24.227,3.29201,0.255085
1.0362,18.3823,18.3823,3.27301,60.1653,61.0176,24.2259,3.27301,0.253419
1.0364,18.456,18.456,3.26766,60.3081,61.0232,24.2256,3.26766,0.251752
1.0366,18.4754,18.4754,3.26201,60.2671,61.0288,24.225,3.26201,0.250085
1.0368,18.5117,18.5117,3.25582,60.2707,61.0343,24.2247,3.25582,0.248419
1.037,18.4657,18.4657,3.2726,60.4308,61.0399,24.2259,3.2726,0.250085
1.0372,18.4174,18.4174,3.27604,60.3363,61.0455,24.2261,3.27604,0.251752
1.0374,18.3787,18.3787,3.28507,60.3755,61.051,24.2268,3.28507,0.253419
1.0376,18.3422,18.3422,3.28956,60.3378,61.0566,24.2273,3.28956,0.255085
1.0378,18.3878,18.3878,3.27608,60.2399,61.0622,24.2261,3.27608,0.253419
1.038,18.4478,18.4478,3.26902,60.3063,61.0677,24.225,3.26902,0.251752
1.0382,18.4747,18.4747,3.26607,60.3397,61.0733,24.2253,3.26607,0.250085
1.0384,18.503,18.503,3.26058,60.3306,61.0789,24.2251,3.26058,0.248419
1.0386,18.4759,18.4759,3.26936,60.4044,61.0844,24.2255,3.26936,0.250085
1.0388,18.4226,18.4226,3.27969,60.4203,61.09,24.2263,3.27969,0.251752
1.039,18.3808,18.3808,3.28622,60.4034,61.0956,24.2266,3.28622,0.253419
1.0392,18.3367,18.3367,3.29548,60.4282,61.1011,24.2274,3.29548,0.255085
1.0394,18.3934,18.3934,3.27675,60.2707,61.1067,24.2262,3.27675,0.253419
1.0396,18.4463,18.4463,3.27164,60.3495,61.1123,24.2258,3.27164,0.251752
1.0398,18.4742,18.4742,3.26637,60.3438,61.1178,24.2254,3.26637,0.250085
1.04,18.5116,18.5116,3.26078,60.3623,61.1234,24.2251,3.26078,0.248419
1.0402,18.4777,18.4777,3.27253,60.4688,61.129,24.2257,3.27253,0.250085
1.0404,18.4298,18.4298,3.28084,60.4652,61.1345,24.2264,3.28084,0.251752
1.0406,18.3778,18.3778,3.28965,60.4564,61.1401,24.2268,3.28965,0.253419
1.0408,18.3397,18.3397,3.29696,60.4653,61.1457,24.2275,3.29696,0.255085
1.041,18.384,18.384,3.28274,60.35,61.1512,24.2267,3.28274,0.253419
1.0412,18.4482,18.4482,3.27371,60.3939,61.1568,24.226,3.27371,0.251752
1.0414,18.4815,18.4815,3.26815,60.4004,61.1624,24.2256,3.26815,0.250085
1.0416,18.5109,18.5109,3.26422,60.4237,61.1679,24.2253,3.26422,0.248419
1.0418,18.47,18.47,3.2774,60.5335,61.1735,24.2263,3.2774,0.250085
1.042,18.427,18.427,3.28286,60.4931,61.1791,24.2265,3.28286,0.251752
1.0422,18.3843,18.3843,3.29042,60.492,61.1846,24.2271,3.29042,0.253419
1.0424,18.3403,18.3403,3.29929,60.5101,61.1902,24.2276,3.29929,0.255085
1.0426,18.3926,18.3926,3.28131,60.3519,61.1958,24.2265,3.28131,0.253419
1.0428,18.4529,18.4529,3.278,60.4886,61.2014,24.2263,3.278,0.251752
1.043,18.4729,18.4729,3.27432,60.486,61.2069,24.2259,3.27432,0.250085
1.0432,18.5052,18.5052,3.26535,60.426,61.2125,24.2255,3.26535,0.248419
1.0434,18.4648,18.4648,3.28076,60.5786,61.2181,24.2258,3.28076,0.250085
1.0436,18.4244,18.4244,3.28414,60.5083,61.2236,24.2267,3.28414,0.251752
1.0438,18.3846,18.3846,3.29249,60.5312,61.2292,24.2271,3.29249,0.253419
1.044,18.3388,18.3388,3.30167,60.5487,61.2348,24.2278,3.30167,0.255085
1.0442,18.3887,18.3887,3.28658,60.436,61.2403,24.2269,3.28658,0.253419
1.0444,18.4509,18.4509,3.27707,60.4649,61.2459,24.2261,3.27707,0.251752
1.0446,18.4763,18.4763,3.27645,60.5368,61.2515,24.2262,3.27645,0.250085
1.0448,18.5006,18.5006,3.2694,60.4859,61.257,24.2257,3.2694,0.248419
1.045,18.5649,18.5649,3.2587,60.4975,61.2626,24.2243,3.2587,0.246752
1.0452,18.4989,18.4989,3.27997,60.6757,61.2682,24.2265,3.27997,0.248419
1.0454,18.4538,18.4538,3.28245,60.5736,61.2737,24.2264,3.28245,0.250085
1.0456,18.435,18.435,3.28624,60.5818,61.2793,24.2269,3.28624,0.251752
1.0458,18.3863,18.3863,3.29868,60.6506,61.2849,24.2275,3.29868,0.253419
1.046,18.3396,18.3396,3.30367,60.5879,61.2904,24.228,3.30367,0.255085
1.0462,18.3954,18.3954,3.28566,60.4409,61.296,24.2268,3.28566,0.253419
1.0464,18.4538,18.4538,3.28277,60.5797,61.3016,24.2266,3.28277,0.251752
1.0466,18.4744,18.4744,3.27807,60.5603,61.3071,24.2263,3.27807,0.250085
1.0468,18.5068,18.5068,3.27249,60.5633,61.3127,24.226,3.27249,0.248419
1.047,18.4762,18.4762,3.28245,60.6473,61.3183,24.2266,3.28245,0.250085
1.0472,18.4181,18.4181,3.29376,60.6649,61.3238,24.2274,3.29376,0.251752
1.0474,18.3802,18.3802,3.2974,60.6068,61.3294,24.2276,3.2974,0.253419
1.0476,18.3473,18.3473,3.30499,60.6375,61.335,24.2281,3.30499,0.255085
1.0478,18.393,18.393,3.29071,60.5259,61.3405,24.2271,3.29071,0.253419
1.048,18.4545,18.4545,3.28239,60.5748,61.3461,24.2266,3.28239,0.251752
1.0482,18.4756,18.4756,3.28141,60.6261,61.3517,24.2266,3.28141,0.250085
1.0484,18.5068,18.5068,3.27487,60.6074,61.3572,24.2261,3.27487,0.248419
1.0486,18.4695,18.4695,3.28708,60.7106,61.3628,24.2269,3.28708,0.250085
1.0488,18.4151,18.4151,3.29693,60.7133,61.3684,24.2276,3.29693,0.251752
1.049,18.38,18.38,3.30047,60.6626,61.3739,24.2278,3.30047,0.253419
1.0492,18.3475,18.3475,3.30699,60.6752,61.3795,24.2283,3.30699,0.255085
1.0494,18.3971,18.3971,3.29348,60.5903,61.3851,24.2275,3.29348,0.253419
1.0496,18.428,18.428,3.29234,60.6713,61.3906,24.2272,3.29234,0.251752
1.0498,18.4699,18.4699,3.28142,60.6077,61.3962,24.2265,3.28142,0.250085
1.05,18.5146,18.5146,3.27526,60.6401,61.4018,24.2262,3.27526,0.248419
1.0502,18.4782,18.4782,3.28762,60.7492,61.4074,24.2269,3.28762,0.250085
1.0504,18.4179,18.4179,3.29955,60.7707,61.4129,24.2276,3.29955,0.251752
1.0506,18.3794,18.3794,3.30332,60.7131,61.4185,24.228,3.30332,0.253419
1.0508,18.3494,18.3494,3.30991,60.7349,61.4241,24.2282,3.30991,0.255085
1.051,18.3964,18.3964,3.29483,60.6131,61.4296,24.2274,3.29483,0.253419
1.0512,18.4551,18.4551,3.28661,60.6546,61.4352,24.2269,3.28661,0.251752
1.0514,18.4753,18.4753,3.2855,60.7008,61.4408,24.2267,3.2855,0.250085
1.0516,18.5083,18.5083,3.28021,60.7112,61.4463,24.2263,3.28021,0.248419
1.0518,18.4732,18.4732,3.29255,60.8239,61.4519,24.2273,3.29255,0.250085
1.052,18.4102,18.4102,3.30304,60.8095,61.4575,24.228,3.30304,0.251752
1.0522,18.3834,18.3834,3.30434,60.745,61.463,24.2274,3.30434,0.253419
1.0524,18.3492,18.3492,3.31199,60.7725,61.4686,24.2284,3.31199,0.255085
1.0526,18.394,18.394,3.29736,60.6518,61.4742,24.2274,3.29736,0.253419
1.0528,18.4375,18.4375,3.2958,60.7663,61.4797,24.2273,3.2958,0.251752
1.053,18.4776,18.4776,3.28426,60.6852,61.4853,24.2267,3.28426,0.250085
1.0532,18.5164,18.5164,3.28092,60.751,61.4909,24.2265,3.28092,0.248419
1.0534,18.477,18.477,3.29502,60.8819,61.4964,24.2275,3.29502,0.250085
1.0536,18.4155,18.4155,3.30129,60.7949,61.502,24.2279,3.30129,0.251752
1.0538,18.3897,18.3897,3.30587,60.7938,61.5076,24.2281,3.30587,0.253419
1.054,18.3424,18.3424,3.32043,60.9046,61.5131,24.2292,3.32043,0.255085
1.0542,18.3894,18.3894,3.29782,60.6449,61.5187,24.2276,3.29782,0.253419
1.0544,18.4534,18.4534,3.29325,60.7716,61.5243,24.2273,3.29325,0.251752
1.0546,18.4757,18.4757,3.29036,60.7918,61.5298,24.2272,3.29036,0.250085
1.0548,18.5125,18.5125,3.28152,60.749,61.5354,24.2266,3.28152,0.248419
1.055,18.4859,18.4859,3.29475,60.9064,61.541,24.2274,3.29475,0.250085
1.0552,18.4259,18.4259,3.30514,60.9002,61.5465,24.2281,3.30514,0.251752
1.0554,18.3802,18.3802,3.31202,60.8757,61.5521,24.2286,3.31202,0.253419
1.0556,18.3443,18.3443,3.31914,60.8872,61.5577,24.2288,3.31914,0.255085
1.0558,18.3971,18.3971,3.30061,60.7215,61.5632,24.2278,3.30061,0.253419
1.056,18.4346,18.4346,3.30195,60.87,61.5688,24.2279,3.30195,0.251752
1.0562,18.4656,18.4656,3.29101,60.7705,61.5744,24.2272,3.29101,0.250085
1.0564,18.5186,18.5186,3.28446,60.8236,61.5799,24.2268,3.28446,0.248419
1.0566,18.4677,18.4677,3.30137,60.9688,61.5855,24.2279,3.30137,0.250085
1.0568,18.4249,18.4249,3.30605,60.9136,61.5911,24.2282,3.30605,0.251752
1.057,18.375,18.375,3.31556,60.9235,61.5966,24.2288,3.31556,0.253419
1.0572,18.3488,18.3488,3.3158,60.8407,61.6022,24.2289,3.3158,0.255085
1.0574,18.4017,18.4017,3.30452,60.8087,61.6078,24.2281,3.30452,0.253419
1.0576,18.4336,18.4336,3.3037,60.8991,61.6134,24.2281,3.3037,0.251752
1.0578,18.4802,18.4802,3.28843,60.7709,61.6189,24.2268,3.28843,0.250085
1.058,18.433,18.433,3.31045,61.0213,61.6245,24.2283,3.31045,0.251752
1.0582,18.3751,18.3751,3.31396,60.8943,61.6301,24.2285,3.31396,0.253419
1.0584,18.3542,18.3542,3.31892,60.9159,61.6356,24.2291,3.31892,0.255085
1.0586,18.2989,18.2989,3.32884,60.9141,61.6412,24.2295,3.32884,0.256752
1.0588,18.3563,18.3563,3.31434,60.8388,61.6468,24.2288,3.31434,0.255085
1.059,18.4026,18.4026,3.30943,60.9022,61.6523,24.2283,3.30943,0.253419
1.0592,18.437,18.437,3.30486,60.9316,61.6579,24.2282,3.30486,0.251752
1.0594,18.4747,18.4747,3.29661,60.9041,61.6635,24.2276,3.29661,0.250085
1.0596,18.5179,18.5179,3.28942,60.9132,61.669,24.2271,3.28942,0.248419
1.0598,18.4614,18.4614,3.30673,61.0466,61.6746,24.2283,3.30673,0.250085
1.06,18.4206,18.4206,3.31006,60.9734,61.6802,24.2285,3.31006,0.251752
1.0602,18.3833,18.3833,3.31984,61.0297,61.6857,24.229,3.31984,0.253419
1.0604,18.359,18.359,3.31713,60.8992,61.6913,24.229,3.31713,0.255085
1.0606,18.3014,18.3014,3.33409,61.0184,61.6969,24.2301,3.33409,0.256752
1.0608,18.3609,18.3609,3.31575,60.8804,61.7024,24.2287,3.31575,0.255085
1.061,18.4034,18.4034,3.31286,60.9678,61.708,24.2287,3.31286,0.253419
1.0612,18.4354,18.4354,3.30819,60.9877,61.7136,24.2284,3.30819,0.251752
1.0614,18.4794,18.4794,3.29681,60.923,61.7191,24.2276,3.29681,0.250085
1.0616,18.4311,18.4311,3.31466,61.0927,61.7247,24.2288,3.31466,0.251752
1.0618,18.392,18.392,3.32002,61.0618,61.7303,24.2291,3.32002,0.253419
1.062,18.3429,18.3429,3.32717,61.0302,61.7358,24.2295,3.32717,0.255085
1.0622,18.4035,18.4035,3.30929,60.9026,61.7414,24.2283,3.30929,0.253419
1.0624,18.4535,18.4535,3.30543,60.9968,61.747,24.2281,3.30543,0.251752
1.0626,18.4712,18.4712,3.30289,61.0084,61.7525,24.228,3.30289,0.250085
1.0628,18.5168,18.5168,3.29394,60.9931,61.7581,24.2274,3.29394,0.248419
1.063,18.4646,18.4646,3.31119,61.1398,61.7637,24.2285,3.31119,0.250085
1.0632,18.4268,18.4268,3.3138,61.0627,61.7692,24.2287,3.3138,0.251752
1.0634,18.3846,18.3846,3.32475,61.1242,61.7748,24.2295,3.32475,0.253419
1.0636,18.348,18.348,3.32828,61.0673,61.7804,24.2297,3.32828,0.255085
1.0638,18.3923,18.3923,3.31449,60.9612,61.7859,24.2286,3.31449,0.253419
1.064,18.452,18.452,3.3073,61.0263,61.7915,24.2283,3.3073,0.251752
1.0642,18.4677,18.4677,3.30769,61.0854,61.7971,24.2283,3.30769,0.250085
1.0644,18.5187,18.5187,3.29614,61.0403,61.8026,24.2274,3.29614,0.248419
1.0646,18.4678,18.4678,3.31266,61.1776,61.8082,24.2286,3.31266,0.250085
1.0648,18.4189,18.4189,3.31707,61.0968,61.8138,24.229,3.31707,0.251752
1.065,18.3959,18.3959,3.32438,61.1551,61.8194,24.2295,3.32438,0.253419
1.0652,18.3499,18.3499,3.33329,61.1656,61.8249,24.23,3.33329,0.255085
1.0654,18.3886,18.3886,3.32005,61.0511,61.8305,24.2291,3.32005,0.253419
1.0656,18.4356,18.4356,3.31253,61.0685,61.8361,24.2287,3.31253,0.251752
1.0658,18.4755,18.4755,3.30522,61.0655,61.8416,24.2282,3.30522,0.250085
1.066,18.5211,18.5211,3.29974,61.1149,61.8472,24.2278,3.29974,0.248419
1.0662,18.4601,18.4601,3.3152,61.1989,61.8528,24.2287,3.3152,0.250085
1.0664,18.4248,18.4248,3.31816,61.1364,61.8583,24.229,3.31816,0.251752
1.0666,18.4026,18.4026,3.32356,61.162,61.8639,24.2294,3.32356,0.253419
1.0668,18.3461,18.3461,3.33694,61.2198,61.8695,24.2303,3.33694,0.255085
1.067,18.3943,18.3943,3.31667,61.0078,61.875,24.2289,3.31667,0.253419
1.0672,18.4457,18.4457,3.31593,61.1646,61.8806,24.2288,3.31593,0.251752
1.0674,18.4644,18.4644,3.31185,61.1512,61.8862,24.2287,3.31185,0.250085
1.0676,18.5318,18.5318,3.29922,61.1407,61.8917,24.2276,3.29922,0.248419
1.0678,18.465,18.465,3.31802,61.2672,61.8973,24.2291,3.31802,0.250085
1.068,18.4217,18.4217,3.32056,61.1703,61.9029,24.2292,3.32056,0.251752
1.0682,18.3914,18.3914,3.32948,61.2338,61.9084,24.2297,3.32948,0.253419
1.0684,18.3394,18.3394,3.33899,61.2351,61.914,24.2302,3.33899,0.255085
1.0686,18.3966,18.3966,3.32016,61.0798,61.9196,24.2292,3.32016,0.253419
1.0688,18.4437,18.4437,3.31777,61.1921,61.9251,24.229,3.31777,0.251752
1.069,18.4698,18.4698,3.31044,61.1432,61.9307,24.2285,3.31044,0.250085
1.0692,18.5338,18.5338,3.30144,61.1882,61.9363,24.2277,3.30144,0.248419
1.0694,18.467,18.467,3.31912,61.2941,61.9418,24.2291,3.31912,0.250085
1.0696,18.4247,18.4247,3.3249,61.2603,61.9474,24.2295,3.3249,0.251752
1.0698,18.3861,18.3861,3.33244,61.2704,61.953,24.2298,3.33244,0.253419
1.07,18.3497,18.3497,3.33816,61.2543,61.9585,24.2303,3.33816,0.255085
1.0702,18.4006,18.4006,3.32085,61.1057,61.9641,24.2291,3.32085,0.253419
1.0704,18.4461,18.4461,3.31788,61.202,61.9697,24.229,3.31788,0.251752
1.0706,18.471,18.471,3.31498,61.2311,61.9752,24.2288,3.31498,0.250085
1.0708,18.5407,18.5407,3.30305,61.2407,61.9808,24.2278,3.30305,0.248419
1.071,18.4647,18.4647,3.32416,61.3797,61.9864,24.2295,3.32416,0.250085
1.0712,18.4313,18.4313,3.32355,61.2573,61.9919,24.2294,3.32355,0.251752
1.0714,18.3899,18.3899,3.334,61.3118,61.9975,24.2301,3.334,0.253419
1.0716,18.3433,18.3433,3.34203,61.3039,62.0031,24.2306,3.34203,0.255085
1.0718,18.3969,18.3969,3.32426,61.156,62.0086,24.2294,3.32426,0.253419
1.072,18.4423,18.4423,3.32115,61.2497,62.0142,24.2292,3.32115,0.251752
1.0722,18.476,18.476,3.31598,61.2659,62.0198,24.2289,3.31598,0.250085
1.0724,18.5481,18.5481,3.30122,61.2313,62.0254,24.2277,3.30122,0.248419
1.0726,18.4702,18.4702,3.32832,61.4746,62.0309,24.2295,3.32832,0.250085
1.0728,18.4129,18.4129,3.32869,61.2909,62.0365,24.2298,3.32869,0.251752
1.073,18.3961,18.3961,3.33619,61.3731,62.0421,24.23,3.33619,0.253419
1.0732,18.3545,18.3545,3.3435,61.3682,62.0476,24.2309,3.3435,0.255085
1.0734,18.3903,18.3903,3.32939,61.2285,62.0532,24.2296,3.32939,0.253419
1.0736,18.4425,18.4425,3.32469,61.3155,62.0588,24.2295,3.32469,0.251752
1.0738,18.4684,18.4684,3.31958,61.3072,62.0643,24.2291,3.31958,0.250085
1.074,18.5536,18.5536,3.30456,61.3114,62.0699,24.228,3.30456,0.248419
1.0742,18.4675,18.4675,3.32848,61.4686,62.0755,24.2298,3.32848,0.250085
1.0744,18.415,18.415,3.33369,61.3899,62.081,24.23,3.33369,0.251752
1.0746,18.393,18.393,3.337,61.3774,62.0866,24.2303,3.337,0.253419
1.0748,18.3575,18.3575,3.34508,61.4072,62.0922,24.2309,3.34508,0.255085
1.075,18.3126,18.3126,3.35167,61.3778,62.0977,24.2312,3.35167,0.256752
1.0752,18.3672,18.3672,3.33671,61.286,62.1033,24.2304,3.33671,0.255085
1.0754,18.3956,18.3956,3.33796,61.4037,62.1089,24.2304,3.33796,0.253419
1.0756,18.4378,18.4378,3.3254,61.3131,62.1144,24.2296,3.3254,0.251752
1.0758,18.4759,18.4759,3.32139,61.3657,62.12,24.2292,3.32139,0.250085
1.076,18.4455,18.4455,3.32969,61.4178,62.1256,24.2297,3.32969,0.251752
1.0762,18.3807,18.3807,3.34612,61.5039,62.1311,24.2309,3.34612,0.253419
1.0764,18.3514,18.3514,3.34668,61.4161,62.1367,24.2308,3.34668,0.255085
1.0766,18.3284,18.3284,3.35134,61.4245,62.1423,24.2312,3.35134,0.256752
1.0768,18.3655,18.3655,3.34302,61.3963,62.1478,24.2308,3.34302,0.255085
1.077,18.3944,18.3944,3.33609,61.3655,62.1534,24.23,3.33609,0.253419
1.0772,18.4488,18.4488,3.32612,61.3628,62.159,24.2296,3.32612,0.251752
1.0774,18.4818,18.4818,3.3232,61.4188,62.1645,24.2292,3.3232,0.250085
1.0776,18.434,18.434,3.33641,61.5035,62.1701,24.2303,3.33641,0.251752
1.0778,18.3815,18.3815,3.34706,61.5239,62.1757,24.2309,3.34706,0.253419
1.078,18.3506,18.3506,3.34982,61.4712,62.1812,24.231,3.34982,0.255085
1.0782,18.3051,18.3051,3.35892,61.4854,62.1868,24.2318,3.35892,0.256752
1.0784,18.356,18.356,3.34236,61.3524,62.1924,24.2306,3.34236,0.255085
1.0786,18.4046,18.4046,3.33846,61.443,62.1979,24.2305,3.33846,0.253419
1.0788,18.4428,18.4428,3.32881,61.3925,62.2035,24.2297,3.32881,0.251752
1.079,18.4739,18.4739,3.32741,61.4702,62.2091,24.2297,3.32741,0.250085
1.0792,18.5727,18.5727,3.30198,61.3268,62.2146,24.2278,3.30198,0.248419
1.0794,18.4757,18.4757,3.33919,61.694,62.2202,24.2305,3.33919,0.250085
1.0796,18.4261,18.4261,3.33457,61.4433,62.2258,24.2302,3.33457,0.251752
1.0798,18.3942,18.3942,3.34769,61.578,62.2314,24.2309,3.34769,0.253419
1.08,18.3401,18.3401,3.35873,61.5995,62.2369,24.2318,3.35873,0.255085
1.0802,18.3911,18.3911,3.3361,61.3546,62.2425,24.23,3.3361,0.253419
1.0804,18.4514,18.4514,3.33383,61.5139,62.2481,24.2302,3.33383,0.251752
1.0806,18.474,18.474,3.32947,61.5088,62.2536,24.2296,3.32947,0.250085
1.0808,18.5723,18.5723,3.30299,61.344,62.2592,24.2278,3.30299,0.248419
1.081,18.4716,18.4716,3.34367,61.763,62.2648,24.2306,3.34367,0.250085
1.0812,18.4119,18.4119,3.34255,61.5427,62.2703,24.2307,3.34255,0.251752
1.0814,18.3898,18.3898,3.34799,61.569,62.2759,24.2309,3.34799,0.253419
1.0816,18.3523,18.3523,3.35691,61.607,62.2815,24.2317,3.35691,0.255085
1.0818,18.3915,18.3915,3.34312,61.4849,62.287,24.2306,3.34312,0.253419
1.082,18.4408,18.4408,3.33659,61.5294,62.2926,24.2302,3.33659,0.251752
1.0822,18.4832,18.4832,3.32909,61.5322,62.2982,24.2298,3.32909,0.250085
1.0824,18.4302,18.4302,3.34613,61.6699,62.3037,24.2308,3.34613,0.251752
1.0826,18.3869,18.3869,3.35284,61.6483,62.3093,24.2315,3.35284,0.253419
1.0828,18.3437,18.3437,3.35793,61.5969,62.3149,24.2316,3.35793,0.255085
1.083,18.3896,18.3896,3.34465,61.5069,62.3204,24.2307,3.34465,0.253419
1.0832,18.4435,18.4435,3.33728,61.551,62.326,24.2304,3.33728,0.251752
1.0834,18.4886,18.4886,3.32777,61.5257,62.3316,24.2295,3.32777,0.250085
1.0836,18.4272,18.4272,3.35105,61.7505,62.3371,24.2312,3.35105,0.251752
1.0838,18.3785,18.3785,3.35494,61.6586,62.3427,24.2315,3.35494,0.253419
1.084,18.346,18.346,3.36127,61.666,62.3483,24.2319,3.36127,0.255085
1.0842,18.3892,18.3892,3.3443,61.4988,62.3538,24.2308,3.3443,0.253419
1.0844,18.4473,18.4473,3.33903,61.5961,62.3594,24.2304,3.33903,0.251752
1.0846,18.4693,18.4693,3.33586,61.6109,62.365,24.2302,3.33586,0.250085
1.0848,18.5692,18.5692,3.30961,61.4567,62.3705,24.2283,3.30961,0.248419
1.085,18.477,18.477,3.35002,61.8984,62.3761,24.231,3.35002,0.250085
1.0852,18.4106,18.4106,3.34766,61.6325,62.3817,24.231,3.34766,0.251752
1.0854,18.3993,18.3993,3.35391,61.7096,62.3872,24.2314,3.35391,0.253419
1.0856,18.3395,18.3395,3.36675,61.7446,62.3928,24.2324,3.36675,0.255085
1.0858,18.395,18.395,3.34495,61.5305,62.3984,24.2307,3.34495,0.253419
1.086,18.458,18.458,3.33994,61.6485,62.4039,24.2304,3.33994,0.251752
1.0862,18.4717,18.4717,3.33906,61.678,62.4095,24.2305,3.33906,0.250085
1.0864,18.5648,18.5648,3.3128,61.5014,62.4151,24.2285,3.3128,0.248419
1.0866,18.4806,18.4806,3.35002,61.9102,62.4206,24.2312,3.35002,0.250085
1.0868,18.4069,18.4069,3.35219,61.7034,62.4262,24.2313,3.35219,0.251752
1.087,18.3825,18.3825,3.36127,61.7884,62.4318,24.2319,3.36127,0.253419
1.0872,18.3401,18.3401,3.3666,61.7439,62.4374,24.2325,3.3666,0.255085
1.0874,18.3866,18.3866,3.34903,61.5772,62.4429,24.231,3.34903,0.253419
1.0876,18.4488,18.4488,3.34491,61.7096,62.4485,24.2308,3.34491,0.251752
1.0878,18.5052,18.5052,3.33208,61.6609,62.4541,24.2299,3.33208,0.250085
1.088,18.4339,18.4339,3.35668,61.8766,62.4596,24.2316,3.35668,0.251752
1.0882,18.3751,18.3751,3.36233,61.7832,62.4652,24.232,3.36233,0.253419
1.0884,18.3476,18.3476,3.36783,61.7916,62.4708,24.2323,3.36783,0.255085
1.0886,18.3107,18.3107,3.37204,61.7445,62.4763,24.2325,3.37204,0.256752
1.0888,18.3633,18.3633,3.36009,61.7024,62.4819,24.2318,3.36009,0.255085
1.089,18.3887,18.3887,3.35669,61.725,62.4875,24.2316,3.35669,0.253419
1.0892,18.4393,18.4393,3.34539,61.6866,62.493,24.2309,3.34539,0.251752
1.0894,18.4874,18.4874,3.33656,61.6841,62.4986,24.2301,3.33656,0.250085
1.0896,18.4354,18.4354,3.35767,61.8999,62.5042,24.2316,3.35767,0.251752
1.0898,18.3756,18.3756,3.36338,61.8041,62.5097,24.2321,3.36338,0.253419
1.09,18.3441,18.3441,3.36893,61.8,62.5153,24.2323,3.36893,0.255085
1.0902,18.406,18.406,3.35281,61.7118,62.5209,24.2314,3.35281,0.253419
1.0904,18.4389,18.4389,3.35266,61.8194,62.5264,24.2314,3.35266,0.251752
1.0906,18.4757,18.4757,3.34016,61.7118,62.532,24.2305,3.34016,0.250085
1.0908,18.4365,18.4365,3.35975,61.942,62.5376,24.2317,3.35975,0.251752
1.091,18.3668,18.3668,3.36942,61.8856,62.5431,24.2326,3.36942,0.253419
1.0912,18.3593,18.3593,3.36688,61.8133,62.5487,24.2323,3.36688,0.255085
1.0914,18.3025,18.3025,3.38158,61.8915,62.5543,24.2333,3.38158,0.256752
1.0916,18.3594,18.3594,3.36054,61.6974,62.5598,24.2321,3.36054,0.255085
1.0918,18.3972,18.3972,3.36321,61.8736,62.5654,24.2321,3.36321,0.253419
1.092,18.4329,18.4329,3.35135,61.7752,62.571,24.2313,3.35135,0.251752
1.0922,18.4817,18.4817,3.34316,61.7874,62.5765,24.2305,3.34316,0.250085
1.0924,18.4351,18.4351,3.36289,61.9951,62.5821,24.2321,3.36289,0.251752
1.0926,18.3838,18.3838,3.36603,61.8804,62.5877,24.2323,3.36603,0.253419
1.0928,18.3586,18.3586,3.37213,61.9077,62.5932,24.2327,3.37213,0.255085
1.093,18.2876,18.2876,3.38412,61.8873,62.5988,24.2335,3.38412,0.256752
1.0932,18.3626,18.3626,3.36191,61.7335,62.6044,24.232,3.36191,0.255085
1.0934,18.3941,18.3941,3.36447,61.8864,62.6099,24.2321,3.36447,0.253419
1.0936,18.4424,18.4424,3.35377,61.8515,62.6155,24.2315,3.35377,0.251752
1.0938,18.4785,18.4785,3.34621,61.8329,62.6211,24.2309,3.34621,0.250085
1.094,18.4324,18.4324,3.36328,61.9935,62.6266,24.2321,3.36328,0.251752
1.0942,18.3908,18.3908,3.36909,61.9602,62.6322,24.2327,3.36909,0.253419
1.0944,18.3589,18.3589,3.37507,61.9627,62.6378,24.2328,3.37507,0.255085
1.0946,18.3139,18.3139,3.38106,61.9203,62.6434,24.2333,3.38106,0.256752
1.0948,18.3615,18.3615,3.36897,61.8595,62.6489,24.2325,3.36897,0.255085
1.095,18.4079,18.4079,3.36669,61.9737,62.6545,24.2321,3.36669,0.253419
1.0952,18.4361,18.4361,3.35566,61.8652,62.6601,24.2315,3.35566,0.251752
1.0954,18.4864,18.4864,3.34792,61.8911,62.6656,24.2311,3.34792,0.250085
1.0956,18.4282,18.4282,3.36824,62.0707,62.6712,24.2323,3.36824,0.251752
1.0958,18.3832,18.3832,3.37179,61.9842,62.6768,24.2328,3.37179,0.253419
1.096,18.3527,18.3527,3.37784,61.9924,62.6823,24.2329,3.37784,0.255085
1.0962,18.2973,18.2973,3.38773,61.9862,62.6879,24.2338,3.38773,0.256752
1.0964,18.3648,18.3648,3.36819,61.8562,62.6935,24.2324,3.36819,0.255085
1.0966,18.4177,18.4177,3.36282,61.9355,62.699,24.2321,3.36282,0.253419
1.0968,18.4321,18.4321,3.36179,61.965,62.7046,24.2318,3.36179,0.251752
1.097,18.4879,18.4879,3.34849,61.9065,62.7102,24.231,3.34849,0.250085
1.0972,18.4401,18.4401,3.36781,62.1027,62.7157,24.2323,3.36781,0.251752
1.0974,18.379,18.379,3.37561,62.0404,62.7213,24.2329,3.37561,0.253419
1.0976,18.3539,18.3539,3.3798,62.0325,62.7269,24.2332,3.3798,0.255085
1.0978,18.3105,18.3105,3.3861,62.0012,62.7324,24.2334,3.3861,0.256752
1.098,18.3654,18.3654,3.37252,61.9377,62.738,24.2326,3.37252,0.255085
1.0982,18.3947,18.3947,3.37362,62.0568,62.7436,24.2328,3.37362,0.253419
1.0984,18.435,18.435,3.3622,61.9821,62.7491,24.232,3.3622,0.251752
1.0986,18.4814,18.4814,3.35397,61.9861,62.7547,24.2315,3.35397,0.250085
1.0988,18.4279,18.4279,3.37132,62.1264,62.7603,24.2326,3.37132,0.251752
1.099,18.3833,18.3833,3.37676,62.0762,62.7658,24.233,3.37676,0.253419
1.0992,18.3544,18.3544,3.38396,62.1106,62.7714,24.2336,3.38396,0.255085
1.0994,18.3006,18.3006,3.39059,62.0498,62.777,24.234,3.39059,0.256752
1.0996,18.3744,18.3744,3.37191,61.9568,62.7825,24.2327,3.37191,0.255085
1.0998,18.4029,18.4029,3.37438,62.0984,62.7881,24.2329,3.37438,0.253419
1.1,18.4386,18.4386,3.3634,62.0164,62.7937,24.2322,3.3634,0.251752
1.1002,18.4865,18.4865,3.35416,62.0068,62.7992,24.2315,3.35416,0.250085
1.1004,18.4365,18.4365,3.37232,62.1737,62.8048,24.2328,3.37232,0.251752
1.1006,18.389,18.389,3.37975,62.1502,62.8104,24.2331,3.37975,0.253419
1.1008,18.3556,18.3556,3.38571,62.1466,62.8159,24.2336,3.38571,0.255085
1.101,18.2908,18.2908,3.39497,62.0966,62.8215,24.2343,3.39497,0.256752
1.1012,18.3534,18.3534,3.37912,62.0185,62.8271,24.233,3.37912,0.255085
1.1014,18.4076,18.4076,3.3704,62.0411,62.8326,24.2327,3.3704,0.253419
1.1016,18.4501,18.4501,3.36599,62.1029,62.8382,24.2323,3.36599,0.251752
1.1018,18.4845,18.4845,3.35762,62.0638,62.8438,24.2318,3.35762,0.250085
1.102,18.437,18.437,3.37326,62.193,62.8494,24.2328,3.37326,0.251752
1.1022,18.3856,18.3856,3.38178,62.1761,62.8549,24.2332,3.38178,0.253419
1.1024,18.3511,18.3511,3.38825,62.1781,62.8605,24.2337,3.38825,0.255085
1.1026,18.2975,18.2975,3.39697,62.1561,62.8661,24.2344,3.39697,0.256752
1.1028,18.3652,18.3652,3.37743,62.0271,62.8716,24.2329,3.37743,0.255085
1.103,18.4127,18.4127,3.37335,62.1125,62.8772,24.2327,3.37335,0.253419
1.1032,18.44,18.44,3.37007,62.1441,62.8828,24.2326,3.37007,0.251752
1.1034,18.4915,18.4915,3.359,62.1128,62.8883,24.2318,3.359,0.250085
1.1036,18.4421,18.4421,3.3785,62.3065,62.8939,24.2332,3.3785,0.251752
1.1038,18.3724,18.3724,3.38717,62.2307,62.8995,24.2336,3.38717,0.253419
1.104,18.355,18.355,3.38422,62.1173,62.905,24.2335,3.38422,0.255085
1.1042,18.3013,18.3013,3.4005,62.2337,62.9106,24.2346,3.4005,0.256752
1.1044,18.3732,18.3732,3.37721,62.05,62.9162,24.2329,3.37721,0.255085
1.1046,18.4105,18.4105,3.37746,62.1808,62.9217,24.2329,3.37746,0.253419
1.1048,18.4452,18.4452,3.37076,62.1743,62.9273,24.2324,3.37076,0.251752
1.105,18.4906,18.4906,3.36141,62.1546,62.9329,24.2321,3.36141,0.250085
1.1052,18.4412,18.4412,3.37958,62.3234,62.9384,24.2332,3.37958,0.251752
1.1054,18.3877,18.3877,3.38606,62.2617,62.944,24.2337,3.38606,0.253419
1.1056,18.3485,18.3485,3.39379,62.271,62.9496,24.2342,3.39379,0.255085
1.1058,18.2975,18.2975,3.4022,62.2517,62.9551,24.2348,3.4022,0.256752
1.106,18.3602,18.3602,3.38229,62.0997,62.9607,24.2332,3.38229,0.255085
1.1062,18.4084,18.4084,3.37836,62.1901,62.9663,24.2329,3.37836,0.253419
1.1064,18.4531,18.4531,3.37201,62.2238,62.9718,24.2326,3.37201,0.251752
1.1066,18.4931,18.4931,3.36385,62.208,62.9774,24.2322,3.36385,0.250085
1.1068,18.4456,18.4456,3.38132,62.3706,62.983,24.2333,3.38132,0.251752
1.107,18.3744,18.3744,3.38848,62.2613,62.9885,24.2339,3.38848,0.253419
1.1072,18.3671,18.3671,3.39191,62.2994,62.9941,24.2341,3.39191,0.255085
1.1074,18.2981,18.2981,3.40607,62.3247,62.9997,24.235,3.40607,0.256752
1.1076,18.3589,18.3589,3.38416,62.1294,63.0052,24.2336,3.38416,0.255085
1.1078,18.4126,18.4126,3.38365,62.3016,63.0108,24.2333,3.38365,0.253419
1.108,18.4376,18.4376,3.37458,62.2193,63.0164,24.233,3.37458,0.251752
1.1082,18.495,18.495,3.36724,62.2769,63.0219,24.2322,3.36724,0.250085
1.1084,18.4297,18.4297,3.38668,62.4153,63.0275,24.2337,3.38668,0.251752
1.1086,18.3721,18.3721,3.39474,62.3684,63.0331,24.2341,3.39474,0.253419
1.1088,18.3589,18.3589,3.39261,62.2846,63.0386,24.2342,3.39261,0.255085
1.109,18.3034,18.3034,3.40944,62.4042,63.0442,24.2352,3.40944,0.256752
1.1092,18.3586,18.3586,3.38711,62.1826,63.0498,24.2336,3.38711,0.255085
1.1094,18.4188,18.4188,3.38671,62.3791,63.0554,24.2337,3.38671,0.253419
1.1096,18.4401,18.4401,3.37789,62.2887,63.0609,24.2331,3.37789,0.251752
1.1098,18.4967,18.4967,3.36973,62.3289,63.0665,24.2326,3.36973,0.250085
1.11,18.4389,18.4389,3.38503,62.4163,63.0721,24.2335,3.38503,0.251752
1.1102,18.3791,18.3791,3.39538,62.4041,63.0776,24.2342,3.39538,0.253419
1.1104,18.3571,18.3571,3.39831,62.3832,63.0832,24.2345,3.39831,0.255085
1.1106,18.3049,18.3049,3.4076,62.3759,63.0888,24.2351,3.4076,0.256752
1.1108,18.3587,18.3587,3.39026,62.2407,63.0943,24.2339,3.39026,0.255085
1.111,18.4207,18.4207,3.38625,62.377,63.0999,24.2335,3.38625,0.253419
1.1112,18.4415,18.4415,3.38065,62.3444,63.1055,24.2333,3.38065,0.251752
1.1114,18.4944,18.4944,3.37072,62.3395,63.111,24.2327,3.37072,0.250085
1.1116,18.4365,18.4365,3.38929,62.4866,63.1166,24.2337,3.38929,0.251752
1.1118,18.3851,18.3851,3.3959,62.4342,63.1222,24.2343,3.3959,0.253419
1.112,18.355,18.355,3.40014,62.4095,63.1277,24.2345,3.40014,0.255085
1.1122,18.3029,18.3029,3.41116,62.4341,63.1333,24.2354,3.41116,0.256752
1.1124,18.3641,18.3641,3.39166,62.2847,63.1389,24.2341,3.39166,0.255085
1.1126,18.4189,18.4189,3.38946,62.4299,63.1444,24.2337,3.38946,0.253419
1.1128,18.4446,18.4446,3.38224,62.3842,63.15,24.2334,3.38224,0.251752
1.113,18.4959,18.4959,3.37185,62.3656,63.1556,24.2325,3.37185,0.250085
1.1132,18.4343,18.4343,3.39287,62.5452,63.1611,24.2341,3.39287,0.251752
1.1134,18.3912,18.3912,3.39638,62.4636,63.1667,24.2342,3.39638,0.253419
1.1136,18.3582,18.3582,3.40277,62.4687,63.1723,24.2348,3.40277,0.255085
1.1138,18.3087,18.3087,3.41293,62.4864,63.1778,24.2355,3.41293,0.256752
1.114,18.3714,18.3714,3.39188,62.3136,63.1834,24.2341,3.39188,0.255085
1.1142,18.4257,18.4257,3.38989,62.461,63.189,24.234,3.38989,0.253419
1.1144,18.4461,18.4461,3.386,62.4587,63.1945,24.2337,3.386,0.251752
1.1146,18.4819,18.4819,3.37398,62.3575,63.2001,24.2328,3.37398,0.250085
1.1148,18.4494,18.4494,3.3922,62.5842,63.2057,24.2341,3.3922,0.251752
1.115,18.3875,18.3875,3.40061,62.5287,63.2112,24.2345,3.40061,0.253419
1.1152,18.3586,18.3586,3.40534,62.5173,63.2168,24.235,3.40534,0.255085
1.1154,18.2995,18.2995,3.41774,62.5429,63.2224,24.2359,3.41774,0.256752
1.1156,18.3639,18.3639,3.39464,62.3388,63.2279,24.2343,3.39464,0.255085
1.1158,18.4102,18.4102,3.39753,62.5494,63.2335,24.2344,3.39753,0.253419
1.116,18.4465,18.4465,3.38654,62.4699,63.2391,24.2338,3.38654,0.251752
1.1162,18.4878,18.4878,3.37752,62.443,63.2446,24.2331,3.37752,0.250085
1.1164,18.4433,18.4433,3.39608,62.635,63.2502,24.2343,3.39608,0.251752
1.1166,18.3874,18.3874,3.40238,62.5608,63.2558,24.2346,3.40238,0.253419
1.1168,18.3635,18.3635,3.4043,62.5149,63.2614,24.235,3.4043,0.255085
1.117,18.3089,18.3089,3.4177,62.5743,63.2669,24.2358,3.4177,0.256752
1.1172,18.3587,18.3587,3.40004,62.4203,63.2725,24.2346,3.40004,0.255085
1.1174,18.4057,18.4057,3.3977,62.5369,63.2781,24.2343,3.3977,0.253419
1.1176,18.4482,18.4482,3.38766,62.4963,63.2836,24.2338,3.38766,0.251752
1.1178,18.4818,18.4818,3.38099,62.4867,63.2892,24.2331,3.38099,0.250085
1.118,18.4482,18.4482,3.39439,62.6204,63.2948,24.2342,3.39439,0.251752
1.1182,18.3921,18.3921,3.40378,62.6024,63.3003,24.2348,3.40378,0.253419
1.1184,18.3547,18.3547,3.41058,62.6,63.3059,24.2353,3.41058,0.255085
1.1186,18.3159,18.3159,3.41881,62.6187,63.3115,24.2359,3.41881,0.256752
1.1188,18.3653,18.3653,3.40139,62.4674,63.317,24.2347,3.40139,0.255085
1.119,18.4163,18.4163,3.40029,62.6206,63.3226,24.2347,3.40029,0.253419
1.1192,18.4479,18.4479,3.39005,62.5394,63.3282,24.2339,3.39005,0.251752
1.1194,18.4895,18.4895,3.38401,62.5685,63.3337,24.2335,3.38401,0.250085
1.1196,18.445,18.445,3.39939,62.7018,63.3393,24.2346,3.39939,0.251752
1.1198,18.3857,18.3857,3.40796,62.6578,63.3449,24.2352,3.40796,0.253419
1.12,18.3626,18.3626,3.40853,62.5894,63.3504,24.2352,3.40853,0.255085
1.1202,18.3159,18.3159,3.422,62.677,63.356,24.2361,3.422,0.256752
1.1204,18.3601,18.3601,3.40465,62.5097,63.3616,24.2348,3.40465,0.255085
1.1206,18.426,18.426,3.39416,62.5407,63.3671,24.2342,3.39416,0.253419
1.1208,18.4516,18.4516,3.39613,62.664,63.3727,24.2343,3.39613,0.251752
1.121,18.4824,18.4824,3.38516,62.5657,63.3783,24.2337,3.38516,0.250085
1.1212,18.4467,18.4467,3.40161,62.7486,63.3838,24.2347,3.40161,0.251752
1.1214,18.3919,18.3919,3.40954,62.7079,63.3894,24.2352,3.40954,0.253419
1.1216,18.3666,18.3666,3.41157,62.6591,63.395,24.2354,3.41157,0.255085
1.1218,18.3171,18.3171,3.42622,62.7582,63.4005,24.2364,3.42622,0.256752
1.122,18.3668,18.3668,3.40495,62.5378,63.4061,24.2348,3.40495,0.255085
1.1222,18.4174,18.4174,3.40175,62.6512,63.4117,24.2347,3.40175,0.253419
1.1224,18.4507,18.4507,3.39828,62.7006,63.4172,24.2344,3.39828,0.251752
1.1226,18.4789,18.4789,3.38724,62.5926,63.4228,24.2338,3.38724,0.250085
1.1228,18.4477,18.4477,3.39974,62.7172,63.4284,24.2344,3.39974,0.251752
1.123,18.3862,18.3862,3.4136,62.7632,63.4339,24.2353,3.4136,0.253419
1.1232,18.363,18.363,3.41461,62.7025,63.4395,24.2355,3.41461,0.255085
1.1234,18.3034,18.3034,3.42827,62.7491,63.4451,24.2366,3.42827,0.256752
1.1236,18.3668,18.3668,3.40773,62.5893,63.4506,24.2351,3.40773,0.255085
1.1238,18.4134,18.4134,3.40633,62.7221,63.4562,24.2351,3.40633,0.253419
1.124,18.4452,18.4452,3.39786,62.6743,63.4618,24.2343,3.39786,0.251752
1.1242,18.4926,18.4926,3.38662,62.6273,63.4674,24.2336,3.38662,0.250085
1.1244,18.4469,18.4469,3.40752,62.858,63.4729,24.2351,3.40752,0.251752
1.1246,18.3952,18.3952,3.41133,62.7521,63.4785,24.2354,3.41133,0.253419
1.1248,18.3547,18.3547,3.42255,62.8199,63.4841,24.236,3.42255,0.255085
1.125,18.3149,18.3149,3.42725,62.7696,63.4896,24.2365,3.42725,0.256752
1.1252,18.3715,18.3715,3.41074,62.6604,63.4952,24.2353,3.41074,0.255085
1.1254,18.4209,18.4209,3.40781,62.7749,63.5008,24.2352,3.40781,0.253419
1.1256,18.4517,18.4517,3.39989,62.7337,63.5063,24.2345,3.39989,0.251752
1.1258,18.4856,18.4856,3.39521,62.7625,63.5119,24.2343,3.39521,0.250085
1.126,18.4499,18.4499,3.40601,62.8406,63.5175,24.2349,3.40601,0.251752
1.1262,18.3972,18.3972,3.41787,62.8792,63.523,24.2359,3.41787,0.253419
1.1264,18.3526,18.3526,3.42195,62.8016,63.5286,24.2361,3.42195,0.255085
1.1266,18.3174,18.3174,3.43228,62.8705,63.5342,24.2368,3.43228,0.256752
1.1268,18.3492,18.3492,3.41913,62.7382,63.5397,24.2357,3.41913,0.255085
1.127,18.4133,18.4133,3.4083,62.7579,63.5453,24.235,3.4083,0.253419
1.1272,18.453,18.453,3.40444,62.8223,63.5509,24.2348,3.40444,0.251752
1.1274,18.3999,18.3999,3.42371,62.9959,63.5564,24.2363,3.42371,0.253419
1.1276,18.3485,18.3485,3.42584,62.8589,63.562,24.2363,3.42584,0.255085
1.1278,18.3186,18.3186,3.43045,62.8411,63.5676,24.2367,3.43045,0.256752
1.128,18.352,18.352,3.42132,62.7881,63.5731,24.2361,3.42132,0.255085
1.1282,18.4201,18.4201,3.40779,62.7719,63.5787,24.2352,3.40779,0.253419
1.1284,18.4591,18.4591,3.40332,62.8223,63.5843,24.2348,3.40332,0.251752
1.1286,18.3967,18.3967,3.42884,63.0792,63.5898,24.2367,3.42884,0.253419
1.1288,18.3483,18.3483,3.42366,62.8183,63.5954,24.2362,3.42366,0.255085
1.129,18.3267,18.3267,3.43285,62.9129,63.601,24.2368,3.43285,0.256752
1.1292,18.281,18.281,3.43766,62.8439,63.6065,24.2371,3.43766,0.258419
1.1294,18.3286,18.3286,3.42788,62.8282,63.6121,24.2364,3.42788,0.256752
1.1296,18.3612,18.3612,3.4241,62.8706,63.6177,24.2361,3.4241,0.255085
1.1298,18.4186,18.4186,3.41017,62.8105,63.6232,24.2353,3.41017,0.253419
1.13,18.4669,18.4669,3.40444,62.8696,63.6288,24.2349,3.40444,0.251752
1.1302,18.4182,18.4182,3.41893,62.9705,63.6344,24.2359,3.41893,0.253419
1.1304,18.354,18.354,3.43013,62.9566,63.6399,24.2367,3.43013,0.255085
1.1306,18.3127,18.3127,3.43776,62.9546,63.6455,24.2373,3.43776,0.256752
1.1308,18.3601,18.3601,3.42321,62.8504,63.6511,24.2363,3.42321,0.255085
1.131,18.4146,18.4146,3.41605,62.9051,63.6566,24.2357,3.41605,0.253419
1.1312,18.4518,18.4518,3.40826,62.8885,63.6622,24.2351,3.40826,0.251752
1.1314,18.3966,18.3966,3.43066,63.1124,63.6678,24.2368,3.43066,0.253419
1.1316,18.3479,18.3479,3.43005,62.9342,63.6734,24.2367,3.43005,0.255085
1.1318,18.3224,18.3224,3.4383,62.9978,63.6789,24.2373,3.4383,0.256752
1.132,18.2807,18.2807,3.44319,62.9438,63.6845,24.2376,3.44319,0.258419
1.1322,18.3311,18.3311,3.42914,62.8597,63.6901,24.2366,3.42914,0.256752
1.1324,18.3773,18.3773,3.42598,62.9602,63.6956,24.2365,3.42598,0.255085
1.1326,18.4103,18.4103,3.41813,62.9288,63.7012,24.2359,3.41813,0.253419
1.1328,18.4523,18.4523,3.4069,62.8652,63.7068,24.2351,3.4069,0.251752
1.133,18.4217,18.4217,3.42093,63.0193,63.7123,24.2359,3.42093,0.253419
1.1332,18.3599,18.3599,3.43476,63.0617,63.7179,24.237,3.43476,0.255085
1.1334,18.3042,18.3042,3.4428,63.0176,63.7235,24.2376,3.4428,0.256752
1.1336,18.3692,18.3692,3.4222,62.863,63.729,24.2359,3.4222,0.255085
1.1338,18.4259,18.4259,3.41801,62.9797,63.7346,24.2356,3.41801,0.253419
1.134,18.4437,18.4437,3.41211,62.9319,63.7402,24.2354,3.41211,0.251752
1.1342,18.4922,18.4922,3.40292,62.9274,63.7457,24.2346,3.40292,0.250085
1.1344,18.4563,18.4563,3.42357,63.1865,63.7513,24.2363,3.42357,0.251752
1.1346,18.3903,18.3903,3.42664,63.0168,63.7569,24.2364,3.42664,0.253419
1.1348,18.3639,18.3639,3.43377,63.0574,63.7624,24.2368,3.43377,0.255085
1.135,18.3076,18.3076,3.44804,63.1252,63.768,24.2379,3.44804,0.256752
1.1352,18.3722,18.3722,3.42321,62.8918,63.7736,24.236,3.42321,0.255085
1.1354,18.3998,18.3998,3.42987,63.1088,63.7791,24.2366,3.42987,0.253419
1.1356,18.4451,18.4451,3.41433,62.9775,63.7847,24.2357,3.41433,0.251752
1.1358,18.4807,18.4807,3.40902,63.001,63.7903,24.2352,3.40902,0.250085
1.136,18.4434,18.4434,3.42342,63.1394,63.7958,24.2363,3.42342,0.251752
1.1362,18.407,18.407,3.42804,63.0998,63.8014,24.2363,3.42804,0.253419
1.1364,18.3596,18.3596,3.43666,63.0955,63.807,24.2372,3.43666,0.255085
1.1366,18.3078,18.3078,3.44977,63.1577,63.8125,24.2381,3.44977,0.256752
1.1368,18.3692,18.3692,3.42644,62.9408,63.8181,24.2362,3.42644,0.255085
1.137,18.4005,18.4005,3.43433,63.1936,63.8237,24.237,3.43433,0.253419
1.1372,18.4578,18.4578,3.41286,62.9938,63.8292,24.2355,3.41286,0.251752
1.1374,18.3909,18.3909,3.43982,63.2615,63.8348,24.2373,3.43982,0.253419
1.1376,18.3651,18.3651,3.43576,63.098,63.8404,24.2371,3.43576,0.255085
1.1378,18.3176,18.3176,3.45099,63.2138,63.8459,24.2381,3.45099,0.256752
1.138,18.3722,18.3722,3.4298,63.0129,63.8515,24.2367,3.4298,0.255085
1.1382,18.4212,18.4212,3.43099,63.203,63.8571,24.2368,3.43099,0.253419
1.1384,18.4502,18.4502,3.41951,63.0906,63.8626,24.2358,3.41951,0.251752
1.1386,18.4954,18.4954,3.41184,63.1033,63.8682,24.2354,3.41184,0.250085
1.1388,18.4437,18.4437,3.42768,63.2192,63.8738,24.2366,3.42768,0.251752
1.139,18.408,18.408,3.4347,63.226,63.8794,24.2371,3.4347,0.253419
1.1392,18.3629,18.3629,3.44012,63.1706,63.8849,24.2374,3.44012,0.255085
1.1394,18.3092,18.3092,3.45395,63.2391,63.8905,24.2383,3.45395,0.256752
1.1396,18.3704,18.3704,3.43215,63.0498,63.8961,24.2369,3.43215,0.255085
1.1398,18.4359,18.4359,3.42431,63.1302,63.9016,24.2361,3.42431,0.253419
1.14,18.4507,18.4507,3.42254,63.1484,63.9072,24.2361,3.42254,0.251752
1.1402,18.4834,18.4834,3.41612,63.1416,63.9128,24.2358,3.41612,0.250085
1.1404,18.4392,18.4392,3.42977,63.2423,63.9183,24.2367,3.42977,0.251752
1.1406,18.4002,18.4002,3.43722,63.2457,63.9239,24.2372,3.43722,0.253419
1.1408,18.3677,18.3677,3.44211,63.2235,63.9295,24.2375,3.44211,0.255085
1.141,18.3094,18.3094,3.45607,63.2788,63.935,24.2382,3.45607,0.256752
1.1412,18.3589,18.3589,3.43633,63.0873,63.9406,24.2371,3.43633,0.255085
1.1414,18.4281,18.4281,3.42775,63.1667,63.9462,24.2363,3.42775,0.253419
1.1416,18.4548,18.4548,3.42239,63.1595,63.9517,24.2362,3.42239,0.251752
1.1418,18.4829,18.4829,3.42092,63.2285,63.9573,24.2359,3.42092,0.250085
1.142,18.4401,18.4401,3.42983,63.2466,63.9629,24.2366,3.42983,0.251752
1.1422,18.4016,18.4016,3.44045,63.3099,63.9684,24.2372,3.44045,0.253419
1.1424,18.3474,18.3474,3.45083,63.3137,63.974,24.2382,3.45083,0.255085
1.1426,18.3146,18.3146,3.4551,63.2789,63.9796,24.2381,3.4551,0.256752
1.1428,18.3798,18.3798,3.43627,63.1579,63.9851,24.2371,3.43627,0.255085
1.143,18.4272,18.4272,3.43292,63.2592,63.9907,24.2368,3.43292,0.253419
1.1432,18.4605,18.4605,3.42432,63.2145,63.9963,24.2363,3.42432,0.251752
1.1434,18.4081,18.4081,3.44359,63.39,64.0018,24.2376,3.44359,0.253419
1.1436,18.363,18.363,3.44664,63.2907,64.0074,24.2377,3.44664,0.255085
1.1438,18.3112,18.3112,3.4589,63.3364,64.013,24.2387,3.4589,0.256752
1.144,18.3678,18.3678,3.43744,63.1382,64.0185,24.237,3.43744,0.255085
1.1442,18.4311,18.4311,3.43594,63.328,64.0241,24.2371,3.43594,0.253419
1.1444,18.4492,18.4492,3.42832,63.2498,64.0297,24.2366,3.42832,0.251752
1.1446,18.5025,18.5025,3.41673,63.218,64.0352,24.2357,3.41673,0.250085
1.1448,18.4417,18.4417,3.4398,63.4358,64.0408,24.2374,3.4398,0.251752
1.145,18.3824,18.3824,3.44847,63.3913,64.0464,24.238,3.44847,0.253419
1.1452,18.3756,18.3756,3.44432,63.2916,64.0519,24.2376,3.44432,0.255085
1.1454,18.3252,18.3252,3.46158,63.434,64.0575,24.2388,3.46158,0.256752
1.1456,18.377,18.377,3.43802,63.1806,64.0631,24.2372,3.43802,0.255085
1.1458,18.4352,18.4352,3.43373,63.3016,64.0686,24.2369,3.43373,0.253419
1.146,18.4556,18.4556,3.43084,63.3182,64.0742,24.2367,3.43084,0.251752
1.1462,18.4938,18.4938,3.42133,63.2732,64.0798,24.2361,3.42133,0.250085
1.1464,18.4532,18.4532,3.43592,63.4036,64.0854,24.2371,3.43592,0.251752
1.1466,18.4042,18.4042,3.44358,63.3764,64.0909,24.2374,3.44358,0.253419
1.1468,18.3758,18.3758,3.44928,63.3833,64.0965,24.238,3.44928,0.255085
1.147,18.3177,18.3177,3.46367,63.4465,64.1021,24.2389,3.46367,0.256752
1.1472,18.3806,18.3806,3.44065,63.2414,64.1076,24.2372,3.44065,0.255085
1.1474,18.4273,18.4273,3.43942,63.3792,64.1132,24.2373,3.43942,0.253419
1.1476,18.4587,18.4587,3.43242,63.3581,64.1188,24.2366,3.43242,0.251752
1.1478,18.3976,18.3976,3.45344,63.5348,64.1243,24.2383,3.45344,0.253419
1.148,18.3635,18.3635,3.45432,63.4333,64.1299,24.2382,3.45432,0.255085
1.1482,18.3201,18.3201,3.4614,63.4131,64.1355,24.2388,3.4614,0.256752
1.1484,18.3782,18.3782,3.44426,63.2993,64.141,24.2377,3.44426,0.255085
1.1486,18.4116,18.4116,3.4438,63.406,64.1466,24.2376,3.4438,0.253419
1.1488,18.4567,18.4567,3.43351,63.3711,64.1522,24.237,3.43351,0.251752
1.149,18.4094,18.4094,3.45268,63.5619,64.1577,24.2383,3.45268,0.253419
1.1492,18.3551,18.3551,3.45679,63.4497,64.1633,24.2382,3.45679,0.255085
1.1494,18.3182,18.3182,3.46483,63.4694,64.1689,24.239,3.46483,0.256752
1.1496,18.3665,18.3665,3.44637,63.2976,64.1744,24.2377,3.44637,0.255085
1.1498,18.4106,18.4106,3.44597,63.4424,64.18,24.2377,3.44597,0.253419
1.15,18.4578,18.4578,3.43564,63.4145,64.1856,24.2371,3.43564,0.251752
1.1502,18.3903,18.3903,3.45575,63.5522,64.1911,24.2384,3.45575,0.253419
1.1504,18.3636,18.3636,3.4537,63.4225,64.1967,24.2381,3.4537,0.255085
1.1506,18.3239,18.3239,3.46653,63.5203,64.2023,24.2389,3.46653,0.256752
1.1508,18.3727,18.3727,3.44748,63.3395,64.2078,24.2377,3.44748,0.255085
1.151,18.4405,18.4405,3.44068,63.4479,64.2134,24.2374,3.44068,0.253419
1.1512,18.4497,18.4497,3.4434,63.5298,64.219,24.2375,3.4434,0.251752
1.1514,18.491,18.491,3.42857,63.3977,64.2245,24.2366,3.42857,0.250085
1.1516,18.4414,18.4414,3.44836,63.5925,64.2301,24.2379,3.44836,0.251752
1.1518,18.3976,18.3976,3.45359,63.5378,64.2357,24.2383,3.45359,0.253419
1.152,18.3684,18.3684,3.45928,63.5414,64.2412,24.2387,3.45928,0.255085
1.1522,18.3194,18.3194,3.46983,63.5653,64.2468,24.2394,3.46983,0.256752
1.1524,18.3832,18.3832,3.44695,63.366,64.2524,24.2377,3.44695,0.255085
1.1526,18.4439,18.4439,3.4453,63.5447,64.2579,24.2377,3.4453,0.253419
1.1528,18.3601,18.3601,3.46821,63.6767,64.2635,24.2393,3.46821,0.255085
1.153,18.3078,18.3078,3.46969,63.5223,64.2691,24.2391,3.46969,0.256752
1.1532,18.387,18.387,3.44823,63.4025,64.2746,24.2379,3.44823,0.255085
1.1534,18.4164,18.4164,3.45435,63.6168,64.2802,24.2383,3.45435,0.253419
1.1536,18.4514,18.4514,3.43951,63.4638,64.2858,24.2373,3.43951,0.251752
1.1538,18.405,18.405,3.45935,63.6692,64.2914,24.2387,3.45935,0.253419
1.154,18.3543,18.3543,3.46509,63.5992,64.2969,24.239,3.46509,0.255085
1.1542,18.3208,18.3208,3.4707,63.586,64.3025,24.2394,3.4707,0.256752
1.1544,18.363,18.363,3.45817,63.5026,64.3081,24.2386,3.45817,0.255085
1.1546,18.4054,18.4054,3.45241,63.5429,64.3136,24.2383,3.45241,0.253419
1.1548,18.4607,18.4607,3.43802,63.4684,64.3192,24.2372,3.43802,0.251752
1.155,18.4011,18.4011,3.465,63.7598,64.3248,24.2391,3.465,0.253419
1.1552,18.3432,18.3432,3.46507,63.5606,64.3303,24.2391,3.46507,0.255085
1.1554,18.3316,18.3316,3.46864,63.5857,64.3359,24.2393,3.46864,0.256752
1.1556,18.288,18.288,3.48015,63.645,64.3415,24.2401,3.48015,0.258419
1.1558,18.3244,18.3244,3.46529,63.4994,64.347,24.2388,3.46529,0.256752
1.156,18.3907,18.3907,3.45323,63.5074,64.3526,24.238,3.45323,0.255085
1.1562,18.4109,18.4109,3.45641,63.6358,64.3582,24.2386,3.45641,0.253419
1.1564,18.4437,18.4437,3.44308,63.5031,64.3637,24.2374,3.44308,0.251752
1.1566,18.508,18.508,3.43398,63.5562,64.3693,24.237,3.43398,0.250085
1.1568,18.4545,18.4545,3.45403,63.7425,64.3749,24.2383,3.45403,0.251752
1.157,18.3921,18.3921,3.46448,63.7192,64.3804,24.2391,3.46448,0.253419
1.1572,18.3499,18.3499,3.46805,63.6383,64.386,24.2393,3.46805,0.255085
1.1574,18.3077,18.3077,3.48327,63.7706,64.3916,24.2403,3.48327,0.256752
1.1576,18.3701,18.3701,3.45577,63.4828,64.3971,24.2384,3.45577,0.255085
1.1578,18.4149,18.4149,3.45953,63.7069,64.4027,24.2387,3.45953,0.253419
1.158,18.4216,18.4216,3.45397,63.6276,64.4083,24.2381,3.45397,0.251752
1.1582,18.4979,18.4979,3.43719,63.5806,64.4138,24.2372,3.43719,0.250085
1.1584,18.445,18.445,3.45681,63.7609,64.4194,24.2385,3.45681,0.251752
1.1586,18.3922,18.3922,3.46547,63.7375,64.425,24.2391,3.46547,0.253419
1.1588,18.3567,18.3567,3.46977,63.6935,64.4305,24.2394,3.46977,0.255085
1.159,18.3278,18.3278,3.47695,63.7247,64.4361,24.2399,3.47695,0.256752
1.1592,18.2719,18.2719,3.48807,63.7337,64.4417,24.2406,3.48807,0.258419
1.1594,18.3339,18.3339,3.4691,63.6021,64.4472,24.2393,3.4691,0.256752
1.1596,18.3724,18.3724,3.46995,63.7514,64.4528,24.2394,3.46995,0.255085
1.1598,18.409,18.409,3.45662,63.6327,64.4584,24.2383,3.45662,0.253419
1.16,18.4553,18.4553,3.44719,63.619,64.4639,24.2377,3.44719,0.251752
1.1602,18.4143,18.4143,3.47019,63.9011,64.4695,24.2395,3.47019,0.253419
1.1604,18.3522,18.3522,3.47361,63.7484,64.4751,24.2397,3.47361,0.255085
1.1606,18.3103,18.3103,3.4794,63.7089,64.4806,24.2401,3.4794,0.256752
1.1608,18.3849,18.3849,3.4634,63.6742,64.4862,24.239,3.4634,0.255085
1.161,18.4037,18.4037,3.46537,63.7757,64.4918,24.2391,3.46537,0.253419
1.1612,18.4517,18.4517,3.45089,63.6746,64.4974,24.2382,3.45089,0.251752
1.1614,18.3999,18.3999,3.4708,63.8624,64.5029,24.2394,3.4708,0.253419
1.1616,18.3655,18.3655,3.47408,63.8033,64.5085,24.2397,3.47408,0.255085
1.1618,18.3244,18.3244,3.48036,63.7755,64.5141,24.2401,3.48036,0.256752
1.162,18.3727,18.3727,3.46458,63.6537,64.5196,24.239,3.46458,0.255085
1.1622,18.4122,18.4122,3.46451,63.7893,64.5252,24.2391,3.46451,0.253419
1.1624,18.4478,18.4478,3.4539,63.7171,64.5308,24.2383,3.4539,0.251752
1.1626,18.4078,18.4078,3.47042,63.8827,64.5363,24.2394,3.47042,0.253419
1.1628,18.3664,18.3664,3.47269,63.7806,64.5419,24.2396,3.47269,0.255085
1.163,18.3256,18.3256,3.48212,63.812,64.5475,24.2403,3.48212,0.256752
1.1632,18.2799,18.2799,3.49322,63.8555,64.553,24.241,3.49322,0.258419
1.1634,18.337,18.337,3.47487,63.7188,64.5586,24.2395,3.47487,0.256752
1.1636,18.3896,18.3896,3.47019,63.8152,64.5642,24.2394,3.47019,0.255085
1.1638,18.4098,18.4098,3.46639,63.8154,64.5697,24.2391,3.46639,0.253419
1.164,18.4469,18.4469,3.45517,63.7371,64.5753,24.2382,3.45517,0.251752
1.1642,18.3988,18.3988,3.47694,63.9714,64.5809,24.24,3.47694,0.253419
1.1644,18.3658,18.3658,3.47559,63.8321,64.5864,24.2398,3.47559,0.255085
1.1646,18.3311,18.3311,3.48695,63.9197,64.592,24.2405,3.48695,0.256752
1.1648,18.2723,18.2723,3.49422,63.8474,64.5976,24.241,3.49422,0.258419
1.165,18.3446,18.3446,3.47671,63.7788,64.6031,24.2397,3.47671,0.256752
1.1652,18.3956,18.3956,3.46954,63.8242,64.6087,24.2393,3.46954,0.255085
1.1654,18.4117,18.4117,3.4703,63.8941,64.6143,24.2395,3.4703,0.253419
1.1656,18.4476,18.4476,3.46003,63.8293,64.6198,24.2385,3.46003,0.251752
1.1658,18.3979,18.3979,3.47672,63.9645,64.6254,24.2398,3.47672,0.253419
1.166,18.3674,18.3674,3.4789,63.8983,64.631,24.24,3.4789,0.255085
1.1662,18.3198,18.3198,3.49302,63.9915,64.6365,24.2407,3.49302,0.256752
1.1664,18.3755,18.3755,3.47076,63.7769,64.6421,24.2395,3.47076,0.255085
1.1666,18.426,18.426,3.46877,63.9154,64.6477,24.2393,3.46877,0.253419
1.1668,18.4481,18.4481,3.46413,63.9066,64.6532,24.239,3.46413,0.251752
1.167,18.4983,18.4983,3.45039,63.8265,64.6588,24.238,3.45039,0.250085
1.1672,18.4497,18.4497,3.46982,64.0171,64.6644,24.2392,3.46982,0.251752
1.1674,18.405,18.405,3.47607,63.9769,64.6699,24.2396,3.47607,0.253419
1.1676,18.3598,18.3598,3.4846,63.9767,64.6755,24.2405,3.4846,0.255085
1.1678,18.3264,18.3264,3.49008,63.9606,64.6811,24.2407,3.49008,0.256752
1.168,18.2802,18.2802,3.50008,63.982,64.6866,24.2413,3.50008,0.258419
1.1682,18.3364,18.3364,3.4785,63.783,64.6922,24.24,3.4785,0.256752
1.1684,18.394,18.394,3.47916,63.9956,64.6978,24.2401,3.47916,0.255085
1.1686,18.4117,18.4117,3.47132,63.9128,64.7034,24.2396,3.47132,0.253419
1.1688,18.4537,18.4537,3.46587,63.9581,64.7089,24.2392,3.46587,0.251752
1.169,18.4089,18.4089,3.47967,64.0569,64.7145,24.2401,3.47967,0.253419
1.1692,18.3752,18.3752,3.48482,64.0343,64.7201,24.2404,3.48482,0.255085
1.1694,18.3135,18.3135,3.49876,64.0747,64.7256,24.2411,3.49876,0.256752
1.1696,18.3823,18.3823,3.47099,63.8049,64.7312,24.2395,3.47099,0.255085
1.1698,18.4155,18.4155,3.47764,64.0426,64.7368,24.2399,3.47764,0.253419
1.17,18.4589,18.4589,3.46268,63.9172,64.7423,24.2388,3.46268,0.251752
1.1702,18.4097,18.4097,3.4816,64.0952,64.7479,24.2401,3.4816,0.253419
1.1704,18.3616,18.3616,3.4872,64.0307,64.7535,24.2407,3.4872,0.255085
1.1706,18.3251,18.3251,3.49655,64.0747,64.759,24.2412,3.49655,0.256752
1.1708,18.286,18.286,3.5019,64.0359,64.7646,24.2416,3.5019,0.258419
1.171,18.3405,18.3405,3.48619,63.9386,64.7702,24.2405,3.48619,0.256752
1.1712,18.3885,18.3885,3.4823,64.0341,64.7757,24.2403,3.4823,0.255085
1.1714,18.4101,18.4101,3.47594,63.9923,64.7813,24.2398,3.47594,0.253419
1.1716,18.4609,18.4609,3.46521,63.971,64.7869,24.239,3.46521,0.251752
1.1718,18.4142,18.4142,3.48378,64.1512,64.7924,24.2403,3.48378,0.253419
1.172,18.359,18.359,3.49075,64.0867,64.798,24.2409,3.49075,0.255085
1.1722,18.3198,18.3198,3.4976,64.0752,64.8036,24.2413,3.4976,0.256752
1.1724,18.3843,18.3843,3.47995,63.9763,64.8091,24.2401,3.47995,0.255085
1.1726,18.4176,18.4176,3.48058,64.1039,64.8147,24.2402,3.48058,0.253419
1.1728,18.4483,18.4483,3.4692,64.0009,64.8203,24.2393,3.4692,0.251752
1.173,18.4049,18.4049,3.48752,64.1872,64.8258,24.2406,3.48752,0.253419
1.1732,18.3644,18.3644,3.48963,64.0849,64.8314,24.2408,3.48963,0.255085
1.1734,18.3268,18.3268,3.49862,64.1183,64.837,24.2413,3.49862,0.256752
1.1736,18.2833,18.2833,3.50712,64.1216,64.8425,24.242,3.50712,0.258419
1.1738,18.3413,18.3413,3.48803,63.9751,64.8481,24.2407,3.48803,0.256752
1.174,18.391,18.391,3.48485,64.0897,64.8537,24.2405,3.48485,0.255085
1.1742,18.4151,18.4151,3.48065,64.0964,64.8592,24.2401,3.48065,0.253419
1.1744,18.4552,18.4552,3.47007,64.0408,64.8648,24.2395,3.47007,0.251752
1.1746,18.4126,18.4126,3.48794,64.2221,64.8704,24.2406,3.48794,0.253419
1.1748,18.367,18.367,3.49384,64.1714,64.8759,24.2411,3.49384,0.255085
1.175,18.3365,18.3365,3.4998,64.1739,64.8815,24.2414,3.4998,0.256752
1.1752,18.2805,18.2805,3.51287,64.2171,64.8871,24.2423,3.51287,0.258419
1.1754,18.3408,18.3408,3.48957,64.0016,64.8926,24.2407,3.48957,0.256752
1.1756,18.3871,18.3871,3.48855,64.1445,64.8982,24.2407,3.48855,0.255085
1.1758,18.4208,18.4208,3.48262,64.1525,64.9038,24.2402,3.48262,0.253419
1.176,18.4624,18.4624,3.47074,64.0781,64.9094,24.2394,3.47074,0.251752
1.1762,18.4173,18.4173,3.49024,64.2808,64.9149,24.2407,3.49024,0.253419
1.1764,18.3617,18.3617,3.49412,64.158,64.9205,24.241,3.49412,0.255085
1.1766,18.3281,18.3281,3.50518,64.2434,64.9261,24.2417,3.50518,0.256752
1.1768,18.281,18.281,3.51038,64.1734,64.9316,24.2422,3.51038,0.258419
1.177,18.3498,18.3498,3.49172,64.0722,64.9372,24.2408,3.49172,0.256752
1.1772,18.3882,18.3882,3.49186,64.2089,64.9428,24.241,3.49186,0.255085
1.1774,18.4233,18.4233,3.48259,64.161,64.9483,24.2402,3.48259,0.253419
1.1776,18.4647,18.4647,3.47426,64.1511,64.9539,24.2397,3.47426,0.251752
1.1778,18.4127,18.4127,3.49289,64.3136,64.9595,24.2408,3.49289,0.253419
1.178,18.3773,18.3773,3.49494,64.2277,64.965,24.2411,3.49494,0.255085
1.1782,18.3371,18.3371,3.50562,64.2829,64.9706,24.2416,3.50562,0.256752
1.1784,18.2753,18.2753,3.51636,64.2625,64.9762,24.2423,3.51636,0.258419
1.1786,18.3366,18.3366,3.49698,64.1228,64.9817,24.2411,3.49698,0.256752
1.1788,18.3934,18.3934,3.49246,64.2384,64.9873,24.2409,3.49246,0.255085
1.179,18.4179,18.4179,3.48749,64.2322,64.9929,24.2405,3.48749,0.253419
1.1792,18.4604,18.4604,3.47552,64.1593,64.9984,24.2397,3.47552,0.251752
1.1794,18.4164,18.4164,3.49452,64.3565,65.004,24.2411,3.49452,0.253419
1.1796,18.3664,18.3664,3.49938,64.2709,65.0096,24.2414,3.49938,0.255085
1.1798,18.3295,18.3295,3.50837,64.3068,65.0151,24.242,3.50837,0.256752
1.18,18.2814,18.2814,3.51642,64.2849,65.0207,24.2426,3.51642,0.258419
1.1802,18.326,18.326,3.50383,64.2112,65.0263,24.2417,3.50383,0.256752
1.1804,18.3863,18.3863,3.49241,64.2127,65.0318,24.241,3.49241,0.255085
1.1806,18.4176,18.4176,3.49029,64.283,65.0374,24.2408,3.49029,0.253419
1.1808,18.4652,18.4652,3.48032,64.2647,65.043,24.2399,3.48032,0.251752
1.181,18.4146,18.4146,3.49576,64.373,65.0485,24.2412,3.49576,0.253419
1.1812,18.3698,18.3698,3.50509,64.3877,65.0541,24.2418,3.50509,0.255085
1.1814,18.3292,18.3292,3.50803,64.2995,65.0597,24.2421,3.50803,0.256752
1.1816,18.2901,18.2901,3.51655,64.318,65.0652,24.2424,3.51655,0.258419
1.1818,18.3384,18.3384,3.5068,64.3092,65.0708,24.2419,3.5068,0.256752
1.182,18.3823,18.3823,3.49711,64.285,65.0764,24.2411,3.49711,0.255085
1.1822,18.4238,18.4238,3.49045,64.3072,65.0819,24.2408,3.49045,0.253419
1.1824,18.4534,18.4534,3.48623,64.3326,65.0875,24.2403,3.48623,0.251752
1.1826,18.4162,18.4162,3.49706,64.4026,65.0931,24.2412,3.49706,0.253419
1.1828,18.3648,18.3648,3.50678,64.4011,65.0986,24.242,3.50678,0.255085
1.183,18.3348,18.3348,3.5114,64.3809,65.1042,24.2421,3.5114,0.256752
1.1832,18.2878,18.2878,3.52006,64.3741,65.1098,24.2428,3.52006,0.258419
1.1834,18.3403,18.3403,3.5017,64.2223,65.1154,24.2415,3.5017,0.256752
1.1836,18.3902,18.3902,3.50104,64.3849,65.1209,24.2416,3.50104,0.255085
1.1838,18.4215,18.4215,3.49307,64.3476,65.1265,24.2408,3.49307,0.253419
1.184,18.4532,18.4532,3.48847,64.3735,65.1321,24.2408,3.48847,0.251752
1.1842,18.4199,18.4199,3.49715,64.4173,65.1376,24.2411,3.49715,0.253419
1.1844,18.3716,18.3716,3.5096,64.4769,65.1432,24.2421,3.5096,0.255085
1.1846,18.3291,18.3291,3.518,64.4818,65.1488,24.2427,3.518,0.256752
1.1848,18.2833,18.2833,3.52066,64.3693,65.1543,24.2426,3.52066,0.258419
1.185,18.343,18.343,3.50692,64.3273,65.1599,24.2419,3.50692,0.256752
1.1852,18.3935,18.3935,3.49871,64.3535,65.1655,24.2414,3.49871,0.255085
1.1854,18.4292,18.4292,3.49325,64.3778,65.171,24.241,3.49325,0.253419
1.1856,18.4554,18.4554,3.49047,64.4178,65.1766,24.2408,3.49047,0.251752
1.1858,18.4224,18.4224,3.5026,64.5262,65.1822,24.2417,3.5026,0.253419
1.186,18.3667,18.3667,3.50944,64.457,65.1877,24.2419,3.50944,0.255085
1.1862,18.3371,18.3371,3.51672,64.4864,65.1933,24.2426,3.51672,0.256752
1.1864,18.2862,18.2862,3.52526,64.4636,65.1989,24.2429,3.52526,0.258419
1.1866,18.3374,18.3374,3.50999,64.3641,65.2044,24.2421,3.50999,0.256752
1.1868,18.3925,18.3925,3.49993,64.3723,65.21,24.2415,3.49993,0.255085
1.187,18.4299,18.4299,3.4982,64.4712,65.2156,24.2413,3.4982,0.253419
1.1872,18.3829,18.3829,3.51167,64.5549,65.2211,24.2421,3.51167,0.255085
1.1874,18.3185,18.3185,3.52177,64.5137,65.2267,24.2429,3.52177,0.256752
1.1876,18.2847,18.2847,3.52678,64.4862,65.2323,24.2432,3.52678,0.258419
1.1878,18.3409,18.3409,3.51114,64.3974,65.2378,24.2422,3.51114,0.256752
1.188,18.3871,18.3871,3.50583,64.4619,65.2434,24.2419,3.50583,0.255085
1.1882,18.4251,18.4251,3.49753,64.4424,65.249,24.2411,3.49753,0.253419
1.1884,18.4636,18.4636,3.49095,64.4555,65.2545,24.2408,3.49095,0.251752
1.1886,18.4301,18.4301,3.50388,64.577,65.2601,24.2417,3.50388,0.253419
1.1888,18.3683,18.3683,3.51574,64.5781,65.2657,24.2425,3.51574,0.255085
1.189,18.3319,18.3319,3.52214,64.5676,65.2712,24.243,3.52214,0.256752
1.1892,18.2827,18.2827,3.52988,64.5359,65.2768,24.2434,3.52988,0.258419
1.1894,18.3433,18.3433,3.51033,64.3911,65.2824,24.2422,3.51033,0.256752
1.1896,18.3822,18.3822,3.51071,64.5346,65.2879,24.242,3.51071,0.255085
1.1898,18.4115,18.4115,3.50231,64.4827,65.2935,24.2414,3.50231,0.253419
1.19,18.4598,18.4598,3.49368,64.4925,65.2991,24.241,3.49368,0.251752
1.1902,18.4212,18.4212,3.50889,64.638,65.3046,24.242,3.50889,0.253419
1.1904,18.3605,18.3605,3.51852,64.6019,65.3102,24.2428,3.51852,0.255085
1.1906,18.3449,18.3449,3.51938,64.5629,65.3158,24.2428,3.51938,0.256752
1.1908,18.2861,18.2861,3.53451,64.6323,65.3214,24.2439,3.53451,0.258419
1.191,18.3383,18.3383,3.51553,64.4687,65.3269,24.2426,3.51553,0.256752
1.1912,18.3894,18.3894,3.50865,64.5221,65.3325,24.2418,3.50865,0.255085
1.1914,18.4149,18.4149,3.5095,64.6271,65.3381,24.2422,3.5095,0.253419
1.1916,18.4632,18.4632,3.49388,64.5083,65.3436,24.241,3.49388,0.251752
1.1918,18.4238,18.4238,3.51303,64.7232,65.3492,24.2424,3.51303,0.253419
1.192,18.3677,18.3677,3.52041,64.6617,65.3548,24.2429,3.52041,0.255085
1.1922,18.3322,18.3322,3.52684,64.6549,65.3603,24.2431,3.52684,0.256752
1.1924,18.2801,18.2801,3.53437,64.6086,65.3659,24.2436,3.53437,0.258419
1.1926,18.3592,18.3592,3.51553,64.5423,65.3715,24.2425,3.51553,0.256752
1.1928,18.3834,18.3834,3.51544,64.6258,65.377,24.2424,3.51544,0.255085
1.193,18.4291,18.4291,3.50296,64.5563,65.3826,24.2417,3.50296,0.253419
1.1932,18.3771,18.3771,3.5219,64.7224,65.3882,24.243,3.5219,0.255085
1.1934,18.3239,18.3239,3.52938,64.6721,65.3937,24.2433,3.52938,0.256752
1.1936,18.2911,18.2911,3.53377,64.6365,65.3993,24.2438,3.53377,0.258419
1.1938,18.3432,18.3432,3.52166,64.5987,65.4049,24.2429,3.52166,0.256752
1.194,18.3907,18.3907,3.51437,64.6317,65.4104,24.2422,3.51437,0.255085
1.1942,18.4242,18.4242,3.50759,64.6244,65.416,24.2418,3.50759,0.253419
1.1944,18.4664,18.4664,3.50044,64.6405,65.4216,24.2415,3.50044,0.251752
1.1946,18.4184,18.4184,3.5197,64.8271,65.4271,24.2428,3.5197,0.253419
1.1948,18.3685,18.3685,3.52314,64.7147,65.4327,24.243,3.52314,0.255085
1.195,18.3416,18.3416,3.52977,64.7416,65.4383,24.2435,3.52977,0.256752
1.1952,18.29,18.29,3.53752,64.7011,65.4438,24.244,3.53752,0.258419
1.1954,18.3365,18.3365,3.52337,64.6061,65.4494,24.2428,3.52337,0.256752
1.1956,18.394,18.394,3.5151,64.6567,65.455,24.2423,3.5151,0.255085
1.1958,18.4204,18.4204,3.51424,64.7338,65.4605,24.2425,3.51424,0.253419
1.196,18.4425,18.4425,3.5056,64.6521,65.4661,24.2416,3.5056,0.251752
1.1962,18.5034,18.5034,3.49296,64.6318,65.4717,24.241,3.49296,0.250085
1.1964,18.4445,18.4445,3.51738,64.8763,65.4772,24.2424,3.51738,0.251752
1.1966,18.395,18.395,3.51891,64.7304,65.4828,24.2428,3.51891,0.253419
1.1968,18.3857,18.3857,3.52345,64.781,65.4884,24.243,3.52345,0.255085
1.197,18.3384,18.3384,3.53556,64.8367,65.4939,24.2439,3.53556,0.256752
1.1972,18.2946,18.2946,3.53808,64.7278,65.4995,24.2441,3.53808,0.258419
1.1974,18.3517,18.3517,3.52232,64.6407,65.5051,24.243,3.52232,0.256752
1.1976,18.401,18.401,3.51952,64.7626,65.5106,24.2428,3.51952,0.255085
1.1978,18.4005,18.4005,3.52083,64.785,65.5162,24.2429,3.52083,0.253419
1.198,18.4381,18.4381,3.50811,64.683,65.5218,24.2418,3.50811,0.251752
1.1982,18.4077,18.4077,3.52509,64.8888,65.5274,24.2432,3.52509,0.253419
1.1984,18.3766,18.3766,3.52617,64.7991,65.5329,24.2432,3.52617,0.255085
1.1986,18.338,18.338,3.53656,64.8536,65.5385,24.244,3.53656,0.256752
1.1988,18.2978,18.2978,3.54177,64.8065,65.5441,24.2443,3.54177,0.258419
1.199,18.3523,18.3523,3.52613,64.7125,65.5496,24.2433,3.52613,0.256752
1.1992,18.3922,18.3922,3.52474,64.8278,65.5552,24.243,3.52474,0.255085
1.1994,18.4039,18.4039,3.52148,64.809,65.5608,24.243,3.52148,0.253419
1.1996,18.4663,18.4663,3.50551,64.7337,65.5663,24.2416,3.50551,0.251752
1.1998,18.4057,18.4057,3.52883,64.9505,65.5719,24.2432,3.52883,0.253419
1.2,18.3735,18.3735,3.5287,64.8344,65.5775,24.2435,3.5287,0.255085
1.2002,18.3366,18.3366,3.53851,64.8843,65.583,24.2441,3.53851,0.256752
1.2004,18.2935,18.2935,3.54481,64.8471,65.5886,24.2445,3.54481,0.258419
1.2006,18.3467,18.3467,3.52927,64.7503,65.5942,24.2434,3.52927,0.256752
1.2008,18.3976,18.3976,3.52236,64.8032,65.5997,24.2428,3.52236,0.255085
1.201,18.4137,18.4137,3.52378,64.8857,65.6053,24.2431,3.52378,0.253419
1.2012,18.4483,18.4483,3.51122,64.776,65.6109,24.242,3.51122,0.251752
1.2014,18.4257,18.4257,3.52821,65.0099,65.6164,24.2434,3.52821,0.253419
1.2016,18.3735,18.3735,3.53383,64.9287,65.622,24.2438,3.53383,0.255085
1.2018,18.3338,18.3338,3.54176,64.934,65.6276,24.2441,3.54176,0.256752
1.202,18.2962,18.2962,3.54507,64.8613,65.6331,24.2445,3.54507,0.258419
1.2022,18.3516,18.3516,3.53077,64.795,65.6387,24.2435,3.53077,0.256752
1.2024,18.3969,18.3969,3.52993,64.9398,65.6443,24.2432,3.52993,0.255085
1.2026,18.4063,18.4063,3.5253,64.8875,65.6498,24.2432,3.5253,0.253419
1.2028,18.4559,18.4559,3.51161,64.8098,65.6554,24.242,3.51161,0.251752
1.203,18.4263,18.4263,3.53081,65.0597,65.661,24.2436,3.53081,0.253419
1.2032,18.3695,18.3695,3.53583,64.9513,65.6665,24.244,3.53583,0.255085
1.2034,18.3325,18.3325,3.54299,64.9518,65.6721,24.2441,3.54299,0.256752
1.2036,18.3049,18.3049,3.54627,64.9142,65.6777,24.2446,3.54627,0.258419
1.2038,18.2487,18.2487,3.55987,64.9629,65.6832,24.2453,3.55987,0.260086
1.204,18.3129,18.3129,3.53873,64.8046,65.6888,24.2441,3.53873,0.258419
1.2042,18.36,18.36,3.53715,64.9421,65.6944,24.2439,3.53715,0.256752
1.2044,18.3848,18.3848,3.53027,64.9034,65.6999,24.2436,3.53027,0.255085
1.2046,18.4131,18.4131,3.52776,64.957,65.7055,24.2432,3.52776,0.253419
1.2048,18.4546,18.4546,3.51414,64.8522,65.7111,24.2425,3.51414,0.251752
1.205,18.4136,18.4136,3.5368,65.1252,65.7166,24.244,3.5368,0.253419
1.2052,18.3756,18.3756,3.53635,64.9824,65.7222,24.2438,3.53635,0.255085
1.2054,18.3297,18.3297,3.54617,65.0001,65.7278,24.2447,3.54617,0.256752
1.2056,18.298,18.298,3.55163,64.9877,65.7334,24.245,3.55163,0.258419
1.2058,18.3375,18.3375,3.5387,64.8907,65.7389,24.2439,3.5387,0.256752
1.206,18.3925,18.3925,3.53269,64.9752,65.7445,24.2435,3.53269,0.255085
1.2062,18.4052,18.4052,3.5306,64.9814,65.7501,24.2435,3.5306,0.253419
1.2064,18.463,18.463,3.51668,64.9286,65.7556,24.2426,3.51668,0.251752
1.2066,18.4054,18.4054,3.5374,65.1073,65.7612,24.244,3.5374,0.253419
1.2068,18.3701,18.3701,3.53911,65.0139,65.7668,24.2442,3.53911,0.255085
1.207,18.3473,18.3473,3.54347,65.013,65.7723,24.2444,3.54347,0.256752
1.2072,18.3135,18.3135,3.55289,65.0659,65.7779,24.245,3.55289,0.258419
1.2074,18.2274,18.2274,3.57236,65.115,65.7835,24.2464,3.57236,0.260086
1.2076,18.3086,18.3086,3.54049,64.8215,65.789,24.2442,3.54049,0.258419
1.2078,18.3617,18.3617,3.54191,65.0356,65.7946,24.2443,3.54191,0.256752
1.208,18.3854,18.3854,3.53529,64.9975,65.8002,24.2439,3.53529,0.255085
1.2082,18.414,18.414,3.53155,65.03,65.8057,24.2434,3.53155,0.253419
1.2084,18.4626,18.4626,3.52002,64.9887,65.8113,24.2429,3.52002,0.251752
1.2086,18.4084,18.4084,3.54151,65.1935,65.8169,24.2443,3.54151,0.253419
1.2088,18.3695,18.3695,3.54246,65.0731,65.8224,24.2444,3.54246,0.255085
1.209,18.3444,18.3444,3.54891,65.1027,65.828,24.2448,3.54891,0.256752
1.2092,18.3019,18.3019,3.55912,65.1385,65.8336,24.2455,3.55912,0.258419
1.2094,18.3411,18.3411,3.54652,65.0471,65.8391,24.2446,3.54652,0.256752
1.2096,18.3949,18.3949,3.53546,65.0343,65.8447,24.2439,3.53546,0.255085
1.2098,18.4117,18.4117,3.53487,65.083,65.8503,24.2439,3.53487,0.253419
1.21,18.4609,18.4609,3.52205,65.02,65.8558,24.243,3.52205,0.251752
1.2102,18.4123,18.4123,3.54209,65.2181,65.8614,24.2441,3.54209,0.253419
1.2104,18.3798,18.3798,3.54253,65.1108,65.867,24.2444,3.54253,0.255085
1.2106,18.3503,18.3503,3.55388,65.2148,65.8725,24.2451,3.55388,0.256752
1.2108,18.2903,18.2903,3.56241,65.1576,65.8781,24.2457,3.56241,0.258419
1.211,18.3377,18.3377,3.54732,65.0495,65.8837,24.2447,3.54732,0.256752
1.2112,18.401,18.401,3.53767,65.0965,65.8892,24.2441,3.53767,0.255085
1.2114,18.4128,18.4128,3.5389,65.1608,65.8948,24.2442,3.5389,0.253419
1.2116,18.4609,18.4609,3.52167,65.0133,65.9004,24.243,3.52167,0.251752
1.2118,18.4169,18.4169,3.54341,65.2584,65.9059,24.2442,3.54341,0.253419
1.212,18.381,18.381,3.54526,65.1654,65.9115,24.2444,3.54526,0.255085
1.2122,18.3374,18.3374,3.55391,65.1696,65.9171,24.2452,3.55391,0.256752
1.2124,18.3136,18.3136,3.55825,65.1642,65.9226,24.2454,3.55825,0.258419
1.2126,18.2422,18.2422,3.57603,65.2346,65.9282,24.2467,3.57603,0.260086
1.2128,18.3131,18.3131,3.55056,65.0219,65.9338,24.245,3.55056,0.258419
1.213,18.3512,18.3512,3.54992,65.1453,65.9394,24.2447,3.54992,0.256752
1.2132,18.3889,18.3889,3.54271,65.1464,65.9449,24.2443,3.54271,0.255085
1.2134,18.4145,18.4145,3.53766,65.1444,65.9505,24.244,3.53766,0.253419
1.2136,18.4663,18.4663,3.5249,65.0919,65.9561,24.2432,3.5249,0.251752
1.2138,18.4161,18.4161,3.54698,65.3214,65.9616,24.2447,3.54698,0.253419
1.214,18.3751,18.3751,3.5472,65.1802,65.9672,24.2445,3.5472,0.255085
1.2142,18.3369,18.3369,3.55922,65.265,65.9728,24.2455,3.55922,0.256752
1.2144,18.3009,18.3009,3.56493,65.2413,65.9783,24.2459,3.56493,0.258419
1.2146,18.3625,18.3625,3.54814,65.1526,65.9839,24.2447,3.54814,0.256752
1.2148,18.3913,18.3913,3.54568,65.2096,65.9895,24.2445,3.54568,0.255085
1.215,18.4124,18.4124,3.54252,65.2263,65.995,24.2442,3.54252,0.253419
1.2152,18.4644,18.4644,3.53033,65.1855,66.0006,24.2436,3.53033,0.251752
1.2154,18.4166,18.4166,3.54956,65.3708,66.0062,24.2448,3.54956,0.253419
1.2156,18.3753,18.3753,3.5525,65.2783,66.0117,24.245,3.5525,0.255085
1.2158,18.35,18.35,3.55661,65.2638,66.0173,24.2451,3.55661,0.256752
1.216,18.3044,18.3044,3.57007,65.3479,66.0229,24.2463,3.57007,0.258419
1.2162,18.3394,18.3394,3.55391,65.1767,66.0284,24.2449,3.55391,0.256752
1.2164,18.3996,18.3996,3.54647,65.2537,66.034,24.2446,3.54647,0.255085
1.2166,18.4195,18.4195,3.54173,65.2371,66.0396,24.2443,3.54173,0.253419
1.2168,18.4632,18.4632,3.5356,65.2784,66.0451,24.2438,3.5356,0.251752
1.217,18.4003,18.4003,3.55288,65.3743,66.0507,24.2452,3.55288,0.253419
1.2172,18.3856,18.3856,3.55274,65.3191,66.0563,24.2449,3.55274,0.255085
1.2174,18.3447,18.3447,3.56196,65.3431,66.0618,24.2456,3.56196,0.256752
1.2176,18.3036,18.3036,3.57068,65.3564,66.0674,24.2463,3.57068,0.258419
1.2178,18.349,18.349,3.55189,65.1735,66.073,24.245,3.55189,0.256752
1.218,18.4036,18.4036,3.54998,65.3322,66.0785,24.2449,3.54998,0.255085
1.2182,18.4169,18.4169,3.54344,65.2593,66.0841,24.2444,3.54344,0.253419
1.2184,18.4697,18.4697,3.53385,65.2692,66.0897,24.2438,3.53385,0.251752
1.2186,18.4009,18.4009,3.55656,65.4438,66.0952,24.2454,3.55656,0.253419
1.2188,18.3716,18.3716,3.55666,65.3416,66.1008,24.2453,3.55666,0.255085
1.219,18.3461,18.3461,3.56371,65.38,66.1064,24.2459,3.56371,0.256752
1.2192,18.3044,18.3044,3.57125,65.3697,66.1119,24.2463,3.57125,0.258419
1.2194,18.3529,18.3529,3.55536,65.2514,66.1175,24.2452,3.55536,0.256752
1.2196,18.4048,18.4048,3.55302,65.3926,66.1231,24.2451,3.55302,0.255085
1.2198,18.4119,18.4119,3.54798,65.3252,66.1286,24.2447,3.54798,0.253419
1.22,18.4719,18.4719,3.53589,65.3146,66.1342,24.244,3.53589,0.251752
1.2202,18.4107,18.4107,3.55653,65.4782,66.1398,24.2451,3.55653,0.253419
1.2204,18.3805,18.3805,3.55906,65.4174,66.1454,24.2454,3.55906,0.255085
1.2206,18.344,18.344,3.56753,65.4427,66.1509,24.2461,3.56753,0.256752
1.2208,18.2995,18.2995,3.57534,65.4271,66.1565,24.2466,3.57534,0.258419
1.221,18.3522,18.3522,3.55858,65.3078,66.1621,24.2454,3.55858,0.256752
1.2212,18.3911,18.3911,3.55564,65.3923,66.1676,24.2453,3.55564,0.255085
1.2214,18.415,18.415,3.54971,65.3677,66.1732,24.2448,3.54971,0.253419
1.2216,18.474,18.474,3.53714,65.3453,66.1788,24.2438,3.53714,0.251752
1.2218,18.4112,18.4112,3.55973,65.539,66.1843,24.2453,3.55973,0.253419
1.222,18.3749,18.3749,3.56092,65.4316,66.1899,24.2457,3.56092,0.255085
1.2222,18.3365,18.3365,3.57237,65.5048,66.1955,24.2464,3.57237,0.256752
1.2224,18.2969,18.2969,3.576,65.4297,66.201,24.2464,3.576,0.258419
1.2226,18.3537,18.3537,3.55936,65.3275,66.2066,24.2454,3.55936,0.256752
1.2228,18.3962,18.3962,3.55705,65.4364,66.2122,24.2453,3.55705,0.255085
1.223,18.412,18.412,3.55515,65.4574,66.2177,24.2453,3.55515,0.253419
1.2232,18.4691,18.4691,3.54248,65.4263,66.2233,24.2442,3.54248,0.251752
1.2234,18.4176,18.4176,3.56052,65.5762,66.2289,24.2456,3.56052,0.253419
1.2236,18.3755,18.3755,3.5637,65.4847,66.2344,24.2459,3.5637,0.255085
1.2238,18.3556,18.3556,3.56891,65.5096,66.24,24.2461,3.56891,0.256752
1.224,18.305,18.305,3.57927,65.5185,66.2456,24.2469,3.57927,0.258419
1.2242,18.2506,18.2506,3.58888,65.499,66.2511,24.2476,3.58888,0.260086
1.2244,18.3031,18.3031,3.57321,65.4007,66.2567,24.2465,3.57321,0.258419
1.2246,18.3667,18.3667,3.56389,65.457,66.2623,24.2456,3.56389,0.256752
1.2248,18.3992,18.3992,3.55699,65.4458,66.2678,24.2451,3.55699,0.255085
1.225,18.4171,18.4171,3.55708,65.511,66.2734,24.2454,3.55708,0.253419
1.2252,18.4723,18.4723,3.54288,65.445,66.279,24.2445,3.54288,0.251752
1.2254,18.4213,18.4213,3.56292,65.6337,66.2845,24.2458,3.56292,0.253419
1.2256,18.3794,18.3794,3.56688,65.5571,66.2901,24.2461,3.56688,0.255085
1.2258,18.3444,18.3444,3.57707,65.6194,66.2957,24.2465,3.57707,0.256752
1.226,18.3061,18.3061,3.58308,65.5923,66.3012,24.2471,3.58308,0.258419
1.2262,18.2412,18.2412,3.59693,65.6124,66.3068,24.248,3.59693,0.260086
1.2264,18.3187,18.3187,3.57018,65.4009,66.3124,24.2462,3.57018,0.258419
1.2266,18.3562,18.3562,3.5706,65.5427,66.3179,24.2462,3.5706,0.256752
1.2268,18.3915,18.3915,3.56172,65.5052,66.3235,24.2457,3.56172,0.255085
1.227,18.4301,18.4301,3.55732,65.5619,66.3291,24.2455,3.55732,0.253419
1.2272,18.3902,18.3902,3.57085,65.6689,66.3346,24.2463,3.57085,0.255085
1.2274,18.3423,18.3423,3.5758,65.5883,66.3402,24.2465,3.5758,0.256752
1.2276,18.3153,18.3153,3.58211,65.6074,66.3458,24.2471,3.58211,0.258419
1.2278,18.2503,18.2503,3.59489,65.6078,66.3514,24.2477,3.59489,0.260086
1.228,18.3217,18.3217,3.57239,65.4525,66.3569,24.2464,3.57239,0.258419
1.2282,18.3592,18.3592,3.57421,65.6198,66.3625,24.2465,3.57421,0.256752
1.2284,18.3853,18.3853,3.56658,65.5726,66.3681,24.2461,3.56658,0.255085
1.2286,18.4182,18.4182,3.5609,65.5854,66.3736,24.2454,3.5609,0.253419
1.2288,18.3892,18.3892,3.57007,65.6508,66.3792,24.2463,3.57007,0.255085
1.229,18.3444,18.3444,3.5773,65.6233,66.3848,24.2465,3.5773,0.256752
1.2292,18.3048,18.3048,3.58525,65.6271,66.3903,24.2473,3.58525,0.258419
1.2294,18.2559,18.2559,3.59746,65.6748,66.3959,24.2478,3.59746,0.260086
1.2296,18.3166,18.3166,3.57793,65.5355,66.4015,24.2465,3.57793,0.258419
1.2298,18.3557,18.3557,3.5757,65.6344,66.407,24.2466,3.5757,0.256752
1.23,18.3947,18.3947,3.5671,65.6159,66.4126,24.246,3.5671,0.255085
1.2302,18.4279,18.4279,3.56239,65.6475,66.4182,24.2457,3.56239,0.253419
1.2304,18.3905,18.3905,3.57479,65.7421,66.4237,24.2464,3.57479,0.255085
1.2306,18.3333,18.3333,3.58299,65.6882,66.4293,24.2469,3.58299,0.256752
1.2308,18.3116,18.3116,3.58589,65.6634,66.4349,24.2473,3.58589,0.258419
1.231,18.2478,18.2478,3.60503,65.784,66.4404,24.2483,3.60503,0.260086
1.2312,18.3217,18.3217,3.57523,65.5043,66.446,24.2466,3.57523,0.258419
1.2314,18.3641,18.3641,3.57776,65.7021,66.4516,24.2468,3.57776,0.256752
1.2316,18.3834,18.3834,3.57205,65.6667,66.4571,24.2461,3.57205,0.255085
1.2318,18.43,18.43,3.56353,65.6759,66.4627,24.2458,3.56353,0.253419
1.232,18.3918,18.3918,3.57762,65.7988,66.4683,24.2468,3.57762,0.255085
1.2322,18.3487,18.3487,3.58236,65.7318,66.4738,24.2471,3.58236,0.256752
1.2324,18.2949,18.2949,3.59138,65.7039,66.4794,24.2474,3.59138,0.258419
1.2326,18.3536,18.3536,3.57616,65.6354,66.485,24.2466,3.57616,0.256752
1.2328,18.4011,18.4011,3.5723,65.7342,66.4905,24.2461,3.5723,0.255085
1.233,18.4244,18.4244,3.56573,65.6965,66.4961,24.2457,3.56573,0.253419
1.2332,18.4652,18.4652,3.55609,65.664,66.5017,24.2453,3.55609,0.251752
1.2334,18.4242,18.4242,3.57266,65.8232,66.5072,24.2464,3.57266,0.253419
1.2336,18.3771,18.3771,3.57984,65.7869,66.5128,24.2467,3.57984,0.255085
1.2338,18.341,18.341,3.58532,65.7585,66.5184,24.2473,3.58532,0.256752
1.234,18.3066,18.3066,3.59498,65.8118,66.5239,24.2479,3.59498,0.258419
1.2342,18.2576,18.2576,3.60432,65.8062,66.5295,24.2486,3.60432,0.260086
1.2344,18.3179,18.3179,3.58205,65.6158,66.5351,24.2468,3.58205,0.258419
1.2346,18.3679,18.3679,3.58183,65.7907,66.5406,24.247,3.58183,0.256752
1.2348,18.3946,18.3946,3.57256,65.7159,66.5462,24.2464,3.57256,0.255085
1.235,18.4304,18.4304,3.56832,65.7657,66.5518,24.2459,3.56832,0.253419
1.2352,18.388,18.388,3.58222,65.8699,66.5574,24.2471,3.58222,0.255085
1.2354,18.34,18.34,3.5895,65.8316,66.5629,24.2473,3.5895,0.256752
1.2356,18.3087,18.3087,3.59486,65.8172,66.5685,24.2479,3.59486,0.258419
1.2358,18.2534,18.2534,3.60827,65.8634,66.5741,24.2488,3.60827,0.260086
1.236,18.3239,18.3239,3.58301,65.6548,66.5796,24.2472,3.58301,0.258419
1.2362,18.3674,18.3674,3.5861,65.8674,66.5852,24.2474,3.5861,0.256752
1.2364,18.3874,18.3874,3.57886,65.8057,66.5908,24.2469,3.57886,0.255085
1.2366,18.4249,18.4249,3.57059,65.7877,66.5963,24.2463,3.57059,0.253419
1.2368,18.3951,18.3951,3.58137,65.8796,66.6019,24.2468,3.58137,0.255085
1.237,18.3411,18.3411,3.59167,65.8752,66.6075,24.2477,3.59167,0.256752
1.2372,18.3112,18.3112,3.59685,65.8627,66.613,24.248,3.59685,0.258419
1.2374,18.2575,18.2575,3.61062,65.9208,66.6186,24.249,3.61062,0.260086
1.2376,18.3119,18.3119,3.59194,65.7755,66.6242,24.2477,3.59194,0.258419
1.2378,18.3673,18.3673,3.58324,65.8145,66.6297,24.2472,3.58324,0.256752
1.238,18.4012,18.4012,3.57895,65.8571,66.6353,24.2468,3.57895,0.255085
1.2382,18.4293,18.4293,3.57309,65.8497,66.6409,24.2464,3.57309,0.253419
1.2384,18.3911,18.3911,3.58496,65.9314,66.6464,24.247,3.58496,0.255085
1.2386,18.3439,18.3439,3.59294,65.9084,66.652,24.2479,3.59294,0.256752
1.2388,18.3093,18.3093,3.59918,65.8986,66.6576,24.2482,3.59918,0.258419
1.239,18.2588,18.2588,3.61105,65.9332,66.6631,24.2489,3.61105,0.260086
1.2392,18.3262,18.3262,3.59236,65.8343,66.6687,24.2478,3.59236,0.258419
1.2394,18.3623,18.3623,3.58766,65.8775,66.6743,24.2474,3.58766,0.256752
1.2396,18.3977,18.3977,3.58082,65.879,66.6798,24.2467,3.58082,0.255085
1.2398,18.4306,18.4306,3.57555,65.8996,66.6854,24.2466,3.57555,0.253419
1.24,18.3828,18.3828,3.59001,65.9942,66.691,24.2475,3.59001,0.255085
1.2402,18.3288,18.3288,3.601,66.0022,66.6965,24.2481,3.601,0.256752
1.2404,18.3154,18.3154,3.59918,65.9206,66.7021,24.2483,3.59918,0.258419
1.2406,18.2556,18.2556,3.61665,66.0241,66.7077,24.2492,3.61665,0.260086
1.2408,18.321,18.321,3.59436,65.8521,66.7132,24.2479,3.59436,0.258419
1.241,18.3638,18.3638,3.58997,65.9255,66.7188,24.2476,3.58997,0.256752
1.2412,18.4082,18.4082,3.58088,65.9174,66.7244,24.247,3.58088,0.255085
1.2414,18.3532,18.3532,3.59944,66.0611,66.7299,24.2483,3.59944,0.256752
1.2416,18.3067,18.3067,3.60676,66.0278,66.7355,24.2487,3.60676,0.258419
1.2418,18.2652,18.2652,3.61152,65.965,66.7411,24.2489,3.61152,0.260086
1.242,18.3276,18.3276,3.59551,65.8971,66.7466,24.2479,3.59551,0.258419
1.2422,18.3591,18.3591,3.59419,65.9861,66.7522,24.2479,3.59419,0.256752
1.2424,18.4058,18.4058,3.58214,65.9319,66.7578,24.2468,3.58214,0.255085
1.2426,18.3538,18.3538,3.6026,66.1214,66.7634,24.2482,3.6026,0.256752
1.2428,18.3064,18.3064,3.60815,66.0524,66.7689,24.2488,3.60815,0.258419
1.243,18.2627,18.2627,3.6143,66.007,66.7745,24.2491,3.6143,0.260086
1.2432,18.3253,18.3253,3.59922,65.9569,66.7801,24.2475,3.59922,0.258419
1.2434,18.3527,18.3527,3.59626,66.0011,66.7856,24.2478,3.59626,0.256752
1.2436,18.4104,18.4104,3.58275,65.9598,66.7912,24.2469,3.58275,0.255085
1.2438,18.3467,18.3467,3.60457,66.1321,66.7968,24.2487,3.60457,0.256752
1.244,18.3136,18.3136,3.60588,66.0365,66.8023,24.2487,3.60588,0.258419
1.2442,18.2699,18.2699,3.61654,66.0737,66.8079,24.2495,3.61654,0.260086
1.2444,18.324,18.324,3.59832,65.9355,66.8135,24.2479,3.59832,0.258419
1.2446,18.3624,18.3624,3.5958,66.0277,66.819,24.248,3.5958,0.256752
1.2448,18.4028,18.4028,3.58766,66.0232,66.8246,24.2474,3.58766,0.255085
1.245,18.4388,18.4388,3.57715,65.9585,66.8302,24.2466,3.57715,0.253419
1.2452,18.3977,18.3977,3.59807,66.196,66.8357,24.2482,3.59807,0.255085
1.2454,18.3477,18.3477,3.60086,66.0675,66.8413,24.2481,3.60086,0.256752
1.2456,18.317,18.317,3.61131,66.1483,66.8469,24.249,3.61131,0.258419
1.2458,18.2623,18.2623,3.61893,66.09,66.8524,24.2496,3.61893,0.260086
1.246,18.33,18.33,3.59846,65.96,66.858,24.2482,3.59846,0.258419
1.2462,18.3703,18.3703,3.59884,66.1116,66.8636,24.248,3.59884,0.256752
1.2464,18.3939,18.3939,3.59019,66.0376,66.8691,24.2476,3.59019,0.255085
1.2466,18.422,18.422,3.58578,66.0573,66.8747,24.2474,3.58578,0.253419
1.2468,18.3915,18.3915,3.59811,66.1746,66.8803,24.2479,3.59811,0.255085
1.247,18.3445,18.3445,3.60587,66.1479,66.8858,24.2487,3.60587,0.256752
1.2472,18.3029,18.3029,3.61542,66.1727,66.8914,24.2494,3.61542,0.258419
1.2474,18.2561,18.2561,3.62287,66.1394,66.897,24.2499,3.62287,0.260086
1.2476,18.3259,18.3259,3.60445,66.0549,66.9025,24.2486,3.60445,0.258419
1.2478,18.3628,18.3628,3.6019,66.1409,66.9081,24.2484,3.6019,0.256752
1.248,18.3946,18.3946,3.59059,66.0475,66.9137,24.2477,3.59059,0.255085
1.2482,18.4272,18.4272,3.58942,66.1428,66.9192,24.2473,3.58942,0.253419
1.2484,18.3995,18.3995,3.59685,66.1801,66.9248,24.2481,3.59685,0.255085
1.2486,18.3612,18.3612,3.6066,66.2215,66.9304,24.2488,3.6066,0.256752
1.2488,18.2959,18.2959,3.61801,66.1948,66.9359,24.2494,3.61801,0.258419
1.249,18.2598,18.2598,3.62523,66.1962,66.9415,24.25,3.62523,0.260086
1.2492,18.3213,18.3213,3.60773,66.0983,66.9471,24.2488,3.60773,0.258419
1.2494,18.3656,18.3656,3.60233,66.159,66.9526,24.2485,3.60233,0.256752
1.2496,18.3936,18.3936,3.59549,66.134,66.9582,24.248,3.59549,0.255085
1.2498,18.4338,18.4338,3.58645,66.112,66.9638,24.2474,3.58645,0.253419
1.25,18.4029,18.4029,3.60091,66.2673,66.9694,24.2483,3.60091,0.255085
1.2502,18.3518,18.3518,3.60978,66.2462,66.9749,24.249,3.60978,0.256752
1.2504,18.3182,18.3182,3.61525,66.2251,66.9805,24.2493,3.61525,0.258419
1.2506,18.2714,18.2714,3.62596,66.2514,66.9861,24.25,3.62596,0.260086
1.2508,18.317,18.317,3.6117,66.1556,66.9916,24.2491,3.6117,0.258419
1.251,18.369,18.369,3.60217,66.1682,66.9972,24.2485,3.60217,0.256752
1.2512,18.3993,18.3993,3.59584,66.1611,67.0028,24.2481,3.59584,0.255085
1.2514,18.4359,18.4359,3.58806,66.149,67.0083,24.2473,3.58806,0.253419
1.2516,18.3983,18.3983,3.60259,66.2815,67.0139,24.2485,3.60259,0.255085
1.2518,18.3553,18.3553,3.61219,66.3029,67.0195,24.249,3.61219,0.256752
1.252,18.3226,18.3226,3.61709,66.2745,67.025,24.2494,3.61709,0.258419
1.2522,18.2647,18.2647,3.63173,66.3324,67.0306,24.2505,3.63173,0.260086
1.2524,18.3223,18.3223,3.61025,66.1482,67.0362,24.249,3.61025,0.258419
1.2526,18.3725,18.3725,3.60609,66.2528,67.0417,24.2488,3.60609,0.256752
1.2528,18.3993,18.3993,3.60004,66.2383,67.0473,24.2483,3.60004,0.255085
1.253,18.4313,18.4313,3.59392,66.2406,67.0529,24.2477,3.59392,0.253419
1.2532,18.403,18.403,3.60552,66.3523,67.0584,24.2485,3.60552,0.255085
1.2534,18.3497,18.3497,3.61442,66.3237,67.064,24.2491,3.61442,0.256752
1.2536,18.3191,18.3191,3.62309,66.3715,67.0696,24.2498,3.62309,0.258419
1.2538,18.2626,18.2626,3.63198,66.3293,67.0751,24.2505,3.63198,0.260086
1.254,18.3325,18.3325,3.60961,66.1732,67.0807,24.2489,3.60961,0.258419
1.2542,18.3666,18.3666,3.61194,66.339,67.0863,24.2491,3.61194,0.256752
1.2544,18.3968,18.3968,3.60128,66.2518,67.0918,24.2484,3.60128,0.255085
1.2546,18.4398,18.4398,3.59446,66.281,67.0974,24.2478,3.59446,0.253419
1.2548,18.4036,18.4036,3.60797,66.3996,67.103,24.2486,3.60797,0.255085
1.255,18.3518,18.3518,3.61722,66.3826,67.1085,24.2493,3.61722,0.256752
1.2552,18.3115,18.3115,3.62383,66.3578,67.1141,24.2497,3.62383,0.258419
1.2554,18.2723,18.2723,3.63226,66.3699,67.1197,24.2505,3.63226,0.260086
1.2556,18.325,18.325,3.61788,66.2976,67.1252,24.2495,3.61788,0.258419
1.2558,18.3664,18.3664,3.61231,66.3451,67.1308,24.2491,3.61231,0.256752
1.256,18.4003,18.4003,3.60295,66.2954,67.1364,24.2483,3.60295,0.255085
1.2562,18.4398,18.4398,3.59787,66.3439,67.1419,24.2481,3.59787,0.253419
1.2564,18.3929,18.3929,3.61509,66.4919,67.1475,24.2492,3.61509,0.255085
1.2566,18.3386,18.3386,3.62337,66.4474,67.1531,24.2497,3.62337,0.256752
1.2568,18.3179,18.3179,3.62285,66.3631,67.1586,24.2496,3.62285,0.258419
1.257,18.2749,18.2749,3.63574,66.443,67.1642,24.2508,3.63574,0.260086
1.2572,18.3135,18.3135,3.62365,66.3616,67.1698,24.2496,3.62365,0.258419
1.2574,18.3572,18.3572,3.61267,66.3185,67.1754,24.2489,3.61267,0.256752
1.2576,18.4056,18.4056,3.60545,66.3605,67.1809,24.2487,3.60545,0.255085
1.2578,18.3554,18.3554,3.6242,66.5237,67.1865,24.2497,3.6242,0.256752
1.258,18.3133,18.3133,3.62908,66.4605,67.1921,24.2502,3.62908,0.258419
1.2582,18.2655,18.2655,3.6396,66.479,67.1976,24.2507,3.6396,0.260086
1.2584,18.3311,18.3311,3.61626,66.2902,67.2032,24.2494,3.61626,0.258419
1.2586,18.3763,18.3763,3.61463,66.4238,67.2088,24.2491,3.61463,0.256752
1.2588,18.3907,18.3907,3.6135,66.4546,67.2143,24.2492,3.6135,0.255085
1.259,18.4435,18.4435,3.59702,66.3416,67.2199,24.2481,3.59702,0.253419
1.2592,18.3942,18.3942,3.6238,66.6569,67.2255,24.2499,3.6238,0.255085
1.2594,18.3304,18.3304,3.62636,66.4724,67.231,24.2501,3.62636,0.256752
1.2596,18.3268,18.3268,3.62846,66.4981,67.2366,24.2503,3.62846,0.258419
1.2598,18.2751,18.2751,3.64008,66.5229,67.2422,24.2508,3.64008,0.260086
1.26,18.3351,18.3351,3.61873,66.3498,67.2477,24.2495,3.61873,0.258419
1.2602,18.3732,18.3732,3.61739,66.4631,67.2533,24.2495,3.61739,0.256752
1.2604,18.3933,18.3933,3.61162,66.4296,67.2589,24.2489,3.61162,0.255085
1.2606,18.4509,18.4509,3.59843,66.3941,67.2644,24.2483,3.59843,0.253419
1.2608,18.3957,18.3957,3.62233,66.6352,67.27,24.2496,3.62233,0.255085
1.261,18.3385,18.3385,3.62545,66.4852,67.2756,24.2498,3.62545,0.256752
1.2612,18.3265,18.3265,3.63138,66.5504,67.2811,24.2502,3.63138,0.258419
1.2614,18.2656,18.2656,3.64591,66.5949,67.2867,24.2514,3.64591,0.260086
1.2616,18.3245,18.3245,3.62347,66.3981,67.2923,24.2496,3.62347,0.258419
1.2618,18.367,18.367,3.62002,66.4886,67.2978,24.2495,3.62002,0.256752
1.262,18.4111,18.4111,3.61008,66.4655,67.3034,24.2488,3.61008,0.255085
1.2622,18.3585,18.3585,3.62987,66.6388,67.309,24.2501,3.62987,0.256752
1.2624,18.3123,18.3123,3.6351,66.5671,67.3145,24.2505,3.6351,0.258419
1.2626,18.2782,18.2782,3.64395,66.605,67.3201,24.2511,3.64395,0.260086
1.2628,18.3133,18.3133,3.62651,66.4133,67.3257,24.2501,3.62651,0.258419
1.263,18.3724,18.3724,3.62232,66.5505,67.3312,24.2498,3.62232,0.256752
1.2632,18.3928,18.3928,3.61499,66.4897,67.3368,24.2491,3.61499,0.255085
1.2634,18.4415,18.4415,3.60828,66.5419,67.3424,24.2488,3.60828,0.253419
1.2636,18.3858,18.3858,3.6217,66.5879,67.3479,24.2498,3.6217,0.255085
1.2638,18.3425,18.3425,3.63014,66.5859,67.3535,24.2501,3.63014,0.256752
1.264,18.3299,18.3299,3.63369,66.605,67.3591,24.2506,3.63369,0.258419
1.2642,18.2668,18.2668,3.64896,66.6548,67.3646,24.2516,3.64896,0.260086
1.2644,18.3236,18.3236,3.62548,66.4317,67.3702,24.2498,3.62548,0.258419
1.2646,18.3727,18.3727,3.62549,66.6101,67.3758,24.25,3.62549,0.256752
1.2648,18.3887,18.3887,3.61859,66.5412,67.3814,24.2497,3.61859,0.255085
1.265,18.4443,18.4443,3.60945,66.5739,67.3869,24.2489,3.60945,0.253419
1.2652,18.3967,18.3967,3.62274,66.6464,67.3925,24.2496,3.62274,0.255085
1.2654,18.3469,18.3469,3.63272,66.649,67.3981,24.25,3.63272,0.256752
1.2656,18.3092,18.3092,3.64392,66.7174,67.4036,24.2513,3.64392,0.258419
1.2658,18.2479,18.2479,3.65435,66.6843,67.4092,24.252,3.65435,0.260086
1.266,18.3216,18.3216,3.62671,66.4471,67.4148,24.2499,3.62671,0.258419
1.2662,18.3784,18.3784,3.62506,66.6228,67.4203,24.25,3.62506,0.256752
1.2664,18.3949,18.3949,3.62171,66.6211,67.4259,24.2498,3.62171,0.255085
1.2666,18.4303,18.4303,3.61244,66.5783,67.4315,24.2492,3.61244,0.253419
1.2668,18.3996,18.3996,3.62629,66.7222,67.437,24.2499,3.62629,0.255085
1.267,18.3457,18.3457,3.6378,66.7382,67.4426,24.2509,3.6378,0.256752
1.2672,18.3064,18.3064,3.64519,66.7304,67.4482,24.2512,3.64519,0.258419
1.2674,18.262,18.262,3.65391,66.7277,67.4537,24.252,3.65391,0.260086
1.2676,18.3106,18.3106,3.63338,66.5292,67.4593,24.2505,3.63338,0.258419
1.2678,18.364,18.364,3.63123,66.6839,67.4649,24.2502,3.63123,0.256752
1.268,18.4007,18.4007,3.62016,66.6135,67.4704,24.2494,3.62016,0.255085
1.2682,18.3671,18.3671,3.63475,66.7596,67.476,24.2505,3.63475,0.256752
1.2684,18.3013,18.3013,3.65031,66.8054,67.4816,24.2518,3.65031,0.258419
1.2686,18.261,18.261,3.65238,66.6959,67.4871,24.2519,3.65238,0.260086
1.2688,18.323,18.323,3.63732,66.6467,67.4927,24.2508,3.63732,0.258419
1.269,18.3642,18.3642,3.63275,66.7125,67.4983,24.2505,3.63275,0.256752
1.2692,18.3921,18.3921,3.62371,66.6476,67.5038,24.2499,3.62371,0.255085
1.2694,18.451,18.451,3.61323,66.6677,67.5094,24.2492,3.61323,0.253419
1.2696,18.4014,18.4014,3.63098,66.8151,67.515,24.2502,3.63098,0.255085
1.2698,18.3439,18.3439,3.64113,66.7926,67.5205,24.2511,3.64113,0.256752
1.27,18.3024,18.3024,3.65542,66.9032,67.5261,24.2521,3.65542,0.258419
1.2702,18.2627,18.2627,3.65451,66.7415,67.5317,24.252,3.65451,0.260086
1.2704,18.3092,18.3092,3.63919,66.6306,67.5372,24.2507,3.63919,0.258419
1.2706,18.3647,18.3647,3.63477,66.7513,67.5428,24.2507,3.63477,0.256752
1.2708,18.4005,18.4005,3.62654,66.7302,67.5484,24.2499,3.62654,0.255085
1.271,18.3569,18.3569,3.64258,66.8665,67.5539,24.2512,3.64258,0.256752
1.2712,18.2991,18.2991,3.64984,66.7889,67.5595,24.2512,3.64984,0.258419
1.2714,18.2643,18.2643,3.66019,66.8509,67.5651,24.2523,3.66019,0.260086
1.2716,18.3195,18.3195,3.63795,66.6455,67.5706,24.2509,3.63795,0.258419
1.2718,18.3634,18.3634,3.63791,66.8042,67.5762,24.2509,3.63791,0.256752
1.272,18.4053,18.4053,3.62678,66.7519,67.5818,24.2501,3.62678,0.255085
1.2722,18.3512,18.3512,3.64735,66.9332,67.5874,24.2516,3.64735,0.256752
1.2724,18.3099,18.3099,3.64896,66.8119,67.5929,24.2515,3.64896,0.258419
1.2726,18.2596,18.2596,3.66158,66.8589,67.5985,24.2525,3.66158,0.260086
1.2728,18.2608,18.2608,3.65818,66.8014,67.6041,24.2523,3.65818,0.258419
1.273,18.3757,18.3757,3.62738,66.6558,67.6096,24.25,3.62738,0.256752
1.2732,18.4175,18.4175,3.62806,66.8197,67.6152,24.25,3.62806,0.255085
1.2734,18.3536,18.3536,3.64894,66.9713,67.6208,24.2517,3.64894,0.256752
1.2736,18.3009,18.3009,3.65618,66.9111,67.6263,24.2521,3.65618,0.258419
1.2738,18.2669,18.2669,3.65981,66.8536,67.6319,24.2523,3.65981,0.260086
1.274,18.3064,18.3064,3.65055,66.8286,67.6375,24.2518,3.65055,0.258419
1.2742,18.3687,18.3687,3.63766,66.8192,67.643,24.2509,3.63766,0.256752
1.2744,18.4144,18.4144,3.62926,66.8307,67.6486,24.2503,3.62926,0.255085
1.2746,18.3452,18.3452,3.65347,67.0236,67.6542,24.2517,3.65347,0.256752
1.2748,18.3012,18.3012,3.6565,66.9183,67.6597,24.2521,3.6565,0.258419
1.275,18.2693,18.2693,3.66104,66.8848,67.6653,24.2524,3.66104,0.260086
1.2752,18.2687,18.2687,3.66046,66.8717,67.6709,24.2524,3.66046,0.258419
1.2754,18.3714,18.3714,3.63336,66.7501,67.6764,24.2503,3.63336,0.256752
1.2756,18.4161,18.4161,3.63058,66.8613,67.682,24.2502,3.63058,0.255085
1.2758,18.3564,18.3564,3.64759,66.9567,67.6876,24.2515,3.64759,0.256752
1.276,18.2712,18.2712,3.66899,67.0368,67.6931,24.253,3.66899,0.258419
1.2762,18.3405,18.3405,3.64083,66.7748,67.6987,24.2512,3.64083,0.256752
1.2764,18.4209,18.4209,3.62932,66.8553,67.7043,24.2503,3.62932,0.255085
1.2766,18.3531,18.3531,3.65502,67.0808,67.7098,24.2518,3.65502,0.256752
1.2768,18.3042,18.3042,3.65645,66.9285,67.7154,24.252,3.65645,0.258419
1.277,18.2751,18.2751,3.66405,66.9609,67.721,24.2527,3.66405,0.260086
1.2772,18.2225,18.2225,3.67596,66.9852,67.7265,24.2535,3.67596,0.261753
1.2774,18.2718,18.2718,3.65842,66.8457,67.7321,24.2523,3.65842,0.260086
1.2776,18.281,18.281,3.66391,66.98,67.7377,24.2526,3.66391,0.258419
1.2778,18.3707,18.3707,3.63765,66.826,67.7432,24.2506,3.63765,0.256752
1.278,18.4209,18.4209,3.63194,66.9034,67.7488,24.2505,3.63194,0.255085
1.2782,18.3563,18.3563,3.65333,67.0615,67.7544,24.252,3.65333,0.256752
1.2784,18.2949,18.2949,3.66715,67.09,67.7599,24.2529,3.66715,0.258419
1.2786,18.279,18.279,3.66243,66.9454,67.7655,24.2526,3.66243,0.260086
1.2788,18.23,18.23,3.67871,67.0629,67.7711,24.2537,3.67871,0.261753
1.279,18.2651,18.2651,3.66096,66.8677,67.7766,24.2524,3.66096,0.260086
1.2792,18.2825,18.2825,3.66535,67.0119,67.7822,24.2528,3.66535,0.258419
1.2794,18.3532,18.3532,3.64369,66.8732,67.7878,24.2512,3.64369,0.256752
1.2796,18.4197,18.4197,3.63559,66.9666,67.7934,24.2505,3.63559,0.255085
1.2798,18.3697,18.3697,3.65204,67.0867,67.7989,24.2518,3.65204,0.256752
1.28,18.3057,18.3057,3.66432,67.0779,67.8045,24.2522,3.66432,0.258419
1.2802,18.2848,18.2848,3.66669,67.0447,67.8101,24.2528,3.66669,0.260086
1.2804,18.2275,18.2275,3.68109,67.097,67.8156,24.2539,3.68109,0.261753
1.2806,18.2767,18.2767,3.66084,66.9079,67.8212,24.2524,3.66084,0.260086
1.2808,18.2854,18.2854,3.66819,67.0744,67.8268,24.253,3.66819,0.258419
1.281,18.3606,18.3606,3.64572,66.9374,67.8323,24.2515,3.64572,0.256752
1.2812,18.4184,18.4184,3.63809,67.0078,67.8379,24.2509,3.63809,0.255085
1.2814,18.3704,18.3704,3.65528,67.1491,67.8435,24.252,3.65528,0.256752
1.2816,18.3021,18.3021,3.66806,67.133,67.849,24.253,3.66806,0.258419
1.2818,18.2764,18.2764,3.67101,67.0929,67.8546,24.2531,3.67101,0.260086
1.282,18.2323,18.2323,3.67862,67.0697,67.8602,24.2536,3.67862,0.261753
1.2822,18.2802,18.2802,3.66385,66.9761,67.8657,24.2525,3.66385,0.260086
1.2824,18.2874,18.2874,3.67001,67.1151,67.8713,24.2531,3.67001,0.258419
1.2826,18.3731,18.3731,3.64515,66.9728,67.8769,24.2511,3.64515,0.256752
1.2828,18.4174,18.4174,3.63976,67.035,67.8824,24.2511,3.63976,0.255085
1.283,18.3622,18.3622,3.65923,67.1916,67.888,24.2522,3.65923,0.256752
1.2832,18.3066,18.3066,3.66769,67.143,67.8936,24.2527,3.66769,0.258419
1.2834,18.275,18.275,3.67352,67.1336,67.8991,24.2534,3.67352,0.260086
1.2836,18.2844,18.2844,3.66924,67.09,67.9047,24.253,3.66924,0.258419
1.2838,18.3629,18.3629,3.65149,67.052,67.9103,24.2516,3.65149,0.256752
1.284,18.4052,18.4052,3.64298,67.0499,67.9158,24.2512,3.64298,0.255085
1.2842,18.3584,18.3584,3.66374,67.2604,67.9214,24.2527,3.66374,0.256752
1.2844,18.2812,18.2812,3.67628,67.2068,67.927,24.2535,3.67628,0.258419
1.2846,18.278,18.278,3.66831,67.0492,67.9325,24.2527,3.66831,0.260086
1.2848,18.2337,18.2337,3.68508,67.1928,67.9381,24.2541,3.68508,0.261753
1.285,18.2885,18.2885,3.66496,67.0264,67.9437,24.252,3.66496,0.260086
1.2852,18.2927,18.2927,3.67329,67.1944,67.9492,24.2533,3.67329,0.258419
1.2854,18.3557,18.3557,3.65267,67.0473,67.9548,24.2516,3.65267,0.256752
1.2856,18.405,18.405,3.64717,67.1263,67.9604,24.2516,3.64717,0.255085
1.2858,18.3642,18.3642,3.66483,67.3017,67.9659,24.2528,3.66483,0.256752
1.286,18.2804,18.2804,3.67597,67.1983,67.9715,24.2535,3.67597,0.258419
1.2862,18.2852,18.2852,3.67284,67.1586,67.9771,24.253,3.67284,0.260086
1.2864,18.2322,18.2322,3.68696,67.2212,67.9826,24.2543,3.68696,0.261753
1.2866,18.2757,18.2757,3.67026,67.0766,67.9882,24.2531,3.67026,0.260086
1.2868,18.296,18.296,3.67461,67.2305,67.9938,24.2534,3.67461,0.258419
1.287,18.3586,18.3586,3.65384,67.0793,67.9994,24.2521,3.65384,0.256752
1.2872,18.3982,18.3982,3.65508,67.2468,68.0049,24.2521,3.65508,0.255085
1.2874,18.3636,18.3636,3.66489,67.3004,68.0105,24.2525,3.66489,0.256752
1.2876,18.2857,18.2857,3.67859,67.2656,68.0161,24.2532,3.67859,0.258419
1.2878,18.2818,18.2818,3.67651,67.2133,68.0216,24.2535,3.67651,0.260086
1.288,18.2358,18.2358,3.68801,67.2539,68.0272,24.2542,3.68801,0.261753
1.2882,18.2863,18.2863,3.67049,67.1197,68.0328,24.2529,3.67049,0.260086
1.2884,18.3264,18.3264,3.67123,67.2805,68.0383,24.2531,3.67123,0.258419
1.2886,18.3625,18.3625,3.66048,67.2154,68.0439,24.2524,3.66048,0.256752
1.2888,18.4097,18.4097,3.65181,67.2287,68.0495,24.2517,3.65181,0.255085
1.289,18.3612,18.3612,3.67061,67.397,68.055,24.2531,3.67061,0.256752
1.2892,18.2909,18.2909,3.67805,67.275,68.0606,24.2536,3.67805,0.258419
1.2894,18.2851,18.2851,3.68025,67.2938,68.0662,24.2538,3.68025,0.260086
1.2896,18.2308,18.2308,3.69168,67.3024,68.0717,24.2545,3.69168,0.261753
1.2898,18.2859,18.2859,3.67367,67.1762,68.0773,24.2532,3.67367,0.260086
1.29,18.2993,18.2993,3.67824,67.3093,68.0829,24.2536,3.67824,0.258419
1.2902,18.3576,18.3576,3.66299,67.2438,68.0884,24.2526,3.66299,0.256752
1.2904,18.4135,18.4135,3.6531,67.2664,68.094,24.252,3.6531,0.255085
1.2906,18.3584,18.3584,3.67155,67.4037,68.0996,24.253,3.67155,0.256752
1.2908,18.2856,18.2856,3.68468,67.3765,68.1051,24.254,3.68468,0.258419
1.291,18.2731,18.2731,3.68339,67.3068,68.1107,24.2537,3.68339,0.260086
1.2912,18.2419,18.2419,3.69113,67.3334,68.1163,24.2544,3.69113,0.261753
1.2914,18.2774,18.2774,3.67927,67.2476,68.1218,24.2537,3.67927,0.260086
1.2916,18.3002,18.3002,3.67981,67.3411,68.1274,24.2537,3.67981,0.258419
1.2918,18.3631,18.3631,3.66306,67.2652,68.133,24.2525,3.66306,0.256752
1.292,18.4105,18.4105,3.65727,67.332,68.1385,24.2523,3.65727,0.255085
1.2922,18.3575,18.3575,3.67208,67.4102,68.1441,24.2533,3.67208,0.256752
1.2924,18.2986,18.2986,3.68643,67.4564,68.1497,24.2542,3.68643,0.258419
1.2926,18.2862,18.2862,3.68222,67.3338,68.1552,24.2539,3.68222,0.260086
1.2928,18.2377,18.2377,3.6938,67.3663,68.1608,24.2545,3.6938,0.261753
1.293,18.2828,18.2828,3.67959,67.2731,68.1664,24.2537,3.67959,0.260086
1.2932,18.3263,18.3263,3.67661,67.3787,68.1719,24.2535,3.67661,0.258419
1.2934,18.3661,18.3661,3.66523,67.3158,68.1775,24.2528,3.66523,0.256752
1.2936,18.4017,18.4017,3.66016,67.3533,68.1831,24.2523,3.66016,0.255085
1.2938,18.3635,18.3635,3.6769,67.5209,68.1886,24.2533,3.6769,0.256752
1.294,18.2916,18.2916,3.68717,67.4444,68.1942,24.254,3.68717,0.258419
1.2942,18.2726,18.2726,3.68838,67.3964,68.1998,24.2543,3.68838,0.260086
1.2944,18.2289,18.2289,3.69986,67.4445,68.2054,24.2549,3.69986,0.261753
1.2946,18.2802,18.2802,3.68079,67.2856,68.2109,24.2538,3.68079,0.260086
1.2948,18.3077,18.3077,3.68429,67.4509,68.2165,24.254,3.68429,0.258419
1.295,18.3582,18.3582,3.66957,67.3666,68.2221,24.2534,3.66957,0.256752
1.2952,18.4117,18.4117,3.65869,67.3625,68.2276,24.2523,3.65869,0.255085
1.2954,18.3558,18.3558,3.68188,67.5836,68.2332,24.254,3.68188,0.256752
1.2956,18.2983,18.2983,3.68551,67.4385,68.2388,24.2541,3.68551,0.258419
1.2958,18.2923,18.2923,3.68859,67.4729,68.2443,24.2543,3.68859,0.260086
1.296,18.2379,18.2379,3.69888,67.4597,68.2499,24.2549,3.69888,0.261753
1.2962,18.2807,18.2807,3.68551,67.3736,68.2555,24.2541,3.68551,0.260086
1.2964,18.3111,18.3111,3.68366,67.452,68.261,24.2537,3.68366,0.258419
1.2966,18.3699,18.3699,3.66622,67.3481,68.2666,24.2529,3.66622,0.256752
1.2968,18.4109,18.4109,3.66659,67.5051,68.2722,24.2529,3.66659,0.255085
1.297,18.3475,18.3475,3.68355,67.5838,68.2777,24.2539,3.68355,0.256752
1.2972,18.3095,18.3095,3.6852,67.4743,68.2833,24.2539,3.6852,0.258419
1.2974,18.2874,18.2874,3.69344,67.5435,68.2889,24.2545,3.69344,0.260086
1.2976,18.2304,18.2304,3.70315,67.51,68.2944,24.2552,3.70315,0.261753
1.2978,18.2852,18.2852,3.68519,67.3847,68.3,24.254,3.68519,0.260086
1.298,18.31,18.31,3.68764,67.5209,68.3056,24.2542,3.68764,0.258419
1.2982,18.3682,18.3682,3.67125,67.4343,68.3111,24.2532,3.67125,0.256752
1.2984,18.4075,18.4075,3.66649,67.4909,68.3167,24.2527,3.66649,0.255085
1.2986,18.3521,18.3521,3.68596,67.6452,68.3223,24.2541,3.68596,0.256752
1.2988,18.3132,18.3132,3.68828,67.5443,68.3278,24.2543,3.68828,0.258419
1.299,18.2593,18.2593,3.70232,67.6016,68.3334,24.2552,3.70232,0.260086
1.2992,18.3136,18.3136,3.68175,67.4261,68.339,24.2534,3.68175,0.258419
1.2994,18.3704,18.3704,3.67518,67.5145,68.3445,24.2534,3.67518,0.256752
1.2996,18.3959,18.3959,3.67227,67.5548,68.3501,24.2531,3.67227,0.255085
1.2998,18.3562,18.3562,3.68512,67.645,68.3557,24.2542,3.68512,0.256752
1.3,18.2983,18.2983,3.69514,67.6146,68.3612,24.2549,3.69514,0.258419
1.3002,18.2661,18.2661,3.69692,67.5283,68.3668,24.2549,3.69692,0.260086
1.3004,18.3226,18.3226,3.68489,67.5168,68.3724,24.2542,3.68489,0.258419
1.3006,18.3691,18.3691,3.67778,67.5577,68.3779,24.2534,3.67778,0.256752
1.3008,18.4067,18.4067,3.66923,67.5383,68.3835,24.2531,3.66923,0.255085
1.301,18.3523,18.3523,3.68769,67.6777,68.3891,24.2543,3.68769,0.256752
1.3012,18.3117,18.3117,3.69468,67.6561,68.3946,24.2548,3.69468,0.258419
1.3014,18.2739,18.2739,3.70002,67.6138,68.4002,24.2551,3.70002,0.260086
1.3016,18.2316,18.2316,3.70842,67.6105,68.4058,24.2557,3.70842,0.261753
1.3018,18.2878,18.2878,3.69239,67.5254,68.4114,24.2546,3.69239,0.260086
1.302,18.3315,18.3315,3.68761,67.5992,68.4169,24.254,3.68761,0.258419
1.3022,18.3588,18.3588,3.68305,67.6164,68.4225,24.254,3.68305,0.256752
1.3024,18.409,18.409,3.67011,67.5631,68.4281,24.2529,3.67011,0.255085
1.3026,18.3649,18.3649,3.69017,67.7697,68.4336,24.2542,3.69017,0.256752
1.3028,18.2893,18.2893,3.70228,67.7121,68.4392,24.2553,3.70228,0.258419
1.303,18.2795,18.2795,3.69783,67.5945,68.4448,24.255,3.69783,0.260086
1.3032,18.2269,18.2269,3.71289,67.6744,68.4503,24.2558,3.71289,0.261753
1.3034,18.2865,18.2865,3.69361,67.5432,68.4559,24.2547,3.69361,0.260086
1.3036,18.3252,18.3252,3.69403,67.6939,68.4615,24.2548,3.69403,0.258419
1.3038,18.3757,18.3757,3.67837,67.5925,68.467,24.2536,3.67837,0.256752
1.304,18.4125,18.4125,3.6748,67.6622,68.4726,24.2533,3.6748,0.255085
1.3042,18.3437,18.3437,3.69675,67.812,68.4782,24.2548,3.69675,0.256752
1.3044,18.2974,18.2974,3.69927,67.687,68.4837,24.2551,3.69927,0.258419
1.3046,18.2806,18.2806,3.70157,67.6669,68.4893,24.2553,3.70157,0.260086
1.3048,18.2306,18.2306,3.71332,67.6958,68.4949,24.2558,3.71332,0.261753
1.305,18.291,18.291,3.69633,67.6096,68.5004,24.2547,3.69633,0.260086
1.3052,18.3167,18.3167,3.69725,67.7216,68.506,24.2548,3.69725,0.258419
1.3054,18.3731,18.3731,3.67858,67.5869,68.5116,24.2537,3.67858,0.256752
1.3056,18.4161,18.4161,3.67785,67.7316,68.5171,24.2534,3.67785,0.255085
1.3058,18.367,18.367,3.68902,67.7565,68.5227,24.2544,3.68902,0.256752
1.306,18.3079,18.3079,3.70238,67.7828,68.5283,24.2554,3.70238,0.258419
1.3062,18.275,18.275,3.70665,67.739,68.5338,24.2556,3.70665,0.260086
1.3064,18.2283,18.2283,3.7178,67.7692,68.5394,24.2563,3.7178,0.261753
1.3066,18.2846,18.2846,3.69955,67.6449,68.545,24.2551,3.69955,0.260086
1.3068,18.3171,18.3171,3.70059,67.7843,68.5505,24.2551,3.70059,0.258419
1.307,18.3708,18.3708,3.68593,67.7136,68.5561,24.2539,3.68593,0.256752
1.3072,18.4114,18.4114,3.68144,67.7802,68.5617,24.2539,3.68144,0.255085
1.3074,18.3458,18.3458,3.70038,67.8865,68.5672,24.2552,3.70038,0.256752
1.3076,18.2978,18.2978,3.70412,67.7772,68.5728,24.2554,3.70412,0.258419
1.3078,18.2802,18.2802,3.71037,67.8262,68.5784,24.2556,3.71037,0.260086
1.308,18.2308,18.2308,3.7179,67.7804,68.5839,24.2564,3.7179,0.261753
1.3082,18.2876,18.2876,3.70053,67.674,68.5895,24.2552,3.70053,0.260086
1.3084,18.321,18.321,3.69965,67.7813,68.5951,24.2551,3.69965,0.258419
1.3086,18.3773,18.3773,3.68677,67.7529,68.6006,24.254,3.68677,0.256752
1.3088,18.4197,18.4197,3.6781,67.7492,68.6062,24.2536,3.6781,0.255085
1.309,18.3673,18.3673,3.69499,67.867,68.6118,24.2548,3.69499,0.256752
1.3092,18.2995,18.2995,3.71079,67.9056,68.6174,24.2559,3.71079,0.258419
1.3094,18.2656,18.2656,3.71492,67.8554,68.6229,24.2561,3.71492,0.260086
1.3096,18.3113,18.3113,3.70075,67.7656,68.6285,24.2552,3.70075,0.258419
1.3098,18.3829,18.3829,3.68645,67.7674,68.6341,24.2539,3.68645,0.256752
1.31,18.3112,18.3112,3.71176,67.9667,68.6396,24.2559,3.71176,0.258419
1.3102,18.2673,18.2673,3.71537,67.8697,68.6452,24.2562,3.71537,0.260086
1.3104,18.3239,18.3239,3.69638,67.7321,68.6508,24.2546,3.69638,0.258419
1.3106,18.3829,18.3829,3.68721,67.7817,68.6563,24.2543,3.68721,0.256752
1.3108,18.3128,18.3128,3.71289,67.9935,68.6619,24.256,3.71289,0.258419
1.311,18.2697,18.2697,3.71431,67.8594,68.6675,24.2561,3.71431,0.260086
1.3112,18.3224,18.3224,3.70146,67.8195,68.673,24.2552,3.70146,0.258419
1.3114,18.3623,18.3623,3.69557,67.8591,68.6786,24.2548,3.69557,0.256752
1.3116,18.4101,18.4101,3.68419,67.8264,68.6842,24.2539,3.68419,0.255085
1.3118,18.3635,18.3635,3.70285,67.9972,68.6897,24.2551,3.70285,0.256752
1.312,18.3038,18.3038,3.71064,67.9186,68.6953,24.2558,3.71064,0.258419
1.3122,18.2792,18.2792,3.71486,67.9046,68.7009,24.2561,3.71486,0.260086
1.3124,18.2315,18.2315,3.72303,67.8763,68.7064,24.2567,3.72303,0.261753
1.3126,18.2745,18.2745,3.7136,67.8643,68.712,24.256,3.7136,0.260086
1.3128,18.3261,18.3261,3.70302,67.862,68.7176,24.2554,3.70302,0.258419
1.313,18.3561,18.3561,3.69703,67.8628,68.7231,24.2548,3.69703,0.256752
1.3132,18.4177,18.4177,3.68176,67.8095,68.7287,24.254,3.68176,0.255085
1.3134,18.3662,18.3662,3.70268,68.004,68.7343,24.2553,3.70268,0.256752
1.3136,18.3107,18.3107,3.71303,67.9883,68.7398,24.256,3.71303,0.258419
1.3138,18.2757,18.2757,3.71591,67.9107,68.7454,24.2562,3.71591,0.260086
1.314,18.237,18.237,3.72831,67.9934,68.751,24.2568,3.72831,0.261753
1.3142,18.2841,18.2841,3.70971,67.8288,68.7565,24.2557,3.70971,0.260086
1.3144,18.3284,18.3284,3.70715,67.9461,68.7621,24.2554,3.70715,0.258419
1.3146,18.3667,18.3667,3.69792,67.9187,68.7677,24.2545,3.69792,0.256752
1.3148,18.4082,18.4082,3.6944,68.0072,68.7732,24.2547,3.6944,0.255085
1.315,18.3611,18.3611,3.70346,67.9995,68.7788,24.2554,3.70346,0.256752
1.3152,18.3037,18.3037,3.71779,68.0493,68.7844,24.2563,3.71779,0.258419
1.3154,18.2731,18.2731,3.71986,67.9735,68.7899,24.2564,3.71986,0.260086
1.3156,18.2352,18.2352,3.72821,67.9845,68.7955,24.2569,3.72821,0.261753
1.3158,18.2764,18.2764,3.71989,67.986,68.8011,24.2565,3.71989,0.260086
1.316,18.3159,18.3159,3.71147,67.9791,68.8066,24.2556,3.71147,0.258419
1.3162,18.372,18.372,3.69766,67.9334,68.8122,24.255,3.69766,0.256752
1.3164,18.4159,18.4159,3.694,68.0284,68.8178,24.2546,3.694,0.255085
1.3166,18.3559,18.3559,3.71097,68.1181,68.8234,24.2558,3.71097,0.256752
1.3168,18.3026,18.3026,3.71642,68.0202,68.8289,24.2562,3.71642,0.258419
1.317,18.2867,18.2867,3.71999,68.0263,68.8345,24.2564,3.71999,0.260086
1.3172,18.238,18.238,3.72939,68.0165,68.8401,24.2572,3.72939,0.261753
1.3174,18.286,18.286,3.71888,68.0033,68.8456,24.2564,3.71888,0.260086
1.3176,18.3187,18.3187,3.71353,68.0271,68.8512,24.2558,3.71353,0.258419
1.3178,18.3688,18.3688,3.69789,67.9258,68.8568,24.255,3.69789,0.256752
1.318,18.4253,18.4253,3.69143,68.0158,68.8623,24.2544,3.69143,0.255085
1.3182,18.3588,18.3588,3.71471,68.1977,68.8679,24.2561,3.71471,0.256752
1.3184,18.3015,18.3015,3.71865,68.0567,68.8735,24.2563,3.71865,0.258419
1.3186,18.2827,18.2827,3.7232,68.0703,68.879,24.2566,3.7232,0.260086
1.3188,18.2367,18.2367,3.73323,68.0816,68.8846,24.2571,3.73323,0.261753
1.319,18.291,18.291,3.71867,68.0183,68.8902,24.2564,3.71867,0.260086
1.3192,18.3205,18.3205,3.71655,68.0892,68.8957,24.256,3.71655,0.258419
1.3194,18.3782,18.3782,3.70024,68.0037,68.9013,24.2552,3.70024,0.256752
1.3196,18.3281,18.3281,3.72154,68.2087,68.9069,24.2565,3.72154,0.258419
1.3198,18.2733,18.2733,3.73022,68.1632,68.9124,24.2572,3.73022,0.260086
1.32,18.2405,18.2405,3.73379,68.1061,68.918,24.2575,3.73379,0.261753
1.3202,18.2825,18.2825,3.72413,68.0862,68.9236,24.2568,3.72413,0.260086
1.3204,18.3235,18.3235,3.71636,68.0968,68.9291,24.2563,3.71636,0.258419
1.3206,18.3509,18.3509,3.71235,68.1251,68.9347,24.2557,3.71235,0.256752
1.3208,18.4202,18.4202,3.69218,68.0108,68.9403,24.2546,3.69218,0.255085
1.321,18.3625,18.3625,3.71927,68.2953,68.9458,24.2562,3.71927,0.256752
1.3212,18.2982,18.2982,3.72401,68.1427,68.9514,24.2567,3.72401,0.258419
1.3214,18.2835,18.2835,3.72762,68.154,68.957,24.2567,3.72762,0.260086
1.3216,18.2482,18.2482,3.73558,68.1675,68.9625,24.2576,3.73558,0.261753
1.3218,18.2831,18.2831,3.72404,68.0869,68.9681,24.2565,3.72404,0.260086
1.322,18.3298,18.3298,3.71663,68.1253,68.9737,24.2563,3.71663,0.258419
1.3222,18.3672,18.3672,3.70857,68.1161,68.9792,24.2558,3.70857,0.256752
1.3224,18.413,18.413,3.69988,68.1261,68.9848,24.2552,3.69988,0.255085
1.3226,18.3726,18.3726,3.7176,68.3019,68.9904,24.2556,3.7176,0.256752
1.3228,18.3069,18.3069,3.7296,68.2773,68.9959,24.2571,3.7296,0.258419
1.323,18.2831,18.2831,3.72836,68.166,69.0015,24.257,3.72836,0.260086
1.3232,18.2525,18.2525,3.73788,68.2256,69.0071,24.2577,3.73788,0.261753
1.3234,18.2853,18.2853,3.72836,68.1742,69.0126,24.257,3.72836,0.260086
1.3236,18.3278,18.3278,3.71995,68.1784,69.0182,24.2565,3.71995,0.258419
1.3238,18.3796,18.3796,3.70947,68.1787,69.0238,24.2556,3.70947,0.256752
1.324,18.3118,18.3118,3.73326,68.3626,69.0294,24.2574,3.73326,0.258419
1.3242,18.2859,18.2859,3.72937,68.1949,69.0349,24.2571,3.72937,0.260086
1.3244,18.2441,18.2441,3.74011,68.2349,69.0405,24.2578,3.74011,0.261753
1.3246,18.2889,18.2889,3.72875,68.1947,69.0461,24.2571,3.72875,0.260086
1.3248,18.3263,18.3263,3.72363,68.2405,69.0516,24.2567,3.72363,0.258419
1.325,18.3655,18.3655,3.71075,68.1498,69.0572,24.2559,3.71075,0.256752
1.3252,18.424,18.424,3.70197,68.2049,69.0628,24.2553,3.70197,0.255085
1.3254,18.3656,18.3656,3.72273,68.3703,69.0683,24.2564,3.72273,0.256752
1.3256,18.3055,18.3055,3.73126,68.3027,69.0739,24.2573,3.73126,0.258419
1.3258,18.291,18.291,3.73275,68.276,69.0795,24.2574,3.73275,0.260086
1.326,18.2338,18.2338,3.74619,68.3072,69.085,24.2582,3.74619,0.261753
1.3262,18.29,18.29,3.73007,68.2229,69.0906,24.2572,3.73007,0.260086
1.3264,18.3231,18.3231,3.72614,68.2744,69.0962,24.2569,3.72614,0.258419
1.3266,18.3516,18.3516,3.71909,68.2513,69.1017,24.2565,3.71909,0.256752
1.3268,18.4162,18.4162,3.70393,68.2124,69.1073,24.2554,3.70393,0.255085
1.327,18.359,18.359,3.72759,68.435,69.1129,24.2571,3.72759,0.256752
1.3272,18.3203,18.3203,3.7278,68.2942,69.1184,24.257,3.7278,0.258419
1.3274,18.286,18.286,3.73853,68.3629,69.124,24.2575,3.73853,0.260086
1.3276,18.2446,18.2446,3.74561,68.337,69.1296,24.2583,3.74561,0.261753
1.3278,18.2961,18.2961,3.732,68.2812,69.1351,24.2571,3.732,0.260086
1.328,18.327,18.327,3.72889,68.3395,69.1407,24.2571,3.72889,0.258419
1.3282,18.392,18.392,3.71115,68.2554,69.1463,24.2559,3.71115,0.256752
1.3284,18.3239,18.3239,3.73557,68.4502,69.1518,24.2576,3.73557,0.258419
1.3286,18.2819,18.2819,3.73868,68.3501,69.1574,24.2577,3.73868,0.260086
1.3288,18.2485,18.2485,3.7472,68.3808,69.163,24.2584,3.7472,0.261753
1.329,18.2928,18.2928,3.73462,68.3166,69.1685,24.2575,3.73462,0.260086
1.3292,18.3264,18.3264,3.72956,68.3495,69.1741,24.2572,3.72956,0.258419
1.3294,18.3653,18.3653,3.72112,68.3394,69.1797,24.2564,3.72112,0.256752
1.3296,18.4083,18.4083,3.71302,68.3502,69.1852,24.2561,3.71302,0.255085
1.3298,18.3676,18.3676,3.72237,68.3711,69.1908,24.2567,3.72237,0.256752
1.33,18.3263,18.3263,3.73458,68.4409,69.1964,24.2575,3.73458,0.258419
1.3302,18.2853,18.2853,3.74377,68.4559,69.2019,24.2581,3.74377,0.260086
1.3304,18.2405,18.2405,3.75253,68.4478,69.2075,24.2586,3.75253,0.261753
1.3306,18.2969,18.2969,3.73179,68.2803,69.2131,24.2572,3.73179,0.260086
1.3308,18.3333,18.3333,3.73229,68.4252,69.2186,24.2572,3.73229,0.258419
1.331,18.3781,18.3781,3.71519,68.2781,69.2242,24.2562,3.71519,0.256752
1.3312,18.328,18.328,3.73824,68.5143,69.2298,24.2577,3.73824,0.258419
1.3314,18.2799,18.2799,3.74424,68.4443,69.2354,24.2579,3.74424,0.260086
1.3316,18.2551,18.2551,3.75157,68.4851,69.2409,24.2586,3.75157,0.261753
1.3318,18.1984,18.1984,3.76125,68.4488,69.2465,24.2593,3.76125,0.263419
1.332,18.2603,18.2603,3.7424,68.3374,69.2521,24.2581,3.7424,0.261753
1.3322,18.3028,18.3028,3.73992,68.4508,69.2576,24.2579,3.73992,0.260086
1.3324,18.3302,18.3302,3.73547,68.4718,69.2632,24.2575,3.73547,0.258419
1.3326,18.3717,18.3717,3.72131,68.3668,69.2688,24.2566,3.72131,0.256752
1.3328,18.3334,18.3334,3.73906,68.5498,69.2743,24.2578,3.73906,0.258419
1.333,18.2816,18.2816,3.74684,68.4983,69.2799,24.2584,3.74684,0.260086
1.3332,18.2591,18.2591,3.75104,68.4906,69.2855,24.2586,3.75104,0.261753
1.3334,18.2114,18.2114,3.76336,68.5358,69.291,24.2594,3.76336,0.263419
1.3336,18.2534,18.2534,3.74592,68.3755,69.2966,24.2583,3.74592,0.261753
1.3338,18.3044,18.3044,3.74099,68.4766,69.3022,24.2577,3.74099,0.260086
1.334,18.3365,18.3365,3.73602,68.5057,69.3077,24.2574,3.73602,0.258419
1.3342,18.3708,18.3708,3.72664,68.4613,69.3133,24.2569,3.72664,0.256752
1.3344,18.416,18.416,3.7168,68.4487,69.3189,24.2561,3.7168,0.255085
1.3346,18.3693,18.3693,3.73239,68.5615,69.3244,24.2574,3.73239,0.256752
1.3348,18.3167,18.3167,3.74455,68.5879,69.33,24.2582,3.74455,0.258419
1.335,18.2811,18.2811,3.75197,68.5901,69.3356,24.2587,3.75197,0.260086
1.3352,18.2385,18.2385,3.7573,68.5275,69.3411,24.259,3.7573,0.261753
1.3354,18.2902,18.2902,3.74319,68.4635,69.3467,24.2581,3.74319,0.260086
1.3356,18.3419,18.3419,3.73713,68.5458,69.3523,24.2575,3.73713,0.258419
1.3358,18.3672,18.3672,3.72958,68.5018,69.3578,24.257,3.72958,0.256752
1.336,18.4123,18.4123,3.71786,68.4545,69.3634,24.2564,3.71786,0.255085
1.3362,18.3823,18.3823,3.73775,68.7085,69.369,24.2577,3.73775,0.256752
1.3364,18.3213,18.3213,3.74084,68.5371,69.3745,24.2579,3.74084,0.258419
1.3366,18.285,18.285,3.75475,68.6556,69.3801,24.2588,3.75475,0.260086
1.3368,18.2458,18.2458,3.75761,68.5603,69.3857,24.259,3.75761,0.261753
1.337,18.2973,18.2973,3.74382,68.502,69.3912,24.2579,3.74382,0.260086
1.3372,18.3447,18.3447,3.73779,68.5689,69.3968,24.2577,3.73779,0.258419
1.3374,18.3615,18.3615,3.73275,68.5388,69.4024,24.2573,3.73275,0.256752
1.3376,18.42,18.42,3.72245,68.5676,69.4079,24.2564,3.72245,0.255085
1.3378,18.3713,18.3713,3.7369,68.6518,69.4135,24.2577,3.7369,0.256752
1.338,18.3282,18.3282,3.74358,68.6132,69.4191,24.2579,3.74358,0.258419
1.3382,18.2863,18.2863,3.7551,68.6669,69.4246,24.259,3.7551,0.260086
1.3384,18.2476,18.2476,3.76033,68.617,69.4302,24.2592,3.76033,0.261753
1.3386,18.29,18.29,3.74881,68.5655,69.4358,24.2585,3.74881,0.260086
1.3388,18.3464,18.3464,3.73539,68.531,69.4414,24.2573,3.73539,0.258419
1.339,18.3771,18.3771,3.73324,68.6063,69.4469,24.2575,3.73324,0.256752
1.3392,18.3259,18.3259,3.7524,68.7661,69.4525,24.2584,3.7524,0.258419
1.3394,18.2785,18.2785,3.75681,68.6689,69.4581,24.2591,3.75681,0.260086
1.3396,18.2525,18.2525,3.75931,68.6169,69.4636,24.2589,3.75931,0.261753
1.3398,18.2186,18.2186,3.76822,68.6518,69.4692,24.2598,3.76822,0.263419
1.34,18.2466,18.2466,3.76308,68.6635,69.4748,24.2594,3.76308,0.261753
1.3402,18.2909,18.2909,3.74935,68.5792,69.4803,24.2585,3.74935,0.260086
1.3404,18.3398,18.3398,3.7439,68.6624,69.4859,24.2579,3.7439,0.258419
1.3406,18.3834,18.3834,3.73195,68.606,69.4915,24.2572,3.73195,0.256752
1.3408,18.3321,18.3321,3.75385,68.8159,69.497,24.2589,3.75385,0.258419
1.341,18.2785,18.2785,3.75887,68.7064,69.5026,24.2591,3.75887,0.260086
1.3412,18.2517,18.2517,3.7613,68.6501,69.5082,24.259,3.7613,0.261753
1.3414,18.2169,18.2169,3.77177,68.71,69.5137,24.2598,3.77177,0.263419
1.3416,18.2399,18.2399,3.76051,68.5912,69.5193,24.2592,3.76051,0.261753
1.3418,18.3062,18.3062,3.74987,68.646,69.5249,24.2582,3.74987,0.260086
1.342,18.3477,18.3477,3.74362,68.6867,69.5304,24.258,3.74362,0.258419
1.3422,18.3853,18.3853,3.7377,68.7186,69.536,24.2577,3.7377,0.256752
1.3424,18.3334,18.3334,3.7518,68.7834,69.5416,24.2587,3.7518,0.258419
1.3426,18.2849,18.2849,3.76202,68.7882,69.5471,24.2593,3.76202,0.260086
1.3428,18.2413,18.2413,3.77077,68.7835,69.5527,24.26,3.77077,0.261753
1.343,18.2874,18.2874,3.75437,68.6577,69.5583,24.2586,3.75437,0.260086
1.3432,18.3377,18.3377,3.74968,68.7606,69.5638,24.2584,3.74968,0.258419
1.3434,18.3821,18.3821,3.73499,68.6572,69.5694,24.2575,3.73499,0.256752
1.3436,18.3384,18.3384,3.75811,68.9176,69.575,24.2591,3.75811,0.258419
1.3438,18.2766,18.2766,3.76326,68.7797,69.5805,24.2595,3.76326,0.260086
1.344,18.2399,18.2399,3.77217,68.8039,69.5861,24.26,3.77217,0.261753
1.3442,18.2919,18.2919,3.75568,68.6987,69.5917,24.259,3.75568,0.260086
1.3444,18.3474,18.3474,3.74883,68.7812,69.5972,24.2584,3.74883,0.258419
1.3446,18.3677,18.3677,3.74317,68.7533,69.6028,24.2582,3.74317,0.256752
1.3448,18.4215,18.4215,3.72903,68.6942,69.6084,24.257,3.72903,0.255085
1.345,18.3894,18.3894,3.74363,68.843,69.6139,24.2581,3.74363,0.256752
1.3452,18.3367,18.3367,3.75729,68.8963,69.6195,24.2591,3.75729,0.258419
1.3454,18.281,18.281,3.76657,68.8569,69.6251,24.2594,3.76657,0.260086
1.3456,18.2356,18.2356,3.77406,68.8224,69.6306,24.2599,3.77406,0.261753
1.3458,18.2937,18.2937,3.75676,68.7251,69.6362,24.2589,3.75676,0.260086
1.346,18.3449,18.3449,3.75364,68.8603,69.6418,24.2588,3.75364,0.258419
1.3462,18.365,18.365,3.74773,68.8271,69.6474,24.2582,3.74773,0.256752
1.3464,18.3977,18.3977,3.73873,68.7839,69.6529,24.2576,3.73873,0.255085
1.3466,18.3704,18.3704,3.75198,68.9253,69.6585,24.2585,3.75198,0.256752
1.3468,18.3154,18.3154,3.76456,68.9495,69.6641,24.2596,3.76456,0.258419
1.347,18.2818,18.2818,3.76665,68.8609,69.6696,24.2596,3.76665,0.260086
1.3472,18.2384,18.2384,3.77713,68.8889,69.6752,24.2603,3.77713,0.261753
1.3474,18.2935,18.2935,3.75919,68.7688,69.6808,24.2592,3.75919,0.260086
1.3476,18.3495,18.3495,3.75081,68.8255,69.6863,24.2585,3.75081,0.258419
1.3478,18.3748,18.3748,3.74996,68.9047,69.6919,24.2584,3.74996,0.256752
1.348,18.4102,18.4102,3.73958,68.8464,69.6975,24.2578,3.73958,0.255085
1.3482,18.3624,18.3624,3.75423,68.9364,69.703,24.2587,3.75423,0.256752
1.3484,18.3197,18.3197,3.7647,68.9679,69.7086,24.2593,3.7647,0.258419
1.3486,18.2795,18.2795,3.77095,68.9311,69.7142,24.26,3.77095,0.260086
1.3488,18.2398,18.2398,3.77998,68.9462,69.7197,24.2604,3.77998,0.261753
1.349,18.2921,18.2921,3.76192,68.8134,69.7253,24.2594,3.76192,0.260086
1.3492,18.3435,18.3435,3.75562,68.8912,69.7309,24.259,3.75562,0.258419
1.3494,18.3765,18.3765,3.74926,68.8983,69.7364,24.2583,3.74926,0.256752
1.3496,18.3252,18.3252,3.77003,69.0865,69.742,24.2595,3.77003,0.258419
1.3498,18.2785,18.2785,3.77097,68.9279,69.7476,24.26,3.77097,0.260086
1.35,18.2509,18.2509,3.77743,68.9416,69.7531,24.2601,3.77743,0.261753
1.3502,18.2112,18.2112,3.78751,68.9749,69.7587,24.2608,3.78751,0.263419
1.3504,18.2461,18.2461,3.77468,68.8732,69.7643,24.2599,3.77468,0.261753
1.3506,18.3018,18.3018,3.7645,68.897,69.7698,24.2594,3.7645,0.260086
1.3508,18.346,18.346,3.75709,68.9277,69.7754,24.2591,3.75709,0.258419
1.351,18.3802,18.3802,3.74946,68.916,69.781,24.2584,3.74946,0.256752
1.3512,18.343,18.343,3.76466,69.0553,69.7865,24.2596,3.76466,0.258419
1.3514,18.279,18.279,3.77564,69.015,69.7921,24.2603,3.77564,0.260086
1.3516,18.2502,18.2502,3.78022,68.9896,69.7977,24.2606,3.78022,0.261753
1.3518,18.196,18.196,3.79383,69.0326,69.8032,24.2612,3.79383,0.263419
1.352,18.2476,18.2476,3.77385,68.8636,69.8088,24.2601,3.77385,0.261753
1.3522,18.3051,18.3051,3.76785,68.9711,69.8144,24.2598,3.76785,0.260086
1.3524,18.3318,18.3318,3.76119,68.9494,69.8199,24.2591,3.76119,0.258419
1.3526,18.3882,18.3882,3.75363,69.0226,69.8255,24.2586,3.75363,0.256752
1.3528,18.3309,18.3309,3.77269,69.1568,69.8311,24.2601,3.77269,0.258419
1.353,18.2786,18.2786,3.7761,69.0216,69.8366,24.2603,3.7761,0.260086
1.3532,18.254,18.254,3.78166,69.0305,69.8422,24.2607,3.78166,0.261753
1.3534,18.1978,18.1978,3.79408,69.0439,69.8478,24.2612,3.79408,0.263419
1.3536,18.2451,18.2451,3.77567,68.8874,69.8534,24.2601,3.77567,0.261753
1.3538,18.3073,18.3073,3.76958,69.0109,69.8589,24.2598,3.76958,0.260086
1.354,18.3289,18.3289,3.76768,69.0577,69.8645,24.2598,3.76768,0.258419
1.3542,18.3673,18.3673,3.75678,69.0018,69.8701,24.259,3.75678,0.256752
1.3544,18.3401,18.3401,3.7719,69.1769,69.8756,24.26,3.7719,0.258419
1.3546,18.2775,18.2775,3.78085,69.1046,69.8812,24.2607,3.78085,0.260086
1.3548,18.2436,18.2436,3.78577,69.066,69.8868,24.2608,3.78577,0.261753
1.355,18.2954,18.2954,3.77216,69.0134,69.8923,24.26,3.77216,0.260086
1.3552,18.3341,18.3341,3.76829,69.0883,69.8979,24.2598,3.76829,0.258419
1.3554,18.3672,18.3672,3.75694,69.0044,69.9035,24.2589,3.75694,0.256752
1.3556,18.3328,18.3328,3.77588,69.2225,69.909,24.2603,3.77588,0.258419
1.3558,18.2738,18.2738,3.78317,69.1327,69.9146,24.2609,3.78317,0.260086
1.356,18.2461,18.2461,3.78609,69.0814,69.9202,24.261,3.78609,0.261753
1.3562,18.2088,18.2088,3.79897,69.1746,69.9257,24.2615,3.79897,0.263419
1.3564,18.2545,18.2545,3.77763,68.9587,69.9313,24.2602,3.77763,0.261753
1.3566,18.3069,18.3069,3.77689,69.1432,69.9369,24.2601,3.77689,0.260086
1.3568,18.3219,18.3219,3.76869,69.0496,69.9424,24.2598,3.76869,0.258419
1.357,18.38,18.38,3.75718,69.0572,69.948,24.2591,3.75718,0.256752
1.3572,18.3327,18.3327,3.77988,69.2952,69.9536,24.2606,3.77988,0.258419
1.3574,18.2739,18.2739,3.78387,69.146,69.9591,24.2608,3.78387,0.260086
1.3576,18.2513,18.2513,3.78911,69.1562,69.9647,24.2613,3.78911,0.261753
1.3578,18.2056,18.2056,3.79699,69.1263,69.9703,24.2616,3.79699,0.263419
1.358,18.2602,18.2602,3.78211,69.062,69.9758,24.2607,3.78211,0.261753
1.3582,18.2998,18.2998,3.77841,69.144,69.9814,24.2604,3.77841,0.260086
1.3584,18.3216,18.3216,3.77706,69.2016,69.987,24.2604,3.77706,0.258419
1.3586,18.3679,18.3679,3.75994,69.0622,69.9925,24.2591,3.75994,0.256752
1.3588,18.3262,18.3262,3.78241,69.3173,69.9981,24.2607,3.78241,0.258419
1.359,18.2695,18.2695,3.78769,69.1992,70.0037,24.2609,3.78769,0.260086
1.3592,18.2451,18.2451,3.79073,69.1624,70.0092,24.2611,3.79073,0.261753
1.3594,18.2077,18.2077,3.80284,69.241,70.0148,24.2621,3.80284,0.263419
1.3596,18.253,18.253,3.78528,69.0927,70.0204,24.2607,3.78528,0.261753
1.3598,18.3083,18.3083,3.777,69.1504,70.0259,24.2603,3.777,0.260086
1.36,18.3269,18.3269,3.77888,69.2553,70.0315,24.2604,3.77888,0.258419
1.3602,18.3674,18.3674,3.76304,69.1171,70.0371,24.2595,3.76304,0.256752
1.3604,18.3226,18.3226,3.78577,69.3653,70.0426,24.261,3.78577,0.258419
1.3606,18.2781,18.2781,3.78525,69.1871,70.0482,24.261,3.78525,0.260086
1.3608,18.2486,18.2486,3.7962,69.2753,70.0538,24.2614,3.7962,0.261753
1.361,18.2192,18.2192,3.801,69.2511,70.0594,24.262,3.801,0.263419
1.3612,18.2546,18.2546,3.78988,69.1829,70.0649,24.2609,3.78988,0.261753
1.3614,18.2918,18.2918,3.78225,69.184,70.0705,24.2607,3.78225,0.260086
1.3616,18.3347,18.3347,3.7769,69.2481,70.0761,24.2604,3.7769,0.258419
1.3618,18.3659,18.3659,3.76703,69.185,70.0816,24.2598,3.76703,0.256752
1.362,18.3291,18.3291,3.78771,69.4253,70.0872,24.2611,3.78771,0.258419
1.3622,18.2835,18.2835,3.7873,69.245,70.0928,24.2611,3.7873,0.260086
1.3624,18.2482,18.2482,3.7976,69.2992,70.0983,24.2615,3.7976,0.261753
1.3626,18.2989,18.2989,3.78322,69.2288,70.1039,24.2608,3.78322,0.260086
1.3628,18.3365,18.3365,3.7754,69.2277,70.1095,24.2601,3.7754,0.258419
1.363,18.3783,18.3783,3.76677,69.2267,70.115,24.2597,3.76677,0.256752
1.3632,18.3316,18.3316,3.78776,69.4357,70.1206,24.2611,3.78776,0.258419
1.3634,18.2864,18.2864,3.7892,69.291,70.1262,24.2611,3.7892,0.260086
1.3636,18.2509,18.2509,3.79729,69.3042,70.1317,24.2616,3.79729,0.261753
1.3638,18.2163,18.2163,3.80704,69.35,70.1373,24.2622,3.80704,0.263419
1.364,18.2528,18.2528,3.79236,69.2212,70.1429,24.2612,3.79236,0.261753
1.3642,18.307,18.307,3.78714,69.3313,70.1484,24.2611,3.78714,0.260086
1.3644,18.3147,18.3147,3.78563,69.3327,70.154,24.261,3.78563,0.258419
1.3646,18.3722,18.3722,3.76991,69.2617,70.1596,24.2599,3.76991,0.256752
1.3648,18.3215,18.3215,3.79051,69.4478,70.1651,24.2614,3.79051,0.258419
1.365,18.2913,18.2913,3.79081,69.3387,70.1707,24.2613,3.79081,0.260086
1.3652,18.2439,18.2439,3.8052,69.4218,70.1763,24.262,3.8052,0.261753
1.3654,18.2955,18.2955,3.78614,69.2691,70.1818,24.2607,3.78614,0.260086
1.3656,18.3338,18.3338,3.7834,69.364,70.1874,24.2608,3.7834,0.258419
1.3658,18.3784,18.3784,3.76964,69.2798,70.193,24.2599,3.76964,0.256752
1.366,18.3217,18.3217,3.79315,69.4967,70.1985,24.2616,3.79315,0.258419
1.3662,18.2975,18.2975,3.79126,69.3705,70.2041,24.2614,3.79126,0.260086
1.3664,18.2594,18.2594,3.80044,69.394,70.2097,24.2619,3.80044,0.261753
1.3666,18.2091,18.2091,3.81243,69.421,70.2152,24.2628,3.81243,0.263419
1.3668,18.2632,18.2632,3.79229,69.2594,70.2208,24.2614,3.79229,0.261753
1.367,18.3117,18.3117,3.79019,69.4048,70.2264,24.2613,3.79019,0.260086
1.3672,18.3149,18.3149,3.7916,69.4426,70.2319,24.2614,3.7916,0.258419
1.3674,18.3738,18.3738,3.7741,69.3445,70.2375,24.2602,3.7741,0.256752
1.3676,18.3244,18.3244,3.79759,69.5885,70.2431,24.2618,3.79759,0.258419
1.3678,18.2902,18.2902,3.79375,69.3887,70.2486,24.2614,3.79375,0.260086
1.368,18.2559,18.2559,3.80387,69.443,70.2542,24.262,3.80387,0.261753
1.3682,18.2066,18.2066,3.81599,69.4763,70.2598,24.263,3.81599,0.263419
1.3684,18.2574,18.2574,3.79602,69.3052,70.2654,24.2616,3.79602,0.261753
1.3686,18.317,18.317,3.78895,69.4021,70.2709,24.2612,3.78895,0.260086
1.3688,18.3185,18.3185,3.79192,69.4624,70.2765,24.2615,3.79192,0.258419
1.369,18.3782,18.3782,3.77611,69.3982,70.2821,24.2604,3.77611,0.256752
1.3692,18.3267,18.3267,3.7958,69.5645,70.2876,24.2614,3.7958,0.258419
1.3694,18.2934,18.2934,3.79709,69.4616,70.2932,24.2617,3.79709,0.260086
1.3696,18.2651,18.2651,3.80349,69.471,70.2988,24.2622,3.80349,0.261753
1.3698,18.2092,18.2092,3.81414,69.4523,70.3043,24.2626,3.81414,0.263419
1.37,18.2648,18.2648,3.79987,69.4039,70.3099,24.262,3.79987,0.261753
1.3702,18.3102,18.3102,3.79239,69.4393,70.3155,24.2614,3.79239,0.260086
1.3704,18.3256,18.3256,3.79294,69.5079,70.321,24.2616,3.79294,0.258419
1.3706,18.3706,18.3706,3.77737,69.3924,70.3266,24.2604,3.77737,0.256752
1.3708,18.334,18.334,3.79615,69.5988,70.3322,24.2618,3.79615,0.258419
1.371,18.2921,18.2921,3.80138,69.5354,70.3377,24.2621,3.80138,0.260086
1.3712,18.2518,18.2518,3.80966,69.5332,70.3433,24.2623,3.80966,0.261753
1.3714,18.2156,18.2156,3.81603,69.5111,70.3489,24.263,3.81603,0.263419
1.3716,18.2638,18.2638,3.80036,69.4088,70.3544,24.2617,3.80036,0.261753
1.3718,18.3147,18.3147,3.79532,69.5102,70.36,24.2615,3.79532,0.260086
1.372,18.3161,18.3161,3.79966,69.595,70.3656,24.2619,3.79966,0.258419
1.3722,18.3712,18.3712,3.77952,69.4342,70.3711,24.2605,3.77952,0.256752
1.3724,18.3264,18.3264,3.80192,69.6757,70.3767,24.2622,3.80192,0.258419
1.3726,18.2931,18.2931,3.80177,69.5463,70.3823,24.2621,3.80177,0.260086
1.3728,18.2651,18.2651,3.80938,69.5785,70.3878,24.2623,3.80938,0.261753
1.373,18.2016,18.2016,3.82831,69.6813,70.3934,24.2636,3.82831,0.263419
1.3732,18.2538,18.2538,3.80184,69.3978,70.399,24.2618,3.80184,0.261753
1.3734,18.3188,18.3188,3.79656,69.5484,70.4045,24.2617,3.79656,0.260086
1.3736,18.3395,18.3395,3.7936,69.5729,70.4101,24.2614,3.7936,0.258419
1.3738,18.3818,18.3818,3.78267,69.5321,70.4157,24.2607,3.78267,0.256752
1.374,18.314,18.314,3.80688,69.7194,70.4212,24.2624,3.80688,0.258419
1.3742,18.2932,18.2932,3.80529,69.611,70.4268,24.2622,3.80529,0.260086
1.3744,18.2479,18.2479,3.81652,69.6435,70.4324,24.2631,3.81652,0.261753
1.3746,18.2995,18.2995,3.79579,69.4609,70.4379,24.2616,3.79579,0.260086
1.3748,18.3264,18.3264,3.80265,69.6889,70.4435,24.2621,3.80265,0.258419
1.375,18.3685,18.3685,3.78318,69.4915,70.4491,24.2609,3.78318,0.256752
1.3752,18.3342,18.3342,3.80116,69.6912,70.4546,24.2618,3.80116,0.258419
1.3754,18.2983,18.2983,3.80494,69.6239,70.4602,24.2622,3.80494,0.260086
1.3756,18.2592,18.2592,3.81734,69.7014,70.4658,24.2628,3.81734,0.261753
1.3758,18.205,18.205,3.82365,69.6097,70.4714,24.2633,3.82365,0.263419
1.376,18.2637,18.2637,3.80633,69.5176,70.4769,24.2624,3.80633,0.261753
1.3762,18.3157,18.3157,3.80313,69.6571,70.4825,24.2622,3.80313,0.260086
1.3764,18.3417,18.3417,3.79556,69.617,70.4881,24.2616,3.79556,0.258419
1.3766,18.3709,18.3709,3.78897,69.607,70.4936,24.2612,3.78897,0.256752
1.3768,18.3288,18.3288,3.80715,69.7807,70.4992,24.2624,3.80715,0.258419
1.377,18.2932,18.2932,3.81071,69.71,70.5048,24.2626,3.81071,0.260086
1.3772,18.2678,18.2678,3.81358,69.6657,70.5103,24.2628,3.81358,0.261753
1.3774,18.2108,18.2108,3.82773,69.7061,70.5159,24.2636,3.82773,0.263419
1.3776,18.2607,18.2607,3.81106,69.5927,70.5215,24.2628,3.81106,0.261753
1.3778,18.3167,18.3167,3.80362,69.67,70.527,24.2623,3.80362,0.260086
1.378,18.3377,18.3377,3.80284,69.7354,70.5326,24.2621,3.80284,0.258419
1.3782,18.3757,18.3757,3.78829,69.6123,70.5382,24.2609,3.78829,0.256752
1.3784,18.3349,18.3349,3.80723,69.8053,70.5437,24.2625,3.80723,0.258419
1.3786,18.2805,18.2805,3.81622,69.7622,70.5493,24.263,3.81622,0.260086
1.3788,18.2556,18.2556,3.81948,69.7269,70.5549,24.2633,3.81948,0.261753
1.379,18.193,18.193,3.83162,69.7087,70.5604,24.2641,3.83162,0.263419
1.3792,18.2683,18.2683,3.80819,69.5691,70.566,24.2626,3.80819,0.261753
1.3794,18.3258,18.3258,3.80459,69.7222,70.5716,24.2623,3.80459,0.260086
1.3796,18.3399,18.3399,3.80451,69.7742,70.5771,24.2622,3.80451,0.258419
1.3798,18.3727,18.3727,3.7928,69.684,70.5827,24.2613,3.7928,0.256752
1.38,18.3383,18.3383,3.80751,69.8233,70.5883,24.2624,3.80751,0.258419
1.3802,18.2825,18.2825,3.81957,69.8312,70.5938,24.2631,3.81957,0.260086
1.3804,18.2516,18.2516,3.8208,69.7357,70.5994,24.2633,3.8208,0.261753
1.3806,18.1955,18.1955,3.83401,69.7619,70.605,24.2642,3.83401,0.263419
1.3808,18.2728,18.2728,3.81045,69.6275,70.6105,24.2626,3.81045,0.261753
1.381,18.3151,18.3151,3.80947,69.7707,70.6161,24.2627,3.80947,0.260086
1.3812,18.3281,18.3281,3.80971,69.8247,70.6217,24.2624,3.80971,0.258419
1.3814,18.3749,18.3749,3.79286,69.6934,70.6272,24.2613,3.79286,0.256752
1.3816,18.3386,18.3386,3.81081,69.8847,70.6328,24.2628,3.81081,0.258419
1.3818,18.2998,18.2998,3.81549,69.8228,70.6384,24.263,3.81549,0.260086
1.382,18.2564,18.2564,3.82512,69.8331,70.6439,24.2637,3.82512,0.261753
1.3822,18.2022,18.2022,3.8409,69.9128,70.6495,24.2644,3.8409,0.263419
1.3824,18.2608,18.2608,3.81707,69.7026,70.6551,24.2628,3.81707,0.261753
1.3826,18.2988,18.2988,3.81541,69.8174,70.6606,24.263,3.81541,0.260086
1.3828,18.3459,18.3459,3.80638,69.8313,70.6662,24.2624,3.80638,0.258419
1.383,18.3742,18.3742,3.79893,69.8024,70.6718,24.2617,3.79893,0.256752
1.3832,18.335,18.335,3.81591,69.9648,70.6774,24.263,3.81591,0.258419
1.3834,18.2834,18.2834,3.82258,69.89,70.6829,24.2634,3.82258,0.260086
1.3836,18.2557,18.2557,3.82638,69.8531,70.6885,24.2637,3.82638,0.261753
1.3838,18.2035,18.2035,3.8435,69.965,70.6941,24.2646,3.8435,0.263419
1.384,18.2567,18.2567,3.81999,69.7405,70.6996,24.2634,3.81999,0.261753
1.3842,18.3116,18.3116,3.81387,69.8382,70.7052,24.2627,3.81387,0.260086
1.3844,18.3411,18.3411,3.80821,69.8469,70.7108,24.2625,3.80821,0.258419
1.3846,18.3726,18.3726,3.80119,69.8377,70.7163,24.2621,3.80119,0.256752
1.3848,18.3436,18.3436,3.81325,69.9489,70.7219,24.263,3.81325,0.258419
1.385,18.2907,18.2907,3.82436,69.9503,70.7275,24.2637,3.82436,0.260086
1.3852,18.2528,18.2528,3.83012,69.9107,70.733,24.264,3.83012,0.261753
1.3854,18.2089,18.2089,3.83889,69.9017,70.7386,24.2643,3.83889,0.263419
1.3856,18.2586,18.2586,3.82364,69.8142,70.7442,24.2635,3.82364,0.261753
1.3858,18.2976,18.2976,3.81889,69.8766,70.7497,24.2632,3.81889,0.260086
1.386,18.3282,18.3282,3.81559,69.933,70.7553,24.263,3.81559,0.258419
1.3862,18.3761,18.3761,3.80095,69.8465,70.7609,24.262,3.80095,0.256752
1.3864,18.3437,18.3437,3.81768,70.0302,70.7664,24.2631,3.81768,0.258419
1.3866,18.2816,18.2816,3.82619,69.9489,70.772,24.2638,3.82619,0.260086
1.3868,18.2569,18.2569,3.82965,69.9175,70.7776,24.264,3.82965,0.261753
1.387,18.2092,18.2092,3.84316,69.981,70.7831,24.2646,3.84316,0.263419
1.3872,18.2637,18.2637,3.8246,69.8513,70.7887,24.2634,3.8246,0.261753
1.3874,18.3009,18.3009,3.82215,69.9486,70.7943,24.2634,3.82215,0.260086
1.3876,18.3387,18.3387,3.81357,69.9361,70.7998,24.2627,3.81357,0.258419
1.3878,18.3699,18.3699,3.80807,69.9538,70.8054,24.2626,3.80807,0.256752
1.388,18.3318,18.3318,3.82334,70.0887,70.811,24.2637,3.82334,0.258419
1.3882,18.2914,18.2914,3.82684,69.9983,70.8165,24.2638,3.82684,0.260086
1.3884,18.2555,18.2555,3.83758,70.0571,70.8221,24.2646,3.83758,0.261753
1.3886,18.2029,18.2029,3.84745,70.0348,70.8277,24.2652,3.84745,0.263419
1.3888,18.2745,18.2745,3.82303,69.8641,70.8332,24.2634,3.82303,0.261753
1.389,18.3074,18.3074,3.82414,70.0098,70.8388,24.2636,3.82414,0.260086
1.3892,18.3182,18.3182,3.82133,70,70.8444,24.2634,3.82133,0.258419
1.3894,18.3775,18.3775,3.80465,69.9201,70.8499,24.2621,3.80465,0.256752
1.3896,18.347,18.347,3.82266,70.1346,70.8555,24.2635,3.82266,0.258419
1.3898,18.2906,18.2906,3.82938,70.0418,70.8611,24.264,3.82938,0.260086
1.39,18.2633,18.2633,3.83663,70.0698,70.8666,24.2645,3.83663,0.261753
1.3902,18.2129,18.2129,3.84408,70.0119,70.8722,24.2647,3.84408,0.263419
1.3904,18.2774,18.2774,3.82731,69.9532,70.8778,24.2638,3.82731,0.261753
1.3906,18.3042,18.3042,3.82563,70.0252,70.8834,24.2637,3.82563,0.260086
1.3908,18.3203,18.3203,3.82349,70.0475,70.8889,24.2635,3.82349,0.258419
1.391,18.3745,18.3745,3.80812,69.9722,70.8945,24.2623,3.80812,0.256752
1.3912,18.3455,18.3455,3.82405,70.1542,70.9001,24.2637,3.82405,0.258419
1.3914,18.2953,18.2953,3.83072,70.0842,70.9056,24.2641,3.83072,0.260086
1.3916,18.2522,18.2522,3.84361,70.1544,70.9112,24.265,3.84361,0.261753
1.3918,18.2077,18.2077,3.84906,70.0825,70.9168,24.265,3.84906,0.263419
1.392,18.2569,18.2569,3.83454,70.0069,70.9223,24.264,3.83454,0.261753
1.3922,18.3197,18.3197,3.82135,70.006,70.9279,24.2634,3.82135,0.260086
1.3924,18.3589,18.3589,3.81839,70.1014,70.9335,24.2632,3.81839,0.258419
1.3926,18.3001,18.3001,3.83445,70.1709,70.939,24.2643,3.83445,0.260086
1.3928,18.2535,18.2535,3.8435,70.1572,70.9446,24.2649,3.8435,0.261753
1.393,18.2088,18.2088,3.84991,70.1021,70.9502,24.2654,3.84991,0.263419
1.3932,18.2634,18.2634,3.83358,70.014,70.9557,24.264,3.83358,0.261753
1.3934,18.3212,18.3212,3.8239,70.0584,70.9613,24.2635,3.8239,0.260086
1.3936,18.3227,18.3227,3.82948,70.1663,70.9669,24.2639,3.82948,0.258419
1.3938,18.3776,18.3776,3.81005,70.0196,70.9724,24.2627,3.81005,0.256752
1.394,18.336,18.336,3.82882,70.2052,70.978,24.2639,3.82882,0.258419
1.3942,18.3032,18.3032,3.83255,70.1478,70.9836,24.2642,3.83255,0.260086
1.3944,18.2646,18.2646,3.84568,70.2397,70.9891,24.2651,3.84568,0.261753
1.3946,18.2036,18.2036,3.8561,70.1951,70.9947,24.2655,3.8561,0.263419
1.3948,18.2603,18.2603,3.83451,70.0193,71.0003,24.2643,3.83451,0.261753
1.395,18.3242,18.3242,3.8261,70.1104,71.0058,24.2637,3.8261,0.260086
1.3952,18.331,18.331,3.82772,70.1661,71.0114,24.2639,3.82772,0.258419
1.3954,18.3794,18.3794,3.81242,70.0699,71.017,24.2628,3.81242,0.256752
1.3956,18.3425,18.3425,3.83271,70.3016,71.0225,24.264,3.83271,0.258419
1.3958,18.2976,18.2976,3.8359,70.1876,71.0281,24.2645,3.8359,0.260086
1.396,18.2622,18.2622,3.84609,70.2382,71.0337,24.2651,3.84609,0.261753
1.3962,18.207,18.207,3.85862,70.2539,71.0392,24.2657,3.85862,0.263419
1.3964,18.2532,18.2532,3.83825,70.0602,71.0448,24.2639,3.83825,0.261753
1.3966,18.313,18.313,3.83101,70.1574,71.0504,24.2641,3.83101,0.260086
1.3968,18.347,18.347,3.82555,70.1872,71.0559,24.2638,3.82555,0.258419
1.397,18.3684,18.3684,3.82158,70.1962,71.0615,24.2635,3.82158,0.256752
1.3972,18.3499,18.3499,3.83031,70.2859,71.0671,24.2638,3.83031,0.258419
1.3974,18.3005,18.3005,3.83795,70.2364,71.0726,24.2646,3.83795,0.260086
1.3976,18.2575,18.2575,3.84797,70.2544,71.0782,24.2652,3.84797,0.261753
1.3978,18.2186,18.2186,3.859,70.3056,71.0838,24.266,3.859,0.263419
1.398,18.2411,18.2411,3.84227,70.0872,71.0894,24.2646,3.84227,0.261753
1.3982,18.3243,18.3243,3.82959,70.1745,71.0949,24.2639,3.82959,0.260086
1.3984,18.3489,18.3489,3.82742,70.229,71.1005,24.2639,3.82742,0.258419
1.3986,18.3715,18.3715,3.82008,70.1806,71.1061,24.2633,3.82008,0.256752
1.3988,18.3541,18.3541,3.83192,70.3313,71.1116,24.2641,3.83192,0.258419
1.399,18.2993,18.2993,3.84453,70.3523,71.1172,24.265,3.84453,0.260086
1.3992,18.2526,18.2526,3.85009,70.274,71.1228,24.2654,3.85009,0.261753
1.3994,18.2246,18.2246,3.85884,70.3257,71.1283,24.2659,3.85884,0.263419
1.3996,18.2531,18.2531,3.84288,70.1444,71.1339,24.2648,3.84288,0.261753
1.3998,18.3258,18.3258,3.83212,70.2268,71.1395,24.2641,3.83212,0.260086
1.4,18.3387,18.3387,3.83292,70.2909,71.145,24.2642,3.83292,0.258419
1.4002,18.3944,18.3944,3.81954,70.2581,71.1506,24.2631,3.81954,0.256752
1.4004,18.3282,18.3282,3.83861,70.3547,71.1562,24.2646,3.83861,0.258419
1.4006,18.3028,18.3028,3.83973,70.2776,71.1617,24.2647,3.83973,0.260086
1.4008,18.2613,18.2613,3.85566,70.4092,71.1673,24.2658,3.85566,0.261753
1.401,18.2242,18.2242,3.86029,70.3507,71.1729,24.2661,3.86029,0.263419
1.4012,18.2394,18.2394,3.8513,70.2454,71.1784,24.2655,3.8513,0.261753
1.4014,18.3187,18.3187,3.83501,70.2524,71.184,24.2644,3.83501,0.260086
1.4016,18.3481,18.3481,3.83509,70.3667,71.1896,24.2644,3.83509,0.258419
1.4018,18.3875,18.3875,3.81907,70.2233,71.1951,24.2634,3.81907,0.256752
1.402,18.3558,18.3558,3.83852,70.4593,71.2007,24.2646,3.83852,0.258419
1.4022,18.2969,18.2969,3.84691,70.3865,71.2063,24.2652,3.84691,0.260086
1.4024,18.2675,18.2675,3.85612,70.4419,71.2118,24.2658,3.85612,0.261753
1.4026,18.2225,18.2225,3.86414,70.4143,71.2174,24.266,3.86414,0.263419
1.4028,18.255,18.255,3.84936,70.2701,71.223,24.2652,3.84936,0.261753
1.403,18.3219,18.3219,3.83773,70.3144,71.2285,24.2645,3.83773,0.260086
1.4032,18.3422,18.3422,3.83553,70.352,71.2341,24.2644,3.83553,0.258419
1.4034,18.3867,18.3867,3.82561,70.3403,71.2397,24.2638,3.82561,0.256752
1.4036,18.3441,18.3441,3.84171,70.4728,71.2452,24.2646,3.84171,0.258419
1.4038,18.304,18.304,3.84654,70.407,71.2508,24.2652,3.84654,0.260086
1.404,18.2657,18.2657,3.8575,70.46,71.2564,24.2659,3.8575,0.261753
1.4042,18.2202,18.2202,3.86794,70.4746,71.2619,24.2667,3.86794,0.263419
1.4044,18.2515,18.2515,3.8526,70.3156,71.2675,24.2655,3.8526,0.261753
1.4046,18.324,18.324,3.83926,70.3507,71.2731,24.2647,3.83926,0.260086
1.4048,18.3505,18.3505,3.8398,70.4624,71.2786,24.2646,3.8398,0.258419
1.405,18.3888,18.3888,3.82676,70.3697,71.2842,24.2639,3.82676,0.256752
1.4052,18.3465,18.3465,3.84436,70.5304,71.2898,24.2649,3.84436,0.258419
1.4054,18.3017,18.3017,3.85206,70.4994,71.2954,24.2655,3.85206,0.260086
1.4056,18.2557,18.2557,3.86013,70.4695,71.3009,24.2661,3.86013,0.261753
1.4058,18.2282,18.2282,3.86967,70.5373,71.3065,24.2667,3.86967,0.263419
1.406,18.1944,18.1944,3.87266,70.461,71.3121,24.2669,3.87266,0.265086
1.4062,18.2299,18.2299,3.86193,70.4025,71.3176,24.2659,3.86193,0.263419
1.4064,18.2802,18.2802,3.85035,70.385,71.3232,24.2654,3.85035,0.261753
1.4066,18.3183,18.3183,3.84638,70.459,71.3288,24.2652,3.84638,0.260086
1.4068,18.3408,18.3408,3.8405,70.4379,71.3343,24.2647,3.8405,0.258419
1.407,18.3923,18.3923,3.82685,70.3846,71.3399,24.2638,3.82685,0.256752
1.4072,18.3486,18.3486,3.84754,70.5971,71.3455,24.2651,3.84754,0.258419
1.4074,18.3059,18.3059,3.85132,70.5019,71.351,24.2655,3.85132,0.260086
1.4076,18.2626,18.2626,3.86459,70.5773,71.3566,24.2663,3.86459,0.261753
1.4078,18.2176,18.2176,3.87279,70.5528,71.3622,24.2669,3.87279,0.263419
1.408,18.2681,18.2681,3.85264,70.3805,71.3677,24.2655,3.85264,0.261753
1.4082,18.3193,18.3193,3.84727,70.4795,71.3733,24.2653,3.84727,0.260086
1.4084,18.3433,18.3433,3.842,70.4749,71.3789,24.2646,3.842,0.258419
1.4086,18.3892,18.3892,3.83143,70.4569,71.3844,24.2642,3.83143,0.256752
1.4088,18.3467,18.3467,3.85288,70.6876,71.39,24.2653,3.85288,0.258419
1.409,18.3009,18.3009,3.85576,70.5639,71.3956,24.2657,3.85576,0.260086
1.4092,18.2445,18.2445,3.8702,70.6098,71.4011,24.2668,3.8702,0.261753
1.4094,18.2243,18.2243,3.86634,70.4614,71.4067,24.2666,3.86634,0.263419
1.4096,18.2013,18.2013,3.88023,70.6251,71.4123,24.2675,3.88023,0.265086
1.4098,18.2196,18.2196,3.86663,70.4484,71.4178,24.2666,3.86663,0.263419
1.41,18.2697,18.2697,3.86174,70.5529,71.4234,24.2662,3.86174,0.261753
1.4102,18.3143,18.3143,3.8504,70.5174,71.429,24.2655,3.8504,0.260086
1.4104,18.352,18.352,3.84356,70.5371,71.4345,24.2647,3.84356,0.258419
1.4106,18.3113,18.3113,3.86154,70.7099,71.4401,24.2662,3.86154,0.260086
1.4108,18.2519,18.2519,3.86972,70.6298,71.4457,24.2668,3.86972,0.261753
1.411,18.2189,18.2189,3.87572,70.6112,71.4512,24.2668,3.87572,0.263419
1.4112,18.2682,18.2682,3.85993,70.5137,71.4568,24.2661,3.85993,0.261753
1.4114,18.3181,18.3181,3.85278,70.5755,71.4624,24.2655,3.85278,0.260086
1.4116,18.3378,18.3378,3.8493,70.5877,71.4679,24.2653,3.8493,0.258419
1.4118,18.3907,18.3907,3.83697,70.5645,71.4735,24.2643,3.83697,0.256752
1.412,18.3504,18.3504,3.84943,70.6387,71.4791,24.2652,3.84943,0.258419
1.4122,18.3109,18.3109,3.8602,70.6835,71.4846,24.2662,3.8602,0.260086
1.4124,18.2516,18.2516,3.87236,70.6767,71.4902,24.2669,3.87236,0.261753
1.4126,18.2202,18.2202,3.88049,70.7033,71.4958,24.2673,3.88049,0.263419
1.4128,18.2571,18.2571,3.86449,70.5542,71.5014,24.2663,3.86449,0.261753
1.413,18.319,18.319,3.85247,70.5733,71.5069,24.2656,3.85247,0.260086
1.4132,18.3465,18.3465,3.85092,70.6507,71.5125,24.2654,3.85092,0.258419
1.4134,18.3058,18.3058,3.86322,70.7192,71.5181,24.2661,3.86322,0.260086
1.4136,18.2528,18.2528,3.87638,70.7549,71.5236,24.2672,3.87638,0.261753
1.4138,18.2122,18.2122,3.88349,70.7267,71.5292,24.2674,3.88349,0.263419
1.414,18.2534,18.2534,3.86452,70.5406,71.5348,24.2664,3.86452,0.261753
1.4142,18.3234,18.3234,3.8562,70.6587,71.5403,24.2659,3.8562,0.260086
1.4144,18.3407,18.3407,3.85325,70.6713,71.5459,24.2656,3.85325,0.258419
1.4146,18.3928,18.3928,3.83839,70.5986,71.5515,24.2646,3.83839,0.256752
1.4148,18.3465,18.3465,3.85905,70.8002,71.557,24.2659,3.85905,0.258419
1.415,18.3019,18.3019,3.86471,70.7317,71.5626,24.2664,3.86471,0.260086
1.4152,18.2528,18.2528,3.87778,70.7805,71.5682,24.2673,3.87778,0.261753
1.4154,18.2232,18.2232,3.8805,70.7151,71.5737,24.2674,3.8805,0.263419
1.4156,18.2618,18.2618,3.86844,70.6445,71.5793,24.2666,3.86844,0.261753
1.4158,18.3165,18.3165,3.85914,70.6861,71.5849,24.2661,3.85914,0.260086
1.416,18.3464,18.3464,3.85369,70.7013,71.5904,24.2655,3.85369,0.258419
1.4162,18.3151,18.3151,3.86632,70.8119,71.596,24.2665,3.86632,0.260086
1.4164,18.2501,18.2501,3.87995,70.8094,71.6016,24.2673,3.87995,0.261753
1.4166,18.2271,18.2271,3.88148,70.7482,71.6071,24.2675,3.88148,0.263419
1.4168,18.1885,18.1885,3.89465,70.8379,71.6127,24.2684,3.89465,0.265086
1.417,18.2309,18.2309,3.87387,70.6242,71.6183,24.267,3.87387,0.263419
1.4172,18.2768,18.2768,3.8722,70.7716,71.6238,24.2669,3.8722,0.261753
1.4174,18.3177,18.3177,3.86195,70.7419,71.6294,24.2663,3.86195,0.260086
1.4176,18.3509,18.3509,3.85358,70.7169,71.635,24.2654,3.85358,0.258419
1.4178,18.3148,18.3148,3.86913,70.8625,71.6405,24.2666,3.86913,0.260086
1.418,18.2513,18.2513,3.87979,70.8112,71.6461,24.2675,3.87979,0.261753
1.4182,18.2235,18.2235,3.887,70.8348,71.6517,24.2679,3.887,0.263419
1.4184,18.189,18.189,3.89268,70.8039,71.6572,24.268,3.89268,0.265086
1.4186,18.2264,18.2264,3.88258,70.7654,71.6628,24.2674,3.88258,0.263419
1.4188,18.2578,18.2578,3.87709,70.7872,71.6684,24.2672,3.87709,0.261753
1.419,18.3142,18.3142,3.86354,70.7576,71.6739,24.2663,3.86354,0.260086
1.4192,18.3505,18.3505,3.85724,70.7822,71.6795,24.2654,3.85724,0.258419
1.4194,18.3133,18.3133,3.8713,70.8965,71.6851,24.2668,3.8713,0.260086
1.4196,18.2597,18.2597,3.88174,70.8794,71.6906,24.2676,3.88174,0.261753
1.4198,18.2221,18.2221,3.892,70.9203,71.6962,24.2683,3.892,0.263419
1.42,18.2492,18.2492,3.87638,70.7407,71.7018,24.2669,3.87638,0.261753
1.4202,18.3246,18.3246,3.86333,70.794,71.7074,24.2663,3.86333,0.260086
1.4204,18.3532,18.3532,3.85752,70.7977,71.7129,24.2656,3.85752,0.258419
1.4206,18.3134,18.3134,3.87403,70.9467,71.7185,24.267,3.87403,0.260086
1.4208,18.2545,18.2545,3.8842,70.9042,71.7241,24.2678,3.8842,0.261753
1.421,18.2375,18.2375,3.88417,70.8376,71.7296,24.2678,3.88417,0.263419
1.4212,18.1937,18.1937,3.89887,70.9351,71.7352,24.2684,3.89887,0.265086
1.4214,18.2268,18.2268,3.88348,70.7834,71.7408,24.2676,3.88348,0.263419
1.4216,18.2664,18.2664,3.87911,70.8576,71.7463,24.2673,3.87911,0.261753
1.4218,18.3147,18.3147,3.86584,70.8016,71.7519,24.2662,3.86584,0.260086
1.422,18.3558,18.3558,3.86056,70.8635,71.7575,24.2659,3.86056,0.258419
1.4222,18.31,18.31,3.87674,70.983,71.763,24.2672,3.87674,0.260086
1.4224,18.2525,18.2525,3.88668,70.9416,71.7686,24.2678,3.88668,0.261753
1.4226,18.2312,18.2312,3.8887,70.8955,71.7742,24.268,3.8887,0.263419
1.4228,18.1929,18.1929,3.90102,70.9707,71.7797,24.2685,3.90102,0.265086
1.423,18.2213,18.2213,3.88615,70.8106,71.7853,24.2678,3.88615,0.263419
1.4232,18.26,18.26,3.88149,70.8761,71.7909,24.2675,3.88149,0.261753
1.4234,18.3242,18.3242,3.86822,70.8822,71.7964,24.2667,3.86822,0.260086
1.4236,18.347,18.347,3.86602,70.9298,71.802,24.2665,3.86602,0.258419
1.4238,18.4048,18.4048,3.84801,70.8216,71.8076,24.2653,3.84801,0.256752
1.424,18.3585,18.3585,3.87196,71.0834,71.8131,24.2669,3.87196,0.258419
1.4242,18.306,18.306,3.87643,70.9617,71.8187,24.267,3.87643,0.260086
1.4244,18.2658,18.2658,3.8893,71.041,71.8243,24.268,3.8893,0.261753
1.4246,18.2253,18.2253,3.89443,70.977,71.8298,24.2683,3.89443,0.263419
1.4248,18.2675,18.2675,3.88274,70.9278,71.8354,24.2676,3.88274,0.261753
1.425,18.3177,18.3177,3.87392,70.9613,71.841,24.2671,3.87392,0.260086
1.4252,18.3437,18.3437,3.86715,70.9377,71.8465,24.2666,3.86715,0.258419
1.4254,18.3238,18.3238,3.87639,71.0302,71.8521,24.2672,3.87639,0.260086
1.4256,18.2505,18.2505,3.89679,71.1183,71.8577,24.2686,3.89679,0.261753
1.4258,18.2144,18.2144,3.89734,70.9879,71.8632,24.2687,3.89734,0.263419
1.426,18.2668,18.2668,3.88012,70.8772,71.8688,24.2674,3.88012,0.261753
1.4262,18.3225,18.3225,3.8756,71.0107,71.8744,24.2671,3.8756,0.260086
1.4264,18.3395,18.3395,3.86912,70.9575,71.8799,24.2667,3.86912,0.258419
1.4266,18.3939,18.3939,3.85681,70.9418,71.8855,24.2658,3.85681,0.256752
1.4268,18.3493,18.3493,3.87495,71.1027,71.8911,24.2672,3.87495,0.258419
1.427,18.3053,18.3053,3.8817,71.0557,71.8966,24.2675,3.8817,0.260086
1.4272,18.2489,18.2489,3.89756,71.1264,71.9022,24.2686,3.89756,0.261753
1.4274,18.2285,18.2285,3.8979,71.0531,71.9078,24.2683,3.8979,0.263419
1.4276,18.1894,18.1894,3.90694,71.0648,71.9134,24.2691,3.90694,0.265086
1.4278,18.2434,18.2434,3.88884,70.9457,71.9189,24.2679,3.88884,0.263419
1.428,18.2744,18.2744,3.88975,71.0827,71.9245,24.2681,3.88975,0.261753
1.4282,18.3205,18.3205,3.87672,71.0233,71.9301,24.2672,3.87672,0.260086
1.4284,18.3457,18.3457,3.87366,71.0649,71.9356,24.2671,3.87366,0.258419
1.4286,18.3267,18.3267,3.88049,71.1164,71.9412,24.2673,3.88049,0.260086
1.4288,18.268,18.268,3.89368,71.1297,71.9468,24.2684,3.89368,0.261753
1.429,18.225,18.225,3.90056,71.0877,71.9523,24.2685,3.90056,0.263419
1.4292,18.2764,18.2764,3.88468,70.9981,71.9579,24.2678,3.88468,0.261753
1.4294,18.3296,18.3296,3.87822,71.0861,71.9635,24.2673,3.87822,0.260086
1.4296,18.3488,18.3488,3.87461,71.0945,71.969,24.2672,3.87461,0.258419
1.4298,18.3831,18.3831,3.86173,70.9905,71.9746,24.266,3.86173,0.256752
1.43,18.3533,18.3533,3.87992,71.2093,71.9802,24.2674,3.87992,0.258419
1.4302,18.3047,18.3047,3.88801,71.1687,71.9857,24.2681,3.88801,0.260086
1.4304,18.2564,18.2564,3.89516,71.1114,71.9913,24.2685,3.89516,0.261753
1.4306,18.2291,18.2291,3.90226,71.1349,71.9969,24.2689,3.90226,0.263419
1.4308,18.1877,18.1877,3.91264,71.1618,72.0024,24.2695,3.91264,0.265086
1.431,18.237,18.237,3.893,70.9967,72.008,24.2684,3.893,0.263419
1.4312,18.2732,18.2732,3.89506,71.1752,72.0136,24.2684,3.89506,0.261753
1.4314,18.3156,18.3156,3.88085,71.0799,72.0191,24.2674,3.88085,0.260086
1.4316,18.3559,18.3559,3.87402,71.1111,72.0247,24.2669,3.87402,0.258419
1.4318,18.3149,18.3149,3.89025,71.2495,72.0303,24.2682,3.89025,0.260086
1.432,18.256,18.256,3.89872,71.1749,72.0358,24.2685,3.89872,0.261753
1.4322,18.2421,18.2421,3.90044,71.1523,72.0414,24.2686,3.90044,0.263419
1.4324,18.1862,18.1862,3.91817,71.2565,72.047,24.2692,3.91817,0.265086
1.4326,18.2279,18.2279,3.89613,71.018,72.0525,24.2685,3.89613,0.263419
1.4328,18.2726,18.2726,3.89609,71.1916,72.0581,24.2685,3.89609,0.261753
1.433,18.3166,18.3166,3.88409,71.1433,72.0637,24.2675,3.88409,0.260086
1.4332,18.3469,18.3469,3.87879,71.1636,72.0692,24.2674,3.87879,0.258419
1.4334,18.3164,18.3164,3.89221,71.2915,72.0748,24.2683,3.89221,0.260086
1.4336,18.2551,18.2551,3.90216,71.2343,72.0804,24.2689,3.90216,0.261753
1.4338,18.2417,18.2417,3.90429,71.2208,72.0859,24.2691,3.90429,0.263419
1.434,18.1844,18.1844,3.9208,71.2974,72.0915,24.2699,3.9208,0.265086
1.4342,18.2215,18.2215,3.90169,71.0948,72.0971,24.2686,3.90169,0.263419
1.4344,18.2832,18.2832,3.89695,71.2487,72.1026,24.2686,3.89695,0.261753
1.4346,18.3052,18.3052,3.88944,71.197,72.1082,24.268,3.88944,0.260086
1.4348,18.3494,18.3494,3.88191,71.2307,72.1138,24.2675,3.88191,0.258419
1.435,18.3172,18.3172,3.89395,71.3263,72.1194,24.2684,3.89395,0.260086
1.4352,18.2516,18.2516,3.9063,71.2961,72.1249,24.2693,3.9063,0.261753
1.4354,18.2237,18.2237,3.91012,71.257,72.1305,24.2692,3.91012,0.263419
1.4356,18.1841,18.1841,3.92041,71.2892,72.1361,24.27,3.92041,0.265086
1.4358,18.2242,18.2242,3.90472,71.1605,72.1416,24.2691,3.90472,0.263419
1.436,18.2816,18.2816,3.89973,71.2931,72.1472,24.2688,3.89973,0.261753
1.4362,18.3124,18.3124,3.88943,71.225,72.1528,24.2681,3.88943,0.260086
1.4364,18.3544,18.3544,3.88115,71.2361,72.1583,24.2674,3.88115,0.258419
1.4366,18.3207,18.3207,3.89645,71.3858,72.1639,24.2685,3.89645,0.260086
1.4368,18.2584,18.2584,3.90925,71.3767,72.1695,24.2695,3.90925,0.261753
1.437,18.2145,18.2145,3.91307,71.2747,72.175,24.2697,3.91307,0.263419
1.4372,18.2739,18.2739,3.89879,71.2461,72.1806,24.2687,3.89879,0.261753
1.4374,18.3223,18.3223,3.89047,71.2824,72.1862,24.2681,3.89047,0.260086
1.4376,18.3498,18.3498,3.88516,71.292,72.1917,24.2677,3.88516,0.258419
1.4378,18.32,18.32,3.8962,71.3785,72.1973,24.2685,3.8962,0.260086
1.438,18.2622,18.2622,3.91027,71.4102,72.2029,24.2695,3.91027,0.261753
1.4382,18.2186,18.2186,3.91479,71.3221,72.2084,24.2699,3.91479,0.263419
1.4384,18.2848,18.2848,3.89836,71.2806,72.214,24.2686,3.89836,0.261753
1.4386,18.3218,18.3218,3.89404,71.3457,72.2196,24.2684,3.89404,0.260086
1.4388,18.3466,18.3466,3.88761,71.3246,72.2251,24.2679,3.88761,0.258419
1.439,18.311,18.311,3.90014,71.4155,72.2307,24.2685,3.90014,0.260086
1.4392,18.268,18.268,3.90829,71.3965,72.2363,24.2693,3.90829,0.261753
1.4394,18.2149,18.2149,3.92085,71.4181,72.2418,24.2702,3.92085,0.263419
1.4396,18.2695,18.2695,3.90127,71.2745,72.2474,24.269,3.90127,0.261753
1.4398,18.3259,18.3259,3.89328,71.3478,72.253,24.2684,3.89328,0.260086
1.44,18.3508,18.3508,3.88945,71.3745,72.2585,24.2682,3.88945,0.258419
1.4402,18.3101,18.3101,3.9033,71.47,72.2641,24.269,3.9033,0.260086
1.4404,18.2543,18.2543,3.91099,71.3923,72.2697,24.2693,3.91099,0.261753
1.4406,18.2223,18.2223,3.91921,71.4172,72.2752,24.27,3.91921,0.263419
1.4408,18.196,18.196,3.92512,71.4216,72.2808,24.2702,3.92512,0.265086
1.441,18.2173,18.2173,3.91747,71.3658,72.2864,24.2697,3.91747,0.263419
1.4412,18.2789,18.2789,3.90269,71.3368,72.2919,24.269,3.90269,0.261753
1.4414,18.3262,18.3262,3.89594,71.3977,72.2975,24.2685,3.89594,0.260086
1.4416,18.2628,18.2628,3.91949,71.5809,72.3031,24.2701,3.91949,0.261753
1.4418,18.2191,18.2191,3.92147,71.4456,72.3086,24.2701,3.92147,0.263419
1.442,18.2746,18.2746,3.90432,71.3498,72.3142,24.2691,3.90432,0.261753
1.4422,18.3328,18.3328,3.89418,71.3911,72.3198,24.2684,3.89418,0.260086
1.4424,18.2861,18.2861,3.91159,71.5276,72.3254,24.2696,3.91159,0.261753
1.4426,18.2246,18.2246,3.92375,71.5088,72.3309,24.2705,3.92375,0.263419
1.4428,18.183,18.183,3.93117,71.4806,72.3365,24.2706,3.93117,0.265086
1.443,18.2485,18.2485,3.91148,71.3787,72.3421,24.2696,3.91148,0.263419
1.4432,18.2844,18.2844,3.90773,71.4503,72.3476,24.2693,3.90773,0.261753
1.4434,18.3062,18.3062,3.90163,71.4239,72.3532,24.269,3.90163,0.260086
1.4436,18.3561,18.3561,3.89075,71.4189,72.3588,24.2679,3.89075,0.258419
1.4438,18.3111,18.3111,3.9104,71.6037,72.3643,24.2695,3.9104,0.260086
1.444,18.2711,18.2711,3.91299,71.4947,72.3699,24.2697,3.91299,0.261753
1.4442,18.2361,18.2361,3.92313,71.5426,72.3755,24.2704,3.92313,0.263419
1.4444,18.1855,18.1855,3.93169,71.4998,72.381,24.2709,3.93169,0.265086
1.4446,18.2526,18.2526,3.91243,71.4119,72.3866,24.2696,3.91243,0.263419
1.4448,18.2896,18.2896,3.90951,71.5035,72.3922,24.2694,3.90951,0.261753
1.445,18.3164,18.3164,3.90249,71.4797,72.3977,24.2689,3.90249,0.260086
1.4452,18.3543,18.3543,3.89503,71.4906,72.4033,24.2686,3.89503,0.258419
1.4454,18.3146,18.3146,3.90973,71.605,72.4089,24.2696,3.90973,0.260086
1.4456,18.269,18.269,3.9191,71.5978,72.4144,24.2701,3.9191,0.261753
1.4458,18.2312,18.2312,3.92627,71.5805,72.42,24.2704,3.92627,0.263419
1.446,18.1849,18.1849,3.93476,71.5532,72.4256,24.271,3.93476,0.265086
1.4462,18.2384,18.2384,3.91887,71.4741,72.4311,24.2698,3.91887,0.263419
1.4464,18.276,18.276,3.91374,71.5277,72.4367,24.2696,3.91374,0.261753
1.4466,18.3119,18.3119,3.90496,71.5071,72.4423,24.2691,3.90496,0.260086
1.4468,18.3583,18.3583,3.89505,71.5065,72.4478,24.2684,3.89505,0.258419
1.447,18.3115,18.3115,3.91478,71.6856,72.4534,24.2698,3.91478,0.260086
1.4472,18.2602,18.2602,3.92175,71.6122,72.459,24.2703,3.92175,0.261753
1.4474,18.2315,18.2315,3.92836,71.62,72.4645,24.2708,3.92836,0.263419
1.4476,18.1805,18.1805,3.94015,71.6339,72.4701,24.2715,3.94015,0.265086
1.4478,18.2397,18.2397,3.92023,71.5038,72.4757,24.27,3.92023,0.263419
1.448,18.2798,18.2798,3.91609,71.5854,72.4812,24.2699,3.91609,0.261753
1.4482,18.3139,18.3139,3.90847,71.5793,72.4868,24.2694,3.90847,0.260086
1.4484,18.341,18.341,3.90318,71.5881,72.4924,24.2691,3.90318,0.258419
1.4486,18.3169,18.3169,3.91133,71.6434,72.4979,24.2696,3.91133,0.260086
1.4488,18.2611,18.2611,3.92674,71.7067,72.5035,24.2704,3.92674,0.261753
1.449,18.2266,18.2266,3.92936,71.6189,72.5091,24.2707,3.92936,0.263419
1.4492,18.184,18.184,3.94231,71.687,72.5146,24.2714,3.94231,0.265086
1.4494,18.2181,18.2181,3.92832,71.5666,72.5202,24.2707,3.92832,0.263419
1.4496,18.278,18.278,3.91667,71.5888,72.5258,24.2699,3.91667,0.261753
1.4498,18.3119,18.3119,3.91201,71.6364,72.5314,24.2696,3.91201,0.260086
1.45,18.3422,18.3422,3.90575,71.6399,72.5369,24.2692,3.90575,0.258419
1.4502,18.3156,18.3156,3.91361,71.6801,72.5425,24.2698,3.91361,0.260086
1.4504,18.2699,18.2699,3.92609,71.7292,72.5481,24.2705,3.92609,0.261753
1.4506,18.2278,18.2278,3.93387,71.7059,72.5536,24.271,3.93387,0.263419
1.4508,18.1835,18.1835,3.94243,71.6872,72.5592,24.2716,3.94243,0.265086
1.451,18.2326,18.2326,3.92847,71.6263,72.5648,24.2708,3.92847,0.263419
1.4512,18.2789,18.2789,3.92079,71.6679,72.5703,24.2702,3.92079,0.261753
1.4514,18.3166,18.3166,3.91317,71.6759,72.5759,24.2697,3.91317,0.260086
1.4516,18.3556,18.3556,3.90254,71.6333,72.5815,24.2689,3.90254,0.258419
1.4518,18.3197,18.3197,3.92119,71.835,72.587,24.2703,3.92119,0.260086
1.452,18.2705,18.2705,3.92711,71.7504,72.5926,24.2705,3.92711,0.261753
1.4522,18.2069,18.2069,3.94572,71.8392,72.5982,24.2719,3.94572,0.263419
1.4524,18.2677,18.2677,3.91969,71.6038,72.6037,24.2699,3.91969,0.261753
1.4526,18.3204,18.3204,3.91463,71.7177,72.6093,24.2698,3.91463,0.260086
1.4528,18.3542,18.3542,3.90503,71.6738,72.6149,24.2691,3.90503,0.258419
1.453,18.31,18.31,3.92217,71.8151,72.6204,24.2703,3.92217,0.260086
1.4532,18.2735,18.2735,3.92918,71.7997,72.626,24.2708,3.92918,0.261753
1.4534,18.2277,18.2277,3.93853,71.7905,72.6316,24.2715,3.93853,0.263419
1.4536,18.1829,18.1829,3.94709,71.7696,72.6371,24.272,3.94709,0.265086
1.4538,18.2395,18.2395,3.92886,71.6603,72.6427,24.2708,3.92886,0.263419
1.454,18.2735,18.2735,3.92723,71.7642,72.6483,24.2706,3.92723,0.261753
1.4542,18.3084,18.3084,3.91552,71.6868,72.6538,24.2698,3.91552,0.260086
1.4544,18.3619,18.3619,3.90672,71.735,72.6594,24.2693,3.90672,0.258419
1.4546,18.3247,18.3247,3.91955,71.8247,72.665,24.2701,3.91955,0.260086
1.4548,18.2776,18.2776,3.92928,71.8176,72.6705,24.2707,3.92928,0.261753
1.455,18.2344,18.2344,3.94048,71.8521,72.6761,24.2715,3.94048,0.263419
1.4552,18.191,18.191,3.94796,71.8175,72.6817,24.2721,3.94796,0.265086
1.4554,18.2276,18.2276,3.93943,71.8062,72.6872,24.2715,3.93943,0.263419
1.4556,18.2731,18.2731,3.92671,71.7531,72.6928,24.2705,3.92671,0.261753
1.4558,18.3101,18.3101,3.9197,71.7702,72.6984,24.2702,3.9197,0.260086
1.456,18.3574,18.3574,3.90716,71.7253,72.7039,24.2693,3.90716,0.258419
1.4562,18.3298,18.3298,3.91989,71.851,72.7095,24.2702,3.91989,0.260086
1.4564,18.2822,18.2822,3.93204,71.8863,72.7151,24.2709,3.93204,0.261753
1.4566,18.229,18.229,3.94381,71.8917,72.7206,24.2718,3.94381,0.263419
1.4568,18.1773,18.1773,3.95433,71.8789,72.7262,24.2725,3.95433,0.265086
1.457,18.233,18.233,3.93729,71.7887,72.7318,24.2713,3.93729,0.263419
1.4572,18.2846,18.2846,3.92772,71.8167,72.7374,24.2706,3.92772,0.261753
1.4574,18.3096,18.3096,3.92271,71.8233,72.7429,24.2704,3.92271,0.260086
1.4576,18.3624,18.3624,3.91036,71.8035,72.7485,24.2692,3.91036,0.258419
1.4578,18.3191,18.3191,3.92809,71.9591,72.7541,24.2706,3.92809,0.260086
1.458,18.2655,18.2655,3.93593,71.8918,72.7596,24.2711,3.93593,0.261753
1.4582,18.2335,18.2335,3.94391,71.9113,72.7652,24.2716,3.94391,0.263419
1.4584,18.1877,18.1877,3.95394,71.9131,72.7708,24.2725,3.95394,0.265086
1.4586,18.2288,18.2288,3.94139,71.847,72.7763,24.2715,3.94139,0.263419
1.4588,18.2834,18.2834,3.93113,71.8743,72.7819,24.2708,3.93113,0.261753
1.459,18.3141,18.3141,3.92347,71.8549,72.7875,24.2704,3.92347,0.260086
1.4592,18.376,18.376,3.90898,71.8315,72.793,24.2693,3.90898,0.258419
1.4594,18.3087,18.3087,3.93457,72.0368,72.7986,24.2712,3.93457,0.260086
1.4596,18.2675,18.2675,3.93767,71.9313,72.8042,24.2713,3.93767,0.261753
1.4598,18.2307,18.2307,3.95018,72.0144,72.8097,24.272,3.95018,0.263419
1.46,18.1778,18.1778,3.95708,71.931,72.8153,24.2726,3.95708,0.265086
1.4602,18.2403,18.2403,3.93779,71.8264,72.8209,24.2713,3.93779,0.263419
1.4604,18.2911,18.2911,3.93036,71.8905,72.8264,24.2708,3.93036,0.261753
1.4606,18.3144,18.3144,3.92703,71.9212,72.832,24.2706,3.92703,0.260086
1.4608,18.3704,18.3704,3.9102,71.8321,72.8376,24.2693,3.9102,0.258419
1.461,18.3173,18.3173,3.9345,72.0693,72.8431,24.2712,3.9345,0.260086
1.4612,18.2702,18.2702,3.94099,72.0028,72.8487,24.2715,3.94099,0.261753
1.4614,18.2326,18.2326,3.94683,71.9612,72.8543,24.2718,3.94683,0.263419
1.4616,18.1827,18.1827,3.96139,72.029,72.8598,24.2729,3.96139,0.265086
1.4618,18.23,18.23,3.94357,71.8914,72.8654,24.2717,3.94357,0.263419
1.462,18.2971,18.2971,3.9309,71.9241,72.871,24.2709,3.9309,0.261753
1.4622,18.3095,18.3095,3.93087,71.9723,72.8765,24.2709,3.93087,0.260086
1.4624,18.3668,18.3668,3.9145,71.8969,72.8821,24.2699,3.9145,0.258419
1.4626,18.3175,18.3175,3.93612,72.0997,72.8877,24.2713,3.93612,0.260086
1.4628,18.2689,18.2689,3.94464,72.0644,72.8932,24.2719,3.94464,0.261753
1.463,18.2334,18.2334,3.95107,72.0414,72.8988,24.2723,3.95107,0.263419
1.4632,18.181,18.181,3.96258,72.0439,72.9044,24.2731,3.96258,0.265086
1.4634,18.2356,18.2356,3.94258,71.8954,72.9099,24.2717,3.94258,0.263419
1.4636,18.2939,18.2939,3.93572,71.9995,72.9155,24.2712,3.93572,0.261753
1.4638,18.2803,18.2803,3.93621,71.955,72.9211,24.2714,3.93621,0.260086
1.464,18.3711,18.3711,3.91462,71.9158,72.9266,24.2698,3.91462,0.258419
1.4642,18.3055,18.3055,3.94474,72.2102,72.9322,24.2716,3.94474,0.260086
1.4644,18.2574,18.2574,3.94588,72.0416,72.9378,24.272,3.94588,0.261753
1.4646,18.2389,18.2389,3.95253,72.0898,72.9434,24.2724,3.95253,0.263419
1.4648,18.1833,18.1833,3.96356,72.0706,72.9489,24.2729,3.96356,0.265086
1.465,18.2417,18.2417,3.94519,71.9668,72.9545,24.2717,3.94519,0.263419
1.4652,18.2901,18.2901,3.93899,72.0444,72.9601,24.2713,3.93899,0.261753
1.4654,18.299,18.299,3.93552,72.0161,72.9656,24.2709,3.93552,0.260086
1.4656,18.3649,18.3649,3.92004,71.9911,72.9712,24.2699,3.92004,0.258419
1.4658,18.3101,18.3101,3.94146,72.1684,72.9768,24.2717,3.94146,0.260086
1.466,18.2702,18.2702,3.94791,72.1292,72.9823,24.2721,3.94791,0.261753
1.4662,18.237,18.237,3.95589,72.1434,72.9879,24.2725,3.95589,0.263419
1.4664,18.1822,18.1822,3.96675,72.1244,72.9935,24.2733,3.96675,0.265086
1.4666,18.2322,18.2322,3.94763,71.974,72.999,24.2721,3.94763,0.263419
1.4668,18.2889,18.2889,3.94151,72.0858,73.0046,24.2716,3.94151,0.261753
1.467,18.2971,18.2971,3.93971,72.0853,73.0102,24.2715,3.93971,0.260086
1.4672,18.3682,18.3682,3.92057,72.0137,73.0157,24.2702,3.92057,0.258419
1.4674,18.3079,18.3079,3.94679,72.2575,73.0213,24.2721,3.94679,0.260086
1.4676,18.2683,18.2683,3.94929,72.1467,73.0269,24.2721,3.94929,0.261753
1.4678,18.251,18.251,3.95235,72.1344,73.0324,24.2724,3.95235,0.263419
1.468,18.1847,18.1847,3.97158,72.2222,73.038,24.2737,3.97158,0.265086
1.4682,18.2367,18.2367,3.95201,72.0716,73.0436,24.2721,3.95201,0.263419
1.4684,18.2892,18.2892,3.94354,72.1243,73.0491,24.2718,3.94354,0.261753
1.4686,18.3137,18.3137,3.93849,72.1285,73.0547,24.2715,3.93849,0.260086
1.4688,18.3535,18.3535,3.92987,72.1267,73.0603,24.2706,3.92987,0.258419
1.469,18.2823,18.2823,3.95457,72.2985,73.0658,24.2725,3.95457,0.260086
1.4692,18.2754,18.2754,3.9469,72.131,73.0714,24.2721,3.9469,0.261753
1.4694,18.2549,18.2549,3.95582,72.2131,73.077,24.2727,3.95582,0.263419
1.4696,18.1921,18.1921,3.97011,72.2245,73.0825,24.2736,3.97011,0.265086
1.4698,18.2373,18.2373,3.9549,72.1268,73.0881,24.2722,3.9549,0.263419
1.47,18.2864,18.2864,3.94723,72.1808,73.0937,24.2719,3.94723,0.261753
1.4702,18.2957,18.2957,3.94708,72.2146,73.0992,24.2721,3.94708,0.260086
1.4704,18.3606,18.3606,3.93005,72.158,73.1048,24.2708,3.93005,0.258419
1.4706,18.2938,18.2938,3.95098,72.2783,73.1104,24.2724,3.95098,0.260086
1.4708,18.2763,18.2763,3.94976,72.187,73.1159,24.272,3.94976,0.261753
1.471,18.2447,18.2447,3.96216,72.2886,73.1215,24.2731,3.96216,0.263419
1.4712,18.1882,18.1882,3.97325,72.2663,73.1271,24.2738,3.97325,0.265086
1.4714,18.2542,18.2542,3.95118,72.1256,73.1326,24.272,3.95118,0.263419
1.4716,18.2855,18.2855,3.95161,72.2573,73.1382,24.2724,3.95161,0.261753
1.4718,18.3026,18.3026,3.94501,72.2041,73.1438,24.2716,3.94501,0.260086
1.472,18.3641,18.3641,3.93084,72.1865,73.1494,24.2709,3.93084,0.258419
1.4722,18.2865,18.2865,3.95877,72.3921,73.1549,24.2728,3.95877,0.260086
1.4724,18.2566,18.2566,3.958,72.2594,73.1605,24.2728,3.958,0.261753
1.4726,18.2301,18.2301,3.96791,72.3356,73.1661,24.2735,3.96791,0.263419
1.4728,18.1913,18.1913,3.97368,72.2866,73.1716,24.2738,3.97368,0.265086
1.473,18.2367,18.2367,3.96017,72.2204,73.1772,24.2726,3.96017,0.263419
1.4732,18.2874,18.2874,3.95122,72.2577,73.1828,24.2724,3.95122,0.261753
1.4734,18.3083,18.3083,3.94874,72.2949,73.1883,24.2719,3.94874,0.260086
1.4736,18.3578,18.3578,3.93364,72.213,73.1939,24.2711,3.93364,0.258419
1.4738,18.2954,18.2954,3.95869,72.426,73.1995,24.2728,3.95869,0.260086
1.474,18.2714,18.2714,3.95777,72.3142,73.205,24.2726,3.95777,0.261753
1.4742,18.2389,18.2389,3.96714,72.3562,73.2106,24.2733,3.96714,0.263419
1.4744,18.1878,18.1878,3.97712,72.3352,73.2162,24.2737,3.97712,0.265086
1.4746,18.2441,18.2441,3.95878,72.2245,73.2217,24.2727,3.95878,0.263419
1.4748,18.2912,18.2912,3.95443,72.3312,73.2273,24.2725,3.95443,0.261753
1.475,18.3029,18.3029,3.95042,72.3043,73.2329,24.2723,3.95042,0.260086
1.4752,18.3615,18.3615,3.93658,72.2817,73.2384,24.2712,3.93658,0.258419
1.4754,18.2997,18.2997,3.96069,72.4793,73.244,24.273,3.96069,0.260086
1.4756,18.2681,18.2681,3.96118,72.3631,73.2496,24.273,3.96118,0.261753
1.4758,18.2473,18.2473,3.96877,72.4193,73.2551,24.2736,3.96877,0.263419
1.476,18.1882,18.1882,3.97896,72.37,73.2607,24.2741,3.97896,0.265086
1.4762,18.2456,18.2456,3.96062,72.2641,73.2663,24.273,3.96062,0.263419
1.4764,18.2935,18.2935,3.95425,72.337,73.2718,24.2724,3.95425,0.261753
1.4766,18.3063,18.3063,3.95295,72.364,73.2774,24.2725,3.95295,0.260086
1.4768,18.3669,18.3669,3.9371,72.3125,73.283,24.2713,3.9371,0.258419
1.477,18.3023,18.3023,3.96032,72.483,73.2885,24.273,3.96032,0.260086
1.4772,18.2832,18.2832,3.958,72.3648,73.2941,24.2727,3.958,0.261753
1.4774,18.2326,18.2326,3.97516,72.4775,73.2997,24.274,3.97516,0.263419
1.4776,18.187,18.187,3.98143,72.4104,73.3052,24.2743,3.98143,0.265086
1.4778,18.2472,18.2472,3.96492,72.3487,73.3108,24.2733,3.96492,0.263419
1.478,18.2815,18.2815,3.95971,72.3893,73.3164,24.2729,3.95971,0.261753
1.4782,18.3128,18.3128,3.95436,72.4154,73.3219,24.2725,3.95436,0.260086
1.4784,18.3636,18.3636,3.94049,72.3616,73.3275,24.2717,3.94049,0.258419
1.4786,18.3119,18.3119,3.9631,72.5717,73.3331,24.2731,3.9631,0.260086
1.4788,18.2734,18.2734,3.96459,72.4464,73.3386,24.2732,3.96459,0.261753
1.479,18.2429,18.2429,3.97508,72.5171,73.3442,24.274,3.97508,0.263419
1.4792,18.186,18.186,3.98531,72.4766,73.3498,24.2747,3.98531,0.265086
1.4794,18.2468,18.2468,3.96556,72.3589,73.3554,24.2731,3.96556,0.263419
1.4796,18.2846,18.2846,3.96187,72.441,73.3609,24.273,3.96187,0.261753
1.4798,18.2974,18.2974,3.96096,72.4751,73.3665,24.273,3.96096,0.260086
1.48,18.3632,18.3632,3.94053,72.3609,73.3721,24.2717,3.94053,0.258419
1.4802,18.3159,18.3159,3.96317,72.5891,73.3776,24.2732,3.96317,0.260086
1.4804,18.2763,18.2763,3.96878,72.5344,73.3832,24.2732,3.96878,0.261753
1.4806,18.242,18.242,3.97479,72.5082,73.3888,24.274,3.97479,0.263419
1.4808,18.1889,18.1889,3.98824,72.5417,73.3943,24.2746,3.98824,0.265086
1.481,18.2499,18.2499,3.96755,72.4074,73.3999,24.2735,3.96755,0.263419
1.4812,18.2873,18.2873,3.96186,72.4517,73.4055,24.2728,3.96186,0.261753
1.4814,18.3071,18.3071,3.96153,72.5241,73.411,24.2731,3.96153,0.260086
1.4816,18.3658,18.3658,3.94281,72.4129,73.4166,24.2718,3.94281,0.258419
1.4818,18.3128,18.3128,3.96546,72.6186,73.4222,24.2732,3.96546,0.260086
1.482,18.2695,18.2695,3.97131,72.5539,73.4277,24.2736,3.97131,0.261753
1.4822,18.2463,18.2463,3.97525,72.5337,73.4333,24.274,3.97525,0.263419
1.4824,18.1912,18.1912,3.98975,72.5784,73.4389,24.2747,3.98975,0.265086
1.4826,18.255,18.255,3.96805,72.4368,73.4444,24.2735,3.96805,0.263419
1.4828,18.2879,18.2879,3.96622,72.5338,73.45,24.2731,3.96622,0.261753
1.483,18.3108,18.3108,3.96086,72.5264,73.4556,24.2731,3.96086,0.260086
1.4832,18.3693,18.3693,3.94644,72.4932,73.4611,24.2717,3.94644,0.258419
1.4834,18.3092,18.3092,3.96803,72.6514,73.4667,24.2735,3.96803,0.260086
1.4836,18.2727,18.2727,3.97203,72.5796,73.4723,24.2738,3.97203,0.261753
1.4838,18.2468,18.2468,3.9794,72.6113,73.4778,24.2741,3.9794,0.263419
1.484,18.194,18.194,3.99299,72.6486,73.4834,24.2749,3.99299,0.265086
1.4842,18.2437,18.2437,3.97219,72.4673,73.489,24.2737,3.97219,0.263419
1.4844,18.2937,18.2937,3.96622,72.5568,73.4945,24.2733,3.96622,0.261753
1.4846,18.3051,18.3051,3.96744,72.6244,73.5001,24.2734,3.96744,0.260086
1.4848,18.3611,18.3611,3.94788,72.4874,73.5057,24.2721,3.94788,0.258419
1.485,18.3133,18.3133,3.96901,72.6855,73.5112,24.2736,3.96901,0.260086
1.4852,18.2749,18.2749,3.97221,72.5916,73.5168,24.2738,3.97221,0.261753
1.4854,18.2416,18.2416,3.98407,72.6759,73.5224,24.2746,3.98407,0.263419
1.4856,18.1897,18.1897,3.99409,72.6512,73.5279,24.2753,3.99409,0.265086
1.4858,18.2572,18.2572,3.97287,72.5334,73.5335,24.2738,3.97287,0.263419
1.486,18.2934,18.2934,3.9701,72.6264,73.5391,24.2735,3.9701,0.261753
1.4862,18.3116,18.3116,3.96702,72.6425,73.5446,24.2734,3.96702,0.260086
1.4864,18.3688,18.3688,3.94798,72.5196,73.5502,24.2721,3.94798,0.258419
1.4866,18.3136,18.3136,3.97247,72.75,73.5558,24.2738,3.97247,0.260086
1.4868,18.2854,18.2854,3.97227,72.6347,73.5614,24.2737,3.97227,0.261753
1.487,18.2363,18.2363,3.99088,72.7791,73.5669,24.2751,3.99088,0.263419
1.4872,18.1654,18.1654,4.00224,72.7022,73.5725,24.2757,4.00224,0.265086
1.4874,18.2387,18.2387,3.9734,72.4695,73.5781,24.2737,3.9734,0.263419
1.4876,18.2962,18.2962,3.97337,72.6977,73.5836,24.2738,3.97337,0.261753
1.4878,18.3155,18.3155,3.9667,72.6522,73.5892,24.2733,3.9667,0.260086
1.488,18.3642,18.3642,3.95489,72.6282,73.5948,24.2725,3.95489,0.258419
1.4882,18.3182,18.3182,3.97407,72.7977,73.6003,24.274,3.97407,0.260086
1.4884,18.2735,18.2735,3.98117,72.7499,73.6059,24.2744,3.98117,0.261753
1.4886,18.2518,18.2518,3.98478,72.7295,73.6115,24.2746,3.98478,0.263419
1.4888,18.1896,18.1896,4.00176,72.7905,73.617,24.2758,4.00176,0.265086
1.489,18.2338,18.2338,3.97929,72.5574,73.6226,24.2741,3.97929,0.263419
1.4892,18.2983,18.2983,3.97576,72.7498,73.6282,24.2739,3.97576,0.261753
1.4894,18.3074,18.3074,3.97147,72.7075,73.6337,24.2737,3.97147,0.260086
1.4896,18.3556,18.3556,3.95492,72.595,73.6393,24.2726,3.95492,0.258419
1.4898,18.3249,18.3249,3.97479,72.8378,73.6449,24.274,3.97479,0.260086
1.49,18.2745,18.2745,3.98293,72.7861,73.6504,24.2744,3.98293,0.261753
1.4902,18.2371,18.2371,3.99427,72.8438,73.656,24.275,3.99427,0.263419
1.4904,18.191,18.191,3.99946,72.7543,73.6616,24.2756,3.99946,0.265086
1.4906,18.2398,18.2398,3.98267,72.6432,73.6671,24.2745,3.98267,0.263419
1.4908,18.2856,18.2856,3.9784,72.7474,73.6727,24.2739,3.9784,0.261753
1.491,18.3187,18.3187,3.97052,72.7346,73.6783,24.2736,3.97052,0.260086
1.4912,18.2951,18.2951,3.98231,72.8568,73.6838,24.2744,3.98231,0.261753
1.4914,18.2234,18.2234,4.00156,72.9219,73.6894,24.2757,4.00156,0.263419
1.4916,18.1936,18.1936,4.00021,72.7781,73.695,24.2757,4.00021,0.265086
1.4918,18.2371,18.2371,3.98452,72.6663,73.7005,24.2746,3.98452,0.263419
1.492,18.2841,18.2841,3.9809,72.787,73.7061,24.2742,3.9809,0.261753
1.4922,18.3192,18.3192,3.97121,72.7494,73.7117,24.2738,3.97121,0.260086
1.4924,18.2807,18.2807,3.98738,72.8919,73.7172,24.2748,3.98738,0.261753
1.4926,18.2313,18.2313,4.0002,72.9289,73.7228,24.2756,4.0002,0.263419
1.4928,18.1791,18.1791,4.00429,72.7945,73.7284,24.276,4.00429,0.265086
1.493,18.227,18.227,3.98808,72.6908,73.7339,24.2749,3.98808,0.263419
1.4932,18.2778,18.2778,3.98455,72.8287,73.7395,24.2746,3.98455,0.261753
1.4934,18.3186,18.3186,3.97349,72.7888,73.7451,24.2735,3.97349,0.260086
1.4936,18.2745,18.2745,3.99094,72.9327,73.7506,24.2749,3.99094,0.261753
1.4938,18.2241,18.2241,3.99919,72.8817,73.7562,24.2755,3.99919,0.263419
1.494,18.1799,18.1799,4.00792,72.8634,73.7618,24.2762,4.00792,0.265086
1.4942,18.2565,18.2565,3.9839,72.7321,73.7674,24.2746,3.9839,0.263419
1.4944,18.2843,18.2843,3.98682,72.8962,73.7729,24.2747,3.98682,0.261753
1.4946,18.3134,18.3134,3.97586,72.8116,73.7785,24.274,3.97586,0.260086
1.4948,18.2865,18.2865,3.9893,72.9502,73.7841,24.2748,3.9893,0.261753
1.495,18.2239,18.2239,4.00304,72.9512,73.7896,24.2758,4.00304,0.263419
1.4952,18.1952,18.1952,4.00685,72.9055,73.7952,24.276,4.00685,0.265086
1.4954,18.2509,18.2509,3.98925,72.8074,73.8008,24.2749,3.98925,0.263419
1.4956,18.281,18.281,3.98694,72.8853,73.8063,24.2747,3.98694,0.261753
1.4958,18.3197,18.3197,3.97595,72.838,73.8119,24.2741,3.97595,0.260086
1.496,18.2821,18.2821,3.99299,73.0003,73.8175,24.2749,3.99299,0.261753
1.4962,18.2228,18.2228,4.00111,72.9116,73.823,24.2758,4.00111,0.263419
1.4964,18.2004,18.2004,4.00948,72.974,73.8286,24.2763,4.00948,0.265086
1.4966,18.1657,18.1657,4.01588,72.9512,73.8342,24.2767,4.01588,0.266752
1.4968,18.1926,18.1926,4.00516,72.8642,73.8397,24.276,4.00516,0.265086
1.497,18.2321,18.2321,3.99725,72.8781,73.8453,24.2755,3.99725,0.263419
1.4972,18.2891,18.2891,3.98585,72.8975,73.8509,24.2746,3.98585,0.261753
1.4974,18.3274,18.3274,3.97779,72.9025,73.8564,24.2742,3.97779,0.260086
1.4976,18.2796,18.2796,3.99715,73.0664,73.862,24.2753,3.99715,0.261753
1.4978,18.2188,18.2188,4.00458,72.9585,73.8676,24.2759,4.00458,0.263419
1.498,18.1908,18.1908,4.01125,72.9676,73.8731,24.2761,4.01125,0.265086
1.4982,18.2352,18.2352,3.99305,72.8142,73.8787,24.275,3.99305,0.263419
1.4984,18.2937,18.2937,3.98905,72.9744,73.8843,24.2749,3.98905,0.261753
1.4986,18.3202,18.3202,3.98201,72.9512,73.8898,24.2745,3.98201,0.260086
1.4988,18.279,18.279,3.998,73.0796,73.8954,24.2755,3.998,0.261753
1.499,18.2105,18.2105,4.00789,72.9857,73.901,24.276,4.00789,0.263419
1.4992,18.1988,18.1988,4.0111,72.9973,73.9065,24.2763,4.0111,0.265086
1.4994,18.1603,18.1603,4.02421,73.0809,73.9121,24.2772,4.02421,0.266752
1.4996,18.198,18.198,4.00685,72.9168,73.9177,24.2758,4.00685,0.265086
1.4998,18.24,18.24,4.00178,72.9923,73.9232,24.2756,4.00178,0.263419
1.5,18.2927,18.2927,3.98646,72.923,73.9288,24.2745,3.98646,0.261753
1.5002,18.3176,18.3176,3.98606,73.0151,73.9344,24.2748,3.98606,0.260086
1.5004,18.2715,18.2715,4.00181,73.1191,73.9399,24.2758,4.00181,0.261753
1.5006,18.2337,18.2337,4.00598,73.0437,73.9455,24.2761,4.00598,0.263419
1.5008,18.2109,18.2109,4.01342,73.0882,73.9511,24.2762,4.01342,0.265086
1.501,18.1654,18.1654,4.02246,73.0696,73.9566,24.277,4.02246,0.266752
1.5012,18.2034,18.2034,4.00863,72.9708,73.9622,24.2761,4.00863,0.265086
1.5014,18.2365,18.2365,4.00509,73.0389,73.9678,24.276,4.00509,0.263419
1.5016,18.2756,18.2756,3.99315,72.977,73.9734,24.275,3.99315,0.261753
1.5018,18.3343,18.3343,3.97964,72.964,73.9789,24.2743,3.97964,0.260086
1.502,18.2864,18.2864,4.00258,73.1929,73.9845,24.2758,4.00258,0.261753
1.5022,18.2267,18.2267,4.01625,73.2028,73.9901,24.2767,4.01625,0.263419
1.5024,18.1893,18.1893,4.01796,73.0838,73.9956,24.2768,4.01796,0.265086
1.5026,18.2457,18.2457,4.00186,73.0166,74.0012,24.2756,4.00186,0.263419
1.5028,18.2904,18.2904,3.99486,73.0675,74.0068,24.2753,3.99486,0.261753
1.503,18.3289,18.3289,3.98516,73.0435,74.0123,24.2746,3.98516,0.260086
1.5032,18.2794,18.2794,4.00488,73.2068,74.0179,24.276,4.00488,0.261753
1.5034,18.2244,18.2244,4.01764,73.2191,74.0235,24.2767,4.01764,0.263419
1.5036,18.1836,18.1836,4.01989,73.0962,74.029,24.277,4.01989,0.265086
1.5038,18.2458,18.2458,4.00296,73.0374,74.0346,24.2757,4.00296,0.263419
1.504,18.2908,18.2908,3.99376,73.0491,74.0402,24.2752,3.99376,0.261753
1.5042,18.3201,18.3201,3.99037,73.1039,74.0457,24.275,3.99037,0.260086
1.5044,18.266,18.266,4.00735,73.1984,74.0513,24.2762,4.00735,0.261753
1.5046,18.2299,18.2299,4.01609,73.2129,74.0569,24.2768,4.01609,0.263419
1.5048,18.1906,18.1906,4.02309,73.1826,74.0624,24.2771,4.02309,0.265086
1.505,18.2416,18.2416,4.00807,73.1135,74.068,24.2761,4.00807,0.263419
1.5052,18.2854,18.2854,3.99794,73.104,74.0736,24.2753,3.99794,0.261753
1.5054,18.3298,18.3298,3.98957,73.128,74.0791,24.2749,3.98957,0.260086
1.5056,18.2753,18.2753,4.00821,73.2512,74.0847,24.2761,4.00821,0.261753
1.5058,18.2298,18.2298,4.0148,73.1889,74.0903,24.2765,4.0148,0.263419
1.506,18.2014,18.2014,4.02092,73.1863,74.0958,24.277,4.02092,0.265086
1.5062,18.1679,18.1679,4.02726,73.1669,74.1014,24.2773,4.02726,0.266752
1.5064,18.2083,18.2083,4.0161,73.1263,74.107,24.2764,4.0161,0.265086
1.5066,18.2474,18.2474,4.01217,73.2114,74.1125,24.2765,4.01217,0.263419
1.5068,18.2718,18.2718,4.00519,73.1819,74.1181,24.276,4.00519,0.261753
1.507,18.3308,18.3308,3.99055,73.15,74.1237,24.2749,3.99055,0.260086
1.5072,18.2785,18.2785,4.01005,73.2977,74.1292,24.2763,4.01005,0.261753
1.5074,18.2283,18.2283,4.01829,73.2465,74.1348,24.2769,4.01829,0.263419
1.5076,18.1991,18.1991,4.02419,73.2368,74.1404,24.277,4.02419,0.265086
1.5078,18.1699,18.1699,4.0306,73.2355,74.1459,24.2776,4.0306,0.266752
1.508,18.2078,18.2078,4.01971,73.1902,74.1515,24.2768,4.01971,0.265086
1.5082,18.2615,18.2615,4.00761,73.1849,74.1571,24.2762,4.00761,0.263419
1.5084,18.2769,18.2769,4.00697,73.2349,74.1627,24.2762,4.00697,0.261753
1.5086,18.335,18.335,3.99092,73.1734,74.1682,24.2751,3.99092,0.260086
1.5088,18.2792,18.2792,4.01156,73.328,74.1738,24.2765,4.01156,0.261753
1.509,18.2356,18.2356,4.02168,73.3375,74.1794,24.2771,4.02168,0.263419
1.5092,18.2018,18.2018,4.02555,73.2723,74.1849,24.2772,4.02555,0.265086
1.5094,18.1599,18.1599,4.03707,73.3129,74.1905,24.2782,4.03707,0.266752
1.5096,18.2002,18.2002,4.02349,73.2284,74.1961,24.2773,4.02349,0.265086
1.5098,18.2478,18.2478,4.01436,73.2533,74.2016,24.2766,4.01436,0.263419
1.51,18.2792,18.2792,4.00737,73.2515,74.2072,24.2761,4.00737,0.261753
1.5102,18.3389,18.3389,3.99218,73.2124,74.2128,24.2752,3.99218,0.260086
1.5104,18.2751,18.2751,4.01542,73.3823,74.2183,24.2765,4.01542,0.261753
1.5106,18.2383,18.2383,4.02356,73.383,74.2239,24.2773,4.02356,0.263419
1.5108,18.1853,18.1853,4.03187,73.3208,74.2295,24.2776,4.03187,0.265086
1.511,18.2435,18.2435,4.01864,73.3142,74.235,24.2769,4.01864,0.263419
1.5112,18.2775,18.2775,4.00987,73.2904,74.2406,24.2763,4.00987,0.261753
1.5114,18.3402,18.3402,3.9926,73.225,74.2462,24.2752,3.9926,0.260086
1.5116,18.2851,18.2851,4.01604,73.4338,74.2517,24.2767,4.01604,0.261753
1.5118,18.2504,18.2504,4.02003,73.3674,74.2573,24.277,4.02003,0.263419
1.512,18.1931,18.1931,4.03613,73.4298,74.2629,24.2782,4.03613,0.265086
1.5122,18.2591,18.2591,4.011,73.2373,74.2684,24.2764,4.011,0.263419
1.5124,18.2874,18.2874,4.01067,73.3448,74.274,24.2763,4.01067,0.261753
1.5126,18.3365,18.3365,3.99537,73.2612,74.2796,24.2753,3.99537,0.260086
1.5128,18.2794,18.2794,4.01962,73.4762,74.2851,24.277,4.01962,0.261753
1.513,18.2461,18.2461,4.02127,73.3725,74.2907,24.277,4.02127,0.263419
1.5132,18.1993,18.1993,4.0354,73.4417,74.2963,24.2779,4.0354,0.265086
1.5134,18.1618,18.1618,4.03971,73.3686,74.3018,24.2781,4.03971,0.266752
1.5136,18.1956,18.1956,4.03437,73.4076,74.3074,24.278,4.03437,0.265086
1.5138,18.2533,18.2533,4.01678,73.3194,74.313,24.2764,4.01678,0.263419
1.514,18.286,18.286,4.01252,73.3727,74.3185,24.2764,4.01252,0.261753
1.5142,18.334,18.334,4.00043,73.3439,74.3241,24.2754,4.00043,0.260086
1.5144,18.2864,18.2864,4.01903,73.4937,74.3297,24.2769,4.01903,0.261753
1.5146,18.2474,18.2474,4.02187,73.3886,74.3352,24.2771,4.02187,0.263419
1.5148,18.2071,18.2071,4.03688,73.4999,74.3408,24.2781,4.03688,0.265086
1.515,18.1639,18.1639,4.04469,73.4673,74.3464,24.2787,4.04469,0.266752
1.5152,18.2032,18.2032,4.03401,73.432,74.3519,24.2779,4.03401,0.265086
1.5154,18.2589,18.2589,4.02004,73.4014,74.3575,24.2769,4.02004,0.263419
1.5156,18.2834,18.2834,4.0148,73.4041,74.3631,24.2766,4.0148,0.261753
1.5158,18.3309,18.3309,4.00336,73.3853,74.3687,24.2757,4.00336,0.260086
1.516,18.2862,18.2862,4.02002,73.5109,74.3742,24.277,4.02002,0.261753
1.5162,18.2294,18.2294,4.03585,73.5713,74.3798,24.2778,4.03585,0.263419
1.5164,18.2024,18.2024,4.03749,73.4921,74.3854,24.278,4.03749,0.265086
1.5166,18.1643,18.1643,4.04437,73.463,74.3909,24.2784,4.04437,0.266752
1.5168,18.2168,18.2168,4.03075,73.4274,74.3965,24.2774,4.03075,0.265086
1.517,18.265,18.265,4.02061,73.4366,74.4021,24.277,4.02061,0.263419
1.5172,18.2826,18.2826,4.02009,73.4978,74.4076,24.277,4.02009,0.261753
1.5174,18.3276,18.3276,4.00666,73.4322,74.4132,24.2759,4.00666,0.260086
1.5176,18.2839,18.2839,4.02647,73.6195,74.4188,24.2775,4.02647,0.261753
1.5178,18.2459,18.2459,4.03001,73.5312,74.4243,24.2776,4.03001,0.263419
1.518,18.19,18.19,4.04661,73.6076,74.4299,24.2788,4.04661,0.265086
1.5182,18.2488,18.2488,4.02024,73.3645,74.4355,24.2769,4.02024,0.263419
1.5184,18.2937,18.2937,4.01753,73.4957,74.441,24.2768,4.01753,0.261753
1.5186,18.3234,18.3234,4.01167,73.5072,74.4466,24.2764,4.01167,0.260086
1.5188,18.2777,18.2777,4.02868,73.635,74.4522,24.2776,4.02868,0.261753
1.519,18.2477,18.2477,4.02927,73.5248,74.4577,24.2775,4.02927,0.263419
1.5192,18.2047,18.2047,4.04266,73.5954,74.4633,24.2785,4.04266,0.265086
1.5194,18.1705,18.1705,4.04686,73.5334,74.4689,24.2786,4.04686,0.266752
1.5196,18.1935,18.1935,4.04258,73.5487,74.4744,24.2785,4.04258,0.265086
1.5198,18.26,18.26,4.02301,73.4602,74.48,24.2772,4.02301,0.263419
1.52,18.2825,18.2825,4.02451,73.5782,74.4856,24.2771,4.02451,0.261753
1.5202,18.325,18.325,4.01285,73.5354,74.4911,24.2765,4.01285,0.260086
1.5204,18.2927,18.2927,4.02383,73.6065,74.4967,24.2772,4.02383,0.261753
1.5206,18.2364,18.2364,4.03458,73.5762,74.5023,24.2779,4.03458,0.263419
1.5208,18.1894,18.1894,4.05011,73.6689,74.5078,24.279,4.05011,0.265086
1.521,18.257,18.257,4.02195,73.429,74.5134,24.2772,4.02195,0.263419
1.5212,18.2845,18.2845,4.02747,73.6404,74.519,24.2775,4.02747,0.261753
1.5214,18.3335,18.3335,4.00957,73.5094,74.5245,24.276,4.00957,0.260086
1.5216,18.2974,18.2974,4.02539,73.6543,74.5301,24.2773,4.02539,0.261753
1.5218,18.2263,18.2263,4.04595,73.7427,74.5357,24.2788,4.04595,0.263419
1.522,18.1984,18.1984,4.04423,73.5985,74.5412,24.2787,4.04423,0.265086
1.5222,18.1727,18.1727,4.05162,73.629,74.5468,24.2789,4.05162,0.266752
1.5224,18.1954,18.1954,4.04259,73.5565,74.5524,24.2786,4.04259,0.265086
1.5226,18.2714,18.2714,4.02442,73.5317,74.5579,24.2773,4.02442,0.263419
1.5228,18.2891,18.2891,4.02604,73.6324,74.5635,24.2775,4.02604,0.261753
1.523,18.3325,18.3325,4.01435,73.5931,74.5691,24.2763,4.01435,0.260086
1.5232,18.3006,18.3006,4.02573,73.6732,74.5747,24.2773,4.02573,0.261753
1.5234,18.2425,18.2425,4.03749,73.6541,74.5802,24.278,4.03749,0.263419
1.5236,18.2077,18.2077,4.05293,73.7947,74.5858,24.2792,4.05293,0.265086
1.5238,18.1484,18.1484,4.05684,73.6252,74.5914,24.2795,4.05684,0.266752
1.524,18.2016,18.2016,4.03972,73.5293,74.5969,24.2782,4.03972,0.265086
1.5242,18.2677,18.2677,4.03092,73.6358,74.6025,24.2778,4.03092,0.263419
1.5244,18.3005,18.3005,4.02454,73.6513,74.6081,24.2774,4.02454,0.261753
1.5246,18.253,18.253,4.04502,73.834,74.6136,24.2788,4.04502,0.263419
1.5248,18.1922,18.1922,4.05383,73.7481,74.6192,24.2792,4.05383,0.265086
1.525,18.2515,18.2515,4.02888,73.533,74.6248,24.2776,4.02888,0.263419
1.5252,18.3044,18.3044,4.02536,73.6818,74.6303,24.2774,4.02536,0.261753
1.5254,18.2462,18.2462,4.04448,73.7963,74.6359,24.2786,4.04448,0.263419
1.5256,18.1915,18.1915,4.05604,73.7854,74.6415,24.2795,4.05604,0.265086
1.5258,18.2166,18.2166,4.0454,73.6935,74.647,24.2788,4.0454,0.263419
1.526,18.2832,18.2832,4.02656,73.6184,74.6526,24.2775,4.02656,0.261753
1.5262,18.3368,18.3368,4.01798,73.6771,74.6582,24.2769,4.01798,0.260086
1.5264,18.2859,18.2859,4.03436,73.7721,74.6637,24.278,4.03436,0.261753
1.5266,18.235,18.235,4.04865,73.827,74.6693,24.2788,4.04865,0.263419
1.5268,18.1806,18.1806,4.0596,73.8059,74.6749,24.2797,4.0596,0.265086
1.527,18.2525,18.2525,4.03337,73.6191,74.6804,24.2778,4.03337,0.263419
1.5272,18.2907,18.2907,4.03305,73.7673,74.686,24.2777,4.03305,0.261753
1.5274,18.3269,18.3269,4.02148,73.7011,74.6916,24.2771,4.02148,0.260086
1.5276,18.2843,18.2843,4.03765,73.8255,74.6971,24.2781,4.03765,0.261753
1.5278,18.242,18.242,4.0462,73.8106,74.7027,24.2787,4.0462,0.263419
1.528,18.2047,18.2047,4.05384,73.7989,74.7083,24.2785,4.05384,0.265086
1.5282,18.1608,18.1608,4.06434,73.8117,74.7138,24.28,4.06434,0.266752
1.5284,18.1946,18.1946,4.04719,73.6369,74.7194,24.2789,4.04719,0.265086
1.5286,18.2727,18.2727,4.03803,73.7857,74.725,24.2783,4.03803,0.263419
1.5288,18.2787,18.2787,4.03627,73.7777,74.7305,24.2781,4.03627,0.261753
1.529,18.3253,18.3253,4.0225,73.7135,74.7361,24.2772,4.0225,0.260086
1.5292,18.2912,18.2912,4.03837,73.8667,74.7417,24.2782,4.03837,0.261753
1.5294,18.2412,18.2412,4.05036,73.8833,74.7472,24.279,4.05036,0.263419
1.5296,18.1842,18.1842,4.063,73.8822,74.7528,24.2799,4.063,0.265086
1.5298,18.2611,18.2611,4.034,73.6652,74.7584,24.2777,4.034,0.263419
1.53,18.3052,18.3052,4.03202,73.8071,74.7639,24.2778,4.03202,0.261753
1.5302,18.2491,18.2491,4.05008,73.9103,74.7695,24.2791,4.05008,0.263419
1.5304,18.1922,18.1922,4.06163,73.8899,74.7751,24.2791,4.06163,0.265086
1.5306,18.1654,18.1654,4.06383,73.8211,74.7807,24.28,4.06383,0.266752
1.5308,18.1914,18.1914,4.05796,73.8201,74.7862,24.2796,4.05796,0.265086
1.531,18.2551,18.2551,4.03804,73.7148,74.7918,24.2782,4.03804,0.263419
1.5312,18.2885,18.2885,4.03953,73.8771,74.7974,24.2784,4.03953,0.261753
1.5314,18.3265,18.3265,4.02647,73.791,74.8029,24.2774,4.02647,0.260086
1.5316,18.2873,18.2873,4.04287,73.9331,74.8085,24.2785,4.04287,0.261753
1.5318,18.2552,18.2552,4.04769,73.8915,74.8141,24.2787,4.04769,0.263419
1.532,18.1979,18.1979,4.06659,74.0032,74.8196,24.28,4.06659,0.265086
1.5322,18.1607,18.1607,4.06671,73.8544,74.8252,24.2802,4.06671,0.266752
1.5324,18.1941,18.1941,4.05431,73.7644,74.8308,24.2792,4.05431,0.265086
1.5326,18.2742,18.2742,4.03889,73.8073,74.8363,24.2783,4.03889,0.263419
1.5328,18.298,18.298,4.03988,73.9216,74.8419,24.2783,4.03988,0.261753
1.533,18.3205,18.3205,4.03122,73.8539,74.8475,24.2779,4.03122,0.260086
1.5332,18.2762,18.2762,4.04591,73.9438,74.853,24.2788,4.04591,0.261753
1.5334,18.2582,18.2582,4.04898,73.9269,74.8586,24.2789,4.04898,0.263419
1.5336,18.1999,18.1999,4.06842,74.0447,74.8642,24.2802,4.06842,0.265086
1.5338,18.1617,18.1617,4.06896,73.8994,74.8697,24.2803,4.06896,0.266752
1.534,18.1892,18.1892,4.06231,73.89,74.8753,24.2797,4.06231,0.265086
1.5342,18.2603,18.2603,4.04453,73.8542,74.8809,24.2786,4.04453,0.263419
1.5344,18.2952,18.2952,4.04108,73.9324,74.8864,24.2783,4.04108,0.261753
1.5346,18.2582,18.2582,4.05397,74.018,74.892,24.2793,4.05397,0.263419
1.5348,18.1879,18.1879,4.06908,74.0082,74.8976,24.2803,4.06908,0.265086
1.535,18.1649,18.1649,4.07168,73.9617,74.9031,24.2805,4.07168,0.266752
1.5352,18.1959,18.1959,4.05747,73.8293,74.9087,24.2796,4.05747,0.265086
1.5354,18.2612,18.2612,4.04805,73.9221,74.9143,24.2789,4.04805,0.263419
1.5356,18.2839,18.2839,4.04289,73.9199,74.9198,24.2785,4.04289,0.261753
1.5358,18.3323,18.3323,4.03369,73.9467,74.9254,24.278,4.03369,0.260086
1.536,18.2783,18.2783,4.05299,74.0817,74.931,24.2793,4.05299,0.261753
1.5362,18.2474,18.2474,4.05605,74.0123,74.9365,24.2794,4.05605,0.263419
1.5364,18.1987,18.1987,4.06799,74.032,74.9421,24.2801,4.06799,0.265086
1.5366,18.1682,18.1682,4.07331,74.0047,74.9477,24.2807,4.07331,0.266752
1.5368,18.195,18.195,4.06663,73.9923,74.9532,24.28,4.06663,0.265086
1.537,18.2661,18.2661,4.04883,73.9562,74.9588,24.2789,4.04883,0.263419
1.5372,18.2992,18.2992,4.04435,74.0085,74.9644,24.2786,4.04435,0.261753
1.5374,18.2622,18.2622,4.05841,74.1157,74.9699,24.2796,4.05841,0.263419
1.5376,18.1992,18.1992,4.07037,74.0773,74.9755,24.2804,4.07037,0.265086
1.5378,18.1626,18.1626,4.07703,74.0495,74.9811,24.2808,4.07703,0.266752
1.538,18.2042,18.2042,4.06327,73.9687,74.9867,24.2797,4.06327,0.265086
1.5382,18.2691,18.2691,4.05169,74.0209,74.9922,24.2791,4.05169,0.263419
1.5384,18.2912,18.2912,4.04579,74.0023,74.9978,24.2785,4.04579,0.261753
1.5386,18.3333,18.3333,4.03623,73.9975,75.0034,24.2782,4.03623,0.260086
1.5388,18.2889,18.2889,4.05382,74.1401,75.0089,24.2794,4.05382,0.261753
1.539,18.2465,18.2465,4.06402,74.1539,75.0145,24.28,4.06402,0.263419
1.5392,18.1837,18.1837,4.07569,74.1114,75.0201,24.2807,4.07569,0.265086
1.5394,18.2555,18.2555,4.05064,73.9466,75.0256,24.279,4.05064,0.263419
1.5396,18.3076,18.3076,4.04973,74.1408,75.0312,24.279,4.04973,0.261753
1.5398,18.246,18.246,4.06861,74.236,75.0368,24.2803,4.06861,0.263419
1.54,18.1812,18.1812,4.07529,74.0936,75.0423,24.2808,4.07529,0.265086
1.5402,18.2515,18.2515,4.05293,73.972,75.0479,24.2792,4.05293,0.263419
1.5404,18.2973,18.2973,4.0495,74.0951,75.0535,24.2789,4.0495,0.261753
1.5406,18.254,18.254,4.06382,74.1808,75.059,24.2799,4.06382,0.263419
1.5408,18.2062,18.2062,4.07249,74.1447,75.0646,24.2806,4.07249,0.265086
1.541,18.1635,18.1635,4.08106,74.1264,75.0702,24.2812,4.08106,0.266752
1.5412,18.1922,18.1922,4.07283,74.0935,75.0757,24.2806,4.07283,0.265086
1.5414,18.2464,18.2464,4.05724,74.0301,75.0813,24.2796,4.05724,0.263419
1.5416,18.3015,18.3015,4.05005,74.1218,75.0869,24.2791,4.05005,0.261753
1.5418,18.2551,18.2551,4.06544,74.2149,75.0924,24.28,4.06544,0.263419
1.542,18.1866,18.1866,4.08084,74.2166,75.098,24.2811,4.08084,0.265086
1.5422,18.172,18.172,4.07953,74.1332,75.1036,24.281,4.07953,0.266752
1.5424,18.1211,18.1211,4.09481,74.2023,75.1091,24.2821,4.09481,0.268419
1.5426,18.1696,18.1696,4.07497,74.0405,75.1147,24.2804,4.07497,0.266752
1.5428,18.2095,18.2095,4.07115,74.1336,75.1203,24.2806,4.07115,0.265086
1.543,18.258,18.258,4.06162,74.1572,75.1258,24.2798,4.06162,0.263419
1.5432,18.2884,18.2884,4.05385,74.1382,75.1314,24.2793,4.05385,0.261753
1.5434,18.3383,18.3383,4.0437,74.1545,75.137,24.2783,4.0437,0.260086
1.5436,18.2988,18.2988,4.05854,74.2664,75.1425,24.2796,4.05854,0.261753
1.5438,18.2294,18.2294,4.07329,74.2536,75.1481,24.2807,4.07329,0.263419
1.544,18.1862,18.1862,4.08243,74.2441,75.1537,24.2812,4.08243,0.265086
1.5442,18.171,18.171,4.08259,74.1846,75.1592,24.2813,4.08259,0.266752
1.5444,18.1255,18.1255,4.09639,74.2491,75.1648,24.2822,4.09639,0.268419
1.5446,18.1578,18.1578,4.08174,74.1154,75.1704,24.2812,4.08174,0.266752
1.5448,18.1969,18.1969,4.07966,74.2372,75.1759,24.2811,4.07966,0.265086
1.545,18.2449,18.2449,4.06304,74.1297,75.1815,24.28,4.06304,0.263419
1.5452,18.3048,18.3048,4.0527,74.1839,75.1871,24.2792,4.0527,0.261753
1.5454,18.2605,18.2605,4.07132,74.3441,75.1927,24.2804,4.07132,0.263419
1.5456,18.1838,18.1838,4.08656,74.3093,75.1982,24.2814,4.08656,0.265086
1.5458,18.153,18.153,4.08979,74.2421,75.2038,24.2817,4.08979,0.266752
1.546,18.1925,18.1925,4.08058,74.2359,75.2094,24.2808,4.08058,0.265086
1.5462,18.2463,18.2463,4.06669,74.2021,75.2149,24.2801,4.06669,0.263419
1.5464,18.301,18.301,4.05348,74.1826,75.2205,24.2794,4.05348,0.261753
1.5466,18.2638,18.2638,4.07341,74.3958,75.2261,24.2803,4.07341,0.263419
1.5468,18.1941,18.1941,4.08624,74.3453,75.2316,24.2814,4.08624,0.265086
1.547,18.1559,18.1559,4.09396,74.3297,75.2372,24.2817,4.09396,0.266752
1.5472,18.1917,18.1917,4.08072,74.235,75.2428,24.2811,4.08072,0.265086
1.5474,18.2484,18.2484,4.06845,74.2427,75.2483,24.2803,4.06845,0.263419
1.5476,18.2941,18.2941,4.05781,74.2338,75.2539,24.2796,4.05781,0.261753
1.5478,18.2477,18.2477,4.07909,74.4342,75.2595,24.2807,4.07909,0.263419
1.548,18.1922,18.1922,4.08578,74.3292,75.265,24.2815,4.08578,0.265086
1.5482,18.1429,18.1429,4.09629,74.3186,75.2706,24.2822,4.09629,0.266752
1.5484,18.2089,18.2089,4.0784,74.2634,75.2762,24.2809,4.0784,0.265086
1.5486,18.2459,18.2459,4.07267,74.3096,75.2817,24.2805,4.07267,0.263419
1.5488,18.2939,18.2939,4.06089,74.2896,75.2873,24.2797,4.06089,0.261753
1.549,18.2497,18.2497,4.07956,74.4507,75.2929,24.2811,4.07956,0.263419
1.5492,18.1883,18.1883,4.09178,74.4224,75.2984,24.2819,4.09178,0.265086
1.5494,18.1641,18.1641,4.09161,74.3204,75.304,24.2819,4.09161,0.266752
1.5496,18.2128,18.2128,4.07831,74.2775,75.3096,24.2809,4.07831,0.265086
1.5498,18.2467,18.2467,4.07537,74.3619,75.3151,24.2807,4.07537,0.263419
1.55,18.2911,18.2911,4.06337,74.3237,75.3207,24.28,4.06337,0.261753
1.5502,18.2446,18.2446,4.08497,74.5286,75.3263,24.2814,4.08497,0.263419
1.5504,18.189,18.189,4.08993,74.3917,75.3318,24.2818,4.08993,0.265086
1.5506,18.169,18.169,4.09378,74.3796,75.3374,24.2817,4.09378,0.266752
1.5508,18.1355,18.1355,4.10454,74.4379,75.343,24.2827,4.10454,0.268419
1.551,18.1655,18.1655,4.08749,74.2514,75.3485,24.2816,4.08749,0.266752
1.5512,18.2085,18.2085,4.08682,74.4149,75.3541,24.2815,4.08682,0.265086
1.5514,18.2476,18.2476,4.07704,74.3961,75.3597,24.2809,4.07704,0.263419
1.5516,18.3014,18.3014,4.06113,74.3245,75.3652,24.2798,4.06113,0.261753
1.5518,18.2481,18.2481,4.08867,74.6103,75.3708,24.2816,4.08867,0.263419
1.552,18.1905,18.1905,4.09175,74.4308,75.3764,24.2818,4.09175,0.265086
1.5522,18.1759,18.1759,4.09316,74.3969,75.3819,24.2818,4.09316,0.266752
1.5524,18.1242,18.1242,4.11021,74.4943,75.3875,24.2828,4.11021,0.268419
1.5526,18.1623,18.1623,4.08997,74.2833,75.3931,24.2818,4.08997,0.266752
1.5528,18.211,18.211,4.08832,74.4522,75.3987,24.2815,4.08832,0.265086
1.553,18.2433,18.2433,4.08056,74.4429,75.4042,24.2811,4.08056,0.263419
1.5532,18.3029,18.3029,4.0641,74.3849,75.4098,24.2801,4.0641,0.261753
1.5534,18.2527,18.2527,4.08425,74.5486,75.4154,24.2813,4.08425,0.263419
1.5536,18.1942,18.1942,4.09358,74.4795,75.4209,24.2821,4.09358,0.265086
1.5538,18.1623,18.1623,4.09854,74.4387,75.4265,24.2824,4.09854,0.266752
1.554,18.2293,18.2293,4.08307,74.4316,75.4321,24.2812,4.08307,0.265086
1.5542,18.244,18.244,4.08313,74.4926,75.4376,24.2813,4.08313,0.263419
1.5544,18.2963,18.2963,4.06556,74.3848,75.4432,24.2802,4.06556,0.261753
1.5546,18.2511,18.2511,4.08727,74.5972,75.4488,24.2816,4.08727,0.263419
1.5548,18.2018,18.2018,4.09474,74.5317,75.4543,24.282,4.09474,0.265086
1.555,18.1658,18.1658,4.09864,74.4549,75.4599,24.2823,4.09864,0.266752
1.5552,18.2193,18.2193,4.08811,74.4827,75.4655,24.2817,4.08811,0.265086
1.5554,18.259,18.259,4.08092,74.5136,75.471,24.2812,4.08092,0.263419
1.5556,18.2957,18.2957,4.06915,74.4479,75.4766,24.2803,4.06915,0.261753
1.5558,18.2503,18.2503,4.08826,74.612,75.4822,24.2815,4.08826,0.263419
1.556,18.2097,18.2097,4.09425,74.5552,75.4877,24.282,4.09425,0.265086
1.5562,18.1682,18.1682,4.1007,74.5025,75.4933,24.2824,4.1007,0.266752
1.5564,18.2169,18.2169,4.08957,74.4993,75.4989,24.2816,4.08957,0.265086
1.5566,18.243,18.243,4.0863,74.5464,75.5044,24.2815,4.0863,0.263419
1.5568,18.2919,18.2919,4.06992,74.4467,75.51,24.2803,4.06992,0.261753
1.557,18.2523,18.2523,4.09024,74.6564,75.5156,24.2819,4.09024,0.263419
1.5572,18.205,18.205,4.09824,74.6085,75.5211,24.2824,4.09824,0.265086
1.5574,18.1604,18.1604,4.10515,74.5512,75.5267,24.2828,4.10515,0.266752
1.5576,18.203,18.203,4.09223,74.4907,75.5323,24.282,4.09223,0.265086
1.5578,18.2499,18.2499,4.09008,74.6435,75.5378,24.2818,4.09008,0.263419
1.558,18.3003,18.3003,4.06885,74.461,75.5434,24.2804,4.06885,0.261753
1.5582,18.249,18.249,4.09428,74.7166,75.549,24.2821,4.09428,0.263419
1.5584,18.2038,18.2038,4.10053,74.6454,75.5545,24.2826,4.10053,0.265086
1.5586,18.1682,18.1682,4.10385,74.5595,75.5601,24.2826,4.10385,0.266752
1.5588,18.2073,18.2073,4.09391,74.5392,75.5657,24.2819,4.09391,0.265086
1.559,18.2509,18.2509,4.0858,74.5694,75.5712,24.2816,4.0858,0.263419
1.5592,18.3003,18.3003,4.07176,74.5145,75.5768,24.2805,4.07176,0.261753
1.5594,18.2581,18.2581,4.09199,74.7119,75.5824,24.282,4.09199,0.263419
1.5596,18.1938,18.1938,4.10647,74.7123,75.5879,24.2829,4.10647,0.265086
1.5598,18.145,18.145,4.11194,74.611,75.5935,24.2831,4.11194,0.266752
1.56,18.2064,18.2064,4.09422,74.5408,75.5991,24.282,4.09422,0.265086
1.5602,18.2576,18.2576,4.08416,74.5668,75.6047,24.2813,4.08416,0.263419
1.5604,18.2996,18.2996,4.07662,74.6005,75.6102,24.2808,4.07662,0.261753
1.5606,18.2593,18.2593,4.09366,74.7472,75.6158,24.282,4.09366,0.263419
1.5608,18.2002,18.2002,4.1049,74.7102,75.6214,24.2829,4.1049,0.265086
1.561,18.1516,18.1516,4.11211,74.6414,75.6269,24.2833,4.11211,0.266752
1.5612,18.1983,18.1983,4.09803,74.577,75.6325,24.2824,4.09803,0.265086
1.5614,18.267,18.267,4.08384,74.5996,75.6381,24.2813,4.08384,0.263419
1.5616,18.3106,18.3106,4.07589,74.632,75.6436,24.2809,4.07589,0.261753
1.5618,18.25,18.25,4.09927,74.8117,75.6492,24.2822,4.09927,0.263419
1.562,18.2004,18.2004,4.10608,74.7323,75.6548,24.2829,4.10608,0.265086
1.5622,18.1563,18.1563,4.11293,74.6755,75.6603,24.2832,4.11293,0.266752
1.5624,18.1997,18.1997,4.09929,74.6057,75.6659,24.2825,4.09929,0.265086
1.5626,18.2604,18.2604,4.08887,74.6646,75.6715,24.2816,4.08887,0.263419
1.5628,18.299,18.299,4.07971,74.6544,75.677,24.281,4.07971,0.261753
1.563,18.2496,18.2496,4.10136,74.8481,75.6826,24.2825,4.10136,0.263419
1.5632,18.1941,18.1941,4.10984,74.7749,75.6882,24.2832,4.10984,0.265086
1.5634,18.1661,18.1661,4.11138,74.6876,75.6937,24.2833,4.11138,0.266752
1.5636,18.2043,18.2043,4.10396,74.7096,75.6993,24.2826,4.10396,0.265086
1.5638,18.2596,18.2596,4.0885,74.6546,75.7049,24.2815,4.0885,0.263419
1.564,18.2972,18.2972,4.08442,74.7333,75.7104,24.2815,4.08442,0.261753
1.5642,18.2495,18.2495,4.10227,74.8643,75.716,24.2826,4.10227,0.263419
1.5644,18.1987,18.1987,4.10736,74.7487,75.7216,24.283,4.10736,0.265086
1.5646,18.1754,18.1754,4.11347,74.7641,75.7271,24.2834,4.11347,0.266752
1.5648,18.1259,18.1259,4.12624,74.7917,75.7327,24.2841,4.12624,0.268419
1.565,18.1814,18.1814,4.10526,74.6396,75.7383,24.2827,4.10526,0.266752
1.5652,18.2228,18.2228,4.10485,74.8017,75.7438,24.2828,4.10485,0.265086
1.5654,18.2502,18.2502,4.09575,74.7481,75.7494,24.2822,4.09575,0.263419
1.5656,18.307,18.307,4.08039,74.6996,75.755,24.2811,4.08039,0.261753
1.5658,18.2566,18.2566,4.10454,74.9348,75.7605,24.2828,4.10454,0.263419
1.566,18.2015,18.2015,4.11245,74.8527,75.7661,24.2833,4.11245,0.265086
1.5662,18.1595,18.1595,4.11865,74.7926,75.7717,24.2837,4.11865,0.266752
1.5664,18.2078,18.2078,4.10423,74.7292,75.7772,24.2828,4.10423,0.265086
1.5666,18.2504,18.2504,4.09925,74.8128,75.7828,24.2824,4.09925,0.263419
1.5668,18.3028,18.3028,4.08447,74.7572,75.7884,24.2814,4.08447,0.261753
1.567,18.2554,18.2554,4.10476,74.9341,75.7939,24.2829,4.10476,0.263419
1.5672,18.2055,18.2055,4.11498,74.9152,75.7995,24.2836,4.11498,0.265086
1.5674,18.1594,18.1594,4.11992,74.8154,75.8051,24.2839,4.11992,0.266752
1.5676,18.2098,18.2098,4.10506,74.7523,75.8107,24.2828,4.10506,0.265086
1.5678,18.2648,18.2648,4.09466,74.7884,75.8162,24.282,4.09466,0.263419
1.568,18.3022,18.3022,4.08761,74.8123,75.8218,24.2815,4.08761,0.261753
1.5682,18.2526,18.2526,4.10585,74.9423,75.8274,24.2828,4.10585,0.263419
1.5684,18.211,18.211,4.11564,74.9499,75.8329,24.2835,4.11564,0.265086
1.5686,18.174,18.174,4.12259,74.9238,75.8385,24.284,4.12259,0.266752
1.5688,18.2101,18.2101,4.10629,74.776,75.8441,24.2828,4.10629,0.265086
1.569,18.2624,18.2624,4.09955,74.8678,75.8496,24.2824,4.09955,0.263419
1.5692,18.3018,18.3018,4.08779,74.8141,75.8552,24.2816,4.08779,0.261753
1.5694,18.2542,18.2542,4.10766,74.9822,75.8608,24.283,4.10766,0.263419
1.5696,18.2148,18.2148,4.11449,74.9445,75.8663,24.2834,4.11449,0.265086
1.5698,18.1649,18.1649,4.1253,74.9355,75.8719,24.2841,4.1253,0.266752
1.57,18.2125,18.2125,4.10957,74.8457,75.8775,24.283,4.10957,0.265086
1.5702,18.2588,18.2588,4.10085,74.8765,75.883,24.2825,4.10085,0.263419
1.5704,18.2993,18.2993,4.09177,74.8766,75.8886,24.2818,4.09177,0.261753
1.5706,18.2535,18.2535,4.11004,75.0228,75.8942,24.2829,4.11004,0.263419
1.5708,18.2069,18.2069,4.11813,74.9784,75.8997,24.2836,4.11813,0.265086
1.571,18.1707,18.1707,4.12645,74.9806,75.9053,24.2839,4.12645,0.266752
1.5712,18.2077,18.2077,4.11194,74.8691,75.9109,24.2833,4.11194,0.265086
1.5714,18.2568,18.2568,4.10382,74.9227,75.9164,24.2827,4.10382,0.263419
1.5716,18.3014,18.3014,4.09249,74.8981,75.922,24.282,4.09249,0.261753
1.5718,18.2559,18.2559,4.10913,75.0159,75.9276,24.2832,4.10913,0.263419
1.572,18.2074,18.2074,4.11901,74.9963,75.9331,24.2838,4.11901,0.265086
1.5722,18.1686,18.1686,4.12645,74.9719,75.9387,24.2842,4.12645,0.266752
1.5724,18.2118,18.2118,4.11189,74.8848,75.9443,24.2833,4.11189,0.265086
1.5726,18.2656,18.2656,4.10385,74.9593,75.9498,24.2827,4.10385,0.263419
1.5728,18.3017,18.3017,4.09289,74.9068,75.9554,24.2821,4.09289,0.261753
1.573,18.2594,18.2594,4.11131,75.0699,75.961,24.2833,4.11131,0.263419
1.5732,18.2035,18.2035,4.12102,75.0172,75.9665,24.2838,4.12102,0.265086
1.5734,18.1752,18.1752,4.12956,75.0555,75.9721,24.2844,4.12956,0.266752
1.5736,18.1357,18.1357,4.13615,75.012,75.9777,24.2849,4.13615,0.268419
1.5738,18.1623,18.1623,4.12512,74.9218,75.9832,24.2841,4.12512,0.266752
1.574,18.2207,18.2207,4.11433,74.966,75.9888,24.2834,4.11433,0.265086
1.5742,18.2532,18.2532,4.11144,75.0468,75.9944,24.2833,4.11144,0.263419
1.5744,18.3,18.3,4.09665,74.9685,75.9999,24.2823,4.09665,0.261753
1.5746,18.2569,18.2569,4.1141,75.1109,76.0055,24.2833,4.1141,0.263419
1.5748,18.2113,18.2113,4.12068,75.043,76.0111,24.2839,4.12068,0.265086
1.575,18.1791,18.1791,4.13016,75.0826,76.0167,24.2845,4.13016,0.266752
1.5752,18.1374,18.1374,4.13891,75.0692,76.0222,24.285,4.13891,0.268419
1.5754,18.1615,18.1615,4.12833,74.9765,76.0278,24.2843,4.12833,0.266752
1.5756,18.2266,18.2266,4.11303,74.9664,76.0334,24.2833,4.11303,0.265086
1.5758,18.259,18.259,4.11054,75.0544,76.0389,24.2831,4.11054,0.263419
1.576,18.2962,18.2962,4.09891,74.9946,76.0445,24.2825,4.09891,0.261753
1.5762,18.2594,18.2594,4.11889,75.2086,76.0501,24.2835,4.11889,0.263419
1.5764,18.2059,18.2059,4.12509,75.1011,76.0556,24.2842,4.12509,0.265086
1.5766,18.1774,18.1774,4.13041,75.0801,76.0612,24.2844,4.13041,0.266752
1.5768,18.1477,18.1477,4.14032,75.1374,76.0668,24.2851,4.14032,0.268419
1.577,18.1594,18.1594,4.13248,75.0435,76.0723,24.2847,4.13248,0.266752
1.5772,18.2211,18.2211,4.11892,75.0513,76.0779,24.2838,4.11892,0.265086
1.5774,18.2526,18.2526,4.11495,75.1087,76.0835,24.2834,4.11495,0.263419
1.5776,18.3004,18.3004,4.10145,75.0584,76.089,24.2824,4.10145,0.261753
1.5778,18.2472,18.2472,4.12405,75.2522,76.0946,24.2842,4.12405,0.263419
1.578,18.2141,18.2141,4.12555,75.1432,76.1002,24.2841,4.12555,0.265086
1.5782,18.1766,18.1766,4.13476,75.1558,76.1057,24.2847,4.13476,0.266752
1.5784,18.127,18.127,4.14673,75.1677,76.1113,24.2856,4.14673,0.268419
1.5786,18.1738,18.1738,4.12636,74.9915,76.1169,24.2842,4.12636,0.266752
1.5788,18.2292,18.2292,4.12028,75.1093,76.1224,24.2839,4.12028,0.265086
1.579,18.2659,18.2659,4.11419,75.1494,76.128,24.2835,4.11419,0.263419
1.5792,18.3046,18.3046,4.1023,75.0909,76.1336,24.2827,4.1023,0.261753
1.5794,18.2556,18.2556,4.1243,75.2914,76.1391,24.2838,4.1243,0.263419
1.5796,18.2033,18.2033,4.128,75.1431,76.1447,24.2842,4.128,0.265086
1.5798,18.179,18.179,4.1382,75.2283,76.1503,24.2851,4.1382,0.266752
1.58,18.1336,18.1336,4.14797,75.2175,76.1558,24.2849,4.14797,0.268419
1.5802,18.1837,18.1837,4.13051,75.1081,76.1614,24.2846,4.13051,0.266752
1.5804,18.2282,18.2282,4.12256,75.1469,76.167,24.284,4.12256,0.265086
1.5806,18.26,18.26,4.11788,75.1925,76.1725,24.2836,4.11788,0.263419
1.5808,18.305,18.305,4.10308,75.1069,76.1781,24.2826,4.10308,0.261753
1.581,18.2638,18.2638,4.12121,75.2691,76.1837,24.2838,4.12121,0.263419
1.5812,18.2091,18.2091,4.1328,75.2547,76.1892,24.2846,4.1328,0.265086
1.5814,18.1682,18.1682,4.13896,75.1975,76.1948,24.2852,4.13896,0.266752
1.5816,18.2252,18.2252,4.12306,75.1436,76.2004,24.2841,4.12306,0.265086
1.5818,18.2503,18.2503,4.12319,75.2494,76.2059,24.2838,4.12319,0.263419
1.582,18.3095,18.3095,4.10479,75.1567,76.2115,24.2825,4.10479,0.261753
1.5822,18.2594,18.2594,4.12599,75.3381,76.2171,24.2842,4.12599,0.263419
1.5824,18.2092,18.2092,4.13472,75.2901,76.2227,24.2848,4.13472,0.265086
1.5826,18.1722,18.1722,4.14183,75.2663,76.2282,24.2849,4.14183,0.266752
1.5828,18.1447,18.1447,4.14738,75.2527,76.2338,24.2855,4.14738,0.268419
1.583,18.1765,18.1765,4.13862,75.2255,76.2394,24.2851,4.13862,0.266752
1.5832,18.2234,18.2234,4.1267,75.2025,76.2449,24.2843,4.1267,0.265086
1.5834,18.2589,18.2589,4.12091,75.2434,76.2505,24.284,4.12091,0.263419
1.5836,18.3004,18.3004,4.10956,75.2066,76.2561,24.2832,4.10956,0.261753
1.5838,18.2579,18.2579,4.12917,75.39,76.2616,24.2842,4.12917,0.263419
1.584,18.2108,18.2108,4.13359,75.2757,76.2672,24.2844,4.13359,0.265086
1.5842,18.1645,18.1645,4.14807,75.3477,76.2728,24.2856,4.14807,0.266752
1.5844,18.2215,18.2215,4.12701,75.2003,76.2783,24.2842,4.12701,0.265086
1.5846,18.2707,18.2707,4.12163,75.305,76.2839,24.284,4.12163,0.263419
1.5848,18.2208,18.2208,4.13815,75.4006,76.2895,24.285,4.13815,0.265086
1.585,18.1627,18.1627,4.14702,75.321,76.295,24.2856,4.14702,0.266752
1.5852,18.2178,18.2178,4.13056,75.2495,76.3006,24.2845,4.13056,0.265086
1.5854,18.2631,18.2631,4.12248,75.2895,76.3062,24.2837,4.12248,0.263419
1.5856,18.2954,18.2954,4.1148,75.282,76.3117,24.2835,4.1148,0.261753
1.5858,18.2698,18.2698,4.12758,75.4099,76.3173,24.284,4.12758,0.263419
1.586,18.2126,18.2126,4.13919,75.3855,76.3229,24.2851,4.13919,0.265086
1.5862,18.1645,18.1645,4.15045,75.3909,76.3284,24.2859,4.15045,0.266752
1.5864,18.2183,18.2183,4.13122,75.2638,76.334,24.2845,4.13122,0.265086
1.5866,18.2665,18.2665,4.12495,75.3484,76.3396,24.2843,4.12495,0.263419
1.5868,18.3012,18.3012,4.11619,75.3313,76.3451,24.2836,4.11619,0.261753
1.587,18.2611,18.2611,4.13309,75.4747,76.3507,24.2846,4.13309,0.263419
1.5872,18.2195,18.2195,4.13746,75.3823,76.3563,24.285,4.13746,0.265086
1.5874,18.169,18.169,4.15059,75.412,76.3618,24.2858,4.15059,0.266752
1.5876,18.2211,18.2211,4.13191,75.288,76.3674,24.2847,4.13191,0.265086
1.5878,18.2684,18.2684,4.12554,75.3672,76.373,24.284,4.12554,0.263419
1.588,18.2249,18.2249,4.13969,75.4453,76.3785,24.2852,4.13969,0.265086
1.5882,18.1617,18.1617,4.15383,75.4407,76.3841,24.2861,4.15383,0.266752
1.5884,18.2288,18.2288,4.12893,75.2656,76.3897,24.2841,4.12893,0.265086
1.5886,18.2768,18.2768,4.12406,75.3747,76.3952,24.2841,4.12406,0.263419
1.5888,18.2294,18.2294,4.14077,75.4836,76.4008,24.2853,4.14077,0.265086
1.589,18.1603,18.1603,4.15641,75.4819,76.4064,24.2862,4.15641,0.266752
1.5892,18.2189,18.2189,4.13605,75.3544,76.4119,24.2848,4.13605,0.265086
1.5894,18.2695,18.2695,4.12672,75.3931,76.4175,24.2842,4.12672,0.263419
1.5896,18.2222,18.2222,4.14356,75.5047,76.4231,24.2855,4.14356,0.265086
1.5898,18.1567,18.1567,4.15941,75.5209,76.4287,24.2864,4.15941,0.266752
1.59,18.225,18.225,4.13217,75.3088,76.4342,24.2847,4.13217,0.265086
1.5902,18.275,18.275,4.12929,75.4629,76.4398,24.2842,4.12929,0.263419
1.5904,18.2175,18.2175,4.14829,75.5714,76.4454,24.2856,4.14829,0.265086
1.5906,18.1543,18.1543,4.15835,75.4917,76.4509,24.2864,4.15835,0.266752
1.5908,18.2288,18.2288,4.13325,75.3442,76.4565,24.2848,4.13325,0.265086
1.591,18.2766,18.2766,4.1305,75.4916,76.4621,24.2845,4.1305,0.263419
1.5912,18.2268,18.2268,4.14585,75.5654,76.4676,24.2856,4.14585,0.265086
1.5914,18.1672,18.1672,4.15408,75.4682,76.4732,24.2862,4.15408,0.266752
1.5916,18.2274,18.2274,4.13637,75.3954,76.4788,24.2847,4.13637,0.265086
1.5918,18.2579,18.2579,4.13714,75.5354,76.4843,24.2847,4.13714,0.263419
1.592,18.2996,18.2996,4.12101,75.413,76.4899,24.2839,4.12101,0.261753
1.5922,18.2613,18.2613,4.13887,75.5811,76.4955,24.2852,4.13887,0.263419
1.5924,18.2136,18.2136,4.15067,75.5987,76.501,24.2857,4.15067,0.265086
1.5926,18.1701,18.1701,4.15394,75.4774,76.5066,24.2862,4.15394,0.266752
1.5928,18.1329,18.1329,4.16761,75.5708,76.5122,24.287,4.16761,0.268419
1.593,18.1799,18.1799,4.15025,75.4511,76.5177,24.2858,4.15025,0.266752
1.5932,18.2363,18.2363,4.13921,75.4839,76.5233,24.2852,4.13921,0.265086
1.5934,18.2749,18.2749,4.13151,75.5032,76.5289,24.2846,4.13151,0.263419
1.5936,18.2277,18.2277,4.1498,75.6412,76.5344,24.2858,4.1498,0.265086
1.5938,18.1669,18.1669,4.15828,75.5432,76.54,24.2865,4.15828,0.266752
1.594,18.1374,18.1374,4.17009,75.6345,76.5456,24.2872,4.17009,0.268419
1.5942,18.1621,18.1621,4.15336,75.4336,76.5511,24.286,4.15336,0.266752
1.5944,18.2404,18.2404,4.1392,75.5009,76.5567,24.2851,4.1392,0.265086
1.5946,18.2748,18.2748,4.13514,75.5688,76.5623,24.2848,4.13514,0.263419
1.5948,18.2228,18.2228,4.15396,75.6968,76.5678,24.2861,4.15396,0.265086
1.595,18.1585,18.1585,4.16429,75.617,76.5734,24.2868,4.16429,0.266752
1.5952,18.2207,18.2207,4.14077,75.4476,76.579,24.2849,4.14077,0.265086
1.5954,18.2747,18.2747,4.13534,75.5722,76.5845,24.2848,4.13534,0.263419
1.5956,18.2232,18.2232,4.15442,75.7067,76.5901,24.2862,4.15442,0.265086
1.5958,18.1606,18.1606,4.1639,75.6189,76.5957,24.2868,4.1639,0.266752
1.596,18.2226,18.2226,4.1444,75.5215,76.6012,24.2854,4.1444,0.265086
1.5962,18.2708,18.2708,4.13758,75.5968,76.6068,24.2851,4.13758,0.263419
1.5964,18.2244,18.2244,4.15683,75.7557,76.6124,24.2864,4.15683,0.265086
1.5966,18.1679,18.1679,4.16466,75.6633,76.6179,24.2868,4.16466,0.266752
1.5968,18.132,18.132,4.17378,75.679,76.6235,24.2872,4.17378,0.268419
1.597,18.1884,18.1884,4.15557,75.5832,76.6291,24.2862,4.15557,0.266752
1.5972,18.2318,18.2318,4.14671,75.6021,76.6347,24.2857,4.14671,0.265086
1.5974,18.2687,18.2687,4.13945,75.6222,76.6402,24.2852,4.13945,0.263419
1.5976,18.221,18.221,4.15904,75.7819,76.6458,24.2865,4.15904,0.265086
1.5978,18.1602,18.1602,4.17026,75.7328,76.6514,24.2873,4.17026,0.266752
1.598,18.2256,18.2256,4.14307,75.5102,76.6569,24.2851,4.14307,0.265086
1.5982,18.2718,18.2718,4.14134,75.6696,76.6625,24.2854,4.14134,0.263419
1.5984,18.2242,18.2242,4.15817,75.7792,76.6681,24.2856,4.15817,0.265086
1.5986,18.1653,18.1653,4.16623,75.6807,76.6736,24.287,4.16623,0.266752
1.5988,18.1313,18.1313,4.17654,75.7262,76.6792,24.2876,4.17654,0.268419
1.599,18.1644,18.1644,4.16264,75.612,76.6848,24.2866,4.16264,0.266752
1.5992,18.2186,18.2186,4.15265,75.6555,76.6903,24.286,4.15265,0.265086
1.5994,18.2729,18.2729,4.13987,75.6474,76.6959,24.2851,4.13987,0.263419
1.5996,18.2267,18.2267,4.15767,75.7805,76.7015,24.2863,4.15767,0.265086
1.5998,18.1733,18.1733,4.16589,75.7078,76.707,24.287,4.16589,0.266752
1.6,18.1368,18.1368,4.17589,75.7374,76.7126,24.2875,4.17589,0.268419
1.6002,18.1808,18.1808,4.15978,75.628,76.7182,24.2865,4.15978,0.266752
1.6004,18.224,18.224,4.15371,75.6972,76.7237,24.286,4.15371,0.265086
1.6006,18.2679,18.2679,4.1436,75.6947,76.7293,24.2854,4.1436,0.263419
1.6008,18.2137,18.2137,4.16344,75.8315,76.7349,24.2865,4.16344,0.265086
1.601,18.1605,18.1605,4.17028,75.7345,76.7404,24.2873,4.17028,0.266752
1.6012,18.2229,18.2229,4.15277,75.6754,76.746,24.2861,4.15277,0.265086
1.6014,18.2742,18.2742,4.14265,75.7036,76.7516,24.2853,4.14265,0.263419
1.6016,18.2171,18.2171,4.16455,75.8658,76.7571,24.2868,4.16455,0.265086
1.6018,18.1571,18.1571,4.17353,75.7794,76.7627,24.2874,4.17353,0.266752
1.602,18.226,18.226,4.15221,75.6781,76.7683,24.286,4.15221,0.265086
1.6022,18.2765,18.2765,4.14411,75.7397,76.7738,24.2854,4.14411,0.263419
1.6024,18.2241,18.2241,4.16384,75.8822,76.7794,24.2869,4.16384,0.265086
1.6026,18.1526,18.1526,4.17613,75.8077,76.785,24.2877,4.17613,0.266752
1.6028,18.224,18.224,4.15327,75.6893,76.7905,24.2862,4.15327,0.265086
1.603,18.2757,18.2757,4.14678,75.7853,76.7961,24.2857,4.14678,0.263419
1.6032,18.22,18.22,4.16588,75.9024,76.8017,24.287,4.16588,0.265086
1.6034,18.1761,18.1761,4.17042,75.8022,76.8072,24.2873,4.17042,0.266752
1.6036,18.1662,18.1662,4.17235,75.7956,76.8128,24.2873,4.17235,0.268419
1.6038,18.0977,18.0977,4.19288,75.8816,76.8184,24.2891,4.19288,0.270086
1.604,18.1392,18.1392,4.17367,75.7073,76.8239,24.2874,4.17367,0.268419
1.6042,18.1715,18.1715,4.17249,75.8205,76.8295,24.2874,4.17249,0.266752
1.6044,18.2301,18.2301,4.15839,75.8077,76.8351,24.2865,4.15839,0.265086
1.6046,18.2675,18.2675,4.15017,75.8134,76.8407,24.2856,4.15017,0.263419
1.6048,18.2171,18.2171,4.1672,75.9145,76.8462,24.287,4.1672,0.265086
1.605,18.1681,18.1681,4.17761,75.8994,76.8518,24.287,4.17761,0.266752
1.6052,18.1366,18.1366,4.18328,75.8705,76.8574,24.2881,4.18328,0.268419
1.6054,18.1906,18.1906,4.16552,75.7735,76.8629,24.287,4.16552,0.266752
1.6056,18.2317,18.2317,4.15877,75.8215,76.8685,24.2864,4.15877,0.265086
1.6058,18.2696,18.2696,4.15147,75.8457,76.8741,24.286,4.15147,0.263419
1.606,18.2088,18.2088,4.1716,75.9599,76.8796,24.2871,4.1716,0.265086
1.6062,18.1778,18.1778,4.17525,75.8969,76.8852,24.2874,4.17525,0.266752
1.6064,18.1496,18.1496,4.18121,75.8874,76.8908,24.2879,4.18121,0.268419
1.6066,18.1836,18.1836,4.17019,75.8293,76.8963,24.2867,4.17019,0.266752
1.6068,18.2249,18.2249,4.16373,75.8837,76.9019,24.2865,4.16373,0.265086
1.607,18.2668,18.2668,4.15401,75.8806,76.9075,24.2859,4.15401,0.263419
1.6072,18.2177,18.2177,4.17062,75.9791,76.913,24.2871,4.17062,0.265086
1.6074,18.1779,18.1779,4.17792,75.9459,76.9186,24.2881,4.17792,0.266752
1.6076,18.1459,18.1459,4.18408,75.9237,76.9242,24.2881,4.18408,0.268419
1.6078,18.1766,18.1766,4.17377,75.8649,76.9297,24.2874,4.17377,0.266752
1.608,18.2315,18.2315,4.16382,75.9125,76.9353,24.2869,4.16382,0.265086
1.6082,18.2714,18.2714,4.1526,75.8736,76.9409,24.2861,4.1526,0.263419
1.6084,18.2222,18.2222,4.17276,76.037,76.9464,24.2872,4.17276,0.265086
1.6086,18.1684,18.1684,4.18387,76.0143,76.952,24.2881,4.18387,0.266752
1.6088,18.1332,18.1332,4.19016,75.9811,76.9576,24.2886,4.19016,0.268419
1.609,18.1846,18.1846,4.17053,75.8396,76.9631,24.2873,4.17053,0.266752
1.6092,18.2341,18.2341,4.16601,75.9635,76.9687,24.287,4.16601,0.265086
1.6094,18.2663,18.2663,4.15701,75.9333,76.9743,24.2863,4.15701,0.263419
1.6096,18.2222,18.2222,4.1746,76.0704,76.9798,24.2876,4.1746,0.265086
1.6098,18.1859,18.1859,4.17892,75.9975,76.9854,24.2879,4.17892,0.266752
1.61,18.1491,18.1491,4.18872,76.0213,76.991,24.2884,4.18872,0.268419
1.6102,18.182,18.182,4.1738,75.8878,76.9965,24.2875,4.1738,0.266752
1.6104,18.2269,18.2269,4.16942,75.9958,77.0021,24.2873,4.16942,0.265086
1.6106,18.271,18.271,4.15751,75.9618,77.0077,24.2862,4.15751,0.263419
1.6108,18.2248,18.2248,4.1759,76.1049,77.0132,24.2876,4.1759,0.265086
1.611,18.1732,18.1732,4.18363,76.0298,77.0188,24.2882,4.18363,0.266752
1.6112,18.1411,18.1411,4.1924,76.0549,77.0244,24.2887,4.1924,0.268419
1.6114,18.1784,18.1784,4.17711,75.9331,77.0299,24.2876,4.17711,0.266752
1.6116,18.2251,18.2251,4.17334,76.0598,77.0355,24.2874,4.17334,0.265086
1.6118,18.2667,18.2667,4.15821,75.9569,77.0411,24.2864,4.15821,0.263419
1.612,18.228,18.228,4.1767,76.1329,77.0467,24.2877,4.1767,0.265086
1.6122,18.1684,18.1684,4.18687,76.0687,77.0522,24.2884,4.18687,0.266752
1.6124,18.1387,18.1387,4.19374,76.0691,77.0578,24.2888,4.19374,0.268419
1.6126,18.1904,18.1904,4.17499,75.9449,77.0634,24.2876,4.17499,0.266752
1.6128,18.2366,18.2366,4.1701,76.0484,77.0689,24.2871,4.1701,0.265086
1.613,18.2658,18.2658,4.1637,76.0533,77.0745,24.2869,4.1637,0.263419
1.6132,18.2134,18.2134,4.18133,76.1562,77.0801,24.2878,4.18133,0.265086
1.6134,18.1704,18.1704,4.18893,76.1145,77.0856,24.2886,4.18893,0.266752
1.6136,18.1393,18.1393,4.19535,76.1006,77.0912,24.289,4.19535,0.268419
1.6138,18.179,18.179,4.1806,75.999,77.0968,24.288,4.1806,0.266752
1.614,18.2275,18.2275,4.17371,76.0764,77.1023,24.2875,4.17371,0.265086
1.6142,18.272,18.272,4.16304,76.067,77.1079,24.2867,4.16304,0.263419
1.6144,18.2206,18.2206,4.18063,76.1735,77.1135,24.2879,4.18063,0.265086
1.6146,18.1792,18.1792,4.18758,76.127,77.119,24.2883,4.18758,0.266752
1.6148,18.1437,18.1437,4.19712,76.1513,77.1246,24.2891,4.19712,0.268419
1.615,18.1824,18.1824,4.18256,76.0491,77.1302,24.2882,4.18256,0.266752
1.6152,18.2295,18.2295,4.17479,76.1042,77.1357,24.2876,4.17479,0.265086
1.6154,18.2657,18.2657,4.1657,76.0894,77.1413,24.287,4.1657,0.263419
1.6156,18.223,18.223,4.18149,76.1991,77.1469,24.2878,4.18149,0.265086
1.6158,18.1816,18.1816,4.18848,76.1532,77.1524,24.2884,4.18848,0.266752
1.616,18.1485,18.1485,4.19933,76.2116,77.158,24.2893,4.19933,0.268419
1.6162,18.1758,18.1758,4.1855,76.075,77.1636,24.2882,4.1855,0.266752
1.6164,18.2333,18.2333,4.17469,76.1182,77.1691,24.2873,4.17469,0.265086
1.6166,18.269,18.269,4.16709,76.1288,77.1747,24.287,4.16709,0.263419
1.6168,18.2258,18.2258,4.18419,76.2602,77.1803,24.2881,4.18419,0.265086
1.617,18.1827,18.1827,4.19013,76.1877,77.1858,24.2885,4.19013,0.266752
1.6172,18.1417,18.1417,4.2021,76.2333,77.1914,24.2892,4.2021,0.268419
1.6174,18.1876,18.1876,4.1824,76.0679,77.197,24.2881,4.1824,0.266752
1.6176,18.2409,18.2409,4.17551,76.165,77.2025,24.2875,4.17551,0.265086
1.6178,18.2728,18.2728,4.16815,76.1637,77.2081,24.2871,4.16815,0.263419
1.618,18.2175,18.2175,4.19136,76.3562,77.2137,24.2884,4.19136,0.265086
1.6182,18.1768,18.1768,4.19156,76.189,77.2192,24.2885,4.19156,0.266752
1.6184,18.1523,18.1523,4.20016,76.2424,77.2248,24.2893,4.20016,0.268419
1.6186,18.1038,18.1038,4.21284,76.2683,77.2304,24.2901,4.21284,0.270086
1.6188,18.1406,18.1406,4.19442,76.0894,77.2359,24.289,4.19442,0.268419
1.619,18.1939,18.1939,4.18797,76.1954,77.2415,24.2884,4.18797,0.266752
1.6192,18.2349,18.2349,4.1781,76.1874,77.2471,24.2878,4.1781,0.265086
1.6194,18.2795,18.2795,4.16886,76.2046,77.2527,24.2872,4.16886,0.263419
1.6196,18.2317,18.2317,4.18594,76.3167,77.2582,24.2884,4.18594,0.265086
1.6198,18.1845,18.1845,4.19451,76.2753,77.2638,24.2888,4.19451,0.266752
1.62,18.1384,18.1384,4.2078,76.3227,77.2694,24.2898,4.2078,0.268419
1.6202,18.181,18.181,4.18732,76.1296,77.2749,24.2883,4.18732,0.266752
1.6204,18.2372,18.2372,4.18164,76.2613,77.2805,24.288,4.18164,0.265086
1.6206,18.2697,18.2697,4.17324,76.2439,77.2861,24.2873,4.17324,0.263419
1.6208,18.2221,18.2221,4.19169,76.3815,77.2916,24.2886,4.19169,0.265086
1.621,18.1812,18.1812,4.196,76.2884,77.2972,24.2891,4.196,0.266752
1.6212,18.1395,18.1395,4.209,76.3494,77.3028,24.2898,4.209,0.268419
1.6214,18.1806,18.1806,4.18994,76.1755,77.3083,24.2885,4.18994,0.266752
1.6216,18.2391,18.2391,4.17898,76.2207,77.3139,24.2879,4.17898,0.265086
1.6218,18.2789,18.2789,4.17292,76.2763,77.3195,24.2875,4.17292,0.263419
1.622,18.235,18.235,4.18876,76.3821,77.325,24.2884,4.18876,0.265086
1.6222,18.179,18.179,4.19964,76.3451,77.3306,24.2891,4.19964,0.266752
1.6224,18.1441,18.1441,4.20855,76.3603,77.3362,24.2896,4.20855,0.268419
1.6226,18.1796,18.1796,4.19365,76.2389,77.3417,24.2888,4.19365,0.266752
1.6228,18.2279,18.2279,4.18466,76.2774,77.3473,24.2882,4.18466,0.265086
1.623,18.2774,18.2774,4.17624,76.331,77.3529,24.2877,4.17624,0.263419
1.6232,18.2259,18.2259,4.19506,76.4589,77.3584,24.289,4.19506,0.265086
1.6234,18.1797,18.1797,4.20082,76.3695,77.364,24.2893,4.20082,0.266752
1.6236,18.1472,18.1472,4.20934,76.3877,77.3696,24.2899,4.20934,0.268419
1.6238,18.1918,18.1918,4.19284,76.2753,77.3751,24.2888,4.19284,0.266752
1.624,18.2204,18.2204,4.19057,76.354,77.3807,24.2887,4.19057,0.265086
1.6242,18.2803,18.2803,4.17286,76.2812,77.3863,24.2875,4.17286,0.263419
1.6244,18.2241,18.2241,4.19921,76.527,77.3918,24.2891,4.19921,0.265086
1.6246,18.1845,18.1845,4.19905,76.3578,77.3974,24.2893,4.19905,0.266752
1.6248,18.1496,18.1496,4.21233,76.4522,77.403,24.29,4.21233,0.268419
1.625,18.1813,18.1813,4.19672,76.3019,77.4085,24.289,4.19672,0.266752
1.6252,18.2384,18.2384,4.18639,76.353,77.4141,24.288,4.18639,0.265086
1.6254,18.2783,18.2783,4.17472,76.3066,77.4197,24.2875,4.17472,0.263419
1.6256,18.2477,18.2477,4.19328,76.5176,77.4252,24.2889,4.19328,0.265086
1.6258,18.1775,18.1775,4.20855,76.5008,77.4308,24.2899,4.20855,0.266752
1.626,18.1372,18.1372,4.21511,76.4502,77.4364,24.2902,4.21511,0.268419
1.6262,18.1946,18.1946,4.19459,76.3187,77.4419,24.289,4.19459,0.266752
1.6264,18.2366,18.2366,4.1903,76.4167,77.4475,24.2887,4.1903,0.265086
1.6266,18.2804,18.2804,4.17801,76.3758,77.4531,24.2877,4.17801,0.263419
1.6268,18.2143,18.2143,4.20264,76.5481,77.4587,24.2894,4.20264,0.265086
1.627,18.1729,18.1729,4.20853,76.4811,77.4642,24.2898,4.20853,0.266752
1.6272,18.1436,18.1436,4.21382,76.4538,77.4698,24.2899,4.21382,0.268419
1.6274,18.1995,18.1995,4.19672,76.378,77.4754,24.2891,4.19672,0.266752
1.6276,18.2345,18.2345,4.19456,76.4857,77.4809,24.2886,4.19456,0.265086
1.6278,18.2682,18.2682,4.18075,76.3747,77.4865,24.2878,4.18075,0.263419
1.628,18.2352,18.2352,4.19992,76.5861,77.4921,24.2892,4.19992,0.265086
1.6282,18.1794,18.1794,4.20842,76.5067,77.4976,24.2899,4.20842,0.266752
1.6284,18.1467,18.1467,4.21211,76.4357,77.5032,24.2901,4.21211,0.268419
1.6286,18.1943,18.1943,4.20079,76.4302,77.5088,24.2893,4.20079,0.266752
1.6288,18.2193,18.2193,4.1996,76.5137,77.5143,24.2891,4.1996,0.265086
1.629,18.2638,18.2638,4.18621,76.4562,77.5199,24.288,4.18621,0.263419
1.6292,18.2278,18.2278,4.20105,76.5757,77.5255,24.2893,4.20105,0.265086
1.6294,18.182,18.182,4.20893,76.5268,77.531,24.29,4.20893,0.266752
1.6296,18.1406,18.1406,4.22328,76.613,77.5366,24.2909,4.22328,0.268419
1.6298,18.1874,18.1874,4.20076,76.4008,77.5422,24.2894,4.20076,0.266752
1.63,18.2266,18.2266,4.20058,76.5624,77.5477,24.2893,4.20058,0.265086
1.6302,18.265,18.265,4.18701,76.476,77.5533,24.2884,4.18701,0.263419
1.6304,18.2235,18.2235,4.20525,76.6343,77.5589,24.2893,4.20525,0.265086
1.6306,18.1892,18.1892,4.20839,76.5473,77.5644,24.2899,4.20839,0.266752
1.6308,18.1523,18.1523,4.21937,76.5913,77.57,24.2906,4.21937,0.268419
1.631,18.1072,18.1072,4.22908,76.5767,77.5756,24.2913,4.22908,0.270086
1.6312,18.1503,18.1503,4.21219,76.4526,77.5811,24.2902,4.21219,0.268419
1.6314,18.1898,18.1898,4.20939,76.568,77.5867,24.2898,4.20939,0.266752
1.6316,18.2293,18.2293,4.20164,76.593,77.5923,24.2894,4.20164,0.265086
1.6318,18.2718,18.2718,4.1872,76.5077,77.5978,24.2884,4.1872,0.263419
1.632,18.2208,18.2208,4.2083,76.6785,77.6034,24.2899,4.2083,0.265086
1.6322,18.1851,18.1851,4.2113,76.583,77.609,24.29,4.2113,0.266752
1.6324,18.1528,18.1528,4.21998,76.6047,77.6145,24.2906,4.21998,0.268419
1.6326,18.1129,18.1129,4.23105,76.6366,77.6201,24.2912,4.23105,0.270086
1.6328,18.1468,18.1468,4.21619,76.5102,77.6257,24.2902,4.21619,0.268419
1.633,18.1956,18.1956,4.21032,76.6094,77.6312,24.2899,4.21032,0.266752
1.6332,18.2231,18.2231,4.20223,76.5778,77.6368,24.2895,4.20223,0.265086
1.6334,18.2659,18.2659,4.19405,76.6082,77.6424,24.289,4.19405,0.263419
1.6336,18.2157,18.2157,4.20993,76.6868,77.6479,24.2899,4.20993,0.265086
1.6338,18.1802,18.1802,4.21612,76.6499,77.6535,24.2904,4.21612,0.266752
1.634,18.1512,18.1512,4.22422,76.6746,77.6591,24.2908,4.22422,0.268419
1.6342,18.1083,18.1083,4.23338,76.6591,77.6647,24.2915,4.23338,0.270086
1.6344,18.1473,18.1473,4.21852,76.5546,77.6702,24.2906,4.21852,0.268419
1.6346,18.2011,18.2011,4.20925,76.6131,77.6758,24.29,4.20925,0.266752
1.6348,18.2332,18.2332,4.20443,76.66,77.6814,24.2895,4.20443,0.265086
1.635,18.2692,18.2692,4.19444,76.6289,77.6869,24.2889,4.19444,0.263419
1.6352,18.2277,18.2277,4.20945,76.7286,77.6925,24.2897,4.20945,0.265086
1.6354,18.1749,18.1749,4.22324,76.7572,77.6981,24.2909,4.22324,0.266752
1.6356,18.1445,18.1445,4.2269,76.6948,77.7036,24.291,4.2269,0.268419
1.6358,18.1861,18.1861,4.2141,76.6381,77.7092,24.2902,4.2141,0.266752
1.636,18.2346,18.2346,4.20224,76.6259,77.7148,24.2894,4.20224,0.265086
1.6362,18.273,18.273,4.19677,76.6874,77.7203,24.2888,4.19677,0.263419
1.6364,18.2293,18.2293,4.21028,76.7504,77.7259,24.2899,4.21028,0.265086
1.6366,18.1788,18.1788,4.22327,76.7741,77.7315,24.2905,4.22327,0.266752
1.6368,18.1407,18.1407,4.22894,76.7161,77.737,24.2913,4.22894,0.268419
1.637,18.2004,18.2004,4.21035,76.6298,77.7426,24.2899,4.21035,0.266752
1.6372,18.2311,18.2311,4.20849,76.7253,77.7482,24.2898,4.20849,0.265086
1.6374,18.2727,18.2727,4.19674,76.686,77.7537,24.289,4.19674,0.263419
1.6376,18.2321,18.2321,4.213,76.8121,77.7593,24.2903,4.213,0.265086
1.6378,18.1759,18.1759,4.22606,76.8124,77.7649,24.2907,4.22606,0.266752
1.638,18.1447,18.1447,4.2289,76.732,77.7704,24.2913,4.2289,0.268419
1.6382,18.1949,18.1949,4.21566,76.7035,77.776,24.2904,4.21566,0.266752
1.6384,18.23,18.23,4.20942,76.7377,77.7816,24.2898,4.20942,0.265086
1.6386,18.2752,18.2752,4.19695,76.7001,77.7871,24.2891,4.19695,0.263419
1.6388,18.2297,18.2297,4.21731,76.8804,77.7927,24.2905,4.21731,0.265086
1.639,18.1715,18.1715,4.22636,76.7993,77.7983,24.2909,4.22636,0.266752
1.6392,18.148,18.148,4.23069,76.7785,77.8038,24.2914,4.23069,0.268419
1.6394,18.1098,18.1098,4.24148,76.8125,77.8094,24.2919,4.24148,0.270086
1.6396,18.1468,18.1468,4.22823,76.729,77.815,24.2911,4.22823,0.268419
1.6398,18.1978,18.1978,4.21757,76.7505,77.8205,24.2906,4.21757,0.266752
1.64,18.2331,18.2331,4.21231,76.8033,77.8261,24.2902,4.21231,0.265086
1.6402,18.276,18.276,4.19861,76.7339,77.8317,24.2891,4.19861,0.263419
1.6404,18.2328,18.2328,4.21805,76.9069,77.8372,24.2904,4.21805,0.265086
1.6406,18.1765,18.1765,4.22738,76.8389,77.8428,24.2912,4.22738,0.266752
1.6408,18.1464,18.1464,4.23533,76.856,77.8484,24.2917,4.23533,0.268419
1.641,18.1028,18.1028,4.24573,76.8595,77.8539,24.2924,4.24573,0.270086
1.6412,18.1523,18.1523,4.22954,76.7757,77.8595,24.2913,4.22954,0.268419
1.6414,18.1927,18.1927,4.22272,76.8225,77.8651,24.2905,4.22272,0.266752
1.6416,18.2251,18.2251,4.21246,76.7727,77.8707,24.2901,4.21246,0.265086
1.6418,18.2806,18.2806,4.19988,76.7765,77.8762,24.2893,4.19988,0.263419
1.642,18.2385,18.2385,4.21924,76.9527,77.8818,24.2903,4.21924,0.265086
1.6422,18.183,18.183,4.23094,76.931,77.8874,24.2911,4.23094,0.266752
1.6424,18.1554,18.1554,4.23399,76.8699,77.8929,24.2914,4.23399,0.268419
1.6426,18.1049,18.1049,4.24815,76.9121,77.8985,24.2925,4.24815,0.270086
1.6428,18.1485,18.1485,4.23034,76.7742,77.9041,24.2908,4.23034,0.268419
1.643,18.2011,18.2011,4.22256,76.8555,77.9096,24.2908,4.22256,0.266752
1.6432,18.2349,18.2349,4.21339,76.8308,77.9152,24.2903,4.21339,0.265086
1.6434,18.2814,18.2814,4.2032,76.8402,77.9208,24.2895,4.2032,0.263419
1.6436,18.2321,18.2321,4.22206,76.9772,77.9263,24.2907,4.22206,0.265086
1.6438,18.1846,18.1846,4.23173,76.9522,77.9319,24.2917,4.23173,0.266752
1.644,18.1471,18.1471,4.23944,76.9333,77.9375,24.2919,4.23944,0.268419
1.6442,18.1025,18.1025,4.25038,76.9427,77.943,24.2927,4.25038,0.270086
1.6444,18.1515,18.1515,4.23191,76.8153,77.9486,24.2915,4.23191,0.268419
1.6446,18.2096,18.2096,4.22288,76.8972,77.9542,24.2909,4.22288,0.266752
1.6448,18.2261,18.2261,4.21934,76.9019,77.9597,24.2907,4.21934,0.265086
1.645,18.2794,18.2794,4.20397,76.8459,77.9653,24.2895,4.20397,0.263419
1.6452,18.2342,18.2342,4.22604,77.0585,77.9709,24.2905,4.22604,0.265086
1.6454,18.1884,18.1884,4.23255,76.9834,77.9764,24.2916,4.23255,0.266752
1.6456,18.1354,18.1354,4.24345,76.9567,77.982,24.2919,4.24345,0.268419
1.6458,18.1825,18.1825,4.22846,76.8839,77.9876,24.2913,4.22846,0.266752
1.646,18.2372,18.2372,4.21736,76.9126,77.9931,24.2905,4.21736,0.265086
1.6462,18.2802,18.2802,4.20693,76.9038,77.9987,24.2897,4.20693,0.263419
1.6464,18.2333,18.2333,4.22811,77.0923,78.0043,24.2911,4.22811,0.265086
1.6466,18.1935,18.1935,4.23157,76.9869,78.0098,24.2915,4.23157,0.266752
1.6468,18.1459,18.1459,4.24265,76.9865,78.0154,24.2921,4.24265,0.268419
1.647,18.182,18.182,4.23064,76.9216,78.021,24.2913,4.23064,0.266752
1.6472,18.2389,18.2389,4.21814,76.9341,78.0265,24.2906,4.21814,0.265086
1.6474,18.2811,18.2811,4.20856,76.9371,78.0321,24.2898,4.20856,0.263419
1.6476,18.2372,18.2372,4.22643,77.0781,78.0377,24.291,4.22643,0.265086
1.6478,18.183,18.183,4.23738,77.0485,78.0432,24.2918,4.23738,0.266752
1.648,18.1544,18.1544,4.24127,76.9976,78.0488,24.2919,4.24127,0.268419
1.6482,18.1072,18.1072,4.25643,77.0719,78.0544,24.293,4.25643,0.270086
1.6484,18.1544,18.1544,4.23697,76.9197,78.0599,24.2917,4.23697,0.268419
1.6486,18.2022,18.2022,4.23016,76.9982,78.0655,24.291,4.23016,0.266752
1.6488,18.2412,18.2412,4.22119,76.9997,78.0711,24.2907,4.22119,0.265086
1.649,18.2707,18.2707,4.2153,77.0165,78.0767,24.2904,4.2153,0.263419
1.6492,18.244,18.244,4.22536,77.0873,78.0822,24.2909,4.22536,0.265086
1.6494,18.1813,18.1813,4.24287,77.1407,78.0878,24.292,4.24287,0.266752
1.6496,18.1482,18.1482,4.24714,77.078,78.0934,24.2923,4.24714,0.268419
1.6498,18.1033,18.1033,4.25838,77.0907,78.0989,24.2933,4.25838,0.270086
1.65,18.1566,18.1566,4.23892,76.9646,78.1045,24.2918,4.23892,0.268419
1.6502,18.2,18.2,4.23317,77.0436,78.1101,24.2916,4.23317,0.266752
1.6504,18.232,18.232,4.22372,77.0069,78.1156,24.2908,4.22372,0.265086
1.6506,18.2705,18.2705,4.21646,77.037,78.1212,24.2905,4.21646,0.263419
1.6508,18.2313,18.2313,4.23408,77.1928,78.1268,24.2914,4.23408,0.265086
1.651,18.1849,18.1849,4.23901,77.0861,78.1323,24.2918,4.23901,0.266752
1.6512,18.1631,18.1631,4.24569,77.1148,78.1379,24.2923,4.24569,0.268419
1.6514,18.104,18.104,4.26228,77.1642,78.1435,24.2933,4.26228,0.270086
1.6516,18.1527,18.1527,4.24276,77.0174,78.149,24.2921,4.24276,0.268419
1.6518,18.1927,18.1927,4.23742,77.0902,78.1546,24.2915,4.23742,0.266752
1.652,18.2401,18.2401,4.2234,77.0354,78.1602,24.2908,4.2234,0.265086
1.6522,18.2696,18.2696,4.22187,77.1317,78.1657,24.2909,4.22187,0.263419
1.6524,18.2422,18.2422,4.23019,77.1681,78.1713,24.2913,4.23019,0.265086
1.6526,18.1901,18.1901,4.24352,77.1903,78.1769,24.2923,4.24352,0.266752
1.6528,18.158,18.158,4.24867,77.1473,78.1824,24.2925,4.24867,0.268419
1.653,18.1069,18.1069,4.26229,77.1769,78.188,24.2934,4.26229,0.270086
1.6532,18.1548,18.1548,4.24565,77.079,78.1936,24.2922,4.24565,0.268419
1.6534,18.1973,18.1973,4.23856,77.1303,78.1991,24.2916,4.23856,0.266752
1.6536,18.2289,18.2289,4.22895,77.0891,78.2047,24.2912,4.22895,0.265086
1.6538,18.272,18.272,4.22193,77.1434,78.2103,24.2907,4.22193,0.263419
1.654,18.2437,18.2437,4.23319,77.2289,78.2158,24.2915,4.23319,0.265086
1.6542,18.1852,18.1852,4.24744,77.2406,78.2214,24.2925,4.24744,0.266752
1.6544,18.1514,18.1514,4.2537,77.2106,78.227,24.293,4.2537,0.268419
1.6546,18.0954,18.0954,4.2672,77.2167,78.2325,24.2938,4.2672,0.270086
1.6548,18.1549,18.1549,4.24723,77.108,78.2381,24.2924,4.24723,0.268419
1.655,18.1977,18.1977,4.2414,77.1835,78.2437,24.2922,4.2414,0.266752
1.6552,18.2432,18.2432,4.22854,77.1423,78.2492,24.2913,4.22854,0.265086
1.6554,18.1936,18.1936,4.24781,77.2828,78.2548,24.2925,4.24781,0.266752
1.6556,18.1533,18.1533,4.25523,77.2465,78.2604,24.293,4.25523,0.268419
1.6558,18.0966,18.0966,4.26823,77.2405,78.2659,24.2938,4.26823,0.270086
1.656,18.1605,18.1605,4.24637,77.116,78.2715,24.2923,4.24637,0.268419
1.6562,18.2029,18.2029,4.24135,77.2049,78.2771,24.2922,4.24135,0.266752
1.6564,18.2445,18.2445,4.23029,77.1798,78.2827,24.2913,4.23029,0.265086
1.6566,18.193,18.193,4.2505,77.3293,78.2882,24.2925,4.2505,0.266752
1.6568,18.1566,18.1566,4.25364,77.2317,78.2938,24.2928,4.25364,0.268419
1.657,18.1046,18.1046,4.26865,77.2821,78.2994,24.2939,4.26865,0.270086
1.6572,18.1517,18.1517,4.25303,77.1997,78.3049,24.2929,4.25303,0.268419
1.6574,18.2006,18.2006,4.24294,77.2242,78.3105,24.2923,4.24294,0.266752
1.6576,18.2351,18.2351,4.23596,77.2432,78.3161,24.2914,4.23596,0.265086
1.6578,18.2695,18.2695,4.22878,77.2579,78.3216,24.2913,4.22878,0.263419
1.658,18.236,18.236,4.24111,77.341,78.3272,24.292,4.24111,0.265086
1.6582,18.1858,18.1858,4.25149,77.3166,78.3328,24.2929,4.25149,0.266752
1.6584,18.1579,18.1579,4.25839,77.3236,78.3383,24.2933,4.25839,0.268419
1.6586,18.1145,18.1145,4.27074,77.3625,78.3439,24.2937,4.27074,0.270086
1.6588,18.1559,18.1559,4.2527,77.2119,78.3495,24.2928,4.2527,0.268419
1.659,18.2024,18.2024,4.24586,77.2848,78.355,24.2925,4.24586,0.266752
1.6592,18.2424,18.2424,4.23657,77.2853,78.3606,24.2912,4.23657,0.265086
1.6594,18.1945,18.1945,4.25348,77.39,78.3662,24.293,4.25348,0.266752
1.6596,18.1534,18.1534,4.26392,77.4049,78.3717,24.2936,4.26392,0.268419
1.6598,18.0974,18.0974,4.27388,77.3461,78.3773,24.2944,4.27388,0.270086
1.66,18.155,18.155,4.25439,77.2385,78.3829,24.293,4.25439,0.268419
1.6602,18.197,18.197,4.24981,77.3338,78.3884,24.2923,4.24981,0.266752
1.6604,18.2403,18.2403,4.23881,77.3173,78.394,24.292,4.23881,0.265086
1.6606,18.1987,18.1987,4.25549,77.4445,78.3996,24.2929,4.25549,0.266752
1.6608,18.1432,18.1432,4.26504,77.3814,78.4051,24.2936,4.26504,0.268419
1.661,18.1005,18.1005,4.27719,77.4192,78.4107,24.2946,4.27719,0.270086
1.6612,18.1542,18.1542,4.25614,77.2668,78.4163,24.2931,4.25614,0.268419
1.6614,18.198,18.198,4.24873,77.3186,78.4218,24.2925,4.24873,0.266752
1.6616,18.2443,18.2443,4.2384,77.3268,78.4274,24.2918,4.2384,0.265086
1.6618,18.2051,18.2051,4.2533,77.4316,78.433,24.293,4.2533,0.266752
1.662,18.1537,18.1537,4.26733,77.4679,78.4385,24.2938,4.26733,0.268419
1.6622,18.1045,18.1045,4.2765,77.4239,78.4441,24.2944,4.2765,0.270086
1.6624,18.1584,18.1584,4.25753,77.3101,78.4497,24.293,4.25753,0.268419
1.6626,18.2033,18.2033,4.2516,77.3931,78.4552,24.2929,4.2516,0.266752
1.6628,18.2379,18.2379,4.24156,77.3573,78.4608,24.292,4.24156,0.265086
1.663,18.2628,18.2628,4.23714,77.3818,78.4664,24.2917,4.23714,0.263419
1.6632,18.2335,18.2335,4.24914,77.4768,78.4719,24.2924,4.24914,0.265086
1.6634,18.1832,18.1832,4.2621,77.4989,78.4775,24.2932,4.2621,0.266752
1.6636,18.1506,18.1506,4.26652,77.4398,78.4831,24.2937,4.26652,0.268419
1.6638,18.0997,18.0997,4.28205,77.5036,78.4887,24.2948,4.28205,0.270086
1.664,18.1553,18.1553,4.25936,77.3301,78.4942,24.2932,4.25936,0.268419
1.6642,18.1998,18.1998,4.25342,77.4115,78.4998,24.2926,4.25342,0.266752
1.6644,18.2389,18.2389,4.2444,77.4132,78.5054,24.2924,4.2444,0.265086
1.6646,18.2618,18.2618,4.23834,77.3999,78.5109,24.2921,4.23834,0.263419
1.6648,18.2321,18.2321,4.25008,77.4877,78.5165,24.2928,4.25008,0.265086
1.665,18.19,18.19,4.25792,77.4517,78.5221,24.2931,4.25792,0.266752
1.6652,18.1552,18.1552,4.27,77.5226,78.5276,24.2941,4.27,0.268419
1.6654,18.1186,18.1186,4.27647,77.4836,78.5332,24.2945,4.27647,0.270086
1.6656,18.1655,18.1655,4.26052,77.3945,78.5388,24.2926,4.26052,0.268419
1.6658,18.2021,18.2021,4.25377,77.4274,78.5443,24.2929,4.25377,0.266752
1.666,18.2413,18.2413,4.24755,77.4807,78.5499,24.2924,4.24755,0.265086
1.6662,18.1932,18.1932,4.26275,77.5533,78.5555,24.2934,4.26275,0.266752
1.6664,18.1581,18.1581,4.27044,77.543,78.561,24.2941,4.27044,0.268419
1.6666,18.1178,18.1178,4.27833,77.5142,78.5666,24.2947,4.27833,0.270086
1.6668,18.1651,18.1651,4.2624,77.4267,78.5722,24.2936,4.2624,0.268419
1.667,18.1911,18.1911,4.26159,77.523,78.5777,24.2935,4.26159,0.266752
1.6672,18.2356,18.2356,4.24733,77.4527,78.5833,24.2923,4.24733,0.265086
1.6674,18.2841,18.2841,4.24162,77.5541,78.5889,24.2922,4.24162,0.263419
1.6676,18.2328,18.2328,4.25405,77.5633,78.5944,24.2929,4.25405,0.265086
1.6678,18.1995,18.1995,4.2626,77.5773,78.6,24.2934,4.2626,0.266752
1.668,18.1606,18.1606,4.27477,77.6327,78.6056,24.2943,4.27477,0.268419
1.6682,18.1124,18.1124,4.28477,77.6074,78.6111,24.2949,4.28477,0.270086
1.6684,18.1542,18.1542,4.26865,77.494,78.6167,24.2938,4.26865,0.268419
1.6686,18.1974,18.1974,4.26114,77.5417,78.6223,24.2934,4.26114,0.266752
1.6688,18.2416,18.2416,4.24828,77.4952,78.6278,24.2926,4.24828,0.265086
1.669,18.1889,18.1889,4.2707,77.6793,78.6334,24.294,4.2707,0.266752
1.6692,18.1549,18.1549,4.27428,77.5992,78.639,24.2943,4.27428,0.268419
1.6694,18.1174,18.1174,4.28403,77.6154,78.6445,24.2948,4.28403,0.270086
1.6696,18.155,18.155,4.27148,77.5486,78.6501,24.2941,4.27148,0.268419
1.6698,18.2085,18.2085,4.25613,77.4977,78.6557,24.293,4.25613,0.266752
1.67,18.2512,18.2512,4.25222,77.6081,78.6612,24.2929,4.25222,0.265086
1.6702,18.2023,18.2023,4.2672,77.6729,78.6668,24.2939,4.2672,0.266752
1.6704,18.1489,18.1489,4.28017,77.6803,78.6724,24.2948,4.28017,0.268419
1.6706,18.1073,18.1073,4.28776,77.6399,78.6779,24.2953,4.28776,0.270086
1.6708,18.1639,18.1639,4.26825,77.5282,78.6835,24.2938,4.26825,0.268419
1.671,18.212,18.212,4.25875,77.5603,78.6891,24.2932,4.25875,0.266752
1.6712,18.2467,18.2467,4.25375,77.6168,78.6947,24.293,4.25375,0.265086
1.6714,18.1993,18.1993,4.26938,77.7,78.7002,24.2939,4.26938,0.266752
1.6716,18.1583,18.1583,4.27886,77.6968,78.7058,24.2945,4.27886,0.268419
1.6718,18.1125,18.1125,4.28827,77.6712,78.7114,24.2951,4.28827,0.270086
1.672,18.1664,18.1664,4.269,77.5525,78.7169,24.294,4.269,0.268419
1.6722,18.2126,18.2126,4.26071,77.5987,78.7225,24.2933,4.26071,0.266752
1.6724,18.2452,18.2452,4.25442,77.6229,78.7281,24.2931,4.25442,0.265086
1.6726,18.1956,18.1956,4.2747,77.7809,78.7336,24.2944,4.2747,0.266752
1.6728,18.1545,18.1545,4.27983,77.6981,78.7392,24.2946,4.27983,0.268419
1.673,18.1123,18.1123,4.29192,77.7364,78.7448,24.2955,4.29192,0.270086
1.6732,18.1581,18.1581,4.27488,77.6236,78.7503,24.2945,4.27488,0.268419
1.6734,18.2132,18.2132,4.26247,77.6334,78.7559,24.2932,4.26247,0.266752
1.6736,18.2521,18.2521,4.25462,77.6559,78.7615,24.2929,4.25462,0.265086
1.6738,18.2381,18.2381,4.26389,77.7654,78.767,24.2933,4.26389,0.266752
1.674,18.1566,18.1566,4.28695,77.8365,78.7726,24.2953,4.28695,0.268419
1.6742,18.0952,18.0952,4.29519,77.7223,78.7782,24.2958,4.29519,0.270086
1.6744,18.162,18.162,4.27424,77.6289,78.7837,24.2944,4.27424,0.268419
1.6746,18.2044,18.2044,4.26915,77.7173,78.7893,24.294,4.26915,0.266752
1.6748,18.2372,18.2372,4.26094,77.7075,78.7949,24.2935,4.26094,0.265086
1.675,18.2858,18.2858,4.24774,77.6732,78.8004,24.2925,4.24774,0.263419
1.6752,18.253,18.253,4.26295,77.8116,78.806,24.2937,4.26295,0.265086
1.6754,18.1874,18.1874,4.27776,77.8015,78.8116,24.2945,4.27776,0.266752
1.6756,18.1595,18.1595,4.28221,77.7629,78.8171,24.2948,4.28221,0.268419
1.6758,18.1125,18.1125,4.29632,77.8172,78.8227,24.2959,4.29632,0.270086
1.676,18.1545,18.1545,4.27957,77.6933,78.8283,24.2946,4.27957,0.268419
1.6762,18.2047,18.2047,4.26937,77.7228,78.8338,24.2939,4.26937,0.266752
1.6764,18.2376,18.2376,4.26363,77.7583,78.8394,24.2936,4.26363,0.265086
1.6766,18.1908,18.1908,4.27969,77.8512,78.845,24.2946,4.27969,0.266752
1.6768,18.1607,18.1607,4.28104,77.7467,78.8505,24.2947,4.28104,0.268419
1.677,18.1117,18.1117,4.29995,77.8794,78.8561,24.2961,4.29995,0.270086
1.6772,18.151,18.151,4.27938,77.6749,78.8617,24.2945,4.27938,0.268419
1.6774,18.2129,18.2129,4.26742,77.722,78.8672,24.2938,4.26742,0.266752
1.6776,18.2427,18.2427,4.26377,77.7829,78.8728,24.2937,4.26377,0.265086
1.6778,18.1933,18.1933,4.28104,77.8862,78.8784,24.2947,4.28104,0.266752
1.678,18.1583,18.1583,4.28797,77.8621,78.8839,24.295,4.28797,0.268419
1.6782,18.1023,18.1023,4.30147,77.8667,78.8895,24.296,4.30147,0.270086
1.6784,18.1601,18.1601,4.27957,77.7173,78.8951,24.2945,4.27957,0.268419
1.6786,18.2065,18.2065,4.27361,77.8076,78.9007,24.2942,4.27361,0.266752
1.6788,18.24,18.24,4.26461,77.7865,78.9062,24.2936,4.26461,0.265086
1.679,18.2024,18.2024,4.28065,77.9183,78.9118,24.2947,4.28065,0.266752
1.6792,18.1544,18.1544,4.29131,77.9061,78.9174,24.2956,4.29131,0.268419
1.6794,18.1039,18.1039,4.30057,77.8571,78.9229,24.2961,4.30057,0.270086
1.6796,18.1528,18.1528,4.28563,77.7963,78.9285,24.2951,4.28563,0.268419
1.6798,18.1985,18.1985,4.27672,77.83,78.9341,24.2944,4.27672,0.266752
1.68,18.2462,18.2462,4.26544,77.8279,78.9396,24.2937,4.26544,0.265086
1.6802,18.1932,18.1932,4.28459,77.9504,78.9452,24.2951,4.28459,0.266752
1.6804,18.1605,18.1605,4.29174,77.9403,78.9508,24.2956,4.29174,0.268419
1.6806,18.1196,18.1196,4.29981,77.9109,78.9563,24.296,4.29981,0.270086
1.6808,18.1613,18.1613,4.28461,77.8139,78.9619,24.295,4.28461,0.268419
1.681,18.2033,18.2033,4.27773,77.869,78.9675,24.2944,4.27773,0.266752
1.6812,18.2425,18.2425,4.27001,77.8956,78.973,24.2941,4.27001,0.265086
1.6814,18.2069,18.2069,4.27954,77.9169,78.9786,24.2947,4.27954,0.266752
1.6816,18.1578,18.1578,4.29657,78.0162,78.9842,24.2959,4.29657,0.268419
1.6818,18.1073,18.1073,4.30534,77.9579,78.9897,24.2963,4.30534,0.270086
1.682,18.1635,18.1635,4.28377,77.8083,78.9953,24.2944,4.28377,0.268419
1.6822,18.1997,18.1997,4.28183,77.9283,79.0009,24.2947,4.28183,0.266752
1.6824,18.241,18.241,4.26986,77.8864,79.0064,24.2941,4.26986,0.265086
1.6826,18.2021,18.2021,4.28679,78.0286,79.012,24.2951,4.28679,0.266752
1.6828,18.1528,18.1528,4.29646,77.9929,79.0176,24.2958,4.29646,0.268419
1.683,18.1114,18.1114,4.30674,78.0012,79.0231,24.2964,4.30674,0.270086
1.6832,18.1497,18.1497,4.28987,77.86,79.0287,24.2955,4.28987,0.268419
1.6834,18.2027,18.2027,4.27951,77.8987,79.0343,24.2947,4.27951,0.266752
1.6836,18.2486,18.2486,4.27287,77.9738,79.0398,24.2943,4.27287,0.265086
1.6838,18.1944,18.1944,4.29111,78.0742,79.0454,24.2952,4.29111,0.266752
1.684,18.1606,18.1606,4.2931,77.9652,79.051,24.2956,4.2931,0.268419
1.6842,18.1129,18.1129,4.30977,78.0625,79.0565,24.2967,4.30977,0.270086
1.6844,18.1629,18.1629,4.28775,77.8778,79.0621,24.2952,4.28775,0.268419
1.6846,18.2016,18.2016,4.28568,78.0062,79.0677,24.2951,4.28568,0.266752
1.6848,18.2465,18.2465,4.27258,77.9598,79.0732,24.2941,4.27258,0.265086
1.685,18.1957,18.1957,4.29112,78.08,79.0788,24.2954,4.29112,0.266752
1.6852,18.154,18.154,4.29966,78.0561,79.0844,24.2961,4.29966,0.268419
1.6854,18.1104,18.1104,4.30764,78.0131,79.0899,24.2967,4.30764,0.270086
1.6856,18.1675,18.1675,4.29048,77.9473,79.0955,24.2954,4.29048,0.268419
1.6858,18.1998,18.1998,4.28789,78.0388,79.1011,24.2951,4.28789,0.266752
1.686,18.2428,18.2428,4.27429,77.9749,79.1067,24.2945,4.27429,0.265086
1.6862,18.1988,18.1988,4.29265,78.1212,79.1122,24.2957,4.29265,0.266752
1.6864,18.1568,18.1568,4.30232,78.1165,79.1178,24.2962,4.30232,0.268419
1.6866,18.1103,18.1103,4.30921,78.0413,79.1234,24.2966,4.30921,0.270086
1.6868,18.1646,18.1646,4.29341,77.9879,79.1289,24.2957,4.29341,0.268419
1.687,18.2006,18.2006,4.28789,78.0423,79.1345,24.2953,4.28789,0.266752
1.6872,18.2473,18.2473,4.27588,78.0234,79.1401,24.2943,4.27588,0.265086
1.6874,18.1918,18.1918,4.29827,78.1934,79.1456,24.2961,4.29827,0.266752
1.6876,18.1549,18.1549,4.30018,78.0693,79.1512,24.2962,4.30018,0.268419
1.6878,18.1129,18.1129,4.31347,78.1294,79.1568,24.2969,4.31347,0.270086
1.688,18.1588,18.1588,4.294,77.9739,79.1623,24.2956,4.294,0.268419
1.6882,18.2046,18.2046,4.29011,78.0998,79.1679,24.2951,4.29011,0.266752
1.6884,18.2474,18.2474,4.27531,78.0132,79.1735,24.2943,4.27531,0.265086
1.6886,18.1935,18.1935,4.29947,78.2226,79.179,24.296,4.29947,0.266752
1.6888,18.1599,18.1599,4.3019,78.1222,79.1846,24.296,4.3019,0.268419
1.689,18.1111,18.1111,4.31541,78.157,79.1902,24.297,4.31541,0.270086
1.6892,18.1563,18.1563,4.2981,78.0375,79.1957,24.296,4.2981,0.268419
1.6894,18.2045,18.2045,4.28967,78.0913,79.2013,24.2953,4.28967,0.266752
1.6896,18.2404,18.2404,4.27926,78.0555,79.2069,24.2947,4.27926,0.265086
1.6898,18.1951,18.1951,4.29847,78.2114,79.2124,24.2959,4.29847,0.266752
1.69,18.1616,18.1616,4.30489,78.1836,79.218,24.2962,4.30489,0.268419
1.6902,18.1154,18.1154,4.31622,78.19,79.2236,24.2969,4.31622,0.270086
1.6904,18.1584,18.1584,4.29907,78.0641,79.2291,24.2959,4.29907,0.268419
1.6906,18.2021,18.2021,4.2918,78.1198,79.2347,24.2955,4.2918,0.266752
1.6908,18.2431,18.2431,4.27948,78.0709,79.2403,24.2947,4.27948,0.265086
1.691,18.1984,18.1984,4.29983,78.2499,79.2458,24.2962,4.29983,0.266752
1.6912,18.1644,18.1644,4.3042,78.1833,79.2514,24.2963,4.3042,0.268419
1.6914,18.1166,18.1166,4.3189,78.2438,79.257,24.2972,4.3189,0.270086
1.6916,18.1623,18.1623,4.29861,78.0725,79.2625,24.296,4.29861,0.268419
1.6918,18.2031,18.2031,4.2928,78.1422,79.2681,24.2957,4.2928,0.266752
1.692,18.2341,18.2341,4.28609,78.1528,79.2737,24.2949,4.28609,0.265086
1.6922,18.1997,18.1997,4.30137,78.2838,79.2792,24.2962,4.30137,0.266752
1.6924,18.1635,18.1635,4.30679,78.2261,79.2848,24.2965,4.30679,0.268419
1.6926,18.1068,18.1068,4.32365,78.2876,79.2904,24.2976,4.32365,0.270086
1.6928,18.1697,18.1697,4.30022,78.134,79.2959,24.2962,4.30022,0.268419
1.693,18.1939,18.1939,4.29948,78.2241,79.3015,24.296,4.29948,0.266752
1.6932,18.256,18.256,4.27941,78.125,79.3071,24.2947,4.27941,0.265086
1.6934,18.2014,18.2014,4.30331,78.3262,79.3127,24.2964,4.30331,0.266752
1.6936,18.1621,18.1621,4.30934,78.2668,79.3182,24.2964,4.30934,0.268419
1.6938,18.1184,18.1184,4.31914,78.2558,79.3238,24.2972,4.31914,0.270086
1.694,18.1629,18.1629,4.30551,78.2006,79.3294,24.2961,4.30551,0.268419
1.6942,18.2019,18.2019,4.29513,78.1795,79.3349,24.2956,4.29513,0.266752
1.6944,18.2548,18.2548,4.28524,78.2261,79.3405,24.295,4.28524,0.265086
1.6946,18.2009,18.2009,4.30488,78.3527,79.3461,24.2962,4.30488,0.266752
1.6948,18.1501,18.1501,4.31462,78.3109,79.3516,24.297,4.31462,0.268419
1.695,18.1033,18.1033,4.32504,78.2973,79.3572,24.2976,4.32504,0.270086
1.6952,18.1699,18.1699,4.30346,78.1933,79.3628,24.2963,4.30346,0.268419
1.6954,18.211,18.211,4.29651,78.2437,79.3683,24.296,4.29651,0.266752
1.6956,18.2389,18.2389,4.29281,78.2964,79.3739,24.2956,4.29281,0.265086
1.6958,18.2002,18.2002,4.30416,78.3365,79.3795,24.2963,4.30416,0.266752
1.696,18.1722,18.1722,4.30919,78.3074,79.385,24.2968,4.30919,0.268419
1.6962,18.1192,18.1192,4.32566,78.3776,79.3906,24.2978,4.32566,0.270086
1.6964,18.159,18.159,4.30857,78.2393,79.3962,24.2965,4.30857,0.268419
1.6966,18.2094,18.2094,4.30136,78.3251,79.4017,24.2958,4.30136,0.266752
1.6968,18.232,18.232,4.29399,78.288,79.4073,24.2958,4.29399,0.265086
1.697,18.2767,18.2767,4.28326,78.2837,79.4129,24.2947,4.28326,0.263419
1.6972,18.2422,18.2422,4.2995,78.4325,79.4184,24.2961,4.2995,0.265086
1.6974,18.1965,18.1965,4.3053,78.3415,79.424,24.2963,4.3053,0.266752
1.6976,18.1713,18.1713,4.31253,78.3645,79.4296,24.2968,4.31253,0.268419
1.6978,18.0991,18.0991,4.33414,78.4438,79.4351,24.2983,4.33414,0.270086
1.698,18.1546,18.1546,4.30875,78.2237,79.4407,24.2968,4.30875,0.268419
1.6982,18.2085,18.2085,4.30252,78.3423,79.4463,24.2963,4.30252,0.266752
1.6984,18.2277,18.2277,4.29914,78.3635,79.4518,24.2961,4.29914,0.265086
1.6986,18.2813,18.2813,4.28192,78.2791,79.4574,24.2948,4.28192,0.263419
1.6988,18.242,18.242,4.3024,78.4845,79.463,24.2961,4.3024,0.265086
1.699,18.1913,18.1913,4.31105,78.4235,79.4685,24.2969,4.31105,0.266752
1.6992,18.1723,18.1723,4.31249,78.3678,79.4741,24.2967,4.31249,0.268419
1.6994,18.1029,18.1029,4.33526,78.4808,79.4797,24.2981,4.33526,0.270086
1.6996,18.1599,18.1599,4.3124,78.3126,79.4852,24.2968,4.3124,0.268419
1.6998,18.2056,18.2056,4.30625,78.3979,79.4908,24.2965,4.30625,0.266752
1.7,18.2436,18.2436,4.29696,78.3921,79.4964,24.2958,4.29696,0.265086
1.7002,18.2013,18.2013,4.31232,78.4897,79.5019,24.297,4.31232,0.266752
1.7004,18.1745,18.1745,4.31384,78.4017,79.5075,24.2971,4.31384,0.268419
1.7006,18.1056,18.1056,4.33405,78.4706,79.5131,24.2981,4.33405,0.270086
1.7008,18.1646,18.1646,4.31266,78.3376,79.5187,24.2969,4.31266,0.268419
1.701,18.2082,18.2082,4.30517,78.3892,79.5242,24.2965,4.30517,0.266752
1.7012,18.246,18.246,4.29878,78.4353,79.5298,24.2959,4.29878,0.265086
1.7014,18.1981,18.1981,4.31525,78.5292,79.5354,24.2972,4.31525,0.266752
1.7016,18.1675,18.1675,4.32016,78.4864,79.5409,24.2974,4.32016,0.268419
1.7018,18.1112,18.1112,4.33345,78.4841,79.5465,24.2983,4.33345,0.270086
1.702,18.1575,18.1575,4.31531,78.3552,79.5521,24.2969,4.31531,0.268419
1.7022,18.2068,18.2068,4.30717,78.4199,79.5576,24.2965,4.30717,0.266752
1.7024,18.2422,18.2422,4.30025,78.4462,79.5632,24.2961,4.30025,0.265086
1.7026,18.2018,18.2018,4.31574,78.554,79.5688,24.2969,4.31574,0.266752
1.7028,18.1637,18.1637,4.32305,78.5227,79.5743,24.2976,4.32305,0.268419
1.703,18.112,18.112,4.33454,78.5073,79.5799,24.2983,4.33454,0.270086
1.7032,18.1732,18.1732,4.31577,78.4313,79.5855,24.2972,4.31577,0.268419
1.7034,18.198,18.198,4.31306,78.4892,79.591,24.297,4.31306,0.266752
1.7036,18.2338,18.2338,4.30283,78.4569,79.5966,24.2964,4.30283,0.265086
1.7038,18.2095,18.2095,4.31576,78.5879,79.6022,24.2972,4.31576,0.266752
1.704,18.1737,18.1737,4.32336,78.5717,79.6077,24.2976,4.32336,0.268419
1.7042,18.1206,18.1206,4.33605,78.5719,79.6133,24.2983,4.33605,0.270086
1.7044,18.1684,18.1684,4.31742,78.4405,79.6189,24.2973,4.31742,0.268419
1.7046,18.1975,18.1975,4.31602,78.5408,79.6244,24.2972,4.31602,0.266752
1.7048,18.2463,18.2463,4.30127,78.4821,79.63,24.2962,4.30127,0.265086
1.705,18.2107,18.2107,4.31642,78.6051,79.6356,24.2973,4.31642,0.266752
1.7052,18.1749,18.1749,4.32279,78.5661,79.6411,24.2976,4.32279,0.268419
1.7054,18.1197,18.1197,4.33876,78.617,79.6467,24.2986,4.33876,0.270086
1.7056,18.1695,18.1695,4.31811,78.4579,79.6523,24.2972,4.31811,0.268419
1.7058,18.1996,18.1996,4.31766,78.5797,79.6578,24.297,4.31766,0.266752
1.706,18.2461,18.2461,4.30272,78.5079,79.6634,24.2964,4.30272,0.265086
1.7062,18.1977,18.1977,4.32302,78.6688,79.669,24.2976,4.32302,0.266752
1.7064,18.1544,18.1544,4.33234,78.6508,79.6745,24.2984,4.33234,0.268419
1.7066,18.1166,18.1166,4.3411,78.6462,79.6801,24.2987,4.3411,0.270086
1.7068,18.1664,18.1664,4.32135,78.5033,79.6857,24.2975,4.32135,0.268419
1.707,18.2032,18.2032,4.31515,78.5496,79.6912,24.2971,4.31515,0.266752
1.7072,18.245,18.245,4.30894,78.6167,79.6968,24.2968,4.30894,0.265086
1.7074,18.1995,18.1995,4.3207,78.6346,79.7024,24.2976,4.3207,0.266752
1.7076,18.1692,18.1692,4.33035,78.6792,79.7079,24.2982,4.33035,0.268419
1.7078,18.1247,18.1247,4.3376,78.6176,79.7135,24.2985,4.3376,0.270086
1.708,18.166,18.166,4.32493,78.5664,79.7191,24.2977,4.32493,0.268419
1.7082,18.2075,18.2075,4.31749,78.6106,79.7247,24.297,4.31749,0.266752
1.7084,18.2381,18.2381,4.31172,78.6375,79.7302,24.2967,4.31172,0.265086
1.7086,18.2031,18.2031,4.32093,78.6541,79.7358,24.2975,4.32093,0.266752
1.7088,18.1648,18.1648,4.33294,78.7068,79.7414,24.2982,4.33294,0.268419
1.709,18.1119,18.1119,4.34524,78.7004,79.7469,24.2992,4.34524,0.270086
1.7092,18.1664,18.1664,4.32517,78.5726,79.7525,24.2979,4.32517,0.268419
1.7094,18.209,18.209,4.31827,78.6317,79.7581,24.2973,4.31827,0.266752
1.7096,18.244,18.244,4.30987,78.6294,79.7636,24.2967,4.30987,0.265086
1.7098,18.2054,18.2054,4.32346,78.7103,79.7692,24.2974,4.32346,0.266752
1.71,18.1658,18.1658,4.33363,78.7238,79.7748,24.2985,4.33363,0.268419
1.7102,18.1165,18.1165,4.34438,78.7049,79.7803,24.2992,4.34438,0.270086
1.7104,18.1672,18.1672,4.3278,78.6241,79.7859,24.2981,4.3278,0.268419
1.7106,18.2041,18.2041,4.31817,78.6082,79.7915,24.2973,4.31817,0.266752
1.7108,18.2479,18.2479,4.31146,78.675,79.797,24.2969,4.31146,0.265086
1.711,18.2094,18.2094,4.3226,78.7118,79.8026,24.2977,4.3226,0.266752
1.7112,18.1679,18.1679,4.33576,78.7718,79.8082,24.2984,4.33576,0.268419
1.7114,18.1315,18.1315,4.3447,78.7758,79.8137,24.299,4.3447,0.270086
1.7116,18.0852,18.0852,4.35441,78.7504,79.8193,24.2998,4.35441,0.271752
1.7118,18.1334,18.1334,4.33775,78.658,79.8249,24.2986,4.33775,0.270086
1.712,18.1725,18.1725,4.33129,78.7102,79.8304,24.2981,4.33129,0.268419
1.7122,18.2061,18.2061,4.3222,78.6901,79.836,24.2976,4.3222,0.266752
1.7124,18.2473,18.2473,4.31351,78.7098,79.8416,24.2971,4.31351,0.265086
1.7126,18.2126,18.2126,4.32453,78.7611,79.8471,24.2978,4.32453,0.266752
1.7128,18.1697,18.1697,4.33684,78.7989,79.8527,24.2985,4.33684,0.268419
1.713,18.1333,18.1333,4.34456,78.7812,79.8583,24.2991,4.34456,0.270086
1.7132,18.0883,18.0883,4.35677,78.8067,79.8638,24.3,4.35677,0.271752
1.7134,18.131,18.131,4.33981,78.6851,79.8694,24.2987,4.33981,0.270086
1.7136,18.1623,18.1623,4.33566,78.7457,79.875,24.2986,4.33566,0.268419
1.7138,18.2003,18.2003,4.3223,78.6672,79.8805,24.2976,4.3223,0.266752
1.714,18.2442,18.2442,4.32202,78.852,79.8861,24.2977,4.32202,0.265086
1.7142,18.1957,18.1957,4.3333,78.8475,79.8917,24.2984,4.3333,0.266752
1.7144,18.1621,18.1621,4.34166,78.8535,79.8972,24.2989,4.34166,0.268419
1.7146,18.1341,18.1341,4.34748,78.8377,79.9028,24.2993,4.34748,0.270086
1.7148,18.0887,18.0887,4.35773,78.8257,79.9084,24.2999,4.35773,0.271752
1.715,18.1338,18.1338,4.34291,78.7534,79.9139,24.299,4.34291,0.270086
1.7152,18.1737,18.1737,4.33579,78.7974,79.9195,24.2985,4.33579,0.268419
1.7154,18.2034,18.2034,4.32661,78.7589,79.9251,24.2979,4.32661,0.266752
1.7156,18.2472,18.2472,4.31772,78.7865,79.9307,24.2972,4.31772,0.265086
1.7158,18.2079,18.2079,4.33358,78.9056,79.9362,24.2984,4.33358,0.266752
1.716,18.1655,18.1655,4.34331,78.8982,79.9418,24.2987,4.34331,0.268419
1.7162,18.1275,18.1275,4.3516,78.8834,79.9474,24.2993,4.3516,0.270086
1.7164,18.0903,18.0903,4.35971,78.8683,79.9529,24.3002,4.35971,0.271752
1.7166,18.1391,18.1391,4.3423,78.7652,79.9585,24.299,4.3423,0.270086
1.7168,18.176,18.176,4.33838,78.8542,79.9641,24.2988,4.33838,0.268419
1.717,18.2055,18.2055,4.32871,78.8064,79.9696,24.2981,4.32871,0.266752
1.7172,18.2392,18.2392,4.32273,78.8431,79.9752,24.2977,4.32273,0.265086
1.7174,18.2025,18.2025,4.33468,78.9018,79.9808,24.2984,4.33468,0.266752
1.7176,18.1658,18.1658,4.34485,78.9275,79.9863,24.2993,4.34485,0.268419
1.7178,18.1273,18.1273,4.35407,78.9277,79.9919,24.2996,4.35407,0.270086
1.718,18.0924,18.0924,4.36125,78.9053,79.9975,24.3003,4.36125,0.271752
1.7182,18.1232,18.1232,4.34899,78.8176,80.003,24.2995,4.34899,0.270086
1.7184,18.1774,18.1774,4.33876,78.8673,80.0086,24.2988,4.33876,0.268419
1.7186,18.2005,18.2005,4.334,78.8811,80.0142,24.2985,4.334,0.266752
1.7188,18.2426,18.2426,4.32259,78.8556,80.0197,24.2975,4.32259,0.265086
1.719,18.1988,18.1988,4.33849,78.9553,80.0253,24.2987,4.33849,0.266752
1.7192,18.1636,18.1636,4.34793,78.9742,80.0309,24.2995,4.34793,0.268419
1.7194,18.1344,18.1344,4.35457,78.9676,80.0364,24.2997,4.35457,0.270086
1.7196,18.092,18.092,4.36647,78.9983,80.042,24.3004,4.36647,0.271752
1.7198,18.1362,18.1362,4.34776,78.8518,80.0476,24.2992,4.34776,0.270086
1.72,18.1747,18.1747,4.34471,78.9636,80.0531,24.2992,4.34471,0.268419
1.7202,18.208,18.208,4.33261,78.8881,80.0587,24.2983,4.33261,0.266752
1.7204,18.2474,18.2474,4.3271,78.9584,80.0643,24.298,4.3271,0.265086
1.7206,18.2062,18.2062,4.33927,79.0017,80.0698,24.2987,4.33927,0.266752
1.7208,18.1616,18.1616,4.35001,79.0033,80.0754,24.2995,4.35001,0.268419
1.721,18.1281,18.1281,4.35578,78.9622,80.081,24.3,4.35578,0.270086
1.7212,18.0932,18.0932,4.36766,79.0252,80.0865,24.3006,4.36766,0.271752
1.7214,18.139,18.139,4.3498,78.9009,80.0921,24.2995,4.3498,0.270086
1.7216,18.1761,18.1761,4.34495,78.9741,80.0977,24.2992,4.34495,0.268419
1.7218,18.2104,18.2104,4.33486,78.9396,80.1032,24.2985,4.33486,0.266752
1.722,18.2524,18.2524,4.32733,78.9843,80.1088,24.2981,4.32733,0.265086
1.7222,18.207,18.207,4.34152,79.0459,80.1144,24.2988,4.34152,0.266752
1.7224,18.1639,18.1639,4.35248,79.0578,80.1199,24.2997,4.35248,0.268419
1.7226,18.1292,18.1292,4.35727,78.9937,80.1255,24.2999,4.35727,0.270086
1.7228,18.083,18.083,4.37537,79.1198,80.1311,24.3011,4.37537,0.271752
1.723,18.1381,18.1381,4.35118,78.922,80.1367,24.2994,4.35118,0.270086
1.7232,18.1769,18.1769,4.3459,78.9949,80.1422,24.2993,4.3459,0.268419
1.7234,18.2089,18.2089,4.33808,78.9918,80.1478,24.2988,4.33808,0.266752
1.7236,18.2503,18.2503,4.32593,78.9496,80.1534,24.2978,4.32593,0.265086
1.7238,18.2146,18.2146,4.3429,79.1044,80.1589,24.299,4.3429,0.266752
1.724,18.1618,18.1618,4.35526,79.0991,80.1645,24.2998,4.35526,0.268419
1.7242,18.1419,18.1419,4.35898,79.0801,80.1701,24.3,4.35898,0.270086
1.7244,18.0785,18.0785,4.37565,79.1052,80.1756,24.3011,4.37565,0.271752
1.7246,18.1455,18.1455,4.35257,78.9796,80.1812,24.2995,4.35257,0.270086
1.7248,18.1769,18.1769,4.35053,79.0792,80.1868,24.2994,4.35053,0.268419
1.725,18.1987,18.1987,4.34287,79.0343,80.1923,24.299,4.34287,0.266752
1.7252,18.246,18.246,4.32743,78.9583,80.1979,24.2981,4.32743,0.265086
1.7254,18.2121,18.2121,4.34779,79.1824,80.2035,24.2994,4.34779,0.266752
1.7256,18.1618,18.1618,4.35978,79.1815,80.209,24.3,4.35978,0.268419
1.7258,18.1399,18.1399,4.36064,79.1017,80.2146,24.3001,4.36064,0.270086
1.726,18.0839,18.0839,4.37278,79.0769,80.2202,24.301,4.37278,0.271752
1.7262,18.1508,18.1508,4.35476,79.0423,80.2257,24.2999,4.35476,0.270086
1.7264,18.1771,18.1771,4.3522,79.1102,80.2313,24.2997,4.3522,0.268419
1.7266,18.2037,18.2037,4.34468,79.0895,80.2369,24.2991,4.34468,0.266752
1.7268,18.2723,18.2723,4.3281,79.0844,80.2424,24.2981,4.3281,0.265086
1.727,18.1995,18.1995,4.3552,79.2625,80.248,24.2998,4.3552,0.266752
1.7272,18.1663,18.1663,4.36095,79.2224,80.2536,24.3003,4.36095,0.268419
1.7274,18.1368,18.1368,4.36539,79.174,80.2591,24.3004,4.36539,0.270086
1.7276,18.0875,18.0875,4.3784,79.1946,80.2647,24.3012,4.3784,0.271752
1.7278,18.1474,18.1474,4.3548,79.028,80.2703,24.2999,4.3548,0.270086
1.728,18.1785,18.1785,4.35563,79.1789,80.2758,24.2998,4.35563,0.268419
1.7282,18.1998,18.1998,4.3478,79.1293,80.2814,24.2994,4.3478,0.266752
1.7284,18.2668,18.2668,4.329,79.0768,80.287,24.2982,4.329,0.265086
1.7286,18.222,18.222,4.35004,79.2664,80.2925,24.2996,4.35004,0.266752
1.7288,18.1722,18.1722,4.35896,79.2119,80.2981,24.3001,4.35896,0.268419
1.729,18.1402,18.1402,4.36627,79.205,80.3037,24.3007,4.36627,0.270086
1.7292,18.08,18.08,4.38447,79.271,80.3092,24.3019,4.38447,0.271752
1.7294,18.1454,18.1454,4.35757,79.0699,80.3148,24.3001,4.35757,0.270086
1.7296,18.1799,18.1799,4.35621,79.1955,80.3204,24.2998,4.35621,0.268419
1.7298,18.1978,18.1978,4.35173,79.1919,80.3259,24.2996,4.35173,0.266752
1.73,18.2373,18.2373,4.34121,79.172,80.3315,24.299,4.34121,0.265086
1.7302,18.1991,18.1991,4.35855,79.3215,80.3371,24.3001,4.35855,0.266752
1.7304,18.1772,18.1772,4.35796,79.2152,80.3427,24.3002,4.35796,0.268419
1.7306,18.1448,18.1448,4.3725,79.338,80.3482,24.3009,4.3725,0.270086
1.7308,18.0853,18.0853,4.38129,79.2369,80.3538,24.3017,4.38129,0.271752
1.731,18.1536,18.1536,4.35915,79.1341,80.3594,24.3001,4.35915,0.270086
1.7312,18.1893,18.1893,4.35618,79.2359,80.3649,24.3,4.35618,0.268419
1.7314,18.2011,18.2011,4.35253,79.221,80.3705,24.2996,4.35253,0.266752
1.7316,18.261,18.261,4.33583,79.1767,80.3761,24.2982,4.33583,0.265086
1.7318,18.2132,18.2132,4.35762,79.3661,80.3816,24.2999,4.35762,0.266752
1.732,18.1711,18.1711,4.36407,79.2999,80.3872,24.3006,4.36407,0.268419
1.7322,18.1398,18.1398,4.37267,79.3195,80.3928,24.3007,4.37267,0.270086
1.7324,18.0855,18.0855,4.38459,79.2973,80.3983,24.3017,4.38459,0.271752
1.7326,18.1508,18.1508,4.36303,79.1926,80.4039,24.3005,4.36303,0.270086
1.7328,18.1876,18.1876,4.35775,79.2571,80.4095,24.3001,4.35775,0.268419
1.733,18.2027,18.2027,4.35458,79.2652,80.415,24.2999,4.35458,0.266752
1.7332,18.2566,18.2566,4.34039,79.2409,80.4206,24.2987,4.34039,0.265086
1.7334,18.205,18.205,4.35939,79.3628,80.4262,24.3002,4.35939,0.266752
1.7336,18.1786,18.1786,4.36378,79.3272,80.4317,24.3005,4.36378,0.268419
1.7338,18.153,18.153,4.37161,79.358,80.4373,24.3006,4.37161,0.270086
1.734,18.0864,18.0864,4.38881,79.3778,80.4429,24.3018,4.38881,0.271752
1.7342,18.1305,18.1305,4.36877,79.208,80.4484,24.3007,4.36877,0.270086
1.7344,18.1866,18.1866,4.36311,79.3502,80.454,24.3004,4.36311,0.268419
1.7346,18.2063,18.2063,4.35624,79.3109,80.4596,24.2998,4.35624,0.266752
1.7348,18.2423,18.2423,4.34956,79.3458,80.4651,24.2996,4.34956,0.265086
1.735,18.2003,18.2003,4.36118,79.3751,80.4707,24.3004,4.36118,0.266752
1.7352,18.1795,18.1795,4.3681,79.4097,80.4763,24.3005,4.3681,0.268419
1.7354,18.1468,18.1468,4.37705,79.4294,80.4818,24.301,4.37705,0.270086
1.7356,18.0834,18.0834,4.39127,79.4091,80.4874,24.3021,4.39127,0.271752
1.7358,18.1321,18.1321,4.37076,79.2508,80.493,24.301,4.37076,0.270086
1.736,18.1906,18.1906,4.36155,79.3394,80.4985,24.3002,4.36155,0.268419
1.7362,18.2095,18.2095,4.35867,79.3691,80.5041,24.3,4.35867,0.266752
1.7364,18.2492,18.2492,4.34701,79.3294,80.5097,24.2993,4.34701,0.265086
1.7366,18.2049,18.2049,4.36434,79.4525,80.5152,24.3004,4.36434,0.266752
1.7368,18.1794,18.1794,4.3684,79.4148,80.5208,24.3009,4.3684,0.268419
1.737,18.1401,18.1401,4.38066,79.4654,80.5264,24.3014,4.38066,0.270086
1.7372,18.0859,18.0859,4.39308,79.4529,80.5319,24.3023,4.39308,0.271752
1.7374,18.1347,18.1347,4.37383,79.3181,80.5375,24.3012,4.37383,0.270086
1.7376,18.1842,18.1842,4.36437,79.3627,80.5431,24.3006,4.36437,0.268419
1.7378,18.2144,18.2144,4.35759,79.3708,80.5487,24.2998,4.35759,0.266752
1.738,18.2568,18.2568,4.35003,79.4176,80.5542,24.2994,4.35003,0.265086
1.7382,18.2022,18.2022,4.36789,79.505,80.5598,24.3008,4.36789,0.266752
1.7384,18.1779,18.1779,4.37101,79.456,80.5654,24.3008,4.37101,0.268419
1.7386,18.145,18.145,4.38165,79.5051,80.5709,24.3015,4.38165,0.270086
1.7388,18.0802,18.0802,4.39737,79.5053,80.5765,24.3027,4.39737,0.271752
1.739,18.1257,18.1257,4.37755,79.3463,80.5821,24.3012,4.37755,0.270086
1.7392,18.1905,18.1905,4.36519,79.4051,80.5876,24.3006,4.36519,0.268419
1.7394,18.2105,18.2105,4.36428,79.4755,80.5932,24.3001,4.36428,0.266752
1.7396,18.2554,18.2554,4.34601,79.3382,80.5988,24.2991,4.34601,0.265086
1.7398,18.2118,18.2118,4.36926,79.5723,80.6043,24.3006,4.36926,0.266752
1.74,18.1739,18.1739,4.37627,79.5339,80.6099,24.301,4.37627,0.268419
1.7402,18.1345,18.1345,4.38581,79.5344,80.6155,24.302,4.38581,0.270086
1.7404,18.0936,18.0936,4.39508,79.5227,80.621,24.3026,4.39508,0.271752
1.7406,18.1329,18.1329,4.38004,79.4227,80.6266,24.3015,4.38004,0.270086
1.7408,18.1756,18.1756,4.37356,79.4924,80.6322,24.3012,4.37356,0.268419
1.741,18.2132,18.2132,4.36343,79.4719,80.6377,24.3005,4.36343,0.266752
1.7412,18.1857,18.1857,4.37543,79.5705,80.6433,24.3011,4.37543,0.268419
1.7414,18.1348,18.1348,4.38862,79.5866,80.6489,24.302,4.38862,0.270086
1.7416,18.0918,18.0918,4.39496,79.5129,80.6544,24.3026,4.39496,0.271752
1.7418,18.1358,18.1358,4.38171,79.466,80.66,24.3016,4.38171,0.270086
1.742,18.1792,18.1792,4.37137,79.4681,80.6656,24.3011,4.37137,0.268419
1.7422,18.2168,18.2168,4.36447,79.5067,80.6711,24.3004,4.36447,0.266752
1.7424,18.176,18.176,4.38074,79.6242,80.6767,24.3015,4.38074,0.268419
1.7426,18.1353,18.1353,4.38915,79.5987,80.6823,24.302,4.38915,0.270086
1.7428,18.1017,18.1017,4.39745,79.6012,80.6878,24.3026,4.39745,0.271752
1.743,18.1412,18.1412,4.37857,79.4324,80.6934,24.3015,4.37857,0.270086
1.7432,18.1876,18.1876,4.37325,79.5389,80.699,24.3008,4.37325,0.268419
1.7434,18.2097,18.2097,4.36923,79.5624,80.7045,24.3009,4.36923,0.266752
1.7436,18.2616,18.2616,4.3542,79.5145,80.7101,24.2999,4.3542,0.265086
1.7438,18.2096,18.2096,4.37463,79.66,80.7157,24.3012,4.37463,0.266752
1.744,18.1702,18.1702,4.37864,79.5605,80.7212,24.3007,4.37864,0.268419
1.7442,18.1426,18.1426,4.39072,79.6593,80.7268,24.3023,4.39072,0.270086
1.7444,18.0813,18.0813,4.4047,79.6424,80.7324,24.3033,4.4047,0.271752
1.7446,18.1431,18.1431,4.38068,79.4792,80.7379,24.3015,4.38068,0.270086
1.7448,18.1783,18.1783,4.3789,79.601,80.7435,24.3015,4.3789,0.268419
1.745,18.2109,18.2109,4.36955,79.5734,80.7491,24.301,4.36955,0.266752
1.7452,18.1851,18.1851,4.38263,79.6984,80.7547,24.3016,4.38263,0.268419
1.7454,18.1343,18.1343,4.39468,79.6942,80.7602,24.3024,4.39468,0.270086
1.7456,18.0896,18.0896,4.40441,79.6739,80.7658,24.303,4.40441,0.271752
1.7458,18.1463,18.1463,4.3812,79.5026,80.7714,24.3017,4.3812,0.270086
1.746,18.181,18.181,4.38007,79.6339,80.7769,24.3015,4.38007,0.268419
1.7462,18.2122,18.2122,4.37191,79.6221,80.7825,24.3011,4.37191,0.266752
1.7464,18.1724,18.1724,4.38758,79.7328,80.7881,24.3012,4.38758,0.268419
1.7466,18.1351,18.1351,4.39678,79.736,80.7936,24.3025,4.39678,0.270086
1.7468,18.0952,18.0952,4.404,79.6912,80.7992,24.3031,4.404,0.271752
1.747,18.1358,18.1358,4.39005,79.617,80.8048,24.3021,4.39005,0.270086
1.7472,18.1848,18.1848,4.37929,79.6366,80.8103,24.3007,4.37929,0.268419
1.7474,18.2131,18.2131,4.37279,79.6423,80.8159,24.301,4.37279,0.266752
1.7476,18.1721,18.1721,4.38942,79.7648,80.8215,24.302,4.38942,0.268419
1.7478,18.1327,18.1327,4.39604,79.7121,80.827,24.3023,4.39604,0.270086
1.748,18.0973,18.0973,4.40598,79.7361,80.8326,24.3031,4.40598,0.271752
1.7482,18.1441,18.1441,4.38821,79.6201,80.8382,24.3019,4.38821,0.270086
1.7484,18.1878,18.1878,4.38149,79.6894,80.8437,24.3017,4.38149,0.268419
1.7486,18.2154,18.2154,4.3756,79.7034,80.8493,24.3013,4.3756,0.266752
1.7488,18.1778,18.1778,4.38879,79.7785,80.8549,24.3021,4.38879,0.268419
1.749,18.1455,18.1455,4.39457,79.7417,80.8604,24.3026,4.39457,0.270086
1.7492,18.0984,18.0984,4.40593,79.7403,80.866,24.3034,4.40593,0.271752
1.7494,18.1455,18.1455,4.39036,79.6655,80.8716,24.3021,4.39036,0.270086
1.7496,18.1893,18.1893,4.38059,79.6798,80.8771,24.3015,4.38059,0.268419
1.7498,18.2184,18.2184,4.37649,79.7327,80.8827,24.3013,4.37649,0.266752
1.75,18.1802,18.1802,4.38954,79.8025,80.8883,24.3023,4.38954,0.268419
1.7502,18.1436,18.1436,4.39663,79.7706,80.8938,24.3027,4.39663,0.270086
1.7504,18.1032,18.1032,4.40987,79.833,80.8994,24.3034,4.40987,0.271752
1.7506,18.1435,18.1435,4.39126,79.6727,80.905,24.3024,4.39126,0.270086
1.7508,18.1874,18.1874,4.38591,79.7681,80.9105,24.3018,4.38591,0.268419
1.751,18.2162,18.2162,4.37697,79.7315,80.9161,24.3013,4.37697,0.266752
1.7512,18.1819,18.1819,4.39209,79.8566,80.9217,24.3025,4.39209,0.268419
1.7514,18.1407,18.1407,4.39851,79.7923,80.9272,24.3026,4.39851,0.270086
1.7516,18.1185,18.1185,4.40609,79.8319,80.9328,24.3034,4.40609,0.271752
1.7518,18.0539,18.0539,4.42753,79.9344,80.9384,24.3047,4.42753,0.273419
1.752,18.0885,18.0885,4.40728,79.7213,80.9439,24.3033,4.40728,0.271752
1.7522,18.1524,18.1524,4.39361,79.7544,80.9495,24.3023,4.39361,0.270086
1.7524,18.1814,18.1814,4.38838,79.7868,80.9551,24.3022,4.38838,0.268419
1.7526,18.2178,18.2178,4.37888,79.7737,80.9607,24.3014,4.37888,0.266752
1.7528,18.1835,18.1835,4.39295,79.8793,80.9662,24.3024,4.39295,0.268419
1.753,18.129,18.129,4.41329,80.0086,80.9718,24.3034,4.41329,0.270086
1.7532,18.1078,18.1078,4.41125,79.8782,80.9774,24.3037,4.41125,0.271752
1.7534,18.0715,18.0715,4.41911,79.8601,80.9829,24.3043,4.41911,0.273419
1.7536,18.0952,18.0952,4.41095,79.817,80.9885,24.3037,4.41095,0.271752
1.7538,18.1437,18.1437,4.40087,79.8479,80.9941,24.3028,4.40087,0.270086
1.754,18.184,18.184,4.38675,79.7686,80.9996,24.3021,4.38675,0.268419
1.7542,18.2218,18.2218,4.38147,79.8384,81.0052,24.3016,4.38147,0.266752
1.7544,18.1755,18.1755,4.39815,79.9388,81.0108,24.3029,4.39815,0.268419
1.7546,18.146,18.146,4.4025,79.8876,81.0163,24.3028,4.4025,0.270086
1.7548,18.0889,18.0889,4.42127,79.9758,81.0219,24.3043,4.42127,0.271752
1.755,18.116,18.116,4.40484,79.7983,81.0275,24.3033,4.40484,0.270086
1.7552,18.1933,18.1933,4.38697,79.8136,81.033,24.3021,4.38697,0.268419
1.7554,18.2209,18.2209,4.38408,79.882,81.0386,24.3018,4.38408,0.266752
1.7556,18.1787,18.1787,4.40011,79.9882,81.0442,24.303,4.40011,0.268419
1.7558,18.149,18.149,4.40327,79.915,81.0497,24.303,4.40327,0.270086
1.756,18.103,18.103,4.42,80.015,81.0553,24.3043,4.42,0.271752
1.7562,18.1229,18.1229,4.41032,79.9278,81.0609,24.3037,4.41032,0.270086
1.7564,18.1793,18.1793,4.39044,79.8151,81.0664,24.3022,4.39044,0.268419
1.7566,18.224,18.224,4.38306,79.8769,81.072,24.3018,4.38306,0.266752
1.7568,18.1787,18.1787,4.40226,80.0272,81.0776,24.3032,4.40226,0.268419
1.757,18.135,18.135,4.40773,79.9341,81.0831,24.3033,4.40773,0.270086
1.7572,18.1121,18.1121,4.41943,80.0453,81.0887,24.3041,4.41943,0.271752
1.7574,18.0562,18.0562,4.42979,79.9852,81.0943,24.3047,4.42979,0.273419
1.7576,18.0964,18.0964,4.41254,79.8512,81.0998,24.3036,4.41254,0.271752
1.7578,18.1579,18.1579,4.40051,79.9042,81.1054,24.303,4.40051,0.270086
1.758,18.1744,18.1744,4.40066,79.9794,81.111,24.3028,4.40066,0.268419
1.7582,18.2095,18.2095,4.38828,79.9084,81.1165,24.3021,4.38828,0.266752
1.7584,18.1799,18.1799,4.40323,80.0503,81.1221,24.3023,4.40323,0.268419
1.7586,18.1528,18.1528,4.4065,79.9905,81.1277,24.3034,4.4065,0.270086
1.7588,18.1096,18.1096,4.42636,80.1597,81.1332,24.3047,4.42636,0.271752
1.759,18.0488,18.0488,4.43149,79.983,81.1388,24.3048,4.43149,0.273419
1.7592,18.1019,18.1019,4.41571,79.9329,81.1444,24.3039,4.41571,0.271752
1.7594,18.1619,18.1619,4.40214,79.9511,81.1499,24.3029,4.40214,0.270086
1.7596,18.1859,18.1859,4.39899,79.9995,81.1555,24.303,4.39899,0.268419
1.7598,18.2185,18.2185,4.38963,79.9724,81.1611,24.3021,4.38963,0.266752
1.76,18.1889,18.1889,4.40396,80.1031,81.1667,24.3033,4.40396,0.268419
1.7602,18.153,18.153,4.40862,80.0295,81.1722,24.3034,4.40862,0.270086
1.7604,18.1235,18.1235,4.42292,80.1587,81.1778,24.3041,4.42292,0.271752
1.7606,18.0445,18.0445,4.43665,80.057,81.1834,24.3053,4.43665,0.273419
1.7608,18.0962,18.0962,4.41695,79.93,81.1889,24.304,4.41695,0.271752
1.761,18.1531,18.1531,4.4124,80.0985,81.1945,24.3038,4.4124,0.270086
1.7612,18.1783,18.1783,4.40116,80.0056,81.2001,24.3027,4.40116,0.268419
1.7614,18.213,18.213,4.39256,80.0019,81.2056,24.3024,4.39256,0.266752
1.7616,18.184,18.184,4.4046,80.0934,81.2112,24.3033,4.4046,0.268419
1.7618,18.1546,18.1546,4.41287,80.1136,81.2168,24.3037,4.41287,0.270086
1.762,18.1357,18.1357,4.41472,80.0639,81.2223,24.304,4.41472,0.271752
1.7622,18.0578,18.0578,4.43934,80.1647,81.2279,24.3056,4.43934,0.273419
1.7624,18.0944,18.0944,4.41948,79.9677,81.2335,24.3043,4.41948,0.271752
1.7626,18.1629,18.1629,4.40618,80.0289,81.239,24.3034,4.40618,0.270086
1.7628,18.1808,18.1808,4.40274,80.0453,81.2446,24.3032,4.40274,0.268419
1.763,18.2168,18.2168,4.39527,80.0677,81.2502,24.3027,4.39527,0.266752
1.7632,18.1822,18.1822,4.40871,80.1599,81.2557,24.3036,4.40871,0.268419
1.7634,18.158,18.158,4.41201,80.1134,81.2613,24.3037,4.41201,0.270086
1.7636,18.1388,18.1388,4.41732,80.1247,81.2669,24.3042,4.41732,0.271752
1.7638,18.0691,18.0691,4.43761,80.1835,81.2724,24.3055,4.43761,0.273419
1.764,18.0908,18.0908,4.42576,80.0654,81.278,24.304,4.42576,0.271752
1.7642,18.1647,18.1647,4.40634,80.0399,81.2836,24.3035,4.40634,0.270086
1.7644,18.1772,18.1772,4.40982,80.1579,81.2891,24.3034,4.40982,0.268419
1.7646,18.218,18.218,4.39688,80.1022,81.2947,24.3028,4.39688,0.266752
1.7648,18.1846,18.1846,4.41238,80.2375,81.3003,24.3038,4.41238,0.268419
1.765,18.1551,18.1551,4.41461,80.1476,81.3058,24.3038,4.41461,0.270086
1.7652,18.0975,18.0975,4.43479,80.2586,81.3114,24.3051,4.43479,0.271752
1.7654,18.1521,18.1521,4.41133,80.0752,81.317,24.3035,4.41133,0.270086
1.7656,18.1876,18.1876,4.40535,80.1225,81.3225,24.3034,4.40535,0.268419
1.7658,18.2191,18.2191,4.3999,80.1624,81.3281,24.3029,4.3999,0.266752
1.766,18.1745,18.1745,4.41476,80.2358,81.3337,24.304,4.41476,0.268419
1.7662,18.1571,18.1571,4.41623,80.186,81.3392,24.304,4.41623,0.270086
1.7664,18.1027,18.1027,4.43408,80.2686,81.3448,24.3051,4.43408,0.271752
1.7666,18.1579,18.1579,4.40988,80.074,81.3504,24.3037,4.40988,0.270086
1.7668,18.1833,18.1833,4.41085,80.2037,81.3559,24.3038,4.41085,0.268419
1.767,18.2215,18.2215,4.39914,80.159,81.3615,24.303,4.39914,0.266752
1.7672,18.1812,18.1812,4.41447,80.2604,81.3671,24.304,4.41447,0.268419
1.7674,18.1493,18.1493,4.42011,80.2219,81.3727,24.3042,4.42011,0.270086
1.7676,18.1105,18.1105,4.43228,80.2708,81.3782,24.3052,4.43228,0.271752
1.7678,18.054,18.054,4.44584,80.2653,81.3838,24.3058,4.44584,0.273419
1.768,18.0953,18.0953,4.42858,80.1365,81.3894,24.3047,4.42858,0.271752
1.7682,18.1529,18.1529,4.41978,80.2316,81.3949,24.3043,4.41978,0.270086
1.7684,18.1841,18.1841,4.41074,80.2054,81.4005,24.3037,4.41074,0.268419
1.7686,18.2253,18.2253,4.39857,80.1652,81.4061,24.3029,4.39857,0.266752
1.7688,18.1817,18.1817,4.41739,80.3155,81.4116,24.304,4.41739,0.268419
1.769,18.1606,18.1606,4.42025,80.2743,81.4172,24.3041,4.42025,0.270086
1.7692,18.1084,18.1084,4.43856,80.3752,81.4228,24.3054,4.43856,0.271752
1.7694,18.0593,18.0593,4.44314,80.2398,81.4283,24.3057,4.44314,0.273419
1.7696,18.1136,18.1136,4.42593,80.1696,81.4339,24.3046,4.42593,0.271752
1.7698,18.1605,18.1605,4.41807,80.2343,81.4395,24.3041,4.41807,0.270086
1.77,18.1858,18.1858,4.41548,80.2992,81.445,24.304,4.41548,0.268419
1.7702,18.22,18.22,4.40136,80.1927,81.4506,24.3031,4.40136,0.266752
1.7704,18.187,18.187,4.41907,80.3695,81.4562,24.3042,4.41907,0.268419
1.7706,18.1604,18.1604,4.42301,80.3236,81.4617,24.3044,4.42301,0.270086
1.7708,18.1331,18.1331,4.4307,80.3422,81.4673,24.3048,4.4307,0.271752
1.771,18.0577,18.0577,4.45152,80.3844,81.4729,24.3065,4.45152,0.273419
1.7712,18.0925,18.0925,4.43379,80.2184,81.4784,24.3051,4.43379,0.271752
1.7714,18.1728,18.1728,4.41552,80.2425,81.484,24.3039,4.41552,0.270086
1.7716,18.1898,18.1898,4.41779,80.3588,81.4896,24.3041,4.41779,0.268419
1.7718,18.2094,18.2094,4.40673,80.244,81.4951,24.3035,4.40673,0.266752
1.772,18.26,18.26,4.39734,80.2956,81.5007,24.3028,4.39734,0.265086
1.7722,18.2153,18.2153,4.41272,80.3792,81.5063,24.3037,4.41272,0.266752
1.7724,18.1688,18.1688,4.42715,80.4362,81.5118,24.3049,4.42715,0.268419
1.7726,18.1602,18.1602,4.42361,80.3335,81.5174,24.3045,4.42361,0.270086
1.7728,18.111,18.111,4.43939,80.4017,81.523,24.3054,4.43939,0.271752
1.773,18.0614,18.0614,4.45035,80.3794,81.5285,24.3062,4.45035,0.273419
1.7732,18.1021,18.1021,4.43394,80.2639,81.5341,24.305,4.43394,0.271752
1.7734,18.172,18.172,4.42072,80.3334,81.5397,24.3043,4.42072,0.270086
1.7736,18.1813,18.1813,4.42169,80.3923,81.5452,24.3043,4.42169,0.268419
1.7738,18.216,18.216,4.41066,80.3445,81.5508,24.3035,4.41066,0.266752
1.774,18.1849,18.1849,4.42381,80.4466,81.5564,24.3044,4.42381,0.268419
1.7742,18.16,18.16,4.43011,80.4507,81.5619,24.3048,4.43011,0.270086
1.7744,18.1165,18.1165,4.44252,80.4831,81.5675,24.3059,4.44252,0.271752
1.7746,18.0515,18.0515,4.45908,80.4929,81.5731,24.3068,4.45908,0.273419
1.7748,18.1065,18.1065,4.43504,80.3031,81.5787,24.3052,4.43504,0.271752
1.775,18.1721,18.1721,4.42476,80.4075,81.5842,24.3047,4.42476,0.270086
1.7752,18.1853,18.1853,4.4234,80.4407,81.5898,24.3045,4.4234,0.268419
1.7754,18.207,18.207,4.41607,80.4032,81.5954,24.3042,4.41607,0.266752
1.7756,18.2601,18.2601,4.40205,80.3819,81.6009,24.3031,4.40205,0.265086
1.7758,18.2335,18.2335,4.41184,80.4435,81.6065,24.3038,4.41184,0.266752
1.776,18.1715,18.1715,4.42918,80.4847,81.6121,24.3049,4.42918,0.268419
1.7762,18.1585,18.1585,4.43062,80.4537,81.6176,24.3049,4.43062,0.270086
1.7764,18.1188,18.1188,4.44699,80.574,81.6232,24.3059,4.44699,0.271752
1.7766,18.0582,18.0582,4.45794,80.5024,81.6288,24.3069,4.45794,0.273419
1.7768,18.0901,18.0901,4.44371,80.387,81.6343,24.3058,4.44371,0.271752
1.777,18.1687,18.1687,4.42637,80.4215,81.6399,24.3048,4.42637,0.270086
1.7772,18.1878,18.1878,4.42372,80.4578,81.6455,24.3045,4.42372,0.268419
1.7774,18.2177,18.2177,4.41673,80.4627,81.651,24.3041,4.41673,0.266752
1.7776,18.176,18.176,4.43061,80.5307,81.6566,24.3049,4.43061,0.268419
1.7778,18.1542,18.1542,4.437,80.5504,81.6622,24.3053,4.437,0.270086
1.778,18.1056,18.1056,4.44868,80.5458,81.6677,24.3063,4.44868,0.271752
1.7782,18.0591,18.0591,4.45989,80.5415,81.6733,24.3069,4.45989,0.273419
1.7784,18.1006,18.1006,4.44353,80.4306,81.6789,24.3057,4.44353,0.271752
1.7786,18.1649,18.1649,4.43086,80.4858,81.6844,24.3049,4.43086,0.270086
1.7788,18.1905,18.1905,4.42591,80.5096,81.69,24.3045,4.42591,0.268419
1.779,18.2133,18.2133,4.41698,80.4478,81.6956,24.3042,4.41698,0.266752
1.7792,18.1814,18.1814,4.43252,80.5896,81.7011,24.3052,4.43252,0.268419
1.7794,18.16,18.16,4.43627,80.5627,81.7067,24.3052,4.43627,0.270086
1.7796,18.1068,18.1068,4.455,80.6656,81.7123,24.3067,4.455,0.271752
1.7798,18.0552,18.0552,4.46403,80.5989,81.7178,24.3073,4.46403,0.273419
1.78,18.0897,18.0897,4.44887,80.4785,81.7234,24.3063,4.44887,0.271752
1.7802,18.1743,18.1743,4.42774,80.4711,81.729,24.3048,4.42774,0.270086
1.7804,18.1675,18.1675,4.43503,80.5733,81.7345,24.3054,4.43503,0.268419
1.7806,18.2101,18.2101,4.42081,80.5033,81.7401,24.3045,4.42081,0.266752
1.7808,18.1937,18.1937,4.4324,80.6416,81.7457,24.305,4.4324,0.268419
1.781,18.1471,18.1471,4.44491,80.6622,81.7512,24.306,4.44491,0.270086
1.7812,18.0944,18.0944,4.45756,80.6568,81.7568,24.3069,4.45756,0.271752
1.7814,18.1503,18.1503,4.43197,80.4416,81.7624,24.3052,4.43197,0.270086
1.7816,18.194,18.194,4.42862,80.5743,81.7679,24.305,4.42862,0.268419
1.7818,18.1652,18.1652,4.44147,80.6804,81.7735,24.3056,4.44147,0.270086
1.782,18.0943,18.0943,4.45846,80.6728,81.7791,24.3067,4.45846,0.271752
1.7822,18.053,18.053,4.46522,80.6107,81.7847,24.3073,4.46522,0.273419
1.7824,18.0921,18.0921,4.45258,80.5565,81.7902,24.3066,4.45258,0.271752
1.7826,18.1624,18.1624,4.4346,80.543,81.7958,24.3054,4.4346,0.270086
1.7828,18.1761,18.1761,4.43658,80.6396,81.8014,24.3054,4.43658,0.268419
1.783,18.2092,18.2092,4.42608,80.5952,81.8069,24.3048,4.42608,0.266752
1.7832,18.1778,18.1778,4.43684,80.652,81.8125,24.3054,4.43684,0.268419
1.7834,18.1544,18.1544,4.44513,80.6987,81.8181,24.3061,4.44513,0.270086
1.7836,18.0975,18.0975,4.45932,80.7027,81.8236,24.307,4.45932,0.271752
1.7838,18.0589,18.0589,4.466,80.6509,81.8292,24.3073,4.466,0.273419
1.784,18.1074,18.1074,4.45269,80.6264,81.8348,24.3065,4.45269,0.271752
1.7842,18.155,18.155,4.43938,80.5969,81.8403,24.3057,4.43938,0.270086
1.7844,18.195,18.195,4.43341,80.666,81.8459,24.3053,4.43341,0.268419
1.7846,18.1556,18.1556,4.44575,80.7153,81.8515,24.3061,4.44575,0.270086
1.7848,18.0979,18.0979,4.46116,80.7376,81.857,24.3072,4.46116,0.271752
1.785,18.056,18.056,4.47019,80.7138,81.8626,24.3077,4.47019,0.273419
1.7852,18.1007,18.1007,4.4523,80.5896,81.8682,24.3064,4.4523,0.271752
1.7854,18.1617,18.1617,4.44038,80.645,81.8737,24.3057,4.44038,0.270086
1.7856,18.1859,18.1859,4.43651,80.6822,81.8793,24.3055,4.43651,0.268419
1.7858,18.2117,18.2117,4.43161,80.7073,81.8849,24.3048,4.43161,0.266752
1.786,18.192,18.192,4.44002,80.7727,81.8904,24.3057,4.44002,0.268419
1.7862,18.1471,18.1471,4.45237,80.7977,81.896,24.3066,4.45237,0.270086
1.7864,18.1028,18.1028,4.46035,80.7449,81.9016,24.307,4.46035,0.271752
1.7866,18.057,18.057,4.47076,80.7283,81.9071,24.3076,4.47076,0.273419
1.7868,18.0953,18.0953,4.45768,80.6631,81.9127,24.3069,4.45768,0.271752
1.787,18.1562,18.1562,4.44285,80.6655,81.9183,24.3058,4.44285,0.270086
1.7872,18.1929,18.1929,4.43638,80.7108,81.9238,24.3055,4.43638,0.268419
1.7874,18.1589,18.1589,4.45262,80.8546,81.9294,24.3066,4.45262,0.270086
1.7876,18.093,18.093,4.46575,80.7987,81.935,24.3073,4.46575,0.271752
1.7878,18.0596,18.0596,4.47179,80.7585,81.9405,24.3078,4.47179,0.273419
1.788,18.1025,18.1025,4.45384,80.6257,81.9461,24.3064,4.45384,0.271752
1.7882,18.1631,18.1631,4.44741,80.7787,81.9517,24.306,4.44741,0.270086
1.7884,18.1927,18.1927,4.43746,80.7295,81.9572,24.3056,4.43746,0.268419
1.7886,18.2158,18.2158,4.43668,80.8178,81.9628,24.3055,4.43668,0.266752
1.7888,18.1808,18.1808,4.4477,80.863,81.9684,24.3062,4.4477,0.268419
1.789,18.1539,18.1539,4.4499,80.7831,81.9739,24.3062,4.4499,0.270086
1.7892,18.1043,18.1043,4.46716,80.875,81.9795,24.3076,4.46716,0.271752
1.7894,18.0679,18.0679,4.47294,80.8166,81.9851,24.3077,4.47294,0.273419
1.7896,18.0996,18.0996,4.4636,80.7893,81.9907,24.3073,4.4636,0.271752
1.7898,18.1631,18.1631,4.44487,80.7327,81.9962,24.3061,4.44487,0.270086
1.79,18.1984,18.1984,4.44031,80.8065,82.0018,24.3058,4.44031,0.268419
1.7902,18.1511,18.1511,4.45944,80.9437,82.0074,24.307,4.45944,0.270086
1.7904,18.0894,18.0894,4.47089,80.8756,82.0129,24.3077,4.47089,0.271752
1.7906,18.1592,18.1592,4.44363,80.6925,82.0185,24.3058,4.44363,0.270086
1.7908,18.2027,18.2027,4.44095,80.8372,82.0241,24.3058,4.44095,0.268419
1.791,18.1635,18.1635,4.4532,80.8858,82.0296,24.3067,4.4532,0.270086
1.7912,18.1018,18.1018,4.47047,80.9235,82.0352,24.3078,4.47047,0.271752
1.7914,18.0522,18.0522,4.48039,80.8806,82.0408,24.3084,4.48039,0.273419
1.7916,18.1116,18.1116,4.45645,80.7136,82.0463,24.3068,4.45645,0.271752
1.7918,18.1521,18.1521,4.45399,80.8494,82.0519,24.3067,4.45399,0.270086
1.792,18.1924,18.1924,4.44145,80.8006,82.0575,24.3059,4.44145,0.268419
1.7922,18.1682,18.1682,4.45406,80.9223,82.063,24.3067,4.45406,0.270086
1.7924,18.0996,18.0996,4.47345,80.9674,82.0686,24.3078,4.47345,0.271752
1.7926,18.0652,18.0652,4.47888,80.9117,82.0742,24.3081,4.47888,0.273419
1.7928,18.0933,18.0933,4.46834,80.8468,82.0797,24.3075,4.46834,0.271752
1.793,18.1606,18.1606,4.45233,80.8572,82.0853,24.3066,4.45233,0.270086
1.7932,18.194,18.194,4.44417,80.8571,82.0909,24.306,4.44417,0.268419
1.7934,18.1627,18.1627,4.45748,80.9599,82.0964,24.3067,4.45748,0.270086
1.7936,18.1036,18.1036,4.47447,81.0041,82.102,24.3079,4.47447,0.271752
1.7938,18.0658,18.0658,4.48019,80.9383,82.1076,24.3084,4.48019,0.273419
1.794,18.0963,18.0963,4.4687,80.8669,82.1131,24.3077,4.4687,0.271752
1.7942,18.1648,18.1648,4.45209,80.8712,82.1187,24.3065,4.45209,0.270086
1.7944,18.1876,18.1876,4.4519,80.9696,82.1243,24.3065,4.4519,0.268419
1.7946,18.2202,18.2202,4.44097,80.9153,82.1298,24.3058,4.44097,0.266752
1.7948,18.188,18.188,4.45423,81.0137,82.1354,24.3067,4.45423,0.268419
1.795,18.1534,18.1534,4.46115,80.9851,82.141,24.3072,4.46115,0.270086
1.7952,18.1007,18.1007,4.47708,81.0381,82.1465,24.3082,4.47708,0.271752
1.7954,18.0711,18.0711,4.47833,80.9282,82.1521,24.3081,4.47833,0.273419
1.7956,18.1009,18.1009,4.46975,80.9065,82.1577,24.3077,4.46975,0.271752
1.7958,18.1546,18.1546,4.45652,80.9062,82.1632,24.3069,4.45652,0.270086
1.796,18.1964,18.1964,4.45092,80.9906,82.1688,24.3064,4.45092,0.268419
1.7962,18.1553,18.1553,4.46294,81.0261,82.1744,24.3073,4.46294,0.270086
1.7964,18.0988,18.0988,4.47956,81.0746,82.1799,24.3084,4.47956,0.271752
1.7966,18.0706,18.0706,4.48072,80.9691,82.1855,24.3085,4.48072,0.273419
1.7968,18.1026,18.1026,4.47214,80.9575,82.1911,24.3079,4.47214,0.271752
1.797,18.1639,18.1639,4.45607,80.9397,82.1967,24.3068,4.45607,0.270086
1.7972,18.2004,18.2004,4.45022,80.9957,82.2022,24.3064,4.45022,0.268419
1.7974,18.158,18.158,4.4654,81.0826,82.2078,24.3072,4.4654,0.270086
1.7976,18.0995,18.0995,4.47922,81.0717,82.2134,24.3082,4.47922,0.271752
1.7978,18.0637,18.0637,4.48413,81.0001,82.2189,24.3087,4.48413,0.273419
1.798,18.1067,18.1067,4.47176,80.9687,82.2245,24.3079,4.47176,0.271752
1.7982,18.1581,18.1581,4.45947,80.9754,82.2301,24.3068,4.45947,0.270086
1.7984,18.1903,18.1903,4.45648,81.0645,82.2356,24.3068,4.45648,0.268419
1.7986,18.1569,18.1569,4.46587,81.0861,82.2412,24.3075,4.46587,0.270086
1.7988,18.096,18.096,4.48331,81.13,82.2468,24.3086,4.48331,0.271752
1.799,18.0676,18.0676,4.48992,81.1223,82.2523,24.3088,4.48992,0.273419
1.7992,18.0978,18.0978,4.47437,80.9764,82.2579,24.308,4.47437,0.271752
1.7994,18.1615,18.1615,4.4608,81.0149,82.2635,24.3069,4.4608,0.270086
1.7996,18.1855,18.1855,4.45946,81.0976,82.269,24.3069,4.45946,0.268419
1.7998,18.2179,18.2179,4.44762,81.0262,82.2746,24.306,4.44762,0.266752
1.8,18.1954,18.1954,4.46019,81.1551,82.2802,24.3069,4.46019,0.268419
1.8002,18.1563,18.1563,4.46688,81.102,82.2857,24.3076,4.46688,0.270086
1.8004,18.1062,18.1062,4.4836,81.1811,82.2913,24.3086,4.4836,0.271752
1.8006,18.0656,18.0656,4.4886,81.0893,82.2969,24.309,4.4886,0.273419
1.8008,18.1168,18.1168,4.47428,81.0597,82.3024,24.3079,4.47428,0.271752
1.801,18.1622,18.1622,4.46368,81.07,82.308,24.3073,4.46368,0.270086
1.8012,18.1886,18.1886,4.45757,81.0772,82.3136,24.307,4.45757,0.268419
1.8014,18.2149,18.2149,4.45182,81.0892,82.3191,24.3063,4.45182,0.266752
1.8016,18.1922,18.1922,4.46224,81.1778,82.3247,24.3072,4.46224,0.268419
1.8018,18.1576,18.1576,4.46926,81.1511,82.3303,24.3075,4.46926,0.270086
1.802,18.1064,18.1064,4.48579,81.2214,82.3358,24.3088,4.48579,0.271752
1.8022,18.0672,18.0672,4.49086,81.1372,82.3414,24.3089,4.49086,0.273419
1.8024,18.1119,18.1119,4.47615,81.0715,82.347,24.308,4.47615,0.271752
1.8026,18.1639,18.1639,4.46599,81.1197,82.3525,24.3074,4.46599,0.270086
1.8028,18.1836,18.1836,4.46324,81.1579,82.3581,24.3072,4.46324,0.268419
1.803,18.2123,18.2123,4.4545,81.1268,82.3637,24.3066,4.4545,0.266752
1.8032,18.1939,18.1939,4.4643,81.2231,82.3692,24.3073,4.4643,0.268419
1.8034,18.1597,18.1597,4.47301,81.2284,82.3748,24.3079,4.47301,0.270086
1.8036,18.0996,18.0996,4.48936,81.2554,82.3804,24.309,4.48936,0.271752
1.8038,18.0643,18.0643,4.4949,81.197,82.3859,24.3094,4.4949,0.273419
1.804,18.1028,18.1028,4.47985,81.0977,82.3915,24.3084,4.47985,0.271752
1.8042,18.1621,18.1621,4.46854,81.158,82.3971,24.3076,4.46854,0.270086
1.8044,18.1833,18.1833,4.46641,81.2142,82.4027,24.3075,4.46641,0.268419
1.8046,18.2125,18.2125,4.45757,81.1835,82.4082,24.3068,4.45757,0.266752
1.8048,18.185,18.185,4.46727,81.2375,82.4138,24.3075,4.46727,0.268419
1.805,18.1667,18.1667,4.47111,81.2251,82.4194,24.3077,4.47111,0.270086
1.8052,18.0976,18.0976,4.49122,81.2801,82.4249,24.309,4.49122,0.271752
1.8054,18.0625,18.0625,4.49858,81.2553,82.4305,24.3097,4.49858,0.273419
1.8056,18.1026,18.1026,4.48173,81.1308,82.4361,24.3084,4.48173,0.271752
1.8058,18.1649,18.1649,4.46719,81.1462,82.4416,24.3074,4.46719,0.270086
1.806,18.1879,18.1879,4.46839,81.2705,82.4472,24.3075,4.46839,0.268419
1.8062,18.2165,18.2165,4.45661,81.184,82.4528,24.3069,4.45661,0.266752
1.8064,18.1889,18.1889,4.47119,81.3259,82.4583,24.3078,4.47119,0.268419
1.8066,18.1444,18.1444,4.48377,81.3552,82.4639,24.3086,4.48377,0.270086
1.8068,18.097,18.097,4.4923,81.2971,82.4695,24.3091,4.4923,0.271752
1.807,18.0736,18.0736,4.49674,81.2722,82.475,24.3093,4.49674,0.273419
1.8072,18.1026,18.1026,4.48573,81.2033,82.4806,24.3086,4.48573,0.271752
1.8074,18.1615,18.1615,4.47357,81.2467,82.4862,24.3078,4.47357,0.270086
1.8076,18.1856,18.1856,4.46856,81.2635,82.4917,24.3077,4.46856,0.268419
1.8078,18.2257,18.2257,4.45814,81.2528,82.4973,24.307,4.45814,0.266752
1.808,18.1837,18.1837,4.47532,81.3778,82.5029,24.308,4.47532,0.268419
1.8082,18.1532,18.1532,4.47633,81.2597,82.5084,24.3082,4.47633,0.270086
1.8084,18.1066,18.1066,4.49526,81.3937,82.514,24.3089,4.49526,0.271752
1.8086,18.0648,18.0648,4.5031,81.3477,82.5196,24.3098,4.5031,0.273419
1.8088,18.1132,18.1132,4.48399,81.2191,82.5251,24.3086,4.48399,0.271752
1.809,18.1717,18.1717,4.47094,81.2445,82.5307,24.3078,4.47094,0.270086
1.8092,18.1889,18.1889,4.4722,81.3443,82.5363,24.3079,4.4722,0.268419
1.8094,18.2308,18.2308,4.45764,81.2665,82.5418,24.3069,4.45764,0.266752
1.8096,18.1969,18.1969,4.47146,81.3669,82.5474,24.3079,4.47146,0.268419
1.8098,18.1724,18.1724,4.47674,81.3529,82.553,24.3081,4.47674,0.270086
1.81,18.1033,18.1033,4.49719,81.4139,82.5585,24.3094,4.49719,0.271752
1.8102,18.0694,18.0694,4.5036,81.3773,82.5641,24.3098,4.5036,0.273419
1.8104,18.107,18.107,4.49023,81.3044,82.5697,24.309,4.49023,0.271752
1.8106,18.1461,18.1461,4.48218,81.334,82.5752,24.3085,4.48218,0.270086
1.8108,18.1893,18.1893,4.47159,81.3353,82.5808,24.3077,4.47159,0.268419
1.811,18.1765,18.1765,4.47784,81.3917,82.5864,24.3082,4.47784,0.270086
1.8112,18.1097,18.1097,4.49757,81.4495,82.5919,24.3096,4.49757,0.271752
1.8114,18.0687,18.0687,4.50566,81.4117,82.5975,24.3102,4.50566,0.273419
1.8116,18.1103,18.1103,4.4904,81.3225,82.6031,24.3089,4.4904,0.271752
1.8118,18.1608,18.1608,4.47781,81.3204,82.6087,24.3083,4.47781,0.270086
1.812,18.1905,18.1905,4.4768,81.4354,82.6142,24.3081,4.4768,0.268419
1.8122,18.158,18.158,4.48387,81.418,82.6198,24.3087,4.48387,0.270086
1.8124,18.1099,18.1099,4.49787,81.4559,82.6254,24.3095,4.49787,0.271752
1.8126,18.0699,18.0699,4.50725,81.4456,82.6309,24.3101,4.50725,0.273419
1.8128,18.1093,18.1093,4.49146,81.3371,82.6365,24.3091,4.49146,0.271752
1.813,18.1718,18.1718,4.47606,81.338,82.6421,24.3082,4.47606,0.270086
1.8132,18.1996,18.1996,4.47255,81.3984,82.6476,24.3078,4.47255,0.268419
1.8134,18.1767,18.1767,4.48338,81.4931,82.6532,24.3087,4.48338,0.270086
1.8136,18.1037,18.1037,4.50248,81.5114,82.6588,24.3098,4.50248,0.271752
1.8138,18.0662,18.0662,4.50713,81.4268,82.6643,24.3101,4.50713,0.273419
1.814,18.1129,18.1129,4.49292,81.3798,82.6699,24.3092,4.49292,0.271752
1.8142,18.1644,18.1644,4.4825,81.422,82.6755,24.3086,4.4825,0.270086
1.8144,18.1927,18.1927,4.47744,81.457,82.681,24.3082,4.47744,0.268419
1.8146,18.1557,18.1557,4.49104,81.5381,82.6866,24.3092,4.49104,0.270086
1.8148,18.1141,18.1141,4.49762,81.4701,82.6922,24.3095,4.49762,0.271752
1.815,18.0715,18.0715,4.51181,81.5353,82.6977,24.3104,4.51181,0.273419
1.8152,18.1044,18.1044,4.49544,81.387,82.7033,24.3094,4.49544,0.271752
1.8154,18.1573,18.1573,4.48463,81.4288,82.7089,24.3088,4.48463,0.270086
1.8156,18.193,18.193,4.47997,81.504,82.7144,24.3082,4.47997,0.268419
1.8158,18.1639,18.1639,4.4894,81.5449,82.72,24.309,4.4894,0.270086
1.816,18.105,18.105,4.50546,81.5715,82.7256,24.31,4.50546,0.271752
1.8162,18.0597,18.0597,4.51586,81.5551,82.7311,24.3109,4.51586,0.273419
1.8164,18.1038,18.1038,4.49705,81.4136,82.7367,24.3096,4.49705,0.271752
1.8166,18.1533,18.1533,4.48873,81.4854,82.7423,24.3091,4.48873,0.270086
1.8168,18.1761,18.1761,4.48503,81.5205,82.7478,24.3086,4.48503,0.268419
1.817,18.2328,18.2328,4.46788,81.4621,82.7534,24.3075,4.46788,0.266752
1.8172,18.1924,18.1924,4.48735,81.6359,82.759,24.3088,4.48735,0.268419
1.8174,18.1404,18.1404,4.49895,81.6129,82.7645,24.3097,4.49895,0.270086
1.8176,18.1138,18.1138,4.50214,81.5508,82.7701,24.3099,4.50214,0.271752
1.8178,18.072,18.072,4.51438,81.5838,82.7757,24.3106,4.51438,0.273419
1.818,18.1095,18.1095,4.49804,81.4571,82.7812,24.3095,4.49804,0.271752
1.8182,18.1527,18.1527,4.49278,81.5561,82.7868,24.3093,4.49278,0.270086
1.8184,18.1747,18.1747,4.48958,81.5967,82.7924,24.3091,4.48958,0.268419
1.8186,18.2239,18.2239,4.47222,81.5011,82.7979,24.308,4.47222,0.266752
1.8188,18.1828,18.1828,4.49511,81.7336,82.8035,24.3094,4.49511,0.268419
1.819,18.147,18.147,4.49502,81.5709,82.8091,24.3095,4.49502,0.270086
1.8192,18.1166,18.1166,4.50751,81.6606,82.8147,24.3101,4.50751,0.271752
1.8194,18.0713,18.0713,4.51813,81.6484,82.8202,24.3108,4.51813,0.273419
1.8196,18.0993,18.0993,4.50577,81.5514,82.8258,24.3102,4.50577,0.271752
1.8198,18.1298,18.1298,4.50299,81.6382,82.8314,24.31,4.50299,0.270086
1.82,18.1869,18.1869,4.48386,81.5476,82.8369,24.3087,4.48386,0.268419
1.8202,18.1477,18.1477,4.50462,81.7485,82.8425,24.3101,4.50462,0.270086
1.8204,18.0948,18.0948,4.51336,81.6685,82.8481,24.3107,4.51336,0.271752
1.8206,18.0611,18.0611,4.52027,81.6412,82.8536,24.3109,4.52027,0.273419
1.8208,18.1053,18.1053,4.50412,81.5486,82.8592,24.31,4.50412,0.271752
1.821,18.1363,18.1363,4.50138,81.6383,82.8648,24.3097,4.50138,0.270086
1.8212,18.1913,18.1913,4.48677,81.6202,82.8703,24.3087,4.48677,0.268419
1.8214,18.1529,18.1529,4.501,81.7065,82.8759,24.3097,4.501,0.270086
1.8216,18.1072,18.1072,4.51144,81.6898,82.8815,24.3104,4.51144,0.271752
1.8218,18.0675,18.0675,4.52102,81.6837,82.887,24.311,4.52102,0.273419
1.822,18.1022,18.1022,4.5092,81.6264,82.8926,24.3102,4.5092,0.271752
1.8222,18.1663,18.1663,4.49073,81.5798,82.8982,24.3092,4.49073,0.270086
1.8224,18.1841,18.1841,4.49509,81.7393,82.9037,24.3094,4.49509,0.268419
1.8226,18.2314,18.2314,4.47546,81.5939,82.9093,24.3082,4.47546,0.266752
1.8228,18.195,18.195,4.49423,81.7723,82.9149,24.3093,4.49423,0.268419
1.823,18.1526,18.1526,4.50357,81.7516,82.9204,24.3098,4.50357,0.270086
1.8232,18.1043,18.1043,4.51589,81.7572,82.926,24.3109,4.51589,0.271752
1.8234,18.0694,18.0694,4.52333,81.7337,82.9316,24.3114,4.52333,0.273419
1.8236,18.1103,18.1103,4.50812,81.6433,82.9371,24.3103,4.50812,0.271752
1.8238,18.1564,18.1564,4.49999,81.7036,82.9427,24.3097,4.49999,0.270086
1.824,18.1931,18.1931,4.4896,81.6799,82.9483,24.3091,4.4896,0.268419
1.8242,18.1448,18.1448,4.51036,81.8395,82.9538,24.3105,4.51036,0.270086
1.8244,18.0987,18.0987,4.51704,81.7525,82.9594,24.311,4.51704,0.271752
1.8246,18.0729,18.0729,4.52377,81.7577,82.965,24.3112,4.52377,0.273419
1.8248,18.0312,18.0312,4.5343,81.759,82.9705,24.312,4.5343,0.275086
1.825,18.072,18.072,4.51961,81.6786,82.9761,24.3111,4.51961,0.273419
1.8252,18.1102,18.1102,4.51251,81.7223,82.9817,24.3104,4.51251,0.271752
1.8254,18.1492,18.1492,4.50011,81.6736,82.9872,24.3098,4.50011,0.270086
1.8256,18.199,18.199,4.49158,81.7423,82.9928,24.309,4.49158,0.268419
1.8258,18.1481,18.1481,4.51217,81.8873,82.9984,24.3104,4.51217,0.270086
1.826,18.1036,18.1036,4.51719,81.7775,83.0039,24.3109,4.51719,0.271752
1.8262,18.0772,18.0772,4.52745,81.8435,83.0095,24.3116,4.52745,0.273419
1.8264,18.0368,18.0368,4.53622,81.8188,83.0151,24.312,4.53622,0.275086
1.8266,18.0705,18.0705,4.52168,81.7091,83.0207,24.3112,4.52168,0.273419
1.8268,18.1194,18.1194,4.51049,81.7273,83.0262,24.3105,4.51049,0.271752
1.827,18.1443,18.1443,4.51112,81.851,83.0318,24.3105,4.51112,0.270086
1.8272,18.1822,18.1822,4.49828,81.7886,83.0374,24.3097,4.49828,0.268419
1.8274,18.1471,18.1471,4.5119,81.8777,83.0429,24.3106,4.5119,0.270086
1.8276,18.1001,18.1001,4.52493,81.9018,83.0485,24.3114,4.52493,0.271752
1.8278,18.0787,18.0787,4.52668,81.8365,83.0541,24.3114,4.52668,0.273419
1.828,18.0392,18.0392,4.53912,81.8823,83.0596,24.3122,4.53912,0.275086
1.8282,18.0747,18.0747,4.5237,81.7648,83.0652,24.3112,4.5237,0.273419
1.8284,18.1287,18.1287,4.51152,81.7882,83.0708,24.3106,4.51152,0.271752
1.8286,18.1423,18.1423,4.50976,81.8176,83.0763,24.3103,4.50976,0.270086
1.8288,18.1829,18.1829,4.50272,81.8728,83.0819,24.3096,4.50272,0.268419
1.829,18.1432,18.1432,4.51411,81.9005,83.0875,24.3108,4.51411,0.270086
1.8292,18.0945,18.0945,4.52917,81.953,83.093,24.3116,4.52917,0.271752
1.8294,18.0609,18.0609,4.53227,81.8568,83.0986,24.3122,4.53227,0.273419
1.8296,18.1124,18.1124,4.51734,81.8198,83.1042,24.3108,4.51734,0.271752
1.8298,18.1381,18.1381,4.5138,81.8716,83.1097,24.3106,4.5138,0.270086
1.83,18.1897,18.1897,4.50025,81.8581,83.1153,24.3098,4.50025,0.268419
1.8302,18.1391,18.1391,4.522,82.0248,83.1209,24.3113,4.522,0.270086
1.8304,18.1067,18.1067,4.52331,81.9021,83.1264,24.3114,4.52331,0.271752
1.8306,18.0746,18.0746,4.53475,81.9637,83.132,24.312,4.53475,0.273419
1.8308,18.0995,18.0995,4.5214,81.8353,83.1376,24.3111,4.5214,0.271752
1.831,18.1435,18.1435,4.51224,81.868,83.1431,24.3104,4.51224,0.270086
1.8312,18.1992,18.1992,4.49823,81.8643,83.1487,24.3097,4.49823,0.268419
1.8314,18.1449,18.1449,4.51998,82.0144,83.1543,24.3112,4.51998,0.270086
1.8316,18.108,18.108,4.52524,81.9428,83.1598,24.3115,4.52524,0.271752
1.8318,18.0817,18.0817,4.5343,81.9876,83.1654,24.3121,4.5343,0.273419
1.832,18.0191,18.0191,4.54752,81.9425,83.171,24.3124,4.54752,0.275086
1.8322,18.0713,18.0713,4.52925,81.8496,83.1765,24.3119,4.52925,0.273419
1.8324,18.1088,18.1088,4.52298,81.9059,83.1821,24.3111,4.52298,0.271752
1.8326,18.1524,18.1524,4.51332,81.9276,83.1877,24.3105,4.51332,0.270086
1.8328,18.1909,18.1909,4.50456,81.9419,83.1932,24.3098,4.50456,0.268419
1.833,18.147,18.147,4.52036,82.0308,83.1988,24.3111,4.52036,0.270086
1.8332,18.1115,18.1115,4.52861,82.0202,83.2044,24.3117,4.52861,0.271752
1.8334,18.0679,18.0679,4.53928,82.0153,83.2099,24.3123,4.53928,0.273419
1.8336,18.1102,18.1102,4.52182,81.8909,83.2155,24.3112,4.52182,0.271752
1.8338,18.1588,18.1588,4.51327,81.9554,83.2211,24.3107,4.51327,0.270086
1.834,18.1824,18.1824,4.50945,81.9926,83.2267,24.3103,4.50945,0.268419
1.8342,18.2291,18.2291,4.49266,81.897,83.2322,24.3091,4.49266,0.266752
1.8344,18.2024,18.2024,4.50586,82.0176,83.2378,24.3103,4.50586,0.268419
1.8346,18.1492,18.1492,4.52266,82.0828,83.2434,24.3112,4.52266,0.270086
1.8348,18.1088,18.1088,4.52895,82.014,83.2489,24.3116,4.52895,0.271752
1.835,18.0779,18.0779,4.53568,81.9954,83.2545,24.3122,4.53568,0.273419
1.8352,18.024,18.024,4.55336,82.0698,83.2601,24.3132,4.55336,0.275086
1.8354,18.0661,18.0661,4.53483,81.9266,83.2656,24.312,4.53483,0.273419
1.8356,18.1182,18.1182,4.52556,81.995,83.2712,24.3112,4.52556,0.271752
1.8358,18.1486,18.1486,4.51973,82.0266,83.2768,24.311,4.51973,0.270086
1.836,18.2002,18.2002,4.50603,82.0105,83.2823,24.3102,4.50603,0.268419
1.8362,18.142,18.142,4.52824,82.1511,83.2879,24.3117,4.52824,0.270086
1.8364,18.1175,18.1175,4.52947,82.0629,83.2935,24.3118,4.52947,0.271752
1.8366,18.0804,18.0804,4.53937,82.0736,83.299,24.3123,4.53937,0.273419
1.8368,18.0382,18.0382,4.55315,82.1305,83.3046,24.3134,4.55315,0.275086
1.837,18.0639,18.0639,4.53859,81.9846,83.3102,24.3122,4.53859,0.273419
1.8372,18.1177,18.1177,4.52833,82.0429,83.3157,24.3117,4.52833,0.271752
1.8374,18.1561,18.1561,4.51809,82.0309,83.3213,24.3109,4.51809,0.270086
1.8376,18.1922,18.1922,4.5122,82.0869,83.3269,24.3105,4.5122,0.268419
1.8378,18.1557,18.1557,4.52447,82.1451,83.3324,24.3114,4.52447,0.270086
1.838,18.1084,18.1084,4.53575,82.135,83.338,24.312,4.53575,0.271752
1.8382,18.0711,18.0711,4.54516,82.1361,83.3436,24.3126,4.54516,0.273419
1.8384,18.1122,18.1122,4.52968,82.0426,83.3491,24.3118,4.52968,0.271752
1.8386,18.1566,18.1566,4.5198,82.0641,83.3547,24.3112,4.5198,0.270086
1.8388,18.2071,18.2071,4.50529,82.028,83.3603,24.3102,4.50529,0.268419
1.839,18.1368,18.1368,4.53538,82.2571,83.3658,24.312,4.53538,0.270086
1.8392,18.1133,18.1133,4.53486,82.1415,83.3714,24.3122,4.53486,0.271752
1.8394,18.0748,18.0748,4.54696,82.1854,83.377,24.313,4.54696,0.273419
1.8396,18.1175,18.1175,4.53094,82.0892,83.3825,24.3118,4.53094,0.271752
1.8398,18.1503,18.1503,4.52504,82.1307,83.3881,24.3115,4.52504,0.270086
1.84,18.2017,18.2017,4.50684,82.032,83.3937,24.3103,4.50684,0.268419
1.8402,18.1363,18.1363,4.53787,82.3001,83.3992,24.3124,4.53787,0.270086
1.8404,18.1063,18.1063,4.53451,82.1032,83.4048,24.3119,4.53451,0.271752
1.8406,18.0773,18.0773,4.54948,82.2425,83.4104,24.313,4.54948,0.273419
1.8408,18.0316,18.0316,4.55896,82.2056,83.4159,24.3137,4.55896,0.275086
1.841,18.0643,18.0643,4.54144,82.0378,83.4215,24.3124,4.54144,0.273419
1.8412,18.1237,18.1237,4.53065,82.1122,83.4271,24.3117,4.53065,0.271752
1.8414,18.1558,18.1558,4.52629,82.1783,83.4327,24.3115,4.52629,0.270086
1.8416,18.2014,18.2014,4.51013,82.0905,83.4382,24.3106,4.51013,0.268419
1.8418,18.1583,18.1583,4.53366,82.3234,83.4438,24.3119,4.53366,0.270086
1.842,18.1089,18.1089,4.54043,82.2222,83.4494,24.3125,4.54043,0.271752
1.8422,18.0675,18.0675,4.55333,82.2674,83.4549,24.3134,4.55333,0.273419
1.8424,18.1144,18.1144,4.53389,82.1287,83.4605,24.312,4.53389,0.271752
1.8426,18.1551,18.1551,4.52722,82.1919,83.4661,24.3115,4.52722,0.270086
1.8428,18.2036,18.2036,4.51154,82.1263,83.4716,24.3107,4.51154,0.268419
1.843,18.1648,18.1648,4.53002,82.2869,83.4772,24.3117,4.53002,0.270086
1.8432,18.1018,18.1018,4.54831,82.3326,83.4828,24.313,4.54831,0.271752
1.8434,18.0582,18.0582,4.55445,82.245,83.4883,24.3133,4.55445,0.273419
1.8436,18.1144,18.1144,4.53511,82.1509,83.4939,24.3121,4.53511,0.271752
1.8438,18.1777,18.1777,4.5228,82.214,83.4995,24.3112,4.5228,0.270086
1.844,18.1161,18.1161,4.54417,82.3225,83.505,24.3126,4.54417,0.271752
1.8442,18.0608,18.0608,4.55637,82.2916,83.5106,24.3136,4.55637,0.273419
1.8444,18.1158,18.1158,4.53758,82.2018,83.5162,24.3121,4.53758,0.271752
1.8446,18.1768,18.1768,4.52217,82.1987,83.5217,24.3112,4.52217,0.270086
1.8448,18.1142,18.1142,4.54951,82.411,83.5273,24.3132,4.54951,0.271752
1.845,18.075,18.075,4.55336,82.3022,83.5329,24.3134,4.55336,0.273419
1.8452,18.0376,18.0376,4.5664,82.3668,83.5384,24.3142,4.5664,0.275086
1.8454,18.0725,18.0725,4.55083,82.2451,83.544,24.3133,4.55083,0.273419
1.8456,18.1148,18.1148,4.54239,82.2845,83.5496,24.3127,4.54239,0.271752
1.8458,18.1499,18.1499,4.5308,82.2335,83.5551,24.3118,4.5308,0.270086
1.846,18.1949,18.1949,4.52234,82.2834,83.5607,24.3111,4.52234,0.268419
1.8462,18.162,18.162,4.53454,82.3564,83.5663,24.3121,4.53454,0.270086
1.8464,18.1121,18.1121,4.54675,82.3511,83.5718,24.3128,4.54675,0.271752
1.8466,18.0751,18.0751,4.5565,82.3591,83.5774,24.3135,4.5565,0.273419
1.8468,18.034,18.034,4.56805,82.3803,83.583,24.3144,4.56805,0.275086
1.847,18.0749,18.0749,4.55285,82.2922,83.5885,24.3134,4.55285,0.273419
1.8472,18.12,18.12,4.54207,82.3023,83.5941,24.3127,4.54207,0.271752
1.8474,18.1507,18.1507,4.53539,82.3207,83.5997,24.3121,4.53539,0.270086
1.8476,18.1986,18.1986,4.52097,82.2753,83.6052,24.3111,4.52097,0.268419
1.8478,18.1656,18.1656,4.53803,82.4359,83.6108,24.3122,4.53803,0.270086
1.848,18.1041,18.1041,4.55356,82.4382,83.6164,24.3135,4.55356,0.271752
1.8482,18.0794,18.0794,4.55692,82.3864,83.6219,24.3136,4.55692,0.273419
1.8484,18.0381,18.0381,4.56874,82.4113,83.6275,24.3143,4.56874,0.275086
1.8486,18.0752,18.0752,4.55492,82.3313,83.6331,24.3136,4.55492,0.273419
1.8488,18.1209,18.1209,4.54501,82.3595,83.6387,24.3127,4.54501,0.271752
1.849,18.1615,18.1615,4.53234,82.3139,83.6442,24.3117,4.53234,0.270086
1.8492,18.1972,18.1972,4.52696,82.3781,83.6498,24.3114,4.52696,0.268419
1.8494,18.15,18.15,4.54388,82.4716,83.6554,24.3127,4.54388,0.270086
1.8496,18.1137,18.1137,4.55413,82.4919,83.6609,24.3135,4.55413,0.271752
1.8498,18.0782,18.0782,4.55786,82.3979,83.6665,24.3136,4.55786,0.273419
1.85,18.0357,18.0357,4.57308,82.4788,83.6721,24.3145,4.57308,0.275086
1.8502,18.0796,18.0796,4.55171,82.2929,83.6776,24.3133,4.55171,0.273419
1.8504,18.1242,18.1242,4.54804,82.4294,83.6832,24.3131,4.54804,0.271752
1.8506,18.1517,18.1517,4.53788,82.3702,83.6888,24.3123,4.53788,0.270086
1.8508,18.1986,18.1986,4.52609,82.3687,83.6943,24.3115,4.52609,0.268419
1.851,18.1524,18.1524,4.54691,82.5374,83.6999,24.3129,4.54691,0.270086
1.8512,18.1104,18.1104,4.55499,82.4928,83.7055,24.3134,4.55499,0.271752
1.8514,18.0803,18.0803,4.56257,82.4925,83.711,24.3139,4.56257,0.273419
1.8516,18.0334,18.0334,4.57278,82.4627,83.7166,24.3143,4.57278,0.275086
1.8518,18.0813,18.0813,4.55847,82.4229,83.7222,24.3136,4.55847,0.273419
1.852,18.1127,18.1127,4.54984,82.4101,83.7277,24.3132,4.54984,0.271752
1.8522,18.1494,18.1494,4.54097,82.4157,83.7333,24.3125,4.54097,0.270086
1.8524,18.1948,18.1948,4.53109,82.4422,83.7389,24.3119,4.53109,0.268419
1.8526,18.1593,18.1593,4.54786,82.5859,83.7444,24.313,4.54786,0.270086
1.8528,18.1106,18.1106,4.55978,82.5805,83.75,24.3138,4.55978,0.271752
1.853,18.066,18.066,4.5668,82.5037,83.7556,24.3142,4.5668,0.273419
1.8532,18.1153,18.1153,4.55091,82.4411,83.7611,24.3133,4.55091,0.271752
1.8534,18.1614,18.1614,4.54295,82.5066,83.7667,24.3127,4.54295,0.270086
1.8536,18.2085,18.2085,4.52667,82.424,83.7723,24.3117,4.52667,0.268419
1.8538,18.1584,18.1584,4.54786,82.582,83.7778,24.3131,4.54786,0.270086
1.854,18.1178,18.1178,4.55628,82.5499,83.7834,24.3135,4.55628,0.271752
1.8542,18.0762,18.0762,4.56752,82.5633,83.789,24.3142,4.56752,0.273419
1.8544,18.0263,18.0263,4.58172,82.5913,83.7945,24.3154,4.58172,0.275086
1.8546,18.0711,18.0711,4.56148,82.4311,83.8001,24.314,4.56148,0.273419
1.8548,18.1273,18.1273,4.553,82.5334,83.8057,24.3132,4.553,0.271752
1.855,18.1485,18.1485,4.54559,82.4957,83.8112,24.3128,4.54559,0.270086
1.8552,18.2075,18.2075,4.53025,82.4847,83.8168,24.3118,4.53025,0.268419
1.8554,18.1571,18.1571,4.55568,82.718,83.8224,24.3134,4.55568,0.270086
1.8556,18.1034,18.1034,4.56115,82.5724,83.8279,24.3139,4.56115,0.271752
1.8558,18.0758,18.0758,4.57013,82.6085,83.8335,24.3144,4.57013,0.273419
1.856,18.038,18.038,4.58101,82.6323,83.8391,24.3153,4.58101,0.275086
1.8562,18.0681,18.0681,4.56699,82.5169,83.8447,24.3144,4.56699,0.273419
1.8564,18.1218,18.1218,4.55396,82.5262,83.8502,24.3135,4.55396,0.271752
1.8566,18.148,18.148,4.54939,82.5623,83.8558,24.3131,4.54939,0.270086
1.8568,18.2044,18.2044,4.53365,82.5324,83.8614,24.3119,4.53365,0.268419
1.857,18.1653,18.1653,4.55438,82.7316,83.8669,24.3134,4.55438,0.270086
1.8572,18.1004,18.1004,4.56587,82.644,83.8725,24.3143,4.56587,0.271752
1.8574,18.0794,18.0794,4.57173,82.654,83.8781,24.3145,4.57173,0.273419
1.8576,18.0346,18.0346,4.5845,82.6795,83.8836,24.3155,4.5845,0.275086
1.8578,18.0689,18.0689,4.56711,82.5227,83.8892,24.3142,4.56711,0.273419
1.858,18.1234,18.1234,4.55907,82.6257,83.8948,24.3137,4.55907,0.271752
1.8582,18.1569,18.1569,4.55037,82.6206,83.9003,24.3131,4.55037,0.270086
1.8584,18.2003,18.2003,4.53639,82.5637,83.9059,24.3121,4.53639,0.268419
1.8586,18.165,18.165,4.55432,82.7292,83.9115,24.3135,4.55432,0.270086
1.8588,18.1303,18.1303,4.56166,82.7045,83.917,24.3138,4.56166,0.271752
1.859,18.0682,18.0682,4.5794,82.7417,83.9226,24.3151,4.5794,0.273419
1.8592,18.0307,18.0307,4.58418,82.6559,83.9282,24.3154,4.58418,0.275086
1.8594,18.0723,18.0723,4.57033,82.5965,83.9337,24.3146,4.57033,0.273419
1.8596,18.1168,18.1168,4.56305,82.6678,83.9393,24.3139,4.56305,0.271752
1.8598,18.1549,18.1549,4.55101,82.6231,83.9449,24.3131,4.55101,0.270086
1.86,18.2036,18.2036,4.53653,82.5811,83.9504,24.3122,4.53653,0.268419
1.8602,18.1679,18.1679,4.55562,82.7662,83.956,24.3136,4.55562,0.270086
1.8604,18.1042,18.1042,4.57027,82.7413,83.9616,24.3146,4.57027,0.271752
1.8606,18.0849,18.0849,4.57572,82.7515,83.9671,24.3148,4.57572,0.273419
1.8608,18.0364,18.0364,4.58853,82.7607,83.9727,24.3157,4.58853,0.275086
1.861,18.074,18.074,4.57224,82.6389,83.9783,24.3147,4.57224,0.273419
1.8612,18.1321,18.1321,4.55914,82.6667,83.9838,24.3138,4.55914,0.271752
1.8614,18.1541,18.1541,4.55549,82.7011,83.9894,24.3135,4.55549,0.270086
1.8616,18.2033,18.2033,4.54004,82.6435,83.995,24.3123,4.54004,0.268419
1.8618,18.1566,18.1566,4.56293,82.8472,84.0005,24.314,4.56293,0.270086
1.862,18.1409,18.1409,4.55945,82.7126,84.0061,24.3136,4.55945,0.271752
1.8622,18.0843,18.0843,4.58169,82.8568,84.0117,24.3151,4.58169,0.273419
1.8624,18.0216,18.0216,4.59357,82.7833,84.0172,24.3161,4.59357,0.275086
1.8626,18.0713,18.0713,4.57374,82.6533,84.0228,24.3148,4.57374,0.273419
1.8628,18.1387,18.1387,4.55954,82.7041,84.0284,24.3138,4.55954,0.271752
1.863,18.1619,18.1619,4.55769,82.7764,84.0339,24.3137,4.55769,0.270086
1.8632,18.2025,18.2025,4.5433,82.6992,84.0395,24.3128,4.5433,0.268419
1.8634,18.1421,18.1421,4.56664,82.8486,84.0451,24.3142,4.56664,0.270086
1.8636,18.1333,18.1333,4.56547,82.7872,84.0507,24.314,4.56547,0.271752
1.8638,18.0974,18.0974,4.57536,82.8022,84.0562,24.3149,4.57536,0.273419
1.864,18.0351,18.0351,4.59541,82.879,84.0618,24.3162,4.59541,0.275086
1.8642,18.066,18.066,4.57695,82.687,84.0674,24.3148,4.57695,0.273419
1.8644,18.1183,18.1183,4.56886,82.78,84.0729,24.3145,4.56886,0.271752
1.8646,18.1598,18.1598,4.55696,82.7533,84.0785,24.3137,4.55696,0.270086
1.8648,18.2068,18.2068,4.54515,82.7525,84.0841,24.3129,4.54515,0.268419
1.865,18.1494,18.1494,4.5667,82.8829,84.0896,24.3141,4.5667,0.270086
1.8652,18.126,18.126,4.57281,82.8869,84.0952,24.3146,4.57281,0.271752
1.8654,18.07,18.07,4.58659,82.8798,84.1008,24.3155,4.58659,0.273419
1.8656,18.0203,18.0203,4.5979,82.8552,84.1063,24.3165,4.5979,0.275086
1.8658,18.0762,18.0762,4.57522,82.7025,84.1119,24.3148,4.57522,0.273419
1.866,18.12,18.12,4.57327,82.8676,84.1175,24.3148,4.57327,0.271752
1.8662,18.1552,18.1552,4.55867,82.7634,84.123,24.3136,4.55867,0.270086
1.8664,18.2067,18.2067,4.54925,82.8269,84.1286,24.3132,4.54925,0.268419
1.8666,18.1573,18.1573,4.56736,82.9309,84.1342,24.3142,4.56736,0.270086
1.8668,18.1372,18.1372,4.56931,82.8746,84.1397,24.3145,4.56931,0.271752
1.867,18.0858,18.0858,4.58804,82.9785,84.1453,24.3157,4.58804,0.273419
1.8672,18.0185,18.0185,4.6021,82.923,84.1509,24.3166,4.6021,0.275086
1.8674,18.0683,18.0683,4.58016,82.7559,84.1564,24.315,4.58016,0.273419
1.8676,18.1172,18.1172,4.57421,82.872,84.162,24.3147,4.57421,0.271752
1.8678,18.1574,18.1574,4.56036,82.8043,84.1676,24.3138,4.56036,0.270086
1.868,18.2101,18.2101,4.54914,82.8402,84.1731,24.3131,4.54914,0.268419
1.8682,18.1571,18.1571,4.56979,82.9742,84.1787,24.3145,4.56979,0.270086
1.8684,18.1281,18.1281,4.57671,82.9672,84.1843,24.3148,4.57671,0.271752
1.8686,18.0777,18.0777,4.58928,82.9636,84.1898,24.3157,4.58928,0.273419
1.8688,18.0203,18.0203,4.6035,82.9564,84.1954,24.3169,4.6035,0.275086
1.869,18.0743,18.0743,4.57853,82.7535,84.201,24.3151,4.57853,0.273419
1.8692,18.1178,18.1178,4.5763,82.9126,84.2065,24.315,4.5763,0.271752
1.8694,18.1494,18.1494,4.56714,82.891,84.2121,24.3144,4.56714,0.270086
1.8696,18.2045,18.2045,4.55463,82.9149,84.2177,24.3135,4.55463,0.268419
1.8698,18.1585,18.1585,4.57268,83.0328,84.2232,24.3148,4.57268,0.270086
1.87,18.1188,18.1188,4.57948,82.9744,84.2288,24.3152,4.57948,0.271752
1.8702,18.0763,18.0763,4.59156,82.9985,84.2344,24.3161,4.59156,0.273419
1.8704,18.0247,18.0247,4.60503,83.0042,84.2399,24.317,4.60503,0.275086
1.8706,18.0679,18.0679,4.5853,82.8469,84.2455,24.3154,4.5853,0.273419
1.8708,18.1263,18.1263,4.57592,82.9446,84.2511,24.3148,4.57592,0.271752
1.871,18.17,18.17,4.56474,82.9416,84.2567,24.3142,4.56474,0.270086
1.8712,18.1347,18.1347,4.58277,83.107,84.2622,24.3154,4.58277,0.271752
1.8714,18.0687,18.0687,4.59596,83.0431,84.2678,24.3164,4.59596,0.273419
1.8716,18.0202,18.0202,4.60628,83.0062,84.2734,24.317,4.60628,0.275086
1.8718,18.0702,18.0702,4.58661,82.8812,84.2789,24.3155,4.58661,0.273419
1.872,18.1297,18.1297,4.5772,82.9834,84.2845,24.315,4.5772,0.271752
1.8722,18.1609,18.1609,4.56959,82.9878,84.2901,24.3144,4.56959,0.270086
1.8724,18.1152,18.1152,4.58752,83.1037,84.2956,24.3156,4.58752,0.271752
1.8726,18.0716,18.0716,4.59269,82.9971,84.3012,24.3159,4.59269,0.273419
1.8728,18.027,18.027,4.60748,83.0592,84.3068,24.3171,4.60748,0.275086
1.873,18.0655,18.0655,4.59192,82.9555,84.3123,24.316,4.59192,0.273419
1.8732,18.116,18.116,4.5797,82.966,84.3179,24.3151,4.5797,0.271752
1.8734,18.1648,18.1648,4.56648,82.9492,84.3235,24.3144,4.56648,0.270086
1.8736,18.1343,18.1343,4.58897,83.2177,84.329,24.3158,4.58897,0.271752
1.8738,18.0629,18.0629,4.59793,83.0517,84.3346,24.3165,4.59793,0.273419
1.874,18.0278,18.0278,4.60888,83.0881,84.3402,24.3172,4.60888,0.275086
1.8742,18.0678,18.0678,4.59253,82.977,84.3457,24.3161,4.59253,0.273419
1.8744,18.1118,18.1118,4.58551,83.0518,84.3513,24.3154,4.58551,0.271752
1.8746,18.1346,18.1346,4.57896,83.0376,84.3569,24.315,4.57896,0.270086
1.8748,18.2017,18.2017,4.55833,82.9693,84.3624,24.3138,4.55833,0.268419
1.875,18.166,18.166,4.57746,83.1541,84.368,24.3151,4.57746,0.270086
1.8752,18.1058,18.1058,4.59278,83.1558,84.3736,24.3159,4.59278,0.271752
1.8754,18.0621,18.0621,4.60161,83.1145,84.3791,24.3167,4.60161,0.273419
1.8756,18.114,18.114,4.58155,82.9903,84.3847,24.3152,4.58155,0.271752
1.8758,18.1726,18.1726,4.57082,83.0636,84.3903,24.3147,4.57082,0.270086
1.876,18.1282,18.1282,4.59311,83.2648,84.3958,24.3162,4.59311,0.271752
1.8762,18.0548,18.0548,4.60306,83.1071,84.4014,24.3163,4.60306,0.273419
1.8764,18.1137,18.1137,4.58306,83.0163,84.407,24.3153,4.58306,0.271752
1.8766,18.1683,18.1683,4.57327,83.0885,84.4125,24.3146,4.57327,0.270086
1.8768,18.1171,18.1171,4.59514,83.2507,84.4181,24.3161,4.59514,0.271752
1.877,18.0601,18.0601,4.60379,83.1449,84.4237,24.3169,4.60379,0.273419
1.8772,18.1126,18.1126,4.58812,83.1027,84.4292,24.3158,4.58812,0.271752
1.8774,18.1667,18.1667,4.57516,83.1156,84.4348,24.3147,4.57516,0.270086
1.8776,18.1149,18.1149,4.59705,83.275,84.4404,24.3163,4.59705,0.271752
1.8778,18.0692,18.0692,4.60296,83.1719,84.4459,24.3167,4.60296,0.273419
1.878,18.0312,18.0312,4.61359,83.1887,84.4515,24.3174,4.61359,0.275086
1.8782,18.0645,18.0645,4.60066,83.1088,84.4571,24.3167,4.60066,0.273419
1.8784,18.1118,18.1118,4.59116,83.1542,84.4627,24.3158,4.59116,0.271752
1.8786,18.1672,18.1672,4.57496,83.1142,84.4682,24.3148,4.57496,0.270086
1.8788,18.1164,18.1164,4.59842,83.3071,84.4738,24.3165,4.59842,0.271752
1.879,18.0687,18.0687,4.60509,83.208,84.4794,24.3168,4.60509,0.273419
1.8792,18.0338,18.0338,4.61601,83.2442,84.4849,24.3175,4.61601,0.275086
1.8794,18.0905,18.0905,4.59299,83.0896,84.4905,24.316,4.59299,0.273419
1.8796,18.117,18.117,4.59253,83.2026,84.4961,24.3155,4.59253,0.271752
1.8798,18.17,18.17,4.57735,83.1705,84.5016,24.3149,4.57735,0.270086
1.88,18.1217,18.1217,4.59632,83.2932,84.5072,24.3164,4.59632,0.271752
1.8802,18.0721,18.0721,4.60692,83.2568,84.5128,24.317,4.60692,0.273419
1.8804,18.0347,18.0347,4.61731,83.2718,84.5183,24.3178,4.61731,0.275086
1.8806,18.084,18.084,4.59621,83.1178,84.5239,24.3164,4.59621,0.273419
1.8808,18.1166,18.1166,4.59633,83.2701,84.5295,24.3163,4.59633,0.271752
1.881,18.164,18.164,4.57893,83.1717,84.535,24.3152,4.57893,0.270086
1.8812,18.1163,18.1163,4.59934,83.3229,84.5406,24.3164,4.59934,0.271752
1.8814,18.0728,18.0728,4.60816,83.2824,84.5462,24.3171,4.60816,0.273419
1.8816,18.0482,18.0482,4.61631,83.3158,84.5517,24.3177,4.61631,0.275086
1.8818,18.0726,18.0726,4.60453,83.2155,84.5573,24.3168,4.60453,0.273419
1.882,18.1107,18.1107,4.59534,83.2248,84.5629,24.3161,4.59534,0.271752
1.8822,18.1599,18.1599,4.5858,83.2778,84.5684,24.3154,4.5858,0.270086
1.8824,18.1085,18.1085,4.60313,83.3556,84.574,24.3169,4.60313,0.271752
1.8826,18.0713,18.0713,4.60759,83.2653,84.5796,24.317,4.60759,0.273419
1.8828,18.0442,18.0442,4.61919,83.3495,84.5851,24.3179,4.61919,0.275086
1.883,18.0731,18.0731,4.60565,83.2384,84.5907,24.3169,4.60565,0.273419
1.8832,18.1235,18.1235,4.5961,83.2976,84.5963,24.3164,4.5961,0.271752
1.8834,18.1623,18.1623,4.58465,83.2678,84.6018,24.3156,4.58465,0.270086
1.8836,18.1112,18.1112,4.60495,83.4014,84.6074,24.317,4.60495,0.271752
1.8838,18.0725,18.0725,4.61006,83.3152,84.613,24.3173,4.61006,0.273419
1.884,18.0707,18.0707,4.6099,83.3039,84.6185,24.3172,4.6099,0.275086
1.8842,18.0146,18.0146,4.63145,83.4336,84.6241,24.3186,4.63145,0.276753
1.8844,18.03,18.03,4.6177,83.2574,84.6297,24.3178,4.6177,0.275086
1.8846,18.0838,18.0838,4.60552,83.2853,84.6352,24.3168,4.60552,0.273419
1.8848,18.1238,18.1238,4.59932,83.3569,84.6408,24.3165,4.59932,0.271752
1.885,18.1668,18.1668,4.58687,83.3289,84.6464,24.3156,4.58687,0.270086
1.8852,18.123,18.123,4.60417,83.4413,84.6519,24.3167,4.60417,0.271752
1.8854,18.0667,18.0667,4.61668,83.4084,84.6575,24.3175,4.61668,0.273419
1.8856,18.0322,18.0322,4.62337,83.3698,84.6631,24.318,4.62337,0.275086
1.8858,18.0736,18.0736,4.60815,83.2857,84.6687,24.3169,4.60815,0.273419
1.886,18.1145,18.1145,4.60052,83.3362,84.6742,24.3167,4.60052,0.271752
1.8862,18.1704,18.1704,4.58527,83.3162,84.6798,24.3157,4.58527,0.270086
1.8864,18.1288,18.1288,4.60549,83.4922,84.6854,24.317,4.60549,0.271752
1.8866,18.0715,18.0715,4.61586,83.4154,84.6909,24.3175,4.61586,0.273419
1.8868,18.0359,18.0359,4.62605,83.4351,84.6965,24.3182,4.62605,0.275086
1.887,18.0713,18.0713,4.61266,83.357,84.7021,24.3174,4.61266,0.273419
1.8872,18.1244,18.1244,4.60174,83.4036,84.7076,24.3168,4.60174,0.271752
1.8874,18.1674,18.1674,4.58763,83.3453,84.7132,24.3156,4.58763,0.270086
1.8876,18.1319,18.1319,4.60189,83.4409,84.7188,24.3166,4.60189,0.271752
1.8878,18.0715,18.0715,4.62107,83.5095,84.7243,24.3178,4.62107,0.273419
1.888,18.0314,18.0314,4.62869,83.4618,84.7299,24.3186,4.62869,0.275086
1.8882,18.0788,18.0788,4.6077,83.3017,84.7355,24.3172,4.6077,0.273419
1.8884,18.1212,18.1212,4.60297,83.4116,84.741,24.3167,4.60297,0.271752
1.8886,18.1607,18.1607,4.5925,83.4032,84.7466,24.3162,4.5925,0.270086
1.8888,18.124,18.124,4.60841,83.5227,84.7522,24.317,4.60841,0.271752
1.889,18.0747,18.0747,4.61856,83.4794,84.7577,24.3179,4.61856,0.273419
1.8892,18.0362,18.0362,4.63086,83.5233,84.7633,24.3186,4.63086,0.275086
1.8894,18.0671,18.0671,4.61532,83.3855,84.7689,24.3174,4.61532,0.273419
1.8896,18.1314,18.1314,4.60095,83.4218,84.7744,24.3165,4.60095,0.271752
1.8898,18.1726,18.1726,4.59256,83.4588,84.78,24.3161,4.59256,0.270086
1.89,18.1117,18.1117,4.6125,83.5402,84.7856,24.3173,4.6125,0.271752
1.8902,18.0783,18.0783,4.61766,83.4796,84.7911,24.3178,4.61766,0.273419
1.8904,18.0424,18.0424,4.63142,83.5619,84.7967,24.3186,4.63142,0.275086
1.8906,18.0731,18.0731,4.61497,83.4068,84.8023,24.3174,4.61497,0.273419
1.8908,18.1294,18.1294,4.60442,83.4756,84.8078,24.3167,4.60442,0.271752
1.891,18.1616,18.1616,4.59502,83.4531,84.8134,24.3162,4.59502,0.270086
1.8912,18.1176,18.1176,4.61699,83.6488,84.819,24.3177,4.61699,0.271752
1.8914,18.0786,18.0786,4.6212,83.5447,84.8245,24.3178,4.6212,0.273419
1.8916,18.0347,18.0347,4.63413,83.5753,84.8301,24.3189,4.63413,0.275086
1.8918,18.0788,18.0788,4.61513,83.4361,84.8357,24.3176,4.61513,0.273419
1.892,18.1224,18.1224,4.60782,83.5047,84.8412,24.317,4.60782,0.271752
1.8922,18.1658,18.1658,4.59383,83.4505,84.8468,24.3161,4.59383,0.270086
1.8924,18.1176,18.1176,4.61378,83.5903,84.8524,24.3174,4.61378,0.271752
1.8926,18.0796,18.0796,4.62186,83.5614,84.8579,24.3179,4.62186,0.273419
1.8928,18.0361,18.0361,4.63587,83.6129,84.8635,24.3191,4.63587,0.275086
1.893,18.0849,18.0849,4.61523,83.4661,84.8691,24.3174,4.61523,0.273419
1.8932,18.1329,18.1329,4.60982,83.5894,84.8747,24.3171,4.60982,0.271752
1.8934,18.1638,18.1638,4.59869,83.5297,84.8802,24.3163,4.59869,0.270086
1.8936,18.134,18.134,4.61246,83.6424,84.8858,24.3175,4.61246,0.271752
1.8938,18.0777,18.0777,4.62762,83.6567,84.8914,24.3184,4.62762,0.273419
1.894,18.0319,18.0319,4.63729,83.6191,84.8969,24.319,4.63729,0.275086
1.8942,18.0882,18.0882,4.61614,83.4975,84.9025,24.3176,4.61614,0.273419
1.8944,18.1213,18.1213,4.61374,83.6067,84.9081,24.3176,4.61374,0.271752
1.8946,18.1629,18.1629,4.5981,83.5147,84.9136,24.3165,4.5981,0.270086
1.8948,18.1314,18.1314,4.61491,83.6748,84.9192,24.3175,4.61491,0.271752
1.895,18.0767,18.0767,4.63017,83.6983,84.9248,24.3184,4.63017,0.273419
1.8952,18.0454,18.0454,4.63311,83.6063,84.9303,24.3189,4.63311,0.275086
1.8954,18.0899,18.0899,4.62021,83.5794,84.9359,24.3179,4.62021,0.273419
1.8956,18.1154,18.1154,4.61528,83.6076,84.9415,24.3175,4.61528,0.271752
1.8958,18.1649,18.1649,4.60186,83.5921,84.947,24.3167,4.60186,0.270086
1.896,18.1179,18.1179,4.61922,83.6906,84.9526,24.3178,4.61922,0.271752
1.8962,18.0858,18.0858,4.62686,83.6803,84.9582,24.3184,4.62686,0.273419
1.8964,18.0369,18.0369,4.64036,83.6977,84.9637,24.3193,4.64036,0.275086
1.8966,18.0751,18.0751,4.62627,83.6206,84.9693,24.3181,4.62627,0.273419
1.8968,18.12,18.12,4.61589,83.6398,84.9749,24.3175,4.61589,0.271752
1.897,18.1726,18.1726,4.60018,83.5971,84.9804,24.3166,4.60018,0.270086
1.8972,18.1294,18.1294,4.61958,83.75,84.986,24.3177,4.61958,0.271752
1.8974,18.0804,18.0804,4.63312,83.769,84.9916,24.3188,4.63312,0.273419
1.8976,18.0347,18.0347,4.64188,83.7149,84.9971,24.3195,4.64188,0.275086
1.8978,18.0907,18.0907,4.62103,83.5977,85.0027,24.3181,4.62103,0.273419
1.898,18.1345,18.1345,4.61655,83.719,85.0083,24.3177,4.61655,0.271752
1.8982,18.168,18.168,4.60291,83.6258,85.0138,24.3166,4.60291,0.270086
1.8984,18.125,18.125,4.62182,83.7702,85.0194,24.318,4.62182,0.271752
1.8986,18.0825,18.0825,4.6313,83.7456,85.025,24.3187,4.6313,0.273419
1.8988,18.0377,18.0377,4.64401,83.7673,85.0305,24.3194,4.64401,0.275086
1.899,18.0853,18.0853,4.62446,83.6347,85.0361,24.3183,4.62446,0.273419
1.8992,18.1272,18.1272,4.61602,83.6756,85.0417,24.3176,4.61602,0.271752
1.8994,18.1709,18.1709,4.60564,83.6888,85.0472,24.3169,4.60564,0.270086
1.8996,18.1322,18.1322,4.62333,83.8313,85.0528,24.318,4.62333,0.271752
1.8998,18.0852,18.0852,4.63185,83.7679,85.0584,24.3188,4.63185,0.273419
1.9,18.0391,18.0391,4.64582,83.8063,85.0639,24.3195,4.64582,0.275086
1.9002,18.0796,18.0796,4.62969,83.7031,85.0695,24.3185,4.62969,0.273419
1.9004,18.123,18.123,4.62031,83.7341,85.0695,24.3179,4.62031,0.271752
1.9006,18.0797,18.0797,4.63668,83.8296,85.0695,24.3191,4.63668,0.273419
1.9008,18.0417,18.0417,4.64416,83.7884,85.0695,24.3195,4.64416,0.275086
1.901,18.0836,18.0836,4.62857,83.7013,85.0695,24.3183,4.62857,0.273419
1.9012,18.1232,18.1232,4.62061,83.7403,85.0695,24.3179,4.62061,0.271752
1.9014,18.0859,18.0859,4.63409,83.8115,85.0695,24.3188,4.63409,0.273419
1.9016,18.0348,18.0348,4.64652,83.799,85.0695,24.3197,4.64652,0.275086
1.9018,18.0845,18.0845,4.62754,83.6867,85.0695,24.3183,4.62754,0.273419
1.902,18.1296,18.1296,4.61648,83.6951,85.0695,24.3177,4.61648,0.271752
1.9022,18.0978,18.0978,4.63314,83.8498,85.0695,24.3186,4.63314,0.273419
1.9024,18.0383,18.0383,4.64666,83.818,85.0695,24.3198,4.64666,0.275086
1.9026,18.0854,18.0854,4.62858,83.7094,85.0695,24.3185,4.62858,0.273419
1.9028,18.1227,18.1227,4.62075,83.7406,85.0695,24.3179,4.62075,0.271752
1.903,18.0858,18.0858,4.63405,83.8107,85.0695,24.3188,4.63405,0.273419
1.9032,18.0348,18.0348,4.64652,83.7992,85.0695,24.3197,4.64652,0.275086
1.9034,18.0845,18.0845,4.62754,83.6867,85.0695,24.3183,4.62754,0.273419
1.9036,18.1296,18.1296,4.61648,83.6951,85.0695,24.3177,4.61648,0.271752
1.9038,18.0978,18.0978,4.63314,83.8498,85.0695,24.3186,4.63314,0.273419
1.904,18.0383,18.0383,4.64667,83.818,85.0695,24.3198,4.64667,0.275086
1.9042,18.0854,18.0854,4.62858,83.7094,85.0695,24.3185,4.62858,0.273419
1.9044,18.1227,18.1227,4.62075,83.7406,85.0695,24.3179,4.62075,0.271752
1.9046,18.0858,18.0858,4.63405,83.8107,85.0695,24.3188,4.63405,0.273419
1.9048,18.0348,18.0348,4.64652,83.7992,85.0695,24.3197,4.64652,0.275086
1.905,18.0845,18.0845,4.62754,83.6867,85.0695,24.3183,4.62754,0.273419
1.9052,18.1296,18.1296,4.61648,83.6951,85.0695,24.3177,4.61648,0.271752
1.9054,18.0978,18.0978,4.63314,83.8498,85.0695,24.3186,4.63314,0.273419
1.9056,18.0383,18.0383,4.64667,83.818,85.0695,24.3198,4.64667,0.275086
1.9058,18.0854,18.0854,4.62858,83.7094,85.0695,24.3185,4.62858,0.273419
1.906,18.1227,18.1227,4.62075,83.7406,85.0695,24.3179,4.62075,0.271752
1.9062,18.0858,18.0858,4.63405,83.8107,85.0695,24.3188,4.63405,0.273419
1.9064,18.0348,18.0348,4.64652,83.7992,85.0695,24.3197,4.64652,0.275086
1.9066,18.0845,18.0845,4.62754,83.6867,85.0695,24.3183,4.62754,0.273419
1.9068,18.1296,18.1296,4.61648,83.6951,85.0695,24.3177,4.61648,0.271752
1.907,18.0978,18.0978,4.63314,83.8498,85.0695,24.3186,4.63314,0.273419
1.9072,18.0383,18.0383,4.64667,83.818,85.0695,24.3198,4.64667,0.275086
1.9074,18.0854,18.0854,4.62858,83.7094,85.0695,24.3185,4.62858,0.273419
1.9076,18.1227,18.1227,4.62075,83.7406,85.0695,24.3179,4.62075,0.271752
1.9078,18.0858,18.0858,4.63405,83.8107,85.0695,24.3188,4.63405,0.273419
1.908,18.0348,18.0348,4.64652,83.7992,85.0695,24.3197,4.64652,0.275086
1.9082,18.0845,18.0845,4.62754,83.6867,85.0695,24.3183,4.62754,0.273419
1.9084,18.1296,18.1296,4.61648,83.6951,85.0695,24.3177,4.61648,0.271752
1.9086,18.0978,18.0978,4.63314,83.8498,85.0695,24.3186,4.63314,0.273419
1.9088,18.0383,18.0383,4.64667,83.818,85.0695,24.3198,4.64667,0.275086
1.909,18.0854,18.0854,4.62858,83.7094,85.0695,24.3185,4.62858,0.273419
1.9092,18.1227,18.1227,4.62075,83.7406,85.0695,24.3179,4.62075,0.271752
1.9094,18.0858,18.0858,4.63405,83.8107,85.0695,24.3188,4.63405,0.273419
1.9096,18.0348,18.0348,4.64652,83.7992,85.0695,24.3197,4.64652,0.275086
1.9098,18.0845,18.0845,4.62754,83.6867,85.0695,24.3183,4.62754,0.273419
1.91,18.1296,18.1296,4.61648,83.6951,85.0695,24.3177,4.61648,0.271752
1.9102,18.0978,18.0978,4.63314,83.8498,85.0695,24.3186,4.63314,0.273419
1.9104,18.0383,18.0383,4.64667,83.818,85.0695,24.3198,4.64667,0.275086
1.9106,18.0854,18.0854,4.62858,83.7094,85.0695,24.3185,4.62858,0.273419
1.9108,18.1227,18.1227,4.62075,83.7406,85.0695,24.3179,4.62075,0.271752
1.911,18.0858,18.0858,4.63405,83.8107,85.0695,24.3188,4.63405,0.273419
1.9112,18.0348,18.0348,4.64652,83.7992,85.0695,24.3197,4.64652,0.275086
1.9114,18.0845,18.0845,4.62754,83.6867,85.0695,24.3183,4.62754,0.273419
1.9116,18.1296,18.1296,4.61648,83.6951,85.0695,24.3177,4.61648,0.271752
1.9118,18.0978,18.0978,4.63314,83.8498,85.0695,24.3186,4.63314,0.273419
1.912,18.0383,18.0383,4.64667,83.818,85.0695,24.3198,4.64667,0.275086
1.9122,18.0854,18.0854,4.62858,83.7094,85.0695,24.3185,4.62858,0.273419
1.9124,18.1227,18.1227,4.62075,83.7406,85.0695,24.3179,4.62075,0.271752
1.9126,18.0858,18.0858,4.63405,83.8107,85.0695,24.3188,4.63405,0.273419
1.9128,18.0348,18.0348,4.64652,83.7992,85.0695,24.3197,4.64652,0.275086
1.913,18.0845,18.0845,4.62754,83.6867,85.0695,24.3183,4.62754,0.273419
1.9132,18.1296,18.1296,4.61648,83.6951,85.0695,24.3177,4.61648,0.271752
1.9134,18.0978,18.0978,4.63314,83.8498,85.0695,24.3186,4.63314,0.273419
1.9136,18.0383,18.0383,4.64667,83.818,85.0695,24.3198,4.64667,0.275086
1.9138,18.0854,18.0854,4.62858,83.7094,85.0695,24.3185,4.62858,0.273419
1.914,18.1227,18.1227,4.62075,83.7406,85.0695,24.3179,4.62075,0.271752
1.9142,18.0858,18.0858,4.63405,83.8107,85.0695,24.3188,4.63405,0.273419
1.9144,18.0348,18.0348,4.64652,83.7992,85.0695,24.3197,4.64652,0.275086
1.9146,18.0845,18.0845,4.62754,83.6867,85.0695,24.3183,4.62754,0.273419
1.9148,18.1296,18.1296,4.61648,83.6951,85.0695,24.3177,4.61648,0.271752
1.915,18.0978,18.0978,4.63314,83.8498,85.0695,24.3186,4.63314,0.273419
1.9152,18.0383,18.0383,4.64667,83.818,85.0695,24.3198,4.64667,0.275086
1.9154,18.0854,18.0854,4.62858,83.7094,85.0695,24.3185,4.62858,0.273419
1.9156,18.1227,18.1227,4.62075,83.7406,85.0695,24.3179,4.62075,0.271752
1.9158,18.0858,18.0858,4.63405,83.8107,85.0695,24.3188,4.63405,0.273419
1.916,18.0348,18.0348,4.64652,83.7992,85.0695,24.3197,4.64652,0.275086
1.9162,18.0845,18.0845,4.62754,83.6867,85.0695,24.3183,4.62754,0.273419
1.9164,18.1296,18.1296,4.61648,83.6951,85.0695,24.3177,4.61648,0.271752
1.9166,18.0978,18.0978,4.63314,83.8498,85.0695,24.3186,4.63314,0.273419
1.9168,18.0383,18.0383,4.64667,83.818,85.0695,24.3198,4.64667,0.275086
1.917,18.0854,18.0854,4.62858,83.7094,85.0695,24.3185,4.62858,0.273419
1.9172,18.1227,18.1227,4.62075,83.7406,85.0695,24.3179,4.62075,0.271752
1.9174,18.0858,18.0858,4.63405,83.8107,85.0695,24.3188,4.63405,0.273419
1.9176,18.0348,18.0348,4.64652,83.7992,85.0695,24.3197,4.64652,0.275086
1.9178,18.0845,18.0845,4.62754,83.6867,85.0695,24.3183,4.62754,0.273419
1.918,18.1296,18.1296,4.61648,83.6951,85.0695,24.3177,4.61648,0.271752
1.9182,18.0978,18.0978,4.63314,83.8498,85.0695,24.3186,4.63314,0.273419
1.9184,18.0383,18.0383,4.64667,83.818,85.0695,24.3198,4.64667,0.275086
1.9186,18.0854,18.0854,4.62858,83.7094,85.0695,24.3185,4.62858,0.273419
1.9188,18.1227,18.1227,4.62075,83.7406,85.0695,24.3179,4.62075,0.271752
1.919,18.0858,18.0858,4.63405,83.8107,85.0695,24.3188,4.63405,0.273419
1.9192,18.0348,18.0348,4.64652,83.7992,85.0695,24.3197,4.64652,0.275086
1.9194,18.0845,18.0845,4.62754,83.6867,85.0695,24.3183,4.62754,0.273419
1.9196,18.1296,18.1296,4.61648,83.6951,85.0695,24.3177,4.61648,0.271752
1.9198,18.0978,18.0978,4.63314,83.8498,85.0695,24.3186,4.63314,0.273419
1.92,18.0383,18.0383,4.64667,83.818,85.0695,24.3198,4.64667,0.275086
1.9202,18.0854,18.0854,4.62858,83.7094,85.0695,24.3185,4.62858,0.273419
1.9204,18.1227,18.1227,4.62075,83.7406,85.0695,24.3179,4.62075,0.271752
1.9206,18.0858,18.0858,4.63405,83.8107,85.0695,24.3188,4.63405,0.273419
1.9208,18.0348,18.0348,4.64652,83.7992,85.0695,24.3197,4.64652,0.275086
1.921,18.0845,18.0845,4.62754,83.6867,85.0695,24.3183,4.62754,0.273419
1.9212,18.1296,18.1296,4.61648,83.6951,85.0695,24.3177,4.61648,0.271752
1.9214,18.0978,18.0978,4.63314,83.8498,85.0695,24.3186,4.63314,0.273419
1.9216,18.0383,18.0383,4.64667,83.818,85.0695,24.3198,4.64667,0.275086
1.9218,18.0854,18.0854,4.62858,83.7094,85.0695,24.3185,4.62858,0.273419
1.922,18.1227,18.1227,4.62075,83.7406,85.0695,24.3179,4.62075,0.271752
1.9222,18.0858,18.0858,4.63405,83.8107,85.0695,24.3188,4.63405,0.273419
1.9224,18.0348,18.0348,4.64652,83.7992,85.0695,24.3197,4.64652,0.275086
1.9226,18.0845,18.0845,4.62754,83.6867,85.0695,24.3183,4.62754,0.273419
1.9228,18.1296,18.1296,4.61648,83.6951,85.0695,24.3177,4.61648,0.271752
1.923,18.0978,18.0978,4.63314,83.8498,85.0695,24.3186,4.63314,0.273419
1.9232,18.0383,18.0383,4.64667,83.818,85.0695,24.3198,4.64667,0.275086
1.9234,18.0854,18.0854,4.62858,83.7094,85.0695,24.3185,4.62858,0.273419
1.9236,18.1227,18.1227,4.62075,83.7406,85.0695,24.3179,4.62075,0.271752
1.9238,18.0858,18.0858,4.63405,83.8107,85.0695,24.3188,4.63405,0.273419
1.924,18.0348,18.0348,4.64652,83.7992,85.0695,24.3197,4.64652,0.275086
1.9242,18.0845,18.0845,4.62754,83.6867,85.0695,24.3183,4.62754,0.273419
1.9244,18.1296,18.1296,4.61648,83.6951,85.0695,24.3177,4.61648,0.271752
1.9246,18.0978,18.0978,4.63314,83.8498,85.0695,24.3186,4.63314,0.273419
1.9248,18.0383,18.0383,4.64667,83.818,85.0695,24.3198,4.64667,0.275086
1.925,18.0854,18.0854,4.62858,83.7094,85.0695,24.3185,4.62858,0.273419
1.9252,18.1227,18.1227,4.62075,83.7406,85.0695,24.3179,4.62075,0.271752
1.9254,18.0858,18.0858,4.63405,83.8107,85.0695,24.3188,4.63405,0.273419
1.9256,18.0348,18.0348,4.64652,83.7992,85.0695,24.3197,4.64652,0.275086
1.9258,18.0845,18.0845,4.62754,83.6867,85.0695,24.3183,4.62754,0.273419
1.926,18.1296,18.1296,4.61648,83.6951,85.0695,24.3177,4.61648,0.271752
1.9262,18.0978,18.0978,4.63314,83.8498,85.0695,24.3186,4.63314,0.273419
1.9264,18.0383,18.0383,4.64667,83.818,85.0695,24.3198,4.64667,0.275086
1.9266,18.0854,18.0854,4.62858,83.7094,85.0695,24.3185,4.62858,0.273419
1.9268,18.1227,18.1227,4.62075,83.7406,85.0695,24.3179,4.62075,0.271752
1.927,18.0858,18.0858,4.63405,83.8107,85.0695,24.3188,4.63405,0.273419
1.9272,18.0348,18.0348,4.64652,83.7992,85.0695,24.3197,4.64652,0.275086
1.9274,18.0845,18.0845,4.62754,83.6867,85.0695,24.3183,4.62754,0.273419
1.9276,18.1296,18.1296,4.61648,83.6951,85.0695,24.3177,4.61648,0.271752
1.9278,18.0978,18.0978,4.63314,83.8498,85.0695,24.3186,4.63314,0.273419
1.928,18.0383,18.0383,4.64667,83.818,85.0695,24.3198,4.64667,0.275086
1.9282,18.0854,18.0854,4.62858,83.7094,85.0695,24.3185,4.62858,0.273419
1.9284,18.1227,18.1227,4.62075,83.7406,85.0695,24.3179,4.62075,0.271752
1.9286,18.0858,18.0858,4.63405,83.8107,85.0695,24.3188,4.63405,0.273419
1.9288,18.0348,18.0348,4.64652,83.7992,85.0695,24.3197,4.64652,0.275086
1.929,18.0845,18.0845,4.62754,83.6867,85.0695,24.3183,4.62754,0.273419
1.9292,18.1296,18.1296,4.61648,83.6951,85.0695,24.3177,4.61648,0.271752
1.9294,18.0978,18.0978,4.63314,83.8498,85.0695,24.3186,4.63314,0.273419
1.9296,18.0383,18.0383,4.64667,83.818,85.0695,24.3198,4.64667,0.275086
1.9298,18.0854,18.0854,4.62858,83.7094,85.0695,24.3185,4.62858,0.273419
1.93,18.1227,18.1227,4.62075,83.7406,85.0695,24.3179,4.62075,0.271752
1.9302,18.0858,18.0858,4.63405,83.8107,85.0695,24.3188,4.63405,0.273419
1.9304,18.0348,18.0348,4.64652,83.7992,85.0695,24.3197,4.64652,0.275086
1.9306,18.0845,18.0845,4.62754,83.6867,85.0695,24.3183,4.62754,0.273419
1.9308,18.1296,18.1296,4.61648,83.6951,85.0695,24.3177,4.61648,0.271752
1.931,18.0978,18.0978,4.63314,83.8498,85.0695,24.3186,4.63314,0.273419
1.9312,18.0383,18.0383,4.64667,83.818,85.0695,24.3198,4.64667,0.275086
1.9314,18.0854,18.0854,4.62858,83.7094,85.0695,24.3185,4.62858,0.273419
1.9316,18.1227,18.1227,4.62075,83.7406,85.0695,24.3179,4.62075,0.271752
1.9318,18.0858,18.0858,4.63405,83.8107,85.0695,24.3188,4.63405,0.273419
1.932,18.0348,18.0348,4.64652,83.7992,85.0695,24.3197,4.64652,0.275086
1.9322,18.0845,18.0845,4.62754,83.6867,85.0695,24.3183,4.62754,0.273419
1.9324,18.1296,18.1296,4.61648,83.6951,85.0695,24.3177,4.61648,0.271752
1.9326,18.0978,18.0978,4.63314,83.8498,85.0695,24.3186,4.63314,0.273419
1.9328,18.0383,18.0383,4.64667,83.818,85.0695,24.3198,4.64667,0.275086
1.933,18.0854,18.0854,4.62858,83.7094,85.0695,24.3185,4.62858,0.273419
1.9332,18.1227,18.1227,4.62075,83.7406,85.0695,24.3179,4.62075,0.271752
1.9334,18.0858,18.0858,4.63405,83.8107,85.0695,24.3188,4.63405,0.273419
1.9336,18.0348,18.0348,4.64652,83.7992,85.0695,24.3197,4.64652,0.275086
1.9338,18.0845,18.0845,4.62754,83.6867,85.0695,24.3183,4.62754,0.273419
1.934,18.1296,18.1296,4.61648,83.6951,85.0695,24.3177,4.61648,0.271752
1.9342,18.0978,18.0978,4.63314,83.8498,85.0695,24.3186,4.63314,0.273419
1.9344,18.0383,18.0383,4.64667,83.818,85.0695,24.3198,4.64667,0.275086
1.9346,18.0854,18.0854,4.62858,83.7094,85.0695,24.3185,4.62858,0.273419
1.9348,18.1227,18.1227,4.62075,83.7406,85.0695,24.3179,4.62075,0.271752
1.935,18.0858,18.0858,4.63405,83.8107,85.0695,24.3188,4.63405,0.273419
1.9352,18.0348,18.0348,4.64652,83.7992,85.0695,24.3197,4.64652,0.275086
1.9354,18.0845,18.0845,4.62754,83.6867,85.0695,24.3183,4.62754,0.273419
1.9356,18.1296,18.1296,4.61648,83.6951,85.0695,24.3177,4.61648,0.271752
1.9358,18.0978,18.0978,4.63314,83.8498,85.0695,24.3186,4.63314,0.273419
1.936,18.0383,18.0383,4.64667,83.818,85.0695,24.3198,4.64667,0.275086
1.9362,18.0854,18.0854,4.62858,83.7094,85.0695,24.3185,4.62858,0.273419
1.9364,18.1227,18.1227,4.62075,83.7406,85.0695,24.3179,4.62075,0.271752
1.9366,18.0858,18.0858,4.63405,83.8107,85.0695,24.3188,4.63405,0.273419
1.9368,18.0348,18.0348,4.64652,83.7992,85.0695,24.3197,4.64652,0.275086
1.937,18.0845,18.0845,4.62754,83.6867,85.0695,24.3183,4.62754,0.273419
1.9372,18.1296,18.1296,4.61648,83.6951,85.0695,24.3177,4.61648,0.271752
1.9374,18.0978,18.0978,4.63314,83.8498,85.0695,24.3186,4.63314,0.273419
1.9376,18.0383,18.0383,4.64667,83.818,85.0695,24.3198,4.64667,0.275086
1.9378,18.0854,18.0854,4.62858,83.7094,85.0695,24.3185,4.62858,0.273419
1.938,18.1227,18.1227,4.62075,83.7406,85.0695,24.3179,4.62075,0.271752
1.9382,18.0858,18.0858,4.63405,83.8107,85.0695,24.3188,4.63405,0.273419
1.9384,18.0348,18.0348,4.64652,83.7992,85.0695,24.3197,4.64652,0.275086
1.9386,18.0845,18.0845,4.62754,83.6867,85.0695,24.3183,4.62754,0.273419
1.9388,18.1296,18.1296,4.61648,83.6951,85.0695,24.3177,4.61648,0.271752
1.939,18.0978,18.0978,4.63314,83.8498,85.0695,24.3186,4.63314,0.273419
1.9392,18.0383,18.0383,4.64667,83.818,85.0695,24.3198,4.64667,0.275086
1.9394,18.0854,18.0854,4.62858,83.7094,85.0695,24.3185,4.62858,0.273419
1.9396,18.1227,18.1227,4.62075,83.7406,85.0695,24.3179,4.62075,0.271752
1.9398,18.0858,18.0858,4.63405,83.8107,85.0695,24.3188,4.63405,0.273419
1.94,18.0348,18.0348,4.64652,83.7992,85.0695,24.3197,4.64652,0.275086
1.9402,18.0845,18.0845,4.62754,83.6867,85.0695,24.3183,4.62754,0.273419
1.9404,18.1296,18.1296,4.61648,83.6951,85.0695,24.3177,4.61648,0.271752
1.9406,18.0978,18.0978,4.63314,83.8498,85.0695,24.3186,4.63314,0.273419
1.9408,18.0383,18.0383,4.64667,83.818,85.0695,24.3198,4.64667,0.275086
1.941,18.0854,18.0854,4.62858,83.7094,85.0695,24.3185,4.62858,0.273419
1.9412,18.1227,18.1227,4.62075,83.7406,85.0695,24.3179,4.62075,0.271752
1.9414,18.0858,18.0858,4.63405,83.8107,85.0695,24.3188,4.63405,0.273419
1.9416,18.0348,18.0348,4.64652,83.7992,85.0695,24.3197,4.64652,0.275086
1.9418,18.0845,18.0845,4.62754,83.6867,85.0695,24.3183,4.62754,0.273419
1.942,18.1296,18.1296,4.61648,83.6951,85.0695,24.3177,4.61648,0.271752
1.9422,18.0978,18.0978,4.63314,83.8498,85.0695,24.3186,4.63314,0.273419
1.9424,18.0383,18.0383,4.64667,83.818,85.0695,24.3198,4.64667,0.275086
1.9426,18.0854,18.0854,4.62858,83.7094,85.0695,24.3185,4.62858,0.273419
1.9428,18.1227,18.1227,4.62075,83.7406,85.0695,24.3179,4.62075,0.271752
1.943,18.0858,18.0858,4.63405,83.8107,85.0695,24.3188,4.63405,0.273419
1.9432,18.0348,18.0348,4.64652,83.7992,85.0695,24.3197,4.64652,0.275086
1.9434,18.0845,18.0845,4.62754,83.6867,85.0695,24.3183,4.62754,0.273419
1.9436,18.1296,18.1296,4.61648,83.6951,85.0695,24.3177,4.61648,0.271752
1.9438,18.0978,18.0978,4.63314,83.8498,85.0695,24.3186,4.63314,0.273419
1.944,18.0383,18.0383,4.64667,83.818,85.0695,24.3198,4.64667,0.275086
1.9442,18.0854,18.0854,4.62858,83.7094,85.0695,24.3185,4.62858,0.273419
1.9444,18.1227,18.1227,4.62075,83.7406,85.0695,24.3179,4.62075,0.271752
1.9446,18.0858,18.0858,4.63405,83.8107,85.0695,24.3188,4.63405,0.273419
1.9448,18.0348,18.0348,4.64652,83.7992,85.0695,24.3197,4.64652,0.275086
1.945,18.0845,18.0845,4.62754,83.6867,85.0695,24.3183,4.62754,0.273419
1.9452,18.1296,18.1296,4.61648,83.6951,85.0695,24.3177,4.61648,0.271752
1.9454,18.0978,18.0978,4.63314,83.8498,85.0695,24.3186,4.63314,0.273419
1.9456,18.0383,18.0383,4.64667,83.818,85.0695,24.3198,4.64667,0.275086
1.9458,18.0854,18.0854,4.62858,83.7094,85.0695,24.3185,4.62858,0.273419
1.946,18.1227,18.1227,4.62075,83.7406,85.0695,24.3179,4.62075,0.271752
1.9462,18.0858,18.0858,4.63405,83.8107,85.0695,24.3188,4.63405,0.273419
1.9464,18.0348,18.0348,4.64652,83.7992,85.0695,24.3197,4.64652,0.275086
1.9466,18.0845,18.0845,4.62754,83.6867,85.0695,24.3183,4.62754,0.273419
1.9468,18.1296,18.1296,4.61648,83.6951,85.0695,24.3177,4.61648,0.271752
1.947,18.0978,18.0978,4.63314,83.8498,85.0695,24.3186,4.63314,0.273419
1.9472,18.0383,18.0383,4.64667,83.818,85.0695,24.3198,4.64667,0.275086
1.9474,18.0854,18.0854,4.62858,83.7094,85.0695,24.3185,4.62858,0.273419
1.9476,18.1227,18.1227,4.62075,83.7406,85.0695,24.3179,4.62075,0.271752
1.9478,18.0858,18.0858,4.63405,83.8107,85.0695,24.3188,4.63405,0.273419
1.948,18.0348,18.0348,4.64652,83.7992,85.0695,24.3197,4.64652,0.275086
1.9482,18.0845,18.0845,4.62754,83.6867,85.0695,24.3183,4.62754,0.273419
1.9484,18.1296,18.1296,4.61648,83.6951,85.0695,24.3177,4.61648,0.271752
1.9486,18.0978,18.0978,4.63314,83.8498,85.0695,24.3186,4.63314,0.273419
1.9488,18.0383,18.0383,4.64667,83.818,85.0695,24.3198,4.64667,0.275086
1.949,18.0854,18.0854,4.62858,83.7094,85.0695,24.3185,4.62858,0.273419
1.9492,18.1227,18.1227,4.62075,83.7406,85.0695,24.3179,4.62075,0.271752
1.9494,18.0858,18.0858,4.63405,83.8107,85.0695,24.3188,4.63405,0.273419
1.9496,18.0348,18.0348,4.64652,83.7992,85.0695,24.3197,4.64652,0.275086
1.9498,18.0845,18.0845,4.62754,83.6867,85.0695,24.3183,4.62754,0.273419
1.95,18.1296,18.1296,4.61648,83.6951,85.0695,24.3177,4.61648,0.271752
1.9502,18.0978,18.0978,4.63314,83.8498,85.0695,24.3186,4.63314,0.273419
1.9504,18.0383,18.0383,4.64667,83.818,85.0695,24.3198,4.64667,0.275086
1.9506,18.0854,18.0854,4.62858,83.7094,85.0695,24.3185,4.62858,0.273419
1.9508,18.1227,18.1227,4.62075,83.7406,85.0695,24.3179,4.62075,0.271752
1.951,18.0858,18.0858,4.63405,83.8107,85.0695,24.3188,4.63405,0.273419
1.9512,18.0348,18.0348,4.64652,83.7992,85.0695,24.3197,4.64652,0.275086
1.9514,18.0845,18.0845,4.62754,83.6867,85.0695,24.3183,4.62754,0.273419
1.9516,18.1296,18.1296,4.61648,83.6951,85.0695,24.3177,4.61648,0.271752
1.9518,18.0978,18.0978,4.63314,83.8498,85.0695,24.3186,4.63314,0.273419
1.952,18.0383,18.0383,4.64667,83.818,85.0695,24.3198,4.64667,0.275086
1.9522,18.0854,18.0854,4.62858,83.7094,85.0695,24.3185,4.62858,0.273419
1.9524,18.1227,18.1227,4.62075,83.7406,85.0695,24.3179,4.62075,0.271752
1.9526,18.0858,18.0858,4.63405,83.8107,85.0695,24.3188,4.63405,0.273419
1.9528,18.0348,18.0348,4.64652,83.7992,85.0695,24.3197,4.64652,0.275086
1.953,18.0845,18.0845,4.62754,83.6867,85.0695,24.3183,4.62754,0.273419
1.9532,18.1296,18.1296,4.61648,83.6951,85.0695,24.3177,4.61648,0.271752
1.9534,18.0978,18.0978,4.63314,83.8498,85.0695,24.3186,4.63314,0.273419
1.9536,18.0383,18.0383,4.64667,83.818,85.0695,24.3198,4.64667,0.275086
1.9538,18.0854,18.0854,4.62858,83.7094,85.0695,24.3185,4.62858,0.273419
1.954,18.1227,18.1227,4.62075,83.7406,85.0695,24.3179,4.62075,0.271752
1.9542,18.0858,18.0858,4.63405,83.8107,85.0695,24.3188,4.63405,0.273419
1.9544,18.0348,18.0348,4.64652,83.7992,85.0695,24.3197,4.64652,0.275086
1.9546,18.0845,18.0845,4.62754,83.6867,85.0695,24.3183,4.62754,0.273419
1.9548,18.1296,18.1296,4.61648,83.6951,85.0695,24.3177,4.61648,0.271752
1.955,18.0978,18.0978,4.63314,83.8498,85.0695,24.3186,4.63314,0.273419
1.9552,18.0383,18.0383,4.64667,83.818,85.0695,24.3198,4.64667,0.275086
1.9554,18.0854,18.0854,4.62858,83.7094,85.0695,24.3185,4.62858,0.273419
1.9556,18.1227,18.1227,4.62075,83.7406,85.0695,24.3179,4.62075,0.271752
1.9558,18.0858,18.0858,4.63405,83.8107,85.0695,24.3188,4.63405,0.273419
1.956,18.0348,18.0348,4.64652,83.7992,85.0695,24.3197,4.64652,0.275086
1.9562,18.0845,18.0845,4.62754,83.6867,85.0695,24.3183,4.62754,0.273419
1.9564,18.1296,18.1296,4.61648,83.6951,85.0695,24.3177,4.61648,0.271752
1.9566,18.0978,18.0978,4.63314,83.8498,85.0695,24.3186,4.63314,0.273419
1.9568,18.0383,18.0383,4.64667,83.818,85.0695,24.3198,4.64667,0.275086
1.957,18.0854,18.0854,4.62858,83.7094,85.0695,24.3185,4.62858,0.273419
1.9572,18.1227,18.1227,4.62075,83.7406,85.0695,24.3179,4.62075,0.271752
1.9574,18.0858,18.0858,4.63405,83.8107,85.0695,24.3188,4.63405,0.273419
1.9576,18.0348,18.0348,4.64652,83.7992,85.0695,24.3197,4.64652,0.275086
1.9578,18.0845,18.0845,4.62754,83.6867,85.0695,24.3183,4.62754,0.273419
1.958,18.1296,18.1296,4.61648,83.6951,85.0695,24.3177,4.61648,0.271752
1.9582,18.0978,18.0978,4.63314,83.8498,85.0695,24.3186,4.63314,0.273419
1.9584,18.0383,18.0383,4.64667,83.818,85.0695,24.3198,4.64667,0.275086
1.9586,18.0854,18.0854,4.62858,83.7094,85.0695,24.3185,4.62858,0.273419
1.9588,18.1227,18.1227,4.62075,83.7406,85.0695,24.3179,4.62075,0.271752
1.959,18.0858,18.0858,4.63405,83.8107,85.0695,24.3188,4.63405,0.273419
1.9592,18.0348,18.0348,4.64652,83.7992,85.0695,24.3197,4.64652,0.275086
1.9594,18.0845,18.0845,4.62754,83.6867,85.0695,24.3183,4.62754,0.273419
1.9596,18.1296,18.1296,4.61648,83.6951,85.0695,24.3177,4.61648,0.271752
1.9598,18.0978,18.0978,4.63314,83.8498,85.0695,24.3186,4.63314,0.273419
1.96,18.0383,18.0383,4.64667,83.818,85.0695,24.3198,4.64667,0.275086
1.9602,18.0854,18.0854,4.62858,83.7094,85.0695,24.3185,4.62858,0.273419
1.9604,18.1227,18.1227,4.62075,83.7406,85.0695,24.3179,4.62075,0.271752
1.9606,18.0858,18.0858,4.63405,83.8107,85.0695,24.3188,4.63405,0.273419
1.9608,18.0348,18.0348,4.64652,83.7992,85.0695,24.3197,4.64652,0.275086
1.961,18.0845,18.0845,4.62754,83.6867,85.0695,24.3183,4.62754,0.273419
1.9612,18.1296,18.1296,4.61648,83.6951,85.0695,24.3177,4.61648,0.271752
1.9614,18.0978,18.0978,4.63314,83.8498,85.0695,24.3186,4.63314,0.273419
1.9616,18.0383,18.0383,4.64667,83.818,85.0695,24.3198,4.64667,0.275086
1.9618,18.0854,18.0854,4.62858,83.7094,85.0695,24.3185,4.62858,0.273419
1.962,18.1227,18.1227,4.62075,83.7406,85.0695,24.3179,4.62075,0.271752
1.9622,18.0858,18.0858,4.63405,83.8107,85.0695,24.3188,4.63405,0.273419
1.9624,18.0348,18.0348,4.64652,83.7992,85.0695,24.3197,4.64652,0.275086
1.9626,18.0845,18.0845,4.62754,83.6867,85.0695,24.3183,4.62754,0.273419
1.9628,18.1296,18.1296,4.61648,83.6951,85.0695,24.3177,4.61648,0.271752
1.963,18.0978,18.0978,4.63314,83.8498,85.0695,24.3186,4.63314,0.273419
1.9632,18.0383,18.0383,4.64667,83.818,85.0695,24.3198,4.64667,0.275086
1.9634,18.0854,18.0854,4.62858,83.7094,85.0695,24.3185,4.62858,0.273419
1.9636,18.1227,18.1227,4.62075,83.7406,85.0695,24.3179,4.62075,0.271752
1.9638,18.0858,18.0858,4.63405,83.8107,85.0695,24.3188,4.63405,0.273419
1.964,18.0348,18.0348,4.64652,83.7992,85.0695,24.3197,4.64652,0.275086
1.9642,18.0845,18.0845,4.62754,83.6867,85.0695,24.3183,4.62754,0.273419
1.9644,18.1296,18.1296,4.61648,83.6951,85.0695,24.3177,4.61648,0.271752
1.9646,18.0978,18.0978,4.63314,83.8498,85.0695,24.3186,4.63314,0.273419
1.9648,18.0383,18.0383,4.64667,83.818,85.0695,24.3198,4.64667,0.275086
1.965,18.0854,18.0854,4.62858,83.7094,85.0695,24.3185,4.62858,0.273419
1.9652,18.1227,18.1227,4.62075,83.7406,85.0695,24.3179,4.62075,0.271752
1.9654,18.0858,18.0858,4.63405,83.8107,85.0695,24.3188,4.63405,0.273419
1.9656,18.0348,18.0348,4.64652,83.7992,85.0695,24.3197,4.64652,0.275086
1.9658,18.0845,18.0845,4.62754,83.6867,85.0695,24.3183,4.62754,0.273419
1.966,18.1296,18.1296,4.61648,83.6951,85.0695,24.3177,4.61648,0.271752
1.9662,18.0978,18.0978,4.63314,83.8498,85.0695,24.3186,4.63314,0.273419
1.9664,18.0383,18.0383,4.64667,83.818,85.0695,24.3198,4.64667,0.275086
1.9666,18.0854,18.0854,4.62858,83.7094,85.0695,24.3185,4.62858,0.273419
1.9668,18.1227,18.1227,4.62075,83.7406,85.0695,24.3179,4.62075,0.271752
1.967,18.0858,18.0858,4.63405,83.8107,85.0695,24.3188,4.63405,0.273419
1.9672,18.0348,18.0348,4.64652,83.7992,85.0695,24.3197,4.64652,0.275086
1.9674,18.0845,18.0845,4.62754,83.6867,85.0695,24.3183,4.62754,0.273419
1.9676,18.1296,18.1296,4.61648,83.6951,85.0695,24.3177,4.61648,0.271752
1.9678,18.0978,18.0978,4.63314,83.8498,85.0695,24.3186,4.63314,0.273419
1.968,18.0383,18.0383,4.64667,83.818,85.0695,24.3198,4.64667,0.275086
1.9682,18.0854,18.0854,4.62858,83.7094,85.0695,24.3185,4.62858,0.273419
1.9684,18.1227,18.1227,4.62075,83.7406,85.0695,24.3179,4.62075,0.271752
1.9686,18.0858,18.0858,4.63405,83.8107,85.0695,24.3188,4.63405,0.273419
1.9688,18.0348,18.0348,4.64652,83.7992,85.0695,24.3197,4.64652,0.275086
1.969,18.0845,18.0845,4.62754,83.6867,85.0695,24.3183,4.62754,0.273419
1.9692,18.1296,18.1296,4.61648,83.6951,85.0695,24.3177,4.61648,0.271752
1.9694,18.0978,18.0978,4.63314,83.8498,85.0695,24.3186,4.63314,0.273419
1.9696,18.0383,18.0383,4.64667,83.818,85.0695,24.3198,4.64667,0.275086
1.9698,18.0854,18.0854,4.62858,83.7094,85.0695,24.3185,4.62858,0.273419
1.97,18.1227,18.1227,4.62075,83.7406,85.0695,24.3179,4.62075,0.271752
1.9702,18.0858,18.0858,4.63405,83.8107,85.0695,24.3188,4.63405,0.273419
1.9704,18.0348,18.0348,4.64652,83.7992,85.0695,24.3197,4.64652,0.275086
1.9706,18.0845,18.0845,4.62754,83.6867,85.0695,24.3183,4.62754,0.273419
1.9708,18.1296,18.1296,4.61648,83.6951,85.0695,24.3177,4.61648,0.271752
1.971,18.0978,18.0978,4.63314,83.8498,85.0695,24.3186,4.63314,0.273419
1.9712,18.0383,18.0383,4.64667,83.818,85.0695,24.3198,4.64667,0.275086
1.9714,18.0854,18.0854,4.62858,83.7094,85.0695,24.3185,4.62858,0.273419
1.9716,18.1227,18.1227,4.62075,83.7406,85.0695,24.3179,4.62075,0.271752
1.9718,18.0858,18.0858,4.63405,83.8107,85.0695,24.3188,4.63405,0.273419
1.972,18.0348,18.0348,4.64652,83.7992,85.0695,24.3197,4.64652,0.275086
1.9722,18.0845,18.0845,4.62754,83.6867,85.0695,24.3183,4.62754,0.273419
1.9724,18.1296,18.1296,4.61648,83.6951,85.0695,24.3177,4.61648,0.271752
1.9726,18.0978,18.0978,4.63314,83.8498,85.0695,24.3186,4.63314,0.273419
1.9728,18.0383,18.0383,4.64667,83.818,85.0695,24.3198,4.64667,0.275086
1.973,18.0854,18.0854,4.62858,83.7094,85.0695,24.3185,4.62858,0.273419
1.9732,18.1227,18.1227,4.62075,83.7406,85.0695,24.3179,4.62075,0.271752
1.9734,18.0858,18.0858,4.63405,83.8107,85.0695,24.3188,4.63405,0.273419
1.9736,18.0348,18.0348,4.64652,83.7992,85.0695,24.3197,4.64652,0.275086
1.9738,18.0845,18.0845,4.62754,83.6867,85.0695,24.3183,4.62754,0.273419
1.974,18.1296,18.1296,4.61648,83.6951,85.0695,24.3177,4.61648,0.271752
1.9742,18.0978,18.0978,4.63314,83.8498,85.0695,24.3186,4.63314,0.273419
1.9744,18.0383,18.0383,4.64667,83.818,85.0695,24.3198,4.64667,0.275086
1.9746,18.0854,18.0854,4.62858,83.7094,85.0695,24.3185,4.62858,0.273419
1.9748,18.1227,18.1227,4.62075,83.7406,85.0695,24.3179,4.62075,0.271752
1.975,18.0858,18.0858,4.63405,83.8107,85.0695,24.3188,4.63405,0.273419
1.9752,18.0348,18.0348,4.64652,83.7992,85.0695,24.3197,4.64652,0.275086
1.9754,18.0845,18.0845,4.62754,83.6867,85.0695,24.3183,4.62754,0.273419
1.9756,18.1296,18.1296,4.61648,83.6951,85.0695,24.3177,4.61648,0.271752
1.9758,18.0978,18.0978,4.63314,83.8498,85.0695,24.3186,4.63314,0.273419
1.976,18.0383,18.0383,4.64667,83.818,85.0695,24.3198,4.64667,0.275086
1.9762,18.0854,18.0854,4.62858,83.7094,85.0695,24.3185,4.62858,0.273419
1.9764,18.1227,18.1227,4.62075,83.7406,85.0695,24.3179,4.62075,0.271752
1.9766,18.0858,18.0858,4.63405,83.8107,85.0695,24.3188,4.63405,0.273419
1.9768,18.0348,18.0348,4.64652,83.7992,85.0695,24.3197,4.64652,0.275086
1.977,18.0845,18.0845,4.62754,83.6867,85.0695,24.3183,4.62754,0.273419
1.9772,18.1296,18.1296,4.61648,83.6951,85.0695,24.3177,4.61648,0.271752
1.9774,18.0978,18.0978,4.63314,83.8498,85.0695,24.3186,4.63314,0.273419
1.9776,18.0383,18.0383,4.64667,83.818,85.0695,24.3198,4.64667,0.275086
1.9778,18.0854,18.0854,4.62858,83.7094,85.0695,24.3185,4.62858,0.273419
1.978,18.1227,18.1227,4.62075,83.7406,85.0695,24.3179,4.62075,0.271752
1.9782,18.0858,18.0858,4.63405,83.8107,85.0695,24.3188,4.63405,0.273419
1.9784,18.0348,18.0348,4.64652,83.7992,85.0695,24.3197,4.64652,0.275086
1.9786,18.0845,18.0845,4.62754,83.6867,85.0695,24.3183,4.62754,0.273419
1.9788,18.1296,18.1296,4.61648,83.6951,85.0695,24.3177,4.61648,0.271752
1.979,18.0978,18.0978,4.63314,83.8498,85.0695,24.3186,4.63314,0.273419
1.9792,18.0383,18.0383,4.64667,83.818,85.0695,24.3198,4.64667,0.275086
1.9794,18.0854,18.0854,4.62858,83.7094,85.0695,24.3185,4.62858,0.273419
1.9796,18.1227,18.1227,4.62075,83.7406,85.0695,24.3179,4.62075,0.271752
1.9798,18.0858,18.0858,4.63405,83.8107,85.0695,24.3188,4.63405,0.273419
1.98,18.0348,18.0348,4.64652,83.7992,85.0695,24.3197,4.64652,0.275086
1.9802,18.0845,18.0845,4.62754,83.6867,85.0695,24.3183,4.62754,0.273419
1.9804,18.1296,18.1296,4.61648,83.6951,85.0695,24.3177,4.61648,0.271752
1.9806,18.0978,18.0978,4.63314,83.8498,85.0695,24.3186,4.63314,0.273419
1.9808,18.0383,18.0383,4.64667,83.818,85.0695,24.3198,4.64667,0.275086
1.981,18.0854,18.0854,4.62858,83.7094,85.0695,24.3185,4.62858,0.273419
1.9812,18.1227,18.1227,4.62075,83.7406,85.0695,24.3179,4.62075,0.271752
1.9814,18.0858,18.0858,4.63405,83.8107,85.0695,24.3188,4.63405,0.273419
1.9816,18.0348,18.0348,4.64652,83.7992,85.0695,24.3197,4.64652,0.275086
1.9818,18.0845,18.0845,4.62754,83.6867,85.0695,24.3183,4.62754,0.273419
1.982,18.1296,18.1296,4.61648,83.6951,85.0695,24.3177,4.61648,0.271752
1.9822,18.0978,18.0978,4.63314,83.8498,85.0695,24.3186,4.63314,0.273419
1.9824,18.0383,18.0383,4.64667,83.818,85.0695,24.3198,4.64667,0.275086
1.9826,18.0854,18.0854,4.62858,83.7094,85.0695,24.3185,4.62858,0.273419
1.9828,18.1227,18.1227,4.62075,83.7406,85.0695,24.3179,4.62075,0.271752
1.983,18.0858,18.0858,4.63405,83.8107,85.0695,24.3188,4.63405,0.273419
1.9832,18.0348,18.0348,4.64652,83.7992,85.0695,24.3197,4.64652,0.275086
1.9834,18.0845,18.0845,4.62754,83.6867,85.0695,24.3183,4.62754,0.273419
1.9836,18.1296,18.1296,4.61648,83.6951,85.0695,24.3177,4.61648,0.271752
1.9838,18.0978,18.0978,4.63314,83.8498,85.0695,24.3186,4.63314,0.273419
1.984,18.0383,18.0383,4.64667,83.818,85.0695,24.3198,4.64667,0.275086
1.9842,18.0854,18.0854,4.62858,83.7094,85.0695,24.3185,4.62858,0.273419
1.9844,18.1227,18.1227,4.62075,83.7406,85.0695,24.3179,4.62075,0.271752
1.9846,18.0858,18.0858,4.63405,83.8107,85.0695,24.3188,4.63405,0.273419
1.9848,18.0348,18.0348,4.64652,83.7992,85.0695,24.3197,4.64652,0.275086
1.985,18.0845,18.0845,4.62754,83.6867,85.0695,24.3183,4.62754,0.273419
1.9852,18.1296,18.1296,4.61648,83.6951,85.0695,24.3177,4.61648,0.271752
1.9854,18.0978,18.0978,4.63314,83.8498,85.0695,24.3186,4.63314,0.273419
1.9856,18.0383,18.0383,4.64667,83.818,85.0695,24.3198,4.64667,0.275086
1.9858,18.0854,18.0854,4.62858,83.7094,85.0695,24.3185,4.62858,0.273419
1.986,18.1227,18.1227,4.62075,83.7406,85.0695,24.3179,4.62075,0.271752
1.9862,18.0858,18.0858,4.63405,83.8107,85.0695,24.3188,4.63405,0.273419
1.9864,18.0348,18.0348,4.64652,83.7992,85.0695,24.3197,4.64652,0.275086
1.9866,18.0845,18.0845,4.62754,83.6867,85.0695,24.3183,4.62754,0.273419
1.9868,18.1296,18.1296,4.61648,83.6951,85.0695,24.3177,4.61648,0.271752
1.987,18.0978,18.0978,4.63314,83.8498,85.0695,24.3186,4.63314,0.273419
1.9872,18.0383,18.0383,4.64667,83.818,85.0695,24.3198,4.64667,0.275086
1.9874,18.0854,18.0854,4.62858,83.7094,85.0695,24.3185,4.62858,0.273419
1.9876,18.1227,18.1227,4.62075,83.7406,85.0695,24.3179,4.62075,0.271752
1.9878,18.0858,18.0858,4.63405,83.8107,85.0695,24.3188,4.63405,0.273419
1.988,18.0348,18.0348,4.64652,83.7992,85.0695,24.3197,4.64652,0.275086
1.9882,18.0845,18.0845,4.62754,83.6867,85.0695,24.3183,4.62754,0.273419
1.9884,18.1296,18.1296,4.61648,83.6951,85.0695,24.3177,4.61648,0.271752
1.9886,18.0978,18.0978,4.63314,83.8498,85.0695,24.3186,4.63314,0.273419
1.9888,18.0383,18.0383,4.64667,83.818,85.0695,24.3198,4.64667,0.275086
1.989,18.0854,18.0854,4.62858,83.7094,85.0695,24.3185,4.62858,0.273419
1.9892,18.1227,18.1227,4.62075,83.7406,85.0695,24.3179,4.62075,0.271752
1.9894,18.0858,18.0858,4.63405,83.8107,85.0695,24.3188,4.63405,0.273419
1.9896,18.0348,18.0348,4.64652,83.7992,85.0695,24.3197,4.64652,0.275086
1.9898,18.0845,18.0845,4.62754,83.6867,85.0695,24.3183,4.62754,0.273419
1.99,18.1296,18.1296,4.61648,83.6951,85.0695,24.3177,4.61648,0.271752
1.9902,18.0978,18.0978,4.63314,83.8498,85.0695,24.3186,4.63314,0.273419
1.9904,18.0383,18.0383,4.64667,83.818,85.0695,24.3198,4.64667,0.275086
1.9906,18.0854,18.0854,4.62858,83.7094,85.0695,24.3185,4.62858,0.273419
1.9908,18.1227,18.1227,4.62075,83.7406,85.0695,24.3179,4.62075,0.271752
1.991,18.0858,18.0858,4.63405,83.8107,85.0695,24.3188,4.63405,0.273419
1.9912,18.0348,18.0348,4.64652,83.7992,85.0695,24.3197,4.64652,0.275086
1.9914,18.0845,18.0845,4.62754,83.6867,85.0695,24.3183,4.62754,0.273419
1.9916,18.1296,18.1296,4.61648,83.6951,85.0695,24.3177,4.61648,0.271752
1.9918,18.0978,18.0978,4.63314,83.8498,85.0695,24.3186,4.63314,0.273419
1.992,18.0383,18.0383,4.64667,83.818,85.0695,24.3198,4.64667,0.275086
1.9922,18.0854,18.0854,4.62858,83.7094,85.0695,24.3185,4.62858,0.273419
1.9924,18.1227,18.1227,4.62075,83.7406,85.0695,24.3179,4.62075,0.271752
1.9926,18.0858,18.0858,4.63405,83.8107,85.0695,24.3188,4.63405,0.273419
1.9928,18.0348,18.0348,4.64652,83.7992,85.0695,24.3197,4.64652,0.275086
1.993,18.0845,18.0845,4.62754,83.6867,85.0695,24.3183,4.62754,0.273419
1.9932,18.1296,18.1296,4.61648,83.6951,85.0695,24.3177,4.61648,0.271752
1.9934,18.0978,18.0978,4.63314,83.8498,85.0695,24.3186,4.63314,0.273419
1.9936,18.0383,18.0383,4.64667,83.818,85.0695,24.3198,4.64667,0.275086
1.9938,18.0854,18.0854,4.62858,83.7094,85.0695,24.3185,4.62858,0.273419
1.994,18.1227,18.1227,4.62075,83.7406,85.0695,24.3179,4.62075,0.271752
1.9942,18.0858,18.0858,4.63405,83.8107,85.0695,24.3188,4.63405,0.273419
1.9944,18.0348,18.0348,4.64652,83.7992,85.0695,24.3197,4.64652,0.275086
1.9946,18.0845,18.0845,4.62754,83.6867,85.0695,24.3183,4.62754,0.273419
1.9948,18.1296,18.1296,4.61648,83.6951,85.0695,24.3177,4.61648,0.271752
1.995,18.0978,18.0978,4.63314,83.8498,85.0695,24.3186,4.63314,0.273419
1.9952,18.0383,18.0383,4.64667,83.818,85.0695,24.3198,4.64667,0.275086
1.9954,18.0854,18.0854,4.62858,83.7094,85.0695,24.3185,4.62858,0.273419
1.9956,18.1227,18.1227,4.62075,83.7406,85.0695,24.3179,4.62075,0.271752
1.9958,18.0858,18.0858,4.63405,83.8107,85.0695,24.3188,4.63405,0.273419
1.996,18.0348,18.0348,4.64652,83.7992,85.0695,24.3197,4.64652,0.275086
1.9962,18.0845,18.0845,4.62754,83.6867,85.0695,24.3183,4.62754,0.273419
1.9964,18.1296,18.1296,4.61648,83.6951,85.0695,24.3177,4.61648,0.271752
1.9966,18.0978,18.0978,4.63314,83.8498,85.0695,24.3186,4.63314,0.273419
1.9968,18.0383,18.0383,4.64667,83.818,85.0695,24.3198,4.64667,0.275086
1.997,18.0854,18.0854,4.62858,83.7094,85.0695,24.3185,4.62858,0.273419
1.9972,18.1227,18.1227,4.62075,83.7406,85.0695,24.3179,4.62075,0.271752
1.9974,18.0858,18.0858,4.63405,83.8107,85.0695,24.3188,4.63405,0.273419
1.9976,18.0348,18.0348,4.64652,83.7992,85.0695,24.3197,4.64652,0.275086
1.9978,18.0845,18.0845,4.62754,83.6867,85.0695,24.3183,4.62754,0.273419
1.998,18.1296,18.1296,4.61648,83.6951,85.0695,24.3177,4.61648,0.271752
1.9982,18.0978,18.0978,4.63314,83.8498,85.0695,24.3186,4.63314,0.273419
1.9984,18.0383,18.0383,4.64667,83.818,85.0695,24.3198,4.64667,0.275086
1.9986,18.0854,18.0854,4.62858,83.7094,85.0695,24.3185,4.62858,0.273419
1.9988,18.1227,18.1227,4.62075,83.7406,85.0695,24.3179,4.62075,0.271752
1.999,18.0858,18.0858,4.63405,83.8107,85.0695,24.3188,4.63405,0.273419
1.9992,18.0348,18.0348,4.64652,83.7992,85.0695,24.3197,4.64652,0.275086
1.9994,18.0845,18.0845,4.62754,83.6867,85.0695,24.3183,4.62754,0.273419
1.9996,18.1296,18.1296,4.61648,83.6951,85.0695,24.3177,4.61648,0.271752
1.9998,18.0978,18.0978,4.63314,83.8498,85.0695,24.3186,4.63314,0.273419
2,18.0383,18.0383,4.64667,83.818,85.0695,24.3198,4.64667,0.275086
