Time(s),V_pv_instant(V),V_mppt(V),I_pv(A),P_pv(W),P_ref(W),V_out(V),I_L(A),Duty
0.0002,20.7162,20.7162,2.67591,55.4348,85.0695,24.1835,2.67591,0.3
0.0004,18.8093,18.8093,4.62193,86.9353,85.0695,24.3162,4.62193,0.329167
0.0006,17.5087,17.5087,4.78741,83.8212,85.0695,24.3276,4.78741,0.2875
0.0008,18.6846,18.6846,4.35641,81.3978,85.0695,24.3001,4.35641,0.245833
0.001,17.9439,17.9439,4.76429,85.49,85.0695,24.3276,4.76429,0.2875
0.0012,16.2253,16.2253,4.97265,80.6828,85.0695,24.337,4.97265,0.329167
0.0014,18.0307,18.0307,4.44256,80.1025,85.0695,24.3034,4.44256,0.2875
0.0016,18.8163,18.8163,4.37617,82.3432,85.0695,24.2983,4.37617,0.245833
0.0018,17.8915,17.8915,4.77142,85.3677,85.0695,24.3245,4.77142,0.2875
0.002,16.2402,16.2402,4.96256,80.5932,85.0695,24.3404,4.96256,0.329167
0.0022,18.0508,18.0508,4.4465,80.2631,85.0695,24.3056,4.4465,0.2875
0.0024,18.8142,18.8142,4.37509,82.3138,85.0695,24.2976,4.37509,0.245833
0.0026,17.8844,17.8844,4.77445,85.3879,85.0695,24.3249,4.77445,0.2875
0.0028,16.2252,16.2252,4.963,80.5257,85.0695,24.3363,4.963,0.329167
0.003,18.0443,18.0443,4.44789,80.259,85.0695,24.3052,4.44789,0.2875
0.0032,18.8127,18.8127,4.37715,82.3458,85.0695,24.2966,4.37715,0.245833
0.0034,17.8957,17.8957,4.77008,85.3641,85.0695,24.3255,4.77008,0.2875
0.0036,16.2436,16.2436,4.96108,80.5858,85.0695,24.3361,4.96108,0.329167
0.0038,18.0402,18.0402,4.4496,80.2719,85.0695,24.305,4.4496,0.2875
0.004,18.8133,18.8133,4.37295,82.2697,85.0695,24.3012,4.37295,0.245833
0.0042,17.8852,17.8852,4.77504,85.4024,85.0695,24.3264,4.77504,0.2875
0.0044,16.2411,16.2411,4.96245,80.5958,85.0695,24.3403,4.96245,0.329167
0.0046,18.0423,18.0423,4.44677,80.2301,85.0695,24.3056,4.44677,0.2875
0.0048,18.8161,18.8161,4.37225,82.2686,85.0695,24.3012,4.37225,0.245833
0.005,17.8886,17.8886,4.7742,85.4038,85.0695,24.3281,4.7742,0.2875
0.0052,16.25,16.25,4.96364,80.6593,85.0695,24.3404,4.96364,0.329167
0.0054,18.0389,18.0389,4.44879,80.2511,85.0695,24.3057,4.44879,0.2875
0.0056,18.815,18.815,4.37263,82.2711,85.0695,24.3012,4.37263,0.245833
0.0058,17.8884,17.8884,4.7754,85.4242,85.0695,24.3282,4.7754,0.2875
0.006,16.2706,16.2706,4.95278,80.5847,85.0695,24.3398,4.95278,0.329167
0.0062,18.0344,18.0344,4.45421,80.3292,85.0695,24.3063,4.45421,0.2875
0.0064,18.8157,18.8157,4.3716,82.2549,85.0695,24.3012,4.3716,0.245833
0.0066,17.8788,17.8788,4.7766,85.3997,85.0695,24.3282,4.7766,0.2875
0.0068,16.266,16.266,4.95401,80.5819,85.0695,24.3397,4.95401,0.329167
0.007,18.0547,18.0547,4.44971,80.3382,85.0695,24.3059,4.44971,0.2875
0.0072,18.8142,18.8142,4.37242,82.2635,85.0695,24.3011,4.37242,0.245833
0.0074,17.8963,17.8963,4.77012,85.3675,85.0695,24.328,4.77012,0.2875
0.0076,16.2645,16.2645,4.96474,80.7491,85.0695,24.3405,4.96474,0.329167
0.0078,18.0161,18.0161,4.45262,80.2187,85.0695,24.306,4.45262,0.2875
0.008,18.8162,18.8162,4.37162,82.2574,85.0695,24.3012,4.37162,0.245833
0.0082,17.8786,17.8786,4.77662,85.3995,85.0695,24.3282,4.77662,0.2875
0.0084,16.266,16.266,4.95399,80.5816,85.0695,24.3397,4.95399,0.329167
0.0086,18.0358,18.0358,4.45274,80.3085,85.0695,24.3062,4.45274,0.2875
0.0088,18.8127,18.8127,4.37388,82.2843,85.0695,24.3015,4.37388,0.245833
0.009,17.8961,17.8961,4.77009,85.3662,85.0695,24.328,4.77009,0.2875
0.0092,16.2647,16.2647,4.96474,80.7498,85.0695,24.3405,4.96474,0.329167
0.0094,18.016,18.016,4.45264,80.2188,85.0695,24.306,4.45264,0.2875
0.0096,18.8162,18.8162,4.37162,82.2573,85.0695,24.3012,4.37162,0.245833
0.0098,17.8786,17.8786,4.77662,85.3995,85.0695,24.3282,4.77662,0.2875
0.01,16.266,16.266,4.95399,80.5816,85.0695,24.3397,4.95399,0.329167
0.0102,18.0358,18.0358,4.45274,80.3085,85.0695,24.3062,4.45274,0.2875
0.0104,18.8127,18.8127,4.37417,82.2899,85.0695,24.3008,4.37417,0.245833
0.0106,17.8895,17.8895,4.77256,85.3789,85.0695,24.3266,4.77256,0.2875
0.0108,16.2455,16.2455,4.96368,80.6373,85.0695,24.3363,4.96368,0.329167
0.011,18.0452,18.0452,4.44403,80.1931,85.0695,24.3053,4.44403,0.2875
0.0112,18.8159,18.8159,4.37372,82.2954,85.0695,24.2999,4.37372,0.245833
0.0114,17.8957,17.8957,4.76938,85.3512,85.0695,24.3238,4.76938,0.2875
0.0116,16.2337,16.2337,4.96615,80.6189,85.0695,24.3365,4.96615,0.329167
0.0118,18.0614,18.0614,4.44181,80.2255,85.0695,24.3024,4.44181,0.2875
0.012,18.8145,18.8145,4.37576,82.3274,85.0695,24.2983,4.37576,0.245833
0.0122,17.8874,17.8874,4.77221,85.3623,85.0695,24.3266,4.77221,0.2875
0.0124,16.2301,16.2301,4.96376,80.5624,85.0695,24.3363,4.96376,0.329167
0.0126,18.0434,18.0434,4.44649,80.2296,85.0695,24.3049,4.44649,0.2875
0.0128,18.8144,18.8144,4.37395,82.2932,85.0695,24.2999,4.37395,0.245833
0.013,17.8908,17.8908,4.77166,85.3689,85.0695,24.3243,4.77166,0.2875
0.0132,16.2286,16.2286,4.96359,80.5522,85.0695,24.3385,4.96359,0.329167
0.0134,18.044,18.044,4.4497,80.2905,85.0695,24.305,4.4497,0.2875
0.0136,18.8108,18.8108,4.37737,82.3418,85.0695,24.2966,4.37737,0.245833
0.0138,17.8867,17.8867,4.77587,85.4247,85.0695,24.3216,4.77587,0.2875
0.014,16.2298,16.2298,4.96383,80.562,85.0695,24.3364,4.96383,0.329167
0.0142,18.0536,18.0536,4.44424,80.2344,85.0695,24.3051,4.44424,0.2875
0.0144,18.8119,18.8119,4.378,82.3585,85.0695,24.2968,4.378,0.245833
0.0146,17.8947,17.8947,4.77017,85.3607,85.0695,24.3255,4.77017,0.2875
0.0148,16.2439,16.2439,4.96096,80.5853,85.0695,24.3361,4.96096,0.329167
0.015,18.0381,18.0381,4.44777,80.2293,85.0695,24.3038,4.44777,0.2875
0.0152,18.8134,18.8134,4.37537,82.3156,85.0695,24.2966,4.37537,0.245833
0.0154,17.8878,17.8878,4.77208,85.3618,85.0695,24.3262,4.77208,0.2875
0.0156,16.2495,16.2495,4.96433,80.6681,85.0695,24.3364,4.96433,0.329167
0.0158,18.0522,18.0522,4.44529,80.2472,85.0695,24.3037,4.44529,0.2875
0.016,18.8143,18.8143,4.37228,82.2615,85.0695,24.2999,4.37228,0.245833
0.0162,17.8882,17.8882,4.7772,85.4558,85.0695,24.3238,4.7772,0.2875
0.0164,16.2493,16.2493,4.95654,80.5401,85.0695,24.3358,4.95654,0.329167
0.0166,18.0476,18.0476,4.45201,80.3483,85.0695,24.3029,4.45201,0.2875
0.0168,18.8116,18.8116,4.37432,82.288,85.0695,24.2981,4.37432,0.245833
0.017,17.886,17.886,4.77434,85.394,85.0695,24.3236,4.77434,0.2875
0.0172,16.2203,16.2203,4.96462,80.5279,85.0695,24.3365,4.96462,0.329167
0.0174,18.054,18.054,4.44401,80.2322,85.0695,24.3025,4.44401,0.2875
0.0176,18.811,18.811,4.37539,82.3056,85.0695,24.3013,4.37539,0.245833
0.0178,17.8877,17.8877,4.77461,85.407,85.0695,24.3256,4.77461,0.2875
0.018,16.2431,16.2431,4.96434,80.6364,85.0695,24.3365,4.96434,0.329167
0.0182,18.0545,18.0545,4.44418,80.2373,85.0695,24.3057,4.44418,0.2875
0.0184,18.8147,18.8147,4.37361,82.2879,85.0695,24.3014,4.37361,0.245833
0.0186,17.8889,17.8889,4.77229,85.3709,85.0695,24.3279,4.77229,0.2875
0.0188,16.2632,16.2632,4.96339,80.7205,85.0695,24.3404,4.96339,0.329167
0.019,18.0231,18.0231,4.45466,80.2867,85.0695,24.3062,4.45466,0.2875
0.0192,18.8192,18.8192,4.37081,82.2552,85.0695,24.3011,4.37081,0.245833
0.0194,17.9016,17.9016,4.76947,85.3811,85.0695,24.3279,4.76947,0.2875
0.0196,16.2705,16.2705,4.9637,80.7618,85.0695,24.3405,4.9637,0.329167
0.0198,18.0287,18.0287,4.44875,80.2053,85.0695,24.3058,4.44875,0.2875
0.02,18.817,18.817,4.37159,82.2603,85.0695,24.3011,4.37159,0.245833
0.0202,17.8785,17.8785,4.77666,85.3995,85.0695,24.3282,4.77666,0.2875
0.0204,16.266,16.266,4.95397,80.5812,85.0695,24.3397,4.95397,0.329167
0.0206,18.0358,18.0358,4.45274,80.3088,85.0695,24.3062,4.45274,0.2875
0.0208,18.8127,18.8127,4.37388,82.2844,85.0695,24.3015,4.37388,0.245833
0.021,17.8961,17.8961,4.77009,85.3661,85.0695,24.328,4.77009,0.2875
0.0212,16.2647,16.2647,4.96474,80.7498,85.0695,24.3405,4.96474,0.329167
0.0214,18.016,18.016,4.45264,80.2188,85.0695,24.306,4.45264,0.2875
0.0216,18.8162,18.8162,4.37162,82.2573,85.0695,24.3012,4.37162,0.245833
0.0218,17.8786,17.8786,4.77662,85.3995,85.0695,24.3282,4.77662,0.2875
0.022,16.266,16.266,4.95399,80.5816,85.0695,24.3397,4.95399,0.329167
0.0222,18.0358,18.0358,4.45274,80.3085,85.0695,24.3062,4.45274,0.2875
0.0224,18.8127,18.8127,4.37388,82.2843,85.0695,24.3015,4.37388,0.245833
0.0226,17.8961,17.8961,4.77009,85.3662,85.0695,24.328,4.77009,0.2875
0.0228,16.2647,16.2647,4.96474,80.7498,85.0695,24.3405,4.96474,0.329167
0.023,18.016,18.016,4.45264,80.2188,85.0695,24.306,4.45264,0.2875
0.0232,18.8162,18.8162,4.37162,82.2573,85.0695,24.3012,4.37162,0.245833
0.0234,17.8786,17.8786,4.77662,85.3995,85.0695,24.3282,4.77662,0.2875
0.0236,16.266,16.266,4.95399,80.5816,85.0695,24.3397,4.95399,0.329167
0.0238,18.0358,18.0358,4.45274,80.3085,85.0695,24.3062,4.45274,0.2875
0.024,18.8127,18.8127,4.37388,82.2843,85.0695,24.3015,4.37388,0.245833
0.0242,17.8961,17.8961,4.77009,85.3662,85.0695,24.328,4.77009,0.2875
0.0244,16.2647,16.2647,4.96474,80.7498,85.0695,24.3405,4.96474,0.329167
0.0246,18.016,18.016,4.45264,80.2188,85.0695,24.306,4.45264,0.2875
0.0248,18.8162,18.8162,4.37162,82.2573,85.0695,24.3012,4.37162,0.245833
0.025,17.8786,17.8786,4.77662,85.3995,85.0695,24.3282,4.77662,0.2875
0.0252,16.266,16.266,4.95399,80.5816,85.0695,24.3397,4.95399,0.329167
0.0254,18.0358,18.0358,4.45274,80.3085,85.0695,24.3062,4.45274,0.2875
0.0256,18.8127,18.8127,4.37388,82.2843,85.0695,24.3015,4.37388,0.245833
0.0258,17.8961,17.8961,4.77009,85.3662,85.0695,24.328,4.77009,0.2875
0.026,16.2647,16.2647,4.96474,80.7498,85.0695,24.3405,4.96474,0.329167
0.0262,18.016,18.016,4.45264,80.2188,85.0695,24.306,4.45264,0.2875
0.0264,18.8162,18.8162,4.37162,82.2573,85.0695,24.3012,4.37162,0.245833
0.0266,17.8786,17.8786,4.77662,85.3995,85.0695,24.3282,4.77662,0.2875
0.0268,16.266,16.266,4.95399,80.5816,85.0695,24.3397,4.95399,0.329167
0.027,18.0358,18.0358,4.45274,80.3085,85.0695,24.3062,4.45274,0.2875
0.0272,18.8127,18.8127,4.37388,82.2843,85.0695,24.3015,4.37388,0.245833
0.0274,17.8961,17.8961,4.77009,85.3662,85.0695,24.328,4.77009,0.2875
0.0276,16.2647,16.2647,4.96474,80.7498,85.0695,24.3405,4.96474,0.329167
0.0278,18.016,18.016,4.45264,80.2188,85.0695,24.306,4.45264,0.2875
0.028,18.8162,18.8162,4.37162,82.2573,85.0695,24.3012,4.37162,0.245833
0.0282,17.8786,17.8786,4.77662,85.3995,85.0695,24.3282,4.77662,0.2875
0.0284,16.266,16.266,4.95399,80.5816,85.0695,24.3397,4.95399,0.329167
0.0286,18.0358,18.0358,4.45274,80.3085,85.0695,24.3062,4.45274,0.2875
0.0288,18.8127,18.8127,4.37388,82.2843,85.0695,24.3015,4.37388,0.245833
0.029,17.8961,17.8961,4.77009,85.3662,85.0695,24.328,4.77009,0.2875
0.0292,16.2647,16.2647,4.96474,80.7498,85.0695,24.3405,4.96474,0.329167
0.0294,18.016,18.016,4.45264,80.2188,85.0695,24.306,4.45264,0.2875
0.0296,18.8162,18.8162,4.37162,82.2573,85.0695,24.3012,4.37162,0.245833
0.0298,17.8786,17.8786,4.77662,85.3995,85.0695,24.3282,4.77662,0.2875
0.03,16.266,16.266,4.95399,80.5816,85.0695,24.3397,4.95399,0.329167
0.0302,18.0358,18.0358,4.45274,80.3085,85.0695,24.3062,4.45274,0.2875
0.0304,18.8127,18.8127,4.37388,82.2843,85.0695,24.3015,4.37388,0.245833
0.0306,17.8961,17.8961,4.77009,85.3662,85.0695,24.328,4.77009,0.2875
0.0308,16.2647,16.2647,4.96474,80.7498,85.0695,24.3405,4.96474,0.329167
0.031,18.016,18.016,4.45264,80.2188,85.0695,24.306,4.45264,0.2875
0.0312,18.8162,18.8162,4.37162,82.2573,85.0695,24.3012,4.37162,0.245833
0.0314,17.8786,17.8786,4.77662,85.3995,85.0695,24.3282,4.77662,0.2875
0.0316,16.266,16.266,4.95399,80.5816,85.0695,24.3397,4.95399,0.329167
0.0318,18.0358,18.0358,4.45274,80.3085,85.0695,24.3062,4.45274,0.2875
0.032,18.8127,18.8127,4.37388,82.2843,85.0695,24.3015,4.37388,0.245833
0.0322,17.8961,17.8961,4.77009,85.3662,85.0695,24.328,4.77009,0.2875
0.0324,16.2647,16.2647,4.96474,80.7498,85.0695,24.3405,4.96474,0.329167
0.0326,18.016,18.016,4.45264,80.2188,85.0695,24.306,4.45264,0.2875
0.0328,18.8162,18.8162,4.37162,82.2573,85.0695,24.3012,4.37162,0.245833
0.033,17.8786,17.8786,4.77662,85.3995,85.0695,24.3282,4.77662,0.2875
0.0332,16.266,16.266,4.95399,80.5816,85.0695,24.3397,4.95399,0.329167
0.0334,18.0358,18.0358,4.45274,80.3085,85.0695,24.3062,4.45274,0.2875
0.0336,18.8127,18.8127,4.37388,82.2843,85.0695,24.3015,4.37388,0.245833
0.0338,17.8961,17.8961,4.77009,85.3662,85.0695,24.328,4.77009,0.2875
0.034,16.2647,16.2647,4.96474,80.7498,85.0695,24.3405,4.96474,0.329167
0.0342,18.016,18.016,4.45264,80.2188,85.0695,24.306,4.45264,0.2875
0.0344,18.8162,18.8162,4.37162,82.2573,85.0695,24.3012,4.37162,0.245833
0.0346,17.8786,17.8786,4.77662,85.3995,85.0695,24.3282,4.77662,0.2875
0.0348,16.266,16.266,4.95399,80.5816,85.0695,24.3397,4.95399,0.329167
0.035,18.0358,18.0358,4.45274,80.3085,85.0695,24.3062,4.45274,0.2875
0.0352,18.8127,18.8127,4.37388,82.2843,85.0695,24.3015,4.37388,0.245833
0.0354,17.8961,17.8961,4.77009,85.3662,85.0695,24.328,4.77009,0.2875
0.0356,16.2647,16.2647,4.96474,80.7498,85.0695,24.3405,4.96474,0.329167
0.0358,18.016,18.016,4.45264,80.2188,85.0695,24.306,4.45264,0.2875
0.036,18.8162,18.8162,4.37162,82.2573,85.0695,24.3012,4.37162,0.245833
0.0362,17.8786,17.8786,4.77662,85.3995,85.0695,24.3282,4.77662,0.2875
0.0364,16.266,16.266,4.95399,80.5816,85.0695,24.3397,4.95399,0.329167
0.0366,18.0358,18.0358,4.45274,80.3085,85.0695,24.3062,4.45274,0.2875
0.0368,18.8127,18.8127,4.37388,82.2843,85.0695,24.3015,4.37388,0.245833
0.037,17.8961,17.8961,4.77009,85.3662,85.0695,24.328,4.77009,0.2875
0.0372,16.2647,16.2647,4.96474,80.7498,85.0695,24.3405,4.96474,0.329167
0.0374,18.016,18.016,4.45264,80.2188,85.0695,24.306,4.45264,0.2875
0.0376,18.8162,18.8162,4.37162,82.2573,85.0695,24.3012,4.37162,0.245833
0.0378,17.8786,17.8786,4.77662,85.3995,85.0695,24.3282,4.77662,0.2875
0.038,16.266,16.266,4.95399,80.5816,85.0695,24.3397,4.95399,0.329167
0.0382,18.0358,18.0358,4.45274,80.3085,85.0695,24.3062,4.45274,0.2875
0.0384,18.8127,18.8127,4.37388,82.2843,85.0695,24.3015,4.37388,0.245833
0.0386,17.8961,17.8961,4.77009,85.3662,85.0695,24.328,4.77009,0.2875
0.0388,16.2647,16.2647,4.96474,80.7498,85.0695,24.3405,4.96474,0.329167
0.039,18.016,18.016,4.45264,80.2188,85.0695,24.306,4.45264,0.2875
0.0392,18.8162,18.8162,4.37162,82.2573,85.0695,24.3012,4.37162,0.245833
0.0394,17.8786,17.8786,4.77662,85.3995,85.0695,24.3282,4.77662,0.2875
0.0396,16.266,16.266,4.95399,80.5816,85.0695,24.3397,4.95399,0.329167
0.0398,18.0358,18.0358,4.45274,80.3085,85.0695,24.3062,4.45274,0.2875
0.04,18.8127,18.8127,4.37388,82.2843,85.0695,24.3015,4.37388,0.245833
0.0402,17.8961,17.8961,4.77009,85.3662,85.0695,24.328,4.77009,0.2875
0.0404,16.2647,16.2647,4.96474,80.7498,85.0695,24.3405,4.96474,0.329167
0.0406,18.016,18.016,4.45264,80.2188,85.0695,24.306,4.45264,0.2875
0.0408,18.8162,18.8162,4.37162,82.2573,85.0695,24.3012,4.37162,0.245833
0.041,17.8786,17.8786,4.77662,85.3995,85.0695,24.3282,4.77662,0.2875
0.0412,16.266,16.266,4.95399,80.5816,85.0695,24.3397,4.95399,0.329167
0.0414,18.0358,18.0358,4.45274,80.3085,85.0695,24.3062,4.45274,0.2875
0.0416,18.8127,18.8127,4.37388,82.2843,85.0695,24.3015,4.37388,0.245833
0.0418,17.8961,17.8961,4.77009,85.3662,85.0695,24.328,4.77009,0.2875
0.042,16.2647,16.2647,4.96474,80.7498,85.0695,24.3405,4.96474,0.329167
0.0422,18.016,18.016,4.45264,80.2188,85.0695,24.306,4.45264,0.2875
0.0424,18.8162,18.8162,4.37162,82.2573,85.0695,24.3012,4.37162,0.245833
0.0426,17.8786,17.8786,4.77662,85.3995,85.0695,24.3282,4.77662,0.2875
0.0428,16.266,16.266,4.95399,80.5816,85.0695,24.3397,4.95399,0.329167
0.043,18.0358,18.0358,4.45274,80.3085,85.0695,24.3062,4.45274,0.2875
0.0432,18.8127,18.8127,4.37388,82.2843,85.0695,24.3015,4.37388,0.245833
0.0434,17.8961,17.8961,4.77009,85.3662,85.0695,24.328,4.77009,0.2875
0.0436,16.2647,16.2647,4.96474,80.7498,85.0695,24.3405,4.96474,0.329167
0.0438,18.016,18.016,4.45264,80.2188,85.0695,24.306,4.45264,0.2875
0.044,18.8162,18.8162,4.37162,82.2573,85.0695,24.3012,4.37162,0.245833
0.0442,17.8786,17.8786,4.77662,85.3995,85.0695,24.3282,4.77662,0.2875
0.0444,16.266,16.266,4.95399,80.5816,85.0695,24.3397,4.95399,0.329167
0.0446,18.0358,18.0358,4.45274,80.3085,85.0695,24.3062,4.45274,0.2875
0.0448,18.8127,18.8127,4.37388,82.2843,85.0695,24.3015,4.37388,0.245833
0.045,17.8961,17.8961,4.77009,85.3662,85.0695,24.328,4.77009,0.2875
0.0452,16.2647,16.2647,4.96474,80.7498,85.0695,24.3405,4.96474,0.329167
0.0454,18.016,18.016,4.45264,80.2188,85.0695,24.306,4.45264,0.2875
0.0456,18.8162,18.8162,4.37162,82.2573,85.0695,24.3012,4.37162,0.245833
0.0458,17.8786,17.8786,4.77662,85.3995,85.0695,24.3282,4.77662,0.2875
0.046,16.266,16.266,4.95399,80.5816,85.0695,24.3397,4.95399,0.329167
0.0462,18.0358,18.0358,4.45274,80.3085,85.0695,24.3062,4.45274,0.2875
0.0464,18.8127,18.8127,4.37388,82.2843,85.0695,24.3015,4.37388,0.245833
0.0466,17.8961,17.8961,4.77009,85.3662,85.0695,24.328,4.77009,0.2875
0.0468,16.2647,16.2647,4.96474,80.7498,85.0695,24.3405,4.96474,0.329167
0.047,18.016,18.016,4.45264,80.2188,85.0695,24.306,4.45264,0.2875
0.0472,18.8162,18.8162,4.37162,82.2573,85.0695,24.3012,4.37162,0.245833
0.0474,17.8786,17.8786,4.77662,85.3995,85.0695,24.3282,4.77662,0.2875
0.0476,16.266,16.266,4.95399,80.5816,85.0695,24.3397,4.95399,0.329167
0.0478,18.0358,18.0358,4.45274,80.3085,85.0695,24.3062,4.45274,0.2875
0.048,18.8127,18.8127,4.37388,82.2843,85.0695,24.3015,4.37388,0.245833
0.0482,17.8961,17.8961,4.77009,85.3662,85.0695,24.328,4.77009,0.2875
0.0484,16.2647,16.2647,4.96474,80.7498,85.0695,24.3405,4.96474,0.329167
0.0486,18.016,18.016,4.45264,80.2188,85.0695,24.306,4.45264,0.2875
0.0488,18.8162,18.8162,4.37162,82.2573,85.0695,24.3012,4.37162,0.245833
0.049,17.8786,17.8786,4.77662,85.3995,85.0695,24.3282,4.77662,0.2875
0.0492,16.266,16.266,4.95399,80.5816,85.0695,24.3397,4.95399,0.329167
0.0494,18.0358,18.0358,4.45274,80.3085,85.0695,24.3062,4.45274,0.2875
0.0496,18.8127,18.8127,4.37388,82.2843,85.0695,24.3015,4.37388,0.245833
0.0498,17.8961,17.8961,4.77009,85.3662,85.0695,24.328,4.77009,0.2875
0.05,16.2647,16.2647,4.96474,80.7498,85.0695,24.3405,4.96474,0.329167
0.0502,18.016,18.016,4.45264,80.2188,85.0695,24.306,4.45264,0.2875
0.0504,18.8162,18.8162,4.37162,82.2573,85.0695,24.3012,4.37162,0.245833
0.0506,17.8786,17.8786,4.77662,85.3995,85.0695,24.3282,4.77662,0.2875
0.0508,16.266,16.266,4.95399,80.5816,85.0695,24.3397,4.95399,0.329167
0.051,18.0358,18.0358,4.45274,80.3085,85.0695,24.3062,4.45274,0.2875
0.0512,18.8127,18.8127,4.37388,82.2843,85.0695,24.3015,4.37388,0.245833
0.0514,17.8961,17.8961,4.77009,85.3662,85.0695,24.328,4.77009,0.2875
0.0516,16.2647,16.2647,4.96474,80.7498,85.0695,24.3405,4.96474,0.329167
0.0518,18.016,18.016,4.45264,80.2188,85.0695,24.306,4.45264,0.2875
0.052,18.8162,18.8162,4.37162,82.2573,85.0695,24.3012,4.37162,0.245833
0.0522,17.8786,17.8786,4.77662,85.3995,85.0695,24.3282,4.77662,0.2875
0.0524,16.266,16.266,4.95399,80.5816,85.0695,24.3397,4.95399,0.329167
0.0526,18.0358,18.0358,4.45274,80.3085,85.0695,24.3062,4.45274,0.2875
0.0528,18.8127,18.8127,4.37388,82.2843,85.0695,24.3015,4.37388,0.245833
0.053,17.8961,17.8961,4.77009,85.3662,85.0695,24.328,4.77009,0.2875
0.0532,16.2647,16.2647,4.96474,80.7498,85.0695,24.3405,4.96474,0.329167
0.0534,18.016,18.016,4.45264,80.2188,85.0695,24.306,4.45264,0.2875
0.0536,18.8162,18.8162,4.37162,82.2573,85.0695,24.3012,4.37162,0.245833
0.0538,17.8786,17.8786,4.77662,85.3995,85.0695,24.3282,4.77662,0.2875
0.054,16.266,16.266,4.95399,80.5816,85.0695,24.3397,4.95399,0.329167
0.0542,18.0358,18.0358,4.45274,80.3085,85.0695,24.3062,4.45274,0.2875
0.0544,18.8127,18.8127,4.37388,82.2843,85.0695,24.3015,4.37388,0.245833
0.0546,17.8961,17.8961,4.77009,85.3662,85.0695,24.328,4.77009,0.2875
0.0548,16.2647,16.2647,4.96474,80.7498,85.0695,24.3405,4.96474,0.329167
0.055,18.016,18.016,4.45264,80.2188,85.0695,24.306,4.45264,0.2875
0.0552,18.8162,18.8162,4.37162,82.2573,85.0695,24.3012,4.37162,0.245833
0.0554,17.8786,17.8786,4.77662,85.3995,85.0695,24.3282,4.77662,0.2875
0.0556,16.266,16.266,4.95399,80.5816,85.0695,24.3397,4.95399,0.329167
0.0558,18.0358,18.0358,4.45274,80.3085,85.0695,24.3062,4.45274,0.2875
0.056,18.8127,18.8127,4.37388,82.2843,85.0695,24.3015,4.37388,0.245833
0.0562,17.8961,17.8961,4.77009,85.3662,85.0695,24.328,4.77009,0.2875
0.0564,16.2647,16.2647,4.96474,80.7498,85.0695,24.3405,4.96474,0.329167
0.0566,18.016,18.016,4.45264,80.2188,85.0695,24.306,4.45264,0.2875
0.0568,18.8162,18.8162,4.37162,82.2573,85.0695,24.3012,4.37162,0.245833
0.057,17.8786,17.8786,4.77662,85.3995,85.0695,24.3282,4.77662,0.2875
0.0572,16.266,16.266,4.95399,80.5816,85.0695,24.3397,4.95399,0.329167
0.0574,18.0358,18.0358,4.45274,80.3085,85.0695,24.3062,4.45274,0.2875
0.0576,18.8127,18.8127,4.37388,82.2843,85.0695,24.3015,4.37388,0.245833
0.0578,17.8961,17.8961,4.77009,85.3662,85.0695,24.328,4.77009,0.2875
0.058,16.2647,16.2647,4.96474,80.7498,85.0695,24.3405,4.96474,0.329167
0.0582,18.016,18.016,4.45264,80.2188,85.0695,24.306,4.45264,0.2875
0.0584,18.8162,18.8162,4.37162,82.2573,85.0695,24.3012,4.37162,0.245833
0.0586,17.8786,17.8786,4.77662,85.3995,85.0695,24.3282,4.77662,0.2875
0.0588,16.266,16.266,4.95399,80.5816,85.0695,24.3397,4.95399,0.329167
0.059,18.0358,18.0358,4.45274,80.3085,85.0695,24.3062,4.45274,0.2875
0.0592,18.8127,18.8127,4.37388,82.2843,85.0695,24.3015,4.37388,0.245833
0.0594,17.8961,17.8961,4.77009,85.3662,85.0695,24.328,4.77009,0.2875
0.0596,16.2647,16.2647,4.96474,80.7498,85.0695,24.3405,4.96474,0.329167
0.0598,18.016,18.016,4.45264,80.2188,85.0695,24.306,4.45264,0.2875
0.06,18.8162,18.8162,4.37162,82.2573,85.0695,24.3012,4.37162,0.245833
0.0602,17.8786,17.8786,4.77662,85.3995,85.0695,24.3282,4.77662,0.2875
0.0604,16.266,16.266,4.95399,80.5816,85.0695,24.3397,4.95399,0.329167
0.0606,18.0358,18.0358,4.45274,80.3085,85.0695,24.3062,4.45274,0.2875
0.0608,18.8127,18.8127,4.37388,82.2843,85.0695,24.3015,4.37388,0.245833
0.061,17.8961,17.8961,4.77009,85.3662,85.0695,24.328,4.77009,0.2875
0.0612,16.2647,16.2647,4.96474,80.7498,85.0695,24.3405,4.96474,0.329167
0.0614,18.016,18.016,4.45264,80.2188,85.0695,24.306,4.45264,0.2875
0.0616,18.8162,18.8162,4.37162,82.2573,85.0695,24.3012,4.37162,0.245833
0.0618,17.8786,17.8786,4.77662,85.3995,85.0695,24.3282,4.77662,0.2875
0.062,16.266,16.266,4.95399,80.5816,85.0695,24.3397,4.95399,0.329167
0.0622,18.0358,18.0358,4.45274,80.3085,85.0695,24.3062,4.45274,0.2875
0.0624,18.8127,18.8127,4.37388,82.2843,85.0695,24.3015,4.37388,0.245833
0.0626,17.8961,17.8961,4.77009,85.3662,85.0695,24.328,4.77009,0.2875
0.0628,16.2647,16.2647,4.96474,80.7498,85.0695,24.3405,4.96474,0.329167
0.063,18.016,18.016,4.45264,80.2188,85.0695,24.306,4.45264,0.2875
0.0632,18.8162,18.8162,4.37162,82.2573,85.0695,24.3012,4.37162,0.245833
0.0634,17.8786,17.8786,4.77662,85.3995,85.0695,24.3282,4.77662,0.2875
0.0636,16.266,16.266,4.95399,80.5816,85.0695,24.3397,4.95399,0.329167
0.0638,18.0358,18.0358,4.45274,80.3085,85.0695,24.3062,4.45274,0.2875
0.064,18.8127,18.8127,4.37388,82.2843,85.0695,24.3015,4.37388,0.245833
0.0642,17.8961,17.8961,4.77009,85.3662,85.0695,24.328,4.77009,0.2875
0.0644,16.2647,16.2647,4.96474,80.7498,85.0695,24.3405,4.96474,0.329167
0.0646,18.016,18.016,4.45264,80.2188,85.0695,24.306,4.45264,0.2875
0.0648,18.8162,18.8162,4.37162,82.2573,85.0695,24.3012,4.37162,0.245833
0.065,17.8786,17.8786,4.77662,85.3995,85.0695,24.3282,4.77662,0.2875
0.0652,16.266,16.266,4.95399,80.5816,85.0695,24.3397,4.95399,0.329167
0.0654,18.0358,18.0358,4.45274,80.3085,85.0695,24.3062,4.45274,0.2875
0.0656,18.8127,18.8127,4.37388,82.2843,85.0695,24.3015,4.37388,0.245833
0.0658,17.8961,17.8961,4.77009,85.3662,85.0695,24.328,4.77009,0.2875
0.066,16.2647,16.2647,4.96474,80.7498,85.0695,24.3405,4.96474,0.329167
0.0662,18.016,18.016,4.45264,80.2188,85.0695,24.306,4.45264,0.2875
0.0664,18.8162,18.8162,4.37162,82.2573,85.0695,24.3012,4.37162,0.245833
0.0666,17.8786,17.8786,4.77662,85.3995,85.0695,24.3282,4.77662,0.2875
0.0668,16.266,16.266,4.95399,80.5816,85.0695,24.3397,4.95399,0.329167
0.067,18.0358,18.0358,4.45274,80.3085,85.0695,24.3062,4.45274,0.2875
0.0672,18.8127,18.8127,4.37388,82.2843,85.0695,24.3015,4.37388,0.245833
0.0674,17.8961,17.8961,4.77009,85.3662,85.0695,24.328,4.77009,0.2875
0.0676,16.2647,16.2647,4.96474,80.7498,85.0695,24.3405,4.96474,0.329167
0.0678,18.016,18.016,4.45264,80.2188,85.0695,24.306,4.45264,0.2875
0.068,18.8162,18.8162,4.37162,82.2573,85.0695,24.3012,4.37162,0.245833
0.0682,17.8786,17.8786,4.77662,85.3995,85.0695,24.3282,4.77662,0.2875
0.0684,16.266,16.266,4.95399,80.5816,85.0695,24.3397,4.95399,0.329167
0.0686,18.0358,18.0358,4.45274,80.3085,85.0695,24.3062,4.45274,0.2875
0.0688,18.8127,18.8127,4.37388,82.2843,85.0695,24.3015,4.37388,0.245833
0.069,17.8961,17.8961,4.77009,85.3662,85.0695,24.328,4.77009,0.2875
0.0692,16.2647,16.2647,4.96474,80.7498,85.0695,24.3405,4.96474,0.329167
0.0694,18.016,18.016,4.45264,80.2188,85.0695,24.306,4.45264,0.2875
0.0696,18.8162,18.8162,4.37162,82.2573,85.0695,24.3012,4.37162,0.245833
0.0698,17.8786,17.8786,4.77662,85.3995,85.0695,24.3282,4.77662,0.2875
0.07,16.266,16.266,4.95399,80.5816,85.0695,24.3397,4.95399,0.329167
0.0702,18.0358,18.0358,4.45274,80.3085,85.0695,24.3062,4.45274,0.2875
0.0704,18.8127,18.8127,4.37388,82.2843,85.0695,24.3015,4.37388,0.245833
0.0706,17.8961,17.8961,4.77009,85.3662,85.0695,24.328,4.77009,0.2875
0.0708,16.2647,16.2647,4.96474,80.7498,85.0695,24.3405,4.96474,0.329167
0.071,18.016,18.016,4.45264,80.2188,85.0695,24.306,4.45264,0.2875
0.0712,18.8162,18.8162,4.37162,82.2573,85.0695,24.3012,4.37162,0.245833
0.0714,17.8786,17.8786,4.77662,85.3995,85.0695,24.3282,4.77662,0.2875
0.0716,16.266,16.266,4.95399,80.5816,85.0695,24.3397,4.95399,0.329167
0.0718,18.0358,18.0358,4.45274,80.3085,85.0695,24.3062,4.45274,0.2875
0.072,18.8127,18.8127,4.37417,82.2899,85.0695,24.3008,4.37417,0.245833
0.0722,17.8895,17.8895,4.77256,85.3789,85.0695,24.3266,4.77256,0.2875
0.0724,16.2455,16.2455,4.96368,80.6373,85.0695,24.3363,4.96368,0.329167
0.0726,18.0452,18.0452,4.44403,80.1931,85.0695,24.3053,4.44403,0.2875
0.0728,18.8159,18.8159,4.37372,82.2954,85.0695,24.2999,4.37372,0.245833
0.073,17.8908,17.8908,4.7717,85.3697,85.0695,24.3243,4.7717,0.2875
0.0732,16.2285,16.2285,4.96358,80.5515,85.0695,24.3385,4.96358,0.329167
0.0734,18.0441,18.0441,4.44968,80.2906,85.0695,24.305,4.44968,0.2875
0.0736,18.8108,18.8108,4.37737,82.3418,85.0695,24.2966,4.37737,0.245833
0.0738,17.8867,17.8867,4.77587,85.4247,85.0695,24.3216,4.77587,0.2875
0.074,16.2298,16.2298,4.96382,80.562,85.0695,24.3364,4.96382,0.329167
0.0742,18.0536,18.0536,4.44424,80.2344,85.0695,24.3051,4.44424,0.2875
0.0744,18.8119,18.8119,4.378,82.3586,85.0695,24.2968,4.378,0.245833
0.0746,17.8947,17.8947,4.77017,85.3606,85.0695,24.3255,4.77017,0.2875
0.0748,16.2439,16.2439,4.96096,80.5853,85.0695,24.3361,4.96096,0.329167
0.075,18.0381,18.0381,4.44777,80.2293,85.0695,24.3038,4.44777,0.2875
0.0752,18.8134,18.8134,4.37537,82.3156,85.0695,24.2966,4.37537,0.245833
0.0754,17.8878,17.8878,4.77208,85.3618,85.0695,24.3262,4.77208,0.2875
0.0756,16.2495,16.2495,4.96433,80.6681,85.0695,24.3364,4.96433,0.329167
0.0758,18.0522,18.0522,4.44529,80.2472,85.0695,24.3037,4.44529,0.2875
0.076,18.8143,18.8143,4.37228,82.2615,85.0695,24.2999,4.37228,0.245833
0.0762,17.8859,17.8859,4.77964,85.4879,85.0695,24.3257,4.77964,0.2875
0.0764,16.2217,16.2217,4.96244,80.4991,85.0695,24.3362,4.96244,0.329167
0.0766,18.0456,18.0456,4.44744,80.2567,85.0695,24.305,4.44744,0.2875
0.0768,18.8129,18.8129,4.37677,82.3399,85.0695,24.2965,4.37677,0.245833
0.077,17.8962,17.8962,4.77005,85.3656,85.0695,24.3255,4.77005,0.2875
0.0772,16.2435,16.2435,4.96112,80.586,85.0695,24.3361,4.96112,0.329167
0.0774,18.0402,18.0402,4.44956,80.2712,85.0695,24.305,4.44956,0.2875
0.0776,18.8129,18.8129,4.37447,82.2966,85.0695,24.2981,4.37447,0.245833
0.0778,17.8855,17.8855,4.77443,85.3933,85.0695,24.3236,4.77443,0.2875
0.078,16.2204,16.2204,4.96455,80.5268,85.0695,24.3365,4.96455,0.329167
0.0782,18.0541,18.0541,4.44404,80.2332,85.0695,24.3025,4.44404,0.2875
0.0784,18.811,18.811,4.37541,82.3057,85.0695,24.3013,4.37541,0.245833
0.0786,17.8877,17.8877,4.77461,85.4069,85.0695,24.3256,4.77461,0.2875
0.0788,16.2431,16.2431,4.96434,80.6365,85.0695,24.3365,4.96434,0.329167
0.079,18.0545,18.0545,4.44431,80.2397,85.0695,24.3053,4.44431,0.2875
0.0792,18.8117,18.8117,4.37809,82.3592,85.0695,24.2968,4.37809,0.245833
0.0794,17.8859,17.8859,4.77723,85.445,85.0695,24.3256,4.77723,0.2875
0.0796,16.2337,16.2337,4.96279,80.5645,85.0695,24.3385,4.96279,0.329167
0.0798,18.0531,18.0531,4.44646,80.2726,85.0695,24.3037,4.44646,0.2875
0.08,18.8135,18.8135,4.37412,82.2923,85.0695,24.2981,4.37412,0.245833
0.0802,17.8892,17.8892,4.77159,85.3599,85.0695,24.3244,4.77159,0.2875
0.0804,16.2296,16.2296,4.96347,80.555,85.0695,24.3385,4.96347,0.329167
0.0806,18.0437,18.0437,4.4499,80.2928,85.0695,24.305,4.4499,0.2875
0.0808,18.8107,18.8107,4.37739,82.3417,85.0695,24.2966,4.37739,0.245833
0.081,17.8867,17.8867,4.77587,85.4246,85.0695,24.3216,4.77587,0.2875
0.0812,16.2298,16.2298,4.96382,80.562,85.0695,24.3364,4.96382,0.329167
0.0814,18.0536,18.0536,4.44424,80.2344,85.0695,24.3051,4.44424,0.2875
0.0816,18.8119,18.8119,4.378,82.3586,85.0695,24.2968,4.378,0.245833
0.0818,17.8947,17.8947,4.77017,85.3606,85.0695,24.3255,4.77017,0.2875
0.082,16.2439,16.2439,4.96096,80.5853,85.0695,24.3361,4.96096,0.329167
0.0822,18.0381,18.0381,4.44777,80.2293,85.0695,24.3038,4.44777,0.2875
0.0824,18.8134,18.8134,4.37537,82.3156,85.0695,24.2966,4.37537,0.245833
0.0826,17.8878,17.8878,4.77208,85.3618,85.0695,24.3262,4.77208,0.2875
0.0828,16.2495,16.2495,4.96433,80.6681,85.0695,24.3364,4.96433,0.329167
0.083,18.0522,18.0522,4.44529,80.2472,85.0695,24.3037,4.44529,0.2875
0.0832,18.8143,18.8143,4.37228,82.2615,85.0695,24.2999,4.37228,0.245833
0.0834,17.8859,17.8859,4.77964,85.4879,85.0695,24.3257,4.77964,0.2875
0.0836,16.2217,16.2217,4.96244,80.4991,85.0695,24.3362,4.96244,0.329167
0.0838,18.0456,18.0456,4.44744,80.2567,85.0695,24.305,4.44744,0.2875
0.084,18.8129,18.8129,4.37677,82.3399,85.0695,24.2965,4.37677,0.245833
0.0842,17.8962,17.8962,4.77005,85.3656,85.0695,24.3255,4.77005,0.2875
0.0844,16.2435,16.2435,4.96112,80.586,85.0695,24.3361,4.96112,0.329167
0.0846,18.0402,18.0402,4.44956,80.2712,85.0695,24.305,4.44956,0.2875
0.0848,18.8129,18.8129,4.37447,82.2966,85.0695,24.2981,4.37447,0.245833
0.085,17.8855,17.8855,4.77443,85.3933,85.0695,24.3236,4.77443,0.2875
0.0852,16.2204,16.2204,4.96455,80.5268,85.0695,24.3365,4.96455,0.329167
0.0854,18.0541,18.0541,4.44404,80.2332,85.0695,24.3025,4.44404,0.2875
0.0856,18.811,18.811,4.37541,82.3057,85.0695,24.3013,4.37541,0.245833
0.0858,17.8877,17.8877,4.77461,85.4069,85.0695,24.3256,4.77461,0.2875
0.086,16.2431,16.2431,4.96434,80.6365,85.0695,24.3365,4.96434,0.329167
0.0862,18.0545,18.0545,4.44431,80.2397,85.0695,24.3053,4.44431,0.2875
0.0864,18.8117,18.8117,4.37809,82.3592,85.0695,24.2968,4.37809,0.245833
0.0866,17.8859,17.8859,4.77723,85.445,85.0695,24.3256,4.77723,0.2875
0.0868,16.2337,16.2337,4.96279,80.5645,85.0695,24.3385,4.96279,0.329167
0.087,18.0531,18.0531,4.44646,80.2726,85.0695,24.3037,4.44646,0.2875
0.0872,18.8135,18.8135,4.37412,82.2923,85.0695,24.2981,4.37412,0.245833
0.0874,17.8892,17.8892,4.77159,85.3599,85.0695,24.3244,4.77159,0.2875
0.0876,16.2296,16.2296,4.96347,80.555,85.0695,24.3385,4.96347,0.329167
0.0878,18.0437,18.0437,4.4499,80.2928,85.0695,24.305,4.4499,0.2875
0.088,18.8107,18.8107,4.37739,82.3417,85.0695,24.2966,4.37739,0.245833
0.0882,17.8867,17.8867,4.77587,85.4246,85.0695,24.3216,4.77587,0.2875
0.0884,16.2298,16.2298,4.96382,80.562,85.0695,24.3364,4.96382,0.329167
0.0886,18.0536,18.0536,4.44424,80.2344,85.0695,24.3051,4.44424,0.2875
0.0888,18.8119,18.8119,4.378,82.3586,85.0695,24.2968,4.378,0.245833
0.089,17.8947,17.8947,4.77017,85.3606,85.0695,24.3255,4.77017,0.2875
0.0892,16.2439,16.2439,4.96096,80.5853,85.0695,24.3361,4.96096,0.329167
0.0894,18.0381,18.0381,4.44777,80.2293,85.0695,24.3038,4.44777,0.2875
0.0896,18.8134,18.8134,4.37537,82.3156,85.0695,24.2966,4.37537,0.245833
0.0898,17.8878,17.8878,4.77208,85.3618,85.0695,24.3262,4.77208,0.2875
0.09,16.2495,16.2495,4.96433,80.6681,85.0695,24.3364,4.96433,0.329167
0.0902,18.0522,18.0522,4.44529,80.2472,85.0695,24.3037,4.44529,0.2875
0.0904,18.8143,18.8143,4.37228,82.2615,85.0695,24.2999,4.37228,0.245833
0.0906,17.8859,17.8859,4.77964,85.4879,85.0695,24.3257,4.77964,0.2875
0.0908,16.2217,16.2217,4.96244,80.4991,85.0695,24.3362,4.96244,0.329167
0.091,18.0456,18.0456,4.44744,80.2567,85.0695,24.305,4.44744,0.2875
0.0912,18.8129,18.8129,4.37677,82.3399,85.0695,24.2965,4.37677,0.245833
0.0914,17.8962,17.8962,4.77005,85.3656,85.0695,24.3255,4.77005,0.2875
0.0916,16.2435,16.2435,4.96112,80.586,85.0695,24.3361,4.96112,0.329167
0.0918,18.0402,18.0402,4.44956,80.2712,85.0695,24.305,4.44956,0.2875
0.092,18.8129,18.8129,4.37447,82.2966,85.0695,24.2981,4.37447,0.245833
0.0922,17.8855,17.8855,4.77443,85.3933,85.0695,24.3236,4.77443,0.2875
0.0924,16.2204,16.2204,4.96455,80.5268,85.0695,24.3365,4.96455,0.329167
0.0926,18.0541,18.0541,4.44404,80.2332,85.0695,24.3025,4.44404,0.2875
0.0928,18.811,18.811,4.37541,82.3057,85.0695,24.3013,4.37541,0.245833
0.093,17.8877,17.8877,4.77461,85.4069,85.0695,24.3256,4.77461,0.2875
0.0932,16.2431,16.2431,4.96434,80.6365,85.0695,24.3365,4.96434,0.329167
0.0934,18.0545,18.0545,4.44431,80.2397,85.0695,24.3053,4.44431,0.2875
0.0936,18.8117,18.8117,4.37809,82.3592,85.0695,24.2968,4.37809,0.245833
0.0938,17.8859,17.8859,4.77723,85.445,85.0695,24.3256,4.77723,0.2875
0.094,16.2337,16.2337,4.96279,80.5645,85.0695,24.3385,4.96279,0.329167
0.0942,18.0531,18.0531,4.44646,80.2726,85.0695,24.3037,4.44646,0.2875
0.0944,18.8135,18.8135,4.37412,82.2923,85.0695,24.2981,4.37412,0.245833
0.0946,17.8892,17.8892,4.77159,85.3599,85.0695,24.3244,4.77159,0.2875
0.0948,16.2296,16.2296,4.96347,80.555,85.0695,24.3385,4.96347,0.329167
0.095,18.0437,18.0437,4.4499,80.2928,85.0695,24.305,4.4499,0.2875
0.0952,18.8107,18.8107,4.37739,82.3417,85.0695,24.2966,4.37739,0.245833
0.0954,17.8867,17.8867,4.77587,85.4246,85.0695,24.3216,4.77587,0.2875
0.0956,16.2298,16.2298,4.96382,80.562,85.0695,24.3364,4.96382,0.329167
0.0958,18.0536,18.0536,4.44424,80.2344,85.0695,24.3051,4.44424,0.2875
0.096,18.8119,18.8119,4.378,82.3586,85.0695,24.2968,4.378,0.245833
0.0962,17.8947,17.8947,4.77017,85.3606,85.0695,24.3255,4.77017,0.2875
0.0964,16.2439,16.2439,4.96096,80.5853,85.0695,24.3361,4.96096,0.329167
0.0966,18.0381,18.0381,4.44777,80.2293,85.0695,24.3038,4.44777,0.2875
0.0968,18.8134,18.8134,4.37537,82.3156,85.0695,24.2966,4.37537,0.245833
0.097,17.8878,17.8878,4.77208,85.3618,85.0695,24.3262,4.77208,0.2875
0.0972,16.2495,16.2495,4.96433,80.6681,85.0695,24.3364,4.96433,0.329167
0.0974,18.0522,18.0522,4.44529,80.2472,85.0695,24.3037,4.44529,0.2875
0.0976,18.8143,18.8143,4.37228,82.2615,85.0695,24.2999,4.37228,0.245833
0.0978,17.8859,17.8859,4.77964,85.4879,85.0695,24.3257,4.77964,0.2875
0.098,16.2217,16.2217,4.96244,80.4991,85.0695,24.3362,4.96244,0.329167
0.0982,18.0456,18.0456,4.44744,80.2567,85.0695,24.305,4.44744,0.2875
0.0984,18.8129,18.8129,4.37677,82.3399,85.0695,24.2965,4.37677,0.245833
0.0986,17.8962,17.8962,4.77005,85.3656,85.0695,24.3255,4.77005,0.2875
0.0988,16.2435,16.2435,4.96112,80.586,85.0695,24.3361,4.96112,0.329167
0.099,18.0402,18.0402,4.44956,80.2712,85.0695,24.305,4.44956,0.2875
0.0992,18.8129,18.8129,4.37447,82.2966,85.0695,24.2981,4.37447,0.245833
0.0994,17.8855,17.8855,4.77443,85.3933,85.0695,24.3236,4.77443,0.2875
0.0996,16.2204,16.2204,4.96455,80.5268,85.0695,24.3365,4.96455,0.329167
0.0998,18.0541,18.0541,4.44404,80.2332,85.0695,24.3025,4.44404,0.2875
0.1,18.811,18.811,4.37541,82.3057,85.0695,24.3013,4.37541,0.245833
0.1002,17.8877,17.8877,4.77461,85.4069,85.0695,24.3256,4.77461,0.2875
0.1004,16.2431,16.2431,4.96434,80.6365,85.0695,24.3365,4.96434,0.329167
0.1006,18.0545,18.0545,4.44431,80.2397,85.0695,24.3053,4.44431,0.2875
0.1008,18.8117,18.8117,4.37809,82.3592,85.0695,24.2968,4.37809,0.245833
0.101,17.8859,17.8859,4.77723,85.445,85.0695,24.3256,4.77723,0.2875
0.1012,16.2337,16.2337,4.96279,80.5645,85.0695,24.3385,4.96279,0.329167
0.1014,18.0531,18.0531,4.44646,80.2726,85.0695,24.3037,4.44646,0.2875
0.1016,18.8135,18.8135,4.37412,82.2923,85.0695,24.2981,4.37412,0.245833
0.1018,17.8892,17.8892,4.77159,85.3599,85.0695,24.3244,4.77159,0.2875
0.102,16.2296,16.2296,4.96347,80.555,85.0695,24.3385,4.96347,0.329167
0.1022,18.0437,18.0437,4.4499,80.2928,85.0695,24.305,4.4499,0.2875
0.1024,18.8107,18.8107,4.37739,82.3417,85.0695,24.2966,4.37739,0.245833
0.1026,17.8867,17.8867,4.77587,85.4246,85.0695,24.3216,4.77587,0.2875
0.1028,16.2298,16.2298,4.96382,80.562,85.0695,24.3364,4.96382,0.329167
0.103,18.0536,18.0536,4.44424,80.2344,85.0695,24.3051,4.44424,0.2875
0.1032,18.8119,18.8119,4.378,82.3586,85.0695,24.2968,4.378,0.245833
0.1034,17.8947,17.8947,4.77017,85.3606,85.0695,24.3255,4.77017,0.2875
0.1036,16.2439,16.2439,4.96096,80.5853,85.0695,24.3361,4.96096,0.329167
0.1038,18.0381,18.0381,4.44777,80.2293,85.0695,24.3038,4.44777,0.2875
0.104,18.8134,18.8134,4.37537,82.3156,85.0695,24.2966,4.37537,0.245833
0.1042,17.8878,17.8878,4.77208,85.3618,85.0695,24.3262,4.77208,0.2875
0.1044,16.2495,16.2495,4.96433,80.6681,85.0695,24.3364,4.96433,0.329167
0.1046,18.0522,18.0522,4.44529,80.2472,85.0695,24.3037,4.44529,0.2875
0.1048,18.8143,18.8143,4.37228,82.2615,85.0695,24.2999,4.37228,0.245833
0.105,17.8859,17.8859,4.77964,85.4879,85.0695,24.3257,4.77964,0.2875
0.1052,16.2217,16.2217,4.96244,80.4991,85.0695,24.3362,4.96244,0.329167
0.1054,18.0456,18.0456,4.44744,80.2567,85.0695,24.305,4.44744,0.2875
0.1056,18.8129,18.8129,4.37677,82.3399,85.0695,24.2965,4.37677,0.245833
0.1058,17.8962,17.8962,4.77005,85.3656,85.0695,24.3255,4.77005,0.2875
0.106,16.2435,16.2435,4.96112,80.586,85.0695,24.3361,4.96112,0.329167
0.1062,18.0402,18.0402,4.44956,80.2712,85.0695,24.305,4.44956,0.2875
0.1064,18.8129,18.8129,4.37447,82.2966,85.0695,24.2981,4.37447,0.245833
0.1066,17.8855,17.8855,4.77443,85.3933,85.0695,24.3236,4.77443,0.2875
0.1068,16.2204,16.2204,4.96455,80.5268,85.0695,24.3365,4.96455,0.329167
0.107,18.0541,18.0541,4.44404,80.2332,85.0695,24.3025,4.44404,0.2875
0.1072,18.811,18.811,4.37541,82.3057,85.0695,24.3013,4.37541,0.245833
0.1074,17.8877,17.8877,4.77461,85.4069,85.0695,24.3256,4.77461,0.2875
0.1076,16.2431,16.2431,4.96434,80.6365,85.0695,24.3365,4.96434,0.329167
0.1078,18.0545,18.0545,4.44431,80.2397,85.0695,24.3053,4.44431,0.2875
0.108,18.8117,18.8117,4.37809,82.3592,85.0695,24.2968,4.37809,0.245833
0.1082,17.8859,17.8859,4.77723,85.445,85.0695,24.3256,4.77723,0.2875
0.1084,16.2337,16.2337,4.96279,80.5645,85.0695,24.3385,4.96279,0.329167
0.1086,18.0531,18.0531,4.44646,80.2726,85.0695,24.3037,4.44646,0.2875
0.1088,18.8135,18.8135,4.37412,82.2923,85.0695,24.2981,4.37412,0.245833
0.109,17.8892,17.8892,4.77159,85.3599,85.0695,24.3244,4.77159,0.2875
0.1092,16.2296,16.2296,4.96347,80.555,85.0695,24.3385,4.96347,0.329167
0.1094,18.0437,18.0437,4.4499,80.2928,85.0695,24.305,4.4499,0.2875
0.1096,18.8107,18.8107,4.37739,82.3417,85.0695,24.2966,4.37739,0.245833
0.1098,17.8867,17.8867,4.77587,85.4246,85.0695,24.3216,4.77587,0.2875
0.11,16.2298,16.2298,4.96382,80.562,85.0695,24.3364,4.96382,0.329167
0.1102,18.0536,18.0536,4.44424,80.2344,85.0695,24.3051,4.44424,0.2875
0.1104,18.8119,18.8119,4.378,82.3586,85.0695,24.2968,4.378,0.245833
0.1106,17.8947,17.8947,4.77017,85.3606,85.0695,24.3255,4.77017,0.2875
0.1108,16.2439,16.2439,4.96096,80.5853,85.0695,24.3361,4.96096,0.329167
0.111,18.0381,18.0381,4.44777,80.2293,85.0695,24.3038,4.44777,0.2875
0.1112,18.8134,18.8134,4.37537,82.3156,85.0695,24.2966,4.37537,0.245833
0.1114,17.8878,17.8878,4.77208,85.3618,85.0695,24.3262,4.77208,0.2875
0.1116,16.2495,16.2495,4.96433,80.6681,85.0695,24.3364,4.96433,0.329167
0.1118,18.0522,18.0522,4.44529,80.2472,85.0695,24.3037,4.44529,0.2875
0.112,18.8143,18.8143,4.37228,82.2615,85.0695,24.2999,4.37228,0.245833
0.1122,17.8859,17.8859,4.77964,85.4879,85.0695,24.3257,4.77964,0.2875
0.1124,16.2217,16.2217,4.96244,80.4991,85.0695,24.3362,4.96244,0.329167
0.1126,18.0456,18.0456,4.44744,80.2567,85.0695,24.305,4.44744,0.2875
0.1128,18.8129,18.8129,4.37677,82.3399,85.0695,24.2965,4.37677,0.245833
0.113,17.8962,17.8962,4.77005,85.3656,85.0695,24.3255,4.77005,0.2875
0.1132,16.2435,16.2435,4.96112,80.586,85.0695,24.3361,4.96112,0.329167
0.1134,18.0402,18.0402,4.44956,80.2712,85.0695,24.305,4.44956,0.2875
0.1136,18.8129,18.8129,4.37447,82.2966,85.0695,24.2981,4.37447,0.245833
0.1138,17.8855,17.8855,4.77443,85.3933,85.0695,24.3236,4.77443,0.2875
0.114,16.2204,16.2204,4.96455,80.5268,85.0695,24.3365,4.96455,0.329167
0.1142,18.0541,18.0541,4.44404,80.2332,85.0695,24.3025,4.44404,0.2875
0.1144,18.811,18.811,4.37541,82.3057,85.0695,24.3013,4.37541,0.245833
0.1146,17.8877,17.8877,4.77461,85.4069,85.0695,24.3256,4.77461,0.2875
0.1148,16.2431,16.2431,4.96434,80.6365,85.0695,24.3365,4.96434,0.329167
0.115,18.0545,18.0545,4.44431,80.2397,85.0695,24.3053,4.44431,0.2875
0.1152,18.8117,18.8117,4.37809,82.3592,85.0695,24.2968,4.37809,0.245833
0.1154,17.8859,17.8859,4.77723,85.445,85.0695,24.3256,4.77723,0.2875
0.1156,16.2337,16.2337,4.96279,80.5645,85.0695,24.3385,4.96279,0.329167
0.1158,18.0531,18.0531,4.44646,80.2726,85.0695,24.3037,4.44646,0.2875
0.116,18.8135,18.8135,4.37412,82.2923,85.0695,24.2981,4.37412,0.245833
0.1162,17.8892,17.8892,4.77159,85.3599,85.0695,24.3244,4.77159,0.2875
0.1164,16.2296,16.2296,4.96347,80.555,85.0695,24.3385,4.96347,0.329167
0.1166,18.0437,18.0437,4.4499,80.2928,85.0695,24.305,4.4499,0.2875
0.1168,18.8107,18.8107,4.37739,82.3417,85.0695,24.2966,4.37739,0.245833
0.117,17.8867,17.8867,4.77587,85.4246,85.0695,24.3216,4.77587,0.2875
0.1172,16.2298,16.2298,4.96382,80.562,85.0695,24.3364,4.96382,0.329167
0.1174,18.0536,18.0536,4.44424,80.2344,85.0695,24.3051,4.44424,0.2875
0.1176,18.8119,18.8119,4.378,82.3586,85.0695,24.2968,4.378,0.245833
0.1178,17.8947,17.8947,4.77017,85.3606,85.0695,24.3255,4.77017,0.2875
0.118,16.2439,16.2439,4.96096,80.5853,85.0695,24.3361,4.96096,0.329167
0.1182,18.0381,18.0381,4.44777,80.2293,85.0695,24.3038,4.44777,0.2875
0.1184,18.8134,18.8134,4.37537,82.3156,85.0695,24.2966,4.37537,0.245833
0.1186,17.8878,17.8878,4.77208,85.3618,85.0695,24.3262,4.77208,0.2875
0.1188,16.2495,16.2495,4.96433,80.6681,85.0695,24.3364,4.96433,0.329167
0.119,18.0522,18.0522,4.44529,80.2472,85.0695,24.3037,4.44529,0.2875
0.1192,18.8143,18.8143,4.37228,82.2615,85.0695,24.2999,4.37228,0.245833
0.1194,17.8859,17.8859,4.77964,85.4879,85.0695,24.3257,4.77964,0.2875
0.1196,16.2217,16.2217,4.96244,80.4991,85.0695,24.3362,4.96244,0.329167
0.1198,18.0456,18.0456,4.44744,80.2567,85.0695,24.305,4.44744,0.2875
0.12,18.8129,18.8129,4.37677,82.3399,85.0695,24.2965,4.37677,0.245833
0.1202,17.8962,17.8962,4.77005,85.3656,85.0695,24.3255,4.77005,0.2875
0.1204,16.2435,16.2435,4.96112,80.586,85.0695,24.3361,4.96112,0.329167
0.1206,18.0402,18.0402,4.44956,80.2712,85.0695,24.305,4.44956,0.2875
0.1208,18.8129,18.8129,4.37447,82.2966,85.0695,24.2981,4.37447,0.245833
0.121,17.8855,17.8855,4.77443,85.3933,85.0695,24.3236,4.77443,0.2875
0.1212,16.2204,16.2204,4.96455,80.5268,85.0695,24.3365,4.96455,0.329167
0.1214,18.0541,18.0541,4.44404,80.2332,85.0695,24.3025,4.44404,0.2875
0.1216,18.811,18.811,4.37541,82.3057,85.0695,24.3013,4.37541,0.245833
0.1218,17.8877,17.8877,4.77461,85.4069,85.0695,24.3256,4.77461,0.2875
0.122,16.2431,16.2431,4.96434,80.6365,85.0695,24.3365,4.96434,0.329167
0.1222,18.0545,18.0545,4.44431,80.2397,85.0695,24.3053,4.44431,0.2875
0.1224,18.8117,18.8117,4.37809,82.3592,85.0695,24.2968,4.37809,0.245833
0.1226,17.8859,17.8859,4.77723,85.445,85.0695,24.3256,4.77723,0.2875
0.1228,16.2337,16.2337,4.96279,80.5645,85.0695,24.3385,4.96279,0.329167
0.123,18.0531,18.0531,4.44646,80.2726,85.0695,24.3037,4.44646,0.2875
0.1232,18.8135,18.8135,4.37412,82.2923,85.0695,24.2981,4.37412,0.245833
0.1234,17.8892,17.8892,4.77159,85.3599,85.0695,24.3244,4.77159,0.2875
0.1236,16.2296,16.2296,4.96347,80.555,85.0695,24.3385,4.96347,0.329167
0.1238,18.0437,18.0437,4.4499,80.2928,85.0695,24.305,4.4499,0.2875
0.124,18.8107,18.8107,4.37739,82.3417,85.0695,24.2966,4.37739,0.245833
0.1242,17.8867,17.8867,4.77587,85.4246,85.0695,24.3216,4.77587,0.2875
0.1244,16.2298,16.2298,4.96382,80.562,85.0695,24.3364,4.96382,0.329167
0.1246,18.0536,18.0536,4.44424,80.2344,85.0695,24.3051,4.44424,0.2875
0.1248,18.8119,18.8119,4.378,82.3586,85.0695,24.2968,4.378,0.245833
0.125,17.8947,17.8947,4.77017,85.3606,85.0695,24.3255,4.77017,0.2875
0.1252,16.2439,16.2439,4.96096,80.5853,85.0695,24.3361,4.96096,0.329167
0.1254,18.0381,18.0381,4.44777,80.2293,85.0695,24.3038,4.44777,0.2875
0.1256,18.8134,18.8134,4.37537,82.3156,85.0695,24.2966,4.37537,0.245833
0.1258,17.8878,17.8878,4.77208,85.3618,85.0695,24.3262,4.77208,0.2875
0.126,16.2495,16.2495,4.96433,80.6681,85.0695,24.3364,4.96433,0.329167
0.1262,18.0522,18.0522,4.44529,80.2472,85.0695,24.3037,4.44529,0.2875
0.1264,18.8143,18.8143,4.37228,82.2615,85.0695,24.2999,4.37228,0.245833
0.1266,17.8859,17.8859,4.77964,85.4879,85.0695,24.3257,4.77964,0.2875
0.1268,16.2217,16.2217,4.96244,80.4991,85.0695,24.3362,4.96244,0.329167
0.127,18.0456,18.0456,4.44744,80.2567,85.0695,24.305,4.44744,0.2875
0.1272,18.8129,18.8129,4.37677,82.3399,85.0695,24.2965,4.37677,0.245833
0.1274,17.8962,17.8962,4.77005,85.3656,85.0695,24.3255,4.77005,0.2875
0.1276,16.2435,16.2435,4.96112,80.586,85.0695,24.3361,4.96112,0.329167
0.1278,18.0402,18.0402,4.44956,80.2712,85.0695,24.305,4.44956,0.2875
0.128,18.8129,18.8129,4.37447,82.2966,85.0695,24.2981,4.37447,0.245833
0.1282,17.8855,17.8855,4.77443,85.3933,85.0695,24.3236,4.77443,0.2875
0.1284,16.2204,16.2204,4.96455,80.5268,85.0695,24.3365,4.96455,0.329167
0.1286,18.0541,18.0541,4.44404,80.2332,85.0695,24.3025,4.44404,0.2875
0.1288,18.811,18.811,4.37541,82.3057,85.0695,24.3013,4.37541,0.245833
0.129,17.8877,17.8877,4.77461,85.4069,85.0695,24.3256,4.77461,0.2875
0.1292,16.2431,16.2431,4.96434,80.6365,85.0695,24.3365,4.96434,0.329167
0.1294,18.0545,18.0545,4.44431,80.2397,85.0695,24.3053,4.44431,0.2875
0.1296,18.8117,18.8117,4.37809,82.3592,85.0695,24.2968,4.37809,0.245833
0.1298,17.8859,17.8859,4.77723,85.445,85.0695,24.3256,4.77723,0.2875
0.13,16.2337,16.2337,4.96279,80.5645,85.0695,24.3385,4.96279,0.329167
0.1302,18.0531,18.0531,4.44646,80.2726,85.0695,24.3037,4.44646,0.2875
0.1304,18.8135,18.8135,4.37412,82.2923,85.0695,24.2981,4.37412,0.245833
0.1306,17.8892,17.8892,4.77159,85.3599,85.0695,24.3244,4.77159,0.2875
0.1308,16.2296,16.2296,4.96347,80.555,85.0695,24.3385,4.96347,0.329167
0.131,18.0437,18.0437,4.4499,80.2928,85.0695,24.305,4.4499,0.2875
0.1312,18.8107,18.8107,4.37739,82.3417,85.0695,24.2966,4.37739,0.245833
0.1314,17.8867,17.8867,4.77587,85.4246,85.0695,24.3216,4.77587,0.2875
0.1316,16.2298,16.2298,4.96382,80.562,85.0695,24.3364,4.96382,0.329167
0.1318,18.0536,18.0536,4.44424,80.2344,85.0695,24.3051,4.44424,0.2875
0.132,18.8119,18.8119,4.378,82.3586,85.0695,24.2968,4.378,0.245833
0.1322,17.8947,17.8947,4.77017,85.3606,85.0695,24.3255,4.77017,0.2875
0.1324,16.2439,16.2439,4.96096,80.5853,85.0695,24.3361,4.96096,0.329167
0.1326,18.0381,18.0381,4.44777,80.2293,85.0695,24.3038,4.44777,0.2875
0.1328,18.8134,18.8134,4.37537,82.3156,85.0695,24.2966,4.37537,0.245833
0.133,17.8878,17.8878,4.77208,85.3618,85.0695,24.3262,4.77208,0.2875
0.1332,16.2495,16.2495,4.96433,80.6681,85.0695,24.3364,4.96433,0.329167
0.1334,18.0522,18.0522,4.44529,80.2472,85.0695,24.3037,4.44529,0.2875
0.1336,18.8143,18.8143,4.37228,82.2615,85.0695,24.2999,4.37228,0.245833
0.1338,17.8859,17.8859,4.77964,85.4879,85.0695,24.3257,4.77964,0.2875
0.134,16.2217,16.2217,4.96244,80.4991,85.0695,24.3362,4.96244,0.329167
0.1342,18.0456,18.0456,4.44744,80.2567,85.0695,24.305,4.44744,0.2875
0.1344,18.8129,18.8129,4.37677,82.3399,85.0695,24.2965,4.37677,0.245833
0.1346,17.8962,17.8962,4.77005,85.3656,85.0695,24.3255,4.77005,0.2875
0.1348,16.2435,16.2435,4.96112,80.586,85.0695,24.3361,4.96112,0.329167
0.135,18.0402,18.0402,4.44956,80.2712,85.0695,24.305,4.44956,0.2875
0.1352,18.8129,18.8129,4.37447,82.2966,85.0695,24.2981,4.37447,0.245833
0.1354,17.8855,17.8855,4.77443,85.3933,85.0695,24.3236,4.77443,0.2875
0.1356,16.2204,16.2204,4.96455,80.5268,85.0695,24.3365,4.96455,0.329167
0.1358,18.0541,18.0541,4.44404,80.2332,85.0695,24.3025,4.44404,0.2875
0.136,18.811,18.811,4.37541,82.3057,85.0695,24.3013,4.37541,0.245833
0.1362,17.8877,17.8877,4.77461,85.4069,85.0695,24.3256,4.77461,0.2875
0.1364,16.2431,16.2431,4.96434,80.6365,85.0695,24.3365,4.96434,0.329167
0.1366,18.0545,18.0545,4.44431,80.2397,85.0695,24.3053,4.44431,0.2875
0.1368,18.8117,18.8117,4.37809,82.3592,85.0695,24.2968,4.37809,0.245833
0.137,17.8859,17.8859,4.77723,85.445,85.0695,24.3256,4.77723,0.2875
0.1372,16.2337,16.2337,4.96279,80.5645,85.0695,24.3385,4.96279,0.329167
0.1374,18.0531,18.0531,4.44646,80.2726,85.0695,24.3037,4.44646,0.2875
0.1376,18.8135,18.8135,4.37412,82.2923,85.0695,24.2981,4.37412,0.245833
0.1378,17.8892,17.8892,4.77159,85.3599,85.0695,24.3244,4.77159,0.2875
0.138,16.2296,16.2296,4.96347,80.555,85.0695,24.3385,4.96347,0.329167
0.1382,18.0437,18.0437,4.4499,80.2928,85.0695,24.305,4.4499,0.2875
0.1384,18.8107,18.8107,4.37739,82.3417,85.0695,24.2966,4.37739,0.245833
0.1386,17.8867,17.8867,4.77587,85.4246,85.0695,24.3216,4.77587,0.2875
0.1388,16.2298,16.2298,4.96382,80.562,85.0695,24.3364,4.96382,0.329167
0.139,18.0536,18.0536,4.44424,80.2344,85.0695,24.3051,4.44424,0.2875
0.1392,18.8119,18.8119,4.378,82.3586,85.0695,24.2968,4.378,0.245833
0.1394,17.8947,17.8947,4.77017,85.3606,85.0695,24.3255,4.77017,0.2875
0.1396,16.2439,16.2439,4.96096,80.5853,85.0695,24.3361,4.96096,0.329167
0.1398,18.0381,18.0381,4.44777,80.2293,85.0695,24.3038,4.44777,0.2875
0.14,18.8134,18.8134,4.37537,82.3156,85.0695,24.2966,4.37537,0.245833
0.1402,17.8878,17.8878,4.77208,85.3618,85.0695,24.3262,4.77208,0.2875
0.1404,16.2495,16.2495,4.96433,80.6681,85.0695,24.3364,4.96433,0.329167
0.1406,18.0522,18.0522,4.44529,80.2472,85.0695,24.3037,4.44529,0.2875
0.1408,18.8143,18.8143,4.37228,82.2615,85.0695,24.2999,4.37228,0.245833
0.141,17.8859,17.8859,4.77964,85.4879,85.0695,24.3257,4.77964,0.2875
0.1412,16.2217,16.2217,4.96244,80.4991,85.0695,24.3362,4.96244,0.329167
0.1414,18.0456,18.0456,4.44744,80.2567,85.0695,24.305,4.44744,0.2875
0.1416,18.8129,18.8129,4.37677,82.3399,85.0695,24.2965,4.37677,0.245833
0.1418,17.8962,17.8962,4.77005,85.3656,85.0695,24.3255,4.77005,0.2875
0.142,16.2435,16.2435,4.96112,80.586,85.0695,24.3361,4.96112,0.329167
0.1422,18.0402,18.0402,4.44956,80.2712,85.0695,24.305,4.44956,0.2875
0.1424,18.8129,18.8129,4.37447,82.2966,85.0695,24.2981,4.37447,0.245833
0.1426,17.8855,17.8855,4.77443,85.3933,85.0695,24.3236,4.77443,0.2875
0.1428,16.2204,16.2204,4.96455,80.5268,85.0695,24.3365,4.96455,0.329167
0.143,18.0541,18.0541,4.44404,80.2332,85.0695,24.3025,4.44404,0.2875
0.1432,18.811,18.811,4.37541,82.3057,85.0695,24.3013,4.37541,0.245833
0.1434,17.8877,17.8877,4.77461,85.4069,85.0695,24.3256,4.77461,0.2875
0.1436,16.2431,16.2431,4.96434,80.6365,85.0695,24.3365,4.96434,0.329167
0.1438,18.0545,18.0545,4.44431,80.2397,85.0695,24.3053,4.44431,0.2875
0.144,18.8117,18.8117,4.37809,82.3592,85.0695,24.2968,4.37809,0.245833
0.1442,17.8859,17.8859,4.77723,85.445,85.0695,24.3256,4.77723,0.2875
0.1444,16.2337,16.2337,4.96279,80.5645,85.0695,24.3385,4.96279,0.329167
0.1446,18.046,18.046,4.4479,80.267,85.0695,24.3049,4.4479,0.2875
0.1448,18.81,18.81,4.37519,82.2972,85.0695,24.3009,4.37519,0.245833
0.145,17.8903,17.8903,4.77099,85.3544,85.0695,24.3251,4.77099,0.2875
0.1452,16.2274,16.2274,4.9651,80.5708,85.0695,24.3365,4.9651,0.329167
0.1454,18.0551,18.0551,4.44656,80.2831,85.0695,24.3022,4.44656,0.2875
0.1456,18.816,18.816,4.3752,82.3239,85.0695,24.2966,4.3752,0.245833
0.1458,17.8729,17.8729,4.77957,85.4247,85.0695,24.3239,4.77957,0.2875
0.146,16.2144,16.2144,4.95908,80.4085,85.0695,24.3382,4.95908,0.329167
0.1462,18.0554,18.0554,4.4489,80.3269,85.0695,24.3051,4.4489,0.2875
0.1464,18.8126,18.8126,4.37606,82.3252,85.0695,24.2976,4.37606,0.245833
0.1466,17.8764,17.8764,4.77748,85.4041,85.0695,24.3217,4.77748,0.2875
0.1468,16.2218,16.2218,4.96125,80.4801,85.0695,24.3362,4.96125,0.329167
0.147,18.0416,18.0416,4.44945,80.2751,85.0695,24.3039,4.44945,0.2875
0.1472,18.8079,18.8079,4.38112,82.3997,85.0695,24.2981,4.38112,0.245833
0.1474,17.8826,17.8826,4.77742,85.4327,85.0695,24.3256,4.77742,0.2875
0.1476,16.2349,16.2349,4.96243,80.5644,85.0695,24.3385,4.96243,0.329167
0.1478,18.0626,18.0626,4.44174,80.2291,85.0695,24.3052,4.44174,0.2875
0.148,18.8182,18.8182,4.374,82.311,85.0695,24.2964,4.374,0.245833
0.1482,17.8781,17.8781,4.77748,85.412,85.0695,24.3217,4.77748,0.2875
0.1484,16.2217,16.2217,4.96109,80.4774,85.0695,24.3361,4.96109,0.329167
0.1486,18.0415,18.0415,4.44937,80.2734,85.0695,24.3038,4.44937,0.2875
0.1488,18.8156,18.8156,4.37371,82.2941,85.0695,24.2963,4.37371,0.245833
0.149,17.879,17.879,4.77731,85.4135,85.0695,24.3217,4.77731,0.2875
0.1492,16.2216,16.2216,4.96123,80.4794,85.0695,24.3362,4.96123,0.329167
0.1494,18.0417,18.0417,4.44943,80.2751,85.0695,24.3039,4.44943,0.2875
0.1496,18.8079,18.8079,4.38112,82.3998,85.0695,24.2981,4.38112,0.245833
0.1498,17.8826,17.8826,4.77742,85.4327,85.0695,24.3256,4.77742,0.2875
0.15,16.2349,16.2349,4.96243,80.5644,85.0695,24.3385,4.96243,0.329167
0.1502,18.0626,18.0626,4.44174,80.2291,85.0695,24.3052,4.44174,0.2875
0.1504,18.8182,18.8182,4.374,82.311,85.0695,24.2964,4.374,0.245833
0.1506,17.8781,17.8781,4.77748,85.412,85.0695,24.3217,4.77748,0.2875
0.1508,16.2217,16.2217,4.96109,80.4774,85.0695,24.3361,4.96109,0.329167
0.151,18.0415,18.0415,4.44937,80.2734,85.0695,24.3038,4.44937,0.2875
0.1512,18.8156,18.8156,4.37371,82.2941,85.0695,24.2963,4.37371,0.245833
0.1514,17.879,17.879,4.77731,85.4135,85.0695,24.3217,4.77731,0.2875
0.1516,16.2216,16.2216,4.96123,80.4794,85.0695,24.3362,4.96123,0.329167
0.1518,18.0417,18.0417,4.44943,80.2751,85.0695,24.3039,4.44943,0.2875
0.152,18.8079,18.8079,4.38112,82.3998,85.0695,24.2981,4.38112,0.245833
0.1522,17.8826,17.8826,4.77742,85.4327,85.0695,24.3256,4.77742,0.2875
0.1524,16.2349,16.2349,4.96243,80.5644,85.0695,24.3385,4.96243,0.329167
0.1526,18.0626,18.0626,4.44174,80.2291,85.0695,24.3052,4.44174,0.2875
0.1528,18.8182,18.8182,4.374,82.311,85.0695,24.2964,4.374,0.245833
0.153,17.8781,17.8781,4.77748,85.412,85.0695,24.3217,4.77748,0.2875
0.1532,16.2217,16.2217,4.96109,80.4774,85.0695,24.3361,4.96109,0.329167
0.1534,18.0415,18.0415,4.44937,80.2734,85.0695,24.3038,4.44937,0.2875
0.1536,18.8156,18.8156,4.37371,82.2941,85.0695,24.2963,4.37371,0.245833
0.1538,17.879,17.879,4.77731,85.4135,85.0695,24.3217,4.77731,0.2875
0.154,16.2216,16.2216,4.96123,80.4794,85.0695,24.3362,4.96123,0.329167
0.1542,18.0417,18.0417,4.44943,80.2751,85.0695,24.3039,4.44943,0.2875
0.1544,18.8079,18.8079,4.38112,82.3998,85.0695,24.2981,4.38112,0.245833
0.1546,17.8826,17.8826,4.77742,85.4327,85.0695,24.3256,4.77742,0.2875
0.1548,16.2349,16.2349,4.96243,80.5644,85.0695,24.3385,4.96243,0.329167
0.155,18.0626,18.0626,4.44174,80.2291,85.0695,24.3052,4.44174,0.2875
0.1552,18.8182,18.8182,4.374,82.311,85.0695,24.2964,4.374,0.245833
0.1554,17.8781,17.8781,4.77748,85.412,85.0695,24.3217,4.77748,0.2875
0.1556,16.2217,16.2217,4.96109,80.4774,85.0695,24.3361,4.96109,0.329167
0.1558,18.0415,18.0415,4.44937,80.2734,85.0695,24.3038,4.44937,0.2875
0.156,18.8156,18.8156,4.37371,82.2941,85.0695,24.2963,4.37371,0.245833
0.1562,17.879,17.879,4.77731,85.4135,85.0695,24.3217,4.77731,0.2875
0.1564,16.2216,16.2216,4.96123,80.4794,85.0695,24.3362,4.96123,0.329167
0.1566,18.0417,18.0417,4.44943,80.2751,85.0695,24.3039,4.44943,0.2875
0.1568,18.8079,18.8079,4.38112,82.3998,85.0695,24.2981,4.38112,0.245833
0.157,17.8826,17.8826,4.77742,85.4327,85.0695,24.3256,4.77742,0.2875
0.1572,16.2349,16.2349,4.96243,80.5644,85.0695,24.3385,4.96243,0.329167
0.1574,18.0626,18.0626,4.44174,80.2291,85.0695,24.3052,4.44174,0.2875
0.1576,18.8182,18.8182,4.374,82.311,85.0695,24.2964,4.374,0.245833
0.1578,17.8781,17.8781,4.77748,85.412,85.0695,24.3217,4.77748,0.2875
0.158,16.2217,16.2217,4.96109,80.4774,85.0695,24.3361,4.96109,0.329167
0.1582,18.0415,18.0415,4.44937,80.2734,85.0695,24.3038,4.44937,0.2875
0.1584,18.8156,18.8156,4.37371,82.2941,85.0695,24.2963,4.37371,0.245833
0.1586,17.879,17.879,4.77731,85.4135,85.0695,24.3217,4.77731,0.2875
0.1588,16.2216,16.2216,4.96123,80.4794,85.0695,24.3362,4.96123,0.329167
0.159,18.0417,18.0417,4.44943,80.2751,85.0695,24.3039,4.44943,0.2875
0.1592,18.8079,18.8079,4.38112,82.3998,85.0695,24.2981,4.38112,0.245833
0.1594,17.8826,17.8826,4.77742,85.4327,85.0695,24.3256,4.77742,0.2875
0.1596,16.2349,16.2349,4.96243,80.5644,85.0695,24.3385,4.96243,0.329167
0.1598,18.0626,18.0626,4.44174,80.2291,85.0695,24.3052,4.44174,0.2875
0.16,18.8182,18.8182,4.374,82.311,85.0695,24.2964,4.374,0.245833
0.1602,17.8781,17.8781,4.77748,85.412,85.0695,24.3217,4.77748,0.2875
0.1604,16.2217,16.2217,4.96109,80.4774,85.0695,24.3361,4.96109,0.329167
0.1606,18.0415,18.0415,4.44937,80.2734,85.0695,24.3038,4.44937,0.2875
0.1608,18.8156,18.8156,4.37371,82.2941,85.0695,24.2963,4.37371,0.245833
0.161,17.879,17.879,4.77731,85.4135,85.0695,24.3217,4.77731,0.2875
0.1612,16.2216,16.2216,4.96123,80.4794,85.0695,24.3362,4.96123,0.329167
0.1614,18.0417,18.0417,4.44943,80.2751,85.0695,24.3039,4.44943,0.2875
0.1616,18.8079,18.8079,4.38112,82.3998,85.0695,24.2981,4.38112,0.245833
0.1618,17.8826,17.8826,4.77742,85.4327,85.0695,24.3256,4.77742,0.2875
0.162,16.2349,16.2349,4.96243,80.5644,85.0695,24.3385,4.96243,0.329167
0.1622,18.0626,18.0626,4.44174,80.2291,85.0695,24.3052,4.44174,0.2875
0.1624,18.8182,18.8182,4.374,82.311,85.0695,24.2964,4.374,0.245833
0.1626,17.8781,17.8781,4.77748,85.412,85.0695,24.3217,4.77748,0.2875
0.1628,16.2217,16.2217,4.96109,80.4774,85.0695,24.3361,4.96109,0.329167
0.163,18.0415,18.0415,4.44937,80.2734,85.0695,24.3038,4.44937,0.2875
0.1632,18.8156,18.8156,4.37371,82.2941,85.0695,24.2963,4.37371,0.245833
0.1634,17.879,17.879,4.77731,85.4135,85.0695,24.3217,4.77731,0.2875
0.1636,16.2216,16.2216,4.96123,80.4794,85.0695,24.3362,4.96123,0.329167
0.1638,18.0417,18.0417,4.44943,80.2751,85.0695,24.3039,4.44943,0.2875
0.164,18.8079,18.8079,4.38112,82.3998,85.0695,24.2981,4.38112,0.245833
0.1642,17.8826,17.8826,4.77742,85.4327,85.0695,24.3256,4.77742,0.2875
0.1644,16.2349,16.2349,4.96243,80.5644,85.0695,24.3385,4.96243,0.329167
0.1646,18.0626,18.0626,4.44174,80.2291,85.0695,24.3052,4.44174,0.2875
0.1648,18.8182,18.8182,4.374,82.311,85.0695,24.2964,4.374,0.245833
0.165,17.8781,17.8781,4.77748,85.412,85.0695,24.3217,4.77748,0.2875
0.1652,16.2217,16.2217,4.96109,80.4774,85.0695,24.3361,4.96109,0.329167
0.1654,18.0415,18.0415,4.44937,80.2734,85.0695,24.3038,4.44937,0.2875
0.1656,18.8156,18.8156,4.37371,82.2941,85.0695,24.2963,4.37371,0.245833
0.1658,17.879,17.879,4.77731,85.4135,85.0695,24.3217,4.77731,0.2875
0.166,16.2216,16.2216,4.96123,80.4794,85.0695,24.3362,4.96123,0.329167
0.1662,18.0417,18.0417,4.44943,80.2751,85.0695,24.3039,4.44943,0.2875
0.1664,18.8079,18.8079,4.38112,82.3998,85.0695,24.2981,4.38112,0.245833
0.1666,17.8826,17.8826,4.77742,85.4327,85.0695,24.3256,4.77742,0.2875
0.1668,16.2349,16.2349,4.96243,80.5644,85.0695,24.3385,4.96243,0.329167
0.167,18.0626,18.0626,4.44174,80.2291,85.0695,24.3052,4.44174,0.2875
0.1672,18.8182,18.8182,4.374,82.311,85.0695,24.2964,4.374,0.245833
0.1674,17.8781,17.8781,4.77748,85.412,85.0695,24.3217,4.77748,0.2875
0.1676,16.2217,16.2217,4.96109,80.4774,85.0695,24.3361,4.96109,0.329167
0.1678,18.0415,18.0415,4.44937,80.2734,85.0695,24.3038,4.44937,0.2875
0.168,18.8156,18.8156,4.37371,82.2941,85.0695,24.2963,4.37371,0.245833
0.1682,17.879,17.879,4.77731,85.4135,85.0695,24.3217,4.77731,0.2875
0.1684,16.2216,16.2216,4.96123,80.4794,85.0695,24.3362,4.96123,0.329167
0.1686,18.0417,18.0417,4.44943,80.2751,85.0695,24.3039,4.44943,0.2875
0.1688,18.8079,18.8079,4.38112,82.3998,85.0695,24.2981,4.38112,0.245833
0.169,17.8826,17.8826,4.77742,85.4327,85.0695,24.3256,4.77742,0.2875
0.1692,16.2349,16.2349,4.96243,80.5644,85.0695,24.3385,4.96243,0.329167
0.1694,18.0626,18.0626,4.44174,80.2291,85.0695,24.3052,4.44174,0.2875
0.1696,18.8182,18.8182,4.374,82.311,85.0695,24.2964,4.374,0.245833
0.1698,17.8781,17.8781,4.77748,85.412,85.0695,24.3217,4.77748,0.2875
0.17,16.2217,16.2217,4.96109,80.4774,85.0695,24.3361,4.96109,0.329167
0.1702,18.0415,18.0415,4.44937,80.2734,85.0695,24.3038,4.44937,0.2875
0.1704,18.8156,18.8156,4.37371,82.2941,85.0695,24.2963,4.37371,0.245833
0.1706,17.879,17.879,4.77731,85.4135,85.0695,24.3217,4.77731,0.2875
0.1708,16.2216,16.2216,4.96123,80.4794,85.0695,24.3362,4.96123,0.329167
0.171,18.0417,18.0417,4.44943,80.2751,85.0695,24.3039,4.44943,0.2875
0.1712,18.8079,18.8079,4.38112,82.3998,85.0695,24.2981,4.38112,0.245833
0.1714,17.8826,17.8826,4.77742,85.4327,85.0695,24.3256,4.77742,0.2875
0.1716,16.2349,16.2349,4.96243,80.5644,85.0695,24.3385,4.96243,0.329167
0.1718,18.0626,18.0626,4.44174,80.2291,85.0695,24.3052,4.44174,0.2875
0.172,18.8182,18.8182,4.374,82.311,85.0695,24.2964,4.374,0.245833
0.1722,17.8781,17.8781,4.77748,85.412,85.0695,24.3217,4.77748,0.2875
0.1724,16.2217,16.2217,4.96109,80.4774,85.0695,24.3361,4.96109,0.329167
0.1726,18.0415,18.0415,4.44937,80.2734,85.0695,24.3038,4.44937,0.2875
0.1728,18.8156,18.8156,4.37371,82.2941,85.0695,24.2963,4.37371,0.245833
0.173,17.879,17.879,4.77731,85.4135,85.0695,24.3217,4.77731,0.2875
0.1732,16.2216,16.2216,4.96123,80.4794,85.0695,24.3362,4.96123,0.329167
0.1734,18.0417,18.0417,4.44943,80.2751,85.0695,24.3039,4.44943,0.2875
0.1736,18.8079,18.8079,4.38112,82.3998,85.0695,24.2981,4.38112,0.245833
0.1738,17.8826,17.8826,4.77742,85.4327,85.0695,24.3256,4.77742,0.2875
0.174,16.2349,16.2349,4.96243,80.5644,85.0695,24.3385,4.96243,0.329167
0.1742,18.0626,18.0626,4.44174,80.2291,85.0695,24.3052,4.44174,0.2875
0.1744,18.8182,18.8182,4.374,82.311,85.0695,24.2964,4.374,0.245833
0.1746,17.8781,17.8781,4.77748,85.412,85.0695,24.3217,4.77748,0.2875
0.1748,16.2217,16.2217,4.96109,80.4774,85.0695,24.3361,4.96109,0.329167
0.175,18.0415,18.0415,4.44937,80.2734,85.0695,24.3038,4.44937,0.2875
0.1752,18.8156,18.8156,4.37371,82.2941,85.0695,24.2963,4.37371,0.245833
0.1754,17.879,17.879,4.77731,85.4135,85.0695,24.3217,4.77731,0.2875
0.1756,16.2216,16.2216,4.96123,80.4794,85.0695,24.3362,4.96123,0.329167
0.1758,18.0417,18.0417,4.44943,80.2751,85.0695,24.3039,4.44943,0.2875
0.176,18.8079,18.8079,4.38112,82.3998,85.0695,24.2981,4.38112,0.245833
0.1762,17.8826,17.8826,4.77742,85.4327,85.0695,24.3256,4.77742,0.2875
0.1764,16.2349,16.2349,4.96243,80.5644,85.0695,24.3385,4.96243,0.329167
0.1766,18.0626,18.0626,4.44174,80.2291,85.0695,24.3052,4.44174,0.2875
0.1768,18.8182,18.8182,4.374,82.311,85.0695,24.2964,4.374,0.245833
0.177,17.8781,17.8781,4.77748,85.412,85.0695,24.3217,4.77748,0.2875
0.1772,16.2217,16.2217,4.96109,80.4774,85.0695,24.3361,4.96109,0.329167
0.1774,18.0415,18.0415,4.44937,80.2734,85.0695,24.3038,4.44937,0.2875
0.1776,18.8156,18.8156,4.37371,82.2941,85.0695,24.2963,4.37371,0.245833
0.1778,17.879,17.879,4.77731,85.4135,85.0695,24.3217,4.77731,0.2875
0.178,16.2216,16.2216,4.96123,80.4794,85.0695,24.3362,4.96123,0.329167
0.1782,18.0417,18.0417,4.44943,80.2751,85.0695,24.3039,4.44943,0.2875
0.1784,18.8079,18.8079,4.38112,82.3998,85.0695,24.2981,4.38112,0.245833
0.1786,17.8826,17.8826,4.77742,85.4327,85.0695,24.3256,4.77742,0.2875
0.1788,16.2349,16.2349,4.96243,80.5644,85.0695,24.3385,4.96243,0.329167
0.179,18.0626,18.0626,4.44174,80.2291,85.0695,24.3052,4.44174,0.2875
0.1792,18.8182,18.8182,4.374,82.311,85.0695,24.2964,4.374,0.245833
0.1794,17.8781,17.8781,4.77748,85.412,85.0695,24.3217,4.77748,0.2875
0.1796,16.2217,16.2217,4.96109,80.4774,85.0695,24.3361,4.96109,0.329167
0.1798,18.0415,18.0415,4.44937,80.2734,85.0695,24.3038,4.44937,0.2875
0.18,18.8156,18.8156,4.37371,82.2941,85.0695,24.2963,4.37371,0.245833
0.1802,17.879,17.879,4.77731,85.4135,85.0695,24.3217,4.77731,0.2875
0.1804,16.2216,16.2216,4.96123,80.4794,85.0695,24.3362,4.96123,0.329167
0.1806,18.0417,18.0417,4.44943,80.2751,85.0695,24.3039,4.44943,0.2875
0.1808,18.8079,18.8079,4.38112,82.3998,85.0695,24.2981,4.38112,0.245833
0.181,17.8826,17.8826,4.77742,85.4327,85.0695,24.3256,4.77742,0.2875
0.1812,16.2349,16.2349,4.96243,80.5644,85.0695,24.3385,4.96243,0.329167
0.1814,18.0626,18.0626,4.44174,80.2291,85.0695,24.3052,4.44174,0.2875
0.1816,18.8182,18.8182,4.374,82.311,85.0695,24.2964,4.374,0.245833
0.1818,17.8781,17.8781,4.77748,85.412,85.0695,24.3217,4.77748,0.2875
0.182,16.2217,16.2217,4.96109,80.4774,85.0695,24.3361,4.96109,0.329167
0.1822,18.0415,18.0415,4.44937,80.2734,85.0695,24.3038,4.44937,0.2875
0.1824,18.8156,18.8156,4.37371,82.2941,85.0695,24.2963,4.37371,0.245833
0.1826,17.879,17.879,4.77731,85.4135,85.0695,24.3217,4.77731,0.2875
0.1828,16.2216,16.2216,4.96123,80.4794,85.0695,24.3362,4.96123,0.329167
0.183,18.0417,18.0417,4.44943,80.2751,85.0695,24.3039,4.44943,0.2875
0.1832,18.8079,18.8079,4.38112,82.3998,85.0695,24.2981,4.38112,0.245833
0.1834,17.8826,17.8826,4.77742,85.4327,85.0695,24.3256,4.77742,0.2875
0.1836,16.2349,16.2349,4.96243,80.5644,85.0695,24.3385,4.96243,0.329167
0.1838,18.0626,18.0626,4.44174,80.2291,85.0695,24.3052,4.44174,0.2875
0.184,18.8182,18.8182,4.374,82.311,85.0695,24.2964,4.374,0.245833
0.1842,17.8781,17.8781,4.77748,85.412,85.0695,24.3217,4.77748,0.2875
0.1844,16.2217,16.2217,4.96109,80.4774,85.0695,24.3361,4.96109,0.329167
0.1846,18.0415,18.0415,4.44937,80.2734,85.0695,24.3038,4.44937,0.2875
0.1848,18.8156,18.8156,4.37371,82.2941,85.0695,24.2963,4.37371,0.245833
0.185,17.879,17.879,4.77731,85.4135,85.0695,24.3217,4.77731,0.2875
0.1852,16.2216,16.2216,4.96123,80.4794,85.0695,24.3362,4.96123,0.329167
0.1854,18.0417,18.0417,4.44943,80.2751,85.0695,24.3039,4.44943,0.2875
0.1856,18.8079,18.8079,4.38112,82.3998,85.0695,24.2981,4.38112,0.245833
0.1858,17.8826,17.8826,4.77742,85.4327,85.0695,24.3256,4.77742,0.2875
0.186,16.2349,16.2349,4.96243,80.5644,85.0695,24.3385,4.96243,0.329167
0.1862,18.0626,18.0626,4.44174,80.2291,85.0695,24.3052,4.44174,0.2875
0.1864,18.8182,18.8182,4.374,82.311,85.0695,24.2964,4.374,0.245833
0.1866,17.8781,17.8781,4.77748,85.412,85.0695,24.3217,4.77748,0.2875
0.1868,16.2217,16.2217,4.96109,80.4774,85.0695,24.3361,4.96109,0.329167
0.187,18.0415,18.0415,4.44937,80.2734,85.0695,24.3038,4.44937,0.2875
0.1872,18.8156,18.8156,4.37371,82.2941,85.0695,24.2963,4.37371,0.245833
0.1874,17.879,17.879,4.77731,85.4135,85.0695,24.3217,4.77731,0.2875
0.1876,16.2216,16.2216,4.96123,80.4794,85.0695,24.3362,4.96123,0.329167
0.1878,18.0417,18.0417,4.44943,80.2751,85.0695,24.3039,4.44943,0.2875
0.188,18.8079,18.8079,4.38112,82.3998,85.0695,24.2981,4.38112,0.245833
0.1882,17.8826,17.8826,4.77742,85.4327,85.0695,24.3256,4.77742,0.2875
0.1884,16.2349,16.2349,4.96243,80.5644,85.0695,24.3385,4.96243,0.329167
0.1886,18.0626,18.0626,4.44174,80.2291,85.0695,24.3052,4.44174,0.2875
0.1888,18.8182,18.8182,4.374,82.311,85.0695,24.2964,4.374,0.245833
0.189,17.8781,17.8781,4.77748,85.412,85.0695,24.3217,4.77748,0.2875
0.1892,16.2217,16.2217,4.96109,80.4774,85.0695,24.3361,4.96109,0.329167
0.1894,18.0415,18.0415,4.44937,80.2734,85.0695,24.3038,4.44937,0.2875
0.1896,18.8156,18.8156,4.37371,82.2941,85.0695,24.2963,4.37371,0.245833
0.1898,17.879,17.879,4.77731,85.4135,85.0695,24.3217,4.77731,0.2875
0.19,16.2216,16.2216,4.96123,80.4794,85.0695,24.3362,4.96123,0.329167
0.1902,18.0417,18.0417,4.44943,80.2751,85.0695,24.3039,4.44943,0.2875
0.1904,18.8079,18.8079,4.38112,82.3998,85.0695,24.2981,4.38112,0.245833
0.1906,17.8826,17.8826,4.77742,85.4327,85.0695,24.3256,4.77742,0.2875
0.1908,16.2349,16.2349,4.96243,80.5644,85.0695,24.3385,4.96243,0.329167
0.191,18.0626,18.0626,4.44174,80.2291,85.0695,24.3052,4.44174,0.2875
0.1912,18.8182,18.8182,4.374,82.311,85.0695,24.2964,4.374,0.245833
0.1914,17.8781,17.8781,4.77748,85.412,85.0695,24.3217,4.77748,0.2875
0.1916,16.2217,16.2217,4.96109,80.4774,85.0695,24.3361,4.96109,0.329167
0.1918,18.0415,18.0415,4.44937,80.2734,85.0695,24.3038,4.44937,0.2875
0.192,18.8156,18.8156,4.37371,82.2941,85.0695,24.2963,4.37371,0.245833
0.1922,17.879,17.879,4.77731,85.4135,85.0695,24.3217,4.77731,0.2875
0.1924,16.2216,16.2216,4.96123,80.4794,85.0695,24.3362,4.96123,0.329167
0.1926,18.0417,18.0417,4.44943,80.2751,85.0695,24.3039,4.44943,0.2875
0.1928,18.8079,18.8079,4.38112,82.3998,85.0695,24.2981,4.38112,0.245833
0.193,17.8826,17.8826,4.77742,85.4327,85.0695,24.3256,4.77742,0.2875
0.1932,16.2349,16.2349,4.96243,80.5644,85.0695,24.3385,4.96243,0.329167
0.1934,18.0626,18.0626,4.44174,80.2291,85.0695,24.3052,4.44174,0.2875
0.1936,18.8182,18.8182,4.374,82.311,85.0695,24.2964,4.374,0.245833
0.1938,17.8781,17.8781,4.77748,85.412,85.0695,24.3217,4.77748,0.2875
0.194,16.2217,16.2217,4.96109,80.4774,85.0695,24.3361,4.96109,0.329167
0.1942,18.0415,18.0415,4.44937,80.2734,85.0695,24.3038,4.44937,0.2875
0.1944,18.8156,18.8156,4.37371,82.2941,85.0695,24.2963,4.37371,0.245833
0.1946,17.879,17.879,4.77731,85.4135,85.0695,24.3217,4.77731,0.2875
0.1948,16.2216,16.2216,4.96123,80.4794,85.0695,24.3362,4.96123,0.329167
0.195,18.0417,18.0417,4.44943,80.2751,85.0695,24.3039,4.44943,0.2875
0.1952,18.8079,18.8079,4.38112,82.3998,85.0695,24.2981,4.38112,0.245833
0.1954,17.8826,17.8826,4.77742,85.4327,85.0695,24.3256,4.77742,0.2875
0.1956,16.2349,16.2349,4.96243,80.5644,85.0695,24.3385,4.96243,0.329167
0.1958,18.0626,18.0626,4.44174,80.2291,85.0695,24.3052,4.44174,0.2875
0.196,18.8182,18.8182,4.374,82.311,85.0695,24.2964,4.374,0.245833
0.1962,17.8781,17.8781,4.77748,85.412,85.0695,24.3217,4.77748,0.2875
0.1964,16.2217,16.2217,4.96109,80.4774,85.0695,24.3361,4.96109,0.329167
0.1966,18.0415,18.0415,4.44937,80.2734,85.0695,24.3038,4.44937,0.2875
0.1968,18.8156,18.8156,4.37371,82.2941,85.0695,24.2963,4.37371,0.245833
0.197,17.879,17.879,4.77731,85.4135,85.0695,24.3217,4.77731,0.2875
0.1972,16.2216,16.2216,4.96123,80.4794,85.0695,24.3362,4.96123,0.329167
0.1974,18.0417,18.0417,4.44943,80.2751,85.0695,24.3039,4.44943,0.2875
0.1976,18.8079,18.8079,4.38112,82.3998,85.0695,24.2981,4.38112,0.245833
0.1978,17.8826,17.8826,4.77742,85.4327,85.0695,24.3256,4.77742,0.2875
0.198,16.2349,16.2349,4.96243,80.5644,85.0695,24.3385,4.96243,0.329167
0.1982,18.0626,18.0626,4.44174,80.2291,85.0695,24.3052,4.44174,0.2875
0.1984,18.8182,18.8182,4.374,82.311,85.0695,24.2964,4.374,0.245833
0.1986,17.8781,17.8781,4.77748,85.412,85.0695,24.3217,4.77748,0.2875
0.1988,16.2217,16.2217,4.96109,80.4774,85.0695,24.3361,4.96109,0.329167
0.199,18.0415,18.0415,4.44937,80.2734,85.0695,24.3038,4.44937,0.2875
0.1992,18.8156,18.8156,4.37371,82.2941,85.0695,24.2963,4.37371,0.245833
0.1994,17.879,17.879,4.77731,85.4135,85.0695,24.3217,4.77731,0.2875
0.1996,16.2216,16.2216,4.96123,80.4794,85.0695,24.3362,4.96123,0.329167
0.1998,18.0417,18.0417,4.44943,80.2751,85.0695,24.3039,4.44943,0.2875
0.2,18.8079,18.8079,4.38112,82.3998,85.0695,24.2981,4.38112,0.245833
0.2002,17.8826,17.8826,4.77742,85.4327,85.0695,24.3256,4.77742,0.2875
0.2004,16.2349,16.2349,4.96243,80.5644,85.0695,24.3385,4.96243,0.329167
0.2006,18.0626,18.0626,4.44174,80.2291,85.0695,24.3052,4.44174,0.2875
0.2008,18.8182,18.8182,4.374,82.311,85.0695,24.2964,4.374,0.245833
0.201,17.8781,17.8781,4.77748,85.412,85.0695,24.3217,4.77748,0.2875
0.2012,16.2217,16.2217,4.96109,80.4774,85.0695,24.3361,4.96109,0.329167
0.2014,18.0415,18.0415,4.44937,80.2734,85.0695,24.3038,4.44937,0.2875
0.2016,18.8156,18.8156,4.37371,82.2941,85.0695,24.2963,4.37371,0.245833
0.2018,17.879,17.879,4.77731,85.4135,85.0695,24.3217,4.77731,0.2875
0.202,16.2216,16.2216,4.96123,80.4794,85.0695,24.3362,4.96123,0.329167
0.2022,18.0417,18.0417,4.44943,80.2751,85.0695,24.3039,4.44943,0.2875
0.2024,18.8079,18.8079,4.38112,82.3998,85.0695,24.2981,4.38112,0.245833
0.2026,17.8826,17.8826,4.77742,85.4327,85.0695,24.3256,4.77742,0.2875
0.2028,16.2349,16.2349,4.96243,80.5644,85.0695,24.3385,4.96243,0.329167
0.203,18.0626,18.0626,4.44174,80.2291,85.0695,24.3052,4.44174,0.2875
0.2032,18.8182,18.8182,4.374,82.311,85.0695,24.2964,4.374,0.245833
0.2034,17.8781,17.8781,4.77748,85.412,85.0695,24.3217,4.77748,0.2875
0.2036,16.2217,16.2217,4.96109,80.4774,85.0695,24.3361,4.96109,0.329167
0.2038,18.0415,18.0415,4.44937,80.2734,85.0695,24.3038,4.44937,0.2875
0.204,18.8156,18.8156,4.37371,82.2941,85.0695,24.2963,4.37371,0.245833
0.2042,17.879,17.879,4.77731,85.4135,85.0695,24.3217,4.77731,0.2875
0.2044,16.2216,16.2216,4.96123,80.4794,85.0695,24.3362,4.96123,0.329167
0.2046,18.0417,18.0417,4.44943,80.2751,85.0695,24.3039,4.44943,0.2875
0.2048,18.8079,18.8079,4.38112,82.3998,85.0695,24.2981,4.38112,0.245833
0.205,17.8826,17.8826,4.77742,85.4327,85.0695,24.3256,4.77742,0.2875
0.2052,16.2349,16.2349,4.96243,80.5644,85.0695,24.3385,4.96243,0.329167
0.2054,18.0626,18.0626,4.44174,80.2291,85.0695,24.3052,4.44174,0.2875
0.2056,18.8182,18.8182,4.374,82.311,85.0695,24.2964,4.374,0.245833
0.2058,17.8781,17.8781,4.77748,85.412,85.0695,24.3217,4.77748,0.2875
0.206,16.2217,16.2217,4.96109,80.4774,85.0695,24.3361,4.96109,0.329167
0.2062,18.0415,18.0415,4.44937,80.2734,85.0695,24.3038,4.44937,0.2875
0.2064,18.8156,18.8156,4.37371,82.2941,85.0695,24.2963,4.37371,0.245833
0.2066,17.879,17.879,4.77731,85.4135,85.0695,24.3217,4.77731,0.2875
0.2068,16.2216,16.2216,4.96123,80.4794,85.0695,24.3362,4.96123,0.329167
0.207,18.0417,18.0417,4.44943,80.2751,85.0695,24.3039,4.44943,0.2875
0.2072,18.8079,18.8079,4.38112,82.3998,85.0695,24.2981,4.38112,0.245833
0.2074,17.8826,17.8826,4.77742,85.4327,85.0695,24.3256,4.77742,0.2875
0.2076,16.2349,16.2349,4.96243,80.5644,85.0695,24.3385,4.96243,0.329167
0.2078,18.0626,18.0626,4.44174,80.2291,85.0695,24.3052,4.44174,0.2875
0.208,18.8182,18.8182,4.374,82.311,85.0695,24.2964,4.374,0.245833
0.2082,17.8781,17.8781,4.77748,85.412,85.0695,24.3217,4.77748,0.2875
0.2084,16.2217,16.2217,4.96109,80.4774,85.0695,24.3361,4.96109,0.329167
0.2086,18.0415,18.0415,4.44937,80.2734,85.0695,24.3038,4.44937,0.2875
0.2088,18.8156,18.8156,4.37371,82.2941,85.0695,24.2963,4.37371,0.245833
0.209,17.879,17.879,4.77731,85.4135,85.0695,24.3217,4.77731,0.2875
0.2092,16.2216,16.2216,4.96123,80.4794,85.0695,24.3362,4.96123,0.329167
0.2094,18.0417,18.0417,4.44943,80.2751,85.0695,24.3039,4.44943,0.2875
0.2096,18.8079,18.8079,4.38112,82.3998,85.0695,24.2981,4.38112,0.245833
0.2098,17.8826,17.8826,4.77742,85.4327,85.0695,24.3256,4.77742,0.2875
0.21,16.2349,16.2349,4.96243,80.5644,85.0695,24.3385,4.96243,0.329167
0.2102,18.0626,18.0626,4.44174,80.2291,85.0695,24.3052,4.44174,0.2875
0.2104,18.8182,18.8182,4.374,82.311,85.0695,24.2964,4.374,0.245833
0.2106,17.8781,17.8781,4.77748,85.412,85.0695,24.3217,4.77748,0.2875
0.2108,16.2217,16.2217,4.96109,80.4774,85.0695,24.3361,4.96109,0.329167
0.211,18.0415,18.0415,4.44937,80.2734,85.0695,24.3038,4.44937,0.2875
0.2112,18.8156,18.8156,4.37371,82.2941,85.0695,24.2963,4.37371,0.245833
0.2114,17.879,17.879,4.77731,85.4135,85.0695,24.3217,4.77731,0.2875
0.2116,16.2216,16.2216,4.96123,80.4794,85.0695,24.3362,4.96123,0.329167
0.2118,18.0417,18.0417,4.44943,80.2751,85.0695,24.3039,4.44943,0.2875
0.212,18.8079,18.8079,4.38112,82.3998,85.0695,24.2981,4.38112,0.245833
0.2122,17.8826,17.8826,4.77742,85.4327,85.0695,24.3256,4.77742,0.2875
0.2124,16.2349,16.2349,4.96243,80.5644,85.0695,24.3385,4.96243,0.329167
0.2126,18.0626,18.0626,4.44174,80.2291,85.0695,24.3052,4.44174,0.2875
0.2128,18.8182,18.8182,4.374,82.311,85.0695,24.2964,4.374,0.245833
0.213,17.8781,17.8781,4.77748,85.412,85.0695,24.3217,4.77748,0.2875
0.2132,16.2217,16.2217,4.96109,80.4774,85.0695,24.3361,4.96109,0.329167
0.2134,18.0415,18.0415,4.44937,80.2734,85.0695,24.3038,4.44937,0.2875
0.2136,18.8156,18.8156,4.37371,82.2941,85.0695,24.2963,4.37371,0.245833
0.2138,17.879,17.879,4.77731,85.4135,85.0695,24.3217,4.77731,0.2875
0.214,16.2216,16.2216,4.96123,80.4794,85.0695,24.3362,4.96123,0.329167
0.2142,18.0417,18.0417,4.44943,80.2751,85.0695,24.3039,4.44943,0.2875
0.2144,18.8079,18.8079,4.38112,82.3998,85.0695,24.2981,4.38112,0.245833
0.2146,17.8826,17.8826,4.77742,85.4327,85.0695,24.3256,4.77742,0.2875
0.2148,16.2349,16.2349,4.96243,80.5644,85.0695,24.3385,4.96243,0.329167
0.215,18.0626,18.0626,4.44174,80.2291,85.0695,24.3052,4.44174,0.2875
0.2152,18.8182,18.8182,4.374,82.311,85.0695,24.2964,4.374,0.245833
0.2154,17.8781,17.8781,4.77748,85.412,85.0695,24.3217,4.77748,0.2875
0.2156,16.2217,16.2217,4.96109,80.4774,85.0695,24.3361,4.96109,0.329167
0.2158,18.0415,18.0415,4.44937,80.2734,85.0695,24.3038,4.44937,0.2875
0.216,18.8156,18.8156,4.37371,82.2941,85.0695,24.2963,4.37371,0.245833
0.2162,17.879,17.879,4.77731,85.4135,85.0695,24.3217,4.77731,0.2875
0.2164,16.2216,16.2216,4.96123,80.4794,85.0695,24.3362,4.96123,0.329167
0.2166,18.0417,18.0417,4.44943,80.2751,85.0695,24.3039,4.44943,0.2875
0.2168,18.8079,18.8079,4.38112,82.3998,85.0695,24.2981,4.38112,0.245833
0.217,17.8826,17.8826,4.77742,85.4327,85.0695,24.3256,4.77742,0.2875
0.2172,16.2349,16.2349,4.96243,80.5644,85.0695,24.3385,4.96243,0.329167
0.2174,18.0626,18.0626,4.44174,80.2291,85.0695,24.3052,4.44174,0.2875
0.2176,18.8182,18.8182,4.374,82.311,85.0695,24.2964,4.374,0.245833
0.2178,17.8781,17.8781,4.77748,85.412,85.0695,24.3217,4.77748,0.2875
0.218,16.2217,16.2217,4.96109,80.4774,85.0695,24.3361,4.96109,0.329167
0.2182,18.0415,18.0415,4.44937,80.2734,85.0695,24.3038,4.44937,0.2875
0.2184,18.8156,18.8156,4.37371,82.2941,85.0695,24.2963,4.37371,0.245833
0.2186,17.879,17.879,4.77731,85.4135,85.0695,24.3217,4.77731,0.2875
0.2188,16.2216,16.2216,4.96123,80.4794,85.0695,24.3362,4.96123,0.329167
0.219,18.0417,18.0417,4.44943,80.2751,85.0695,24.3039,4.44943,0.2875
0.2192,18.8079,18.8079,4.38112,82.3998,85.0695,24.2981,4.38112,0.245833
0.2194,17.8826,17.8826,4.77742,85.4327,85.0695,24.3256,4.77742,0.2875
0.2196,16.2349,16.2349,4.96243,80.5644,85.0695,24.3385,4.96243,0.329167
0.2198,18.0626,18.0626,4.44174,80.2291,85.0695,24.3052,4.44174,0.2875
0.22,18.8182,18.8182,4.374,82.311,85.0695,24.2964,4.374,0.245833
0.2202,17.8781,17.8781,4.77748,85.412,85.0695,24.3217,4.77748,0.2875
0.2204,16.2217,16.2217,4.96109,80.4774,85.0695,24.3361,4.96109,0.329167
0.2206,18.0415,18.0415,4.44937,80.2734,85.0695,24.3038,4.44937,0.2875
0.2208,18.8156,18.8156,4.37371,82.2941,85.0695,24.2963,4.37371,0.245833
0.221,17.879,17.879,4.77731,85.4135,85.0695,24.3217,4.77731,0.2875
0.2212,16.2216,16.2216,4.96123,80.4794,85.0695,24.3362,4.96123,0.329167
0.2214,18.0417,18.0417,4.44943,80.2751,85.0695,24.3039,4.44943,0.2875
0.2216,18.8079,18.8079,4.38112,82.3998,85.0695,24.2981,4.38112,0.245833
0.2218,17.8826,17.8826,4.77742,85.4327,85.0695,24.3256,4.77742,0.2875
0.222,16.2349,16.2349,4.96243,80.5644,85.0695,24.3385,4.96243,0.329167
0.2222,18.0626,18.0626,4.44174,80.2291,85.0695,24.3052,4.44174,0.2875
0.2224,18.8182,18.8182,4.374,82.311,85.0695,24.2964,4.374,0.245833
0.2226,17.8781,17.8781,4.77748,85.412,85.0695,24.3217,4.77748,0.2875
0.2228,16.2217,16.2217,4.96109,80.4774,85.0695,24.3361,4.96109,0.329167
0.223,18.0415,18.0415,4.44937,80.2734,85.0695,24.3038,4.44937,0.2875
0.2232,18.8156,18.8156,4.37371,82.2941,85.0695,24.2963,4.37371,0.245833
0.2234,17.879,17.879,4.77731,85.4135,85.0695,24.3217,4.77731,0.2875
0.2236,16.2216,16.2216,4.96123,80.4794,85.0695,24.3362,4.96123,0.329167
0.2238,18.0417,18.0417,4.44943,80.2751,85.0695,24.3039,4.44943,0.2875
0.224,18.8079,18.8079,4.38112,82.3998,85.0695,24.2981,4.38112,0.245833
0.2242,17.8826,17.8826,4.77742,85.4327,85.0695,24.3256,4.77742,0.2875
0.2244,16.2349,16.2349,4.96243,80.5644,85.0695,24.3385,4.96243,0.329167
0.2246,18.0626,18.0626,4.44174,80.2291,85.0695,24.3052,4.44174,0.2875
0.2248,18.8182,18.8182,4.374,82.311,85.0695,24.2964,4.374,0.245833
0.225,17.8781,17.8781,4.77748,85.412,85.0695,24.3217,4.77748,0.2875
0.2252,16.2217,16.2217,4.96109,80.4774,85.0695,24.3361,4.96109,0.329167
0.2254,18.0415,18.0415,4.44937,80.2734,85.0695,24.3038,4.44937,0.2875
0.2256,18.8156,18.8156,4.37371,82.2941,85.0695,24.2963,4.37371,0.245833
0.2258,17.879,17.879,4.77731,85.4135,85.0695,24.3217,4.77731,0.2875
0.226,16.2216,16.2216,4.96123,80.4794,85.0695,24.3362,4.96123,0.329167
0.2262,18.0417,18.0417,4.44943,80.2751,85.0695,24.3039,4.44943,0.2875
0.2264,18.8079,18.8079,4.38112,82.3998,85.0695,24.2981,4.38112,0.245833
0.2266,17.8826,17.8826,4.77742,85.4327,85.0695,24.3256,4.77742,0.2875
0.2268,16.2349,16.2349,4.96243,80.5644,85.0695,24.3385,4.96243,0.329167
0.227,18.0626,18.0626,4.44174,80.2291,85.0695,24.3052,4.44174,0.2875
0.2272,18.8182,18.8182,4.374,82.311,85.0695,24.2964,4.374,0.245833
0.2274,17.8781,17.8781,4.77748,85.412,85.0695,24.3217,4.77748,0.2875
0.2276,16.2217,16.2217,4.96109,80.4774,85.0695,24.3361,4.96109,0.329167
0.2278,18.0415,18.0415,4.44937,80.2734,85.0695,24.3038,4.44937,0.2875
0.228,18.8156,18.8156,4.37371,82.2941,85.0695,24.2963,4.37371,0.245833
0.2282,17.879,17.879,4.77731,85.4135,85.0695,24.3217,4.77731,0.2875
0.2284,16.2216,16.2216,4.96123,80.4794,85.0695,24.3362,4.96123,0.329167
0.2286,18.0417,18.0417,4.44943,80.2751,85.0695,24.3039,4.44943,0.2875
0.2288,18.8079,18.8079,4.38112,82.3998,85.0695,24.2981,4.38112,0.245833
0.229,17.8826,17.8826,4.77742,85.4327,85.0695,24.3256,4.77742,0.2875
0.2292,16.2349,16.2349,4.96243,80.5644,85.0695,24.3385,4.96243,0.329167
0.2294,18.0626,18.0626,4.44174,80.2291,85.0695,24.3052,4.44174,0.2875
0.2296,18.8182,18.8182,4.374,82.311,85.0695,24.2964,4.374,0.245833
0.2298,17.8781,17.8781,4.77748,85.412,85.0695,24.3217,4.77748,0.2875
0.23,16.2217,16.2217,4.96109,80.4774,85.0695,24.3361,4.96109,0.329167
0.2302,18.0415,18.0415,4.44937,80.2734,85.0695,24.3038,4.44937,0.2875
0.2304,18.8156,18.8156,4.37371,82.2941,85.0695,24.2963,4.37371,0.245833
0.2306,17.879,17.879,4.77731,85.4135,85.0695,24.3217,4.77731,0.2875
0.2308,16.2216,16.2216,4.96123,80.4794,85.0695,24.3362,4.96123,0.329167
0.231,18.0417,18.0417,4.44943,80.2751,85.0695,24.3039,4.44943,0.2875
0.2312,18.8079,18.8079,4.38112,82.3998,85.0695,24.2981,4.38112,0.245833
0.2314,17.8826,17.8826,4.77742,85.4327,85.0695,24.3256,4.77742,0.2875
0.2316,16.2349,16.2349,4.96243,80.5644,85.0695,24.3385,4.96243,0.329167
0.2318,18.0626,18.0626,4.44174,80.2291,85.0695,24.3052,4.44174,0.2875
0.232,18.8182,18.8182,4.374,82.311,85.0695,24.2964,4.374,0.245833
0.2322,17.8781,17.8781,4.77748,85.412,85.0695,24.3217,4.77748,0.2875
0.2324,16.2217,16.2217,4.96109,80.4774,85.0695,24.3361,4.96109,0.329167
0.2326,18.0415,18.0415,4.44937,80.2734,85.0695,24.3038,4.44937,0.2875
0.2328,18.8156,18.8156,4.37371,82.2941,85.0695,24.2963,4.37371,0.245833
0.233,17.879,17.879,4.77731,85.4135,85.0695,24.3217,4.77731,0.2875
0.2332,16.2216,16.2216,4.96123,80.4794,85.0695,24.3362,4.96123,0.329167
0.2334,18.0417,18.0417,4.44943,80.2751,85.0695,24.3039,4.44943,0.2875
0.2336,18.8079,18.8079,4.38112,82.3998,85.0695,24.2981,4.38112,0.245833
0.2338,17.8826,17.8826,4.77742,85.4327,85.0695,24.3256,4.77742,0.2875
0.234,16.2349,16.2349,4.96243,80.5644,85.0695,24.3385,4.96243,0.329167
0.2342,18.0626,18.0626,4.44174,80.2291,85.0695,24.3052,4.44174,0.2875
0.2344,18.8182,18.8182,4.374,82.311,85.0695,24.2964,4.374,0.245833
0.2346,17.8781,17.8781,4.77748,85.412,85.0695,24.3217,4.77748,0.2875
0.2348,16.2217,16.2217,4.96109,80.4774,85.0695,24.3361,4.96109,0.329167
0.235,18.0415,18.0415,4.44937,80.2734,85.0695,24.3038,4.44937,0.2875
0.2352,18.8156,18.8156,4.37371,82.2941,85.0695,24.2963,4.37371,0.245833
0.2354,17.879,17.879,4.77731,85.4135,85.0695,24.3217,4.77731,0.2875
0.2356,16.2216,16.2216,4.96123,80.4794,85.0695,24.3362,4.96123,0.329167
0.2358,18.0417,18.0417,4.44943,80.2751,85.0695,24.3039,4.44943,0.2875
0.236,18.8079,18.8079,4.38112,82.3998,85.0695,24.2981,4.38112,0.245833
0.2362,17.8826,17.8826,4.77742,85.4327,85.0695,24.3256,4.77742,0.2875
0.2364,16.2349,16.2349,4.96243,80.5644,85.0695,24.3385,4.96243,0.329167
0.2366,18.0626,18.0626,4.44174,80.2291,85.0695,24.3052,4.44174,0.2875
0.2368,18.8182,18.8182,4.374,82.311,85.0695,24.2964,4.374,0.245833
0.237,17.8781,17.8781,4.77748,85.412,85.0695,24.3217,4.77748,0.2875
0.2372,16.2217,16.2217,4.96109,80.4774,85.0695,24.3361,4.96109,0.329167
0.2374,18.0415,18.0415,4.44937,80.2734,85.0695,24.3038,4.44937,0.2875
0.2376,18.8156,18.8156,4.37371,82.2941,85.0695,24.2963,4.37371,0.245833
0.2378,17.879,17.879,4.77731,85.4135,85.0695,24.3217,4.77731,0.2875
0.238,16.2216,16.2216,4.96123,80.4794,85.0695,24.3362,4.96123,0.329167
0.2382,18.0417,18.0417,4.44943,80.2751,85.0695,24.3039,4.44943,0.2875
0.2384,18.8079,18.8079,4.38112,82.3998,85.0695,24.2981,4.38112,0.245833
0.2386,17.8826,17.8826,4.77742,85.4327,85.0695,24.3256,4.77742,0.2875
0.2388,16.2349,16.2349,4.96243,80.5644,85.0695,24.3385,4.96243,0.329167
0.239,18.0626,18.0626,4.44174,80.2291,85.0695,24.3052,4.44174,0.2875
0.2392,18.8182,18.8182,4.374,82.311,85.0695,24.2964,4.374,0.245833
0.2394,17.8781,17.8781,4.77748,85.412,85.0695,24.3217,4.77748,0.2875
0.2396,16.2217,16.2217,4.96109,80.4774,85.0695,24.3361,4.96109,0.329167
0.2398,18.0415,18.0415,4.44937,80.2734,85.0695,24.3038,4.44937,0.2875
0.24,18.8156,18.8156,4.37371,82.2941,85.0695,24.2963,4.37371,0.245833
0.2402,17.879,17.879,4.77731,85.4135,85.0695,24.3217,4.77731,0.2875
0.2404,16.2216,16.2216,4.96123,80.4794,85.0695,24.3362,4.96123,0.329167
0.2406,18.0417,18.0417,4.44943,80.2751,85.0695,24.3039,4.44943,0.2875
0.2408,18.8079,18.8079,4.38112,82.3998,85.0695,24.2981,4.38112,0.245833
0.241,17.8826,17.8826,4.77742,85.4327,85.0695,24.3256,4.77742,0.2875
0.2412,16.2349,16.2349,4.96243,80.5644,85.0695,24.3385,4.96243,0.329167
0.2414,18.0626,18.0626,4.44174,80.2291,85.0695,24.3052,4.44174,0.2875
0.2416,18.8182,18.8182,4.374,82.311,85.0695,24.2964,4.374,0.245833
0.2418,17.8781,17.8781,4.77748,85.412,85.0695,24.3217,4.77748,0.2875
0.242,16.2217,16.2217,4.96109,80.4774,85.0695,24.3361,4.96109,0.329167
0.2422,18.0415,18.0415,4.44937,80.2734,85.0695,24.3038,4.44937,0.2875
0.2424,18.8156,18.8156,4.37371,82.2941,85.0695,24.2963,4.37371,0.245833
0.2426,17.879,17.879,4.77731,85.4135,85.0695,24.3217,4.77731,0.2875
0.2428,16.2216,16.2216,4.96123,80.4794,85.0695,24.3362,4.96123,0.329167
0.243,18.0417,18.0417,4.44943,80.2751,85.0695,24.3039,4.44943,0.2875
0.2432,18.8079,18.8079,4.38112,82.3998,85.0695,24.2981,4.38112,0.245833
0.2434,17.8826,17.8826,4.77742,85.4327,85.0695,24.3256,4.77742,0.2875
0.2436,16.2349,16.2349,4.96243,80.5644,85.0695,24.3385,4.96243,0.329167
0.2438,18.0626,18.0626,4.44174,80.2291,85.0695,24.3052,4.44174,0.2875
0.244,18.8182,18.8182,4.374,82.311,85.0695,24.2964,4.374,0.245833
0.2442,17.8781,17.8781,4.77748,85.412,85.0695,24.3217,4.77748,0.2875
0.2444,16.2217,16.2217,4.96109,80.4774,85.0695,24.3361,4.96109,0.329167
0.2446,18.0415,18.0415,4.44937,80.2734,85.0695,24.3038,4.44937,0.2875
0.2448,18.8156,18.8156,4.37371,82.2941,85.0695,24.2963,4.37371,0.245833
0.245,17.879,17.879,4.77731,85.4135,85.0695,24.3217,4.77731,0.2875
0.2452,16.2216,16.2216,4.96123,80.4794,85.0695,24.3362,4.96123,0.329167
0.2454,18.0417,18.0417,4.44943,80.2751,85.0695,24.3039,4.44943,0.2875
0.2456,18.8079,18.8079,4.38112,82.3998,85.0695,24.2981,4.38112,0.245833
0.2458,17.8826,17.8826,4.77742,85.4327,85.0695,24.3256,4.77742,0.2875
0.246,16.2349,16.2349,4.96243,80.5644,85.0695,24.3385,4.96243,0.329167
0.2462,18.0626,18.0626,4.44174,80.2291,85.0695,24.3052,4.44174,0.2875
0.2464,18.8182,18.8182,4.374,82.311,85.0695,24.2964,4.374,0.245833
0.2466,17.8781,17.8781,4.77748,85.412,85.0695,24.3217,4.77748,0.2875
0.2468,16.2217,16.2217,4.96109,80.4774,85.0695,24.3361,4.96109,0.329167
0.247,18.0415,18.0415,4.44937,80.2734,85.0695,24.3038,4.44937,0.2875
0.2472,18.8156,18.8156,4.37371,82.2941,85.0695,24.2963,4.37371,0.245833
0.2474,17.879,17.879,4.77731,85.4135,85.0695,24.3217,4.77731,0.2875
0.2476,16.2216,16.2216,4.96123,80.4794,85.0695,24.3362,4.96123,0.329167
0.2478,18.0417,18.0417,4.44943,80.2751,85.0695,24.3039,4.44943,0.2875
0.248,18.8079,18.8079,4.38112,82.3998,85.0695,24.2981,4.38112,0.245833
0.2482,17.8826,17.8826,4.77742,85.4327,85.0695,24.3256,4.77742,0.2875
0.2484,16.2349,16.2349,4.96243,80.5644,85.0695,24.3385,4.96243,0.329167
0.2486,18.0626,18.0626,4.44174,80.2291,85.0695,24.3052,4.44174,0.2875
0.2488,18.8182,18.8182,4.374,82.311,85.0695,24.2964,4.374,0.245833
0.249,17.8781,17.8781,4.77748,85.412,85.0695,24.3217,4.77748,0.2875
0.2492,16.2217,16.2217,4.96109,80.4774,85.0695,24.3361,4.96109,0.329167
0.2494,18.0415,18.0415,4.44937,80.2734,85.0695,24.3038,4.44937,0.2875
0.2496,18.8156,18.8156,4.37371,82.2941,85.0695,24.2963,4.37371,0.245833
0.2498,17.879,17.879,4.77731,85.4135,85.0695,24.3217,4.77731,0.2875
0.25,16.2216,16.2216,4.96123,80.4794,85.0695,24.3362,4.96123,0.329167
0.2502,18.0417,18.0417,4.44943,80.2751,85.0695,24.3039,4.44943,0.2875
0.2504,18.8079,18.8079,4.38112,82.3998,85.0695,24.2981,4.38112,0.245833
0.2506,17.8826,17.8826,4.77742,85.4327,85.0695,24.3256,4.77742,0.2875
0.2508,16.2349,16.2349,4.96243,80.5644,85.0695,24.3385,4.96243,0.329167
0.251,18.0626,18.0626,4.44174,80.2291,85.0695,24.3052,4.44174,0.2875
0.2512,18.8182,18.8182,4.374,82.311,85.0695,24.2964,4.374,0.245833
0.2514,17.8781,17.8781,4.77748,85.412,85.0695,24.3217,4.77748,0.2875
0.2516,16.2217,16.2217,4.96109,80.4774,85.0695,24.3361,4.96109,0.329167
0.2518,18.0415,18.0415,4.44937,80.2734,85.0695,24.3038,4.44937,0.2875
0.252,18.8156,18.8156,4.37371,82.2941,85.0695,24.2963,4.37371,0.245833
0.2522,17.879,17.879,4.77731,85.4135,85.0695,24.3217,4.77731,0.2875
0.2524,16.2216,16.2216,4.96123,80.4794,85.0695,24.3362,4.96123,0.329167
0.2526,18.0417,18.0417,4.44943,80.2751,85.0695,24.3039,4.44943,0.2875
0.2528,18.8079,18.8079,4.38112,82.3998,85.0695,24.2981,4.38112,0.245833
0.253,17.8826,17.8826,4.77742,85.4327,85.0695,24.3256,4.77742,0.2875
0.2532,16.2349,16.2349,4.96243,80.5644,85.0695,24.3385,4.96243,0.329167
0.2534,18.0626,18.0626,4.44174,80.2291,85.0695,24.3052,4.44174,0.2875
0.2536,18.8182,18.8182,4.374,82.311,85.0695,24.2964,4.374,0.245833
0.2538,17.8781,17.8781,4.77748,85.412,85.0695,24.3217,4.77748,0.2875
0.254,16.2217,16.2217,4.96109,80.4774,85.0695,24.3361,4.96109,0.329167
0.2542,18.0415,18.0415,4.44937,80.2734,85.0695,24.3038,4.44937,0.2875
0.2544,18.8156,18.8156,4.37371,82.2941,85.0695,24.2963,4.37371,0.245833
0.2546,17.879,17.879,4.77731,85.4135,85.0695,24.3217,4.77731,0.2875
0.2548,16.2216,16.2216,4.96123,80.4794,85.0695,24.3362,4.96123,0.329167
0.255,18.0417,18.0417,4.44943,80.2751,85.0695,24.3039,4.44943,0.2875
0.2552,18.8079,18.8079,4.38112,82.3998,85.0695,24.2981,4.38112,0.245833
0.2554,17.8826,17.8826,4.77742,85.4327,85.0695,24.3256,4.77742,0.2875
0.2556,16.2349,16.2349,4.96243,80.5644,85.0695,24.3385,4.96243,0.329167
0.2558,18.0626,18.0626,4.44174,80.2291,85.0695,24.3052,4.44174,0.2875
0.256,18.8182,18.8182,4.374,82.311,85.0695,24.2964,4.374,0.245833
0.2562,17.8781,17.8781,4.77748,85.412,85.0695,24.3217,4.77748,0.2875
0.2564,16.2217,16.2217,4.96109,80.4774,85.0695,24.3361,4.96109,0.329167
0.2566,18.0415,18.0415,4.44937,80.2734,85.0695,24.3038,4.44937,0.2875
0.2568,18.8156,18.8156,4.37371,82.2941,85.0695,24.2963,4.37371,0.245833
0.257,17.879,17.879,4.77731,85.4135,85.0695,24.3217,4.77731,0.2875
0.2572,16.2216,16.2216,4.96123,80.4794,85.0695,24.3362,4.96123,0.329167
0.2574,18.0417,18.0417,4.44943,80.2751,85.0695,24.3039,4.44943,0.2875
0.2576,18.8079,18.8079,4.38112,82.3998,85.0695,24.2981,4.38112,0.245833
0.2578,17.8826,17.8826,4.77742,85.4327,85.0695,24.3256,4.77742,0.2875
0.258,16.2349,16.2349,4.96243,80.5644,85.0695,24.3385,4.96243,0.329167
0.2582,18.0626,18.0626,4.44174,80.2291,85.0695,24.3052,4.44174,0.2875
0.2584,18.8182,18.8182,4.374,82.311,85.0695,24.2964,4.374,0.245833
0.2586,17.8781,17.8781,4.77748,85.412,85.0695,24.3217,4.77748,0.2875
0.2588,16.2217,16.2217,4.96109,80.4774,85.0695,24.3361,4.96109,0.329167
0.259,18.0415,18.0415,4.44937,80.2734,85.0695,24.3038,4.44937,0.2875
0.2592,18.8156,18.8156,4.37371,82.2941,85.0695,24.2963,4.37371,0.245833
0.2594,17.879,17.879,4.77731,85.4135,85.0695,24.3217,4.77731,0.2875
0.2596,16.2216,16.2216,4.96123,80.4794,85.0695,24.3362,4.96123,0.329167
0.2598,18.0417,18.0417,4.44943,80.2751,85.0695,24.3039,4.44943,0.2875
0.26,18.8079,18.8079,4.38112,82.3998,85.0695,24.2981,4.38112,0.245833
0.2602,17.8826,17.8826,4.77742,85.4327,85.0695,24.3256,4.77742,0.2875
0.2604,16.2349,16.2349,4.96243,80.5644,85.0695,24.3385,4.96243,0.329167
0.2606,18.0626,18.0626,4.44174,80.2291,85.0695,24.3052,4.44174,0.2875
0.2608,18.8182,18.8182,4.374,82.311,85.0695,24.2964,4.374,0.245833
0.261,17.8781,17.8781,4.77748,85.412,85.0695,24.3217,4.77748,0.2875
0.2612,16.2217,16.2217,4.96109,80.4774,85.0695,24.3361,4.96109,0.329167
0.2614,18.0415,18.0415,4.44937,80.2734,85.0695,24.3038,4.44937,0.2875
0.2616,18.8156,18.8156,4.37371,82.2941,85.0695,24.2963,4.37371,0.245833
0.2618,17.879,17.879,4.77731,85.4135,85.0695,24.3217,4.77731,0.2875
0.262,16.2216,16.2216,4.96123,80.4794,85.0695,24.3362,4.96123,0.329167
0.2622,18.0417,18.0417,4.44943,80.2751,85.0695,24.3039,4.44943,0.2875
0.2624,18.8079,18.8079,4.38112,82.3998,85.0695,24.2981,4.38112,0.245833
0.2626,17.8826,17.8826,4.77742,85.4327,85.0695,24.3256,4.77742,0.2875
0.2628,16.2349,16.2349,4.96243,80.5644,85.0695,24.3385,4.96243,0.329167
0.263,18.0626,18.0626,4.44174,80.2291,85.0695,24.3052,4.44174,0.2875
0.2632,18.8182,18.8182,4.374,82.311,85.0695,24.2964,4.374,0.245833
0.2634,17.8781,17.8781,4.77748,85.412,85.0695,24.3217,4.77748,0.2875
0.2636,16.2217,16.2217,4.96109,80.4774,85.0695,24.3361,4.96109,0.329167
0.2638,18.0415,18.0415,4.44937,80.2734,85.0695,24.3038,4.44937,0.2875
0.264,18.8156,18.8156,4.37371,82.2941,85.0695,24.2963,4.37371,0.245833
0.2642,17.879,17.879,4.77731,85.4135,85.0695,24.3217,4.77731,0.2875
0.2644,16.2216,16.2216,4.96123,80.4794,85.0695,24.3362,4.96123,0.329167
0.2646,18.0417,18.0417,4.44943,80.2751,85.0695,24.3039,4.44943,0.2875
0.2648,18.8079,18.8079,4.38112,82.3998,85.0695,24.2981,4.38112,0.245833
0.265,17.8826,17.8826,4.77742,85.4327,85.0695,24.3256,4.77742,0.2875
0.2652,16.2349,16.2349,4.96243,80.5644,85.0695,24.3385,4.96243,0.329167
0.2654,18.0626,18.0626,4.44174,80.2291,85.0695,24.3052,4.44174,0.2875
0.2656,18.8182,18.8182,4.374,82.311,85.0695,24.2964,4.374,0.245833
0.2658,17.8781,17.8781,4.77748,85.412,85.0695,24.3217,4.77748,0.2875
0.266,16.2217,16.2217,4.96109,80.4774,85.0695,24.3361,4.96109,0.329167
0.2662,18.0415,18.0415,4.44937,80.2734,85.0695,24.3038,4.44937,0.2875
0.2664,18.8156,18.8156,4.37371,82.2941,85.0695,24.2963,4.37371,0.245833
0.2666,17.879,17.879,4.77731,85.4135,85.0695,24.3217,4.77731,0.2875
0.2668,16.2216,16.2216,4.96123,80.4794,85.0695,24.3362,4.96123,0.329167
0.267,18.0417,18.0417,4.44943,80.2751,85.0695,24.3039,4.44943,0.2875
0.2672,18.8079,18.8079,4.38112,82.3998,85.0695,24.2981,4.38112,0.245833
0.2674,17.8826,17.8826,4.77742,85.4327,85.0695,24.3256,4.77742,0.2875
0.2676,16.2349,16.2349,4.96243,80.5644,85.0695,24.3385,4.96243,0.329167
0.2678,18.0626,18.0626,4.44174,80.2291,85.0695,24.3052,4.44174,0.2875
0.268,18.8182,18.8182,4.374,82.311,85.0695,24.2964,4.374,0.245833
0.2682,17.8781,17.8781,4.77748,85.412,85.0695,24.3217,4.77748,0.2875
0.2684,16.2217,16.2217,4.96109,80.4774,85.0695,24.3361,4.96109,0.329167
0.2686,18.0415,18.0415,4.44937,80.2734,85.0695,24.3038,4.44937,0.2875
0.2688,18.8156,18.8156,4.37371,82.2941,85.0695,24.2963,4.37371,0.245833
0.269,17.879,17.879,4.77731,85.4135,85.0695,24.3217,4.77731,0.2875
0.2692,16.2216,16.2216,4.96123,80.4794,85.0695,24.3362,4.96123,0.329167
0.2694,18.0417,18.0417,4.44943,80.2751,85.0695,24.3039,4.44943,0.2875
0.2696,18.8079,18.8079,4.38112,82.3998,85.0695,24.2981,4.38112,0.245833
0.2698,17.8826,17.8826,4.77742,85.4327,85.0695,24.3256,4.77742,0.2875
0.27,16.2349,16.2349,4.96243,80.5644,85.0695,24.3385,4.96243,0.329167
0.2702,18.0626,18.0626,4.44174,80.2291,85.0695,24.3052,4.44174,0.2875
0.2704,18.8182,18.8182,4.374,82.311,85.0695,24.2964,4.374,0.245833
0.2706,17.8781,17.8781,4.77748,85.412,85.0695,24.3217,4.77748,0.2875
0.2708,16.2217,16.2217,4.96109,80.4774,85.0695,24.3361,4.96109,0.329167
0.271,18.0415,18.0415,4.44937,80.2734,85.0695,24.3038,4.44937,0.2875
0.2712,18.8156,18.8156,4.37371,82.2941,85.0695,24.2963,4.37371,0.245833
0.2714,17.879,17.879,4.77731,85.4135,85.0695,24.3217,4.77731,0.2875
0.2716,16.2216,16.2216,4.96123,80.4794,85.0695,24.3362,4.96123,0.329167
0.2718,18.0417,18.0417,4.44943,80.2751,85.0695,24.3039,4.44943,0.2875
0.272,18.8079,18.8079,4.38112,82.3998,85.0695,24.2981,4.38112,0.245833
0.2722,17.8826,17.8826,4.77742,85.4327,85.0695,24.3256,4.77742,0.2875
0.2724,16.2349,16.2349,4.96243,80.5644,85.0695,24.3385,4.96243,0.329167
0.2726,18.0626,18.0626,4.44174,80.2291,85.0695,24.3052,4.44174,0.2875
0.2728,18.8182,18.8182,4.374,82.311,85.0695,24.2964,4.374,0.245833
0.273,17.8781,17.8781,4.77748,85.412,85.0695,24.3217,4.77748,0.2875
0.2732,16.2217,16.2217,4.96109,80.4774,85.0695,24.3361,4.96109,0.329167
0.2734,18.0415,18.0415,4.44937,80.2734,85.0695,24.3038,4.44937,0.2875
0.2736,18.8156,18.8156,4.37371,82.2941,85.0695,24.2963,4.37371,0.245833
0.2738,17.879,17.879,4.77731,85.4135,85.0695,24.3217,4.77731,0.2875
0.274,16.2216,16.2216,4.96123,80.4794,85.0695,24.3362,4.96123,0.329167
0.2742,18.0417,18.0417,4.44943,80.2751,85.0695,24.3039,4.44943,0.2875
0.2744,18.8079,18.8079,4.38112,82.3998,85.0695,24.2981,4.38112,0.245833
0.2746,17.8826,17.8826,4.77742,85.4327,85.0695,24.3256,4.77742,0.2875
0.2748,16.2349,16.2349,4.96243,80.5644,85.0695,24.3385,4.96243,0.329167
0.275,18.0626,18.0626,4.44174,80.2291,85.0695,24.3052,4.44174,0.2875
0.2752,18.8182,18.8182,4.374,82.311,85.0695,24.2964,4.374,0.245833
0.2754,17.8781,17.8781,4.77748,85.412,85.0695,24.3217,4.77748,0.2875
0.2756,16.2217,16.2217,4.96109,80.4774,85.0695,24.3361,4.96109,0.329167
0.2758,18.0415,18.0415,4.44937,80.2734,85.0695,24.3038,4.44937,0.2875
0.276,18.8156,18.8156,4.37371,82.2941,85.0695,24.2963,4.37371,0.245833
0.2762,17.879,17.879,4.77731,85.4135,85.0695,24.3217,4.77731,0.2875
0.2764,16.2216,16.2216,4.96123,80.4794,85.0695,24.3362,4.96123,0.329167
0.2766,18.0417,18.0417,4.44943,80.2751,85.0695,24.3039,4.44943,0.2875
0.2768,18.8079,18.8079,4.38112,82.3998,85.0695,24.2981,4.38112,0.245833
0.277,17.8826,17.8826,4.77742,85.4327,85.0695,24.3256,4.77742,0.2875
0.2772,16.2349,16.2349,4.96243,80.5644,85.0695,24.3385,4.96243,0.329167
0.2774,18.0626,18.0626,4.44174,80.2291,85.0695,24.3052,4.44174,0.2875
0.2776,18.8182,18.8182,4.374,82.311,85.0695,24.2964,4.374,0.245833
0.2778,17.8781,17.8781,4.77748,85.412,85.0695,24.3217,4.77748,0.2875
0.278,16.2217,16.2217,4.96109,80.4774,85.0695,24.3361,4.96109,0.329167
0.2782,18.0415,18.0415,4.44937,80.2734,85.0695,24.3038,4.44937,0.2875
0.2784,18.8156,18.8156,4.37371,82.2941,85.0695,24.2963,4.37371,0.245833
0.2786,17.879,17.879,4.77731,85.4135,85.0695,24.3217,4.77731,0.2875
0.2788,16.2216,16.2216,4.96123,80.4794,85.0695,24.3362,4.96123,0.329167
0.279,18.0417,18.0417,4.44943,80.2751,85.0695,24.3039,4.44943,0.2875
0.2792,18.8079,18.8079,4.38112,82.3998,85.0695,24.2981,4.38112,0.245833
0.2794,17.8826,17.8826,4.77742,85.4327,85.0695,24.3256,4.77742,0.2875
0.2796,16.2349,16.2349,4.96243,80.5644,85.0695,24.3385,4.96243,0.329167
0.2798,18.0626,18.0626,4.44174,80.2291,85.0695,24.3052,4.44174,0.2875
0.28,18.8182,18.8182,4.374,82.311,85.0695,24.2964,4.374,0.245833
0.2802,17.8781,17.8781,4.77748,85.412,85.0695,24.3217,4.77748,0.2875
0.2804,16.2217,16.2217,4.96109,80.4774,85.0695,24.3361,4.96109,0.329167
0.2806,18.0415,18.0415,4.44937,80.2734,85.0695,24.3038,4.44937,0.2875
0.2808,18.8156,18.8156,4.37371,82.2941,85.0695,24.2963,4.37371,0.245833
0.281,17.879,17.879,4.77731,85.4135,85.0695,24.3217,4.77731,0.2875
0.2812,16.2216,16.2216,4.96123,80.4794,85.0695,24.3362,4.96123,0.329167
0.2814,18.0417,18.0417,4.44943,80.2751,85.0695,24.3039,4.44943,0.2875
0.2816,18.8079,18.8079,4.38112,82.3998,85.0695,24.2981,4.38112,0.245833
0.2818,17.8826,17.8826,4.77742,85.4327,85.0695,24.3256,4.77742,0.2875
0.282,16.2349,16.2349,4.96243,80.5644,85.0695,24.3385,4.96243,0.329167
0.2822,18.0626,18.0626,4.44174,80.2291,85.0695,24.3052,4.44174,0.2875
0.2824,18.8182,18.8182,4.374,82.311,85.0695,24.2964,4.374,0.245833
0.2826,17.8781,17.8781,4.77748,85.412,85.0695,24.3217,4.77748,0.2875
0.2828,16.2217,16.2217,4.96109,80.4774,85.0695,24.3361,4.96109,0.329167
0.283,18.0415,18.0415,4.44937,80.2734,85.0695,24.3038,4.44937,0.2875
0.2832,18.8156,18.8156,4.37371,82.2941,85.0695,24.2963,4.37371,0.245833
0.2834,17.879,17.879,4.77731,85.4135,85.0695,24.3217,4.77731,0.2875
0.2836,16.2216,16.2216,4.96123,80.4794,85.0695,24.3362,4.96123,0.329167
0.2838,18.0417,18.0417,4.44943,80.2751,85.0695,24.3039,4.44943,0.2875
0.284,18.8079,18.8079,4.38112,82.3998,85.0695,24.2981,4.38112,0.245833
0.2842,17.8826,17.8826,4.77742,85.4327,85.0695,24.3256,4.77742,0.2875
0.2844,16.2349,16.2349,4.96243,80.5644,85.0695,24.3385,4.96243,0.329167
0.2846,18.0626,18.0626,4.44174,80.2291,85.0695,24.3052,4.44174,0.2875
0.2848,18.8182,18.8182,4.374,82.311,85.0695,24.2964,4.374,0.245833
0.285,17.8781,17.8781,4.77748,85.412,85.0695,24.3217,4.77748,0.2875
0.2852,16.2217,16.2217,4.96109,80.4774,85.0695,24.3361,4.96109,0.329167
0.2854,18.0415,18.0415,4.44937,80.2734,85.0695,24.3038,4.44937,0.2875
0.2856,18.8156,18.8156,4.37371,82.2941,85.0695,24.2963,4.37371,0.245833
0.2858,17.879,17.879,4.77731,85.4135,85.0695,24.3217,4.77731,0.2875
0.286,16.2216,16.2216,4.96123,80.4794,85.0695,24.3362,4.96123,0.329167
0.2862,18.0417,18.0417,4.44943,80.2751,85.0695,24.3039,4.44943,0.2875
0.2864,18.8079,18.8079,4.38112,82.3998,85.0695,24.2981,4.38112,0.245833
0.2866,17.8826,17.8826,4.77742,85.4327,85.0695,24.3256,4.77742,0.2875
0.2868,16.2349,16.2349,4.96243,80.5644,85.0695,24.3385,4.96243,0.329167
0.287,18.0626,18.0626,4.44174,80.2291,85.0695,24.3052,4.44174,0.2875
0.2872,18.8182,18.8182,4.374,82.311,85.0695,24.2964,4.374,0.245833
0.2874,17.8781,17.8781,4.77748,85.412,85.0695,24.3217,4.77748,0.2875
0.2876,16.2217,16.2217,4.96109,80.4774,85.0695,24.3361,4.96109,0.329167
0.2878,18.0415,18.0415,4.44937,80.2734,85.0695,24.3038,4.44937,0.2875
0.288,18.8156,18.8156,4.37371,82.2941,85.0695,24.2963,4.37371,0.245833
0.2882,17.879,17.879,4.77731,85.4135,85.0695,24.3217,4.77731,0.2875
0.2884,16.2216,16.2216,4.96123,80.4794,85.0695,24.3362,4.96123,0.329167
0.2886,18.0417,18.0417,4.44943,80.2751,85.0695,24.3039,4.44943,0.2875
0.2888,18.8079,18.8079,4.38112,82.3998,85.0695,24.2981,4.38112,0.245833
0.289,17.8826,17.8826,4.77742,85.4327,85.0695,24.3256,4.77742,0.2875
0.2892,16.2349,16.2349,4.96243,80.5644,85.0695,24.3385,4.96243,0.329167
0.2894,18.0626,18.0626,4.44174,80.2291,85.0695,24.3052,4.44174,0.2875
0.2896,18.8182,18.8182,4.374,82.311,85.0695,24.2964,4.374,0.245833
0.2898,17.8781,17.8781,4.77748,85.412,85.0695,24.3217,4.77748,0.2875
0.29,16.2217,16.2217,4.96109,80.4774,85.0695,24.3361,4.96109,0.329167
0.2902,18.0415,18.0415,4.44937,80.2734,85.0695,24.3038,4.44937,0.2875
0.2904,18.8156,18.8156,4.37371,82.2941,85.0695,24.2963,4.37371,0.245833
0.2906,17.879,17.879,4.77731,85.4135,85.0695,24.3217,4.77731,0.2875
0.2908,16.2216,16.2216,4.96123,80.4794,85.0695,24.3362,4.96123,0.329167
0.291,18.0417,18.0417,4.44943,80.2751,85.0695,24.3039,4.44943,0.2875
0.2912,18.8079,18.8079,4.38112,82.3998,85.0695,24.2981,4.38112,0.245833
0.2914,17.8826,17.8826,4.77742,85.4327,85.0695,24.3256,4.77742,0.2875
0.2916,16.2349,16.2349,4.96243,80.5644,85.0695,24.3385,4.96243,0.329167
0.2918,18.0626,18.0626,4.44174,80.2291,85.0695,24.3052,4.44174,0.2875
0.292,18.8182,18.8182,4.374,82.311,85.0695,24.2964,4.374,0.245833
0.2922,17.8781,17.8781,4.77748,85.412,85.0695,24.3217,4.77748,0.2875
0.2924,16.2217,16.2217,4.96109,80.4774,85.0695,24.3361,4.96109,0.329167
0.2926,18.0415,18.0415,4.44937,80.2734,85.0695,24.3038,4.44937,0.2875
0.2928,18.8156,18.8156,4.37371,82.2941,85.0695,24.2963,4.37371,0.245833
0.293,17.879,17.879,4.77731,85.4135,85.0695,24.3217,4.77731,0.2875
0.2932,16.2216,16.2216,4.96123,80.4794,85.0695,24.3362,4.96123,0.329167
0.2934,18.0417,18.0417,4.44943,80.2751,85.0695,24.3039,4.44943,0.2875
0.2936,18.8079,18.8079,4.38112,82.3998,85.0695,24.2981,4.38112,0.245833
0.2938,17.8826,17.8826,4.77742,85.4327,85.0695,24.3256,4.77742,0.2875
0.294,16.2349,16.2349,4.96243,80.5644,85.0695,24.3385,4.96243,0.329167
0.2942,18.0626,18.0626,4.44174,80.2291,85.0695,24.3052,4.44174,0.2875
0.2944,18.8182,18.8182,4.374,82.311,85.0695,24.2964,4.374,0.245833
0.2946,17.8781,17.8781,4.77748,85.412,85.0695,24.3217,4.77748,0.2875
0.2948,16.2217,16.2217,4.96109,80.4774,85.0695,24.3361,4.96109,0.329167
0.295,18.0415,18.0415,4.44937,80.2734,85.0695,24.3038,4.44937,0.2875
0.2952,18.8156,18.8156,4.37371,82.2941,85.0695,24.2963,4.37371,0.245833
0.2954,17.879,17.879,4.77731,85.4135,85.0695,24.3217,4.77731,0.2875
0.2956,16.2216,16.2216,4.96123,80.4794,85.0695,24.3362,4.96123,0.329167
0.2958,18.0417,18.0417,4.44943,80.2751,85.0695,24.3039,4.44943,0.2875
0.296,18.8079,18.8079,4.37963,82.3718,85.0695,24.3014,4.37963,0.245833
0.2962,17.8705,17.8705,4.77961,85.4139,85.0695,24.3285,4.77961,0.2875
0.2964,16.2469,16.2469,4.95783,80.5492,85.0695,24.3399,4.95783,0.329167
0.2966,18.0488,18.0488,4.45241,80.3607,85.0695,24.3062,4.45241,0.2875
0.2968,18.8145,18.8145,4.37239,82.2642,85.0695,24.3012,4.37239,0.245833
0.297,17.8888,17.8888,4.77535,85.4254,85.0695,24.3282,4.77535,0.2875
0.2972,16.2705,16.2705,4.95283,80.5851,85.0695,24.3398,4.95283,0.329167
0.2974,18.0344,18.0344,4.45418,80.3285,85.0695,24.3063,4.45418,0.2875
0.2976,18.8158,18.8158,4.37159,82.2548,85.0695,24.3012,4.37159,0.245833
0.2978,17.8788,17.8788,4.7766,85.3997,85.0695,24.3282,4.7766,0.2875
0.298,16.266,16.266,4.95401,80.5819,85.0695,24.3397,4.95401,0.329167
0.2982,18.0547,18.0547,4.44971,80.3382,85.0695,24.3059,4.44971,0.2875
0.2984,18.8142,18.8142,4.37242,82.2635,85.0695,24.3011,4.37242,0.245833
0.2986,17.8963,17.8963,4.77012,85.3675,85.0695,24.328,4.77012,0.2875
0.2988,16.2645,16.2645,4.96474,80.7491,85.0695,24.3405,4.96474,0.329167
0.299,18.0161,18.0161,4.45262,80.2187,85.0695,24.306,4.45262,0.2875
0.2992,18.8162,18.8162,4.37162,82.2574,85.0695,24.3012,4.37162,0.245833
0.2994,17.8786,17.8786,4.77662,85.3995,85.0695,24.3282,4.77662,0.2875
0.2996,16.266,16.266,4.95399,80.5816,85.0695,24.3397,4.95399,0.329167
0.2998,18.0358,18.0358,4.45274,80.3085,85.0695,24.3062,4.45274,0.2875
0.3,18.8127,18.8127,4.37388,82.2843,85.0695,24.3015,4.37388,0.245833
0.3002,17.8961,17.8961,4.77009,85.3662,85.0695,24.328,4.77009,0.2875
0.3004,16.2647,16.2647,4.96474,80.7498,85.0695,24.3405,4.96474,0.329167
0.3006,18.016,18.016,4.45264,80.2188,85.0695,24.306,4.45264,0.2875
0.3008,18.8162,18.8162,4.37162,82.2573,85.0695,24.3012,4.37162,0.245833
0.301,17.8786,17.8786,4.77662,85.3995,85.0695,24.3282,4.77662,0.2875
0.3012,16.266,16.266,4.95399,80.5816,85.0695,24.3397,4.95399,0.329167
0.3014,18.0358,18.0358,4.45274,80.3085,85.0695,24.3062,4.45274,0.2875
0.3016,18.8127,18.8127,4.37388,82.2843,85.0695,24.3015,4.37388,0.245833
0.3018,17.8961,17.8961,4.77009,85.3662,85.0695,24.328,4.77009,0.2875
0.302,16.2647,16.2647,4.96474,80.7498,85.0695,24.3405,4.96474,0.329167
0.3022,18.016,18.016,4.45264,80.2188,85.0695,24.306,4.45264,0.2875
0.3024,18.8162,18.8162,4.37162,82.2573,85.0695,24.3012,4.37162,0.245833
0.3026,17.8786,17.8786,4.77662,85.3995,85.0695,24.3282,4.77662,0.2875
0.3028,16.266,16.266,4.95399,80.5816,85.0695,24.3397,4.95399,0.329167
0.303,18.0358,18.0358,4.45274,80.3085,85.0695,24.3062,4.45274,0.2875
0.3032,18.8127,18.8127,4.37388,82.2843,85.0695,24.3015,4.37388,0.245833
0.3034,17.8961,17.8961,4.77009,85.3662,85.0695,24.328,4.77009,0.2875
0.3036,16.2647,16.2647,4.96474,80.7498,85.0695,24.3405,4.96474,0.329167
0.3038,18.016,18.016,4.45264,80.2188,85.0695,24.306,4.45264,0.2875
0.304,18.8162,18.8162,4.37162,82.2573,85.0695,24.3012,4.37162,0.245833
0.3042,17.8786,17.8786,4.77662,85.3995,85.0695,24.3282,4.77662,0.2875
0.3044,16.266,16.266,4.95399,80.5816,85.0695,24.3397,4.95399,0.329167
0.3046,18.0358,18.0358,4.45274,80.3085,85.0695,24.3062,4.45274,0.2875
0.3048,18.8127,18.8127,4.37388,82.2843,85.0695,24.3015,4.37388,0.245833
0.305,17.8961,17.8961,4.77009,85.3662,85.0695,24.328,4.77009,0.2875
0.3052,16.2647,16.2647,4.96474,80.7498,85.0695,24.3405,4.96474,0.329167
0.3054,18.016,18.016,4.45264,80.2188,85.0695,24.306,4.45264,0.2875
0.3056,18.8162,18.8162,4.37162,82.2573,85.0695,24.3012,4.37162,0.245833
0.3058,17.8786,17.8786,4.77662,85.3995,85.0695,24.3282,4.77662,0.2875
0.306,16.266,16.266,4.95399,80.5816,85.0695,24.3397,4.95399,0.329167
0.3062,18.0358,18.0358,4.45274,80.3085,85.0695,24.3062,4.45274,0.2875
0.3064,18.8127,18.8127,4.37388,82.2843,85.0695,24.3015,4.37388,0.245833
0.3066,17.8961,17.8961,4.77009,85.3662,85.0695,24.328,4.77009,0.2875
0.3068,16.2647,16.2647,4.96474,80.7498,85.0695,24.3405,4.96474,0.329167
0.307,18.016,18.016,4.45264,80.2188,85.0695,24.306,4.45264,0.2875
0.3072,18.8162,18.8162,4.37162,82.2573,85.0695,24.3012,4.37162,0.245833
0.3074,17.8786,17.8786,4.77662,85.3995,85.0695,24.3282,4.77662,0.2875
0.3076,16.266,16.266,4.95399,80.5816,85.0695,24.3397,4.95399,0.329167
0.3078,18.0358,18.0358,4.45274,80.3085,85.0695,24.3062,4.45274,0.2875
0.308,18.8127,18.8127,4.37388,82.2843,85.0695,24.3015,4.37388,0.245833
0.3082,17.8961,17.8961,4.77009,85.3662,85.0695,24.328,4.77009,0.2875
0.3084,16.2647,16.2647,4.96474,80.7498,85.0695,24.3405,4.96474,0.329167
0.3086,18.016,18.016,4.45264,80.2188,85.0695,24.306,4.45264,0.2875
0.3088,18.8162,18.8162,4.37162,82.2573,85.0695,24.3012,4.37162,0.245833
0.309,17.8786,17.8786,4.77662,85.3995,85.0695,24.3282,4.77662,0.2875
0.3092,16.266,16.266,4.95399,80.5816,85.0695,24.3397,4.95399,0.329167
0.3094,18.0358,18.0358,4.45274,80.3085,85.0695,24.3062,4.45274,0.2875
0.3096,18.8127,18.8127,4.37388,82.2843,85.0695,24.3015,4.37388,0.245833
0.3098,17.8961,17.8961,4.77009,85.3662,85.0695,24.328,4.77009,0.2875
0.31,16.2647,16.2647,4.96474,80.7498,85.0695,24.3405,4.96474,0.329167
0.3102,18.016,18.016,4.45264,80.2188,85.0695,24.306,4.45264,0.2875
0.3104,18.8162,18.8162,4.37162,82.2573,85.0695,24.3012,4.37162,0.245833
0.3106,17.8786,17.8786,4.77662,85.3995,85.0695,24.3282,4.77662,0.2875
0.3108,16.266,16.266,4.95399,80.5816,85.0695,24.3397,4.95399,0.329167
0.311,18.0358,18.0358,4.45274,80.3085,85.0695,24.3062,4.45274,0.2875
0.3112,18.8127,18.8127,4.37388,82.2843,85.0695,24.3015,4.37388,0.245833
0.3114,17.8961,17.8961,4.77009,85.3662,85.0695,24.328,4.77009,0.2875
0.3116,16.2647,16.2647,4.96474,80.7498,85.0695,24.3405,4.96474,0.329167
0.3118,18.016,18.016,4.45264,80.2188,85.0695,24.306,4.45264,0.2875
0.312,18.8162,18.8162,4.37162,82.2573,85.0695,24.3012,4.37162,0.245833
0.3122,17.8786,17.8786,4.77662,85.3995,85.0695,24.3282,4.77662,0.2875
0.3124,16.266,16.266,4.95399,80.5816,85.0695,24.3397,4.95399,0.329167
0.3126,18.0358,18.0358,4.45274,80.3085,85.0695,24.3062,4.45274,0.2875
0.3128,18.8127,18.8127,4.37388,82.2843,85.0695,24.3015,4.37388,0.245833
0.313,17.8961,17.8961,4.77009,85.3662,85.0695,24.328,4.77009,0.2875
0.3132,16.2647,16.2647,4.96474,80.7498,85.0695,24.3405,4.96474,0.329167
0.3134,18.016,18.016,4.45264,80.2188,85.0695,24.306,4.45264,0.2875
0.3136,18.8162,18.8162,4.37162,82.2573,85.0695,24.3012,4.37162,0.245833
0.3138,17.8786,17.8786,4.77662,85.3995,85.0695,24.3282,4.77662,0.2875
0.314,16.266,16.266,4.95399,80.5816,85.0695,24.3397,4.95399,0.329167
0.3142,18.0358,18.0358,4.45274,80.3085,85.0695,24.3062,4.45274,0.2875
0.3144,18.8127,18.8127,4.37388,82.2843,85.0695,24.3015,4.37388,0.245833
0.3146,17.8961,17.8961,4.77009,85.3662,85.0695,24.328,4.77009,0.2875
0.3148,16.2647,16.2647,4.96474,80.7498,85.0695,24.3405,4.96474,0.329167
0.315,18.016,18.016,4.45264,80.2188,85.0695,24.306,4.45264,0.2875
0.3152,18.8162,18.8162,4.37162,82.2573,85.0695,24.3012,4.37162,0.245833
0.3154,17.8786,17.8786,4.77662,85.3995,85.0695,24.3282,4.77662,0.2875
0.3156,16.266,16.266,4.95399,80.5816,85.0695,24.3397,4.95399,0.329167
0.3158,18.0358,18.0358,4.45274,80.3085,85.0695,24.3062,4.45274,0.2875
0.316,18.8127,18.8127,4.37388,82.2843,85.0695,24.3015,4.37388,0.245833
0.3162,17.8961,17.8961,4.77009,85.3662,85.0695,24.328,4.77009,0.2875
0.3164,16.2647,16.2647,4.96474,80.7498,85.0695,24.3405,4.96474,0.329167
0.3166,18.016,18.016,4.45264,80.2188,85.0695,24.306,4.45264,0.2875
0.3168,18.8162,18.8162,4.37162,82.2573,85.0695,24.3012,4.37162,0.245833
0.317,17.8786,17.8786,4.77662,85.3995,85.0695,24.3282,4.77662,0.2875
0.3172,16.266,16.266,4.95399,80.5816,85.0695,24.3397,4.95399,0.329167
0.3174,18.0358,18.0358,4.45274,80.3085,85.0695,24.3062,4.45274,0.2875
0.3176,18.8127,18.8127,4.37388,82.2843,85.0695,24.3015,4.37388,0.245833
0.3178,17.8961,17.8961,4.77009,85.3662,85.0695,24.328,4.77009,0.2875
0.318,16.2647,16.2647,4.96474,80.7498,85.0695,24.3405,4.96474,0.329167
0.3182,18.016,18.016,4.45264,80.2188,85.0695,24.306,4.45264,0.2875
0.3184,18.8162,18.8162,4.37162,82.2573,85.0695,24.3012,4.37162,0.245833
0.3186,17.8786,17.8786,4.77662,85.3995,85.0695,24.3282,4.77662,0.2875
0.3188,16.266,16.266,4.95399,80.5816,85.0695,24.3397,4.95399,0.329167
0.319,18.0358,18.0358,4.45274,80.3085,85.0695,24.3062,4.45274,0.2875
0.3192,18.8127,18.8127,4.37388,82.2843,85.0695,24.3015,4.37388,0.245833
0.3194,17.8961,17.8961,4.77009,85.3662,85.0695,24.328,4.77009,0.2875
0.3196,16.2647,16.2647,4.96474,80.7498,85.0695,24.3405,4.96474,0.329167
0.3198,18.016,18.016,4.45264,80.2188,85.0695,24.306,4.45264,0.2875
0.32,18.8162,18.8162,4.37162,82.2573,85.0695,24.3012,4.37162,0.245833
0.3202,17.8786,17.8786,4.77662,85.3995,85.0695,24.3282,4.77662,0.2875
0.3204,16.266,16.266,4.95399,80.5816,85.0695,24.3397,4.95399,0.329167
0.3206,18.0358,18.0358,4.45274,80.3085,85.0695,24.3062,4.45274,0.2875
0.3208,18.8127,18.8127,4.37388,82.2843,85.0695,24.3015,4.37388,0.245833
0.321,17.8961,17.8961,4.77009,85.3662,85.0695,24.328,4.77009,0.2875
0.3212,16.2647,16.2647,4.96474,80.7498,85.0695,24.3405,4.96474,0.329167
0.3214,18.016,18.016,4.45264,80.2188,85.0695,24.306,4.45264,0.2875
0.3216,18.8162,18.8162,4.37162,82.2573,85.0695,24.3012,4.37162,0.245833
0.3218,17.8786,17.8786,4.77662,85.3995,85.0695,24.3282,4.77662,0.2875
0.322,16.266,16.266,4.95399,80.5816,85.0695,24.3397,4.95399,0.329167
0.3222,18.0358,18.0358,4.45274,80.3085,85.0695,24.3062,4.45274,0.2875
0.3224,18.8127,18.8127,4.37388,82.2843,85.0695,24.3015,4.37388,0.245833
0.3226,17.8961,17.8961,4.77009,85.3662,85.0695,24.328,4.77009,0.2875
0.3228,16.2647,16.2647,4.96474,80.7498,85.0695,24.3405,4.96474,0.329167
0.323,18.016,18.016,4.45264,80.2188,85.0695,24.306,4.45264,0.2875
0.3232,18.8162,18.8162,4.37162,82.2573,85.0695,24.3012,4.37162,0.245833
0.3234,17.8786,17.8786,4.77662,85.3995,85.0695,24.3282,4.77662,0.2875
0.3236,16.266,16.266,4.95399,80.5816,85.0695,24.3397,4.95399,0.329167
0.3238,18.0358,18.0358,4.45274,80.3085,85.0695,24.3062,4.45274,0.2875
0.324,18.8127,18.8127,4.37388,82.2843,85.0695,24.3015,4.37388,0.245833
0.3242,17.8961,17.8961,4.77009,85.3662,85.0695,24.328,4.77009,0.2875
0.3244,16.2647,16.2647,4.96474,80.7498,85.0695,24.3405,4.96474,0.329167
0.3246,18.016,18.016,4.45264,80.2188,85.0695,24.306,4.45264,0.2875
0.3248,18.8162,18.8162,4.37162,82.2573,85.0695,24.3012,4.37162,0.245833
0.325,17.8786,17.8786,4.77662,85.3995,85.0695,24.3282,4.77662,0.2875
0.3252,16.266,16.266,4.95399,80.5816,85.0695,24.3397,4.95399,0.329167
0.3254,18.0358,18.0358,4.45274,80.3085,85.0695,24.3062,4.45274,0.2875
0.3256,18.8127,18.8127,4.37388,82.2843,85.0695,24.3015,4.37388,0.245833
0.3258,17.8961,17.8961,4.77009,85.3662,85.0695,24.328,4.77009,0.2875
0.326,16.2647,16.2647,4.96474,80.7498,85.0695,24.3405,4.96474,0.329167
0.3262,18.016,18.016,4.45264,80.2188,85.0695,24.306,4.45264,0.2875
0.3264,18.8162,18.8162,4.37162,82.2573,85.0695,24.3012,4.37162,0.245833
0.3266,17.8786,17.8786,4.77662,85.3995,85.0695,24.3282,4.77662,0.2875
0.3268,16.266,16.266,4.95399,80.5816,85.0695,24.3397,4.95399,0.329167
0.327,18.0358,18.0358,4.45274,80.3085,85.0695,24.3062,4.45274,0.2875
0.3272,18.8127,18.8127,4.37388,82.2843,85.0695,24.3015,4.37388,0.245833
0.3274,17.8961,17.8961,4.77009,85.3662,85.0695,24.328,4.77009,0.2875
0.3276,16.2647,16.2647,4.96474,80.7498,85.0695,24.3405,4.96474,0.329167
0.3278,18.016,18.016,4.45264,80.2188,85.0695,24.306,4.45264,0.2875
0.328,18.8162,18.8162,4.37162,82.2573,85.0695,24.3012,4.37162,0.245833
0.3282,17.8786,17.8786,4.77662,85.3995,85.0695,24.3282,4.77662,0.2875
0.3284,16.266,16.266,4.95399,80.5816,85.0695,24.3397,4.95399,0.329167
0.3286,18.0358,18.0358,4.45274,80.3085,85.0695,24.3062,4.45274,0.2875
0.3288,18.8127,18.8127,4.37388,82.2843,85.0695,24.3015,4.37388,0.245833
0.329,17.8961,17.8961,4.77009,85.3662,85.0695,24.328,4.77009,0.2875
0.3292,16.2647,16.2647,4.96474,80.7498,85.0695,24.3405,4.96474,0.329167
0.3294,18.016,18.016,4.45264,80.2188,85.0695,24.306,4.45264,0.2875
0.3296,18.8162,18.8162,4.37162,82.2573,85.0695,24.3012,4.37162,0.245833
0.3298,17.8786,17.8786,4.77662,85.3995,85.0695,24.3282,4.77662,0.2875
0.33,16.266,16.266,4.95399,80.5816,85.0695,24.3397,4.95399,0.329167
0.3302,18.0358,18.0358,4.45274,80.3085,85.0695,24.3062,4.45274,0.2875
0.3304,18.8127,18.8127,4.37388,82.2843,85.0695,24.3015,4.37388,0.245833
0.3306,17.8961,17.8961,4.77009,85.3662,85.0695,24.328,4.77009,0.2875
0.3308,16.2647,16.2647,4.96474,80.7498,85.0695,24.3405,4.96474,0.329167
0.331,18.016,18.016,4.45264,80.2188,85.0695,24.306,4.45264,0.2875
0.3312,18.8162,18.8162,4.37162,82.2573,85.0695,24.3012,4.37162,0.245833
0.3314,17.8786,17.8786,4.77662,85.3995,85.0695,24.3282,4.77662,0.2875
0.3316,16.266,16.266,4.95399,80.5816,85.0695,24.3397,4.95399,0.329167
0.3318,18.0358,18.0358,4.45274,80.3085,85.0695,24.3062,4.45274,0.2875
0.332,18.8127,18.8127,4.37388,82.2843,85.0695,24.3015,4.37388,0.245833
0.3322,17.8961,17.8961,4.77009,85.3662,85.0695,24.328,4.77009,0.2875
0.3324,16.2647,16.2647,4.96474,80.7498,85.0695,24.3405,4.96474,0.329167
0.3326,18.016,18.016,4.45264,80.2188,85.0695,24.306,4.45264,0.2875
0.3328,18.8162,18.8162,4.37162,82.2573,85.0695,24.3012,4.37162,0.245833
0.333,17.8786,17.8786,4.77662,85.3995,85.0695,24.3282,4.77662,0.2875
0.3332,16.266,16.266,4.95399,80.5816,85.0695,24.3397,4.95399,0.329167
0.3334,18.0358,18.0358,4.45274,80.3085,85.0695,24.3062,4.45274,0.2875
0.3336,18.8127,18.8127,4.37388,82.2843,85.0695,24.3015,4.37388,0.245833
0.3338,17.8961,17.8961,4.77009,85.3662,85.0695,24.328,4.77009,0.2875
0.334,16.2647,16.2647,4.96474,80.7498,85.0695,24.3405,4.96474,0.329167
0.3342,18.016,18.016,4.45264,80.2188,85.0695,24.306,4.45264,0.2875
0.3344,18.8162,18.8162,4.37162,82.2573,85.0695,24.3012,4.37162,0.245833
0.3346,17.8786,17.8786,4.77662,85.3995,85.0695,24.3282,4.77662,0.2875
0.3348,16.266,16.266,4.95399,80.5816,85.0695,24.3397,4.95399,0.329167
0.335,18.0358,18.0358,4.45274,80.3085,85.0695,24.3062,4.45274,0.2875
0.3352,18.8127,18.8127,4.37388,82.2843,85.0695,24.3015,4.37388,0.245833
0.3354,17.8961,17.8961,4.77009,85.3662,85.0695,24.328,4.77009,0.2875
0.3356,16.2647,16.2647,4.96474,80.7498,85.0695,24.3405,4.96474,0.329167
0.3358,18.016,18.016,4.45264,80.2188,85.0695,24.306,4.45264,0.2875
0.336,18.8162,18.8162,4.37162,82.2573,85.0695,24.3012,4.37162,0.245833
0.3362,17.8786,17.8786,4.77662,85.3995,85.0695,24.3282,4.77662,0.2875
0.3364,16.266,16.266,4.95399,80.5816,85.0695,24.3397,4.95399,0.329167
0.3366,18.0358,18.0358,4.45274,80.3085,85.0695,24.3062,4.45274,0.2875
0.3368,18.8127,18.8127,4.37388,82.2843,85.0695,24.3015,4.37388,0.245833
0.337,17.8961,17.8961,4.77009,85.3662,85.0695,24.328,4.77009,0.2875
0.3372,16.2647,16.2647,4.96474,80.7498,85.0695,24.3405,4.96474,0.329167
0.3374,18.016,18.016,4.45264,80.2188,85.0695,24.306,4.45264,0.2875
0.3376,18.8162,18.8162,4.37162,82.2573,85.0695,24.3012,4.37162,0.245833
0.3378,17.8786,17.8786,4.77662,85.3995,85.0695,24.3282,4.77662,0.2875
0.338,16.266,16.266,4.95399,80.5816,85.0695,24.3397,4.95399,0.329167
0.3382,18.0358,18.0358,4.45274,80.3085,85.0695,24.3062,4.45274,0.2875
0.3384,18.8127,18.8127,4.37388,82.2843,85.0695,24.3015,4.37388,0.245833
0.3386,17.8961,17.8961,4.77009,85.3662,85.0695,24.328,4.77009,0.2875
0.3388,16.2647,16.2647,4.96474,80.7498,85.0695,24.3405,4.96474,0.329167
0.339,18.016,18.016,4.45264,80.2188,85.0695,24.306,4.45264,0.2875
0.3392,18.8162,18.8162,4.37162,82.2573,85.0695,24.3012,4.37162,0.245833
0.3394,17.8786,17.8786,4.77662,85.3995,85.0695,24.3282,4.77662,0.2875
0.3396,16.266,16.266,4.95399,80.5816,85.0695,24.3397,4.95399,0.329167
0.3398,18.0358,18.0358,4.45274,80.3085,85.0695,24.3062,4.45274,0.2875
0.34,18.8127,18.8127,4.37388,82.2843,85.0695,24.3015,4.37388,0.245833
0.3402,17.8961,17.8961,4.77009,85.3662,85.0695,24.328,4.77009,0.2875
0.3404,16.2647,16.2647,4.96474,80.7498,85.0695,24.3405,4.96474,0.329167
0.3406,18.016,18.016,4.45264,80.2188,85.0695,24.306,4.45264,0.2875
0.3408,18.8162,18.8162,4.37162,82.2573,85.0695,24.3012,4.37162,0.245833
0.341,17.8786,17.8786,4.77662,85.3995,85.0695,24.3282,4.77662,0.2875
0.3412,16.266,16.266,4.95399,80.5816,85.0695,24.3397,4.95399,0.329167
0.3414,18.0358,18.0358,4.45274,80.3085,85.0695,24.3062,4.45274,0.2875
0.3416,18.8127,18.8127,4.37388,82.2843,85.0695,24.3015,4.37388,0.245833
0.3418,17.8961,17.8961,4.77009,85.3662,85.0695,24.328,4.77009,0.2875
0.342,16.2647,16.2647,4.96474,80.7498,85.0695,24.3405,4.96474,0.329167
0.3422,18.016,18.016,4.45264,80.2188,85.0695,24.306,4.45264,0.2875
0.3424,18.8162,18.8162,4.37162,82.2573,85.0695,24.3012,4.37162,0.245833
0.3426,17.8786,17.8786,4.77662,85.3995,85.0695,24.3282,4.77662,0.2875
0.3428,16.266,16.266,4.95399,80.5816,85.0695,24.3397,4.95399,0.329167
0.343,18.0358,18.0358,4.45274,80.3085,85.0695,24.3062,4.45274,0.2875
0.3432,18.8127,18.8127,4.37388,82.2843,85.0695,24.3015,4.37388,0.245833
0.3434,17.8961,17.8961,4.77009,85.3662,85.0695,24.328,4.77009,0.2875
0.3436,16.2647,16.2647,4.96474,80.7498,85.0695,24.3405,4.96474,0.329167
0.3438,18.016,18.016,4.45264,80.2188,85.0695,24.306,4.45264,0.2875
0.344,18.8162,18.8162,4.37162,82.2573,85.0695,24.3012,4.37162,0.245833
0.3442,17.8786,17.8786,4.77662,85.3995,85.0695,24.3282,4.77662,0.2875
0.3444,16.266,16.266,4.95399,80.5816,85.0695,24.3397,4.95399,0.329167
0.3446,18.0358,18.0358,4.45274,80.3085,85.0695,24.3062,4.45274,0.2875
0.3448,18.8127,18.8127,4.37388,82.2843,85.0695,24.3015,4.37388,0.245833
0.345,17.8961,17.8961,4.77009,85.3662,85.0695,24.328,4.77009,0.2875
0.3452,16.2647,16.2647,4.96474,80.7498,85.0695,24.3405,4.96474,0.329167
0.3454,18.016,18.016,4.45264,80.2188,85.0695,24.306,4.45264,0.2875
0.3456,18.8162,18.8162,4.37162,82.2573,85.0695,24.3012,4.37162,0.245833
0.3458,17.8786,17.8786,4.77662,85.3995,85.0695,24.3282,4.77662,0.2875
0.346,16.266,16.266,4.95399,80.5816,85.0695,24.3397,4.95399,0.329167
0.3462,18.0358,18.0358,4.45274,80.3085,85.0695,24.3062,4.45274,0.2875
0.3464,18.8127,18.8127,4.37388,82.2843,85.0695,24.3015,4.37388,0.245833
0.3466,17.8961,17.8961,4.77009,85.3662,85.0695,24.328,4.77009,0.2875
0.3468,16.2647,16.2647,4.96474,80.7498,85.0695,24.3405,4.96474,0.329167
0.347,18.016,18.016,4.45264,80.2188,85.0695,24.306,4.45264,0.2875
0.3472,18.8162,18.8162,4.37162,82.2573,85.0695,24.3012,4.37162,0.245833
0.3474,17.8786,17.8786,4.77662,85.3995,85.0695,24.3282,4.77662,0.2875
0.3476,16.266,16.266,4.95399,80.5816,85.0695,24.3397,4.95399,0.329167
0.3478,18.0358,18.0358,4.45274,80.3085,85.0695,24.3062,4.45274,0.2875
0.348,18.8127,18.8127,4.37388,82.2843,85.0695,24.3015,4.37388,0.245833
0.3482,17.8961,17.8961,4.77009,85.3662,85.0695,24.328,4.77009,0.2875
0.3484,16.2647,16.2647,4.96474,80.7498,85.0695,24.3405,4.96474,0.329167
0.3486,18.016,18.016,4.45264,80.2188,85.0695,24.306,4.45264,0.2875
0.3488,18.8162,18.8162,4.37162,82.2573,85.0695,24.3012,4.37162,0.245833
0.349,17.8786,17.8786,4.77662,85.3995,85.0695,24.3282,4.77662,0.2875
0.3492,16.266,16.266,4.95399,80.5816,85.0695,24.3397,4.95399,0.329167
0.3494,18.0358,18.0358,4.45274,80.3085,85.0695,24.3062,4.45274,0.2875
0.3496,18.8127,18.8127,4.37388,82.2843,85.0695,24.3015,4.37388,0.245833
0.3498,17.8961,17.8961,4.77009,85.3662,85.0695,24.328,4.77009,0.2875
0.35,16.2647,16.2647,4.96474,80.7498,85.0695,24.3405,4.96474,0.329167
0.3502,18.016,18.016,4.45264,80.2188,85.0695,24.306,4.45264,0.2875
0.3504,18.8162,18.8162,4.37162,82.2573,85.0695,24.3012,4.37162,0.245833
0.3506,17.8786,17.8786,4.77662,85.3995,85.0695,24.3282,4.77662,0.2875
0.3508,16.266,16.266,4.95399,80.5816,85.0695,24.3397,4.95399,0.329167
0.351,18.0358,18.0358,4.45274,80.3085,85.0695,24.3062,4.45274,0.2875
0.3512,18.8127,18.8127,4.37388,82.2843,85.0695,24.3015,4.37388,0.245833
0.3514,17.8961,17.8961,4.77009,85.3662,85.0695,24.328,4.77009,0.2875
0.3516,16.2647,16.2647,4.96474,80.7498,85.0695,24.3405,4.96474,0.329167
0.3518,18.016,18.016,4.45264,80.2188,85.0695,24.306,4.45264,0.2875
0.352,18.8162,18.8162,4.37162,82.2573,85.0695,24.3012,4.37162,0.245833
0.3522,17.8786,17.8786,4.77662,85.3995,85.0695,24.3282,4.77662,0.2875
0.3524,16.266,16.266,4.95399,80.5816,85.0695,24.3397,4.95399,0.329167
0.3526,18.0358,18.0358,4.45274,80.3085,85.0695,24.3062,4.45274,0.2875
0.3528,18.8127,18.8127,4.37388,82.2843,85.0695,24.3015,4.37388,0.245833
0.353,17.8961,17.8961,4.77009,85.3662,85.0695,24.328,4.77009,0.2875
0.3532,16.2647,16.2647,4.96474,80.7498,85.0695,24.3405,4.96474,0.329167
0.3534,18.016,18.016,4.45264,80.2188,85.0695,24.306,4.45264,0.2875
0.3536,18.8162,18.8162,4.37162,82.2573,85.0695,24.3012,4.37162,0.245833
0.3538,17.8786,17.8786,4.77662,85.3995,85.0695,24.3282,4.77662,0.2875
0.354,16.266,16.266,4.95399,80.5816,85.0695,24.3397,4.95399,0.329167
0.3542,18.0358,18.0358,4.45274,80.3085,85.0695,24.3062,4.45274,0.2875
0.3544,18.8127,18.8127,4.37388,82.2843,85.0695,24.3015,4.37388,0.245833
0.3546,17.8961,17.8961,4.77009,85.3662,85.0695,24.328,4.77009,0.2875
0.3548,16.2647,16.2647,4.96474,80.7498,85.0695,24.3405,4.96474,0.329167
0.355,18.016,18.016,4.45264,80.2188,85.0695,24.306,4.45264,0.2875
0.3552,18.8162,18.8162,4.37162,82.2573,85.0695,24.3012,4.37162,0.245833
0.3554,17.8786,17.8786,4.77662,85.3995,85.0695,24.3282,4.77662,0.2875
0.3556,16.266,16.266,4.95399,80.5816,85.0695,24.3397,4.95399,0.329167
0.3558,18.0358,18.0358,4.45274,80.3085,85.0695,24.3062,4.45274,0.2875
0.356,18.8127,18.8127,4.37388,82.2843,85.0695,24.3015,4.37388,0.245833
0.3562,17.8961,17.8961,4.77009,85.3662,85.0695,24.328,4.77009,0.2875
0.3564,16.2647,16.2647,4.96474,80.7498,85.0695,24.3405,4.96474,0.329167
0.3566,18.016,18.016,4.45264,80.2188,85.0695,24.306,4.45264,0.2875
0.3568,18.8162,18.8162,4.37162,82.2573,85.0695,24.3012,4.37162,0.245833
0.357,17.8786,17.8786,4.77662,85.3995,85.0695,24.3282,4.77662,0.2875
0.3572,16.266,16.266,4.95399,80.5816,85.0695,24.3397,4.95399,0.329167
0.3574,18.0358,18.0358,4.45274,80.3085,85.0695,24.3062,4.45274,0.2875
0.3576,18.8127,18.8127,4.37388,82.2843,85.0695,24.3015,4.37388,0.245833
0.3578,17.8961,17.8961,4.77009,85.3662,85.0695,24.328,4.77009,0.2875
0.358,16.2647,16.2647,4.96474,80.7498,85.0695,24.3405,4.96474,0.329167
0.3582,18.016,18.016,4.45264,80.2188,85.0695,24.306,4.45264,0.2875
0.3584,18.8162,18.8162,4.37162,82.2573,85.0695,24.3012,4.37162,0.245833
0.3586,17.8786,17.8786,4.77662,85.3995,85.0695,24.3282,4.77662,0.2875
0.3588,16.266,16.266,4.95399,80.5816,85.0695,24.3397,4.95399,0.329167
0.359,18.0358,18.0358,4.45274,80.3085,85.0695,24.3062,4.45274,0.2875
0.3592,18.8127,18.8127,4.37388,82.2843,85.0695,24.3015,4.37388,0.245833
0.3594,17.8961,17.8961,4.77009,85.3662,85.0695,24.328,4.77009,0.2875
0.3596,16.2647,16.2647,4.96474,80.7498,85.0695,24.3405,4.96474,0.329167
0.3598,18.016,18.016,4.45264,80.2188,85.0695,24.306,4.45264,0.2875
0.36,18.8162,18.8162,4.37162,82.2573,85.0695,24.3012,4.37162,0.245833
0.3602,17.8786,17.8786,4.77662,85.3995,85.0695,24.3282,4.77662,0.2875
0.3604,16.266,16.266,4.95399,80.5816,85.0695,24.3397,4.95399,0.329167
0.3606,18.0358,18.0358,4.45274,80.3085,85.0695,24.3062,4.45274,0.2875
0.3608,18.8127,18.8127,4.37388,82.2843,85.0695,24.3015,4.37388,0.245833
0.361,17.8961,17.8961,4.77009,85.3662,85.0695,24.328,4.77009,0.2875
0.3612,16.2647,16.2647,4.96474,80.7498,85.0695,24.3405,4.96474,0.329167
0.3614,18.016,18.016,4.45264,80.2188,85.0695,24.306,4.45264,0.2875
0.3616,18.8162,18.8162,4.37162,82.2573,85.0695,24.3012,4.37162,0.245833
0.3618,17.8786,17.8786,4.77662,85.3995,85.0695,24.3282,4.77662,0.2875
0.362,16.266,16.266,4.95399,80.5816,85.0695,24.3397,4.95399,0.329167
0.3622,18.0358,18.0358,4.45274,80.3085,85.0695,24.3062,4.45274,0.2875
0.3624,18.8127,18.8127,4.37388,82.2843,85.0695,24.3015,4.37388,0.245833
0.3626,17.8961,17.8961,4.77009,85.3662,85.0695,24.328,4.77009,0.2875
0.3628,16.2647,16.2647,4.96474,80.7498,85.0695,24.3405,4.96474,0.329167
0.363,18.016,18.016,4.45264,80.2188,85.0695,24.306,4.45264,0.2875
0.3632,18.8162,18.8162,4.37162,82.2573,85.0695,24.3012,4.37162,0.245833
0.3634,17.8786,17.8786,4.77662,85.3995,85.0695,24.3282,4.77662,0.2875
0.3636,16.266,16.266,4.95399,80.5816,85.0695,24.3397,4.95399,0.329167
0.3638,18.0358,18.0358,4.45274,80.3085,85.0695,24.3062,4.45274,0.2875
0.364,18.8127,18.8127,4.37388,82.2843,85.0695,24.3015,4.37388,0.245833
0.3642,17.8961,17.8961,4.77009,85.3662,85.0695,24.328,4.77009,0.2875
0.3644,16.2647,16.2647,4.96474,80.7498,85.0695,24.3405,4.96474,0.329167
0.3646,18.016,18.016,4.45264,80.2188,85.0695,24.306,4.45264,0.2875
0.3648,18.8162,18.8162,4.37162,82.2573,85.0695,24.3012,4.37162,0.245833
0.365,17.8786,17.8786,4.77662,85.3995,85.0695,24.3282,4.77662,0.2875
0.3652,16.266,16.266,4.95399,80.5816,85.0695,24.3397,4.95399,0.329167
0.3654,18.0358,18.0358,4.45274,80.3085,85.0695,24.3062,4.45274,0.2875
0.3656,18.8127,18.8127,4.37388,82.2843,85.0695,24.3015,4.37388,0.245833
0.3658,17.8961,17.8961,4.77009,85.3662,85.0695,24.328,4.77009,0.2875
0.366,16.2647,16.2647,4.96474,80.7498,85.0695,24.3405,4.96474,0.329167
0.3662,18.016,18.016,4.45264,80.2188,85.0695,24.306,4.45264,0.2875
0.3664,18.8162,18.8162,4.37162,82.2573,85.0695,24.3012,4.37162,0.245833
0.3666,17.8786,17.8786,4.77662,85.3995,85.0695,24.3282,4.77662,0.2875
0.3668,16.266,16.266,4.95399,80.5816,85.0695,24.3397,4.95399,0.329167
0.367,18.0358,18.0358,4.45274,80.3085,85.0695,24.3062,4.45274,0.2875
0.3672,18.8127,18.8127,4.37388,82.2843,85.0695,24.3015,4.37388,0.245833
0.3674,17.8961,17.8961,4.77009,85.3662,85.0695,24.328,4.77009,0.2875
0.3676,16.2647,16.2647,4.96474,80.7498,85.0695,24.3405,4.96474,0.329167
0.3678,18.016,18.016,4.45264,80.2188,85.0695,24.306,4.45264,0.2875
0.368,18.8162,18.8162,4.37162,82.2573,85.0695,24.3012,4.37162,0.245833
0.3682,17.8786,17.8786,4.77662,85.3995,85.0695,24.3282,4.77662,0.2875
0.3684,16.266,16.266,4.95399,80.5816,85.0695,24.3397,4.95399,0.329167
0.3686,18.0358,18.0358,4.45274,80.3085,85.0695,24.3062,4.45274,0.2875
0.3688,18.8127,18.8127,4.37388,82.2843,85.0695,24.3015,4.37388,0.245833
0.369,17.8961,17.8961,4.77009,85.3662,85.0695,24.328,4.77009,0.2875
0.3692,16.2647,16.2647,4.96474,80.7498,85.0695,24.3405,4.96474,0.329167
0.3694,18.016,18.016,4.45264,80.2188,85.0695,24.306,4.45264,0.2875
0.3696,18.8162,18.8162,4.37162,82.2573,85.0695,24.3012,4.37162,0.245833
0.3698,17.8786,17.8786,4.77662,85.3995,85.0695,24.3282,4.77662,0.2875
0.37,16.266,16.266,4.95399,80.5816,85.0695,24.3397,4.95399,0.329167
0.3702,18.0358,18.0358,4.45274,80.3085,85.0695,24.3062,4.45274,0.2875
0.3704,18.8127,18.8127,4.37388,82.2843,85.0695,24.3015,4.37388,0.245833
0.3706,17.8961,17.8961,4.77009,85.3662,85.0695,24.328,4.77009,0.2875
0.3708,16.2647,16.2647,4.96474,80.7498,85.0695,24.3405,4.96474,0.329167
0.371,18.016,18.016,4.45264,80.2188,85.0695,24.306,4.45264,0.2875
0.3712,18.8162,18.8162,4.37162,82.2573,85.0695,24.3012,4.37162,0.245833
0.3714,17.8786,17.8786,4.77662,85.3995,85.0695,24.3282,4.77662,0.2875
0.3716,16.266,16.266,4.95399,80.5816,85.0695,24.3397,4.95399,0.329167
0.3718,18.0358,18.0358,4.45274,80.3085,85.0695,24.3062,4.45274,0.2875
0.372,18.8127,18.8127,4.37388,82.2843,85.0695,24.3015,4.37388,0.245833
0.3722,17.8961,17.8961,4.77009,85.3662,85.0695,24.328,4.77009,0.2875
0.3724,16.2647,16.2647,4.96474,80.7498,85.0695,24.3405,4.96474,0.329167
0.3726,18.016,18.016,4.45264,80.2188,85.0695,24.306,4.45264,0.2875
0.3728,18.8162,18.8162,4.37162,82.2573,85.0695,24.3012,4.37162,0.245833
0.373,17.8786,17.8786,4.77662,85.3995,85.0695,24.3282,4.77662,0.2875
0.3732,16.266,16.266,4.95399,80.5816,85.0695,24.3397,4.95399,0.329167
0.3734,18.0358,18.0358,4.45274,80.3085,85.0695,24.3062,4.45274,0.2875
0.3736,18.8127,18.8127,4.37388,82.2843,85.0695,24.3015,4.37388,0.245833
0.3738,17.8961,17.8961,4.77009,85.3662,85.0695,24.328,4.77009,0.2875
0.374,16.2647,16.2647,4.96474,80.7498,85.0695,24.3405,4.96474,0.329167
0.3742,18.016,18.016,4.45264,80.2188,85.0695,24.306,4.45264,0.2875
0.3744,18.8162,18.8162,4.37162,82.2573,85.0695,24.3012,4.37162,0.245833
0.3746,17.8786,17.8786,4.77662,85.3995,85.0695,24.3282,4.77662,0.2875
0.3748,16.266,16.266,4.95399,80.5816,85.0695,24.3397,4.95399,0.329167
0.375,18.0358,18.0358,4.45274,80.3085,85.0695,24.3062,4.45274,0.2875
0.3752,18.8127,18.8127,4.37388,82.2843,85.0695,24.3015,4.37388,0.245833
0.3754,17.8961,17.8961,4.77009,85.3662,85.0695,24.328,4.77009,0.2875
0.3756,16.2647,16.2647,4.96474,80.7498,85.0695,24.3405,4.96474,0.329167
0.3758,18.016,18.016,4.45264,80.2188,85.0695,24.306,4.45264,0.2875
0.376,18.8162,18.8162,4.37162,82.2573,85.0695,24.3012,4.37162,0.245833
0.3762,17.8786,17.8786,4.77662,85.3995,85.0695,24.3282,4.77662,0.2875
0.3764,16.266,16.266,4.95399,80.5816,85.0695,24.3397,4.95399,0.329167
0.3766,18.0358,18.0358,4.45274,80.3085,85.0695,24.3062,4.45274,0.2875
0.3768,18.8127,18.8127,4.37388,82.2843,85.0695,24.3015,4.37388,0.245833
0.377,17.8961,17.8961,4.77009,85.3662,85.0695,24.328,4.77009,0.2875
0.3772,16.2647,16.2647,4.96474,80.7498,85.0695,24.3405,4.96474,0.329167
0.3774,18.016,18.016,4.45264,80.2188,85.0695,24.306,4.45264,0.2875
0.3776,18.8162,18.8162,4.37162,82.2573,85.0695,24.3012,4.37162,0.245833
0.3778,17.8786,17.8786,4.77662,85.3995,85.0695,24.3282,4.77662,0.2875
0.378,16.266,16.266,4.95399,80.5816,85.0695,24.3397,4.95399,0.329167
0.3782,18.0358,18.0358,4.45274,80.3085,85.0695,24.3062,4.45274,0.2875
0.3784,18.8127,18.8127,4.37388,82.2843,85.0695,24.3015,4.37388,0.245833
0.3786,17.8961,17.8961,4.77009,85.3662,85.0695,24.328,4.77009,0.2875
0.3788,16.2647,16.2647,4.96474,80.7498,85.0695,24.3405,4.96474,0.329167
0.379,18.016,18.016,4.45264,80.2188,85.0695,24.306,4.45264,0.2875
0.3792,18.8162,18.8162,4.37162,82.2573,85.0695,24.3012,4.37162,0.245833
0.3794,17.8786,17.8786,4.77662,85.3995,85.0695,24.3282,4.77662,0.2875
0.3796,16.266,16.266,4.95399,80.5816,85.0695,24.3397,4.95399,0.329167
0.3798,18.0358,18.0358,4.45274,80.3085,85.0695,24.3062,4.45274,0.2875
0.38,18.8127,18.8127,4.37388,82.2843,85.0695,24.3015,4.37388,0.245833
0.3802,17.8961,17.8961,4.77009,85.3662,85.0695,24.328,4.77009,0.2875
0.3804,16.2647,16.2647,4.96474,80.7498,85.0695,24.3405,4.96474,0.329167
0.3806,18.016,18.016,4.45264,80.2188,85.0695,24.306,4.45264,0.2875
0.3808,18.8162,18.8162,4.37162,82.2573,85.0695,24.3012,4.37162,0.245833
0.381,17.8786,17.8786,4.77662,85.3995,85.0695,24.3282,4.77662,0.2875
0.3812,16.266,16.266,4.95399,80.5816,85.0695,24.3397,4.95399,0.329167
0.3814,18.0358,18.0358,4.45274,80.3085,85.0695,24.3062,4.45274,0.2875
0.3816,18.8127,18.8127,4.37388,82.2843,85.0695,24.3015,4.37388,0.245833
0.3818,17.8961,17.8961,4.77009,85.3662,85.0695,24.328,4.77009,0.2875
0.382,16.2647,16.2647,4.96474,80.7498,85.0695,24.3405,4.96474,0.329167
0.3822,18.016,18.016,4.45264,80.2188,85.0695,24.306,4.45264,0.2875
0.3824,18.8162,18.8162,4.37162,82.2573,85.0695,24.3012,4.37162,0.245833
0.3826,17.8786,17.8786,4.77662,85.3995,85.0695,24.3282,4.77662,0.2875
0.3828,16.266,16.266,4.95399,80.5816,85.0695,24.3397,4.95399,0.329167
0.383,18.0358,18.0358,4.45274,80.3085,85.0695,24.3062,4.45274,0.2875
0.3832,18.8127,18.8127,4.37388,82.2843,85.0695,24.3015,4.37388,0.245833
0.3834,17.8961,17.8961,4.77009,85.3662,85.0695,24.328,4.77009,0.2875
0.3836,16.2647,16.2647,4.96474,80.7498,85.0695,24.3405,4.96474,0.329167
0.3838,18.016,18.016,4.45264,80.2188,85.0695,24.306,4.45264,0.2875
0.384,18.8162,18.8162,4.37162,82.2573,85.0695,24.3012,4.37162,0.245833
0.3842,17.8786,17.8786,4.77662,85.3995,85.0695,24.3282,4.77662,0.2875
0.3844,16.266,16.266,4.95399,80.5816,85.0695,24.3397,4.95399,0.329167
0.3846,18.0358,18.0358,4.45274,80.3085,85.0695,24.3062,4.45274,0.2875
0.3848,18.8127,18.8127,4.37388,82.2843,85.0695,24.3015,4.37388,0.245833
0.385,17.8961,17.8961,4.77009,85.3662,85.0695,24.328,4.77009,0.2875
0.3852,16.2647,16.2647,4.96474,80.7498,85.0695,24.3405,4.96474,0.329167
0.3854,18.016,18.016,4.45264,80.2188,85.0695,24.306,4.45264,0.2875
0.3856,18.8162,18.8162,4.37162,82.2573,85.0695,24.3012,4.37162,0.245833
0.3858,17.8786,17.8786,4.77662,85.3995,85.0695,24.3282,4.77662,0.2875
0.386,16.266,16.266,4.95399,80.5816,85.0695,24.3397,4.95399,0.329167
0.3862,18.0358,18.0358,4.45274,80.3085,85.0695,24.3062,4.45274,0.2875
0.3864,18.8127,18.8127,4.37388,82.2843,85.0695,24.3015,4.37388,0.245833
0.3866,17.8961,17.8961,4.77009,85.3662,85.0695,24.328,4.77009,0.2875
0.3868,16.2647,16.2647,4.96474,80.7498,85.0695,24.3405,4.96474,0.329167
0.387,18.016,18.016,4.45264,80.2188,85.0695,24.306,4.45264,0.2875
0.3872,18.8162,18.8162,4.37162,82.2573,85.0695,24.3012,4.37162,0.245833
0.3874,17.8786,17.8786,4.77662,85.3995,85.0695,24.3282,4.77662,0.2875
0.3876,16.266,16.266,4.95399,80.5816,85.0695,24.3397,4.95399,0.329167
0.3878,18.0358,18.0358,4.45274,80.3085,85.0695,24.3062,4.45274,0.2875
0.388,18.8127,18.8127,4.37388,82.2843,85.0695,24.3015,4.37388,0.245833
0.3882,17.8961,17.8961,4.77009,85.3662,85.0695,24.328,4.77009,0.2875
0.3884,16.2647,16.2647,4.96474,80.7498,85.0695,24.3405,4.96474,0.329167
0.3886,18.016,18.016,4.45264,80.2188,85.0695,24.306,4.45264,0.2875
0.3888,18.8162,18.8162,4.37162,82.2573,85.0695,24.3012,4.37162,0.245833
0.389,17.8786,17.8786,4.77662,85.3995,85.0695,24.3282,4.77662,0.2875
0.3892,16.266,16.266,4.95399,80.5816,85.0695,24.3397,4.95399,0.329167
0.3894,18.0358,18.0358,4.45274,80.3085,85.0695,24.3062,4.45274,0.2875
0.3896,18.8127,18.8127,4.37388,82.2843,85.0695,24.3015,4.37388,0.245833
0.3898,17.8961,17.8961,4.77009,85.3662,85.0695,24.328,4.77009,0.2875
0.39,16.2647,16.2647,4.96474,80.7498,85.0695,24.3405,4.96474,0.329167
0.3902,18.016,18.016,4.45264,80.2188,85.0695,24.306,4.45264,0.2875
0.3904,18.8162,18.8162,4.37162,82.2573,85.0695,24.3012,4.37162,0.245833
0.3906,17.8786,17.8786,4.77662,85.3995,85.0695,24.3282,4.77662,0.2875
0.3908,16.266,16.266,4.95399,80.5816,85.0695,24.3397,4.95399,0.329167
0.391,18.0358,18.0358,4.45274,80.3085,85.0695,24.3062,4.45274,0.2875
0.3912,18.8127,18.8127,4.37388,82.2843,85.0695,24.3015,4.37388,0.245833
0.3914,17.8961,17.8961,4.77009,85.3662,85.0695,24.328,4.77009,0.2875
0.3916,16.2647,16.2647,4.96474,80.7498,85.0695,24.3405,4.96474,0.329167
0.3918,18.016,18.016,4.45264,80.2188,85.0695,24.306,4.45264,0.2875
0.392,18.8162,18.8162,4.37162,82.2573,85.0695,24.3012,4.37162,0.245833
0.3922,17.8786,17.8786,4.77662,85.3995,85.0695,24.3282,4.77662,0.2875
0.3924,16.266,16.266,4.95399,80.5816,85.0695,24.3397,4.95399,0.329167
0.3926,18.0358,18.0358,4.45274,80.3085,85.0695,24.3062,4.45274,0.2875
0.3928,18.8127,18.8127,4.37388,82.2843,85.0695,24.3015,4.37388,0.245833
0.393,17.8961,17.8961,4.77009,85.3662,85.0695,24.328,4.77009,0.2875
0.3932,16.2647,16.2647,4.96474,80.7498,85.0695,24.3405,4.96474,0.329167
0.3934,18.016,18.016,4.45264,80.2188,85.0695,24.306,4.45264,0.2875
0.3936,18.8162,18.8162,4.37162,82.2573,85.0695,24.3012,4.37162,0.245833
0.3938,17.8786,17.8786,4.77662,85.3995,85.0695,24.3282,4.77662,0.2875
0.394,16.266,16.266,4.95399,80.5816,85.0695,24.3397,4.95399,0.329167
0.3942,18.0358,18.0358,4.45274,80.3085,85.0695,24.3062,4.45274,0.2875
0.3944,18.8127,18.8127,4.37388,82.2843,85.0695,24.3015,4.37388,0.245833
0.3946,17.8961,17.8961,4.77009,85.3662,85.0695,24.328,4.77009,0.2875
0.3948,16.2647,16.2647,4.96474,80.7498,85.0695,24.3405,4.96474,0.329167
0.395,18.016,18.016,4.45264,80.2188,85.0695,24.306,4.45264,0.2875
0.3952,18.8162,18.8162,4.37162,82.2573,85.0695,24.3012,4.37162,0.245833
0.3954,17.8786,17.8786,4.77662,85.3995,85.0695,24.3282,4.77662,0.2875
0.3956,16.266,16.266,4.95399,80.5816,85.0695,24.3397,4.95399,0.329167
0.3958,18.0358,18.0358,4.45274,80.3085,85.0695,24.3062,4.45274,0.2875
0.396,18.8127,18.8127,4.37388,82.2843,85.0695,24.3015,4.37388,0.245833
0.3962,17.8961,17.8961,4.77009,85.3662,85.0695,24.328,4.77009,0.2875
0.3964,16.2647,16.2647,4.96474,80.7498,85.0695,24.3405,4.96474,0.329167
0.3966,18.016,18.016,4.45264,80.2188,85.0695,24.306,4.45264,0.2875
0.3968,18.8162,18.8162,4.37162,82.2573,85.0695,24.3012,4.37162,0.245833
0.397,17.8786,17.8786,4.77662,85.3995,85.0695,24.3282,4.77662,0.2875
0.3972,16.266,16.266,4.95399,80.5816,85.0695,24.3397,4.95399,0.329167
0.3974,18.0358,18.0358,4.45274,80.3085,85.0695,24.3062,4.45274,0.2875
0.3976,18.8127,18.8127,4.37388,82.2843,85.0695,24.3015,4.37388,0.245833
0.3978,17.8961,17.8961,4.77009,85.3662,85.0695,24.328,4.77009,0.2875
0.398,16.2647,16.2647,4.96474,80.7498,85.0695,24.3405,4.96474,0.329167
0.3982,18.016,18.016,4.45264,80.2188,85.0695,24.306,4.45264,0.2875
0.3984,18.8162,18.8162,4.37162,82.2573,85.0695,24.3012,4.37162,0.245833
0.3986,17.8786,17.8786,4.77662,85.3995,85.0695,24.3282,4.77662,0.2875
0.3988,16.266,16.266,4.95399,80.5816,85.0695,24.3397,4.95399,0.329167
0.399,18.0358,18.0358,4.45274,80.3085,85.0695,24.3062,4.45274,0.2875
0.3992,18.8127,18.8127,4.37388,82.2843,85.0695,24.3015,4.37388,0.245833
0.3994,17.8961,17.8961,4.77009,85.3662,85.0695,24.328,4.77009,0.2875
0.3996,16.2647,16.2647,4.96474,80.7498,85.0695,24.3405,4.96474,0.329167
0.3998,18.016,18.016,4.45264,80.2188,85.0695,24.306,4.45264,0.2875
0.4,18.8162,18.8162,4.37162,82.2573,85.0695,24.3012,4.37162,0.245833
0.4002,17.8786,17.8786,4.77662,85.3995,85.0695,24.3282,4.77662,0.2875
0.4004,16.266,16.266,4.95399,80.5816,85.0695,24.3397,4.95399,0.329167
0.4006,18.0358,18.0358,4.45274,80.3085,85.0695,24.3062,4.45274,0.2875
0.4008,18.8127,18.8127,4.37388,82.2843,85.0695,24.3015,4.37388,0.245833
0.401,17.8961,17.8961,4.77009,85.3662,85.0695,24.328,4.77009,0.2875
0.4012,16.2647,16.2647,4.96474,80.7498,85.0695,24.3405,4.96474,0.329167
0.4014,18.016,18.016,4.45264,80.2188,85.0695,24.306,4.45264,0.2875
0.4016,18.8162,18.8162,4.37162,82.2573,85.0695,24.3012,4.37162,0.245833
0.4018,17.8786,17.8786,4.77662,85.3995,85.0695,24.3282,4.77662,0.2875
0.402,16.266,16.266,4.95399,80.5816,85.0695,24.3397,4.95399,0.329167
0.4022,18.0358,18.0358,4.45274,80.3085,85.0695,24.3062,4.45274,0.2875
0.4024,18.8127,18.8127,4.37388,82.2843,85.0695,24.3015,4.37388,0.245833
0.4026,17.8961,17.8961,4.77009,85.3662,85.0695,24.328,4.77009,0.2875
0.4028,16.2647,16.2647,4.96474,80.7498,85.0695,24.3405,4.96474,0.329167
0.403,18.016,18.016,4.45264,80.2188,85.0695,24.306,4.45264,0.2875
0.4032,18.8162,18.8162,4.37162,82.2573,85.0695,24.3012,4.37162,0.245833
0.4034,17.8786,17.8786,4.77662,85.3995,85.0695,24.3282,4.77662,0.2875
0.4036,16.266,16.266,4.95399,80.5816,85.0695,24.3397,4.95399,0.329167
0.4038,18.0358,18.0358,4.45274,80.3085,85.0695,24.3062,4.45274,0.2875
0.404,18.8127,18.8127,4.37388,82.2843,85.0695,24.3015,4.37388,0.245833
0.4042,17.8961,17.8961,4.77009,85.3662,85.0695,24.328,4.77009,0.2875
0.4044,16.2647,16.2647,4.96474,80.7498,85.0695,24.3405,4.96474,0.329167
0.4046,18.016,18.016,4.45264,80.2188,85.0695,24.306,4.45264,0.2875
0.4048,18.8162,18.8162,4.37162,82.2573,85.0695,24.3012,4.37162,0.245833
0.405,17.8786,17.8786,4.77662,85.3995,85.0695,24.3282,4.77662,0.2875
0.4052,16.266,16.266,4.95399,80.5816,85.0695,24.3397,4.95399,0.329167
0.4054,18.0358,18.0358,4.45274,80.3085,85.0695,24.3062,4.45274,0.2875
0.4056,18.8127,18.8127,4.37388,82.2843,85.0695,24.3015,4.37388,0.245833
0.4058,17.8961,17.8961,4.77009,85.3662,85.0695,24.328,4.77009,0.2875
0.406,16.2647,16.2647,4.96474,80.7498,85.0695,24.3405,4.96474,0.329167
0.4062,18.016,18.016,4.45264,80.2188,85.0695,24.306,4.45264,0.2875
0.4064,18.8162,18.8162,4.37162,82.2573,85.0695,24.3012,4.37162,0.245833
0.4066,17.8786,17.8786,4.77662,85.3995,85.0695,24.3282,4.77662,0.2875
0.4068,16.266,16.266,4.95399,80.5816,85.0695,24.3397,4.95399,0.329167
0.407,18.0358,18.0358,4.45274,80.3085,85.0695,24.3062,4.45274,0.2875
0.4072,18.8127,18.8127,4.37388,82.2843,85.0695,24.3015,4.37388,0.245833
0.4074,17.8961,17.8961,4.77009,85.3662,85.0695,24.328,4.77009,0.2875
0.4076,16.2647,16.2647,4.96474,80.7498,85.0695,24.3405,4.96474,0.329167
0.4078,18.016,18.016,4.45264,80.2188,85.0695,24.306,4.45264,0.2875
0.408,18.8162,18.8162,4.37162,82.2573,85.0695,24.3012,4.37162,0.245833
0.4082,17.8786,17.8786,4.77662,85.3995,85.0695,24.3282,4.77662,0.2875
0.4084,16.266,16.266,4.95399,80.5816,85.0695,24.3397,4.95399,0.329167
0.4086,18.0358,18.0358,4.45274,80.3085,85.0695,24.3062,4.45274,0.2875
0.4088,18.8127,18.8127,4.37388,82.2843,85.0695,24.3015,4.37388,0.245833
0.409,17.8961,17.8961,4.77009,85.3662,85.0695,24.328,4.77009,0.2875
0.4092,16.2647,16.2647,4.96474,80.7498,85.0695,24.3405,4.96474,0.329167
0.4094,18.016,18.016,4.45264,80.2188,85.0695,24.306,4.45264,0.2875
0.4096,18.8162,18.8162,4.37162,82.2573,85.0695,24.3012,4.37162,0.245833
0.4098,17.8786,17.8786,4.77662,85.3995,85.0695,24.3282,4.77662,0.2875
0.41,16.266,16.266,4.95399,80.5816,85.0695,24.3397,4.95399,0.329167
0.4102,18.0358,18.0358,4.45274,80.3085,85.0695,24.3062,4.45274,0.2875
0.4104,18.8127,18.8127,4.37388,82.2843,85.0695,24.3015,4.37388,0.245833
0.4106,17.8961,17.8961,4.77009,85.3662,85.0695,24.328,4.77009,0.2875
0.4108,16.2647,16.2647,4.96474,80.7498,85.0695,24.3405,4.96474,0.329167
0.411,18.016,18.016,4.45264,80.2188,85.0695,24.306,4.45264,0.2875
0.4112,18.8162,18.8162,4.37162,82.2573,85.0695,24.3012,4.37162,0.245833
0.4114,17.8786,17.8786,4.77662,85.3995,85.0695,24.3282,4.77662,0.2875
0.4116,16.266,16.266,4.95399,80.5816,85.0695,24.3397,4.95399,0.329167
0.4118,18.0358,18.0358,4.45274,80.3085,85.0695,24.3062,4.45274,0.2875
0.412,18.8127,18.8127,4.37388,82.2843,85.0695,24.3015,4.37388,0.245833
0.4122,17.8961,17.8961,4.77009,85.3662,85.0695,24.328,4.77009,0.2875
0.4124,16.2647,16.2647,4.96474,80.7498,85.0695,24.3405,4.96474,0.329167
0.4126,18.016,18.016,4.45264,80.2188,85.0695,24.306,4.45264,0.2875
0.4128,18.8162,18.8162,4.37162,82.2573,85.0695,24.3012,4.37162,0.245833
0.413,17.8786,17.8786,4.77662,85.3995,85.0695,24.3282,4.77662,0.2875
0.4132,16.266,16.266,4.95399,80.5816,85.0695,24.3397,4.95399,0.329167
0.4134,18.0358,18.0358,4.45274,80.3085,85.0695,24.3062,4.45274,0.2875
0.4136,18.8127,18.8127,4.37388,82.2843,85.0695,24.3015,4.37388,0.245833
0.4138,17.8961,17.8961,4.77009,85.3662,85.0695,24.328,4.77009,0.2875
0.414,16.2647,16.2647,4.96474,80.7498,85.0695,24.3405,4.96474,0.329167
0.4142,18.016,18.016,4.45264,80.2188,85.0695,24.306,4.45264,0.2875
0.4144,18.8162,18.8162,4.37162,82.2573,85.0695,24.3012,4.37162,0.245833
0.4146,17.8786,17.8786,4.77662,85.3995,85.0695,24.3282,4.77662,0.2875
0.4148,16.266,16.266,4.95399,80.5816,85.0695,24.3397,4.95399,0.329167
0.415,18.0358,18.0358,4.45274,80.3085,85.0695,24.3062,4.45274,0.2875
0.4152,18.8127,18.8127,4.37388,82.2843,85.0695,24.3015,4.37388,0.245833
0.4154,17.8961,17.8961,4.77009,85.3662,85.0695,24.328,4.77009,0.2875
0.4156,16.2647,16.2647,4.96474,80.7498,85.0695,24.3405,4.96474,0.329167
0.4158,18.016,18.016,4.45264,80.2188,85.0695,24.306,4.45264,0.2875
0.416,18.8162,18.8162,4.37162,82.2573,85.0695,24.3012,4.37162,0.245833
0.4162,17.8786,17.8786,4.77662,85.3995,85.0695,24.3282,4.77662,0.2875
0.4164,16.266,16.266,4.95399,80.5816,85.0695,24.3397,4.95399,0.329167
0.4166,18.0358,18.0358,4.45274,80.3085,85.0695,24.3062,4.45274,0.2875
0.4168,18.8127,18.8127,4.37388,82.2843,85.0695,24.3015,4.37388,0.245833
0.417,17.8961,17.8961,4.77009,85.3662,85.0695,24.328,4.77009,0.2875
0.4172,16.2647,16.2647,4.96474,80.7498,85.0695,24.3405,4.96474,0.329167
0.4174,18.016,18.016,4.45264,80.2188,85.0695,24.306,4.45264,0.2875
0.4176,18.8162,18.8162,4.37162,82.2573,85.0695,24.3012,4.37162,0.245833
0.4178,17.8786,17.8786,4.77662,85.3995,85.0695,24.3282,4.77662,0.2875
0.418,16.266,16.266,4.95399,80.5816,85.0695,24.3397,4.95399,0.329167
0.4182,18.0358,18.0358,4.45274,80.3085,85.0695,24.3062,4.45274,0.2875
0.4184,18.8127,18.8127,4.37388,82.2843,85.0695,24.3015,4.37388,0.245833
0.4186,17.8961,17.8961,4.77009,85.3662,85.0695,24.328,4.77009,0.2875
0.4188,16.2647,16.2647,4.96474,80.7498,85.0695,24.3405,4.96474,0.329167
0.419,18.016,18.016,4.45264,80.2188,85.0695,24.306,4.45264,0.2875
0.4192,18.8162,18.8162,4.37162,82.2573,85.0695,24.3012,4.37162,0.245833
0.4194,17.8786,17.8786,4.77662,85.3995,85.0695,24.3282,4.77662,0.2875
0.4196,16.266,16.266,4.95399,80.5816,85.0695,24.3397,4.95399,0.329167
0.4198,18.0358,18.0358,4.45274,80.3085,85.0695,24.3062,4.45274,0.2875
0.42,18.8127,18.8127,4.37388,82.2843,85.0695,24.3015,4.37388,0.245833
0.4202,17.8961,17.8961,4.77009,85.3662,85.0695,24.328,4.77009,0.2875
0.4204,16.2647,16.2647,4.96474,80.7498,85.0695,24.3405,4.96474,0.329167
0.4206,18.016,18.016,4.45264,80.2188,85.0695,24.306,4.45264,0.2875
0.4208,18.8162,18.8162,4.37162,82.2573,85.0695,24.3012,4.37162,0.245833
0.421,17.8786,17.8786,4.77662,85.3995,85.0695,24.3282,4.77662,0.2875
0.4212,16.266,16.266,4.95399,80.5816,85.0695,24.3397,4.95399,0.329167
0.4214,18.0358,18.0358,4.45274,80.3085,85.0695,24.3062,4.45274,0.2875
0.4216,18.8127,18.8127,4.37388,82.2843,85.0695,24.3015,4.37388,0.245833
0.4218,17.8961,17.8961,4.77009,85.3662,85.0695,24.328,4.77009,0.2875
0.422,16.2647,16.2647,4.96474,80.7498,85.0695,24.3405,4.96474,0.329167
0.4222,18.016,18.016,4.45264,80.2188,85.0695,24.306,4.45264,0.2875
0.4224,18.8162,18.8162,4.37162,82.2573,85.0695,24.3012,4.37162,0.245833
0.4226,17.8786,17.8786,4.77662,85.3995,85.0695,24.3282,4.77662,0.2875
0.4228,16.266,16.266,4.95399,80.5816,85.0695,24.3397,4.95399,0.329167
0.423,18.0358,18.0358,4.45274,80.3085,85.0695,24.3062,4.45274,0.2875
0.4232,18.8127,18.8127,4.37388,82.2843,85.0695,24.3015,4.37388,0.245833
0.4234,17.8961,17.8961,4.77009,85.3662,85.0695,24.328,4.77009,0.2875
0.4236,16.2647,16.2647,4.96474,80.7498,85.0695,24.3405,4.96474,0.329167
0.4238,18.016,18.016,4.45264,80.2188,85.0695,24.306,4.45264,0.2875
0.424,18.8162,18.8162,4.37162,82.2573,85.0695,24.3012,4.37162,0.245833
0.4242,17.8786,17.8786,4.77662,85.3995,85.0695,24.3282,4.77662,0.2875
0.4244,16.266,16.266,4.95399,80.5816,85.0695,24.3397,4.95399,0.329167
0.4246,18.0358,18.0358,4.45274,80.3085,85.0695,24.3062,4.45274,0.2875
0.4248,18.8127,18.8127,4.37388,82.2843,85.0695,24.3015,4.37388,0.245833
0.425,17.8961,17.8961,4.77009,85.3662,85.0695,24.328,4.77009,0.2875
0.4252,16.2647,16.2647,4.96474,80.7498,85.0695,24.3405,4.96474,0.329167
0.4254,18.016,18.016,4.45264,80.2188,85.0695,24.306,4.45264,0.2875
0.4256,18.8162,18.8162,4.37162,82.2573,85.0695,24.3012,4.37162,0.245833
0.4258,17.8786,17.8786,4.77662,85.3995,85.0695,24.3282,4.77662,0.2875
0.426,16.266,16.266,4.95399,80.5816,85.0695,24.3397,4.95399,0.329167
0.4262,18.0358,18.0358,4.45274,80.3085,85.0695,24.3062,4.45274,0.2875
0.4264,18.8127,18.8127,4.37388,82.2843,85.0695,24.3015,4.37388,0.245833
0.4266,17.8961,17.8961,4.77009,85.3662,85.0695,24.328,4.77009,0.2875
0.4268,16.2647,16.2647,4.96474,80.7498,85.0695,24.3405,4.96474,0.329167
0.427,18.016,18.016,4.45264,80.2188,85.0695,24.306,4.45264,0.2875
0.4272,18.8162,18.8162,4.37162,82.2573,85.0695,24.3012,4.37162,0.245833
0.4274,17.8786,17.8786,4.77662,85.3995,85.0695,24.3282,4.77662,0.2875
0.4276,16.266,16.266,4.95399,80.5816,85.0695,24.3397,4.95399,0.329167
0.4278,18.0358,18.0358,4.45274,80.3085,85.0695,24.3062,4.45274,0.2875
0.428,18.8127,18.8127,4.37388,82.2843,85.0695,24.3015,4.37388,0.245833
0.4282,17.8961,17.8961,4.77009,85.3662,85.0695,24.328,4.77009,0.2875
0.4284,16.2647,16.2647,4.96474,80.7498,85.0695,24.3405,4.96474,0.329167
0.4286,18.016,18.016,4.45264,80.2188,85.0695,24.306,4.45264,0.2875
0.4288,18.8162,18.8162,4.37162,82.2573,85.0695,24.3012,4.37162,0.245833
0.429,17.8786,17.8786,4.77662,85.3995,85.0695,24.3282,4.77662,0.2875
0.4292,16.266,16.266,4.95399,80.5816,85.0695,24.3397,4.95399,0.329167
0.4294,18.0358,18.0358,4.45274,80.3085,85.0695,24.3062,4.45274,0.2875
0.4296,18.8127,18.8127,4.37388,82.2843,85.0695,24.3015,4.37388,0.245833
0.4298,17.8961,17.8961,4.77009,85.3662,85.0695,24.328,4.77009,0.2875
0.43,16.2647,16.2647,4.96474,80.7498,85.0695,24.3405,4.96474,0.329167
0.4302,18.016,18.016,4.45264,80.2188,85.0695,24.306,4.45264,0.2875
0.4304,18.8162,18.8162,4.37162,82.2573,85.0695,24.3012,4.37162,0.245833
0.4306,17.8786,17.8786,4.77662,85.3995,85.0695,24.3282,4.77662,0.2875
0.4308,16.266,16.266,4.95399,80.5816,85.0695,24.3397,4.95399,0.329167
0.431,18.0358,18.0358,4.45274,80.3085,85.0695,24.3062,4.45274,0.2875
0.4312,18.8127,18.8127,4.37388,82.2843,85.0695,24.3015,4.37388,0.245833
0.4314,17.8961,17.8961,4.77009,85.3662,85.0695,24.328,4.77009,0.2875
0.4316,16.2647,16.2647,4.96474,80.7498,85.0695,24.3405,4.96474,0.329167
0.4318,18.016,18.016,4.45264,80.2188,85.0695,24.306,4.45264,0.2875
0.432,18.8162,18.8162,4.37162,82.2573,85.0695,24.3012,4.37162,0.245833
0.4322,17.8786,17.8786,4.77662,85.3995,85.0695,24.3282,4.77662,0.2875
0.4324,16.266,16.266,4.95399,80.5816,85.0695,24.3397,4.95399,0.329167
0.4326,18.0358,18.0358,4.45274,80.3085,85.0695,24.3062,4.45274,0.2875
0.4328,18.8127,18.8127,4.37388,82.2843,85.0695,24.3015,4.37388,0.245833
0.433,17.8961,17.8961,4.77009,85.3662,85.0695,24.328,4.77009,0.2875
0.4332,16.2647,16.2647,4.96474,80.7498,85.0695,24.3405,4.96474,0.329167
0.4334,18.016,18.016,4.45264,80.2188,85.0695,24.306,4.45264,0.2875
0.4336,18.8162,18.8162,4.37162,82.2573,85.0695,24.3012,4.37162,0.245833
0.4338,17.8786,17.8786,4.77662,85.3995,85.0695,24.3282,4.77662,0.2875
0.434,16.266,16.266,4.95399,80.5816,85.0695,24.3397,4.95399,0.329167
0.4342,18.0358,18.0358,4.45274,80.3085,85.0695,24.3062,4.45274,0.2875
0.4344,18.8127,18.8127,4.37388,82.2843,85.0695,24.3015,4.37388,0.245833
0.4346,17.8961,17.8961,4.77009,85.3662,85.0695,24.328,4.77009,0.2875
0.4348,16.2647,16.2647,4.96474,80.7498,85.0695,24.3405,4.96474,0.329167
0.435,18.016,18.016,4.45264,80.2188,85.0695,24.306,4.45264,0.2875
0.4352,18.8162,18.8162,4.37162,82.2573,85.0695,24.3012,4.37162,0.245833
0.4354,17.8786,17.8786,4.77662,85.3995,85.0695,24.3282,4.77662,0.2875
0.4356,16.266,16.266,4.95399,80.5816,85.0695,24.3397,4.95399,0.329167
0.4358,18.0358,18.0358,4.45274,80.3085,85.0695,24.3062,4.45274,0.2875
0.436,18.8127,18.8127,4.37388,82.2843,85.0695,24.3015,4.37388,0.245833
0.4362,17.8961,17.8961,4.77009,85.3662,85.0695,24.328,4.77009,0.2875
0.4364,16.2647,16.2647,4.96474,80.7498,85.0695,24.3405,4.96474,0.329167
0.4366,18.016,18.016,4.45264,80.2188,85.0695,24.306,4.45264,0.2875
0.4368,18.8162,18.8162,4.37162,82.2573,85.0695,24.3012,4.37162,0.245833
0.437,17.8786,17.8786,4.77662,85.3995,85.0695,24.3282,4.77662,0.2875
0.4372,16.266,16.266,4.95399,80.5816,85.0695,24.3397,4.95399,0.329167
0.4374,18.0358,18.0358,4.45274,80.3085,85.0695,24.3062,4.45274,0.2875
0.4376,18.8127,18.8127,4.37388,82.2843,85.0695,24.3015,4.37388,0.245833
0.4378,17.8961,17.8961,4.77009,85.3662,85.0695,24.328,4.77009,0.2875
0.438,16.2647,16.2647,4.96474,80.7498,85.0695,24.3405,4.96474,0.329167
0.4382,18.016,18.016,4.45264,80.2188,85.0695,24.306,4.45264,0.2875
0.4384,18.8162,18.8162,4.37162,82.2573,85.0695,24.3012,4.37162,0.245833
0.4386,17.8786,17.8786,4.77662,85.3995,85.0695,24.3282,4.77662,0.2875
0.4388,16.266,16.266,4.95399,80.5816,85.0695,24.3397,4.95399,0.329167
0.439,18.0358,18.0358,4.45274,80.3085,85.0695,24.3062,4.45274,0.2875
0.4392,18.8127,18.8127,4.37388,82.2843,85.0695,24.3015,4.37388,0.245833
0.4394,17.8961,17.8961,4.77009,85.3662,85.0695,24.328,4.77009,0.2875
0.4396,16.2647,16.2647,4.96474,80.7498,85.0695,24.3405,4.96474,0.329167
0.4398,18.016,18.016,4.45264,80.2188,85.0695,24.306,4.45264,0.2875
0.44,18.8162,18.8162,4.37162,82.2573,85.0695,24.3012,4.37162,0.245833
0.4402,17.8786,17.8786,4.77662,85.3995,85.0695,24.3282,4.77662,0.2875
0.4404,16.266,16.266,4.95399,80.5816,85.0695,24.3397,4.95399,0.329167
0.4406,18.0358,18.0358,4.45274,80.3085,85.0695,24.3062,4.45274,0.2875
0.4408,18.8127,18.8127,4.37388,82.2843,85.0695,24.3015,4.37388,0.245833
0.441,17.8961,17.8961,4.77009,85.3662,85.0695,24.328,4.77009,0.2875
0.4412,16.2647,16.2647,4.96474,80.7498,85.0695,24.3405,4.96474,0.329167
0.4414,18.016,18.016,4.45264,80.2188,85.0695,24.306,4.45264,0.2875
0.4416,18.8162,18.8162,4.37162,82.2573,85.0695,24.3012,4.37162,0.245833
0.4418,17.8786,17.8786,4.77662,85.3995,85.0695,24.3282,4.77662,0.2875
0.442,16.266,16.266,4.95399,80.5816,85.0695,24.3397,4.95399,0.329167
0.4422,18.0358,18.0358,4.45274,80.3085,85.0695,24.3062,4.45274,0.2875
0.4424,18.8127,18.8127,4.37388,82.2843,85.0695,24.3015,4.37388,0.245833
0.4426,17.8961,17.8961,4.77009,85.3662,85.0695,24.328,4.77009,0.2875
0.4428,16.2647,16.2647,4.96474,80.7498,85.0695,24.3405,4.96474,0.329167
0.443,18.016,18.016,4.45264,80.2188,85.0695,24.306,4.45264,0.2875
0.4432,18.8162,18.8162,4.37162,82.2573,85.0695,24.3012,4.37162,0.245833
0.4434,17.8786,17.8786,4.77662,85.3995,85.0695,24.3282,4.77662,0.2875
0.4436,16.266,16.266,4.95399,80.5816,85.0695,24.3397,4.95399,0.329167
0.4438,18.0358,18.0358,4.45274,80.3085,85.0695,24.3062,4.45274,0.2875
0.444,18.8127,18.8127,4.37388,82.2843,85.0695,24.3015,4.37388,0.245833
0.4442,17.8961,17.8961,4.77009,85.3662,85.0695,24.328,4.77009,0.2875
0.4444,16.2647,16.2647,4.96474,80.7498,85.0695,24.3405,4.96474,0.329167
0.4446,18.016,18.016,4.45264,80.2188,85.0695,24.306,4.45264,0.2875
0.4448,18.8162,18.8162,4.37162,82.2573,85.0695,24.3012,4.37162,0.245833
0.445,17.8786,17.8786,4.77662,85.3995,85.0695,24.3282,4.77662,0.2875
0.4452,16.266,16.266,4.95399,80.5816,85.0695,24.3397,4.95399,0.329167
0.4454,18.0358,18.0358,4.45274,80.3085,85.0695,24.3062,4.45274,0.2875
0.4456,18.8127,18.8127,4.37388,82.2843,85.0695,24.3015,4.37388,0.245833
0.4458,17.8961,17.8961,4.77009,85.3662,85.0695,24.328,4.77009,0.2875
0.446,16.2647,16.2647,4.96474,80.7498,85.0695,24.3405,4.96474,0.329167
0.4462,18.016,18.016,4.45264,80.2188,85.0695,24.306,4.45264,0.2875
0.4464,18.8162,18.8162,4.37162,82.2573,85.0695,24.3012,4.37162,0.245833
0.4466,17.8786,17.8786,4.77662,85.3995,85.0695,24.3282,4.77662,0.2875
0.4468,16.266,16.266,4.95399,80.5816,85.0695,24.3397,4.95399,0.329167
0.447,18.0358,18.0358,4.45274,80.3085,85.0695,24.3062,4.45274,0.2875
0.4472,18.8127,18.8127,4.37388,82.2843,85.0695,24.3015,4.37388,0.245833
0.4474,17.8961,17.8961,4.77009,85.3662,85.0695,24.328,4.77009,0.2875
0.4476,16.2647,16.2647,4.96474,80.7498,85.0695,24.3405,4.96474,0.329167
0.4478,18.016,18.016,4.45264,80.2188,85.0695,24.306,4.45264,0.2875
0.448,18.8162,18.8162,4.37162,82.2573,85.0695,24.3012,4.37162,0.245833
0.4482,17.8786,17.8786,4.77662,85.3995,85.0695,24.3282,4.77662,0.2875
0.4484,16.266,16.266,4.95399,80.5816,85.0695,24.3397,4.95399,0.329167
0.4486,18.0358,18.0358,4.45274,80.3085,85.0695,24.3062,4.45274,0.2875
0.4488,18.8127,18.8127,4.37388,82.2843,85.0695,24.3015,4.37388,0.245833
0.449,17.8961,17.8961,4.77009,85.3662,85.0695,24.328,4.77009,0.2875
0.4492,16.2647,16.2647,4.96474,80.7498,85.0695,24.3405,4.96474,0.329167
0.4494,18.016,18.016,4.45264,80.2188,85.0695,24.306,4.45264,0.2875
0.4496,18.8162,18.8162,4.37162,82.2573,85.0695,24.3012,4.37162,0.245833
0.4498,17.8786,17.8786,4.77662,85.3995,85.0695,24.3282,4.77662,0.2875
0.45,16.266,16.266,4.95399,80.5816,85.0695,24.3397,4.95399,0.329167
0.4502,18.0358,18.0358,4.45274,80.3085,85.0695,24.3062,4.45274,0.2875
0.4504,18.8127,18.8127,4.37388,82.2843,85.0695,24.3015,4.37388,0.245833
0.4506,17.8961,17.8961,4.77009,85.3662,85.0695,24.328,4.77009,0.2875
0.4508,16.2647,16.2647,4.96474,80.7498,85.0695,24.3405,4.96474,0.329167
0.451,18.016,18.016,4.45264,80.2188,85.0695,24.306,4.45264,0.2875
0.4512,18.8162,18.8162,4.37162,82.2573,85.0695,24.3012,4.37162,0.245833
0.4514,17.8786,17.8786,4.77662,85.3995,85.0695,24.3282,4.77662,0.2875
0.4516,16.266,16.266,4.95399,80.5816,85.0695,24.3397,4.95399,0.329167
0.4518,18.0358,18.0358,4.45274,80.3085,85.0695,24.3062,4.45274,0.2875
0.452,18.8127,18.8127,4.37388,82.2843,85.0695,24.3015,4.37388,0.245833
0.4522,17.8961,17.8961,4.77009,85.3662,85.0695,24.328,4.77009,0.2875
0.4524,16.2647,16.2647,4.96474,80.7498,85.0695,24.3405,4.96474,0.329167
0.4526,18.016,18.016,4.45264,80.2188,85.0695,24.306,4.45264,0.2875
0.4528,18.8162,18.8162,4.37162,82.2573,85.0695,24.3012,4.37162,0.245833
0.453,17.8786,17.8786,4.77662,85.3995,85.0695,24.3282,4.77662,0.2875
0.4532,16.266,16.266,4.95399,80.5816,85.0695,24.3397,4.95399,0.329167
0.4534,18.0358,18.0358,4.45274,80.3085,85.0695,24.3062,4.45274,0.2875
0.4536,18.8127,18.8127,4.37388,82.2843,85.0695,24.3015,4.37388,0.245833
0.4538,17.8961,17.8961,4.77009,85.3662,85.0695,24.328,4.77009,0.2875
0.454,16.2647,16.2647,4.96474,80.7498,85.0695,24.3405,4.96474,0.329167
0.4542,18.016,18.016,4.45264,80.2188,85.0695,24.306,4.45264,0.2875
0.4544,18.8162,18.8162,4.37162,82.2573,85.0695,24.3012,4.37162,0.245833
0.4546,17.8786,17.8786,4.77662,85.3995,85.0695,24.3282,4.77662,0.2875
0.4548,16.266,16.266,4.95399,80.5816,85.0695,24.3397,4.95399,0.329167
0.455,18.0358,18.0358,4.45274,80.3085,85.0695,24.3062,4.45274,0.2875
0.4552,18.8127,18.8127,4.37388,82.2843,85.0695,24.3015,4.37388,0.245833
0.4554,17.8961,17.8961,4.77009,85.3662,85.0695,24.328,4.77009,0.2875
0.4556,16.2647,16.2647,4.96474,80.7498,85.0695,24.3405,4.96474,0.329167
0.4558,18.016,18.016,4.45264,80.2188,85.0695,24.306,4.45264,0.2875
0.456,18.8162,18.8162,4.37162,82.2573,85.0695,24.3012,4.37162,0.245833
0.4562,17.8786,17.8786,4.77662,85.3995,85.0695,24.3282,4.77662,0.2875
0.4564,16.266,16.266,4.95399,80.5816,85.0695,24.3397,4.95399,0.329167
0.4566,18.0358,18.0358,4.45274,80.3085,85.0695,24.3062,4.45274,0.2875
0.4568,18.8127,18.8127,4.37388,82.2843,85.0695,24.3015,4.37388,0.245833
0.457,17.8961,17.8961,4.77009,85.3662,85.0695,24.328,4.77009,0.2875
0.4572,16.2647,16.2647,4.96474,80.7498,85.0695,24.3405,4.96474,0.329167
0.4574,18.016,18.016,4.45264,80.2188,85.0695,24.306,4.45264,0.2875
0.4576,18.8162,18.8162,4.37162,82.2573,85.0695,24.3012,4.37162,0.245833
0.4578,17.8786,17.8786,4.77662,85.3995,85.0695,24.3282,4.77662,0.2875
0.458,16.266,16.266,4.95399,80.5816,85.0695,24.3397,4.95399,0.329167
0.4582,18.0358,18.0358,4.45274,80.3085,85.0695,24.3062,4.45274,0.2875
0.4584,18.8127,18.8127,4.37388,82.2843,85.0695,24.3015,4.37388,0.245833
0.4586,17.8961,17.8961,4.77009,85.3662,85.0695,24.328,4.77009,0.2875
0.4588,16.2647,16.2647,4.96474,80.7498,85.0695,24.3405,4.96474,0.329167
0.459,18.016,18.016,4.45264,80.2188,85.0695,24.306,4.45264,0.2875
0.4592,18.8162,18.8162,4.37162,82.2573,85.0695,24.3012,4.37162,0.245833
0.4594,17.8786,17.8786,4.77662,85.3995,85.0695,24.3282,4.77662,0.2875
0.4596,16.266,16.266,4.95399,80.5816,85.0695,24.3397,4.95399,0.329167
0.4598,18.0358,18.0358,4.45274,80.3085,85.0695,24.3062,4.45274,0.2875
0.46,18.8127,18.8127,4.37388,82.2843,85.0695,24.3015,4.37388,0.245833
0.4602,17.8961,17.8961,4.77009,85.3662,85.0695,24.328,4.77009,0.2875
0.4604,16.2647,16.2647,4.96474,80.7498,85.0695,24.3405,4.96474,0.329167
0.4606,18.016,18.016,4.45264,80.2188,85.0695,24.306,4.45264,0.2875
0.4608,18.8162,18.8162,4.37162,82.2573,85.0695,24.3012,4.37162,0.245833
0.461,17.8786,17.8786,4.77662,85.3995,85.0695,24.3282,4.77662,0.2875
0.4612,16.266,16.266,4.95399,80.5816,85.0695,24.3397,4.95399,0.329167
0.4614,18.0358,18.0358,4.45274,80.3085,85.0695,24.3062,4.45274,0.2875
0.4616,18.8127,18.8127,4.37388,82.2843,85.0695,24.3015,4.37388,0.245833
0.4618,17.8961,17.8961,4.77009,85.3662,85.0695,24.328,4.77009,0.2875
0.462,16.2647,16.2647,4.96474,80.7498,85.0695,24.3405,4.96474,0.329167
0.4622,18.016,18.016,4.45264,80.2188,85.0695,24.306,4.45264,0.2875
0.4624,18.8162,18.8162,4.37162,82.2573,85.0695,24.3012,4.37162,0.245833
0.4626,17.8786,17.8786,4.77662,85.3995,85.0695,24.3282,4.77662,0.2875
0.4628,16.266,16.266,4.95399,80.5816,85.0695,24.3397,4.95399,0.329167
0.463,18.0358,18.0358,4.45274,80.3085,85.0695,24.3062,4.45274,0.2875
0.4632,18.8127,18.8127,4.37388,82.2843,85.0695,24.3015,4.37388,0.245833
0.4634,17.8961,17.8961,4.77009,85.3662,85.0695,24.328,4.77009,0.2875
0.4636,16.2647,16.2647,4.96474,80.7498,85.0695,24.3405,4.96474,0.329167
0.4638,18.016,18.016,4.45264,80.2188,85.0695,24.306,4.45264,0.2875
0.464,18.8162,18.8162,4.37162,82.2573,85.0695,24.3012,4.37162,0.245833
0.4642,17.8786,17.8786,4.77662,85.3995,85.0695,24.3282,4.77662,0.2875
0.4644,16.266,16.266,4.95399,80.5816,85.0695,24.3397,4.95399,0.329167
0.4646,18.0358,18.0358,4.45274,80.3085,85.0695,24.3062,4.45274,0.2875
0.4648,18.8127,18.8127,4.37388,82.2843,85.0695,24.3015,4.37388,0.245833
0.465,17.8961,17.8961,4.77009,85.3662,85.0695,24.328,4.77009,0.2875
0.4652,16.2647,16.2647,4.96474,80.7498,85.0695,24.3405,4.96474,0.329167
0.4654,18.016,18.016,4.45264,80.2188,85.0695,24.306,4.45264,0.2875
0.4656,18.8162,18.8162,4.37162,82.2573,85.0695,24.3012,4.37162,0.245833
0.4658,17.8786,17.8786,4.77662,85.3995,85.0695,24.3282,4.77662,0.2875
0.466,16.266,16.266,4.95399,80.5816,85.0695,24.3397,4.95399,0.329167
0.4662,18.0358,18.0358,4.45274,80.3085,85.0695,24.3062,4.45274,0.2875
0.4664,18.8127,18.8127,4.37388,82.2843,85.0695,24.3015,4.37388,0.245833
0.4666,17.8961,17.8961,4.77009,85.3662,85.0695,24.328,4.77009,0.2875
0.4668,16.2647,16.2647,4.96474,80.7498,85.0695,24.3405,4.96474,0.329167
0.467,18.016,18.016,4.45264,80.2188,85.0695,24.306,4.45264,0.2875
0.4672,18.8162,18.8162,4.37162,82.2573,85.0695,24.3012,4.37162,0.245833
0.4674,17.8786,17.8786,4.77662,85.3995,85.0695,24.3282,4.77662,0.2875
0.4676,16.266,16.266,4.95399,80.5816,85.0695,24.3397,4.95399,0.329167
0.4678,18.0358,18.0358,4.45274,80.3085,85.0695,24.3062,4.45274,0.2875
0.468,18.8127,18.8127,4.37388,82.2843,85.0695,24.3015,4.37388,0.245833
0.4682,17.8961,17.8961,4.77009,85.3662,85.0695,24.328,4.77009,0.2875
0.4684,16.2647,16.2647,4.96474,80.7498,85.0695,24.3405,4.96474,0.329167
0.4686,18.016,18.016,4.45264,80.2188,85.0695,24.306,4.45264,0.2875
0.4688,18.8162,18.8162,4.37162,82.2573,85.0695,24.3012,4.37162,0.245833
0.469,17.8786,17.8786,4.77662,85.3995,85.0695,24.3282,4.77662,0.2875
0.4692,16.266,16.266,4.95399,80.5816,85.0695,24.3397,4.95399,0.329167
0.4694,18.0358,18.0358,4.45274,80.3085,85.0695,24.3062,4.45274,0.2875
0.4696,18.8127,18.8127,4.37388,82.2843,85.0695,24.3015,4.37388,0.245833
0.4698,17.8961,17.8961,4.77009,85.3662,85.0695,24.328,4.77009,0.2875
0.47,16.2647,16.2647,4.96474,80.7498,85.0695,24.3405,4.96474,0.329167
0.4702,18.016,18.016,4.45264,80.2188,85.0695,24.306,4.45264,0.2875
0.4704,18.8162,18.8162,4.37162,82.2573,85.0695,24.3012,4.37162,0.245833
0.4706,17.8786,17.8786,4.77662,85.3995,85.0695,24.3282,4.77662,0.2875
0.4708,16.266,16.266,4.95399,80.5816,85.0695,24.3397,4.95399,0.329167
0.471,18.0358,18.0358,4.45274,80.3085,85.0695,24.3062,4.45274,0.2875
0.4712,18.8127,18.8127,4.37388,82.2843,85.0695,24.3015,4.37388,0.245833
0.4714,17.8961,17.8961,4.77009,85.3662,85.0695,24.328,4.77009,0.2875
0.4716,16.2647,16.2647,4.96474,80.7498,85.0695,24.3405,4.96474,0.329167
0.4718,18.016,18.016,4.45264,80.2188,85.0695,24.306,4.45264,0.2875
0.472,18.8162,18.8162,4.37162,82.2573,85.0695,24.3012,4.37162,0.245833
0.4722,17.8786,17.8786,4.77662,85.3995,85.0695,24.3282,4.77662,0.2875
0.4724,16.266,16.266,4.95399,80.5816,85.0695,24.3397,4.95399,0.329167
0.4726,18.0358,18.0358,4.45274,80.3085,85.0695,24.3062,4.45274,0.2875
0.4728,18.8127,18.8127,4.37388,82.2843,85.0695,24.3015,4.37388,0.245833
0.473,17.8961,17.8961,4.77009,85.3662,85.0695,24.328,4.77009,0.2875
0.4732,16.2647,16.2647,4.96474,80.7498,85.0695,24.3405,4.96474,0.329167
0.4734,18.016,18.016,4.45264,80.2188,85.0695,24.306,4.45264,0.2875
0.4736,18.8162,18.8162,4.37162,82.2573,85.0695,24.3012,4.37162,0.245833
0.4738,17.8786,17.8786,4.77662,85.3995,85.0695,24.3282,4.77662,0.2875
0.474,16.266,16.266,4.95399,80.5816,85.0695,24.3397,4.95399,0.329167
0.4742,18.0358,18.0358,4.45274,80.3085,85.0695,24.3062,4.45274,0.2875
0.4744,18.8127,18.8127,4.37388,82.2843,85.0695,24.3015,4.37388,0.245833
0.4746,17.8961,17.8961,4.77009,85.3662,85.0695,24.328,4.77009,0.2875
0.4748,16.2647,16.2647,4.96474,80.7498,85.0695,24.3405,4.96474,0.329167
0.475,18.016,18.016,4.45264,80.2188,85.0695,24.306,4.45264,0.2875
0.4752,18.8162,18.8162,4.37162,82.2573,85.0695,24.3012,4.37162,0.245833
0.4754,17.8786,17.8786,4.77662,85.3995,85.0695,24.3282,4.77662,0.2875
0.4756,16.266,16.266,4.95399,80.5816,85.0695,24.3397,4.95399,0.329167
0.4758,18.0358,18.0358,4.45274,80.3085,85.0695,24.3062,4.45274,0.2875
0.476,18.8127,18.8127,4.37388,82.2843,85.0695,24.3015,4.37388,0.245833
0.4762,17.8961,17.8961,4.77009,85.3662,85.0695,24.328,4.77009,0.2875
0.4764,16.2647,16.2647,4.96474,80.7498,85.0695,24.3405,4.96474,0.329167
0.4766,18.016,18.016,4.45264,80.2188,85.0695,24.306,4.45264,0.2875
0.4768,18.8162,18.8162,4.37162,82.2573,85.0695,24.3012,4.37162,0.245833
0.477,17.8786,17.8786,4.77662,85.3995,85.0695,24.3282,4.77662,0.2875
0.4772,16.266,16.266,4.95399,80.5816,85.0695,24.3397,4.95399,0.329167
0.4774,18.0358,18.0358,4.45274,80.3085,85.0695,24.3062,4.45274,0.2875
0.4776,18.8127,18.8127,4.37388,82.2843,85.0695,24.3015,4.37388,0.245833
0.4778,17.8961,17.8961,4.77009,85.3662,85.0695,24.328,4.77009,0.2875
0.478,16.2647,16.2647,4.96474,80.7498,85.0695,24.3405,4.96474,0.329167
0.4782,18.016,18.016,4.45264,80.2188,85.0695,24.306,4.45264,0.2875
0.4784,18.8162,18.8162,4.37162,82.2573,85.0695,24.3012,4.37162,0.245833
0.4786,17.8786,17.8786,4.77662,85.3995,85.0695,24.3282,4.77662,0.2875
0.4788,16.266,16.266,4.95399,80.5816,85.0695,24.3397,4.95399,0.329167
0.479,18.0358,18.0358,4.45274,80.3085,85.0695,24.3062,4.45274,0.2875
0.4792,18.8127,18.8127,4.37388,82.2843,85.0695,24.3015,4.37388,0.245833
0.4794,17.8961,17.8961,4.77009,85.3662,85.0695,24.328,4.77009,0.2875
0.4796,16.2647,16.2647,4.96474,80.7498,85.0695,24.3405,4.96474,0.329167
0.4798,18.016,18.016,4.45264,80.2188,85.0695,24.306,4.45264,0.2875
0.48,18.8162,18.8162,4.37162,82.2573,85.0695,24.3012,4.37162,0.245833
0.4802,17.8786,17.8786,4.77662,85.3995,85.0695,24.3282,4.77662,0.2875
0.4804,16.266,16.266,4.95399,80.5816,85.0695,24.3397,4.95399,0.329167
0.4806,18.0358,18.0358,4.45274,80.3085,85.0695,24.3062,4.45274,0.2875
0.4808,18.8127,18.8127,4.37388,82.2843,85.0695,24.3015,4.37388,0.245833
0.481,17.8961,17.8961,4.77009,85.3662,85.0695,24.328,4.77009,0.2875
0.4812,16.2647,16.2647,4.96474,80.7498,85.0695,24.3405,4.96474,0.329167
0.4814,18.016,18.016,4.45264,80.2188,85.0695,24.306,4.45264,0.2875
0.4816,18.8162,18.8162,4.37162,82.2573,85.0695,24.3012,4.37162,0.245833
0.4818,17.8786,17.8786,4.77662,85.3995,85.0695,24.3282,4.77662,0.2875
0.482,16.266,16.266,4.95399,80.5816,85.0695,24.3397,4.95399,0.329167
0.4822,18.0358,18.0358,4.45274,80.3085,85.0695,24.3062,4.45274,0.2875
0.4824,18.8127,18.8127,4.37388,82.2843,85.0695,24.3015,4.37388,0.245833
0.4826,17.8961,17.8961,4.77009,85.3662,85.0695,24.328,4.77009,0.2875
0.4828,16.2647,16.2647,4.96474,80.7498,85.0695,24.3405,4.96474,0.329167
0.483,18.016,18.016,4.45264,80.2188,85.0695,24.306,4.45264,0.2875
0.4832,18.8162,18.8162,4.37162,82.2573,85.0695,24.3012,4.37162,0.245833
0.4834,17.8786,17.8786,4.77662,85.3995,85.0695,24.3282,4.77662,0.2875
0.4836,16.266,16.266,4.95399,80.5816,85.0695,24.3397,4.95399,0.329167
0.4838,18.0358,18.0358,4.45274,80.3085,85.0695,24.3062,4.45274,0.2875
0.484,18.8127,18.8127,4.37388,82.2843,85.0695,24.3015,4.37388,0.245833
0.4842,17.8961,17.8961,4.77009,85.3662,85.0695,24.328,4.77009,0.2875
0.4844,16.2647,16.2647,4.96474,80.7498,85.0695,24.3405,4.96474,0.329167
0.4846,18.016,18.016,4.45264,80.2188,85.0695,24.306,4.45264,0.2875
0.4848,18.8162,18.8162,4.37162,82.2573,85.0695,24.3012,4.37162,0.245833
0.485,17.8786,17.8786,4.77662,85.3995,85.0695,24.3282,4.77662,0.2875
0.4852,16.266,16.266,4.95399,80.5816,85.0695,24.3397,4.95399,0.329167
0.4854,18.0358,18.0358,4.45274,80.3085,85.0695,24.3062,4.45274,0.2875
0.4856,18.8127,18.8127,4.37388,82.2843,85.0695,24.3015,4.37388,0.245833
0.4858,17.8961,17.8961,4.77009,85.3662,85.0695,24.328,4.77009,0.2875
0.486,16.2647,16.2647,4.96474,80.7498,85.0695,24.3405,4.96474,0.329167
0.4862,18.016,18.016,4.45264,80.2188,85.0695,24.306,4.45264,0.2875
0.4864,18.8162,18.8162,4.37162,82.2573,85.0695,24.3012,4.37162,0.245833
0.4866,17.8786,17.8786,4.77662,85.3995,85.0695,24.3282,4.77662,0.2875
0.4868,16.266,16.266,4.95399,80.5816,85.0695,24.3397,4.95399,0.329167
0.487,18.0358,18.0358,4.45274,80.3085,85.0695,24.3062,4.45274,0.2875
0.4872,18.8127,18.8127,4.37388,82.2843,85.0695,24.3015,4.37388,0.245833
0.4874,17.8961,17.8961,4.77009,85.3662,85.0695,24.328,4.77009,0.2875
0.4876,16.2647,16.2647,4.96474,80.7498,85.0695,24.3405,4.96474,0.329167
0.4878,18.016,18.016,4.45264,80.2188,85.0695,24.306,4.45264,0.2875
0.488,18.8162,18.8162,4.37162,82.2573,85.0695,24.3012,4.37162,0.245833
0.4882,17.8786,17.8786,4.77662,85.3995,85.0695,24.3282,4.77662,0.2875
0.4884,16.266,16.266,4.95399,80.5816,85.0695,24.3397,4.95399,0.329167
0.4886,18.0358,18.0358,4.45274,80.3085,85.0695,24.3062,4.45274,0.2875
0.4888,18.8127,18.8127,4.37388,82.2843,85.0695,24.3015,4.37388,0.245833
0.489,17.8961,17.8961,4.77009,85.3662,85.0695,24.328,4.77009,0.2875
0.4892,16.2647,16.2647,4.96474,80.7498,85.0695,24.3405,4.96474,0.329167
0.4894,18.016,18.016,4.45264,80.2188,85.0695,24.306,4.45264,0.2875
0.4896,18.8162,18.8162,4.37162,82.2573,85.0695,24.3012,4.37162,0.245833
0.4898,17.8786,17.8786,4.77662,85.3995,85.0695,24.3282,4.77662,0.2875
0.49,16.266,16.266,4.95399,80.5816,85.0695,24.3397,4.95399,0.329167
0.4902,18.0358,18.0358,4.45274,80.3085,85.0695,24.3062,4.45274,0.2875
0.4904,18.8127,18.8127,4.37388,82.2843,85.0695,24.3015,4.37388,0.245833
0.4906,17.8961,17.8961,4.77009,85.3662,85.0695,24.328,4.77009,0.2875
0.4908,16.2647,16.2647,4.96474,80.7498,85.0695,24.3405,4.96474,0.329167
0.491,18.016,18.016,4.45264,80.2188,85.0695,24.306,4.45264,0.2875
0.4912,18.8162,18.8162,4.37162,82.2573,85.0695,24.3012,4.37162,0.245833
0.4914,17.8786,17.8786,4.77662,85.3995,85.0695,24.3282,4.77662,0.2875
0.4916,16.266,16.266,4.95399,80.5816,85.0695,24.3397,4.95399,0.329167
0.4918,18.0358,18.0358,4.45274,80.3085,85.0695,24.3062,4.45274,0.2875
0.492,18.8127,18.8127,4.37388,82.2843,85.0695,24.3015,4.37388,0.245833
0.4922,17.8961,17.8961,4.77009,85.3662,85.0695,24.328,4.77009,0.2875
0.4924,16.2647,16.2647,4.96474,80.7498,85.0695,24.3405,4.96474,0.329167
0.4926,18.016,18.016,4.45264,80.2188,85.0695,24.306,4.45264,0.2875
0.4928,18.8162,18.8162,4.37162,82.2573,85.0695,24.3012,4.37162,0.245833
0.493,17.8786,17.8786,4.77662,85.3995,85.0695,24.3282,4.77662,0.2875
0.4932,16.266,16.266,4.95399,80.5816,85.0695,24.3397,4.95399,0.329167
0.4934,18.0358,18.0358,4.45274,80.3085,85.0695,24.3062,4.45274,0.2875
0.4936,18.8127,18.8127,4.37388,82.2843,85.0695,24.3015,4.37388,0.245833
0.4938,17.8961,17.8961,4.77009,85.3662,85.0695,24.328,4.77009,0.2875
0.494,16.2647,16.2647,4.96474,80.7498,85.0695,24.3405,4.96474,0.329167
0.4942,18.016,18.016,4.45264,80.2188,85.0695,24.306,4.45264,0.2875
0.4944,18.8162,18.8162,4.37162,82.2573,85.0695,24.3012,4.37162,0.245833
0.4946,17.8786,17.8786,4.77662,85.3995,85.0695,24.3282,4.77662,0.2875
0.4948,16.266,16.266,4.95399,80.5816,85.0695,24.3397,4.95399,0.329167
0.495,18.0358,18.0358,4.45274,80.3085,85.0695,24.3062,4.45274,0.2875
0.4952,18.8127,18.8127,4.37388,82.2843,85.0695,24.3015,4.37388,0.245833
0.4954,17.8961,17.8961,4.77009,85.3662,85.0695,24.328,4.77009,0.2875
0.4956,16.2647,16.2647,4.96474,80.7498,85.0695,24.3405,4.96474,0.329167
0.4958,18.016,18.016,4.45264,80.2188,85.0695,24.306,4.45264,0.2875
0.496,18.8162,18.8162,4.37162,82.2573,85.0695,24.3012,4.37162,0.245833
0.4962,17.8786,17.8786,4.77662,85.3995,85.0695,24.3282,4.77662,0.2875
0.4964,16.266,16.266,4.95399,80.5816,85.0695,24.3397,4.95399,0.329167
0.4966,18.0358,18.0358,4.45274,80.3085,85.0695,24.3062,4.45274,0.2875
0.4968,18.8127,18.8127,4.37388,82.2843,85.0695,24.3015,4.37388,0.245833
0.497,17.8961,17.8961,4.77009,85.3662,85.0695,24.328,4.77009,0.2875
0.4972,16.2647,16.2647,4.96474,80.7498,85.0695,24.3405,4.96474,0.329167
0.4974,18.016,18.016,4.45264,80.2188,85.0695,24.306,4.45264,0.2875
0.4976,18.8162,18.8162,4.37162,82.2573,85.0695,24.3012,4.37162,0.245833
0.4978,17.8786,17.8786,4.77662,85.3995,85.0695,24.3282,4.77662,0.2875
0.498,16.266,16.266,4.95399,80.5816,85.0695,24.3397,4.95399,0.329167
0.4982,18.0358,18.0358,4.45274,80.3085,85.0695,24.3062,4.45274,0.2875
0.4984,18.8127,18.8127,4.37388,82.2843,85.0695,24.3015,4.37388,0.245833
0.4986,17.8961,17.8961,4.77009,85.3662,85.0695,24.328,4.77009,0.2875
0.4988,16.2647,16.2647,4.96474,80.7498,85.0695,24.3405,4.96474,0.329167
0.499,18.016,18.016,4.45264,80.2188,85.0695,24.306,4.45264,0.2875
0.4992,18.8162,18.8162,4.37162,82.2573,85.0695,24.3012,4.37162,0.245833
0.4994,17.8786,17.8786,4.77662,85.3995,85.0695,24.3282,4.77662,0.2875
0.4996,16.266,16.266,4.95399,80.5816,85.0695,24.3397,4.95399,0.329167
0.4998,18.0358,18.0358,4.45274,80.3085,85.0695,24.3062,4.45274,0.2875
0.5,18.8127,18.8127,4.37388,82.2843,85.0695,24.3015,4.37388,0.245833
0.5002,17.8961,17.8961,4.77009,85.3662,85.0695,24.328,4.77009,0.2875
0.5004,16.2647,16.2647,4.96474,80.7498,85.0695,24.3405,4.96474,0.329167
0.5006,18.016,18.016,4.45264,80.2188,85.0695,24.306,4.45264,0.2875
0.5008,18.8162,18.8162,4.37162,82.2573,85.0695,24.3012,4.37162,0.245833
0.501,17.8786,17.8786,4.77662,85.3995,85.0695,24.3282,4.77662,0.2875
0.5012,16.266,16.266,4.95399,80.5816,85.0695,24.3397,4.95399,0.329167
0.5014,18.0358,18.0358,4.45274,80.3085,85.0695,24.3062,4.45274,0.2875
0.5016,18.8127,18.8127,4.37388,82.2843,85.0695,24.3015,4.37388,0.245833
0.5018,17.8961,17.8961,4.77009,85.3662,85.0695,24.328,4.77009,0.2875
0.502,16.2647,16.2647,4.96474,80.7498,85.0695,24.3405,4.96474,0.329167
0.5022,18.016,18.016,4.45264,80.2188,85.0695,24.306,4.45264,0.2875
0.5024,18.8162,18.8162,4.37162,82.2573,85.0695,24.3012,4.37162,0.245833
0.5026,17.8786,17.8786,4.77662,85.3995,85.0695,24.3282,4.77662,0.2875
0.5028,16.266,16.266,4.95399,80.5816,85.0695,24.3397,4.95399,0.329167
0.503,18.0358,18.0358,4.45274,80.3085,85.0695,24.3062,4.45274,0.2875
0.5032,18.8127,18.8127,4.37388,82.2843,85.0695,24.3015,4.37388,0.245833
0.5034,17.8961,17.8961,4.77009,85.3662,85.0695,24.328,4.77009,0.2875
0.5036,16.2647,16.2647,4.96474,80.7498,85.0695,24.3405,4.96474,0.329167
0.5038,18.016,18.016,4.45264,80.2188,85.0695,24.306,4.45264,0.2875
0.504,18.8162,18.8162,4.37162,82.2573,85.0695,24.3012,4.37162,0.245833
0.5042,17.8786,17.8786,4.77662,85.3995,85.0695,24.3282,4.77662,0.2875
0.5044,16.266,16.266,4.95399,80.5816,85.0695,24.3397,4.95399,0.329167
0.5046,18.0358,18.0358,4.45274,80.3085,85.0695,24.3062,4.45274,0.2875
0.5048,18.8127,18.8127,4.37388,82.2843,85.0695,24.3015,4.37388,0.245833
0.505,17.8961,17.8961,4.77009,85.3662,85.0695,24.328,4.77009,0.2875
0.5052,16.2647,16.2647,4.96474,80.7498,85.0695,24.3405,4.96474,0.329167
0.5054,18.016,18.016,4.45264,80.2188,85.0695,24.306,4.45264,0.2875
0.5056,18.8162,18.8162,4.37162,82.2573,85.0695,24.3012,4.37162,0.245833
0.5058,17.8786,17.8786,4.77662,85.3995,85.0695,24.3282,4.77662,0.2875
0.506,16.266,16.266,4.95399,80.5816,85.0695,24.3397,4.95399,0.329167
0.5062,18.0358,18.0358,4.45274,80.3085,85.0695,24.3062,4.45274,0.2875
0.5064,18.8127,18.8127,4.37388,82.2843,85.0695,24.3015,4.37388,0.245833
0.5066,17.8961,17.8961,4.77009,85.3662,85.0695,24.328,4.77009,0.2875
0.5068,16.2647,16.2647,4.96474,80.7498,85.0695,24.3405,4.96474,0.329167
0.507,18.016,18.016,4.45264,80.2188,85.0695,24.306,4.45264,0.2875
0.5072,18.8162,18.8162,4.37162,82.2573,85.0695,24.3012,4.37162,0.245833
0.5074,17.8786,17.8786,4.77662,85.3995,85.0695,24.3282,4.77662,0.2875
0.5076,16.266,16.266,4.95399,80.5816,85.0695,24.3397,4.95399,0.329167
0.5078,18.0358,18.0358,4.45274,80.3085,85.0695,24.3062,4.45274,0.2875
0.508,18.8127,18.8127,4.37388,82.2843,85.0695,24.3015,4.37388,0.245833
0.5082,17.8961,17.8961,4.77009,85.3662,85.0695,24.328,4.77009,0.2875
0.5084,16.2647,16.2647,4.96474,80.7498,85.0695,24.3405,4.96474,0.329167
0.5086,18.016,18.016,4.45264,80.2188,85.0695,24.306,4.45264,0.2875
0.5088,18.8162,18.8162,4.37162,82.2573,85.0695,24.3012,4.37162,0.245833
0.509,17.8786,17.8786,4.77662,85.3995,85.0695,24.3282,4.77662,0.2875
0.5092,16.266,16.266,4.95399,80.5816,85.0695,24.3397,4.95399,0.329167
0.5094,18.0358,18.0358,4.45274,80.3085,85.0695,24.3062,4.45274,0.2875
0.5096,18.8127,18.8127,4.37388,82.2843,85.0695,24.3015,4.37388,0.245833
0.5098,17.8961,17.8961,4.77009,85.3662,85.0695,24.328,4.77009,0.2875
0.51,16.2647,16.2647,4.96474,80.7498,85.0695,24.3405,4.96474,0.329167
0.5102,18.016,18.016,4.45264,80.2188,85.0695,24.306,4.45264,0.2875
0.5104,18.8162,18.8162,4.37162,82.2573,85.0695,24.3012,4.37162,0.245833
0.5106,17.8786,17.8786,4.77662,85.3995,85.0695,24.3282,4.77662,0.2875
0.5108,16.266,16.266,4.95399,80.5816,85.0695,24.3397,4.95399,0.329167
0.511,18.0358,18.0358,4.45274,80.3085,85.0695,24.3062,4.45274,0.2875
0.5112,18.8127,18.8127,4.37388,82.2843,85.0695,24.3015,4.37388,0.245833
0.5114,17.8961,17.8961,4.77009,85.3662,85.0695,24.328,4.77009,0.2875
0.5116,16.2647,16.2647,4.96474,80.7498,85.0695,24.3405,4.96474,0.329167
0.5118,18.016,18.016,4.45264,80.2188,85.0695,24.306,4.45264,0.2875
0.512,18.8162,18.8162,4.37162,82.2573,85.0695,24.3012,4.37162,0.245833
0.5122,17.8786,17.8786,4.77662,85.3995,85.0695,24.3282,4.77662,0.2875
0.5124,16.266,16.266,4.95399,80.5816,85.0695,24.3397,4.95399,0.329167
0.5126,18.0358,18.0358,4.45274,80.3085,85.0695,24.3062,4.45274,0.2875
0.5128,18.8127,18.8127,4.37388,82.2843,85.0695,24.3015,4.37388,0.245833
0.513,17.8961,17.8961,4.77009,85.3662,85.0695,24.328,4.77009,0.2875
0.5132,16.2647,16.2647,4.96474,80.7498,85.0695,24.3405,4.96474,0.329167
0.5134,18.016,18.016,4.45264,80.2188,85.0695,24.306,4.45264,0.2875
0.5136,18.8162,18.8162,4.37162,82.2573,85.0695,24.3012,4.37162,0.245833
0.5138,17.8786,17.8786,4.77662,85.3995,85.0695,24.3282,4.77662,0.2875
0.514,16.266,16.266,4.95399,80.5816,85.0695,24.3397,4.95399,0.329167
0.5142,18.0358,18.0358,4.45274,80.3085,85.0695,24.3062,4.45274,0.2875
0.5144,18.8127,18.8127,4.37388,82.2843,85.0695,24.3015,4.37388,0.245833
0.5146,17.8961,17.8961,4.77009,85.3662,85.0695,24.328,4.77009,0.2875
0.5148,16.2647,16.2647,4.96474,80.7498,85.0695,24.3405,4.96474,0.329167
0.515,18.016,18.016,4.45264,80.2188,85.0695,24.306,4.45264,0.2875
0.5152,18.8162,18.8162,4.37162,82.2573,85.0695,24.3012,4.37162,0.245833
0.5154,17.8786,17.8786,4.77662,85.3995,85.0695,24.3282,4.77662,0.2875
0.5156,16.266,16.266,4.95399,80.5816,85.0695,24.3397,4.95399,0.329167
0.5158,18.0358,18.0358,4.45274,80.3085,85.0695,24.3062,4.45274,0.2875
0.516,18.8127,18.8127,4.37388,82.2843,85.0695,24.3015,4.37388,0.245833
0.5162,17.8961,17.8961,4.77009,85.3662,85.0695,24.328,4.77009,0.2875
0.5164,16.2647,16.2647,4.96474,80.7498,85.0695,24.3405,4.96474,0.329167
0.5166,18.016,18.016,4.45264,80.2188,85.0695,24.306,4.45264,0.2875
0.5168,18.8162,18.8162,4.37162,82.2573,85.0695,24.3012,4.37162,0.245833
0.517,17.8786,17.8786,4.77662,85.3995,85.0695,24.3282,4.77662,0.2875
0.5172,16.266,16.266,4.95399,80.5816,85.0695,24.3397,4.95399,0.329167
0.5174,18.0358,18.0358,4.45274,80.3085,85.0695,24.3062,4.45274,0.2875
0.5176,18.8127,18.8127,4.37388,82.2843,85.0695,24.3015,4.37388,0.245833
0.5178,17.8961,17.8961,4.77009,85.3662,85.0695,24.328,4.77009,0.2875
0.518,16.2647,16.2647,4.96474,80.7498,85.0695,24.3405,4.96474,0.329167
0.5182,18.016,18.016,4.45264,80.2188,85.0695,24.306,4.45264,0.2875
0.5184,18.8162,18.8162,4.37162,82.2573,85.0695,24.3012,4.37162,0.245833
0.5186,17.8786,17.8786,4.77662,85.3995,85.0695,24.3282,4.77662,0.2875
0.5188,16.266,16.266,4.95399,80.5816,85.0695,24.3397,4.95399,0.329167
0.519,18.0358,18.0358,4.45274,80.3085,85.0695,24.3062,4.45274,0.2875
0.5192,18.8127,18.8127,4.37388,82.2843,85.0695,24.3015,4.37388,0.245833
0.5194,17.8961,17.8961,4.77009,85.3662,85.0695,24.328,4.77009,0.2875
0.5196,16.2647,16.2647,4.96474,80.7498,85.0695,24.3405,4.96474,0.329167
0.5198,18.016,18.016,4.45264,80.2188,85.0695,24.306,4.45264,0.2875
0.52,18.8162,18.8162,4.37162,82.2573,85.0695,24.3012,4.37162,0.245833
0.5202,17.8786,17.8786,4.77662,85.3995,85.0695,24.3282,4.77662,0.2875
0.5204,16.266,16.266,4.95399,80.5816,85.0695,24.3397,4.95399,0.329167
0.5206,18.0358,18.0358,4.45274,80.3085,85.0695,24.3062,4.45274,0.2875
0.5208,18.8127,18.8127,4.37388,82.2843,85.0695,24.3015,4.37388,0.245833
0.521,17.8961,17.8961,4.77009,85.3662,85.0695,24.328,4.77009,0.2875
0.5212,16.2647,16.2647,4.96474,80.7498,85.0695,24.3405,4.96474,0.329167
0.5214,18.016,18.016,4.45264,80.2188,85.0695,24.306,4.45264,0.2875
0.5216,18.8162,18.8162,4.37162,82.2573,85.0695,24.3012,4.37162,0.245833
0.5218,17.8786,17.8786,4.77662,85.3995,85.0695,24.3282,4.77662,0.2875
0.522,16.266,16.266,4.95399,80.5816,85.0695,24.3397,4.95399,0.329167
0.5222,18.0358,18.0358,4.45274,80.3085,85.0695,24.3062,4.45274,0.2875
0.5224,18.8127,18.8127,4.37388,82.2843,85.0695,24.3015,4.37388,0.245833
0.5226,17.8961,17.8961,4.77009,85.3662,85.0695,24.328,4.77009,0.2875
0.5228,16.2647,16.2647,4.96474,80.7498,85.0695,24.3405,4.96474,0.329167
0.523,18.016,18.016,4.45264,80.2188,85.0695,24.306,4.45264,0.2875
0.5232,18.8162,18.8162,4.37162,82.2573,85.0695,24.3012,4.37162,0.245833
0.5234,17.8786,17.8786,4.77662,85.3995,85.0695,24.3282,4.77662,0.2875
0.5236,16.266,16.266,4.95399,80.5816,85.0695,24.3397,4.95399,0.329167
0.5238,18.0358,18.0358,4.45274,80.3085,85.0695,24.3062,4.45274,0.2875
0.524,18.8127,18.8127,4.37388,82.2843,85.0695,24.3015,4.37388,0.245833
0.5242,17.8961,17.8961,4.77009,85.3662,85.0695,24.328,4.77009,0.2875
0.5244,16.2647,16.2647,4.96474,80.7498,85.0695,24.3405,4.96474,0.329167
0.5246,18.016,18.016,4.45264,80.2188,85.0695,24.306,4.45264,0.2875
0.5248,18.8162,18.8162,4.37162,82.2573,85.0695,24.3012,4.37162,0.245833
0.525,17.8786,17.8786,4.77662,85.3995,85.0695,24.3282,4.77662,0.2875
0.5252,16.266,16.266,4.95399,80.5816,85.0695,24.3397,4.95399,0.329167
0.5254,18.0358,18.0358,4.45274,80.3085,85.0695,24.3062,4.45274,0.2875
0.5256,18.8127,18.8127,4.37388,82.2843,85.0695,24.3015,4.37388,0.245833
0.5258,17.8961,17.8961,4.77009,85.3662,85.0695,24.328,4.77009,0.2875
0.526,16.2647,16.2647,4.96474,80.7498,85.0695,24.3405,4.96474,0.329167
0.5262,18.016,18.016,4.45264,80.2188,85.0695,24.306,4.45264,0.2875
0.5264,18.8162,18.8162,4.37162,82.2573,85.0695,24.3012,4.37162,0.245833
0.5266,17.8786,17.8786,4.77662,85.3995,85.0695,24.3282,4.77662,0.2875
0.5268,16.266,16.266,4.95399,80.5816,85.0695,24.3397,4.95399,0.329167
0.527,18.0358,18.0358,4.45274,80.3085,85.0695,24.3062,4.45274,0.2875
0.5272,18.8127,18.8127,4.37388,82.2843,85.0695,24.3015,4.37388,0.245833
0.5274,17.8961,17.8961,4.77009,85.3662,85.0695,24.328,4.77009,0.2875
0.5276,16.2647,16.2647,4.96474,80.7498,85.0695,24.3405,4.96474,0.329167
0.5278,18.016,18.016,4.45264,80.2188,85.0695,24.306,4.45264,0.2875
0.528,18.8162,18.8162,4.37162,82.2573,85.0695,24.3012,4.37162,0.245833
0.5282,17.8786,17.8786,4.77662,85.3995,85.0695,24.3282,4.77662,0.2875
0.5284,16.266,16.266,4.95399,80.5816,85.0695,24.3397,4.95399,0.329167
0.5286,18.0358,18.0358,4.45274,80.3085,85.0695,24.3062,4.45274,0.2875
0.5288,18.8127,18.8127,4.37388,82.2843,85.0695,24.3015,4.37388,0.245833
0.529,17.8961,17.8961,4.77009,85.3662,85.0695,24.328,4.77009,0.2875
0.5292,16.2647,16.2647,4.96474,80.7498,85.0695,24.3405,4.96474,0.329167
0.5294,18.016,18.016,4.45264,80.2188,85.0695,24.306,4.45264,0.2875
0.5296,18.8162,18.8162,4.37162,82.2573,85.0695,24.3012,4.37162,0.245833
0.5298,17.8786,17.8786,4.77662,85.3995,85.0695,24.3282,4.77662,0.2875
0.53,16.266,16.266,4.95399,80.5816,85.0695,24.3397,4.95399,0.329167
0.5302,18.0358,18.0358,4.45274,80.3085,85.0695,24.3062,4.45274,0.2875
0.5304,18.8127,18.8127,4.37388,82.2843,85.0695,24.3015,4.37388,0.245833
0.5306,17.8961,17.8961,4.77009,85.3662,85.0695,24.328,4.77009,0.2875
0.5308,16.2647,16.2647,4.96474,80.7498,85.0695,24.3405,4.96474,0.329167
0.531,18.016,18.016,4.45264,80.2188,85.0695,24.306,4.45264,0.2875
0.5312,18.8162,18.8162,4.37162,82.2573,85.0695,24.3012,4.37162,0.245833
0.5314,17.8786,17.8786,4.77662,85.3995,85.0695,24.3282,4.77662,0.2875
0.5316,16.266,16.266,4.95399,80.5816,85.0695,24.3397,4.95399,0.329167
0.5318,18.0358,18.0358,4.45274,80.3085,85.0695,24.3062,4.45274,0.2875
0.532,18.8127,18.8127,4.37388,82.2843,85.0695,24.3015,4.37388,0.245833
0.5322,17.8961,17.8961,4.77009,85.3662,85.0695,24.328,4.77009,0.2875
0.5324,16.2647,16.2647,4.96474,80.7498,85.0695,24.3405,4.96474,0.329167
0.5326,18.016,18.016,4.45264,80.2188,85.0695,24.306,4.45264,0.2875
0.5328,18.8162,18.8162,4.37162,82.2573,85.0695,24.3012,4.37162,0.245833
0.533,17.8786,17.8786,4.77662,85.3995,85.0695,24.3282,4.77662,0.2875
0.5332,16.266,16.266,4.95399,80.5816,85.0695,24.3397,4.95399,0.329167
0.5334,18.0358,18.0358,4.45274,80.3085,85.0695,24.3062,4.45274,0.2875
0.5336,18.8127,18.8127,4.37388,82.2843,85.0695,24.3015,4.37388,0.245833
0.5338,17.8961,17.8961,4.77009,85.3662,85.0695,24.328,4.77009,0.2875
0.534,16.2647,16.2647,4.96474,80.7498,85.0695,24.3405,4.96474,0.329167
0.5342,18.016,18.016,4.45264,80.2188,85.0695,24.306,4.45264,0.2875
0.5344,18.8162,18.8162,4.37162,82.2573,85.0695,24.3012,4.37162,0.245833
0.5346,17.8786,17.8786,4.77662,85.3995,85.0695,24.3282,4.77662,0.2875
0.5348,16.266,16.266,4.95399,80.5816,85.0695,24.3397,4.95399,0.329167
0.535,18.0358,18.0358,4.45274,80.3085,85.0695,24.3062,4.45274,0.2875
0.5352,18.8127,18.8127,4.37388,82.2843,85.0695,24.3015,4.37388,0.245833
0.5354,17.8961,17.8961,4.77009,85.3662,85.0695,24.328,4.77009,0.2875
0.5356,16.2647,16.2647,4.96474,80.7498,85.0695,24.3405,4.96474,0.329167
0.5358,18.016,18.016,4.45264,80.2188,85.0695,24.306,4.45264,0.2875
0.536,18.8162,18.8162,4.37162,82.2573,85.0695,24.3012,4.37162,0.245833
0.5362,17.8786,17.8786,4.77662,85.3995,85.0695,24.3282,4.77662,0.2875
0.5364,16.266,16.266,4.95399,80.5816,85.0695,24.3397,4.95399,0.329167
0.5366,18.0358,18.0358,4.45274,80.3085,85.0695,24.3062,4.45274,0.2875
0.5368,18.8127,18.8127,4.37388,82.2843,85.0695,24.3015,4.37388,0.245833
0.537,17.8961,17.8961,4.77009,85.3662,85.0695,24.328,4.77009,0.2875
0.5372,16.2647,16.2647,4.96474,80.7498,85.0695,24.3405,4.96474,0.329167
0.5374,18.016,18.016,4.45264,80.2188,85.0695,24.306,4.45264,0.2875
0.5376,18.8162,18.8162,4.37162,82.2573,85.0695,24.3012,4.37162,0.245833
0.5378,17.8786,17.8786,4.77662,85.3995,85.0695,24.3282,4.77662,0.2875
0.538,16.266,16.266,4.95399,80.5816,85.0695,24.3397,4.95399,0.329167
0.5382,18.0358,18.0358,4.45274,80.3085,85.0695,24.3062,4.45274,0.2875
0.5384,18.8127,18.8127,4.37388,82.2843,85.0695,24.3015,4.37388,0.245833
0.5386,17.8961,17.8961,4.77009,85.3662,85.0695,24.328,4.77009,0.2875
0.5388,16.2647,16.2647,4.96474,80.7498,85.0695,24.3405,4.96474,0.329167
0.539,18.016,18.016,4.45264,80.2188,85.0695,24.306,4.45264,0.2875
0.5392,18.8162,18.8162,4.37162,82.2573,85.0695,24.3012,4.37162,0.245833
0.5394,17.8786,17.8786,4.77662,85.3995,85.0695,24.3282,4.77662,0.2875
0.5396,16.266,16.266,4.95399,80.5816,85.0695,24.3397,4.95399,0.329167
0.5398,18.0358,18.0358,4.45274,80.3085,85.0695,24.3062,4.45274,0.2875
0.54,18.8127,18.8127,4.37388,82.2843,85.0695,24.3015,4.37388,0.245833
0.5402,17.8961,17.8961,4.77009,85.3662,85.0695,24.328,4.77009,0.2875
0.5404,16.2647,16.2647,4.96474,80.7498,85.0695,24.3405,4.96474,0.329167
0.5406,18.016,18.016,4.45264,80.2188,85.0695,24.306,4.45264,0.2875
0.5408,18.8162,18.8162,4.37162,82.2573,85.0695,24.3012,4.37162,0.245833
0.541,17.8786,17.8786,4.77662,85.3995,85.0695,24.3282,4.77662,0.2875
0.5412,16.266,16.266,4.95399,80.5816,85.0695,24.3397,4.95399,0.329167
0.5414,18.0358,18.0358,4.45274,80.3085,85.0695,24.3062,4.45274,0.2875
0.5416,18.8127,18.8127,4.37388,82.2843,85.0695,24.3015,4.37388,0.245833
0.5418,17.8961,17.8961,4.77009,85.3662,85.0695,24.328,4.77009,0.2875
0.542,16.2647,16.2647,4.96474,80.7498,85.0695,24.3405,4.96474,0.329167
0.5422,18.016,18.016,4.45264,80.2188,85.0695,24.306,4.45264,0.2875
0.5424,18.8162,18.8162,4.37162,82.2573,85.0695,24.3012,4.37162,0.245833
0.5426,17.8786,17.8786,4.77662,85.3995,85.0695,24.3282,4.77662,0.2875
0.5428,16.266,16.266,4.95399,80.5816,85.0695,24.3397,4.95399,0.329167
0.543,18.0358,18.0358,4.45274,80.3085,85.0695,24.3062,4.45274,0.2875
0.5432,18.8127,18.8127,4.37388,82.2843,85.0695,24.3015,4.37388,0.245833
0.5434,17.8961,17.8961,4.77009,85.3662,85.0695,24.328,4.77009,0.2875
0.5436,16.2647,16.2647,4.96474,80.7498,85.0695,24.3405,4.96474,0.329167
0.5438,18.016,18.016,4.45264,80.2188,85.0695,24.306,4.45264,0.2875
0.544,18.8162,18.8162,4.37162,82.2573,85.0695,24.3012,4.37162,0.245833
0.5442,17.8786,17.8786,4.77662,85.3995,85.0695,24.3282,4.77662,0.2875
0.5444,16.266,16.266,4.95399,80.5816,85.0695,24.3397,4.95399,0.329167
0.5446,18.0358,18.0358,4.45274,80.3085,85.0695,24.3062,4.45274,0.2875
0.5448,18.8127,18.8127,4.37388,82.2843,85.0695,24.3015,4.37388,0.245833
0.545,17.8961,17.8961,4.77009,85.3662,85.0695,24.328,4.77009,0.2875
0.5452,16.2647,16.2647,4.96474,80.7498,85.0695,24.3405,4.96474,0.329167
0.5454,18.016,18.016,4.45264,80.2188,85.0695,24.306,4.45264,0.2875
0.5456,18.8162,18.8162,4.37162,82.2573,85.0695,24.3012,4.37162,0.245833
0.5458,17.8786,17.8786,4.77662,85.3995,85.0695,24.3282,4.77662,0.2875
0.546,16.266,16.266,4.95399,80.5816,85.0695,24.3397,4.95399,0.329167
0.5462,18.0358,18.0358,4.45274,80.3085,85.0695,24.3062,4.45274,0.2875
0.5464,18.8127,18.8127,4.37388,82.2843,85.0695,24.3015,4.37388,0.245833
0.5466,17.8961,17.8961,4.77009,85.3662,85.0695,24.328,4.77009,0.2875
0.5468,16.2647,16.2647,4.96474,80.7498,85.0695,24.3405,4.96474,0.329167
0.547,18.016,18.016,4.45264,80.2188,85.0695,24.306,4.45264,0.2875
0.5472,18.8162,18.8162,4.37162,82.2573,85.0695,24.3012,4.37162,0.245833
0.5474,17.8786,17.8786,4.77662,85.3995,85.0695,24.3282,4.77662,0.2875
0.5476,16.266,16.266,4.95399,80.5816,85.0695,24.3397,4.95399,0.329167
0.5478,18.0358,18.0358,4.45274,80.3085,85.0695,24.3062,4.45274,0.2875
0.548,18.8127,18.8127,4.37388,82.2843,85.0695,24.3015,4.37388,0.245833
0.5482,17.8961,17.8961,4.77009,85.3662,85.0695,24.328,4.77009,0.2875
0.5484,16.2647,16.2647,4.96474,80.7498,85.0695,24.3405,4.96474,0.329167
0.5486,18.016,18.016,4.45264,80.2188,85.0695,24.306,4.45264,0.2875
0.5488,18.8162,18.8162,4.37162,82.2573,85.0695,24.3012,4.37162,0.245833
0.549,17.8786,17.8786,4.77662,85.3995,85.0695,24.3282,4.77662,0.2875
0.5492,16.266,16.266,4.95399,80.5816,85.0695,24.3397,4.95399,0.329167
0.5494,18.0358,18.0358,4.45274,80.3085,85.0695,24.3062,4.45274,0.2875
0.5496,18.8127,18.8127,4.37388,82.2843,85.0695,24.3015,4.37388,0.245833
0.5498,17.8961,17.8961,4.77009,85.3662,85.0695,24.328,4.77009,0.2875
0.55,16.2647,16.2647,4.96474,80.7498,85.0695,24.3405,4.96474,0.329167
0.5502,18.016,18.016,4.45264,80.2188,85.0695,24.306,4.45264,0.2875
0.5504,18.8162,18.8162,4.37162,82.2573,85.0695,24.3012,4.37162,0.245833
0.5506,17.8786,17.8786,4.77662,85.3995,85.0695,24.3282,4.77662,0.2875
0.5508,16.266,16.266,4.95399,80.5816,85.0695,24.3397,4.95399,0.329167
0.551,18.0358,18.0358,4.45274,80.3085,85.0695,24.3062,4.45274,0.2875
0.5512,18.8127,18.8127,4.37388,82.2843,85.0695,24.3015,4.37388,0.245833
0.5514,17.8961,17.8961,4.77009,85.3662,85.0695,24.328,4.77009,0.2875
0.5516,16.2647,16.2647,4.96474,80.7498,85.0695,24.3405,4.96474,0.329167
0.5518,18.016,18.016,4.45264,80.2188,85.0695,24.306,4.45264,0.2875
0.552,18.8162,18.8162,4.37162,82.2573,85.0695,24.3012,4.37162,0.245833
0.5522,17.8786,17.8786,4.77662,85.3995,85.0695,24.3282,4.77662,0.2875
0.5524,16.266,16.266,4.95399,80.5816,85.0695,24.3397,4.95399,0.329167
0.5526,18.0358,18.0358,4.45274,80.3085,85.0695,24.3062,4.45274,0.2875
0.5528,18.8127,18.8127,4.37388,82.2843,85.0695,24.3015,4.37388,0.245833
0.553,17.8961,17.8961,4.77009,85.3662,85.0695,24.328,4.77009,0.2875
0.5532,16.2647,16.2647,4.96474,80.7498,85.0695,24.3405,4.96474,0.329167
0.5534,18.016,18.016,4.45264,80.2188,85.0695,24.306,4.45264,0.2875
0.5536,18.8162,18.8162,4.37162,82.2573,85.0695,24.3012,4.37162,0.245833
0.5538,17.8786,17.8786,4.77662,85.3995,85.0695,24.3282,4.77662,0.2875
0.554,16.266,16.266,4.95399,80.5816,85.0695,24.3397,4.95399,0.329167
0.5542,18.0358,18.0358,4.45274,80.3085,85.0695,24.3062,4.45274,0.2875
0.5544,18.8127,18.8127,4.37388,82.2843,85.0695,24.3015,4.37388,0.245833
0.5546,17.8961,17.8961,4.77009,85.3662,85.0695,24.328,4.77009,0.2875
0.5548,16.2647,16.2647,4.96474,80.7498,85.0695,24.3405,4.96474,0.329167
0.555,18.016,18.016,4.45264,80.2188,85.0695,24.306,4.45264,0.2875
0.5552,18.8162,18.8162,4.37162,82.2573,85.0695,24.3012,4.37162,0.245833
0.5554,17.8786,17.8786,4.77662,85.3995,85.0695,24.3282,4.77662,0.2875
0.5556,16.266,16.266,4.95399,80.5816,85.0695,24.3397,4.95399,0.329167
0.5558,18.0358,18.0358,4.45274,80.3085,85.0695,24.3062,4.45274,0.2875
0.556,18.8127,18.8127,4.37388,82.2843,85.0695,24.3015,4.37388,0.245833
0.5562,17.8961,17.8961,4.77009,85.3662,85.0695,24.328,4.77009,0.2875
0.5564,16.2647,16.2647,4.96474,80.7498,85.0695,24.3405,4.96474,0.329167
0.5566,18.016,18.016,4.45264,80.2188,85.0695,24.306,4.45264,0.2875
0.5568,18.8162,18.8162,4.37162,82.2573,85.0695,24.3012,4.37162,0.245833
0.557,17.8786,17.8786,4.77662,85.3995,85.0695,24.3282,4.77662,0.2875
0.5572,16.266,16.266,4.95399,80.5816,85.0695,24.3397,4.95399,0.329167
0.5574,18.0358,18.0358,4.45274,80.3085,85.0695,24.3062,4.45274,0.2875
0.5576,18.8127,18.8127,4.37388,82.2843,85.0695,24.3015,4.37388,0.245833
0.5578,17.8961,17.8961,4.77009,85.3662,85.0695,24.328,4.77009,0.2875
0.558,16.2647,16.2647,4.96474,80.7498,85.0695,24.3405,4.96474,0.329167
0.5582,18.016,18.016,4.45264,80.2188,85.0695,24.306,4.45264,0.2875
0.5584,18.8162,18.8162,4.37162,82.2573,85.0695,24.3012,4.37162,0.245833
0.5586,17.8786,17.8786,4.77662,85.3995,85.0695,24.3282,4.77662,0.2875
0.5588,16.266,16.266,4.95399,80.5816,85.0695,24.3397,4.95399,0.329167
0.559,18.0358,18.0358,4.45274,80.3085,85.0695,24.3062,4.45274,0.2875
0.5592,18.8127,18.8127,4.37388,82.2843,85.0695,24.3015,4.37388,0.245833
0.5594,17.8961,17.8961,4.77009,85.3662,85.0695,24.328,4.77009,0.2875
0.5596,16.2647,16.2647,4.96474,80.7498,85.0695,24.3405,4.96474,0.329167
0.5598,18.016,18.016,4.45264,80.2188,85.0695,24.306,4.45264,0.2875
0.56,18.8162,18.8162,4.37162,82.2573,85.0695,24.3012,4.37162,0.245833
0.5602,17.8786,17.8786,4.77662,85.3995,85.0695,24.3282,4.77662,0.2875
0.5604,16.266,16.266,4.95399,80.5816,85.0695,24.3397,4.95399,0.329167
0.5606,18.0358,18.0358,4.45274,80.3085,85.0695,24.3062,4.45274,0.2875
0.5608,18.8127,18.8127,4.37388,82.2843,85.0695,24.3015,4.37388,0.245833
0.561,17.8961,17.8961,4.77009,85.3662,85.0695,24.328,4.77009,0.2875
0.5612,16.2647,16.2647,4.96474,80.7498,85.0695,24.3405,4.96474,0.329167
0.5614,18.016,18.016,4.45264,80.2188,85.0695,24.306,4.45264,0.2875
0.5616,18.8162,18.8162,4.37162,82.2573,85.0695,24.3012,4.37162,0.245833
0.5618,17.8786,17.8786,4.77662,85.3995,85.0695,24.3282,4.77662,0.2875
0.562,16.266,16.266,4.95399,80.5816,85.0695,24.3397,4.95399,0.329167
0.5622,18.0358,18.0358,4.45274,80.3085,85.0695,24.3062,4.45274,0.2875
0.5624,18.8127,18.8127,4.37388,82.2843,85.0695,24.3015,4.37388,0.245833
0.5626,17.8961,17.8961,4.77009,85.3662,85.0695,24.328,4.77009,0.2875
0.5628,16.2647,16.2647,4.96474,80.7498,85.0695,24.3405,4.96474,0.329167
0.563,18.016,18.016,4.45264,80.2188,85.0695,24.306,4.45264,0.2875
0.5632,18.8162,18.8162,4.37162,82.2573,85.0695,24.3012,4.37162,0.245833
0.5634,17.8786,17.8786,4.77662,85.3995,85.0695,24.3282,4.77662,0.2875
0.5636,16.266,16.266,4.95399,80.5816,85.0695,24.3397,4.95399,0.329167
0.5638,18.0358,18.0358,4.45274,80.3085,85.0695,24.3062,4.45274,0.2875
0.564,18.8127,18.8127,4.37388,82.2843,85.0695,24.3015,4.37388,0.245833
0.5642,17.8961,17.8961,4.77009,85.3662,85.0695,24.328,4.77009,0.2875
0.5644,16.2647,16.2647,4.96474,80.7498,85.0695,24.3405,4.96474,0.329167
0.5646,18.016,18.016,4.45264,80.2188,85.0695,24.306,4.45264,0.2875
0.5648,18.8162,18.8162,4.37162,82.2573,85.0695,24.3012,4.37162,0.245833
0.565,17.8786,17.8786,4.77662,85.3995,85.0695,24.3282,4.77662,0.2875
0.5652,16.266,16.266,4.95399,80.5816,85.0695,24.3397,4.95399,0.329167
0.5654,18.0358,18.0358,4.45274,80.3085,85.0695,24.3062,4.45274,0.2875
0.5656,18.8127,18.8127,4.37388,82.2843,85.0695,24.3015,4.37388,0.245833
0.5658,17.8961,17.8961,4.77009,85.3662,85.0695,24.328,4.77009,0.2875
0.566,16.2647,16.2647,4.96474,80.7498,85.0695,24.3405,4.96474,0.329167
0.5662,18.016,18.016,4.45264,80.2188,85.0695,24.306,4.45264,0.2875
0.5664,18.8162,18.8162,4.37162,82.2573,85.0695,24.3012,4.37162,0.245833
0.5666,17.8786,17.8786,4.77662,85.3995,85.0695,24.3282,4.77662,0.2875
0.5668,16.266,16.266,4.95399,80.5816,85.0695,24.3397,4.95399,0.329167
0.567,18.0358,18.0358,4.45274,80.3085,85.0695,24.3062,4.45274,0.2875
0.5672,18.8127,18.8127,4.37388,82.2843,85.0695,24.3015,4.37388,0.245833
0.5674,17.8961,17.8961,4.77009,85.3662,85.0695,24.328,4.77009,0.2875
0.5676,16.2647,16.2647,4.96474,80.7498,85.0695,24.3405,4.96474,0.329167
0.5678,18.016,18.016,4.45264,80.2188,85.0695,24.306,4.45264,0.2875
0.568,18.8162,18.8162,4.37162,82.2573,85.0695,24.3012,4.37162,0.245833
0.5682,17.8786,17.8786,4.77662,85.3995,85.0695,24.3282,4.77662,0.2875
0.5684,16.266,16.266,4.95399,80.5816,85.0695,24.3397,4.95399,0.329167
0.5686,18.0358,18.0358,4.45274,80.3085,85.0695,24.3062,4.45274,0.2875
0.5688,18.8127,18.8127,4.37388,82.2843,85.0695,24.3015,4.37388,0.245833
0.569,17.8961,17.8961,4.77009,85.3662,85.0695,24.328,4.77009,0.2875
0.5692,16.2647,16.2647,4.96474,80.7498,85.0695,24.3405,4.96474,0.329167
0.5694,18.016,18.016,4.45264,80.2188,85.0695,24.306,4.45264,0.2875
0.5696,18.8162,18.8162,4.37162,82.2573,85.0695,24.3012,4.37162,0.245833
0.5698,17.8786,17.8786,4.77662,85.3995,85.0695,24.3282,4.77662,0.2875
0.57,16.266,16.266,4.95399,80.5816,85.0695,24.3397,4.95399,0.329167
0.5702,18.0358,18.0358,4.45274,80.3085,85.0695,24.3062,4.45274,0.2875
0.5704,18.8127,18.8127,4.37388,82.2843,85.0695,24.3015,4.37388,0.245833
0.5706,17.8961,17.8961,4.77009,85.3662,85.0695,24.328,4.77009,0.2875
0.5708,16.2647,16.2647,4.96474,80.7498,85.0695,24.3405,4.96474,0.329167
0.571,18.016,18.016,4.45264,80.2188,85.0695,24.306,4.45264,0.2875
0.5712,18.8162,18.8162,4.37162,82.2573,85.0695,24.3012,4.37162,0.245833
0.5714,17.8786,17.8786,4.77662,85.3995,85.0695,24.3282,4.77662,0.2875
0.5716,16.266,16.266,4.95399,80.5816,85.0695,24.3397,4.95399,0.329167
0.5718,18.0358,18.0358,4.45274,80.3085,85.0695,24.3062,4.45274,0.2875
0.572,18.8127,18.8127,4.37388,82.2843,85.0695,24.3015,4.37388,0.245833
0.5722,17.8961,17.8961,4.77009,85.3662,85.0695,24.328,4.77009,0.2875
0.5724,16.2647,16.2647,4.96474,80.7498,85.0695,24.3405,4.96474,0.329167
0.5726,18.016,18.016,4.45264,80.2188,85.0695,24.306,4.45264,0.2875
0.5728,18.8162,18.8162,4.37162,82.2573,85.0695,24.3012,4.37162,0.245833
0.573,17.8786,17.8786,4.77662,85.3995,85.0695,24.3282,4.77662,0.2875
0.5732,16.266,16.266,4.95399,80.5816,85.0695,24.3397,4.95399,0.329167
0.5734,18.0358,18.0358,4.45274,80.3085,85.0695,24.3062,4.45274,0.2875
0.5736,18.8127,18.8127,4.37388,82.2843,85.0695,24.3015,4.37388,0.245833
0.5738,17.8961,17.8961,4.77009,85.3662,85.0695,24.328,4.77009,0.2875
0.574,16.2647,16.2647,4.96474,80.7498,85.0695,24.3405,4.96474,0.329167
0.5742,18.016,18.016,4.45264,80.2188,85.0695,24.306,4.45264,0.2875
0.5744,18.8162,18.8162,4.37162,82.2573,85.0695,24.3012,4.37162,0.245833
0.5746,17.8786,17.8786,4.77662,85.3995,85.0695,24.3282,4.77662,0.2875
0.5748,16.266,16.266,4.95399,80.5816,85.0695,24.3397,4.95399,0.329167
0.575,18.0358,18.0358,4.45274,80.3085,85.0695,24.3062,4.45274,0.2875
0.5752,18.8127,18.8127,4.37388,82.2843,85.0695,24.3015,4.37388,0.245833
0.5754,17.8961,17.8961,4.77009,85.3662,85.0695,24.328,4.77009,0.2875
0.5756,16.2647,16.2647,4.96474,80.7498,85.0695,24.3405,4.96474,0.329167
0.5758,18.016,18.016,4.45264,80.2188,85.0695,24.306,4.45264,0.2875
0.576,18.8162,18.8162,4.37162,82.2573,85.0695,24.3012,4.37162,0.245833
0.5762,17.8786,17.8786,4.77662,85.3995,85.0695,24.3282,4.77662,0.2875
0.5764,16.266,16.266,4.95399,80.5816,85.0695,24.3397,4.95399,0.329167
0.5766,18.0358,18.0358,4.45274,80.3085,85.0695,24.3062,4.45274,0.2875
0.5768,18.8127,18.8127,4.37388,82.2843,85.0695,24.3015,4.37388,0.245833
0.577,17.8961,17.8961,4.77009,85.3662,85.0695,24.328,4.77009,0.2875
0.5772,16.2647,16.2647,4.96474,80.7498,85.0695,24.3405,4.96474,0.329167
0.5774,18.016,18.016,4.45264,80.2188,85.0695,24.306,4.45264,0.2875
0.5776,18.8162,18.8162,4.37162,82.2573,85.0695,24.3012,4.37162,0.245833
0.5778,17.8786,17.8786,4.77662,85.3995,85.0695,24.3282,4.77662,0.2875
0.578,16.266,16.266,4.95399,80.5816,85.0695,24.3397,4.95399,0.329167
0.5782,18.0358,18.0358,4.45274,80.3085,85.0695,24.3062,4.45274,0.2875
0.5784,18.8127,18.8127,4.37388,82.2843,85.0695,24.3015,4.37388,0.245833
0.5786,17.8961,17.8961,4.77009,85.3662,85.0695,24.328,4.77009,0.2875
0.5788,16.2647,16.2647,4.96474,80.7498,85.0695,24.3405,4.96474,0.329167
0.579,18.016,18.016,4.45264,80.2188,85.0695,24.306,4.45264,0.2875
0.5792,18.8162,18.8162,4.37162,82.2573,85.0695,24.3012,4.37162,0.245833
0.5794,17.8786,17.8786,4.77662,85.3995,85.0695,24.3282,4.77662,0.2875
0.5796,16.266,16.266,4.95399,80.5816,85.0695,24.3397,4.95399,0.329167
0.5798,18.0358,18.0358,4.45274,80.3085,85.0695,24.3062,4.45274,0.2875
0.58,18.8127,18.8127,4.37388,82.2843,85.0695,24.3015,4.37388,0.245833
0.5802,17.8961,17.8961,4.77009,85.3662,85.0695,24.328,4.77009,0.2875
0.5804,16.2647,16.2647,4.96474,80.7498,85.0695,24.3405,4.96474,0.329167
0.5806,18.016,18.016,4.45264,80.2188,85.0695,24.306,4.45264,0.2875
0.5808,18.8162,18.8162,4.37162,82.2573,85.0695,24.3012,4.37162,0.245833
0.581,17.8786,17.8786,4.77662,85.3995,85.0695,24.3282,4.77662,0.2875
0.5812,16.266,16.266,4.95399,80.5816,85.0695,24.3397,4.95399,0.329167
0.5814,18.0358,18.0358,4.45274,80.3085,85.0695,24.3062,4.45274,0.2875
0.5816,18.8127,18.8127,4.37388,82.2843,85.0695,24.3015,4.37388,0.245833
0.5818,17.8961,17.8961,4.77009,85.3662,85.0695,24.328,4.77009,0.2875
0.582,16.2647,16.2647,4.96474,80.7498,85.0695,24.3405,4.96474,0.329167
0.5822,18.016,18.016,4.45264,80.2188,85.0695,24.306,4.45264,0.2875
0.5824,18.8162,18.8162,4.37162,82.2573,85.0695,24.3012,4.37162,0.245833
0.5826,17.8786,17.8786,4.77662,85.3995,85.0695,24.3282,4.77662,0.2875
0.5828,16.266,16.266,4.95399,80.5816,85.0695,24.3397,4.95399,0.329167
0.583,18.0358,18.0358,4.45274,80.3085,85.0695,24.3062,4.45274,0.2875
0.5832,18.8127,18.8127,4.37388,82.2843,85.0695,24.3015,4.37388,0.245833
0.5834,17.8961,17.8961,4.77009,85.3662,85.0695,24.328,4.77009,0.2875
0.5836,16.2647,16.2647,4.96474,80.7498,85.0695,24.3405,4.96474,0.329167
0.5838,18.016,18.016,4.45264,80.2188,85.0695,24.306,4.45264,0.2875
0.584,18.8162,18.8162,4.37162,82.2573,85.0695,24.3012,4.37162,0.245833
0.5842,17.8786,17.8786,4.77662,85.3995,85.0695,24.3282,4.77662,0.2875
0.5844,16.266,16.266,4.95399,80.5816,85.0695,24.3397,4.95399,0.329167
0.5846,18.0358,18.0358,4.45274,80.3085,85.0695,24.3062,4.45274,0.2875
0.5848,18.8127,18.8127,4.37388,82.2843,85.0695,24.3015,4.37388,0.245833
0.585,17.8961,17.8961,4.77009,85.3662,85.0695,24.328,4.77009,0.2875
0.5852,16.2647,16.2647,4.96474,80.7498,85.0695,24.3405,4.96474,0.329167
0.5854,18.016,18.016,4.45264,80.2188,85.0695,24.306,4.45264,0.2875
0.5856,18.8162,18.8162,4.37162,82.2573,85.0695,24.3012,4.37162,0.245833
0.5858,17.8786,17.8786,4.77662,85.3995,85.0695,24.3282,4.77662,0.2875
0.586,16.266,16.266,4.95399,80.5816,85.0695,24.3397,4.95399,0.329167
0.5862,18.0358,18.0358,4.45274,80.3085,85.0695,24.3062,4.45274,0.2875
0.5864,18.8127,18.8127,4.37388,82.2843,85.0695,24.3015,4.37388,0.245833
0.5866,17.8961,17.8961,4.77009,85.3662,85.0695,24.328,4.77009,0.2875
0.5868,16.2647,16.2647,4.96474,80.7498,85.0695,24.3405,4.96474,0.329167
0.587,18.016,18.016,4.45264,80.2188,85.0695,24.306,4.45264,0.2875
0.5872,18.8162,18.8162,4.37162,82.2573,85.0695,24.3012,4.37162,0.245833
0.5874,17.8786,17.8786,4.77662,85.3995,85.0695,24.3282,4.77662,0.2875
0.5876,16.266,16.266,4.95399,80.5816,85.0695,24.3397,4.95399,0.329167
0.5878,18.0358,18.0358,4.45274,80.3085,85.0695,24.3062,4.45274,0.2875
0.588,18.8127,18.8127,4.37388,82.2843,85.0695,24.3015,4.37388,0.245833
0.5882,17.8961,17.8961,4.77009,85.3662,85.0695,24.328,4.77009,0.2875
0.5884,16.2647,16.2647,4.96474,80.7498,85.0695,24.3405,4.96474,0.329167
0.5886,18.016,18.016,4.45264,80.2188,85.0695,24.306,4.45264,0.2875
0.5888,18.8162,18.8162,4.37162,82.2573,85.0695,24.3012,4.37162,0.245833
0.589,17.8786,17.8786,4.77662,85.3995,85.0695,24.3282,4.77662,0.2875
0.5892,16.266,16.266,4.95399,80.5816,85.0695,24.3397,4.95399,0.329167
0.5894,18.0358,18.0358,4.45274,80.3085,85.0695,24.3062,4.45274,0.2875
0.5896,18.8127,18.8127,4.37388,82.2843,85.0695,24.3015,4.37388,0.245833
0.5898,17.8961,17.8961,4.77009,85.3662,85.0695,24.328,4.77009,0.2875
0.59,16.2647,16.2647,4.96474,80.7498,85.0695,24.3405,4.96474,0.329167
0.5902,18.016,18.016,4.45264,80.2188,85.0695,24.306,4.45264,0.2875
0.5904,18.8162,18.8162,4.37162,82.2573,85.0695,24.3012,4.37162,0.245833
0.5906,17.8786,17.8786,4.77662,85.3995,85.0695,24.3282,4.77662,0.2875
0.5908,16.266,16.266,4.95399,80.5816,85.0695,24.3397,4.95399,0.329167
0.591,18.0358,18.0358,4.45274,80.3085,85.0695,24.3062,4.45274,0.2875
0.5912,18.8127,18.8127,4.37388,82.2843,85.0695,24.3015,4.37388,0.245833
0.5914,17.8961,17.8961,4.77009,85.3662,85.0695,24.328,4.77009,0.2875
0.5916,16.2647,16.2647,4.96474,80.7498,85.0695,24.3405,4.96474,0.329167
0.5918,18.016,18.016,4.45264,80.2188,85.0695,24.306,4.45264,0.2875
0.592,18.8162,18.8162,4.37162,82.2573,85.0695,24.3012,4.37162,0.245833
0.5922,17.8786,17.8786,4.77662,85.3995,85.0695,24.3282,4.77662,0.2875
0.5924,16.266,16.266,4.95399,80.5816,85.0695,24.3397,4.95399,0.329167
0.5926,18.0358,18.0358,4.45274,80.3085,85.0695,24.3062,4.45274,0.2875
0.5928,18.8127,18.8127,4.37388,82.2843,85.0695,24.3015,4.37388,0.245833
0.593,17.8961,17.8961,4.77009,85.3662,85.0695,24.328,4.77009,0.2875
0.5932,16.2647,16.2647,4.96474,80.7498,85.0695,24.3405,4.96474,0.329167
0.5934,18.016,18.016,4.45264,80.2188,85.0695,24.306,4.45264,0.2875
0.5936,18.8162,18.8162,4.37162,82.2573,85.0695,24.3012,4.37162,0.245833
0.5938,17.8786,17.8786,4.77662,85.3995,85.0695,24.3282,4.77662,0.2875
0.594,16.266,16.266,4.95399,80.5816,85.0695,24.3397,4.95399,0.329167
0.5942,18.0358,18.0358,4.45274,80.3085,85.0695,24.3062,4.45274,0.2875
0.5944,18.8127,18.8127,4.37388,82.2843,85.0695,24.3015,4.37388,0.245833
0.5946,17.8961,17.8961,4.77009,85.3662,85.0695,24.328,4.77009,0.2875
0.5948,16.2647,16.2647,4.96474,80.7498,85.0695,24.3405,4.96474,0.329167
0.595,18.016,18.016,4.45264,80.2188,85.0695,24.306,4.45264,0.2875
0.5952,18.8162,18.8162,4.37162,82.2573,85.0695,24.3012,4.37162,0.245833
0.5954,17.8786,17.8786,4.77662,85.3995,85.0695,24.3282,4.77662,0.2875
0.5956,16.266,16.266,4.95399,80.5816,85.0695,24.3397,4.95399,0.329167
0.5958,18.0358,18.0358,4.45274,80.3085,85.0695,24.3062,4.45274,0.2875
0.596,18.8127,18.8127,4.37388,82.2843,85.0695,24.3015,4.37388,0.245833
0.5962,17.8961,17.8961,4.77009,85.3662,85.0695,24.328,4.77009,0.2875
0.5964,16.2647,16.2647,4.96474,80.7498,85.0695,24.3405,4.96474,0.329167
0.5966,18.016,18.016,4.45264,80.2188,85.0695,24.306,4.45264,0.2875
0.5968,18.8162,18.8162,4.37162,82.2573,85.0695,24.3012,4.37162,0.245833
0.597,17.8786,17.8786,4.77662,85.3995,85.0695,24.3282,4.77662,0.2875
0.5972,16.266,16.266,4.95399,80.5816,85.0695,24.3397,4.95399,0.329167
0.5974,18.0358,18.0358,4.45274,80.3085,85.0695,24.3062,4.45274,0.2875
0.5976,18.8127,18.8127,4.37388,82.2843,85.0695,24.3015,4.37388,0.245833
0.5978,17.8961,17.8961,4.77009,85.3662,85.0695,24.328,4.77009,0.2875
0.598,16.2647,16.2647,4.96474,80.7498,85.0695,24.3405,4.96474,0.329167
0.5982,18.016,18.016,4.45264,80.2188,85.0695,24.306,4.45264,0.2875
0.5984,18.8162,18.8162,4.37162,82.2573,85.0695,24.3012,4.37162,0.245833
0.5986,17.8786,17.8786,4.77662,85.3995,85.0695,24.3282,4.77662,0.2875
0.5988,16.266,16.266,4.95399,80.5816,85.0695,24.3397,4.95399,0.329167
0.599,18.0358,18.0358,4.45274,80.3085,85.0695,24.3062,4.45274,0.2875
0.5992,18.8127,18.8127,4.37388,82.2843,85.0695,24.3015,4.37388,0.245833
0.5994,17.8961,17.8961,4.77009,85.3662,85.0695,24.328,4.77009,0.2875
0.5996,16.2647,16.2647,4.96474,80.7498,85.0695,24.3405,4.96474,0.329167
0.5998,18.016,18.016,4.45264,80.2188,85.0695,24.306,4.45264,0.2875
0.6,18.8162,18.8162,4.37162,82.2573,85.0695,24.3012,4.37162,0.245833
0.6002,17.8786,17.8786,4.77662,85.3995,85.0695,24.3282,4.77662,0.2875
0.6004,16.266,16.266,4.95399,80.5816,85.0695,24.3397,4.95399,0.329167
0.6006,18.0358,18.0358,4.45274,80.3085,85.0695,24.3062,4.45274,0.2875
0.6008,18.8127,18.8127,4.37388,82.2843,85.0695,24.3015,4.37388,0.245833
0.601,17.8961,17.8961,4.77009,85.3662,85.0695,24.328,4.77009,0.2875
0.6012,16.2647,16.2647,4.96474,80.7498,85.0695,24.3405,4.96474,0.329167
0.6014,18.016,18.016,4.45264,80.2188,85.0695,24.306,4.45264,0.2875
0.6016,18.8162,18.8162,4.37162,82.2573,85.0695,24.3012,4.37162,0.245833
0.6018,17.8786,17.8786,4.77662,85.3995,85.0695,24.3282,4.77662,0.2875
0.602,16.266,16.266,4.95399,80.5816,85.0695,24.3397,4.95399,0.329167
0.6022,18.0358,18.0358,4.45274,80.3085,85.0695,24.3062,4.45274,0.2875
0.6024,18.8127,18.8127,4.37388,82.2843,85.0695,24.3015,4.37388,0.245833
0.6026,17.8961,17.8961,4.77009,85.3662,85.0695,24.328,4.77009,0.2875
0.6028,16.2647,16.2647,4.96474,80.7498,85.0695,24.3405,4.96474,0.329167
0.603,18.016,18.016,4.45264,80.2188,85.0695,24.306,4.45264,0.2875
0.6032,18.8162,18.8162,4.37162,82.2573,85.0695,24.3012,4.37162,0.245833
0.6034,17.8786,17.8786,4.77662,85.3995,85.0695,24.3282,4.77662,0.2875
0.6036,16.266,16.266,4.95399,80.5816,85.0695,24.3397,4.95399,0.329167
0.6038,18.0358,18.0358,4.45274,80.3085,85.0695,24.3062,4.45274,0.2875
0.604,18.8127,18.8127,4.37388,82.2843,85.0695,24.3015,4.37388,0.245833
0.6042,17.8961,17.8961,4.77009,85.3662,85.0695,24.328,4.77009,0.2875
0.6044,16.2647,16.2647,4.96474,80.7498,85.0695,24.3405,4.96474,0.329167
0.6046,18.016,18.016,4.45264,80.2188,85.0695,24.306,4.45264,0.2875
0.6048,18.8162,18.8162,4.37162,82.2573,85.0695,24.3012,4.37162,0.245833
0.605,17.8786,17.8786,4.77662,85.3995,85.0695,24.3282,4.77662,0.2875
0.6052,16.266,16.266,4.95399,80.5816,85.0695,24.3397,4.95399,0.329167
0.6054,18.0358,18.0358,4.45274,80.3085,85.0695,24.3062,4.45274,0.2875
0.6056,18.8127,18.8127,4.37388,82.2843,85.0695,24.3015,4.37388,0.245833
0.6058,17.8961,17.8961,4.77009,85.3662,85.0695,24.328,4.77009,0.2875
0.606,16.2647,16.2647,4.96474,80.7498,85.0695,24.3405,4.96474,0.329167
0.6062,18.016,18.016,4.45264,80.2188,85.0695,24.306,4.45264,0.2875
0.6064,18.8162,18.8162,4.37162,82.2573,85.0695,24.3012,4.37162,0.245833
0.6066,17.8786,17.8786,4.77662,85.3995,85.0695,24.3282,4.77662,0.2875
0.6068,16.266,16.266,4.95399,80.5816,85.0695,24.3397,4.95399,0.329167
0.607,18.0358,18.0358,4.45274,80.3085,85.0695,24.3062,4.45274,0.2875
0.6072,18.8127,18.8127,4.37388,82.2843,85.0695,24.3015,4.37388,0.245833
0.6074,17.8961,17.8961,4.77009,85.3662,85.0695,24.328,4.77009,0.2875
0.6076,16.2647,16.2647,4.96474,80.7498,85.0695,24.3405,4.96474,0.329167
0.6078,18.016,18.016,4.45264,80.2188,85.0695,24.306,4.45264,0.2875
0.608,18.8162,18.8162,4.37162,82.2573,85.0695,24.3012,4.37162,0.245833
0.6082,17.8786,17.8786,4.77662,85.3995,85.0695,24.3282,4.77662,0.2875
0.6084,16.266,16.266,4.95399,80.5816,85.0695,24.3397,4.95399,0.329167
0.6086,18.0358,18.0358,4.45274,80.3085,85.0695,24.3062,4.45274,0.2875
0.6088,18.8127,18.8127,4.37388,82.2843,85.0695,24.3015,4.37388,0.245833
0.609,17.8961,17.8961,4.77009,85.3662,85.0695,24.328,4.77009,0.2875
0.6092,16.2647,16.2647,4.96474,80.7498,85.0695,24.3405,4.96474,0.329167
0.6094,18.016,18.016,4.45264,80.2188,85.0695,24.306,4.45264,0.2875
0.6096,18.8162,18.8162,4.37162,82.2573,85.0695,24.3012,4.37162,0.245833
0.6098,17.8786,17.8786,4.77662,85.3995,85.0695,24.3282,4.77662,0.2875
0.61,16.266,16.266,4.95399,80.5816,85.0695,24.3397,4.95399,0.329167
0.6102,18.0358,18.0358,4.45274,80.3085,85.0695,24.3062,4.45274,0.2875
0.6104,18.8127,18.8127,4.37388,82.2843,85.0695,24.3015,4.37388,0.245833
0.6106,17.8961,17.8961,4.77009,85.3662,85.0695,24.328,4.77009,0.2875
0.6108,16.2647,16.2647,4.96474,80.7498,85.0695,24.3405,4.96474,0.329167
0.611,18.016,18.016,4.45264,80.2188,85.0695,24.306,4.45264,0.2875
0.6112,18.8162,18.8162,4.37162,82.2573,85.0695,24.3012,4.37162,0.245833
0.6114,17.8786,17.8786,4.77662,85.3995,85.0695,24.3282,4.77662,0.2875
0.6116,16.266,16.266,4.95399,80.5816,85.0695,24.3397,4.95399,0.329167
0.6118,18.0358,18.0358,4.45274,80.3085,85.0695,24.3062,4.45274,0.2875
0.612,18.8127,18.8127,4.37388,82.2843,85.0695,24.3015,4.37388,0.245833
0.6122,17.8961,17.8961,4.77009,85.3662,85.0695,24.328,4.77009,0.2875
0.6124,16.2647,16.2647,4.96474,80.7498,85.0695,24.3405,4.96474,0.329167
0.6126,18.016,18.016,4.45264,80.2188,85.0695,24.306,4.45264,0.2875
0.6128,18.8162,18.8162,4.37162,82.2573,85.0695,24.3012,4.37162,0.245833
0.613,17.8786,17.8786,4.77662,85.3995,85.0695,24.3282,4.77662,0.2875
0.6132,16.266,16.266,4.95399,80.5816,85.0695,24.3397,4.95399,0.329167
0.6134,18.0358,18.0358,4.45274,80.3085,85.0695,24.3062,4.45274,0.2875
0.6136,18.8127,18.8127,4.37388,82.2843,85.0695,24.3015,4.37388,0.245833
0.6138,17.8961,17.8961,4.77009,85.3662,85.0695,24.328,4.77009,0.2875
0.614,16.2647,16.2647,4.96474,80.7498,85.0695,24.3405,4.96474,0.329167
0.6142,18.016,18.016,4.45264,80.2188,85.0695,24.306,4.45264,0.2875
0.6144,18.8162,18.8162,4.37162,82.2573,85.0695,24.3012,4.37162,0.245833
0.6146,17.8786,17.8786,4.77662,85.3995,85.0695,24.3282,4.77662,0.2875
0.6148,16.266,16.266,4.95399,80.5816,85.0695,24.3397,4.95399,0.329167
0.615,18.0358,18.0358,4.45274,80.3085,85.0695,24.3062,4.45274,0.2875
0.6152,18.8127,18.8127,4.37388,82.2843,85.0695,24.3015,4.37388,0.245833
0.6154,17.8961,17.8961,4.77009,85.3662,85.0695,24.328,4.77009,0.2875
0.6156,16.2647,16.2647,4.96474,80.7498,85.0695,24.3405,4.96474,0.329167
0.6158,18.016,18.016,4.45264,80.2188,85.0695,24.306,4.45264,0.2875
0.616,18.8162,18.8162,4.37162,82.2573,85.0695,24.3012,4.37162,0.245833
0.6162,17.8786,17.8786,4.77662,85.3995,85.0695,24.3282,4.77662,0.2875
0.6164,16.266,16.266,4.95399,80.5816,85.0695,24.3397,4.95399,0.329167
0.6166,18.0358,18.0358,4.45274,80.3085,85.0695,24.3062,4.45274,0.2875
0.6168,18.8127,18.8127,4.37388,82.2843,85.0695,24.3015,4.37388,0.245833
0.617,17.8961,17.8961,4.77009,85.3662,85.0695,24.328,4.77009,0.2875
0.6172,16.2647,16.2647,4.96474,80.7498,85.0695,24.3405,4.96474,0.329167
0.6174,18.016,18.016,4.45264,80.2188,85.0695,24.306,4.45264,0.2875
0.6176,18.8162,18.8162,4.37162,82.2573,85.0695,24.3012,4.37162,0.245833
0.6178,17.8786,17.8786,4.77662,85.3995,85.0695,24.3282,4.77662,0.2875
0.618,16.266,16.266,4.95399,80.5816,85.0695,24.3397,4.95399,0.329167
0.6182,18.0358,18.0358,4.45274,80.3085,85.0695,24.3062,4.45274,0.2875
0.6184,18.8127,18.8127,4.37388,82.2843,85.0695,24.3015,4.37388,0.245833
0.6186,17.8961,17.8961,4.77009,85.3662,85.0695,24.328,4.77009,0.2875
0.6188,16.2647,16.2647,4.96474,80.7498,85.0695,24.3405,4.96474,0.329167
0.619,18.016,18.016,4.45264,80.2188,85.0695,24.306,4.45264,0.2875
0.6192,18.8162,18.8162,4.37162,82.2573,85.0695,24.3012,4.37162,0.245833
0.6194,17.8786,17.8786,4.77662,85.3995,85.0695,24.3282,4.77662,0.2875
0.6196,16.266,16.266,4.95399,80.5816,85.0695,24.3397,4.95399,0.329167
0.6198,18.0358,18.0358,4.45274,80.3085,85.0695,24.3062,4.45274,0.2875
0.62,18.8127,18.8127,4.37388,82.2843,85.0695,24.3015,4.37388,0.245833
0.6202,17.8961,17.8961,4.77009,85.3662,85.0695,24.328,4.77009,0.2875
0.6204,16.2647,16.2647,4.96474,80.7498,85.0695,24.3405,4.96474,0.329167
0.6206,18.016,18.016,4.45264,80.2188,85.0695,24.306,4.45264,0.2875
0.6208,18.8162,18.8162,4.37162,82.2573,85.0695,24.3012,4.37162,0.245833
0.621,17.8786,17.8786,4.77662,85.3995,85.0695,24.3282,4.77662,0.2875
0.6212,16.266,16.266,4.95399,80.5816,85.0695,24.3397,4.95399,0.329167
0.6214,18.0358,18.0358,4.45274,80.3085,85.0695,24.3062,4.45274,0.2875
0.6216,18.8127,18.8127,4.37388,82.2843,85.0695,24.3015,4.37388,0.245833
0.6218,17.8961,17.8961,4.77009,85.3662,85.0695,24.328,4.77009,0.2875
0.622,16.2647,16.2647,4.96474,80.7498,85.0695,24.3405,4.96474,0.329167
0.6222,18.016,18.016,4.45264,80.2188,85.0695,24.306,4.45264,0.2875
0.6224,18.8162,18.8162,4.37162,82.2573,85.0695,24.3012,4.37162,0.245833
0.6226,17.8786,17.8786,4.77662,85.3995,85.0695,24.3282,4.77662,0.2875
0.6228,16.266,16.266,4.95399,80.5816,85.0695,24.3397,4.95399,0.329167
0.623,18.0358,18.0358,4.45274,80.3085,85.0695,24.3062,4.45274,0.2875
0.6232,18.8127,18.8127,4.37388,82.2843,85.0695,24.3015,4.37388,0.245833
0.6234,17.8961,17.8961,4.77009,85.3662,85.0695,24.328,4.77009,0.2875
0.6236,16.2647,16.2647,4.96474,80.7498,85.0695,24.3405,4.96474,0.329167
0.6238,18.016,18.016,4.45264,80.2188,85.0695,24.306,4.45264,0.2875
0.624,18.8162,18.8162,4.37162,82.2573,85.0695,24.3012,4.37162,0.245833
0.6242,17.8786,17.8786,4.77662,85.3995,85.0695,24.3282,4.77662,0.2875
0.6244,16.266,16.266,4.95399,80.5816,85.0695,24.3397,4.95399,0.329167
0.6246,18.0358,18.0358,4.45274,80.3085,85.0695,24.3062,4.45274,0.2875
0.6248,18.8127,18.8127,4.37388,82.2843,85.0695,24.3015,4.37388,0.245833
0.625,17.8961,17.8961,4.77009,85.3662,85.0695,24.328,4.77009,0.2875
0.6252,16.2647,16.2647,4.96474,80.7498,85.0695,24.3405,4.96474,0.329167
0.6254,18.016,18.016,4.45264,80.2188,85.0695,24.306,4.45264,0.2875
0.6256,18.8162,18.8162,4.37162,82.2573,85.0695,24.3012,4.37162,0.245833
0.6258,17.8786,17.8786,4.77662,85.3995,85.0695,24.3282,4.77662,0.2875
0.626,16.266,16.266,4.95399,80.5816,85.0695,24.3397,4.95399,0.329167
0.6262,18.0358,18.0358,4.45274,80.3085,85.0695,24.3062,4.45274,0.2875
0.6264,18.8127,18.8127,4.37388,82.2843,85.0695,24.3015,4.37388,0.245833
0.6266,17.8961,17.8961,4.77009,85.3662,85.0695,24.328,4.77009,0.2875
0.6268,16.2647,16.2647,4.96474,80.7498,85.0695,24.3405,4.96474,0.329167
0.627,18.016,18.016,4.45264,80.2188,85.0695,24.306,4.45264,0.2875
0.6272,18.8162,18.8162,4.37162,82.2573,85.0695,24.3012,4.37162,0.245833
0.6274,17.8786,17.8786,4.77662,85.3995,85.0695,24.3282,4.77662,0.2875
0.6276,16.266,16.266,4.95399,80.5816,85.0695,24.3397,4.95399,0.329167
0.6278,18.0358,18.0358,4.45274,80.3085,85.0695,24.3062,4.45274,0.2875
0.628,18.8127,18.8127,4.37388,82.2843,85.0695,24.3015,4.37388,0.245833
0.6282,17.8961,17.8961,4.77009,85.3662,85.0695,24.328,4.77009,0.2875
0.6284,16.2647,16.2647,4.96474,80.7498,85.0695,24.3405,4.96474,0.329167
0.6286,18.016,18.016,4.45264,80.2188,85.0695,24.306,4.45264,0.2875
0.6288,18.8162,18.8162,4.37162,82.2573,85.0695,24.3012,4.37162,0.245833
0.629,17.8786,17.8786,4.77662,85.3995,85.0695,24.3282,4.77662,0.2875
0.6292,16.266,16.266,4.95399,80.5816,85.0695,24.3397,4.95399,0.329167
0.6294,18.0358,18.0358,4.45274,80.3085,85.0695,24.3062,4.45274,0.2875
0.6296,18.8127,18.8127,4.37388,82.2843,85.0695,24.3015,4.37388,0.245833
0.6298,17.8961,17.8961,4.77009,85.3662,85.0695,24.328,4.77009,0.2875
0.63,16.2647,16.2647,4.96474,80.7498,85.0695,24.3405,4.96474,0.329167
0.6302,18.016,18.016,4.45264,80.2188,85.0695,24.306,4.45264,0.2875
0.6304,18.8162,18.8162,4.37162,82.2573,85.0695,24.3012,4.37162,0.245833
0.6306,17.8786,17.8786,4.77662,85.3995,85.0695,24.3282,4.77662,0.2875
0.6308,16.266,16.266,4.95399,80.5816,85.0695,24.3397,4.95399,0.329167
0.631,18.0358,18.0358,4.45274,80.3085,85.0695,24.3062,4.45274,0.2875
0.6312,18.8127,18.8127,4.37388,82.2843,85.0695,24.3015,4.37388,0.245833
0.6314,17.8961,17.8961,4.77009,85.3662,85.0695,24.328,4.77009,0.2875
0.6316,16.2647,16.2647,4.96474,80.7498,85.0695,24.3405,4.96474,0.329167
0.6318,18.016,18.016,4.45264,80.2188,85.0695,24.306,4.45264,0.2875
0.632,18.8162,18.8162,4.37162,82.2573,85.0695,24.3012,4.37162,0.245833
0.6322,17.8786,17.8786,4.77662,85.3995,85.0695,24.3282,4.77662,0.2875
0.6324,16.266,16.266,4.95399,80.5816,85.0695,24.3397,4.95399,0.329167
0.6326,18.0358,18.0358,4.45274,80.3085,85.0695,24.3062,4.45274,0.2875
0.6328,18.8127,18.8127,4.37388,82.2843,85.0695,24.3015,4.37388,0.245833
0.633,17.8961,17.8961,4.77009,85.3662,85.0695,24.328,4.77009,0.2875
0.6332,16.2647,16.2647,4.96474,80.7498,85.0695,24.3405,4.96474,0.329167
0.6334,18.016,18.016,4.45264,80.2188,85.0695,24.306,4.45264,0.2875
0.6336,18.8162,18.8162,4.37162,82.2573,85.0695,24.3012,4.37162,0.245833
0.6338,17.8786,17.8786,4.77662,85.3995,85.0695,24.3282,4.77662,0.2875
0.634,16.266,16.266,4.95399,80.5816,85.0695,24.3397,4.95399,0.329167
0.6342,18.0358,18.0358,4.45274,80.3085,85.0695,24.3062,4.45274,0.2875
0.6344,18.8127,18.8127,4.37388,82.2843,85.0695,24.3015,4.37388,0.245833
0.6346,17.8961,17.8961,4.77009,85.3662,85.0695,24.328,4.77009,0.2875
0.6348,16.2647,16.2647,4.96474,80.7498,85.0695,24.3405,4.96474,0.329167
0.635,18.016,18.016,4.45264,80.2188,85.0695,24.306,4.45264,0.2875
0.6352,18.8162,18.8162,4.37162,82.2573,85.0695,24.3012,4.37162,0.245833
0.6354,17.8786,17.8786,4.77662,85.3995,85.0695,24.3282,4.77662,0.2875
0.6356,16.266,16.266,4.95399,80.5816,85.0695,24.3397,4.95399,0.329167
0.6358,18.0358,18.0358,4.45274,80.3085,85.0695,24.3062,4.45274,0.2875
0.636,18.8127,18.8127,4.37388,82.2843,85.0695,24.3015,4.37388,0.245833
0.6362,17.8961,17.8961,4.77009,85.3662,85.0695,24.328,4.77009,0.2875
0.6364,16.2647,16.2647,4.96474,80.7498,85.0695,24.3405,4.96474,0.329167
0.6366,18.016,18.016,4.45264,80.2188,85.0695,24.306,4.45264,0.2875
0.6368,18.8162,18.8162,4.37162,82.2573,85.0695,24.3012,4.37162,0.245833
0.637,17.8786,17.8786,4.77662,85.3995,85.0695,24.3282,4.77662,0.2875
0.6372,16.266,16.266,4.95399,80.5816,85.0695,24.3397,4.95399,0.329167
0.6374,18.0358,18.0358,4.45274,80.3085,85.0695,24.3062,4.45274,0.2875
0.6376,18.8127,18.8127,4.37388,82.2843,85.0695,24.3015,4.37388,0.245833
0.6378,17.8961,17.8961,4.77009,85.3662,85.0695,24.328,4.77009,0.2875
0.638,16.2647,16.2647,4.96474,80.7498,85.0695,24.3405,4.96474,0.329167
0.6382,18.016,18.016,4.45264,80.2188,85.0695,24.306,4.45264,0.2875
0.6384,18.8162,18.8162,4.37162,82.2573,85.0695,24.3012,4.37162,0.245833
0.6386,17.8786,17.8786,4.77662,85.3995,85.0695,24.3282,4.77662,0.2875
0.6388,16.266,16.266,4.95399,80.5816,85.0695,24.3397,4.95399,0.329167
0.639,18.0358,18.0358,4.45274,80.3085,85.0695,24.3062,4.45274,0.2875
0.6392,18.8127,18.8127,4.37388,82.2843,85.0695,24.3015,4.37388,0.245833
0.6394,17.8961,17.8961,4.77009,85.3662,85.0695,24.328,4.77009,0.2875
0.6396,16.2647,16.2647,4.96474,80.7498,85.0695,24.3405,4.96474,0.329167
0.6398,18.016,18.016,4.45264,80.2188,85.0695,24.306,4.45264,0.2875
0.64,18.8162,18.8162,4.37162,82.2573,85.0695,24.3012,4.37162,0.245833
0.6402,17.8786,17.8786,4.77662,85.3995,85.0695,24.3282,4.77662,0.2875
0.6404,16.266,16.266,4.95399,80.5816,85.0695,24.3397,4.95399,0.329167
0.6406,18.0358,18.0358,4.45274,80.3085,85.0695,24.3062,4.45274,0.2875
0.6408,18.8127,18.8127,4.37388,82.2843,85.0695,24.3015,4.37388,0.245833
0.641,17.8961,17.8961,4.77009,85.3662,85.0695,24.328,4.77009,0.2875
0.6412,16.2647,16.2647,4.96474,80.7498,85.0695,24.3405,4.96474,0.329167
0.6414,18.016,18.016,4.45264,80.2188,85.0695,24.306,4.45264,0.2875
0.6416,18.8162,18.8162,4.37162,82.2573,85.0695,24.3012,4.37162,0.245833
0.6418,17.8786,17.8786,4.77662,85.3995,85.0695,24.3282,4.77662,0.2875
0.642,16.266,16.266,4.95399,80.5816,85.0695,24.3397,4.95399,0.329167
0.6422,18.0358,18.0358,4.45274,80.3085,85.0695,24.3062,4.45274,0.2875
0.6424,18.8127,18.8127,4.37388,82.2843,85.0695,24.3015,4.37388,0.245833
0.6426,17.8961,17.8961,4.77009,85.3662,85.0695,24.328,4.77009,0.2875
0.6428,16.2647,16.2647,4.96474,80.7498,85.0695,24.3405,4.96474,0.329167
0.643,18.016,18.016,4.45264,80.2188,85.0695,24.306,4.45264,0.2875
0.6432,18.8162,18.8162,4.37162,82.2573,85.0695,24.3012,4.37162,0.245833
0.6434,17.8786,17.8786,4.77662,85.3995,85.0695,24.3282,4.77662,0.2875
0.6436,16.266,16.266,4.95399,80.5816,85.0695,24.3397,4.95399,0.329167
0.6438,18.0358,18.0358,4.45274,80.3085,85.0695,24.3062,4.45274,0.2875
0.644,18.8127,18.8127,4.37388,82.2843,85.0695,24.3015,4.37388,0.245833
0.6442,17.8961,17.8961,4.77009,85.3662,85.0695,24.328,4.77009,0.2875
0.6444,16.2647,16.2647,4.96474,80.7498,85.0695,24.3405,4.96474,0.329167
0.6446,18.016,18.016,4.45264,80.2188,85.0695,24.306,4.45264,0.2875
0.6448,18.8162,18.8162,4.37162,82.2573,85.0695,24.3012,4.37162,0.245833
0.645,17.8786,17.8786,4.77662,85.3995,85.0695,24.3282,4.77662,0.2875
0.6452,16.266,16.266,4.95399,80.5816,85.0695,24.3397,4.95399,0.329167
0.6454,18.0358,18.0358,4.45274,80.3085,85.0695,24.3062,4.45274,0.2875
0.6456,18.8127,18.8127,4.37388,82.2843,85.0695,24.3015,4.37388,0.245833
0.6458,17.8961,17.8961,4.77009,85.3662,85.0695,24.328,4.77009,0.2875
0.646,16.2647,16.2647,4.96474,80.7498,85.0695,24.3405,4.96474,0.329167
0.6462,18.016,18.016,4.45264,80.2188,85.0695,24.306,4.45264,0.2875
0.6464,18.8162,18.8162,4.37162,82.2573,85.0695,24.3012,4.37162,0.245833
0.6466,17.8786,17.8786,4.77662,85.3995,85.0695,24.3282,4.77662,0.2875
0.6468,16.266,16.266,4.95399,80.5816,85.0695,24.3397,4.95399,0.329167
0.647,18.0358,18.0358,4.45274,80.3085,85.0695,24.3062,4.45274,0.2875
0.6472,18.8127,18.8127,4.37388,82.2843,85.0695,24.3015,4.37388,0.245833
0.6474,17.8961,17.8961,4.77009,85.3662,85.0695,24.328,4.77009,0.2875
0.6476,16.2647,16.2647,4.96474,80.7498,85.0695,24.3405,4.96474,0.329167
0.6478,18.016,18.016,4.45264,80.2188,85.0695,24.306,4.45264,0.2875
0.648,18.8162,18.8162,4.37162,82.2573,85.0695,24.3012,4.37162,0.245833
0.6482,17.8786,17.8786,4.77662,85.3995,85.0695,24.3282,4.77662,0.2875
0.6484,16.266,16.266,4.95399,80.5816,85.0695,24.3397,4.95399,0.329167
0.6486,18.0358,18.0358,4.45274,80.3085,85.0695,24.3062,4.45274,0.2875
0.6488,18.8127,18.8127,4.37388,82.2843,85.0695,24.3015,4.37388,0.245833
0.649,17.8961,17.8961,4.77009,85.3662,85.0695,24.328,4.77009,0.2875
0.6492,16.2647,16.2647,4.96474,80.7498,85.0695,24.3405,4.96474,0.329167
0.6494,18.016,18.016,4.45264,80.2188,85.0695,24.306,4.45264,0.2875
0.6496,18.8162,18.8162,4.37162,82.2573,85.0695,24.3012,4.37162,0.245833
0.6498,17.8786,17.8786,4.77662,85.3995,85.0695,24.3282,4.77662,0.2875
0.65,16.266,16.266,4.95399,80.5816,85.0695,24.3397,4.95399,0.329167
0.6502,18.0358,18.0358,4.45274,80.3085,85.0695,24.3062,4.45274,0.2875
0.6504,18.8127,18.8127,4.37388,82.2843,85.0695,24.3015,4.37388,0.245833
0.6506,17.8961,17.8961,4.77009,85.3662,85.0695,24.328,4.77009,0.2875
0.6508,16.2647,16.2647,4.96474,80.7498,85.0695,24.3405,4.96474,0.329167
0.651,18.016,18.016,4.45264,80.2188,85.0695,24.306,4.45264,0.2875
0.6512,18.8162,18.8162,4.37162,82.2573,85.0695,24.3012,4.37162,0.245833
0.6514,17.8786,17.8786,4.77662,85.3995,85.0695,24.3282,4.77662,0.2875
0.6516,16.266,16.266,4.95399,80.5816,85.0695,24.3397,4.95399,0.329167
0.6518,18.0358,18.0358,4.45274,80.3085,85.0695,24.3062,4.45274,0.2875
0.652,18.8127,18.8127,4.37388,82.2843,85.0695,24.3015,4.37388,0.245833
0.6522,17.8961,17.8961,4.77009,85.3662,85.0695,24.328,4.77009,0.2875
0.6524,16.2647,16.2647,4.96474,80.7498,85.0695,24.3405,4.96474,0.329167
0.6526,18.016,18.016,4.45264,80.2188,85.0695,24.306,4.45264,0.2875
0.6528,18.8162,18.8162,4.37162,82.2573,85.0695,24.3012,4.37162,0.245833
0.653,17.8786,17.8786,4.77662,85.3995,85.0695,24.3282,4.77662,0.2875
0.6532,16.266,16.266,4.95399,80.5816,85.0695,24.3397,4.95399,0.329167
0.6534,18.0358,18.0358,4.45274,80.3085,85.0695,24.3062,4.45274,0.2875
0.6536,18.8127,18.8127,4.37388,82.2843,85.0695,24.3015,4.37388,0.245833
0.6538,17.8961,17.8961,4.77009,85.3662,85.0695,24.328,4.77009,0.2875
0.654,16.2647,16.2647,4.96474,80.7498,85.0695,24.3405,4.96474,0.329167
0.6542,18.016,18.016,4.45264,80.2188,85.0695,24.306,4.45264,0.2875
0.6544,18.8162,18.8162,4.37162,82.2573,85.0695,24.3012,4.37162,0.245833
0.6546,17.8786,17.8786,4.77662,85.3995,85.0695,24.3282,4.77662,0.2875
0.6548,16.266,16.266,4.95399,80.5816,85.0695,24.3397,4.95399,0.329167
0.655,18.0358,18.0358,4.45274,80.3085,85.0695,24.3062,4.45274,0.2875
0.6552,18.8127,18.8127,4.37388,82.2843,85.0695,24.3015,4.37388,0.245833
0.6554,17.8961,17.8961,4.77009,85.3662,85.0695,24.328,4.77009,0.2875
0.6556,16.2647,16.2647,4.96474,80.7498,85.0695,24.3405,4.96474,0.329167
0.6558,18.016,18.016,4.45264,80.2188,85.0695,24.306,4.45264,0.2875
0.656,18.8162,18.8162,4.37162,82.2573,85.0695,24.3012,4.37162,0.245833
0.6562,17.8786,17.8786,4.77662,85.3995,85.0695,24.3282,4.77662,0.2875
0.6564,16.266,16.266,4.95399,80.5816,85.0695,24.3397,4.95399,0.329167
0.6566,18.0358,18.0358,4.45274,80.3085,85.0695,24.3062,4.45274,0.2875
0.6568,18.8127,18.8127,4.37388,82.2843,85.0695,24.3015,4.37388,0.245833
0.657,17.8961,17.8961,4.77009,85.3662,85.0695,24.328,4.77009,0.2875
0.6572,16.2647,16.2647,4.96474,80.7498,85.0695,24.3405,4.96474,0.329167
0.6574,18.016,18.016,4.45264,80.2188,85.0695,24.306,4.45264,0.2875
0.6576,18.8162,18.8162,4.37162,82.2573,85.0695,24.3012,4.37162,0.245833
0.6578,17.8786,17.8786,4.77662,85.3995,85.0695,24.3282,4.77662,0.2875
0.658,16.266,16.266,4.95399,80.5816,85.0695,24.3397,4.95399,0.329167
0.6582,18.0358,18.0358,4.45274,80.3085,85.0695,24.3062,4.45274,0.2875
0.6584,18.8127,18.8127,4.37388,82.2843,85.0695,24.3015,4.37388,0.245833
0.6586,17.8961,17.8961,4.77009,85.3662,85.0695,24.328,4.77009,0.2875
0.6588,16.2647,16.2647,4.96474,80.7498,85.0695,24.3405,4.96474,0.329167
0.659,18.016,18.016,4.45264,80.2188,85.0695,24.306,4.45264,0.2875
0.6592,18.8162,18.8162,4.37162,82.2573,85.0695,24.3012,4.37162,0.245833
0.6594,17.8786,17.8786,4.77662,85.3995,85.0695,24.3282,4.77662,0.2875
0.6596,16.266,16.266,4.95399,80.5816,85.0695,24.3397,4.95399,0.329167
0.6598,18.0358,18.0358,4.45274,80.3085,85.0695,24.3062,4.45274,0.2875
0.66,18.8127,18.8127,4.37388,82.2843,85.0695,24.3015,4.37388,0.245833
0.6602,17.8961,17.8961,4.77009,85.3662,85.0695,24.328,4.77009,0.2875
0.6604,16.2647,16.2647,4.96474,80.7498,85.0695,24.3405,4.96474,0.329167
0.6606,18.016,18.016,4.45264,80.2188,85.0695,24.306,4.45264,0.2875
0.6608,18.8162,18.8162,4.37162,82.2573,85.0695,24.3012,4.37162,0.245833
0.661,17.8786,17.8786,4.77662,85.3995,85.0695,24.3282,4.77662,0.2875
0.6612,16.266,16.266,4.95399,80.5816,85.0695,24.3397,4.95399,0.329167
0.6614,18.0358,18.0358,4.45274,80.3085,85.0695,24.3062,4.45274,0.2875
0.6616,18.8127,18.8127,4.37388,82.2843,85.0695,24.3015,4.37388,0.245833
0.6618,17.8961,17.8961,4.77009,85.3662,85.0695,24.328,4.77009,0.2875
0.662,16.2647,16.2647,4.96474,80.7498,85.0695,24.3405,4.96474,0.329167
0.6622,18.016,18.016,4.45264,80.2188,85.0695,24.306,4.45264,0.2875
0.6624,18.8162,18.8162,4.37162,82.2573,85.0695,24.3012,4.37162,0.245833
0.6626,17.8786,17.8786,4.77662,85.3995,85.0695,24.3282,4.77662,0.2875
0.6628,16.266,16.266,4.95399,80.5816,85.0695,24.3397,4.95399,0.329167
0.663,18.0358,18.0358,4.45274,80.3085,85.0695,24.3062,4.45274,0.2875
0.6632,18.8127,18.8127,4.37388,82.2843,85.0695,24.3015,4.37388,0.245833
0.6634,17.8961,17.8961,4.77009,85.3662,85.0695,24.328,4.77009,0.2875
0.6636,16.2647,16.2647,4.96474,80.7498,85.0695,24.3405,4.96474,0.329167
0.6638,18.016,18.016,4.45264,80.2188,85.0695,24.306,4.45264,0.2875
0.664,18.8162,18.8162,4.37162,82.2573,85.0695,24.3012,4.37162,0.245833
0.6642,17.8786,17.8786,4.77662,85.3995,85.0695,24.3282,4.77662,0.2875
0.6644,16.266,16.266,4.95399,80.5816,85.0695,24.3397,4.95399,0.329167
0.6646,18.0358,18.0358,4.45274,80.3085,85.0695,24.3062,4.45274,0.2875
0.6648,18.8127,18.8127,4.37388,82.2843,85.0695,24.3015,4.37388,0.245833
0.665,17.8961,17.8961,4.77009,85.3662,85.0695,24.328,4.77009,0.2875
0.6652,16.2647,16.2647,4.96474,80.7498,85.0695,24.3405,4.96474,0.329167
0.6654,18.016,18.016,4.45264,80.2188,85.0695,24.306,4.45264,0.2875
0.6656,18.8162,18.8162,4.37162,82.2573,85.0695,24.3012,4.37162,0.245833
0.6658,17.8786,17.8786,4.77662,85.3995,85.0695,24.3282,4.77662,0.2875
0.666,16.266,16.266,4.95399,80.5816,85.0695,24.3397,4.95399,0.329167
0.6662,18.0358,18.0358,4.45274,80.3085,85.0695,24.3062,4.45274,0.2875
0.6664,18.8127,18.8127,4.37388,82.2843,85.0695,24.3015,4.37388,0.245833
0.6666,17.8961,17.8961,4.77009,85.3662,85.0695,24.328,4.77009,0.2875
0.6668,16.2647,16.2647,4.96474,80.7498,85.0695,24.3405,4.96474,0.329167
0.667,18.016,18.016,4.45264,80.2188,85.0695,24.306,4.45264,0.2875
0.6672,18.8162,18.8162,4.37162,82.2573,85.0695,24.3012,4.37162,0.245833
0.6674,17.8786,17.8786,4.77662,85.3995,85.0695,24.3282,4.77662,0.2875
0.6676,16.266,16.266,4.95399,80.5816,85.0695,24.3397,4.95399,0.329167
0.6678,18.0358,18.0358,4.45274,80.3085,85.0695,24.3062,4.45274,0.2875
0.668,18.8127,18.8127,4.37388,82.2843,85.0695,24.3015,4.37388,0.245833
0.6682,17.8961,17.8961,4.77009,85.3662,85.0695,24.328,4.77009,0.2875
0.6684,16.2647,16.2647,4.96474,80.7498,85.0695,24.3405,4.96474,0.329167
0.6686,18.016,18.016,4.45264,80.2188,85.0695,24.306,4.45264,0.2875
0.6688,18.8162,18.8162,4.37162,82.2573,85.0695,24.3012,4.37162,0.245833
0.669,17.8786,17.8786,4.77662,85.3995,85.0695,24.3282,4.77662,0.2875
0.6692,16.266,16.266,4.95399,80.5816,85.0695,24.3397,4.95399,0.329167
0.6694,18.0358,18.0358,4.45274,80.3085,85.0695,24.3062,4.45274,0.2875
0.6696,18.8127,18.8127,4.37388,82.2843,85.0695,24.3015,4.37388,0.245833
0.6698,17.8961,17.8961,4.77009,85.3662,85.0695,24.328,4.77009,0.2875
0.67,16.2647,16.2647,4.96474,80.7498,85.0695,24.3405,4.96474,0.329167
0.6702,18.016,18.016,4.45264,80.2188,85.0695,24.306,4.45264,0.2875
0.6704,18.8162,18.8162,4.37162,82.2573,85.0695,24.3012,4.37162,0.245833
0.6706,17.8786,17.8786,4.77662,85.3995,85.0695,24.3282,4.77662,0.2875
0.6708,16.266,16.266,4.95399,80.5816,85.0695,24.3397,4.95399,0.329167
0.671,18.0358,18.0358,4.45274,80.3085,85.0695,24.3062,4.45274,0.2875
0.6712,18.8127,18.8127,4.37388,82.2843,85.0695,24.3015,4.37388,0.245833
0.6714,17.8961,17.8961,4.77009,85.3662,85.0695,24.328,4.77009,0.2875
0.6716,16.2647,16.2647,4.96474,80.7498,85.0695,24.3405,4.96474,0.329167
0.6718,18.016,18.016,4.45264,80.2188,85.0695,24.306,4.45264,0.2875
0.672,18.8162,18.8162,4.37162,82.2573,85.0695,24.3012,4.37162,0.245833
0.6722,17.8786,17.8786,4.77662,85.3995,85.0695,24.3282,4.77662,0.2875
0.6724,16.266,16.266,4.95399,80.5816,85.0695,24.3397,4.95399,0.329167
0.6726,18.0358,18.0358,4.45274,80.3085,85.0695,24.3062,4.45274,0.2875
0.6728,18.8127,18.8127,4.37388,82.2843,85.0695,24.3015,4.37388,0.245833
0.673,17.8961,17.8961,4.77009,85.3662,85.0695,24.328,4.77009,0.2875
0.6732,16.2647,16.2647,4.96474,80.7498,85.0695,24.3405,4.96474,0.329167
0.6734,18.016,18.016,4.45264,80.2188,85.0695,24.306,4.45264,0.2875
0.6736,18.8162,18.8162,4.37162,82.2573,85.0695,24.3012,4.37162,0.245833
0.6738,17.8786,17.8786,4.77662,85.3995,85.0695,24.3282,4.77662,0.2875
0.674,16.266,16.266,4.95399,80.5816,85.0695,24.3397,4.95399,0.329167
0.6742,18.0358,18.0358,4.45274,80.3085,85.0695,24.3062,4.45274,0.2875
0.6744,18.8127,18.8127,4.37388,82.2843,85.0695,24.3015,4.37388,0.245833
0.6746,17.8961,17.8961,4.77009,85.3662,85.0695,24.328,4.77009,0.2875
0.6748,16.2647,16.2647,4.96474,80.7498,85.0695,24.3405,4.96474,0.329167
0.675,18.016,18.016,4.45264,80.2188,85.0695,24.306,4.45264,0.2875
0.6752,18.8162,18.8162,4.37162,82.2573,85.0695,24.3012,4.37162,0.245833
0.6754,17.8786,17.8786,4.77662,85.3995,85.0695,24.3282,4.77662,0.2875
0.6756,16.266,16.266,4.95399,80.5816,85.0695,24.3397,4.95399,0.329167
0.6758,18.0358,18.0358,4.45274,80.3085,85.0695,24.3062,4.45274,0.2875
0.676,18.8127,18.8127,4.37388,82.2843,85.0695,24.3015,4.37388,0.245833
0.6762,17.8961,17.8961,4.77009,85.3662,85.0695,24.328,4.77009,0.2875
0.6764,16.2647,16.2647,4.96474,80.7498,85.0695,24.3405,4.96474,0.329167
0.6766,18.016,18.016,4.45264,80.2188,85.0695,24.306,4.45264,0.2875
0.6768,18.8162,18.8162,4.37162,82.2573,85.0695,24.3012,4.37162,0.245833
0.677,17.8786,17.8786,4.77662,85.3995,85.0695,24.3282,4.77662,0.2875
0.6772,16.266,16.266,4.95399,80.5816,85.0695,24.3397,4.95399,0.329167
0.6774,18.0358,18.0358,4.45274,80.3085,85.0695,24.3062,4.45274,0.2875
0.6776,18.8127,18.8127,4.37388,82.2843,85.0695,24.3015,4.37388,0.245833
0.6778,17.8961,17.8961,4.77009,85.3662,85.0695,24.328,4.77009,0.2875
0.678,16.2647,16.2647,4.96474,80.7498,85.0695,24.3405,4.96474,0.329167
0.6782,18.016,18.016,4.45264,80.2188,85.0695,24.306,4.45264,0.2875
0.6784,18.8162,18.8162,4.37162,82.2573,85.0695,24.3012,4.37162,0.245833
0.6786,17.8786,17.8786,4.77662,85.3995,85.0695,24.3282,4.77662,0.2875
0.6788,16.266,16.266,4.95399,80.5816,85.0695,24.3397,4.95399,0.329167
0.679,18.0358,18.0358,4.45274,80.3085,85.0695,24.3062,4.45274,0.2875
0.6792,18.8127,18.8127,4.37388,82.2843,85.0695,24.3015,4.37388,0.245833
0.6794,17.8961,17.8961,4.77009,85.3662,85.0695,24.328,4.77009,0.2875
0.6796,16.2647,16.2647,4.96474,80.7498,85.0695,24.3405,4.96474,0.329167
0.6798,18.016,18.016,4.45264,80.2188,85.0695,24.306,4.45264,0.2875
0.68,18.8162,18.8162,4.37162,82.2573,85.0695,24.3012,4.37162,0.245833
0.6802,17.8786,17.8786,4.77662,85.3995,85.0695,24.3282,4.77662,0.2875
0.6804,16.266,16.266,4.95399,80.5816,85.0695,24.3397,4.95399,0.329167
0.6806,18.0358,18.0358,4.45274,80.3085,85.0695,24.3062,4.45274,0.2875
0.6808,18.8127,18.8127,4.37388,82.2843,85.0695,24.3015,4.37388,0.245833
0.681,17.8961,17.8961,4.77009,85.3662,85.0695,24.328,4.77009,0.2875
0.6812,16.2647,16.2647,4.96474,80.7498,85.0695,24.3405,4.96474,0.329167
0.6814,18.016,18.016,4.45264,80.2188,85.0695,24.306,4.45264,0.2875
0.6816,18.8162,18.8162,4.37162,82.2573,85.0695,24.3012,4.37162,0.245833
0.6818,17.8786,17.8786,4.77662,85.3995,85.0695,24.3282,4.77662,0.2875
0.682,16.266,16.266,4.95399,80.5816,85.0695,24.3397,4.95399,0.329167
0.6822,18.0358,18.0358,4.45274,80.3085,85.0695,24.3062,4.45274,0.2875
0.6824,18.8127,18.8127,4.37388,82.2843,85.0695,24.3015,4.37388,0.245833
0.6826,17.8961,17.8961,4.77009,85.3662,85.0695,24.328,4.77009,0.2875
0.6828,16.2647,16.2647,4.96474,80.7498,85.0695,24.3405,4.96474,0.329167
0.683,18.016,18.016,4.45264,80.2188,85.0695,24.306,4.45264,0.2875
0.6832,18.8162,18.8162,4.37162,82.2573,85.0695,24.3012,4.37162,0.245833
0.6834,17.8786,17.8786,4.77662,85.3995,85.0695,24.3282,4.77662,0.2875
0.6836,16.266,16.266,4.95399,80.5816,85.0695,24.3397,4.95399,0.329167
0.6838,18.0358,18.0358,4.45274,80.3085,85.0695,24.3062,4.45274,0.2875
0.684,18.8127,18.8127,4.37388,82.2843,85.0695,24.3015,4.37388,0.245833
0.6842,17.8961,17.8961,4.77009,85.3662,85.0695,24.328,4.77009,0.2875
0.6844,16.2647,16.2647,4.96474,80.7498,85.0695,24.3405,4.96474,0.329167
0.6846,18.016,18.016,4.45264,80.2188,85.0695,24.306,4.45264,0.2875
0.6848,18.8162,18.8162,4.37162,82.2573,85.0695,24.3012,4.37162,0.245833
0.685,17.8786,17.8786,4.77662,85.3995,85.0695,24.3282,4.77662,0.2875
0.6852,16.266,16.266,4.95399,80.5816,85.0695,24.3397,4.95399,0.329167
0.6854,18.0358,18.0358,4.45274,80.3085,85.0695,24.3062,4.45274,0.2875
0.6856,18.8127,18.8127,4.37388,82.2843,85.0695,24.3015,4.37388,0.245833
0.6858,17.8961,17.8961,4.77009,85.3662,85.0695,24.328,4.77009,0.2875
0.686,16.2647,16.2647,4.96474,80.7498,85.0695,24.3405,4.96474,0.329167
0.6862,18.016,18.016,4.45264,80.2188,85.0695,24.306,4.45264,0.2875
0.6864,18.8162,18.8162,4.37162,82.2573,85.0695,24.3012,4.37162,0.245833
0.6866,17.8786,17.8786,4.77662,85.3995,85.0695,24.3282,4.77662,0.2875
0.6868,16.266,16.266,4.95399,80.5816,85.0695,24.3397,4.95399,0.329167
0.687,18.0358,18.0358,4.45274,80.3085,85.0695,24.3062,4.45274,0.2875
0.6872,18.8127,18.8127,4.37388,82.2843,85.0695,24.3015,4.37388,0.245833
0.6874,17.8961,17.8961,4.77009,85.3662,85.0695,24.328,4.77009,0.2875
0.6876,16.2647,16.2647,4.96474,80.7498,85.0695,24.3405,4.96474,0.329167
0.6878,18.016,18.016,4.45264,80.2188,85.0695,24.306,4.45264,0.2875
0.688,18.8162,18.8162,4.37162,82.2573,85.0695,24.3012,4.37162,0.245833
0.6882,17.8786,17.8786,4.77662,85.3995,85.0695,24.3282,4.77662,0.2875
0.6884,16.266,16.266,4.95399,80.5816,85.0695,24.3397,4.95399,0.329167
0.6886,18.0358,18.0358,4.45274,80.3085,85.0695,24.3062,4.45274,0.2875
0.6888,18.8127,18.8127,4.37388,82.2843,85.0695,24.3015,4.37388,0.245833
0.689,17.8961,17.8961,4.77009,85.3662,85.0695,24.328,4.77009,0.2875
0.6892,16.2647,16.2647,4.96474,80.7498,85.0695,24.3405,4.96474,0.329167
0.6894,18.016,18.016,4.45264,80.2188,85.0695,24.306,4.45264,0.2875
0.6896,18.8162,18.8162,4.37162,82.2573,85.0695,24.3012,4.37162,0.245833
0.6898,17.8786,17.8786,4.77662,85.3995,85.0695,24.3282,4.77662,0.2875
0.69,16.266,16.266,4.95399,80.5816,85.0695,24.3397,4.95399,0.329167
0.6902,18.0358,18.0358,4.45274,80.3085,85.0695,24.3062,4.45274,0.2875
0.6904,18.8127,18.8127,4.37388,82.2843,85.0695,24.3015,4.37388,0.245833
0.6906,17.8961,17.8961,4.77009,85.3662,85.0695,24.328,4.77009,0.2875
0.6908,16.2647,16.2647,4.96474,80.7498,85.0695,24.3405,4.96474,0.329167
0.691,18.016,18.016,4.45264,80.2188,85.0695,24.306,4.45264,0.2875
0.6912,18.8162,18.8162,4.37162,82.2573,85.0695,24.3012,4.37162,0.245833
0.6914,17.8786,17.8786,4.77662,85.3995,85.0695,24.3282,4.77662,0.2875
0.6916,16.266,16.266,4.95399,80.5816,85.0695,24.3397,4.95399,0.329167
0.6918,18.0358,18.0358,4.45274,80.3085,85.0695,24.3062,4.45274,0.2875
0.692,18.8127,18.8127,4.37388,82.2843,85.0695,24.3015,4.37388,0.245833
0.6922,17.8961,17.8961,4.77009,85.3662,85.0695,24.328,4.77009,0.2875
0.6924,16.2647,16.2647,4.96474,80.7498,85.0695,24.3405,4.96474,0.329167
0.6926,18.016,18.016,4.45264,80.2188,85.0695,24.306,4.45264,0.2875
0.6928,18.8162,18.8162,4.37162,82.2573,85.0695,24.3012,4.37162,0.245833
0.693,17.8786,17.8786,4.77662,85.3995,85.0695,24.3282,4.77662,0.2875
0.6932,16.266,16.266,4.95399,80.5816,85.0695,24.3397,4.95399,0.329167
0.6934,18.0358,18.0358,4.45274,80.3085,85.0695,24.3062,4.45274,0.2875
0.6936,18.8127,18.8127,4.37388,82.2843,85.0695,24.3015,4.37388,0.245833
0.6938,17.8961,17.8961,4.77009,85.3662,85.0695,24.328,4.77009,0.2875
0.694,16.2647,16.2647,4.96474,80.7498,85.0695,24.3405,4.96474,0.329167
0.6942,18.016,18.016,4.45264,80.2188,85.0695,24.306,4.45264,0.2875
0.6944,18.8162,18.8162,4.37162,82.2573,85.0695,24.3012,4.37162,0.245833
0.6946,17.8786,17.8786,4.77662,85.3995,85.0695,24.3282,4.77662,0.2875
0.6948,16.266,16.266,4.95399,80.5816,85.0695,24.3397,4.95399,0.329167
0.695,18.0358,18.0358,4.45274,80.3085,85.0695,24.3062,4.45274,0.2875
0.6952,18.8127,18.8127,4.37388,82.2843,85.0695,24.3015,4.37388,0.245833
0.6954,17.8961,17.8961,4.77009,85.3662,85.0695,24.328,4.77009,0.2875
0.6956,16.2647,16.2647,4.96474,80.7498,85.0695,24.3405,4.96474,0.329167
0.6958,18.016,18.016,4.45264,80.2188,85.0695,24.306,4.45264,0.2875
0.696,18.8162,18.8162,4.37162,82.2573,85.0695,24.3012,4.37162,0.245833
0.6962,17.8786,17.8786,4.77662,85.3995,85.0695,24.3282,4.77662,0.2875
0.6964,16.266,16.266,4.95399,80.5816,85.0695,24.3397,4.95399,0.329167
0.6966,18.0358,18.0358,4.45274,80.3085,85.0695,24.3062,4.45274,0.2875
0.6968,18.8127,18.8127,4.37388,82.2843,85.0695,24.3015,4.37388,0.245833
0.697,17.8961,17.8961,4.77009,85.3662,85.0695,24.328,4.77009,0.2875
0.6972,16.2647,16.2647,4.96474,80.7498,85.0695,24.3405,4.96474,0.329167
0.6974,18.016,18.016,4.45264,80.2188,85.0695,24.306,4.45264,0.2875
0.6976,18.8162,18.8162,4.37162,82.2573,85.0695,24.3012,4.37162,0.245833
0.6978,17.8786,17.8786,4.77662,85.3995,85.0695,24.3282,4.77662,0.2875
0.698,16.266,16.266,4.95399,80.5816,85.0695,24.3397,4.95399,0.329167
0.6982,18.0358,18.0358,4.45274,80.3085,85.0695,24.3062,4.45274,0.2875
0.6984,18.8127,18.8127,4.37388,82.2843,85.0695,24.3015,4.37388,0.245833
0.6986,17.8961,17.8961,4.77009,85.3662,85.0695,24.328,4.77009,0.2875
0.6988,16.2647,16.2647,4.96474,80.7498,85.0695,24.3405,4.96474,0.329167
0.699,18.016,18.016,4.45264,80.2188,85.0695,24.306,4.45264,0.2875
0.6992,18.8162,18.8162,4.37162,82.2573,85.0695,24.3012,4.37162,0.245833
0.6994,17.8786,17.8786,4.77662,85.3995,85.0695,24.3282,4.77662,0.2875
0.6996,16.266,16.266,4.95399,80.5816,85.0695,24.3397,4.95399,0.329167
0.6998,18.0358,18.0358,4.45274,80.3085,85.0695,24.3062,4.45274,0.2875
0.7,18.8127,18.8127,4.37388,82.2843,85.0695,24.3015,4.37388,0.245833
0.7002,17.8961,17.8961,4.77009,85.3662,85.0695,24.328,4.77009,0.2875
0.7004,16.2647,16.2647,4.96474,80.7498,85.0695,24.3405,4.96474,0.329167
0.7006,18.016,18.016,4.45264,80.2188,85.0695,24.306,4.45264,0.2875
0.7008,18.8162,18.8162,4.37162,82.2573,85.0695,24.3012,4.37162,0.245833
0.701,17.8786,17.8786,4.77662,85.3995,85.0695,24.3282,4.77662,0.2875
0.7012,16.266,16.266,4.95399,80.5816,85.0695,24.3397,4.95399,0.329167
0.7014,18.0358,18.0358,4.45274,80.3085,85.0695,24.3062,4.45274,0.2875
0.7016,18.8127,18.8127,4.37388,82.2843,85.0695,24.3015,4.37388,0.245833
0.7018,17.8961,17.8961,4.77009,85.3662,85.0695,24.328,4.77009,0.2875
0.702,16.2647,16.2647,4.96474,80.7498,85.0695,24.3405,4.96474,0.329167
0.7022,18.016,18.016,4.45264,80.2188,85.0695,24.306,4.45264,0.2875
0.7024,18.8162,18.8162,4.37162,82.2573,85.0695,24.3012,4.37162,0.245833
0.7026,17.8786,17.8786,4.77662,85.3995,85.0695,24.3282,4.77662,0.2875
0.7028,16.266,16.266,4.95399,80.5816,85.0695,24.3397,4.95399,0.329167
0.703,18.0358,18.0358,4.45274,80.3085,85.0695,24.3062,4.45274,0.2875
0.7032,18.8127,18.8127,4.37388,82.2843,85.0695,24.3015,4.37388,0.245833
0.7034,17.8961,17.8961,4.77009,85.3662,85.0695,24.328,4.77009,0.2875
0.7036,16.2647,16.2647,4.96474,80.7498,85.0695,24.3405,4.96474,0.329167
0.7038,18.016,18.016,4.45264,80.2188,85.0695,24.306,4.45264,0.2875
0.704,18.8162,18.8162,4.37162,82.2573,85.0695,24.3012,4.37162,0.245833
0.7042,17.8786,17.8786,4.77662,85.3995,85.0695,24.3282,4.77662,0.2875
0.7044,16.266,16.266,4.95399,80.5816,85.0695,24.3397,4.95399,0.329167
0.7046,18.0358,18.0358,4.45274,80.3085,85.0695,24.3062,4.45274,0.2875
0.7048,18.8127,18.8127,4.37388,82.2843,85.0695,24.3015,4.37388,0.245833
0.705,17.8961,17.8961,4.77009,85.3662,85.0695,24.328,4.77009,0.2875
0.7052,16.2647,16.2647,4.96474,80.7498,85.0695,24.3405,4.96474,0.329167
0.7054,18.016,18.016,4.45264,80.2188,85.0695,24.306,4.45264,0.2875
0.7056,18.8162,18.8162,4.37162,82.2573,85.0695,24.3012,4.37162,0.245833
0.7058,17.8786,17.8786,4.77662,85.3995,85.0695,24.3282,4.77662,0.2875
0.706,16.266,16.266,4.95399,80.5816,85.0695,24.3397,4.95399,0.329167
0.7062,18.0358,18.0358,4.45274,80.3085,85.0695,24.3062,4.45274,0.2875
0.7064,18.8127,18.8127,4.37388,82.2843,85.0695,24.3015,4.37388,0.245833
0.7066,17.8961,17.8961,4.77009,85.3662,85.0695,24.328,4.77009,0.2875
0.7068,16.2647,16.2647,4.96474,80.7498,85.0695,24.3405,4.96474,0.329167
0.707,18.016,18.016,4.45264,80.2188,85.0695,24.306,4.45264,0.2875
0.7072,18.8162,18.8162,4.37162,82.2573,85.0695,24.3012,4.37162,0.245833
0.7074,17.8786,17.8786,4.77662,85.3995,85.0695,24.3282,4.77662,0.2875
0.7076,16.266,16.266,4.95399,80.5816,85.0695,24.3397,4.95399,0.329167
0.7078,18.0358,18.0358,4.45274,80.3085,85.0695,24.3062,4.45274,0.2875
0.708,18.8127,18.8127,4.37388,82.2843,85.0695,24.3015,4.37388,0.245833
0.7082,17.8961,17.8961,4.77009,85.3662,85.0695,24.328,4.77009,0.2875
0.7084,16.2647,16.2647,4.96474,80.7498,85.0695,24.3405,4.96474,0.329167
0.7086,18.016,18.016,4.45264,80.2188,85.0695,24.306,4.45264,0.2875
0.7088,18.8162,18.8162,4.37162,82.2573,85.0695,24.3012,4.37162,0.245833
0.709,17.8786,17.8786,4.77662,85.3995,85.0695,24.3282,4.77662,0.2875
0.7092,16.266,16.266,4.95399,80.5816,85.0695,24.3397,4.95399,0.329167
0.7094,18.0358,18.0358,4.45274,80.3085,85.0695,24.3062,4.45274,0.2875
0.7096,18.8127,18.8127,4.37388,82.2843,85.0695,24.3015,4.37388,0.245833
0.7098,17.8961,17.8961,4.77009,85.3662,85.0695,24.328,4.77009,0.2875
0.71,16.2647,16.2647,4.96474,80.7498,85.0695,24.3405,4.96474,0.329167
0.7102,18.016,18.016,4.45264,80.2188,85.0695,24.306,4.45264,0.2875
0.7104,18.8162,18.8162,4.37162,82.2573,85.0695,24.3012,4.37162,0.245833
0.7106,17.8786,17.8786,4.77662,85.3995,85.0695,24.3282,4.77662,0.2875
0.7108,16.266,16.266,4.95399,80.5816,85.0695,24.3397,4.95399,0.329167
0.711,18.0358,18.0358,4.45274,80.3085,85.0695,24.3062,4.45274,0.2875
0.7112,18.8127,18.8127,4.37388,82.2843,85.0695,24.3015,4.37388,0.245833
0.7114,17.8961,17.8961,4.77009,85.3662,85.0695,24.328,4.77009,0.2875
0.7116,16.2647,16.2647,4.96474,80.7498,85.0695,24.3405,4.96474,0.329167
0.7118,18.016,18.016,4.45264,80.2188,85.0695,24.306,4.45264,0.2875
0.712,18.8162,18.8162,4.37162,82.2573,85.0695,24.3012,4.37162,0.245833
0.7122,17.8786,17.8786,4.77662,85.3995,85.0695,24.3282,4.77662,0.2875
0.7124,16.266,16.266,4.95399,80.5816,85.0695,24.3397,4.95399,0.329167
0.7126,18.0358,18.0358,4.45274,80.3085,85.0695,24.3062,4.45274,0.2875
0.7128,18.8127,18.8127,4.37388,82.2843,85.0695,24.3015,4.37388,0.245833
0.713,17.8961,17.8961,4.77009,85.3662,85.0695,24.328,4.77009,0.2875
0.7132,16.2647,16.2647,4.96474,80.7498,85.0695,24.3405,4.96474,0.329167
0.7134,18.016,18.016,4.45264,80.2188,85.0695,24.306,4.45264,0.2875
0.7136,18.8162,18.8162,4.37162,82.2573,85.0695,24.3012,4.37162,0.245833
0.7138,17.8786,17.8786,4.77662,85.3995,85.0695,24.3282,4.77662,0.2875
0.714,16.266,16.266,4.95399,80.5816,85.0695,24.3397,4.95399,0.329167
0.7142,18.0358,18.0358,4.45274,80.3085,85.0695,24.3062,4.45274,0.2875
0.7144,18.8127,18.8127,4.37388,82.2843,85.0695,24.3015,4.37388,0.245833
0.7146,17.8961,17.8961,4.77009,85.3662,85.0695,24.328,4.77009,0.2875
0.7148,16.2647,16.2647,4.96474,80.7498,85.0695,24.3405,4.96474,0.329167
0.715,18.016,18.016,4.45264,80.2188,85.0695,24.306,4.45264,0.2875
0.7152,18.8162,18.8162,4.37162,82.2573,85.0695,24.3012,4.37162,0.245833
0.7154,17.8786,17.8786,4.77662,85.3995,85.0695,24.3282,4.77662,0.2875
0.7156,16.266,16.266,4.95399,80.5816,85.0695,24.3397,4.95399,0.329167
0.7158,18.0358,18.0358,4.45274,80.3085,85.0695,24.3062,4.45274,0.2875
0.716,18.8127,18.8127,4.37388,82.2843,85.0695,24.3015,4.37388,0.245833
0.7162,17.8961,17.8961,4.77009,85.3662,85.0695,24.328,4.77009,0.2875
0.7164,16.2647,16.2647,4.96474,80.7498,85.0695,24.3405,4.96474,0.329167
0.7166,18.016,18.016,4.45264,80.2188,85.0695,24.306,4.45264,0.2875
0.7168,18.8162,18.8162,4.37162,82.2573,85.0695,24.3012,4.37162,0.245833
0.717,17.8786,17.8786,4.77662,85.3995,85.0695,24.3282,4.77662,0.2875
0.7172,16.266,16.266,4.95399,80.5816,85.0695,24.3397,4.95399,0.329167
0.7174,18.0358,18.0358,4.45274,80.3085,85.0695,24.3062,4.45274,0.2875
0.7176,18.8127,18.8127,4.37388,82.2843,85.0695,24.3015,4.37388,0.245833
0.7178,17.8961,17.8961,4.77009,85.3662,85.0695,24.328,4.77009,0.2875
0.718,16.2647,16.2647,4.96474,80.7498,85.0695,24.3405,4.96474,0.329167
0.7182,18.016,18.016,4.45264,80.2188,85.0695,24.306,4.45264,0.2875
0.7184,18.8162,18.8162,4.37162,82.2573,85.0695,24.3012,4.37162,0.245833
0.7186,17.8786,17.8786,4.77662,85.3995,85.0695,24.3282,4.77662,0.2875
0.7188,16.266,16.266,4.95399,80.5816,85.0695,24.3397,4.95399,0.329167
0.719,18.0358,18.0358,4.45274,80.3085,85.0695,24.3062,4.45274,0.2875
0.7192,18.8127,18.8127,4.37388,82.2843,85.0695,24.3015,4.37388,0.245833
0.7194,17.8961,17.8961,4.77009,85.3662,85.0695,24.328,4.77009,0.2875
0.7196,16.2647,16.2647,4.96474,80.7498,85.0695,24.3405,4.96474,0.329167
0.7198,18.016,18.016,4.45264,80.2188,85.0695,24.306,4.45264,0.2875
0.72,18.8162,18.8162,4.37162,82.2573,85.0695,24.3012,4.37162,0.245833
0.7202,17.8786,17.8786,4.77662,85.3995,85.0695,24.3282,4.77662,0.2875
0.7204,16.266,16.266,4.95399,80.5816,85.0695,24.3397,4.95399,0.329167
0.7206,18.0358,18.0358,4.45274,80.3085,85.0695,24.3062,4.45274,0.2875
0.7208,18.8127,18.8127,4.37388,82.2843,85.0695,24.3015,4.37388,0.245833
0.721,17.8961,17.8961,4.77009,85.3662,85.0695,24.328,4.77009,0.2875
0.7212,16.2647,16.2647,4.96474,80.7498,85.0695,24.3405,4.96474,0.329167
0.7214,18.016,18.016,4.45264,80.2188,85.0695,24.306,4.45264,0.2875
0.7216,18.8162,18.8162,4.37162,82.2573,85.0695,24.3012,4.37162,0.245833
0.7218,17.8786,17.8786,4.77662,85.3995,85.0695,24.3282,4.77662,0.2875
0.722,16.266,16.266,4.95399,80.5816,85.0695,24.3397,4.95399,0.329167
0.7222,18.0358,18.0358,4.45274,80.3085,85.0695,24.3062,4.45274,0.2875
0.7224,18.8127,18.8127,4.37388,82.2843,85.0695,24.3015,4.37388,0.245833
0.7226,17.8961,17.8961,4.77009,85.3662,85.0695,24.328,4.77009,0.2875
0.7228,16.2647,16.2647,4.96474,80.7498,85.0695,24.3405,4.96474,0.329167
0.723,18.016,18.016,4.45264,80.2188,85.0695,24.306,4.45264,0.2875
0.7232,18.8162,18.8162,4.37162,82.2573,85.0695,24.3012,4.37162,0.245833
0.7234,17.8786,17.8786,4.77662,85.3995,85.0695,24.3282,4.77662,0.2875
0.7236,16.266,16.266,4.95399,80.5816,85.0695,24.3397,4.95399,0.329167
0.7238,18.0358,18.0358,4.45274,80.3085,85.0695,24.3062,4.45274,0.2875
0.724,18.8127,18.8127,4.37388,82.2843,85.0695,24.3015,4.37388,0.245833
0.7242,17.8961,17.8961,4.77009,85.3662,85.0695,24.328,4.77009,0.2875
0.7244,16.2647,16.2647,4.96474,80.7498,85.0695,24.3405,4.96474,0.329167
0.7246,18.016,18.016,4.45264,80.2188,85.0695,24.306,4.45264,0.2875
0.7248,18.8162,18.8162,4.37162,82.2573,85.0695,24.3012,4.37162,0.245833
0.725,17.8786,17.8786,4.77662,85.3995,85.0695,24.3282,4.77662,0.2875
0.7252,16.266,16.266,4.95399,80.5816,85.0695,24.3397,4.95399,0.329167
0.7254,18.0358,18.0358,4.45274,80.3085,85.0695,24.3062,4.45274,0.2875
0.7256,18.8127,18.8127,4.37388,82.2843,85.0695,24.3015,4.37388,0.245833
0.7258,17.8961,17.8961,4.77009,85.3662,85.0695,24.328,4.77009,0.2875
0.726,16.2647,16.2647,4.96474,80.7498,85.0695,24.3405,4.96474,0.329167
0.7262,18.016,18.016,4.45264,80.2188,85.0695,24.306,4.45264,0.2875
0.7264,18.8162,18.8162,4.37162,82.2573,85.0695,24.3012,4.37162,0.245833
0.7266,17.8786,17.8786,4.77662,85.3995,85.0695,24.3282,4.77662,0.2875
0.7268,16.266,16.266,4.95399,80.5816,85.0695,24.3397,4.95399,0.329167
0.727,18.0358,18.0358,4.45274,80.3085,85.0695,24.3062,4.45274,0.2875
0.7272,18.8127,18.8127,4.37388,82.2843,85.0695,24.3015,4.37388,0.245833
0.7274,17.8961,17.8961,4.77009,85.3662,85.0695,24.328,4.77009,0.2875
0.7276,16.2647,16.2647,4.96474,80.7498,85.0695,24.3405,4.96474,0.329167
0.7278,18.016,18.016,4.45264,80.2188,85.0695,24.306,4.45264,0.2875
0.728,18.8162,18.8162,4.37162,82.2573,85.0695,24.3012,4.37162,0.245833
0.7282,17.8786,17.8786,4.77662,85.3995,85.0695,24.3282,4.77662,0.2875
0.7284,16.266,16.266,4.95399,80.5816,85.0695,24.3397,4.95399,0.329167
0.7286,18.0358,18.0358,4.45274,80.3085,85.0695,24.3062,4.45274,0.2875
0.7288,18.8127,18.8127,4.37388,82.2843,85.0695,24.3015,4.37388,0.245833
0.729,17.8961,17.8961,4.77009,85.3662,85.0695,24.328,4.77009,0.2875
0.7292,16.2647,16.2647,4.96474,80.7498,85.0695,24.3405,4.96474,0.329167
0.7294,18.016,18.016,4.45264,80.2188,85.0695,24.306,4.45264,0.2875
0.7296,18.8162,18.8162,4.37162,82.2573,85.0695,24.3012,4.37162,0.245833
0.7298,17.8786,17.8786,4.77662,85.3995,85.0695,24.3282,4.77662,0.2875
0.73,16.266,16.266,4.95399,80.5816,85.0695,24.3397,4.95399,0.329167
0.7302,18.0358,18.0358,4.45274,80.3085,85.0695,24.3062,4.45274,0.2875
0.7304,18.8127,18.8127,4.37388,82.2843,85.0695,24.3015,4.37388,0.245833
0.7306,17.8961,17.8961,4.77009,85.3662,85.0695,24.328,4.77009,0.2875
0.7308,16.2647,16.2647,4.96474,80.7498,85.0695,24.3405,4.96474,0.329167
0.731,18.016,18.016,4.45264,80.2188,85.0695,24.306,4.45264,0.2875
0.7312,18.8162,18.8162,4.37162,82.2573,85.0695,24.3012,4.37162,0.245833
0.7314,17.8786,17.8786,4.77662,85.3995,85.0695,24.3282,4.77662,0.2875
0.7316,16.266,16.266,4.95399,80.5816,85.0695,24.3397,4.95399,0.329167
0.7318,18.0358,18.0358,4.45274,80.3085,85.0695,24.3062,4.45274,0.2875
0.732,18.8127,18.8127,4.37388,82.2843,85.0695,24.3015,4.37388,0.245833
0.7322,17.8961,17.8961,4.77009,85.3662,85.0695,24.328,4.77009,0.2875
0.7324,16.2647,16.2647,4.96474,80.7498,85.0695,24.3405,4.96474,0.329167
0.7326,18.016,18.016,4.45264,80.2188,85.0695,24.306,4.45264,0.2875
0.7328,18.8162,18.8162,4.37162,82.2573,85.0695,24.3012,4.37162,0.245833
0.733,17.8786,17.8786,4.77662,85.3995,85.0695,24.3282,4.77662,0.2875
0.7332,16.266,16.266,4.95399,80.5816,85.0695,24.3397,4.95399,0.329167
0.7334,18.0358,18.0358,4.45274,80.3085,85.0695,24.3062,4.45274,0.2875
0.7336,18.8127,18.8127,4.37388,82.2843,85.0695,24.3015,4.37388,0.245833
0.7338,17.8961,17.8961,4.77009,85.3662,85.0695,24.328,4.77009,0.2875
0.734,16.2647,16.2647,4.96474,80.7498,85.0695,24.3405,4.96474,0.329167
0.7342,18.016,18.016,4.45264,80.2188,85.0695,24.306,4.45264,0.2875
0.7344,18.8162,18.8162,4.37162,82.2573,85.0695,24.3012,4.37162,0.245833
0.7346,17.8786,17.8786,4.77662,85.3995,85.0695,24.3282,4.77662,0.2875
0.7348,16.266,16.266,4.95399,80.5816,85.0695,24.3397,4.95399,0.329167
0.735,18.0358,18.0358,4.45274,80.3085,85.0695,24.3062,4.45274,0.2875
0.7352,18.8127,18.8127,4.37388,82.2843,85.0695,24.3015,4.37388,0.245833
0.7354,17.8961,17.8961,4.77009,85.3662,85.0695,24.328,4.77009,0.2875
0.7356,16.2647,16.2647,4.96474,80.7498,85.0695,24.3405,4.96474,0.329167
0.7358,18.016,18.016,4.45264,80.2188,85.0695,24.306,4.45264,0.2875
0.736,18.8162,18.8162,4.37162,82.2573,85.0695,24.3012,4.37162,0.245833
0.7362,17.8786,17.8786,4.77662,85.3995,85.0695,24.3282,4.77662,0.2875
0.7364,16.266,16.266,4.95399,80.5816,85.0695,24.3397,4.95399,0.329167
0.7366,18.0358,18.0358,4.45274,80.3085,85.0695,24.3062,4.45274,0.2875
0.7368,18.8127,18.8127,4.37388,82.2843,85.0695,24.3015,4.37388,0.245833
0.737,17.8961,17.8961,4.77009,85.3662,85.0695,24.328,4.77009,0.2875
0.7372,16.2647,16.2647,4.96474,80.7498,85.0695,24.3405,4.96474,0.329167
0.7374,18.016,18.016,4.45264,80.2188,85.0695,24.306,4.45264,0.2875
0.7376,18.8162,18.8162,4.37162,82.2573,85.0695,24.3012,4.37162,0.245833
0.7378,17.8786,17.8786,4.77662,85.3995,85.0695,24.3282,4.77662,0.2875
0.738,16.266,16.266,4.95399,80.5816,85.0695,24.3397,4.95399,0.329167
0.7382,18.0358,18.0358,4.45274,80.3085,85.0695,24.3062,4.45274,0.2875
0.7384,18.8127,18.8127,4.37388,82.2843,85.0695,24.3015,4.37388,0.245833
0.7386,17.8961,17.8961,4.77009,85.3662,85.0695,24.328,4.77009,0.2875
0.7388,16.2647,16.2647,4.96474,80.7498,85.0695,24.3405,4.96474,0.329167
0.739,18.016,18.016,4.45264,80.2188,85.0695,24.306,4.45264,0.2875
0.7392,18.8162,18.8162,4.37162,82.2573,85.0695,24.3012,4.37162,0.245833
0.7394,17.8786,17.8786,4.77662,85.3995,85.0695,24.3282,4.77662,0.2875
0.7396,16.266,16.266,4.95399,80.5816,85.0695,24.3397,4.95399,0.329167
0.7398,18.0358,18.0358,4.45274,80.3085,85.0695,24.3062,4.45274,0.2875
0.74,18.8127,18.8127,4.37388,82.2843,85.0695,24.3015,4.37388,0.245833
0.7402,17.8961,17.8961,4.77009,85.3662,85.0695,24.328,4.77009,0.2875
0.7404,16.2647,16.2647,4.96474,80.7498,85.0695,24.3405,4.96474,0.329167
0.7406,18.016,18.016,4.45264,80.2188,85.0695,24.306,4.45264,0.2875
0.7408,18.8162,18.8162,4.37162,82.2573,85.0695,24.3012,4.37162,0.245833
0.741,17.8786,17.8786,4.77662,85.3995,85.0695,24.3282,4.77662,0.2875
0.7412,16.266,16.266,4.95399,80.5816,85.0695,24.3397,4.95399,0.329167
0.7414,18.0358,18.0358,4.45274,80.3085,85.0695,24.3062,4.45274,0.2875
0.7416,18.8127,18.8127,4.37388,82.2843,85.0695,24.3015,4.37388,0.245833
0.7418,17.8961,17.8961,4.77009,85.3662,85.0695,24.328,4.77009,0.2875
0.742,16.2647,16.2647,4.96474,80.7498,85.0695,24.3405,4.96474,0.329167
0.7422,18.016,18.016,4.45264,80.2188,85.0695,24.306,4.45264,0.2875
0.7424,18.8162,18.8162,4.37162,82.2573,85.0695,24.3012,4.37162,0.245833
0.7426,17.8786,17.8786,4.77662,85.3995,85.0695,24.3282,4.77662,0.2875
0.7428,16.266,16.266,4.95399,80.5816,85.0695,24.3397,4.95399,0.329167
0.743,18.0358,18.0358,4.45274,80.3085,85.0695,24.3062,4.45274,0.2875
0.7432,18.8127,18.8127,4.37388,82.2843,85.0695,24.3015,4.37388,0.245833
0.7434,17.8961,17.8961,4.77009,85.3662,85.0695,24.328,4.77009,0.2875
0.7436,16.2647,16.2647,4.96474,80.7498,85.0695,24.3405,4.96474,0.329167
0.7438,18.016,18.016,4.45264,80.2188,85.0695,24.306,4.45264,0.2875
0.744,18.8162,18.8162,4.37162,82.2573,85.0695,24.3012,4.37162,0.245833
0.7442,17.8786,17.8786,4.77662,85.3995,85.0695,24.3282,4.77662,0.2875
0.7444,16.266,16.266,4.95399,80.5816,85.0695,24.3397,4.95399,0.329167
0.7446,18.0358,18.0358,4.45274,80.3085,85.0695,24.3062,4.45274,0.2875
0.7448,18.8127,18.8127,4.37388,82.2843,85.0695,24.3015,4.37388,0.245833
0.745,17.8961,17.8961,4.77009,85.3662,85.0695,24.328,4.77009,0.2875
0.7452,16.2647,16.2647,4.96474,80.7498,85.0695,24.3405,4.96474,0.329167
0.7454,18.016,18.016,4.45264,80.2188,85.0695,24.306,4.45264,0.2875
0.7456,18.8162,18.8162,4.37162,82.2573,85.0695,24.3012,4.37162,0.245833
0.7458,17.8786,17.8786,4.77662,85.3995,85.0695,24.3282,4.77662,0.2875
0.746,16.266,16.266,4.95399,80.5816,85.0695,24.3397,4.95399,0.329167
0.7462,18.0358,18.0358,4.45274,80.3085,85.0695,24.3062,4.45274,0.2875
0.7464,18.8127,18.8127,4.37388,82.2843,85.0695,24.3015,4.37388,0.245833
0.7466,17.8961,17.8961,4.77009,85.3662,85.0695,24.328,4.77009,0.2875
0.7468,16.2647,16.2647,4.96474,80.7498,85.0695,24.3405,4.96474,0.329167
0.747,18.016,18.016,4.45264,80.2188,85.0695,24.306,4.45264,0.2875
0.7472,18.8162,18.8162,4.37162,82.2573,85.0695,24.3012,4.37162,0.245833
0.7474,17.8786,17.8786,4.77662,85.3995,85.0695,24.3282,4.77662,0.2875
0.7476,16.266,16.266,4.95399,80.5816,85.0695,24.3397,4.95399,0.329167
0.7478,18.0358,18.0358,4.45274,80.3085,85.0695,24.3062,4.45274,0.2875
0.748,18.8127,18.8127,4.37388,82.2843,85.0695,24.3015,4.37388,0.245833
0.7482,17.8961,17.8961,4.77009,85.3662,85.0695,24.328,4.77009,0.2875
0.7484,16.2647,16.2647,4.96474,80.7498,85.0695,24.3405,4.96474,0.329167
0.7486,18.016,18.016,4.45264,80.2188,85.0695,24.306,4.45264,0.2875
0.7488,18.8162,18.8162,4.37162,82.2573,85.0695,24.3012,4.37162,0.245833
0.749,17.8786,17.8786,4.77662,85.3995,85.0695,24.3282,4.77662,0.2875
0.7492,16.266,16.266,4.95399,80.5816,85.0695,24.3397,4.95399,0.329167
0.7494,18.0358,18.0358,4.45274,80.3085,85.0695,24.3062,4.45274,0.2875
0.7496,18.8127,18.8127,4.37388,82.2843,85.0695,24.3015,4.37388,0.245833
0.7498,17.8961,17.8961,4.77009,85.3662,85.0695,24.328,4.77009,0.2875
0.75,16.2647,16.2647,4.96474,80.7498,85.0695,24.3405,4.96474,0.329167
0.7502,18.016,18.016,4.45264,80.2188,85.0695,24.306,4.45264,0.2875
0.7504,18.8162,18.8162,4.37162,82.2573,85.0695,24.3012,4.37162,0.245833
0.7506,17.8786,17.8786,4.77662,85.3995,85.0695,24.3282,4.77662,0.2875
0.7508,16.266,16.266,4.95399,80.5816,85.0695,24.3397,4.95399,0.329167
0.751,18.0358,18.0358,4.45274,80.3085,85.0695,24.3062,4.45274,0.2875
0.7512,18.8127,18.8127,4.37388,82.2843,85.0695,24.3015,4.37388,0.245833
0.7514,17.8961,17.8961,4.77009,85.3662,85.0695,24.328,4.77009,0.2875
0.7516,16.2647,16.2647,4.96474,80.7498,85.0695,24.3405,4.96474,0.329167
0.7518,18.016,18.016,4.45264,80.2188,85.0695,24.306,4.45264,0.2875
0.752,18.8162,18.8162,4.37162,82.2573,85.0695,24.3012,4.37162,0.245833
0.7522,17.8786,17.8786,4.77662,85.3995,85.0695,24.3282,4.77662,0.2875
0.7524,16.266,16.266,4.95399,80.5816,85.0695,24.3397,4.95399,0.329167
0.7526,18.0358,18.0358,4.45274,80.3085,85.0695,24.3062,4.45274,0.2875
0.7528,18.8127,18.8127,4.37388,82.2843,85.0695,24.3015,4.37388,0.245833
0.753,17.8961,17.8961,4.77009,85.3662,85.0695,24.328,4.77009,0.2875
0.7532,16.2647,16.2647,4.96474,80.7498,85.0695,24.3405,4.96474,0.329167
0.7534,18.016,18.016,4.45264,80.2188,85.0695,24.306,4.45264,0.2875
0.7536,18.8162,18.8162,4.37162,82.2573,85.0695,24.3012,4.37162,0.245833
0.7538,17.8786,17.8786,4.77662,85.3995,85.0695,24.3282,4.77662,0.2875
0.754,16.266,16.266,4.95399,80.5816,85.0695,24.3397,4.95399,0.329167
0.7542,18.0358,18.0358,4.45274,80.3085,85.0695,24.3062,4.45274,0.2875
0.7544,18.8127,18.8127,4.37388,82.2843,85.0695,24.3015,4.37388,0.245833
0.7546,17.8961,17.8961,4.77009,85.3662,85.0695,24.328,4.77009,0.2875
0.7548,16.2647,16.2647,4.96474,80.7498,85.0695,24.3405,4.96474,0.329167
0.755,18.016,18.016,4.45264,80.2188,85.0695,24.306,4.45264,0.2875
0.7552,18.8162,18.8162,4.37162,82.2573,85.0695,24.3012,4.37162,0.245833
0.7554,17.8786,17.8786,4.77662,85.3995,85.0695,24.3282,4.77662,0.2875
0.7556,16.266,16.266,4.95399,80.5816,85.0695,24.3397,4.95399,0.329167
0.7558,18.0358,18.0358,4.45274,80.3085,85.0695,24.3062,4.45274,0.2875
0.756,18.8127,18.8127,4.37388,82.2843,85.0695,24.3015,4.37388,0.245833
0.7562,17.8961,17.8961,4.77009,85.3662,85.0695,24.328,4.77009,0.2875
0.7564,16.2647,16.2647,4.96474,80.7498,85.0695,24.3405,4.96474,0.329167
0.7566,18.016,18.016,4.45264,80.2188,85.0695,24.306,4.45264,0.2875
0.7568,18.8162,18.8162,4.37162,82.2573,85.0695,24.3012,4.37162,0.245833
0.757,17.8786,17.8786,4.77662,85.3995,85.0695,24.3282,4.77662,0.2875
0.7572,16.266,16.266,4.95399,80.5816,85.0695,24.3397,4.95399,0.329167
0.7574,18.0358,18.0358,4.45274,80.3085,85.0695,24.3062,4.45274,0.2875
0.7576,18.8127,18.8127,4.37388,82.2843,85.0695,24.3015,4.37388,0.245833
0.7578,17.8961,17.8961,4.77009,85.3662,85.0695,24.328,4.77009,0.2875
0.758,16.2647,16.2647,4.96474,80.7498,85.0695,24.3405,4.96474,0.329167
0.7582,18.016,18.016,4.45264,80.2188,85.0695,24.306,4.45264,0.2875
0.7584,18.8162,18.8162,4.37162,82.2573,85.0695,24.3012,4.37162,0.245833
0.7586,17.8786,17.8786,4.77662,85.3995,85.0695,24.3282,4.77662,0.2875
0.7588,16.266,16.266,4.95399,80.5816,85.0695,24.3397,4.95399,0.329167
0.759,18.0358,18.0358,4.45274,80.3085,85.0695,24.3062,4.45274,0.2875
0.7592,18.8127,18.8127,4.37388,82.2843,85.0695,24.3015,4.37388,0.245833
0.7594,17.8961,17.8961,4.77009,85.3662,85.0695,24.328,4.77009,0.2875
0.7596,16.2647,16.2647,4.96474,80.7498,85.0695,24.3405,4.96474,0.329167
0.7598,18.016,18.016,4.45264,80.2188,85.0695,24.306,4.45264,0.2875
0.76,18.8162,18.8162,4.37162,82.2573,85.0695,24.3012,4.37162,0.245833
0.7602,17.8786,17.8786,4.77662,85.3995,85.0695,24.3282,4.77662,0.2875
0.7604,16.266,16.266,4.95399,80.5816,85.0695,24.3397,4.95399,0.329167
0.7606,18.0358,18.0358,4.45274,80.3085,85.0695,24.3062,4.45274,0.2875
0.7608,18.8127,18.8127,4.37388,82.2843,85.0695,24.3015,4.37388,0.245833
0.761,17.8961,17.8961,4.77009,85.3662,85.0695,24.328,4.77009,0.2875
0.7612,16.2647,16.2647,4.96474,80.7498,85.0695,24.3405,4.96474,0.329167
0.7614,18.016,18.016,4.45264,80.2188,85.0695,24.306,4.45264,0.2875
0.7616,18.8162,18.8162,4.37162,82.2573,85.0695,24.3012,4.37162,0.245833
0.7618,17.8786,17.8786,4.77662,85.3995,85.0695,24.3282,4.77662,0.2875
0.762,16.266,16.266,4.95399,80.5816,85.0695,24.3397,4.95399,0.329167
0.7622,18.0358,18.0358,4.45274,80.3085,85.0695,24.3062,4.45274,0.2875
0.7624,18.8127,18.8127,4.37388,82.2843,85.0695,24.3015,4.37388,0.245833
0.7626,17.8961,17.8961,4.77009,85.3662,85.0695,24.328,4.77009,0.2875
0.7628,16.2647,16.2647,4.96474,80.7498,85.0695,24.3405,4.96474,0.329167
0.763,18.016,18.016,4.45264,80.2188,85.0695,24.306,4.45264,0.2875
0.7632,18.8162,18.8162,4.37162,82.2573,85.0695,24.3012,4.37162,0.245833
0.7634,17.8786,17.8786,4.77662,85.3995,85.0695,24.3282,4.77662,0.2875
0.7636,16.266,16.266,4.95399,80.5816,85.0695,24.3397,4.95399,0.329167
0.7638,18.0358,18.0358,4.45274,80.3085,85.0695,24.3062,4.45274,0.2875
0.764,18.8127,18.8127,4.37388,82.2843,85.0695,24.3015,4.37388,0.245833
0.7642,17.8961,17.8961,4.77009,85.3662,85.0695,24.328,4.77009,0.2875
0.7644,16.2647,16.2647,4.96474,80.7498,85.0695,24.3405,4.96474,0.329167
0.7646,18.016,18.016,4.45264,80.2188,85.0695,24.306,4.45264,0.2875
0.7648,18.8162,18.8162,4.37162,82.2573,85.0695,24.3012,4.37162,0.245833
0.765,17.8786,17.8786,4.77662,85.3995,85.0695,24.3282,4.77662,0.2875
0.7652,16.266,16.266,4.95399,80.5816,85.0695,24.3397,4.95399,0.329167
0.7654,18.0358,18.0358,4.45274,80.3085,85.0695,24.3062,4.45274,0.2875
0.7656,18.8127,18.8127,4.37388,82.2843,85.0695,24.3015,4.37388,0.245833
0.7658,17.8961,17.8961,4.77009,85.3662,85.0695,24.328,4.77009,0.2875
0.766,16.2647,16.2647,4.96474,80.7498,85.0695,24.3405,4.96474,0.329167
0.7662,18.016,18.016,4.45264,80.2188,85.0695,24.306,4.45264,0.2875
0.7664,18.8162,18.8162,4.37162,82.2573,85.0695,24.3012,4.37162,0.245833
0.7666,17.8786,17.8786,4.77662,85.3995,85.0695,24.3282,4.77662,0.2875
0.7668,16.266,16.266,4.95399,80.5816,85.0695,24.3397,4.95399,0.329167
0.767,18.0358,18.0358,4.45274,80.3085,85.0695,24.3062,4.45274,0.2875
0.7672,18.8127,18.8127,4.37388,82.2843,85.0695,24.3015,4.37388,0.245833
0.7674,17.8961,17.8961,4.77009,85.3662,85.0695,24.328,4.77009,0.2875
0.7676,16.2647,16.2647,4.96474,80.7498,85.0695,24.3405,4.96474,0.329167
0.7678,18.016,18.016,4.45264,80.2188,85.0695,24.306,4.45264,0.2875
0.768,18.8162,18.8162,4.37162,82.2573,85.0695,24.3012,4.37162,0.245833
0.7682,17.8786,17.8786,4.77662,85.3995,85.0695,24.3282,4.77662,0.2875
0.7684,16.266,16.266,4.95399,80.5816,85.0695,24.3397,4.95399,0.329167
0.7686,18.0358,18.0358,4.45274,80.3085,85.0695,24.3062,4.45274,0.2875
0.7688,18.8127,18.8127,4.37388,82.2843,85.0695,24.3015,4.37388,0.245833
0.769,17.8961,17.8961,4.77009,85.3662,85.0695,24.328,4.77009,0.2875
0.7692,16.2647,16.2647,4.96474,80.7498,85.0695,24.3405,4.96474,0.329167
0.7694,18.016,18.016,4.45264,80.2188,85.0695,24.306,4.45264,0.2875
0.7696,18.8162,18.8162,4.37162,82.2573,85.0695,24.3012,4.37162,0.245833
0.7698,17.8786,17.8786,4.77662,85.3995,85.0695,24.3282,4.77662,0.2875
0.77,16.266,16.266,4.95399,80.5816,85.0695,24.3397,4.95399,0.329167
0.7702,18.0358,18.0358,4.45274,80.3085,85.0695,24.3062,4.45274,0.2875
0.7704,18.8127,18.8127,4.37388,82.2843,85.0695,24.3015,4.37388,0.245833
0.7706,17.8961,17.8961,4.77009,85.3662,85.0695,24.328,4.77009,0.2875
0.7708,16.2647,16.2647,4.96474,80.7498,85.0695,24.3405,4.96474,0.329167
0.771,18.016,18.016,4.45264,80.2188,85.0695,24.306,4.45264,0.2875
0.7712,18.8162,18.8162,4.37162,82.2573,85.0695,24.3012,4.37162,0.245833
0.7714,17.8786,17.8786,4.77662,85.3995,85.0695,24.3282,4.77662,0.2875
0.7716,16.266,16.266,4.95399,80.5816,85.0695,24.3397,4.95399,0.329167
0.7718,18.0358,18.0358,4.45274,80.3085,85.0695,24.3062,4.45274,0.2875
0.772,18.8127,18.8127,4.37388,82.2843,85.0695,24.3015,4.37388,0.245833
0.7722,17.8961,17.8961,4.77009,85.3662,85.0695,24.328,4.77009,0.2875
0.7724,16.2647,16.2647,4.96474,80.7498,85.0695,24.3405,4.96474,0.329167
0.7726,18.016,18.016,4.45264,80.2188,85.0695,24.306,4.45264,0.2875
0.7728,18.8162,18.8162,4.37162,82.2573,85.0695,24.3012,4.37162,0.245833
0.773,17.8786,17.8786,4.77662,85.3995,85.0695,24.3282,4.77662,0.2875
0.7732,16.266,16.266,4.95399,80.5816,85.0695,24.3397,4.95399,0.329167
0.7734,18.0358,18.0358,4.45274,80.3085,85.0695,24.3062,4.45274,0.2875
0.7736,18.8127,18.8127,4.37388,82.2843,85.0695,24.3015,4.37388,0.245833
0.7738,17.8961,17.8961,4.77009,85.3662,85.0695,24.328,4.77009,0.2875
0.774,16.2647,16.2647,4.96474,80.7498,85.0695,24.3405,4.96474,0.329167
0.7742,18.016,18.016,4.45264,80.2188,85.0695,24.306,4.45264,0.2875
0.7744,18.8162,18.8162,4.37162,82.2573,85.0695,24.3012,4.37162,0.245833
0.7746,17.8786,17.8786,4.77662,85.3995,85.0695,24.3282,4.77662,0.2875
0.7748,16.266,16.266,4.95399,80.5816,85.0695,24.3397,4.95399,0.329167
0.775,18.0358,18.0358,4.45274,80.3085,85.0695,24.3062,4.45274,0.2875
0.7752,18.8127,18.8127,4.37388,82.2843,85.0695,24.3015,4.37388,0.245833
0.7754,17.8961,17.8961,4.77009,85.3662,85.0695,24.328,4.77009,0.2875
0.7756,16.2647,16.2647,4.96474,80.7498,85.0695,24.3405,4.96474,0.329167
0.7758,18.016,18.016,4.45264,80.2188,85.0695,24.306,4.45264,0.2875
0.776,18.8162,18.8162,4.37162,82.2573,85.0695,24.3012,4.37162,0.245833
0.7762,17.8786,17.8786,4.77662,85.3995,85.0695,24.3282,4.77662,0.2875
0.7764,16.266,16.266,4.95399,80.5816,85.0695,24.3397,4.95399,0.329167
0.7766,18.0358,18.0358,4.45274,80.3085,85.0695,24.3062,4.45274,0.2875
0.7768,18.8127,18.8127,4.37388,82.2843,85.0695,24.3015,4.37388,0.245833
0.777,17.8961,17.8961,4.77009,85.3662,85.0695,24.328,4.77009,0.2875
0.7772,16.2647,16.2647,4.96474,80.7498,85.0695,24.3405,4.96474,0.329167
0.7774,18.016,18.016,4.45264,80.2188,85.0695,24.306,4.45264,0.2875
0.7776,18.8162,18.8162,4.37162,82.2573,85.0695,24.3012,4.37162,0.245833
0.7778,17.8786,17.8786,4.77662,85.3995,85.0695,24.3282,4.77662,0.2875
0.778,16.266,16.266,4.95399,80.5816,85.0695,24.3397,4.95399,0.329167
0.7782,18.0358,18.0358,4.45274,80.3085,85.0695,24.3062,4.45274,0.2875
0.7784,18.8127,18.8127,4.37388,82.2843,85.0695,24.3015,4.37388,0.245833
0.7786,17.8961,17.8961,4.77009,85.3662,85.0695,24.328,4.77009,0.2875
0.7788,16.2647,16.2647,4.96474,80.7498,85.0695,24.3405,4.96474,0.329167
0.779,18.016,18.016,4.45264,80.2188,85.0695,24.306,4.45264,0.2875
0.7792,18.8162,18.8162,4.37162,82.2573,85.0695,24.3012,4.37162,0.245833
0.7794,17.8786,17.8786,4.77662,85.3995,85.0695,24.3282,4.77662,0.2875
0.7796,16.266,16.266,4.95399,80.5816,85.0695,24.3397,4.95399,0.329167
0.7798,18.0358,18.0358,4.45274,80.3085,85.0695,24.3062,4.45274,0.2875
0.78,18.8127,18.8127,4.37388,82.2843,85.0695,24.3015,4.37388,0.245833
0.7802,17.8961,17.8961,4.77009,85.3662,85.0695,24.328,4.77009,0.2875
0.7804,16.2647,16.2647,4.96474,80.7498,85.0695,24.3405,4.96474,0.329167
0.7806,18.016,18.016,4.45264,80.2188,85.0695,24.306,4.45264,0.2875
0.7808,18.8162,18.8162,4.37162,82.2573,85.0695,24.3012,4.37162,0.245833
0.781,17.8786,17.8786,4.77662,85.3995,85.0695,24.3282,4.77662,0.2875
0.7812,16.266,16.266,4.95399,80.5816,85.0695,24.3397,4.95399,0.329167
0.7814,18.0358,18.0358,4.45274,80.3085,85.0695,24.3062,4.45274,0.2875
0.7816,18.8127,18.8127,4.37388,82.2843,85.0695,24.3015,4.37388,0.245833
0.7818,17.8961,17.8961,4.77009,85.3662,85.0695,24.328,4.77009,0.2875
0.782,16.2647,16.2647,4.96474,80.7498,85.0695,24.3405,4.96474,0.329167
0.7822,18.016,18.016,4.45264,80.2188,85.0695,24.306,4.45264,0.2875
0.7824,18.8162,18.8162,4.37162,82.2573,85.0695,24.3012,4.37162,0.245833
0.7826,17.8786,17.8786,4.77662,85.3995,85.0695,24.3282,4.77662,0.2875
0.7828,16.266,16.266,4.95399,80.5816,85.0695,24.3397,4.95399,0.329167
0.783,18.0358,18.0358,4.45274,80.3085,85.0695,24.3062,4.45274,0.2875
0.7832,18.8127,18.8127,4.37388,82.2843,85.0695,24.3015,4.37388,0.245833
0.7834,17.8961,17.8961,4.77009,85.3662,85.0695,24.328,4.77009,0.2875
0.7836,16.2647,16.2647,4.96474,80.7498,85.0695,24.3405,4.96474,0.329167
0.7838,18.016,18.016,4.45264,80.2188,85.0695,24.306,4.45264,0.2875
0.784,18.8162,18.8162,4.37162,82.2573,85.0695,24.3012,4.37162,0.245833
0.7842,17.8786,17.8786,4.77662,85.3995,85.0695,24.3282,4.77662,0.2875
0.7844,16.266,16.266,4.95399,80.5816,85.0695,24.3397,4.95399,0.329167
0.7846,18.0358,18.0358,4.45274,80.3085,85.0695,24.3062,4.45274,0.2875
0.7848,18.8127,18.8127,4.37388,82.2843,85.0695,24.3015,4.37388,0.245833
0.785,17.8961,17.8961,4.77009,85.3662,85.0695,24.328,4.77009,0.2875
0.7852,16.2647,16.2647,4.96474,80.7498,85.0695,24.3405,4.96474,0.329167
0.7854,18.016,18.016,4.45264,80.2188,85.0695,24.306,4.45264,0.2875
0.7856,18.8162,18.8162,4.37162,82.2573,85.0695,24.3012,4.37162,0.245833
0.7858,17.8786,17.8786,4.77662,85.3995,85.0695,24.3282,4.77662,0.2875
0.786,16.266,16.266,4.95399,80.5816,85.0695,24.3397,4.95399,0.329167
0.7862,18.0358,18.0358,4.45274,80.3085,85.0695,24.3062,4.45274,0.2875
0.7864,18.8127,18.8127,4.37388,82.2843,85.0695,24.3015,4.37388,0.245833
0.7866,17.8961,17.8961,4.77009,85.3662,85.0695,24.328,4.77009,0.2875
0.7868,16.2647,16.2647,4.96474,80.7498,85.0695,24.3405,4.96474,0.329167
0.787,18.016,18.016,4.45264,80.2188,85.0695,24.306,4.45264,0.2875
0.7872,18.8162,18.8162,4.37162,82.2573,85.0695,24.3012,4.37162,0.245833
0.7874,17.8786,17.8786,4.77662,85.3995,85.0695,24.3282,4.77662,0.2875
0.7876,16.266,16.266,4.95399,80.5816,85.0695,24.3397,4.95399,0.329167
0.7878,18.0358,18.0358,4.45274,80.3085,85.0695,24.3062,4.45274,0.2875
0.788,18.8127,18.8127,4.37388,82.2843,85.0695,24.3015,4.37388,0.245833
0.7882,17.8961,17.8961,4.77009,85.3662,85.0695,24.328,4.77009,0.2875
0.7884,16.2647,16.2647,4.96474,80.7498,85.0695,24.3405,4.96474,0.329167
0.7886,18.016,18.016,4.45264,80.2188,85.0695,24.306,4.45264,0.2875
0.7888,18.8162,18.8162,4.37162,82.2573,85.0695,24.3012,4.37162,0.245833
0.789,17.8786,17.8786,4.77662,85.3995,85.0695,24.3282,4.77662,0.2875
0.7892,16.266,16.266,4.95399,80.5816,85.0695,24.3397,4.95399,0.329167
0.7894,18.0358,18.0358,4.45274,80.3085,85.0695,24.3062,4.45274,0.2875
0.7896,18.8127,18.8127,4.37388,82.2843,85.0695,24.3015,4.37388,0.245833
0.7898,17.8961,17.8961,4.77009,85.3662,85.0695,24.328,4.77009,0.2875
0.79,16.2647,16.2647,4.96474,80.7498,85.0695,24.3405,4.96474,0.329167
0.7902,18.016,18.016,4.45264,80.2188,85.0695,24.306,4.45264,0.2875
0.7904,18.8162,18.8162,4.37162,82.2573,85.0695,24.3012,4.37162,0.245833
0.7906,17.8786,17.8786,4.77662,85.3995,85.0695,24.3282,4.77662,0.2875
0.7908,16.266,16.266,4.95399,80.5816,85.0695,24.3397,4.95399,0.329167
0.791,18.0358,18.0358,4.45274,80.3085,85.0695,24.3062,4.45274,0.2875
0.7912,18.8127,18.8127,4.37388,82.2843,85.0695,24.3015,4.37388,0.245833
0.7914,17.8961,17.8961,4.77009,85.3662,85.0695,24.328,4.77009,0.2875
0.7916,16.2647,16.2647,4.96474,80.7498,85.0695,24.3405,4.96474,0.329167
0.7918,18.016,18.016,4.45264,80.2188,85.0695,24.306,4.45264,0.2875
0.792,18.8162,18.8162,4.37162,82.2573,85.0695,24.3012,4.37162,0.245833
0.7922,17.8786,17.8786,4.77662,85.3995,85.0695,24.3282,4.77662,0.2875
0.7924,16.266,16.266,4.95399,80.5816,85.0695,24.3397,4.95399,0.329167
0.7926,18.0358,18.0358,4.45274,80.3085,85.0695,24.3062,4.45274,0.2875
0.7928,18.8127,18.8127,4.37388,82.2843,85.0695,24.3015,4.37388,0.245833
0.793,17.8961,17.8961,4.77009,85.3662,85.0695,24.328,4.77009,0.2875
0.7932,16.2647,16.2647,4.96474,80.7498,85.0695,24.3405,4.96474,0.329167
0.7934,18.016,18.016,4.45264,80.2188,85.0695,24.306,4.45264,0.2875
0.7936,18.8162,18.8162,4.37162,82.2573,85.0695,24.3012,4.37162,0.245833
0.7938,17.8786,17.8786,4.77662,85.3995,85.0695,24.3282,4.77662,0.2875
0.794,16.266,16.266,4.95399,80.5816,85.0695,24.3397,4.95399,0.329167
0.7942,18.0358,18.0358,4.45274,80.3085,85.0695,24.3062,4.45274,0.2875
0.7944,18.8127,18.8127,4.37388,82.2843,85.0695,24.3015,4.37388,0.245833
0.7946,17.8961,17.8961,4.77009,85.3662,85.0695,24.328,4.77009,0.2875
0.7948,16.2647,16.2647,4.96474,80.7498,85.0695,24.3405,4.96474,0.329167
0.795,18.016,18.016,4.45264,80.2188,85.0695,24.306,4.45264,0.2875
0.7952,18.8162,18.8162,4.37162,82.2573,85.0695,24.3012,4.37162,0.245833
0.7954,17.8786,17.8786,4.77662,85.3995,85.0695,24.3282,4.77662,0.2875
0.7956,16.266,16.266,4.95399,80.5816,85.0695,24.3397,4.95399,0.329167
0.7958,18.0358,18.0358,4.45274,80.3085,85.0695,24.3062,4.45274,0.2875
0.796,18.8127,18.8127,4.37388,82.2843,85.0695,24.3015,4.37388,0.245833
0.7962,17.8961,17.8961,4.77009,85.3662,85.0695,24.328,4.77009,0.2875
0.7964,16.2647,16.2647,4.96474,80.7498,85.0695,24.3405,4.96474,0.329167
0.7966,18.016,18.016,4.45264,80.2188,85.0695,24.306,4.45264,0.2875
0.7968,18.8162,18.8162,4.37162,82.2573,85.0695,24.3012,4.37162,0.245833
0.797,17.8786,17.8786,4.77662,85.3995,85.0695,24.3282,4.77662,0.2875
0.7972,16.266,16.266,4.95399,80.5816,85.0695,24.3397,4.95399,0.329167
0.7974,18.0358,18.0358,4.45274,80.3085,85.0695,24.3062,4.45274,0.2875
0.7976,18.8127,18.8127,4.37388,82.2843,85.0695,24.3015,4.37388,0.245833
0.7978,17.8961,17.8961,4.77009,85.3662,85.0695,24.328,4.77009,0.2875
0.798,16.2647,16.2647,4.96474,80.7498,85.0695,24.3405,4.96474,0.329167
0.7982,18.016,18.016,4.45264,80.2188,85.0695,24.306,4.45264,0.2875
0.7984,18.8162,18.8162,4.37162,82.2573,85.0695,24.3012,4.37162,0.245833
0.7986,17.8786,17.8786,4.77662,85.3995,85.0695,24.3282,4.77662,0.2875
0.7988,16.266,16.266,4.95399,80.5816,85.0695,24.3397,4.95399,0.329167
0.799,18.0358,18.0358,4.45274,80.3085,85.0695,24.3062,4.45274,0.2875
0.7992,18.8127,18.8127,4.37388,82.2843,85.0695,24.3015,4.37388,0.245833
0.7994,17.8961,17.8961,4.77009,85.3662,85.0695,24.328,4.77009,0.2875
0.7996,16.2647,16.2647,4.96474,80.7498,85.0695,24.3405,4.96474,0.329167
0.7998,18.016,18.016,4.45264,80.2188,85.0695,24.306,4.45264,0.2875
0.8,18.8162,18.8162,4.37162,82.2573,85.0695,24.3012,4.37162,0.245833
0.8002,17.8786,17.8786,4.77662,85.3995,85.0695,24.3282,4.77662,0.2875
0.8004,16.266,16.266,4.95399,80.5816,85.0695,24.3397,4.95399,0.329167
0.8006,18.0358,18.0358,4.45274,80.3085,85.0695,24.3062,4.45274,0.2875
0.8008,18.8127,18.8127,4.37388,82.2843,85.0695,24.3015,4.37388,0.245833
0.801,17.8961,17.8961,4.77009,85.3662,85.0695,24.328,4.77009,0.2875
0.8012,16.2647,16.2647,4.96474,80.7498,85.0695,24.3405,4.96474,0.329167
0.8014,18.016,18.016,4.45264,80.2188,85.0695,24.306,4.45264,0.2875
0.8016,18.8162,18.8162,4.37162,82.2573,85.0695,24.3012,4.37162,0.245833
0.8018,17.8786,17.8786,4.77662,85.3995,85.0695,24.3282,4.77662,0.2875
0.802,16.266,16.266,4.95399,80.5816,85.0695,24.3397,4.95399,0.329167
0.8022,18.0358,18.0358,4.45274,80.3085,85.0695,24.3062,4.45274,0.2875
0.8024,18.8127,18.8127,4.37388,82.2843,85.0695,24.3015,4.37388,0.245833
0.8026,17.8961,17.8961,4.77009,85.3662,85.0695,24.328,4.77009,0.2875
0.8028,16.2647,16.2647,4.96474,80.7498,85.0695,24.3405,4.96474,0.329167
0.803,18.016,18.016,4.45264,80.2188,85.0695,24.306,4.45264,0.2875
0.8032,18.8162,18.8162,4.37162,82.2573,85.0695,24.3012,4.37162,0.245833
0.8034,17.8786,17.8786,4.77662,85.3995,85.0695,24.3282,4.77662,0.2875
0.8036,16.266,16.266,4.95399,80.5816,85.0695,24.3397,4.95399,0.329167
0.8038,18.0358,18.0358,4.45274,80.3085,85.0695,24.3062,4.45274,0.2875
0.804,18.8127,18.8127,4.37388,82.2843,85.0695,24.3015,4.37388,0.245833
0.8042,17.8961,17.8961,4.77009,85.3662,85.0695,24.328,4.77009,0.2875
0.8044,16.2647,16.2647,4.96474,80.7498,85.0695,24.3405,4.96474,0.329167
0.8046,18.016,18.016,4.45264,80.2188,85.0695,24.306,4.45264,0.2875
0.8048,18.8162,18.8162,4.37162,82.2573,85.0695,24.3012,4.37162,0.245833
0.805,17.8786,17.8786,4.77662,85.3995,85.0695,24.3282,4.77662,0.2875
0.8052,16.266,16.266,4.95399,80.5816,85.0695,24.3397,4.95399,0.329167
0.8054,18.0358,18.0358,4.45274,80.3085,85.0695,24.3062,4.45274,0.2875
0.8056,18.8127,18.8127,4.37388,82.2843,85.0695,24.3015,4.37388,0.245833
0.8058,17.8961,17.8961,4.77009,85.3662,85.0695,24.328,4.77009,0.2875
0.806,16.2647,16.2647,4.96474,80.7498,85.0695,24.3405,4.96474,0.329167
0.8062,18.016,18.016,4.45264,80.2188,85.0695,24.306,4.45264,0.2875
0.8064,18.8162,18.8162,4.37162,82.2573,85.0695,24.3012,4.37162,0.245833
0.8066,17.8786,17.8786,4.77662,85.3995,85.0695,24.3282,4.77662,0.2875
0.8068,16.266,16.266,4.95399,80.5816,85.0695,24.3397,4.95399,0.329167
0.807,18.0358,18.0358,4.45274,80.3085,85.0695,24.3062,4.45274,0.2875
0.8072,18.8127,18.8127,4.37388,82.2843,85.0695,24.3015,4.37388,0.245833
0.8074,17.8961,17.8961,4.77009,85.3662,85.0695,24.328,4.77009,0.2875
0.8076,16.2647,16.2647,4.96474,80.7498,85.0695,24.3405,4.96474,0.329167
0.8078,18.016,18.016,4.45264,80.2188,85.0695,24.306,4.45264,0.2875
0.808,18.8162,18.8162,4.37162,82.2573,85.0695,24.3012,4.37162,0.245833
0.8082,17.8786,17.8786,4.77662,85.3995,85.0695,24.3282,4.77662,0.2875
0.8084,16.266,16.266,4.95399,80.5816,85.0695,24.3397,4.95399,0.329167
0.8086,18.0358,18.0358,4.45274,80.3085,85.0695,24.3062,4.45274,0.2875
0.8088,18.8127,18.8127,4.37388,82.2843,85.0695,24.3015,4.37388,0.245833
0.809,17.8961,17.8961,4.77009,85.3662,85.0695,24.328,4.77009,0.2875
0.8092,16.2647,16.2647,4.96474,80.7498,85.0695,24.3405,4.96474,0.329167
0.8094,18.016,18.016,4.45264,80.2188,85.0695,24.306,4.45264,0.2875
0.8096,18.8162,18.8162,4.37162,82.2573,85.0695,24.3012,4.37162,0.245833
0.8098,17.8786,17.8786,4.77662,85.3995,85.0695,24.3282,4.77662,0.2875
0.81,16.266,16.266,4.95399,80.5816,85.0695,24.3397,4.95399,0.329167
0.8102,18.0358,18.0358,4.45274,80.3085,85.0695,24.3062,4.45274,0.2875
0.8104,18.8127,18.8127,4.37388,82.2843,85.0695,24.3015,4.37388,0.245833
0.8106,17.8961,17.8961,4.77009,85.3662,85.0695,24.328,4.77009,0.2875
0.8108,16.2647,16.2647,4.96474,80.7498,85.0695,24.3405,4.96474,0.329167
0.811,18.016,18.016,4.45264,80.2188,85.0695,24.306,4.45264,0.2875
0.8112,18.8162,18.8162,4.37162,82.2573,85.0695,24.3012,4.37162,0.245833
0.8114,17.8786,17.8786,4.77662,85.3995,85.0695,24.3282,4.77662,0.2875
0.8116,16.266,16.266,4.95399,80.5816,85.0695,24.3397,4.95399,0.329167
0.8118,18.0358,18.0358,4.45274,80.3085,85.0695,24.3062,4.45274,0.2875
0.812,18.8127,18.8127,4.37388,82.2843,85.0695,24.3015,4.37388,0.245833
0.8122,17.8961,17.8961,4.77009,85.3662,85.0695,24.328,4.77009,0.2875
0.8124,16.2647,16.2647,4.96474,80.7498,85.0695,24.3405,4.96474,0.329167
0.8126,18.016,18.016,4.45264,80.2188,85.0695,24.306,4.45264,0.2875
0.8128,18.8162,18.8162,4.37162,82.2573,85.0695,24.3012,4.37162,0.245833
0.813,17.8786,17.8786,4.77662,85.3995,85.0695,24.3282,4.77662,0.2875
0.8132,16.266,16.266,4.95399,80.5816,85.0695,24.3397,4.95399,0.329167
0.8134,18.0358,18.0358,4.45274,80.3085,85.0695,24.3062,4.45274,0.2875
0.8136,18.8127,18.8127,4.37388,82.2843,85.0695,24.3015,4.37388,0.245833
0.8138,17.8961,17.8961,4.77009,85.3662,85.0695,24.328,4.77009,0.2875
0.814,16.2647,16.2647,4.96474,80.7498,85.0695,24.3405,4.96474,0.329167
0.8142,18.016,18.016,4.45264,80.2188,85.0695,24.306,4.45264,0.2875
0.8144,18.8162,18.8162,4.37162,82.2573,85.0695,24.3012,4.37162,0.245833
0.8146,17.8786,17.8786,4.77662,85.3995,85.0695,24.3282,4.77662,0.2875
0.8148,16.266,16.266,4.95399,80.5816,85.0695,24.3397,4.95399,0.329167
0.815,18.0358,18.0358,4.45274,80.3085,85.0695,24.3062,4.45274,0.2875
0.8152,18.8127,18.8127,4.37388,82.2843,85.0695,24.3015,4.37388,0.245833
0.8154,17.8961,17.8961,4.77009,85.3662,85.0695,24.328,4.77009,0.2875
0.8156,16.2647,16.2647,4.96474,80.7498,85.0695,24.3405,4.96474,0.329167
0.8158,18.016,18.016,4.45264,80.2188,85.0695,24.306,4.45264,0.2875
0.816,18.8162,18.8162,4.37162,82.2573,85.0695,24.3012,4.37162,0.245833
0.8162,17.8786,17.8786,4.77662,85.3995,85.0695,24.3282,4.77662,0.2875
0.8164,16.266,16.266,4.95399,80.5816,85.0695,24.3397,4.95399,0.329167
0.8166,18.0358,18.0358,4.45274,80.3085,85.0695,24.3062,4.45274,0.2875
0.8168,18.8127,18.8127,4.37388,82.2843,85.0695,24.3015,4.37388,0.245833
0.817,17.8961,17.8961,4.77009,85.3662,85.0695,24.328,4.77009,0.2875
0.8172,16.2647,16.2647,4.96474,80.7498,85.0695,24.3405,4.96474,0.329167
0.8174,18.016,18.016,4.45264,80.2188,85.0695,24.306,4.45264,0.2875
0.8176,18.8162,18.8162,4.37162,82.2573,85.0695,24.3012,4.37162,0.245833
0.8178,17.8786,17.8786,4.77662,85.3995,85.0695,24.3282,4.77662,0.2875
0.818,16.266,16.266,4.95399,80.5816,85.0695,24.3397,4.95399,0.329167
0.8182,18.0358,18.0358,4.45274,80.3085,85.0695,24.3062,4.45274,0.2875
0.8184,18.8127,18.8127,4.37388,82.2843,85.0695,24.3015,4.37388,0.245833
0.8186,17.8961,17.8961,4.77009,85.3662,85.0695,24.328,4.77009,0.2875
0.8188,16.2647,16.2647,4.96474,80.7498,85.0695,24.3405,4.96474,0.329167
0.819,18.016,18.016,4.45264,80.2188,85.0695,24.306,4.45264,0.2875
0.8192,18.8162,18.8162,4.37162,82.2573,85.0695,24.3012,4.37162,0.245833
0.8194,17.8786,17.8786,4.77662,85.3995,85.0695,24.3282,4.77662,0.2875
0.8196,16.266,16.266,4.95399,80.5816,85.0695,24.3397,4.95399,0.329167
0.8198,18.0358,18.0358,4.45274,80.3085,85.0695,24.3062,4.45274,0.2875
0.82,18.8127,18.8127,4.37388,82.2843,85.0695,24.3015,4.37388,0.245833
0.8202,17.8961,17.8961,4.77009,85.3662,85.0695,24.328,4.77009,0.2875
0.8204,16.2647,16.2647,4.96474,80.7498,85.0695,24.3405,4.96474,0.329167
0.8206,18.016,18.016,4.45264,80.2188,85.0695,24.306,4.45264,0.2875
0.8208,18.8162,18.8162,4.37162,82.2573,85.0695,24.3012,4.37162,0.245833
0.821,17.8786,17.8786,4.77662,85.3995,85.0695,24.3282,4.77662,0.2875
0.8212,16.266,16.266,4.95399,80.5816,85.0695,24.3397,4.95399,0.329167
0.8214,18.0358,18.0358,4.45274,80.3085,85.0695,24.3062,4.45274,0.2875
0.8216,18.8127,18.8127,4.37388,82.2843,85.0695,24.3015,4.37388,0.245833
0.8218,17.8961,17.8961,4.77009,85.3662,85.0695,24.328,4.77009,0.2875
0.822,16.2647,16.2647,4.96474,80.7498,85.0695,24.3405,4.96474,0.329167
0.8222,18.016,18.016,4.45264,80.2188,85.0695,24.306,4.45264,0.2875
0.8224,18.8162,18.8162,4.37162,82.2573,85.0695,24.3012,4.37162,0.245833
0.8226,17.8786,17.8786,4.77662,85.3995,85.0695,24.3282,4.77662,0.2875
0.8228,16.266,16.266,4.95399,80.5816,85.0695,24.3397,4.95399,0.329167
0.823,18.0358,18.0358,4.45274,80.3085,85.0695,24.3062,4.45274,0.2875
0.8232,18.8127,18.8127,4.37388,82.2843,85.0695,24.3015,4.37388,0.245833
0.8234,17.8961,17.8961,4.77009,85.3662,85.0695,24.328,4.77009,0.2875
0.8236,16.2647,16.2647,4.96474,80.7498,85.0695,24.3405,4.96474,0.329167
0.8238,18.016,18.016,4.45264,80.2188,85.0695,24.306,4.45264,0.2875
0.824,18.8162,18.8162,4.37162,82.2573,85.0695,24.3012,4.37162,0.245833
0.8242,17.8786,17.8786,4.77662,85.3995,85.0695,24.3282,4.77662,0.2875
0.8244,16.266,16.266,4.95399,80.5816,85.0695,24.3397,4.95399,0.329167
0.8246,18.0358,18.0358,4.45274,80.3085,85.0695,24.3062,4.45274,0.2875
0.8248,18.8127,18.8127,4.37388,82.2843,85.0695,24.3015,4.37388,0.245833
0.825,17.8961,17.8961,4.77009,85.3662,85.0695,24.328,4.77009,0.2875
0.8252,16.2647,16.2647,4.96474,80.7498,85.0695,24.3405,4.96474,0.329167
0.8254,18.016,18.016,4.45264,80.2188,85.0695,24.306,4.45264,0.2875
0.8256,18.8162,18.8162,4.37162,82.2573,85.0695,24.3012,4.37162,0.245833
0.8258,17.8786,17.8786,4.77662,85.3995,85.0695,24.3282,4.77662,0.2875
0.826,16.266,16.266,4.95399,80.5816,85.0695,24.3397,4.95399,0.329167
0.8262,18.0358,18.0358,4.45274,80.3085,85.0695,24.3062,4.45274,0.2875
0.8264,18.8127,18.8127,4.37388,82.2843,85.0695,24.3015,4.37388,0.245833
0.8266,17.8961,17.8961,4.77009,85.3662,85.0695,24.328,4.77009,0.2875
0.8268,16.2647,16.2647,4.96474,80.7498,85.0695,24.3405,4.96474,0.329167
0.827,18.016,18.016,4.45264,80.2188,85.0695,24.306,4.45264,0.2875
0.8272,18.8162,18.8162,4.37162,82.2573,85.0695,24.3012,4.37162,0.245833
0.8274,17.8786,17.8786,4.77662,85.3995,85.0695,24.3282,4.77662,0.2875
0.8276,16.266,16.266,4.95399,80.5816,85.0695,24.3397,4.95399,0.329167
0.8278,18.0358,18.0358,4.45274,80.3085,85.0695,24.3062,4.45274,0.2875
0.828,18.8127,18.8127,4.37388,82.2843,85.0695,24.3015,4.37388,0.245833
0.8282,17.8961,17.8961,4.77009,85.3662,85.0695,24.328,4.77009,0.2875
0.8284,16.2647,16.2647,4.96474,80.7498,85.0695,24.3405,4.96474,0.329167
0.8286,18.016,18.016,4.45264,80.2188,85.0695,24.306,4.45264,0.2875
0.8288,18.8162,18.8162,4.37162,82.2573,85.0695,24.3012,4.37162,0.245833
0.829,17.8786,17.8786,4.77662,85.3995,85.0695,24.3282,4.77662,0.2875
0.8292,16.266,16.266,4.95399,80.5816,85.0695,24.3397,4.95399,0.329167
0.8294,18.0358,18.0358,4.45274,80.3085,85.0695,24.3062,4.45274,0.2875
0.8296,18.8127,18.8127,4.37388,82.2843,85.0695,24.3015,4.37388,0.245833
0.8298,17.8961,17.8961,4.77009,85.3662,85.0695,24.328,4.77009,0.2875
0.83,16.2647,16.2647,4.96474,80.7498,85.0695,24.3405,4.96474,0.329167
0.8302,18.016,18.016,4.45264,80.2188,85.0695,24.306,4.45264,0.2875
0.8304,18.8162,18.8162,4.37162,82.2573,85.0695,24.3012,4.37162,0.245833
0.8306,17.8786,17.8786,4.77662,85.3995,85.0695,24.3282,4.77662,0.2875
0.8308,16.266,16.266,4.95399,80.5816,85.0695,24.3397,4.95399,0.329167
0.831,18.0358,18.0358,4.45274,80.3085,85.0695,24.3062,4.45274,0.2875
0.8312,18.8127,18.8127,4.37388,82.2843,85.0695,24.3015,4.37388,0.245833
0.8314,17.8961,17.8961,4.77009,85.3662,85.0695,24.328,4.77009,0.2875
0.8316,16.2647,16.2647,4.96474,80.7498,85.0695,24.3405,4.96474,0.329167
0.8318,18.016,18.016,4.45264,80.2188,85.0695,24.306,4.45264,0.2875
0.832,18.8162,18.8162,4.37162,82.2573,85.0695,24.3012,4.37162,0.245833
0.8322,17.8786,17.8786,4.77662,85.3995,85.0695,24.3282,4.77662,0.2875
0.8324,16.266,16.266,4.95399,80.5816,85.0695,24.3397,4.95399,0.329167
0.8326,18.0358,18.0358,4.45274,80.3085,85.0695,24.3062,4.45274,0.2875
0.8328,18.8127,18.8127,4.37388,82.2843,85.0695,24.3015,4.37388,0.245833
0.833,17.8961,17.8961,4.77009,85.3662,85.0695,24.328,4.77009,0.2875
0.8332,16.2647,16.2647,4.96474,80.7498,85.0695,24.3405,4.96474,0.329167
0.8334,18.016,18.016,4.45264,80.2188,85.0695,24.306,4.45264,0.2875
0.8336,18.8162,18.8162,4.37162,82.2573,85.0695,24.3012,4.37162,0.245833
0.8338,17.8786,17.8786,4.77662,85.3995,85.0695,24.3282,4.77662,0.2875
0.834,16.266,16.266,4.95399,80.5816,85.0695,24.3397,4.95399,0.329167
0.8342,18.0358,18.0358,4.45274,80.3085,85.0695,24.3062,4.45274,0.2875
0.8344,18.8127,18.8127,4.37388,82.2843,85.0695,24.3015,4.37388,0.245833
0.8346,17.8961,17.8961,4.77009,85.3662,85.0695,24.328,4.77009,0.2875
0.8348,16.2647,16.2647,4.96474,80.7498,85.0695,24.3405,4.96474,0.329167
0.835,18.016,18.016,4.45264,80.2188,85.0695,24.306,4.45264,0.2875
0.8352,18.8162,18.8162,4.37162,82.2573,85.0695,24.3012,4.37162,0.245833
0.8354,17.8786,17.8786,4.77662,85.3995,85.0695,24.3282,4.77662,0.2875
0.8356,16.266,16.266,4.95399,80.5816,85.0695,24.3397,4.95399,0.329167
0.8358,18.0358,18.0358,4.45274,80.3085,85.0695,24.3062,4.45274,0.2875
0.836,18.8127,18.8127,4.37388,82.2843,85.0695,24.3015,4.37388,0.245833
0.8362,17.8961,17.8961,4.77009,85.3662,85.0695,24.328,4.77009,0.2875
0.8364,16.2647,16.2647,4.96474,80.7498,85.0695,24.3405,4.96474,0.329167
0.8366,18.016,18.016,4.45264,80.2188,85.0695,24.306,4.45264,0.2875
0.8368,18.8162,18.8162,4.37162,82.2573,85.0695,24.3012,4.37162,0.245833
0.837,17.8786,17.8786,4.77662,85.3995,85.0695,24.3282,4.77662,0.2875
0.8372,16.266,16.266,4.95399,80.5816,85.0695,24.3397,4.95399,0.329167
0.8374,18.0358,18.0358,4.45274,80.3085,85.0695,24.3062,4.45274,0.2875
0.8376,18.8127,18.8127,4.37388,82.2843,85.0695,24.3015,4.37388,0.245833
0.8378,17.8961,17.8961,4.77009,85.3662,85.0695,24.328,4.77009,0.2875
0.838,16.2647,16.2647,4.96474,80.7498,85.0695,24.3405,4.96474,0.329167
0.8382,18.016,18.016,4.45264,80.2188,85.0695,24.306,4.45264,0.2875
0.8384,18.8162,18.8162,4.37162,82.2573,85.0695,24.3012,4.37162,0.245833
0.8386,17.8786,17.8786,4.77662,85.3995,85.0695,24.3282,4.77662,0.2875
0.8388,16.266,16.266,4.95399,80.5816,85.0695,24.3397,4.95399,0.329167
0.839,18.0358,18.0358,4.45274,80.3085,85.0695,24.3062,4.45274,0.2875
0.8392,18.8127,18.8127,4.37388,82.2843,85.0695,24.3015,4.37388,0.245833
0.8394,17.8961,17.8961,4.77009,85.3662,85.0695,24.328,4.77009,0.2875
0.8396,16.2647,16.2647,4.96474,80.7498,85.0695,24.3405,4.96474,0.329167
0.8398,18.016,18.016,4.45264,80.2188,85.0695,24.306,4.45264,0.2875
0.84,18.8162,18.8162,4.37162,82.2573,85.0695,24.3012,4.37162,0.245833
0.8402,17.8786,17.8786,4.77662,85.3995,85.0695,24.3282,4.77662,0.2875
0.8404,16.266,16.266,4.95399,80.5816,85.0695,24.3397,4.95399,0.329167
0.8406,18.0358,18.0358,4.45274,80.3085,85.0695,24.3062,4.45274,0.2875
0.8408,18.8127,18.8127,4.37388,82.2843,85.0695,24.3015,4.37388,0.245833
0.841,17.8961,17.8961,4.77009,85.3662,85.0695,24.328,4.77009,0.2875
0.8412,16.2647,16.2647,4.96474,80.7498,85.0695,24.3405,4.96474,0.329167
0.8414,18.016,18.016,4.45264,80.2188,85.0695,24.306,4.45264,0.2875
0.8416,18.8162,18.8162,4.37162,82.2573,85.0695,24.3012,4.37162,0.245833
0.8418,17.8786,17.8786,4.77662,85.3995,85.0695,24.3282,4.77662,0.2875
0.842,16.266,16.266,4.95399,80.5816,85.0695,24.3397,4.95399,0.329167
0.8422,18.0358,18.0358,4.45274,80.3085,85.0695,24.3062,4.45274,0.2875
0.8424,18.8127,18.8127,4.37388,82.2843,85.0695,24.3015,4.37388,0.245833
0.8426,17.8961,17.8961,4.77009,85.3662,85.0695,24.328,4.77009,0.2875
0.8428,16.2647,16.2647,4.96474,80.7498,85.0695,24.3405,4.96474,0.329167
0.843,18.016,18.016,4.45264,80.2188,85.0695,24.306,4.45264,0.2875
0.8432,18.8162,18.8162,4.37162,82.2573,85.0695,24.3012,4.37162,0.245833
0.8434,17.8786,17.8786,4.77662,85.3995,85.0695,24.3282,4.77662,0.2875
0.8436,16.266,16.266,4.95399,80.5816,85.0695,24.3397,4.95399,0.329167
0.8438,18.0358,18.0358,4.45274,80.3085,85.0695,24.3062,4.45274,0.2875
0.844,18.8127,18.8127,4.37388,82.2843,85.0695,24.3015,4.37388,0.245833
0.8442,17.8961,17.8961,4.77009,85.3662,85.0695,24.328,4.77009,0.2875
0.8444,16.2647,16.2647,4.96474,80.7498,85.0695,24.3405,4.96474,0.329167
0.8446,18.016,18.016,4.45264,80.2188,85.0695,24.306,4.45264,0.2875
0.8448,18.8162,18.8162,4.37162,82.2573,85.0695,24.3012,4.37162,0.245833
0.845,17.8786,17.8786,4.77662,85.3995,85.0695,24.3282,4.77662,0.2875
0.8452,16.266,16.266,4.95399,80.5816,85.0695,24.3397,4.95399,0.329167
0.8454,18.0358,18.0358,4.45274,80.3085,85.0695,24.3062,4.45274,0.2875
0.8456,18.8127,18.8127,4.37388,82.2843,85.0695,24.3015,4.37388,0.245833
0.8458,17.8961,17.8961,4.77009,85.3662,85.0695,24.328,4.77009,0.2875
0.846,16.2647,16.2647,4.96474,80.7498,85.0695,24.3405,4.96474,0.329167
0.8462,18.016,18.016,4.45264,80.2188,85.0695,24.306,4.45264,0.2875
0.8464,18.8162,18.8162,4.37162,82.2573,85.0695,24.3012,4.37162,0.245833
0.8466,17.8786,17.8786,4.77662,85.3995,85.0695,24.3282,4.77662,0.2875
0.8468,16.266,16.266,4.95399,80.5816,85.0695,24.3397,4.95399,0.329167
0.847,18.0358,18.0358,4.45274,80.3085,85.0695,24.3062,4.45274,0.2875
0.8472,18.8127,18.8127,4.37388,82.2843,85.0695,24.3015,4.37388,0.245833
0.8474,17.8961,17.8961,4.77009,85.3662,85.0695,24.328,4.77009,0.2875
0.8476,16.2647,16.2647,4.96474,80.7498,85.0695,24.3405,4.96474,0.329167
0.8478,18.016,18.016,4.45264,80.2188,85.0695,24.306,4.45264,0.2875
0.848,18.8162,18.8162,4.37162,82.2573,85.0695,24.3012,4.37162,0.245833
0.8482,17.8786,17.8786,4.77662,85.3995,85.0695,24.3282,4.77662,0.2875
0.8484,16.266,16.266,4.95399,80.5816,85.0695,24.3397,4.95399,0.329167
0.8486,18.0358,18.0358,4.45274,80.3085,85.0695,24.3062,4.45274,0.2875
0.8488,18.8127,18.8127,4.37388,82.2843,85.0695,24.3015,4.37388,0.245833
0.849,17.8961,17.8961,4.77009,85.3662,85.0695,24.328,4.77009,0.2875
0.8492,16.2647,16.2647,4.96474,80.7498,85.0695,24.3405,4.96474,0.329167
0.8494,18.016,18.016,4.45264,80.2188,85.0695,24.306,4.45264,0.2875
0.8496,18.8162,18.8162,4.37162,82.2573,85.0695,24.3012,4.37162,0.245833
0.8498,17.8786,17.8786,4.77662,85.3995,85.0695,24.3282,4.77662,0.2875
0.85,16.266,16.266,4.95399,80.5816,85.0695,24.3397,4.95399,0.329167
0.8502,18.0358,18.0358,4.45274,80.3085,85.0695,24.3062,4.45274,0.2875
0.8504,18.8127,18.8127,4.37388,82.2843,85.0695,24.3015,4.37388,0.245833
0.8506,17.8961,17.8961,4.77009,85.3662,85.0695,24.328,4.77009,0.2875
0.8508,16.2647,16.2647,4.96474,80.7498,85.0695,24.3405,4.96474,0.329167
0.851,18.016,18.016,4.45264,80.2188,85.0695,24.306,4.45264,0.2875
0.8512,18.8162,18.8162,4.37162,82.2573,85.0695,24.3012,4.37162,0.245833
0.8514,17.8786,17.8786,4.77662,85.3995,85.0695,24.3282,4.77662,0.2875
0.8516,16.266,16.266,4.95399,80.5816,85.0695,24.3397,4.95399,0.329167
0.8518,18.0358,18.0358,4.45274,80.3085,85.0695,24.3062,4.45274,0.2875
0.852,18.8127,18.8127,4.37388,82.2843,85.0695,24.3015,4.37388,0.245833
0.8522,17.8961,17.8961,4.77009,85.3662,85.0695,24.328,4.77009,0.2875
0.8524,16.2647,16.2647,4.96474,80.7498,85.0695,24.3405,4.96474,0.329167
0.8526,18.016,18.016,4.45264,80.2188,85.0695,24.306,4.45264,0.2875
0.8528,18.8162,18.8162,4.37162,82.2573,85.0695,24.3012,4.37162,0.245833
0.853,17.8786,17.8786,4.77662,85.3995,85.0695,24.3282,4.77662,0.2875
0.8532,16.266,16.266,4.95399,80.5816,85.0695,24.3397,4.95399,0.329167
0.8534,18.0358,18.0358,4.45274,80.3085,85.0695,24.3062,4.45274,0.2875
0.8536,18.8127,18.8127,4.37388,82.2843,85.0695,24.3015,4.37388,0.245833
0.8538,17.8961,17.8961,4.77009,85.3662,85.0695,24.328,4.77009,0.2875
0.854,16.2647,16.2647,4.96474,80.7498,85.0695,24.3405,4.96474,0.329167
0.8542,18.016,18.016,4.45264,80.2188,85.0695,24.306,4.45264,0.2875
0.8544,18.8162,18.8162,4.37162,82.2573,85.0695,24.3012,4.37162,0.245833
0.8546,17.8786,17.8786,4.77662,85.3995,85.0695,24.3282,4.77662,0.2875
0.8548,16.266,16.266,4.95399,80.5816,85.0695,24.3397,4.95399,0.329167
0.855,18.0358,18.0358,4.45274,80.3085,85.0695,24.3062,4.45274,0.2875
0.8552,18.8127,18.8127,4.37388,82.2843,85.0695,24.3015,4.37388,0.245833
0.8554,17.8961,17.8961,4.77009,85.3662,85.0695,24.328,4.77009,0.2875
0.8556,16.2647,16.2647,4.96474,80.7498,85.0695,24.3405,4.96474,0.329167
0.8558,18.016,18.016,4.45264,80.2188,85.0695,24.306,4.45264,0.2875
0.856,18.8162,18.8162,4.37162,82.2573,85.0695,24.3012,4.37162,0.245833
0.8562,17.8786,17.8786,4.77662,85.3995,85.0695,24.3282,4.77662,0.2875
0.8564,16.266,16.266,4.95399,80.5816,85.0695,24.3397,4.95399,0.329167
0.8566,18.0358,18.0358,4.45274,80.3085,85.0695,24.3062,4.45274,0.2875
0.8568,18.8127,18.8127,4.37388,82.2843,85.0695,24.3015,4.37388,0.245833
0.857,17.8961,17.8961,4.77009,85.3662,85.0695,24.328,4.77009,0.2875
0.8572,16.2647,16.2647,4.96474,80.7498,85.0695,24.3405,4.96474,0.329167
0.8574,18.016,18.016,4.45264,80.2188,85.0695,24.306,4.45264,0.2875
0.8576,18.8162,18.8162,4.37162,82.2573,85.0695,24.3012,4.37162,0.245833
0.8578,17.8786,17.8786,4.77662,85.3995,85.0695,24.3282,4.77662,0.2875
0.858,16.266,16.266,4.95399,80.5816,85.0695,24.3397,4.95399,0.329167
0.8582,18.0358,18.0358,4.45274,80.3085,85.0695,24.3062,4.45274,0.2875
0.8584,18.8127,18.8127,4.37388,82.2843,85.0695,24.3015,4.37388,0.245833
0.8586,17.8961,17.8961,4.77009,85.3662,85.0695,24.328,4.77009,0.2875
0.8588,16.2647,16.2647,4.96474,80.7498,85.0695,24.3405,4.96474,0.329167
0.859,18.016,18.016,4.45264,80.2188,85.0695,24.306,4.45264,0.2875
0.8592,18.8162,18.8162,4.37162,82.2573,85.0695,24.3012,4.37162,0.245833
0.8594,17.8786,17.8786,4.77662,85.3995,85.0695,24.3282,4.77662,0.2875
0.8596,16.266,16.266,4.95399,80.5816,85.0695,24.3397,4.95399,0.329167
0.8598,18.0358,18.0358,4.45274,80.3085,85.0695,24.3062,4.45274,0.2875
0.86,18.8127,18.8127,4.37388,82.2843,85.0695,24.3015,4.37388,0.245833
0.8602,17.8961,17.8961,4.77009,85.3662,85.0695,24.328,4.77009,0.2875
0.8604,16.2647,16.2647,4.96474,80.7498,85.0695,24.3405,4.96474,0.329167
0.8606,18.016,18.016,4.45264,80.2188,85.0695,24.306,4.45264,0.2875
0.8608,18.8162,18.8162,4.37162,82.2573,85.0695,24.3012,4.37162,0.245833
0.861,17.8786,17.8786,4.77662,85.3995,85.0695,24.3282,4.77662,0.2875
0.8612,16.266,16.266,4.95399,80.5816,85.0695,24.3397,4.95399,0.329167
0.8614,18.0358,18.0358,4.45274,80.3085,85.0695,24.3062,4.45274,0.2875
0.8616,18.8127,18.8127,4.37388,82.2843,85.0695,24.3015,4.37388,0.245833
0.8618,17.8961,17.8961,4.77009,85.3662,85.0695,24.328,4.77009,0.2875
0.862,16.2647,16.2647,4.96474,80.7498,85.0695,24.3405,4.96474,0.329167
0.8622,18.016,18.016,4.45264,80.2188,85.0695,24.306,4.45264,0.2875
0.8624,18.8162,18.8162,4.37162,82.2573,85.0695,24.3012,4.37162,0.245833
0.8626,17.8786,17.8786,4.77662,85.3995,85.0695,24.3282,4.77662,0.2875
0.8628,16.266,16.266,4.95399,80.5816,85.0695,24.3397,4.95399,0.329167
0.863,18.0358,18.0358,4.45274,80.3085,85.0695,24.3062,4.45274,0.2875
0.8632,18.8127,18.8127,4.37388,82.2843,85.0695,24.3015,4.37388,0.245833
0.8634,17.8961,17.8961,4.77009,85.3662,85.0695,24.328,4.77009,0.2875
0.8636,16.2647,16.2647,4.96474,80.7498,85.0695,24.3405,4.96474,0.329167
0.8638,18.016,18.016,4.45264,80.2188,85.0695,24.306,4.45264,0.2875
0.864,18.8162,18.8162,4.37162,82.2573,85.0695,24.3012,4.37162,0.245833
0.8642,17.8786,17.8786,4.77662,85.3995,85.0695,24.3282,4.77662,0.2875
0.8644,16.266,16.266,4.95399,80.5816,85.0695,24.3397,4.95399,0.329167
0.8646,18.0358,18.0358,4.45274,80.3085,85.0695,24.3062,4.45274,0.2875
0.8648,18.8127,18.8127,4.37388,82.2843,85.0695,24.3015,4.37388,0.245833
0.865,17.8961,17.8961,4.77009,85.3662,85.0695,24.328,4.77009,0.2875
0.8652,16.2647,16.2647,4.96474,80.7498,85.0695,24.3405,4.96474,0.329167
0.8654,18.016,18.016,4.45264,80.2188,85.0695,24.306,4.45264,0.2875
0.8656,18.8162,18.8162,4.37162,82.2573,85.0695,24.3012,4.37162,0.245833
0.8658,17.8786,17.8786,4.77662,85.3995,85.0695,24.3282,4.77662,0.2875
0.866,16.266,16.266,4.95399,80.5816,85.0695,24.3397,4.95399,0.329167
0.8662,18.0358,18.0358,4.45274,80.3085,85.0695,24.3062,4.45274,0.2875
0.8664,18.8127,18.8127,4.37388,82.2843,85.0695,24.3015,4.37388,0.245833
0.8666,17.8961,17.8961,4.77009,85.3662,85.0695,24.328,4.77009,0.2875
0.8668,16.2647,16.2647,4.96474,80.7498,85.0695,24.3405,4.96474,0.329167
0.867,18.016,18.016,4.45264,80.2188,85.0695,24.306,4.45264,0.2875
0.8672,18.8162,18.8162,4.37162,82.2573,85.0695,24.3012,4.37162,0.245833
0.8674,17.8786,17.8786,4.77662,85.3995,85.0695,24.3282,4.77662,0.2875
0.8676,16.266,16.266,4.95399,80.5816,85.0695,24.3397,4.95399,0.329167
0.8678,18.0358,18.0358,4.45274,80.3085,85.0695,24.3062,4.45274,0.2875
0.868,18.8127,18.8127,4.37388,82.2843,85.0695,24.3015,4.37388,0.245833
0.8682,17.8961,17.8961,4.77009,85.3662,85.0695,24.328,4.77009,0.2875
0.8684,16.2647,16.2647,4.96474,80.7498,85.0695,24.3405,4.96474,0.329167
0.8686,18.016,18.016,4.45264,80.2188,85.0695,24.306,4.45264,0.2875
0.8688,18.8162,18.8162,4.37162,82.2573,85.0695,24.3012,4.37162,0.245833
0.869,17.8786,17.8786,4.77662,85.3995,85.0695,24.3282,4.77662,0.2875
0.8692,16.266,16.266,4.95399,80.5816,85.0695,24.3397,4.95399,0.329167
0.8694,18.0358,18.0358,4.45274,80.3085,85.0695,24.3062,4.45274,0.2875
0.8696,18.8127,18.8127,4.37388,82.2843,85.0695,24.3015,4.37388,0.245833
0.8698,17.8961,17.8961,4.77009,85.3662,85.0695,24.328,4.77009,0.2875
0.87,16.2647,16.2647,4.96474,80.7498,85.0695,24.3405,4.96474,0.329167
0.8702,18.016,18.016,4.45264,80.2188,85.0695,24.306,4.45264,0.2875
0.8704,18.8162,18.8162,4.37162,82.2573,85.0695,24.3012,4.37162,0.245833
0.8706,17.8786,17.8786,4.77662,85.3995,85.0695,24.3282,4.77662,0.2875
0.8708,16.266,16.266,4.95399,80.5816,85.0695,24.3397,4.95399,0.329167
0.871,18.0358,18.0358,4.45274,80.3085,85.0695,24.3062,4.45274,0.2875
0.8712,18.8127,18.8127,4.37388,82.2843,85.0695,24.3015,4.37388,0.245833
0.8714,17.8961,17.8961,4.77009,85.3662,85.0695,24.328,4.77009,0.2875
0.8716,16.2647,16.2647,4.96474,80.7498,85.0695,24.3405,4.96474,0.329167
0.8718,18.016,18.016,4.45264,80.2188,85.0695,24.306,4.45264,0.2875
0.872,18.8162,18.8162,4.37162,82.2573,85.0695,24.3012,4.37162,0.245833
0.8722,17.8786,17.8786,4.77662,85.3995,85.0695,24.3282,4.77662,0.2875
0.8724,16.266,16.266,4.95399,80.5816,85.0695,24.3397,4.95399,0.329167
0.8726,18.0358,18.0358,4.45274,80.3085,85.0695,24.3062,4.45274,0.2875
0.8728,18.8127,18.8127,4.37388,82.2843,85.0695,24.3015,4.37388,0.245833
0.873,17.8961,17.8961,4.77009,85.3662,85.0695,24.328,4.77009,0.2875
0.8732,16.2647,16.2647,4.96474,80.7498,85.0695,24.3405,4.96474,0.329167
0.8734,18.016,18.016,4.45264,80.2188,85.0695,24.306,4.45264,0.2875
0.8736,18.8162,18.8162,4.37162,82.2573,85.0695,24.3012,4.37162,0.245833
0.8738,17.8786,17.8786,4.77662,85.3995,85.0695,24.3282,4.77662,0.2875
0.874,16.266,16.266,4.95399,80.5816,85.0695,24.3397,4.95399,0.329167
0.8742,18.0358,18.0358,4.45274,80.3085,85.0695,24.3062,4.45274,0.2875
0.8744,18.8127,18.8127,4.37388,82.2843,85.0695,24.3015,4.37388,0.245833
0.8746,17.8961,17.8961,4.77009,85.3662,85.0695,24.328,4.77009,0.2875
0.8748,16.2647,16.2647,4.96474,80.7498,85.0695,24.3405,4.96474,0.329167
0.875,18.016,18.016,4.45264,80.2188,85.0695,24.306,4.45264,0.2875
0.8752,18.8162,18.8162,4.37162,82.2573,85.0695,24.3012,4.37162,0.245833
0.8754,17.8786,17.8786,4.77662,85.3995,85.0695,24.3282,4.77662,0.2875
0.8756,16.266,16.266,4.95399,80.5816,85.0695,24.3397,4.95399,0.329167
0.8758,18.0358,18.0358,4.45274,80.3085,85.0695,24.3062,4.45274,0.2875
0.876,18.8127,18.8127,4.37388,82.2843,85.0695,24.3015,4.37388,0.245833
0.8762,17.8961,17.8961,4.77009,85.3662,85.0695,24.328,4.77009,0.2875
0.8764,16.2647,16.2647,4.96474,80.7498,85.0695,24.3405,4.96474,0.329167
0.8766,18.016,18.016,4.45264,80.2188,85.0695,24.306,4.45264,0.2875
0.8768,18.8162,18.8162,4.37162,82.2573,85.0695,24.3012,4.37162,0.245833
0.877,17.8786,17.8786,4.77662,85.3995,85.0695,24.3282,4.77662,0.2875
0.8772,16.266,16.266,4.95399,80.5816,85.0695,24.3397,4.95399,0.329167
0.8774,18.0358,18.0358,4.45274,80.3085,85.0695,24.3062,4.45274,0.2875
0.8776,18.8127,18.8127,4.37388,82.2843,85.0695,24.3015,4.37388,0.245833
0.8778,17.8961,17.8961,4.77009,85.3662,85.0695,24.328,4.77009,0.2875
0.878,16.2647,16.2647,4.96474,80.7498,85.0695,24.3405,4.96474,0.329167
0.8782,18.016,18.016,4.45264,80.2188,85.0695,24.306,4.45264,0.2875
0.8784,18.8162,18.8162,4.37162,82.2573,85.0695,24.3012,4.37162,0.245833
0.8786,17.8786,17.8786,4.77662,85.3995,85.0695,24.3282,4.77662,0.2875
0.8788,16.266,16.266,4.95399,80.5816,85.0695,24.3397,4.95399,0.329167
0.879,18.0358,18.0358,4.45274,80.3085,85.0695,24.3062,4.45274,0.2875
0.8792,18.8127,18.8127,4.37388,82.2843,85.0695,24.3015,4.37388,0.245833
0.8794,17.8961,17.8961,4.77009,85.3662,85.0695,24.328,4.77009,0.2875
0.8796,16.2647,16.2647,4.96474,80.7498,85.0695,24.3405,4.96474,0.329167
0.8798,18.016,18.016,4.45264,80.2188,85.0695,24.306,4.45264,0.2875
0.88,18.8162,18.8162,4.37162,82.2573,85.0695,24.3012,4.37162,0.245833
0.8802,17.8786,17.8786,4.77662,85.3995,85.0695,24.3282,4.77662,0.2875
0.8804,16.266,16.266,4.95399,80.5816,85.0695,24.3397,4.95399,0.329167
0.8806,18.0358,18.0358,4.45274,80.3085,85.0695,24.3062,4.45274,0.2875
0.8808,18.8127,18.8127,4.37388,82.2843,85.0695,24.3015,4.37388,0.245833
0.881,17.8961,17.8961,4.77009,85.3662,85.0695,24.328,4.77009,0.2875
0.8812,16.2647,16.2647,4.96474,80.7498,85.0695,24.3405,4.96474,0.329167
0.8814,18.016,18.016,4.45264,80.2188,85.0695,24.306,4.45264,0.2875
0.8816,18.8162,18.8162,4.37162,82.2573,85.0695,24.3012,4.37162,0.245833
0.8818,17.8786,17.8786,4.77662,85.3995,85.0695,24.3282,4.77662,0.2875
0.882,16.266,16.266,4.95399,80.5816,85.0695,24.3397,4.95399,0.329167
0.8822,18.0358,18.0358,4.45274,80.3085,85.0695,24.3062,4.45274,0.2875
0.8824,18.8127,18.8127,4.37388,82.2843,85.0695,24.3015,4.37388,0.245833
0.8826,17.8961,17.8961,4.77009,85.3662,85.0695,24.328,4.77009,0.2875
0.8828,16.2647,16.2647,4.96474,80.7498,85.0695,24.3405,4.96474,0.329167
0.883,18.016,18.016,4.45264,80.2188,85.0695,24.306,4.45264,0.2875
0.8832,18.8162,18.8162,4.37162,82.2573,85.0695,24.3012,4.37162,0.245833
0.8834,17.8786,17.8786,4.77662,85.3995,85.0695,24.3282,4.77662,0.2875
0.8836,16.266,16.266,4.95399,80.5816,85.0695,24.3397,4.95399,0.329167
0.8838,18.0358,18.0358,4.45274,80.3085,85.0695,24.3062,4.45274,0.2875
0.884,18.8127,18.8127,4.37388,82.2843,85.0695,24.3015,4.37388,0.245833
0.8842,17.8961,17.8961,4.77009,85.3662,85.0695,24.328,4.77009,0.2875
0.8844,16.2647,16.2647,4.96474,80.7498,85.0695,24.3405,4.96474,0.329167
0.8846,18.016,18.016,4.45264,80.2188,85.0695,24.306,4.45264,0.2875
0.8848,18.8162,18.8162,4.37162,82.2573,85.0695,24.3012,4.37162,0.245833
0.885,17.8786,17.8786,4.77662,85.3995,85.0695,24.3282,4.77662,0.2875
0.8852,16.266,16.266,4.95399,80.5816,85.0695,24.3397,4.95399,0.329167
0.8854,18.0358,18.0358,4.45274,80.3085,85.0695,24.3062,4.45274,0.2875
0.8856,18.8127,18.8127,4.37388,82.2843,85.0695,24.3015,4.37388,0.245833
0.8858,17.8961,17.8961,4.77009,85.3662,85.0695,24.328,4.77009,0.2875
0.886,16.2647,16.2647,4.96474,80.7498,85.0695,24.3405,4.96474,0.329167
0.8862,18.016,18.016,4.45264,80.2188,85.0695,24.306,4.45264,0.2875
0.8864,18.8162,18.8162,4.37162,82.2573,85.0695,24.3012,4.37162,0.245833
0.8866,17.8786,17.8786,4.77662,85.3995,85.0695,24.3282,4.77662,0.2875
0.8868,16.266,16.266,4.95399,80.5816,85.0695,24.3397,4.95399,0.329167
0.887,18.0358,18.0358,4.45274,80.3085,85.0695,24.3062,4.45274,0.2875
0.8872,18.8127,18.8127,4.37388,82.2843,85.0695,24.3015,4.37388,0.245833
0.8874,17.8961,17.8961,4.77009,85.3662,85.0695,24.328,4.77009,0.2875
0.8876,16.2647,16.2647,4.96474,80.7498,85.0695,24.3405,4.96474,0.329167
0.8878,18.016,18.016,4.45264,80.2188,85.0695,24.306,4.45264,0.2875
0.888,18.8162,18.8162,4.37162,82.2573,85.0695,24.3012,4.37162,0.245833
0.8882,17.8786,17.8786,4.77662,85.3995,85.0695,24.3282,4.77662,0.2875
0.8884,16.266,16.266,4.95399,80.5816,85.0695,24.3397,4.95399,0.329167
0.8886,18.0358,18.0358,4.45274,80.3085,85.0695,24.3062,4.45274,0.2875
0.8888,18.8127,18.8127,4.37388,82.2843,85.0695,24.3015,4.37388,0.245833
0.889,17.8961,17.8961,4.77009,85.3662,85.0695,24.328,4.77009,0.2875
0.8892,16.2647,16.2647,4.96474,80.7498,85.0695,24.3405,4.96474,0.329167
0.8894,18.016,18.016,4.45264,80.2188,85.0695,24.306,4.45264,0.2875
0.8896,18.8162,18.8162,4.37162,82.2573,85.0695,24.3012,4.37162,0.245833
0.8898,17.8786,17.8786,4.77662,85.3995,85.0695,24.3282,4.77662,0.2875
0.89,16.266,16.266,4.95399,80.5816,85.0695,24.3397,4.95399,0.329167
0.8902,18.0358,18.0358,4.45274,80.3085,85.0695,24.3062,4.45274,0.2875
0.8904,18.8127,18.8127,4.37388,82.2843,85.0695,24.3015,4.37388,0.245833
0.8906,17.8961,17.8961,4.77009,85.3662,85.0695,24.328,4.77009,0.2875
0.8908,16.2647,16.2647,4.96474,80.7498,85.0695,24.3405,4.96474,0.329167
0.891,18.016,18.016,4.45264,80.2188,85.0695,24.306,4.45264,0.2875
0.8912,18.8162,18.8162,4.37162,82.2573,85.0695,24.3012,4.37162,0.245833
0.8914,17.8786,17.8786,4.77662,85.3995,85.0695,24.3282,4.77662,0.2875
0.8916,16.266,16.266,4.95399,80.5816,85.0695,24.3397,4.95399,0.329167
0.8918,18.0358,18.0358,4.45274,80.3085,85.0695,24.3062,4.45274,0.2875
0.892,18.8127,18.8127,4.37388,82.2843,85.0695,24.3015,4.37388,0.245833
0.8922,17.8961,17.8961,4.77009,85.3662,85.0695,24.328,4.77009,0.2875
0.8924,16.2647,16.2647,4.96474,80.7498,85.0695,24.3405,4.96474,0.329167
0.8926,18.016,18.016,4.45264,80.2188,85.0695,24.306,4.45264,0.2875
0.8928,18.8162,18.8162,4.37162,82.2573,85.0695,24.3012,4.37162,0.245833
0.893,17.8786,17.8786,4.77662,85.3995,85.0695,24.3282,4.77662,0.2875
0.8932,16.266,16.266,4.95399,80.5816,85.0695,24.3397,4.95399,0.329167
0.8934,18.0358,18.0358,4.45274,80.3085,85.0695,24.3062,4.45274,0.2875
0.8936,18.8127,18.8127,4.37388,82.2843,85.0695,24.3015,4.37388,0.245833
0.8938,17.8961,17.8961,4.77009,85.3662,85.0695,24.328,4.77009,0.2875
0.894,16.2647,16.2647,4.96474,80.7498,85.0695,24.3405,4.96474,0.329167
0.8942,18.016,18.016,4.45264,80.2188,85.0695,24.306,4.45264,0.2875
0.8944,18.8162,18.8162,4.37162,82.2573,85.0695,24.3012,4.37162,0.245833
0.8946,17.8786,17.8786,4.77662,85.3995,85.0695,24.3282,4.77662,0.2875
0.8948,16.266,16.266,4.95399,80.5816,85.0695,24.3397,4.95399,0.329167
0.895,18.0358,18.0358,4.45274,80.3085,85.0695,24.3062,4.45274,0.2875
0.8952,18.8127,18.8127,4.37388,82.2843,85.0695,24.3015,4.37388,0.245833
0.8954,17.8961,17.8961,4.77009,85.3662,85.0695,24.328,4.77009,0.2875
0.8956,16.2647,16.2647,4.96474,80.7498,85.0695,24.3405,4.96474,0.329167
0.8958,18.016,18.016,4.45264,80.2188,85.0695,24.306,4.45264,0.2875
0.896,18.8162,18.8162,4.37162,82.2573,85.0695,24.3012,4.37162,0.245833
0.8962,17.8786,17.8786,4.77662,85.3995,85.0695,24.3282,4.77662,0.2875
0.8964,16.266,16.266,4.95399,80.5816,85.0695,24.3397,4.95399,0.329167
0.8966,18.0358,18.0358,4.45274,80.3085,85.0695,24.3062,4.45274,0.2875
0.8968,18.8127,18.8127,4.37388,82.2843,85.0695,24.3015,4.37388,0.245833
0.897,17.8961,17.8961,4.77009,85.3662,85.0695,24.328,4.77009,0.2875
0.8972,16.2647,16.2647,4.96474,80.7498,85.0695,24.3405,4.96474,0.329167
0.8974,18.016,18.016,4.45264,80.2188,85.0695,24.306,4.45264,0.2875
0.8976,18.8162,18.8162,4.37162,82.2573,85.0695,24.3012,4.37162,0.245833
0.8978,17.8786,17.8786,4.77662,85.3995,85.0695,24.3282,4.77662,0.2875
0.898,16.266,16.266,4.95399,80.5816,85.0695,24.3397,4.95399,0.329167
0.8982,18.0358,18.0358,4.45274,80.3085,85.0695,24.3062,4.45274,0.2875
0.8984,18.8127,18.8127,4.37388,82.2843,85.0695,24.3015,4.37388,0.245833
0.8986,17.8961,17.8961,4.77009,85.3662,85.0695,24.328,4.77009,0.2875
0.8988,16.2647,16.2647,4.96474,80.7498,85.0695,24.3405,4.96474,0.329167
0.899,18.016,18.016,4.45264,80.2188,85.0695,24.306,4.45264,0.2875
0.8992,18.8162,18.8162,4.37162,82.2573,85.0695,24.3012,4.37162,0.245833
0.8994,17.8786,17.8786,4.77662,85.3995,85.0695,24.3282,4.77662,0.2875
0.8996,16.266,16.266,4.95399,80.5816,85.0695,24.3397,4.95399,0.329167
0.8998,18.0358,18.0358,4.45274,80.3085,85.0695,24.3062,4.45274,0.2875
0.9,18.8127,18.8127,4.37388,82.2843,85.0695,24.3015,4.37388,0.245833
0.9002,17.8961,17.8961,4.77009,85.3662,85.0695,24.328,4.77009,0.2875
0.9004,16.2647,16.2647,4.96474,80.7498,85.0695,24.3405,4.96474,0.329167
0.9006,18.016,18.016,4.45264,80.2188,85.0695,24.306,4.45264,0.2875
0.9008,18.8162,18.8162,4.37162,82.2573,85.0695,24.3012,4.37162,0.245833
0.901,17.8786,17.8786,4.77662,85.3995,85.0695,24.3282,4.77662,0.2875
0.9012,16.266,16.266,4.95399,80.5816,85.0695,24.3397,4.95399,0.329167
0.9014,18.0358,18.0358,4.45274,80.3085,85.0695,24.3062,4.45274,0.2875
0.9016,18.8127,18.8127,4.37388,82.2843,85.0695,24.3015,4.37388,0.245833
0.9018,17.8961,17.8961,4.77009,85.3662,85.0695,24.328,4.77009,0.2875
0.902,16.2647,16.2647,4.96474,80.7498,85.0695,24.3405,4.96474,0.329167
0.9022,18.016,18.016,4.45264,80.2188,85.0695,24.306,4.45264,0.2875
0.9024,18.8162,18.8162,4.37162,82.2573,85.0695,24.3012,4.37162,0.245833
0.9026,17.8786,17.8786,4.77662,85.3995,85.0695,24.3282,4.77662,0.2875
0.9028,16.266,16.266,4.95399,80.5816,85.0695,24.3397,4.95399,0.329167
0.903,18.0358,18.0358,4.45274,80.3085,85.0695,24.3062,4.45274,0.2875
0.9032,18.8127,18.8127,4.37388,82.2843,85.0695,24.3015,4.37388,0.245833
0.9034,17.8961,17.8961,4.77009,85.3662,85.0695,24.328,4.77009,0.2875
0.9036,16.2647,16.2647,4.96474,80.7498,85.0695,24.3405,4.96474,0.329167
0.9038,18.016,18.016,4.45264,80.2188,85.0695,24.306,4.45264,0.2875
0.904,18.8162,18.8162,4.37162,82.2573,85.0695,24.3012,4.37162,0.245833
0.9042,17.8786,17.8786,4.77662,85.3995,85.0695,24.3282,4.77662,0.2875
0.9044,16.266,16.266,4.95399,80.5816,85.0695,24.3397,4.95399,0.329167
0.9046,18.0358,18.0358,4.45274,80.3085,85.0695,24.3062,4.45274,0.2875
0.9048,18.8127,18.8127,4.37388,82.2843,85.0695,24.3015,4.37388,0.245833
0.905,17.8961,17.8961,4.77009,85.3662,85.0695,24.328,4.77009,0.2875
0.9052,16.2647,16.2647,4.96474,80.7498,85.0695,24.3405,4.96474,0.329167
0.9054,18.016,18.016,4.45264,80.2188,85.0695,24.306,4.45264,0.2875
0.9056,18.8162,18.8162,4.37162,82.2573,85.0695,24.3012,4.37162,0.245833
0.9058,17.8786,17.8786,4.77662,85.3995,85.0695,24.3282,4.77662,0.2875
0.906,16.266,16.266,4.95399,80.5816,85.0695,24.3397,4.95399,0.329167
0.9062,18.0358,18.0358,4.45274,80.3085,85.0695,24.3062,4.45274,0.2875
0.9064,18.8127,18.8127,4.37388,82.2843,85.0695,24.3015,4.37388,0.245833
0.9066,17.8961,17.8961,4.77009,85.3662,85.0695,24.328,4.77009,0.2875
0.9068,16.2647,16.2647,4.96474,80.7498,85.0695,24.3405,4.96474,0.329167
0.907,18.016,18.016,4.45264,80.2188,85.0695,24.306,4.45264,0.2875
0.9072,18.8162,18.8162,4.37162,82.2573,85.0695,24.3012,4.37162,0.245833
0.9074,17.8786,17.8786,4.77662,85.3995,85.0695,24.3282,4.77662,0.2875
0.9076,16.266,16.266,4.95399,80.5816,85.0695,24.3397,4.95399,0.329167
0.9078,18.0358,18.0358,4.45274,80.3085,85.0695,24.3062,4.45274,0.2875
0.908,18.8127,18.8127,4.37388,82.2843,85.0695,24.3015,4.37388,0.245833
0.9082,17.8961,17.8961,4.77009,85.3662,85.0695,24.328,4.77009,0.2875
0.9084,16.2647,16.2647,4.96474,80.7498,85.0695,24.3405,4.96474,0.329167
0.9086,18.016,18.016,4.45264,80.2188,85.0695,24.306,4.45264,0.2875
0.9088,18.8162,18.8162,4.37162,82.2573,85.0695,24.3012,4.37162,0.245833
0.909,17.8786,17.8786,4.77662,85.3995,85.0695,24.3282,4.77662,0.2875
0.9092,16.266,16.266,4.95399,80.5816,85.0695,24.3397,4.95399,0.329167
0.9094,18.0358,18.0358,4.45274,80.3085,85.0695,24.3062,4.45274,0.2875
0.9096,18.8127,18.8127,4.37388,82.2843,85.0695,24.3015,4.37388,0.245833
0.9098,17.8961,17.8961,4.77009,85.3662,85.0695,24.328,4.77009,0.2875
0.91,16.2647,16.2647,4.96474,80.7498,85.0695,24.3405,4.96474,0.329167
0.9102,18.016,18.016,4.45264,80.2188,85.0695,24.306,4.45264,0.2875
0.9104,18.8162,18.8162,4.37162,82.2573,85.0695,24.3012,4.37162,0.245833
0.9106,17.8786,17.8786,4.77662,85.3995,85.0695,24.3282,4.77662,0.2875
0.9108,16.266,16.266,4.95399,80.5816,85.0695,24.3397,4.95399,0.329167
0.911,18.0358,18.0358,4.45274,80.3085,85.0695,24.3062,4.45274,0.2875
0.9112,18.8127,18.8127,4.37388,82.2843,85.0695,24.3015,4.37388,0.245833
0.9114,17.8961,17.8961,4.77009,85.3662,85.0695,24.328,4.77009,0.2875
0.9116,16.2647,16.2647,4.96474,80.7498,85.0695,24.3405,4.96474,0.329167
0.9118,18.016,18.016,4.45264,80.2188,85.0695,24.306,4.45264,0.2875
0.912,18.8162,18.8162,4.37162,82.2573,85.0695,24.3012,4.37162,0.245833
0.9122,17.8786,17.8786,4.77662,85.3995,85.0695,24.3282,4.77662,0.2875
0.9124,16.266,16.266,4.95399,80.5816,85.0695,24.3397,4.95399,0.329167
0.9126,18.0358,18.0358,4.45274,80.3085,85.0695,24.3062,4.45274,0.2875
0.9128,18.8127,18.8127,4.37388,82.2843,85.0695,24.3015,4.37388,0.245833
0.913,17.8961,17.8961,4.77009,85.3662,85.0695,24.328,4.77009,0.2875
0.9132,16.2647,16.2647,4.96474,80.7498,85.0695,24.3405,4.96474,0.329167
0.9134,18.016,18.016,4.45264,80.2188,85.0695,24.306,4.45264,0.2875
0.9136,18.8162,18.8162,4.37162,82.2573,85.0695,24.3012,4.37162,0.245833
0.9138,17.8786,17.8786,4.77662,85.3995,85.0695,24.3282,4.77662,0.2875
0.914,16.266,16.266,4.95399,80.5816,85.0695,24.3397,4.95399,0.329167
0.9142,18.0358,18.0358,4.45274,80.3085,85.0695,24.3062,4.45274,0.2875
0.9144,18.8127,18.8127,4.37388,82.2843,85.0695,24.3015,4.37388,0.245833
0.9146,17.8961,17.8961,4.77009,85.3662,85.0695,24.328,4.77009,0.2875
0.9148,16.2647,16.2647,4.96474,80.7498,85.0695,24.3405,4.96474,0.329167
0.915,18.016,18.016,4.45264,80.2188,85.0695,24.306,4.45264,0.2875
0.9152,18.8162,18.8162,4.37162,82.2573,85.0695,24.3012,4.37162,0.245833
0.9154,17.8786,17.8786,4.77662,85.3995,85.0695,24.3282,4.77662,0.2875
0.9156,16.266,16.266,4.95399,80.5816,85.0695,24.3397,4.95399,0.329167
0.9158,18.0358,18.0358,4.45274,80.3085,85.0695,24.3062,4.45274,0.2875
0.916,18.8127,18.8127,4.37388,82.2843,85.0695,24.3015,4.37388,0.245833
0.9162,17.8961,17.8961,4.77009,85.3662,85.0695,24.328,4.77009,0.2875
0.9164,16.2647,16.2647,4.96474,80.7498,85.0695,24.3405,4.96474,0.329167
0.9166,18.016,18.016,4.45264,80.2188,85.0695,24.306,4.45264,0.2875
0.9168,18.8162,18.8162,4.37162,82.2573,85.0695,24.3012,4.37162,0.245833
0.917,17.8786,17.8786,4.77662,85.3995,85.0695,24.3282,4.77662,0.2875
0.9172,16.266,16.266,4.95399,80.5816,85.0695,24.3397,4.95399,0.329167
0.9174,18.0358,18.0358,4.45274,80.3085,85.0695,24.3062,4.45274,0.2875
0.9176,18.8127,18.8127,4.37388,82.2843,85.0695,24.3015,4.37388,0.245833
0.9178,17.8961,17.8961,4.77009,85.3662,85.0695,24.328,4.77009,0.2875
0.918,16.2647,16.2647,4.96474,80.7498,85.0695,24.3405,4.96474,0.329167
0.9182,18.016,18.016,4.45264,80.2188,85.0695,24.306,4.45264,0.2875
0.9184,18.8162,18.8162,4.37162,82.2573,85.0695,24.3012,4.37162,0.245833
0.9186,17.8786,17.8786,4.77662,85.3995,85.0695,24.3282,4.77662,0.2875
0.9188,16.266,16.266,4.95399,80.5816,85.0695,24.3397,4.95399,0.329167
0.919,18.0358,18.0358,4.45274,80.3085,85.0695,24.3062,4.45274,0.2875
0.9192,18.8127,18.8127,4.37388,82.2843,85.0695,24.3015,4.37388,0.245833
0.9194,17.8961,17.8961,4.77009,85.3662,85.0695,24.328,4.77009,0.2875
0.9196,16.2647,16.2647,4.96474,80.7498,85.0695,24.3405,4.96474,0.329167
0.9198,18.016,18.016,4.45264,80.2188,85.0695,24.306,4.45264,0.2875
0.92,18.8162,18.8162,4.37162,82.2573,85.0695,24.3012,4.37162,0.245833
0.9202,17.8786,17.8786,4.77662,85.3995,85.0695,24.3282,4.77662,0.2875
0.9204,16.266,16.266,4.95399,80.5816,85.0695,24.3397,4.95399,0.329167
0.9206,18.0358,18.0358,4.45274,80.3085,85.0695,24.3062,4.45274,0.2875
0.9208,18.8127,18.8127,4.37388,82.2843,85.0695,24.3015,4.37388,0.245833
0.921,17.8961,17.8961,4.77009,85.3662,85.0695,24.328,4.77009,0.2875
0.9212,16.2647,16.2647,4.96474,80.7498,85.0695,24.3405,4.96474,0.329167
0.9214,18.016,18.016,4.45264,80.2188,85.0695,24.306,4.45264,0.2875
0.9216,18.8162,18.8162,4.37162,82.2573,85.0695,24.3012,4.37162,0.245833
0.9218,17.8786,17.8786,4.77662,85.3995,85.0695,24.3282,4.77662,0.2875
0.922,16.266,16.266,4.95399,80.5816,85.0695,24.3397,4.95399,0.329167
0.9222,18.0358,18.0358,4.45274,80.3085,85.0695,24.3062,4.45274,0.2875
0.9224,18.8127,18.8127,4.37388,82.2843,85.0695,24.3015,4.37388,0.245833
0.9226,17.8961,17.8961,4.77009,85.3662,85.0695,24.328,4.77009,0.2875
0.9228,16.2647,16.2647,4.96474,80.7498,85.0695,24.3405,4.96474,0.329167
0.923,18.016,18.016,4.45264,80.2188,85.0695,24.306,4.45264,0.2875
0.9232,18.8162,18.8162,4.37162,82.2573,85.0695,24.3012,4.37162,0.245833
0.9234,17.8786,17.8786,4.77662,85.3995,85.0695,24.3282,4.77662,0.2875
0.9236,16.266,16.266,4.95399,80.5816,85.0695,24.3397,4.95399,0.329167
0.9238,18.0358,18.0358,4.45274,80.3085,85.0695,24.3062,4.45274,0.2875
0.924,18.8127,18.8127,4.37388,82.2843,85.0695,24.3015,4.37388,0.245833
0.9242,17.8961,17.8961,4.77009,85.3662,85.0695,24.328,4.77009,0.2875
0.9244,16.2647,16.2647,4.96474,80.7498,85.0695,24.3405,4.96474,0.329167
0.9246,18.016,18.016,4.45264,80.2188,85.0695,24.306,4.45264,0.2875
0.9248,18.8162,18.8162,4.37162,82.2573,85.0695,24.3012,4.37162,0.245833
0.925,17.8786,17.8786,4.77662,85.3995,85.0695,24.3282,4.77662,0.2875
0.9252,16.266,16.266,4.95399,80.5816,85.0695,24.3397,4.95399,0.329167
0.9254,18.0358,18.0358,4.45274,80.3085,85.0695,24.3062,4.45274,0.2875
0.9256,18.8127,18.8127,4.37388,82.2843,85.0695,24.3015,4.37388,0.245833
0.9258,17.8961,17.8961,4.77009,85.3662,85.0695,24.328,4.77009,0.2875
0.926,16.2647,16.2647,4.96474,80.7498,85.0695,24.3405,4.96474,0.329167
0.9262,18.016,18.016,4.45264,80.2188,85.0695,24.306,4.45264,0.2875
0.9264,18.8162,18.8162,4.37162,82.2573,85.0695,24.3012,4.37162,0.245833
0.9266,17.8786,17.8786,4.77662,85.3995,85.0695,24.3282,4.77662,0.2875
0.9268,16.266,16.266,4.95399,80.5816,85.0695,24.3397,4.95399,0.329167
0.927,18.0358,18.0358,4.45274,80.3085,85.0695,24.3062,4.45274,0.2875
0.9272,18.8127,18.8127,4.37388,82.2843,85.0695,24.3015,4.37388,0.245833
0.9274,17.8961,17.8961,4.77009,85.3662,85.0695,24.328,4.77009,0.2875
0.9276,16.2647,16.2647,4.96474,80.7498,85.0695,24.3405,4.96474,0.329167
0.9278,18.016,18.016,4.45264,80.2188,85.0695,24.306,4.45264,0.2875
0.928,18.8162,18.8162,4.37162,82.2573,85.0695,24.3012,4.37162,0.245833
0.9282,17.8786,17.8786,4.77662,85.3995,85.0695,24.3282,4.77662,0.2875
0.9284,16.266,16.266,4.95399,80.5816,85.0695,24.3397,4.95399,0.329167
0.9286,18.0358,18.0358,4.45274,80.3085,85.0695,24.3062,4.45274,0.2875
0.9288,18.8127,18.8127,4.37388,82.2843,85.0695,24.3015,4.37388,0.245833
0.929,17.8961,17.8961,4.77009,85.3662,85.0695,24.328,4.77009,0.2875
0.9292,16.2647,16.2647,4.96474,80.7498,85.0695,24.3405,4.96474,0.329167
0.9294,18.016,18.016,4.45264,80.2188,85.0695,24.306,4.45264,0.2875
0.9296,18.8162,18.8162,4.37162,82.2573,85.0695,24.3012,4.37162,0.245833
0.9298,17.8786,17.8786,4.77662,85.3995,85.0695,24.3282,4.77662,0.2875
0.93,16.266,16.266,4.95399,80.5816,85.0695,24.3397,4.95399,0.329167
0.9302,18.0358,18.0358,4.45274,80.3085,85.0695,24.3062,4.45274,0.2875
0.9304,18.8127,18.8127,4.37388,82.2843,85.0695,24.3015,4.37388,0.245833
0.9306,17.8961,17.8961,4.77009,85.3662,85.0695,24.328,4.77009,0.2875
0.9308,16.2647,16.2647,4.96474,80.7498,85.0695,24.3405,4.96474,0.329167
0.931,18.016,18.016,4.45264,80.2188,85.0695,24.306,4.45264,0.2875
0.9312,18.8162,18.8162,4.37162,82.2573,85.0695,24.3012,4.37162,0.245833
0.9314,17.8786,17.8786,4.77662,85.3995,85.0695,24.3282,4.77662,0.2875
0.9316,16.266,16.266,4.95399,80.5816,85.0695,24.3397,4.95399,0.329167
0.9318,18.0358,18.0358,4.45274,80.3085,85.0695,24.3062,4.45274,0.2875
0.932,18.8127,18.8127,4.37388,82.2843,85.0695,24.3015,4.37388,0.245833
0.9322,17.8961,17.8961,4.77009,85.3662,85.0695,24.328,4.77009,0.2875
0.9324,16.2647,16.2647,4.96474,80.7498,85.0695,24.3405,4.96474,0.329167
0.9326,18.016,18.016,4.45264,80.2188,85.0695,24.306,4.45264,0.2875
0.9328,18.8162,18.8162,4.37162,82.2573,85.0695,24.3012,4.37162,0.245833
0.933,17.8786,17.8786,4.77662,85.3995,85.0695,24.3282,4.77662,0.2875
0.9332,16.266,16.266,4.95399,80.5816,85.0695,24.3397,4.95399,0.329167
0.9334,18.0358,18.0358,4.45274,80.3085,85.0695,24.3062,4.45274,0.2875
0.9336,18.8127,18.8127,4.37388,82.2843,85.0695,24.3015,4.37388,0.245833
0.9338,17.8961,17.8961,4.77009,85.3662,85.0695,24.328,4.77009,0.2875
0.934,16.2647,16.2647,4.96474,80.7498,85.0695,24.3405,4.96474,0.329167
0.9342,18.016,18.016,4.45264,80.2188,85.0695,24.306,4.45264,0.2875
0.9344,18.8162,18.8162,4.37162,82.2573,85.0695,24.3012,4.37162,0.245833
0.9346,17.8786,17.8786,4.77662,85.3995,85.0695,24.3282,4.77662,0.2875
0.9348,16.266,16.266,4.95399,80.5816,85.0695,24.3397,4.95399,0.329167
0.935,18.0358,18.0358,4.45274,80.3085,85.0695,24.3062,4.45274,0.2875
0.9352,18.8127,18.8127,4.37388,82.2843,85.0695,24.3015,4.37388,0.245833
0.9354,17.8961,17.8961,4.77009,85.3662,85.0695,24.328,4.77009,0.2875
0.9356,16.2647,16.2647,4.96474,80.7498,85.0695,24.3405,4.96474,0.329167
0.9358,18.016,18.016,4.45264,80.2188,85.0695,24.306,4.45264,0.2875
0.936,18.8162,18.8162,4.37162,82.2573,85.0695,24.3012,4.37162,0.245833
0.9362,17.8786,17.8786,4.77662,85.3995,85.0695,24.3282,4.77662,0.2875
0.9364,16.266,16.266,4.95399,80.5816,85.0695,24.3397,4.95399,0.329167
0.9366,18.0358,18.0358,4.45274,80.3085,85.0695,24.3062,4.45274,0.2875
0.9368,18.8127,18.8127,4.37388,82.2843,85.0695,24.3015,4.37388,0.245833
0.937,17.8961,17.8961,4.77009,85.3662,85.0695,24.328,4.77009,0.2875
0.9372,16.2647,16.2647,4.96474,80.7498,85.0695,24.3405,4.96474,0.329167
0.9374,18.016,18.016,4.45264,80.2188,85.0695,24.306,4.45264,0.2875
0.9376,18.8162,18.8162,4.37162,82.2573,85.0695,24.3012,4.37162,0.245833
0.9378,17.8786,17.8786,4.77662,85.3995,85.0695,24.3282,4.77662,0.2875
0.938,16.266,16.266,4.95399,80.5816,85.0695,24.3397,4.95399,0.329167
0.9382,18.0358,18.0358,4.45274,80.3085,85.0695,24.3062,4.45274,0.2875
0.9384,18.8127,18.8127,4.37388,82.2843,85.0695,24.3015,4.37388,0.245833
0.9386,17.8961,17.8961,4.77009,85.3662,85.0695,24.328,4.77009,0.2875
0.9388,16.2647,16.2647,4.96474,80.7498,85.0695,24.3405,4.96474,0.329167
0.939,18.016,18.016,4.45264,80.2188,85.0695,24.306,4.45264,0.2875
0.9392,18.8162,18.8162,4.37162,82.2573,85.0695,24.3012,4.37162,0.245833
0.9394,17.8786,17.8786,4.77662,85.3995,85.0695,24.3282,4.77662,0.2875
0.9396,16.266,16.266,4.95399,80.5816,85.0695,24.3397,4.95399,0.329167
0.9398,18.0358,18.0358,4.45274,80.3085,85.0695,24.3062,4.45274,0.2875
0.94,18.8127,18.8127,4.37388,82.2843,85.0695,24.3015,4.37388,0.245833
0.9402,17.8961,17.8961,4.77009,85.3662,85.0695,24.328,4.77009,0.2875
0.9404,16.2647,16.2647,4.96474,80.7498,85.0695,24.3405,4.96474,0.329167
0.9406,18.016,18.016,4.45264,80.2188,85.0695,24.306,4.45264,0.2875
0.9408,18.8162,18.8162,4.37162,82.2573,85.0695,24.3012,4.37162,0.245833
0.941,17.8786,17.8786,4.77662,85.3995,85.0695,24.3282,4.77662,0.2875
0.9412,16.266,16.266,4.95399,80.5816,85.0695,24.3397,4.95399,0.329167
0.9414,18.0358,18.0358,4.45274,80.3085,85.0695,24.3062,4.45274,0.2875
0.9416,18.8127,18.8127,4.37388,82.2843,85.0695,24.3015,4.37388,0.245833
0.9418,17.8961,17.8961,4.77009,85.3662,85.0695,24.328,4.77009,0.2875
0.942,16.2647,16.2647,4.96474,80.7498,85.0695,24.3405,4.96474,0.329167
0.9422,18.016,18.016,4.45264,80.2188,85.0695,24.306,4.45264,0.2875
0.9424,18.8162,18.8162,4.37162,82.2573,85.0695,24.3012,4.37162,0.245833
0.9426,17.8786,17.8786,4.77662,85.3995,85.0695,24.3282,4.77662,0.2875
0.9428,16.266,16.266,4.95399,80.5816,85.0695,24.3397,4.95399,0.329167
0.943,18.0358,18.0358,4.45274,80.3085,85.0695,24.3062,4.45274,0.2875
0.9432,18.8127,18.8127,4.37388,82.2843,85.0695,24.3015,4.37388,0.245833
0.9434,17.8961,17.8961,4.77009,85.3662,85.0695,24.328,4.77009,0.2875
0.9436,16.2647,16.2647,4.96474,80.7498,85.0695,24.3405,4.96474,0.329167
0.9438,18.016,18.016,4.45264,80.2188,85.0695,24.306,4.45264,0.2875
0.944,18.8162,18.8162,4.37162,82.2573,85.0695,24.3012,4.37162,0.245833
0.9442,17.8786,17.8786,4.77662,85.3995,85.0695,24.3282,4.77662,0.2875
0.9444,16.266,16.266,4.95399,80.5816,85.0695,24.3397,4.95399,0.329167
0.9446,18.0358,18.0358,4.45274,80.3085,85.0695,24.3062,4.45274,0.2875
0.9448,18.8127,18.8127,4.37388,82.2843,85.0695,24.3015,4.37388,0.245833
0.945,17.8961,17.8961,4.77009,85.3662,85.0695,24.328,4.77009,0.2875
0.9452,16.2647,16.2647,4.96474,80.7498,85.0695,24.3405,4.96474,0.329167
0.9454,18.016,18.016,4.45264,80.2188,85.0695,24.306,4.45264,0.2875
0.9456,18.8162,18.8162,4.37162,82.2573,85.0695,24.3012,4.37162,0.245833
0.9458,17.8786,17.8786,4.77662,85.3995,85.0695,24.3282,4.77662,0.2875
0.946,16.266,16.266,4.95399,80.5816,85.0695,24.3397,4.95399,0.329167
0.9462,18.0358,18.0358,4.45274,80.3085,85.0695,24.3062,4.45274,0.2875
0.9464,18.8127,18.8127,4.37388,82.2843,85.0695,24.3015,4.37388,0.245833
0.9466,17.8961,17.8961,4.77009,85.3662,85.0695,24.328,4.77009,0.2875
0.9468,16.2647,16.2647,4.96474,80.7498,85.0695,24.3405,4.96474,0.329167
0.947,18.016,18.016,4.45264,80.2188,85.0695,24.306,4.45264,0.2875
0.9472,18.8162,18.8162,4.37162,82.2573,85.0695,24.3012,4.37162,0.245833
0.9474,17.8786,17.8786,4.77662,85.3995,85.0695,24.3282,4.77662,0.2875
0.9476,16.266,16.266,4.95399,80.5816,85.0695,24.3397,4.95399,0.329167
0.9478,18.0358,18.0358,4.45274,80.3085,85.0695,24.3062,4.45274,0.2875
0.948,18.8127,18.8127,4.37388,82.2843,85.0695,24.3015,4.37388,0.245833
0.9482,17.8961,17.8961,4.77009,85.3662,85.0695,24.328,4.77009,0.2875
0.9484,16.2647,16.2647,4.96474,80.7498,85.0695,24.3405,4.96474,0.329167
0.9486,18.016,18.016,4.45264,80.2188,85.0695,24.306,4.45264,0.2875
0.9488,18.8162,18.8162,4.37162,82.2573,85.0695,24.3012,4.37162,0.245833
0.949,17.8786,17.8786,4.77662,85.3995,85.0695,24.3282,4.77662,0.2875
0.9492,16.266,16.266,4.95399,80.5816,85.0695,24.3397,4.95399,0.329167
0.9494,18.0358,18.0358,4.45274,80.3085,85.0695,24.3062,4.45274,0.2875
0.9496,18.8127,18.8127,4.37388,82.2843,85.0695,24.3015,4.37388,0.245833
0.9498,17.8961,17.8961,4.77009,85.3662,85.0695,24.328,4.77009,0.2875
0.95,16.2647,16.2647,4.96474,80.7498,85.0695,24.3405,4.96474,0.329167
0.9502,18.016,18.016,4.45264,80.2188,85.0695,24.306,4.45264,0.2875
0.9504,18.8162,18.8162,4.37162,82.2573,85.0695,24.3012,4.37162,0.245833
0.9506,17.8786,17.8786,4.77662,85.3995,85.0695,24.3282,4.77662,0.2875
0.9508,16.266,16.266,4.95399,80.5816,85.0695,24.3397,4.95399,0.329167
0.951,18.0358,18.0358,4.45274,80.3085,85.0695,24.3062,4.45274,0.2875
0.9512,18.8127,18.8127,4.37388,82.2843,85.0695,24.3015,4.37388,0.245833
0.9514,17.8961,17.8961,4.77009,85.3662,85.0695,24.328,4.77009,0.2875
0.9516,16.2647,16.2647,4.96474,80.7498,85.0695,24.3405,4.96474,0.329167
0.9518,18.016,18.016,4.45264,80.2188,85.0695,24.306,4.45264,0.2875
0.952,18.8162,18.8162,4.37162,82.2573,85.0695,24.3012,4.37162,0.245833
0.9522,17.8786,17.8786,4.77662,85.3995,85.0695,24.3282,4.77662,0.2875
0.9524,16.266,16.266,4.95399,80.5816,85.0695,24.3397,4.95399,0.329167
0.9526,18.0358,18.0358,4.45274,80.3085,85.0695,24.3062,4.45274,0.2875
0.9528,18.8127,18.8127,4.37388,82.2843,85.0695,24.3015,4.37388,0.245833
0.953,17.8961,17.8961,4.77009,85.3662,85.0695,24.328,4.77009,0.2875
0.9532,16.2647,16.2647,4.96474,80.7498,85.0695,24.3405,4.96474,0.329167
0.9534,18.016,18.016,4.45264,80.2188,85.0695,24.306,4.45264,0.2875
0.9536,18.8162,18.8162,4.37162,82.2573,85.0695,24.3012,4.37162,0.245833
0.9538,17.8786,17.8786,4.77662,85.3995,85.0695,24.3282,4.77662,0.2875
0.954,16.266,16.266,4.95399,80.5816,85.0695,24.3397,4.95399,0.329167
0.9542,18.0358,18.0358,4.45274,80.3085,85.0695,24.3062,4.45274,0.2875
0.9544,18.8127,18.8127,4.37388,82.2843,85.0695,24.3015,4.37388,0.245833
0.9546,17.8961,17.8961,4.77009,85.3662,85.0695,24.328,4.77009,0.2875
0.9548,16.2647,16.2647,4.96474,80.7498,85.0695,24.3405,4.96474,0.329167
0.955,18.016,18.016,4.45264,80.2188,85.0695,24.306,4.45264,0.2875
0.9552,18.8162,18.8162,4.37162,82.2573,85.0695,24.3012,4.37162,0.245833
0.9554,17.8786,17.8786,4.77662,85.3995,85.0695,24.3282,4.77662,0.2875
0.9556,16.266,16.266,4.95399,80.5816,85.0695,24.3397,4.95399,0.329167
0.9558,18.0358,18.0358,4.45274,80.3085,85.0695,24.3062,4.45274,0.2875
0.956,18.8127,18.8127,4.37388,82.2843,85.0695,24.3015,4.37388,0.245833
0.9562,17.8961,17.8961,4.77009,85.3662,85.0695,24.328,4.77009,0.2875
0.9564,16.2647,16.2647,4.96474,80.7498,85.0695,24.3405,4.96474,0.329167
0.9566,18.016,18.016,4.45264,80.2188,85.0695,24.306,4.45264,0.2875
0.9568,18.8162,18.8162,4.37162,82.2573,85.0695,24.3012,4.37162,0.245833
0.957,17.8786,17.8786,4.77662,85.3995,85.0695,24.3282,4.77662,0.2875
0.9572,16.266,16.266,4.95399,80.5816,85.0695,24.3397,4.95399,0.329167
0.9574,18.0358,18.0358,4.45274,80.3085,85.0695,24.3062,4.45274,0.2875
0.9576,18.8127,18.8127,4.37388,82.2843,85.0695,24.3015,4.37388,0.245833
0.9578,17.8961,17.8961,4.77009,85.3662,85.0695,24.328,4.77009,0.2875
0.958,16.2647,16.2647,4.96474,80.7498,85.0695,24.3405,4.96474,0.329167
0.9582,18.016,18.016,4.45264,80.2188,85.0695,24.306,4.45264,0.2875
0.9584,18.8162,18.8162,4.37162,82.2573,85.0695,24.3012,4.37162,0.245833
0.9586,17.8786,17.8786,4.77662,85.3995,85.0695,24.3282,4.77662,0.2875
0.9588,16.266,16.266,4.95399,80.5816,85.0695,24.3397,4.95399,0.329167
0.959,18.0358,18.0358,4.45274,80.3085,85.0695,24.3062,4.45274,0.2875
0.9592,18.8127,18.8127,4.37388,82.2843,85.0695,24.3015,4.37388,0.245833
0.9594,17.8961,17.8961,4.77009,85.3662,85.0695,24.328,4.77009,0.2875
0.9596,16.2647,16.2647,4.96474,80.7498,85.0695,24.3405,4.96474,0.329167
0.9598,18.016,18.016,4.45264,80.2188,85.0695,24.306,4.45264,0.2875
0.96,18.8162,18.8162,4.37162,82.2573,85.0695,24.3012,4.37162,0.245833
0.9602,17.8786,17.8786,4.77662,85.3995,85.0695,24.3282,4.77662,0.2875
0.9604,16.266,16.266,4.95399,80.5816,85.0695,24.3397,4.95399,0.329167
0.9606,18.0358,18.0358,4.45274,80.3085,85.0695,24.3062,4.45274,0.2875
0.9608,18.8127,18.8127,4.37388,82.2843,85.0695,24.3015,4.37388,0.245833
0.961,17.8961,17.8961,4.77009,85.3662,85.0695,24.328,4.77009,0.2875
0.9612,16.2647,16.2647,4.96474,80.7498,85.0695,24.3405,4.96474,0.329167
0.9614,18.016,18.016,4.45264,80.2188,85.0695,24.306,4.45264,0.2875
0.9616,18.8162,18.8162,4.37162,82.2573,85.0695,24.3012,4.37162,0.245833
0.9618,17.8786,17.8786,4.77662,85.3995,85.0695,24.3282,4.77662,0.2875
0.962,16.266,16.266,4.95399,80.5816,85.0695,24.3397,4.95399,0.329167
0.9622,18.0358,18.0358,4.45274,80.3085,85.0695,24.3062,4.45274,0.2875
0.9624,18.8127,18.8127,4.37388,82.2843,85.0695,24.3015,4.37388,0.245833
0.9626,17.8961,17.8961,4.77009,85.3662,85.0695,24.328,4.77009,0.2875
0.9628,16.2647,16.2647,4.96474,80.7498,85.0695,24.3405,4.96474,0.329167
0.963,18.016,18.016,4.45264,80.2188,85.0695,24.306,4.45264,0.2875
0.9632,18.8162,18.8162,4.37162,82.2573,85.0695,24.3012,4.37162,0.245833
0.9634,17.8786,17.8786,4.77662,85.3995,85.0695,24.3282,4.77662,0.2875
0.9636,16.266,16.266,4.95399,80.5816,85.0695,24.3397,4.95399,0.329167
0.9638,18.0358,18.0358,4.45274,80.3085,85.0695,24.3062,4.45274,0.2875
0.964,18.8127,18.8127,4.37388,82.2843,85.0695,24.3015,4.37388,0.245833
0.9642,17.8961,17.8961,4.77009,85.3662,85.0695,24.328,4.77009,0.2875
0.9644,16.2647,16.2647,4.96474,80.7498,85.0695,24.3405,4.96474,0.329167
0.9646,18.016,18.016,4.45264,80.2188,85.0695,24.306,4.45264,0.2875
0.9648,18.8162,18.8162,4.37162,82.2573,85.0695,24.3012,4.37162,0.245833
0.965,17.8786,17.8786,4.77662,85.3995,85.0695,24.3282,4.77662,0.2875
0.9652,16.266,16.266,4.95399,80.5816,85.0695,24.3397,4.95399,0.329167
0.9654,18.0358,18.0358,4.45274,80.3085,85.0695,24.3062,4.45274,0.2875
0.9656,18.8127,18.8127,4.37388,82.2843,85.0695,24.3015,4.37388,0.245833
0.9658,17.8961,17.8961,4.77009,85.3662,85.0695,24.328,4.77009,0.2875
0.966,16.2647,16.2647,4.96474,80.7498,85.0695,24.3405,4.96474,0.329167
0.9662,18.016,18.016,4.45264,80.2188,85.0695,24.306,4.45264,0.2875
0.9664,18.8162,18.8162,4.37162,82.2573,85.0695,24.3012,4.37162,0.245833
0.9666,17.8786,17.8786,4.77662,85.3995,85.0695,24.3282,4.77662,0.2875
0.9668,16.266,16.266,4.95399,80.5816,85.0695,24.3397,4.95399,0.329167
0.967,18.0358,18.0358,4.45274,80.3085,85.0695,24.3062,4.45274,0.2875
0.9672,18.8127,18.8127,4.37388,82.2843,85.0695,24.3015,4.37388,0.245833
0.9674,17.8961,17.8961,4.77009,85.3662,85.0695,24.328,4.77009,0.2875
0.9676,16.2647,16.2647,4.96474,80.7498,85.0695,24.3405,4.96474,0.329167
0.9678,18.016,18.016,4.45264,80.2188,85.0695,24.306,4.45264,0.2875
0.968,18.8162,18.8162,4.37162,82.2573,85.0695,24.3012,4.37162,0.245833
0.9682,17.8786,17.8786,4.77662,85.3995,85.0695,24.3282,4.77662,0.2875
0.9684,16.266,16.266,4.95399,80.5816,85.0695,24.3397,4.95399,0.329167
0.9686,18.0358,18.0358,4.45274,80.3085,85.0695,24.3062,4.45274,0.2875
0.9688,18.8127,18.8127,4.37388,82.2843,85.0695,24.3015,4.37388,0.245833
0.969,17.8961,17.8961,4.77009,85.3662,85.0695,24.328,4.77009,0.2875
0.9692,16.2647,16.2647,4.96474,80.7498,85.0695,24.3405,4.96474,0.329167
0.9694,18.016,18.016,4.45264,80.2188,85.0695,24.306,4.45264,0.2875
0.9696,18.8162,18.8162,4.37162,82.2573,85.0695,24.3012,4.37162,0.245833
0.9698,17.8786,17.8786,4.77662,85.3995,85.0695,24.3282,4.77662,0.2875
0.97,16.266,16.266,4.95399,80.5816,85.0695,24.3397,4.95399,0.329167
0.9702,18.0358,18.0358,4.45274,80.3085,85.0695,24.3062,4.45274,0.2875
0.9704,18.8127,18.8127,4.37388,82.2843,85.0695,24.3015,4.37388,0.245833
0.9706,17.8961,17.8961,4.77009,85.3662,85.0695,24.328,4.77009,0.2875
0.9708,16.2647,16.2647,4.96474,80.7498,85.0695,24.3405,4.96474,0.329167
0.971,18.016,18.016,4.45264,80.2188,85.0695,24.306,4.45264,0.2875
0.9712,18.8162,18.8162,4.37162,82.2573,85.0695,24.3012,4.37162,0.245833
0.9714,17.8786,17.8786,4.77662,85.3995,85.0695,24.3282,4.77662,0.2875
0.9716,16.266,16.266,4.95399,80.5816,85.0695,24.3397,4.95399,0.329167
0.9718,18.0358,18.0358,4.45274,80.3085,85.0695,24.3062,4.45274,0.2875
0.972,18.8127,18.8127,4.37388,82.2843,85.0695,24.3015,4.37388,0.245833
0.9722,17.8961,17.8961,4.77009,85.3662,85.0695,24.328,4.77009,0.2875
0.9724,16.2647,16.2647,4.96474,80.7498,85.0695,24.3405,4.96474,0.329167
0.9726,18.016,18.016,4.45264,80.2188,85.0695,24.306,4.45264,0.2875
0.9728,18.8162,18.8162,4.37162,82.2573,85.0695,24.3012,4.37162,0.245833
0.973,17.8786,17.8786,4.77662,85.3995,85.0695,24.3282,4.77662,0.2875
0.9732,16.266,16.266,4.95399,80.5816,85.0695,24.3397,4.95399,0.329167
0.9734,18.0358,18.0358,4.45274,80.3085,85.0695,24.3062,4.45274,0.2875
0.9736,18.8127,18.8127,4.37388,82.2843,85.0695,24.3015,4.37388,0.245833
0.9738,17.8961,17.8961,4.77009,85.3662,85.0695,24.328,4.77009,0.2875
0.974,16.2647,16.2647,4.96474,80.7498,85.0695,24.3405,4.96474,0.329167
0.9742,18.016,18.016,4.45264,80.2188,85.0695,24.306,4.45264,0.2875
0.9744,18.8162,18.8162,4.37162,82.2573,85.0695,24.3012,4.37162,0.245833
0.9746,17.8786,17.8786,4.77662,85.3995,85.0695,24.3282,4.77662,0.2875
0.9748,16.266,16.266,4.95399,80.5816,85.0695,24.3397,4.95399,0.329167
0.975,18.0358,18.0358,4.45274,80.3085,85.0695,24.3062,4.45274,0.2875
0.9752,18.8127,18.8127,4.37388,82.2843,85.0695,24.3015,4.37388,0.245833
0.9754,17.8961,17.8961,4.77009,85.3662,85.0695,24.328,4.77009,0.2875
0.9756,16.2647,16.2647,4.96474,80.7498,85.0695,24.3405,4.96474,0.329167
0.9758,18.016,18.016,4.45264,80.2188,85.0695,24.306,4.45264,0.2875
0.976,18.8162,18.8162,4.37162,82.2573,85.0695,24.3012,4.37162,0.245833
0.9762,17.8786,17.8786,4.77662,85.3995,85.0695,24.3282,4.77662,0.2875
0.9764,16.266,16.266,4.95399,80.5816,85.0695,24.3397,4.95399,0.329167
0.9766,18.0358,18.0358,4.45274,80.3085,85.0695,24.3062,4.45274,0.2875
0.9768,18.8127,18.8127,4.37388,82.2843,85.0695,24.3015,4.37388,0.245833
0.977,17.8961,17.8961,4.77009,85.3662,85.0695,24.328,4.77009,0.2875
0.9772,16.2647,16.2647,4.96474,80.7498,85.0695,24.3405,4.96474,0.329167
0.9774,18.016,18.016,4.45264,80.2188,85.0695,24.306,4.45264,0.2875
0.9776,18.8162,18.8162,4.37162,82.2573,85.0695,24.3012,4.37162,0.245833
0.9778,17.8786,17.8786,4.77662,85.3995,85.0695,24.3282,4.77662,0.2875
0.978,16.266,16.266,4.95399,80.5816,85.0695,24.3397,4.95399,0.329167
0.9782,18.0358,18.0358,4.45274,80.3085,85.0695,24.3062,4.45274,0.2875
0.9784,18.8127,18.8127,4.37388,82.2843,85.0695,24.3015,4.37388,0.245833
0.9786,17.8961,17.8961,4.77009,85.3662,85.0695,24.328,4.77009,0.2875
0.9788,16.2647,16.2647,4.96474,80.7498,85.0695,24.3405,4.96474,0.329167
0.979,18.016,18.016,4.45264,80.2188,85.0695,24.306,4.45264,0.2875
0.9792,18.8162,18.8162,4.37162,82.2573,85.0695,24.3012,4.37162,0.245833
0.9794,17.8786,17.8786,4.77662,85.3995,85.0695,24.3282,4.77662,0.2875
0.9796,16.266,16.266,4.95399,80.5816,85.0695,24.3397,4.95399,0.329167
0.9798,18.0358,18.0358,4.45274,80.3085,85.0695,24.3062,4.45274,0.2875
0.98,18.8127,18.8127,4.37388,82.2843,85.0695,24.3015,4.37388,0.245833
0.9802,17.8961,17.8961,4.77009,85.3662,85.0695,24.328,4.77009,0.2875
0.9804,16.2647,16.2647,4.96474,80.7498,85.0695,24.3405,4.96474,0.329167
0.9806,18.016,18.016,4.45264,80.2188,85.0695,24.306,4.45264,0.2875
0.9808,18.8162,18.8162,4.37162,82.2573,85.0695,24.3012,4.37162,0.245833
0.981,17.8786,17.8786,4.77662,85.3995,85.0695,24.3282,4.77662,0.2875
0.9812,16.266,16.266,4.95399,80.5816,85.0695,24.3397,4.95399,0.329167
0.9814,18.0358,18.0358,4.45274,80.3085,85.0695,24.3062,4.45274,0.2875
0.9816,18.8127,18.8127,4.37388,82.2843,85.0695,24.3015,4.37388,0.245833
0.9818,17.8961,17.8961,4.77009,85.3662,85.0695,24.328,4.77009,0.2875
0.982,16.2647,16.2647,4.96474,80.7498,85.0695,24.3405,4.96474,0.329167
0.9822,18.016,18.016,4.45264,80.2188,85.0695,24.306,4.45264,0.2875
0.9824,18.8162,18.8162,4.37162,82.2573,85.0695,24.3012,4.37162,0.245833
0.9826,17.8786,17.8786,4.77662,85.3995,85.0695,24.3282,4.77662,0.2875
0.9828,16.266,16.266,4.95399,80.5816,85.0695,24.3397,4.95399,0.329167
0.983,18.0358,18.0358,4.45274,80.3085,85.0695,24.3062,4.45274,0.2875
0.9832,18.8127,18.8127,4.37388,82.2843,85.0695,24.3015,4.37388,0.245833
0.9834,17.8961,17.8961,4.77009,85.3662,85.0695,24.328,4.77009,0.2875
0.9836,16.2647,16.2647,4.96474,80.7498,85.0695,24.3405,4.96474,0.329167
0.9838,18.016,18.016,4.45264,80.2188,85.0695,24.306,4.45264,0.2875
0.984,18.8162,18.8162,4.37162,82.2573,85.0695,24.3012,4.37162,0.245833
0.9842,17.8786,17.8786,4.77662,85.3995,85.0695,24.3282,4.77662,0.2875
0.9844,16.266,16.266,4.95399,80.5816,85.0695,24.3397,4.95399,0.329167
0.9846,18.0358,18.0358,4.45274,80.3085,85.0695,24.3062,4.45274,0.2875
0.9848,18.8127,18.8127,4.37388,82.2843,85.0695,24.3015,4.37388,0.245833
0.985,17.8961,17.8961,4.77009,85.3662,85.0695,24.328,4.77009,0.2875
0.9852,16.2647,16.2647,4.96474,80.7498,85.0695,24.3405,4.96474,0.329167
0.9854,18.016,18.016,4.45264,80.2188,85.0695,24.306,4.45264,0.2875
0.9856,18.8162,18.8162,4.37162,82.2573,85.0695,24.3012,4.37162,0.245833
0.9858,17.8786,17.8786,4.77662,85.3995,85.0695,24.3282,4.77662,0.2875
0.986,16.266,16.266,4.95399,80.5816,85.0695,24.3397,4.95399,0.329167
0.9862,18.0358,18.0358,4.45274,80.3085,85.0695,24.3062,4.45274,0.2875
0.9864,18.8127,18.8127,4.37388,82.2843,85.0695,24.3015,4.37388,0.245833
0.9866,17.8961,17.8961,4.77009,85.3662,85.0695,24.328,4.77009,0.2875
0.9868,16.2647,16.2647,4.96474,80.7498,85.0695,24.3405,4.96474,0.329167
0.987,18.016,18.016,4.45264,80.2188,85.0695,24.306,4.45264,0.2875
0.9872,18.8162,18.8162,4.37162,82.2573,85.0695,24.3012,4.37162,0.245833
0.9874,17.8786,17.8786,4.77662,85.3995,85.0695,24.3282,4.77662,0.2875
0.9876,16.266,16.266,4.95399,80.5816,85.0695,24.3397,4.95399,0.329167
0.9878,18.0358,18.0358,4.45274,80.3085,85.0695,24.3062,4.45274,0.2875
0.988,18.8127,18.8127,4.37388,82.2843,85.0695,24.3015,4.37388,0.245833
0.9882,17.8961,17.8961,4.77009,85.3662,85.0695,24.328,4.77009,0.2875
0.9884,16.2647,16.2647,4.96474,80.7498,85.0695,24.3405,4.96474,0.329167
0.9886,18.016,18.016,4.45264,80.2188,85.0695,24.306,4.45264,0.2875
0.9888,18.8162,18.8162,4.37162,82.2573,85.0695,24.3012,4.37162,0.245833
0.989,17.8786,17.8786,4.77662,85.3995,85.0695,24.3282,4.77662,0.2875
0.9892,16.266,16.266,4.95399,80.5816,85.0695,24.3397,4.95399,0.329167
0.9894,18.0358,18.0358,4.45274,80.3085,85.0695,24.3062,4.45274,0.2875
0.9896,18.8127,18.8127,4.37388,82.2843,85.0695,24.3015,4.37388,0.245833
0.9898,17.8961,17.8961,4.77009,85.3662,85.0695,24.328,4.77009,0.2875
0.99,16.2647,16.2647,4.96474,80.7498,85.0695,24.3405,4.96474,0.329167
0.9902,18.016,18.016,4.45264,80.2188,85.0695,24.306,4.45264,0.2875
0.9904,18.8162,18.8162,4.37162,82.2573,85.0695,24.3012,4.37162,0.245833
0.9906,17.8786,17.8786,4.77662,85.3995,85.0695,24.3282,4.77662,0.2875
0.9908,16.266,16.266,4.95399,80.5816,85.0695,24.3397,4.95399,0.329167
0.991,18.0358,18.0358,4.45274,80.3085,85.0695,24.3062,4.45274,0.2875
0.9912,18.8127,18.8127,4.37388,82.2843,85.0695,24.3015,4.37388,0.245833
0.9914,17.8961,17.8961,4.77009,85.3662,85.0695,24.328,4.77009,0.2875
0.9916,16.2647,16.2647,4.96474,80.7498,85.0695,24.3405,4.96474,0.329167
0.9918,18.016,18.016,4.45264,80.2188,85.0695,24.306,4.45264,0.2875
0.992,18.8162,18.8162,4.37162,82.2573,85.0695,24.3012,4.37162,0.245833
0.9922,17.8786,17.8786,4.77662,85.3995,85.0695,24.3282,4.77662,0.2875
0.9924,16.266,16.266,4.95399,80.5816,85.0695,24.3397,4.95399,0.329167
0.9926,18.0358,18.0358,4.45274,80.3085,85.0695,24.3062,4.45274,0.2875
0.9928,18.8127,18.8127,4.37388,82.2843,85.0695,24.3015,4.37388,0.245833
0.993,17.8961,17.8961,4.77009,85.3662,85.0695,24.328,4.77009,0.2875
0.9932,16.2647,16.2647,4.96474,80.7498,85.0695,24.3405,4.96474,0.329167
0.9934,18.016,18.016,4.45264,80.2188,85.0695,24.306,4.45264,0.2875
0.9936,18.8162,18.8162,4.37162,82.2573,85.0695,24.3012,4.37162,0.245833
0.9938,17.8786,17.8786,4.77662,85.3995,85.0695,24.3282,4.77662,0.2875
0.994,16.266,16.266,4.95399,80.5816,85.0695,24.3397,4.95399,0.329167
0.9942,18.0358,18.0358,4.45274,80.3085,85.0695,24.3062,4.45274,0.2875
0.9944,18.8127,18.8127,4.37388,82.2843,85.0695,24.3015,4.37388,0.245833
0.9946,17.8961,17.8961,4.77009,85.3662,85.0695,24.328,4.77009,0.2875
0.9948,16.2647,16.2647,4.96474,80.7498,85.0695,24.3405,4.96474,0.329167
0.995,18.016,18.016,4.45264,80.2188,85.0695,24.306,4.45264,0.2875
0.9952,18.8162,18.8162,4.37162,82.2573,85.0695,24.3012,4.37162,0.245833
0.9954,17.8786,17.8786,4.77662,85.3995,85.0695,24.3282,4.77662,0.2875
0.9956,16.266,16.266,4.95399,80.5816,85.0695,24.3397,4.95399,0.329167
0.9958,18.0358,18.0358,4.45274,80.3085,85.0695,24.3062,4.45274,0.2875
0.996,18.8127,18.8127,4.37388,82.2843,85.0695,24.3015,4.37388,0.245833
0.9962,17.8961,17.8961,4.77009,85.3662,85.0695,24.328,4.77009,0.2875
0.9964,16.2647,16.2647,4.96474,80.7498,85.0695,24.3405,4.96474,0.329167
0.9966,18.016,18.016,4.45264,80.2188,85.0695,24.306,4.45264,0.2875
0.9968,18.8162,18.8162,4.37162,82.2573,85.0695,24.3012,4.37162,0.245833
0.997,17.8786,17.8786,4.77662,85.3995,85.0695,24.3282,4.77662,0.2875
0.9972,16.266,16.266,4.95399,80.5816,85.0695,24.3397,4.95399,0.329167
0.9974,18.0358,18.0358,4.45274,80.3085,85.0695,24.3062,4.45274,0.2875
0.9976,18.8127,18.8127,4.37388,82.2843,85.0695,24.3015,4.37388,0.245833
0.9978,17.8961,17.8961,4.77009,85.3662,85.0695,24.328,4.77009,0.2875
0.998,16.2647,16.2647,4.96474,80.7498,85.0695,24.3405,4.96474,0.329167
0.9982,18.016,18.016,4.45264,80.2188,85.0695,24.306,4.45264,0.2875
0.9984,18.8162,18.8162,4.37162,82.2573,85.0695,24.3012,4.37162,0.245833
0.9986,17.8786,17.8786,4.77662,85.3995,85.0695,24.3282,4.77662,0.2875
0.9988,16.266,16.266,4.95399,80.5816,85.0695,24.3397,4.95399,0.329167
0.999,18.0358,18.0358,4.45274,80.3085,85.0695,24.3062,4.45274,0.2875
0.9992,18.8127,18.8127,4.37388,82.2843,85.0695,24.3015,4.37388,0.245833
0.9994,17.8961,17.8961,4.77009,85.3662,85.0695,24.328,4.77009,0.2875
0.9996,16.2647,16.2647,4.96474,80.7498,85.0695,24.3405,4.96474,0.329167
0.9998,18.016,18.016,4.45264,80.2188,85.0695,24.306,4.45264,0.2875
1,18.8162,18.8162,4.37162,82.2573,85.0695,24.3012,4.37162,0.245833
1.0002,17.8786,17.8786,4.77662,85.3995,85.0695,24.3282,4.77662,0.2875
1.0004,16.1631,16.1631,4.923,79.571,84.5684,24.3376,4.923,0.329167
1.0006,18.0634,18.0634,4.36633,78.8708,84.0674,24.3002,4.36633,0.2875
1.0008,18.8158,18.8158,4.30572,81.0154,83.5663,24.2968,4.30572,0.245833
1.001,17.8275,17.8275,4.67572,83.3562,83.0652,24.3213,4.67572,0.2875
1.0012,16.1421,16.1421,4.79693,77.4326,82.5641,24.3292,4.79693,0.329167
1.0014,18.078,18.078,4.2597,77.0067,82.063,24.2928,4.2597,0.2875
1.0016,18.8151,18.8151,4.21206,79.2504,81.5619,24.2902,4.21206,0.245833
1.0018,17.7891,17.7891,4.57273,81.3448,81.0609,24.3144,4.57273,0.2875
1.002,16.1049,16.1049,4.67228,75.2465,80.5598,24.3206,4.67228,0.329167
1.0022,18.1153,18.1153,4.14082,75.0123,80.0587,24.2848,4.14082,0.2875
1.0024,18.8216,18.8216,4.11841,77.515,79.5576,24.2838,4.11841,0.245833
1.0026,17.7145,17.7145,4.4824,79.4033,79.0565,24.308,4.4824,0.2875
1.0028,16.065,16.065,4.54396,72.9986,78.5555,24.3119,4.54396,0.329167
1.003,18.1245,18.1245,4.03097,73.0594,78.0544,24.277,4.03097,0.2875
1.0032,18.8256,18.8256,4.02272,75.7301,77.5533,24.2772,4.02272,0.245833
1.0034,17.6764,17.6764,4.38006,77.4235,77.0522,24.3012,4.38006,0.2875
1.0036,16.0026,16.0026,4.42587,70.8254,76.5511,24.3037,4.42587,0.329167
1.0038,18.1624,18.1624,3.90641,70.9499,76.0501,24.2688,3.90641,0.2875
1.004,18.8161,18.8161,3.93959,74.1276,75.549,24.2715,3.93959,0.245833
1.0042,17.6,17.6,4.2797,75.3229,75.0479,24.2946,4.2797,0.2875
1.0044,18.6039,18.6039,3.8141,70.9572,74.5468,24.2631,3.8141,0.245833
1.0046,17.7717,17.7717,4.218,74.9612,74.0457,24.2901,4.218,0.2875
1.0048,18.5486,18.5486,3.78372,70.1827,73.5446,24.2607,3.78372,0.245833
1.005,17.7373,17.7373,4.16116,73.8079,73.0436,24.2864,4.16116,0.2875
1.0052,18.5652,18.5652,3.72575,69.1694,72.5425,24.257,3.72575,0.245833
1.0054,17.7285,17.7285,4.1092,72.8501,72.0414,24.2828,4.1092,0.2875
1.0056,18.5551,18.5551,3.67242,68.1421,71.5403,24.2533,3.67242,0.245833
1.0058,17.7054,17.7054,4.06277,71.9331,71.0392,24.2792,4.06277,0.2875
1.006,18.5581,18.5581,3.6127,67.045,70.5382,24.2493,3.6127,0.245833
1.0062,17.696,17.696,4.00889,70.9411,70.0371,24.2758,4.00889,0.2875
1.0064,18.554,18.554,3.55755,66.0066,69.536,24.2455,3.55755,0.245833
1.0066,19.4791,19.4791,3.28392,63.9678,69.0349,24.2269,3.28392,0.204167
1.0068,18.8213,18.8213,3.63352,68.3877,68.5338,24.2506,3.63352,0.245833
1.007,17.3503,17.3503,3.90965,67.8338,68.0328,24.2691,3.90965,0.2875
1.0072,18.6784,18.6784,3.39854,63.4794,67.5317,24.2345,3.39854,0.245833
1.0074,19.5154,19.5154,3.18578,62.172,67.0306,24.2201,3.18578,0.204167
1.0076,18.8089,18.8089,3.54218,66.6245,66.5295,24.2443,3.54218,0.245833
1.0078,17.2768,17.2768,3.79907,65.6359,66.0284,24.2617,3.79907,0.2875
1.008,18.709,18.709,3.28041,61.3731,65.5274,24.2264,3.28041,0.245833
1.0082,19.5282,19.5282,3.09747,60.4881,65.0263,24.2141,3.09747,0.204167
1.0084,18.7687,18.7687,3.45412,64.8292,64.5252,24.2384,3.45412,0.245833
1.0086,17.2184,17.2184,3.68193,63.3968,64.0241,24.2537,3.68193,0.2875
1.0088,18.7371,18.7371,3.15802,59.1721,63.523,24.2178,3.15802,0.245833
1.009,19.5522,19.5522,3.00116,58.6792,63.0219,24.2075,3.00116,0.204167
1.0092,18.738,18.738,3.36309,63.0173,62.5209,24.2321,3.36309,0.245833
1.0094,17.1492,17.1492,3.56939,61.2122,62.0198,24.2458,3.56939,0.2875
1.0096,18.7714,18.7714,3.03693,57.0074,61.5187,24.2096,3.03693,0.245833
1.0098,19.5642,19.5642,2.91254,56.9815,61.0176,24.2013,2.91254,0.204167
1.01,18.6991,18.6991,3.27541,61.2473,60.5165,24.226,3.27541,0.245833
1.0102,17.077,17.077,3.44946,58.9064,60.0155,24.2378,3.44946,0.2875
1.0104,18.7941,18.7941,2.91827,54.8465,59.5144,24.2016,2.91827,0.245833
1.0106,19.5826,19.5826,2.8188,55.1996,59.0133,24.1948,2.8188,0.204167
1.0108,18.6486,18.6486,3.18696,59.4323,58.5122,24.2199,3.18696,0.245833
1.011,17.0037,17.0037,3.32953,56.6143,58.0111,24.2294,3.32953,0.2875
1.0112,18.8459,18.8459,2.79638,52.7002,57.5101,24.1932,2.79638,0.245833
1.0114,19.6024,19.6024,2.7246,53.4086,57.009,24.1884,2.7246,0.204167
1.0116,18.6055,18.6055,3.09482,57.5807,56.5079,24.2138,3.09482,0.245833
1.0118,16.9375,16.9375,3.20601,54.3016,56.0068,24.221,3.20601,0.2875
1.012,18.8788,18.8788,2.6797,50.5894,55.5057,24.1851,2.6797,0.245833
1.0122,19.6049,19.6049,2.63784,51.7145,55.0046,24.1825,2.63784,0.204167
1.0124,18.5505,18.5505,3.00139,55.6773,54.5036,24.2073,3.00139,0.245833
1.0126,16.87,16.87,3.07915,51.9452,54.0025,24.2124,3.07915,0.2875
1.0128,18.9296,18.9296,2.56036,48.4665,53.5014,24.1769,2.56036,0.245833
1.013,19.6225,19.6225,2.54313,49.9025,53.0003,24.1759,2.54313,0.204167
1.0132,18.504,18.504,2.9047,53.7484,52.4992,24.2007,2.9047,0.245833
1.0134,16.8187,16.8187,2.95853,49.7585,51.9982,24.2044,2.95853,0.2875
1.0136,18.9561,18.9561,2.44401,46.3289,51.4971,24.1689,2.44401,0.245833
1.0138,19.6216,19.6216,2.45798,48.2295,50.996,24.17,2.45798,0.204167
1.014,18.4394,18.4394,2.80525,51.7271,50.4949,24.1938,2.80525,0.245833
1.0142,16.778,16.778,2.83044,47.4892,49.9938,24.1957,2.83044,0.2875
1.0144,18.9943,18.9943,2.32909,44.2395,49.4928,24.1611,2.32909,0.245833
1.0146,19.6339,19.6339,2.3645,46.4244,48.9917,24.1636,2.3645,0.204167
1.0148,18.38,18.38,2.70874,49.7867,48.4906,24.1873,2.70874,0.245833
1.015,16.749,16.749,2.70014,45.2247,47.9895,24.1868,2.70014,0.2875
1.0152,19.0405,19.0405,2.2157,42.1879,47.4884,24.1533,2.2157,0.245833
1.0154,19.6344,19.6344,2.27588,44.6857,46.9874,24.1576,2.27588,0.204167
1.0156,18.3127,18.3127,2.60662,47.7344,46.4863,24.1802,2.60662,0.245833
1.0158,16.7139,16.7139,2.57204,42.9888,45.9852,24.1778,2.57204,0.2875
1.016,19.0728,19.0728,2.10139,40.0795,45.4841,24.1454,2.10139,0.245833
1.0162,19.6431,19.6431,2.18321,42.8851,44.983,24.1512,2.18321,0.204167
1.0164,18.2482,18.2482,2.50506,45.7129,44.4819,24.1733,2.50506,0.245833
1.0166,16.6819,16.6819,2.44216,40.74,43.9809,24.169,2.44216,0.2875
1.0168,19.1022,19.1022,1.99172,38.0463,43.4798,24.1379,1.99172,0.245833
1.017,19.6422,19.6422,2.09398,41.1304,42.9787,24.145,2.09398,0.204167
1.0172,18.1578,18.1578,2.40317,43.6361,42.4776,24.1663,2.40317,0.245833
1.0174,16.6787,16.6787,2.30607,38.4622,41.9765,24.1598,2.30607,0.2875
1.0176,19.1273,19.1273,1.88845,36.1209,41.4755,24.1309,1.88845,0.245833
1.0178,19.6297,19.6297,2.00413,39.3405,40.9744,24.1389,2.00413,0.204167
1.018,18.1083,18.1083,2.29333,41.5283,40.4733,24.1588,2.29333,0.245833
1.0182,16.6527,16.6527,2.18024,36.3069,39.9722,24.1512,2.18024,0.2875
1.0184,19.1606,19.1606,1.77516,34.0132,39.4711,24.123,1.77516,0.245833
1.0186,19.6396,19.6396,1.90948,37.5015,38.9701,24.1324,1.90948,0.204167
1.0188,18.0166,18.0166,2.18809,39.4221,38.469,24.1516,2.18809,0.245833
1.019,16.6349,16.6349,2.0438,33.9985,37.9679,24.1419,2.0438,0.2875
1.0192,19.198,19.198,1.66828,32.0277,37.4668,24.1157,1.66828,0.245833
1.0194,19.6263,19.6263,1.81815,35.6836,36.9657,24.1261,1.81815,0.204167
1.0196,17.9457,17.9457,2.07837,37.2978,36.4646,24.1441,2.07837,0.245833
1.0198,16.6448,16.6448,1.91452,31.8669,35.9636,24.1329,1.91452,0.2875
1.02,19.2157,19.2157,1.56265,30.0274,35.4625,24.1084,1.56265,0.245833
1.0202,19.6211,19.6211,1.72525,33.8513,34.9614,24.1197,1.72525,0.204167
1.0204,17.9347,17.9347,2,35.8695,34.9614,24.1389,2.00269,0.245833
1.0206,16.6587,16.6587,1.86747,31.1095,34.9614,24.1297,1.86747,0.2875
1.0208,19.2359,19.2359,1.54532,29.7257,34.9614,24.1072,1.54532,0.245833
1.021,19.6321,19.6321,1.72915,33.9468,34.9614,24.12,1.72915,0.204167
1.0212,17.9307,17.9307,2,35.8613,34.9614,24.1389,2.00194,0.245833
1.0214,16.6586,16.6586,1.86758,31.1114,34.9614,24.1297,1.86758,0.2875
1.0216,19.2381,19.2381,1.54568,29.736,34.9614,24.1073,1.54568,0.245833
1.0218,19.6301,19.6301,1.73006,33.9613,34.9614,24.1201,1.73006,0.204167
1.022,17.9202,17.9202,2,35.8404,34.9614,24.1389,2.00258,0.245833
1.0222,16.6671,16.6671,1.86621,31.1044,34.9614,24.1296,1.86621,0.2875
1.0224,19.2384,19.2384,1.54716,29.7649,34.9614,24.1073,1.54716,0.245833
1.0226,19.6265,19.6265,1.73069,33.9674,34.9614,24.1201,1.73069,0.204167
1.0228,17.9262,17.9262,2,35.8524,34.9614,24.1389,2.00241,0.245833
1.023,16.6693,16.6693,1.86319,31.0582,34.9614,24.1294,1.86319,0.2875
1.0232,19.2394,19.2394,1.54911,29.8039,34.9614,24.1075,1.54911,0.245833
1.0234,19.6222,19.6222,1.7307,33.9601,34.9614,24.1201,1.7307,0.204167
1.0236,17.9298,17.9298,1.99961,35.8527,34.9614,24.1388,1.99961,0.245833
1.0238,16.6809,16.6809,1.86532,31.1152,34.9614,24.1295,1.86532,0.2875
1.024,19.2297,19.2297,1.55114,29.8279,34.9614,24.1076,1.55114,0.245833
1.0242,19.6269,19.6269,1.72694,33.8945,34.9614,24.1198,1.72694,0.204167
1.0244,17.9362,17.9362,2,35.8723,34.9614,24.1388,2.00025,0.245833
1.0246,16.6638,16.6638,1.86606,31.0956,34.9614,24.1297,1.86606,0.2875
1.0248,19.237,19.237,1.54672,29.7543,34.9614,24.1074,1.54672,0.245833
1.025,19.629,19.629,1.73037,33.9655,34.9614,24.1201,1.73037,0.204167
1.0252,17.9151,17.9151,2,35.8302,34.9614,24.139,2.00231,0.245833
1.0254,16.6758,16.6758,1.86262,31.0607,34.9614,24.1293,1.86262,0.2875
1.0256,19.2341,19.2341,1.55188,29.8491,34.9614,24.1077,1.55188,0.245833
1.0258,19.6259,19.6259,1.72823,33.9181,34.9614,24.1199,1.72823,0.204167
1.026,17.9267,17.9267,2,35.8533,34.9614,24.139,2.00328,0.245833
1.0262,16.6659,16.6659,1.86522,31.0856,34.9614,24.1296,1.86522,0.2875
1.0264,19.2377,19.2377,1.54836,29.7869,34.9614,24.1074,1.54836,0.245833
1.0266,19.6267,19.6267,1.73024,33.9588,34.9614,24.1201,1.73024,0.204167
1.0268,17.918,17.918,2,35.8361,34.9614,24.1388,2.00088,0.245833
1.027,16.6766,16.6766,1.86615,31.121,34.9614,24.1296,1.86615,0.2875
1.0272,19.2271,19.2271,1.55026,29.8071,34.9614,24.1076,1.55026,0.245833
1.0274,19.6271,19.6271,1.72882,33.9316,34.9614,24.12,1.72882,0.204167
1.0276,17.9339,17.9339,2,35.8678,34.9614,24.1388,2.00083,0.245833
1.0278,16.6632,16.6632,1.86662,31.1039,34.9614,24.1296,1.86662,0.2875
1.028,19.233,19.233,1.54846,29.7817,34.9614,24.1074,1.54846,0.245833
1.0282,19.6283,19.6283,1.72759,33.9097,34.9614,24.1199,1.72759,0.204167
1.0284,17.9314,17.9314,2,35.8628,34.9614,24.139,2.00289,0.245833
1.0286,16.6646,16.6646,1.86683,31.1101,34.9614,24.1298,1.86683,0.2875
1.0288,19.2307,19.2307,1.54751,29.7597,34.9614,24.1074,1.54751,0.245833
1.029,19.631,19.631,1.72858,33.9338,34.9614,24.12,1.72858,0.204167
1.0292,17.9313,17.9313,2,35.8627,34.9614,24.1388,2.00058,0.245833
1.0294,16.6669,16.6669,1.86653,31.1093,34.9614,24.1296,1.86653,0.2875
1.0296,19.2345,19.2345,1.54814,29.7777,34.9614,24.1075,1.54814,0.245833
1.0298,19.6248,19.6248,1.72981,33.9472,34.9614,24.1201,1.72981,0.204167
1.03,17.9329,17.9329,2,35.8657,34.9614,24.1388,2.00057,0.245833
1.0302,16.6644,16.6644,1.86638,31.1021,34.9614,24.1296,1.86638,0.2875
1.0304,19.2375,19.2375,1.54744,29.7688,34.9614,24.1074,1.54744,0.245833
1.0306,19.6329,19.6329,1.72737,33.9133,34.9614,24.1199,1.72737,0.204167
1.0308,17.9333,17.9333,2,35.8666,34.9614,24.1389,2.00147,0.245833
1.031,16.671,16.671,1.86566,31.1025,34.9614,24.1295,1.86566,0.2875
1.0312,19.2277,19.2277,1.55007,29.8044,34.9614,24.1076,1.55007,0.245833
1.0314,19.6259,19.6259,1.72949,33.9427,34.9614,24.12,1.72949,0.204167
1.0316,17.934,17.934,2,35.868,34.9614,24.1388,2.00059,0.245833
1.0318,16.6645,16.6645,1.86855,31.1385,34.9614,24.1297,1.86855,0.2875
1.032,19.2324,19.2324,1.54524,29.7187,34.9614,24.1072,1.54524,0.245833
1.0322,19.6361,19.6361,1.72703,33.9122,34.9614,24.1199,1.72703,0.204167
1.0324,17.9388,17.9388,2,35.8777,34.9614,24.1388,2.00097,0.245833
1.0326,16.6607,16.6607,1.86843,31.1292,34.9614,24.1297,1.86843,0.2875
1.0328,19.2374,19.2374,1.54534,29.7283,34.9614,24.1073,1.54534,0.245833
1.033,19.6301,19.6301,1.73087,33.9772,34.9614,24.1201,1.73087,0.204167
1.0332,17.9288,17.9288,2,35.8577,34.9614,24.139,2.00147,0.245833
1.0334,16.6721,16.6721,1.86408,31.0782,34.9614,24.1294,1.86408,0.2875
1.0336,19.232,19.232,1.54942,29.7984,34.9614,24.1075,1.54942,0.245833
1.0338,19.627,19.627,1.72903,33.9357,34.9614,24.12,1.72903,0.204167
1.034,17.9312,17.9312,2,35.8623,34.9614,24.1389,2.00146,0.245833
1.0342,16.6647,16.6647,1.86654,31.1054,34.9614,24.1296,1.86654,0.2875
1.0344,19.2352,19.2352,1.548,29.7762,34.9614,24.1074,1.548,0.245833
1.0346,19.6254,19.6254,1.73032,33.9583,34.9614,24.1201,1.73032,0.204167
1.0348,17.9272,17.9272,1.99924,35.8409,34.9614,24.1387,1.99924,0.245833
1.035,16.6779,16.6779,1.86813,31.1565,34.9614,24.1297,1.86813,0.2875
1.0352,19.2248,19.2248,1.5489,29.7773,34.9614,24.1075,1.5489,0.245833
1.0354,19.634,19.634,1.72652,33.8984,34.9614,24.1198,1.72652,0.204167
1.0356,17.9325,17.9325,2,35.8649,34.9614,24.1389,2.00237,0.245833
1.0358,16.6715,16.6715,1.86697,31.1252,34.9614,24.1296,1.86697,0.2875
1.036,19.2226,19.2226,1.54817,29.7599,34.9614,24.1074,1.54817,0.245833
1.0362,19.6374,19.6374,1.72598,33.8937,34.9614,24.1198,1.72598,0.204167
1.0364,17.9252,17.9252,2,35.8504,34.9614,24.139,2.00232,0.245833
1.0366,16.6697,16.6697,1.86691,31.1208,34.9614,24.1296,1.86691,0.2875
1.0368,19.2263,19.2263,1.54762,29.755,34.9614,24.1074,1.54762,0.245833
1.037,19.6301,19.6301,1.73013,33.9626,34.9614,24.1201,1.73013,0.204167
1.0372,17.921,17.921,2,35.8421,34.9614,24.1389,2.00128,0.245833
1.0374,16.6808,16.6808,1.86315,31.0787,34.9614,24.1295,1.86315,0.2875
1.0376,19.2311,19.2311,1.55027,29.8134,34.9614,24.1076,1.55027,0.245833
1.0378,19.6265,19.6265,1.72906,33.9353,34.9614,24.12,1.72906,0.204167
1.038,17.9314,17.9314,2,35.8627,34.9614,24.1389,2.0014,0.245833
1.0382,16.6662,16.6662,1.86651,31.1077,34.9614,24.1296,1.86651,0.2875
1.0384,19.2347,19.2347,1.5477,29.7694,34.9614,24.1074,1.5477,0.245833
1.0386,19.6308,19.6308,1.73037,33.9686,34.9614,24.1201,1.73037,0.204167
1.0388,17.919,17.919,2,35.8379,34.9614,24.139,2.0019,0.245833
1.039,16.6799,16.6799,1.86374,31.0869,34.9614,24.1295,1.86374,0.2875
1.0392,19.2271,19.2271,1.55218,29.844,34.9614,24.1077,1.55218,0.245833
1.0394,19.6243,19.6243,1.72855,33.9216,34.9614,24.1199,1.72855,0.204167
1.0396,17.9386,17.9386,1.99969,35.8717,34.9614,24.1388,1.99969,0.245833
1.0398,16.6704,16.6704,1.86786,31.1378,34.9614,24.1297,1.86786,0.2875
1.04,19.2279,19.2279,1.54744,29.754,34.9614,24.1074,1.54744,0.245833
1.0402,19.6301,19.6301,1.72787,33.9183,34.9614,24.1199,1.72787,0.204167
1.0404,17.9277,17.9277,2,35.8554,34.9614,24.139,2.00401,0.245833
1.0406,16.6773,16.6773,1.86318,31.0728,34.9614,24.1294,1.86318,0.2875
1.0408,19.2352,19.2352,1.54944,29.8038,34.9614,24.1075,1.54944,0.245833
1.041,19.6235,19.6235,1.73099,33.9681,34.9614,24.1201,1.73099,0.204167
1.0412,17.9284,17.9284,2,35.8567,34.9614,24.139,2.00113,0.245833
1.0414,16.6676,16.6676,1.86582,31.0987,34.9614,24.1297,1.86582,0.2875
1.0416,19.2346,19.2346,1.54713,29.7585,34.9614,24.1074,1.54713,0.245833
1.0418,19.6368,19.6368,1.72697,33.9122,34.9614,24.1199,1.72697,0.204167
1.042,17.9389,17.9389,2,35.8778,34.9614,24.1388,2.0008,0.245833
1.0422,16.665,16.665,1.86629,31.1016,34.9614,24.1297,1.86629,0.2875
1.0424,19.232,19.232,1.54757,29.763,34.9614,24.1074,1.54757,0.245833
1.0426,19.6273,19.6273,1.72947,33.9449,34.9614,24.12,1.72947,0.204167
1.0428,17.935,17.935,2,35.8699,34.9614,24.1388,2.00088,0.245833
1.043,16.6685,16.6685,1.86646,31.111,34.9614,24.1297,1.86646,0.2875
1.0432,19.2337,19.2337,1.54633,29.7417,34.9614,24.1073,1.54633,0.245833
1.0434,19.6309,19.6309,1.72954,33.9524,34.9614,24.12,1.72954,0.204167
1.0436,17.9268,17.9268,2,35.8537,34.9614,24.1389,2.0019,0.245833
1.0438,16.6652,16.6652,1.86585,31.0947,34.9614,24.1295,1.86585,0.2875
1.044,19.2354,19.2354,1.54727,29.7623,34.9614,24.1074,1.54727,0.245833
1.0442,19.6316,19.6316,1.73014,33.9655,34.9614,24.1201,1.73014,0.204167
1.0444,17.9175,17.9175,2,35.8349,34.9614,24.1389,2.00204,0.245833
1.0446,16.6808,16.6808,1.86393,31.0918,34.9614,24.1294,1.86393,0.2875
1.0448,19.2315,19.2315,1.55245,29.8559,34.9614,24.1077,1.55245,0.245833
1.045,19.6255,19.6255,1.72908,33.9341,34.9614,24.12,1.72908,0.204167
1.0452,17.932,17.932,2,35.8641,34.9614,24.1389,2.0025,0.245833
1.0454,16.6771,16.6771,1.86558,31.1123,34.9614,24.1295,1.86558,0.2875
1.0456,19.2297,19.2297,1.54935,29.7935,34.9614,24.1075,1.54935,0.245833
1.0458,19.6247,19.6247,1.73085,33.9674,34.9614,24.1201,1.73085,0.204167
1.046,17.9292,17.9292,1.99966,35.8522,34.9614,24.1387,1.99966,0.245833
1.0462,16.6756,16.6756,1.86609,31.1182,34.9614,24.1297,1.86609,0.2875
1.0464,19.2298,19.2298,1.54883,29.7837,34.9614,24.1075,1.54883,0.245833
1.0466,19.6309,19.6309,1.72797,33.9216,34.9614,24.1199,1.72797,0.204167
1.0468,17.9345,17.9345,2,35.869,34.9614,24.139,2.0021,0.245833
1.047,16.6761,16.6761,1.86644,31.125,34.9614,24.1296,1.86644,0.2875
1.0472,19.2268,19.2268,1.54807,29.7645,34.9614,24.1074,1.54807,0.245833
1.0474,19.6307,19.6307,1.72949,33.9511,34.9614,24.12,1.72949,0.204167
1.0476,17.9243,17.9243,2,35.8486,34.9614,24.1389,2.00134,0.245833
1.0478,16.6711,16.6711,1.86622,31.1119,34.9614,24.1295,1.86622,0.2875
1.048,19.23,19.23,1.54743,29.757,34.9614,24.1074,1.54743,0.245833
1.0482,19.6301,19.6301,1.73008,33.9615,34.9614,24.1201,1.73008,0.204167
1.0484,17.9202,17.9202,2,35.8403,34.9614,24.1389,2.00062,0.245833
1.0486,16.6713,16.6713,1.86651,31.1172,34.9614,24.1296,1.86651,0.2875
1.0488,19.2288,19.2288,1.54995,29.8037,34.9614,24.1076,1.54995,0.245833
1.049,19.6285,19.6285,1.72856,33.9291,34.9614,24.12,1.72856,0.204167
1.0492,17.9406,17.9406,2,35.8811,34.9614,24.1389,2.00186,0.245833
1.0494,16.6683,16.6683,1.8693,31.158,34.9614,24.1298,1.8693,0.2875
1.0496,19.2235,19.2235,1.54846,29.767,34.9614,24.1074,1.54846,0.245833
1.0498,19.6331,19.6331,1.727,33.9063,34.9614,24.1198,1.727,0.204167
1.05,17.9441,17.9441,2,35.8883,34.9614,24.1388,2.00049,0.245833
1.0502,16.6505,16.6505,1.87011,31.1383,34.9614,24.1299,1.87011,0.2875
1.0504,19.2396,19.2396,1.5437,29.7003,34.9614,24.1071,1.5437,0.245833
1.0506,19.6331,19.6331,1.72891,33.9439,34.9614,24.12,1.72891,0.204167
1.0508,17.9206,17.9206,2,35.8413,34.9614,24.1391,2.00392,0.245833
1.051,16.6802,16.6802,1.86191,31.0571,34.9614,24.1294,1.86191,0.2875
1.0512,19.2412,19.2412,1.55101,29.8434,34.9614,24.1076,1.55101,0.245833
1.0514,19.6261,19.6261,1.72883,33.9301,34.9614,24.12,1.72883,0.204167
1.0516,17.9365,17.9365,2,35.8731,34.9614,24.1389,2.00185,0.245833
1.0518,16.6782,16.6782,1.86592,31.1202,34.9614,24.1296,1.86592,0.2875
1.052,19.2272,19.2272,1.55097,29.8208,34.9614,24.1076,1.55097,0.245833
1.0522,19.6245,19.6245,1.72968,33.9441,34.9614,24.12,1.72968,0.204167
1.0524,17.9382,17.9382,1.99849,35.8493,34.9614,24.1387,1.99849,0.245833
1.0526,16.6776,16.6776,1.86956,31.1798,34.9614,24.1298,1.86956,0.2875
1.0528,19.2175,19.2175,1.54813,29.7511,34.9614,24.1074,1.54813,0.245833
1.053,19.6378,19.6378,1.72643,33.9032,34.9614,24.1198,1.72643,0.204167
1.0532,17.9392,17.9392,2,35.8785,34.9614,24.1388,2.0009,0.245833
1.0534,16.6606,16.6606,1.86837,31.1281,34.9614,24.1297,1.86837,0.2875
1.0536,19.2373,19.2373,1.5445,29.712,34.9614,24.1072,1.5445,0.245833
1.0538,19.6299,19.6299,1.72885,33.9372,34.9614,24.12,1.72885,0.204167
1.054,17.9299,17.9299,2,35.8599,34.9614,24.1389,2.00145,0.245833
1.0542,16.6689,16.6689,1.86675,31.1167,34.9614,24.1296,1.86675,0.2875
1.0544,19.2336,19.2336,1.54663,29.7474,34.9614,24.1073,1.54663,0.245833
1.0546,19.6341,19.6341,1.7274,33.9159,34.9614,24.1199,1.7274,0.204167
1.0548,17.9311,17.9311,2,35.8622,34.9614,24.1391,2.00461,0.245833
1.055,16.6784,16.6784,1.86306,31.0728,34.9614,24.1294,1.86306,0.2875
1.0552,19.2297,19.2297,1.5511,29.8273,34.9614,24.1076,1.5511,0.245833
1.0554,19.6247,19.6247,1.7291,33.9331,34.9614,24.12,1.7291,0.204167
1.0556,17.9321,17.9321,2,35.8642,34.9614,24.1389,2.0024,0.245833
1.0558,16.6716,16.6716,1.86616,31.1118,34.9614,24.1297,1.86616,0.2875
1.056,19.2371,19.2371,1.5486,29.7905,34.9614,24.1075,1.5486,0.245833
1.0562,19.6258,19.6258,1.72944,33.9417,34.9614,24.12,1.72944,0.204167
1.0564,17.9271,17.9271,2,35.8542,34.9614,24.1389,2.0021,0.245833
1.0566,16.6768,16.6768,1.86352,31.0775,34.9614,24.1294,1.86352,0.2875
1.0568,19.2339,19.2339,1.54978,29.8083,34.9614,24.1075,1.54978,0.245833
1.057,19.6286,19.6286,1.72841,33.9263,34.9614,24.1199,1.72841,0.204167
1.0572,17.9369,17.9369,2,35.8737,34.9614,24.1391,2.0026,0.245833
1.0574,16.6594,16.6594,1.8668,31.0998,34.9614,24.1298,1.8668,0.2875
1.0576,19.2393,19.2393,1.54552,29.7347,34.9614,24.1073,1.54552,0.245833
1.0578,19.6339,19.6339,1.72838,33.9348,34.9614,24.1199,1.72838,0.204167
1.058,17.9342,17.9342,2,35.8684,34.9614,24.1391,2.00262,0.245833
1.0582,16.6796,16.6796,1.86456,31.1001,34.9614,24.1295,1.86456,0.2875
1.0584,19.2292,19.2292,1.55101,29.8247,34.9614,24.1076,1.55101,0.245833
1.0586,19.6281,19.6281,1.72834,33.924,34.9614,24.1199,1.72834,0.204167
1.0588,17.9348,17.9348,2,35.8695,34.9614,24.1389,2.00192,0.245833
1.059,16.6708,16.6708,1.86879,31.1542,34.9614,24.1298,1.86879,0.2875
1.0592,19.2312,19.2312,1.54627,29.7367,34.9614,24.1073,1.54627,0.245833
1.0594,19.6345,19.6345,1.72804,33.9293,34.9614,24.1199,1.72804,0.204167
1.0596,17.9354,17.9354,2,35.8708,34.9614,24.139,2.00163,0.245833
1.0598,16.6647,16.6647,1.8673,31.118,34.9614,24.1296,1.8673,0.2875
1.06,19.2377,19.2377,1.54579,29.7375,34.9614,24.1073,1.54579,0.245833
1.0602,19.6322,19.6322,1.73062,33.9758,34.9614,24.1201,1.73062,0.204167
1.0604,17.9181,17.9181,2,35.8362,34.9614,24.1389,2.00241,0.245833
1.0606,16.6764,16.6764,1.86297,31.0676,34.9614,24.1293,1.86297,0.2875
1.0608,19.237,19.237,1.55028,29.8226,34.9614,24.1076,1.55028,0.245833
1.061,19.625,19.625,1.729,33.9316,34.9614,24.12,1.729,0.204167
1.0612,17.9367,17.9367,2,35.8734,34.9614,24.1389,2.00169,0.245833
1.0614,16.6667,16.6667,1.86754,31.1257,34.9614,24.1296,1.86754,0.2875
1.0616,19.2243,19.2243,1.54724,29.7446,34.9614,24.1074,1.54724,0.245833
1.0618,19.6304,19.6304,1.72936,33.9481,34.9614,24.12,1.72936,0.204167
1.062,17.9312,17.9312,2,35.8623,34.9614,24.1389,2.00036,0.245833
1.0622,16.6754,16.6754,1.86722,31.1366,34.9614,24.1296,1.86722,0.2875
1.0624,19.2268,19.2268,1.5486,29.7747,34.9614,24.1075,1.5486,0.245833
1.0626,19.6298,19.6298,1.72778,33.916,34.9614,24.1199,1.72778,0.204167
1.0628,17.9318,17.9318,2,35.8635,34.9614,24.1389,2.00198,0.245833
1.063,16.6699,16.6699,1.86559,31.0991,34.9614,24.1296,1.86559,0.2875
1.0632,19.2294,19.2294,1.54913,29.7888,34.9614,24.1075,1.54913,0.245833
1.0634,19.6293,19.6293,1.72841,33.9276,34.9614,24.1199,1.72841,0.204167
1.0636,17.9431,17.9431,2,35.8862,34.9614,24.1389,2.00083,0.245833
1.0638,16.6556,16.6556,1.86959,31.1391,34.9614,24.13,1.86959,0.2875
1.064,19.2364,19.2364,1.54364,29.694,34.9614,24.1071,1.54364,0.245833
1.0642,19.6315,19.6315,1.73071,33.9764,34.9614,24.1201,1.73071,0.204167
1.0644,17.9203,17.9203,2,35.8406,34.9614,24.1389,2.00204,0.245833
1.0646,16.6737,16.6737,1.86506,31.0974,34.9614,24.1295,1.86506,0.2875
1.0648,19.2277,19.2277,1.54928,29.789,34.9614,24.1075,1.54928,0.245833
1.065,19.6298,19.6298,1.72813,33.9229,34.9614,24.1199,1.72813,0.204167
1.0652,17.9334,17.9334,2,35.8668,34.9614,24.139,2.00229,0.245833
1.0654,16.6773,16.6773,1.86572,31.1153,34.9614,24.1295,1.86572,0.2875
1.0656,19.227,19.227,1.54997,29.8013,34.9614,24.1075,1.54997,0.245833
1.0658,19.6304,19.6304,1.72714,33.9045,34.9614,24.1198,1.72714,0.204167
1.066,17.9427,17.9427,2,35.8854,34.9614,24.139,2.00122,0.245833
1.0662,16.6583,16.6583,1.86905,31.1352,34.9614,24.1298,1.86905,0.2875
1.0664,19.2322,19.2322,1.54569,29.727,34.9614,24.1073,1.54569,0.245833
1.0666,19.6325,19.6325,1.72866,33.9381,34.9614,24.12,1.72866,0.204167
1.0668,17.9291,17.9291,2,35.8582,34.9614,24.1389,2.00172,0.245833
1.067,16.6652,16.6652,1.86606,31.0983,34.9614,24.1296,1.86606,0.2875
1.0672,19.2365,19.2365,1.54782,29.7746,34.9614,24.1074,1.54782,0.245833
1.0674,19.6288,19.6288,1.73004,33.9586,34.9614,24.1201,1.73004,0.204167
1.0676,17.9211,17.9211,2,35.8422,34.9614,24.1388,2.00053,0.245833
1.0678,16.6796,16.6796,1.86454,31.0999,34.9614,24.1296,1.86454,0.2875
1.068,19.2278,19.2278,1.5523,29.8473,34.9614,24.1077,1.5523,0.245833
1.0682,19.628,19.628,1.7274,33.9053,34.9614,24.1199,1.7274,0.204167
1.0684,17.9344,17.9344,2,35.8688,34.9614,24.139,2.00202,0.245833
1.0686,16.6744,16.6744,1.86626,31.1188,34.9614,24.1296,1.86626,0.2875
1.0688,19.2285,19.2285,1.55044,29.8127,34.9614,24.1076,1.55044,0.245833
1.069,19.625,19.625,1.73077,33.9664,34.9614,24.1201,1.73077,0.204167
1.0692,17.9294,17.9294,1.99967,35.8527,34.9614,24.1387,1.99967,0.245833
1.0694,16.6754,16.6754,1.86612,31.1184,34.9614,24.1297,1.86612,0.2875
1.0696,19.2267,19.2267,1.54925,29.787,34.9614,24.1075,1.54925,0.245833
1.0698,19.6314,19.6314,1.72745,33.9121,34.9614,24.1199,1.72745,0.204167
1.07,17.9299,17.9299,2,35.8599,34.9614,24.139,2.00314,0.245833
1.0702,16.6664,16.6664,1.86561,31.093,34.9614,24.1295,1.86561,0.2875
1.0704,19.2318,19.2318,1.54918,29.7935,34.9614,24.1075,1.54918,0.245833
1.0706,19.6314,19.6314,1.72742,33.9117,34.9614,24.1199,1.72742,0.204167
1.0708,17.9302,17.9302,2,35.8605,34.9614,24.139,2.00324,0.245833
1.071,16.6745,16.6745,1.86441,31.0881,34.9614,24.1294,1.86441,0.2875
1.0712,19.2304,19.2304,1.54927,29.7931,34.9614,24.1075,1.54927,0.245833
1.0714,19.6247,19.6247,1.73123,33.9749,34.9614,24.1201,1.73123,0.204167
1.0716,17.9295,17.9295,1.99963,35.8524,34.9614,24.1387,1.99963,0.245833
1.0718,16.6754,16.6754,1.86618,31.1193,34.9614,24.1297,1.86618,0.2875
1.072,19.2238,19.2238,1.54988,29.7946,34.9614,24.1075,1.54988,0.245833
1.0722,19.6326,19.6326,1.72735,33.9124,34.9614,24.1199,1.72735,0.204167
1.0724,17.932,17.932,2,35.8639,34.9614,24.1389,2.00258,0.245833
1.0726,16.6768,16.6768,1.86532,31.1075,34.9614,24.1295,1.86532,0.2875
1.0728,19.2331,19.2331,1.54877,29.7876,34.9614,24.1075,1.54877,0.245833
1.073,19.6275,19.6275,1.72908,33.9375,34.9614,24.12,1.72908,0.204167
1.0732,17.9316,17.9316,2,35.8631,34.9614,24.1388,2.0002,0.245833
1.0734,16.6816,16.6816,1.86521,31.1147,34.9614,24.1297,1.86521,0.2875
1.0736,19.23,19.23,1.55198,29.8447,34.9614,24.1077,1.55198,0.245833
1.0738,19.6243,19.6243,1.73069,33.9636,34.9614,24.1201,1.73069,0.204167
1.074,17.9284,17.9284,2,35.8568,34.9614,24.1388,2.00072,0.245833
1.0742,16.674,16.674,1.86719,31.1335,34.9614,24.1297,1.86719,0.2875
1.0744,19.2296,19.2296,1.54771,29.7617,34.9614,24.1074,1.54771,0.245833
1.0746,19.6325,19.6325,1.7301,33.9662,34.9614,24.1201,1.7301,0.204167
1.0748,17.9202,17.9202,2,35.8404,34.9614,24.1389,2.002,0.245833
1.075,16.6758,16.6758,1.86478,31.0967,34.9614,24.1295,1.86478,0.2875
1.0752,19.2312,19.2312,1.54919,29.7927,34.9614,24.1075,1.54919,0.245833
1.0754,19.6298,19.6298,1.72879,33.9357,34.9614,24.12,1.72879,0.204167
1.0756,17.9314,17.9314,2,35.8628,34.9614,24.1389,2.00176,0.245833
1.0758,16.6665,16.6665,1.86573,31.0952,34.9614,24.1297,1.86573,0.2875
1.076,19.2333,19.2333,1.54897,29.7918,34.9614,24.1075,1.54897,0.245833
1.0762,19.6281,19.6281,1.72935,33.9438,34.9614,24.12,1.72935,0.204167
1.0764,17.9301,17.9301,2,35.8602,34.9614,24.1388,2.00049,0.245833
1.0766,16.6743,16.6743,1.86785,31.1451,34.9614,24.1297,1.86785,0.2875
1.0768,19.2322,19.2322,1.54763,29.7644,34.9614,24.1074,1.54763,0.245833
1.077,19.6324,19.6324,1.72937,33.9517,34.9614,24.12,1.72937,0.204167
1.0772,17.9275,17.9275,2,35.8549,34.9614,24.1389,2.00213,0.245833
1.0774,16.6771,16.6771,1.86307,31.0707,34.9614,24.1293,1.86307,0.2875
1.0776,19.2283,19.2283,1.55166,29.8359,34.9614,24.1077,1.55166,0.245833
1.0778,19.6291,19.6291,1.72793,33.9176,34.9614,24.1199,1.72793,0.204167
1.078,17.9268,17.9268,2,35.8536,34.9614,24.139,2.00388,0.245833
1.0782,16.6754,16.6754,1.86534,31.1052,34.9614,24.1295,1.86534,0.2875
1.0784,19.2317,19.2317,1.54937,29.797,34.9614,24.1075,1.54937,0.245833
1.0786,19.6267,19.6267,1.72848,33.9244,34.9614,24.1199,1.72848,0.204167
1.0788,17.9398,17.9398,2,35.8795,34.9614,24.1389,2.00018,0.245833
1.079,16.6655,16.6655,1.86775,31.1269,34.9614,24.1298,1.86775,0.2875
1.0792,19.2285,19.2285,1.54599,29.727,34.9614,24.1073,1.54599,0.245833
1.0794,19.6348,19.6348,1.72858,33.9403,34.9614,24.12,1.72858,0.204167
1.0796,17.9272,17.9272,2,35.8544,34.9614,24.139,2.00367,0.245833
1.0798,16.677,16.677,1.86239,31.059,34.9614,24.1294,1.86239,0.2875
1.08,19.2364,19.2364,1.55157,29.8465,34.9614,24.1077,1.55157,0.245833
1.0802,19.6261,19.6261,1.7284,33.9218,34.9614,24.12,1.7284,0.204167
1.0804,17.9276,17.9276,2,35.8552,34.9614,24.1391,2.00384,0.245833
1.0806,16.6682,16.6682,1.86577,31.099,34.9614,24.1296,1.86577,0.2875
1.0808,19.2298,19.2298,1.5483,29.7734,34.9614,24.1075,1.5483,0.245833
1.081,19.6315,19.6315,1.72858,33.9347,34.9614,24.12,1.72858,0.204167
1.0812,17.9217,17.9217,2,35.8433,34.9614,24.139,2.00362,0.245833
1.0814,16.6651,16.6651,1.86537,31.0864,34.9614,24.1296,1.86537,0.2875
1.0816,19.2418,19.2418,1.54617,29.751,34.9614,24.1073,1.54617,0.245833
1.0818,19.6304,19.6304,1.72888,33.9386,34.9614,24.12,1.72888,0.204167
1.082,17.9279,17.9279,2,35.8559,34.9614,24.1389,2.00198,0.245833
1.0822,16.6777,16.6777,1.86299,31.0704,34.9614,24.1293,1.86299,0.2875
1.0824,19.2337,19.2337,1.55159,29.8428,34.9614,24.1077,1.55159,0.245833
1.0826,19.628,19.628,1.72749,33.907,34.9614,24.1199,1.72749,0.204167
1.0828,17.9322,17.9322,2,35.8644,34.9614,24.139,2.00272,0.245833
1.083,16.6719,16.6719,1.86628,31.1144,34.9614,24.1295,1.86628,0.2875
1.0832,19.2278,19.2278,1.54825,29.7693,34.9614,24.1074,1.54825,0.245833
1.0834,19.6306,19.6306,1.72839,33.9293,34.9614,24.1199,1.72839,0.204167
1.0836,17.9373,17.9373,2,35.8746,34.9614,24.139,2.00291,0.245833
1.0838,16.666,16.666,1.86591,31.0973,34.9614,24.1296,1.86591,0.2875
1.084,19.2362,19.2362,1.54625,29.7439,34.9614,24.1073,1.54625,0.245833
1.0842,19.6309,19.6309,1.73065,33.9743,34.9614,24.1201,1.73065,0.204167
1.0844,17.9247,17.9247,2,35.8495,34.9614,24.1388,2.00053,0.245833
1.0846,16.6714,16.6714,1.86801,31.1424,34.9614,24.1297,1.86801,0.2875
1.0848,19.2305,19.2305,1.54785,29.766,34.9614,24.1074,1.54785,0.245833
1.085,19.6267,19.6267,1.73055,33.965,34.9614,24.1201,1.73055,0.204167
1.0852,17.9323,17.9323,2,35.8646,34.9614,24.1388,2.00037,0.245833
1.0854,16.6656,16.6656,1.86956,31.1575,34.9614,24.1298,1.86956,0.2875
1.0856,19.2298,19.2298,1.54685,29.7456,34.9614,24.1073,1.54685,0.245833
1.0858,19.6348,19.6348,1.72772,33.9235,34.9614,24.1199,1.72772,0.204167
1.086,17.9274,17.9274,2,35.8548,34.9614,24.139,2.00128,0.245833
1.0862,16.6751,16.6751,1.86623,31.1196,34.9614,24.1295,1.86623,0.2875
1.0864,19.2242,19.2242,1.55017,29.8008,34.9614,24.1076,1.55017,0.245833
1.0866,19.6281,19.6281,1.72791,33.9156,34.9614,24.1199,1.72791,0.204167
1.0868,17.9344,17.9344,2,35.8687,34.9614,24.139,2.00297,0.245833
1.087,16.667,16.667,1.86702,31.1176,34.9614,24.1296,1.86702,0.2875
1.0872,19.2344,19.2344,1.54652,29.7465,34.9614,24.1073,1.54652,0.245833
1.0874,19.6314,19.6314,1.72807,33.9244,34.9614,24.1199,1.72807,0.204167
1.0876,17.9325,17.9325,2,35.865,34.9614,24.139,2.00299,0.245833
1.0878,16.6615,16.6615,1.86573,31.0859,34.9614,24.1297,1.86573,0.2875
1.088,19.2395,19.2395,1.54639,29.7517,34.9614,24.1073,1.54639,0.245833
1.0882,19.6281,19.6281,1.72976,33.9519,34.9614,24.12,1.72976,0.204167
1.0884,17.9261,17.9261,2,35.8522,34.9614,24.139,2.00099,0.245833
1.0886,16.6744,16.6744,1.86559,31.1076,34.9614,24.1296,1.86559,0.2875
1.0888,19.2338,19.2338,1.54882,29.7898,34.9614,24.1075,1.54882,0.245833
1.089,19.6315,19.6315,1.72812,33.9256,34.9614,24.1199,1.72812,0.204167
1.0892,17.9362,17.9362,2,35.8723,34.9614,24.139,2.00101,0.245833
1.0894,16.6658,16.6658,1.86675,31.1109,34.9614,24.1297,1.86675,0.2875
1.0896,19.2319,19.2319,1.54763,29.7638,34.9614,24.1074,1.54763,0.245833
1.0898,19.6335,19.6335,1.72731,33.9131,34.9614,24.1199,1.72731,0.204167
1.09,17.933,17.933,2,35.8659,34.9614,24.1389,2.0015,0.245833
1.0902,16.6709,16.6709,1.8655,31.0995,34.9614,24.1297,1.8655,0.2875
1.0904,19.2308,19.2308,1.54822,29.7735,34.9614,24.1074,1.54822,0.245833
1.0906,19.6306,19.6306,1.72805,33.9226,34.9614,24.1199,1.72805,0.204167
1.0908,17.9302,17.9302,2,35.8604,34.9614,24.139,2.00257,0.245833
1.091,16.672,16.672,1.86688,31.1248,34.9614,24.1296,1.86688,0.2875
1.0912,19.2218,19.2218,1.55056,29.8045,34.9614,24.1076,1.55056,0.245833
1.0914,19.6326,19.6326,1.72739,33.9133,34.9614,24.1199,1.72739,0.204167
1.0916,17.9334,17.9334,2,35.8668,34.9614,24.1388,2.00143,0.245833
1.0918,16.671,16.671,1.8657,31.1031,34.9614,24.1295,1.8657,0.2875
1.092,19.23,19.23,1.54842,29.7761,34.9614,24.1075,1.54842,0.245833
1.0922,19.6312,19.6312,1.72879,33.9382,34.9614,24.12,1.72879,0.204167
1.0924,17.9258,17.9258,2,35.8516,34.9614,24.139,2.00226,0.245833
1.0926,16.6752,16.6752,1.86359,31.0758,34.9614,24.1295,1.86359,0.2875
1.0928,19.2311,19.2311,1.55054,29.8185,34.9614,24.1076,1.55054,0.245833
1.093,19.6249,19.6249,1.72788,33.9096,34.9614,24.1199,1.72788,0.204167
1.0932,17.9347,17.9347,2,35.8695,34.9614,24.1389,2.00156,0.245833
1.0934,16.6668,16.6668,1.86814,31.1358,34.9614,24.1297,1.86814,0.2875
1.0936,19.2348,19.2348,1.54573,29.7317,34.9614,24.1073,1.54573,0.245833
1.0938,19.6331,19.6331,1.73001,33.9655,34.9614,24.1201,1.73001,0.204167
1.094,17.9201,17.9201,2,35.8403,34.9614,24.1389,2.00189,0.245833
1.0942,16.6793,16.6793,1.86302,31.0738,34.9614,24.1293,1.86302,0.2875
1.0944,19.2299,19.2299,1.55102,29.8261,34.9614,24.1076,1.55102,0.245833
1.0946,19.6269,19.6269,1.72806,33.9166,34.9614,24.1199,1.72806,0.204167
1.0948,17.9331,17.9331,2,35.8662,34.9614,24.1389,2.00183,0.245833
1.095,16.6676,16.6676,1.86759,31.1282,34.9614,24.1297,1.86759,0.2875
1.0952,19.2242,19.2242,1.54836,29.7659,34.9614,24.1074,1.54836,0.245833
1.0954,19.6316,19.6316,1.72821,33.9276,34.9614,24.1199,1.72821,0.204167
1.0956,17.9438,17.9438,2,35.8876,34.9614,24.1388,2.00047,0.245833
1.0958,16.6597,16.6597,1.8696,31.147,34.9614,24.1298,1.8696,0.2875
1.096,19.2399,19.2399,1.54365,29.6997,34.9614,24.1071,1.54365,0.245833
1.0962,19.6322,19.6322,1.72994,33.9625,34.9614,24.1201,1.72994,0.204167
1.0964,17.9173,17.9173,2,35.8345,34.9614,24.139,2.00301,0.245833
1.0966,16.6681,16.6681,1.86373,31.0647,34.9614,24.1295,1.86373,0.2875
1.0968,19.2292,19.2292,1.5493,29.7919,34.9614,24.1075,1.5493,0.245833
1.097,19.6245,19.6245,1.73112,33.9722,34.9614,24.1202,1.73112,0.204167
1.0972,17.9214,17.9214,2,35.8427,34.9614,24.1389,2.00235,0.245833
1.0974,16.6665,16.6665,1.86478,31.0795,34.9614,24.1295,1.86478,0.2875
1.0976,19.2339,19.2339,1.54767,29.7678,34.9614,24.1074,1.54767,0.245833
1.0978,19.6285,19.6285,1.72945,33.9465,34.9614,24.12,1.72945,0.204167
1.098,17.9302,17.9302,2,35.8603,34.9614,24.1388,2.00034,0.245833
1.0982,16.675,16.675,1.86745,31.1398,34.9614,24.1298,1.86745,0.2875
1.0984,19.2256,19.2256,1.54915,29.7832,34.9614,24.1075,1.54915,0.245833
1.0986,19.6294,19.6294,1.72821,33.9237,34.9614,24.1199,1.72821,0.204167
1.0988,17.9359,17.9359,2,35.8717,34.9614,24.1389,2.00106,0.245833
1.099,16.6659,16.6659,1.86666,31.1096,34.9614,24.1296,1.86666,0.2875
1.0992,19.2374,19.2374,1.54654,29.7515,34.9614,24.1073,1.54654,0.245833
1.0994,19.6279,19.6279,1.73047,33.9655,34.9614,24.1201,1.73047,0.204167
1.0996,17.9186,17.9186,2,35.8371,34.9614,24.1388,2.00083,0.245833
1.0998,16.6753,16.6753,1.86649,31.1242,34.9614,24.1296,1.86649,0.2875
1.1,19.2285,19.2285,1.54719,29.7501,34.9614,24.1074,1.54719,0.245833
1.1002,19.6336,19.6336,1.72829,33.9325,34.9614,24.1199,1.72829,0.204167
1.1004,17.9364,17.9364,2,35.8729,34.9614,24.1389,2.00107,0.245833
1.1006,16.6656,16.6656,1.86627,31.1024,34.9614,24.1297,1.86627,0.2875
1.1008,19.2387,19.2387,1.54765,29.7747,34.9614,24.1074,1.54765,0.245833
1.101,19.6324,19.6324,1.72834,33.9314,34.9614,24.1199,1.72834,0.204167
1.1012,17.9351,17.9351,2,35.8702,34.9614,24.139,2.00195,0.245833
1.1014,16.6732,16.6732,1.86803,31.146,34.9614,24.1298,1.86803,0.2875
1.1016,19.2315,19.2315,1.54826,29.7754,34.9614,24.1074,1.54826,0.245833
1.1018,19.6306,19.6306,1.72787,33.9191,34.9614,24.1199,1.72787,0.204167
1.102,17.929,17.929,2,35.858,34.9614,24.1389,2.00173,0.245833
1.1022,16.6688,16.6688,1.86534,31.093,34.9614,24.1295,1.86534,0.2875
1.1024,19.2352,19.2352,1.54878,29.7911,34.9614,24.1075,1.54878,0.245833
1.1026,19.6302,19.6302,1.72831,33.9271,34.9614,24.1199,1.72831,0.204167
1.1028,17.9429,17.9429,2,35.8859,34.9614,24.1389,2.00094,0.245833
1.103,16.6556,16.6556,1.8695,31.1376,34.9614,24.13,1.8695,0.2875
1.1032,19.2368,19.2368,1.54406,29.7027,34.9614,24.1071,1.54406,0.245833
1.1034,19.6305,19.6305,1.73003,33.9615,34.9614,24.1201,1.73003,0.204167
1.1036,17.9243,17.9243,1.99896,35.83,34.9614,24.1387,1.99896,0.245833
1.1038,16.6816,16.6816,1.86768,31.1559,34.9614,24.1297,1.86768,0.2875
1.104,19.2265,19.2265,1.54975,29.7964,34.9614,24.1075,1.54975,0.245833
1.1042,19.631,19.631,1.72713,33.9054,34.9614,24.1199,1.72713,0.204167
1.1044,17.9448,17.9448,2,35.8895,34.9614,24.1388,2.00071,0.245833
1.1046,16.6635,16.6635,1.86826,31.1317,34.9614,24.1299,1.86826,0.2875
1.1048,19.2384,19.2384,1.54523,29.7279,34.9614,24.1072,1.54523,0.245833
1.105,19.6322,19.6322,1.72901,33.9443,34.9614,24.12,1.72901,0.204167
1.1052,17.93,17.93,2,35.86,34.9614,24.139,2.0016,0.245833
1.1054,16.6643,16.6643,1.86795,31.1281,34.9614,24.1297,1.86795,0.2875
1.1056,19.2279,19.2279,1.54661,29.7382,34.9614,24.1073,1.54661,0.245833
1.1058,19.6375,19.6375,1.72751,33.9241,34.9614,24.1199,1.72751,0.204167
1.106,17.9284,17.9284,2,35.8567,34.9614,24.1391,2.00391,0.245833
1.1062,16.6768,16.6768,1.86428,31.0902,34.9614,24.1294,1.86428,0.2875
1.1064,19.2262,19.2262,1.54965,29.7939,34.9614,24.1075,1.54965,0.245833
1.1066,19.6314,19.6314,1.72736,33.9105,34.9614,24.1199,1.72736,0.204167
1.1068,17.9347,17.9347,2,35.8693,34.9614,24.139,2.00363,0.245833
1.107,16.6665,16.6665,1.86699,31.116,34.9614,24.1296,1.86699,0.2875
1.1072,19.2319,19.2319,1.54669,29.7459,34.9614,24.1073,1.54669,0.245833
1.1074,19.6288,19.6288,1.73104,33.9782,34.9614,24.1201,1.73104,0.204167
1.1076,17.9275,17.9275,2,35.855,34.9614,24.139,2.00304,0.245833
1.1078,16.6721,16.6721,1.86639,31.1166,34.9614,24.1296,1.86639,0.2875
1.108,19.2301,19.2301,1.5486,29.7798,34.9614,24.1075,1.5486,0.245833
1.1082,19.6281,19.6281,1.73021,33.9607,34.9614,24.1201,1.73021,0.204167
1.1084,17.9161,17.9161,2,35.8323,34.9614,24.139,2.00261,0.245833
1.1086,16.6765,16.6765,1.86328,31.073,34.9614,24.1294,1.86328,0.2875
1.1088,19.2358,19.2358,1.54947,29.8053,34.9614,24.1075,1.54947,0.245833
1.109,19.6249,19.6249,1.73,33.9511,34.9614,24.12,1.73,0.204167
1.1092,17.9285,17.9285,1.99972,35.852,34.9614,24.1388,1.99972,0.245833
1.1094,16.6746,16.6746,1.86598,31.1145,34.9614,24.1297,1.86598,0.2875
1.1096,19.2304,19.2304,1.54858,29.7797,34.9614,24.1075,1.54858,0.245833
1.1098,19.6305,19.6305,1.7278,33.9175,34.9614,24.1199,1.7278,0.204167
1.11,17.9337,17.9337,2,35.8674,34.9614,24.1389,2.00146,0.245833
1.1102,16.6684,16.6684,1.86698,31.1195,34.9614,24.1296,1.86698,0.2875
1.1104,19.2302,19.2302,1.54822,29.7726,34.9614,24.1074,1.54822,0.245833
1.1106,19.6301,19.6301,1.72934,33.947,34.9614,24.12,1.72934,0.204167
1.1108,17.9292,17.9292,2,35.8583,34.9614,24.1388,2.00148,0.245833
1.111,16.6637,16.6637,1.86839,31.1342,34.9614,24.1297,1.86839,0.2875
1.1112,19.227,19.227,1.54708,29.7456,34.9614,24.1074,1.54708,0.245833
1.1114,19.6367,19.6367,1.72718,33.9162,34.9614,24.1199,1.72718,0.204167
1.1116,17.93,17.93,2,35.86,34.9614,24.139,2.00352,0.245833
1.1118,16.6696,16.6696,1.86525,31.093,34.9614,24.1297,1.86525,0.2875
1.112,19.2358,19.2358,1.54872,29.7909,34.9614,24.1075,1.54872,0.245833
1.1122,19.628,19.628,1.7299,33.9545,34.9614,24.12,1.7299,0.204167
1.1124,17.922,17.922,2,35.844,34.9614,24.139,2.00226,0.245833
1.1126,16.6676,16.6676,1.86424,31.0724,34.9614,24.1294,1.86424,0.2875
1.1128,19.2377,19.2377,1.54795,29.7789,34.9614,24.1074,1.54795,0.245833
1.113,19.627,19.627,1.73076,33.9696,34.9614,24.1201,1.73076,0.204167
1.1132,17.9279,17.9279,2,35.8557,34.9614,24.1388,2.00014,0.245833
1.1134,16.6827,16.6827,1.86541,31.1202,34.9614,24.1295,1.86541,0.2875
1.1136,19.2309,19.2309,1.5503,29.8136,34.9614,24.1076,1.5503,0.245833
1.1138,19.6265,19.6265,1.72903,33.935,34.9614,24.12,1.72903,0.204167
1.114,17.9367,17.9367,1.99926,35.8602,34.9614,24.1387,1.99926,0.245833
1.1142,16.6749,16.6749,1.8683,31.1538,34.9614,24.1297,1.8683,0.2875
1.1144,19.224,19.224,1.55019,29.8008,34.9614,24.1076,1.55019,0.245833
1.1146,19.6284,19.6284,1.72824,33.9227,34.9614,24.12,1.72824,0.204167
1.1148,17.9333,17.9333,2,35.8667,34.9614,24.1389,2.00226,0.245833
1.115,16.6728,16.6728,1.86713,31.1303,34.9614,24.1296,1.86713,0.2875
1.1152,19.2296,19.2296,1.54708,29.7496,34.9614,24.1073,1.54708,0.245833
1.1154,19.6302,19.6302,1.73056,33.9712,34.9614,24.1201,1.73056,0.204167
1.1156,17.929,17.929,1.99928,35.8451,34.9614,24.1388,1.99928,0.245833
1.1158,16.6779,16.6779,1.86683,31.1348,34.9614,24.1296,1.86683,0.2875
1.116,19.225,19.225,1.54834,29.7669,34.9614,24.1074,1.54834,0.245833
1.1162,19.6316,19.6316,1.728,33.9234,34.9614,24.1199,1.728,0.204167
1.1164,17.9393,17.9393,2,35.8786,34.9614,24.1388,2.00077,0.245833
1.1166,16.6663,16.6663,1.86656,31.1087,34.9614,24.1296,1.86656,0.2875
1.1168,19.2373,19.2373,1.54667,29.7537,34.9614,24.1073,1.54667,0.245833
1.117,19.628,19.628,1.73044,33.9651,34.9614,24.1201,1.73044,0.204167
1.1172,17.9195,17.9195,2,35.8389,34.9614,24.1388,2.0009,0.245833
1.1174,16.6799,16.6799,1.86549,31.1161,34.9614,24.1295,1.86549,0.2875
1.1176,19.227,19.227,1.54942,29.7907,34.9614,24.1075,1.54942,0.245833
1.1178,19.625,19.625,1.7301,33.9532,34.9614,24.1201,1.7301,0.204167
1.118,17.9249,17.9249,2,35.8498,34.9614,24.1389,2.00105,0.245833
1.1182,16.674,16.674,1.8655,31.1053,34.9614,24.1295,1.8655,0.2875
1.1184,19.2309,19.2309,1.54987,29.8055,34.9614,24.1076,1.54987,0.245833
1.1186,19.6291,19.6291,1.72828,33.9246,34.9614,24.12,1.72828,0.204167
1.1188,17.9347,17.9347,2,35.8694,34.9614,24.1388,2.00089,0.245833
1.119,16.664,16.664,1.8678,31.1249,34.9614,24.1297,1.8678,0.2875
1.1192,19.2237,19.2237,1.54711,29.7412,34.9614,24.1074,1.54711,0.245833
1.1194,19.6362,19.6362,1.72751,33.9218,34.9614,24.1199,1.72751,0.204167
1.1196,17.9319,17.9319,2,35.8637,34.9614,24.139,2.00296,0.245833
1.1198,16.6661,16.6661,1.86436,31.0717,34.9614,24.1294,1.86436,0.2875
1.12,19.2397,19.2397,1.54588,29.7422,34.9614,24.1073,1.54588,0.245833
1.1202,19.6341,19.6341,1.72877,33.9428,34.9614,24.12,1.72877,0.204167
1.1204,17.9275,17.9275,2,35.8549,34.9614,24.139,2.00355,0.245833
1.1206,16.6664,16.6664,1.86685,31.1137,34.9614,24.1298,1.86685,0.2875
1.1208,19.2314,19.2314,1.54728,29.7562,34.9614,24.1074,1.54728,0.245833
1.121,19.6325,19.6325,1.72892,33.9429,34.9614,24.12,1.72892,0.204167
1.1212,17.9303,17.9303,2,35.8606,34.9614,24.1389,2.00212,0.245833
1.1214,16.6662,16.6662,1.86598,31.0989,34.9614,24.1295,1.86598,0.2875
1.1216,19.2388,19.2388,1.54577,29.7389,34.9614,24.1073,1.54577,0.245833
1.1218,19.6321,19.6321,1.72897,33.9433,34.9614,24.12,1.72897,0.204167
1.122,17.9312,17.9312,2,35.8624,34.9614,24.1388,2.00093,0.245833
1.1222,16.6805,16.6805,1.86463,31.1029,34.9614,24.1296,1.86463,0.2875
1.1224,19.2287,19.2287,1.55056,29.8151,34.9614,24.1076,1.55056,0.245833
1.1226,19.6238,19.6238,1.72968,33.9428,34.9614,24.12,1.72968,0.204167
1.1228,17.9343,17.9343,2,35.8686,34.9614,24.1389,2.00142,0.245833
1.123,16.6695,16.6695,1.86581,31.102,34.9614,24.1295,1.86581,0.2875
1.1232,19.2344,19.2344,1.54744,29.7641,34.9614,24.1074,1.54744,0.245833
1.1234,19.6299,19.6299,1.72887,33.9377,34.9614,24.12,1.72887,0.204167
1.1236,17.9303,17.9303,2,35.8606,34.9614,24.1389,2.00093,0.245833
1.1238,16.6684,16.6684,1.86573,31.0988,34.9614,24.1296,1.86573,0.2875
1.124,19.2297,19.2297,1.54838,29.7749,34.9614,24.1075,1.54838,0.245833
1.1242,19.6322,19.6322,1.72781,33.9206,34.9614,24.1199,1.72781,0.204167
1.1244,17.9303,17.9303,2,35.8607,34.9614,24.1389,2.0019,0.245833
1.1246,16.6665,16.6665,1.8656,31.093,34.9614,24.1295,1.8656,0.2875
1.1248,19.2316,19.2316,1.54921,29.7937,34.9614,24.1075,1.54921,0.245833
1.125,19.6268,19.6268,1.72996,33.9534,34.9614,24.12,1.72996,0.204167
1.1252,17.9253,17.9253,2,35.8506,34.9614,24.1388,2.00058,0.245833
1.1254,16.6717,16.6717,1.86651,31.1178,34.9614,24.1297,1.86651,0.2875
1.1256,19.2275,19.2275,1.5498,29.7989,34.9614,24.1075,1.5498,0.245833
1.1258,19.6277,19.6277,1.72847,33.9258,34.9614,24.12,1.72847,0.204167
1.126,17.9403,17.9403,1.99952,35.872,34.9614,24.1387,1.99952,0.245833
1.1262,16.6702,16.6702,1.8678,31.1366,34.9614,24.1297,1.8678,0.2875
1.1264,19.2301,19.2301,1.54684,29.7459,34.9614,24.1074,1.54684,0.245833
1.1266,19.6338,19.6338,1.72796,33.9265,34.9614,24.1199,1.72796,0.204167
1.1268,17.9357,17.9357,2,35.8714,34.9614,24.1389,2.00165,0.245833
1.127,16.6643,16.6643,1.86729,31.117,34.9614,24.1297,1.86729,0.2875
1.1272,19.2363,19.2363,1.54617,29.7426,34.9614,24.1073,1.54617,0.245833
1.1274,19.6349,19.6349,1.72824,33.9338,34.9614,24.1199,1.72824,0.204167
1.1276,17.9332,17.9332,2,35.8664,34.9614,24.139,2.00295,0.245833
1.1278,16.6737,16.6737,1.86572,31.1085,34.9614,24.1295,1.86572,0.2875
1.128,19.2278,19.2278,1.54881,29.7802,34.9614,24.1075,1.54881,0.245833
1.1282,19.6302,19.6302,1.72946,33.9497,34.9614,24.12,1.72946,0.204167
1.1284,17.9177,17.9177,2,35.8354,34.9614,24.1392,2.00454,0.245833
1.1286,16.6751,16.6751,1.86262,31.0594,34.9614,24.1293,1.86262,0.2875
1.1288,19.233,19.233,1.55192,29.8481,34.9614,24.1077,1.55192,0.245833
1.129,19.6263,19.6263,1.72857,33.9254,34.9614,24.12,1.72857,0.204167
1.1292,17.9405,17.9405,2,35.8811,34.9614,24.1388,2.00043,0.245833
1.1294,16.667,16.667,1.86766,31.1283,34.9614,24.1296,1.86766,0.2875
1.1296,19.2259,19.2259,1.5468,29.7387,34.9614,24.1073,1.5468,0.245833
1.1298,19.639,19.639,1.72665,33.9097,34.9614,24.1198,1.72665,0.204167
1.13,17.9365,17.9365,2,35.873,34.9614,24.1389,2.0018,0.245833
1.1302,16.6725,16.6725,1.86851,31.1528,34.9614,24.1297,1.86851,0.2875
1.1304,19.2276,19.2276,1.54789,29.7621,34.9614,24.1074,1.54789,0.245833
1.1306,19.6318,19.6318,1.72775,33.9189,34.9614,24.1199,1.72775,0.204167
1.1308,17.9282,17.9282,2,35.8565,34.9614,24.1391,2.00462,0.245833
1.131,16.6753,16.6753,1.86365,31.077,34.9614,24.1295,1.86365,0.2875
1.1312,19.2331,19.2331,1.55012,29.8136,34.9614,24.1076,1.55012,0.245833
1.1314,19.625,19.625,1.72949,33.9412,34.9614,24.12,1.72949,0.204167
1.1316,17.9274,17.9274,2,35.8549,34.9614,24.1389,2.00196,0.245833
1.1318,16.6673,16.6673,1.86511,31.0864,34.9614,24.1295,1.86511,0.2875
1.132,19.2342,19.2342,1.54927,29.7989,34.9614,24.1075,1.54927,0.245833
1.1322,19.6272,19.6272,1.7293,33.9413,34.9614,24.12,1.7293,0.204167
1.1324,17.9305,17.9305,2,35.861,34.9614,24.1389,2.00141,0.245833
1.1326,16.6689,16.6689,1.86655,31.1132,34.9614,24.1296,1.86655,0.2875
1.1328,19.2329,19.2329,1.54721,29.7573,34.9614,24.1074,1.54721,0.245833
1.133,19.6348,19.6348,1.72802,33.9292,34.9614,24.1199,1.72802,0.204167
1.1332,17.9353,17.9353,2,35.8707,34.9614,24.139,2.00166,0.245833
1.1334,16.6644,16.6644,1.86802,31.1294,34.9614,24.1297,1.86802,0.2875
1.1336,19.2338,19.2338,1.54619,29.7391,34.9614,24.1073,1.54619,0.245833
1.1338,19.6314,19.6314,1.72909,33.9444,34.9614,24.12,1.72909,0.204167
1.134,17.9317,17.9317,2,35.8634,34.9614,24.1388,2.0009,0.245833
1.1342,16.6786,16.6786,1.8671,31.1406,34.9614,24.1296,1.8671,0.2875
1.1344,19.2223,19.2223,1.54929,29.781,34.9614,24.1075,1.54929,0.245833
1.1346,19.6297,19.6297,1.7296,33.9515,34.9614,24.12,1.7296,0.204167
1.1348,17.9293,17.9293,2,35.8586,34.9614,24.1389,2.00281,0.245833
1.135,16.6798,16.6798,1.86373,31.0867,34.9614,24.1295,1.86373,0.2875
1.1352,19.2283,19.2283,1.55107,29.8244,34.9614,24.1077,1.55107,0.245833
1.1354,19.6253,19.6253,1.73003,33.9523,34.9614,24.1201,1.73003,0.204167
1.1356,17.9249,17.9249,2,35.8498,34.9614,24.1389,2.0011,0.245833
1.1358,16.6705,16.6705,1.86638,31.1134,34.9614,24.1296,1.86638,0.2875
1.136,19.2261,19.2261,1.54888,29.7789,34.9614,24.1075,1.54888,0.245833
1.1362,19.6287,19.6287,1.7305,33.9675,34.9614,24.1201,1.7305,0.204167
1.1364,17.9281,17.9281,2,35.8563,34.9614,24.1389,2.0019,0.245833
1.1366,16.6679,16.6679,1.86511,31.0874,34.9614,24.1295,1.86511,0.2875
1.1368,19.2344,19.2344,1.54795,29.774,34.9614,24.1074,1.54795,0.245833
1.137,19.6299,19.6299,1.72794,33.9194,34.9614,24.1199,1.72794,0.204167
1.1372,17.9302,17.9302,2,35.8605,34.9614,24.139,2.00348,0.245833
1.1374,16.6696,16.6696,1.86532,31.0941,34.9614,24.1297,1.86532,0.2875
1.1376,19.2355,19.2355,1.54765,29.7699,34.9614,24.1074,1.54765,0.245833
1.1378,19.634,19.634,1.72735,33.9147,34.9614,24.1199,1.72735,0.204167
1.138,17.9311,17.9311,2,35.8621,34.9614,24.139,2.00227,0.245833
1.1382,16.6698,16.6698,1.86676,31.1185,34.9614,24.1297,1.86676,0.2875
1.1384,19.2342,19.2342,1.54641,29.744,34.9614,24.1073,1.54641,0.245833
1.1386,19.632,19.632,1.7301,33.9654,34.9614,24.1201,1.7301,0.204167
1.1388,17.9174,17.9174,2,35.8348,34.9614,24.1389,2.00197,0.245833
1.139,16.6731,16.6731,1.86383,31.0757,34.9614,24.1294,1.86383,0.2875
1.1392,19.2306,19.2306,1.55077,29.8222,34.9614,24.1076,1.55077,0.245833
1.1394,19.6248,19.6248,1.72864,33.9243,34.9614,24.12,1.72864,0.204167
1.1396,17.9396,17.9396,2,35.8792,34.9614,24.1389,2.00037,0.245833
1.1398,16.6695,16.6695,1.86706,31.1228,34.9614,24.1296,1.86706,0.2875
1.14,19.2261,19.2261,1.54887,29.7786,34.9614,24.1075,1.54887,0.245833
1.1402,19.6321,19.6321,1.72678,33.9003,34.9614,24.1198,1.72678,0.204167
1.1404,17.9291,17.9291,2,35.8582,34.9614,24.139,2.00406,0.245833
1.1406,16.6744,16.6744,1.8645,31.0895,34.9614,24.1295,1.8645,0.2875
1.1408,19.2331,19.2331,1.54881,29.7884,34.9614,24.1075,1.54881,0.245833
1.141,19.63,19.63,1.72895,33.9393,34.9614,24.12,1.72895,0.204167
1.1412,17.9307,17.9307,1.99984,35.8586,34.9614,24.1388,1.99984,0.245833
1.1414,16.6732,16.6732,1.86827,31.1501,34.9614,24.1297,1.86827,0.2875
1.1416,19.2315,19.2315,1.54849,29.7798,34.9614,24.1074,1.54849,0.245833
1.1418,19.6318,19.6318,1.72803,33.9244,34.9614,24.1199,1.72803,0.204167
1.142,17.9327,17.9327,2,35.8654,34.9614,24.139,2.00305,0.245833
1.1422,16.6736,16.6736,1.86563,31.1068,34.9614,24.1295,1.86563,0.2875
1.1424,19.2328,19.2328,1.54846,29.7813,34.9614,24.1075,1.54846,0.245833
1.1426,19.6249,19.6249,1.73055,33.9618,34.9614,24.1201,1.73055,0.204167
1.1428,17.9243,17.9243,2,35.8485,34.9614,24.1389,2.00218,0.245833
1.143,16.67,16.67,1.86333,31.0618,34.9614,24.1294,1.86333,0.2875
1.1432,19.2387,19.2387,1.54775,29.7767,34.9614,24.1074,1.54775,0.245833
1.1434,19.6288,19.6288,1.72907,33.9395,34.9614,24.12,1.72907,0.204167
1.1436,17.9312,17.9312,2,35.8624,34.9614,24.1388,2.00054,0.245833
1.1438,16.668,16.668,1.86769,31.1306,34.9614,24.1296,1.86769,0.2875
1.144,19.2268,19.2268,1.54671,29.7383,34.9614,24.1073,1.54671,0.245833
1.1442,19.6388,19.6388,1.72671,33.9104,34.9614,24.1198,1.72671,0.204167
1.1444,17.9208,17.9208,2,35.8416,34.9614,24.1391,2.00491,0.245833
1.1446,16.673,16.673,1.86443,31.0856,34.9614,24.1295,1.86443,0.2875
1.1448,19.2257,19.2257,1.55004,29.8005,34.9614,24.1076,1.55004,0.245833
1.145,19.6284,19.6284,1.72755,33.9091,34.9614,24.1199,1.72755,0.204167
1.1452,17.9356,17.9356,2,35.8712,34.9614,24.1389,2.00141,0.245833
1.1454,16.6619,16.6619,1.86684,31.105,34.9614,24.1298,1.86684,0.2875
1.1456,19.2379,19.2379,1.54687,29.7585,34.9614,24.1074,1.54687,0.245833
1.1458,19.632,19.632,1.72824,33.9289,34.9614,24.12,1.72824,0.204167
1.146,17.9375,17.9375,2,35.8751,34.9614,24.1389,2.00259,0.245833
1.1462,16.6578,16.6578,1.86847,31.1247,34.9614,24.1297,1.86847,0.2875
1.1464,19.2363,19.2363,1.54525,29.7249,34.9614,24.1072,1.54525,0.245833
1.1466,19.6337,19.6337,1.7284,33.9349,34.9614,24.12,1.7284,0.204167
1.1468,17.9268,17.9268,2,35.8536,34.9614,24.1389,2.00212,0.245833
1.147,16.6716,16.6716,1.86622,31.1129,34.9614,24.1296,1.86622,0.2875
1.1472,19.2271,19.2271,1.54988,29.7998,34.9614,24.1076,1.54988,0.245833
1.1474,19.6277,19.6277,1.72842,33.9251,34.9614,24.12,1.72842,0.204167
1.1476,17.9404,17.9404,1.99953,35.8723,34.9614,24.1387,1.99953,0.245833
1.1478,16.6716,16.6716,1.86755,31.135,34.9614,24.1296,1.86755,0.2875
1.148,19.225,19.225,1.5486,29.7718,34.9614,24.1075,1.5486,0.245833
1.1482,19.6323,19.6323,1.72802,33.9249,34.9614,24.1199,1.72802,0.204167
1.1484,17.9335,17.9335,2,35.8669,34.9614,24.1389,2.00119,0.245833
1.1486,16.6641,16.6641,1.86671,31.1071,34.9614,24.1298,1.86671,0.2875
1.1488,19.2355,19.2355,1.5467,29.7516,34.9614,24.1073,1.5467,0.245833
1.149,19.6313,19.6313,1.72866,33.9357,34.9614,24.12,1.72866,0.204167
1.1492,17.9262,17.9262,2,35.8525,34.9614,24.1392,2.00521,0.245833
1.1494,16.6752,16.6752,1.86463,31.093,34.9614,24.1295,1.86463,0.2875
1.1496,19.2309,19.2309,1.55096,29.8263,34.9614,24.1076,1.55096,0.245833
1.1498,19.6256,19.6256,1.7295,33.9424,34.9614,24.12,1.7295,0.204167
1.15,17.935,17.935,2,35.87,34.9614,24.1388,2.00028,0.245833
1.1502,16.6646,16.6646,1.86641,31.1031,34.9614,24.1296,1.86641,0.2875
1.1504,19.2357,19.2357,1.54796,29.7761,34.9614,24.1074,1.54796,0.245833
1.1506,19.6302,19.6302,1.72805,33.9219,34.9614,24.1199,1.72805,0.204167
1.1508,17.9299,17.9299,2,35.8598,34.9614,24.139,2.00258,0.245833
1.151,16.6722,16.6722,1.86681,31.1239,34.9614,24.1298,1.86681,0.2875
1.1512,19.2273,19.2273,1.55001,29.8025,34.9614,24.1075,1.55001,0.245833
1.1514,19.6271,19.6271,1.7291,33.9373,34.9614,24.12,1.7291,0.204167
1.1516,17.9289,17.9289,2,35.8579,34.9614,24.1389,2.00185,0.245833
1.1518,16.6696,16.6696,1.86668,31.1169,34.9614,24.1297,1.86668,0.2875
1.152,19.2331,19.2331,1.54722,29.7578,34.9614,24.1074,1.54722,0.245833
1.1522,19.6341,19.6341,1.72751,33.918,34.9614,24.1199,1.72751,0.204167
1.1524,17.9291,17.9291,2,35.8582,34.9614,24.139,2.00374,0.245833
1.1526,16.6691,16.6691,1.86604,31.1053,34.9614,24.1296,1.86604,0.2875
1.1528,19.2286,19.2286,1.54838,29.7733,34.9614,24.1075,1.54838,0.245833
1.153,19.6266,19.6266,1.73087,33.9711,34.9614,24.1201,1.73087,0.204167
1.1532,17.9299,17.9299,2,35.8597,34.9614,24.1388,2.00119,0.245833
1.1534,16.6766,16.6766,1.86507,31.1031,34.9614,24.1296,1.86507,0.2875
1.1536,19.2325,19.2325,1.54934,29.7978,34.9614,24.1075,1.54934,0.245833
1.1538,19.6236,19.6236,1.73071,33.9627,34.9614,24.1201,1.73071,0.204167
1.154,17.9322,17.9322,2,35.8644,34.9614,24.1388,2.00046,0.245833
1.1542,16.6655,16.6655,1.86949,31.1559,34.9614,24.1298,1.86949,0.2875
1.1544,19.2298,19.2298,1.54552,29.7201,34.9614,24.1073,1.54552,0.245833
1.1546,19.6398,19.6398,1.72673,33.9126,34.9614,24.1198,1.72673,0.204167
1.1548,17.9308,17.9308,2,35.8616,34.9614,24.1391,2.00345,0.245833
1.155,16.6722,16.6722,1.86406,31.078,34.9614,24.1294,1.86406,0.2875
1.1552,19.2319,19.2319,1.54968,29.8033,34.9614,24.1075,1.54968,0.245833
1.1554,19.6294,19.6294,1.72809,33.9213,34.9614,24.1199,1.72809,0.204167
1.1556,17.9297,17.9297,2,35.8595,34.9614,24.139,2.00263,0.245833
1.1558,16.6722,16.6722,1.86674,31.1228,34.9614,24.1298,1.86674,0.2875
1.156,19.232,19.232,1.54639,29.7402,34.9614,24.1073,1.54639,0.245833
1.1562,19.6411,19.6411,1.72748,33.9297,34.9614,24.1199,1.72748,0.204167
1.1564,17.9286,17.9286,2,35.8572,34.9614,24.1389,2.00066,0.245833
1.1566,16.6785,16.6785,1.86545,31.1128,34.9614,24.1295,1.86545,0.2875
1.1568,19.228,19.228,1.54998,29.803,34.9614,24.1076,1.54998,0.245833
1.157,19.6288,19.6288,1.72946,33.9472,34.9614,24.12,1.72946,0.204167
1.1572,17.9303,17.9303,2,35.8607,34.9614,24.1388,2.00034,0.245833
1.1574,16.679,16.679,1.86629,31.1279,34.9614,24.1296,1.86629,0.2875
1.1576,19.2271,19.2271,1.54912,29.7852,34.9614,24.1075,1.54912,0.245833
1.1578,19.6285,19.6285,1.72904,33.9385,34.9614,24.12,1.72904,0.204167
1.158,17.9262,17.9262,2,35.8524,34.9614,24.139,2.00376,0.245833
1.1582,16.6709,16.6709,1.86506,31.0923,34.9614,24.1295,1.86506,0.2875
1.1584,19.2339,19.2339,1.5493,29.7991,34.9614,24.1075,1.5493,0.245833
1.1586,19.6275,19.6275,1.73025,33.9604,34.9614,24.1201,1.73025,0.204167
1.1588,17.9202,17.9202,2,35.8404,34.9614,24.1389,2.00253,0.245833
1.159,16.6671,16.6671,1.86622,31.1044,34.9614,24.1296,1.86622,0.2875
1.1592,19.2346,19.2346,1.54658,29.7478,34.9614,24.1073,1.54658,0.245833
1.1594,19.629,19.629,1.72952,33.9486,34.9614,24.12,1.72952,0.204167
1.1596,17.9312,17.9312,1.99969,35.8568,34.9614,24.1388,1.99969,0.245833
1.1598,16.6695,16.6695,1.8685,31.1469,34.9614,24.1297,1.8685,0.2875
1.16,19.2356,19.2356,1.54594,29.737,34.9614,24.1073,1.54594,0.245833
1.1602,19.636,19.636,1.72758,33.9227,34.9614,24.1199,1.72758,0.204167
1.1604,17.9303,17.9303,2,35.8605,34.9614,24.139,2.00273,0.245833
1.1606,16.6736,16.6736,1.86581,31.1097,34.9614,24.1295,1.86581,0.2875
1.1608,19.229,19.229,1.55001,29.805,34.9614,24.1076,1.55001,0.245833
1.161,19.6293,19.6293,1.72837,33.9267,34.9614,24.12,1.72837,0.204167
1.1612,17.9429,17.9429,2,35.8859,34.9614,24.1389,2.0008,0.245833
1.1614,16.6632,16.6632,1.86912,31.1455,34.9614,24.1298,1.86912,0.2875
1.1616,19.2357,19.2357,1.54557,29.7301,34.9614,24.1072,1.54557,0.245833
1.1618,19.6342,19.6342,1.7291,33.9495,34.9614,24.12,1.7291,0.204167
1.162,17.9244,17.9244,2,35.8489,34.9614,24.139,2.00195,0.245833
1.1622,16.6731,16.6731,1.86383,31.0759,34.9614,24.1294,1.86383,0.2875
1.1624,19.2305,19.2305,1.55069,29.8205,34.9614,24.1076,1.55069,0.245833
1.1626,19.626,19.626,1.72981,33.9492,34.9614,24.12,1.72981,0.204167
1.1628,17.9384,17.9384,1.99898,35.8584,34.9614,24.1387,1.99898,0.245833
1.163,16.6652,16.6652,1.86992,31.1626,34.9614,24.1299,1.86992,0.2875
1.1632,19.228,19.228,1.5449,29.7053,34.9614,24.1072,1.5449,0.245833
1.1634,19.6287,19.6287,1.73165,33.99,34.9614,24.1202,1.73165,0.204167
1.1636,17.9156,17.9156,2,35.8312,34.9614,24.139,2.00263,0.245833
1.1638,16.6727,16.6727,1.86306,31.0624,34.9614,24.1294,1.86306,0.2875
1.164,19.2368,19.2368,1.5497,29.8112,34.9614,24.1075,1.5497,0.245833
1.1642,19.626,19.626,1.72959,33.9449,34.9614,24.12,1.72959,0.204167
1.1644,17.9232,17.9232,2,35.8465,34.9614,24.139,2.00297,0.245833
1.1646,16.6782,16.6782,1.86432,31.0936,34.9614,24.1295,1.86432,0.2875
1.1648,19.2253,19.2253,1.55193,29.8363,34.9614,24.1077,1.55193,0.245833
1.165,19.6268,19.6268,1.7294,33.9426,34.9614,24.12,1.7294,0.204167
1.1652,17.9299,17.9299,1.99996,35.8591,34.9614,24.1388,1.99996,0.245833
1.1654,16.6723,16.6723,1.86799,31.1438,34.9614,24.1297,1.86799,0.2875
1.1656,19.2309,19.2309,1.54744,29.7586,34.9614,24.1074,1.54744,0.245833
1.1658,19.631,19.631,1.72797,33.9218,34.9614,24.1199,1.72797,0.204167
1.166,17.9345,17.9345,2,35.8689,34.9614,24.139,2.00211,0.245833
1.1662,16.6761,16.6761,1.86643,31.1248,34.9614,24.1296,1.86643,0.2875
1.1664,19.2214,19.2214,1.55059,29.8045,34.9614,24.1076,1.55059,0.245833
1.1666,19.6338,19.6338,1.72667,33.901,34.9614,24.1198,1.72667,0.204167
1.1668,17.931,17.931,2,35.862,34.9614,24.1391,2.00294,0.245833
1.167,16.6669,16.6669,1.8647,31.0788,34.9614,24.1296,1.8647,0.2875
1.1672,19.2343,19.2343,1.5487,29.7881,34.9614,24.1075,1.5487,0.245833
1.1674,19.6244,19.6244,1.73017,33.9535,34.9614,24.1201,1.73017,0.204167
1.1676,17.925,17.925,2,35.8501,34.9614,24.1388,2.00097,0.245833
1.1678,16.6741,16.6741,1.86557,31.1068,34.9614,24.1295,1.86557,0.2875
1.168,19.2332,19.2332,1.54866,29.7857,34.9614,24.1075,1.54866,0.245833
1.1682,19.6316,19.6316,1.72799,33.9232,34.9614,24.1199,1.72799,0.204167
1.1684,17.9393,17.9393,2,35.8787,34.9614,24.1388,2.00078,0.245833
1.1686,16.6662,16.6662,1.8666,31.1091,34.9614,24.1296,1.8666,0.2875
1.1688,19.2373,19.2373,1.54661,29.7526,34.9614,24.1073,1.54661,0.245833
1.169,19.6271,19.6271,1.73047,33.9642,34.9614,24.1201,1.73047,0.204167
1.1692,17.9193,17.9193,2,35.8385,34.9614,24.1388,2.00088,0.245833
1.1694,16.6798,16.6798,1.86541,31.1148,34.9614,24.1295,1.86541,0.2875
1.1696,19.2289,19.2289,1.55068,29.8179,34.9614,24.1076,1.55068,0.245833
1.1698,19.6252,19.6252,1.72961,33.944,34.9614,24.12,1.72961,0.204167
1.17,17.938,17.938,1.99858,35.8506,34.9614,24.1387,1.99858,0.245833
1.1702,16.6775,16.6775,1.86947,31.1781,34.9614,24.1298,1.86947,0.2875
1.1704,19.2178,19.2178,1.54978,29.7834,34.9614,24.1076,1.54978,0.245833
1.1706,19.6368,19.6368,1.72571,33.8874,34.9614,24.1198,1.72571,0.204167
1.1708,17.936,17.936,2,35.8719,34.9614,24.1388,2.00001,0.245833
1.171,16.6697,16.6697,1.86793,31.1379,34.9614,24.1297,1.86793,0.2875
1.1712,19.2279,19.2279,1.54677,29.7412,34.9614,24.1073,1.54677,0.245833
1.1714,19.6355,19.6355,1.72792,33.9287,34.9614,24.1199,1.72792,0.204167
1.1716,17.9281,17.9281,2,35.8562,34.9614,24.1391,2.00354,0.245833
1.1718,16.6753,16.6753,1.86291,31.0645,34.9614,24.1294,1.86291,0.2875
1.172,19.2373,19.2373,1.54989,29.8157,34.9614,24.1075,1.54989,0.245833
1.1722,19.6275,19.6275,1.72915,33.9389,34.9614,24.12,1.72915,0.204167
1.1724,17.9275,17.9275,2,35.855,34.9614,24.139,2.00306,0.245833
1.1726,16.6753,16.6753,1.86356,31.0756,34.9614,24.1294,1.86356,0.2875
1.1728,19.2311,19.2311,1.55059,29.8194,34.9614,24.1076,1.55059,0.245833
1.173,19.6253,19.6253,1.72908,33.9337,34.9614,24.12,1.72908,0.204167
1.1732,17.9364,17.9364,2,35.8728,34.9614,24.1389,2.00178,0.245833
1.1734,16.6777,16.6777,1.865,31.1039,34.9614,24.1295,1.865,0.2875
1.1736,19.232,19.232,1.54939,29.7979,34.9614,24.1075,1.54939,0.245833
1.1738,19.6261,19.6261,1.72877,33.929,34.9614,24.12,1.72877,0.204167
1.174,17.9367,17.9367,2,35.8733,34.9614,24.1389,2.00186,0.245833
1.1742,16.6773,16.6773,1.86633,31.1252,34.9614,24.1297,1.86633,0.2875
1.1744,19.2246,19.2246,1.54901,29.779,34.9614,24.1075,1.54901,0.245833
1.1746,19.6302,19.6302,1.72924,33.9454,34.9614,24.12,1.72924,0.204167
1.1748,17.9259,17.9259,2,35.8519,34.9614,24.1388,2.00053,0.245833
1.175,16.6791,16.6791,1.86557,31.1161,34.9614,24.1295,1.86557,0.2875
1.1752,19.2294,19.2294,1.54987,29.8032,34.9614,24.1076,1.54987,0.245833
1.1754,19.629,19.629,1.72786,33.9161,34.9614,24.1199,1.72786,0.204167
1.1756,17.9321,17.9321,2,35.8642,34.9614,24.1388,2.00054,0.245833
1.1758,16.6605,16.6605,1.86731,31.1104,34.9614,24.1298,1.86731,0.2875
1.176,19.2342,19.2342,1.54637,29.7431,34.9614,24.1073,1.54637,0.245833
1.1762,19.6346,19.6346,1.7275,33.9188,34.9614,24.1199,1.7275,0.204167
1.1764,17.931,17.931,2,35.862,34.9614,24.139,2.00259,0.245833
1.1766,16.6716,16.6716,1.86584,31.1065,34.9614,24.1297,1.86584,0.2875
1.1768,19.2362,19.2362,1.54737,29.7656,34.9614,24.1074,1.54737,0.245833
1.177,19.623,19.623,1.73137,33.9747,34.9614,24.1201,1.73137,0.204167
1.1772,17.929,17.929,2,35.8579,34.9614,24.1388,2.00072,0.245833
1.1774,16.674,16.674,1.86659,31.1236,34.9614,24.1296,1.86659,0.2875
1.1776,19.2253,19.2253,1.54902,29.7804,34.9614,24.1075,1.54902,0.245833
1.1778,19.6307,19.6307,1.72771,33.9162,34.9614,24.1199,1.72771,0.204167
1.178,17.9309,17.9309,2,35.8617,34.9614,24.1389,2.00237,0.245833
1.1782,16.6742,16.6742,1.86584,31.1114,34.9614,24.1297,1.86584,0.2875
1.1784,19.2331,19.2331,1.54883,29.7888,34.9614,24.1075,1.54883,0.245833
1.1786,19.6254,19.6254,1.72897,33.9317,34.9614,24.12,1.72897,0.204167
1.1788,17.9363,17.9363,2,35.8725,34.9614,24.1389,2.00182,0.245833
1.179,16.6777,16.6777,1.86495,31.1031,34.9614,24.1295,1.86495,0.2875
1.1792,19.2334,19.2334,1.54955,29.8031,34.9614,24.1075,1.54955,0.245833
1.1794,19.6257,19.6257,1.73072,33.9667,34.9614,24.1201,1.73072,0.204167
1.1796,17.928,17.928,2,35.856,34.9614,24.1389,2.00063,0.245833
1.1798,16.6665,16.6665,1.86801,31.1331,34.9614,24.1297,1.86801,0.2875
1.18,19.2313,19.2313,1.54554,29.7227,34.9614,24.1073,1.54554,0.245833
1.1802,19.6354,19.6354,1.72836,33.937,34.9614,24.1199,1.72836,0.204167
1.1804,17.9287,17.9287,2,35.8574,34.9614,24.1389,2.00129,0.245833
1.1806,16.6675,16.6675,1.86749,31.1265,34.9614,24.1297,1.86749,0.2875
1.1808,19.2247,19.2247,1.54748,29.7499,34.9614,24.1074,1.54748,0.245833
1.181,19.6329,19.6329,1.72866,33.9386,34.9614,24.12,1.72866,0.204167
1.1812,17.9295,17.9295,2,35.859,34.9614,24.139,2.00131,0.245833
1.1814,16.6787,16.6787,1.8658,31.1192,34.9614,24.1296,1.8658,0.2875
1.1816,19.2265,19.2265,1.55049,29.8104,34.9614,24.1076,1.55049,0.245833
1.1818,19.6294,19.6294,1.72789,33.9174,34.9614,24.1199,1.72789,0.204167
1.182,17.9269,17.9269,2,35.8538,34.9614,24.139,2.00392,0.245833
1.1822,16.6754,16.6754,1.86536,31.1056,34.9614,24.1295,1.86536,0.2875
1.1824,19.2313,19.2313,1.54883,29.7859,34.9614,24.1075,1.54883,0.245833
1.1826,19.6266,19.6266,1.72937,33.9417,34.9614,24.12,1.72937,0.204167
1.1828,17.9326,17.9326,2,35.8652,34.9614,24.1388,2.00009,0.245833
1.183,16.6817,16.6817,1.86629,31.1329,34.9614,24.1296,1.86629,0.2875
1.1832,19.2222,19.2222,1.54946,29.784,34.9614,24.1075,1.54946,0.245833
1.1834,19.6296,19.6296,1.72843,33.9285,34.9614,24.12,1.72843,0.204167
1.1836,17.9422,17.9422,2,35.8845,34.9614,24.1389,2.00043,0.245833
1.1838,16.6613,16.6613,1.86977,31.1529,34.9614,24.1298,1.86977,0.2875
1.184,19.2314,19.2314,1.54425,29.6981,34.9614,24.1072,1.54425,0.245833
1.1842,19.6358,19.6358,1.72901,33.9503,34.9614,24.12,1.72901,0.204167
1.1844,17.9244,17.9244,2,35.8489,34.9614,24.139,2.00333,0.245833
1.1846,16.6691,16.6691,1.86418,31.0743,34.9614,24.1294,1.86418,0.2875
1.1848,19.2322,19.2322,1.54991,29.8081,34.9614,24.1076,1.54991,0.245833
1.185,19.6247,19.6247,1.73045,33.9595,34.9614,24.1201,1.73045,0.204167
1.1852,17.917,17.917,2,35.834,34.9614,24.1389,2.002,0.245833
1.1854,16.6773,16.6773,1.86523,31.107,34.9614,24.1295,1.86523,0.2875
1.1856,19.2312,19.2312,1.55028,29.8138,34.9614,24.1076,1.55028,0.245833
1.1858,19.6286,19.6286,1.72761,33.9106,34.9614,24.1199,1.72761,0.204167
1.186,17.9354,17.9354,2,35.8707,34.9614,24.1389,2.00231,0.245833
1.1862,16.6717,16.6717,1.86645,31.1169,34.9614,24.1296,1.86645,0.2875
1.1864,19.2288,19.2288,1.54953,29.7957,34.9614,24.1075,1.54953,0.245833
1.1866,19.6268,19.6268,1.72926,33.9399,34.9614,24.12,1.72926,0.204167
1.1868,17.9366,17.9366,2,35.8731,34.9614,24.1388,2.00031,0.245833
1.187,16.6661,16.6661,1.86756,31.125,34.9614,24.1297,1.86756,0.2875
1.1872,19.2251,19.2251,1.54685,29.7383,34.9614,24.1073,1.54685,0.245833
1.1874,19.638,19.638,1.72763,33.9272,34.9614,24.1199,1.72763,0.204167
1.1876,17.9284,17.9284,2,35.8568,34.9614,24.1389,2.0022,0.245833
1.1878,16.6623,16.6623,1.86529,31.08,34.9614,24.1295,1.86529,0.2875
1.188,19.2362,19.2362,1.54664,29.7516,34.9614,24.1073,1.54664,0.245833
1.1882,19.6305,19.6305,1.72971,33.9551,34.9614,24.12,1.72971,0.204167
1.1884,17.9313,17.9313,2,35.8626,34.9614,24.1389,2.00045,0.245833
1.1886,16.6746,16.6746,1.86591,31.1132,34.9614,24.1295,1.86591,0.2875
1.1888,19.2275,19.2275,1.54873,29.7782,34.9614,24.1075,1.54873,0.245833
1.189,19.627,19.627,1.73077,33.9699,34.9614,24.1201,1.73077,0.204167
1.1892,17.9282,17.9282,2,35.8564,34.9614,24.1389,2.00009,0.245833
1.1894,16.6826,16.6826,1.86552,31.1218,34.9614,24.1295,1.86552,0.2875
1.1896,19.2288,19.2288,1.55084,29.8208,34.9614,24.1076,1.55084,0.245833
1.1898,19.623,19.623,1.73061,33.9597,34.9614,24.1201,1.73061,0.204167
1.19,17.9231,17.9231,2,35.8462,34.9614,24.1389,2.00166,0.245833
1.1902,16.6655,16.6655,1.86745,31.122,34.9614,24.1296,1.86745,0.2875
1.1904,19.2302,19.2302,1.54776,29.7637,34.9614,24.1074,1.54776,0.245833
1.1906,19.6329,19.6329,1.72851,33.9356,34.9614,24.1199,1.72851,0.204167
1.1908,17.927,17.927,2,35.8539,34.9614,24.1389,2.00201,0.245833
1.191,16.6667,16.6667,1.86455,31.0759,34.9614,24.1296,1.86455,0.2875
1.1912,19.2335,19.2335,1.54878,29.7884,34.9614,24.1075,1.54878,0.245833
1.1914,19.6299,19.6299,1.729,33.94,34.9614,24.12,1.729,0.204167
1.1916,17.9265,17.9265,2,35.8531,34.9614,24.139,2.0015,0.245833
1.1918,16.6756,16.6756,1.86319,31.0698,34.9614,24.1294,1.86319,0.2875
1.192,19.23,19.23,1.54958,29.7985,34.9614,24.1075,1.54958,0.245833
1.1922,19.6299,19.6299,1.72865,33.9332,34.9614,24.12,1.72865,0.204167
1.1924,17.9356,17.9356,2,35.8711,34.9614,24.1389,2.00217,0.245833
1.1926,16.6768,16.6768,1.86642,31.1259,34.9614,24.1296,1.86642,0.2875
1.1928,19.2247,19.2247,1.54908,29.7804,34.9614,24.1075,1.54908,0.245833
1.193,19.6277,19.6277,1.7298,33.952,34.9614,24.12,1.7298,0.204167
1.1932,17.9241,17.9241,2,35.8483,34.9614,24.1389,2.00268,0.245833
1.1934,16.667,16.667,1.86638,31.1069,34.9614,24.1296,1.86638,0.2875
1.1936,19.2318,19.2318,1.54827,29.7759,34.9614,24.1075,1.54827,0.245833
1.1938,19.6318,19.6318,1.72814,33.9264,34.9614,24.1199,1.72814,0.204167
1.194,17.9387,17.9387,2,35.8773,34.9614,24.1389,2.00049,0.245833
1.1942,16.669,16.669,1.86703,31.1215,34.9614,24.1297,1.86703,0.2875
1.1944,19.2282,19.2282,1.54659,29.7381,34.9614,24.1073,1.54659,0.245833
1.1946,19.6337,19.6337,1.7292,33.9506,34.9614,24.12,1.7292,0.204167
1.1948,17.9252,17.9252,2,35.8504,34.9614,24.139,2.00383,0.245833
1.195,16.6636,16.6636,1.86737,31.1171,34.9614,24.1296,1.86737,0.2875
1.1952,19.2321,19.2321,1.54724,29.7568,34.9614,24.1074,1.54724,0.245833
1.1954,19.6362,19.6362,1.72685,33.9088,34.9614,24.1198,1.72685,0.204167
1.1956,17.9335,17.9335,2,35.867,34.9614,24.1389,2.00265,0.245833
1.1958,16.671,16.671,1.86749,31.1329,34.9614,24.1297,1.86749,0.2875
1.196,19.2306,19.2306,1.54701,29.75,34.9614,24.1073,1.54701,0.245833
1.1962,19.6338,19.6338,1.72842,33.9356,34.9614,24.1199,1.72842,0.204167
1.1964,17.9277,17.9277,2,35.8555,34.9614,24.1389,2.00115,0.245833
1.1966,16.6784,16.6784,1.86439,31.095,34.9614,24.1296,1.86439,0.2875
1.1968,19.2309,19.2309,1.55075,29.8223,34.9614,24.1076,1.55075,0.245833
1.197,19.6266,19.6266,1.72843,33.9231,34.9614,24.12,1.72843,0.204167
1.1972,17.9355,17.9355,2,35.871,34.9614,24.1389,2.00152,0.245833
1.1974,16.6762,16.6762,1.8645,31.0927,34.9614,24.1294,1.8645,0.2875
1.1976,19.2246,19.2246,1.55225,29.8414,34.9614,24.1077,1.55225,0.245833
1.1978,19.6284,19.6284,1.72687,33.8958,34.9614,24.1199,1.72687,0.204167
1.198,17.9389,17.9389,2,35.8778,34.9614,24.1389,2.00231,0.245833
1.1982,16.6647,16.6647,1.86756,31.1222,34.9614,24.1297,1.86756,0.2875
1.1984,19.2295,19.2295,1.54632,29.7351,34.9614,24.1073,1.54632,0.245833
1.1986,19.6363,19.6363,1.7278,33.9276,34.9614,24.1199,1.7278,0.204167
1.1988,17.9215,17.9215,2,35.8431,34.9614,24.1391,2.00317,0.245833
1.199,16.681,16.681,1.86459,31.1032,34.9614,24.1294,1.86459,0.2875
1.1992,19.23,19.23,1.55082,29.8223,34.9614,24.1076,1.55082,0.245833
1.1994,19.626,19.626,1.72899,33.9332,34.9614,24.12,1.72899,0.204167
1.1996,17.9321,17.9321,2,35.8641,34.9614,24.1391,2.00244,0.245833
1.1998,16.6709,16.6709,1.86752,31.1333,34.9614,24.1296,1.86752,0.2875
1.2,19.2292,19.2292,1.54769,29.7608,34.9614,24.1074,1.54769,0.245833
1.2002,19.6296,19.6296,1.72854,33.9304,34.9614,24.12,1.72854,0.204167
1.2004,17.9321,17.9321,2,35.8642,34.9614,24.1389,2.00147,0.245833
1.2006,16.66,16.66,1.86731,31.1093,34.9614,24.1297,1.86731,0.2875
1.2008,19.234,19.234,1.546,29.7358,34.9614,24.1073,1.546,0.245833
1.201,19.6335,19.6335,1.72902,33.9469,34.9614,24.12,1.72902,0.204167
1.2012,17.9275,17.9275,2,35.8549,34.9614,24.139,2.00307,0.245833
1.2014,16.6753,16.6753,1.86355,31.0753,34.9614,24.1294,1.86355,0.2875
1.2016,19.2311,19.2311,1.55059,29.8196,34.9614,24.1076,1.55059,0.245833
1.2018,19.6277,19.6277,1.72926,33.9414,34.9614,24.12,1.72926,0.204167
1.202,17.9343,17.9343,2,35.8685,34.9614,24.1388,2.00044,0.245833
1.2022,16.6641,16.6641,1.86693,31.1107,34.9614,24.1296,1.86693,0.2875
1.2024,19.2373,19.2373,1.54538,29.7289,34.9614,24.1073,1.54538,0.245833
1.2026,19.6326,19.6326,1.72883,33.9415,34.9614,24.12,1.72883,0.204167
1.2028,17.9311,17.9311,2,35.8621,34.9614,24.1389,2.00208,0.245833
1.203,16.6698,16.6698,1.86673,31.118,34.9614,24.1296,1.86673,0.2875
1.2032,19.2343,19.2343,1.54641,29.7442,34.9614,24.1073,1.54641,0.245833
1.2034,19.6356,19.6356,1.72767,33.9239,34.9614,24.1199,1.72767,0.204167
1.2036,17.9257,17.9257,2,35.8514,34.9614,24.1389,2.00177,0.245833
1.2038,16.6699,16.6699,1.86485,31.0868,34.9614,24.1295,1.86485,0.2875
1.204,19.2304,19.2304,1.54853,29.7787,34.9614,24.1075,1.54853,0.245833
1.2042,19.6314,19.6314,1.72916,33.9459,34.9614,24.12,1.72916,0.204167
1.2044,17.9287,17.9287,2,35.8573,34.9614,24.1389,2.00164,0.245833
1.2046,16.672,16.672,1.86511,31.0951,34.9614,24.1295,1.86511,0.2875
1.2048,19.2354,19.2354,1.54804,29.7771,34.9614,24.1074,1.54804,0.245833
1.205,19.6309,19.6309,1.72927,33.9472,34.9614,24.12,1.72927,0.204167
1.2052,17.9308,17.9308,2,35.8617,34.9614,24.1389,2.00032,0.245833
1.2054,16.6746,16.6746,1.86802,31.1484,34.9614,24.1297,1.86802,0.2875
1.2056,19.2326,19.2326,1.54694,29.7518,34.9614,24.1073,1.54694,0.245833
1.2058,19.6312,19.6312,1.72936,33.9495,34.9614,24.12,1.72936,0.204167
1.206,17.927,17.927,2,35.854,34.9614,24.1388,2.00092,0.245833
1.2062,16.6762,16.6762,1.86513,31.1032,34.9614,24.1295,1.86513,0.2875
1.2064,19.2346,19.2346,1.54806,29.7763,34.9614,24.1074,1.54806,0.245833
1.2066,19.626,19.626,1.72988,33.9506,34.9614,24.12,1.72988,0.204167
1.2068,17.9332,17.9332,2,35.8665,34.9614,24.1388,2.00084,0.245833
1.207,16.6703,16.6703,1.86795,31.1392,34.9614,24.1297,1.86795,0.2875
1.2072,19.2277,19.2277,1.54689,29.7433,34.9614,24.1073,1.54689,0.245833
1.2074,19.6327,19.6327,1.72871,33.9393,34.9614,24.12,1.72871,0.204167
1.2076,17.9295,17.9295,2,35.8591,34.9614,24.1389,2.00177,0.245833
1.2078,16.6646,16.6646,1.86524,31.0835,34.9614,24.1297,1.86524,0.2875
1.208,19.2329,19.2329,1.54789,29.7704,34.9614,24.1074,1.54789,0.245833
1.2082,19.634,19.634,1.72712,33.9102,34.9614,24.1199,1.72712,0.204167
1.2084,17.9408,17.9408,2,35.8815,34.9614,24.1389,2.00113,0.245833
1.2086,16.6649,16.6649,1.86889,31.1447,34.9614,24.1298,1.86889,0.2875
1.2088,19.2325,19.2325,1.54669,29.7467,34.9614,24.1073,1.54669,0.245833
1.209,19.6323,19.6323,1.72882,33.9407,34.9614,24.12,1.72882,0.204167
1.2092,17.9293,17.9293,2,35.8585,34.9614,24.139,2.00145,0.245833
1.2094,16.6668,16.6668,1.86669,31.1118,34.9614,24.1296,1.86669,0.2875
1.2096,19.2337,19.2337,1.54678,29.7504,34.9614,24.1073,1.54678,0.245833
1.2098,19.632,19.632,1.7292,33.9476,34.9614,24.12,1.7292,0.204167
1.21,17.9224,17.9224,2,35.8447,34.9614,24.139,2.00399,0.245833
1.2102,16.6724,16.6724,1.865,31.0939,34.9614,24.1295,1.865,0.2875
1.2104,19.2367,19.2367,1.54743,29.7675,34.9614,24.1074,1.54743,0.245833
1.2106,19.6306,19.6306,1.73048,33.9703,34.9614,24.1201,1.73048,0.204167
1.2108,17.9295,17.9295,1.99867,35.8352,34.9614,24.1387,1.99867,0.245833
1.211,16.6835,16.6835,1.86638,31.1378,34.9614,24.1296,1.86638,0.2875
1.2112,19.2248,19.2248,1.54924,29.7838,34.9614,24.1075,1.54924,0.245833
1.2114,19.627,19.627,1.7308,33.9705,34.9614,24.1201,1.7308,0.204167
1.2116,17.9263,17.9263,2,35.8526,34.9614,24.139,2.00371,0.245833
1.2118,16.6674,16.6674,1.86412,31.0701,34.9614,24.1294,1.86412,0.2875
1.212,19.2404,19.2404,1.54737,29.7721,34.9614,24.1074,1.54737,0.245833
1.2122,19.6259,19.6259,1.73149,33.9821,34.9614,24.1202,1.73149,0.204167
1.2124,17.9279,17.9279,2,35.8558,34.9614,24.1388,2.00108,0.245833
1.2126,16.6723,16.6723,1.86476,31.0899,34.9614,24.1295,1.86476,0.2875
1.2128,19.2322,19.2322,1.54858,29.7826,34.9614,24.1075,1.54858,0.245833
1.213,19.6284,19.6284,1.72907,33.9389,34.9614,24.12,1.72907,0.204167
1.2132,17.9298,17.9298,2,35.8596,34.9614,24.1389,2.00101,0.245833
1.2134,16.6794,16.6794,1.86547,31.115,34.9614,24.1295,1.86547,0.2875
1.2136,19.2353,19.2353,1.54955,29.806,34.9614,24.1075,1.54955,0.245833
1.2138,19.6273,19.6273,1.72802,33.9164,34.9614,24.1199,1.72802,0.204167
1.214,17.9365,17.9365,2,35.8729,34.9614,24.1389,2.00158,0.245833
1.2142,16.6648,16.6648,1.86738,31.1195,34.9614,24.1296,1.86738,0.2875
1.2144,19.2318,19.2318,1.54708,29.7531,34.9614,24.1074,1.54708,0.245833
1.2146,19.6363,19.6363,1.72719,33.9156,34.9614,24.1199,1.72719,0.204167
1.2148,17.9311,17.9311,2,35.8623,34.9614,24.1389,2.00247,0.245833
1.215,16.6771,16.6771,1.8653,31.1078,34.9614,24.1295,1.8653,0.2875
1.2152,19.2359,19.2359,1.54868,29.7902,34.9614,24.1075,1.54868,0.245833
1.2154,19.6297,19.6297,1.72789,33.9181,34.9614,24.1199,1.72789,0.204167
1.2156,17.9278,17.9278,2,35.8557,34.9614,24.139,2.00396,0.245833
1.2158,16.6773,16.6773,1.86323,31.0737,34.9614,24.1294,1.86323,0.2875
1.216,19.2296,19.2296,1.55063,29.818,34.9614,24.1076,1.55063,0.245833
1.2162,19.623,19.623,1.72956,33.9392,34.9614,24.12,1.72956,0.204167
1.2164,17.9248,17.9248,2,35.8497,34.9614,24.139,2.00167,0.245833
1.2166,16.6681,16.6681,1.86525,31.09,34.9614,24.1297,1.86525,0.2875
1.2168,19.2374,19.2374,1.54778,29.7752,34.9614,24.1074,1.54778,0.245833
1.217,19.6265,19.6265,1.73059,33.9656,34.9614,24.1201,1.73059,0.204167
1.2172,17.9262,17.9262,2,35.8525,34.9614,24.139,2.00225,0.245833
1.2174,16.6721,16.6721,1.86529,31.0984,34.9614,24.1295,1.86529,0.2875
1.2176,19.2337,19.2337,1.54882,29.7894,34.9614,24.1075,1.54882,0.245833
1.2178,19.6319,19.6319,1.72782,33.9203,34.9614,24.1199,1.72782,0.204167
1.218,17.9316,17.9316,2,35.8632,34.9614,24.1388,2.0009,0.245833
1.2182,16.6787,16.6787,1.86708,31.1405,34.9614,24.1296,1.86708,0.2875
1.2184,19.2223,19.2223,1.54932,29.7815,34.9614,24.1075,1.54932,0.245833
1.2186,19.6321,19.6321,1.72628,33.8905,34.9614,24.1198,1.72628,0.204167
1.2188,17.9361,17.9361,2,35.8723,34.9614,24.1389,2.0004,0.245833
1.219,16.6662,16.6662,1.86704,31.1165,34.9614,24.1296,1.86704,0.2875
1.2192,19.2329,19.2329,1.54739,29.7609,34.9614,24.1074,1.54739,0.245833
1.2194,19.6332,19.6332,1.72873,33.9406,34.9614,24.12,1.72873,0.204167
1.2196,17.9307,17.9307,2,35.8614,34.9614,24.1389,2.00209,0.245833
1.2198,16.6655,16.6655,1.86592,31.0966,34.9614,24.1296,1.86592,0.2875
1.22,19.2309,19.2309,1.54958,29.8,34.9614,24.1075,1.54958,0.245833
1.2202,19.6288,19.6288,1.72853,33.9289,34.9614,24.12,1.72853,0.204167
1.2204,17.9405,17.9405,2,35.8811,34.9614,24.1389,2.00189,0.245833
1.2206,16.6717,16.6717,1.86765,31.1369,34.9614,24.1298,1.86765,0.2875
1.2208,19.2294,19.2294,1.54801,29.7673,34.9614,24.1074,1.54801,0.245833
1.221,19.6275,19.6275,1.7305,33.9654,34.9614,24.1201,1.7305,0.204167
1.2212,17.9269,17.9269,2,35.8538,34.9614,24.139,2.00385,0.245833
1.2214,16.6754,16.6754,1.86538,31.1059,34.9614,24.1295,1.86538,0.2875
1.2216,19.2289,19.2289,1.54939,29.7931,34.9614,24.1075,1.54939,0.245833
1.2218,19.6286,19.6286,1.72958,33.9493,34.9614,24.12,1.72958,0.204167
1.222,17.93,17.93,1.99975,35.8555,34.9614,24.1389,1.99975,0.245833
1.2222,16.6836,16.6836,1.86584,31.1289,34.9614,24.1297,1.86584,0.2875
1.2224,19.2297,19.2297,1.54885,29.7839,34.9614,24.1075,1.54885,0.245833
1.2226,19.6303,19.6303,1.72771,33.9154,34.9614,24.1199,1.72771,0.204167
1.2228,17.9317,17.9317,2,35.8634,34.9614,24.1389,2.00204,0.245833
1.223,16.6632,16.6632,1.86526,31.0812,34.9614,24.1297,1.86526,0.2875
1.2232,19.2334,19.2334,1.54728,29.7595,34.9614,24.1074,1.54728,0.245833
1.2234,19.6292,19.6292,1.72898,33.9384,34.9614,24.12,1.72898,0.204167
1.2236,17.9284,17.9284,2,35.8567,34.9614,24.1388,2.0013,0.245833
1.2238,16.6736,16.6736,1.86531,31.1015,34.9614,24.1295,1.86531,0.2875
1.224,19.2278,19.2278,1.55004,29.8039,34.9614,24.1076,1.55004,0.245833
1.2242,19.6267,19.6267,1.72892,33.9331,34.9614,24.12,1.72892,0.204167
1.2244,17.9358,17.9358,2,35.8716,34.9614,24.1389,2.00194,0.245833
1.2246,16.679,16.679,1.86543,31.1134,34.9614,24.1296,1.86543,0.2875
1.2248,19.2269,19.2269,1.55007,29.8029,34.9614,24.1076,1.55007,0.245833
1.225,19.6273,19.6273,1.72977,33.9507,34.9614,24.12,1.72977,0.204167
1.2252,17.93,17.93,2,35.8601,34.9614,24.1389,2.00165,0.245833
1.2254,16.6646,16.6646,1.8654,31.0861,34.9614,24.1297,1.8654,0.2875
1.2256,19.2397,19.2397,1.54732,29.7699,34.9614,24.1074,1.54732,0.245833
1.2258,19.6282,19.6282,1.72985,33.9538,34.9614,24.12,1.72985,0.204167
1.226,17.9248,17.9248,2,35.8496,34.9614,24.1389,2.00129,0.245833
1.2262,16.6709,16.6709,1.86629,31.1126,34.9614,24.1296,1.86629,0.2875
1.2264,19.2263,19.2263,1.54959,29.7928,34.9614,24.1075,1.54959,0.245833
1.2266,19.6263,19.6263,1.73023,33.9581,34.9614,24.1201,1.73023,0.204167
1.2268,17.9243,17.9243,2,35.8485,34.9614,24.1389,2.00136,0.245833
1.227,16.6711,16.6711,1.8662,31.1116,34.9614,24.1295,1.8662,0.2875
1.2272,19.239,19.239,1.54691,29.7611,34.9614,24.1074,1.54691,0.245833
1.2274,19.6257,19.6257,1.73126,33.9773,34.9614,24.1201,1.73126,0.204167
1.2276,17.9337,17.9337,1.99974,35.8627,34.9614,24.1389,1.99974,0.245833
1.2278,16.6754,16.6754,1.86817,31.1525,34.9614,24.1297,1.86817,0.2875
1.228,19.2254,19.2254,1.5488,29.7763,34.9614,24.1075,1.5488,0.245833
1.2282,19.6331,19.6331,1.72799,33.9258,34.9614,24.1199,1.72799,0.204167
1.2284,17.9406,17.9406,2,35.8812,34.9614,24.1388,2.00002,0.245833
1.2286,16.661,16.661,1.86872,31.1347,34.9614,24.1297,1.86872,0.2875
1.2288,19.2291,19.2291,1.54549,29.7184,34.9614,24.1072,1.54549,0.245833
1.229,19.6336,19.6336,1.72951,33.9565,34.9614,24.12,1.72951,0.204167
1.2292,17.9257,17.9257,2,35.8514,34.9614,24.139,2.0022,0.245833
1.2294,16.6705,16.6705,1.86568,31.1018,34.9614,24.1297,1.86568,0.2875
1.2296,19.2356,19.2356,1.54766,29.7702,34.9614,24.1074,1.54766,0.245833
1.2298,19.63,19.63,1.72878,33.936,34.9614,24.12,1.72878,0.204167
1.23,17.9287,17.9287,2,35.8575,34.9614,24.139,2.00182,0.245833
1.2302,16.6652,16.6652,1.86592,31.0959,34.9614,24.1295,1.86592,0.2875
1.2304,19.2329,19.2329,1.5488,29.7878,34.9614,24.1075,1.5488,0.245833
1.2306,19.6269,19.6269,1.73035,33.9614,34.9614,24.1201,1.73035,0.204167
1.2308,17.9211,17.9211,2,35.8423,34.9614,24.1389,2.00203,0.245833
1.231,16.6748,16.6748,1.86416,31.0846,34.9614,24.1294,1.86416,0.2875
1.2312,19.2317,19.2317,1.54846,29.7795,34.9614,24.1075,1.54846,0.245833
1.2314,19.6318,19.6318,1.72805,33.9248,34.9614,24.1199,1.72805,0.204167
1.2316,17.933,17.933,2,35.8661,34.9614,24.1389,2.00122,0.245833
1.2318,16.66,16.66,1.86768,31.1154,34.9614,24.1297,1.86768,0.2875
1.232,19.2327,19.2327,1.54608,29.7354,34.9614,24.1073,1.54608,0.245833
1.2322,19.6354,19.6354,1.72903,33.9503,34.9614,24.12,1.72903,0.204167
1.2324,17.9253,17.9253,2,35.8506,34.9614,24.139,2.00354,0.245833
1.2326,16.6716,16.6716,1.86511,31.0945,34.9614,24.1295,1.86511,0.2875
1.2328,19.2321,19.2321,1.54825,29.7762,34.9614,24.1074,1.54825,0.245833
1.233,19.6319,19.6319,1.72811,33.926,34.9614,24.1199,1.72811,0.204167
1.2332,17.9364,17.9364,2,35.8727,34.9614,24.1389,2.00098,0.245833
1.2334,16.6661,16.6661,1.86626,31.1033,34.9614,24.1297,1.86626,0.2875
1.2336,19.2371,19.2371,1.54769,29.7731,34.9614,24.1074,1.54769,0.245833
1.2338,19.6298,19.6298,1.7289,33.9379,34.9614,24.12,1.7289,0.204167
1.234,17.9306,17.9306,1.99983,35.8582,34.9614,24.1388,1.99983,0.245833
1.2342,16.6843,16.6843,1.86506,31.1172,34.9614,24.1295,1.86506,0.2875
1.2344,19.2278,19.2278,1.55114,29.8252,34.9614,24.1076,1.55114,0.245833
1.2346,19.6275,19.6275,1.72877,33.9313,34.9614,24.1199,1.72877,0.204167
1.2348,17.9338,17.9338,2,35.8677,34.9614,24.1388,2.00089,0.245833
1.235,16.6632,16.6632,1.86657,31.1029,34.9614,24.1296,1.86657,0.2875
1.2352,19.2344,19.2344,1.54749,29.765,34.9614,24.1074,1.54749,0.245833
1.2354,19.6323,19.6323,1.72916,33.9474,34.9614,24.12,1.72916,0.204167
1.2356,17.9299,17.9299,2,35.8598,34.9614,24.1389,2.00203,0.245833
1.2358,16.6618,16.6618,1.86544,31.0816,34.9614,24.1297,1.86544,0.2875
1.236,19.2371,19.2371,1.54623,29.7449,34.9614,24.1073,1.54623,0.245833
1.2362,19.6293,19.6293,1.73061,33.9706,34.9614,24.1201,1.73061,0.204167
1.2364,17.9286,17.9286,2,35.8572,34.9614,24.1388,2.00068,0.245833
1.2366,16.6786,16.6786,1.86569,31.1171,34.9614,24.1296,1.86569,0.2875
1.2368,19.2294,19.2294,1.54982,29.8021,34.9614,24.1075,1.54982,0.245833
1.237,19.6298,19.6298,1.72931,33.946,34.9614,24.12,1.72931,0.204167
1.2372,17.9242,17.9242,2,35.8485,34.9614,24.139,2.00326,0.245833
1.2374,16.679,16.679,1.86413,31.0918,34.9614,24.1294,1.86413,0.2875
1.2376,19.2363,19.2363,1.54935,29.8039,34.9614,24.1075,1.54935,0.245833
1.2378,19.6297,19.6297,1.72771,33.9145,34.9614,24.1199,1.72771,0.204167
1.238,17.9318,17.9318,2,35.8637,34.9614,24.1389,2.00212,0.245833
1.2382,16.6693,16.6693,1.86607,31.1062,34.9614,24.1297,1.86607,0.2875
1.2384,19.234,19.234,1.54758,29.7661,34.9614,24.1074,1.54758,0.245833
1.2386,19.6291,19.6291,1.72981,33.9545,34.9614,24.12,1.72981,0.204167
1.2388,17.9214,17.9214,2,35.8429,34.9614,24.139,2.00353,0.245833
1.239,16.6734,16.6734,1.8632,31.066,34.9614,24.1295,1.8632,0.2875
1.2392,19.234,19.234,1.55023,29.8172,34.9614,24.1076,1.55023,0.245833
1.2394,19.6256,19.6256,1.72929,33.9383,34.9614,24.12,1.72929,0.204167
1.2396,17.9372,17.9372,2,35.8744,34.9614,24.1388,2.00033,0.245833
1.2398,16.6664,16.6664,1.8671,31.1179,34.9614,24.1296,1.8671,0.2875
1.24,19.233,19.233,1.54667,29.747,34.9614,24.1073,1.54667,0.245833
1.2402,19.6328,19.6328,1.72783,33.9221,34.9614,24.1199,1.72783,0.204167
1.2404,17.9251,17.9251,2,35.8502,34.9614,24.139,2.0034,0.245833
1.2406,16.668,16.668,1.86475,31.0817,34.9614,24.1295,1.86475,0.2875
1.2408,19.2311,19.2311,1.54899,29.7888,34.9614,24.1075,1.54899,0.245833
1.241,19.6289,19.6289,1.72958,33.9497,34.9614,24.12,1.72958,0.204167
1.2412,17.9377,17.9377,2,35.8754,34.9614,24.1389,2.00015,0.245833
1.2414,16.6653,16.6653,1.86812,31.1326,34.9614,24.1297,1.86812,0.2875
1.2416,19.2257,19.2257,1.54608,29.7245,34.9614,24.1073,1.54608,0.245833
1.2418,19.6381,19.6381,1.72817,33.9379,34.9614,24.1199,1.72817,0.204167
1.242,17.9344,17.9344,2,35.8688,34.9614,24.139,2.00111,0.245833
1.2422,16.6607,16.6607,1.86895,31.138,34.9614,24.1297,1.86895,0.2875
1.2424,19.2321,19.2321,1.54565,29.726,34.9614,24.1073,1.54565,0.245833
1.2426,19.6348,19.6348,1.7285,33.9389,34.9614,24.12,1.7285,0.204167
1.2428,17.9222,17.9222,2,35.8444,34.9614,24.1389,2.00234,0.245833
1.243,16.6746,16.6746,1.86339,31.0713,34.9614,24.1295,1.86339,0.2875
1.2432,19.2345,19.2345,1.54904,29.7951,34.9614,24.1075,1.54904,0.245833
1.2434,19.6255,19.6255,1.72932,33.9388,34.9614,24.12,1.72932,0.204167
1.2436,17.9372,17.9372,2,35.8744,34.9614,24.1388,2.0003,0.245833
1.2438,16.6658,16.6658,1.86723,31.1189,34.9614,24.1296,1.86723,0.2875
1.244,19.2349,19.2349,1.54547,29.727,34.9614,24.1073,1.54547,0.245833
1.2442,19.6314,19.6314,1.72992,33.9608,34.9614,24.1201,1.72992,0.204167
1.2444,17.9198,17.9198,2,35.8397,34.9614,24.1389,2.00179,0.245833
1.2446,16.6803,16.6803,1.86372,31.0875,34.9614,24.1294,1.86372,0.2875
1.2448,19.2289,19.2289,1.55123,29.8285,34.9614,24.1077,1.55123,0.245833
1.245,19.6257,19.6257,1.72892,33.9312,34.9614,24.12,1.72892,0.204167
1.2452,17.9365,17.9365,2,35.8731,34.9614,24.1389,2.00178,0.245833
1.2454,16.6725,16.6725,1.86854,31.1532,34.9614,24.1297,1.86854,0.2875
1.2456,19.2256,19.2256,1.54872,29.7751,34.9614,24.1075,1.54872,0.245833
1.2458,19.6325,19.6325,1.72871,33.9389,34.9614,24.12,1.72871,0.204167
1.246,17.9299,17.9299,2,35.8598,34.9614,24.1388,2.00016,0.245833
1.2462,16.675,16.675,1.868,31.1488,34.9614,24.1297,1.868,0.2875
1.2464,19.2297,19.2297,1.54896,29.7859,34.9614,24.1075,1.54896,0.245833
1.2466,19.6274,19.6274,1.7298,33.9514,34.9614,24.1201,1.7298,0.204167
1.2468,17.9336,17.9336,1.99955,35.859,34.9614,24.1387,1.99955,0.245833
1.247,16.6688,16.6688,1.86859,31.1472,34.9614,24.1297,1.86859,0.2875
1.2472,19.2346,19.2346,1.54666,29.7494,34.9614,24.1073,1.54666,0.245833
1.2474,19.6335,19.6335,1.72802,33.927,34.9614,24.1199,1.72802,0.204167
1.2476,17.9317,17.9317,2,35.8635,34.9614,24.1391,2.00312,0.245833
1.2478,16.6739,16.6739,1.86567,31.108,34.9614,24.1295,1.86567,0.2875
1.248,19.2352,19.2352,1.54846,29.7851,34.9614,24.1074,1.54846,0.245833
1.2482,19.6292,19.6292,1.72959,33.9505,34.9614,24.12,1.72959,0.204167
1.2484,17.9363,17.9363,1.99979,35.8687,34.9614,24.1389,1.99979,0.245833
1.2486,16.6706,16.6706,1.86858,31.1504,34.9614,24.1298,1.86858,0.2875
1.2488,19.2324,19.2324,1.54697,29.7519,34.9614,24.1074,1.54697,0.245833
1.249,19.6334,19.6334,1.7271,33.9089,34.9614,24.1199,1.7271,0.204167
1.2492,17.9346,17.9346,2,35.8692,34.9614,24.1389,2.00233,0.245833
1.2494,16.6736,16.6736,1.86589,31.1111,34.9614,24.1296,1.86589,0.2875
1.2496,19.2365,19.2365,1.5475,29.7685,34.9614,24.1074,1.5475,0.245833
1.2498,19.6308,19.6308,1.73031,33.9673,34.9614,24.1201,1.73031,0.204167
1.25,17.9195,17.9195,2,35.8389,34.9614,24.1389,2.00099,0.245833
1.2502,16.6792,16.6792,1.86569,31.1182,34.9614,24.1295,1.86569,0.2875
1.2504,19.2294,19.2294,1.55085,29.8219,34.9614,24.1076,1.55085,0.245833
1.2506,19.6273,19.6273,1.72821,33.9202,34.9614,24.12,1.72821,0.204167
1.2508,17.9336,17.9336,2,35.8672,34.9614,24.1389,2.00184,0.245833
1.251,16.6706,16.6706,1.86648,31.1152,34.9614,24.1296,1.86648,0.2875
1.2512,19.2321,19.2321,1.5472,29.7559,34.9614,24.1074,1.5472,0.245833
1.2514,19.6339,19.6339,1.72748,33.9173,34.9614,24.1199,1.72748,0.204167
1.2516,17.9316,17.9316,2,35.8632,34.9614,24.139,2.00232,0.245833
1.2518,16.6665,16.6665,1.86762,31.1267,34.9614,24.1297,1.86762,0.2875
1.252,19.2243,19.2243,1.54715,29.7429,34.9614,24.1074,1.54715,0.245833
1.2522,19.6378,19.6378,1.72698,33.9141,34.9614,24.1199,1.72698,0.204167
1.2524,17.9327,17.9327,2,35.8654,34.9614,24.1389,2.00222,0.245833
1.2526,16.6713,16.6713,1.86732,31.1307,34.9614,24.1298,1.86732,0.2875
1.2528,19.2274,19.2274,1.54787,29.7614,34.9614,24.1074,1.54787,0.245833
1.253,19.629,19.629,1.72942,33.9468,34.9614,24.12,1.72942,0.204167
1.2532,17.9326,17.9326,1.99962,35.8583,34.9614,24.1388,1.99962,0.245833
1.2534,16.6635,16.6635,1.87048,31.1688,34.9614,24.13,1.87048,0.2875
1.2536,19.2342,19.2342,1.54334,29.685,34.9614,24.1071,1.54334,0.245833
1.2538,19.6335,19.6335,1.72986,33.9633,34.9614,24.12,1.72986,0.204167
1.254,17.9142,17.9142,2,35.8284,34.9614,24.1391,2.00322,0.245833
1.2542,16.6838,16.6838,1.86155,31.0577,34.9614,24.1292,1.86155,0.2875
1.2544,19.2338,19.2338,1.55362,29.882,34.9614,24.1078,1.55362,0.245833
1.2546,19.6188,19.6188,1.73114,33.9628,34.9614,24.1202,1.73114,0.204167
1.2548,17.9291,17.9291,2,35.8581,34.9614,24.1388,2.00043,0.245833
1.255,16.6671,16.6671,1.86713,31.1196,34.9614,24.1296,1.86713,0.2875
1.2552,19.2267,19.2267,1.54729,29.7492,34.9614,24.1074,1.54729,0.245833
1.2554,19.6331,19.6331,1.72959,33.9571,34.9614,24.12,1.72959,0.204167
1.2556,17.9254,17.9254,2,35.8508,34.9614,24.139,2.00258,0.245833
1.2558,16.6732,16.6732,1.86532,31.1008,34.9614,24.1295,1.86532,0.2875
1.256,19.2248,19.2248,1.55054,29.809,34.9614,24.1076,1.55054,0.245833
1.2562,19.6312,19.6312,1.72835,33.9297,34.9614,24.1199,1.72835,0.204167
1.2564,17.9379,17.9379,2,35.8757,34.9614,24.139,2.00332,0.245833
1.2566,16.6669,16.6669,1.86753,31.126,34.9614,24.1298,1.86753,0.2875
1.2568,19.226,19.226,1.54625,29.7282,34.9614,24.1073,1.54625,0.245833
1.257,19.6334,19.6334,1.72976,33.961,34.9614,24.1201,1.72976,0.204167
1.2572,17.912,17.912,2,35.824,34.9614,24.139,2.00327,0.245833
1.2574,16.6753,16.6753,1.86047,31.0238,34.9614,24.1292,1.86047,0.2875
1.2576,19.2376,19.2376,1.5517,29.8509,34.9614,24.1077,1.5517,0.245833
1.2578,19.6267,19.6267,1.72915,33.9376,34.9614,24.12,1.72915,0.204167
1.258,17.925,17.925,2,35.85,34.9614,24.1392,2.00456,0.245833
1.2582,16.6738,16.6738,1.86419,31.0831,34.9614,24.1294,1.86419,0.2875
1.2584,19.2286,19.2286,1.55014,29.8071,34.9614,24.1076,1.55014,0.245833
1.2586,19.6233,19.6233,1.73115,33.9708,34.9614,24.1201,1.73115,0.204167
1.2588,17.9353,17.9353,1.99902,35.8531,34.9614,24.1387,1.99902,0.245833
1.259,16.681,16.681,1.86832,31.1654,34.9614,24.1297,1.86832,0.2875
1.2592,19.223,19.223,1.54833,29.7634,34.9614,24.1074,1.54833,0.245833
1.2594,19.6329,19.6329,1.72782,33.9221,34.9614,24.1199,1.72782,0.204167
1.2596,17.9251,17.9251,2,35.8502,34.9614,24.139,2.00342,0.245833
1.2598,16.668,16.668,1.86474,31.0815,34.9614,24.1295,1.86474,0.2875
1.26,19.2312,19.2312,1.54899,29.7889,34.9614,24.1075,1.54899,0.245833
1.2602,19.6291,19.6291,1.72918,33.9424,34.9614,24.12,1.72918,0.204167
1.2604,17.9368,17.9368,1.99952,35.8649,34.9614,24.1388,1.99952,0.245833
1.2606,16.6706,16.6706,1.86897,31.1568,34.9614,24.1298,1.86897,0.2875
1.2608,19.2194,19.2194,1.54877,29.7666,34.9614,24.1075,1.54877,0.245833
1.261,19.6309,19.6309,1.72919,33.9456,34.9614,24.12,1.72919,0.204167
1.2612,17.9296,17.9296,2,35.8592,34.9614,24.1388,2.00073,0.245833
1.2614,16.6751,16.6751,1.86564,31.1096,34.9614,24.1297,1.86564,0.2875
1.2616,19.2275,19.2275,1.55004,29.8034,34.9614,24.1076,1.55004,0.245833
1.2618,19.6296,19.6296,1.72866,33.9329,34.9614,24.12,1.72866,0.204167
1.262,17.9355,17.9355,2,35.871,34.9614,24.1389,2.00152,0.245833
1.2622,16.6762,16.6762,1.86451,31.0928,34.9614,24.1294,1.86451,0.2875
1.2624,19.239,19.239,1.54984,29.8174,34.9614,24.1075,1.54984,0.245833
1.2626,19.6269,19.6269,1.72898,33.9346,34.9614,24.12,1.72898,0.204167
1.2628,17.931,17.931,2,35.862,34.9614,24.1389,2.00146,0.245833
1.263,16.6655,16.6655,1.86663,31.1084,34.9614,24.1296,1.86663,0.2875
1.2632,19.2379,19.2379,1.54683,29.7578,34.9614,24.1073,1.54683,0.245833
1.2634,19.631,19.631,1.72879,33.9379,34.9614,24.12,1.72879,0.204167
1.2636,17.928,17.928,2,35.8561,34.9614,24.1389,2.00116,0.245833
1.2638,16.6685,16.6685,1.86574,31.0991,34.9614,24.1296,1.86574,0.2875
1.264,19.2332,19.2332,1.54637,29.7417,34.9614,24.1073,1.54637,0.245833
1.2642,19.6324,19.6324,1.72958,33.9558,34.9614,24.12,1.72958,0.204167
1.2644,17.9264,17.9264,2,35.8528,34.9614,24.139,2.00148,0.245833
1.2646,16.673,16.673,1.86618,31.1148,34.9614,24.1296,1.86618,0.2875
1.2648,19.227,19.227,1.54871,29.7771,34.9614,24.1075,1.54871,0.245833
1.265,19.6288,19.6288,1.73011,33.96,34.9614,24.1201,1.73011,0.204167
1.2652,17.9161,17.9161,2,35.8323,34.9614,24.139,2.00245,0.245833
1.2654,16.6761,16.6761,1.86228,31.0555,34.9614,24.1293,1.86228,0.2875
1.2656,19.2357,19.2357,1.54998,29.8148,34.9614,24.1076,1.54998,0.245833
1.2658,19.6232,19.6232,1.73112,33.9701,34.9614,24.1201,1.73112,0.204167
1.266,17.9327,17.9327,2,35.8654,34.9614,24.1388,2.00051,0.245833
1.2662,16.6572,16.6572,1.86716,31.1016,34.9614,24.1296,1.86716,0.2875
1.2664,19.2393,19.2393,1.54616,29.747,34.9614,24.1073,1.54616,0.245833
1.2666,19.6304,19.6304,1.72999,33.9604,34.9614,24.1201,1.72999,0.204167
1.2668,17.9198,17.9198,2,35.8397,34.9614,24.1389,2.00146,0.245833
1.267,16.6819,16.6819,1.86347,31.0863,34.9614,24.1294,1.86347,0.2875
1.2672,19.2303,19.2303,1.55097,29.8256,34.9614,24.1076,1.55097,0.245833
1.2674,19.6294,19.6294,1.72733,33.9064,34.9614,24.1199,1.72733,0.204167
1.2676,17.925,17.925,2,35.85,34.9614,24.1391,2.00471,0.245833
1.2678,16.671,16.671,1.86236,31.0474,34.9614,24.1294,1.86236,0.2875
1.268,19.2374,19.2374,1.55031,29.8239,34.9614,24.1076,1.55031,0.245833
1.2682,19.6253,19.6253,1.73029,33.9576,34.9614,24.1201,1.73029,0.204167
1.2684,17.9255,17.9255,1.99985,35.8482,34.9614,24.1388,1.99985,0.245833
1.2686,16.6866,16.6866,1.86456,31.1131,34.9614,24.1294,1.86456,0.2875
1.2688,19.2227,19.2227,1.55323,29.8572,34.9614,24.1078,1.55323,0.245833
1.269,19.6273,19.6273,1.72745,33.9052,34.9614,24.1199,1.72745,0.204167
1.2692,17.9349,17.9349,2,35.8698,34.9614,24.139,2.00192,0.245833
1.2694,16.6707,16.6707,1.86882,31.1545,34.9614,24.1298,1.86882,0.2875
1.2696,19.2303,19.2303,1.54706,29.7506,34.9614,24.1074,1.54706,0.245833
1.2698,19.6339,19.6339,1.72839,33.935,34.9614,24.1199,1.72839,0.204167
1.27,17.9253,17.9253,2,35.8506,34.9614,24.1389,2.00262,0.245833
1.2702,16.6743,16.6743,1.86317,31.067,34.9614,24.1294,1.86317,0.2875
1.2704,19.2362,19.2362,1.55006,29.8172,34.9614,24.1076,1.55006,0.245833
1.2706,19.6266,19.6266,1.72852,33.9251,34.9614,24.1199,1.72852,0.204167
1.2708,17.9399,17.9399,2,35.8797,34.9614,24.1389,2.00014,0.245833
1.271,16.6605,16.6605,1.86893,31.1373,34.9614,24.1297,1.86893,0.2875
1.2712,19.2335,19.2335,1.54516,29.7187,34.9614,24.1072,1.54516,0.245833
1.2714,19.6306,19.6306,1.72975,33.956,34.9614,24.12,1.72975,0.204167
1.2716,17.9329,17.9329,2,35.8658,34.9614,24.1388,2.00051,0.245833
1.2718,16.6645,16.6645,1.86573,31.0915,34.9614,24.1296,1.86573,0.2875
1.272,19.2382,19.2382,1.5453,29.7288,34.9614,24.1072,1.5453,0.245833
1.2722,19.6323,19.6323,1.72888,33.9419,34.9614,24.12,1.72888,0.204167
1.2724,17.9313,17.9313,2,35.8626,34.9614,24.1389,2.00201,0.245833
1.2726,16.6659,16.6659,1.86613,31.1008,34.9614,24.1298,1.86613,0.2875
1.2728,19.2322,19.2322,1.54736,29.759,34.9614,24.1074,1.54736,0.245833
1.273,19.6263,19.6263,1.73051,33.9635,34.9614,24.1201,1.73051,0.204167
1.2732,17.9161,17.9161,2,35.8322,34.9614,24.139,2.00183,0.245833
1.2734,16.6732,16.6732,1.86398,31.0784,34.9614,24.1296,1.86398,0.2875
1.2736,19.231,19.231,1.5491,29.7907,34.9614,24.1075,1.5491,0.245833
1.2738,19.628,19.628,1.7291,33.9387,34.9614,24.12,1.7291,0.204167
1.274,17.9274,17.9274,2,35.8548,34.9614,24.139,2.00314,0.245833
1.2742,16.681,16.681,1.86266,31.071,34.9614,24.1293,1.86266,0.2875
1.2744,19.2336,19.2336,1.55211,29.8527,34.9614,24.1077,1.55211,0.245833
1.2746,19.6216,19.6216,1.73041,33.9535,34.9614,24.1201,1.73041,0.204167
1.2748,17.9242,17.9242,2,35.8485,34.9614,24.139,2.0011,0.245833
1.275,16.6731,16.6731,1.86606,31.1129,34.9614,24.1295,1.86606,0.2875
1.2752,19.2315,19.2315,1.54847,29.7794,34.9614,24.1075,1.54847,0.245833
1.2754,19.6265,19.6265,1.73116,33.9766,34.9614,24.1201,1.73116,0.204167
1.2756,17.9287,17.9287,1.99969,35.8518,34.9614,24.1387,1.99969,0.245833
1.2758,16.6746,16.6746,1.86603,31.1153,34.9614,24.1297,1.86603,0.2875
1.276,19.2266,19.2266,1.5491,29.784,34.9614,24.1075,1.5491,0.245833
1.2762,19.6287,19.6287,1.72923,33.9426,34.9614,24.12,1.72923,0.204167
1.2764,17.927,17.927,2,35.854,34.9614,24.139,2.00373,0.245833
1.2766,16.6733,16.6733,1.86604,31.113,34.9614,24.1295,1.86604,0.2875
1.2768,19.2324,19.2324,1.54799,29.7716,34.9614,24.1074,1.54799,0.245833
1.277,19.6285,19.6285,1.72817,33.9215,34.9614,24.1199,1.72817,0.204167
1.2772,17.9279,17.9279,2,35.8558,34.9614,24.1391,2.0026,0.245833
1.2774,16.6699,16.6699,1.86782,31.1364,34.9614,24.1297,1.86782,0.2875
1.2776,19.2319,19.2319,1.54738,29.7592,34.9614,24.1074,1.54738,0.245833
1.2778,19.6342,19.6342,1.72947,33.9568,34.9614,24.12,1.72947,0.204167
1.278,17.9251,17.9251,2,35.8502,34.9614,24.1389,2.00214,0.245833
1.2782,16.6673,16.6673,1.86536,31.0905,34.9614,24.1295,1.86536,0.2875
1.2784,19.2374,19.2374,1.54859,29.7909,34.9614,24.1075,1.54859,0.245833
1.2786,19.6251,19.6251,1.73004,33.9522,34.9614,24.1201,1.73004,0.204167
1.2788,17.925,17.925,2,35.85,34.9614,24.1389,2.00107,0.245833
1.279,16.6664,16.6664,1.86774,31.1285,34.9614,24.1297,1.86774,0.2875
1.2792,19.2257,19.2257,1.54605,29.7239,34.9614,24.1073,1.54605,0.245833
1.2794,19.6381,19.6381,1.72817,33.938,34.9614,24.1199,1.72817,0.204167
1.2796,17.9344,17.9344,2,35.8688,34.9614,24.139,2.00112,0.245833
1.2798,16.6607,16.6607,1.86894,31.1379,34.9614,24.1297,1.86894,0.2875
1.28,19.2318,19.2318,1.54656,29.7432,34.9614,24.1073,1.54656,0.245833
1.2802,19.633,19.633,1.72955,33.9562,34.9614,24.12,1.72955,0.204167
1.2804,17.9242,17.9242,2,35.8485,34.9614,24.139,2.00323,0.245833
1.2806,16.6755,16.6755,1.86526,31.104,34.9614,24.1295,1.86526,0.2875
1.2808,19.2306,19.2306,1.54967,29.8009,34.9614,24.1076,1.54967,0.245833
1.281,19.6305,19.6305,1.7277,33.9157,34.9614,24.1199,1.7277,0.204167
1.2812,17.9316,17.9316,2,35.8632,34.9614,24.139,2.00203,0.245833
1.2814,16.6698,16.6698,1.86553,31.098,34.9614,24.1296,1.86553,0.2875
1.2816,19.2349,19.2349,1.5477,29.7699,34.9614,24.1074,1.5477,0.245833
1.2818,19.6299,19.6299,1.73052,33.9699,34.9614,24.1201,1.73052,0.204167
1.282,17.9245,17.9245,2,35.849,34.9614,24.1389,2.00196,0.245833
1.2822,16.6706,16.6706,1.8643,31.0789,34.9614,24.1294,1.8643,0.2875
1.2824,19.2317,19.2317,1.54897,29.7893,34.9614,24.1075,1.54897,0.245833
1.2826,19.633,19.633,1.72818,33.9293,34.9614,24.1199,1.72818,0.204167
1.2828,17.9355,17.9355,2,35.871,34.9614,24.1391,2.00466,0.245833
1.283,16.6648,16.6648,1.86651,31.1051,34.9614,24.1296,1.86651,0.2875
1.2832,19.2361,19.2361,1.54709,29.76,34.9614,24.1074,1.54709,0.245833
1.2834,19.6343,19.6343,1.72753,33.9187,34.9614,24.1199,1.72753,0.204167
1.2836,17.9297,17.9297,2,35.8595,34.9614,24.1391,2.00449,0.245833
1.2838,16.6731,16.6731,1.86338,31.0684,34.9614,24.1294,1.86338,0.2875
1.284,19.2306,19.2306,1.55118,29.8302,34.9614,24.1077,1.55118,0.245833
1.2842,19.6283,19.6283,1.72838,33.9252,34.9614,24.12,1.72838,0.204167
1.2844,17.9402,17.9402,1.99961,35.8734,34.9614,24.1387,1.99961,0.245833
1.2846,16.6714,16.6714,1.86746,31.1333,34.9614,24.1296,1.86746,0.2875
1.2848,19.2266,19.2266,1.54777,29.7583,34.9614,24.1074,1.54777,0.245833
1.285,19.6311,19.6311,1.72955,33.9531,34.9614,24.12,1.72955,0.204167
1.2852,17.9267,17.9267,2,35.8533,34.9614,24.1389,2.00194,0.245833
1.2854,16.6651,16.6651,1.86586,31.0948,34.9614,24.1295,1.86586,0.2875
1.2856,19.2361,19.2361,1.54731,29.7643,34.9614,24.1074,1.54731,0.245833
1.2858,19.6315,19.6315,1.72883,33.9396,34.9614,24.12,1.72883,0.204167
1.286,17.9291,17.9291,2,35.8582,34.9614,24.1389,2.00169,0.245833
1.2862,16.669,16.669,1.86617,31.1072,34.9614,24.1296,1.86617,0.2875
1.2864,19.2334,19.2334,1.54688,29.7518,34.9614,24.1074,1.54688,0.245833
1.2866,19.6343,19.6343,1.72656,33.8998,34.9614,24.1198,1.72656,0.204167
1.2868,17.9352,17.9352,2,35.8704,34.9614,24.1389,2.00248,0.245833
1.287,16.6813,16.6813,1.86474,31.1064,34.9614,24.1295,1.86474,0.2875
1.2872,19.2269,19.2269,1.55046,29.8105,34.9614,24.1076,1.55046,0.245833
1.2874,19.6299,19.6299,1.72852,33.9306,34.9614,24.12,1.72852,0.204167
1.2876,17.9314,17.9314,2,35.8628,34.9614,24.139,2.00257,0.245833
1.2878,16.6705,16.6705,1.86866,31.1516,34.9614,24.1299,1.86866,0.2875
1.288,19.2271,19.2271,1.54953,29.793,34.9614,24.1075,1.54953,0.245833
1.2882,19.6279,19.6279,1.72874,33.9316,34.9614,24.12,1.72874,0.204167
1.2884,17.9338,17.9338,2,35.8676,34.9614,24.1388,2.00081,0.245833
1.2886,16.671,16.671,1.86636,31.1142,34.9614,24.1296,1.86636,0.2875
1.2888,19.2303,19.2303,1.54847,29.7774,34.9614,24.1074,1.54847,0.245833
1.289,19.6294,19.6294,1.72896,33.9384,34.9614,24.12,1.72896,0.204167
1.2892,17.9311,17.9311,2,35.8623,34.9614,24.1388,2.00063,0.245833
1.2894,16.6669,16.6669,1.86645,31.108,34.9614,24.1296,1.86645,0.2875
1.2896,19.2348,19.2348,1.54893,29.7932,34.9614,24.1075,1.54893,0.245833
1.2898,19.6252,19.6252,1.73045,33.9603,34.9614,24.1201,1.73045,0.204167
1.29,17.9243,17.9243,2,35.8485,34.9614,24.1388,2.00087,0.245833
1.2902,16.6719,16.6719,1.86619,31.1129,34.9614,24.1296,1.86619,0.2875
1.2904,19.228,19.228,1.54802,29.7654,34.9614,24.1074,1.54802,0.245833
1.2906,19.6279,19.6279,1.7291,33.9386,34.9614,24.12,1.7291,0.204167
1.2908,17.9274,17.9274,2,35.8548,34.9614,24.139,2.00192,0.245833
1.291,16.6716,16.6716,1.86293,31.0579,34.9614,24.1294,1.86293,0.2875
1.2912,19.2429,19.2429,1.54828,29.7934,34.9614,24.1075,1.54828,0.245833
1.2914,19.6251,19.6251,1.73146,33.98,34.9614,24.1202,1.73146,0.204167
1.2916,17.9305,17.9305,2,35.861,34.9614,24.1388,2.00035,0.245833
1.2918,16.6808,16.6808,1.86633,31.132,34.9614,24.1297,1.86633,0.2875
1.292,19.2227,19.2227,1.54907,29.7772,34.9614,24.1075,1.54907,0.245833
1.2922,19.6263,19.6263,1.7289,33.9319,34.9614,24.12,1.7289,0.204167
1.2924,17.9372,17.9372,2,35.8744,34.9614,24.1388,2.00055,0.245833
1.2926,16.669,16.669,1.86704,31.1217,34.9614,24.1298,1.86704,0.2875
1.2928,19.2275,19.2275,1.54664,29.738,34.9614,24.1074,1.54664,0.245833
1.293,19.6344,19.6344,1.72891,33.9462,34.9614,24.12,1.72891,0.204167
1.2932,17.9308,17.9308,2,35.8616,34.9614,24.1388,2.00038,0.245833
1.2934,16.6688,16.6688,1.86694,31.1198,34.9614,24.1297,1.86694,0.2875
1.2936,19.2303,19.2303,1.54809,29.7703,34.9614,24.1074,1.54809,0.245833
1.2938,19.6267,19.6267,1.73099,33.9737,34.9614,24.1201,1.73099,0.204167
1.294,17.9185,17.9185,2,35.8371,34.9614,24.1391,2.00303,0.245833
1.2942,16.6784,16.6784,1.86291,31.0705,34.9614,24.1294,1.86291,0.2875
1.2944,19.2309,19.2309,1.553,29.8657,34.9614,24.1078,1.553,0.245833
1.2946,19.6268,19.6268,1.72737,33.9027,34.9614,24.1199,1.72737,0.204167
1.2948,17.9383,17.9383,2,35.8767,34.9614,24.1389,2.00127,0.245833
1.295,16.6657,16.6657,1.86816,31.1342,34.9614,24.1297,1.86816,0.2875
1.2952,19.229,19.229,1.5458,29.7243,34.9614,24.1073,1.5458,0.245833
1.2954,19.6322,19.6322,1.73029,33.9695,34.9614,24.1201,1.73029,0.204167
1.2956,17.9208,17.9208,2,35.8416,34.9614,24.1388,2.0002,0.245833
1.2958,16.6811,16.6811,1.86711,31.1455,34.9614,24.1296,1.86711,0.2875
1.296,19.2278,19.2278,1.55014,29.8057,34.9614,24.1076,1.55014,0.245833
1.2962,19.6263,19.6263,1.73061,33.9654,34.9614,24.1201,1.73061,0.204167
1.2964,17.9312,17.9312,2,35.8625,34.9614,24.1388,2.00076,0.245833
1.2966,16.6558,16.6558,1.86861,31.1233,34.9614,24.1297,1.86861,0.2875
1.2968,19.2358,19.2358,1.54443,29.7084,34.9614,24.1072,1.54443,0.245833
1.297,19.6365,19.6365,1.72753,33.9226,34.9614,24.1199,1.72753,0.204167
1.2972,17.931,17.931,2,35.862,34.9614,24.139,2.00263,0.245833
1.2974,16.6708,16.6708,1.86825,31.1452,34.9614,24.1298,1.86825,0.2875
1.2976,19.2324,19.2324,1.5488,29.7871,34.9614,24.1075,1.5488,0.245833
1.2978,19.6291,19.6291,1.72798,33.9188,34.9614,24.1199,1.72798,0.204167
1.298,17.9326,17.9326,2,35.8651,34.9614,24.1388,2.00077,0.245833
1.2982,16.6704,16.6704,1.86764,31.1343,34.9614,24.1297,1.86764,0.2875
1.2984,19.2299,19.2299,1.54763,29.7609,34.9614,24.1074,1.54763,0.245833
1.2986,19.631,19.631,1.72863,33.9347,34.9614,24.12,1.72863,0.204167
1.2988,17.9312,17.9312,2,35.8623,34.9614,24.1389,2.00193,0.245833
1.299,16.6583,16.6583,1.86765,31.1119,34.9614,24.1297,1.86765,0.2875
1.2992,19.2392,19.2392,1.54531,29.7306,34.9614,24.1072,1.54531,0.245833
1.2994,19.6319,19.6319,1.73022,33.9674,34.9614,24.1201,1.73022,0.204167
1.2996,17.9193,17.9193,2,35.8385,34.9614,24.1389,2.00127,0.245833
1.2998,16.6749,16.6749,1.86699,31.1319,34.9614,24.1296,1.86699,0.2875
1.3,19.2278,19.2278,1.547,29.7454,34.9614,24.1074,1.547,0.245833
1.3002,19.6352,19.6352,1.72753,33.9205,34.9614,24.1199,1.72753,0.204167
1.3004,17.929,17.929,2,35.858,34.9614,24.1391,2.00441,0.245833
1.3006,16.6746,16.6746,1.86406,31.0824,34.9614,24.1296,1.86406,0.2875
1.3008,19.2299,19.2299,1.55043,29.8147,34.9614,24.1076,1.55043,0.245833
1.301,19.6289,19.6289,1.72842,33.9271,34.9614,24.1199,1.72842,0.204167
1.3012,17.943,17.943,2,35.886,34.9614,24.1389,2.00074,0.245833
1.3014,16.663,16.663,1.86841,31.1334,34.9614,24.1297,1.86841,0.2875
1.3016,19.2227,19.2227,1.54752,29.7475,34.9614,24.1074,1.54752,0.245833
1.3018,19.6347,19.6347,1.72728,33.9147,34.9614,24.1199,1.72728,0.204167
1.302,17.9308,17.9308,2,35.8616,34.9614,24.139,2.00237,0.245833
1.3022,16.6738,16.6738,1.86615,31.1158,34.9614,24.1295,1.86615,0.2875
1.3024,19.2319,19.2319,1.54824,29.7755,34.9614,24.1075,1.54824,0.245833
1.3026,19.6318,19.6318,1.72809,33.9257,34.9614,24.1199,1.72809,0.204167
1.3028,17.9312,17.9312,2,35.8624,34.9614,24.139,2.00163,0.245833
1.303,16.6581,16.6581,1.86857,31.1269,34.9614,24.1297,1.86857,0.2875
1.3032,19.2392,19.2392,1.54406,29.7065,34.9614,24.1071,1.54406,0.245833
1.3034,19.6353,19.6353,1.72812,33.9322,34.9614,24.1199,1.72812,0.204167
1.3036,17.9339,17.9339,2,35.8678,34.9614,24.139,2.00365,0.245833
1.3038,16.6714,16.6714,1.86587,31.1065,34.9614,24.1295,1.86587,0.2875
1.304,19.2363,19.2363,1.54711,29.7606,34.9614,24.1074,1.54711,0.245833
1.3042,19.6347,19.6347,1.72732,33.9155,34.9614,24.1199,1.72732,0.204167
1.3044,17.931,17.931,2,35.8619,34.9614,24.1391,2.0047,0.245833
1.3046,16.6784,16.6784,1.86301,31.072,34.9614,24.1294,1.86301,0.2875
1.3048,19.2304,19.2304,1.54999,29.8071,34.9614,24.1076,1.54999,0.245833
1.305,19.6271,19.6271,1.72919,33.939,34.9614,24.12,1.72919,0.204167
1.3052,17.9296,17.9296,2,35.8592,34.9614,24.1389,2.00118,0.245833
1.3054,16.6672,16.6672,1.86696,31.117,34.9614,24.1296,1.86696,0.2875
1.3056,19.2331,19.2331,1.54714,29.7562,34.9614,24.1074,1.54714,0.245833
1.3058,19.6338,19.6338,1.72872,33.9413,34.9614,24.12,1.72872,0.204167
1.306,17.9274,17.9274,2,35.8548,34.9614,24.139,2.00352,0.245833
1.3062,16.6665,16.6665,1.86685,31.1139,34.9614,24.1298,1.86685,0.2875
1.3064,19.2319,19.2319,1.54804,29.7718,34.9614,24.1074,1.54804,0.245833
1.3066,19.6285,19.6285,1.72816,33.9212,34.9614,24.1199,1.72816,0.204167
1.3068,17.93,17.93,2,35.86,34.9614,24.1389,2.00251,0.245833
1.307,16.6763,16.6763,1.86515,31.1036,34.9614,24.1295,1.86515,0.2875
1.3072,19.2328,19.2328,1.54898,29.7912,34.9614,24.1075,1.54898,0.245833
1.3074,19.6296,19.6296,1.72913,33.9422,34.9614,24.12,1.72913,0.204167
1.3076,17.9366,17.9366,1.99997,35.8727,34.9614,24.1388,1.99997,0.245833
1.3078,16.6715,16.6715,1.86683,31.1228,34.9614,24.1297,1.86683,0.2875
1.308,19.2314,19.2314,1.54752,29.761,34.9614,24.1074,1.54752,0.245833
1.3082,19.6297,19.6297,1.7286,33.9317,34.9614,24.12,1.7286,0.204167
1.3084,17.9289,17.9289,2,35.8578,34.9614,24.139,2.00151,0.245833
1.3086,16.6643,16.6643,1.86803,31.1295,34.9614,24.1297,1.86803,0.2875
1.3088,19.2338,19.2338,1.54616,29.7387,34.9614,24.1073,1.54616,0.245833
1.309,19.6333,19.6333,1.72928,33.9515,34.9614,24.12,1.72928,0.204167
1.3092,17.925,17.925,2,35.8501,34.9614,24.139,2.00234,0.245833
1.3094,16.6727,16.6727,1.86487,31.0925,34.9614,24.1295,1.86487,0.2875
1.3096,19.2267,19.2267,1.55152,29.8307,34.9614,24.1077,1.55152,0.245833
1.3098,19.6256,19.6256,1.72977,33.9478,34.9614,24.12,1.72977,0.204167
1.31,17.9387,17.9387,1.999,35.8594,34.9614,24.1388,1.999,0.245833
1.3102,16.6597,16.6597,1.87158,31.18,34.9614,24.13,1.87158,0.2875
1.3104,19.2251,19.2251,1.54319,29.6681,34.9614,24.1071,1.54319,0.245833
1.3106,19.6386,19.6386,1.72921,33.9593,34.9614,24.12,1.72921,0.204167
1.3108,17.9157,17.9157,2,35.8314,34.9614,24.139,2.00397,0.245833
1.311,16.6735,16.6735,1.86316,31.0655,34.9614,24.1295,1.86316,0.2875
1.3112,19.2324,19.2324,1.54988,29.8079,34.9614,24.1075,1.54988,0.245833
1.3114,19.6243,19.6243,1.73072,33.9643,34.9614,24.1201,1.73072,0.204167
1.3116,17.9309,17.9309,2,35.8619,34.9614,24.1388,2.00044,0.245833
1.3118,16.6753,16.6753,1.86711,31.1348,34.9614,24.1296,1.86711,0.2875
1.312,19.2283,19.2283,1.54812,29.7677,34.9614,24.1074,1.54812,0.245833
1.3122,19.631,19.631,1.72845,33.9312,34.9614,24.12,1.72845,0.204167
1.3124,17.9305,17.9305,2,35.861,34.9614,24.139,2.00214,0.245833
1.3126,16.6589,16.6589,1.86722,31.1059,34.9614,24.1297,1.86722,0.2875
1.3128,19.2408,19.2408,1.54508,29.7286,34.9614,24.1072,1.54508,0.245833
1.313,19.631,19.631,1.72942,33.9502,34.9614,24.12,1.72942,0.204167
1.3132,17.9243,17.9243,2,35.8486,34.9614,24.1389,2.00139,0.245833
1.3134,16.6769,16.6769,1.86379,31.0822,34.9614,24.1294,1.86379,0.2875
1.3136,19.2294,19.2294,1.55086,29.8221,34.9614,24.1076,1.55086,0.245833
1.3138,19.6268,19.6268,1.72923,33.9393,34.9614,24.12,1.72923,0.204167
1.314,17.9357,17.9357,2,35.8714,34.9614,24.1388,2.00087,0.245833
1.3142,16.6699,16.6699,1.86645,31.1135,34.9614,24.1296,1.86645,0.2875
1.3144,19.2266,19.2266,1.54831,29.7688,34.9614,24.1075,1.54831,0.245833
1.3146,19.6347,19.6347,1.72711,33.9113,34.9614,24.1199,1.72711,0.204167
1.3148,17.9402,17.9402,2,35.8803,34.9614,24.1389,2.00114,0.245833
1.315,16.6663,16.6663,1.86758,31.1257,34.9614,24.1296,1.86758,0.2875
1.3152,19.2275,19.2275,1.54581,29.722,34.9614,24.1073,1.54581,0.245833
1.3154,19.6369,19.6369,1.72773,33.9273,34.9614,24.1199,1.72773,0.204167
1.3156,17.921,17.921,2,35.8419,34.9614,24.139,2.00349,0.245833
1.3158,16.6731,16.6731,1.86509,31.0968,34.9614,24.1297,1.86509,0.2875
1.316,19.2372,19.2372,1.54704,29.7606,34.9614,24.1074,1.54704,0.245833
1.3162,19.6298,19.6298,1.72976,33.955,34.9614,24.12,1.72976,0.204167
1.3164,17.9314,17.9314,2,35.8629,34.9614,24.1388,2.00038,0.245833
1.3166,16.6703,16.6703,1.86951,31.1654,34.9614,24.1298,1.86951,0.2875
1.3168,19.2238,19.2238,1.54681,29.7356,34.9614,24.1074,1.54681,0.245833
1.317,19.6341,19.6341,1.72786,33.9249,34.9614,24.1199,1.72786,0.204167
1.3172,17.9317,17.9317,2,35.8635,34.9614,24.139,2.00211,0.245833
1.3174,16.6694,16.6694,1.86562,31.0989,34.9614,24.1295,1.86562,0.2875
1.3176,19.2318,19.2318,1.54801,29.7709,34.9614,24.1074,1.54801,0.245833
1.3178,19.6254,19.6254,1.73067,33.9651,34.9614,24.1201,1.73067,0.204167
1.318,17.9315,17.9315,2,35.8629,34.9614,24.1388,2.00084,0.245833
1.3182,16.6679,16.6679,1.86598,31.102,34.9614,24.1296,1.86598,0.2875
1.3184,19.2352,19.2352,1.54782,29.7726,34.9614,24.1074,1.54782,0.245833
1.3186,19.628,19.628,1.72914,33.9396,34.9614,24.12,1.72914,0.204167
1.3188,17.9298,17.9298,2,35.8597,34.9614,24.1389,2.00095,0.245833
1.319,16.6705,16.6705,1.86468,31.0852,34.9614,24.1295,1.86468,0.2875
1.3192,19.2314,19.2314,1.54866,29.783,34.9614,24.1075,1.54866,0.245833
1.3194,19.6294,19.6294,1.72959,33.951,34.9614,24.12,1.72959,0.204167
1.3196,17.932,17.932,2,35.864,34.9614,24.1389,2.00216,0.245833
1.3198,16.6674,16.6674,1.8672,31.1214,34.9614,24.1296,1.8672,0.2875
1.32,19.2274,19.2274,1.54768,29.758,34.9614,24.1074,1.54768,0.245833
1.3202,19.6334,19.6334,1.72721,33.9111,34.9614,24.1199,1.72721,0.204167
1.3204,17.9405,17.9405,2,35.881,34.9614,24.1389,2.00112,0.245833
1.3206,16.6651,16.6651,1.86884,31.1445,34.9614,24.1298,1.86884,0.2875
1.3208,19.2332,19.2332,1.54514,29.718,34.9614,24.1072,1.54514,0.245833
1.321,19.6359,19.6359,1.72713,33.9137,34.9614,24.1199,1.72713,0.204167
1.3212,17.9384,17.9384,2,35.8768,34.9614,24.1389,2.00161,0.245833
1.3214,16.669,16.669,1.86791,31.1362,34.9614,24.1297,1.86791,0.2875
1.3216,19.2356,19.2356,1.54647,29.7473,34.9614,24.1073,1.54647,0.245833
1.3218,19.6295,19.6295,1.72938,33.9468,34.9614,24.12,1.72938,0.204167
1.322,17.9309,17.9309,2,35.8618,34.9614,24.1389,2.00041,0.245833
1.3222,16.6755,16.6755,1.86712,31.1351,34.9614,24.1296,1.86712,0.2875
1.3224,19.2256,19.2256,1.54862,29.7731,34.9614,24.1074,1.54862,0.245833
1.3226,19.6286,19.6286,1.72932,33.9442,34.9614,24.12,1.72932,0.204167
1.3228,17.9303,17.9303,2,35.8605,34.9614,24.1389,2.00072,0.245833
1.323,16.671,16.671,1.86544,31.0988,34.9614,24.1295,1.86544,0.2875
1.3232,19.2332,19.2332,1.54877,29.7879,34.9614,24.1075,1.54877,0.245833
1.3234,19.6262,19.6262,1.72973,33.9482,34.9614,24.12,1.72973,0.204167
1.3236,17.9383,17.9383,1.99913,35.861,34.9614,24.1388,1.99913,0.245833
1.3238,16.6688,16.6688,1.86787,31.1351,34.9614,24.1297,1.86787,0.2875
1.324,19.2286,19.2286,1.54733,29.753,34.9614,24.1074,1.54733,0.245833
1.3242,19.6312,19.6312,1.72904,33.943,34.9614,24.12,1.72904,0.204167
1.3244,17.9291,17.9291,2,35.8583,34.9614,24.1389,2.00285,0.245833
1.3246,16.6799,16.6799,1.86367,31.0858,34.9614,24.1295,1.86367,0.2875
1.3248,19.2292,19.2292,1.5502,29.8091,34.9614,24.1076,1.5502,0.245833
1.325,19.627,19.627,1.72907,33.9365,34.9614,24.12,1.72907,0.204167
1.3252,17.936,17.936,2,35.8721,34.9614,24.1388,2.00024,0.245833
1.3254,16.6639,16.6639,1.86603,31.0954,34.9614,24.1297,1.86603,0.2875
1.3256,19.2359,19.2359,1.54758,29.7691,34.9614,24.1074,1.54758,0.245833
1.3258,19.6314,19.6314,1.72844,33.9318,34.9614,24.1199,1.72844,0.204167
1.326,17.9352,17.9352,2,35.8704,34.9614,24.139,2.00222,0.245833
1.3262,16.6783,16.6783,1.86628,31.1263,34.9614,24.1297,1.86628,0.2875
1.3264,19.2239,19.2239,1.54851,29.7684,34.9614,24.1075,1.54851,0.245833
1.3266,19.6314,19.6314,1.72881,33.9389,34.9614,24.12,1.72881,0.204167
1.3268,17.9253,17.9253,2,35.8505,34.9614,24.1389,2.00213,0.245833
1.327,16.6644,16.6644,1.86748,31.1204,34.9614,24.1296,1.86748,0.2875
1.3272,19.2325,19.2325,1.54573,29.7282,34.9614,24.1073,1.54573,0.245833
1.3274,19.6279,19.6279,1.73037,33.9636,34.9614,24.1201,1.73037,0.204167
1.3276,17.9248,17.9248,1.99963,35.843,34.9614,24.1387,1.99963,0.245833
1.3278,16.669,16.669,1.86734,31.1268,34.9614,24.1297,1.86734,0.2875
1.328,19.2231,19.2231,1.54861,29.7692,34.9614,24.1075,1.54861,0.245833
1.3282,19.6292,19.6292,1.72962,33.9511,34.9614,24.12,1.72962,0.204167
1.3284,17.9303,17.9303,2,35.8605,34.9614,24.1389,2.00157,0.245833
1.3286,16.6643,16.6643,1.86802,31.1292,34.9614,24.1297,1.86802,0.2875
1.3288,19.2322,19.2322,1.54593,29.7316,34.9614,24.1073,1.54593,0.245833
1.329,19.637,19.637,1.72758,33.9244,34.9614,24.1199,1.72758,0.204167
1.3292,17.9308,17.9308,2,35.8615,34.9614,24.1389,2.00208,0.245833
1.3294,16.6655,16.6655,1.86594,31.0969,34.9614,24.1296,1.86594,0.2875
1.3296,19.2337,19.2337,1.54758,29.7656,34.9614,24.1074,1.54758,0.245833
1.3298,19.6322,19.6322,1.72828,33.9298,34.9614,24.1199,1.72828,0.204167
1.33,17.9376,17.9376,2,35.8751,34.9614,24.139,2.00344,0.245833
1.3302,16.6674,16.6674,1.86569,31.0961,34.9614,24.1295,1.86569,0.2875
1.3304,19.2338,19.2338,1.54862,29.7859,34.9614,24.1075,1.54862,0.245833
1.3306,19.627,19.627,1.73032,33.9608,34.9614,24.1201,1.73032,0.204167
1.3308,17.9191,17.9191,2,35.8382,34.9614,24.139,2.00341,0.245833
1.331,16.6765,16.6765,1.86357,31.0779,34.9614,24.1294,1.86357,0.2875
1.3312,19.2321,19.2321,1.54966,29.8033,34.9614,24.1075,1.54966,0.245833
1.3314,19.6272,19.6272,1.72841,33.9238,34.9614,24.12,1.72841,0.204167
1.3316,17.9362,17.9362,2,35.8724,34.9614,24.1388,2.00083,0.245833
1.3318,16.6584,16.6584,1.86831,31.1231,34.9614,24.1298,1.86831,0.2875
1.332,19.23,19.23,1.5457,29.7238,34.9614,24.1073,1.5457,0.245833
1.3322,19.6308,19.6308,1.72988,33.9589,34.9614,24.1201,1.72988,0.204167
1.3324,17.9197,17.9197,2,35.8394,34.9614,24.1389,2.00222,0.245833
1.3326,16.6737,16.6737,1.86498,31.0961,34.9614,24.1295,1.86498,0.2875
1.3328,19.2323,19.2323,1.54907,29.7922,34.9614,24.1075,1.54907,0.245833
1.333,19.6265,19.6265,1.73007,33.9553,34.9614,24.12,1.73007,0.204167
1.3332,17.9261,17.9261,2,35.8523,34.9614,24.1388,2.00032,0.245833
1.3334,16.6718,16.6718,1.86684,31.1236,34.9614,24.1297,1.86684,0.2875
1.3336,19.2305,19.2305,1.54769,29.7629,34.9614,24.1074,1.54769,0.245833
1.3338,19.6254,19.6254,1.73046,33.961,34.9614,24.1201,1.73046,0.204167
1.334,17.9244,17.9244,2,35.8488,34.9614,24.1388,2.00028,0.245833
1.3342,16.6658,16.6658,1.86877,31.1447,34.9614,24.1298,1.86877,0.2875
1.3344,19.237,19.237,1.5456,29.7328,34.9614,24.1072,1.5456,0.245833
1.3346,19.6325,19.6325,1.72947,33.9538,34.9614,24.12,1.72947,0.204167
1.3348,17.9313,17.9313,2,35.8626,34.9614,24.1389,2.00147,0.245833
1.335,16.6649,16.6649,1.86602,31.097,34.9614,24.1297,1.86602,0.2875
1.3352,19.2332,19.2332,1.5484,29.7806,34.9614,24.1075,1.5484,0.245833
1.3354,19.6301,19.6301,1.73014,33.9629,34.9614,24.1201,1.73014,0.204167
1.3356,17.9205,17.9205,2,35.8409,34.9614,24.139,2.00194,0.245833
1.3358,16.6744,16.6744,1.86505,31.0985,34.9614,24.1295,1.86505,0.2875
1.336,19.2258,19.2258,1.5503,29.8059,34.9614,24.1076,1.5503,0.245833
1.3362,19.6291,19.6291,1.72822,33.9233,34.9614,24.1199,1.72822,0.204167
1.3364,17.9332,17.9332,2,35.8664,34.9614,24.139,2.00219,0.245833
1.3366,16.6702,16.6702,1.86784,31.1372,34.9614,24.1297,1.86784,0.2875
1.3368,19.225,19.225,1.54867,29.7731,34.9614,24.1075,1.54867,0.245833
1.337,19.6282,19.6282,1.73006,33.9579,34.9614,24.12,1.73006,0.204167
1.3372,17.9249,17.9249,2,35.8498,34.9614,24.1389,2.0016,0.245833
1.3374,16.6763,16.6763,1.86395,31.0838,34.9614,24.1294,1.86395,0.2875
1.3376,19.2279,19.2279,1.55033,29.8097,34.9614,24.1076,1.55033,0.245833
1.3378,19.6273,19.6273,1.72962,33.9478,34.9614,24.12,1.72962,0.204167
1.338,17.9317,17.9317,1.99948,35.8542,34.9614,24.1387,1.99948,0.245833
1.3382,16.683,16.683,1.86642,31.1375,34.9614,24.1297,1.86642,0.2875
1.3384,19.2209,19.2209,1.54982,29.7891,34.9614,24.1075,1.54982,0.245833
1.3386,19.6309,19.6309,1.72845,33.931,34.9614,24.1199,1.72845,0.204167
1.3388,17.9372,17.9372,2,35.8744,34.9614,24.1389,2.0004,0.245833
1.339,16.6664,16.6664,1.86658,31.1092,34.9614,24.1296,1.86658,0.2875
1.3392,19.236,19.236,1.54729,29.7638,34.9614,24.1074,1.54729,0.245833
1.3394,19.6316,19.6316,1.72881,33.9394,34.9614,24.12,1.72881,0.204167
1.3396,17.9291,17.9291,2,35.8583,34.9614,24.1389,2.0017,0.245833
1.3398,16.6688,16.6688,1.8654,31.0939,34.9614,24.1295,1.8654,0.2875
1.34,19.2345,19.2345,1.54825,29.7797,34.9614,24.1074,1.54825,0.245833
1.3402,19.6297,19.6297,1.72907,33.941,34.9614,24.12,1.72907,0.204167
1.3404,17.9262,17.9262,2,35.8524,34.9614,24.139,2.00394,0.245833
1.3406,16.6762,16.6762,1.86462,31.0948,34.9614,24.1294,1.86462,0.2875
1.3408,19.2325,19.2325,1.54924,29.7957,34.9614,24.1075,1.54924,0.245833
1.341,19.6267,19.6267,1.7282,33.9189,34.9614,24.1199,1.7282,0.204167
1.3412,17.9384,17.9384,2,35.8767,34.9614,24.1388,2.00068,0.245833
1.3414,16.6624,16.6624,1.869,31.1421,34.9614,24.1298,1.869,0.2875
1.3416,19.2352,19.2352,1.54588,29.7353,34.9614,24.1073,1.54588,0.245833
1.3418,19.6343,19.6343,1.7286,33.9399,34.9614,24.12,1.7286,0.204167
1.342,17.9304,17.9304,2,35.8609,34.9614,24.1389,2.00229,0.245833
1.3422,16.6694,16.6694,1.86581,31.1019,34.9614,24.1295,1.86581,0.2875
1.3424,19.2342,19.2342,1.54813,29.777,34.9614,24.1074,1.54813,0.245833
1.3426,19.6254,19.6254,1.72971,33.9461,34.9614,24.12,1.72971,0.204167
1.3428,17.925,17.925,2,35.8499,34.9614,24.1391,2.00437,0.245833
1.343,16.6809,16.6809,1.86224,31.0639,34.9614,24.1294,1.86224,0.2875
1.3432,19.2369,19.2369,1.55187,29.8532,34.9614,24.1077,1.55187,0.245833
1.3434,19.6216,19.6216,1.73118,33.9686,34.9614,24.1201,1.73118,0.204167
1.3436,17.9393,17.9393,1.99699,35.8247,34.9614,24.1386,1.99699,0.245833
1.3438,16.6771,16.6771,1.87048,31.1942,34.9614,24.1299,1.87048,0.2875
1.344,19.2183,19.2183,1.54661,29.7233,34.9614,24.1073,1.54661,0.245833
1.3442,19.6396,19.6396,1.72708,33.9191,34.9614,24.1199,1.72708,0.204167
1.3444,17.9275,17.9275,2,35.8551,34.9614,24.1391,2.00427,0.245833
1.3446,16.6751,16.6751,1.86407,31.0836,34.9614,24.1294,1.86407,0.2875
1.3448,19.2275,19.2275,1.55049,29.8121,34.9614,24.1076,1.55049,0.245833
1.345,19.6278,19.6278,1.72849,33.9265,34.9614,24.12,1.72849,0.204167
1.3452,17.9384,17.9384,2,35.8769,34.9614,24.139,2.00333,0.245833
1.3454,16.6609,16.6609,1.86923,31.1431,34.9614,24.1298,1.86923,0.2875
1.3456,19.241,19.241,1.54451,29.7179,34.9614,24.1072,1.54451,0.245833
1.3458,19.6291,19.6291,1.73014,33.9611,34.9614,24.1201,1.73014,0.204167
1.346,17.9163,17.9163,2,35.8327,34.9614,24.139,2.00243,0.245833
1.3462,16.6763,16.6763,1.86214,31.0536,34.9614,24.1293,1.86214,0.2875
1.3464,19.2316,19.2316,1.55211,29.8495,34.9614,24.1077,1.55211,0.245833
1.3466,19.6254,19.6254,1.72725,33.898,34.9614,24.1199,1.72725,0.204167
1.3468,17.941,17.941,2,35.882,34.9614,24.1388,2.00086,0.245833
1.347,16.6552,16.6552,1.86907,31.1297,34.9614,24.1298,1.86907,0.2875
1.3472,19.2347,19.2347,1.54557,29.7286,34.9614,24.1073,1.54557,0.245833
1.3474,19.6335,19.6335,1.72934,33.9532,34.9614,24.12,1.72934,0.204167
1.3476,17.923,17.923,2,35.846,34.9614,24.1389,2.00243,0.245833
1.3478,16.6724,16.6724,1.86325,31.0649,34.9614,24.1294,1.86325,0.2875
1.348,19.2341,19.2341,1.55004,29.8136,34.9614,24.1076,1.55004,0.245833
1.3482,19.6258,19.6258,1.72918,33.9366,34.9614,24.12,1.72918,0.204167
1.3484,17.9281,17.9281,2,35.8563,34.9614,24.1388,2.00107,0.245833
1.3486,16.6655,16.6655,1.86762,31.1247,34.9614,24.1297,1.86762,0.2875
1.3488,19.2235,19.2235,1.5469,29.7368,34.9614,24.1074,1.5469,0.245833
1.349,19.6299,19.6299,1.73041,33.9677,34.9614,24.1201,1.73041,0.204167
1.3492,17.9161,17.9161,2,35.8321,34.9614,24.139,2.00341,0.245833
1.3494,16.6793,16.6793,1.86267,31.0679,34.9614,24.1295,1.86267,0.2875
1.3496,19.2326,19.2326,1.55029,29.8162,34.9614,24.1076,1.55029,0.245833
1.3498,19.6262,19.6262,1.72835,33.921,34.9614,24.12,1.72835,0.204167
1.35,17.9288,17.9288,2,35.8575,34.9614,24.1389,2.00157,0.245833
1.3502,16.6688,16.6688,1.86501,31.0874,34.9614,24.1295,1.86501,0.2875
1.3504,19.233,19.233,1.54859,29.784,34.9614,24.1075,1.54859,0.245833
1.3506,19.6281,19.6281,1.72937,33.9443,34.9614,24.12,1.72937,0.204167
1.3508,17.9356,17.9356,1.99885,35.8506,34.9614,24.1387,1.99885,0.245833
1.351,16.6735,16.6735,1.86966,31.1738,34.9614,24.1298,1.86966,0.2875
1.3512,19.2315,19.2315,1.54592,29.7303,34.9614,24.1073,1.54592,0.245833
1.3514,19.6317,19.6317,1.73107,33.9838,34.9614,24.1201,1.73107,0.204167
1.3516,17.925,17.925,2,35.8499,34.9614,24.139,2.00174,0.245833
1.3518,16.6745,16.6745,1.86583,31.1116,34.9614,24.1295,1.86583,0.2875
1.352,19.232,19.232,1.54887,29.7879,34.9614,24.1075,1.54887,0.245833
1.3522,19.6254,19.6254,1.72907,33.9337,34.9614,24.12,1.72907,0.204167
1.3524,17.938,17.938,1.99964,35.8696,34.9614,24.1387,1.99964,0.245833
1.3526,16.6756,16.6756,1.86836,31.156,34.9614,24.1297,1.86836,0.2875
1.3528,19.2286,19.2286,1.54808,29.7673,34.9614,24.1074,1.54808,0.245833
1.353,19.6298,19.6298,1.72897,33.9392,34.9614,24.12,1.72897,0.204167
1.3532,17.9301,17.9301,2,35.8601,34.9614,24.1389,2.00141,0.245833
1.3534,16.6689,16.6689,1.8668,31.1176,34.9614,24.1296,1.8668,0.2875
1.3536,19.2329,19.2329,1.54709,29.755,34.9614,24.1074,1.54709,0.245833
1.3538,19.6346,19.6346,1.72799,33.9285,34.9614,24.1199,1.72799,0.204167
1.354,17.9317,17.9317,2,35.8634,34.9614,24.1391,2.00308,0.245833
1.3542,16.674,16.674,1.86569,31.1085,34.9614,24.1295,1.86569,0.2875
1.3544,19.2275,19.2275,1.5492,29.7872,34.9614,24.1075,1.5492,0.245833
1.3546,19.6298,19.6298,1.72826,33.9254,34.9614,24.12,1.72826,0.204167
1.3548,17.9371,17.9371,2,35.8742,34.9614,24.1388,2.00007,0.245833
1.355,16.6638,16.6638,1.86665,31.1055,34.9614,24.1296,1.86665,0.2875
1.3552,19.2352,19.2352,1.54599,29.7375,34.9614,24.1073,1.54599,0.245833
1.3554,19.6336,19.6336,1.72884,33.9433,34.9614,24.12,1.72884,0.204167
1.3556,17.9275,17.9275,2,35.8551,34.9614,24.139,2.00347,0.245833
1.3558,16.6663,16.6663,1.86689,31.1141,34.9614,24.1298,1.86689,0.2875
1.356,19.2336,19.2336,1.54717,29.7577,34.9614,24.1074,1.54717,0.245833
1.3562,19.634,19.634,1.72788,33.9252,34.9614,24.1199,1.72788,0.204167
1.3564,17.9328,17.9328,2,35.8656,34.9614,24.1388,2.00024,0.245833
1.3566,16.6766,16.6766,1.86629,31.1233,34.9614,24.1296,1.86629,0.2875
1.3568,19.2242,19.2242,1.55144,29.8252,34.9614,24.1077,1.55144,0.245833
1.357,19.6253,19.6253,1.7294,33.94,34.9614,24.12,1.7294,0.204167
1.3572,17.9257,17.9257,2,35.8513,34.9614,24.1389,2.00145,0.245833
1.3574,16.6757,16.6757,1.86614,31.1191,34.9614,24.1296,1.86614,0.2875
1.3576,19.2286,19.2286,1.55039,29.8119,34.9614,24.1076,1.55039,0.245833
1.3578,19.6277,19.6277,1.72878,33.9319,34.9614,24.12,1.72878,0.204167
1.358,17.9338,17.9338,2,35.8676,34.9614,24.1388,2.00078,0.245833
1.3582,16.6786,16.6786,1.86602,31.1227,34.9614,24.1296,1.86602,0.2875
1.3584,19.2272,19.2272,1.54987,29.7996,34.9614,24.1075,1.54987,0.245833
1.3586,19.6276,19.6276,1.72955,33.9469,34.9614,24.12,1.72955,0.204167
1.3588,17.9294,17.9294,2,35.8588,34.9614,24.1388,2.00095,0.245833
1.359,16.6645,16.6645,1.86745,31.1202,34.9614,24.1297,1.86745,0.2875
1.3592,19.2317,19.2317,1.54717,29.7547,34.9614,24.1074,1.54717,0.245833
1.3594,19.6327,19.6327,1.72821,33.9293,34.9614,24.1199,1.72821,0.204167
1.3596,17.9356,17.9356,2,35.8712,34.9614,24.1391,2.00462,0.245833
1.3598,16.6649,16.6649,1.86655,31.1058,34.9614,24.1296,1.86655,0.2875
1.36,19.231,19.231,1.54751,29.7602,34.9614,24.1074,1.54751,0.245833
1.3602,19.6288,19.6288,1.7298,33.954,34.9614,24.12,1.7298,0.204167
1.3604,17.9282,17.9282,2,35.8564,34.9614,24.1389,2.00178,0.245833
1.3606,16.67,16.67,1.86463,31.0834,34.9614,24.1296,1.86463,0.2875
1.3608,19.2352,19.2352,1.54823,29.7806,34.9614,24.1074,1.54823,0.245833
1.361,19.6284,19.6284,1.72958,33.9489,34.9614,24.12,1.72958,0.204167
1.3612,17.9191,17.9191,2,35.8382,34.9614,24.1391,2.00455,0.245833
1.3614,16.666,16.666,1.86599,31.0987,34.9614,24.1295,1.86599,0.2875
1.3616,19.239,19.239,1.54622,29.7478,34.9614,24.1073,1.54622,0.245833
1.3618,19.6346,19.6346,1.72763,33.9213,34.9614,24.1199,1.72763,0.204167
1.362,17.9313,17.9313,2,35.8626,34.9614,24.1389,2.00227,0.245833
1.3622,16.6724,16.6724,1.86733,31.1329,34.9614,24.1296,1.86733,0.2875
1.3624,19.2215,19.2215,1.54935,29.781,34.9614,24.1075,1.54935,0.245833
1.3626,19.6289,19.6289,1.72833,33.9253,34.9614,24.12,1.72833,0.204167
1.3628,17.9344,17.9344,2,35.8688,34.9614,24.1388,2.00073,0.245833
1.363,16.6701,16.6701,1.86767,31.1342,34.9614,24.1297,1.86767,0.2875
1.3632,19.2277,19.2277,1.54722,29.7494,34.9614,24.1074,1.54722,0.245833
1.3634,19.6334,19.6334,1.72768,33.9203,34.9614,24.1199,1.72768,0.204167
1.3636,17.9327,17.9327,2,35.8655,34.9614,24.139,2.00158,0.245833
1.3638,16.6687,16.6687,1.86671,31.1157,34.9614,24.1298,1.86671,0.2875
1.364,19.234,19.234,1.5482,29.7781,34.9614,24.1074,1.5482,0.245833
1.3642,19.6283,19.6283,1.72865,33.9304,34.9614,24.12,1.72865,0.204167
1.3644,17.9382,17.9382,1.99986,35.874,34.9614,24.1388,1.99986,0.245833
1.3646,16.6701,16.6701,1.86767,31.1343,34.9614,24.1297,1.86767,0.2875
1.3648,19.2247,19.2247,1.54755,29.7512,34.9614,24.1074,1.54755,0.245833
1.365,19.6338,19.6338,1.72845,33.9361,34.9614,24.12,1.72845,0.204167
1.3652,17.9293,17.9293,2,35.8585,34.9614,24.1389,2.00221,0.245833
1.3654,16.6636,16.6636,1.86662,31.1045,34.9614,24.1296,1.86662,0.2875
1.3656,19.2388,19.2388,1.5463,29.7489,34.9614,24.1073,1.5463,0.245833
1.3658,19.6345,19.6345,1.72762,33.9209,34.9614,24.1199,1.72762,0.204167
1.366,17.9331,17.9331,2,35.8662,34.9614,24.1389,2.00134,0.245833
1.3662,16.6619,16.6619,1.86669,31.1026,34.9614,24.1296,1.86669,0.2875
1.3664,19.2382,19.2382,1.54573,29.7369,34.9614,24.1073,1.54573,0.245833
1.3666,19.631,19.631,1.73049,33.9713,34.9614,24.1201,1.73049,0.204167
1.3668,17.9253,17.9253,2,35.8506,34.9614,24.139,2.00179,0.245833
1.367,16.6761,16.6761,1.86256,31.0603,34.9614,24.1293,1.86256,0.2875
1.3672,19.2341,19.2341,1.55236,29.8583,34.9614,24.1077,1.55236,0.245833
1.3674,19.6201,19.6201,1.73012,33.945,34.9614,24.1201,1.73012,0.204167
1.3676,17.9278,17.9278,1.9997,35.8503,34.9614,24.1388,1.9997,0.245833
1.3678,16.6812,16.6812,1.86475,31.1064,34.9614,24.1295,1.86475,0.2875
1.368,19.2239,19.2239,1.55217,29.8387,34.9614,24.1077,1.55217,0.245833
1.3682,19.624,19.624,1.73047,33.9589,34.9614,24.1201,1.73047,0.204167
1.3684,17.921,17.921,2,35.8419,34.9614,24.1389,2.00177,0.245833
1.3686,16.6757,16.6757,1.86419,31.0867,34.9614,24.1295,1.86419,0.2875
1.3688,19.2324,19.2324,1.54864,29.7841,34.9614,24.1075,1.54864,0.245833
1.369,19.6243,19.6243,1.73006,33.9512,34.9614,24.1201,1.73006,0.204167
1.3692,17.9252,17.9252,2,35.8504,34.9614,24.139,2.00107,0.245833
1.3694,16.6716,16.6716,1.86662,31.1197,34.9614,24.1296,1.86662,0.2875
1.3696,19.2275,19.2275,1.54956,29.7941,34.9614,24.1075,1.54956,0.245833
1.3698,19.6303,19.6303,1.72914,33.9434,34.9614,24.12,1.72914,0.204167
1.37,17.9323,17.9323,2,35.8645,34.9614,24.1389,2.00089,0.245833
1.3702,16.6795,16.6795,1.86598,31.1236,34.9614,24.1295,1.86598,0.2875
1.3704,19.226,19.226,1.5503,29.8062,34.9614,24.1076,1.5503,0.245833
1.3706,19.6306,19.6306,1.72754,33.9126,34.9614,24.1199,1.72754,0.204167
1.3708,17.9322,17.9322,2,35.8644,34.9614,24.1389,2.00225,0.245833
1.371,16.6658,16.6658,1.86791,31.1302,34.9614,24.1297,1.86791,0.2875
1.3712,19.2314,19.2314,1.54645,29.7403,34.9614,24.1073,1.54645,0.245833
1.3714,19.6383,19.6383,1.72745,33.9242,34.9614,24.1199,1.72745,0.204167
1.3716,17.9346,17.9346,2,35.8691,34.9614,24.1388,2.00099,0.245833
1.3718,16.6681,16.6681,1.86664,31.1133,34.9614,24.1296,1.86664,0.2875
1.372,19.2331,19.2331,1.54635,29.7412,34.9614,24.1073,1.54635,0.245833
1.3722,19.6327,19.6327,1.7301,33.9664,34.9614,24.12,1.7301,0.204167
1.3724,17.9196,17.9196,2,35.8393,34.9614,24.139,2.00183,0.245833
1.3726,16.6804,16.6804,1.86365,31.0864,34.9614,24.1294,1.86365,0.2875
1.3728,19.227,19.227,1.55155,29.8316,34.9614,24.1077,1.55155,0.245833
1.373,19.6263,19.6263,1.72867,33.9275,34.9614,24.12,1.72867,0.204167
1.3732,17.9441,17.9441,2,35.8883,34.9614,24.1388,2.0003,0.245833
1.3734,16.6656,16.6656,1.86638,31.1043,34.9614,24.1296,1.86638,0.2875
1.3736,19.2347,19.2347,1.54803,29.7758,34.9614,24.1074,1.54803,0.245833
1.3738,19.6276,19.6276,1.72961,33.9482,34.9614,24.1201,1.72961,0.204167
1.374,17.9316,17.9316,1.99953,35.8547,34.9614,24.1387,1.99953,0.245833
1.3742,16.683,16.683,1.86635,31.1364,34.9614,24.1297,1.86635,0.2875
1.3744,19.2234,19.2234,1.55128,29.8208,34.9614,24.1077,1.55128,0.245833
1.3746,19.6256,19.6256,1.72964,33.9452,34.9614,24.12,1.72964,0.204167
1.3748,17.9236,17.9236,2,35.8473,34.9614,24.139,2.00289,0.245833
1.375,16.6727,16.6727,1.86577,31.1074,34.9614,24.1295,1.86577,0.2875
1.3752,19.2335,19.2335,1.54824,29.7781,34.9614,24.1074,1.54824,0.245833
1.3754,19.6273,19.6273,1.72935,33.9425,34.9614,24.12,1.72935,0.204167
1.3756,17.9298,17.9298,2,35.8596,34.9614,24.1388,2.00003,0.245833
1.3758,16.6805,16.6805,1.86515,31.1116,34.9614,24.1295,1.86515,0.2875
1.376,19.2295,19.2295,1.54957,29.7975,34.9614,24.1075,1.54957,0.245833
1.3762,19.6327,19.6327,1.72685,33.9028,34.9614,24.1198,1.72685,0.204167
1.3764,17.9272,17.9272,2,35.8545,34.9614,24.1391,2.00248,0.245833
1.3766,16.671,16.671,1.86621,31.1117,34.9614,24.1296,1.86621,0.2875
1.3768,19.231,19.231,1.5482,29.7735,34.9614,24.1075,1.5482,0.245833
1.377,19.6328,19.6328,1.72841,33.9334,34.9614,24.12,1.72841,0.204167
1.3772,17.9362,17.9362,2,35.8723,34.9614,24.139,2.00334,0.245833
1.3774,16.6755,16.6755,1.86479,31.0962,34.9614,24.1296,1.86479,0.2875
1.3776,19.2312,19.2312,1.54985,29.8056,34.9614,24.1075,1.54985,0.245833
1.3778,19.6285,19.6285,1.72904,33.9384,34.9614,24.12,1.72904,0.204167
1.378,17.9262,17.9262,2,35.8524,34.9614,24.139,2.00376,0.245833
1.3782,16.6709,16.6709,1.86507,31.0924,34.9614,24.1295,1.86507,0.2875
1.3784,19.2339,19.2339,1.5493,29.799,34.9614,24.1075,1.5493,0.245833
1.3786,19.6275,19.6275,1.73025,33.9604,34.9614,24.1201,1.73025,0.204167
1.3788,17.9202,17.9202,2,35.8404,34.9614,24.1389,2.00253,0.245833
1.379,16.6671,16.6671,1.86622,31.1044,34.9614,24.1296,1.86622,0.2875
1.3792,19.2342,19.2342,1.54687,29.7527,34.9614,24.1073,1.54687,0.245833
1.3794,19.6331,19.6331,1.72999,33.9651,34.9614,24.12,1.72999,0.204167
1.3796,17.9201,17.9201,2,35.8402,34.9614,24.1389,2.00215,0.245833
1.3798,16.6737,16.6737,1.86492,31.0951,34.9614,24.1295,1.86492,0.2875
1.38,19.2358,19.2358,1.54827,29.7822,34.9614,24.1075,1.54827,0.245833
1.3802,19.6248,19.6248,1.73173,33.9849,34.9614,24.1202,1.73173,0.204167
1.3804,17.9331,17.9331,1.99952,35.8576,34.9614,24.1388,1.99952,0.245833
1.3806,16.6634,16.6634,1.87066,31.1715,34.9614,24.13,1.87066,0.2875
1.3808,19.222,19.222,1.54554,29.7084,34.9614,24.1073,1.54554,0.245833
1.381,19.6345,19.6345,1.72756,33.9198,34.9614,24.1199,1.72756,0.204167
1.3812,17.9371,17.9371,2,35.8741,34.9614,24.1388,2.00021,0.245833
1.3814,16.666,16.666,1.86782,31.1291,34.9614,24.1297,1.86782,0.2875
1.3816,19.2264,19.2264,1.54709,29.745,34.9614,24.1074,1.54709,0.245833
1.3818,19.6365,19.6365,1.72698,33.9119,34.9614,24.1199,1.72698,0.204167
1.382,17.9388,17.9388,2,35.8776,34.9614,24.139,2.00137,0.245833
1.3822,16.6666,16.6666,1.86716,31.1191,34.9614,24.1296,1.86716,0.2875
1.3824,19.2282,19.2282,1.54737,29.753,34.9614,24.1074,1.54737,0.245833
1.3826,19.6328,19.6328,1.72794,33.9242,34.9614,24.1199,1.72794,0.204167
1.3828,17.9454,17.9454,2,35.8907,34.9614,24.139,2.00132,0.245833
1.383,16.6755,16.6755,1.86761,31.1434,34.9614,24.1297,1.86761,0.2875
1.3832,19.2317,19.2317,1.54777,29.7662,34.9614,24.1074,1.54777,0.245833
1.3834,19.6309,19.6309,1.72798,33.9218,34.9614,24.1199,1.72798,0.204167
1.3836,17.9345,17.9345,2,35.869,34.9614,24.139,2.00209,0.245833
1.3838,16.6738,16.6738,1.86767,31.1411,34.9614,24.1297,1.86767,0.2875
1.384,19.2332,19.2332,1.54774,29.7679,34.9614,24.1074,1.54774,0.245833
1.3842,19.632,19.632,1.72917,33.947,34.9614,24.12,1.72917,0.204167
1.3844,17.9308,17.9308,2,35.8617,34.9614,24.1389,2.0019,0.245833
1.3846,16.6586,16.6586,1.86764,31.1124,34.9614,24.1297,1.86764,0.2875
1.3848,19.2385,19.2385,1.54587,29.7402,34.9614,24.1073,1.54587,0.245833
1.385,19.6294,19.6294,1.73021,33.963,34.9614,24.1201,1.73021,0.204167
1.3852,17.9212,17.9212,2,35.8425,34.9614,24.139,2.00144,0.245833
1.3854,16.6763,16.6763,1.86414,31.087,34.9614,24.1296,1.86414,0.2875
1.3856,19.2314,19.2314,1.54952,29.7994,34.9614,24.1075,1.54952,0.245833
1.3858,19.6286,19.6286,1.7286,33.93,34.9614,24.12,1.7286,0.204167
1.386,17.9379,17.9379,2,35.8759,34.9614,24.1391,2.00327,0.245833
1.3862,16.6678,16.6678,1.8666,31.1121,34.9614,24.1297,1.8666,0.2875
1.3864,19.2321,19.2321,1.54821,29.7753,34.9614,24.1075,1.54821,0.245833
1.3866,19.6318,19.6318,1.72811,33.926,34.9614,24.1199,1.72811,0.204167
1.3868,17.9364,17.9364,2,35.8728,34.9614,24.1389,2.00097,0.245833
1.387,16.6661,16.6661,1.86627,31.1035,34.9614,24.1297,1.86627,0.2875
1.3872,19.2374,19.2374,1.54763,29.7724,34.9614,24.1074,1.54763,0.245833
1.3874,19.6265,19.6265,1.73062,33.9661,34.9614,24.1201,1.73062,0.204167
1.3876,17.9278,17.9278,2,35.8556,34.9614,24.1388,2.00073,0.245833
1.3878,16.6685,16.6685,1.86702,31.1203,34.9614,24.1296,1.86702,0.2875
1.388,19.2304,19.2304,1.54763,29.7616,34.9614,24.1074,1.54763,0.245833
1.3882,19.6301,19.6301,1.72839,33.9285,34.9614,24.12,1.72839,0.204167
1.3884,17.9421,17.9421,2,35.8842,34.9614,24.1389,2.0005,0.245833
1.3886,16.6614,16.6614,1.86957,31.1497,34.9614,24.1298,1.86957,0.2875
1.3888,19.2307,19.2307,1.54542,29.7194,34.9614,24.1072,1.54542,0.245833
1.389,19.6366,19.6366,1.72801,33.9322,34.9614,24.1199,1.72801,0.204167
1.3892,17.9343,17.9343,2,35.8686,34.9614,24.139,2.00256,0.245833
1.3894,16.6724,16.6724,1.86642,31.1177,34.9614,24.1297,1.86642,0.2875
1.3896,19.2302,19.2302,1.54892,29.786,34.9614,24.1075,1.54892,0.245833
1.3898,19.6283,19.6283,1.72886,33.9346,34.9614,24.12,1.72886,0.204167
1.39,17.9336,17.9336,2,35.8672,34.9614,24.1388,2.00041,0.245833
1.3902,16.6644,16.6644,1.86661,31.1059,34.9614,24.1296,1.86661,0.2875
1.3904,19.2324,19.2324,1.54757,29.7635,34.9614,24.1074,1.54757,0.245833
1.3906,19.6322,19.6322,1.72845,33.9332,34.9614,24.12,1.72845,0.204167
1.3908,17.9335,17.9335,2,35.867,34.9614,24.139,2.00341,0.245833
1.391,16.6729,16.6729,1.86545,31.1025,34.9614,24.1295,1.86545,0.2875
1.3912,19.2306,19.2306,1.54804,29.7697,34.9614,24.1074,1.54804,0.245833
1.3914,19.6291,19.6291,1.73044,33.9669,34.9614,24.1201,1.73044,0.204167
1.3916,17.9164,17.9164,2,35.8328,34.9614,24.1389,2.0021,0.245833
1.3918,16.6741,16.6741,1.86383,31.0778,34.9614,24.1296,1.86383,0.2875
1.392,19.2347,19.2347,1.55056,29.8246,34.9614,24.1076,1.55056,0.245833
1.3922,19.6254,19.6254,1.73032,33.9583,34.9614,24.1201,1.73032,0.204167
1.3924,17.9272,17.9272,1.99925,35.8409,34.9614,24.1387,1.99925,0.245833
1.3926,16.6779,16.6779,1.86813,31.1565,34.9614,24.1297,1.86813,0.2875
1.3928,19.2248,19.2248,1.54895,29.7782,34.9614,24.1075,1.54895,0.245833
1.393,19.6324,19.6324,1.72688,33.9027,34.9614,24.1199,1.72688,0.204167
1.3932,17.9279,17.9279,2,35.8559,34.9614,24.1389,2.00174,0.245833
1.3934,16.6667,16.6667,1.86653,31.1088,34.9614,24.1296,1.86653,0.2875
1.3936,19.2351,19.2351,1.54786,29.7733,34.9614,24.1074,1.54786,0.245833
1.3938,19.6294,19.6294,1.7288,33.9354,34.9614,24.12,1.7288,0.204167
1.394,17.9311,17.9311,2,35.8622,34.9614,24.1389,2.0016,0.245833
1.3942,16.6598,16.6598,1.86732,31.1092,34.9614,24.1297,1.86732,0.2875
1.3944,19.2316,19.2316,1.54686,29.7486,34.9614,24.1074,1.54686,0.245833
1.3946,19.6312,19.6312,1.7289,33.9405,34.9614,24.12,1.7289,0.204167
1.3948,17.9258,17.9258,2,35.8516,34.9614,24.139,2.00225,0.245833
1.395,16.6751,16.6751,1.86399,31.0822,34.9614,24.1295,1.86399,0.2875
1.3952,19.2265,19.2265,1.55128,29.8257,34.9614,24.1077,1.55128,0.245833
1.3954,19.6301,19.6301,1.72733,33.9076,34.9614,24.1199,1.72733,0.204167
1.3956,17.9376,17.9376,2,35.8753,34.9614,24.139,2.00231,0.245833
1.3958,16.6739,16.6739,1.86806,31.1479,34.9614,24.1298,1.86806,0.2875
1.396,19.2329,19.2329,1.54737,29.7604,34.9614,24.1074,1.54737,0.245833
1.3962,19.6318,19.6318,1.72902,33.9437,34.9614,24.12,1.72902,0.204167
1.3964,17.9303,17.9303,2,35.8607,34.9614,24.139,2.00163,0.245833
1.3966,16.6651,16.6651,1.866,31.097,34.9614,24.1297,1.866,0.2875
1.3968,19.2331,19.2331,1.54798,29.7725,34.9614,24.1074,1.54798,0.245833
1.397,19.6283,19.6283,1.72988,33.9545,34.9614,24.12,1.72988,0.204167
1.3972,17.9233,17.9233,2,35.8466,34.9614,24.1389,2.00048,0.245833
1.3974,16.6757,16.6757,1.86544,31.1077,34.9614,24.1296,1.86544,0.2875
1.3976,19.2317,19.2317,1.55114,29.8311,34.9614,24.1076,1.55114,0.245833
1.3978,19.6281,19.6281,1.72837,33.9246,34.9614,24.1199,1.72837,0.204167
1.398,17.9258,17.9258,2,35.8517,34.9614,24.1392,2.00449,0.245833
1.3982,16.6739,16.6739,1.86468,31.0915,34.9614,24.1295,1.86468,0.2875
1.3984,19.2377,19.2377,1.54877,29.7947,34.9614,24.1075,1.54877,0.245833
1.3986,19.6284,19.6284,1.72956,33.9486,34.9614,24.12,1.72956,0.204167
1.3988,17.9303,17.9303,2,35.8606,34.9614,24.1388,2.00027,0.245833
1.399,16.6771,16.6771,1.86638,31.1258,34.9614,24.1296,1.86638,0.2875
1.3992,19.2251,19.2251,1.54844,29.7689,34.9614,24.1075,1.54844,0.245833
1.3994,19.6311,19.6311,1.72825,33.9275,34.9614,24.1199,1.72825,0.204167
1.3996,17.9438,17.9438,2,35.8876,34.9614,24.1388,2.00084,0.245833
1.3998,16.6591,16.6591,1.86902,31.1363,34.9614,24.1298,1.86902,0.2875
1.4,19.2339,19.2339,1.54481,29.7127,34.9614,24.1072,1.54481,0.245833
1.4002,19.6335,19.6335,1.7285,33.9365,34.9614,24.12,1.7285,0.204167
1.4004,17.9336,17.9336,2,35.8672,34.9614,24.1388,2.00088,0.245833
1.4006,16.6597,16.6597,1.86744,31.1109,34.9614,24.1297,1.86744,0.2875
1.4008,19.2373,19.2373,1.54579,29.7368,34.9614,24.1073,1.54579,0.245833
1.401,19.6314,19.6314,1.73012,33.9647,34.9614,24.1201,1.73012,0.204167
1.4012,17.9167,17.9167,2,35.8333,34.9614,24.1391,2.00322,0.245833
1.4014,16.6738,16.6738,1.86411,31.0818,34.9614,24.1294,1.86411,0.2875
1.4016,19.234,19.234,1.54801,29.7745,34.9614,24.1074,1.54801,0.245833
1.4018,19.6316,19.6316,1.72813,33.9258,34.9614,24.1199,1.72813,0.204167
1.402,17.9364,17.9364,2,35.8728,34.9614,24.1389,2.00125,0.245833
1.4022,16.6575,16.6575,1.86975,31.1453,34.9614,24.1298,1.86975,0.2875
1.4024,19.2366,19.2366,1.54459,29.7127,34.9614,24.1072,1.54459,0.245833
1.4026,19.6291,19.6291,1.73002,33.9587,34.9614,24.1201,1.73002,0.204167
1.4028,17.9245,17.9245,2,35.8489,34.9614,24.1389,2.00063,0.245833
1.403,16.6712,16.6712,1.8677,31.1368,34.9614,24.1297,1.8677,0.2875
1.4032,19.2308,19.2308,1.54709,29.7518,34.9614,24.1074,1.54709,0.245833
1.4034,19.632,19.632,1.72907,33.9452,34.9614,24.12,1.72907,0.204167
1.4036,17.9281,17.9281,2,35.8562,34.9614,24.139,2.00403,0.245833
1.4038,16.677,16.677,1.86436,31.0919,34.9614,24.1295,1.86436,0.2875
1.404,19.2317,19.2317,1.54859,29.782,34.9614,24.1075,1.54859,0.245833
1.4042,19.6256,19.6256,1.73108,33.9736,34.9614,24.1201,1.73108,0.204167
1.4044,17.9327,17.9327,1.99834,35.8356,34.9614,24.1387,1.99834,0.245833
1.4046,16.6741,16.6741,1.87012,31.1825,34.9614,24.1299,1.87012,0.2875
1.4048,19.2277,19.2277,1.54591,29.7242,34.9614,24.1073,1.54591,0.245833
1.405,19.6339,19.6339,1.72846,33.9363,34.9614,24.12,1.72846,0.204167
1.4052,17.93,17.93,2,35.8599,34.9614,24.1388,2.0005,0.245833
1.4054,16.6744,16.6744,1.86781,31.1447,34.9614,24.1297,1.86781,0.2875
1.4056,19.2322,19.2322,1.54767,29.7652,34.9614,24.1074,1.54767,0.245833
1.4058,19.6322,19.6322,1.72777,33.9199,34.9614,24.1199,1.72777,0.204167
1.406,17.9316,17.9316,2,35.8632,34.9614,24.1388,2.00094,0.245833
1.4062,16.6726,16.6726,1.8667,31.1226,34.9614,24.1296,1.8667,0.2875
1.4064,19.2273,19.2273,1.54962,29.795,34.9614,24.1076,1.54962,0.245833
1.4066,19.6283,19.6283,1.72823,33.9223,34.9614,24.1199,1.72823,0.204167
1.4068,17.9334,17.9334,2,35.8669,34.9614,24.139,2.00225,0.245833
1.407,16.6728,16.6728,1.86716,31.1308,34.9614,24.1296,1.86716,0.2875
1.4072,19.231,19.231,1.54636,29.7381,34.9614,24.1073,1.54636,0.245833
1.4074,19.6322,19.6322,1.72866,33.9373,34.9614,24.12,1.72866,0.204167
1.4076,17.9255,17.9255,2,35.8509,34.9614,24.1389,2.00217,0.245833
1.4078,16.6698,16.6698,1.86534,31.0948,34.9614,24.1297,1.86534,0.2875
1.408,19.2342,19.2342,1.54912,29.7961,34.9614,24.1075,1.54912,0.245833
1.4082,19.6255,19.6255,1.7293,33.9384,34.9614,24.12,1.7293,0.204167
1.4084,17.9373,17.9373,2,35.8745,34.9614,24.1388,2.00031,0.245833
1.4086,16.6657,16.6657,1.86724,31.119,34.9614,24.1296,1.86724,0.2875
1.4088,19.2347,19.2347,1.54552,29.7276,34.9614,24.1073,1.54552,0.245833
1.409,19.6345,19.6345,1.72832,33.9349,34.9614,24.1199,1.72832,0.204167
1.4092,17.9339,17.9339,2,35.8678,34.9614,24.1391,2.00282,0.245833
1.4094,16.658,16.658,1.86734,31.1061,34.9614,24.1297,1.86734,0.2875
1.4096,19.2419,19.2419,1.54416,29.7127,34.9614,24.1072,1.54416,0.245833
1.4098,19.6296,19.6296,1.73127,33.9842,34.9614,24.1201,1.73127,0.204167
1.41,17.9259,17.9259,2,35.8518,34.9614,24.139,2.00119,0.245833
1.4102,16.6733,16.6733,1.8655,31.104,34.9614,24.1295,1.8655,0.2875
1.4104,19.2341,19.2341,1.54999,29.8126,34.9614,24.1075,1.54999,0.245833
1.4106,19.6286,19.6286,1.72854,33.9287,34.9614,24.12,1.72854,0.204167
1.4108,17.9405,17.9405,2,35.881,34.9614,24.139,2.00205,0.245833
1.411,16.6748,16.6748,1.8673,31.1368,34.9614,24.1296,1.8673,0.2875
1.4112,19.2283,19.2283,1.54724,29.7509,34.9614,24.1074,1.54724,0.245833
1.4114,19.6321,19.6321,1.72871,33.9383,34.9614,24.12,1.72871,0.204167
1.4116,17.9291,17.9291,2,35.8582,34.9614,24.1389,2.00178,0.245833
1.4118,16.6727,16.6727,1.86373,31.0735,34.9614,24.1296,1.86373,0.2875
1.412,19.2414,19.2414,1.54797,29.7851,34.9614,24.1074,1.54797,0.245833
1.4122,19.6297,19.6297,1.7283,33.9261,34.9614,24.1199,1.7283,0.204167
1.4124,17.9276,17.9276,2,35.8552,34.9614,24.1391,2.0043,0.245833
1.4126,16.6803,16.6803,1.86261,31.0689,34.9614,24.1294,1.86261,0.2875
1.4128,19.2314,19.2314,1.55111,29.8299,34.9614,24.1076,1.55111,0.245833
1.413,19.6235,19.6235,1.73066,33.9617,34.9614,24.1201,1.73066,0.204167
1.4132,17.9301,17.9301,1.99965,35.8539,34.9614,24.1387,1.99965,0.245833
1.4134,16.6853,16.6853,1.86461,31.1114,34.9614,24.1295,1.86461,0.2875
1.4136,19.2311,19.2311,1.55046,29.8171,34.9614,24.1076,1.55046,0.245833
1.4138,19.6253,19.6253,1.7291,33.934,34.9614,24.12,1.7291,0.204167
1.414,17.9364,17.9364,2,35.8727,34.9614,24.1389,2.00179,0.245833
1.4142,16.6778,16.6778,1.86498,31.1038,34.9614,24.1295,1.86498,0.2875
1.4144,19.232,19.232,1.5494,29.7982,34.9614,24.1075,1.5494,0.245833
1.4146,19.6268,19.6268,1.72806,33.9163,34.9614,24.1199,1.72806,0.204167
1.4148,17.9304,17.9304,2,35.8609,34.9614,24.1391,2.0033,0.245833
1.415,16.673,16.673,1.86529,31.0999,34.9614,24.1295,1.86529,0.2875
1.4152,19.2296,19.2296,1.55051,29.8157,34.9614,24.1076,1.55051,0.245833
1.4154,19.6245,19.6245,1.72894,33.9296,34.9614,24.12,1.72894,0.204167
1.4156,17.9341,17.9341,2,35.8682,34.9614,24.139,2.00339,0.245833
1.4158,16.6698,16.6698,1.86746,31.1302,34.9614,24.1297,1.86746,0.2875
1.416,19.2306,19.2306,1.54598,29.7301,34.9614,24.1073,1.54598,0.245833
1.4162,19.6388,19.6388,1.72689,33.9141,34.9614,24.1198,1.72689,0.204167
1.4164,17.9326,17.9326,2,35.8652,34.9614,24.139,2.00268,0.245833
1.4166,16.6725,16.6725,1.86498,31.0939,34.9614,24.1295,1.86498,0.2875
1.4168,19.234,19.234,1.54909,29.7953,34.9614,24.1075,1.54909,0.245833
1.417,19.6251,19.6251,1.72905,33.9328,34.9614,24.12,1.72905,0.204167
1.4172,17.9362,17.9362,2,35.8725,34.9614,24.1389,2.00177,0.245833
1.4174,16.6708,16.6708,1.86596,31.107,34.9614,24.1296,1.86596,0.2875
1.4176,19.2331,19.2331,1.54867,29.7858,34.9614,24.1075,1.54867,0.245833
1.4178,19.6293,19.6293,1.72926,33.9441,34.9614,24.12,1.72926,0.204167
1.418,17.9296,17.9296,2,35.8592,34.9614,24.1388,2.00031,0.245833
1.4182,16.6704,16.6704,1.86615,31.1095,34.9614,24.1297,1.86615,0.2875
1.4184,19.2367,19.2367,1.5479,29.7765,34.9614,24.1074,1.5479,0.245833
1.4186,19.6258,19.6258,1.73055,33.9634,34.9614,24.1201,1.73055,0.204167
1.4188,17.9339,17.9339,1.99991,35.8661,34.9614,24.1389,1.99991,0.245833
1.419,16.6814,16.6814,1.86536,31.1169,34.9614,24.1297,1.86536,0.2875
1.4192,19.2229,19.2229,1.55073,29.8096,34.9614,24.1076,1.55073,0.245833
1.4194,19.6308,19.6308,1.7269,33.9005,34.9614,24.1198,1.7269,0.204167
1.4196,17.9377,17.9377,2,35.8753,34.9614,24.1389,2.00281,0.245833
1.4198,16.6566,16.6566,1.86946,31.139,34.9614,24.1299,1.86946,0.2875
1.42,19.2319,19.2319,1.54576,29.7277,34.9614,24.1073,1.54576,0.245833
1.4202,19.6326,19.6326,1.72862,33.9374,34.9614,24.12,1.72862,0.204167
1.4204,17.9252,17.9252,2,35.8503,34.9614,24.1389,2.00226,0.245833
1.4206,16.6709,16.6709,1.86622,31.1115,34.9614,24.1296,1.86622,0.2875
1.4208,19.2385,19.2385,1.54778,29.7769,34.9614,24.1074,1.54778,0.245833
1.421,19.6294,19.6294,1.72891,33.9374,34.9614,24.12,1.72891,0.204167
1.4212,17.9307,17.9307,2,35.8614,34.9614,24.1389,2.00086,0.245833
1.4214,16.6683,16.6683,1.86585,31.1006,34.9614,24.1296,1.86585,0.2875
1.4216,19.2361,19.2361,1.54643,29.7473,34.9614,24.1073,1.54643,0.245833
1.4218,19.628,19.628,1.7313,33.982,34.9614,24.1201,1.7313,0.204167
1.422,17.9301,17.9301,2,35.8601,34.9614,24.1388,2.00092,0.245833
1.4222,16.6637,16.6637,1.86732,31.1165,34.9614,24.1296,1.86732,0.2875
1.4224,19.2319,19.2319,1.54728,29.7572,34.9614,24.1074,1.54728,0.245833
1.4226,19.6358,19.6358,1.72751,33.921,34.9614,24.1199,1.72751,0.204167
1.4228,17.9288,17.9288,2,35.8577,34.9614,24.1391,2.00426,0.245833
1.423,16.6705,16.6705,1.86519,31.0936,34.9614,24.1295,1.86519,0.2875
1.4232,19.2293,19.2293,1.54945,29.7948,34.9614,24.1075,1.54945,0.245833
1.4234,19.6277,19.6277,1.72928,33.9418,34.9614,24.12,1.72928,0.204167
1.4236,17.9341,17.9341,2,35.8682,34.9614,24.1388,2.00064,0.245833
1.4238,16.6695,16.6695,1.86625,31.1094,34.9614,24.1295,1.86625,0.2875
1.424,19.2353,19.2353,1.54912,29.7977,34.9614,24.1075,1.54912,0.245833
1.4242,19.6239,19.6239,1.73078,33.9645,34.9614,24.1201,1.73078,0.204167
1.4244,17.9291,17.9291,2,35.8583,34.9614,24.139,2.00132,0.245833
1.4246,16.6641,16.6641,1.86635,31.101,34.9614,24.1296,1.86635,0.2875
1.4248,19.2374,19.2374,1.5472,29.7642,34.9614,24.1074,1.5472,0.245833
1.425,19.6329,19.6329,1.72795,33.9247,34.9614,24.1199,1.72795,0.204167
1.4252,17.9367,17.9367,2,35.8735,34.9614,24.139,2.00299,0.245833
1.4254,16.6652,16.6652,1.86718,31.117,34.9614,24.1297,1.86718,0.2875
1.4256,19.2373,19.2373,1.54639,29.7482,34.9614,24.1073,1.54639,0.245833
1.4258,19.6318,19.6318,1.72874,33.9383,34.9614,24.12,1.72874,0.204167
1.426,17.9252,17.9252,2,35.8504,34.9614,24.1389,2.00219,0.245833
1.4262,16.6708,16.6708,1.86625,31.1119,34.9614,24.1296,1.86625,0.2875
1.4264,19.2302,19.2302,1.5472,29.753,34.9614,24.1074,1.5472,0.245833
1.4266,19.6326,19.6326,1.72909,33.9466,34.9614,24.12,1.72909,0.204167
1.4268,17.9305,17.9305,2,35.8611,34.9614,24.1389,2.00202,0.245833
1.427,16.6664,16.6664,1.86608,31.1009,34.9614,24.1295,1.86608,0.2875
1.4272,19.2352,19.2352,1.54752,29.767,34.9614,24.1074,1.54752,0.245833
1.4274,19.6265,19.6265,1.7288,33.9303,34.9614,24.12,1.7288,0.204167
1.4276,17.9364,17.9364,2,35.8728,34.9614,24.1389,2.0019,0.245833
1.4278,16.6782,16.6782,1.86587,31.1192,34.9614,24.1296,1.86587,0.2875
1.428,19.2287,19.2287,1.54925,29.79,34.9614,24.1075,1.54925,0.245833
1.4282,19.6293,19.6293,1.72892,33.9375,34.9614,24.12,1.72892,0.204167
1.4284,17.9307,17.9307,2,35.8614,34.9614,24.1389,2.00085,0.245833
1.4286,16.6558,16.6558,1.86864,31.1236,34.9614,24.1299,1.86864,0.2875
1.4288,19.2358,19.2358,1.54441,29.708,34.9614,24.1072,1.54441,0.245833
1.429,19.6335,19.6335,1.7278,33.9228,34.9614,24.1199,1.7278,0.204167
1.4292,17.926,17.926,2,35.852,34.9614,24.139,2.00357,0.245833
1.4294,16.6721,16.6721,1.86324,31.0642,34.9614,24.1294,1.86324,0.2875
1.4296,19.2378,19.2378,1.54986,29.8159,34.9614,24.1076,1.54986,0.245833
1.4298,19.6243,19.6243,1.72937,33.9378,34.9614,24.12,1.72937,0.204167
1.43,17.9368,17.9368,1.99997,35.8732,34.9614,24.1388,1.99997,0.245833
1.4302,16.6704,16.6704,1.86754,31.1327,34.9614,24.1297,1.86754,0.2875
1.4304,19.2268,19.2268,1.54841,29.771,34.9614,24.1074,1.54841,0.245833
1.4306,19.6335,19.6335,1.72823,33.9313,34.9614,24.1199,1.72823,0.204167
1.4308,17.9352,17.9352,2,35.8705,34.9614,24.1389,2.00186,0.245833
1.431,16.6707,16.6707,1.86893,31.1562,34.9614,24.1298,1.86893,0.2875
1.4312,19.225,19.225,1.54767,29.754,34.9614,24.1074,1.54767,0.245833
1.4314,19.6288,19.6288,1.7293,33.9441,34.9614,24.12,1.7293,0.204167
1.4316,17.9307,17.9307,2,35.8615,34.9614,24.1388,2.00041,0.245833
1.4318,16.6753,16.6753,1.86714,31.1351,34.9614,24.1296,1.86714,0.2875
1.432,19.2256,19.2256,1.54824,29.7658,34.9614,24.1075,1.54824,0.245833
1.4322,19.6262,19.6262,1.73122,33.9774,34.9614,24.1201,1.73122,0.204167
1.4324,17.9335,17.9335,1.9998,35.8635,34.9614,24.1389,1.9998,0.245833
1.4326,16.6754,16.6754,1.86811,31.1514,34.9614,24.1297,1.86811,0.2875
1.4328,19.2258,19.2258,1.54933,29.7871,34.9614,24.1075,1.54933,0.245833
1.433,19.6314,19.6314,1.72789,33.9208,34.9614,24.1199,1.72789,0.204167
1.4332,17.9287,17.9287,2,35.8574,34.9614,24.1391,2.00271,0.245833
1.4334,16.678,16.678,1.86552,31.1132,34.9614,24.1295,1.86552,0.2875
1.4336,19.2275,19.2275,1.55125,29.8266,34.9614,24.1077,1.55125,0.245833
1.4338,19.6271,19.6271,1.72808,33.9172,34.9614,24.1199,1.72808,0.204167
1.434,17.9326,17.9326,2,35.8652,34.9614,24.139,2.00201,0.245833
1.4342,16.66,16.66,1.86751,31.1126,34.9614,24.1298,1.86751,0.2875
1.4344,19.235,19.235,1.54561,29.7299,34.9614,24.1073,1.54561,0.245833
1.4346,19.6287,19.6287,1.73114,33.9801,34.9614,24.1201,1.73114,0.204167
1.4348,17.9312,17.9312,1.99978,35.8584,34.9614,24.1388,1.99978,0.245833
1.435,16.6798,16.6798,1.86659,31.1344,34.9614,24.1297,1.86659,0.2875
1.4352,19.2267,19.2267,1.55015,29.8043,34.9614,24.1076,1.55015,0.245833
1.4354,19.6295,19.6295,1.72808,33.9213,34.9614,24.1199,1.72808,0.204167
1.4356,17.9297,17.9297,2,35.8595,34.9614,24.139,2.00264,0.245833
1.4358,16.6722,16.6722,1.86674,31.1226,34.9614,24.1298,1.86674,0.2875
1.436,19.232,19.232,1.54638,29.7401,34.9614,24.1073,1.54638,0.245833
1.4362,19.6411,19.6411,1.72748,33.9297,34.9614,24.1199,1.72748,0.204167
1.4364,17.9286,17.9286,2,35.8572,34.9614,24.1389,2.00066,0.245833
1.4366,16.6785,16.6785,1.86545,31.1128,34.9614,24.1295,1.86545,0.2875
1.4368,19.228,19.228,1.54998,29.803,34.9614,24.1076,1.54998,0.245833
1.437,19.6288,19.6288,1.72946,33.9472,34.9614,24.12,1.72946,0.204167
1.4372,17.9303,17.9303,2,35.8607,34.9614,24.1388,2.00034,0.245833
1.4374,16.679,16.679,1.86629,31.1279,34.9614,24.1296,1.86629,0.2875
1.4376,19.2271,19.2271,1.54912,29.7852,34.9614,24.1075,1.54912,0.245833
1.4378,19.6285,19.6285,1.72904,33.9385,34.9614,24.12,1.72904,0.204167
1.438,17.9262,17.9262,2,35.8524,34.9614,24.139,2.00376,0.245833
1.4382,16.6709,16.6709,1.86506,31.0923,34.9614,24.1295,1.86506,0.2875
1.4384,19.2339,19.2339,1.5493,29.7991,34.9614,24.1075,1.5493,0.245833
1.4386,19.6275,19.6275,1.73025,33.9604,34.9614,24.1201,1.73025,0.204167
1.4388,17.9202,17.9202,2,35.8404,34.9614,24.1389,2.00253,0.245833
1.439,16.6671,16.6671,1.86622,31.1044,34.9614,24.1296,1.86622,0.2875
1.4392,19.2346,19.2346,1.54658,29.7478,34.9614,24.1073,1.54658,0.245833
1.4394,19.629,19.629,1.72952,33.9486,34.9614,24.12,1.72952,0.204167
1.4396,17.9312,17.9312,1.99969,35.8568,34.9614,24.1388,1.99969,0.245833
1.4398,16.6695,16.6695,1.8685,31.1469,34.9614,24.1297,1.8685,0.2875
1.44,19.2356,19.2356,1.54594,29.737,34.9614,24.1073,1.54594,0.245833
1.4402,19.636,19.636,1.72758,33.9227,34.9614,24.1199,1.72758,0.204167
1.4404,17.9303,17.9303,2,35.8605,34.9614,24.139,2.00273,0.245833
1.4406,16.6736,16.6736,1.86581,31.1097,34.9614,24.1295,1.86581,0.2875
1.4408,19.229,19.229,1.55001,29.805,34.9614,24.1076,1.55001,0.245833
1.441,19.6293,19.6293,1.72837,33.9267,34.9614,24.12,1.72837,0.204167
1.4412,17.9429,17.9429,2,35.8859,34.9614,24.1389,2.0008,0.245833
1.4414,16.6632,16.6632,1.86912,31.1455,34.9614,24.1298,1.86912,0.2875
1.4416,19.2357,19.2357,1.54557,29.7301,34.9614,24.1072,1.54557,0.245833
1.4418,19.6342,19.6342,1.7291,33.9495,34.9614,24.12,1.7291,0.204167
1.442,17.9244,17.9244,2,35.8489,34.9614,24.139,2.00195,0.245833
1.4422,16.6731,16.6731,1.86383,31.0759,34.9614,24.1294,1.86383,0.2875
1.4424,19.2305,19.2305,1.55069,29.8205,34.9614,24.1076,1.55069,0.245833
1.4426,19.626,19.626,1.72981,33.9492,34.9614,24.12,1.72981,0.204167
1.4428,17.9384,17.9384,1.99898,35.8584,34.9614,24.1387,1.99898,0.245833
1.443,16.6652,16.6652,1.86992,31.1626,34.9614,24.1299,1.86992,0.2875
1.4432,19.228,19.228,1.5449,29.7053,34.9614,24.1072,1.5449,0.245833
1.4434,19.6287,19.6287,1.73165,33.99,34.9614,24.1202,1.73165,0.204167
1.4436,17.9156,17.9156,2,35.8312,34.9614,24.139,2.00263,0.245833
1.4438,16.6727,16.6727,1.86306,31.0624,34.9614,24.1294,1.86306,0.2875
1.444,19.2368,19.2368,1.5497,29.8112,34.9614,24.1075,1.5497,0.245833
1.4442,19.626,19.626,1.72959,33.9449,34.9614,24.12,1.72959,0.204167
1.4444,17.9232,17.9232,2,35.8465,34.9614,24.139,2.00297,0.245833
1.4446,16.6782,16.6782,1.86432,31.0936,34.9614,24.1295,1.86432,0.2875
1.4448,19.2253,19.2253,1.55193,29.8363,34.9614,24.1077,1.55193,0.245833
1.445,19.6268,19.6268,1.7294,33.9426,34.9614,24.12,1.7294,0.204167
1.4452,17.9299,17.9299,1.99996,35.8591,34.9614,24.1388,1.99996,0.245833
1.4454,16.6723,16.6723,1.86799,31.1438,34.9614,24.1297,1.86799,0.2875
1.4456,19.2309,19.2309,1.54744,29.7586,34.9614,24.1074,1.54744,0.245833
1.4458,19.631,19.631,1.72797,33.9218,34.9614,24.1199,1.72797,0.204167
1.446,17.9345,17.9345,2,35.8689,34.9614,24.139,2.00211,0.245833
1.4462,16.6761,16.6761,1.86643,31.1248,34.9614,24.1296,1.86643,0.2875
1.4464,19.2214,19.2214,1.55059,29.8045,34.9614,24.1076,1.55059,0.245833
1.4466,19.6338,19.6338,1.72667,33.901,34.9614,24.1198,1.72667,0.204167
1.4468,17.931,17.931,2,35.862,34.9614,24.1391,2.00294,0.245833
1.447,16.6669,16.6669,1.8647,31.0788,34.9614,24.1296,1.8647,0.2875
1.4472,19.2343,19.2343,1.5487,29.7881,34.9614,24.1075,1.5487,0.245833
1.4474,19.6244,19.6244,1.73017,33.9535,34.9614,24.1201,1.73017,0.204167
1.4476,17.925,17.925,2,35.8501,34.9614,24.1388,2.00097,0.245833
1.4478,16.6741,16.6741,1.86557,31.1068,34.9614,24.1295,1.86557,0.2875
1.448,19.2332,19.2332,1.54866,29.7857,34.9614,24.1075,1.54866,0.245833
1.4482,19.6316,19.6316,1.72799,33.9232,34.9614,24.1199,1.72799,0.204167
1.4484,17.9393,17.9393,2,35.8787,34.9614,24.1388,2.00078,0.245833
1.4486,16.6662,16.6662,1.8666,31.1091,34.9614,24.1296,1.8666,0.2875
1.4488,19.2373,19.2373,1.54661,29.7526,34.9614,24.1073,1.54661,0.245833
1.449,19.6271,19.6271,1.73047,33.9642,34.9614,24.1201,1.73047,0.204167
1.4492,17.9193,17.9193,2,35.8385,34.9614,24.1388,2.00088,0.245833
1.4494,16.6798,16.6798,1.86541,31.1148,34.9614,24.1295,1.86541,0.2875
1.4496,19.2289,19.2289,1.55068,29.8179,34.9614,24.1076,1.55068,0.245833
1.4498,19.6252,19.6252,1.72961,33.944,34.9614,24.12,1.72961,0.204167
1.45,17.938,17.938,1.99858,35.8506,34.9614,24.1387,1.99858,0.245833
1.4502,16.6775,16.6775,1.86947,31.1781,34.9614,24.1298,1.86947,0.2875
1.4504,19.2178,19.2178,1.54978,29.7834,34.9614,24.1076,1.54978,0.245833
1.4506,19.6368,19.6368,1.72571,33.8874,34.9614,24.1198,1.72571,0.204167
1.4508,17.936,17.936,2,35.8719,34.9614,24.1388,2.00001,0.245833
1.451,16.6697,16.6697,1.86793,31.1379,34.9614,24.1297,1.86793,0.2875
1.4512,19.2279,19.2279,1.54677,29.7412,34.9614,24.1073,1.54677,0.245833
1.4514,19.6355,19.6355,1.72792,33.9287,34.9614,24.1199,1.72792,0.204167
1.4516,17.9281,17.9281,2,35.8562,34.9614,24.1391,2.00354,0.245833
1.4518,16.6753,16.6753,1.86291,31.0645,34.9614,24.1294,1.86291,0.2875
1.452,19.2373,19.2373,1.54989,29.8157,34.9614,24.1075,1.54989,0.245833
1.4522,19.6275,19.6275,1.72915,33.9389,34.9614,24.12,1.72915,0.204167
1.4524,17.9275,17.9275,2,35.855,34.9614,24.139,2.00306,0.245833
1.4526,16.6753,16.6753,1.86356,31.0756,34.9614,24.1294,1.86356,0.2875
1.4528,19.2311,19.2311,1.55059,29.8194,34.9614,24.1076,1.55059,0.245833
1.453,19.6253,19.6253,1.72908,33.9337,34.9614,24.12,1.72908,0.204167
1.4532,17.9364,17.9364,2,35.8728,34.9614,24.1389,2.00178,0.245833
1.4534,16.6777,16.6777,1.865,31.1039,34.9614,24.1295,1.865,0.2875
1.4536,19.232,19.232,1.54939,29.7979,34.9614,24.1075,1.54939,0.245833
1.4538,19.6261,19.6261,1.72877,33.929,34.9614,24.12,1.72877,0.204167
1.454,17.9367,17.9367,2,35.8733,34.9614,24.1389,2.00186,0.245833
1.4542,16.6773,16.6773,1.86633,31.1252,34.9614,24.1297,1.86633,0.2875
1.4544,19.2246,19.2246,1.54901,29.779,34.9614,24.1075,1.54901,0.245833
1.4546,19.6302,19.6302,1.72924,33.9454,34.9614,24.12,1.72924,0.204167
1.4548,17.9259,17.9259,2,35.8519,34.9614,24.1388,2.00053,0.245833
1.455,16.6791,16.6791,1.86557,31.1161,34.9614,24.1295,1.86557,0.2875
1.4552,19.2294,19.2294,1.54987,29.8032,34.9614,24.1076,1.54987,0.245833
1.4554,19.629,19.629,1.72786,33.9161,34.9614,24.1199,1.72786,0.204167
1.4556,17.9321,17.9321,2,35.8642,34.9614,24.1388,2.00054,0.245833
1.4558,16.6605,16.6605,1.86731,31.1104,34.9614,24.1298,1.86731,0.2875
1.456,19.2342,19.2342,1.54637,29.7431,34.9614,24.1073,1.54637,0.245833
1.4562,19.6346,19.6346,1.7275,33.9188,34.9614,24.1199,1.7275,0.204167
1.4564,17.931,17.931,2,35.862,34.9614,24.139,2.00259,0.245833
1.4566,16.6716,16.6716,1.86584,31.1065,34.9614,24.1297,1.86584,0.2875
1.4568,19.2362,19.2362,1.54737,29.7656,34.9614,24.1074,1.54737,0.245833
1.457,19.623,19.623,1.73137,33.9747,34.9614,24.1201,1.73137,0.204167
1.4572,17.929,17.929,2,35.8579,34.9614,24.1388,2.00072,0.245833
1.4574,16.674,16.674,1.86659,31.1236,34.9614,24.1296,1.86659,0.2875
1.4576,19.2253,19.2253,1.54902,29.7804,34.9614,24.1075,1.54902,0.245833
1.4578,19.6307,19.6307,1.72771,33.9162,34.9614,24.1199,1.72771,0.204167
1.458,17.9309,17.9309,2,35.8617,34.9614,24.1389,2.00237,0.245833
1.4582,16.6742,16.6742,1.86584,31.1114,34.9614,24.1297,1.86584,0.2875
1.4584,19.2331,19.2331,1.54883,29.7888,34.9614,24.1075,1.54883,0.245833
1.4586,19.6254,19.6254,1.72897,33.9317,34.9614,24.12,1.72897,0.204167
1.4588,17.9363,17.9363,2,35.8725,34.9614,24.1389,2.00182,0.245833
1.459,16.6777,16.6777,1.86495,31.1031,34.9614,24.1295,1.86495,0.2875
1.4592,19.2334,19.2334,1.54955,29.8031,34.9614,24.1075,1.54955,0.245833
1.4594,19.6257,19.6257,1.73072,33.9667,34.9614,24.1201,1.73072,0.204167
1.4596,17.928,17.928,2,35.856,34.9614,24.1389,2.00063,0.245833
1.4598,16.6665,16.6665,1.86801,31.1331,34.9614,24.1297,1.86801,0.2875
1.46,19.2313,19.2313,1.54554,29.7227,34.9614,24.1073,1.54554,0.245833
1.4602,19.6354,19.6354,1.72836,33.937,34.9614,24.1199,1.72836,0.204167
1.4604,17.9287,17.9287,2,35.8574,34.9614,24.1389,2.00129,0.245833
1.4606,16.6675,16.6675,1.86749,31.1265,34.9614,24.1297,1.86749,0.2875
1.4608,19.2247,19.2247,1.54748,29.7499,34.9614,24.1074,1.54748,0.245833
1.461,19.6329,19.6329,1.72866,33.9386,34.9614,24.12,1.72866,0.204167
1.4612,17.9295,17.9295,2,35.859,34.9614,24.139,2.00131,0.245833
1.4614,16.6787,16.6787,1.8658,31.1192,34.9614,24.1296,1.8658,0.2875
1.4616,19.2265,19.2265,1.55049,29.8104,34.9614,24.1076,1.55049,0.245833
1.4618,19.6294,19.6294,1.72789,33.9174,34.9614,24.1199,1.72789,0.204167
1.462,17.9269,17.9269,2,35.8538,34.9614,24.139,2.00392,0.245833
1.4622,16.6754,16.6754,1.86536,31.1056,34.9614,24.1295,1.86536,0.2875
1.4624,19.2313,19.2313,1.54883,29.7859,34.9614,24.1075,1.54883,0.245833
1.4626,19.6266,19.6266,1.72937,33.9417,34.9614,24.12,1.72937,0.204167
1.4628,17.9326,17.9326,2,35.8652,34.9614,24.1388,2.00009,0.245833
1.463,16.6817,16.6817,1.86629,31.1329,34.9614,24.1296,1.86629,0.2875
1.4632,19.2222,19.2222,1.54946,29.784,34.9614,24.1075,1.54946,0.245833
1.4634,19.6296,19.6296,1.72843,33.9285,34.9614,24.12,1.72843,0.204167
1.4636,17.9422,17.9422,2,35.8845,34.9614,24.1389,2.00043,0.245833
1.4638,16.6613,16.6613,1.86977,31.1529,34.9614,24.1298,1.86977,0.2875
1.464,19.2314,19.2314,1.54425,29.6981,34.9614,24.1072,1.54425,0.245833
1.4642,19.6358,19.6358,1.72901,33.9503,34.9614,24.12,1.72901,0.204167
1.4644,17.9244,17.9244,2,35.8489,34.9614,24.139,2.00333,0.245833
1.4646,16.6691,16.6691,1.86418,31.0743,34.9614,24.1294,1.86418,0.2875
1.4648,19.2322,19.2322,1.54991,29.8081,34.9614,24.1076,1.54991,0.245833
1.465,19.6247,19.6247,1.73045,33.9595,34.9614,24.1201,1.73045,0.204167
1.4652,17.917,17.917,2,35.834,34.9614,24.1389,2.002,0.245833
1.4654,16.6773,16.6773,1.86523,31.107,34.9614,24.1295,1.86523,0.2875
1.4656,19.2312,19.2312,1.55028,29.8138,34.9614,24.1076,1.55028,0.245833
1.4658,19.6286,19.6286,1.72761,33.9106,34.9614,24.1199,1.72761,0.204167
1.466,17.9354,17.9354,2,35.8707,34.9614,24.1389,2.00231,0.245833
1.4662,16.6717,16.6717,1.86645,31.1169,34.9614,24.1296,1.86645,0.2875
1.4664,19.2288,19.2288,1.54953,29.7957,34.9614,24.1075,1.54953,0.245833
1.4666,19.6268,19.6268,1.72926,33.9399,34.9614,24.12,1.72926,0.204167
1.4668,17.9366,17.9366,2,35.8731,34.9614,24.1388,2.00031,0.245833
1.467,16.6661,16.6661,1.86756,31.125,34.9614,24.1297,1.86756,0.2875
1.4672,19.2251,19.2251,1.54685,29.7383,34.9614,24.1073,1.54685,0.245833
1.4674,19.638,19.638,1.72763,33.9272,34.9614,24.1199,1.72763,0.204167
1.4676,17.9284,17.9284,2,35.8568,34.9614,24.1389,2.0022,0.245833
1.4678,16.6623,16.6623,1.86529,31.08,34.9614,24.1295,1.86529,0.2875
1.468,19.2362,19.2362,1.54664,29.7516,34.9614,24.1073,1.54664,0.245833
1.4682,19.6305,19.6305,1.72971,33.9551,34.9614,24.12,1.72971,0.204167
1.4684,17.9313,17.9313,2,35.8626,34.9614,24.1389,2.00045,0.245833
1.4686,16.6746,16.6746,1.86591,31.1132,34.9614,24.1295,1.86591,0.2875
1.4688,19.2275,19.2275,1.54873,29.7782,34.9614,24.1075,1.54873,0.245833
1.469,19.627,19.627,1.73077,33.9699,34.9614,24.1201,1.73077,0.204167
1.4692,17.9282,17.9282,2,35.8564,34.9614,24.1389,2.00009,0.245833
1.4694,16.6826,16.6826,1.86552,31.1218,34.9614,24.1295,1.86552,0.2875
1.4696,19.2288,19.2288,1.55084,29.8208,34.9614,24.1076,1.55084,0.245833
1.4698,19.623,19.623,1.73061,33.9597,34.9614,24.1201,1.73061,0.204167
1.47,17.9231,17.9231,2,35.8462,34.9614,24.1389,2.00166,0.245833
1.4702,16.6655,16.6655,1.86745,31.122,34.9614,24.1296,1.86745,0.2875
1.4704,19.2302,19.2302,1.54776,29.7637,34.9614,24.1074,1.54776,0.245833
1.4706,19.6329,19.6329,1.72851,33.9356,34.9614,24.1199,1.72851,0.204167
1.4708,17.927,17.927,2,35.8539,34.9614,24.1389,2.00201,0.245833
1.471,16.6667,16.6667,1.86455,31.0759,34.9614,24.1296,1.86455,0.2875
1.4712,19.2335,19.2335,1.54878,29.7884,34.9614,24.1075,1.54878,0.245833
1.4714,19.6299,19.6299,1.729,33.94,34.9614,24.12,1.729,0.204167
1.4716,17.9265,17.9265,2,35.8531,34.9614,24.139,2.0015,0.245833
1.4718,16.6756,16.6756,1.86319,31.0698,34.9614,24.1294,1.86319,0.2875
1.472,19.23,19.23,1.54958,29.7985,34.9614,24.1075,1.54958,0.245833
1.4722,19.6299,19.6299,1.72865,33.9332,34.9614,24.12,1.72865,0.204167
1.4724,17.9356,17.9356,2,35.8711,34.9614,24.1389,2.00217,0.245833
1.4726,16.6768,16.6768,1.86642,31.1259,34.9614,24.1296,1.86642,0.2875
1.4728,19.2247,19.2247,1.54908,29.7804,34.9614,24.1075,1.54908,0.245833
1.473,19.6277,19.6277,1.7298,33.952,34.9614,24.12,1.7298,0.204167
1.4732,17.9241,17.9241,2,35.8483,34.9614,24.1389,2.00268,0.245833
1.4734,16.667,16.667,1.86638,31.1069,34.9614,24.1296,1.86638,0.2875
1.4736,19.2318,19.2318,1.54827,29.7759,34.9614,24.1075,1.54827,0.245833
1.4738,19.6318,19.6318,1.72814,33.9264,34.9614,24.1199,1.72814,0.204167
1.474,17.9387,17.9387,2,35.8773,34.9614,24.1389,2.00049,0.245833
1.4742,16.669,16.669,1.86703,31.1215,34.9614,24.1297,1.86703,0.2875
1.4744,19.2282,19.2282,1.54659,29.7381,34.9614,24.1073,1.54659,0.245833
1.4746,19.6337,19.6337,1.7292,33.9506,34.9614,24.12,1.7292,0.204167
1.4748,17.9252,17.9252,2,35.8504,34.9614,24.139,2.00383,0.245833
1.475,16.6636,16.6636,1.86737,31.1171,34.9614,24.1296,1.86737,0.2875
1.4752,19.2321,19.2321,1.54724,29.7568,34.9614,24.1074,1.54724,0.245833
1.4754,19.6362,19.6362,1.72685,33.9088,34.9614,24.1198,1.72685,0.204167
1.4756,17.9335,17.9335,2,35.867,34.9614,24.1389,2.00265,0.245833
1.4758,16.671,16.671,1.86749,31.1329,34.9614,24.1297,1.86749,0.2875
1.476,19.2306,19.2306,1.54701,29.75,34.9614,24.1073,1.54701,0.245833
1.4762,19.6338,19.6338,1.72842,33.9356,34.9614,24.1199,1.72842,0.204167
1.4764,17.9277,17.9277,2,35.8555,34.9614,24.1389,2.00115,0.245833
1.4766,16.6784,16.6784,1.86439,31.095,34.9614,24.1296,1.86439,0.2875
1.4768,19.2309,19.2309,1.55075,29.8223,34.9614,24.1076,1.55075,0.245833
1.477,19.6266,19.6266,1.72843,33.9231,34.9614,24.12,1.72843,0.204167
1.4772,17.9355,17.9355,2,35.871,34.9614,24.1389,2.00152,0.245833
1.4774,16.6762,16.6762,1.8645,31.0927,34.9614,24.1294,1.8645,0.2875
1.4776,19.2246,19.2246,1.55225,29.8414,34.9614,24.1077,1.55225,0.245833
1.4778,19.6284,19.6284,1.72687,33.8958,34.9614,24.1199,1.72687,0.204167
1.478,17.9389,17.9389,2,35.8778,34.9614,24.1389,2.00231,0.245833
1.4782,16.6647,16.6647,1.86756,31.1222,34.9614,24.1297,1.86756,0.2875
1.4784,19.2295,19.2295,1.54632,29.7351,34.9614,24.1073,1.54632,0.245833
1.4786,19.6363,19.6363,1.7278,33.9276,34.9614,24.1199,1.7278,0.204167
1.4788,17.9215,17.9215,2,35.8431,34.9614,24.1391,2.00317,0.245833
1.479,16.681,16.681,1.86459,31.1032,34.9614,24.1294,1.86459,0.2875
1.4792,19.23,19.23,1.55082,29.8223,34.9614,24.1076,1.55082,0.245833
1.4794,19.626,19.626,1.72899,33.9332,34.9614,24.12,1.72899,0.204167
1.4796,17.9321,17.9321,2,35.8641,34.9614,24.1391,2.00244,0.245833
1.4798,16.6709,16.6709,1.86752,31.1333,34.9614,24.1296,1.86752,0.2875
1.48,19.2292,19.2292,1.54769,29.7608,34.9614,24.1074,1.54769,0.245833
1.4802,19.6296,19.6296,1.72854,33.9304,34.9614,24.12,1.72854,0.204167
1.4804,17.9321,17.9321,2,35.8642,34.9614,24.1389,2.00147,0.245833
1.4806,16.66,16.66,1.86731,31.1093,34.9614,24.1297,1.86731,0.2875
1.4808,19.234,19.234,1.546,29.7358,34.9614,24.1073,1.546,0.245833
1.481,19.6335,19.6335,1.72902,33.9469,34.9614,24.12,1.72902,0.204167
1.4812,17.9275,17.9275,2,35.8549,34.9614,24.139,2.00307,0.245833
1.4814,16.6753,16.6753,1.86355,31.0753,34.9614,24.1294,1.86355,0.2875
1.4816,19.2311,19.2311,1.55059,29.8196,34.9614,24.1076,1.55059,0.245833
1.4818,19.6277,19.6277,1.72926,33.9414,34.9614,24.12,1.72926,0.204167
1.482,17.9343,17.9343,2,35.8685,34.9614,24.1388,2.00044,0.245833
1.4822,16.6641,16.6641,1.86693,31.1107,34.9614,24.1296,1.86693,0.2875
1.4824,19.2373,19.2373,1.54538,29.7289,34.9614,24.1073,1.54538,0.245833
1.4826,19.6326,19.6326,1.72883,33.9415,34.9614,24.12,1.72883,0.204167
1.4828,17.9311,17.9311,2,35.8621,34.9614,24.1389,2.00208,0.245833
1.483,16.6698,16.6698,1.86673,31.118,34.9614,24.1296,1.86673,0.2875
1.4832,19.2343,19.2343,1.54641,29.7442,34.9614,24.1073,1.54641,0.245833
1.4834,19.6356,19.6356,1.72767,33.9239,34.9614,24.1199,1.72767,0.204167
1.4836,17.9257,17.9257,2,35.8514,34.9614,24.1389,2.00177,0.245833
1.4838,16.6699,16.6699,1.86485,31.0868,34.9614,24.1295,1.86485,0.2875
1.484,19.2304,19.2304,1.54853,29.7787,34.9614,24.1075,1.54853,0.245833
1.4842,19.6314,19.6314,1.72916,33.9459,34.9614,24.12,1.72916,0.204167
1.4844,17.9287,17.9287,2,35.8573,34.9614,24.1389,2.00164,0.245833
1.4846,16.672,16.672,1.86511,31.0951,34.9614,24.1295,1.86511,0.2875
1.4848,19.2354,19.2354,1.54804,29.7771,34.9614,24.1074,1.54804,0.245833
1.485,19.6309,19.6309,1.72927,33.9472,34.9614,24.12,1.72927,0.204167
1.4852,17.9308,17.9308,2,35.8617,34.9614,24.1389,2.00032,0.245833
1.4854,16.6746,16.6746,1.86802,31.1484,34.9614,24.1297,1.86802,0.2875
1.4856,19.2326,19.2326,1.54694,29.7518,34.9614,24.1073,1.54694,0.245833
1.4858,19.6312,19.6312,1.72936,33.9495,34.9614,24.12,1.72936,0.204167
1.486,17.927,17.927,2,35.854,34.9614,24.1388,2.00092,0.245833
1.4862,16.6762,16.6762,1.86513,31.1032,34.9614,24.1295,1.86513,0.2875
1.4864,19.2346,19.2346,1.54806,29.7763,34.9614,24.1074,1.54806,0.245833
1.4866,19.626,19.626,1.72988,33.9506,34.9614,24.12,1.72988,0.204167
1.4868,17.9332,17.9332,2,35.8665,34.9614,24.1388,2.00084,0.245833
1.487,16.6703,16.6703,1.86795,31.1392,34.9614,24.1297,1.86795,0.2875
1.4872,19.2277,19.2277,1.54689,29.7433,34.9614,24.1073,1.54689,0.245833
1.4874,19.6327,19.6327,1.72871,33.9393,34.9614,24.12,1.72871,0.204167
1.4876,17.9295,17.9295,2,35.8591,34.9614,24.1389,2.00177,0.245833
1.4878,16.6646,16.6646,1.86524,31.0835,34.9614,24.1297,1.86524,0.2875
1.488,19.2329,19.2329,1.54789,29.7704,34.9614,24.1074,1.54789,0.245833
1.4882,19.634,19.634,1.72712,33.9102,34.9614,24.1199,1.72712,0.204167
1.4884,17.9408,17.9408,2,35.8815,34.9614,24.1389,2.00113,0.245833
1.4886,16.6649,16.6649,1.86889,31.1447,34.9614,24.1298,1.86889,0.2875
1.4888,19.2325,19.2325,1.54669,29.7467,34.9614,24.1073,1.54669,0.245833
1.489,19.6323,19.6323,1.72882,33.9407,34.9614,24.12,1.72882,0.204167
1.4892,17.9293,17.9293,2,35.8585,34.9614,24.139,2.00145,0.245833
1.4894,16.6668,16.6668,1.86669,31.1118,34.9614,24.1296,1.86669,0.2875
1.4896,19.2337,19.2337,1.54678,29.7504,34.9614,24.1073,1.54678,0.245833
1.4898,19.632,19.632,1.7292,33.9476,34.9614,24.12,1.7292,0.204167
1.49,17.9224,17.9224,2,35.8447,34.9614,24.139,2.00399,0.245833
1.4902,16.6724,16.6724,1.865,31.0939,34.9614,24.1295,1.865,0.2875
1.4904,19.2367,19.2367,1.54743,29.7675,34.9614,24.1074,1.54743,0.245833
1.4906,19.6306,19.6306,1.73048,33.9703,34.9614,24.1201,1.73048,0.204167
1.4908,17.9295,17.9295,1.99867,35.8352,34.9614,24.1387,1.99867,0.245833
1.491,16.6835,16.6835,1.86638,31.1378,34.9614,24.1296,1.86638,0.2875
1.4912,19.2248,19.2248,1.54924,29.7838,34.9614,24.1075,1.54924,0.245833
1.4914,19.627,19.627,1.7308,33.9705,34.9614,24.1201,1.7308,0.204167
1.4916,17.9263,17.9263,2,35.8526,34.9614,24.139,2.00371,0.245833
1.4918,16.6674,16.6674,1.86412,31.0701,34.9614,24.1294,1.86412,0.2875
1.492,19.2404,19.2404,1.54737,29.7721,34.9614,24.1074,1.54737,0.245833
1.4922,19.6259,19.6259,1.73149,33.9821,34.9614,24.1202,1.73149,0.204167
1.4924,17.9279,17.9279,2,35.8558,34.9614,24.1388,2.00108,0.245833
1.4926,16.6723,16.6723,1.86476,31.0899,34.9614,24.1295,1.86476,0.2875
1.4928,19.2322,19.2322,1.54858,29.7826,34.9614,24.1075,1.54858,0.245833
1.493,19.6284,19.6284,1.72907,33.9389,34.9614,24.12,1.72907,0.204167
1.4932,17.9298,17.9298,2,35.8596,34.9614,24.1389,2.00101,0.245833
1.4934,16.6794,16.6794,1.86547,31.115,34.9614,24.1295,1.86547,0.2875
1.4936,19.2353,19.2353,1.54955,29.806,34.9614,24.1075,1.54955,0.245833
1.4938,19.6273,19.6273,1.72802,33.9164,34.9614,24.1199,1.72802,0.204167
1.494,17.9365,17.9365,2,35.8729,34.9614,24.1389,2.00158,0.245833
1.4942,16.6648,16.6648,1.86738,31.1195,34.9614,24.1296,1.86738,0.2875
1.4944,19.2318,19.2318,1.54708,29.7531,34.9614,24.1074,1.54708,0.245833
1.4946,19.6363,19.6363,1.72719,33.9156,34.9614,24.1199,1.72719,0.204167
1.4948,17.9311,17.9311,2,35.8623,34.9614,24.1389,2.00247,0.245833
1.495,16.6771,16.6771,1.8653,31.1078,34.9614,24.1295,1.8653,0.2875
1.4952,19.2359,19.2359,1.54868,29.7902,34.9614,24.1075,1.54868,0.245833
1.4954,19.6297,19.6297,1.72789,33.9181,34.9614,24.1199,1.72789,0.204167
1.4956,17.9278,17.9278,2,35.8557,34.9614,24.139,2.00396,0.245833
1.4958,16.6773,16.6773,1.86323,31.0737,34.9614,24.1294,1.86323,0.2875
1.496,19.2296,19.2296,1.55063,29.818,34.9614,24.1076,1.55063,0.245833
1.4962,19.623,19.623,1.72956,33.9392,34.9614,24.12,1.72956,0.204167
1.4964,17.9248,17.9248,2,35.8497,34.9614,24.139,2.00167,0.245833
1.4966,16.6681,16.6681,1.86525,31.09,34.9614,24.1297,1.86525,0.2875
1.4968,19.2374,19.2374,1.54778,29.7752,34.9614,24.1074,1.54778,0.245833
1.497,19.6265,19.6265,1.73059,33.9656,34.9614,24.1201,1.73059,0.204167
1.4972,17.9262,17.9262,2,35.8525,34.9614,24.139,2.00225,0.245833
1.4974,16.6721,16.6721,1.86529,31.0984,34.9614,24.1295,1.86529,0.2875
1.4976,19.2337,19.2337,1.54882,29.7894,34.9614,24.1075,1.54882,0.245833
1.4978,19.6319,19.6319,1.72782,33.9203,34.9614,24.1199,1.72782,0.204167
1.498,17.9316,17.9316,2,35.8632,34.9614,24.1388,2.0009,0.245833
1.4982,16.6787,16.6787,1.86708,31.1405,34.9614,24.1296,1.86708,0.2875
1.4984,19.2223,19.2223,1.54932,29.7815,34.9614,24.1075,1.54932,0.245833
1.4986,19.6321,19.6321,1.72628,33.8905,34.9614,24.1198,1.72628,0.204167
1.4988,17.9361,17.9361,2,35.8723,34.9614,24.1389,2.0004,0.245833
1.499,16.6662,16.6662,1.86704,31.1165,34.9614,24.1296,1.86704,0.2875
1.4992,19.2329,19.2329,1.54739,29.7609,34.9614,24.1074,1.54739,0.245833
1.4994,19.6332,19.6332,1.72873,33.9406,34.9614,24.12,1.72873,0.204167
1.4996,17.9307,17.9307,2,35.8614,34.9614,24.1389,2.00209,0.245833
1.4998,16.6655,16.6655,1.86592,31.0966,34.9614,24.1296,1.86592,0.2875
1.5,19.2309,19.2309,1.54958,29.8,34.9614,24.1075,1.54958,0.245833
1.5002,19.6288,19.6288,1.72853,33.9289,34.9614,24.12,1.72853,0.204167
1.5004,17.9405,17.9405,2,35.8811,34.9614,24.1389,2.00189,0.245833
1.5006,16.6717,16.6717,1.86765,31.1369,34.9614,24.1298,1.86765,0.2875
1.5008,19.2294,19.2294,1.54801,29.7673,34.9614,24.1074,1.54801,0.245833
1.501,19.6275,19.6275,1.7305,33.9654,34.9614,24.1201,1.7305,0.204167
1.5012,17.9269,17.9269,2,35.8538,34.9614,24.139,2.00385,0.245833
1.5014,16.6754,16.6754,1.86538,31.1059,34.9614,24.1295,1.86538,0.2875
1.5016,19.2289,19.2289,1.54939,29.7931,34.9614,24.1075,1.54939,0.245833
1.5018,19.6286,19.6286,1.72958,33.9493,34.9614,24.12,1.72958,0.204167
1.502,17.93,17.93,1.99975,35.8555,34.9614,24.1389,1.99975,0.245833
1.5022,16.6836,16.6836,1.86584,31.1289,34.9614,24.1297,1.86584,0.2875
1.5024,19.2297,19.2297,1.54885,29.7839,34.9614,24.1075,1.54885,0.245833
1.5026,19.6303,19.6303,1.72771,33.9154,34.9614,24.1199,1.72771,0.204167
1.5028,17.9317,17.9317,2,35.8634,34.9614,24.1389,2.00204,0.245833
1.503,16.6632,16.6632,1.86526,31.0812,34.9614,24.1297,1.86526,0.2875
1.5032,19.2334,19.2334,1.54728,29.7595,34.9614,24.1074,1.54728,0.245833
1.5034,19.6292,19.6292,1.72898,33.9384,34.9614,24.12,1.72898,0.204167
1.5036,17.9284,17.9284,2,35.8567,34.9614,24.1388,2.0013,0.245833
1.5038,16.6736,16.6736,1.86531,31.1015,34.9614,24.1295,1.86531,0.2875
1.504,19.2278,19.2278,1.55004,29.8039,34.9614,24.1076,1.55004,0.245833
1.5042,19.6267,19.6267,1.72892,33.9331,34.9614,24.12,1.72892,0.204167
1.5044,17.9358,17.9358,2,35.8716,34.9614,24.1389,2.00194,0.245833
1.5046,16.679,16.679,1.86543,31.1134,34.9614,24.1296,1.86543,0.2875
1.5048,19.2269,19.2269,1.55007,29.8029,34.9614,24.1076,1.55007,0.245833
1.505,19.6273,19.6273,1.72977,33.9507,34.9614,24.12,1.72977,0.204167
1.5052,17.93,17.93,2,35.8601,34.9614,24.1389,2.00165,0.245833
1.5054,16.6646,16.6646,1.8654,31.0861,34.9614,24.1297,1.8654,0.2875
1.5056,19.2397,19.2397,1.54732,29.7699,34.9614,24.1074,1.54732,0.245833
1.5058,19.6282,19.6282,1.72985,33.9538,34.9614,24.12,1.72985,0.204167
1.506,17.9248,17.9248,2,35.8496,34.9614,24.1389,2.00129,0.245833
1.5062,16.6709,16.6709,1.86629,31.1126,34.9614,24.1296,1.86629,0.2875
1.5064,19.2263,19.2263,1.54959,29.7928,34.9614,24.1075,1.54959,0.245833
1.5066,19.6263,19.6263,1.73023,33.9581,34.9614,24.1201,1.73023,0.204167
1.5068,17.9243,17.9243,2,35.8485,34.9614,24.1389,2.00136,0.245833
1.507,16.6711,16.6711,1.8662,31.1116,34.9614,24.1295,1.8662,0.2875
1.5072,19.239,19.239,1.54691,29.7611,34.9614,24.1074,1.54691,0.245833
1.5074,19.6257,19.6257,1.73126,33.9773,34.9614,24.1201,1.73126,0.204167
1.5076,17.9337,17.9337,1.99974,35.8627,34.9614,24.1389,1.99974,0.245833
1.5078,16.6754,16.6754,1.86817,31.1525,34.9614,24.1297,1.86817,0.2875
1.508,19.2254,19.2254,1.5488,29.7763,34.9614,24.1075,1.5488,0.245833
1.5082,19.6331,19.6331,1.72799,33.9258,34.9614,24.1199,1.72799,0.204167
1.5084,17.9406,17.9406,2,35.8812,34.9614,24.1388,2.00002,0.245833
1.5086,16.661,16.661,1.86872,31.1347,34.9614,24.1297,1.86872,0.2875
1.5088,19.2291,19.2291,1.54549,29.7184,34.9614,24.1072,1.54549,0.245833
1.509,19.6336,19.6336,1.72951,33.9565,34.9614,24.12,1.72951,0.204167
1.5092,17.9257,17.9257,2,35.8514,34.9614,24.139,2.0022,0.245833
1.5094,16.6705,16.6705,1.86568,31.1018,34.9614,24.1297,1.86568,0.2875
1.5096,19.2356,19.2356,1.54766,29.7702,34.9614,24.1074,1.54766,0.245833
1.5098,19.63,19.63,1.72878,33.936,34.9614,24.12,1.72878,0.204167
1.51,17.9287,17.9287,2,35.8575,34.9614,24.139,2.00182,0.245833
1.5102,16.6652,16.6652,1.86592,31.0959,34.9614,24.1295,1.86592,0.2875
1.5104,19.2329,19.2329,1.5488,29.7878,34.9614,24.1075,1.5488,0.245833
1.5106,19.6269,19.6269,1.73035,33.9614,34.9614,24.1201,1.73035,0.204167
1.5108,17.9211,17.9211,2,35.8423,34.9614,24.1389,2.00203,0.245833
1.511,16.6748,16.6748,1.86416,31.0846,34.9614,24.1294,1.86416,0.2875
1.5112,19.2317,19.2317,1.54846,29.7795,34.9614,24.1075,1.54846,0.245833
1.5114,19.6318,19.6318,1.72805,33.9248,34.9614,24.1199,1.72805,0.204167
1.5116,17.933,17.933,2,35.8661,34.9614,24.1389,2.00122,0.245833
1.5118,16.66,16.66,1.86768,31.1154,34.9614,24.1297,1.86768,0.2875
1.512,19.2327,19.2327,1.54608,29.7354,34.9614,24.1073,1.54608,0.245833
1.5122,19.6354,19.6354,1.72903,33.9503,34.9614,24.12,1.72903,0.204167
1.5124,17.9253,17.9253,2,35.8506,34.9614,24.139,2.00354,0.245833
1.5126,16.6716,16.6716,1.86511,31.0945,34.9614,24.1295,1.86511,0.2875
1.5128,19.2321,19.2321,1.54825,29.7762,34.9614,24.1074,1.54825,0.245833
1.513,19.6319,19.6319,1.72811,33.926,34.9614,24.1199,1.72811,0.204167
1.5132,17.9364,17.9364,2,35.8727,34.9614,24.1389,2.00098,0.245833
1.5134,16.6661,16.6661,1.86626,31.1033,34.9614,24.1297,1.86626,0.2875
1.5136,19.2371,19.2371,1.54769,29.7731,34.9614,24.1074,1.54769,0.245833
1.5138,19.6298,19.6298,1.7289,33.9379,34.9614,24.12,1.7289,0.204167
1.514,17.9306,17.9306,1.99983,35.8582,34.9614,24.1388,1.99983,0.245833
1.5142,16.6843,16.6843,1.86506,31.1172,34.9614,24.1295,1.86506,0.2875
1.5144,19.2278,19.2278,1.55114,29.8252,34.9614,24.1076,1.55114,0.245833
1.5146,19.6275,19.6275,1.72877,33.9313,34.9614,24.1199,1.72877,0.204167
1.5148,17.9338,17.9338,2,35.8677,34.9614,24.1388,2.00089,0.245833
1.515,16.6632,16.6632,1.86657,31.1029,34.9614,24.1296,1.86657,0.2875
1.5152,19.2344,19.2344,1.54749,29.765,34.9614,24.1074,1.54749,0.245833
1.5154,19.6323,19.6323,1.72916,33.9474,34.9614,24.12,1.72916,0.204167
1.5156,17.9299,17.9299,2,35.8598,34.9614,24.1389,2.00203,0.245833
1.5158,16.6618,16.6618,1.86544,31.0816,34.9614,24.1297,1.86544,0.2875
1.516,19.2371,19.2371,1.54623,29.7449,34.9614,24.1073,1.54623,0.245833
1.5162,19.6293,19.6293,1.73061,33.9706,34.9614,24.1201,1.73061,0.204167
1.5164,17.9286,17.9286,2,35.8572,34.9614,24.1388,2.00068,0.245833
1.5166,16.6786,16.6786,1.86569,31.1171,34.9614,24.1296,1.86569,0.2875
1.5168,19.2294,19.2294,1.54982,29.8021,34.9614,24.1075,1.54982,0.245833
1.517,19.6298,19.6298,1.72931,33.946,34.9614,24.12,1.72931,0.204167
1.5172,17.9242,17.9242,2,35.8485,34.9614,24.139,2.00326,0.245833
1.5174,16.679,16.679,1.86413,31.0918,34.9614,24.1294,1.86413,0.2875
1.5176,19.2363,19.2363,1.54935,29.8039,34.9614,24.1075,1.54935,0.245833
1.5178,19.6297,19.6297,1.72771,33.9145,34.9614,24.1199,1.72771,0.204167
1.518,17.9318,17.9318,2,35.8637,34.9614,24.1389,2.00212,0.245833
1.5182,16.6693,16.6693,1.86607,31.1062,34.9614,24.1297,1.86607,0.2875
1.5184,19.234,19.234,1.54758,29.7661,34.9614,24.1074,1.54758,0.245833
1.5186,19.6291,19.6291,1.72981,33.9545,34.9614,24.12,1.72981,0.204167
1.5188,17.9214,17.9214,2,35.8429,34.9614,24.139,2.00353,0.245833
1.519,16.6734,16.6734,1.8632,31.066,34.9614,24.1295,1.8632,0.2875
1.5192,19.234,19.234,1.55023,29.8172,34.9614,24.1076,1.55023,0.245833
1.5194,19.6256,19.6256,1.72929,33.9383,34.9614,24.12,1.72929,0.204167
1.5196,17.9372,17.9372,2,35.8744,34.9614,24.1388,2.00033,0.245833
1.5198,16.6664,16.6664,1.8671,31.1179,34.9614,24.1296,1.8671,0.2875
1.52,19.233,19.233,1.54667,29.747,34.9614,24.1073,1.54667,0.245833
1.5202,19.6328,19.6328,1.72783,33.9221,34.9614,24.1199,1.72783,0.204167
1.5204,17.9251,17.9251,2,35.8502,34.9614,24.139,2.0034,0.245833
1.5206,16.668,16.668,1.86475,31.0817,34.9614,24.1295,1.86475,0.2875
1.5208,19.2311,19.2311,1.54899,29.7888,34.9614,24.1075,1.54899,0.245833
1.521,19.6289,19.6289,1.72958,33.9497,34.9614,24.12,1.72958,0.204167
1.5212,17.9377,17.9377,2,35.8754,34.9614,24.1389,2.00015,0.245833
1.5214,16.6653,16.6653,1.86812,31.1326,34.9614,24.1297,1.86812,0.2875
1.5216,19.2257,19.2257,1.54608,29.7245,34.9614,24.1073,1.54608,0.245833
1.5218,19.6381,19.6381,1.72817,33.9379,34.9614,24.1199,1.72817,0.204167
1.522,17.9344,17.9344,2,35.8688,34.9614,24.139,2.00111,0.245833
1.5222,16.6607,16.6607,1.86895,31.138,34.9614,24.1297,1.86895,0.2875
1.5224,19.2321,19.2321,1.54565,29.726,34.9614,24.1073,1.54565,0.245833
1.5226,19.6348,19.6348,1.7285,33.9389,34.9614,24.12,1.7285,0.204167
1.5228,17.9222,17.9222,2,35.8444,34.9614,24.1389,2.00234,0.245833
1.523,16.6746,16.6746,1.86339,31.0713,34.9614,24.1295,1.86339,0.2875
1.5232,19.2345,19.2345,1.54904,29.7951,34.9614,24.1075,1.54904,0.245833
1.5234,19.6255,19.6255,1.72932,33.9388,34.9614,24.12,1.72932,0.204167
1.5236,17.9372,17.9372,2,35.8744,34.9614,24.1388,2.0003,0.245833
1.5238,16.6658,16.6658,1.86723,31.1189,34.9614,24.1296,1.86723,0.2875
1.524,19.2349,19.2349,1.54547,29.727,34.9614,24.1073,1.54547,0.245833
1.5242,19.6314,19.6314,1.72992,33.9608,34.9614,24.1201,1.72992,0.204167
1.5244,17.9198,17.9198,2,35.8397,34.9614,24.1389,2.00179,0.245833
1.5246,16.6803,16.6803,1.86372,31.0875,34.9614,24.1294,1.86372,0.2875
1.5248,19.2289,19.2289,1.55123,29.8285,34.9614,24.1077,1.55123,0.245833
1.525,19.6257,19.6257,1.72892,33.9312,34.9614,24.12,1.72892,0.204167
1.5252,17.9365,17.9365,2,35.8731,34.9614,24.1389,2.00178,0.245833
1.5254,16.6725,16.6725,1.86854,31.1532,34.9614,24.1297,1.86854,0.2875
1.5256,19.2256,19.2256,1.54872,29.7751,34.9614,24.1075,1.54872,0.245833
1.5258,19.6325,19.6325,1.72871,33.9389,34.9614,24.12,1.72871,0.204167
1.526,17.9299,17.9299,2,35.8598,34.9614,24.1388,2.00016,0.245833
1.5262,16.675,16.675,1.868,31.1488,34.9614,24.1297,1.868,0.2875
1.5264,19.2297,19.2297,1.54896,29.7859,34.9614,24.1075,1.54896,0.245833
1.5266,19.6274,19.6274,1.7298,33.9514,34.9614,24.1201,1.7298,0.204167
1.5268,17.9336,17.9336,1.99955,35.859,34.9614,24.1387,1.99955,0.245833
1.527,16.6688,16.6688,1.86859,31.1472,34.9614,24.1297,1.86859,0.2875
1.5272,19.2346,19.2346,1.54666,29.7494,34.9614,24.1073,1.54666,0.245833
1.5274,19.6335,19.6335,1.72802,33.927,34.9614,24.1199,1.72802,0.204167
1.5276,17.9317,17.9317,2,35.8635,34.9614,24.1391,2.00312,0.245833
1.5278,16.6739,16.6739,1.86567,31.108,34.9614,24.1295,1.86567,0.2875
1.528,19.2352,19.2352,1.54846,29.7851,34.9614,24.1074,1.54846,0.245833
1.5282,19.6292,19.6292,1.72959,33.9505,34.9614,24.12,1.72959,0.204167
1.5284,17.9363,17.9363,1.99979,35.8687,34.9614,24.1389,1.99979,0.245833
1.5286,16.6706,16.6706,1.86858,31.1504,34.9614,24.1298,1.86858,0.2875
1.5288,19.2324,19.2324,1.54697,29.7519,34.9614,24.1074,1.54697,0.245833
1.529,19.6334,19.6334,1.7271,33.9089,34.9614,24.1199,1.7271,0.204167
1.5292,17.9346,17.9346,2,35.8692,34.9614,24.1389,2.00233,0.245833
1.5294,16.6736,16.6736,1.86589,31.1111,34.9614,24.1296,1.86589,0.2875
1.5296,19.2365,19.2365,1.5475,29.7685,34.9614,24.1074,1.5475,0.245833
1.5298,19.6308,19.6308,1.73031,33.9673,34.9614,24.1201,1.73031,0.204167
1.53,17.9195,17.9195,2,35.8389,34.9614,24.1389,2.00099,0.245833
1.5302,16.6792,16.6792,1.86569,31.1182,34.9614,24.1295,1.86569,0.2875
1.5304,19.2294,19.2294,1.55085,29.8219,34.9614,24.1076,1.55085,0.245833
1.5306,19.6273,19.6273,1.72821,33.9202,34.9614,24.12,1.72821,0.204167
1.5308,17.9336,17.9336,2,35.8672,34.9614,24.1389,2.00184,0.245833
1.531,16.6706,16.6706,1.86648,31.1152,34.9614,24.1296,1.86648,0.2875
1.5312,19.2321,19.2321,1.5472,29.7559,34.9614,24.1074,1.5472,0.245833
1.5314,19.6339,19.6339,1.72748,33.9173,34.9614,24.1199,1.72748,0.204167
1.5316,17.9316,17.9316,2,35.8632,34.9614,24.139,2.00232,0.245833
1.5318,16.6665,16.6665,1.86762,31.1267,34.9614,24.1297,1.86762,0.2875
1.532,19.2243,19.2243,1.54715,29.7429,34.9614,24.1074,1.54715,0.245833
1.5322,19.6378,19.6378,1.72698,33.9141,34.9614,24.1199,1.72698,0.204167
1.5324,17.9327,17.9327,2,35.8654,34.9614,24.1389,2.00222,0.245833
1.5326,16.6713,16.6713,1.86732,31.1307,34.9614,24.1298,1.86732,0.2875
1.5328,19.2274,19.2274,1.54787,29.7614,34.9614,24.1074,1.54787,0.245833
1.533,19.629,19.629,1.72942,33.9468,34.9614,24.12,1.72942,0.204167
1.5332,17.9326,17.9326,1.99962,35.8583,34.9614,24.1388,1.99962,0.245833
1.5334,16.6635,16.6635,1.87048,31.1688,34.9614,24.13,1.87048,0.2875
1.5336,19.2342,19.2342,1.54334,29.685,34.9614,24.1071,1.54334,0.245833
1.5338,19.6335,19.6335,1.72986,33.9633,34.9614,24.12,1.72986,0.204167
1.534,17.9142,17.9142,2,35.8284,34.9614,24.1391,2.00322,0.245833
1.5342,16.6838,16.6838,1.86155,31.0577,34.9614,24.1292,1.86155,0.2875
1.5344,19.2338,19.2338,1.55362,29.882,34.9614,24.1078,1.55362,0.245833
1.5346,19.6188,19.6188,1.73114,33.9628,34.9614,24.1202,1.73114,0.204167
1.5348,17.9291,17.9291,2,35.8581,34.9614,24.1388,2.00043,0.245833
1.535,16.6671,16.6671,1.86713,31.1196,34.9614,24.1296,1.86713,0.2875
1.5352,19.2267,19.2267,1.54729,29.7492,34.9614,24.1074,1.54729,0.245833
1.5354,19.6331,19.6331,1.72959,33.9571,34.9614,24.12,1.72959,0.204167
1.5356,17.9254,17.9254,2,35.8508,34.9614,24.139,2.00258,0.245833
1.5358,16.6732,16.6732,1.86532,31.1008,34.9614,24.1295,1.86532,0.2875
1.536,19.2248,19.2248,1.55054,29.809,34.9614,24.1076,1.55054,0.245833
1.5362,19.6312,19.6312,1.72835,33.9297,34.9614,24.1199,1.72835,0.204167
1.5364,17.9379,17.9379,2,35.8757,34.9614,24.139,2.00332,0.245833
1.5366,16.6669,16.6669,1.86753,31.126,34.9614,24.1298,1.86753,0.2875
1.5368,19.226,19.226,1.54625,29.7282,34.9614,24.1073,1.54625,0.245833
1.537,19.6334,19.6334,1.72976,33.961,34.9614,24.1201,1.72976,0.204167
1.5372,17.912,17.912,2,35.824,34.9614,24.139,2.00327,0.245833
1.5374,16.6753,16.6753,1.86047,31.0238,34.9614,24.1292,1.86047,0.2875
1.5376,19.2376,19.2376,1.5517,29.8509,34.9614,24.1077,1.5517,0.245833
1.5378,19.6267,19.6267,1.72915,33.9376,34.9614,24.12,1.72915,0.204167
1.538,17.925,17.925,2,35.85,34.9614,24.1392,2.00456,0.245833
1.5382,16.6738,16.6738,1.86419,31.0831,34.9614,24.1294,1.86419,0.2875
1.5384,19.2286,19.2286,1.55014,29.8071,34.9614,24.1076,1.55014,0.245833
1.5386,19.6233,19.6233,1.73115,33.9708,34.9614,24.1201,1.73115,0.204167
1.5388,17.9353,17.9353,1.99902,35.8531,34.9614,24.1387,1.99902,0.245833
1.539,16.681,16.681,1.86832,31.1654,34.9614,24.1297,1.86832,0.2875
1.5392,19.223,19.223,1.54833,29.7634,34.9614,24.1074,1.54833,0.245833
1.5394,19.6329,19.6329,1.72782,33.9221,34.9614,24.1199,1.72782,0.204167
1.5396,17.9251,17.9251,2,35.8502,34.9614,24.139,2.00342,0.245833
1.5398,16.668,16.668,1.86474,31.0815,34.9614,24.1295,1.86474,0.2875
1.54,19.2312,19.2312,1.54899,29.7889,34.9614,24.1075,1.54899,0.245833
1.5402,19.6291,19.6291,1.72918,33.9424,34.9614,24.12,1.72918,0.204167
1.5404,17.9368,17.9368,1.99952,35.8649,34.9614,24.1388,1.99952,0.245833
1.5406,16.6706,16.6706,1.86897,31.1568,34.9614,24.1298,1.86897,0.2875
1.5408,19.2194,19.2194,1.54877,29.7666,34.9614,24.1075,1.54877,0.245833
1.541,19.6309,19.6309,1.72919,33.9456,34.9614,24.12,1.72919,0.204167
1.5412,17.9296,17.9296,2,35.8592,34.9614,24.1388,2.00073,0.245833
1.5414,16.6751,16.6751,1.86564,31.1096,34.9614,24.1297,1.86564,0.2875
1.5416,19.2275,19.2275,1.55004,29.8034,34.9614,24.1076,1.55004,0.245833
1.5418,19.6296,19.6296,1.72866,33.9329,34.9614,24.12,1.72866,0.204167
1.542,17.9355,17.9355,2,35.871,34.9614,24.1389,2.00152,0.245833
1.5422,16.6762,16.6762,1.86451,31.0928,34.9614,24.1294,1.86451,0.2875
1.5424,19.239,19.239,1.54984,29.8174,34.9614,24.1075,1.54984,0.245833
1.5426,19.6269,19.6269,1.72898,33.9346,34.9614,24.12,1.72898,0.204167
1.5428,17.931,17.931,2,35.862,34.9614,24.1389,2.00146,0.245833
1.543,16.6655,16.6655,1.86663,31.1084,34.9614,24.1296,1.86663,0.2875
1.5432,19.2379,19.2379,1.54683,29.7578,34.9614,24.1073,1.54683,0.245833
1.5434,19.631,19.631,1.72879,33.9379,34.9614,24.12,1.72879,0.204167
1.5436,17.928,17.928,2,35.8561,34.9614,24.1389,2.00116,0.245833
1.5438,16.6685,16.6685,1.86574,31.0991,34.9614,24.1296,1.86574,0.2875
1.544,19.2332,19.2332,1.54637,29.7417,34.9614,24.1073,1.54637,0.245833
1.5442,19.6324,19.6324,1.72958,33.9558,34.9614,24.12,1.72958,0.204167
1.5444,17.9264,17.9264,2,35.8528,34.9614,24.139,2.00148,0.245833
1.5446,16.673,16.673,1.86618,31.1148,34.9614,24.1296,1.86618,0.2875
1.5448,19.227,19.227,1.54871,29.7771,34.9614,24.1075,1.54871,0.245833
1.545,19.6288,19.6288,1.73011,33.96,34.9614,24.1201,1.73011,0.204167
1.5452,17.9161,17.9161,2,35.8323,34.9614,24.139,2.00245,0.245833
1.5454,16.6761,16.6761,1.86228,31.0555,34.9614,24.1293,1.86228,0.2875
1.5456,19.2357,19.2357,1.54998,29.8148,34.9614,24.1076,1.54998,0.245833
1.5458,19.6232,19.6232,1.73112,33.9701,34.9614,24.1201,1.73112,0.204167
1.546,17.9327,17.9327,2,35.8654,34.9614,24.1388,2.00051,0.245833
1.5462,16.6572,16.6572,1.86716,31.1016,34.9614,24.1296,1.86716,0.2875
1.5464,19.2393,19.2393,1.54616,29.747,34.9614,24.1073,1.54616,0.245833
1.5466,19.6304,19.6304,1.72999,33.9604,34.9614,24.1201,1.72999,0.204167
1.5468,17.9198,17.9198,2,35.8397,34.9614,24.1389,2.00146,0.245833
1.547,16.6819,16.6819,1.86347,31.0863,34.9614,24.1294,1.86347,0.2875
1.5472,19.2303,19.2303,1.55097,29.8256,34.9614,24.1076,1.55097,0.245833
1.5474,19.6294,19.6294,1.72733,33.9064,34.9614,24.1199,1.72733,0.204167
1.5476,17.925,17.925,2,35.85,34.9614,24.1391,2.00471,0.245833
1.5478,16.671,16.671,1.86236,31.0474,34.9614,24.1294,1.86236,0.2875
1.548,19.2374,19.2374,1.55031,29.8239,34.9614,24.1076,1.55031,0.245833
1.5482,19.6253,19.6253,1.73029,33.9576,34.9614,24.1201,1.73029,0.204167
1.5484,17.9255,17.9255,1.99985,35.8482,34.9614,24.1388,1.99985,0.245833
1.5486,16.6866,16.6866,1.86456,31.1131,34.9614,24.1294,1.86456,0.2875
1.5488,19.2227,19.2227,1.55323,29.8572,34.9614,24.1078,1.55323,0.245833
1.549,19.6273,19.6273,1.72745,33.9052,34.9614,24.1199,1.72745,0.204167
1.5492,17.9349,17.9349,2,35.8698,34.9614,24.139,2.00192,0.245833
1.5494,16.6707,16.6707,1.86882,31.1545,34.9614,24.1298,1.86882,0.2875
1.5496,19.2303,19.2303,1.54706,29.7506,34.9614,24.1074,1.54706,0.245833
1.5498,19.6339,19.6339,1.72839,33.935,34.9614,24.1199,1.72839,0.204167
1.55,17.9253,17.9253,2,35.8506,34.9614,24.1389,2.00262,0.245833
1.5502,16.6743,16.6743,1.86317,31.067,34.9614,24.1294,1.86317,0.2875
1.5504,19.2362,19.2362,1.55006,29.8172,34.9614,24.1076,1.55006,0.245833
1.5506,19.6266,19.6266,1.72852,33.9251,34.9614,24.1199,1.72852,0.204167
1.5508,17.9399,17.9399,2,35.8797,34.9614,24.1389,2.00014,0.245833
1.551,16.6605,16.6605,1.86893,31.1373,34.9614,24.1297,1.86893,0.2875
1.5512,19.2335,19.2335,1.54516,29.7187,34.9614,24.1072,1.54516,0.245833
1.5514,19.6306,19.6306,1.72975,33.956,34.9614,24.12,1.72975,0.204167
1.5516,17.9329,17.9329,2,35.8658,34.9614,24.1388,2.00051,0.245833
1.5518,16.6645,16.6645,1.86573,31.0915,34.9614,24.1296,1.86573,0.2875
1.552,19.2382,19.2382,1.5453,29.7288,34.9614,24.1072,1.5453,0.245833
1.5522,19.6323,19.6323,1.72888,33.9419,34.9614,24.12,1.72888,0.204167
1.5524,17.9313,17.9313,2,35.8626,34.9614,24.1389,2.00201,0.245833
1.5526,16.6659,16.6659,1.86613,31.1008,34.9614,24.1298,1.86613,0.2875
1.5528,19.2322,19.2322,1.54736,29.759,34.9614,24.1074,1.54736,0.245833
1.553,19.6263,19.6263,1.73051,33.9635,34.9614,24.1201,1.73051,0.204167
1.5532,17.9161,17.9161,2,35.8322,34.9614,24.139,2.00183,0.245833
1.5534,16.6732,16.6732,1.86398,31.0784,34.9614,24.1296,1.86398,0.2875
1.5536,19.231,19.231,1.5491,29.7907,34.9614,24.1075,1.5491,0.245833
1.5538,19.628,19.628,1.7291,33.9387,34.9614,24.12,1.7291,0.204167
1.554,17.9274,17.9274,2,35.8548,34.9614,24.139,2.00314,0.245833
1.5542,16.681,16.681,1.86266,31.071,34.9614,24.1293,1.86266,0.2875
1.5544,19.2336,19.2336,1.55211,29.8527,34.9614,24.1077,1.55211,0.245833
1.5546,19.6216,19.6216,1.73041,33.9535,34.9614,24.1201,1.73041,0.204167
1.5548,17.9242,17.9242,2,35.8485,34.9614,24.139,2.0011,0.245833
1.555,16.6731,16.6731,1.86606,31.1129,34.9614,24.1295,1.86606,0.2875
1.5552,19.2315,19.2315,1.54847,29.7794,34.9614,24.1075,1.54847,0.245833
1.5554,19.6265,19.6265,1.73116,33.9766,34.9614,24.1201,1.73116,0.204167
1.5556,17.9287,17.9287,1.99969,35.8518,34.9614,24.1387,1.99969,0.245833
1.5558,16.6746,16.6746,1.86603,31.1153,34.9614,24.1297,1.86603,0.2875
1.556,19.2266,19.2266,1.5491,29.784,34.9614,24.1075,1.5491,0.245833
1.5562,19.6287,19.6287,1.72923,33.9426,34.9614,24.12,1.72923,0.204167
1.5564,17.927,17.927,2,35.854,34.9614,24.139,2.00373,0.245833
1.5566,16.6733,16.6733,1.86604,31.113,34.9614,24.1295,1.86604,0.2875
1.5568,19.2324,19.2324,1.54799,29.7716,34.9614,24.1074,1.54799,0.245833
1.557,19.6285,19.6285,1.72817,33.9215,34.9614,24.1199,1.72817,0.204167
1.5572,17.9279,17.9279,2,35.8558,34.9614,24.1391,2.0026,0.245833
1.5574,16.6699,16.6699,1.86782,31.1364,34.9614,24.1297,1.86782,0.2875
1.5576,19.2319,19.2319,1.54738,29.7592,34.9614,24.1074,1.54738,0.245833
1.5578,19.6342,19.6342,1.72947,33.9568,34.9614,24.12,1.72947,0.204167
1.558,17.9251,17.9251,2,35.8502,34.9614,24.1389,2.00214,0.245833
1.5582,16.6673,16.6673,1.86536,31.0905,34.9614,24.1295,1.86536,0.2875
1.5584,19.2374,19.2374,1.54859,29.7909,34.9614,24.1075,1.54859,0.245833
1.5586,19.6251,19.6251,1.73004,33.9522,34.9614,24.1201,1.73004,0.204167
1.5588,17.925,17.925,2,35.85,34.9614,24.1389,2.00107,0.245833
1.559,16.6664,16.6664,1.86774,31.1285,34.9614,24.1297,1.86774,0.2875
1.5592,19.2257,19.2257,1.54605,29.7239,34.9614,24.1073,1.54605,0.245833
1.5594,19.6381,19.6381,1.72817,33.938,34.9614,24.1199,1.72817,0.204167
1.5596,17.9344,17.9344,2,35.8688,34.9614,24.139,2.00112,0.245833
1.5598,16.6607,16.6607,1.86894,31.1379,34.9614,24.1297,1.86894,0.2875
1.56,19.2318,19.2318,1.54656,29.7432,34.9614,24.1073,1.54656,0.245833
1.5602,19.633,19.633,1.72955,33.9562,34.9614,24.12,1.72955,0.204167
1.5604,17.9242,17.9242,2,35.8485,34.9614,24.139,2.00323,0.245833
1.5606,16.6755,16.6755,1.86526,31.104,34.9614,24.1295,1.86526,0.2875
1.5608,19.2306,19.2306,1.54967,29.8009,34.9614,24.1076,1.54967,0.245833
1.561,19.6305,19.6305,1.7277,33.9157,34.9614,24.1199,1.7277,0.204167
1.5612,17.9316,17.9316,2,35.8632,34.9614,24.139,2.00203,0.245833
1.5614,16.6698,16.6698,1.86553,31.098,34.9614,24.1296,1.86553,0.2875
1.5616,19.2349,19.2349,1.5477,29.7699,34.9614,24.1074,1.5477,0.245833
1.5618,19.6299,19.6299,1.73052,33.9699,34.9614,24.1201,1.73052,0.204167
1.562,17.9245,17.9245,2,35.849,34.9614,24.1389,2.00196,0.245833
1.5622,16.6706,16.6706,1.8643,31.0789,34.9614,24.1294,1.8643,0.2875
1.5624,19.2317,19.2317,1.54897,29.7893,34.9614,24.1075,1.54897,0.245833
1.5626,19.633,19.633,1.72818,33.9293,34.9614,24.1199,1.72818,0.204167
1.5628,17.9355,17.9355,2,35.871,34.9614,24.1391,2.00466,0.245833
1.563,16.6648,16.6648,1.86651,31.1051,34.9614,24.1296,1.86651,0.2875
1.5632,19.2361,19.2361,1.54709,29.76,34.9614,24.1074,1.54709,0.245833
1.5634,19.6343,19.6343,1.72753,33.9187,34.9614,24.1199,1.72753,0.204167
1.5636,17.9297,17.9297,2,35.8595,34.9614,24.1391,2.00449,0.245833
1.5638,16.6731,16.6731,1.86338,31.0684,34.9614,24.1294,1.86338,0.2875
1.564,19.2306,19.2306,1.55118,29.8302,34.9614,24.1077,1.55118,0.245833
1.5642,19.6283,19.6283,1.72838,33.9252,34.9614,24.12,1.72838,0.204167
1.5644,17.9402,17.9402,1.99961,35.8734,34.9614,24.1387,1.99961,0.245833
1.5646,16.6714,16.6714,1.86746,31.1333,34.9614,24.1296,1.86746,0.2875
1.5648,19.2266,19.2266,1.54777,29.7583,34.9614,24.1074,1.54777,0.245833
1.565,19.6311,19.6311,1.72955,33.9531,34.9614,24.12,1.72955,0.204167
1.5652,17.9267,17.9267,2,35.8533,34.9614,24.1389,2.00194,0.245833
1.5654,16.6651,16.6651,1.86586,31.0948,34.9614,24.1295,1.86586,0.2875
1.5656,19.2361,19.2361,1.54731,29.7643,34.9614,24.1074,1.54731,0.245833
1.5658,19.6315,19.6315,1.72883,33.9396,34.9614,24.12,1.72883,0.204167
1.566,17.9291,17.9291,2,35.8582,34.9614,24.1389,2.00169,0.245833
1.5662,16.669,16.669,1.86617,31.1072,34.9614,24.1296,1.86617,0.2875
1.5664,19.2334,19.2334,1.54688,29.7518,34.9614,24.1074,1.54688,0.245833
1.5666,19.6343,19.6343,1.72656,33.8998,34.9614,24.1198,1.72656,0.204167
1.5668,17.9352,17.9352,2,35.8704,34.9614,24.1389,2.00248,0.245833
1.567,16.6813,16.6813,1.86474,31.1064,34.9614,24.1295,1.86474,0.2875
1.5672,19.2269,19.2269,1.55046,29.8105,34.9614,24.1076,1.55046,0.245833
1.5674,19.6299,19.6299,1.72852,33.9306,34.9614,24.12,1.72852,0.204167
1.5676,17.9314,17.9314,2,35.8628,34.9614,24.139,2.00257,0.245833
1.5678,16.6705,16.6705,1.86866,31.1516,34.9614,24.1299,1.86866,0.2875
1.568,19.2271,19.2271,1.54953,29.793,34.9614,24.1075,1.54953,0.245833
1.5682,19.6279,19.6279,1.72874,33.9316,34.9614,24.12,1.72874,0.204167
1.5684,17.9338,17.9338,2,35.8676,34.9614,24.1388,2.00081,0.245833
1.5686,16.671,16.671,1.86636,31.1142,34.9614,24.1296,1.86636,0.2875
1.5688,19.2303,19.2303,1.54847,29.7774,34.9614,24.1074,1.54847,0.245833
1.569,19.6294,19.6294,1.72896,33.9384,34.9614,24.12,1.72896,0.204167
1.5692,17.9311,17.9311,2,35.8623,34.9614,24.1388,2.00063,0.245833
1.5694,16.6669,16.6669,1.86645,31.108,34.9614,24.1296,1.86645,0.2875
1.5696,19.2348,19.2348,1.54893,29.7932,34.9614,24.1075,1.54893,0.245833
1.5698,19.6252,19.6252,1.73045,33.9603,34.9614,24.1201,1.73045,0.204167
1.57,17.9243,17.9243,2,35.8485,34.9614,24.1388,2.00087,0.245833
1.5702,16.6719,16.6719,1.86619,31.1129,34.9614,24.1296,1.86619,0.2875
1.5704,19.228,19.228,1.54802,29.7654,34.9614,24.1074,1.54802,0.245833
1.5706,19.6279,19.6279,1.7291,33.9386,34.9614,24.12,1.7291,0.204167
1.5708,17.9274,17.9274,2,35.8548,34.9614,24.139,2.00192,0.245833
1.571,16.6716,16.6716,1.86293,31.0579,34.9614,24.1294,1.86293,0.2875
1.5712,19.2429,19.2429,1.54828,29.7934,34.9614,24.1075,1.54828,0.245833
1.5714,19.6251,19.6251,1.73146,33.98,34.9614,24.1202,1.73146,0.204167
1.5716,17.9305,17.9305,2,35.861,34.9614,24.1388,2.00035,0.245833
1.5718,16.6808,16.6808,1.86633,31.132,34.9614,24.1297,1.86633,0.2875
1.572,19.2227,19.2227,1.54907,29.7772,34.9614,24.1075,1.54907,0.245833
1.5722,19.6263,19.6263,1.7289,33.9319,34.9614,24.12,1.7289,0.204167
1.5724,17.9372,17.9372,2,35.8744,34.9614,24.1388,2.00055,0.245833
1.5726,16.669,16.669,1.86704,31.1217,34.9614,24.1298,1.86704,0.2875
1.5728,19.2275,19.2275,1.54664,29.738,34.9614,24.1074,1.54664,0.245833
1.573,19.6344,19.6344,1.72891,33.9462,34.9614,24.12,1.72891,0.204167
1.5732,17.9308,17.9308,2,35.8616,34.9614,24.1388,2.00038,0.245833
1.5734,16.6688,16.6688,1.86694,31.1198,34.9614,24.1297,1.86694,0.2875
1.5736,19.2303,19.2303,1.54809,29.7703,34.9614,24.1074,1.54809,0.245833
1.5738,19.6267,19.6267,1.73099,33.9737,34.9614,24.1201,1.73099,0.204167
1.574,17.9185,17.9185,2,35.8371,34.9614,24.1391,2.00303,0.245833
1.5742,16.6784,16.6784,1.86291,31.0705,34.9614,24.1294,1.86291,0.2875
1.5744,19.2309,19.2309,1.553,29.8657,34.9614,24.1078,1.553,0.245833
1.5746,19.6268,19.6268,1.72737,33.9027,34.9614,24.1199,1.72737,0.204167
1.5748,17.9383,17.9383,2,35.8767,34.9614,24.1389,2.00127,0.245833
1.575,16.6657,16.6657,1.86816,31.1342,34.9614,24.1297,1.86816,0.2875
1.5752,19.229,19.229,1.5458,29.7243,34.9614,24.1073,1.5458,0.245833
1.5754,19.6322,19.6322,1.73029,33.9695,34.9614,24.1201,1.73029,0.204167
1.5756,17.9208,17.9208,2,35.8416,34.9614,24.1388,2.0002,0.245833
1.5758,16.6811,16.6811,1.86711,31.1455,34.9614,24.1296,1.86711,0.2875
1.576,19.2278,19.2278,1.55014,29.8057,34.9614,24.1076,1.55014,0.245833
1.5762,19.6263,19.6263,1.73061,33.9654,34.9614,24.1201,1.73061,0.204167
1.5764,17.9312,17.9312,2,35.8625,34.9614,24.1388,2.00076,0.245833
1.5766,16.6558,16.6558,1.86861,31.1233,34.9614,24.1297,1.86861,0.2875
1.5768,19.2358,19.2358,1.54443,29.7084,34.9614,24.1072,1.54443,0.245833
1.577,19.6365,19.6365,1.72753,33.9226,34.9614,24.1199,1.72753,0.204167
1.5772,17.931,17.931,2,35.862,34.9614,24.139,2.00263,0.245833
1.5774,16.6708,16.6708,1.86825,31.1452,34.9614,24.1298,1.86825,0.2875
1.5776,19.2324,19.2324,1.5488,29.7871,34.9614,24.1075,1.5488,0.245833
1.5778,19.6291,19.6291,1.72798,33.9188,34.9614,24.1199,1.72798,0.204167
1.578,17.9326,17.9326,2,35.8651,34.9614,24.1388,2.00077,0.245833
1.5782,16.6704,16.6704,1.86764,31.1343,34.9614,24.1297,1.86764,0.2875
1.5784,19.2299,19.2299,1.54763,29.7609,34.9614,24.1074,1.54763,0.245833
1.5786,19.631,19.631,1.72863,33.9347,34.9614,24.12,1.72863,0.204167
1.5788,17.9312,17.9312,2,35.8623,34.9614,24.1389,2.00193,0.245833
1.579,16.6583,16.6583,1.86765,31.1119,34.9614,24.1297,1.86765,0.2875
1.5792,19.2392,19.2392,1.54531,29.7306,34.9614,24.1072,1.54531,0.245833
1.5794,19.6319,19.6319,1.73022,33.9674,34.9614,24.1201,1.73022,0.204167
1.5796,17.9193,17.9193,2,35.8385,34.9614,24.1389,2.00127,0.245833
1.5798,16.6749,16.6749,1.86699,31.1319,34.9614,24.1296,1.86699,0.2875
1.58,19.2278,19.2278,1.547,29.7454,34.9614,24.1074,1.547,0.245833
1.5802,19.6352,19.6352,1.72753,33.9205,34.9614,24.1199,1.72753,0.204167
1.5804,17.929,17.929,2,35.858,34.9614,24.1391,2.00441,0.245833
1.5806,16.6746,16.6746,1.86406,31.0824,34.9614,24.1296,1.86406,0.2875
1.5808,19.2299,19.2299,1.55043,29.8147,34.9614,24.1076,1.55043,0.245833
1.581,19.6289,19.6289,1.72842,33.9271,34.9614,24.1199,1.72842,0.204167
1.5812,17.943,17.943,2,35.886,34.9614,24.1389,2.00074,0.245833
1.5814,16.663,16.663,1.86841,31.1334,34.9614,24.1297,1.86841,0.2875
1.5816,19.2227,19.2227,1.54752,29.7475,34.9614,24.1074,1.54752,0.245833
1.5818,19.6347,19.6347,1.72728,33.9147,34.9614,24.1199,1.72728,0.204167
1.582,17.9308,17.9308,2,35.8616,34.9614,24.139,2.00237,0.245833
1.5822,16.6738,16.6738,1.86615,31.1158,34.9614,24.1295,1.86615,0.2875
1.5824,19.2319,19.2319,1.54824,29.7755,34.9614,24.1075,1.54824,0.245833
1.5826,19.6318,19.6318,1.72809,33.9257,34.9614,24.1199,1.72809,0.204167
1.5828,17.9312,17.9312,2,35.8624,34.9614,24.139,2.00163,0.245833
1.583,16.6581,16.6581,1.86857,31.1269,34.9614,24.1297,1.86857,0.2875
1.5832,19.2392,19.2392,1.54406,29.7065,34.9614,24.1071,1.54406,0.245833
1.5834,19.6353,19.6353,1.72812,33.9322,34.9614,24.1199,1.72812,0.204167
1.5836,17.9339,17.9339,2,35.8678,34.9614,24.139,2.00365,0.245833
1.5838,16.6714,16.6714,1.86587,31.1065,34.9614,24.1295,1.86587,0.2875
1.584,19.2363,19.2363,1.54711,29.7606,34.9614,24.1074,1.54711,0.245833
1.5842,19.6347,19.6347,1.72732,33.9155,34.9614,24.1199,1.72732,0.204167
1.5844,17.931,17.931,2,35.8619,34.9614,24.1391,2.0047,0.245833
1.5846,16.6784,16.6784,1.86301,31.072,34.9614,24.1294,1.86301,0.2875
1.5848,19.2304,19.2304,1.54999,29.8071,34.9614,24.1076,1.54999,0.245833
1.585,19.6271,19.6271,1.72919,33.939,34.9614,24.12,1.72919,0.204167
1.5852,17.9296,17.9296,2,35.8592,34.9614,24.1389,2.00118,0.245833
1.5854,16.6672,16.6672,1.86696,31.117,34.9614,24.1296,1.86696,0.2875
1.5856,19.2331,19.2331,1.54714,29.7562,34.9614,24.1074,1.54714,0.245833
1.5858,19.6338,19.6338,1.72872,33.9413,34.9614,24.12,1.72872,0.204167
1.586,17.9274,17.9274,2,35.8548,34.9614,24.139,2.00352,0.245833
1.5862,16.6665,16.6665,1.86685,31.1139,34.9614,24.1298,1.86685,0.2875
1.5864,19.2319,19.2319,1.54804,29.7718,34.9614,24.1074,1.54804,0.245833
1.5866,19.6285,19.6285,1.72816,33.9212,34.9614,24.1199,1.72816,0.204167
1.5868,17.93,17.93,2,35.86,34.9614,24.1389,2.00251,0.245833
1.587,16.6763,16.6763,1.86515,31.1036,34.9614,24.1295,1.86515,0.2875
1.5872,19.2328,19.2328,1.54898,29.7912,34.9614,24.1075,1.54898,0.245833
1.5874,19.6296,19.6296,1.72913,33.9422,34.9614,24.12,1.72913,0.204167
1.5876,17.9366,17.9366,1.99997,35.8727,34.9614,24.1388,1.99997,0.245833
1.5878,16.6715,16.6715,1.86683,31.1228,34.9614,24.1297,1.86683,0.2875
1.588,19.2314,19.2314,1.54752,29.761,34.9614,24.1074,1.54752,0.245833
1.5882,19.6297,19.6297,1.7286,33.9317,34.9614,24.12,1.7286,0.204167
1.5884,17.9289,17.9289,2,35.8578,34.9614,24.139,2.00151,0.245833
1.5886,16.6643,16.6643,1.86803,31.1295,34.9614,24.1297,1.86803,0.2875
1.5888,19.2338,19.2338,1.54616,29.7387,34.9614,24.1073,1.54616,0.245833
1.589,19.6333,19.6333,1.72928,33.9515,34.9614,24.12,1.72928,0.204167
1.5892,17.925,17.925,2,35.8501,34.9614,24.139,2.00234,0.245833
1.5894,16.6727,16.6727,1.86487,31.0925,34.9614,24.1295,1.86487,0.2875
1.5896,19.2267,19.2267,1.55152,29.8307,34.9614,24.1077,1.55152,0.245833
1.5898,19.6256,19.6256,1.72977,33.9478,34.9614,24.12,1.72977,0.204167
1.59,17.9387,17.9387,1.999,35.8594,34.9614,24.1388,1.999,0.245833
1.5902,16.6597,16.6597,1.87158,31.18,34.9614,24.13,1.87158,0.2875
1.5904,19.2251,19.2251,1.54319,29.6681,34.9614,24.1071,1.54319,0.245833
1.5906,19.6386,19.6386,1.72921,33.9593,34.9614,24.12,1.72921,0.204167
1.5908,17.9157,17.9157,2,35.8314,34.9614,24.139,2.00397,0.245833
1.591,16.6735,16.6735,1.86316,31.0655,34.9614,24.1295,1.86316,0.2875
1.5912,19.2324,19.2324,1.54988,29.8079,34.9614,24.1075,1.54988,0.245833
1.5914,19.6243,19.6243,1.73072,33.9643,34.9614,24.1201,1.73072,0.204167
1.5916,17.9309,17.9309,2,35.8619,34.9614,24.1388,2.00044,0.245833
1.5918,16.6753,16.6753,1.86711,31.1348,34.9614,24.1296,1.86711,0.2875
1.592,19.2283,19.2283,1.54812,29.7677,34.9614,24.1074,1.54812,0.245833
1.5922,19.631,19.631,1.72845,33.9312,34.9614,24.12,1.72845,0.204167
1.5924,17.9305,17.9305,2,35.861,34.9614,24.139,2.00214,0.245833
1.5926,16.6589,16.6589,1.86722,31.1059,34.9614,24.1297,1.86722,0.2875
1.5928,19.2408,19.2408,1.54508,29.7286,34.9614,24.1072,1.54508,0.245833
1.593,19.631,19.631,1.72942,33.9502,34.9614,24.12,1.72942,0.204167
1.5932,17.9243,17.9243,2,35.8486,34.9614,24.1389,2.00139,0.245833
1.5934,16.6769,16.6769,1.86379,31.0822,34.9614,24.1294,1.86379,0.2875
1.5936,19.2294,19.2294,1.55086,29.8221,34.9614,24.1076,1.55086,0.245833
1.5938,19.6268,19.6268,1.72923,33.9393,34.9614,24.12,1.72923,0.204167
1.594,17.9357,17.9357,2,35.8714,34.9614,24.1388,2.00087,0.245833
1.5942,16.6699,16.6699,1.86645,31.1135,34.9614,24.1296,1.86645,0.2875
1.5944,19.2266,19.2266,1.54831,29.7688,34.9614,24.1075,1.54831,0.245833
1.5946,19.6347,19.6347,1.72711,33.9113,34.9614,24.1199,1.72711,0.204167
1.5948,17.9402,17.9402,2,35.8803,34.9614,24.1389,2.00114,0.245833
1.595,16.6663,16.6663,1.86758,31.1257,34.9614,24.1296,1.86758,0.2875
1.5952,19.2275,19.2275,1.54581,29.722,34.9614,24.1073,1.54581,0.245833
1.5954,19.6369,19.6369,1.72773,33.9273,34.9614,24.1199,1.72773,0.204167
1.5956,17.921,17.921,2,35.8419,34.9614,24.139,2.00349,0.245833
1.5958,16.6731,16.6731,1.86509,31.0968,34.9614,24.1297,1.86509,0.2875
1.596,19.2372,19.2372,1.54704,29.7606,34.9614,24.1074,1.54704,0.245833
1.5962,19.6298,19.6298,1.72976,33.955,34.9614,24.12,1.72976,0.204167
1.5964,17.9314,17.9314,2,35.8629,34.9614,24.1388,2.00038,0.245833
1.5966,16.6703,16.6703,1.86951,31.1654,34.9614,24.1298,1.86951,0.2875
1.5968,19.2238,19.2238,1.54681,29.7356,34.9614,24.1074,1.54681,0.245833
1.597,19.6341,19.6341,1.72786,33.9249,34.9614,24.1199,1.72786,0.204167
1.5972,17.9317,17.9317,2,35.8635,34.9614,24.139,2.00211,0.245833
1.5974,16.6694,16.6694,1.86562,31.0989,34.9614,24.1295,1.86562,0.2875
1.5976,19.2318,19.2318,1.54801,29.7709,34.9614,24.1074,1.54801,0.245833
1.5978,19.6254,19.6254,1.73067,33.9651,34.9614,24.1201,1.73067,0.204167
1.598,17.9315,17.9315,2,35.8629,34.9614,24.1388,2.00084,0.245833
1.5982,16.6679,16.6679,1.86598,31.102,34.9614,24.1296,1.86598,0.2875
1.5984,19.2352,19.2352,1.54782,29.7726,34.9614,24.1074,1.54782,0.245833
1.5986,19.628,19.628,1.72914,33.9396,34.9614,24.12,1.72914,0.204167
1.5988,17.9298,17.9298,2,35.8597,34.9614,24.1389,2.00095,0.245833
1.599,16.6705,16.6705,1.86468,31.0852,34.9614,24.1295,1.86468,0.2875
1.5992,19.2314,19.2314,1.54866,29.783,34.9614,24.1075,1.54866,0.245833
1.5994,19.6294,19.6294,1.72959,33.951,34.9614,24.12,1.72959,0.204167
1.5996,17.932,17.932,2,35.864,34.9614,24.1389,2.00216,0.245833
1.5998,16.6674,16.6674,1.8672,31.1214,34.9614,24.1296,1.8672,0.2875
1.6,19.2274,19.2274,1.54768,29.758,34.9614,24.1074,1.54768,0.245833
1.6002,19.6334,19.6334,1.72721,33.9111,34.9614,24.1199,1.72721,0.204167
1.6004,17.9405,17.9405,2,35.881,34.9614,24.1389,2.00112,0.245833
1.6006,16.6651,16.6651,1.86884,31.1445,34.9614,24.1298,1.86884,0.2875
1.6008,19.2332,19.2332,1.54514,29.718,34.9614,24.1072,1.54514,0.245833
1.601,19.6359,19.6359,1.72713,33.9137,34.9614,24.1199,1.72713,0.204167
1.6012,17.9384,17.9384,2,35.8768,34.9614,24.1389,2.00161,0.245833
1.6014,16.669,16.669,1.86791,31.1362,34.9614,24.1297,1.86791,0.2875
1.6016,19.2356,19.2356,1.54647,29.7473,34.9614,24.1073,1.54647,0.245833
1.6018,19.6295,19.6295,1.72938,33.9468,34.9614,24.12,1.72938,0.204167
1.602,17.9309,17.9309,2,35.8618,34.9614,24.1389,2.00041,0.245833
1.6022,16.6755,16.6755,1.86712,31.1351,34.9614,24.1296,1.86712,0.2875
1.6024,19.2256,19.2256,1.54862,29.7731,34.9614,24.1074,1.54862,0.245833
1.6026,19.6286,19.6286,1.72932,33.9442,34.9614,24.12,1.72932,0.204167
1.6028,17.9303,17.9303,2,35.8605,34.9614,24.1389,2.00072,0.245833
1.603,16.671,16.671,1.86544,31.0988,34.9614,24.1295,1.86544,0.2875
1.6032,19.2332,19.2332,1.54877,29.7879,34.9614,24.1075,1.54877,0.245833
1.6034,19.6262,19.6262,1.72973,33.9482,34.9614,24.12,1.72973,0.204167
1.6036,17.9383,17.9383,1.99913,35.861,34.9614,24.1388,1.99913,0.245833
1.6038,16.6688,16.6688,1.86787,31.1351,34.9614,24.1297,1.86787,0.2875
1.604,19.2286,19.2286,1.54733,29.753,34.9614,24.1074,1.54733,0.245833
1.6042,19.6312,19.6312,1.72904,33.943,34.9614,24.12,1.72904,0.204167
1.6044,17.9291,17.9291,2,35.8583,34.9614,24.1389,2.00285,0.245833
1.6046,16.6799,16.6799,1.86367,31.0858,34.9614,24.1295,1.86367,0.2875
1.6048,19.2292,19.2292,1.5502,29.8091,34.9614,24.1076,1.5502,0.245833
1.605,19.627,19.627,1.72907,33.9365,34.9614,24.12,1.72907,0.204167
1.6052,17.9361,17.9361,2,35.8722,34.9614,24.1388,2.00016,0.245833
1.6054,16.6641,16.6641,1.8661,31.0968,34.9614,24.1297,1.8661,0.2875
1.6056,19.2338,19.2338,1.54724,29.7593,34.9614,24.1074,1.54724,0.245833
1.6058,19.6327,19.6327,1.72875,33.9401,34.9614,24.12,1.72875,0.204167
1.606,17.9309,17.9309,2,35.8618,34.9614,24.1389,2.00211,0.245833
1.6062,16.6631,16.6631,1.86515,31.0791,34.9614,24.1295,1.86515,0.2875
1.6064,19.233,19.233,1.54761,29.7652,34.9614,24.1074,1.54761,0.245833
1.6066,19.6314,19.6314,1.72986,33.9596,34.9614,24.12,1.72986,0.204167
1.6068,17.9201,17.9201,2,35.8401,34.9614,24.1389,2.00163,0.245833
1.607,16.68,16.68,1.86314,31.0772,34.9614,24.1294,1.86314,0.2875
1.6072,19.2306,19.2306,1.55282,29.8616,34.9614,24.1077,1.55282,0.245833
1.6074,19.6228,19.6228,1.72944,33.9365,34.9614,24.12,1.72944,0.204167
1.6076,17.9307,17.9307,2,35.8615,34.9614,24.1388,2.00072,0.245833
1.6078,16.6683,16.6683,1.86683,31.1169,34.9614,24.1296,1.86683,0.2875
1.608,19.2318,19.2318,1.5489,29.7881,34.9614,24.1075,1.5489,0.245833
1.6082,19.6268,19.6268,1.73064,33.9669,34.9614,24.1201,1.73064,0.204167
1.6084,17.9262,17.9262,2,35.8524,34.9614,24.1389,2.00246,0.245833
1.6086,16.6778,16.6778,1.86336,31.0768,34.9614,24.1294,1.86336,0.2875
1.6088,19.2296,19.2296,1.55109,29.8269,34.9614,24.1076,1.55109,0.245833
1.609,19.6234,19.6234,1.73025,33.9535,34.9614,24.1201,1.73025,0.204167
1.6092,17.9234,17.9234,2,35.8468,34.9614,24.1389,2.00136,0.245833
1.6094,16.6625,16.6625,1.86568,31.0868,34.9614,24.1297,1.86568,0.2875
1.6096,19.2382,19.2382,1.54751,29.7713,34.9614,24.1074,1.54751,0.245833
1.6098,19.6293,19.6293,1.72943,33.9474,34.9614,24.12,1.72943,0.204167
1.61,17.9302,17.9302,2,35.8604,34.9614,24.1388,2.00039,0.245833
1.6102,16.679,16.679,1.86623,31.1267,34.9614,24.1296,1.86623,0.2875
1.6104,19.2262,19.2262,1.54975,29.7958,34.9614,24.1075,1.54975,0.245833
1.6106,19.6312,19.6312,1.72737,33.9105,34.9614,24.1199,1.72737,0.204167
1.6108,17.9347,17.9347,2,35.8694,34.9614,24.139,2.00361,0.245833
1.611,16.6697,16.6697,1.86637,31.1118,34.9614,24.1296,1.86637,0.2875
1.6112,19.232,19.232,1.54817,29.7743,34.9614,24.1074,1.54817,0.245833
1.6114,19.6304,19.6304,1.7293,33.9469,34.9614,24.12,1.7293,0.204167
1.6116,17.9284,17.9284,2,35.8568,34.9614,24.1389,2.00184,0.245833
1.6118,16.6685,16.6685,1.8647,31.0816,34.9614,24.1296,1.8647,0.2875
1.612,19.2301,19.2301,1.54942,29.7955,34.9614,24.1075,1.54942,0.245833
1.6122,19.6293,19.6293,1.72877,33.9345,34.9614,24.12,1.72877,0.204167
1.6124,17.9343,17.9343,2,35.8686,34.9614,24.1388,2.00064,0.245833
1.6126,16.6742,16.6742,1.86726,31.1351,34.9614,24.1297,1.86726,0.2875
1.6128,19.2317,19.2317,1.54627,29.7373,34.9614,24.1073,1.54627,0.245833
1.613,19.6351,19.6351,1.72894,33.948,34.9614,24.12,1.72894,0.204167
1.6132,17.9358,17.9358,2,35.8717,34.9614,24.1388,2.00024,0.245833
1.6134,16.6638,16.6638,1.8668,31.108,34.9614,24.1296,1.8668,0.2875
1.6136,19.235,19.235,1.54757,29.7675,34.9614,24.1074,1.54757,0.245833
1.6138,19.6325,19.6325,1.72831,33.9309,34.9614,24.12,1.72831,0.204167
1.614,17.9307,17.9307,2,35.8614,34.9614,24.1389,2.00197,0.245833
1.6142,16.6593,16.6593,1.86647,31.0941,34.9614,24.1296,1.86647,0.2875
1.6144,19.2409,19.2409,1.54595,29.7455,34.9614,24.1073,1.54595,0.245833
1.6146,19.6321,19.6321,1.72858,33.9357,34.9614,24.12,1.72858,0.204167
1.6148,17.9313,17.9313,2,35.8625,34.9614,24.1389,2.00275,0.245833
1.615,16.6673,16.6673,1.86694,31.1169,34.9614,24.1296,1.86694,0.2875
1.6152,19.2331,19.2331,1.54717,29.7568,34.9614,24.1074,1.54717,0.245833
1.6154,19.6348,19.6348,1.72799,33.9287,34.9614,24.1199,1.72799,0.204167
1.6156,17.9316,17.9316,2,35.8632,34.9614,24.1391,2.0031,0.245833
1.6158,16.674,16.674,1.86566,31.108,34.9614,24.1295,1.86566,0.2875
1.616,19.2293,19.2293,1.55021,29.8095,34.9614,24.1076,1.55021,0.245833
1.6162,19.6241,19.6241,1.73091,33.9676,34.9614,24.1201,1.73091,0.204167
1.6164,17.9286,17.9286,2,35.8572,34.9614,24.1389,2.00146,0.245833
1.6166,16.6723,16.6723,1.86477,31.09,34.9614,24.1296,1.86477,0.2875
1.6168,19.2361,19.2361,1.54929,29.8024,34.9614,24.1075,1.54929,0.245833
1.617,19.6348,19.6348,1.72614,33.8923,34.9614,24.1198,1.72614,0.204167
1.6172,17.9318,17.9318,2,35.8636,34.9614,24.139,2.00238,0.245833
1.6174,16.676,16.676,1.86628,31.1221,34.9614,24.1295,1.86628,0.2875
1.6176,19.2335,19.2335,1.54828,29.7789,34.9614,24.1075,1.54828,0.245833
1.6178,19.6287,19.6287,1.73001,33.9578,34.9614,24.1201,1.73001,0.204167
1.618,17.9203,17.9203,2,35.8405,34.9614,24.139,2.00347,0.245833
1.6182,16.6827,16.6827,1.86149,31.0547,34.9614,24.1293,1.86149,0.2875
1.6184,19.2359,19.2359,1.55201,29.8544,34.9614,24.1077,1.55201,0.245833
1.6186,19.6238,19.6238,1.72808,33.9115,34.9614,24.1199,1.72808,0.204167
1.6188,17.926,17.926,2,35.8521,34.9614,24.1389,2.00207,0.245833
1.619,16.6652,16.6652,1.86518,31.0837,34.9614,24.1295,1.86518,0.2875
1.6192,19.2315,19.2315,1.5484,29.7781,34.9614,24.1075,1.5484,0.245833
1.6194,19.6305,19.6305,1.72894,33.9399,34.9614,24.12,1.72894,0.204167
1.6196,17.9247,17.9247,2,35.8494,34.9614,24.1389,2.00248,0.245833
1.6198,16.6718,16.6718,1.86416,31.0789,34.9614,24.1295,1.86416,0.2875
1.62,19.2296,19.2296,1.5498,29.8021,34.9614,24.1075,1.5498,0.245833
1.6202,19.6274,19.6274,1.72887,33.9331,34.9614,24.12,1.72887,0.204167
1.6204,17.9356,17.9356,2,35.8712,34.9614,24.1389,2.00204,0.245833
1.6206,16.6754,16.6754,1.86699,31.1329,34.9614,24.1296,1.86699,0.2875
1.6208,19.2293,19.2293,1.54764,29.7601,34.9614,24.1074,1.54764,0.245833
1.621,19.6312,19.6312,1.73022,33.9664,34.9614,24.1201,1.73022,0.204167
1.6212,17.9206,17.9206,2,35.8413,34.9614,24.139,2.00184,0.245833
1.6214,16.6767,16.6767,1.86434,31.0912,34.9614,24.1296,1.86434,0.2875
1.6216,19.23,19.23,1.54929,29.7928,34.9614,24.1075,1.54929,0.245833
1.6218,19.6303,19.6303,1.7284,33.9291,34.9614,24.12,1.7284,0.204167
1.622,17.9385,17.9385,2,35.877,34.9614,24.1389,2.00203,0.245833
1.6222,16.6729,16.6729,1.86809,31.1464,34.9614,24.1297,1.86809,0.2875
1.6224,19.2321,19.2321,1.54749,29.7615,34.9614,24.1074,1.54749,0.245833
1.6226,19.6268,19.6268,1.72992,33.9527,34.9614,24.1201,1.72992,0.204167
1.6228,17.9251,17.9251,2,35.8501,34.9614,24.1388,2.00068,0.245833
1.623,16.6758,16.6758,1.86548,31.1083,34.9614,24.1295,1.86548,0.2875
1.6232,19.231,19.231,1.54918,29.7922,34.9614,24.1075,1.54918,0.245833
1.6234,19.625,19.625,1.7297,33.9454,34.9614,24.1201,1.7297,0.204167
1.6236,17.9375,17.9375,1.99956,35.8671,34.9614,24.1387,1.99956,0.245833
1.6238,16.6713,16.6713,1.86883,31.1558,34.9614,24.1297,1.86883,0.2875
1.624,19.2257,19.2257,1.54839,29.7689,34.9614,24.1075,1.54839,0.245833
1.6242,19.6307,19.6307,1.72912,33.9438,34.9614,24.12,1.72912,0.204167
1.6244,17.9311,17.9311,2,35.8623,34.9614,24.1388,2.00099,0.245833
1.6246,16.6741,16.6741,1.86563,31.1077,34.9614,24.1295,1.86563,0.2875
1.6248,19.2349,19.2349,1.54846,29.7845,34.9614,24.1075,1.54846,0.245833
1.625,19.6291,19.6291,1.72776,33.9144,34.9614,24.1199,1.72776,0.204167
1.6252,17.9321,17.9321,2,35.8641,34.9614,24.1389,2.00203,0.245833
1.6254,16.6629,16.6629,1.86556,31.0857,34.9614,24.1297,1.86556,0.2875
1.6256,19.2384,19.2384,1.54698,29.7616,34.9614,24.1073,1.54698,0.245833
1.6258,19.6327,19.6327,1.7288,33.941,34.9614,24.12,1.7288,0.204167
1.626,17.9262,17.9262,2,35.8523,34.9614,24.1391,2.00442,0.245833
1.6262,16.6707,16.6707,1.86513,31.093,34.9614,24.1295,1.86513,0.2875
1.6264,19.2364,19.2364,1.54768,29.7717,34.9614,24.1074,1.54768,0.245833
1.6266,19.6279,19.6279,1.73076,33.9712,34.9614,24.1201,1.73076,0.204167
1.6268,17.9331,17.9331,1.99877,35.8441,34.9614,24.1387,1.99877,0.245833
1.627,16.6765,16.6765,1.869,31.1683,34.9614,24.1298,1.869,0.2875
1.6272,19.2229,19.2229,1.54753,29.7481,34.9614,24.1074,1.54753,0.245833
1.6274,19.6347,19.6347,1.72708,33.9108,34.9614,24.1199,1.72708,0.204167
1.6276,17.9375,17.9375,2,35.875,34.9614,24.1388,2.0012,0.245833
1.6278,16.6609,16.6609,1.86566,31.0835,34.9614,24.1295,1.86566,0.2875
1.628,19.2422,19.2422,1.54538,29.7365,34.9614,24.1072,1.54538,0.245833
1.6282,19.6308,19.6308,1.72975,33.9563,34.9614,24.12,1.72975,0.204167
1.6284,17.9205,17.9205,2,35.841,34.9614,24.139,2.00417,0.245833
1.6286,16.6702,16.6702,1.86629,31.1115,34.9614,24.1297,1.86629,0.2875
1.6288,19.2299,19.2299,1.54785,29.765,34.9614,24.1074,1.54785,0.245833
1.629,19.6307,19.6307,1.72841,33.9299,34.9614,24.12,1.72841,0.204167
1.6292,17.9375,17.9375,2,35.8751,34.9614,24.139,2.00296,0.245833
1.6294,16.6641,16.6641,1.86678,31.1083,34.9614,24.1296,1.86678,0.2875
1.6296,19.2326,19.2326,1.54867,29.785,34.9614,24.1075,1.54867,0.245833
1.6298,19.6272,19.6272,1.72967,33.9486,34.9614,24.12,1.72967,0.204167
1.63,17.9382,17.9382,1.9994,35.8656,34.9614,24.1387,1.9994,0.245833
1.6302,16.6767,16.6767,1.86731,31.1406,34.9614,24.1297,1.86731,0.2875
1.6304,19.2211,19.2211,1.55009,29.7945,34.9614,24.1076,1.55009,0.245833
1.6306,19.6298,19.6298,1.72808,33.9219,34.9614,24.1199,1.72808,0.204167
1.6308,17.9306,17.9306,2,35.8613,34.9614,24.1389,2.00164,0.245833
1.631,16.6646,16.6646,1.86632,31.1014,34.9614,24.1296,1.86632,0.2875
1.6312,19.2336,19.2336,1.5481,29.7756,34.9614,24.1074,1.5481,0.245833
1.6314,19.6314,19.6314,1.72748,33.913,34.9614,24.1199,1.72748,0.204167
1.6316,17.9308,17.9308,2,35.8615,34.9614,24.139,2.00334,0.245833
1.6318,16.6787,16.6787,1.86282,31.0695,34.9614,24.1293,1.86282,0.2875
1.632,19.2321,19.2321,1.55216,29.8512,34.9614,24.1077,1.55216,0.245833
1.6322,19.6243,19.6243,1.72969,33.9439,34.9614,24.12,1.72969,0.204167
1.6324,17.9375,17.9375,1.99887,35.8547,34.9614,24.1388,1.99887,0.245833
1.6326,16.6759,16.6759,1.86915,31.1698,34.9614,24.1298,1.86915,0.2875
1.6328,19.2181,19.2181,1.54907,29.7702,34.9614,24.1075,1.54907,0.245833
1.633,19.635,19.635,1.72561,33.8825,34.9614,24.1198,1.72561,0.204167
1.6332,17.9357,17.9357,2,35.8714,34.9614,24.1389,2.00229,0.245833
1.6334,16.6699,16.6699,1.86763,31.1333,34.9614,24.1297,1.86763,0.2875
1.6336,19.2289,19.2289,1.54719,29.7508,34.9614,24.1074,1.54719,0.245833
1.6338,19.6323,19.6323,1.72866,33.9376,34.9614,24.12,1.72866,0.204167
1.634,17.9252,17.9252,2,35.8505,34.9614,24.1389,2.00221,0.245833
1.6342,16.669,16.669,1.86588,31.1025,34.9614,24.1297,1.86588,0.2875
1.6344,19.2318,19.2318,1.54975,29.8045,34.9614,24.1075,1.54975,0.245833
1.6346,19.6298,19.6298,1.7291,33.9419,34.9614,24.12,1.7291,0.204167
1.6348,17.9366,17.9366,2,35.8732,34.9614,24.1388,2,0.245833
1.635,16.673,16.673,1.86706,31.1296,34.9614,24.1298,1.86706,0.2875
1.6352,19.2301,19.2301,1.54733,29.7553,34.9614,24.1074,1.54733,0.245833
1.6354,19.6333,19.6333,1.72833,33.9328,34.9614,24.12,1.72833,0.204167
1.6356,17.9365,17.9365,2,35.873,34.9614,24.1389,2.00104,0.245833
1.6358,16.6657,16.6657,1.8663,31.1031,34.9614,24.1297,1.8663,0.2875
1.636,19.2348,19.2348,1.54768,29.7693,34.9614,24.1074,1.54768,0.245833
1.6362,19.6285,19.6285,1.72982,33.9539,34.9614,24.1201,1.72982,0.204167
1.6364,17.9233,17.9233,2,35.8466,34.9614,24.1389,2.00052,0.245833
1.6366,16.6819,16.6819,1.86513,31.1139,34.9614,24.1295,1.86513,0.2875
1.6368,19.2219,19.2219,1.55171,29.8268,34.9614,24.1077,1.55171,0.245833
1.637,19.6308,19.6308,1.72653,33.8932,34.9614,24.1198,1.72653,0.204167
1.6372,17.9355,17.9355,2,35.871,34.9614,24.1391,2.00479,0.245833
1.6374,16.6657,16.6657,1.86634,31.1039,34.9614,24.1296,1.86634,0.2875
1.6376,19.237,19.237,1.54758,29.7709,34.9614,24.1074,1.54758,0.245833
1.6378,19.6298,19.6298,1.72922,33.9442,34.9614,24.12,1.72922,0.204167
1.638,17.9261,17.9261,2,35.8523,34.9614,24.139,2.00143,0.245833
1.6382,16.6739,16.6739,1.86622,31.1171,34.9614,24.1295,1.86622,0.2875
1.6384,19.2286,19.2286,1.54902,29.7856,34.9614,24.1075,1.54902,0.245833
1.6386,19.6274,19.6274,1.72919,33.9396,34.9614,24.12,1.72919,0.204167
1.6388,17.936,17.936,2,35.872,34.9614,24.1389,2.00051,0.245833
1.639,16.6719,16.6719,1.86666,31.1208,34.9614,24.1296,1.86666,0.2875
1.6392,19.2317,19.2317,1.54965,29.8023,34.9614,24.1076,1.54965,0.245833
1.6394,19.6259,19.6259,1.72932,33.9394,34.9614,24.12,1.72932,0.204167
1.6396,17.9338,17.9338,2,35.8676,34.9614,24.1388,2.00057,0.245833
1.6398,16.6676,16.6676,1.86634,31.1074,34.9614,24.1297,1.86634,0.2875
1.64,19.2357,19.2357,1.54637,29.7453,34.9614,24.1073,1.54637,0.245833
1.6402,19.6324,19.6324,1.72945,33.9532,34.9614,24.12,1.72945,0.204167
1.6404,17.9319,17.9319,1.99909,35.8473,34.9614,24.1387,1.99909,0.245833
1.6406,16.6724,16.6724,1.86958,31.1704,34.9614,24.1298,1.86958,0.2875
1.6408,19.2286,19.2286,1.54633,29.7339,34.9614,24.1073,1.54633,0.245833
1.641,19.6363,19.6363,1.72906,33.9524,34.9614,24.12,1.72906,0.204167
1.6412,17.9243,17.9243,2,35.8487,34.9614,24.1389,2.00268,0.245833
1.6414,16.6716,16.6716,1.86459,31.0856,34.9614,24.1295,1.86459,0.2875
1.6416,19.2315,19.2315,1.54769,29.7644,34.9614,24.1074,1.54769,0.245833
1.6418,19.6336,19.6336,1.72726,33.9124,34.9614,24.1199,1.72726,0.204167
1.642,17.9327,17.9327,2,35.8655,34.9614,24.1389,2.00246,0.245833
1.6422,16.6763,16.6763,1.8664,31.1246,34.9614,24.1296,1.8664,0.2875
1.6424,19.2214,19.2214,1.55064,29.8055,34.9614,24.1076,1.55064,0.245833
1.6426,19.629,19.629,1.72735,33.9062,34.9614,24.1199,1.72735,0.204167
1.6428,17.9338,17.9338,2,35.8676,34.9614,24.1389,2.00245,0.245833
1.643,16.6739,16.6739,1.86552,31.1055,34.9614,24.1295,1.86552,0.2875
1.6432,19.2309,19.2309,1.54917,29.792,34.9614,24.1075,1.54917,0.245833
1.6434,19.6241,19.6241,1.73031,33.9557,34.9614,24.1201,1.73031,0.204167
1.6436,17.9257,17.9257,2,35.8513,34.9614,24.1388,2.00096,0.245833
1.6438,16.6729,16.6729,1.86671,31.1234,34.9614,24.1296,1.86671,0.2875
1.644,19.2328,19.2328,1.54731,29.7591,34.9614,24.1074,1.54731,0.245833
1.6442,19.6291,19.6291,1.72821,33.9231,34.9614,24.1199,1.72821,0.204167
1.6444,17.9332,17.9332,2,35.8664,34.9614,24.139,2.00219,0.245833
1.6446,16.6698,16.6698,1.86836,31.1451,34.9614,24.1297,1.86836,0.2875
1.6448,19.2344,19.2344,1.54742,29.7637,34.9614,24.1074,1.54742,0.245833
1.645,19.6284,19.6284,1.72947,33.9466,34.9614,24.12,1.72947,0.204167
1.6452,17.9316,17.9316,1.99963,35.8565,34.9614,24.1387,1.99963,0.245833
1.6454,16.6844,16.6844,1.86486,31.114,34.9614,24.1296,1.86486,0.2875
1.6456,19.2203,19.2203,1.55319,29.8527,34.9614,24.1078,1.55319,0.245833
1.6458,19.6261,19.6261,1.72891,33.9317,34.9614,24.12,1.72891,0.204167
1.646,17.9361,17.9361,2,35.8721,34.9614,24.1389,2.00192,0.245833
1.6462,16.6821,16.6821,1.86608,31.1302,34.9614,24.1296,1.86608,0.2875
1.6464,19.2222,19.2222,1.54961,29.7868,34.9614,24.1075,1.54961,0.245833
1.6466,19.6329,19.6329,1.72758,33.9174,34.9614,24.1199,1.72758,0.204167
1.6468,17.9323,17.9323,2,35.8646,34.9614,24.139,2.00243,0.245833
1.647,16.6748,16.6748,1.86563,31.109,34.9614,24.1295,1.86563,0.2875
1.6472,19.2272,19.2272,1.54878,29.7788,34.9614,24.1075,1.54878,0.245833
1.6474,19.6298,19.6298,1.72873,33.9345,34.9614,24.12,1.72873,0.204167
1.6476,17.9336,17.9336,2,35.8672,34.9614,24.1389,2.00107,0.245833
1.6478,16.669,16.669,1.86712,31.123,34.9614,24.1296,1.86712,0.2875
1.648,19.2308,19.2308,1.54758,29.7611,34.9614,24.1074,1.54758,0.245833
1.6482,19.6293,19.6293,1.7299,33.9566,34.9614,24.12,1.7299,0.204167
1.6484,17.9256,17.9256,1.99976,35.8468,34.9614,24.1388,1.99976,0.245833
1.6486,16.6831,16.6831,1.86592,31.1293,34.9614,24.1295,1.86592,0.2875
1.6488,19.23,19.23,1.54929,29.7929,34.9614,24.1075,1.54929,0.245833
1.649,19.6261,19.6261,1.72918,33.937,34.9614,24.12,1.72918,0.204167
1.6492,17.9316,17.9316,2,35.8631,34.9614,24.1388,2.00054,0.245833
1.6494,16.6656,16.6656,1.86983,31.1618,34.9614,24.1299,1.86983,0.2875
1.6496,19.2284,19.2284,1.5443,29.6945,34.9614,24.1072,1.5443,0.245833
1.6498,19.6365,19.6365,1.72707,33.9136,34.9614,24.1199,1.72707,0.204167
1.65,17.9379,17.9379,2,35.8758,34.9614,24.1389,2.00167,0.245833
1.6502,16.6687,16.6687,1.86859,31.147,34.9614,24.1297,1.86859,0.2875
1.6504,19.2335,19.2335,1.54796,29.7727,34.9614,24.1074,1.54796,0.245833
1.6506,19.6283,19.6283,1.72922,33.9417,34.9614,24.12,1.72922,0.204167
1.6508,17.9357,17.9357,2,35.8714,34.9614,24.1388,2.00089,0.245833
1.651,16.6698,16.6698,1.86644,31.1133,34.9614,24.1296,1.86644,0.2875
1.6512,19.2273,19.2273,1.54863,29.7759,34.9614,24.1075,1.54863,0.245833
1.6514,19.6328,19.6328,1.728,33.9253,34.9614,24.1199,1.728,0.204167
1.6516,17.9369,17.9369,2,35.8738,34.9614,24.1389,2.00183,0.245833
1.6518,16.6772,16.6772,1.86639,31.1262,34.9614,24.1297,1.86639,0.2875
1.652,19.2238,19.2238,1.5495,29.7872,34.9614,24.1075,1.5495,0.245833
1.6522,19.6281,19.6281,1.73052,33.9667,34.9614,24.1201,1.73052,0.204167
1.6524,17.9283,17.9283,2,35.8566,34.9614,24.1388,2.00004,0.245833
1.6526,16.6827,16.6827,1.86557,31.1227,34.9614,24.1295,1.86557,0.2875
1.6528,19.227,19.227,1.551,29.821,34.9614,24.1076,1.551,0.245833
1.653,19.6239,19.6239,1.73024,33.9542,34.9614,24.1201,1.73024,0.204167
1.6532,17.9259,17.9259,2,35.8518,34.9614,24.139,2.00155,0.245833
1.6534,16.6731,16.6731,1.8661,31.1136,34.9614,24.1296,1.8661,0.2875
1.6536,19.2325,19.2325,1.54785,29.7691,34.9614,24.1074,1.54785,0.245833
1.6538,19.6306,19.6306,1.72866,33.9346,34.9614,24.12,1.72866,0.204167
1.654,17.9307,17.9307,2,35.8613,34.9614,24.1391,2.00292,0.245833
1.6542,16.6755,16.6755,1.86494,31.0988,34.9614,24.1296,1.86494,0.2875
1.6544,19.2295,19.2295,1.55058,29.8168,34.9614,24.1076,1.55058,0.245833
1.6546,19.6241,19.6241,1.73073,33.9641,34.9614,24.1201,1.73073,0.204167
1.6548,17.9309,17.9309,2,35.8618,34.9614,24.1388,2.00052,0.245833
1.655,16.6747,16.6747,1.8658,31.1116,34.9614,24.1295,1.8658,0.2875
1.6552,19.2312,19.2312,1.54944,29.7977,34.9614,24.1075,1.54944,0.245833
1.6554,19.63,19.63,1.72877,33.9357,34.9614,24.1199,1.72877,0.204167
1.6556,17.9314,17.9314,2,35.8628,34.9614,24.1389,2.00179,0.245833
1.6558,16.6656,16.6656,1.86575,31.0939,34.9614,24.1297,1.86575,0.2875
1.656,19.2359,19.2359,1.54753,29.7682,34.9614,24.1074,1.54753,0.245833
1.6562,19.6303,19.6303,1.7297,33.9546,34.9614,24.1201,1.7297,0.204167
1.6564,17.9313,17.9313,2,35.8627,34.9614,24.1388,2.00045,0.245833
1.6566,16.674,16.674,1.86601,31.1138,34.9614,24.1296,1.86601,0.2875
1.6568,19.226,19.226,1.54945,29.7898,34.9614,24.1075,1.54945,0.245833
1.657,19.6318,19.6318,1.7275,33.9139,34.9614,24.1199,1.7275,0.204167
1.6572,17.9306,17.9306,2,35.8613,34.9614,24.139,2.00423,0.245833
1.6574,16.675,16.675,1.86372,31.0776,34.9614,24.1296,1.86372,0.2875
1.6576,19.2347,19.2347,1.54837,29.7823,34.9614,24.1074,1.54837,0.245833
1.6578,19.6282,19.6282,1.73018,33.9604,34.9614,24.1201,1.73018,0.204167
1.658,17.92,17.92,2,35.8399,34.9614,24.1389,2.00263,0.245833
1.6582,16.6672,16.6672,1.86613,31.1031,34.9614,24.1296,1.86613,0.2875
1.6584,19.239,19.239,1.54695,29.7618,34.9614,24.1074,1.54695,0.245833
1.6586,19.6282,19.6282,1.72955,33.948,34.9614,24.12,1.72955,0.204167
1.6588,17.9304,17.9304,2,35.8609,34.9614,24.1388,2.00025,0.245833
1.659,16.677,16.677,1.86645,31.1268,34.9614,24.1296,1.86645,0.2875
1.6592,19.2238,19.2238,1.5494,29.7853,34.9614,24.1075,1.5494,0.245833
1.6594,19.6299,19.6299,1.72875,33.9351,34.9614,24.12,1.72875,0.204167
1.6596,17.931,17.931,2,35.862,34.9614,24.1389,2.00166,0.245833
1.6598,16.6694,16.6694,1.86556,31.0977,34.9614,24.1295,1.86556,0.2875
1.66,19.2353,19.2353,1.54771,29.7706,34.9614,24.1074,1.54771,0.245833
1.6602,19.6323,19.6323,1.72844,33.9333,34.9614,24.12,1.72844,0.204167
1.6604,17.9335,17.9335,2,35.867,34.9614,24.139,2.00333,0.245833
1.6606,16.6669,16.6669,1.86592,31.0991,34.9614,24.1295,1.86592,0.2875
1.6608,19.2399,19.2399,1.54571,29.7394,34.9614,24.1072,1.54571,0.245833
1.661,19.6297,19.6297,1.73014,33.962,34.9614,24.1201,1.73014,0.204167
1.6612,17.9208,17.9208,2,35.8416,34.9614,24.1389,2.0013,0.245833
1.6614,16.6775,16.6775,1.86511,31.1053,34.9614,24.1297,1.86511,0.2875
1.6616,19.232,19.232,1.54907,29.7917,34.9614,24.1075,1.54907,0.245833
1.6618,19.6293,19.6293,1.7289,33.9372,34.9614,24.12,1.7289,0.204167
1.662,17.9307,17.9307,2,35.8615,34.9614,24.1389,2.00086,0.245833
1.6622,16.6683,16.6683,1.86586,31.1007,34.9614,24.1296,1.86586,0.2875
1.6624,19.2361,19.2361,1.54643,29.7472,34.9614,24.1073,1.54643,0.245833
1.6626,19.6281,19.6281,1.73125,33.9811,34.9614,24.1201,1.73125,0.204167
1.6628,17.928,17.928,1.9999,35.8542,34.9614,24.1388,1.9999,0.245833
1.663,16.6849,16.6849,1.86408,31.1019,34.9614,24.1294,1.86408,0.2875
1.6632,19.2274,19.2274,1.55123,29.826,34.9614,24.1076,1.55123,0.245833
1.6634,19.6237,19.6237,1.72884,33.9264,34.9614,24.12,1.72884,0.204167
1.6636,17.9425,17.9425,1.99979,35.8814,34.9614,24.1388,1.99979,0.245833
1.6638,16.6594,16.6594,1.86984,31.1505,34.9614,24.13,1.86984,0.2875
1.664,19.2358,19.2358,1.54329,29.6864,34.9614,24.1071,1.54329,0.245833
1.6642,19.6309,19.6309,1.73084,33.978,34.9614,24.1201,1.73084,0.204167
1.6644,17.9332,17.9332,1.9997,35.861,34.9614,24.1387,1.9997,0.245833
1.6646,16.6713,16.6713,1.86734,31.1309,34.9614,24.1298,1.86734,0.2875
1.6648,19.2274,19.2274,1.54785,29.7612,34.9614,24.1074,1.54785,0.245833
1.665,19.6325,19.6325,1.72838,33.9325,34.9614,24.1199,1.72838,0.204167
1.6652,17.9337,17.9337,2,35.8674,34.9614,24.139,2.00339,0.245833
1.6654,16.6699,16.6699,1.86723,31.1265,34.9614,24.1296,1.86723,0.2875
1.6656,19.2241,19.2241,1.5485,29.7686,34.9614,24.1075,1.5485,0.245833
1.6658,19.6312,19.6312,1.72794,33.9215,34.9614,24.1199,1.72794,0.204167
1.666,17.9345,17.9345,2,35.8689,34.9614,24.139,2.00213,0.245833
1.6662,16.6763,16.6763,1.86684,31.1321,34.9614,24.1296,1.86684,0.2875
1.6664,19.2305,19.2305,1.54713,29.7521,34.9614,24.1074,1.54713,0.245833
1.6666,19.6325,19.6325,1.72852,33.9352,34.9614,24.12,1.72852,0.204167
1.6668,17.9264,17.9264,2,35.8528,34.9614,24.139,2.00343,0.245833
1.667,16.6778,16.6778,1.86381,31.0843,34.9614,24.1294,1.86381,0.2875
1.6672,19.2312,19.2312,1.54862,29.7818,34.9614,24.1075,1.54862,0.245833
1.6674,19.6263,19.6263,1.72969,33.9476,34.9614,24.12,1.72969,0.204167
1.6676,17.9384,17.9384,1.99915,35.8615,34.9614,24.1388,1.99915,0.245833
1.6678,16.6676,16.6676,1.86893,31.1506,34.9614,24.1297,1.86893,0.2875
1.668,19.229,19.229,1.54778,29.7623,34.9614,24.1074,1.54778,0.245833
1.6682,19.6336,19.6336,1.72907,33.948,34.9614,24.12,1.72907,0.204167
1.6684,17.927,17.927,2,35.8541,34.9614,24.139,2.00342,0.245833
1.6686,16.6686,16.6686,1.86621,31.1071,34.9614,24.1296,1.86621,0.2875
1.6688,19.2316,19.2316,1.54767,29.7641,34.9614,24.1074,1.54767,0.245833
1.669,19.6308,19.6308,1.72786,33.9192,34.9614,24.1199,1.72786,0.204167
1.6692,17.9293,17.9293,2,35.8586,34.9614,24.139,2.00151,0.245833
1.6694,16.6635,16.6635,1.86841,31.1341,34.9614,24.1297,1.86841,0.2875
1.6696,19.2252,19.2252,1.54565,29.7155,34.9614,24.1073,1.54565,0.245833
1.6698,19.6407,19.6407,1.72595,33.8989,34.9614,24.1198,1.72595,0.204167
1.67,17.9218,17.9218,2,35.8437,34.9614,24.1391,2.00462,0.245833
1.6702,16.6775,16.6775,1.86367,31.0814,34.9614,24.1294,1.86367,0.2875
1.6704,19.23,19.23,1.55159,29.837,34.9614,24.1077,1.55159,0.245833
1.6706,19.6264,19.6264,1.72819,33.9181,34.9614,24.12,1.72819,0.204167
1.6708,17.9267,17.9267,2,35.8535,34.9614,24.1391,2.0028,0.245833
1.671,16.6768,16.6768,1.86521,31.1058,34.9614,24.1296,1.86521,0.2875
1.6712,19.2304,19.2304,1.54968,29.8009,34.9614,24.1076,1.54968,0.245833
1.6714,19.6266,19.6266,1.7284,33.9226,34.9614,24.12,1.7284,0.204167
1.6716,17.9354,17.9354,2,35.8707,34.9614,24.1389,2.00203,0.245833
1.6718,16.6753,16.6753,1.86673,31.1282,34.9614,24.1297,1.86673,0.2875
1.672,19.2217,19.2217,1.54874,29.7693,34.9614,24.1075,1.54874,0.245833
1.6722,19.6327,19.6327,1.72716,33.9089,34.9614,24.1199,1.72716,0.204167
1.6724,17.9397,17.9397,2,35.8794,34.9614,24.1389,2.0024,0.245833
1.6726,16.6596,16.6596,1.86747,31.1113,34.9614,24.1297,1.86747,0.2875
1.6728,19.2341,19.2341,1.54693,29.7538,34.9614,24.1074,1.54693,0.245833
1.673,19.6329,19.6329,1.72861,33.9376,34.9614,24.12,1.72861,0.204167
1.6732,17.9293,17.9293,2,35.8586,34.9614,24.139,2.00151,0.245833
1.6734,16.6635,16.6635,1.8684,31.1339,34.9614,24.1297,1.8684,0.2875
1.6736,19.2282,19.2282,1.54429,29.6938,34.9614,24.1072,1.54429,0.245833
1.6738,19.6373,19.6373,1.72819,33.9371,34.9614,24.1199,1.72819,0.204167
1.674,17.9341,17.9341,2,35.8683,34.9614,24.1389,2.00289,0.245833
1.6742,16.6702,16.6702,1.86501,31.0902,34.9614,24.1295,1.86501,0.2875
1.6744,19.237,19.237,1.54748,29.7689,34.9614,24.1074,1.54748,0.245833
1.6746,19.6342,19.6342,1.72781,33.9242,34.9614,24.1199,1.72781,0.204167
1.6748,17.9274,17.9274,2,35.8548,34.9614,24.1389,2.00214,0.245833
1.675,16.6771,16.6771,1.86306,31.0704,34.9614,24.1293,1.86306,0.2875
1.6752,19.2283,19.2283,1.5519,29.8404,34.9614,24.1077,1.5519,0.245833
1.6754,19.6235,19.6235,1.72995,33.9477,34.9614,24.1201,1.72995,0.204167
1.6756,17.9332,17.9332,2,35.8664,34.9614,24.1388,2.00038,0.245833
1.6758,16.6725,16.6725,1.86761,31.1377,34.9614,24.1297,1.86761,0.2875
1.676,19.23,19.23,1.54701,29.749,34.9614,24.1074,1.54701,0.245833
1.6762,19.6328,19.6328,1.72794,33.9243,34.9614,24.1199,1.72794,0.204167
1.6764,17.9377,17.9377,2,35.8754,34.9614,24.1389,2.00141,0.245833
1.6766,16.6682,16.6682,1.86736,31.1255,34.9614,24.1296,1.86736,0.2875
1.6768,19.2248,19.2248,1.54669,29.7349,34.9614,24.1073,1.54669,0.245833
1.677,19.633,19.633,1.72836,33.9329,34.9614,24.12,1.72836,0.204167
1.6772,17.9374,17.9374,2,35.8749,34.9614,24.139,2.0015,0.245833
1.6774,16.6665,16.6665,1.86795,31.1322,34.9614,24.1298,1.86795,0.2875
1.6776,19.2349,19.2349,1.54579,29.733,34.9614,24.1073,1.54579,0.245833
1.6778,19.633,19.633,1.72979,33.961,34.9614,24.1201,1.72979,0.204167
1.678,17.92,17.92,2,35.8401,34.9614,24.1388,2.00089,0.245833
1.6782,16.6804,16.6804,1.86563,31.1194,34.9614,24.1295,1.86563,0.2875
1.6784,19.2235,19.2235,1.55036,29.8033,34.9614,24.1076,1.55036,0.245833
1.6786,19.6335,19.6335,1.72649,33.897,34.9614,24.1198,1.72649,0.204167
1.6788,17.9452,17.9452,2,35.8904,34.9614,24.139,2.00155,0.245833
1.679,16.6674,16.6674,1.8695,31.1597,34.9614,24.1298,1.8695,0.2875
1.6792,19.2247,19.2247,1.54669,29.7346,34.9614,24.1073,1.54669,0.245833
1.6794,19.6337,19.6337,1.72878,33.9422,34.9614,24.12,1.72878,0.204167
1.6796,17.9279,17.9279,2,35.8558,34.9614,24.139,2.00315,0.245833
1.6798,16.6646,16.6646,1.86594,31.0951,34.9614,24.1295,1.86594,0.2875
1.68,19.2376,19.2376,1.54677,29.7561,34.9614,24.1074,1.54677,0.245833
1.6802,19.6263,19.6263,1.73211,33.9949,34.9614,24.1202,1.73211,0.204167
1.6804,17.9255,17.9255,1.99954,35.8428,34.9614,24.1388,1.99954,0.245833
1.6806,16.6668,16.6668,1.869,31.1503,34.9614,24.1298,1.869,0.2875
1.6808,19.2286,19.2286,1.54934,29.7916,34.9614,24.1075,1.54934,0.245833
1.681,19.6254,19.6254,1.7301,33.9539,34.9614,24.1201,1.7301,0.204167
1.6812,17.9244,17.9244,2,35.8488,34.9614,24.139,2.00189,0.245833
1.6814,16.6692,16.6692,1.866,31.1048,34.9614,24.1296,1.866,0.2875
1.6816,19.2286,19.2286,1.54842,29.7741,34.9614,24.1075,1.54842,0.245833
1.6818,19.6282,19.6282,1.72998,33.9564,34.9614,24.1201,1.72998,0.204167
1.682,17.922,17.922,2,35.844,34.9614,24.139,2.00297,0.245833
1.6822,16.6766,16.6766,1.86382,31.0822,34.9614,24.1294,1.86382,0.2875
1.6824,19.2307,19.2307,1.55008,29.8091,34.9614,24.1076,1.55008,0.245833
1.6826,19.6289,19.6289,1.72949,33.948,34.9614,24.12,1.72949,0.204167
1.6828,17.9302,17.9302,2,35.8605,34.9614,24.1388,2.00033,0.245833
1.683,16.6749,16.6749,1.86757,31.1415,34.9614,24.1297,1.86757,0.2875
1.6832,19.2297,19.2297,1.54851,29.7775,34.9614,24.1075,1.54851,0.245833
1.6834,19.6304,19.6304,1.72801,33.9216,34.9614,24.1199,1.72801,0.204167
1.6836,17.9405,17.9405,2,35.8811,34.9614,24.1389,2.00009,0.245833
1.6838,16.6615,16.6615,1.86898,31.14,34.9614,24.1298,1.86898,0.2875
1.684,19.2375,19.2375,1.5448,29.7181,34.9614,24.1072,1.5448,0.245833
1.6842,19.6263,19.6263,1.7321,33.9948,34.9614,24.1202,1.7321,0.204167
1.6844,17.9296,17.9296,2,35.8591,34.9614,24.1388,2.00025,0.245833
1.6846,16.6738,16.6738,1.86647,31.1212,34.9614,24.1298,1.86647,0.2875
1.6848,19.2306,19.2306,1.54798,29.7686,34.9614,24.1074,1.54798,0.245833
1.685,19.6325,19.6325,1.7277,33.919,34.9614,24.1199,1.7277,0.204167
1.6852,17.9278,17.9278,2,35.8556,34.9614,24.1391,2.0048,0.245833
1.6854,16.6736,16.6736,1.86392,31.0783,34.9614,24.1294,1.86392,0.2875
1.6856,19.2305,19.2305,1.55013,29.8098,34.9614,24.1076,1.55013,0.245833
1.6858,19.6281,19.6281,1.7291,33.9391,34.9614,24.12,1.7291,0.204167
1.686,17.9301,17.9301,1.9999,35.8585,34.9614,24.1388,1.9999,0.245833
1.6862,16.6743,16.6743,1.86542,31.1046,34.9614,24.1295,1.86542,0.2875
1.6864,19.2332,19.2332,1.54852,29.7831,34.9614,24.1075,1.54852,0.245833
1.6866,19.6242,19.6242,1.73004,33.9507,34.9614,24.1201,1.73004,0.204167
1.6868,17.9251,17.9251,2,35.8501,34.9614,24.139,2.00118,0.245833
1.687,16.6775,16.6775,1.86412,31.0889,34.9614,24.1294,1.86412,0.2875
1.6872,19.2253,19.2253,1.55023,29.8036,34.9614,24.1076,1.55023,0.245833
1.6874,19.631,19.631,1.7274,33.9107,34.9614,24.1199,1.7274,0.204167
1.6876,17.9357,17.9357,2,35.8714,34.9614,24.1388,2.00113,0.245833
1.6878,16.6658,16.6658,1.86659,31.1082,34.9614,24.1296,1.86659,0.2875
1.688,19.2376,19.2376,1.547,29.7604,34.9614,24.1073,1.547,0.245833
1.6882,19.6298,19.6298,1.72981,33.9557,34.9614,24.12,1.72981,0.204167
1.6884,17.9255,17.9255,1.99983,35.8481,34.9614,24.1388,1.99983,0.245833
1.6886,16.6866,16.6866,1.86458,31.1135,34.9614,24.1294,1.86458,0.2875
1.6888,19.2258,19.2258,1.55211,29.8405,34.9614,24.1077,1.55211,0.245833
1.689,19.6248,19.6248,1.72931,33.9374,34.9614,24.12,1.72931,0.204167
1.6892,17.9367,17.9367,2,35.8734,34.9614,24.1388,2.00004,0.245833
1.6894,16.6638,16.6638,1.86673,31.1067,34.9614,24.1296,1.86673,0.2875
1.6896,19.2326,19.2326,1.54893,29.79,34.9614,24.1075,1.54893,0.245833
1.6898,19.6294,19.6294,1.7289,33.9373,34.9614,24.12,1.7289,0.204167
1.69,17.9307,17.9307,2,35.8614,34.9614,24.1389,2.00087,0.245833
1.6902,16.6683,16.6683,1.86585,31.1005,34.9614,24.1296,1.86585,0.2875
1.6904,19.2353,19.2353,1.54767,29.7699,34.9614,24.1074,1.54767,0.245833
1.6906,19.6307,19.6307,1.72967,33.9547,34.9614,24.12,1.72967,0.204167
1.6908,17.9313,17.9313,2,35.8625,34.9614,24.1389,2.00049,0.245833
1.691,16.6739,16.6739,1.86598,31.1131,34.9614,24.1295,1.86598,0.2875
1.6912,19.2305,19.2305,1.54891,29.7864,34.9614,24.1075,1.54891,0.245833
1.6914,19.6317,19.6317,1.72798,33.9231,34.9614,24.1199,1.72798,0.204167
1.6916,17.9393,17.9393,2,35.8787,34.9614,24.1388,2.00078,0.245833
1.6918,16.6661,16.6661,1.8666,31.109,34.9614,24.1296,1.8666,0.2875
1.692,19.2373,19.2373,1.5466,29.7525,34.9614,24.1073,1.5466,0.245833
1.6922,19.6302,19.6302,1.72925,33.9457,34.9614,24.12,1.72925,0.204167
1.6924,17.9261,17.9261,2,35.8523,34.9614,24.1389,2.00124,0.245833
1.6926,16.6774,16.6774,1.86528,31.1081,34.9614,24.1295,1.86528,0.2875
1.6928,19.2325,19.2325,1.54919,29.7948,34.9614,24.1075,1.54919,0.245833
1.693,19.6287,19.6287,1.73009,33.9594,34.9614,24.12,1.73009,0.204167
1.6932,17.9172,17.9172,2,35.8344,34.9614,24.1389,2.00146,0.245833
1.6934,16.6778,16.6778,1.8632,31.074,34.9614,24.1293,1.8632,0.2875
1.6936,19.2294,19.2294,1.55046,29.8145,34.9614,24.1076,1.55046,0.245833
1.6938,19.628,19.628,1.72752,33.9079,34.9614,24.1199,1.72752,0.204167
1.694,17.9358,17.9358,2,35.8717,34.9614,24.1389,2.00138,0.245833
1.6942,16.6571,16.6571,1.8685,31.1237,34.9614,24.1298,1.8685,0.2875
1.6944,19.2346,19.2346,1.54573,29.7314,34.9614,24.1073,1.54573,0.245833
1.6946,19.6331,19.6331,1.73002,33.9655,34.9614,24.1201,1.73002,0.204167
1.6948,17.9201,17.9201,2,35.8401,34.9614,24.1389,2.00213,0.245833
1.695,16.6738,16.6738,1.86492,31.0952,34.9614,24.1295,1.86492,0.2875
1.6952,19.2358,19.2358,1.54828,29.7824,34.9614,24.1075,1.54828,0.245833
1.6954,19.6337,19.6337,1.72731,33.9134,34.9614,24.1199,1.72731,0.204167
1.6956,17.9329,17.9329,2,35.8657,34.9614,24.1389,2.00152,0.245833
1.6958,16.6691,16.6691,1.86614,31.107,34.9614,24.1295,1.86614,0.2875
1.696,19.2342,19.2342,1.54816,29.7777,34.9614,24.1074,1.54816,0.245833
1.6962,19.6283,19.6283,1.72867,33.9308,34.9614,24.12,1.72867,0.204167
1.6964,17.9382,17.9382,1.99985,35.8738,34.9614,24.1388,1.99985,0.245833
1.6966,16.6702,16.6702,1.86767,31.1343,34.9614,24.1297,1.86767,0.2875
1.6968,19.2247,19.2247,1.54757,29.7515,34.9614,24.1074,1.54757,0.245833
1.697,19.6339,19.6339,1.72835,33.9342,34.9614,24.12,1.72835,0.204167
1.6972,17.934,17.934,2,35.8679,34.9614,24.1391,2.00267,0.245833
1.6974,16.6796,16.6796,1.86448,31.0989,34.9614,24.1295,1.86448,0.2875
1.6976,19.2265,19.2265,1.55157,29.8312,34.9614,24.1077,1.55157,0.245833
1.6978,19.6277,19.6277,1.72867,33.9297,34.9614,24.12,1.72867,0.204167
1.698,17.936,17.936,2,35.8719,34.9614,24.1389,2.00057,0.245833
1.6982,16.6706,16.6706,1.86687,31.1218,34.9614,24.1297,1.86687,0.2875
1.6984,19.2288,19.2288,1.5472,29.7507,34.9614,24.1074,1.5472,0.245833
1.6986,19.6323,19.6323,1.72865,33.9373,34.9614,24.12,1.72865,0.204167
1.6988,17.9255,17.9255,2,35.851,34.9614,24.1389,2.00214,0.245833
1.699,16.6651,16.6651,1.86601,31.0972,34.9614,24.1297,1.86601,0.2875
1.6992,19.2359,19.2359,1.54704,29.7587,34.9614,24.1074,1.54704,0.245833
1.6994,19.6323,19.6323,1.72902,33.9446,34.9614,24.12,1.72902,0.204167
1.6996,17.9297,17.9297,2,35.8594,34.9614,24.1389,2.00169,0.245833
1.6998,16.6716,16.6716,1.86504,31.0932,34.9614,24.1296,1.86504,0.2875
1.7,19.2341,19.2341,1.54857,29.7854,34.9614,24.1075,1.54857,0.245833
1.7002,19.6269,19.6269,1.73034,33.9613,34.9614,24.1201,1.73034,0.204167
1.7004,17.9211,17.9211,2,35.8423,34.9614,24.1389,2.00203,0.245833
1.7006,16.6754,16.6754,1.86345,31.0737,34.9614,24.1295,1.86345,0.2875
1.7008,19.2363,19.2363,1.55055,29.8267,34.9614,24.1076,1.55055,0.245833
1.701,19.6214,19.6214,1.73057,33.9562,34.9614,24.1201,1.73057,0.204167
1.7012,17.9267,17.9267,1.99977,35.8492,34.9614,24.1389,1.99977,0.245833
1.7014,16.6823,16.6823,1.86748,31.1539,34.9614,24.1296,1.86748,0.2875
1.7016,19.2233,19.2233,1.55017,29.7993,34.9614,24.1076,1.55017,0.245833
1.7018,19.6323,19.6323,1.72685,33.9021,34.9614,24.1198,1.72685,0.204167
1.702,17.9303,17.9303,2,35.8606,34.9614,24.139,2.00214,0.245833
1.7022,16.6662,16.6662,1.86597,31.0987,34.9614,24.1295,1.86597,0.2875
1.7024,19.2391,19.2391,1.54664,29.756,34.9614,24.1073,1.54664,0.245833
1.7026,19.63,19.63,1.73001,33.9601,34.9614,24.12,1.73001,0.204167
1.7028,17.92,17.92,2,35.8401,34.9614,24.1389,2.00137,0.245833
1.703,16.6818,16.6818,1.86226,31.0659,34.9614,24.1293,1.86226,0.2875
1.7032,19.2308,19.2308,1.55307,29.8669,34.9614,24.1078,1.55307,0.245833
1.7034,19.6247,19.6247,1.7296,33.9429,34.9614,24.12,1.7296,0.204167
1.7036,17.9318,17.9318,2,35.8635,34.9614,24.139,2.00308,0.245833
1.7038,16.674,16.674,1.8657,31.1086,34.9614,24.1295,1.8657,0.2875
1.704,19.2282,19.2282,1.55034,29.8103,34.9614,24.1076,1.55034,0.245833
1.7042,19.6263,19.6263,1.72939,33.9414,34.9614,24.12,1.72939,0.204167
1.7044,17.9266,17.9266,2,35.8532,34.9614,24.139,2.00332,0.245833
1.7046,16.6664,16.6664,1.8642,31.0695,34.9614,24.1295,1.8642,0.2875
1.7048,19.2384,19.2384,1.54861,29.7927,34.9614,24.1075,1.54861,0.245833
1.705,19.6303,19.6303,1.72797,33.9207,34.9614,24.1199,1.72797,0.204167
1.7052,17.9301,17.9301,2,35.8601,34.9614,24.139,2.00138,0.245833
1.7054,16.6673,16.6673,1.86742,31.125,34.9614,24.1297,1.86742,0.2875
1.7056,19.2238,19.2238,1.54873,29.7725,34.9614,24.1075,1.54873,0.245833
1.7058,19.6305,19.6305,1.72825,33.9265,34.9614,24.1199,1.72825,0.204167
1.706,17.9321,17.9321,2,35.8641,34.9614,24.1389,2.00217,0.245833
1.7062,16.672,16.672,1.86639,31.1164,34.9614,24.1296,1.86639,0.2875
1.7064,19.2336,19.2336,1.54736,29.7612,34.9614,24.1074,1.54736,0.245833
1.7066,19.6334,19.6334,1.72801,33.9267,34.9614,24.1199,1.72801,0.204167
1.7068,17.9354,17.9354,2,35.8708,34.9614,24.1389,2.00019,0.245833
1.707,16.666,16.666,1.86548,31.09,34.9614,24.1295,1.86548,0.2875
1.7072,19.2349,19.2349,1.54905,29.7959,34.9614,24.1075,1.54905,0.245833
1.7074,19.6239,19.6239,1.73074,33.9639,34.9614,24.1201,1.73074,0.204167
1.7076,17.9307,17.9307,2,35.8615,34.9614,24.1388,2.00059,0.245833
1.7078,16.674,16.674,1.86583,31.1107,34.9614,24.1295,1.86583,0.2875
1.708,19.233,19.233,1.54882,29.7885,34.9614,24.1075,1.54882,0.245833
1.7082,19.6284,19.6284,1.72839,33.9255,34.9614,24.12,1.72839,0.204167
1.7084,17.937,17.937,2,35.874,34.9614,24.1391,2.00258,0.245833
1.7086,16.6593,16.6593,1.86684,31.1003,34.9614,24.1298,1.86684,0.2875
1.7088,19.2368,19.2368,1.54554,29.7312,34.9614,24.1073,1.54554,0.245833
1.709,19.6332,19.6332,1.72895,33.9449,34.9614,24.12,1.72895,0.204167
1.7092,17.9311,17.9311,2,35.8622,34.9614,24.1388,2.00052,0.245833
1.7094,16.6739,16.6739,1.86593,31.1123,34.9614,24.1295,1.86593,0.2875
1.7096,19.2378,19.2378,1.5479,29.7782,34.9614,24.1074,1.5479,0.245833
1.7098,19.6301,19.6301,1.72867,33.9339,34.9614,24.12,1.72867,0.204167
1.71,17.9302,17.9302,2,35.8604,34.9614,24.1389,2.00133,0.245833
1.7102,16.67,16.67,1.86635,31.112,34.9614,24.1297,1.86635,0.2875
1.7104,19.234,19.234,1.54746,29.7639,34.9614,24.1074,1.54746,0.245833
1.7106,19.6326,19.6326,1.72797,33.9244,34.9614,24.1199,1.72797,0.204167
1.7108,17.9377,17.9377,2,35.8754,34.9614,24.1389,2.00139,0.245833
1.711,16.6682,16.6682,1.86738,31.1259,34.9614,24.1296,1.86738,0.2875
1.7112,19.2242,19.2242,1.54804,29.7598,34.9614,24.1074,1.54804,0.245833
1.7114,19.6349,19.6349,1.72767,33.9227,34.9614,24.1199,1.72767,0.204167
1.7116,17.9347,17.9347,1.99964,35.8629,34.9614,24.1388,1.99964,0.245833
1.7118,16.6792,16.6792,1.86619,31.1266,34.9614,24.1297,1.86619,0.2875
1.712,19.2286,19.2286,1.54956,29.7957,34.9614,24.1076,1.54956,0.245833
1.7122,19.6282,19.6282,1.72916,33.9404,34.9614,24.12,1.72916,0.204167
1.7124,17.9382,17.9382,1.99982,35.8733,34.9614,24.1388,1.99982,0.245833
1.7126,16.6703,16.6703,1.86768,31.1348,34.9614,24.1297,1.86768,0.2875
1.7128,19.2315,19.2315,1.54593,29.7305,34.9614,24.1073,1.54593,0.245833
1.713,19.6328,19.6328,1.72974,33.9596,34.9614,24.12,1.72974,0.204167
1.7132,17.9195,17.9195,2,35.8391,34.9614,24.1389,2.00215,0.245833
1.7134,16.6752,16.6752,1.86466,31.0935,34.9614,24.1295,1.86466,0.2875
1.7136,19.2316,19.2316,1.55028,29.8143,34.9614,24.1076,1.55028,0.245833
1.7138,19.6248,19.6248,1.72954,33.9419,34.9614,24.12,1.72954,0.204167
1.714,17.9341,17.9341,2,35.8682,34.9614,24.1389,2.00156,0.245833
1.7142,16.6646,16.6646,1.86524,31.0836,34.9614,24.1295,1.86524,0.2875
1.7144,19.2326,19.2326,1.54873,29.7861,34.9614,24.1075,1.54873,0.245833
1.7146,19.6289,19.6289,1.72853,33.9292,34.9614,24.1199,1.72853,0.204167
1.7148,17.9423,17.9423,2,35.8846,34.9614,24.1388,2.00058,0.245833
1.715,16.6638,16.6638,1.86745,31.1187,34.9614,24.1296,1.86745,0.2875
1.7152,19.2291,19.2291,1.54647,29.7373,34.9614,24.1073,1.54647,0.245833
1.7154,19.6347,19.6347,1.7288,33.9446,34.9614,24.12,1.7288,0.204167
1.7156,17.9249,17.9249,2,35.8498,34.9614,24.1389,2.00203,0.245833
1.7158,16.6611,16.6611,1.86683,31.1035,34.9614,24.1298,1.86683,0.2875
1.716,19.2418,19.2418,1.54489,29.7265,34.9614,24.1072,1.54489,0.245833
1.7162,19.6296,19.6296,1.72973,33.954,34.9614,24.12,1.72973,0.204167
1.7164,17.9317,17.9317,2,35.8634,34.9614,24.1388,2.00028,0.245833
1.7166,16.6709,16.6709,1.86746,31.1321,34.9614,24.1296,1.86746,0.2875
1.7168,19.2289,19.2289,1.54797,29.7659,34.9614,24.1074,1.54797,0.245833
1.717,19.6301,19.6301,1.72994,33.9589,34.9614,24.12,1.72994,0.204167
1.7172,17.92,17.92,2,35.8401,34.9614,24.139,2.00211,0.245833
1.7174,16.6737,16.6737,1.86497,31.0958,34.9614,24.1295,1.86497,0.2875
1.7176,19.2322,19.2322,1.54939,29.7983,34.9614,24.1075,1.54939,0.245833
1.7178,19.6238,19.6238,1.73049,33.9588,34.9614,24.1201,1.73049,0.204167
1.718,17.921,17.921,2,35.8421,34.9614,24.1389,2.00174,0.245833
1.7182,16.6766,16.6766,1.86447,31.093,34.9614,24.1294,1.86447,0.2875
1.7184,19.2257,19.2257,1.55095,29.8182,34.9614,24.1076,1.55095,0.245833
1.7186,19.6251,19.6251,1.72975,33.9466,34.9614,24.12,1.72975,0.204167
1.7188,17.9368,17.9368,1.9994,35.8627,34.9614,24.1387,1.9994,0.245833
1.719,16.6719,16.6719,1.86694,31.1256,34.9614,24.1296,1.86694,0.2875
1.7192,19.2249,19.2249,1.54803,29.7608,34.9614,24.1074,1.54803,0.245833
1.7194,19.6351,19.6351,1.72702,33.9103,34.9614,24.1199,1.72702,0.204167
1.7196,17.9374,17.9374,2,35.8748,34.9614,24.1388,2.00133,0.245833
1.7198,16.6648,16.6648,1.86771,31.1252,34.9614,24.1297,1.86771,0.2875
1.72,19.2255,19.2255,1.5465,29.7322,34.9614,24.1073,1.5465,0.245833
1.7202,19.635,19.635,1.72973,33.9633,34.9614,24.12,1.72973,0.204167
1.7204,17.9144,17.9144,2,35.8288,34.9614,24.1392,2.00381,0.245833
1.7206,16.6726,16.6726,1.86403,31.0783,34.9614,24.1294,1.86403,0.2875
1.7208,19.2294,19.2294,1.54954,29.7967,34.9614,24.1075,1.54954,0.245833
1.721,19.6298,19.6298,1.72819,33.9239,34.9614,24.1199,1.72819,0.204167
1.7212,17.9357,17.9357,2,35.8715,34.9614,24.139,2.00111,0.245833
1.7214,16.6659,16.6659,1.8666,31.1085,34.9614,24.1296,1.8666,0.2875
1.7216,19.2371,19.2371,1.5476,29.7713,34.9614,24.1074,1.5476,0.245833
1.7218,19.6309,19.6309,1.72856,33.9333,34.9614,24.12,1.72856,0.204167
1.722,17.932,17.932,2,35.8639,34.9614,24.1388,2.00088,0.245833
1.7222,16.6792,16.6792,1.86692,31.1387,34.9614,24.1296,1.86692,0.2875
1.7224,19.2232,19.2232,1.55,29.7959,34.9614,24.1075,1.55,0.245833
1.7226,19.6286,19.6286,1.72943,33.9463,34.9614,24.12,1.72943,0.204167
1.7228,17.9302,17.9302,2,35.8604,34.9614,24.1388,2.00034,0.245833
1.723,16.6749,16.6749,1.86746,31.1397,34.9614,24.1298,1.86746,0.2875
1.7232,19.2256,19.2256,1.54922,29.7847,34.9614,24.1075,1.54922,0.245833
1.7234,19.6273,19.6273,1.72906,33.9367,34.9614,24.12,1.72906,0.204167
1.7236,17.9249,17.9249,2,35.8499,34.9614,24.1392,2.00464,0.245833
1.7238,16.6689,16.6689,1.8649,31.0859,34.9614,24.1295,1.8649,0.2875
1.724,19.2283,19.2283,1.54933,29.791,34.9614,24.1075,1.54933,0.245833
1.7242,19.626,19.626,1.72952,33.9435,34.9614,24.12,1.72952,0.204167
1.7244,17.9372,17.9372,1.99929,35.8617,34.9614,24.1387,1.99929,0.245833
1.7246,16.667,16.667,1.86993,31.1661,34.9614,24.1298,1.86993,0.2875
1.7248,19.2276,19.2276,1.5453,29.7124,34.9614,24.1073,1.5453,0.245833
1.725,19.6333,19.6333,1.72832,33.9326,34.9614,24.12,1.72832,0.204167
1.7252,17.9365,17.9365,2,35.873,34.9614,24.1389,2.00108,0.245833
1.7254,16.6596,16.6596,1.86844,31.1275,34.9614,24.1297,1.86844,0.2875
1.7256,19.2353,19.2353,1.54626,29.7428,34.9614,24.1073,1.54626,0.245833
1.7258,19.6306,19.6306,1.73066,33.974,34.9614,24.1201,1.73066,0.204167
1.726,17.9165,17.9165,2,35.833,34.9614,24.1389,2.00213,0.245833
1.7262,16.6737,16.6737,1.86306,31.0641,34.9614,24.1294,1.86306,0.2875
1.7264,19.238,19.238,1.55003,29.8196,34.9614,24.1076,1.55003,0.245833
1.7266,19.6278,19.6278,1.72699,33.8971,34.9614,24.1199,1.72699,0.204167
1.7268,17.9412,17.9412,2,35.8823,34.9614,24.1389,2.00114,0.245833
1.727,16.6628,16.6628,1.86684,31.1067,34.9614,24.1296,1.86684,0.2875
1.7272,19.2389,19.2389,1.54515,29.727,34.9614,24.1072,1.54515,0.245833
1.7274,19.6302,19.6302,1.72883,33.9373,34.9614,24.12,1.72883,0.204167
1.7276,17.9303,17.9303,2,35.8605,34.9614,24.1389,2.00097,0.245833
1.7278,16.6734,16.6734,1.86672,31.1246,34.9614,24.1296,1.86672,0.2875
1.728,19.2273,19.2273,1.54799,29.7638,34.9614,24.1074,1.54799,0.245833
1.7282,19.6322,19.6322,1.72761,33.9168,34.9614,24.1199,1.72761,0.204167
1.7284,17.9304,17.9304,2,35.8608,34.9614,24.139,2.00352,0.245833
1.7286,16.67,16.67,1.86599,31.106,34.9614,24.1296,1.86599,0.2875
1.7288,19.2278,19.2278,1.54899,29.7836,34.9614,24.1075,1.54899,0.245833
1.729,19.6285,19.6285,1.72911,33.9397,34.9614,24.12,1.72911,0.204167
1.7292,17.9312,17.9312,2,35.8625,34.9614,24.1388,2.00053,0.245833
1.7294,16.668,16.668,1.8677,31.1308,34.9614,24.1296,1.8677,0.2875
1.7296,19.2295,19.2295,1.54673,29.7428,34.9614,24.1073,1.54673,0.245833
1.7298,19.6348,19.6348,1.72859,33.9405,34.9614,24.12,1.72859,0.204167
1.73,17.9272,17.9272,2,35.8544,34.9614,24.139,2.00367,0.245833
1.7302,16.677,16.677,1.86238,31.059,34.9614,24.1294,1.86238,0.2875
1.7304,19.2364,19.2364,1.55158,29.8467,34.9614,24.1077,1.55158,0.245833
1.7306,19.6261,19.6261,1.7284,33.9218,34.9614,24.12,1.7284,0.204167
1.7308,17.9276,17.9276,2,35.8552,34.9614,24.1391,2.00384,0.245833
1.731,16.6682,16.6682,1.86577,31.0991,34.9614,24.1296,1.86577,0.2875
1.7312,19.2298,19.2298,1.5483,29.7734,34.9614,24.1075,1.5483,0.245833
1.7314,19.6315,19.6315,1.72858,33.9347,34.9614,24.12,1.72858,0.204167
1.7316,17.9263,17.9263,2,35.8527,34.9614,24.1389,2.00139,0.245833
1.7318,16.6738,16.6738,1.86629,31.1182,34.9614,24.1295,1.86629,0.2875
1.732,19.2351,19.2351,1.54707,29.7581,34.9614,24.1074,1.54707,0.245833
1.7322,19.6308,19.6308,1.72955,33.9523,34.9614,24.12,1.72955,0.204167
1.7324,17.9269,17.9269,2,35.8538,34.9614,24.1389,2.00189,0.245833
1.7326,16.6652,16.6652,1.86587,31.095,34.9614,24.1295,1.86587,0.2875
1.7328,19.2344,19.2344,1.54805,29.7758,34.9614,24.1074,1.54805,0.245833
1.733,19.6283,19.6283,1.72916,33.9405,34.9614,24.12,1.72916,0.204167
1.7332,17.9382,17.9382,1.99983,35.8733,34.9614,24.1388,1.99983,0.245833
1.7334,16.6703,16.6703,1.86768,31.1347,34.9614,24.1297,1.86768,0.2875
1.7336,19.2302,19.2302,1.54663,29.7421,34.9614,24.1074,1.54663,0.245833
1.7338,19.6363,19.6363,1.72752,33.9222,34.9614,24.1199,1.72752,0.204167
1.734,17.9277,17.9277,2,35.8554,34.9614,24.1391,2.00387,0.245833
1.7342,16.6682,16.6682,1.86579,31.0995,34.9614,24.1296,1.86579,0.2875
1.7344,19.2291,19.2291,1.54893,29.7846,34.9614,24.1075,1.54893,0.245833
1.7346,19.6286,19.6286,1.73007,33.9588,34.9614,24.12,1.73007,0.204167
1.7348,17.921,17.921,2,35.8421,34.9614,24.1388,2.00072,0.245833
1.735,16.6798,16.6798,1.86473,31.1033,34.9614,24.1295,1.86473,0.2875
1.7352,19.2265,19.2265,1.55136,29.8273,34.9614,24.1077,1.55136,0.245833
1.7354,19.6226,19.6226,1.73072,33.9612,34.9614,24.1201,1.73072,0.204167
1.7356,17.9292,17.9292,2,35.8584,34.9614,24.1388,2.00084,0.245833
1.7358,16.6685,16.6685,1.86573,31.099,34.9614,24.1297,1.86573,0.2875
1.736,19.2331,19.2331,1.54665,29.7467,34.9614,24.1073,1.54665,0.245833
1.7362,19.6318,19.6318,1.72927,33.9487,34.9614,24.12,1.72927,0.204167
1.7364,17.9269,17.9269,2,35.8539,34.9614,24.1388,2.00101,0.245833
1.7366,16.6677,16.6677,1.8652,31.0885,34.9614,24.1296,1.8652,0.2875
1.7368,19.2391,19.2391,1.54804,29.7829,34.9614,24.1074,1.54804,0.245833
1.737,19.6286,19.6286,1.72869,33.9316,34.9614,24.12,1.72869,0.204167
1.7372,17.9336,17.9336,2,35.8671,34.9614,24.1388,2.0009,0.245833
1.7374,16.6638,16.6638,1.86568,31.0894,34.9614,24.1297,1.86568,0.2875
1.7376,19.2376,19.2376,1.54781,29.7761,34.9614,24.1074,1.54781,0.245833
1.7378,19.6245,19.6245,1.73096,33.9691,34.9614,24.1201,1.73096,0.204167
1.738,17.9272,17.9272,2,35.8545,34.9614,24.139,2.00161,0.245833
1.7382,16.6751,16.6751,1.86325,31.0699,34.9614,24.1294,1.86325,0.2875
1.7384,19.2304,19.2304,1.55035,29.8139,34.9614,24.1076,1.55035,0.245833
1.7386,19.6289,19.6289,1.72847,33.928,34.9614,24.1199,1.72847,0.204167
1.7388,17.9436,17.9436,2,35.8873,34.9614,24.1388,2.00115,0.245833
1.739,16.655,16.655,1.87045,31.1523,34.9614,24.1298,1.87045,0.2875
1.7392,19.2316,19.2316,1.54272,29.6691,34.9614,24.1071,1.54272,0.245833
1.7394,19.6348,19.6348,1.72946,33.9577,34.9614,24.12,1.72946,0.204167
1.7396,17.9231,17.9231,2,35.8461,34.9614,24.139,2.00373,0.245833
1.7398,16.6697,16.6697,1.86457,31.082,34.9614,24.1295,1.86457,0.2875
1.74,19.2271,19.2271,1.55032,29.8082,34.9614,24.1076,1.55032,0.245833
1.7402,19.6266,19.6266,1.72879,33.9304,34.9614,24.12,1.72879,0.204167
1.7404,17.9363,17.9363,2,35.8727,34.9614,24.1389,2.00192,0.245833
1.7406,16.6773,16.6773,1.86622,31.1236,34.9614,24.1297,1.86622,0.2875
1.7408,19.2264,19.2264,1.54875,29.777,34.9614,24.1075,1.54875,0.245833
1.741,19.6302,19.6302,1.72819,33.9248,34.9614,24.1199,1.72819,0.204167
1.7412,17.9372,17.9372,2,35.8744,34.9614,24.1388,2.00005,0.245833
1.7414,16.6638,16.6638,1.86668,31.1061,34.9614,24.1296,1.86668,0.2875
1.7416,19.2372,19.2372,1.54707,29.7613,34.9614,24.1074,1.54707,0.245833
1.7418,19.6298,19.6298,1.72978,33.9551,34.9614,24.12,1.72978,0.204167
1.742,17.9334,17.9334,1.99983,35.8637,34.9614,24.1388,1.99983,0.245833
1.7422,16.681,16.681,1.86556,31.1194,34.9614,24.1297,1.86556,0.2875
1.7424,19.2294,19.2294,1.54922,29.7906,34.9614,24.1075,1.54922,0.245833
1.7426,19.6289,19.6289,1.72913,33.9409,34.9614,24.12,1.72913,0.204167
1.7428,17.9356,17.9356,2,35.8712,34.9614,24.1388,2.00097,0.245833
1.743,16.6581,16.6581,1.86914,31.1363,34.9614,24.1298,1.86914,0.2875
1.7432,19.2309,19.2309,1.54688,29.7478,34.9614,24.1073,1.54688,0.245833
1.7434,19.6314,19.6314,1.72848,33.9325,34.9614,24.12,1.72848,0.204167
1.7436,17.9355,17.9355,2,35.871,34.9614,24.139,2.00216,0.245833
1.7438,16.6782,16.6782,1.86637,31.1277,34.9614,24.1297,1.86637,0.2875
1.744,19.2234,19.2234,1.54886,29.7743,34.9614,24.1075,1.54886,0.245833
1.7442,19.6336,19.6336,1.72675,33.9023,34.9614,24.1198,1.72675,0.204167
1.7444,17.9317,17.9317,2,35.8634,34.9614,24.1389,2.00284,0.245833
1.7446,16.6765,16.6765,1.86614,31.1206,34.9614,24.1296,1.86614,0.2875
1.7448,19.2283,19.2283,1.5491,29.7865,34.9614,24.1075,1.5491,0.245833
1.745,19.6275,19.6275,1.72968,33.9493,34.9614,24.12,1.72968,0.204167
1.7452,17.9365,17.9365,2,35.8729,34.9614,24.1389,2.00104,0.245833
1.7454,16.6657,16.6657,1.86629,31.103,34.9614,24.1297,1.86629,0.2875
1.7456,19.2421,19.2421,1.54504,29.7297,34.9614,24.1072,1.54504,0.245833
1.7458,19.6303,19.6303,1.72919,33.9445,34.9614,24.12,1.72919,0.204167
1.746,17.9276,17.9276,2,35.8553,34.9614,24.1389,2.00189,0.245833
1.7462,16.6685,16.6685,1.86563,31.0974,34.9614,24.1296,1.86563,0.2875
1.7464,19.2325,19.2325,1.54835,29.7787,34.9614,24.1074,1.54835,0.245833
1.7466,19.6343,19.6343,1.72722,33.9128,34.9614,24.1199,1.72722,0.204167
1.7468,17.9401,17.9401,2,35.8801,34.9614,24.139,2.00118,0.245833
1.747,16.6662,16.6662,1.86754,31.1248,34.9614,24.1296,1.86754,0.2875
1.7472,19.225,19.225,1.54694,29.7399,34.9614,24.1073,1.54694,0.245833
1.7474,19.6346,19.6346,1.7285,33.9383,34.9614,24.1199,1.7285,0.204167
1.7476,17.9175,17.9175,2,35.835,34.9614,24.1391,2.00323,0.245833
1.7478,16.6801,16.6801,1.86147,31.0496,34.9614,24.1293,1.86147,0.2875
1.748,19.2334,19.2334,1.55229,29.8557,34.9614,24.1077,1.55229,0.245833
1.7482,19.6265,19.6265,1.72868,33.928,34.9614,24.12,1.72868,0.204167
1.7484,17.9436,17.9436,2,35.8872,34.9614,24.1389,2.00038,0.245833
1.7486,16.6607,16.6607,1.86869,31.1336,34.9614,24.1297,1.86869,0.2875
1.7488,19.2362,19.2362,1.54401,29.7009,34.9614,24.1071,1.54401,0.245833
1.749,19.6287,19.6287,1.73051,33.9677,34.9614,24.1201,1.73051,0.204167
1.7492,17.9279,17.9279,2,35.8558,34.9614,24.1389,2.00189,0.245833
1.7494,16.6665,16.6665,1.86542,31.09,34.9614,24.1297,1.86542,0.2875
1.7496,19.2376,19.2376,1.5493,29.8048,34.9614,24.1075,1.5493,0.245833
1.7498,19.6279,19.6279,1.72906,33.9379,34.9614,24.12,1.72906,0.204167
1.75,17.9283,17.9283,2,35.8566,34.9614,24.1388,2.00116,0.245833
1.7502,16.6751,16.6751,1.86659,31.1255,34.9614,24.1296,1.86659,0.2875
1.7504,19.2262,19.2262,1.54922,29.7856,34.9614,24.1075,1.54922,0.245833
1.7506,19.6292,19.6292,1.73007,33.9599,34.9614,24.12,1.73007,0.204167
1.7508,17.916,17.916,2,35.832,34.9614,24.1391,2.0025,0.245833
1.751,16.6761,16.6761,1.86222,31.0545,34.9614,24.1293,1.86222,0.2875
1.7512,19.2315,19.2315,1.55212,29.8496,34.9614,24.1077,1.55212,0.245833
1.7514,19.6254,19.6254,1.72725,33.8979,34.9614,24.1199,1.72725,0.204167
1.7516,17.9398,17.9398,2,35.8795,34.9614,24.1389,2.00164,0.245833
1.7518,16.6767,16.6767,1.86713,31.1376,34.9614,24.1296,1.86713,0.2875
1.752,19.227,19.227,1.54739,29.7517,34.9614,24.1074,1.54739,0.245833
1.7522,19.6316,19.6316,1.72899,33.9429,34.9614,24.12,1.72899,0.204167
1.7524,17.9307,17.9307,2,35.8615,34.9614,24.1389,2.00188,0.245833
1.7526,16.6671,16.6671,1.86588,31.0987,34.9614,24.1295,1.86588,0.2875
1.7528,19.2355,19.2355,1.54784,29.7734,34.9614,24.1074,1.54784,0.245833
1.753,19.6237,19.6237,1.73132,33.975,34.9614,24.1201,1.73132,0.204167
1.7532,17.9288,17.9288,2,35.8576,34.9614,24.1389,2.0007,0.245833
1.7534,16.6787,16.6787,1.86594,31.1215,34.9614,24.1295,1.86594,0.2875
1.7536,19.2284,19.2284,1.54999,29.804,34.9614,24.1076,1.54999,0.245833
1.7538,19.6267,19.6267,1.72965,33.9473,34.9614,24.1201,1.72965,0.204167
1.754,17.9383,17.9383,1.9992,35.8623,34.9614,24.1388,1.9992,0.245833
1.7542,16.6706,16.6706,1.86905,31.1581,34.9614,24.1298,1.86905,0.2875
1.7544,19.2222,19.2222,1.5483,29.7618,34.9614,24.1074,1.5483,0.245833
1.7546,19.6318,19.6318,1.72798,33.9234,34.9614,24.1199,1.72798,0.204167
1.7548,17.9393,17.9393,2,35.8785,34.9614,24.1388,2.00079,0.245833
1.755,16.6662,16.6662,1.86658,31.1087,34.9614,24.1296,1.86658,0.2875
1.7552,19.2356,19.2356,1.54722,29.7617,34.9614,24.1074,1.54722,0.245833
1.7554,19.6322,19.6322,1.72786,33.9217,34.9614,24.1199,1.72786,0.204167
1.7556,17.9267,17.9267,2,35.8535,34.9614,24.139,2.00251,0.245833
1.7558,16.6707,16.6707,1.86606,31.1085,34.9614,24.1295,1.86606,0.2875
1.756,19.2326,19.2326,1.5483,29.7778,34.9614,24.1074,1.5483,0.245833
1.7562,19.6257,19.6257,1.73118,33.9756,34.9614,24.1201,1.73118,0.204167
1.7564,17.9284,17.9284,2,35.8567,34.9614,24.1388,2.00115,0.245833
1.7566,16.675,16.675,1.86661,31.1258,34.9614,24.1296,1.86661,0.2875
1.7568,19.2278,19.2278,1.54918,29.7873,34.9614,24.1075,1.54918,0.245833
1.757,19.6286,19.6286,1.72957,33.949,34.9614,24.12,1.72957,0.204167
1.7572,17.93,17.93,1.99975,35.8556,34.9614,24.1389,1.99975,0.245833
1.7574,16.6836,16.6836,1.86585,31.129,34.9614,24.1297,1.86585,0.2875
1.7576,19.2297,19.2297,1.54884,29.7837,34.9614,24.1075,1.54884,0.245833
1.7578,19.6309,19.6309,1.72756,33.9137,34.9614,24.1199,1.72756,0.204167
1.758,17.9309,17.9309,2,35.8617,34.9614,24.139,2.004,0.245833
1.7582,16.6668,16.6668,1.86758,31.1267,34.9614,24.1297,1.86758,0.2875
1.7584,19.2259,19.2259,1.54633,29.7296,34.9614,24.1073,1.54633,0.245833
1.7586,19.6338,19.6338,1.72913,33.9494,34.9614,24.12,1.72913,0.204167
1.7588,17.9204,17.9204,2,35.8408,34.9614,24.139,2.00391,0.245833
1.759,16.6725,16.6725,1.86455,31.0867,34.9614,24.1295,1.86455,0.2875
1.7592,19.2337,19.2337,1.54741,29.7624,34.9614,24.1074,1.54741,0.245833
1.7594,19.6225,19.6225,1.73229,33.9919,34.9614,24.1202,1.73229,0.204167
1.7596,17.9296,17.9296,2,35.8593,34.9614,24.1388,2.00055,0.245833
1.7598,16.6743,16.6743,1.86776,31.1436,34.9614,24.1297,1.86776,0.2875
1.76,19.2334,19.2334,1.54714,29.7567,34.9614,24.1074,1.54714,0.245833
1.7602,19.6311,19.6311,1.72865,33.9353,34.9614,24.12,1.72865,0.204167
1.7604,17.9311,17.9311,2,35.8622,34.9614,24.139,2.00189,0.245833
1.7606,16.6593,16.6593,1.8666,31.0961,34.9614,24.1296,1.8666,0.2875
1.7608,19.236,19.236,1.54687,29.7556,34.9614,24.1073,1.54687,0.245833
1.761,19.6304,19.6304,1.73045,33.9695,34.9614,24.1201,1.73045,0.204167
1.7612,17.9244,17.9244,2,35.8488,34.9614,24.1389,2.00204,0.245833
1.7614,16.6643,16.6643,1.8644,31.0689,34.9614,24.1296,1.8644,0.2875
1.7616,19.242,19.242,1.54694,29.7661,34.9614,24.1073,1.54694,0.245833
1.7618,19.6281,19.6281,1.72996,33.9558,34.9614,24.1201,1.72996,0.204167
1.762,17.9246,17.9246,2,35.8492,34.9614,24.139,2.00183,0.245833
1.7622,16.6671,16.6671,1.86459,31.0772,34.9614,24.1296,1.86459,0.2875
1.7624,19.2319,19.2319,1.54851,29.7808,34.9614,24.1074,1.54851,0.245833
1.7626,19.6289,19.6289,1.72866,33.9318,34.9614,24.12,1.72866,0.204167
1.7628,17.9359,17.9359,2,35.8719,34.9614,24.1388,2.00072,0.245833
1.763,16.6606,16.6606,1.86637,31.095,34.9614,24.1296,1.86637,0.2875
1.7632,19.235,19.235,1.54689,29.7544,34.9614,24.1073,1.54689,0.245833
1.7634,19.6281,19.6281,1.73107,33.9776,34.9614,24.1201,1.73107,0.204167
1.7636,17.9318,17.9318,2,35.8636,34.9614,24.1389,2.00081,0.245833
1.7638,16.6673,16.6673,1.86718,31.1209,34.9614,24.1296,1.86718,0.2875
1.764,19.2333,19.2333,1.54629,29.7403,34.9614,24.1073,1.54629,0.245833
1.7642,19.6315,19.6315,1.72898,33.9425,34.9614,24.12,1.72898,0.204167
1.7644,17.9314,17.9314,2,35.8628,34.9614,24.1389,2.00189,0.245833
1.7646,16.6582,16.6582,1.86773,31.113,34.9614,24.1297,1.86773,0.2875
1.7648,19.2337,19.2337,1.5453,29.722,34.9614,24.1073,1.5453,0.245833
1.765,19.6329,19.6329,1.72928,33.9507,34.9614,24.12,1.72928,0.204167
1.7652,17.9299,17.9299,1.9995,35.8509,34.9614,24.1387,1.9995,0.245833
1.7654,16.6799,16.6799,1.86908,31.1761,34.9614,24.1298,1.86908,0.2875
1.7656,19.2228,19.2228,1.54936,29.783,34.9614,24.1075,1.54936,0.245833
1.7658,19.6307,19.6307,1.72801,33.922,34.9614,24.1199,1.72801,0.204167
1.766,17.9401,17.9401,2,35.8802,34.9614,24.1389,2.0002,0.245833
1.7662,16.671,16.671,1.86758,31.1344,34.9614,24.1296,1.86758,0.2875
1.7664,19.2312,19.2312,1.54696,29.7499,34.9614,24.1074,1.54696,0.245833
1.7666,19.6299,19.6299,1.73044,33.9684,34.9614,24.1201,1.73044,0.204167
1.7668,17.9263,17.9263,2,35.8526,34.9614,24.139,2.00143,0.245833
1.767,16.6748,16.6748,1.86519,31.1016,34.9614,24.1296,1.86519,0.2875
1.7672,19.2307,19.2307,1.54754,29.7602,34.9614,24.1074,1.54754,0.245833
1.7674,19.6305,19.6305,1.72862,33.9338,34.9614,24.12,1.72862,0.204167
1.7676,17.9361,17.9361,2,35.8722,34.9614,24.1388,2.00112,0.245833
1.7678,16.6657,16.6657,1.86617,31.101,34.9614,24.1297,1.86617,0.2875
1.768,19.2319,19.2319,1.54775,29.7661,34.9614,24.1074,1.54775,0.245833
1.7682,19.6299,19.6299,1.72976,33.9549,34.9614,24.12,1.72976,0.204167
1.7684,17.9314,17.9314,2,35.8629,34.9614,24.1388,2.00038,0.245833
1.7686,16.6703,16.6703,1.86951,31.1654,34.9614,24.1298,1.86951,0.2875
1.7688,19.2238,19.2238,1.54681,29.7355,34.9614,24.1074,1.54681,0.245833
1.769,19.6341,19.6341,1.72786,33.9249,34.9614,24.1199,1.72786,0.204167
1.7692,17.9318,17.9318,2,35.8635,34.9614,24.1389,2.002,0.245833
1.7694,16.6698,16.6698,1.86557,31.0987,34.9614,24.1296,1.86557,0.2875
1.7696,19.237,19.237,1.54686,29.757,34.9614,24.1073,1.54686,0.245833
1.7698,19.6326,19.6326,1.72887,33.9421,34.9614,24.12,1.72887,0.204167
1.77,17.9312,17.9312,2,35.8624,34.9614,24.1389,2.00204,0.245833
1.7702,16.6698,16.6698,1.86677,31.1188,34.9614,24.1296,1.86677,0.2875
1.7704,19.233,19.233,1.54754,29.764,34.9614,24.1074,1.54754,0.245833
1.7706,19.6301,19.6301,1.72831,33.9269,34.9614,24.12,1.72831,0.204167
1.7708,17.9427,17.9427,2,35.8854,34.9614,24.1389,2.0009,0.245833
1.771,16.6633,16.6633,1.86903,31.1442,34.9614,24.1298,1.86903,0.2875
1.7712,19.2358,19.2358,1.54547,29.7285,34.9614,24.1072,1.54547,0.245833
1.7714,19.6342,19.6342,1.72825,33.9329,34.9614,24.1199,1.72825,0.204167
1.7716,17.9344,17.9344,2,35.8688,34.9614,24.139,2.00331,0.245833
1.7718,16.6702,16.6702,1.86666,31.1174,34.9614,24.1296,1.86666,0.2875
1.772,19.2342,19.2342,1.54681,29.7517,34.9614,24.1073,1.54681,0.245833
1.7722,19.6272,19.6272,1.73095,33.9738,34.9614,24.1201,1.73095,0.204167
1.7724,17.9175,17.9175,2,35.835,34.9614,24.139,2.00414,0.245833
1.7726,16.6783,16.6783,1.86117,31.0412,34.9614,24.1292,1.86117,0.2875
1.7728,19.236,19.236,1.55301,29.8738,34.9614,24.1078,1.55301,0.245833
1.773,19.6213,19.6213,1.73071,33.9589,34.9614,24.1201,1.73071,0.204167
1.7732,17.928,17.928,2,35.856,34.9614,24.1388,2.00125,0.245833
1.7734,16.6772,16.6772,1.86388,31.0842,34.9614,24.1294,1.86388,0.2875
1.7736,19.2316,19.2316,1.54856,29.7812,34.9614,24.1075,1.54856,0.245833
1.7738,19.6256,19.6256,1.73049,33.9619,34.9614,24.1201,1.73049,0.204167
1.774,17.9246,17.9246,2,35.8493,34.9614,24.1388,2.00068,0.245833
1.7742,16.6713,16.6713,1.86657,31.1183,34.9614,24.1296,1.86657,0.2875
1.7744,19.2358,19.2358,1.54643,29.7468,34.9614,24.1073,1.54643,0.245833
1.7746,19.6297,19.6297,1.73053,33.9697,34.9614,24.1201,1.73053,0.204167
1.7748,17.927,17.927,2,35.854,34.9614,24.1388,2.00087,0.245833
1.775,16.6788,16.6788,1.86493,31.1049,34.9614,24.1295,1.86493,0.2875
1.7752,19.2299,19.2299,1.54954,29.7975,34.9614,24.1076,1.54954,0.245833
1.7754,19.6326,19.6326,1.7269,33.9036,34.9614,24.1198,1.7269,0.204167
1.7756,17.9303,17.9303,2,35.8606,34.9614,24.139,2.00318,0.245833
1.7758,16.6747,16.6747,1.86438,31.0879,34.9614,24.1294,1.86438,0.2875
1.776,19.2303,19.2303,1.54934,29.7944,34.9614,24.1075,1.54934,0.245833
1.7762,19.6235,19.6235,1.7313,33.9742,34.9614,24.1202,1.7313,0.204167
1.7764,17.9288,17.9288,2,35.8576,34.9614,24.1388,2.00078,0.245833
1.7766,16.6779,16.6779,1.8646,31.0976,34.9614,24.1294,1.8646,0.2875
1.7768,19.2294,19.2294,1.55194,29.843,34.9614,24.1077,1.55194,0.245833
1.777,19.6233,19.6233,1.73073,33.9626,34.9614,24.1201,1.73073,0.204167
1.7772,17.9323,17.9323,2,35.8646,34.9614,24.1388,2.00042,0.245833
1.7774,16.6655,16.6655,1.86953,31.1567,34.9614,24.1298,1.86953,0.2875
1.7776,19.2274,19.2274,1.54721,29.7489,34.9614,24.1074,1.54721,0.245833
1.7778,19.6325,19.6325,1.72859,33.9366,34.9614,24.12,1.72859,0.204167
1.778,17.9254,17.9254,2,35.8509,34.9614,24.1389,2.00222,0.245833
1.7782,16.6723,16.6723,1.86512,31.0958,34.9614,24.1295,1.86512,0.2875
1.7784,19.236,19.236,1.54856,29.7882,34.9614,24.1075,1.54856,0.245833
1.7786,19.6297,19.6297,1.72904,33.9405,34.9614,24.12,1.72904,0.204167
1.7788,17.9265,17.9265,2,35.8531,34.9614,24.139,2.00147,0.245833
1.779,16.6759,16.6759,1.86403,31.0843,34.9614,24.1294,1.86403,0.2875
1.7792,19.2294,19.2294,1.54936,29.7931,34.9614,24.1075,1.54936,0.245833
1.7794,19.6274,19.6274,1.72909,33.9376,34.9614,24.12,1.72909,0.204167
1.7796,17.9316,17.9316,2,35.8632,34.9614,24.1388,2.00019,0.245833
1.7798,16.6824,16.6824,1.8646,31.106,34.9614,24.1295,1.8646,0.2875
1.78,19.2257,19.2257,1.55167,29.832,34.9614,24.1077,1.55167,0.245833
1.7802,19.6273,19.6273,1.72899,33.9354,34.9614,24.12,1.72899,0.204167
1.7804,17.9355,17.9355,2,35.871,34.9614,24.1388,2.00033,0.245833
1.7806,16.6636,16.6636,1.86718,31.114,34.9614,24.1296,1.86718,0.2875
1.7808,19.2329,19.2329,1.54637,29.7412,34.9614,24.1073,1.54637,0.245833
1.781,19.6328,19.6328,1.73006,33.9658,34.9614,24.12,1.73006,0.204167
1.7812,17.9201,17.9201,2,35.8402,34.9614,24.1389,2.00209,0.245833
1.7814,16.6737,16.6737,1.86499,31.0963,34.9614,24.1295,1.86499,0.2875
1.7816,19.2359,19.2359,1.54803,29.7777,34.9614,24.1074,1.54803,0.245833
1.7818,19.6283,19.6283,1.73021,33.9612,34.9614,24.1201,1.73021,0.204167
1.782,17.9173,17.9173,2,35.8347,34.9614,24.1389,2.00146,0.245833
1.7822,16.6778,16.6778,1.86306,31.0716,34.9614,24.1294,1.86306,0.2875
1.7824,19.2268,19.2268,1.55067,29.8144,34.9614,24.1076,1.55067,0.245833
1.7826,19.6264,19.6264,1.72923,33.9386,34.9614,24.12,1.72923,0.204167
1.7828,17.9372,17.9372,1.9994,35.8636,34.9614,24.1388,1.9994,0.245833
1.783,16.6673,16.6673,1.86962,31.1616,34.9614,24.1298,1.86962,0.2875
1.7832,19.2245,19.2245,1.5465,29.7307,34.9614,24.1073,1.5465,0.245833
1.7834,19.638,19.638,1.72803,33.9351,34.9614,24.1199,1.72803,0.204167
1.7836,17.9313,17.9313,2,35.8626,34.9614,24.139,2.00327,0.245833
1.7838,16.6779,16.6779,1.86274,31.0665,34.9614,24.1293,1.86274,0.2875
1.784,19.2381,19.2381,1.54914,29.8025,34.9614,24.1075,1.54914,0.245833
1.7842,19.6256,19.6256,1.73125,33.9768,34.9614,24.1202,1.73125,0.204167
1.7844,17.928,17.928,2,35.856,34.9614,24.1389,2.00056,0.245833
1.7846,16.6823,16.6823,1.86426,31.1001,34.9614,24.1294,1.86426,0.2875
1.7848,19.2316,19.2316,1.55053,29.8192,34.9614,24.1076,1.55053,0.245833
1.785,19.6213,19.6213,1.72867,33.9188,34.9614,24.12,1.72867,0.204167
1.7852,17.9405,17.9405,1.99922,35.867,34.9614,24.1387,1.99922,0.245833
1.7854,16.6758,16.6758,1.86723,31.1376,34.9614,24.1297,1.86723,0.2875
1.7856,19.2288,19.2288,1.54839,29.7737,34.9614,24.1074,1.54839,0.245833
1.7858,19.628,19.628,1.72945,33.9457,34.9614,24.12,1.72945,0.204167
1.786,17.9276,17.9276,2,35.8552,34.9614,24.139,2.00203,0.245833
1.7862,16.6758,16.6758,1.86523,31.1042,34.9614,24.1296,1.86523,0.2875
1.7864,19.2343,19.2343,1.54935,29.8007,34.9614,24.1075,1.54935,0.245833
1.7866,19.6312,19.6312,1.72774,33.9176,34.9614,24.1199,1.72774,0.204167
1.7868,17.9335,17.9335,2,35.8671,34.9614,24.1389,2.00112,0.245833
1.787,16.671,16.671,1.86531,31.0966,34.9614,24.1295,1.86531,0.2875
1.7872,19.2334,19.2334,1.54866,29.786,34.9614,24.1075,1.54866,0.245833
1.7874,19.63,19.63,1.72901,33.9406,34.9614,24.12,1.72901,0.204167
1.7876,17.9281,17.9281,2,35.8563,34.9614,24.1389,2.00191,0.245833
1.7878,16.6679,16.6679,1.8651,31.0872,34.9614,24.1295,1.8651,0.2875
1.788,19.2341,19.2341,1.54831,29.7804,34.9614,24.1075,1.54831,0.245833
1.7882,19.6312,19.6312,1.7286,33.9344,34.9614,24.12,1.7286,0.204167
1.7884,17.9245,17.9245,2,35.849,34.9614,24.1389,2.00165,0.245833
1.7886,16.6772,16.6772,1.86349,31.0778,34.9614,24.1294,1.86349,0.2875
1.7888,19.2279,19.2279,1.5505,29.8129,34.9614,24.1076,1.5505,0.245833
1.789,19.6271,19.6271,1.72803,33.9164,34.9614,24.1199,1.72803,0.204167
1.7892,17.9365,17.9365,2,35.8731,34.9614,24.1389,2.00155,0.245833
1.7894,16.6649,16.6649,1.8674,31.12,34.9614,24.1296,1.8674,0.2875
1.7896,19.2344,19.2344,1.5454,29.7249,34.9614,24.1073,1.5454,0.245833
1.7898,19.6298,19.6298,1.7297,33.9537,34.9614,24.1201,1.7297,0.204167
1.79,17.9317,17.9317,2,35.8634,34.9614,24.1388,2.0003,0.245833
1.7902,16.6707,16.6707,1.86781,31.1376,34.9614,24.1297,1.86781,0.2875
1.7904,19.2277,19.2277,1.54705,29.7464,34.9614,24.1074,1.54705,0.245833
1.7906,19.6284,19.6284,1.73146,33.9859,34.9614,24.1202,1.73146,0.204167
1.7908,17.9202,17.9202,2,35.8403,34.9614,24.139,2.00186,0.245833
1.791,16.6795,16.6795,1.86302,31.0743,34.9614,24.1294,1.86302,0.2875
1.7912,19.2272,19.2272,1.55275,29.8551,34.9614,24.1077,1.55275,0.245833
1.7914,19.6274,19.6274,1.7269,33.8946,34.9614,24.1198,1.7269,0.204167
1.7916,17.9397,17.9397,2,35.8794,34.9614,24.1389,2.00106,0.245833
1.7918,16.6641,16.6641,1.86886,31.143,34.9614,24.1298,1.86886,0.2875
1.792,19.2357,19.2357,1.54663,29.7505,34.9614,24.1073,1.54663,0.245833
1.7922,19.6304,19.6304,1.72932,33.9472,34.9614,24.12,1.72932,0.204167
1.7924,17.9284,17.9284,2,35.8567,34.9614,24.1389,2.00184,0.245833
1.7926,16.6673,16.6673,1.86535,31.0903,34.9614,24.1297,1.86535,0.2875
1.7928,19.238,19.238,1.54815,29.7833,34.9614,24.1074,1.54815,0.245833
1.793,19.627,19.627,1.72993,33.9533,34.9614,24.1201,1.72993,0.204167
1.7932,17.9252,17.9252,2,35.8505,34.9614,24.1388,2.00061,0.245833
1.7934,16.6725,16.6725,1.86672,31.1229,34.9614,24.1298,1.86672,0.2875
1.7936,19.2273,19.2273,1.54959,29.7944,34.9614,24.1076,1.54959,0.245833
1.7938,19.6286,19.6286,1.72842,33.9265,34.9614,24.12,1.72842,0.204167
1.794,17.9382,17.9382,2,35.8765,34.9614,24.139,2.00343,0.245833
1.7942,16.6594,16.6594,1.86817,31.1226,34.9614,24.1299,1.86817,0.2875
1.7944,19.2269,19.2269,1.5466,29.7363,34.9614,24.1073,1.5466,0.245833
1.7946,19.6354,19.6354,1.72875,33.9447,34.9614,24.1199,1.72875,0.204167
1.7948,17.9242,17.9242,2,35.8483,34.9614,24.139,2.00234,0.245833
1.795,16.6732,16.6732,1.86422,31.0825,34.9614,24.1294,1.86422,0.2875
1.7952,19.2327,19.2327,1.54874,29.7865,34.9614,24.1075,1.54874,0.245833
1.7954,19.6309,19.6309,1.72768,33.9159,34.9614,24.1199,1.72768,0.204167
1.7956,17.9308,17.9308,2,35.8617,34.9614,24.1389,2.0024,0.245833
1.7958,16.6707,16.6707,1.86632,31.1129,34.9614,24.1296,1.86632,0.2875
1.796,19.2263,19.2263,1.54954,29.792,34.9614,24.1075,1.54954,0.245833
1.7962,19.6263,19.6263,1.72895,33.9329,34.9614,24.12,1.72895,0.204167
1.7964,17.934,17.934,2,35.868,34.9614,24.1388,2.00072,0.245833
1.7966,16.6787,16.6787,1.86593,31.1213,34.9614,24.1296,1.86593,0.2875
1.7968,19.2286,19.2286,1.5514,29.8314,34.9614,24.1077,1.5514,0.245833
1.797,19.6324,19.6324,1.72709,33.9069,34.9614,24.1199,1.72709,0.204167
1.7972,17.9318,17.9318,2,35.8635,34.9614,24.1391,2.0042,0.245833
1.7974,16.6712,16.6712,1.86644,31.1158,34.9614,24.1296,1.86644,0.2875
1.7976,19.2296,19.2296,1.54933,29.7932,34.9614,24.1075,1.54933,0.245833
1.7978,19.625,19.625,1.73078,33.9664,34.9614,24.1201,1.73078,0.204167
1.798,17.9294,17.9294,1.99966,35.8527,34.9614,24.1387,1.99966,0.245833
1.7982,16.6755,16.6755,1.86612,31.1184,34.9614,24.1297,1.86612,0.2875
1.7984,19.2267,19.2267,1.54925,29.787,34.9614,24.1075,1.54925,0.245833
1.7986,19.6314,19.6314,1.72745,33.9121,34.9614,24.1199,1.72745,0.204167
1.7988,17.9299,17.9299,2,35.8599,34.9614,24.139,2.00314,0.245833
1.799,16.6664,16.6664,1.86561,31.093,34.9614,24.1295,1.86561,0.2875
1.7992,19.2318,19.2318,1.54918,29.7935,34.9614,24.1075,1.54918,0.245833
1.7994,19.6314,19.6314,1.72742,33.9117,34.9614,24.1199,1.72742,0.204167
1.7996,17.9302,17.9302,2,35.8605,34.9614,24.139,2.00324,0.245833
1.7998,16.6745,16.6745,1.86441,31.0881,34.9614,24.1294,1.86441,0.2875
1.8,19.2304,19.2304,1.54927,29.7931,34.9614,24.1075,1.54927,0.245833
1.8002,19.6247,19.6247,1.73123,33.9749,34.9614,24.1201,1.73123,0.204167
1.8004,17.9295,17.9295,1.99963,35.8524,34.9614,24.1387,1.99963,0.245833
1.8006,16.6754,16.6754,1.86618,31.1193,34.9614,24.1297,1.86618,0.2875
1.8008,19.2238,19.2238,1.54988,29.7946,34.9614,24.1075,1.54988,0.245833
1.801,19.6326,19.6326,1.72735,33.9124,34.9614,24.1199,1.72735,0.204167
1.8012,17.932,17.932,2,35.8639,34.9614,24.1389,2.00258,0.245833
1.8014,16.6768,16.6768,1.86532,31.1075,34.9614,24.1295,1.86532,0.2875
1.8016,19.2331,19.2331,1.54877,29.7876,34.9614,24.1075,1.54877,0.245833
1.8018,19.6275,19.6275,1.72908,33.9375,34.9614,24.12,1.72908,0.204167
1.802,17.9316,17.9316,2,35.8631,34.9614,24.1388,2.0002,0.245833
1.8022,16.6816,16.6816,1.86521,31.1147,34.9614,24.1297,1.86521,0.2875
1.8024,19.23,19.23,1.55198,29.8447,34.9614,24.1077,1.55198,0.245833
1.8026,19.6243,19.6243,1.73069,33.9636,34.9614,24.1201,1.73069,0.204167
1.8028,17.9284,17.9284,2,35.8568,34.9614,24.1388,2.00072,0.245833
1.803,16.674,16.674,1.86719,31.1335,34.9614,24.1297,1.86719,0.2875
1.8032,19.2296,19.2296,1.54771,29.7617,34.9614,24.1074,1.54771,0.245833
1.8034,19.6325,19.6325,1.7301,33.9662,34.9614,24.1201,1.7301,0.204167
1.8036,17.9202,17.9202,2,35.8404,34.9614,24.1389,2.002,0.245833
1.8038,16.6758,16.6758,1.86478,31.0967,34.9614,24.1295,1.86478,0.2875
1.804,19.2312,19.2312,1.54919,29.7927,34.9614,24.1075,1.54919,0.245833
1.8042,19.6298,19.6298,1.72879,33.9357,34.9614,24.12,1.72879,0.204167
1.8044,17.9314,17.9314,2,35.8628,34.9614,24.1389,2.00176,0.245833
1.8046,16.6665,16.6665,1.86573,31.0952,34.9614,24.1297,1.86573,0.2875
1.8048,19.2333,19.2333,1.54897,29.7918,34.9614,24.1075,1.54897,0.245833
1.805,19.6281,19.6281,1.72935,33.9438,34.9614,24.12,1.72935,0.204167
1.8052,17.9301,17.9301,2,35.8602,34.9614,24.1388,2.00049,0.245833
1.8054,16.6743,16.6743,1.86785,31.1451,34.9614,24.1297,1.86785,0.2875
1.8056,19.2322,19.2322,1.54763,29.7644,34.9614,24.1074,1.54763,0.245833
1.8058,19.6324,19.6324,1.72937,33.9517,34.9614,24.12,1.72937,0.204167
1.806,17.9275,17.9275,2,35.8549,34.9614,24.1389,2.00213,0.245833
1.8062,16.6771,16.6771,1.86307,31.0707,34.9614,24.1293,1.86307,0.2875
1.8064,19.2283,19.2283,1.55166,29.8359,34.9614,24.1077,1.55166,0.245833
1.8066,19.6291,19.6291,1.72793,33.9176,34.9614,24.1199,1.72793,0.204167
1.8068,17.9268,17.9268,2,35.8536,34.9614,24.139,2.00388,0.245833
1.807,16.6754,16.6754,1.86534,31.1052,34.9614,24.1295,1.86534,0.2875
1.8072,19.2317,19.2317,1.54937,29.797,34.9614,24.1075,1.54937,0.245833
1.8074,19.6267,19.6267,1.72848,33.9244,34.9614,24.1199,1.72848,0.204167
1.8076,17.9398,17.9398,2,35.8795,34.9614,24.1389,2.00018,0.245833
1.8078,16.6655,16.6655,1.86775,31.1269,34.9614,24.1298,1.86775,0.2875
1.808,19.2285,19.2285,1.54599,29.727,34.9614,24.1073,1.54599,0.245833
1.8082,19.6348,19.6348,1.72858,33.9403,34.9614,24.12,1.72858,0.204167
1.8084,17.9272,17.9272,2,35.8544,34.9614,24.139,2.00367,0.245833
1.8086,16.677,16.677,1.86239,31.059,34.9614,24.1294,1.86239,0.2875
1.8088,19.2364,19.2364,1.55157,29.8465,34.9614,24.1077,1.55157,0.245833
1.809,19.6261,19.6261,1.7284,33.9218,34.9614,24.12,1.7284,0.204167
1.8092,17.9276,17.9276,2,35.8552,34.9614,24.1391,2.00384,0.245833
1.8094,16.6682,16.6682,1.86577,31.099,34.9614,24.1296,1.86577,0.2875
1.8096,19.2298,19.2298,1.5483,29.7734,34.9614,24.1075,1.5483,0.245833
1.8098,19.6315,19.6315,1.72858,33.9347,34.9614,24.12,1.72858,0.204167
1.81,17.9217,17.9217,2,35.8433,34.9614,24.139,2.00362,0.245833
1.8102,16.6651,16.6651,1.86537,31.0864,34.9614,24.1296,1.86537,0.2875
1.8104,19.2418,19.2418,1.54617,29.751,34.9614,24.1073,1.54617,0.245833
1.8106,19.6304,19.6304,1.72888,33.9386,34.9614,24.12,1.72888,0.204167
1.8108,17.9279,17.9279,2,35.8559,34.9614,24.1389,2.00198,0.245833
1.811,16.6777,16.6777,1.86299,31.0704,34.9614,24.1293,1.86299,0.2875
1.8112,19.2337,19.2337,1.55159,29.8428,34.9614,24.1077,1.55159,0.245833
1.8114,19.628,19.628,1.72749,33.907,34.9614,24.1199,1.72749,0.204167
1.8116,17.9322,17.9322,2,35.8644,34.9614,24.139,2.00272,0.245833
1.8118,16.6719,16.6719,1.86628,31.1144,34.9614,24.1295,1.86628,0.2875
1.812,19.2278,19.2278,1.54825,29.7693,34.9614,24.1074,1.54825,0.245833
1.8122,19.6306,19.6306,1.72839,33.9293,34.9614,24.1199,1.72839,0.204167
1.8124,17.9373,17.9373,2,35.8746,34.9614,24.139,2.00291,0.245833
1.8126,16.666,16.666,1.86591,31.0973,34.9614,24.1296,1.86591,0.2875
1.8128,19.2362,19.2362,1.54625,29.7439,34.9614,24.1073,1.54625,0.245833
1.813,19.6309,19.6309,1.73065,33.9743,34.9614,24.1201,1.73065,0.204167
1.8132,17.9247,17.9247,2,35.8495,34.9614,24.1388,2.00053,0.245833
1.8134,16.6714,16.6714,1.86801,31.1424,34.9614,24.1297,1.86801,0.2875
1.8136,19.2305,19.2305,1.54785,29.766,34.9614,24.1074,1.54785,0.245833
1.8138,19.6267,19.6267,1.73055,33.965,34.9614,24.1201,1.73055,0.204167
1.814,17.9323,17.9323,2,35.8646,34.9614,24.1388,2.00037,0.245833
1.8142,16.6656,16.6656,1.86956,31.1575,34.9614,24.1298,1.86956,0.2875
1.8144,19.2298,19.2298,1.54685,29.7456,34.9614,24.1073,1.54685,0.245833
1.8146,19.6348,19.6348,1.72772,33.9235,34.9614,24.1199,1.72772,0.204167
1.8148,17.9274,17.9274,2,35.8548,34.9614,24.139,2.00128,0.245833
1.815,16.6751,16.6751,1.86623,31.1196,34.9614,24.1295,1.86623,0.2875
1.8152,19.2242,19.2242,1.55017,29.8008,34.9614,24.1076,1.55017,0.245833
1.8154,19.6281,19.6281,1.72791,33.9156,34.9614,24.1199,1.72791,0.204167
1.8156,17.9344,17.9344,2,35.8687,34.9614,24.139,2.00297,0.245833
1.8158,16.667,16.667,1.86702,31.1176,34.9614,24.1296,1.86702,0.2875
1.816,19.2344,19.2344,1.54652,29.7465,34.9614,24.1073,1.54652,0.245833
1.8162,19.6314,19.6314,1.72807,33.9244,34.9614,24.1199,1.72807,0.204167
1.8164,17.9325,17.9325,2,35.865,34.9614,24.139,2.00299,0.245833
1.8166,16.6615,16.6615,1.86573,31.0859,34.9614,24.1297,1.86573,0.2875
1.8168,19.2395,19.2395,1.54639,29.7517,34.9614,24.1073,1.54639,0.245833
1.817,19.6281,19.6281,1.72976,33.9519,34.9614,24.12,1.72976,0.204167
1.8172,17.9261,17.9261,2,35.8522,34.9614,24.139,2.00099,0.245833
1.8174,16.6744,16.6744,1.86559,31.1076,34.9614,24.1296,1.86559,0.2875
1.8176,19.2338,19.2338,1.54882,29.7898,34.9614,24.1075,1.54882,0.245833
1.8178,19.6315,19.6315,1.72812,33.9256,34.9614,24.1199,1.72812,0.204167
1.818,17.9362,17.9362,2,35.8723,34.9614,24.139,2.00101,0.245833
1.8182,16.6658,16.6658,1.86675,31.1109,34.9614,24.1297,1.86675,0.2875
1.8184,19.2319,19.2319,1.54763,29.7638,34.9614,24.1074,1.54763,0.245833
1.8186,19.6335,19.6335,1.72731,33.9131,34.9614,24.1199,1.72731,0.204167
1.8188,17.933,17.933,2,35.8659,34.9614,24.1389,2.0015,0.245833
1.819,16.6709,16.6709,1.8655,31.0995,34.9614,24.1297,1.8655,0.2875
1.8192,19.2308,19.2308,1.54822,29.7735,34.9614,24.1074,1.54822,0.245833
1.8194,19.6306,19.6306,1.72805,33.9226,34.9614,24.1199,1.72805,0.204167
1.8196,17.9302,17.9302,2,35.8604,34.9614,24.139,2.00257,0.245833
1.8198,16.672,16.672,1.86688,31.1248,34.9614,24.1296,1.86688,0.2875
1.82,19.2218,19.2218,1.55056,29.8045,34.9614,24.1076,1.55056,0.245833
1.8202,19.6326,19.6326,1.72739,33.9133,34.9614,24.1199,1.72739,0.204167
1.8204,17.9334,17.9334,2,35.8668,34.9614,24.1388,2.00143,0.245833
1.8206,16.671,16.671,1.8657,31.1031,34.9614,24.1295,1.8657,0.2875
1.8208,19.23,19.23,1.54842,29.7761,34.9614,24.1075,1.54842,0.245833
1.821,19.6312,19.6312,1.72879,33.9382,34.9614,24.12,1.72879,0.204167
1.8212,17.9258,17.9258,2,35.8516,34.9614,24.139,2.00226,0.245833
1.8214,16.6752,16.6752,1.86359,31.0758,34.9614,24.1295,1.86359,0.2875
1.8216,19.2311,19.2311,1.55054,29.8185,34.9614,24.1076,1.55054,0.245833
1.8218,19.6249,19.6249,1.72788,33.9096,34.9614,24.1199,1.72788,0.204167
1.822,17.9347,17.9347,2,35.8695,34.9614,24.1389,2.00156,0.245833
1.8222,16.6668,16.6668,1.86814,31.1358,34.9614,24.1297,1.86814,0.2875
1.8224,19.2348,19.2348,1.54573,29.7317,34.9614,24.1073,1.54573,0.245833
1.8226,19.6331,19.6331,1.73001,33.9655,34.9614,24.1201,1.73001,0.204167
1.8228,17.9201,17.9201,2,35.8403,34.9614,24.1389,2.00189,0.245833
1.823,16.6793,16.6793,1.86302,31.0738,34.9614,24.1293,1.86302,0.2875
1.8232,19.2299,19.2299,1.55102,29.8261,34.9614,24.1076,1.55102,0.245833
1.8234,19.6269,19.6269,1.72806,33.9166,34.9614,24.1199,1.72806,0.204167
1.8236,17.9331,17.9331,2,35.8662,34.9614,24.1389,2.00183,0.245833
1.8238,16.6676,16.6676,1.86759,31.1282,34.9614,24.1297,1.86759,0.2875
1.824,19.2242,19.2242,1.54836,29.7659,34.9614,24.1074,1.54836,0.245833
1.8242,19.6316,19.6316,1.72821,33.9276,34.9614,24.1199,1.72821,0.204167
1.8244,17.9438,17.9438,2,35.8876,34.9614,24.1388,2.00047,0.245833
1.8246,16.6597,16.6597,1.8696,31.147,34.9614,24.1298,1.8696,0.2875
1.8248,19.2399,19.2399,1.54365,29.6997,34.9614,24.1071,1.54365,0.245833
1.825,19.6322,19.6322,1.72994,33.9625,34.9614,24.1201,1.72994,0.204167
1.8252,17.9173,17.9173,2,35.8345,34.9614,24.139,2.00301,0.245833
1.8254,16.6681,16.6681,1.86373,31.0647,34.9614,24.1295,1.86373,0.2875
1.8256,19.2292,19.2292,1.5493,29.7919,34.9614,24.1075,1.5493,0.245833
1.8258,19.6245,19.6245,1.73112,33.9722,34.9614,24.1202,1.73112,0.204167
1.826,17.9214,17.9214,2,35.8427,34.9614,24.1389,2.00235,0.245833
1.8262,16.6665,16.6665,1.86478,31.0795,34.9614,24.1295,1.86478,0.2875
1.8264,19.2339,19.2339,1.54767,29.7678,34.9614,24.1074,1.54767,0.245833
1.8266,19.6285,19.6285,1.72945,33.9465,34.9614,24.12,1.72945,0.204167
1.8268,17.9302,17.9302,2,35.8603,34.9614,24.1388,2.00034,0.245833
1.827,16.675,16.675,1.86745,31.1398,34.9614,24.1298,1.86745,0.2875
1.8272,19.2256,19.2256,1.54915,29.7832,34.9614,24.1075,1.54915,0.245833
1.8274,19.6294,19.6294,1.72821,33.9237,34.9614,24.1199,1.72821,0.204167
1.8276,17.9359,17.9359,2,35.8717,34.9614,24.1389,2.00106,0.245833
1.8278,16.6659,16.6659,1.86666,31.1096,34.9614,24.1296,1.86666,0.2875
1.828,19.2374,19.2374,1.54654,29.7515,34.9614,24.1073,1.54654,0.245833
1.8282,19.6279,19.6279,1.73047,33.9655,34.9614,24.1201,1.73047,0.204167
1.8284,17.9186,17.9186,2,35.8371,34.9614,24.1388,2.00083,0.245833
1.8286,16.6753,16.6753,1.86649,31.1242,34.9614,24.1296,1.86649,0.2875
1.8288,19.2285,19.2285,1.54719,29.7501,34.9614,24.1074,1.54719,0.245833
1.829,19.6336,19.6336,1.72829,33.9325,34.9614,24.1199,1.72829,0.204167
1.8292,17.9364,17.9364,2,35.8729,34.9614,24.1389,2.00107,0.245833
1.8294,16.6656,16.6656,1.86627,31.1024,34.9614,24.1297,1.86627,0.2875
1.8296,19.2387,19.2387,1.54765,29.7747,34.9614,24.1074,1.54765,0.245833
1.8298,19.6324,19.6324,1.72834,33.9314,34.9614,24.1199,1.72834,0.204167
1.83,17.9351,17.9351,2,35.8702,34.9614,24.139,2.00195,0.245833
1.8302,16.6732,16.6732,1.86803,31.146,34.9614,24.1298,1.86803,0.2875
1.8304,19.2315,19.2315,1.54826,29.7754,34.9614,24.1074,1.54826,0.245833
1.8306,19.6306,19.6306,1.72787,33.9191,34.9614,24.1199,1.72787,0.204167
1.8308,17.929,17.929,2,35.858,34.9614,24.1389,2.00173,0.245833
1.831,16.6688,16.6688,1.86534,31.093,34.9614,24.1295,1.86534,0.2875
1.8312,19.2348,19.2348,1.54715,29.7591,34.9614,24.1074,1.54715,0.245833
1.8314,19.6337,19.6337,1.72918,33.9503,34.9614,24.12,1.72918,0.204167
1.8316,17.9266,17.9266,2,35.8532,34.9614,24.139,2.00342,0.245833
1.8318,16.679,16.679,1.86239,31.0629,34.9614,24.1293,1.86239,0.2875
1.832,19.2349,19.2349,1.55169,29.8465,34.9614,24.1077,1.55169,0.245833
1.8322,19.6261,19.6261,1.72979,33.9489,34.9614,24.12,1.72979,0.204167
1.8324,17.9384,17.9384,1.99899,35.8587,34.9614,24.1387,1.99899,0.245833
1.8326,16.6744,16.6744,1.86783,31.1449,34.9614,24.1297,1.86783,0.2875
1.8328,19.2322,19.2322,1.54766,29.7649,34.9614,24.1074,1.54766,0.245833
1.833,19.6279,19.6279,1.73117,33.9794,34.9614,24.1201,1.73117,0.204167
1.8332,17.9265,17.9265,2,35.8531,34.9614,24.139,2.00374,0.245833
1.8334,16.6741,16.6741,1.86474,31.0929,34.9614,24.1295,1.86474,0.2875
1.8336,19.2338,19.2338,1.5495,29.8028,34.9614,24.1075,1.5495,0.245833
1.8338,19.6272,19.6272,1.72911,33.9376,34.9614,24.12,1.72911,0.204167
1.834,17.9284,17.9284,2,35.8568,34.9614,24.139,2.00186,0.245833
1.8342,16.6684,16.6684,1.86468,31.0813,34.9614,24.1296,1.86468,0.2875
1.8344,19.2302,19.2302,1.54941,29.7955,34.9614,24.1075,1.54941,0.245833
1.8346,19.6273,19.6273,1.72823,33.9205,34.9614,24.1199,1.72823,0.204167
1.8348,17.9273,17.9273,2,35.8547,34.9614,24.1391,2.00293,0.245833
1.835,16.679,16.679,1.8649,31.1046,34.9614,24.1295,1.8649,0.2875
1.8352,19.2297,19.2297,1.5494,29.7945,34.9614,24.1075,1.5494,0.245833
1.8354,19.6281,19.6281,1.72808,33.9189,34.9614,24.1199,1.72808,0.204167
1.8356,17.9277,17.9277,2,35.8554,34.9614,24.139,2.00175,0.245833
1.8358,16.665,16.665,1.86689,31.1116,34.9614,24.1296,1.86689,0.2875
1.836,19.2328,19.2328,1.54724,29.7578,34.9614,24.1074,1.54724,0.245833
1.8362,19.6333,19.6333,1.7292,33.9499,34.9614,24.12,1.7292,0.204167
1.8364,17.9298,17.9298,1.99973,35.8548,34.9614,24.1388,1.99973,0.245833
1.8366,16.6852,16.6852,1.86451,31.1098,34.9614,24.1295,1.86451,0.2875
1.8368,19.2315,19.2315,1.55104,29.8289,34.9614,24.1076,1.55104,0.245833
1.837,19.6247,19.6247,1.72936,33.9382,34.9614,24.12,1.72936,0.204167
1.8372,17.9359,17.9359,1.99954,35.8636,34.9614,24.1388,1.99954,0.245833
1.8374,16.6772,16.6772,1.86858,31.1628,34.9614,24.1297,1.86858,0.2875
1.8376,19.2231,19.2231,1.54975,29.7909,34.9614,24.1075,1.54975,0.245833
1.8378,19.6303,19.6303,1.72772,33.9156,34.9614,24.1199,1.72772,0.204167
1.838,17.9317,17.9317,2,35.8634,34.9614,24.1389,2.00204,0.245833
1.8382,16.6632,16.6632,1.86525,31.0812,34.9614,24.1297,1.86525,0.2875
1.8384,19.2314,19.2314,1.54842,29.7782,34.9614,24.1075,1.54842,0.245833
1.8386,19.6309,19.6309,1.72766,33.9157,34.9614,24.1199,1.72766,0.204167
1.8388,17.9319,17.9319,2,35.8637,34.9614,24.139,2.00246,0.245833
1.839,16.6715,16.6715,1.86609,31.1106,34.9614,24.1297,1.86609,0.2875
1.8392,19.2343,19.2343,1.5497,29.8075,34.9614,24.1075,1.5497,0.245833
1.8394,19.6275,19.6275,1.72874,33.931,34.9614,24.12,1.72874,0.204167
1.8396,17.9366,17.9366,2,35.8733,34.9614,24.1388,2.0001,0.245833
1.8398,16.6637,16.6637,1.86667,31.1056,34.9614,24.1296,1.86667,0.2875
1.84,19.2353,19.2353,1.54564,29.7308,34.9614,24.1073,1.54564,0.245833
1.8402,19.6343,19.6343,1.72905,33.9487,34.9614,24.12,1.72905,0.204167
1.8404,17.9234,17.9234,2,35.8469,34.9614,24.1389,2.00249,0.245833
1.8406,16.6788,16.6788,1.86175,31.0517,34.9614,24.1293,1.86175,0.2875
1.8408,19.2347,19.2347,1.55118,29.8364,34.9614,24.1077,1.55118,0.245833
1.841,19.6262,19.6262,1.72814,33.9169,34.9614,24.1199,1.72814,0.204167
1.8412,17.9333,17.9333,2,35.8665,34.9614,24.1389,2.00173,0.245833
1.8414,16.6652,16.6652,1.86519,31.0837,34.9614,24.1295,1.86519,0.2875
1.8416,19.2315,19.2315,1.54839,29.7779,34.9614,24.1075,1.54839,0.245833
1.8418,19.6309,19.6309,1.72768,33.9159,34.9614,24.1199,1.72768,0.204167
1.842,17.9308,17.9308,2,35.8617,34.9614,24.1389,2.0024,0.245833
1.8422,16.6707,16.6707,1.86632,31.1129,34.9614,24.1296,1.86632,0.2875
1.8424,19.2263,19.2263,1.54954,29.792,34.9614,24.1075,1.54954,0.245833
1.8426,19.6263,19.6263,1.72895,33.9329,34.9614,24.12,1.72895,0.204167
1.8428,17.934,17.934,2,35.868,34.9614,24.1388,2.00072,0.245833
1.843,16.6787,16.6787,1.86593,31.1213,34.9614,24.1296,1.86593,0.2875
1.8432,19.2286,19.2286,1.5514,29.8314,34.9614,24.1077,1.5514,0.245833
1.8434,19.6324,19.6324,1.72709,33.9069,34.9614,24.1199,1.72709,0.204167
1.8436,17.9318,17.9318,2,35.8635,34.9614,24.1391,2.0042,0.245833
1.8438,16.6712,16.6712,1.86644,31.1158,34.9614,24.1296,1.86644,0.2875
1.844,19.2296,19.2296,1.54933,29.7932,34.9614,24.1075,1.54933,0.245833
1.8442,19.625,19.625,1.73078,33.9664,34.9614,24.1201,1.73078,0.204167
1.8444,17.9294,17.9294,1.99966,35.8527,34.9614,24.1387,1.99966,0.245833
1.8446,16.6755,16.6755,1.86612,31.1184,34.9614,24.1297,1.86612,0.2875
1.8448,19.2267,19.2267,1.54925,29.787,34.9614,24.1075,1.54925,0.245833
1.845,19.6314,19.6314,1.72745,33.9121,34.9614,24.1199,1.72745,0.204167
1.8452,17.9299,17.9299,2,35.8599,34.9614,24.139,2.00314,0.245833
1.8454,16.6664,16.6664,1.86561,31.093,34.9614,24.1295,1.86561,0.2875
1.8456,19.2318,19.2318,1.54918,29.7935,34.9614,24.1075,1.54918,0.245833
1.8458,19.6314,19.6314,1.72742,33.9117,34.9614,24.1199,1.72742,0.204167
1.846,17.9302,17.9302,2,35.8605,34.9614,24.139,2.00324,0.245833
1.8462,16.6745,16.6745,1.86441,31.0881,34.9614,24.1294,1.86441,0.2875
1.8464,19.2304,19.2304,1.54927,29.7931,34.9614,24.1075,1.54927,0.245833
1.8466,19.6247,19.6247,1.73123,33.9749,34.9614,24.1201,1.73123,0.204167
1.8468,17.9295,17.9295,1.99963,35.8524,34.9614,24.1387,1.99963,0.245833
1.847,16.6754,16.6754,1.86618,31.1193,34.9614,24.1297,1.86618,0.2875
1.8472,19.2238,19.2238,1.54988,29.7946,34.9614,24.1075,1.54988,0.245833
1.8474,19.6326,19.6326,1.72735,33.9124,34.9614,24.1199,1.72735,0.204167
1.8476,17.932,17.932,2,35.8639,34.9614,24.1389,2.00258,0.245833
1.8478,16.6768,16.6768,1.86532,31.1075,34.9614,24.1295,1.86532,0.2875
1.848,19.2331,19.2331,1.54877,29.7876,34.9614,24.1075,1.54877,0.245833
1.8482,19.6275,19.6275,1.72908,33.9375,34.9614,24.12,1.72908,0.204167
1.8484,17.9316,17.9316,2,35.8631,34.9614,24.1388,2.0002,0.245833
1.8486,16.6816,16.6816,1.86521,31.1147,34.9614,24.1297,1.86521,0.2875
1.8488,19.23,19.23,1.55198,29.8447,34.9614,24.1077,1.55198,0.245833
1.849,19.6243,19.6243,1.73069,33.9636,34.9614,24.1201,1.73069,0.204167
1.8492,17.9284,17.9284,2,35.8568,34.9614,24.1388,2.00072,0.245833
1.8494,16.674,16.674,1.86719,31.1335,34.9614,24.1297,1.86719,0.2875
1.8496,19.2296,19.2296,1.54771,29.7617,34.9614,24.1074,1.54771,0.245833
1.8498,19.6325,19.6325,1.7301,33.9662,34.9614,24.1201,1.7301,0.204167
1.85,17.9202,17.9202,2,35.8404,34.9614,24.1389,2.002,0.245833
1.8502,16.6758,16.6758,1.86478,31.0967,34.9614,24.1295,1.86478,0.2875
1.8504,19.2312,19.2312,1.54919,29.7927,34.9614,24.1075,1.54919,0.245833
1.8506,19.6298,19.6298,1.72879,33.9357,34.9614,24.12,1.72879,0.204167
1.8508,17.9314,17.9314,2,35.8628,34.9614,24.1389,2.00176,0.245833
1.851,16.6665,16.6665,1.86573,31.0952,34.9614,24.1297,1.86573,0.2875
1.8512,19.2333,19.2333,1.54897,29.7918,34.9614,24.1075,1.54897,0.245833
1.8514,19.6281,19.6281,1.72935,33.9438,34.9614,24.12,1.72935,0.204167
1.8516,17.9301,17.9301,2,35.8602,34.9614,24.1388,2.00049,0.245833
1.8518,16.6743,16.6743,1.86785,31.1451,34.9614,24.1297,1.86785,0.2875
1.852,19.2322,19.2322,1.54763,29.7644,34.9614,24.1074,1.54763,0.245833
1.8522,19.6324,19.6324,1.72937,33.9517,34.9614,24.12,1.72937,0.204167
1.8524,17.9275,17.9275,2,35.8549,34.9614,24.1389,2.00213,0.245833
1.8526,16.6771,16.6771,1.86307,31.0707,34.9614,24.1293,1.86307,0.2875
1.8528,19.2283,19.2283,1.55166,29.8359,34.9614,24.1077,1.55166,0.245833
1.853,19.6291,19.6291,1.72793,33.9176,34.9614,24.1199,1.72793,0.204167
1.8532,17.9268,17.9268,2,35.8536,34.9614,24.139,2.00388,0.245833
1.8534,16.6754,16.6754,1.86534,31.1052,34.9614,24.1295,1.86534,0.2875
1.8536,19.2317,19.2317,1.54937,29.797,34.9614,24.1075,1.54937,0.245833
1.8538,19.6267,19.6267,1.72848,33.9244,34.9614,24.1199,1.72848,0.204167
1.854,17.9398,17.9398,2,35.8795,34.9614,24.1389,2.00018,0.245833
1.8542,16.6655,16.6655,1.86775,31.1269,34.9614,24.1298,1.86775,0.2875
1.8544,19.2285,19.2285,1.54599,29.727,34.9614,24.1073,1.54599,0.245833
1.8546,19.6348,19.6348,1.72858,33.9403,34.9614,24.12,1.72858,0.204167
1.8548,17.9272,17.9272,2,35.8544,34.9614,24.139,2.00367,0.245833
1.855,16.677,16.677,1.86239,31.059,34.9614,24.1294,1.86239,0.2875
1.8552,19.2364,19.2364,1.55157,29.8465,34.9614,24.1077,1.55157,0.245833
1.8554,19.6261,19.6261,1.7284,33.9218,34.9614,24.12,1.7284,0.204167
1.8556,17.9276,17.9276,2,35.8552,34.9614,24.1391,2.00384,0.245833
1.8558,16.6682,16.6682,1.86577,31.099,34.9614,24.1296,1.86577,0.2875
1.856,19.2298,19.2298,1.5483,29.7734,34.9614,24.1075,1.5483,0.245833
1.8562,19.6315,19.6315,1.72858,33.9347,34.9614,24.12,1.72858,0.204167
1.8564,17.9217,17.9217,2,35.8433,34.9614,24.139,2.00362,0.245833
1.8566,16.6651,16.6651,1.86537,31.0864,34.9614,24.1296,1.86537,0.2875
1.8568,19.2418,19.2418,1.54617,29.751,34.9614,24.1073,1.54617,0.245833
1.857,19.6304,19.6304,1.72888,33.9386,34.9614,24.12,1.72888,0.204167
1.8572,17.9279,17.9279,2,35.8559,34.9614,24.1389,2.00198,0.245833
1.8574,16.6777,16.6777,1.86299,31.0704,34.9614,24.1293,1.86299,0.2875
1.8576,19.2337,19.2337,1.55159,29.8428,34.9614,24.1077,1.55159,0.245833
1.8578,19.628,19.628,1.72749,33.907,34.9614,24.1199,1.72749,0.204167
1.858,17.9322,17.9322,2,35.8644,34.9614,24.139,2.00272,0.245833
1.8582,16.6719,16.6719,1.86628,31.1144,34.9614,24.1295,1.86628,0.2875
1.8584,19.2278,19.2278,1.54825,29.7693,34.9614,24.1074,1.54825,0.245833
1.8586,19.6306,19.6306,1.72839,33.9293,34.9614,24.1199,1.72839,0.204167
1.8588,17.9373,17.9373,2,35.8746,34.9614,24.139,2.00291,0.245833
1.859,16.666,16.666,1.86591,31.0973,34.9614,24.1296,1.86591,0.2875
1.8592,19.2362,19.2362,1.54625,29.7439,34.9614,24.1073,1.54625,0.245833
1.8594,19.6309,19.6309,1.73065,33.9743,34.9614,24.1201,1.73065,0.204167
1.8596,17.9247,17.9247,2,35.8495,34.9614,24.1388,2.00053,0.245833
1.8598,16.6714,16.6714,1.86801,31.1424,34.9614,24.1297,1.86801,0.2875
1.86,19.2305,19.2305,1.54785,29.766,34.9614,24.1074,1.54785,0.245833
1.8602,19.6267,19.6267,1.73055,33.965,34.9614,24.1201,1.73055,0.204167
1.8604,17.9323,17.9323,2,35.8646,34.9614,24.1388,2.00037,0.245833
1.8606,16.6656,16.6656,1.86956,31.1575,34.9614,24.1298,1.86956,0.2875
1.8608,19.2298,19.2298,1.54685,29.7456,34.9614,24.1073,1.54685,0.245833
1.861,19.6348,19.6348,1.72772,33.9235,34.9614,24.1199,1.72772,0.204167
1.8612,17.9274,17.9274,2,35.8548,34.9614,24.139,2.00128,0.245833
1.8614,16.6751,16.6751,1.86623,31.1196,34.9614,24.1295,1.86623,0.2875
1.8616,19.2242,19.2242,1.55017,29.8008,34.9614,24.1076,1.55017,0.245833
1.8618,19.6281,19.6281,1.72791,33.9156,34.9614,24.1199,1.72791,0.204167
1.862,17.9344,17.9344,2,35.8687,34.9614,24.139,2.00297,0.245833
1.8622,16.667,16.667,1.86702,31.1176,34.9614,24.1296,1.86702,0.2875
1.8624,19.2344,19.2344,1.54652,29.7465,34.9614,24.1073,1.54652,0.245833
1.8626,19.6314,19.6314,1.72807,33.9244,34.9614,24.1199,1.72807,0.204167
1.8628,17.9325,17.9325,2,35.865,34.9614,24.139,2.00299,0.245833
1.863,16.6615,16.6615,1.86573,31.0859,34.9614,24.1297,1.86573,0.2875
1.8632,19.2395,19.2395,1.54639,29.7517,34.9614,24.1073,1.54639,0.245833
1.8634,19.6281,19.6281,1.72976,33.9519,34.9614,24.12,1.72976,0.204167
1.8636,17.9261,17.9261,2,35.8522,34.9614,24.139,2.00099,0.245833
1.8638,16.6744,16.6744,1.86559,31.1076,34.9614,24.1296,1.86559,0.2875
1.864,19.2338,19.2338,1.54882,29.7898,34.9614,24.1075,1.54882,0.245833
1.8642,19.6315,19.6315,1.72812,33.9256,34.9614,24.1199,1.72812,0.204167
1.8644,17.9362,17.9362,2,35.8723,34.9614,24.139,2.00101,0.245833
1.8646,16.6658,16.6658,1.86675,31.1109,34.9614,24.1297,1.86675,0.2875
1.8648,19.2319,19.2319,1.54763,29.7638,34.9614,24.1074,1.54763,0.245833
1.865,19.6335,19.6335,1.72731,33.9131,34.9614,24.1199,1.72731,0.204167
1.8652,17.933,17.933,2,35.8659,34.9614,24.1389,2.0015,0.245833
1.8654,16.6709,16.6709,1.8655,31.0995,34.9614,24.1297,1.8655,0.2875
1.8656,19.2308,19.2308,1.54822,29.7735,34.9614,24.1074,1.54822,0.245833
1.8658,19.6306,19.6306,1.72805,33.9226,34.9614,24.1199,1.72805,0.204167
1.866,17.9302,17.9302,2,35.8604,34.9614,24.139,2.00257,0.245833
1.8662,16.672,16.672,1.86688,31.1248,34.9614,24.1296,1.86688,0.2875
1.8664,19.2218,19.2218,1.55056,29.8045,34.9614,24.1076,1.55056,0.245833
1.8666,19.6326,19.6326,1.72739,33.9133,34.9614,24.1199,1.72739,0.204167
1.8668,17.9334,17.9334,2,35.8668,34.9614,24.1388,2.00143,0.245833
1.867,16.671,16.671,1.8657,31.1031,34.9614,24.1295,1.8657,0.2875
1.8672,19.23,19.23,1.54842,29.7761,34.9614,24.1075,1.54842,0.245833
1.8674,19.6312,19.6312,1.72879,33.9382,34.9614,24.12,1.72879,0.204167
1.8676,17.9258,17.9258,2,35.8516,34.9614,24.139,2.00226,0.245833
1.8678,16.6752,16.6752,1.86359,31.0758,34.9614,24.1295,1.86359,0.2875
1.868,19.2311,19.2311,1.55054,29.8185,34.9614,24.1076,1.55054,0.245833
1.8682,19.6249,19.6249,1.72788,33.9096,34.9614,24.1199,1.72788,0.204167
1.8684,17.9347,17.9347,2,35.8695,34.9614,24.1389,2.00156,0.245833
1.8686,16.6668,16.6668,1.86814,31.1358,34.9614,24.1297,1.86814,0.2875
1.8688,19.2348,19.2348,1.54573,29.7317,34.9614,24.1073,1.54573,0.245833
1.869,19.6331,19.6331,1.73001,33.9655,34.9614,24.1201,1.73001,0.204167
1.8692,17.9201,17.9201,2,35.8403,34.9614,24.1389,2.00189,0.245833
1.8694,16.6793,16.6793,1.86302,31.0738,34.9614,24.1293,1.86302,0.2875
1.8696,19.2299,19.2299,1.55102,29.8261,34.9614,24.1076,1.55102,0.245833
1.8698,19.6269,19.6269,1.72806,33.9166,34.9614,24.1199,1.72806,0.204167
1.87,17.9331,17.9331,2,35.8662,34.9614,24.1389,2.00183,0.245833
1.8702,16.6676,16.6676,1.86759,31.1282,34.9614,24.1297,1.86759,0.2875
1.8704,19.2242,19.2242,1.54836,29.7659,34.9614,24.1074,1.54836,0.245833
1.8706,19.6316,19.6316,1.72821,33.9276,34.9614,24.1199,1.72821,0.204167
1.8708,17.9438,17.9438,2,35.8876,34.9614,24.1388,2.00047,0.245833
1.871,16.6597,16.6597,1.8696,31.147,34.9614,24.1298,1.8696,0.2875
1.8712,19.2399,19.2399,1.54365,29.6997,34.9614,24.1071,1.54365,0.245833
1.8714,19.6322,19.6322,1.72994,33.9625,34.9614,24.1201,1.72994,0.204167
1.8716,17.9173,17.9173,2,35.8345,34.9614,24.139,2.00301,0.245833
1.8718,16.6681,16.6681,1.86373,31.0647,34.9614,24.1295,1.86373,0.2875
1.872,19.2292,19.2292,1.5493,29.7919,34.9614,24.1075,1.5493,0.245833
1.8722,19.6245,19.6245,1.73112,33.9722,34.9614,24.1202,1.73112,0.204167
1.8724,17.9214,17.9214,2,35.8427,34.9614,24.1389,2.00235,0.245833
1.8726,16.6665,16.6665,1.86478,31.0795,34.9614,24.1295,1.86478,0.2875
1.8728,19.2339,19.2339,1.54767,29.7678,34.9614,24.1074,1.54767,0.245833
1.873,19.6285,19.6285,1.72945,33.9465,34.9614,24.12,1.72945,0.204167
1.8732,17.9302,17.9302,2,35.8603,34.9614,24.1388,2.00034,0.245833
1.8734,16.675,16.675,1.86745,31.1398,34.9614,24.1298,1.86745,0.2875
1.8736,19.2256,19.2256,1.54915,29.7832,34.9614,24.1075,1.54915,0.245833
1.8738,19.6294,19.6294,1.72821,33.9237,34.9614,24.1199,1.72821,0.204167
1.874,17.9359,17.9359,2,35.8717,34.9614,24.1389,2.00106,0.245833
1.8742,16.6659,16.6659,1.86666,31.1096,34.9614,24.1296,1.86666,0.2875
1.8744,19.2374,19.2374,1.54654,29.7515,34.9614,24.1073,1.54654,0.245833
1.8746,19.6279,19.6279,1.73047,33.9655,34.9614,24.1201,1.73047,0.204167
1.8748,17.9186,17.9186,2,35.8371,34.9614,24.1388,2.00083,0.245833
1.875,16.6753,16.6753,1.86649,31.1242,34.9614,24.1296,1.86649,0.2875
1.8752,19.2285,19.2285,1.54719,29.7501,34.9614,24.1074,1.54719,0.245833
1.8754,19.6336,19.6336,1.72829,33.9325,34.9614,24.1199,1.72829,0.204167
1.8756,17.9364,17.9364,2,35.8729,34.9614,24.1389,2.00107,0.245833
1.8758,16.6656,16.6656,1.86627,31.1024,34.9614,24.1297,1.86627,0.2875
1.876,19.2387,19.2387,1.54765,29.7747,34.9614,24.1074,1.54765,0.245833
1.8762,19.6324,19.6324,1.72834,33.9314,34.9614,24.1199,1.72834,0.204167
1.8764,17.9351,17.9351,2,35.8702,34.9614,24.139,2.00195,0.245833
1.8766,16.6732,16.6732,1.86803,31.146,34.9614,24.1298,1.86803,0.2875
1.8768,19.2315,19.2315,1.54826,29.7754,34.9614,24.1074,1.54826,0.245833
1.877,19.6306,19.6306,1.72787,33.9191,34.9614,24.1199,1.72787,0.204167
1.8772,17.929,17.929,2,35.858,34.9614,24.1389,2.00173,0.245833
1.8774,16.6688,16.6688,1.86534,31.093,34.9614,24.1295,1.86534,0.2875
1.8776,19.2348,19.2348,1.54715,29.7591,34.9614,24.1074,1.54715,0.245833
1.8778,19.6337,19.6337,1.72918,33.9503,34.9614,24.12,1.72918,0.204167
1.878,17.9266,17.9266,2,35.8532,34.9614,24.139,2.00342,0.245833
1.8782,16.679,16.679,1.86239,31.0629,34.9614,24.1293,1.86239,0.2875
1.8784,19.2349,19.2349,1.55169,29.8465,34.9614,24.1077,1.55169,0.245833
1.8786,19.6261,19.6261,1.72979,33.9489,34.9614,24.12,1.72979,0.204167
1.8788,17.9384,17.9384,1.99899,35.8587,34.9614,24.1387,1.99899,0.245833
1.879,16.6744,16.6744,1.86783,31.1449,34.9614,24.1297,1.86783,0.2875
1.8792,19.2322,19.2322,1.54766,29.7649,34.9614,24.1074,1.54766,0.245833
1.8794,19.6279,19.6279,1.73117,33.9794,34.9614,24.1201,1.73117,0.204167
1.8796,17.9265,17.9265,2,35.8531,34.9614,24.139,2.00374,0.245833
1.8798,16.6741,16.6741,1.86474,31.0929,34.9614,24.1295,1.86474,0.2875
1.88,19.2338,19.2338,1.5495,29.8028,34.9614,24.1075,1.5495,0.245833
1.8802,19.6272,19.6272,1.72911,33.9376,34.9614,24.12,1.72911,0.204167
1.8804,17.9284,17.9284,2,35.8568,34.9614,24.139,2.00186,0.245833
1.8806,16.6684,16.6684,1.86468,31.0813,34.9614,24.1296,1.86468,0.2875
1.8808,19.2302,19.2302,1.54941,29.7955,34.9614,24.1075,1.54941,0.245833
1.881,19.6273,19.6273,1.72823,33.9205,34.9614,24.1199,1.72823,0.204167
1.8812,17.9273,17.9273,2,35.8547,34.9614,24.1391,2.00293,0.245833
1.8814,16.679,16.679,1.8649,31.1046,34.9614,24.1295,1.8649,0.2875
1.8816,19.2297,19.2297,1.5494,29.7945,34.9614,24.1075,1.5494,0.245833
1.8818,19.6281,19.6281,1.72808,33.9189,34.9614,24.1199,1.72808,0.204167
1.882,17.9277,17.9277,2,35.8554,34.9614,24.139,2.00175,0.245833
1.8822,16.665,16.665,1.86689,31.1116,34.9614,24.1296,1.86689,0.2875
1.8824,19.2328,19.2328,1.54724,29.7578,34.9614,24.1074,1.54724,0.245833
1.8826,19.6333,19.6333,1.7292,33.9499,34.9614,24.12,1.7292,0.204167
1.8828,17.9298,17.9298,1.99973,35.8548,34.9614,24.1388,1.99973,0.245833
1.883,16.6852,16.6852,1.86451,31.1098,34.9614,24.1295,1.86451,0.2875
1.8832,19.2315,19.2315,1.55104,29.8289,34.9614,24.1076,1.55104,0.245833
1.8834,19.6247,19.6247,1.72936,33.9382,34.9614,24.12,1.72936,0.204167
1.8836,17.9359,17.9359,1.99954,35.8636,34.9614,24.1388,1.99954,0.245833
1.8838,16.6772,16.6772,1.86858,31.1628,34.9614,24.1297,1.86858,0.2875
1.884,19.2231,19.2231,1.54975,29.7909,34.9614,24.1075,1.54975,0.245833
1.8842,19.6303,19.6303,1.72772,33.9156,34.9614,24.1199,1.72772,0.204167
1.8844,17.9317,17.9317,2,35.8634,34.9614,24.1389,2.00204,0.245833
1.8846,16.6632,16.6632,1.86525,31.0812,34.9614,24.1297,1.86525,0.2875
1.8848,19.2314,19.2314,1.54842,29.7782,34.9614,24.1075,1.54842,0.245833
1.885,19.6309,19.6309,1.72766,33.9157,34.9614,24.1199,1.72766,0.204167
1.8852,17.9319,17.9319,2,35.8637,34.9614,24.139,2.00246,0.245833
1.8854,16.6715,16.6715,1.86609,31.1106,34.9614,24.1297,1.86609,0.2875
1.8856,19.2343,19.2343,1.5497,29.8075,34.9614,24.1075,1.5497,0.245833
1.8858,19.6275,19.6275,1.72874,33.931,34.9614,24.12,1.72874,0.204167
1.886,17.9366,17.9366,2,35.8733,34.9614,24.1388,2.0001,0.245833
1.8862,16.6637,16.6637,1.86667,31.1056,34.9614,24.1296,1.86667,0.2875
1.8864,19.2353,19.2353,1.54564,29.7308,34.9614,24.1073,1.54564,0.245833
1.8866,19.6343,19.6343,1.72905,33.9487,34.9614,24.12,1.72905,0.204167
1.8868,17.9234,17.9234,2,35.8469,34.9614,24.1389,2.00249,0.245833
1.887,16.6788,16.6788,1.86175,31.0517,34.9614,24.1293,1.86175,0.2875
1.8872,19.2347,19.2347,1.55118,29.8364,34.9614,24.1077,1.55118,0.245833
1.8874,19.6262,19.6262,1.72814,33.9169,34.9614,24.1199,1.72814,0.204167
1.8876,17.9333,17.9333,2,35.8665,34.9614,24.1389,2.00173,0.245833
1.8878,16.6652,16.6652,1.86519,31.0837,34.9614,24.1295,1.86519,0.2875
1.888,19.2315,19.2315,1.54839,29.7779,34.9614,24.1075,1.54839,0.245833
1.8882,19.6309,19.6309,1.72768,33.9159,34.9614,24.1199,1.72768,0.204167
1.8884,17.9308,17.9308,2,35.8617,34.9614,24.1389,2.0024,0.245833
1.8886,16.6707,16.6707,1.86632,31.1129,34.9614,24.1296,1.86632,0.2875
1.8888,19.2263,19.2263,1.54954,29.792,34.9614,24.1075,1.54954,0.245833
1.889,19.6263,19.6263,1.72895,33.9329,34.9614,24.12,1.72895,0.204167
1.8892,17.934,17.934,2,35.868,34.9614,24.1388,2.00072,0.245833
1.8894,16.6787,16.6787,1.86593,31.1213,34.9614,24.1296,1.86593,0.2875
1.8896,19.2286,19.2286,1.5514,29.8314,34.9614,24.1077,1.5514,0.245833
1.8898,19.6324,19.6324,1.72709,33.9069,34.9614,24.1199,1.72709,0.204167
1.89,17.9318,17.9318,2,35.8635,34.9614,24.1391,2.0042,0.245833
1.8902,16.6712,16.6712,1.86644,31.1158,34.9614,24.1296,1.86644,0.2875
1.8904,19.2296,19.2296,1.54933,29.7932,34.9614,24.1075,1.54933,0.245833
1.8906,19.625,19.625,1.73078,33.9664,34.9614,24.1201,1.73078,0.204167
1.8908,17.9294,17.9294,1.99966,35.8527,34.9614,24.1387,1.99966,0.245833
1.891,16.6755,16.6755,1.86612,31.1184,34.9614,24.1297,1.86612,0.2875
1.8912,19.2267,19.2267,1.54925,29.787,34.9614,24.1075,1.54925,0.245833
1.8914,19.6314,19.6314,1.72745,33.9121,34.9614,24.1199,1.72745,0.204167
1.8916,17.9299,17.9299,2,35.8599,34.9614,24.139,2.00314,0.245833
1.8918,16.6664,16.6664,1.86561,31.093,34.9614,24.1295,1.86561,0.2875
1.892,19.2318,19.2318,1.54918,29.7935,34.9614,24.1075,1.54918,0.245833
1.8922,19.6314,19.6314,1.72742,33.9117,34.9614,24.1199,1.72742,0.204167
1.8924,17.9302,17.9302,2,35.8605,34.9614,24.139,2.00324,0.245833
1.8926,16.6745,16.6745,1.86441,31.0881,34.9614,24.1294,1.86441,0.2875
1.8928,19.2304,19.2304,1.54927,29.7931,34.9614,24.1075,1.54927,0.245833
1.893,19.6247,19.6247,1.73123,33.9749,34.9614,24.1201,1.73123,0.204167
1.8932,17.9295,17.9295,1.99963,35.8524,34.9614,24.1387,1.99963,0.245833
1.8934,16.6754,16.6754,1.86618,31.1193,34.9614,24.1297,1.86618,0.2875
1.8936,19.2238,19.2238,1.54988,29.7946,34.9614,24.1075,1.54988,0.245833
1.8938,19.6326,19.6326,1.72735,33.9124,34.9614,24.1199,1.72735,0.204167
1.894,17.932,17.932,2,35.8639,34.9614,24.1389,2.00258,0.245833
1.8942,16.6768,16.6768,1.86532,31.1075,34.9614,24.1295,1.86532,0.2875
1.8944,19.2331,19.2331,1.54877,29.7876,34.9614,24.1075,1.54877,0.245833
1.8946,19.6275,19.6275,1.72908,33.9375,34.9614,24.12,1.72908,0.204167
1.8948,17.9316,17.9316,2,35.8631,34.9614,24.1388,2.0002,0.245833
1.895,16.6816,16.6816,1.86521,31.1147,34.9614,24.1297,1.86521,0.2875
1.8952,19.23,19.23,1.55198,29.8447,34.9614,24.1077,1.55198,0.245833
1.8954,19.6243,19.6243,1.73069,33.9636,34.9614,24.1201,1.73069,0.204167
1.8956,17.9284,17.9284,2,35.8568,34.9614,24.1388,2.00072,0.245833
1.8958,16.674,16.674,1.86719,31.1335,34.9614,24.1297,1.86719,0.2875
1.896,19.2296,19.2296,1.54771,29.7617,34.9614,24.1074,1.54771,0.245833
1.8962,19.6325,19.6325,1.7301,33.9662,34.9614,24.1201,1.7301,0.204167
1.8964,17.9202,17.9202,2,35.8404,34.9614,24.1389,2.002,0.245833
1.8966,16.6758,16.6758,1.86478,31.0967,34.9614,24.1295,1.86478,0.2875
1.8968,19.2312,19.2312,1.54919,29.7927,34.9614,24.1075,1.54919,0.245833
1.897,19.6298,19.6298,1.72879,33.9357,34.9614,24.12,1.72879,0.204167
1.8972,17.9314,17.9314,2,35.8628,34.9614,24.1389,2.00176,0.245833
1.8974,16.6665,16.6665,1.86573,31.0952,34.9614,24.1297,1.86573,0.2875
1.8976,19.2333,19.2333,1.54897,29.7918,34.9614,24.1075,1.54897,0.245833
1.8978,19.6281,19.6281,1.72935,33.9438,34.9614,24.12,1.72935,0.204167
1.898,17.9301,17.9301,2,35.8602,34.9614,24.1388,2.00049,0.245833
1.8982,16.6743,16.6743,1.86785,31.1451,34.9614,24.1297,1.86785,0.2875
1.8984,19.2322,19.2322,1.54763,29.7644,34.9614,24.1074,1.54763,0.245833
1.8986,19.6324,19.6324,1.72937,33.9517,34.9614,24.12,1.72937,0.204167
1.8988,17.9275,17.9275,2,35.8549,34.9614,24.1389,2.00213,0.245833
1.899,16.6771,16.6771,1.86307,31.0707,34.9614,24.1293,1.86307,0.2875
1.8992,19.2283,19.2283,1.55166,29.8359,34.9614,24.1077,1.55166,0.245833
1.8994,19.6291,19.6291,1.72793,33.9176,34.9614,24.1199,1.72793,0.204167
1.8996,17.9268,17.9268,2,35.8536,34.9614,24.139,2.00388,0.245833
1.8998,16.6754,16.6754,1.86534,31.1052,34.9614,24.1295,1.86534,0.2875
1.9,19.2317,19.2317,1.54937,29.797,34.9614,24.1075,1.54937,0.245833
1.9002,19.6267,19.6267,1.72848,33.9244,34.9614,24.1199,1.72848,0.204167
1.9004,17.9398,17.9398,2,35.8795,34.9614,24.1389,2.00018,0.245833
1.9006,16.6655,16.6655,1.86775,31.1269,34.9614,24.1298,1.86775,0.2875
1.9008,19.2285,19.2285,1.54599,29.727,34.9614,24.1073,1.54599,0.245833
1.901,19.6348,19.6348,1.72858,33.9403,34.9614,24.12,1.72858,0.204167
1.9012,17.9272,17.9272,2,35.8544,34.9614,24.139,2.00367,0.245833
1.9014,16.677,16.677,1.86239,31.059,34.9614,24.1294,1.86239,0.2875
1.9016,19.2364,19.2364,1.55157,29.8465,34.9614,24.1077,1.55157,0.245833
1.9018,19.6261,19.6261,1.7284,33.9218,34.9614,24.12,1.7284,0.204167
1.902,17.9276,17.9276,2,35.8552,34.9614,24.1391,2.00384,0.245833
1.9022,16.6682,16.6682,1.86577,31.099,34.9614,24.1296,1.86577,0.2875
1.9024,19.2298,19.2298,1.5483,29.7734,34.9614,24.1075,1.5483,0.245833
1.9026,19.6315,19.6315,1.72858,33.9347,34.9614,24.12,1.72858,0.204167
1.9028,17.9217,17.9217,2,35.8433,34.9614,24.139,2.00362,0.245833
1.903,16.6651,16.6651,1.86537,31.0864,34.9614,24.1296,1.86537,0.2875
1.9032,19.2418,19.2418,1.54617,29.751,34.9614,24.1073,1.54617,0.245833
1.9034,19.6304,19.6304,1.72888,33.9386,34.9614,24.12,1.72888,0.204167
1.9036,17.9279,17.9279,2,35.8559,34.9614,24.1389,2.00198,0.245833
1.9038,16.6777,16.6777,1.86299,31.0704,34.9614,24.1293,1.86299,0.2875
1.904,19.2337,19.2337,1.55159,29.8428,34.9614,24.1077,1.55159,0.245833
1.9042,19.628,19.628,1.72749,33.907,34.9614,24.1199,1.72749,0.204167
1.9044,17.9322,17.9322,2,35.8644,34.9614,24.139,2.00272,0.245833
1.9046,16.6719,16.6719,1.86628,31.1144,34.9614,24.1295,1.86628,0.2875
1.9048,19.2278,19.2278,1.54825,29.7693,34.9614,24.1074,1.54825,0.245833
1.905,19.6306,19.6306,1.72839,33.9293,34.9614,24.1199,1.72839,0.204167
1.9052,17.9373,17.9373,2,35.8746,34.9614,24.139,2.00291,0.245833
1.9054,16.666,16.666,1.86591,31.0973,34.9614,24.1296,1.86591,0.2875
1.9056,19.2362,19.2362,1.54625,29.7439,34.9614,24.1073,1.54625,0.245833
1.9058,19.6309,19.6309,1.73065,33.9743,34.9614,24.1201,1.73065,0.204167
1.906,17.9247,17.9247,2,35.8495,34.9614,24.1388,2.00053,0.245833
1.9062,16.6714,16.6714,1.86801,31.1424,34.9614,24.1297,1.86801,0.2875
1.9064,19.2305,19.2305,1.54785,29.766,34.9614,24.1074,1.54785,0.245833
1.9066,19.6267,19.6267,1.73055,33.965,34.9614,24.1201,1.73055,0.204167
1.9068,17.9323,17.9323,2,35.8646,34.9614,24.1388,2.00037,0.245833
1.907,16.6656,16.6656,1.86956,31.1575,34.9614,24.1298,1.86956,0.2875
1.9072,19.2298,19.2298,1.54685,29.7456,34.9614,24.1073,1.54685,0.245833
1.9074,19.6348,19.6348,1.72772,33.9235,34.9614,24.1199,1.72772,0.204167
1.9076,17.9274,17.9274,2,35.8548,34.9614,24.139,2.00128,0.245833
1.9078,16.6751,16.6751,1.86623,31.1196,34.9614,24.1295,1.86623,0.2875
1.908,19.2242,19.2242,1.55017,29.8008,34.9614,24.1076,1.55017,0.245833
1.9082,19.6281,19.6281,1.72791,33.9156,34.9614,24.1199,1.72791,0.204167
1.9084,17.9344,17.9344,2,35.8687,34.9614,24.139,2.00297,0.245833
1.9086,16.667,16.667,1.86702,31.1176,34.9614,24.1296,1.86702,0.2875
1.9088,19.2344,19.2344,1.54652,29.7465,34.9614,24.1073,1.54652,0.245833
1.909,19.6314,19.6314,1.72807,33.9244,34.9614,24.1199,1.72807,0.204167
1.9092,17.9325,17.9325,2,35.865,34.9614,24.139,2.00299,0.245833
1.9094,16.6615,16.6615,1.86573,31.0859,34.9614,24.1297,1.86573,0.2875
1.9096,19.2395,19.2395,1.54639,29.7517,34.9614,24.1073,1.54639,0.245833
1.9098,19.6281,19.6281,1.72976,33.9519,34.9614,24.12,1.72976,0.204167
1.91,17.9261,17.9261,2,35.8522,34.9614,24.139,2.00099,0.245833
1.9102,16.6744,16.6744,1.86559,31.1076,34.9614,24.1296,1.86559,0.2875
1.9104,19.2338,19.2338,1.54882,29.7898,34.9614,24.1075,1.54882,0.245833
1.9106,19.6315,19.6315,1.72812,33.9256,34.9614,24.1199,1.72812,0.204167
1.9108,17.9362,17.9362,2,35.8723,34.9614,24.139,2.00101,0.245833
1.911,16.6658,16.6658,1.86675,31.1109,34.9614,24.1297,1.86675,0.2875
1.9112,19.2319,19.2319,1.54763,29.7638,34.9614,24.1074,1.54763,0.245833
1.9114,19.6335,19.6335,1.72731,33.9131,34.9614,24.1199,1.72731,0.204167
1.9116,17.933,17.933,2,35.8659,34.9614,24.1389,2.0015,0.245833
1.9118,16.6709,16.6709,1.8655,31.0995,34.9614,24.1297,1.8655,0.2875
1.912,19.2308,19.2308,1.54822,29.7735,34.9614,24.1074,1.54822,0.245833
1.9122,19.6306,19.6306,1.72805,33.9226,34.9614,24.1199,1.72805,0.204167
1.9124,17.9302,17.9302,2,35.8604,34.9614,24.139,2.00257,0.245833
1.9126,16.672,16.672,1.86688,31.1248,34.9614,24.1296,1.86688,0.2875
1.9128,19.2218,19.2218,1.55056,29.8045,34.9614,24.1076,1.55056,0.245833
1.913,19.6326,19.6326,1.72739,33.9133,34.9614,24.1199,1.72739,0.204167
1.9132,17.9334,17.9334,2,35.8668,34.9614,24.1388,2.00143,0.245833
1.9134,16.671,16.671,1.8657,31.1031,34.9614,24.1295,1.8657,0.2875
1.9136,19.23,19.23,1.54842,29.7761,34.9614,24.1075,1.54842,0.245833
1.9138,19.6312,19.6312,1.72879,33.9382,34.9614,24.12,1.72879,0.204167
1.914,17.9258,17.9258,2,35.8516,34.9614,24.139,2.00226,0.245833
1.9142,16.6752,16.6752,1.86359,31.0758,34.9614,24.1295,1.86359,0.2875
1.9144,19.2311,19.2311,1.55054,29.8185,34.9614,24.1076,1.55054,0.245833
1.9146,19.6249,19.6249,1.72788,33.9096,34.9614,24.1199,1.72788,0.204167
1.9148,17.9347,17.9347,2,35.8695,34.9614,24.1389,2.00156,0.245833
1.915,16.6668,16.6668,1.86814,31.1358,34.9614,24.1297,1.86814,0.2875
1.9152,19.2348,19.2348,1.54573,29.7317,34.9614,24.1073,1.54573,0.245833
1.9154,19.6331,19.6331,1.73001,33.9655,34.9614,24.1201,1.73001,0.204167
1.9156,17.9201,17.9201,2,35.8403,34.9614,24.1389,2.00189,0.245833
1.9158,16.6793,16.6793,1.86302,31.0738,34.9614,24.1293,1.86302,0.2875
1.916,19.2299,19.2299,1.55102,29.8261,34.9614,24.1076,1.55102,0.245833
1.9162,19.6269,19.6269,1.72806,33.9166,34.9614,24.1199,1.72806,0.204167
1.9164,17.9331,17.9331,2,35.8662,34.9614,24.1389,2.00183,0.245833
1.9166,16.6676,16.6676,1.86759,31.1282,34.9614,24.1297,1.86759,0.2875
1.9168,19.2242,19.2242,1.54836,29.7659,34.9614,24.1074,1.54836,0.245833
1.917,19.6316,19.6316,1.72821,33.9276,34.9614,24.1199,1.72821,0.204167
1.9172,17.9438,17.9438,2,35.8876,34.9614,24.1388,2.00047,0.245833
1.9174,16.6597,16.6597,1.8696,31.147,34.9614,24.1298,1.8696,0.2875
1.9176,19.2399,19.2399,1.54365,29.6997,34.9614,24.1071,1.54365,0.245833
1.9178,19.6322,19.6322,1.72994,33.9625,34.9614,24.1201,1.72994,0.204167
1.918,17.9173,17.9173,2,35.8345,34.9614,24.139,2.00301,0.245833
1.9182,16.6681,16.6681,1.86373,31.0647,34.9614,24.1295,1.86373,0.2875
1.9184,19.2292,19.2292,1.5493,29.7919,34.9614,24.1075,1.5493,0.245833
1.9186,19.6245,19.6245,1.73112,33.9722,34.9614,24.1202,1.73112,0.204167
1.9188,17.9214,17.9214,2,35.8427,34.9614,24.1389,2.00235,0.245833
1.919,16.6665,16.6665,1.86478,31.0795,34.9614,24.1295,1.86478,0.2875
1.9192,19.2339,19.2339,1.54767,29.7678,34.9614,24.1074,1.54767,0.245833
1.9194,19.6285,19.6285,1.72945,33.9465,34.9614,24.12,1.72945,0.204167
1.9196,17.9302,17.9302,2,35.8603,34.9614,24.1388,2.00034,0.245833
1.9198,16.675,16.675,1.86745,31.1398,34.9614,24.1298,1.86745,0.2875
1.92,19.2256,19.2256,1.54915,29.7832,34.9614,24.1075,1.54915,0.245833
1.9202,19.6294,19.6294,1.72821,33.9237,34.9614,24.1199,1.72821,0.204167
1.9204,17.9359,17.9359,2,35.8717,34.9614,24.1389,2.00106,0.245833
1.9206,16.6659,16.6659,1.86666,31.1096,34.9614,24.1296,1.86666,0.2875
1.9208,19.2374,19.2374,1.54654,29.7515,34.9614,24.1073,1.54654,0.245833
1.921,19.6279,19.6279,1.73047,33.9655,34.9614,24.1201,1.73047,0.204167
1.9212,17.9186,17.9186,2,35.8371,34.9614,24.1388,2.00083,0.245833
1.9214,16.6753,16.6753,1.86649,31.1242,34.9614,24.1296,1.86649,0.2875
1.9216,19.2285,19.2285,1.54719,29.7501,34.9614,24.1074,1.54719,0.245833
1.9218,19.6336,19.6336,1.72829,33.9325,34.9614,24.1199,1.72829,0.204167
1.922,17.9364,17.9364,2,35.8729,34.9614,24.1389,2.00107,0.245833
1.9222,16.6656,16.6656,1.86627,31.1024,34.9614,24.1297,1.86627,0.2875
1.9224,19.2387,19.2387,1.54765,29.7747,34.9614,24.1074,1.54765,0.245833
1.9226,19.6324,19.6324,1.72834,33.9314,34.9614,24.1199,1.72834,0.204167
1.9228,17.9351,17.9351,2,35.8702,34.9614,24.139,2.00195,0.245833
1.923,16.6732,16.6732,1.86803,31.146,34.9614,24.1298,1.86803,0.2875
1.9232,19.2315,19.2315,1.54826,29.7754,34.9614,24.1074,1.54826,0.245833
1.9234,19.6306,19.6306,1.72787,33.9191,34.9614,24.1199,1.72787,0.204167
1.9236,17.929,17.929,2,35.858,34.9614,24.1389,2.00173,0.245833
1.9238,16.6688,16.6688,1.86534,31.093,34.9614,24.1295,1.86534,0.2875
1.924,19.2348,19.2348,1.54715,29.7591,34.9614,24.1074,1.54715,0.245833
1.9242,19.6337,19.6337,1.72918,33.9503,34.9614,24.12,1.72918,0.204167
1.9244,17.9266,17.9266,2,35.8532,34.9614,24.139,2.00342,0.245833
1.9246,16.679,16.679,1.86239,31.0629,34.9614,24.1293,1.86239,0.2875
1.9248,19.2349,19.2349,1.55169,29.8465,34.9614,24.1077,1.55169,0.245833
1.925,19.6261,19.6261,1.72979,33.9489,34.9614,24.12,1.72979,0.204167
1.9252,17.9384,17.9384,1.99899,35.8587,34.9614,24.1387,1.99899,0.245833
1.9254,16.6744,16.6744,1.86783,31.1449,34.9614,24.1297,1.86783,0.2875
1.9256,19.2322,19.2322,1.54766,29.7649,34.9614,24.1074,1.54766,0.245833
1.9258,19.6279,19.6279,1.73117,33.9794,34.9614,24.1201,1.73117,0.204167
1.926,17.9265,17.9265,2,35.8531,34.9614,24.139,2.00374,0.245833
1.9262,16.6741,16.6741,1.86474,31.0929,34.9614,24.1295,1.86474,0.2875
1.9264,19.2338,19.2338,1.5495,29.8028,34.9614,24.1075,1.5495,0.245833
1.9266,19.6272,19.6272,1.72911,33.9376,34.9614,24.12,1.72911,0.204167
1.9268,17.9284,17.9284,2,35.8568,34.9614,24.139,2.00186,0.245833
1.927,16.6684,16.6684,1.86468,31.0813,34.9614,24.1296,1.86468,0.2875
1.9272,19.2302,19.2302,1.54941,29.7955,34.9614,24.1075,1.54941,0.245833
1.9274,19.6273,19.6273,1.72823,33.9205,34.9614,24.1199,1.72823,0.204167
1.9276,17.9273,17.9273,2,35.8547,34.9614,24.1391,2.00293,0.245833
1.9278,16.679,16.679,1.8649,31.1046,34.9614,24.1295,1.8649,0.2875
1.928,19.2297,19.2297,1.5494,29.7945,34.9614,24.1075,1.5494,0.245833
1.9282,19.6281,19.6281,1.72808,33.9189,34.9614,24.1199,1.72808,0.204167
1.9284,17.9277,17.9277,2,35.8554,34.9614,24.139,2.00175,0.245833
1.9286,16.665,16.665,1.86689,31.1116,34.9614,24.1296,1.86689,0.2875
1.9288,19.2328,19.2328,1.54724,29.7578,34.9614,24.1074,1.54724,0.245833
1.929,19.6333,19.6333,1.7292,33.9499,34.9614,24.12,1.7292,0.204167
1.9292,17.9298,17.9298,1.99973,35.8548,34.9614,24.1388,1.99973,0.245833
1.9294,16.6852,16.6852,1.86451,31.1098,34.9614,24.1295,1.86451,0.2875
1.9296,19.2315,19.2315,1.55104,29.8289,34.9614,24.1076,1.55104,0.245833
1.9298,19.6247,19.6247,1.72936,33.9382,34.9614,24.12,1.72936,0.204167
1.93,17.9359,17.9359,1.99954,35.8636,34.9614,24.1388,1.99954,0.245833
1.9302,16.6772,16.6772,1.86858,31.1628,34.9614,24.1297,1.86858,0.2875
1.9304,19.2231,19.2231,1.54975,29.7909,34.9614,24.1075,1.54975,0.245833
1.9306,19.6303,19.6303,1.72772,33.9156,34.9614,24.1199,1.72772,0.204167
1.9308,17.9317,17.9317,2,35.8634,34.9614,24.1389,2.00204,0.245833
1.931,16.6632,16.6632,1.86525,31.0812,34.9614,24.1297,1.86525,0.2875
1.9312,19.2314,19.2314,1.54842,29.7782,34.9614,24.1075,1.54842,0.245833
1.9314,19.6309,19.6309,1.72766,33.9157,34.9614,24.1199,1.72766,0.204167
1.9316,17.9319,17.9319,2,35.8637,34.9614,24.139,2.00246,0.245833
1.9318,16.6715,16.6715,1.86609,31.1106,34.9614,24.1297,1.86609,0.2875
1.932,19.2343,19.2343,1.5497,29.8075,34.9614,24.1075,1.5497,0.245833
1.9322,19.6275,19.6275,1.72874,33.931,34.9614,24.12,1.72874,0.204167
1.9324,17.9366,17.9366,2,35.8733,34.9614,24.1388,2.0001,0.245833
1.9326,16.6637,16.6637,1.86667,31.1056,34.9614,24.1296,1.86667,0.2875
1.9328,19.2353,19.2353,1.54564,29.7308,34.9614,24.1073,1.54564,0.245833
1.933,19.6343,19.6343,1.72905,33.9487,34.9614,24.12,1.72905,0.204167
1.9332,17.9234,17.9234,2,35.8469,34.9614,24.1389,2.00249,0.245833
1.9334,16.6788,16.6788,1.86175,31.0517,34.9614,24.1293,1.86175,0.2875
1.9336,19.2347,19.2347,1.55118,29.8364,34.9614,24.1077,1.55118,0.245833
1.9338,19.6262,19.6262,1.72814,33.9169,34.9614,24.1199,1.72814,0.204167
1.934,17.9333,17.9333,2,35.8665,34.9614,24.1389,2.00173,0.245833
1.9342,16.6652,16.6652,1.86519,31.0837,34.9614,24.1295,1.86519,0.2875
1.9344,19.2315,19.2315,1.54839,29.7779,34.9614,24.1075,1.54839,0.245833
1.9346,19.6309,19.6309,1.72768,33.9159,34.9614,24.1199,1.72768,0.204167
1.9348,17.9308,17.9308,2,35.8617,34.9614,24.1389,2.0024,0.245833
1.935,16.6707,16.6707,1.86632,31.1129,34.9614,24.1296,1.86632,0.2875
1.9352,19.2263,19.2263,1.54954,29.792,34.9614,24.1075,1.54954,0.245833
1.9354,19.6263,19.6263,1.72895,33.9329,34.9614,24.12,1.72895,0.204167
1.9356,17.934,17.934,2,35.868,34.9614,24.1388,2.00072,0.245833
1.9358,16.6787,16.6787,1.86593,31.1213,34.9614,24.1296,1.86593,0.2875
1.936,19.2286,19.2286,1.5514,29.8314,34.9614,24.1077,1.5514,0.245833
1.9362,19.6324,19.6324,1.72709,33.9069,34.9614,24.1199,1.72709,0.204167
1.9364,17.9318,17.9318,2,35.8635,34.9614,24.1391,2.0042,0.245833
1.9366,16.6712,16.6712,1.86644,31.1158,34.9614,24.1296,1.86644,0.2875
1.9368,19.2296,19.2296,1.54933,29.7932,34.9614,24.1075,1.54933,0.245833
1.937,19.625,19.625,1.73078,33.9664,34.9614,24.1201,1.73078,0.204167
1.9372,17.9294,17.9294,1.99966,35.8527,34.9614,24.1387,1.99966,0.245833
1.9374,16.6755,16.6755,1.86612,31.1184,34.9614,24.1297,1.86612,0.2875
1.9376,19.2267,19.2267,1.54925,29.787,34.9614,24.1075,1.54925,0.245833
1.9378,19.6314,19.6314,1.72745,33.9121,34.9614,24.1199,1.72745,0.204167
1.938,17.9299,17.9299,2,35.8599,34.9614,24.139,2.00314,0.245833
1.9382,16.6664,16.6664,1.86561,31.093,34.9614,24.1295,1.86561,0.2875
1.9384,19.2318,19.2318,1.54918,29.7935,34.9614,24.1075,1.54918,0.245833
1.9386,19.6314,19.6314,1.72742,33.9117,34.9614,24.1199,1.72742,0.204167
1.9388,17.9302,17.9302,2,35.8605,34.9614,24.139,2.00324,0.245833
1.939,16.6745,16.6745,1.86441,31.0881,34.9614,24.1294,1.86441,0.2875
1.9392,19.2304,19.2304,1.54927,29.7931,34.9614,24.1075,1.54927,0.245833
1.9394,19.6247,19.6247,1.73123,33.9749,34.9614,24.1201,1.73123,0.204167
1.9396,17.9295,17.9295,1.99963,35.8524,34.9614,24.1387,1.99963,0.245833
1.9398,16.6754,16.6754,1.86618,31.1193,34.9614,24.1297,1.86618,0.2875
1.94,19.2238,19.2238,1.54988,29.7946,34.9614,24.1075,1.54988,0.245833
1.9402,19.6326,19.6326,1.72735,33.9124,34.9614,24.1199,1.72735,0.204167
1.9404,17.932,17.932,2,35.8639,34.9614,24.1389,2.00258,0.245833
1.9406,16.6768,16.6768,1.86532,31.1075,34.9614,24.1295,1.86532,0.2875
1.9408,19.2331,19.2331,1.54877,29.7876,34.9614,24.1075,1.54877,0.245833
1.941,19.6275,19.6275,1.72908,33.9375,34.9614,24.12,1.72908,0.204167
1.9412,17.9316,17.9316,2,35.8631,34.9614,24.1388,2.0002,0.245833
1.9414,16.6816,16.6816,1.86521,31.1147,34.9614,24.1297,1.86521,0.2875
1.9416,19.23,19.23,1.55198,29.8447,34.9614,24.1077,1.55198,0.245833
1.9418,19.6243,19.6243,1.73069,33.9636,34.9614,24.1201,1.73069,0.204167
1.942,17.9284,17.9284,2,35.8568,34.9614,24.1388,2.00072,0.245833
1.9422,16.674,16.674,1.86719,31.1335,34.9614,24.1297,1.86719,0.2875
1.9424,19.2296,19.2296,1.54771,29.7617,34.9614,24.1074,1.54771,0.245833
1.9426,19.6325,19.6325,1.7301,33.9662,34.9614,24.1201,1.7301,0.204167
1.9428,17.9202,17.9202,2,35.8404,34.9614,24.1389,2.002,0.245833
1.943,16.6758,16.6758,1.86478,31.0967,34.9614,24.1295,1.86478,0.2875
1.9432,19.2312,19.2312,1.54919,29.7927,34.9614,24.1075,1.54919,0.245833
1.9434,19.6298,19.6298,1.72879,33.9357,34.9614,24.12,1.72879,0.204167
1.9436,17.9314,17.9314,2,35.8628,34.9614,24.1389,2.00176,0.245833
1.9438,16.6665,16.6665,1.86573,31.0952,34.9614,24.1297,1.86573,0.2875
1.944,19.2333,19.2333,1.54897,29.7918,34.9614,24.1075,1.54897,0.245833
1.9442,19.6281,19.6281,1.72935,33.9438,34.9614,24.12,1.72935,0.204167
1.9444,17.9301,17.9301,2,35.8602,34.9614,24.1388,2.00049,0.245833
1.9446,16.6743,16.6743,1.86785,31.1451,34.9614,24.1297,1.86785,0.2875
1.9448,19.2322,19.2322,1.54763,29.7644,34.9614,24.1074,1.54763,0.245833
1.945,19.6324,19.6324,1.72937,33.9517,34.9614,24.12,1.72937,0.204167
1.9452,17.9275,17.9275,2,35.8549,34.9614,24.1389,2.00213,0.245833
1.9454,16.6771,16.6771,1.86307,31.0707,34.9614,24.1293,1.86307,0.2875
1.9456,19.2283,19.2283,1.55166,29.8359,34.9614,24.1077,1.55166,0.245833
1.9458,19.6291,19.6291,1.72793,33.9176,34.9614,24.1199,1.72793,0.204167
1.946,17.9268,17.9268,2,35.8536,34.9614,24.139,2.00388,0.245833
1.9462,16.6754,16.6754,1.86534,31.1052,34.9614,24.1295,1.86534,0.2875
1.9464,19.2317,19.2317,1.54937,29.797,34.9614,24.1075,1.54937,0.245833
1.9466,19.6267,19.6267,1.72848,33.9244,34.9614,24.1199,1.72848,0.204167
1.9468,17.9398,17.9398,2,35.8795,34.9614,24.1389,2.00018,0.245833
1.947,16.6655,16.6655,1.86775,31.1269,34.9614,24.1298,1.86775,0.2875
1.9472,19.2285,19.2285,1.54599,29.727,34.9614,24.1073,1.54599,0.245833
1.9474,19.6348,19.6348,1.72858,33.9403,34.9614,24.12,1.72858,0.204167
1.9476,17.9272,17.9272,2,35.8544,34.9614,24.139,2.00367,0.245833
1.9478,16.677,16.677,1.86239,31.059,34.9614,24.1294,1.86239,0.2875
1.948,19.2364,19.2364,1.55157,29.8465,34.9614,24.1077,1.55157,0.245833
1.9482,19.6261,19.6261,1.7284,33.9218,34.9614,24.12,1.7284,0.204167
1.9484,17.9276,17.9276,2,35.8552,34.9614,24.1391,2.00384,0.245833
1.9486,16.6682,16.6682,1.86577,31.099,34.9614,24.1296,1.86577,0.2875
1.9488,19.2298,19.2298,1.5483,29.7734,34.9614,24.1075,1.5483,0.245833
1.949,19.6315,19.6315,1.72858,33.9347,34.9614,24.12,1.72858,0.204167
1.9492,17.9217,17.9217,2,35.8433,34.9614,24.139,2.00362,0.245833
1.9494,16.6651,16.6651,1.86537,31.0864,34.9614,24.1296,1.86537,0.2875
1.9496,19.2418,19.2418,1.54617,29.751,34.9614,24.1073,1.54617,0.245833
1.9498,19.6304,19.6304,1.72888,33.9386,34.9614,24.12,1.72888,0.204167
1.95,17.9279,17.9279,2,35.8559,34.9614,24.1389,2.00198,0.245833
1.9502,16.6777,16.6777,1.86299,31.0704,34.9614,24.1293,1.86299,0.2875
1.9504,19.2337,19.2337,1.55159,29.8428,34.9614,24.1077,1.55159,0.245833
1.9506,19.628,19.628,1.72749,33.907,34.9614,24.1199,1.72749,0.204167
1.9508,17.9322,17.9322,2,35.8644,34.9614,24.139,2.00272,0.245833
1.951,16.6719,16.6719,1.86628,31.1144,34.9614,24.1295,1.86628,0.2875
1.9512,19.2278,19.2278,1.54825,29.7693,34.9614,24.1074,1.54825,0.245833
1.9514,19.6306,19.6306,1.72839,33.9293,34.9614,24.1199,1.72839,0.204167
1.9516,17.9373,17.9373,2,35.8746,34.9614,24.139,2.00291,0.245833
1.9518,16.666,16.666,1.86591,31.0973,34.9614,24.1296,1.86591,0.2875
1.952,19.2362,19.2362,1.54625,29.7439,34.9614,24.1073,1.54625,0.245833
1.9522,19.6309,19.6309,1.73065,33.9743,34.9614,24.1201,1.73065,0.204167
1.9524,17.9247,17.9247,2,35.8495,34.9614,24.1388,2.00053,0.245833
1.9526,16.6714,16.6714,1.86801,31.1424,34.9614,24.1297,1.86801,0.2875
1.9528,19.2305,19.2305,1.54785,29.766,34.9614,24.1074,1.54785,0.245833
1.953,19.6267,19.6267,1.73055,33.965,34.9614,24.1201,1.73055,0.204167
1.9532,17.9323,17.9323,2,35.8646,34.9614,24.1388,2.00037,0.245833
1.9534,16.6656,16.6656,1.86956,31.1575,34.9614,24.1298,1.86956,0.2875
1.9536,19.2298,19.2298,1.54685,29.7456,34.9614,24.1073,1.54685,0.245833
1.9538,19.6348,19.6348,1.72772,33.9235,34.9614,24.1199,1.72772,0.204167
1.954,17.9274,17.9274,2,35.8548,34.9614,24.139,2.00128,0.245833
1.9542,16.6751,16.6751,1.86623,31.1196,34.9614,24.1295,1.86623,0.2875
1.9544,19.2242,19.2242,1.55017,29.8008,34.9614,24.1076,1.55017,0.245833
1.9546,19.6281,19.6281,1.72791,33.9156,34.9614,24.1199,1.72791,0.204167
1.9548,17.9344,17.9344,2,35.8687,34.9614,24.139,2.00297,0.245833
1.955,16.667,16.667,1.86702,31.1176,34.9614,24.1296,1.86702,0.2875
1.9552,19.2344,19.2344,1.54652,29.7465,34.9614,24.1073,1.54652,0.245833
1.9554,19.6314,19.6314,1.72807,33.9244,34.9614,24.1199,1.72807,0.204167
1.9556,17.9325,17.9325,2,35.865,34.9614,24.139,2.00299,0.245833
1.9558,16.6615,16.6615,1.86573,31.0859,34.9614,24.1297,1.86573,0.2875
1.956,19.2395,19.2395,1.54639,29.7517,34.9614,24.1073,1.54639,0.245833
1.9562,19.6281,19.6281,1.72976,33.9519,34.9614,24.12,1.72976,0.204167
1.9564,17.9261,17.9261,2,35.8522,34.9614,24.139,2.00099,0.245833
1.9566,16.6744,16.6744,1.86559,31.1076,34.9614,24.1296,1.86559,0.2875
1.9568,19.2338,19.2338,1.54882,29.7898,34.9614,24.1075,1.54882,0.245833
1.957,19.6315,19.6315,1.72812,33.9256,34.9614,24.1199,1.72812,0.204167
1.9572,17.9362,17.9362,2,35.8723,34.9614,24.139,2.00101,0.245833
1.9574,16.6658,16.6658,1.86675,31.1109,34.9614,24.1297,1.86675,0.2875
1.9576,19.2319,19.2319,1.54763,29.7638,34.9614,24.1074,1.54763,0.245833
1.9578,19.6335,19.6335,1.72731,33.9131,34.9614,24.1199,1.72731,0.204167
1.958,17.933,17.933,2,35.8659,34.9614,24.1389,2.0015,0.245833
1.9582,16.6709,16.6709,1.8655,31.0995,34.9614,24.1297,1.8655,0.2875
1.9584,19.2308,19.2308,1.54822,29.7735,34.9614,24.1074,1.54822,0.245833
1.9586,19.6306,19.6306,1.72805,33.9226,34.9614,24.1199,1.72805,0.204167
1.9588,17.9302,17.9302,2,35.8604,34.9614,24.139,2.00257,0.245833
1.959,16.672,16.672,1.86688,31.1248,34.9614,24.1296,1.86688,0.2875
1.9592,19.2218,19.2218,1.55056,29.8045,34.9614,24.1076,1.55056,0.245833
1.9594,19.6326,19.6326,1.72739,33.9133,34.9614,24.1199,1.72739,0.204167
1.9596,17.9334,17.9334,2,35.8668,34.9614,24.1388,2.00143,0.245833
1.9598,16.671,16.671,1.8657,31.1031,34.9614,24.1295,1.8657,0.2875
1.96,19.23,19.23,1.54842,29.7761,34.9614,24.1075,1.54842,0.245833
1.9602,19.6312,19.6312,1.72879,33.9382,34.9614,24.12,1.72879,0.204167
1.9604,17.9258,17.9258,2,35.8516,34.9614,24.139,2.00226,0.245833
1.9606,16.6752,16.6752,1.86359,31.0758,34.9614,24.1295,1.86359,0.2875
1.9608,19.2311,19.2311,1.55054,29.8185,34.9614,24.1076,1.55054,0.245833
1.961,19.6249,19.6249,1.72788,33.9096,34.9614,24.1199,1.72788,0.204167
1.9612,17.9347,17.9347,2,35.8695,34.9614,24.1389,2.00156,0.245833
1.9614,16.6668,16.6668,1.86814,31.1358,34.9614,24.1297,1.86814,0.2875
1.9616,19.2348,19.2348,1.54573,29.7317,34.9614,24.1073,1.54573,0.245833
1.9618,19.6331,19.6331,1.73001,33.9655,34.9614,24.1201,1.73001,0.204167
1.962,17.9201,17.9201,2,35.8403,34.9614,24.1389,2.00189,0.245833
1.9622,16.6793,16.6793,1.86302,31.0738,34.9614,24.1293,1.86302,0.2875
1.9624,19.2299,19.2299,1.55102,29.8261,34.9614,24.1076,1.55102,0.245833
1.9626,19.6269,19.6269,1.72806,33.9166,34.9614,24.1199,1.72806,0.204167
1.9628,17.9331,17.9331,2,35.8662,34.9614,24.1389,2.00183,0.245833
1.963,16.6676,16.6676,1.86759,31.1282,34.9614,24.1297,1.86759,0.2875
1.9632,19.2242,19.2242,1.54836,29.7659,34.9614,24.1074,1.54836,0.245833
1.9634,19.6316,19.6316,1.72821,33.9276,34.9614,24.1199,1.72821,0.204167
1.9636,17.9438,17.9438,2,35.8876,34.9614,24.1388,2.00047,0.245833
1.9638,16.6597,16.6597,1.8696,31.147,34.9614,24.1298,1.8696,0.2875
1.964,19.2399,19.2399,1.54365,29.6997,34.9614,24.1071,1.54365,0.245833
1.9642,19.6322,19.6322,1.72994,33.9625,34.9614,24.1201,1.72994,0.204167
1.9644,17.9173,17.9173,2,35.8345,34.9614,24.139,2.00301,0.245833
1.9646,16.6681,16.6681,1.86373,31.0647,34.9614,24.1295,1.86373,0.2875
1.9648,19.2292,19.2292,1.5493,29.7919,34.9614,24.1075,1.5493,0.245833
1.965,19.6245,19.6245,1.73112,33.9722,34.9614,24.1202,1.73112,0.204167
1.9652,17.9214,17.9214,2,35.8427,34.9614,24.1389,2.00235,0.245833
1.9654,16.6665,16.6665,1.86478,31.0795,34.9614,24.1295,1.86478,0.2875
1.9656,19.2339,19.2339,1.54767,29.7678,34.9614,24.1074,1.54767,0.245833
1.9658,19.6285,19.6285,1.72945,33.9465,34.9614,24.12,1.72945,0.204167
1.966,17.9302,17.9302,2,35.8603,34.9614,24.1388,2.00034,0.245833
1.9662,16.675,16.675,1.86745,31.1398,34.9614,24.1298,1.86745,0.2875
1.9664,19.2256,19.2256,1.54915,29.7832,34.9614,24.1075,1.54915,0.245833
1.9666,19.6294,19.6294,1.72821,33.9237,34.9614,24.1199,1.72821,0.204167
1.9668,17.9359,17.9359,2,35.8717,34.9614,24.1389,2.00106,0.245833
1.967,16.6659,16.6659,1.86666,31.1096,34.9614,24.1296,1.86666,0.2875
1.9672,19.2374,19.2374,1.54654,29.7515,34.9614,24.1073,1.54654,0.245833
1.9674,19.6279,19.6279,1.73047,33.9655,34.9614,24.1201,1.73047,0.204167
1.9676,17.9186,17.9186,2,35.8371,34.9614,24.1388,2.00083,0.245833
1.9678,16.6753,16.6753,1.86649,31.1242,34.9614,24.1296,1.86649,0.2875
1.968,19.2285,19.2285,1.54719,29.7501,34.9614,24.1074,1.54719,0.245833
1.9682,19.6336,19.6336,1.72829,33.9325,34.9614,24.1199,1.72829,0.204167
1.9684,17.9364,17.9364,2,35.8729,34.9614,24.1389,2.00107,0.245833
1.9686,16.6656,16.6656,1.86627,31.1024,34.9614,24.1297,1.86627,0.2875
1.9688,19.2387,19.2387,1.54765,29.7747,34.9614,24.1074,1.54765,0.245833
1.969,19.6324,19.6324,1.72834,33.9314,34.9614,24.1199,1.72834,0.204167
1.9692,17.9351,17.9351,2,35.8702,34.9614,24.139,2.00195,0.245833
1.9694,16.6732,16.6732,1.86803,31.146,34.9614,24.1298,1.86803,0.2875
1.9696,19.2315,19.2315,1.54826,29.7754,34.9614,24.1074,1.54826,0.245833
1.9698,19.6306,19.6306,1.72787,33.9191,34.9614,24.1199,1.72787,0.204167
1.97,17.929,17.929,2,35.858,34.9614,24.1389,2.00173,0.245833
1.9702,16.6688,16.6688,1.86534,31.093,34.9614,24.1295,1.86534,0.2875
1.9704,19.2348,19.2348,1.54715,29.7591,34.9614,24.1074,1.54715,0.245833
1.9706,19.6337,19.6337,1.72918,33.9503,34.9614,24.12,1.72918,0.204167
1.9708,17.9266,17.9266,2,35.8532,34.9614,24.139,2.00342,0.245833
1.971,16.679,16.679,1.86239,31.0629,34.9614,24.1293,1.86239,0.2875
1.9712,19.2349,19.2349,1.55169,29.8465,34.9614,24.1077,1.55169,0.245833
1.9714,19.6261,19.6261,1.72979,33.9489,34.9614,24.12,1.72979,0.204167
1.9716,17.9384,17.9384,1.99899,35.8587,34.9614,24.1387,1.99899,0.245833
1.9718,16.6744,16.6744,1.86783,31.1449,34.9614,24.1297,1.86783,0.2875
1.972,19.2322,19.2322,1.54766,29.7649,34.9614,24.1074,1.54766,0.245833
1.9722,19.6279,19.6279,1.73117,33.9794,34.9614,24.1201,1.73117,0.204167
1.9724,17.9265,17.9265,2,35.8531,34.9614,24.139,2.00374,0.245833
1.9726,16.6741,16.6741,1.86474,31.0929,34.9614,24.1295,1.86474,0.2875
1.9728,19.2338,19.2338,1.5495,29.8028,34.9614,24.1075,1.5495,0.245833
1.973,19.6272,19.6272,1.72911,33.9376,34.9614,24.12,1.72911,0.204167
1.9732,17.9284,17.9284,2,35.8568,34.9614,24.139,2.00186,0.245833
1.9734,16.6684,16.6684,1.86468,31.0813,34.9614,24.1296,1.86468,0.2875
1.9736,19.2302,19.2302,1.54941,29.7955,34.9614,24.1075,1.54941,0.245833
1.9738,19.6273,19.6273,1.72823,33.9205,34.9614,24.1199,1.72823,0.204167
1.974,17.9273,17.9273,2,35.8547,34.9614,24.1391,2.00293,0.245833
1.9742,16.679,16.679,1.8649,31.1046,34.9614,24.1295,1.8649,0.2875
1.9744,19.2297,19.2297,1.5494,29.7945,34.9614,24.1075,1.5494,0.245833
1.9746,19.6281,19.6281,1.72808,33.9189,34.9614,24.1199,1.72808,0.204167
1.9748,17.9277,17.9277,2,35.8554,34.9614,24.139,2.00175,0.245833
1.975,16.665,16.665,1.86689,31.1116,34.9614,24.1296,1.86689,0.2875
1.9752,19.2328,19.2328,1.54724,29.7578,34.9614,24.1074,1.54724,0.245833
1.9754,19.6333,19.6333,1.7292,33.9499,34.9614,24.12,1.7292,0.204167
1.9756,17.9298,17.9298,1.99973,35.8548,34.9614,24.1388,1.99973,0.245833
1.9758,16.6852,16.6852,1.86451,31.1098,34.9614,24.1295,1.86451,0.2875
1.976,19.2315,19.2315,1.55104,29.8289,34.9614,24.1076,1.55104,0.245833
1.9762,19.6247,19.6247,1.72936,33.9382,34.9614,24.12,1.72936,0.204167
1.9764,17.9359,17.9359,1.99954,35.8636,34.9614,24.1388,1.99954,0.245833
1.9766,16.6772,16.6772,1.86858,31.1628,34.9614,24.1297,1.86858,0.2875
1.9768,19.2231,19.2231,1.54975,29.7909,34.9614,24.1075,1.54975,0.245833
1.977,19.6303,19.6303,1.72772,33.9156,34.9614,24.1199,1.72772,0.204167
1.9772,17.9317,17.9317,2,35.8634,34.9614,24.1389,2.00204,0.245833
1.9774,16.6632,16.6632,1.86525,31.0812,34.9614,24.1297,1.86525,0.2875
1.9776,19.2314,19.2314,1.54842,29.7782,34.9614,24.1075,1.54842,0.245833
1.9778,19.6309,19.6309,1.72766,33.9157,34.9614,24.1199,1.72766,0.204167
1.978,17.9319,17.9319,2,35.8637,34.9614,24.139,2.00246,0.245833
1.9782,16.6715,16.6715,1.86609,31.1106,34.9614,24.1297,1.86609,0.2875
1.9784,19.2343,19.2343,1.5497,29.8075,34.9614,24.1075,1.5497,0.245833
1.9786,19.6275,19.6275,1.72874,33.931,34.9614,24.12,1.72874,0.204167
1.9788,17.9366,17.9366,2,35.8733,34.9614,24.1388,2.0001,0.245833
1.979,16.6637,16.6637,1.86667,31.1056,34.9614,24.1296,1.86667,0.2875
1.9792,19.2353,19.2353,1.54564,29.7308,34.9614,24.1073,1.54564,0.245833
1.9794,19.6343,19.6343,1.72905,33.9487,34.9614,24.12,1.72905,0.204167
1.9796,17.9234,17.9234,2,35.8469,34.9614,24.1389,2.00249,0.245833
1.9798,16.6788,16.6788,1.86175,31.0517,34.9614,24.1293,1.86175,0.2875
1.98,19.2347,19.2347,1.55118,29.8364,34.9614,24.1077,1.55118,0.245833
1.9802,19.6262,19.6262,1.72814,33.9169,34.9614,24.1199,1.72814,0.204167
1.9804,17.9333,17.9333,2,35.8665,34.9614,24.1389,2.00173,0.245833
1.9806,16.6652,16.6652,1.86519,31.0837,34.9614,24.1295,1.86519,0.2875
1.9808,19.2315,19.2315,1.54839,29.7779,34.9614,24.1075,1.54839,0.245833
1.981,19.6309,19.6309,1.72768,33.9159,34.9614,24.1199,1.72768,0.204167
1.9812,17.9308,17.9308,2,35.8617,34.9614,24.1389,2.0024,0.245833
1.9814,16.6707,16.6707,1.86632,31.1129,34.9614,24.1296,1.86632,0.2875
1.9816,19.2263,19.2263,1.54954,29.792,34.9614,24.1075,1.54954,0.245833
1.9818,19.6263,19.6263,1.72895,33.9329,34.9614,24.12,1.72895,0.204167
1.982,17.934,17.934,2,35.868,34.9614,24.1388,2.00072,0.245833
1.9822,16.6787,16.6787,1.86593,31.1213,34.9614,24.1296,1.86593,0.2875
1.9824,19.2286,19.2286,1.5514,29.8314,34.9614,24.1077,1.5514,0.245833
1.9826,19.6324,19.6324,1.72709,33.9069,34.9614,24.1199,1.72709,0.204167
1.9828,17.9318,17.9318,2,35.8635,34.9614,24.1391,2.0042,0.245833
1.983,16.6712,16.6712,1.86644,31.1158,34.9614,24.1296,1.86644,0.2875
1.9832,19.2296,19.2296,1.54933,29.7932,34.9614,24.1075,1.54933,0.245833
1.9834,19.625,19.625,1.73078,33.9664,34.9614,24.1201,1.73078,0.204167
1.9836,17.9294,17.9294,1.99966,35.8527,34.9614,24.1387,1.99966,0.245833
1.9838,16.6755,16.6755,1.86612,31.1184,34.9614,24.1297,1.86612,0.2875
1.984,19.2267,19.2267,1.54925,29.787,34.9614,24.1075,1.54925,0.245833
1.9842,19.6314,19.6314,1.72745,33.9121,34.9614,24.1199,1.72745,0.204167
1.9844,17.9299,17.9299,2,35.8599,34.9614,24.139,2.00314,0.245833
1.9846,16.6664,16.6664,1.86561,31.093,34.9614,24.1295,1.86561,0.2875
1.9848,19.2318,19.2318,1.54918,29.7935,34.9614,24.1075,1.54918,0.245833
1.985,19.6314,19.6314,1.72742,33.9117,34.9614,24.1199,1.72742,0.204167
1.9852,17.9302,17.9302,2,35.8605,34.9614,24.139,2.00324,0.245833
1.9854,16.6745,16.6745,1.86441,31.0881,34.9614,24.1294,1.86441,0.2875
1.9856,19.2304,19.2304,1.54927,29.7931,34.9614,24.1075,1.54927,0.245833
1.9858,19.6247,19.6247,1.73123,33.9749,34.9614,24.1201,1.73123,0.204167
1.986,17.9295,17.9295,1.99963,35.8524,34.9614,24.1387,1.99963,0.245833
1.9862,16.6754,16.6754,1.86618,31.1193,34.9614,24.1297,1.86618,0.2875
1.9864,19.2238,19.2238,1.54988,29.7946,34.9614,24.1075,1.54988,0.245833
1.9866,19.6326,19.6326,1.72735,33.9124,34.9614,24.1199,1.72735,0.204167
1.9868,17.932,17.932,2,35.8639,34.9614,24.1389,2.00258,0.245833
1.987,16.6768,16.6768,1.86532,31.1075,34.9614,24.1295,1.86532,0.2875
1.9872,19.2331,19.2331,1.54877,29.7876,34.9614,24.1075,1.54877,0.245833
1.9874,19.6275,19.6275,1.72908,33.9375,34.9614,24.12,1.72908,0.204167
1.9876,17.9316,17.9316,2,35.8631,34.9614,24.1388,2.0002,0.245833
1.9878,16.6816,16.6816,1.86521,31.1147,34.9614,24.1297,1.86521,0.2875
1.988,19.23,19.23,1.55198,29.8447,34.9614,24.1077,1.55198,0.245833
1.9882,19.6243,19.6243,1.73069,33.9636,34.9614,24.1201,1.73069,0.204167
1.9884,17.9284,17.9284,2,35.8568,34.9614,24.1388,2.00072,0.245833
1.9886,16.674,16.674,1.86719,31.1335,34.9614,24.1297,1.86719,0.2875
1.9888,19.2296,19.2296,1.54771,29.7617,34.9614,24.1074,1.54771,0.245833
1.989,19.6325,19.6325,1.7301,33.9662,34.9614,24.1201,1.7301,0.204167
1.9892,17.9202,17.9202,2,35.8404,34.9614,24.1389,2.002,0.245833
1.9894,16.6758,16.6758,1.86478,31.0967,34.9614,24.1295,1.86478,0.2875
1.9896,19.2312,19.2312,1.54919,29.7927,34.9614,24.1075,1.54919,0.245833
1.9898,19.6298,19.6298,1.72879,33.9357,34.9614,24.12,1.72879,0.204167
1.99,17.9314,17.9314,2,35.8628,34.9614,24.1389,2.00176,0.245833
1.9902,16.6665,16.6665,1.86573,31.0952,34.9614,24.1297,1.86573,0.2875
1.9904,19.2333,19.2333,1.54897,29.7918,34.9614,24.1075,1.54897,0.245833
1.9906,19.6281,19.6281,1.72935,33.9438,34.9614,24.12,1.72935,0.204167
1.9908,17.9301,17.9301,2,35.8602,34.9614,24.1388,2.00049,0.245833
1.991,16.6743,16.6743,1.86785,31.1451,34.9614,24.1297,1.86785,0.2875
1.9912,19.2322,19.2322,1.54763,29.7644,34.9614,24.1074,1.54763,0.245833
1.9914,19.6324,19.6324,1.72937,33.9517,34.9614,24.12,1.72937,0.204167
1.9916,17.9275,17.9275,2,35.8549,34.9614,24.1389,2.00213,0.245833
1.9918,16.6771,16.6771,1.86307,31.0707,34.9614,24.1293,1.86307,0.2875
1.992,19.2283,19.2283,1.55166,29.8359,34.9614,24.1077,1.55166,0.245833
1.9922,19.6291,19.6291,1.72793,33.9176,34.9614,24.1199,1.72793,0.204167
1.9924,17.9268,17.9268,2,35.8536,34.9614,24.139,2.00388,0.245833
1.9926,16.6754,16.6754,1.86534,31.1052,34.9614,24.1295,1.86534,0.2875
1.9928,19.2317,19.2317,1.54937,29.797,34.9614,24.1075,1.54937,0.245833
1.993,19.6267,19.6267,1.72848,33.9244,34.9614,24.1199,1.72848,0.204167
1.9932,17.9398,17.9398,2,35.8795,34.9614,24.1389,2.00018,0.245833
1.9934,16.6655,16.6655,1.86775,31.1269,34.9614,24.1298,1.86775,0.2875
1.9936,19.2285,19.2285,1.54599,29.727,34.9614,24.1073,1.54599,0.245833
1.9938,19.6348,19.6348,1.72858,33.9403,34.9614,24.12,1.72858,0.204167
1.994,17.9272,17.9272,2,35.8544,34.9614,24.139,2.00367,0.245833
1.9942,16.677,16.677,1.86239,31.059,34.9614,24.1294,1.86239,0.2875
1.9944,19.2364,19.2364,1.55157,29.8465,34.9614,24.1077,1.55157,0.245833
1.9946,19.6261,19.6261,1.7284,33.9218,34.9614,24.12,1.7284,0.204167
1.9948,17.9276,17.9276,2,35.8552,34.9614,24.1391,2.00384,0.245833
1.995,16.6682,16.6682,1.86577,31.099,34.9614,24.1296,1.86577,0.2875
1.9952,19.2298,19.2298,1.5483,29.7734,34.9614,24.1075,1.5483,0.245833
1.9954,19.6315,19.6315,1.72858,33.9347,34.9614,24.12,1.72858,0.204167
1.9956,17.9217,17.9217,2,35.8433,34.9614,24.139,2.00362,0.245833
1.9958,16.6651,16.6651,1.86537,31.0864,34.9614,24.1296,1.86537,0.2875
1.996,19.2418,19.2418,1.54617,29.751,34.9614,24.1073,1.54617,0.245833
1.9962,19.6304,19.6304,1.72888,33.9386,34.9614,24.12,1.72888,0.204167
1.9964,17.9279,17.9279,2,35.8559,34.9614,24.1389,2.00198,0.245833
1.9966,16.6777,16.6777,1.86299,31.0704,34.9614,24.1293,1.86299,0.2875
1.9968,19.2337,19.2337,1.55159,29.8428,34.9614,24.1077,1.55159,0.245833
1.997,19.628,19.628,1.72749,33.907,34.9614,24.1199,1.72749,0.204167
1.9972,17.9322,17.9322,2,35.8644,34.9614,24.139,2.00272,0.245833
1.9974,16.6719,16.6719,1.86628,31.1144,34.9614,24.1295,1.86628,0.2875
1.9976,19.2278,19.2278,1.54825,29.7693,34.9614,24.1074,1.54825,0.245833
1.9978,19.6306,19.6306,1.72839,33.9293,34.9614,24.1199,1.72839,0.204167
1.998,17.9373,17.9373,2,35.8746,34.9614,24.139,2.00291,0.245833
1.9982,16.666,16.666,1.86591,31.0973,34.9614,24.1296,1.86591,0.2875
1.9984,19.2362,19.2362,1.54625,29.7439,34.9614,24.1073,1.54625,0.245833
1.9986,19.6309,19.6309,1.73065,33.9743,34.9614,24.1201,1.73065,0.204167
1.9988,17.9247,17.9247,2,35.8495,34.9614,24.1388,2.00053,0.245833
1.999,16.6714,16.6714,1.86801,31.1424,34.9614,24.1297,1.86801,0.2875
1.9992,19.2305,19.2305,1.54785,29.766,34.9614,24.1074,1.54785,0.245833
1.9994,19.6267,19.6267,1.73055,33.965,34.9614,24.1201,1.73055,0.204167
1.9996,17.9323,17.9323,2,35.8646,34.9614,24.1388,2.00037,0.245833
1.9998,16.6656,16.6656,1.86956,31.1575,34.9614,24.1298,1.86956,0.2875
2,19.2298,19.2298,1.54685,29.7456,34.9614,24.1073,1.54685,0.245833
