Time(s),V_pv_instant(V),V_mppt(V),I_pv(A),P_pv(W),P_ref(W),V_out(V),I_L(A),Duty
0.0002,20.7162,20.7162,2.67591,55.4348,85.0695,24.1835,2.67591,0.3
0.0004,11.9943,11.9943,5,59.9717,85.0695,24.4366,6.7113,0.566667
0.0006,11.553,11.553,3.17494,36.6802,85.0695,24.2164,3.17494,0.416667
0.0008,20.1917,20.1917,3.35422,67.7272,85.0695,24.2308,3.35422,0.266667
0.001,20.6594,20.6594,2.59762,53.6652,85.0695,24.18,2.59762,0.116667
0.0012,9.65982,9.65982,5,48.2991,85.0695,24.4461,7.16763,0.633274
0.0014,11.87,11.87,2.45906,29.1891,85.0695,24.1692,2.45906,0.416667
0.0016,20.0616,20.0616,3.55197,71.2583,85.0695,24.243,3.55197,0.304758
0.0018,19.0102,19.0102,4.36599,82.9985,85.0695,24.2993,4.36599,0.266667
0.002,18.3404,18.3404,4.60346,84.4293,85.0695,24.3124,4.60346,0.266667
0.0022,10.4113,10.4113,5,52.0564,85.0695,24.3875,5.8419,0.483274
0.0024,13.1389,13.1389,3.66705,48.1808,85.0695,24.2455,3.66705,0.459582
0.0026,20.2124,20.2124,3.27883,66.273,85.0695,24.2255,3.27883,0.221885
0.0028,19.2256,19.2256,4.24137,81.543,85.0695,24.2885,4.24137,0.266667
0.003,16.477,16.477,5,82.385,85.0695,24.3539,5.19008,0.341667
0.0032,4.82198,4.82198,5,24.1099,85.0695,24.3682,5.82463,0.609323
0.0034,20.7434,20.7434,1.98665,41.2099,85.0695,24.1358,1.98665,0.309582
0.0036,19.8598,19.8598,3.74679,74.4106,85.0695,24.2548,3.74679,0.285062
0.0038,18.8559,18.8559,4.44423,83.7999,85.0695,24.3014,4.44423,0.266667
0.004,19.4783,19.4783,3.91111,76.1816,85.0695,24.2692,3.91111,0.191667
0.0042,12.9045,12.9045,5,64.5225,85.0695,24.4014,5.98258,0.459323
0.0044,14.6047,14.6047,3.63859,53.1405,85.0695,24.2495,3.63859,0.372802
0.0046,19.3093,19.3093,4.22083,81.5013,85.0695,24.2895,4.22083,0.290886
0.0048,18.4451,18.4451,4.58541,84.5785,85.0695,24.3156,4.58541,0.266667
0.005,17.5265,17.5265,4.80621,84.2358,85.0695,24.3302,4.80621,0.293596
0.0052,17.0436,17.0436,4.79514,81.7263,85.0695,24.3294,4.79514,0.309323
0.0054,19.1607,19.1607,4.11499,78.8459,85.0695,24.2839,4.11499,0.222802
0.0056,18.0668,18.0668,4.77305,86.2336,85.0695,24.3279,4.77305,0.290861
0.0058,18.0821,18.0821,4.57513,82.728,85.0695,24.315,4.57513,0.266667
0.006,18.4147,18.4147,4.52807,83.3829,85.0695,24.3116,4.52807,0.261157
0.0062,19.8371,19.8371,3.57893,70.9954,85.0695,24.2475,3.57893,0.159323
0.0064,19.6914,19.6914,3.79579,74.7446,85.0695,24.2619,3.79579,0.212613
0.0066,18.8592,18.8592,4.43596,83.6585,85.0695,24.3049,4.43596,0.264497
0.0068,18.2807,18.2807,4.60991,84.2722,85.0695,24.3173,4.60991,0.266667
0.007,18.4502,18.4502,4.50179,83.0591,85.0695,24.3101,4.50179,0.255555
0.0072,17.2172,17.2172,4.91817,84.6772,85.0695,24.3377,4.91817,0.309323
0.0074,16.7932,16.7932,4.75304,79.8187,85.0695,24.3263,4.75304,0.314841
0.0076,18.2755,18.2755,4.52988,82.7856,85.0695,24.3114,4.52988,0.277823
0.0078,18.2979,18.2979,4.58734,83.9389,85.0695,24.3158,4.58734,0.266667
0.008,18.2325,18.2325,4.59312,83.7441,85.0695,24.3162,4.59312,0.265441
0.0082,15.05,15.05,5,75.25,85.0695,24.3597,5.26377,0.369095
0.0084,17.1741,17.1741,4.2463,72.9266,85.0695,24.2917,4.2463,0.318163
0.0086,18.055,18.055,4.78477,86.3888,85.0695,24.3285,4.78477,0.305341
0.0088,18.0816,18.0816,4.5716,82.6617,85.0695,24.3148,4.5716,0.266667
0.009,18.2132,18.2132,4.61027,83.9679,85.0695,24.3167,4.61027,0.271195
0.0092,15.912,15.912,5,79.5598,85.0695,24.35,5.11473,0.345197
0.0094,18.4455,18.4455,4.23195,78.0606,85.0695,24.2913,4.23195,0.270393
0.0096,19.0102,19.0102,4.28859,81.5268,85.0695,24.2955,4.28859,0.239669
0.0098,18.4138,18.4138,4.58615,84.4487,85.0695,24.3156,4.58615,0.266667
0.01,18.134,18.134,4.62456,83.8619,85.0695,24.3184,4.62456,0.270111
0.0102,18.2386,18.2386,4.57923,83.5186,85.0695,24.3153,4.57923,0.266667
0.0104,18.2325,18.2325,4.5992,83.8549,85.0695,24.3129,4.5992,0.268333
0.0106,18.1672,18.1672,4.6121,83.7889,85.0695,24.3166,4.6121,0.27
0.0108,18.1247,18.1247,4.62462,83.82,85.0695,24.3143,4.62462,0.271667
0.011,18.0802,18.0802,4.63509,83.8036,85.0695,24.314,4.63509,0.273333
0.0112,18.0373,18.0373,4.64665,83.8129,85.0695,24.3162,4.64665,0.275
0.0114,18.0906,18.0906,4.62502,83.6694,85.0695,24.3152,4.62502,0.273333
0.0116,18.1382,18.1382,4.61409,83.6911,85.0695,24.3155,4.61409,0.271667
0.0118,18.0979,18.0979,4.63257,83.8399,85.0695,24.315,4.63257,0.273333
0.012,18.0368,18.0368,4.648,83.8349,85.0695,24.3134,4.648,0.275
0.0122,18.0749,18.0749,4.6261,83.6163,85.0695,24.3145,4.6261,0.273333
0.0124,18.1435,18.1435,4.61674,83.7641,85.0695,24.3141,4.61674,0.271667
0.0126,18.0968,18.0968,4.63627,83.9015,85.0695,24.3182,4.63627,0.273333
0.0128,18.028,18.028,4.64798,83.7938,85.0695,24.3197,4.64798,0.275
0.013,18.0815,18.0815,4.62864,83.6929,85.0695,24.3144,4.62864,0.273333
0.0132,18.1268,18.1268,4.62107,83.7654,85.0695,24.3158,4.62107,0.271667
0.0134,18.0884,18.0884,4.63307,83.8047,85.0695,24.315,4.63307,0.273333
0.0136,18.0342,18.0342,4.64789,83.8208,85.0695,24.3182,4.64789,0.275
0.0138,18.0806,18.0806,4.62879,83.6915,85.0695,24.3144,4.62879,0.273333
0.014,18.1313,18.1313,4.61723,83.7167,85.0695,24.316,4.61723,0.271667
0.0142,18.0994,18.0994,4.63476,83.8863,85.0695,24.3168,4.63476,0.273333
0.0144,18.0362,18.0362,4.64842,83.8398,85.0695,24.3159,4.64842,0.275
0.0146,18.0792,18.0792,4.62896,83.688,85.0695,24.3144,4.62896,0.273333
0.0148,18.135,18.135,4.61789,83.7456,85.0695,24.314,4.61789,0.271667
0.015,18.0923,18.0923,4.63176,83.7989,85.0695,24.3151,4.63176,0.273333
0.0152,18.0378,18.0378,4.64762,83.8328,85.0695,24.3166,4.64762,0.275
0.0154,18.0942,18.0942,4.62444,83.6757,85.0695,24.3143,4.62444,0.273333
0.0156,18.1372,18.1372,4.61458,83.6957,85.0695,24.3155,4.61458,0.271667
0.0158,18.0964,18.0964,4.63589,83.8929,85.0695,24.3158,4.63589,0.273333
0.016,18.0414,18.0414,4.64563,83.8137,85.0695,24.3165,4.64563,0.275
0.0162,18.0923,18.0923,4.62536,83.6835,85.0695,24.3146,4.62536,0.273333
0.0164,18.1343,18.1343,4.61781,83.7406,85.0695,24.3139,4.61781,0.271667
0.0166,18.0884,18.0884,4.63442,83.8293,85.0695,24.3139,4.63442,0.273333
0.0168,18.0439,18.0439,4.64574,83.8274,85.0695,24.3175,4.64574,0.275
0.017,18.086,18.086,4.62871,83.715,85.0695,24.3148,4.62871,0.273333
0.0172,18.13,18.13,4.61767,83.7182,85.0695,24.316,4.61767,0.271667
0.0174,18.1013,18.1013,4.63389,83.8796,85.0695,24.315,4.63389,0.273333
0.0176,18.038,18.038,4.6469,83.8207,85.0695,24.3198,4.6469,0.275
0.0178,18.0867,18.0867,4.62917,83.7263,85.0695,24.3137,4.62917,0.273333
0.018,18.1314,18.1314,4.61614,83.697,85.0695,24.3161,4.61614,0.271667
0.0182,18.0973,18.0973,4.63159,83.8192,85.0695,24.3187,4.63159,0.273333
0.0184,18.042,18.042,4.64521,83.8091,85.0695,24.3197,4.64521,0.275
0.0186,18.0847,18.0847,4.6237,83.6181,85.0695,24.318,4.6237,0.273333
0.0188,18.1392,18.1392,4.6135,83.6854,85.0695,24.3173,4.6135,0.271667
0.019,18.0844,18.0844,4.63786,83.8732,85.0695,24.3191,4.63786,0.273333
0.0192,18.0343,18.0343,4.64569,83.7818,85.0695,24.3197,4.64569,0.275
0.0194,18.0909,18.0909,4.625,83.6705,85.0695,24.3181,4.625,0.273333
0.0196,18.1399,18.1399,4.61266,83.673,85.0695,24.3173,4.61266,0.271667
0.0198,18.0853,18.0853,4.63788,83.8775,85.0695,24.3191,4.63788,0.273333
0.02,18.034,18.034,4.64576,83.7817,85.0695,24.3197,4.64576,0.275
0.0202,18.0909,18.0909,4.62498,83.6701,85.0695,24.3181,4.62498,0.273333
0.0204,18.1399,18.1399,4.61266,83.6731,85.0695,24.3173,4.61266,0.271667
0.0206,18.0853,18.0853,4.63789,83.8775,85.0695,24.3191,4.63789,0.273333
0.0208,18.034,18.034,4.64575,83.7817,85.0695,24.3197,4.64575,0.275
0.021,18.0909,18.0909,4.62498,83.6701,85.0695,24.3181,4.62498,0.273333
0.0212,18.1399,18.1399,4.61266,83.6731,85.0695,24.3173,4.61266,0.271667
0.0214,18.0853,18.0853,4.63789,83.8775,85.0695,24.3191,4.63789,0.273333
0.0216,18.034,18.034,4.64575,83.7817,85.0695,24.3197,4.64575,0.275
0.0218,18.0909,18.0909,4.62498,83.6701,85.0695,24.3181,4.62498,0.273333
0.022,18.1399,18.1399,4.61266,83.6731,85.0695,24.3173,4.61266,0.271667
0.0222,18.0853,18.0853,4.63789,83.8775,85.0695,24.3191,4.63789,0.273333
0.0224,18.034,18.034,4.64575,83.7817,85.0695,24.3197,4.64575,0.275
0.0226,18.0909,18.0909,4.62498,83.6701,85.0695,24.3181,4.62498,0.273333
0.0228,18.1399,18.1399,4.61266,83.6731,85.0695,24.3173,4.61266,0.271667
0.023,18.0853,18.0853,4.63789,83.8775,85.0695,24.3191,4.63789,0.273333
0.0232,18.034,18.034,4.64575,83.7817,85.0695,24.3197,4.64575,0.275
0.0234,18.0909,18.0909,4.62498,83.6701,85.0695,24.3181,4.62498,0.273333
0.0236,18.1399,18.1399,4.61266,83.6731,85.0695,24.3173,4.61266,0.271667
0.0238,18.0853,18.0853,4.63789,83.8775,85.0695,24.3191,4.63789,0.273333
0.024,18.034,18.034,4.64575,83.7817,85.0695,24.3197,4.64575,0.275
0.0242,18.0909,18.0909,4.62498,83.6701,85.0695,24.3181,4.62498,0.273333
0.0244,18.1399,18.1399,4.61266,83.6731,85.0695,24.3173,4.61266,0.271667
0.0246,18.0853,18.0853,4.63789,83.8775,85.0695,24.3191,4.63789,0.273333
0.0248,18.034,18.034,4.64575,83.7817,85.0695,24.3197,4.64575,0.275
0.025,18.0909,18.0909,4.62498,83.6701,85.0695,24.3181,4.62498,0.273333
0.0252,18.1399,18.1399,4.61266,83.6731,85.0695,24.3173,4.61266,0.271667
0.0254,18.0853,18.0853,4.63789,83.8775,85.0695,24.3191,4.63789,0.273333
0.0256,18.034,18.034,4.64575,83.7817,85.0695,24.3197,4.64575,0.275
0.0258,18.0909,18.0909,4.62498,83.6701,85.0695,24.3181,4.62498,0.273333
0.026,18.1399,18.1399,4.61266,83.6731,85.0695,24.3173,4.61266,0.271667
0.0262,18.0853,18.0853,4.63789,83.8775,85.0695,24.3191,4.63789,0.273333
0.0264,18.034,18.034,4.64575,83.7817,85.0695,24.3197,4.64575,0.275
0.0266,18.0909,18.0909,4.62498,83.6701,85.0695,24.3181,4.62498,0.273333
0.0268,18.1399,18.1399,4.61266,83.6731,85.0695,24.3173,4.61266,0.271667
0.027,18.0853,18.0853,4.63789,83.8775,85.0695,24.3191,4.63789,0.273333
0.0272,18.034,18.034,4.64575,83.7817,85.0695,24.3197,4.64575,0.275
0.0274,18.0909,18.0909,4.62498,83.6701,85.0695,24.3181,4.62498,0.273333
0.0276,18.1399,18.1399,4.61266,83.6731,85.0695,24.3173,4.61266,0.271667
0.0278,18.0853,18.0853,4.63789,83.8775,85.0695,24.3191,4.63789,0.273333
0.028,18.034,18.034,4.64575,83.7817,85.0695,24.3197,4.64575,0.275
0.0282,18.0909,18.0909,4.62498,83.6701,85.0695,24.3181,4.62498,0.273333
0.0284,18.1399,18.1399,4.61266,83.6731,85.0695,24.3173,4.61266,0.271667
0.0286,18.0853,18.0853,4.63789,83.8775,85.0695,24.3191,4.63789,0.273333
0.0288,18.034,18.034,4.64575,83.7817,85.0695,24.3197,4.64575,0.275
0.029,18.0909,18.0909,4.62498,83.6701,85.0695,24.3181,4.62498,0.273333
0.0292,18.1399,18.1399,4.61266,83.6731,85.0695,24.3173,4.61266,0.271667
0.0294,18.0853,18.0853,4.63789,83.8775,85.0695,24.3191,4.63789,0.273333
0.0296,18.034,18.034,4.64575,83.7817,85.0695,24.3197,4.64575,0.275
0.0298,18.0909,18.0909,4.62498,83.6701,85.0695,24.3181,4.62498,0.273333
0.03,18.1399,18.1399,4.61266,83.6731,85.0695,24.3173,4.61266,0.271667
0.0302,18.0853,18.0853,4.63789,83.8775,85.0695,24.3191,4.63789,0.273333
0.0304,18.034,18.034,4.64575,83.7817,85.0695,24.3197,4.64575,0.275
0.0306,18.0909,18.0909,4.62498,83.6701,85.0695,24.3181,4.62498,0.273333
0.0308,18.1399,18.1399,4.61266,83.6731,85.0695,24.3173,4.61266,0.271667
0.031,18.0853,18.0853,4.63789,83.8775,85.0695,24.3191,4.63789,0.273333
0.0312,18.034,18.034,4.64575,83.7817,85.0695,24.3197,4.64575,0.275
0.0314,18.0909,18.0909,4.62498,83.6701,85.0695,24.3181,4.62498,0.273333
0.0316,18.1399,18.1399,4.61266,83.6731,85.0695,24.3173,4.61266,0.271667
0.0318,18.0853,18.0853,4.63789,83.8775,85.0695,24.3191,4.63789,0.273333
0.032,18.034,18.034,4.64575,83.7817,85.0695,24.3197,4.64575,0.275
0.0322,18.0909,18.0909,4.62498,83.6701,85.0695,24.3181,4.62498,0.273333
0.0324,18.1399,18.1399,4.61266,83.6731,85.0695,24.3173,4.61266,0.271667
0.0326,18.0853,18.0853,4.63789,83.8775,85.0695,24.3191,4.63789,0.273333
0.0328,18.034,18.034,4.64575,83.7817,85.0695,24.3197,4.64575,0.275
0.033,18.0909,18.0909,4.62498,83.6701,85.0695,24.3181,4.62498,0.273333
0.0332,18.1399,18.1399,4.61266,83.6731,85.0695,24.3173,4.61266,0.271667
0.0334,18.0853,18.0853,4.63789,83.8775,85.0695,24.3191,4.63789,0.273333
0.0336,18.034,18.034,4.64575,83.7817,85.0695,24.3197,4.64575,0.275
0.0338,18.0909,18.0909,4.62498,83.6701,85.0695,24.3181,4.62498,0.273333
0.034,18.1399,18.1399,4.61266,83.6731,85.0695,24.3173,4.61266,0.271667
0.0342,18.0853,18.0853,4.63789,83.8775,85.0695,24.3191,4.63789,0.273333
0.0344,18.034,18.034,4.64575,83.7817,85.0695,24.3197,4.64575,0.275
0.0346,18.0909,18.0909,4.62498,83.6701,85.0695,24.3181,4.62498,0.273333
0.0348,18.1399,18.1399,4.61266,83.6731,85.0695,24.3173,4.61266,0.271667
0.035,18.0853,18.0853,4.63789,83.8775,85.0695,24.3191,4.63789,0.273333
0.0352,18.034,18.034,4.64575,83.7817,85.0695,24.3197,4.64575,0.275
0.0354,18.0909,18.0909,4.62498,83.6701,85.0695,24.3181,4.62498,0.273333
0.0356,18.1399,18.1399,4.61266,83.6731,85.0695,24.3173,4.61266,0.271667
0.0358,18.0853,18.0853,4.63789,83.8775,85.0695,24.3191,4.63789,0.273333
0.036,18.034,18.034,4.64575,83.7817,85.0695,24.3197,4.64575,0.275
0.0362,18.0909,18.0909,4.62498,83.6701,85.0695,24.3181,4.62498,0.273333
0.0364,18.1399,18.1399,4.61266,83.6731,85.0695,24.3173,4.61266,0.271667
0.0366,18.0853,18.0853,4.63789,83.8775,85.0695,24.3191,4.63789,0.273333
0.0368,18.034,18.034,4.64575,83.7817,85.0695,24.3197,4.64575,0.275
0.037,18.0909,18.0909,4.62498,83.6701,85.0695,24.3181,4.62498,0.273333
0.0372,18.1399,18.1399,4.61266,83.6731,85.0695,24.3173,4.61266,0.271667
0.0374,18.0853,18.0853,4.63789,83.8775,85.0695,24.3191,4.63789,0.273333
0.0376,18.034,18.034,4.64575,83.7817,85.0695,24.3197,4.64575,0.275
0.0378,18.0909,18.0909,4.62498,83.6701,85.0695,24.3181,4.62498,0.273333
0.038,18.1399,18.1399,4.61266,83.6731,85.0695,24.3173,4.61266,0.271667
0.0382,18.0853,18.0853,4.63789,83.8775,85.0695,24.3191,4.63789,0.273333
0.0384,18.034,18.034,4.64575,83.7817,85.0695,24.3197,4.64575,0.275
0.0386,18.0909,18.0909,4.62498,83.6701,85.0695,24.3181,4.62498,0.273333
0.0388,18.1399,18.1399,4.61266,83.6731,85.0695,24.3173,4.61266,0.271667
0.039,18.0853,18.0853,4.63789,83.8775,85.0695,24.3191,4.63789,0.273333
0.0392,18.034,18.034,4.64575,83.7817,85.0695,24.3197,4.64575,0.275
0.0394,18.0909,18.0909,4.62498,83.6701,85.0695,24.3181,4.62498,0.273333
0.0396,18.1399,18.1399,4.61266,83.6731,85.0695,24.3173,4.61266,0.271667
0.0398,18.0853,18.0853,4.63789,83.8775,85.0695,24.3191,4.63789,0.273333
0.04,18.034,18.034,4.64575,83.7817,85.0695,24.3197,4.64575,0.275
0.0402,18.0909,18.0909,4.62498,83.6701,85.0695,24.3181,4.62498,0.273333
0.0404,18.1399,18.1399,4.61266,83.6731,85.0695,24.3173,4.61266,0.271667
0.0406,18.0853,18.0853,4.63789,83.8775,85.0695,24.3191,4.63789,0.273333
0.0408,18.034,18.034,4.64575,83.7817,85.0695,24.3197,4.64575,0.275
0.041,18.0909,18.0909,4.62498,83.6701,85.0695,24.3181,4.62498,0.273333
0.0412,18.1399,18.1399,4.61266,83.6731,85.0695,24.3173,4.61266,0.271667
0.0414,18.0853,18.0853,4.63789,83.8775,85.0695,24.3191,4.63789,0.273333
0.0416,18.034,18.034,4.64575,83.7817,85.0695,24.3197,4.64575,0.275
0.0418,18.0909,18.0909,4.62498,83.6701,85.0695,24.3181,4.62498,0.273333
0.042,18.1399,18.1399,4.61266,83.6731,85.0695,24.3173,4.61266,0.271667
0.0422,18.0853,18.0853,4.63789,83.8775,85.0695,24.3191,4.63789,0.273333
0.0424,18.034,18.034,4.64575,83.7817,85.0695,24.3197,4.64575,0.275
0.0426,18.0909,18.0909,4.62498,83.6701,85.0695,24.3181,4.62498,0.273333
0.0428,18.1399,18.1399,4.61266,83.6731,85.0695,24.3173,4.61266,0.271667
0.043,18.0853,18.0853,4.63789,83.8775,85.0695,24.3191,4.63789,0.273333
0.0432,18.034,18.034,4.64575,83.7817,85.0695,24.3197,4.64575,0.275
0.0434,18.0909,18.0909,4.62498,83.6701,85.0695,24.3181,4.62498,0.273333
0.0436,18.1399,18.1399,4.61266,83.6731,85.0695,24.3173,4.61266,0.271667
0.0438,18.0853,18.0853,4.63789,83.8775,85.0695,24.3191,4.63789,0.273333
0.044,18.034,18.034,4.64575,83.7817,85.0695,24.3197,4.64575,0.275
0.0442,18.0909,18.0909,4.62498,83.6701,85.0695,24.3181,4.62498,0.273333
0.0444,18.1399,18.1399,4.61266,83.6731,85.0695,24.3173,4.61266,0.271667
0.0446,18.0853,18.0853,4.63789,83.8775,85.0695,24.3191,4.63789,0.273333
0.0448,18.034,18.034,4.64575,83.7817,85.0695,24.3197,4.64575,0.275
0.045,18.0909,18.0909,4.62498,83.6701,85.0695,24.3181,4.62498,0.273333
0.0452,18.1399,18.1399,4.61266,83.6731,85.0695,24.3173,4.61266,0.271667
0.0454,18.0853,18.0853,4.63789,83.8775,85.0695,24.3191,4.63789,0.273333
0.0456,18.034,18.034,4.64575,83.7817,85.0695,24.3197,4.64575,0.275
0.0458,18.0909,18.0909,4.62498,83.6701,85.0695,24.3181,4.62498,0.273333
0.046,18.1399,18.1399,4.61266,83.6731,85.0695,24.3173,4.61266,0.271667
0.0462,18.0853,18.0853,4.63789,83.8775,85.0695,24.3191,4.63789,0.273333
0.0464,18.034,18.034,4.64575,83.7817,85.0695,24.3197,4.64575,0.275
0.0466,18.0909,18.0909,4.62498,83.6701,85.0695,24.3181,4.62498,0.273333
0.0468,18.1399,18.1399,4.61266,83.6731,85.0695,24.3173,4.61266,0.271667
0.047,18.0853,18.0853,4.63789,83.8775,85.0695,24.3191,4.63789,0.273333
0.0472,18.034,18.034,4.64575,83.7817,85.0695,24.3197,4.64575,0.275
0.0474,18.0909,18.0909,4.62498,83.6701,85.0695,24.3181,4.62498,0.273333
0.0476,18.1399,18.1399,4.61266,83.6731,85.0695,24.3173,4.61266,0.271667
0.0478,18.0853,18.0853,4.63789,83.8775,85.0695,24.3191,4.63789,0.273333
0.048,18.034,18.034,4.64575,83.7817,85.0695,24.3197,4.64575,0.275
0.0482,18.0909,18.0909,4.62498,83.6701,85.0695,24.3181,4.62498,0.273333
0.0484,18.1399,18.1399,4.61266,83.6731,85.0695,24.3173,4.61266,0.271667
0.0486,18.0853,18.0853,4.63789,83.8775,85.0695,24.3191,4.63789,0.273333
0.0488,18.034,18.034,4.64575,83.7817,85.0695,24.3197,4.64575,0.275
0.049,18.0909,18.0909,4.62498,83.6701,85.0695,24.3181,4.62498,0.273333
0.0492,18.1399,18.1399,4.61266,83.6731,85.0695,24.3173,4.61266,0.271667
0.0494,18.0853,18.0853,4.63789,83.8775,85.0695,24.3191,4.63789,0.273333
0.0496,18.034,18.034,4.64575,83.7817,85.0695,24.3197,4.64575,0.275
0.0498,18.0909,18.0909,4.62498,83.6701,85.0695,24.3181,4.62498,0.273333
0.05,18.1399,18.1399,4.61266,83.6731,85.0695,24.3173,4.61266,0.271667
0.0502,18.0853,18.0853,4.63789,83.8775,85.0695,24.3191,4.63789,0.273333
0.0504,18.034,18.034,4.64575,83.7817,85.0695,24.3197,4.64575,0.275
0.0506,18.0909,18.0909,4.62498,83.6701,85.0695,24.3181,4.62498,0.273333
0.0508,18.1399,18.1399,4.61266,83.6731,85.0695,24.3173,4.61266,0.271667
0.051,18.0853,18.0853,4.63789,83.8775,85.0695,24.3191,4.63789,0.273333
0.0512,18.034,18.034,4.64575,83.7817,85.0695,24.3197,4.64575,0.275
0.0514,18.0909,18.0909,4.62498,83.6701,85.0695,24.3181,4.62498,0.273333
0.0516,18.1399,18.1399,4.61266,83.6731,85.0695,24.3173,4.61266,0.271667
0.0518,18.0853,18.0853,4.63789,83.8775,85.0695,24.3191,4.63789,0.273333
0.052,18.034,18.034,4.64575,83.7817,85.0695,24.3197,4.64575,0.275
0.0522,18.0909,18.0909,4.62498,83.6701,85.0695,24.3181,4.62498,0.273333
0.0524,18.1399,18.1399,4.61266,83.6731,85.0695,24.3173,4.61266,0.271667
0.0526,18.0853,18.0853,4.63789,83.8775,85.0695,24.3191,4.63789,0.273333
0.0528,18.034,18.034,4.64575,83.7817,85.0695,24.3197,4.64575,0.275
0.053,18.0909,18.0909,4.62498,83.6701,85.0695,24.3181,4.62498,0.273333
0.0532,18.1399,18.1399,4.61266,83.6731,85.0695,24.3173,4.61266,0.271667
0.0534,18.0853,18.0853,4.63789,83.8775,85.0695,24.3191,4.63789,0.273333
0.0536,18.034,18.034,4.64575,83.7817,85.0695,24.3197,4.64575,0.275
0.0538,18.0909,18.0909,4.62498,83.6701,85.0695,24.3181,4.62498,0.273333
0.054,18.1399,18.1399,4.61266,83.6731,85.0695,24.3173,4.61266,0.271667
0.0542,18.0853,18.0853,4.63789,83.8775,85.0695,24.3191,4.63789,0.273333
0.0544,18.034,18.034,4.64575,83.7817,85.0695,24.3197,4.64575,0.275
0.0546,18.0909,18.0909,4.62498,83.6701,85.0695,24.3181,4.62498,0.273333
0.0548,18.1399,18.1399,4.61266,83.6731,85.0695,24.3173,4.61266,0.271667
0.055,18.0853,18.0853,4.63789,83.8775,85.0695,24.3191,4.63789,0.273333
0.0552,18.034,18.034,4.64575,83.7817,85.0695,24.3197,4.64575,0.275
0.0554,18.0909,18.0909,4.62498,83.6701,85.0695,24.3181,4.62498,0.273333
0.0556,18.1399,18.1399,4.61266,83.6731,85.0695,24.3173,4.61266,0.271667
0.0558,18.0853,18.0853,4.63789,83.8775,85.0695,24.3191,4.63789,0.273333
0.056,18.034,18.034,4.64575,83.7817,85.0695,24.3197,4.64575,0.275
0.0562,18.0909,18.0909,4.62498,83.6701,85.0695,24.3181,4.62498,0.273333
0.0564,18.1399,18.1399,4.61266,83.6731,85.0695,24.3173,4.61266,0.271667
0.0566,18.0853,18.0853,4.63789,83.8775,85.0695,24.3191,4.63789,0.273333
0.0568,18.034,18.034,4.64575,83.7817,85.0695,24.3197,4.64575,0.275
0.057,18.0909,18.0909,4.62498,83.6701,85.0695,24.3181,4.62498,0.273333
0.0572,18.1399,18.1399,4.61266,83.6731,85.0695,24.3173,4.61266,0.271667
0.0574,18.0853,18.0853,4.63789,83.8775,85.0695,24.3191,4.63789,0.273333
0.0576,18.034,18.034,4.64575,83.7817,85.0695,24.3197,4.64575,0.275
0.0578,18.0909,18.0909,4.62498,83.6701,85.0695,24.3181,4.62498,0.273333
0.058,18.1399,18.1399,4.61266,83.6731,85.0695,24.3173,4.61266,0.271667
0.0582,18.0853,18.0853,4.63789,83.8775,85.0695,24.3191,4.63789,0.273333
0.0584,18.034,18.034,4.64575,83.7817,85.0695,24.3197,4.64575,0.275
0.0586,18.0909,18.0909,4.62498,83.6701,85.0695,24.3181,4.62498,0.273333
0.0588,18.1399,18.1399,4.61266,83.6731,85.0695,24.3173,4.61266,0.271667
0.059,18.0853,18.0853,4.63789,83.8775,85.0695,24.3191,4.63789,0.273333
0.0592,18.034,18.034,4.64575,83.7817,85.0695,24.3197,4.64575,0.275
0.0594,18.0909,18.0909,4.62498,83.6701,85.0695,24.3181,4.62498,0.273333
0.0596,18.1399,18.1399,4.61266,83.6731,85.0695,24.3173,4.61266,0.271667
0.0598,18.0853,18.0853,4.63789,83.8775,85.0695,24.3191,4.63789,0.273333
0.06,18.034,18.034,4.64575,83.7817,85.0695,24.3197,4.64575,0.275
0.0602,18.0909,18.0909,4.62498,83.6701,85.0695,24.3181,4.62498,0.273333
0.0604,18.1399,18.1399,4.61266,83.6731,85.0695,24.3173,4.61266,0.271667
0.0606,18.0853,18.0853,4.63789,83.8775,85.0695,24.3191,4.63789,0.273333
0.0608,18.034,18.034,4.64575,83.7817,85.0695,24.3197,4.64575,0.275
0.061,18.0909,18.0909,4.62498,83.6701,85.0695,24.3181,4.62498,0.273333
0.0612,18.1399,18.1399,4.61266,83.6731,85.0695,24.3173,4.61266,0.271667
0.0614,18.0853,18.0853,4.63789,83.8775,85.0695,24.3191,4.63789,0.273333
0.0616,18.034,18.034,4.64575,83.7817,85.0695,24.3197,4.64575,0.275
0.0618,18.0909,18.0909,4.62498,83.6701,85.0695,24.3181,4.62498,0.273333
0.062,18.1399,18.1399,4.61266,83.6731,85.0695,24.3173,4.61266,0.271667
0.0622,18.0853,18.0853,4.63789,83.8775,85.0695,24.3191,4.63789,0.273333
0.0624,18.034,18.034,4.64575,83.7817,85.0695,24.3197,4.64575,0.275
0.0626,18.0909,18.0909,4.62498,83.6701,85.0695,24.3181,4.62498,0.273333
0.0628,18.1399,18.1399,4.61266,83.6731,85.0695,24.3173,4.61266,0.271667
0.063,18.0853,18.0853,4.63789,83.8775,85.0695,24.3191,4.63789,0.273333
0.0632,18.034,18.034,4.64575,83.7817,85.0695,24.3197,4.64575,0.275
0.0634,18.0909,18.0909,4.62498,83.6701,85.0695,24.3181,4.62498,0.273333
0.0636,18.1399,18.1399,4.61266,83.6731,85.0695,24.3173,4.61266,0.271667
0.0638,18.0853,18.0853,4.63789,83.8775,85.0695,24.3191,4.63789,0.273333
0.064,18.034,18.034,4.64575,83.7817,85.0695,24.3197,4.64575,0.275
0.0642,18.0909,18.0909,4.62498,83.6701,85.0695,24.3181,4.62498,0.273333
0.0644,18.1399,18.1399,4.61266,83.6731,85.0695,24.3173,4.61266,0.271667
0.0646,18.0853,18.0853,4.63789,83.8775,85.0695,24.3191,4.63789,0.273333
0.0648,18.034,18.034,4.64575,83.7817,85.0695,24.3197,4.64575,0.275
0.065,18.0909,18.0909,4.62498,83.6701,85.0695,24.3181,4.62498,0.273333
0.0652,18.1399,18.1399,4.61266,83.6731,85.0695,24.3173,4.61266,0.271667
0.0654,18.0853,18.0853,4.63789,83.8775,85.0695,24.3191,4.63789,0.273333
0.0656,18.034,18.034,4.64575,83.7817,85.0695,24.3197,4.64575,0.275
0.0658,18.0909,18.0909,4.62498,83.6701,85.0695,24.3181,4.62498,0.273333
0.066,18.1399,18.1399,4.61266,83.6731,85.0695,24.3173,4.61266,0.271667
0.0662,18.0853,18.0853,4.63789,83.8775,85.0695,24.3191,4.63789,0.273333
0.0664,18.034,18.034,4.64575,83.7817,85.0695,24.3197,4.64575,0.275
0.0666,18.0909,18.0909,4.62498,83.6701,85.0695,24.3181,4.62498,0.273333
0.0668,18.1399,18.1399,4.61266,83.6731,85.0695,24.3173,4.61266,0.271667
0.067,18.0853,18.0853,4.63789,83.8775,85.0695,24.3191,4.63789,0.273333
0.0672,18.034,18.034,4.64575,83.7817,85.0695,24.3197,4.64575,0.275
0.0674,18.0909,18.0909,4.62498,83.6701,85.0695,24.3181,4.62498,0.273333
0.0676,18.1399,18.1399,4.61266,83.6731,85.0695,24.3173,4.61266,0.271667
0.0678,18.0853,18.0853,4.63789,83.8775,85.0695,24.3191,4.63789,0.273333
0.068,18.034,18.034,4.64575,83.7817,85.0695,24.3197,4.64575,0.275
0.0682,18.0909,18.0909,4.62498,83.6701,85.0695,24.3181,4.62498,0.273333
0.0684,18.1399,18.1399,4.61266,83.6731,85.0695,24.3173,4.61266,0.271667
0.0686,18.0853,18.0853,4.63789,83.8775,85.0695,24.3191,4.63789,0.273333
0.0688,18.034,18.034,4.64575,83.7817,85.0695,24.3197,4.64575,0.275
0.069,18.0909,18.0909,4.62498,83.6701,85.0695,24.3181,4.62498,0.273333
0.0692,18.1399,18.1399,4.61266,83.6731,85.0695,24.3173,4.61266,0.271667
0.0694,18.0853,18.0853,4.63789,83.8775,85.0695,24.3191,4.63789,0.273333
0.0696,18.034,18.034,4.64575,83.7817,85.0695,24.3197,4.64575,0.275
0.0698,18.0909,18.0909,4.62498,83.6701,85.0695,24.3181,4.62498,0.273333
0.07,18.1399,18.1399,4.61266,83.6731,85.0695,24.3173,4.61266,0.271667
0.0702,18.0853,18.0853,4.63789,83.8775,85.0695,24.3191,4.63789,0.273333
0.0704,18.034,18.034,4.64575,83.7817,85.0695,24.3197,4.64575,0.275
0.0706,18.0909,18.0909,4.62498,83.6701,85.0695,24.3181,4.62498,0.273333
0.0708,18.1399,18.1399,4.61266,83.6731,85.0695,24.3173,4.61266,0.271667
0.071,18.0853,18.0853,4.63789,83.8775,85.0695,24.3191,4.63789,0.273333
0.0712,18.034,18.034,4.64575,83.7817,85.0695,24.3197,4.64575,0.275
0.0714,18.0909,18.0909,4.62498,83.6701,85.0695,24.3181,4.62498,0.273333
0.0716,18.1399,18.1399,4.61266,83.6731,85.0695,24.3173,4.61266,0.271667
0.0718,18.0853,18.0853,4.63789,83.8775,85.0695,24.3191,4.63789,0.273333
0.072,18.0341,18.0341,4.64706,83.8054,85.0695,24.3166,4.64706,0.275
0.0722,18.096,18.096,4.62247,83.6482,85.0695,24.318,4.62247,0.273333
0.0724,18.1353,18.1353,4.61782,83.7456,85.0695,24.3139,4.61782,0.271667
0.0726,18.0909,18.0909,4.63211,83.7991,85.0695,24.3135,4.63211,0.273333
0.0728,18.0411,18.0411,4.64418,83.7861,85.0695,24.3194,4.64418,0.275
0.073,18.0891,18.0891,4.62789,83.7145,85.0695,24.3171,4.62789,0.273333
0.0732,18.1348,18.1348,4.61663,83.7216,85.0695,24.3134,4.61663,0.271667
0.0734,18.0867,18.0867,4.63488,83.8298,85.0695,24.3181,4.63488,0.273333
0.0736,18.0326,18.0326,4.64775,83.8109,85.0695,24.3182,4.64775,0.275
0.0738,18.0803,18.0803,4.62902,83.6943,85.0695,24.3144,4.62902,0.273333
0.074,18.1327,18.1327,4.61955,83.7651,85.0695,24.3116,4.61955,0.271667
0.0742,18.0799,18.0799,4.63787,83.8522,85.0695,24.3178,4.63787,0.273333
0.0744,18.0394,18.0394,4.64641,83.8182,85.0695,24.316,4.64641,0.275
0.0746,18.0903,18.0903,4.6252,83.671,85.0695,24.3153,4.6252,0.273333
0.0748,18.1389,18.1389,4.61388,83.6907,85.0695,24.3155,4.61388,0.271667
0.075,18.098,18.098,4.63261,83.841,85.0695,24.315,4.63261,0.273333
0.0752,18.0367,18.0367,4.64801,83.8346,85.0695,24.3134,4.64801,0.275
0.0754,18.0749,18.0749,4.6261,83.6162,85.0695,24.3145,4.6261,0.273333
0.0756,18.1442,18.1442,4.61666,83.7656,85.0695,24.3141,4.61666,0.271667
0.0758,18.0967,18.0967,4.63632,83.9021,85.0695,24.3182,4.63632,0.273333
0.076,18.0288,18.0288,4.64825,83.8022,85.0695,24.3182,4.64825,0.275
0.0762,18.0541,18.0541,4.63039,83.5978,85.0695,24.3149,4.63039,0.273333
0.0764,18.1327,18.1327,4.61532,83.688,85.0695,24.3139,4.61532,0.271667
0.0766,18.177,18.177,4.60789,83.7579,85.0695,24.3134,4.60789,0.27
0.0768,18.1257,18.1257,4.62348,83.804,85.0695,24.3166,4.62348,0.271667
0.077,18.0828,18.0828,4.63338,83.7845,85.0695,24.3152,4.63338,0.273333
0.0772,18.0493,18.0493,4.64264,83.7964,85.0695,24.3194,4.64264,0.275
0.0774,18.0939,18.0939,4.62812,83.741,85.0695,24.3143,4.62812,0.273333
0.0776,18.1385,18.1385,4.61421,83.6949,85.0695,24.3138,4.61421,0.271667
0.0778,18.0936,18.0936,4.63337,83.8343,85.0695,24.3149,4.63337,0.273333
0.078,18.0447,18.0447,4.64597,83.835,85.0695,24.3176,4.64597,0.275
0.0782,18.0897,18.0897,4.62581,83.6797,85.0695,24.3144,4.62581,0.273333
0.0784,18.1353,18.1353,4.6184,83.7561,85.0695,24.3156,4.6184,0.271667
0.0786,18.0936,18.0936,4.63583,83.8787,85.0695,24.3154,4.63583,0.273333
0.0788,18.0408,18.0408,4.64395,83.7805,85.0695,24.3193,4.64395,0.275
0.079,18.0866,18.0866,4.6293,83.7282,85.0695,24.3147,4.6293,0.273333
0.0792,18.1313,18.1313,4.61614,83.6966,85.0695,24.3161,4.61614,0.271667
0.0794,18.0973,18.0973,4.63318,83.8482,85.0695,24.3149,4.63318,0.273333
0.0796,18.0476,18.0476,4.64313,83.7976,85.0695,24.3193,4.64313,0.275
0.0798,18.0938,18.0938,4.62799,83.7381,85.0695,24.3143,4.62799,0.273333
0.08,18.1379,18.1379,4.61439,83.6954,85.0695,24.3138,4.61439,0.271667
0.0802,18.0935,18.0935,4.63333,83.8333,85.0695,24.3149,4.63333,0.273333
0.0804,18.0447,18.0447,4.64596,83.8352,85.0695,24.3176,4.64596,0.275
0.0806,18.0897,18.0897,4.62582,83.6798,85.0695,24.3144,4.62582,0.273333
0.0808,18.1353,18.1353,4.6184,83.7561,85.0695,24.3156,4.6184,0.271667
0.081,18.0936,18.0936,4.63583,83.8787,85.0695,24.3154,4.63583,0.273333
0.0812,18.0408,18.0408,4.64395,83.7805,85.0695,24.3193,4.64395,0.275
0.0814,18.0866,18.0866,4.6293,83.7282,85.0695,24.3147,4.6293,0.273333
0.0816,18.1313,18.1313,4.61614,83.6966,85.0695,24.3161,4.61614,0.271667
0.0818,18.0973,18.0973,4.63318,83.8482,85.0695,24.3149,4.63318,0.273333
0.082,18.0476,18.0476,4.64313,83.7976,85.0695,24.3193,4.64313,0.275
0.0822,18.0938,18.0938,4.62799,83.7381,85.0695,24.3143,4.62799,0.273333
0.0824,18.1379,18.1379,4.61439,83.6954,85.0695,24.3138,4.61439,0.271667
0.0826,18.0935,18.0935,4.63333,83.8333,85.0695,24.3149,4.63333,0.273333
0.0828,18.0447,18.0447,4.64596,83.8352,85.0695,24.3176,4.64596,0.275
0.083,18.0897,18.0897,4.62582,83.6798,85.0695,24.3144,4.62582,0.273333
0.0832,18.1353,18.1353,4.6184,83.7561,85.0695,24.3156,4.6184,0.271667
0.0834,18.0936,18.0936,4.63583,83.8787,85.0695,24.3154,4.63583,0.273333
0.0836,18.0408,18.0408,4.64395,83.7805,85.0695,24.3193,4.64395,0.275
0.0838,18.0866,18.0866,4.6293,83.7282,85.0695,24.3147,4.6293,0.273333
0.084,18.1313,18.1313,4.61614,83.6966,85.0695,24.3161,4.61614,0.271667
0.0842,18.0973,18.0973,4.63318,83.8482,85.0695,24.3149,4.63318,0.273333
0.0844,18.0476,18.0476,4.64313,83.7976,85.0695,24.3193,4.64313,0.275
0.0846,18.0938,18.0938,4.62799,83.7381,85.0695,24.3143,4.62799,0.273333
0.0848,18.1379,18.1379,4.61439,83.6954,85.0695,24.3138,4.61439,0.271667
0.085,18.0935,18.0935,4.63333,83.8333,85.0695,24.3149,4.63333,0.273333
0.0852,18.0447,18.0447,4.64596,83.8352,85.0695,24.3176,4.64596,0.275
0.0854,18.0897,18.0897,4.62582,83.6798,85.0695,24.3144,4.62582,0.273333
0.0856,18.1353,18.1353,4.6184,83.7561,85.0695,24.3156,4.6184,0.271667
0.0858,18.0936,18.0936,4.63583,83.8787,85.0695,24.3154,4.63583,0.273333
0.086,18.0408,18.0408,4.64395,83.7805,85.0695,24.3193,4.64395,0.275
0.0862,18.0866,18.0866,4.6293,83.7282,85.0695,24.3147,4.6293,0.273333
0.0864,18.1313,18.1313,4.61614,83.6966,85.0695,24.3161,4.61614,0.271667
0.0866,18.0973,18.0973,4.63318,83.8482,85.0695,24.3149,4.63318,0.273333
0.0868,18.0476,18.0476,4.64313,83.7976,85.0695,24.3193,4.64313,0.275
0.087,18.0938,18.0938,4.62799,83.7381,85.0695,24.3143,4.62799,0.273333
0.0872,18.1379,18.1379,4.61439,83.6954,85.0695,24.3138,4.61439,0.271667
0.0874,18.0935,18.0935,4.63333,83.8333,85.0695,24.3149,4.63333,0.273333
0.0876,18.0447,18.0447,4.64596,83.8352,85.0695,24.3176,4.64596,0.275
0.0878,18.0897,18.0897,4.62582,83.6798,85.0695,24.3144,4.62582,0.273333
0.088,18.1353,18.1353,4.6184,83.7561,85.0695,24.3156,4.6184,0.271667
0.0882,18.0936,18.0936,4.63583,83.8787,85.0695,24.3154,4.63583,0.273333
0.0884,18.0408,18.0408,4.64395,83.7805,85.0695,24.3193,4.64395,0.275
0.0886,18.0866,18.0866,4.6293,83.7282,85.0695,24.3147,4.6293,0.273333
0.0888,18.1313,18.1313,4.61614,83.6966,85.0695,24.3161,4.61614,0.271667
0.089,18.0973,18.0973,4.63318,83.8482,85.0695,24.3149,4.63318,0.273333
0.0892,18.0476,18.0476,4.64313,83.7976,85.0695,24.3193,4.64313,0.275
0.0894,18.0938,18.0938,4.62799,83.7381,85.0695,24.3143,4.62799,0.273333
0.0896,18.1379,18.1379,4.61439,83.6954,85.0695,24.3138,4.61439,0.271667
0.0898,18.0935,18.0935,4.63333,83.8333,85.0695,24.3149,4.63333,0.273333
0.09,18.0447,18.0447,4.64596,83.8352,85.0695,24.3176,4.64596,0.275
0.0902,18.0897,18.0897,4.62582,83.6798,85.0695,24.3144,4.62582,0.273333
0.0904,18.1353,18.1353,4.6184,83.7561,85.0695,24.3156,4.6184,0.271667
0.0906,18.0936,18.0936,4.63583,83.8787,85.0695,24.3154,4.63583,0.273333
0.0908,18.0408,18.0408,4.64395,83.7805,85.0695,24.3193,4.64395,0.275
0.091,18.0866,18.0866,4.6293,83.7282,85.0695,24.3147,4.6293,0.273333
0.0912,18.1313,18.1313,4.61614,83.6966,85.0695,24.3161,4.61614,0.271667
0.0914,18.0973,18.0973,4.63318,83.8482,85.0695,24.3149,4.63318,0.273333
0.0916,18.0476,18.0476,4.64313,83.7976,85.0695,24.3193,4.64313,0.275
0.0918,18.0938,18.0938,4.62799,83.7381,85.0695,24.3143,4.62799,0.273333
0.092,18.1379,18.1379,4.61439,83.6954,85.0695,24.3138,4.61439,0.271667
0.0922,18.0935,18.0935,4.63333,83.8333,85.0695,24.3149,4.63333,0.273333
0.0924,18.0447,18.0447,4.64596,83.8352,85.0695,24.3176,4.64596,0.275
0.0926,18.0897,18.0897,4.62582,83.6798,85.0695,24.3144,4.62582,0.273333
0.0928,18.1353,18.1353,4.6184,83.7561,85.0695,24.3156,4.6184,0.271667
0.093,18.0936,18.0936,4.63583,83.8787,85.0695,24.3154,4.63583,0.273333
0.0932,18.0408,18.0408,4.64395,83.7805,85.0695,24.3193,4.64395,0.275
0.0934,18.0866,18.0866,4.6293,83.7282,85.0695,24.3147,4.6293,0.273333
0.0936,18.1313,18.1313,4.61614,83.6966,85.0695,24.3161,4.61614,0.271667
0.0938,18.0973,18.0973,4.63318,83.8482,85.0695,24.3149,4.63318,0.273333
0.094,18.0476,18.0476,4.64313,83.7976,85.0695,24.3193,4.64313,0.275
0.0942,18.0938,18.0938,4.62799,83.7381,85.0695,24.3143,4.62799,0.273333
0.0944,18.1379,18.1379,4.61439,83.6954,85.0695,24.3138,4.61439,0.271667
0.0946,18.0935,18.0935,4.63333,83.8333,85.0695,24.3149,4.63333,0.273333
0.0948,18.0447,18.0447,4.64596,83.8352,85.0695,24.3176,4.64596,0.275
0.095,18.0897,18.0897,4.62582,83.6798,85.0695,24.3144,4.62582,0.273333
0.0952,18.1353,18.1353,4.6184,83.7561,85.0695,24.3156,4.6184,0.271667
0.0954,18.0936,18.0936,4.63583,83.8787,85.0695,24.3154,4.63583,0.273333
0.0956,18.0408,18.0408,4.64395,83.7805,85.0695,24.3193,4.64395,0.275
0.0958,18.0866,18.0866,4.6293,83.7282,85.0695,24.3147,4.6293,0.273333
0.096,18.1313,18.1313,4.61614,83.6966,85.0695,24.3161,4.61614,0.271667
0.0962,18.0973,18.0973,4.63318,83.8482,85.0695,24.3149,4.63318,0.273333
0.0964,18.0476,18.0476,4.64313,83.7976,85.0695,24.3193,4.64313,0.275
0.0966,18.0938,18.0938,4.62799,83.7381,85.0695,24.3143,4.62799,0.273333
0.0968,18.1379,18.1379,4.61439,83.6954,85.0695,24.3138,4.61439,0.271667
0.097,18.0935,18.0935,4.63333,83.8333,85.0695,24.3149,4.63333,0.273333
0.0972,18.0447,18.0447,4.64596,83.8352,85.0695,24.3176,4.64596,0.275
0.0974,18.0897,18.0897,4.62582,83.6798,85.0695,24.3144,4.62582,0.273333
0.0976,18.1353,18.1353,4.6184,83.7561,85.0695,24.3156,4.6184,0.271667
0.0978,18.0936,18.0936,4.63583,83.8787,85.0695,24.3154,4.63583,0.273333
0.098,18.0408,18.0408,4.64395,83.7805,85.0695,24.3193,4.64395,0.275
0.0982,18.0866,18.0866,4.6293,83.7282,85.0695,24.3147,4.6293,0.273333
0.0984,18.1313,18.1313,4.61614,83.6966,85.0695,24.3161,4.61614,0.271667
0.0986,18.0973,18.0973,4.63318,83.8482,85.0695,24.3149,4.63318,0.273333
0.0988,18.0476,18.0476,4.64313,83.7976,85.0695,24.3193,4.64313,0.275
0.099,18.0938,18.0938,4.62799,83.7381,85.0695,24.3143,4.62799,0.273333
0.0992,18.1379,18.1379,4.61439,83.6954,85.0695,24.3138,4.61439,0.271667
0.0994,18.0935,18.0935,4.63333,83.8333,85.0695,24.3149,4.63333,0.273333
0.0996,18.0447,18.0447,4.64596,83.8352,85.0695,24.3176,4.64596,0.275
0.0998,18.0897,18.0897,4.62582,83.6798,85.0695,24.3144,4.62582,0.273333
0.1,18.1353,18.1353,4.6184,83.7561,85.0695,24.3156,4.6184,0.271667
0.1002,18.0936,18.0936,4.63583,83.8787,85.0695,24.3154,4.63583,0.273333
0.1004,18.0408,18.0408,4.64395,83.7805,85.0695,24.3193,4.64395,0.275
0.1006,18.0866,18.0866,4.6293,83.7282,85.0695,24.3147,4.6293,0.273333
0.1008,18.1313,18.1313,4.61614,83.6966,85.0695,24.3161,4.61614,0.271667
0.101,18.0973,18.0973,4.63318,83.8482,85.0695,24.3149,4.63318,0.273333
0.1012,18.0476,18.0476,4.64313,83.7976,85.0695,24.3193,4.64313,0.275
0.1014,18.0938,18.0938,4.62799,83.7381,85.0695,24.3143,4.62799,0.273333
0.1016,18.1379,18.1379,4.61439,83.6954,85.0695,24.3138,4.61439,0.271667
0.1018,18.0935,18.0935,4.63333,83.8333,85.0695,24.3149,4.63333,0.273333
0.102,18.0447,18.0447,4.64596,83.8352,85.0695,24.3176,4.64596,0.275
0.1022,18.0897,18.0897,4.62582,83.6798,85.0695,24.3144,4.62582,0.273333
0.1024,18.1353,18.1353,4.6184,83.7561,85.0695,24.3156,4.6184,0.271667
0.1026,18.0936,18.0936,4.63583,83.8787,85.0695,24.3154,4.63583,0.273333
0.1028,18.0408,18.0408,4.64395,83.7805,85.0695,24.3193,4.64395,0.275
0.103,18.0866,18.0866,4.6293,83.7282,85.0695,24.3147,4.6293,0.273333
0.1032,18.1313,18.1313,4.61614,83.6966,85.0695,24.3161,4.61614,0.271667
0.1034,18.0973,18.0973,4.63318,83.8482,85.0695,24.3149,4.63318,0.273333
0.1036,18.0476,18.0476,4.64313,83.7976,85.0695,24.3193,4.64313,0.275
0.1038,18.0938,18.0938,4.62799,83.7381,85.0695,24.3143,4.62799,0.273333
0.104,18.1379,18.1379,4.61439,83.6954,85.0695,24.3138,4.61439,0.271667
0.1042,18.0935,18.0935,4.63333,83.8333,85.0695,24.3149,4.63333,0.273333
0.1044,18.0447,18.0447,4.64596,83.8352,85.0695,24.3176,4.64596,0.275
0.1046,18.0897,18.0897,4.62582,83.6798,85.0695,24.3144,4.62582,0.273333
0.1048,18.1353,18.1353,4.6184,83.7561,85.0695,24.3156,4.6184,0.271667
0.105,18.0936,18.0936,4.63583,83.8787,85.0695,24.3154,4.63583,0.273333
0.1052,18.0408,18.0408,4.64395,83.7805,85.0695,24.3193,4.64395,0.275
0.1054,18.0866,18.0866,4.6293,83.7282,85.0695,24.3147,4.6293,0.273333
0.1056,18.1313,18.1313,4.61614,83.6966,85.0695,24.3161,4.61614,0.271667
0.1058,18.0973,18.0973,4.63318,83.8482,85.0695,24.3149,4.63318,0.273333
0.106,18.0476,18.0476,4.64313,83.7976,85.0695,24.3193,4.64313,0.275
0.1062,18.0938,18.0938,4.62799,83.7381,85.0695,24.3143,4.62799,0.273333
0.1064,18.1379,18.1379,4.61439,83.6954,85.0695,24.3138,4.61439,0.271667
0.1066,18.0935,18.0935,4.63333,83.8333,85.0695,24.3149,4.63333,0.273333
0.1068,18.0447,18.0447,4.64596,83.8352,85.0695,24.3176,4.64596,0.275
0.107,18.0897,18.0897,4.62582,83.6798,85.0695,24.3144,4.62582,0.273333
0.1072,18.1353,18.1353,4.6184,83.7561,85.0695,24.3156,4.6184,0.271667
0.1074,18.0936,18.0936,4.63583,83.8787,85.0695,24.3154,4.63583,0.273333
0.1076,18.0408,18.0408,4.64395,83.7805,85.0695,24.3193,4.64395,0.275
0.1078,18.0866,18.0866,4.6293,83.7282,85.0695,24.3147,4.6293,0.273333
0.108,18.1313,18.1313,4.61614,83.6966,85.0695,24.3161,4.61614,0.271667
0.1082,18.0973,18.0973,4.63318,83.8482,85.0695,24.3149,4.63318,0.273333
0.1084,18.0476,18.0476,4.64313,83.7976,85.0695,24.3193,4.64313,0.275
0.1086,18.0938,18.0938,4.62799,83.7381,85.0695,24.3143,4.62799,0.273333
0.1088,18.1379,18.1379,4.61439,83.6954,85.0695,24.3138,4.61439,0.271667
0.109,18.0935,18.0935,4.63333,83.8333,85.0695,24.3149,4.63333,0.273333
0.1092,18.0447,18.0447,4.64596,83.8352,85.0695,24.3176,4.64596,0.275
0.1094,18.0897,18.0897,4.62582,83.6798,85.0695,24.3144,4.62582,0.273333
0.1096,18.1353,18.1353,4.6184,83.7561,85.0695,24.3156,4.6184,0.271667
0.1098,18.0936,18.0936,4.63583,83.8787,85.0695,24.3154,4.63583,0.273333
0.11,18.0408,18.0408,4.64395,83.7805,85.0695,24.3193,4.64395,0.275
0.1102,18.0866,18.0866,4.6293,83.7282,85.0695,24.3147,4.6293,0.273333
0.1104,18.1313,18.1313,4.61614,83.6966,85.0695,24.3161,4.61614,0.271667
0.1106,18.0973,18.0973,4.63318,83.8482,85.0695,24.3149,4.63318,0.273333
0.1108,18.0476,18.0476,4.64313,83.7976,85.0695,24.3193,4.64313,0.275
0.111,18.0938,18.0938,4.62799,83.7381,85.0695,24.3143,4.62799,0.273333
0.1112,18.1379,18.1379,4.61439,83.6954,85.0695,24.3138,4.61439,0.271667
0.1114,18.0935,18.0935,4.63333,83.8333,85.0695,24.3149,4.63333,0.273333
0.1116,18.0447,18.0447,4.64596,83.8352,85.0695,24.3176,4.64596,0.275
0.1118,18.0897,18.0897,4.62582,83.6798,85.0695,24.3144,4.62582,0.273333
0.112,18.1353,18.1353,4.6184,83.7561,85.0695,24.3156,4.6184,0.271667
0.1122,18.0936,18.0936,4.63583,83.8787,85.0695,24.3154,4.63583,0.273333
0.1124,18.0408,18.0408,4.64395,83.7805,85.0695,24.3193,4.64395,0.275
0.1126,18.0866,18.0866,4.6293,83.7282,85.0695,24.3147,4.6293,0.273333
0.1128,18.1313,18.1313,4.61614,83.6966,85.0695,24.3161,4.61614,0.271667
0.113,18.0973,18.0973,4.63318,83.8482,85.0695,24.3149,4.63318,0.273333
0.1132,18.0476,18.0476,4.64313,83.7976,85.0695,24.3193,4.64313,0.275
0.1134,18.0938,18.0938,4.62799,83.7381,85.0695,24.3143,4.62799,0.273333
0.1136,18.1379,18.1379,4.61439,83.6954,85.0695,24.3138,4.61439,0.271667
0.1138,18.0935,18.0935,4.63333,83.8333,85.0695,24.3149,4.63333,0.273333
0.114,18.0447,18.0447,4.64596,83.8352,85.0695,24.3176,4.64596,0.275
0.1142,18.0897,18.0897,4.62582,83.6798,85.0695,24.3144,4.62582,0.273333
0.1144,18.1353,18.1353,4.6184,83.7561,85.0695,24.3156,4.6184,0.271667
0.1146,18.0936,18.0936,4.63583,83.8787,85.0695,24.3154,4.63583,0.273333
0.1148,18.0408,18.0408,4.64395,83.7805,85.0695,24.3193,4.64395,0.275
0.115,18.0866,18.0866,4.6293,83.7282,85.0695,24.3147,4.6293,0.273333
0.1152,18.1313,18.1313,4.61614,83.6966,85.0695,24.3161,4.61614,0.271667
0.1154,18.0973,18.0973,4.63318,83.8482,85.0695,24.3149,4.63318,0.273333
0.1156,18.0476,18.0476,4.64313,83.7976,85.0695,24.3193,4.64313,0.275
0.1158,18.0938,18.0938,4.62799,83.7381,85.0695,24.3143,4.62799,0.273333
0.116,18.1379,18.1379,4.61439,83.6954,85.0695,24.3138,4.61439,0.271667
0.1162,18.0935,18.0935,4.63333,83.8333,85.0695,24.3149,4.63333,0.273333
0.1164,18.0447,18.0447,4.64596,83.8352,85.0695,24.3176,4.64596,0.275
0.1166,18.0897,18.0897,4.62582,83.6798,85.0695,24.3144,4.62582,0.273333
0.1168,18.1353,18.1353,4.6184,83.7561,85.0695,24.3156,4.6184,0.271667
0.117,18.0936,18.0936,4.63583,83.8787,85.0695,24.3154,4.63583,0.273333
0.1172,18.0408,18.0408,4.64395,83.7805,85.0695,24.3193,4.64395,0.275
0.1174,18.0866,18.0866,4.6293,83.7282,85.0695,24.3147,4.6293,0.273333
0.1176,18.1313,18.1313,4.61614,83.6966,85.0695,24.3161,4.61614,0.271667
0.1178,18.0973,18.0973,4.63318,83.8482,85.0695,24.3149,4.63318,0.273333
0.118,18.0476,18.0476,4.64313,83.7976,85.0695,24.3193,4.64313,0.275
0.1182,18.0938,18.0938,4.62799,83.7381,85.0695,24.3143,4.62799,0.273333
0.1184,18.1379,18.1379,4.61439,83.6954,85.0695,24.3138,4.61439,0.271667
0.1186,18.0935,18.0935,4.63333,83.8333,85.0695,24.3149,4.63333,0.273333
0.1188,18.0447,18.0447,4.64596,83.8352,85.0695,24.3176,4.64596,0.275
0.119,18.0897,18.0897,4.62582,83.6798,85.0695,24.3144,4.62582,0.273333
0.1192,18.1353,18.1353,4.6184,83.7561,85.0695,24.3156,4.6184,0.271667
0.1194,18.0936,18.0936,4.63583,83.8787,85.0695,24.3154,4.63583,0.273333
0.1196,18.0408,18.0408,4.64395,83.7805,85.0695,24.3193,4.64395,0.275
0.1198,18.0866,18.0866,4.6293,83.7282,85.0695,24.3147,4.6293,0.273333
0.12,18.1313,18.1313,4.61614,83.6966,85.0695,24.3161,4.61614,0.271667
0.1202,18.0973,18.0973,4.63318,83.8482,85.0695,24.3149,4.63318,0.273333
0.1204,18.0476,18.0476,4.64313,83.7976,85.0695,24.3193,4.64313,0.275
0.1206,18.0938,18.0938,4.62799,83.7381,85.0695,24.3143,4.62799,0.273333
0.1208,18.1379,18.1379,4.61439,83.6954,85.0695,24.3138,4.61439,0.271667
0.121,18.0935,18.0935,4.63333,83.8333,85.0695,24.3149,4.63333,0.273333
0.1212,18.0447,18.0447,4.64596,83.8352,85.0695,24.3176,4.64596,0.275
0.1214,18.0897,18.0897,4.62582,83.6798,85.0695,24.3144,4.62582,0.273333
0.1216,18.1353,18.1353,4.6184,83.7561,85.0695,24.3156,4.6184,0.271667
0.1218,18.0936,18.0936,4.63583,83.8787,85.0695,24.3154,4.63583,0.273333
0.122,18.0408,18.0408,4.64395,83.7805,85.0695,24.3193,4.64395,0.275
0.1222,18.0866,18.0866,4.6293,83.7282,85.0695,24.3147,4.6293,0.273333
0.1224,18.1313,18.1313,4.61614,83.6966,85.0695,24.3161,4.61614,0.271667
0.1226,18.0973,18.0973,4.63318,83.8482,85.0695,24.3149,4.63318,0.273333
0.1228,18.0476,18.0476,4.64313,83.7976,85.0695,24.3193,4.64313,0.275
0.123,18.0938,18.0938,4.62799,83.7381,85.0695,24.3143,4.62799,0.273333
0.1232,18.1379,18.1379,4.61439,83.6954,85.0695,24.3138,4.61439,0.271667
0.1234,18.0935,18.0935,4.63333,83.8333,85.0695,24.3149,4.63333,0.273333
0.1236,18.0447,18.0447,4.64596,83.8352,85.0695,24.3176,4.64596,0.275
0.1238,18.0897,18.0897,4.62582,83.6798,85.0695,24.3144,4.62582,0.273333
0.124,18.1353,18.1353,4.6184,83.7561,85.0695,24.3156,4.6184,0.271667
0.1242,18.0936,18.0936,4.63583,83.8787,85.0695,24.3154,4.63583,0.273333
0.1244,18.0408,18.0408,4.64395,83.7805,85.0695,24.3193,4.64395,0.275
0.1246,18.0866,18.0866,4.6293,83.7282,85.0695,24.3147,4.6293,0.273333
0.1248,18.1313,18.1313,4.61614,83.6966,85.0695,24.3161,4.61614,0.271667
0.125,18.0973,18.0973,4.63318,83.8482,85.0695,24.3149,4.63318,0.273333
0.1252,18.0476,18.0476,4.64313,83.7976,85.0695,24.3193,4.64313,0.275
0.1254,18.0938,18.0938,4.62799,83.7381,85.0695,24.3143,4.62799,0.273333
0.1256,18.1379,18.1379,4.61439,83.6954,85.0695,24.3138,4.61439,0.271667
0.1258,18.0935,18.0935,4.63333,83.8333,85.0695,24.3149,4.63333,0.273333
0.126,18.0447,18.0447,4.64596,83.8352,85.0695,24.3176,4.64596,0.275
0.1262,18.0897,18.0897,4.62582,83.6798,85.0695,24.3144,4.62582,0.273333
0.1264,18.1353,18.1353,4.6184,83.7561,85.0695,24.3156,4.6184,0.271667
0.1266,18.0936,18.0936,4.63583,83.8787,85.0695,24.3154,4.63583,0.273333
0.1268,18.0408,18.0408,4.64395,83.7805,85.0695,24.3193,4.64395,0.275
0.127,18.0866,18.0866,4.6293,83.7282,85.0695,24.3147,4.6293,0.273333
0.1272,18.1313,18.1313,4.61614,83.6966,85.0695,24.3161,4.61614,0.271667
0.1274,18.0973,18.0973,4.63318,83.8482,85.0695,24.3149,4.63318,0.273333
0.1276,18.0476,18.0476,4.64313,83.7976,85.0695,24.3193,4.64313,0.275
0.1278,18.0938,18.0938,4.62799,83.7381,85.0695,24.3143,4.62799,0.273333
0.128,18.1379,18.1379,4.61439,83.6954,85.0695,24.3138,4.61439,0.271667
0.1282,18.0935,18.0935,4.63333,83.8333,85.0695,24.3149,4.63333,0.273333
0.1284,18.0447,18.0447,4.64596,83.8352,85.0695,24.3176,4.64596,0.275
0.1286,18.0897,18.0897,4.62582,83.6798,85.0695,24.3144,4.62582,0.273333
0.1288,18.1353,18.1353,4.6184,83.7561,85.0695,24.3156,4.6184,0.271667
0.129,18.0936,18.0936,4.63583,83.8787,85.0695,24.3154,4.63583,0.273333
0.1292,18.0408,18.0408,4.64395,83.7805,85.0695,24.3193,4.64395,0.275
0.1294,18.0866,18.0866,4.6293,83.7282,85.0695,24.3147,4.6293,0.273333
0.1296,18.1313,18.1313,4.61614,83.6966,85.0695,24.3161,4.61614,0.271667
0.1298,18.0973,18.0973,4.63318,83.8482,85.0695,24.3149,4.63318,0.273333
0.13,18.0476,18.0476,4.64313,83.7976,85.0695,24.3193,4.64313,0.275
0.1302,18.0938,18.0938,4.62799,83.7381,85.0695,24.3143,4.62799,0.273333
0.1304,18.1379,18.1379,4.61439,83.6954,85.0695,24.3138,4.61439,0.271667
0.1306,18.0935,18.0935,4.63333,83.8333,85.0695,24.3149,4.63333,0.273333
0.1308,18.0447,18.0447,4.64596,83.8352,85.0695,24.3176,4.64596,0.275
0.131,18.0897,18.0897,4.62582,83.6798,85.0695,24.3144,4.62582,0.273333
0.1312,18.1353,18.1353,4.6184,83.7561,85.0695,24.3156,4.6184,0.271667
0.1314,18.0936,18.0936,4.63583,83.8787,85.0695,24.3154,4.63583,0.273333
0.1316,18.0408,18.0408,4.64395,83.7805,85.0695,24.3193,4.64395,0.275
0.1318,18.0866,18.0866,4.6293,83.7282,85.0695,24.3147,4.6293,0.273333
0.132,18.1313,18.1313,4.61614,83.6966,85.0695,24.3161,4.61614,0.271667
0.1322,18.0973,18.0973,4.63318,83.8482,85.0695,24.3149,4.63318,0.273333
0.1324,18.0476,18.0476,4.64313,83.7976,85.0695,24.3193,4.64313,0.275
0.1326,18.0938,18.0938,4.62799,83.7381,85.0695,24.3143,4.62799,0.273333
0.1328,18.1379,18.1379,4.61439,83.6954,85.0695,24.3138,4.61439,0.271667
0.133,18.0935,18.0935,4.63333,83.8333,85.0695,24.3149,4.63333,0.273333
0.1332,18.0447,18.0447,4.64596,83.8352,85.0695,24.3176,4.64596,0.275
0.1334,18.0897,18.0897,4.62582,83.6798,85.0695,24.3144,4.62582,0.273333
0.1336,18.1353,18.1353,4.6184,83.7561,85.0695,24.3156,4.6184,0.271667
0.1338,18.0936,18.0936,4.63583,83.8787,85.0695,24.3154,4.63583,0.273333
0.134,18.0408,18.0408,4.64395,83.7805,85.0695,24.3193,4.64395,0.275
0.1342,18.0866,18.0866,4.6293,83.7282,85.0695,24.3147,4.6293,0.273333
0.1344,18.1313,18.1313,4.61614,83.6966,85.0695,24.3161,4.61614,0.271667
0.1346,18.0973,18.0973,4.63318,83.8482,85.0695,24.3149,4.63318,0.273333
0.1348,18.0476,18.0476,4.64313,83.7976,85.0695,24.3193,4.64313,0.275
0.135,18.0938,18.0938,4.62799,83.7381,85.0695,24.3143,4.62799,0.273333
0.1352,18.1379,18.1379,4.61439,83.6954,85.0695,24.3138,4.61439,0.271667
0.1354,18.0935,18.0935,4.63333,83.8333,85.0695,24.3149,4.63333,0.273333
0.1356,18.0447,18.0447,4.64596,83.8352,85.0695,24.3176,4.64596,0.275
0.1358,18.0897,18.0897,4.62582,83.6798,85.0695,24.3144,4.62582,0.273333
0.136,18.1353,18.1353,4.6184,83.7561,85.0695,24.3156,4.6184,0.271667
0.1362,18.0936,18.0936,4.63583,83.8787,85.0695,24.3154,4.63583,0.273333
0.1364,18.0408,18.0408,4.64395,83.7805,85.0695,24.3193,4.64395,0.275
0.1366,18.0866,18.0866,4.6293,83.7282,85.0695,24.3147,4.6293,0.273333
0.1368,18.1313,18.1313,4.61614,83.6966,85.0695,24.3161,4.61614,0.271667
0.137,18.0973,18.0973,4.63318,83.8482,85.0695,24.3149,4.63318,0.273333
0.1372,18.0476,18.0476,4.64313,83.7976,85.0695,24.3193,4.64313,0.275
0.1374,18.0938,18.0938,4.62799,83.7381,85.0695,24.3143,4.62799,0.273333
0.1376,18.1379,18.1379,4.61439,83.6954,85.0695,24.3138,4.61439,0.271667
0.1378,18.0935,18.0935,4.63333,83.8333,85.0695,24.3149,4.63333,0.273333
0.138,18.0447,18.0447,4.64596,83.8352,85.0695,24.3176,4.64596,0.275
0.1382,18.0897,18.0897,4.62582,83.6798,85.0695,24.3144,4.62582,0.273333
0.1384,18.1353,18.1353,4.6184,83.7561,85.0695,24.3156,4.6184,0.271667
0.1386,18.0936,18.0936,4.63583,83.8787,85.0695,24.3154,4.63583,0.273333
0.1388,18.0408,18.0408,4.64395,83.7805,85.0695,24.3193,4.64395,0.275
0.139,18.0866,18.0866,4.6293,83.7282,85.0695,24.3147,4.6293,0.273333
0.1392,18.1313,18.1313,4.61614,83.6966,85.0695,24.3161,4.61614,0.271667
0.1394,18.0973,18.0973,4.63318,83.8482,85.0695,24.3149,4.63318,0.273333
0.1396,18.0476,18.0476,4.64313,83.7976,85.0695,24.3193,4.64313,0.275
0.1398,18.0938,18.0938,4.62799,83.7381,85.0695,24.3143,4.62799,0.273333
0.14,18.1379,18.1379,4.61439,83.6954,85.0695,24.3138,4.61439,0.271667
0.1402,18.0935,18.0935,4.63333,83.8333,85.0695,24.3149,4.63333,0.273333
0.1404,18.0447,18.0447,4.64596,83.8352,85.0695,24.3176,4.64596,0.275
0.1406,18.0897,18.0897,4.62582,83.6798,85.0695,24.3144,4.62582,0.273333
0.1408,18.1353,18.1353,4.6184,83.7561,85.0695,24.3156,4.6184,0.271667
0.141,18.0936,18.0936,4.63583,83.8787,85.0695,24.3154,4.63583,0.273333
0.1412,18.0408,18.0408,4.64395,83.7805,85.0695,24.3193,4.64395,0.275
0.1414,18.0866,18.0866,4.6293,83.7282,85.0695,24.3147,4.6293,0.273333
0.1416,18.1313,18.1313,4.61614,83.6966,85.0695,24.3161,4.61614,0.271667
0.1418,18.0973,18.0973,4.63318,83.8482,85.0695,24.3149,4.63318,0.273333
0.142,18.0476,18.0476,4.64313,83.7976,85.0695,24.3193,4.64313,0.275
0.1422,18.0938,18.0938,4.62799,83.7381,85.0695,24.3143,4.62799,0.273333
0.1424,18.1379,18.1379,4.61439,83.6954,85.0695,24.3138,4.61439,0.271667
0.1426,18.0935,18.0935,4.63333,83.8333,85.0695,24.3149,4.63333,0.273333
0.1428,18.0447,18.0447,4.64596,83.8352,85.0695,24.3176,4.64596,0.275
0.143,18.0897,18.0897,4.62582,83.6798,85.0695,24.3144,4.62582,0.273333
0.1432,18.1353,18.1353,4.6184,83.7561,85.0695,24.3156,4.6184,0.271667
0.1434,18.0936,18.0936,4.63583,83.8787,85.0695,24.3154,4.63583,0.273333
0.1436,18.0408,18.0408,4.64395,83.7805,85.0695,24.3193,4.64395,0.275
0.1438,18.0866,18.0866,4.6293,83.7282,85.0695,24.3147,4.6293,0.273333
0.144,18.1313,18.1313,4.61614,83.6966,85.0695,24.3161,4.61614,0.271667
0.1442,18.0973,18.0973,4.63318,83.8482,85.0695,24.3149,4.63318,0.273333
0.1444,18.0476,18.0476,4.64313,83.7976,85.0695,24.3193,4.64313,0.275
0.1446,18.0938,18.0938,4.62799,83.7381,85.0695,24.3143,4.62799,0.273333
0.1448,18.1379,18.1379,4.61439,83.6954,85.0695,24.3138,4.61439,0.271667
0.145,18.0935,18.0935,4.63333,83.8333,85.0695,24.3149,4.63333,0.273333
0.1452,18.0447,18.0447,4.64596,83.8352,85.0695,24.3176,4.64596,0.275
0.1454,18.0897,18.0897,4.62582,83.6798,85.0695,24.3144,4.62582,0.273333
0.1456,18.1353,18.1353,4.6184,83.7561,85.0695,24.3156,4.6184,0.271667
0.1458,18.0936,18.0936,4.63583,83.8787,85.0695,24.3154,4.63583,0.273333
0.146,18.0408,18.0408,4.64395,83.7805,85.0695,24.3193,4.64395,0.275
0.1462,18.0866,18.0866,4.6293,83.7282,85.0695,24.3147,4.6293,0.273333
0.1464,18.1313,18.1313,4.61614,83.6966,85.0695,24.3161,4.61614,0.271667
0.1466,18.0973,18.0973,4.63318,83.8482,85.0695,24.3149,4.63318,0.273333
0.1468,18.0476,18.0476,4.64313,83.7976,85.0695,24.3193,4.64313,0.275
0.147,18.0938,18.0938,4.62799,83.7381,85.0695,24.3143,4.62799,0.273333
0.1472,18.1379,18.1379,4.61439,83.6954,85.0695,24.3138,4.61439,0.271667
0.1474,18.0935,18.0935,4.63333,83.8333,85.0695,24.3149,4.63333,0.273333
0.1476,18.0447,18.0447,4.64596,83.8352,85.0695,24.3176,4.64596,0.275
0.1478,18.0897,18.0897,4.62582,83.6798,85.0695,24.3144,4.62582,0.273333
0.148,18.1353,18.1353,4.6184,83.7561,85.0695,24.3156,4.6184,0.271667
0.1482,18.0936,18.0936,4.63583,83.8787,85.0695,24.3154,4.63583,0.273333
0.1484,18.0408,18.0408,4.64395,83.7805,85.0695,24.3193,4.64395,0.275
0.1486,18.0866,18.0866,4.6293,83.7282,85.0695,24.3147,4.6293,0.273333
0.1488,18.1313,18.1313,4.61614,83.6966,85.0695,24.3161,4.61614,0.271667
0.149,18.0973,18.0973,4.63318,83.8482,85.0695,24.3149,4.63318,0.273333
0.1492,18.0476,18.0476,4.64313,83.7976,85.0695,24.3193,4.64313,0.275
0.1494,18.0938,18.0938,4.62799,83.7381,85.0695,24.3143,4.62799,0.273333
0.1496,18.1379,18.1379,4.61439,83.6954,85.0695,24.3138,4.61439,0.271667
0.1498,18.0935,18.0935,4.63333,83.8333,85.0695,24.3149,4.63333,0.273333
0.15,18.0447,18.0447,4.64596,83.8352,85.0695,24.3176,4.64596,0.275
0.1502,18.0897,18.0897,4.62582,83.6798,85.0695,24.3144,4.62582,0.273333
0.1504,18.1353,18.1353,4.6184,83.7561,85.0695,24.3156,4.6184,0.271667
0.1506,18.0936,18.0936,4.63583,83.8787,85.0695,24.3154,4.63583,0.273333
0.1508,18.0408,18.0408,4.64395,83.7805,85.0695,24.3193,4.64395,0.275
0.151,18.0866,18.0866,4.6293,83.7282,85.0695,24.3147,4.6293,0.273333
0.1512,18.1313,18.1313,4.61614,83.6966,85.0695,24.3161,4.61614,0.271667
0.1514,18.0973,18.0973,4.63318,83.8482,85.0695,24.3149,4.63318,0.273333
0.1516,18.0476,18.0476,4.64313,83.7976,85.0695,24.3193,4.64313,0.275
0.1518,18.0938,18.0938,4.62799,83.7381,85.0695,24.3143,4.62799,0.273333
0.152,18.1379,18.1379,4.61439,83.6954,85.0695,24.3138,4.61439,0.271667
0.1522,18.0935,18.0935,4.63333,83.8333,85.0695,24.3149,4.63333,0.273333
0.1524,18.0447,18.0447,4.64596,83.8352,85.0695,24.3176,4.64596,0.275
0.1526,18.0897,18.0897,4.62582,83.6798,85.0695,24.3144,4.62582,0.273333
0.1528,18.1353,18.1353,4.6184,83.7561,85.0695,24.3156,4.6184,0.271667
0.153,18.0936,18.0936,4.63583,83.8787,85.0695,24.3154,4.63583,0.273333
0.1532,18.0408,18.0408,4.64395,83.7805,85.0695,24.3193,4.64395,0.275
0.1534,18.0866,18.0866,4.6293,83.7282,85.0695,24.3147,4.6293,0.273333
0.1536,18.1313,18.1313,4.61614,83.6966,85.0695,24.3161,4.61614,0.271667
0.1538,18.0973,18.0973,4.63318,83.8482,85.0695,24.3149,4.63318,0.273333
0.154,18.0476,18.0476,4.64313,83.7976,85.0695,24.3193,4.64313,0.275
0.1542,18.0938,18.0938,4.62799,83.7381,85.0695,24.3143,4.62799,0.273333
0.1544,18.1379,18.1379,4.61439,83.6954,85.0695,24.3138,4.61439,0.271667
0.1546,18.0935,18.0935,4.63333,83.8333,85.0695,24.3149,4.63333,0.273333
0.1548,18.0447,18.0447,4.64596,83.8352,85.0695,24.3176,4.64596,0.275
0.155,18.0897,18.0897,4.62582,83.6798,85.0695,24.3144,4.62582,0.273333
0.1552,18.1353,18.1353,4.6184,83.7561,85.0695,24.3156,4.6184,0.271667
0.1554,18.0936,18.0936,4.63583,83.8787,85.0695,24.3154,4.63583,0.273333
0.1556,18.0408,18.0408,4.64395,83.7805,85.0695,24.3193,4.64395,0.275
0.1558,18.0866,18.0866,4.6293,83.7282,85.0695,24.3147,4.6293,0.273333
0.156,18.1313,18.1313,4.61614,83.6966,85.0695,24.3161,4.61614,0.271667
0.1562,18.0973,18.0973,4.63318,83.8482,85.0695,24.3149,4.63318,0.273333
0.1564,18.0476,18.0476,4.64313,83.7976,85.0695,24.3193,4.64313,0.275
0.1566,18.0938,18.0938,4.62799,83.7381,85.0695,24.3143,4.62799,0.273333
0.1568,18.1379,18.1379,4.61439,83.6954,85.0695,24.3138,4.61439,0.271667
0.157,18.0935,18.0935,4.63333,83.8333,85.0695,24.3149,4.63333,0.273333
0.1572,18.0447,18.0447,4.64596,83.8352,85.0695,24.3176,4.64596,0.275
0.1574,18.0897,18.0897,4.62582,83.6798,85.0695,24.3144,4.62582,0.273333
0.1576,18.1353,18.1353,4.6184,83.7561,85.0695,24.3156,4.6184,0.271667
0.1578,18.0936,18.0936,4.63583,83.8787,85.0695,24.3154,4.63583,0.273333
0.158,18.0408,18.0408,4.64395,83.7805,85.0695,24.3193,4.64395,0.275
0.1582,18.0866,18.0866,4.6293,83.7282,85.0695,24.3147,4.6293,0.273333
0.1584,18.1313,18.1313,4.61614,83.6966,85.0695,24.3161,4.61614,0.271667
0.1586,18.0973,18.0973,4.63318,83.8482,85.0695,24.3149,4.63318,0.273333
0.1588,18.0476,18.0476,4.64313,83.7976,85.0695,24.3193,4.64313,0.275
0.159,18.0938,18.0938,4.62799,83.7381,85.0695,24.3143,4.62799,0.273333
0.1592,18.1379,18.1379,4.61439,83.6954,85.0695,24.3138,4.61439,0.271667
0.1594,18.0935,18.0935,4.63333,83.8333,85.0695,24.3149,4.63333,0.273333
0.1596,18.0447,18.0447,4.64596,83.8352,85.0695,24.3176,4.64596,0.275
0.1598,18.0897,18.0897,4.62582,83.6798,85.0695,24.3144,4.62582,0.273333
0.16,18.1353,18.1353,4.6184,83.7561,85.0695,24.3156,4.6184,0.271667
0.1602,18.0936,18.0936,4.63583,83.8787,85.0695,24.3154,4.63583,0.273333
0.1604,18.0408,18.0408,4.64395,83.7805,85.0695,24.3193,4.64395,0.275
0.1606,18.0866,18.0866,4.6293,83.7282,85.0695,24.3147,4.6293,0.273333
0.1608,18.1313,18.1313,4.61614,83.6966,85.0695,24.3161,4.61614,0.271667
0.161,18.0973,18.0973,4.63318,83.8482,85.0695,24.3149,4.63318,0.273333
0.1612,18.0476,18.0476,4.64313,83.7976,85.0695,24.3193,4.64313,0.275
0.1614,18.0938,18.0938,4.62799,83.7381,85.0695,24.3143,4.62799,0.273333
0.1616,18.1379,18.1379,4.61439,83.6954,85.0695,24.3138,4.61439,0.271667
0.1618,18.0935,18.0935,4.63333,83.8333,85.0695,24.3149,4.63333,0.273333
0.162,18.0447,18.0447,4.64596,83.8352,85.0695,24.3176,4.64596,0.275
0.1622,18.0897,18.0897,4.62582,83.6798,85.0695,24.3144,4.62582,0.273333
0.1624,18.1353,18.1353,4.6184,83.7561,85.0695,24.3156,4.6184,0.271667
0.1626,18.0936,18.0936,4.63583,83.8787,85.0695,24.3154,4.63583,0.273333
0.1628,18.0408,18.0408,4.64395,83.7805,85.0695,24.3193,4.64395,0.275
0.163,18.0866,18.0866,4.6293,83.7282,85.0695,24.3147,4.6293,0.273333
0.1632,18.1313,18.1313,4.61614,83.6966,85.0695,24.3161,4.61614,0.271667
0.1634,18.0973,18.0973,4.63318,83.8482,85.0695,24.3149,4.63318,0.273333
0.1636,18.0476,18.0476,4.64313,83.7976,85.0695,24.3193,4.64313,0.275
0.1638,18.0938,18.0938,4.62799,83.7381,85.0695,24.3143,4.62799,0.273333
0.164,18.1379,18.1379,4.61439,83.6954,85.0695,24.3138,4.61439,0.271667
0.1642,18.0935,18.0935,4.63333,83.8333,85.0695,24.3149,4.63333,0.273333
0.1644,18.0447,18.0447,4.64596,83.8352,85.0695,24.3176,4.64596,0.275
0.1646,18.0897,18.0897,4.62582,83.6798,85.0695,24.3144,4.62582,0.273333
0.1648,18.1353,18.1353,4.6184,83.7561,85.0695,24.3156,4.6184,0.271667
0.165,18.0936,18.0936,4.63583,83.8787,85.0695,24.3154,4.63583,0.273333
0.1652,18.0408,18.0408,4.64395,83.7805,85.0695,24.3193,4.64395,0.275
0.1654,18.0866,18.0866,4.6293,83.7282,85.0695,24.3147,4.6293,0.273333
0.1656,18.1313,18.1313,4.61614,83.6966,85.0695,24.3161,4.61614,0.271667
0.1658,18.0973,18.0973,4.63318,83.8482,85.0695,24.3149,4.63318,0.273333
0.166,18.0476,18.0476,4.64313,83.7976,85.0695,24.3193,4.64313,0.275
0.1662,18.0938,18.0938,4.62799,83.7381,85.0695,24.3143,4.62799,0.273333
0.1664,18.1379,18.1379,4.61439,83.6954,85.0695,24.3138,4.61439,0.271667
0.1666,18.0935,18.0935,4.63333,83.8333,85.0695,24.3149,4.63333,0.273333
0.1668,18.0447,18.0447,4.64596,83.8352,85.0695,24.3176,4.64596,0.275
0.167,18.0897,18.0897,4.62582,83.6798,85.0695,24.3144,4.62582,0.273333
0.1672,18.1353,18.1353,4.6184,83.7561,85.0695,24.3156,4.6184,0.271667
0.1674,18.0936,18.0936,4.63583,83.8787,85.0695,24.3154,4.63583,0.273333
0.1676,18.0408,18.0408,4.64395,83.7805,85.0695,24.3193,4.64395,0.275
0.1678,18.0866,18.0866,4.6293,83.7282,85.0695,24.3147,4.6293,0.273333
0.168,18.1313,18.1313,4.61614,83.6966,85.0695,24.3161,4.61614,0.271667
0.1682,18.0973,18.0973,4.63318,83.8482,85.0695,24.3149,4.63318,0.273333
0.1684,18.0476,18.0476,4.64313,83.7976,85.0695,24.3193,4.64313,0.275
0.1686,18.0938,18.0938,4.62799,83.7381,85.0695,24.3143,4.62799,0.273333
0.1688,18.1379,18.1379,4.61439,83.6954,85.0695,24.3138,4.61439,0.271667
0.169,18.0935,18.0935,4.63333,83.8333,85.0695,24.3149,4.63333,0.273333
0.1692,18.0447,18.0447,4.64596,83.8352,85.0695,24.3176,4.64596,0.275
0.1694,18.0897,18.0897,4.62582,83.6798,85.0695,24.3144,4.62582,0.273333
0.1696,18.1353,18.1353,4.6184,83.7561,85.0695,24.3156,4.6184,0.271667
0.1698,18.0936,18.0936,4.63583,83.8787,85.0695,24.3154,4.63583,0.273333
0.17,18.0408,18.0408,4.64395,83.7805,85.0695,24.3193,4.64395,0.275
0.1702,18.0866,18.0866,4.6293,83.7282,85.0695,24.3147,4.6293,0.273333
0.1704,18.1313,18.1313,4.61614,83.6966,85.0695,24.3161,4.61614,0.271667
0.1706,18.0973,18.0973,4.63318,83.8482,85.0695,24.3149,4.63318,0.273333
0.1708,18.0476,18.0476,4.64313,83.7976,85.0695,24.3193,4.64313,0.275
0.171,18.0938,18.0938,4.62799,83.7381,85.0695,24.3143,4.62799,0.273333
0.1712,18.1379,18.1379,4.61439,83.6954,85.0695,24.3138,4.61439,0.271667
0.1714,18.0935,18.0935,4.63333,83.8333,85.0695,24.3149,4.63333,0.273333
0.1716,18.0447,18.0447,4.64596,83.8352,85.0695,24.3176,4.64596,0.275
0.1718,18.0897,18.0897,4.62582,83.6798,85.0695,24.3144,4.62582,0.273333
0.172,18.1353,18.1353,4.6184,83.7561,85.0695,24.3156,4.6184,0.271667
0.1722,18.0936,18.0936,4.63583,83.8787,85.0695,24.3154,4.63583,0.273333
0.1724,18.0408,18.0408,4.64395,83.7805,85.0695,24.3193,4.64395,0.275
0.1726,18.0866,18.0866,4.6293,83.7282,85.0695,24.3147,4.6293,0.273333
0.1728,18.1313,18.1313,4.61614,83.6966,85.0695,24.3161,4.61614,0.271667
0.173,18.0973,18.0973,4.63318,83.8482,85.0695,24.3149,4.63318,0.273333
0.1732,18.0476,18.0476,4.64313,83.7976,85.0695,24.3193,4.64313,0.275
0.1734,18.0938,18.0938,4.62799,83.7381,85.0695,24.3143,4.62799,0.273333
0.1736,18.1379,18.1379,4.61439,83.6954,85.0695,24.3138,4.61439,0.271667
0.1738,18.0935,18.0935,4.63333,83.8333,85.0695,24.3149,4.63333,0.273333
0.174,18.0447,18.0447,4.64596,83.8352,85.0695,24.3176,4.64596,0.275
0.1742,18.0897,18.0897,4.62582,83.6798,85.0695,24.3144,4.62582,0.273333
0.1744,18.1353,18.1353,4.6184,83.7561,85.0695,24.3156,4.6184,0.271667
0.1746,18.0936,18.0936,4.63583,83.8787,85.0695,24.3154,4.63583,0.273333
0.1748,18.0408,18.0408,4.64395,83.7805,85.0695,24.3193,4.64395,0.275
0.175,18.0866,18.0866,4.6293,83.7282,85.0695,24.3147,4.6293,0.273333
0.1752,18.1313,18.1313,4.61614,83.6966,85.0695,24.3161,4.61614,0.271667
0.1754,18.0973,18.0973,4.63318,83.8482,85.0695,24.3149,4.63318,0.273333
0.1756,18.0476,18.0476,4.64313,83.7976,85.0695,24.3193,4.64313,0.275
0.1758,18.0938,18.0938,4.62799,83.7381,85.0695,24.3143,4.62799,0.273333
0.176,18.1379,18.1379,4.61439,83.6954,85.0695,24.3138,4.61439,0.271667
0.1762,18.0935,18.0935,4.63333,83.8333,85.0695,24.3149,4.63333,0.273333
0.1764,18.0447,18.0447,4.64596,83.8352,85.0695,24.3176,4.64596,0.275
0.1766,18.0897,18.0897,4.62582,83.6798,85.0695,24.3144,4.62582,0.273333
0.1768,18.1353,18.1353,4.6184,83.7561,85.0695,24.3156,4.6184,0.271667
0.177,18.0936,18.0936,4.63583,83.8787,85.0695,24.3154,4.63583,0.273333
0.1772,18.0408,18.0408,4.64395,83.7805,85.0695,24.3193,4.64395,0.275
0.1774,18.0866,18.0866,4.6293,83.7282,85.0695,24.3147,4.6293,0.273333
0.1776,18.1313,18.1313,4.61614,83.6966,85.0695,24.3161,4.61614,0.271667
0.1778,18.0973,18.0973,4.63318,83.8482,85.0695,24.3149,4.63318,0.273333
0.178,18.0476,18.0476,4.64313,83.7976,85.0695,24.3193,4.64313,0.275
0.1782,18.0938,18.0938,4.62799,83.7381,85.0695,24.3143,4.62799,0.273333
0.1784,18.1379,18.1379,4.61439,83.6954,85.0695,24.3138,4.61439,0.271667
0.1786,18.0935,18.0935,4.63333,83.8333,85.0695,24.3149,4.63333,0.273333
0.1788,18.0447,18.0447,4.64596,83.8352,85.0695,24.3176,4.64596,0.275
0.179,18.0897,18.0897,4.62582,83.6798,85.0695,24.3144,4.62582,0.273333
0.1792,18.1353,18.1353,4.6184,83.7561,85.0695,24.3156,4.6184,0.271667
0.1794,18.0936,18.0936,4.63583,83.8787,85.0695,24.3154,4.63583,0.273333
0.1796,18.0408,18.0408,4.64395,83.7805,85.0695,24.3193,4.64395,0.275
0.1798,18.0866,18.0866,4.6293,83.7282,85.0695,24.3147,4.6293,0.273333
0.18,18.1313,18.1313,4.61614,83.6966,85.0695,24.3161,4.61614,0.271667
0.1802,18.0973,18.0973,4.63318,83.8482,85.0695,24.3149,4.63318,0.273333
0.1804,18.0476,18.0476,4.64313,83.7976,85.0695,24.3193,4.64313,0.275
0.1806,18.0938,18.0938,4.62799,83.7381,85.0695,24.3143,4.62799,0.273333
0.1808,18.1379,18.1379,4.61439,83.6954,85.0695,24.3138,4.61439,0.271667
0.181,18.0935,18.0935,4.63333,83.8333,85.0695,24.3149,4.63333,0.273333
0.1812,18.0447,18.0447,4.64596,83.8352,85.0695,24.3176,4.64596,0.275
0.1814,18.0897,18.0897,4.62582,83.6798,85.0695,24.3144,4.62582,0.273333
0.1816,18.1353,18.1353,4.6184,83.7561,85.0695,24.3156,4.6184,0.271667
0.1818,18.0936,18.0936,4.63583,83.8787,85.0695,24.3154,4.63583,0.273333
0.182,18.0408,18.0408,4.64395,83.7805,85.0695,24.3193,4.64395,0.275
0.1822,18.0866,18.0866,4.6293,83.7282,85.0695,24.3147,4.6293,0.273333
0.1824,18.1313,18.1313,4.61614,83.6966,85.0695,24.3161,4.61614,0.271667
0.1826,18.0973,18.0973,4.63318,83.8482,85.0695,24.3149,4.63318,0.273333
0.1828,18.0476,18.0476,4.64313,83.7976,85.0695,24.3193,4.64313,0.275
0.183,18.0938,18.0938,4.62799,83.7381,85.0695,24.3143,4.62799,0.273333
0.1832,18.1379,18.1379,4.61439,83.6954,85.0695,24.3138,4.61439,0.271667
0.1834,18.0935,18.0935,4.63333,83.8333,85.0695,24.3149,4.63333,0.273333
0.1836,18.0447,18.0447,4.64596,83.8352,85.0695,24.3176,4.64596,0.275
0.1838,18.0897,18.0897,4.62582,83.6798,85.0695,24.3144,4.62582,0.273333
0.184,18.1353,18.1353,4.6184,83.7561,85.0695,24.3156,4.6184,0.271667
0.1842,18.0936,18.0936,4.63583,83.8787,85.0695,24.3154,4.63583,0.273333
0.1844,18.0408,18.0408,4.64395,83.7805,85.0695,24.3193,4.64395,0.275
0.1846,18.0866,18.0866,4.6293,83.7282,85.0695,24.3147,4.6293,0.273333
0.1848,18.1313,18.1313,4.61614,83.6966,85.0695,24.3161,4.61614,0.271667
0.185,18.0973,18.0973,4.63318,83.8482,85.0695,24.3149,4.63318,0.273333
0.1852,18.0476,18.0476,4.64313,83.7976,85.0695,24.3193,4.64313,0.275
0.1854,18.0938,18.0938,4.62799,83.7381,85.0695,24.3143,4.62799,0.273333
0.1856,18.1379,18.1379,4.61439,83.6954,85.0695,24.3138,4.61439,0.271667
0.1858,18.0935,18.0935,4.63333,83.8333,85.0695,24.3149,4.63333,0.273333
0.186,18.0447,18.0447,4.64596,83.8352,85.0695,24.3176,4.64596,0.275
0.1862,18.0897,18.0897,4.62582,83.6798,85.0695,24.3144,4.62582,0.273333
0.1864,18.1353,18.1353,4.6184,83.7561,85.0695,24.3156,4.6184,0.271667
0.1866,18.0936,18.0936,4.63583,83.8787,85.0695,24.3154,4.63583,0.273333
0.1868,18.0408,18.0408,4.64395,83.7805,85.0695,24.3193,4.64395,0.275
0.187,18.0866,18.0866,4.6293,83.7282,85.0695,24.3147,4.6293,0.273333
0.1872,18.1313,18.1313,4.61614,83.6966,85.0695,24.3161,4.61614,0.271667
0.1874,18.0973,18.0973,4.63318,83.8482,85.0695,24.3149,4.63318,0.273333
0.1876,18.0476,18.0476,4.64313,83.7976,85.0695,24.3193,4.64313,0.275
0.1878,18.0938,18.0938,4.62799,83.7381,85.0695,24.3143,4.62799,0.273333
0.188,18.1379,18.1379,4.61439,83.6954,85.0695,24.3138,4.61439,0.271667
0.1882,18.0935,18.0935,4.63333,83.8333,85.0695,24.3149,4.63333,0.273333
0.1884,18.0447,18.0447,4.64596,83.8352,85.0695,24.3176,4.64596,0.275
0.1886,18.0897,18.0897,4.62582,83.6798,85.0695,24.3144,4.62582,0.273333
0.1888,18.1353,18.1353,4.6184,83.7561,85.0695,24.3156,4.6184,0.271667
0.189,18.0936,18.0936,4.63583,83.8787,85.0695,24.3154,4.63583,0.273333
0.1892,18.0408,18.0408,4.64395,83.7805,85.0695,24.3193,4.64395,0.275
0.1894,18.0866,18.0866,4.6293,83.7282,85.0695,24.3147,4.6293,0.273333
0.1896,18.1313,18.1313,4.61614,83.6966,85.0695,24.3161,4.61614,0.271667
0.1898,18.0973,18.0973,4.63318,83.8482,85.0695,24.3149,4.63318,0.273333
0.19,18.0476,18.0476,4.64313,83.7976,85.0695,24.3193,4.64313,0.275
0.1902,18.0938,18.0938,4.62799,83.7381,85.0695,24.3143,4.62799,0.273333
0.1904,18.1379,18.1379,4.61439,83.6954,85.0695,24.3138,4.61439,0.271667
0.1906,18.0935,18.0935,4.63333,83.8333,85.0695,24.3149,4.63333,0.273333
0.1908,18.0447,18.0447,4.64596,83.8352,85.0695,24.3176,4.64596,0.275
0.191,18.0897,18.0897,4.62582,83.6798,85.0695,24.3144,4.62582,0.273333
0.1912,18.1353,18.1353,4.6184,83.7561,85.0695,24.3156,4.6184,0.271667
0.1914,18.0936,18.0936,4.63583,83.8787,85.0695,24.3154,4.63583,0.273333
0.1916,18.0408,18.0408,4.64395,83.7805,85.0695,24.3193,4.64395,0.275
0.1918,18.0866,18.0866,4.6293,83.7282,85.0695,24.3147,4.6293,0.273333
0.192,18.1313,18.1313,4.61614,83.6966,85.0695,24.3161,4.61614,0.271667
0.1922,18.0973,18.0973,4.63318,83.8482,85.0695,24.3149,4.63318,0.273333
0.1924,18.0476,18.0476,4.64313,83.7976,85.0695,24.3193,4.64313,0.275
0.1926,18.0938,18.0938,4.62799,83.7381,85.0695,24.3143,4.62799,0.273333
0.1928,18.1379,18.1379,4.61439,83.6954,85.0695,24.3138,4.61439,0.271667
0.193,18.0935,18.0935,4.63333,83.8333,85.0695,24.3149,4.63333,0.273333
0.1932,18.0447,18.0447,4.64596,83.8352,85.0695,24.3176,4.64596,0.275
0.1934,18.0897,18.0897,4.62582,83.6798,85.0695,24.3144,4.62582,0.273333
0.1936,18.1353,18.1353,4.6184,83.7561,85.0695,24.3156,4.6184,0.271667
0.1938,18.0936,18.0936,4.63583,83.8787,85.0695,24.3154,4.63583,0.273333
0.194,18.0408,18.0408,4.64395,83.7805,85.0695,24.3193,4.64395,0.275
0.1942,18.0866,18.0866,4.6293,83.7282,85.0695,24.3147,4.6293,0.273333
0.1944,18.1313,18.1313,4.61614,83.6966,85.0695,24.3161,4.61614,0.271667
0.1946,18.0973,18.0973,4.63318,83.8482,85.0695,24.3149,4.63318,0.273333
0.1948,18.0476,18.0476,4.64313,83.7976,85.0695,24.3193,4.64313,0.275
0.195,18.0938,18.0938,4.62799,83.7381,85.0695,24.3143,4.62799,0.273333
0.1952,18.1379,18.1379,4.61439,83.6954,85.0695,24.3138,4.61439,0.271667
0.1954,18.0935,18.0935,4.63333,83.8333,85.0695,24.3149,4.63333,0.273333
0.1956,18.0447,18.0447,4.64596,83.8352,85.0695,24.3176,4.64596,0.275
0.1958,18.0897,18.0897,4.62582,83.6798,85.0695,24.3144,4.62582,0.273333
0.196,18.1353,18.1353,4.6184,83.7561,85.0695,24.3156,4.6184,0.271667
0.1962,18.0936,18.0936,4.63583,83.8787,85.0695,24.3154,4.63583,0.273333
0.1964,18.0408,18.0408,4.64395,83.7805,85.0695,24.3193,4.64395,0.275
0.1966,18.0866,18.0866,4.6293,83.7282,85.0695,24.3147,4.6293,0.273333
0.1968,18.1313,18.1313,4.61614,83.6966,85.0695,24.3161,4.61614,0.271667
0.197,18.0973,18.0973,4.63318,83.8482,85.0695,24.3149,4.63318,0.273333
0.1972,18.0476,18.0476,4.64313,83.7976,85.0695,24.3193,4.64313,0.275
0.1974,18.0938,18.0938,4.62799,83.7381,85.0695,24.3143,4.62799,0.273333
0.1976,18.1379,18.1379,4.61439,83.6954,85.0695,24.3138,4.61439,0.271667
0.1978,18.0935,18.0935,4.63333,83.8333,85.0695,24.3149,4.63333,0.273333
0.198,18.0447,18.0447,4.64596,83.8352,85.0695,24.3176,4.64596,0.275
0.1982,18.0897,18.0897,4.62582,83.6798,85.0695,24.3144,4.62582,0.273333
0.1984,18.1353,18.1353,4.6184,83.7561,85.0695,24.3156,4.6184,0.271667
0.1986,18.0936,18.0936,4.63583,83.8787,85.0695,24.3154,4.63583,0.273333
0.1988,18.0408,18.0408,4.64395,83.7805,85.0695,24.3193,4.64395,0.275
0.199,18.0866,18.0866,4.6293,83.7282,85.0695,24.3147,4.6293,0.273333
0.1992,18.1313,18.1313,4.61614,83.6966,85.0695,24.3161,4.61614,0.271667
0.1994,18.0973,18.0973,4.63318,83.8482,85.0695,24.3149,4.63318,0.273333
0.1996,18.0476,18.0476,4.64313,83.7976,85.0695,24.3193,4.64313,0.275
0.1998,18.0938,18.0938,4.62799,83.7381,85.0695,24.3143,4.62799,0.273333
0.2,18.1379,18.1379,4.61439,83.6954,85.0695,24.3138,4.61439,0.271667
0.2002,18.0935,18.0935,4.63333,83.8333,85.0695,24.3149,4.63333,0.273333
0.2004,18.0447,18.0447,4.64596,83.8352,85.0695,24.3176,4.64596,0.275
0.2006,18.0897,18.0897,4.62582,83.6798,85.0695,24.3144,4.62582,0.273333
0.2008,18.1353,18.1353,4.6184,83.7561,85.0695,24.3156,4.6184,0.271667
0.201,18.0936,18.0936,4.63583,83.8787,85.0695,24.3154,4.63583,0.273333
0.2012,18.0408,18.0408,4.64395,83.7805,85.0695,24.3193,4.64395,0.275
0.2014,18.0866,18.0866,4.6293,83.7282,85.0695,24.3147,4.6293,0.273333
0.2016,18.1313,18.1313,4.61614,83.6966,85.0695,24.3161,4.61614,0.271667
0.2018,18.0973,18.0973,4.63318,83.8482,85.0695,24.3149,4.63318,0.273333
0.202,18.0476,18.0476,4.64313,83.7976,85.0695,24.3193,4.64313,0.275
0.2022,18.0938,18.0938,4.62799,83.7381,85.0695,24.3143,4.62799,0.273333
0.2024,18.1379,18.1379,4.61439,83.6954,85.0695,24.3138,4.61439,0.271667
0.2026,18.0935,18.0935,4.63333,83.8333,85.0695,24.3149,4.63333,0.273333
0.2028,18.0447,18.0447,4.64596,83.8352,85.0695,24.3176,4.64596,0.275
0.203,18.0897,18.0897,4.62582,83.6798,85.0695,24.3144,4.62582,0.273333
0.2032,18.1353,18.1353,4.6184,83.7561,85.0695,24.3156,4.6184,0.271667
0.2034,18.0936,18.0936,4.63583,83.8787,85.0695,24.3154,4.63583,0.273333
0.2036,18.0408,18.0408,4.64395,83.7805,85.0695,24.3193,4.64395,0.275
0.2038,18.0866,18.0866,4.6293,83.7282,85.0695,24.3147,4.6293,0.273333
0.204,18.1313,18.1313,4.61614,83.6966,85.0695,24.3161,4.61614,0.271667
0.2042,18.0973,18.0973,4.63318,83.8482,85.0695,24.3149,4.63318,0.273333
0.2044,18.0476,18.0476,4.64313,83.7976,85.0695,24.3193,4.64313,0.275
0.2046,18.0938,18.0938,4.62799,83.7381,85.0695,24.3143,4.62799,0.273333
0.2048,18.1379,18.1379,4.61439,83.6954,85.0695,24.3138,4.61439,0.271667
0.205,18.0935,18.0935,4.63333,83.8333,85.0695,24.3149,4.63333,0.273333
0.2052,18.0447,18.0447,4.64596,83.8352,85.0695,24.3176,4.64596,0.275
0.2054,18.0897,18.0897,4.62582,83.6798,85.0695,24.3144,4.62582,0.273333
0.2056,18.1353,18.1353,4.6184,83.7561,85.0695,24.3156,4.6184,0.271667
0.2058,18.0936,18.0936,4.63583,83.8787,85.0695,24.3154,4.63583,0.273333
0.206,18.0408,18.0408,4.64395,83.7805,85.0695,24.3193,4.64395,0.275
0.2062,18.0866,18.0866,4.6293,83.7282,85.0695,24.3147,4.6293,0.273333
0.2064,18.1313,18.1313,4.61614,83.6966,85.0695,24.3161,4.61614,0.271667
0.2066,18.0973,18.0973,4.63318,83.8482,85.0695,24.3149,4.63318,0.273333
0.2068,18.0476,18.0476,4.64313,83.7976,85.0695,24.3193,4.64313,0.275
0.207,18.0938,18.0938,4.62799,83.7381,85.0695,24.3143,4.62799,0.273333
0.2072,18.1379,18.1379,4.61439,83.6954,85.0695,24.3138,4.61439,0.271667
0.2074,18.0935,18.0935,4.63333,83.8333,85.0695,24.3149,4.63333,0.273333
0.2076,18.0447,18.0447,4.64596,83.8352,85.0695,24.3176,4.64596,0.275
0.2078,18.0897,18.0897,4.62582,83.6798,85.0695,24.3144,4.62582,0.273333
0.208,18.1353,18.1353,4.6184,83.7561,85.0695,24.3156,4.6184,0.271667
0.2082,18.0936,18.0936,4.63583,83.8787,85.0695,24.3154,4.63583,0.273333
0.2084,18.0408,18.0408,4.64395,83.7805,85.0695,24.3193,4.64395,0.275
0.2086,18.0866,18.0866,4.6293,83.7282,85.0695,24.3147,4.6293,0.273333
0.2088,18.1313,18.1313,4.61614,83.6966,85.0695,24.3161,4.61614,0.271667
0.209,18.0973,18.0973,4.63318,83.8482,85.0695,24.3149,4.63318,0.273333
0.2092,18.0476,18.0476,4.64313,83.7976,85.0695,24.3193,4.64313,0.275
0.2094,18.0938,18.0938,4.62799,83.7381,85.0695,24.3143,4.62799,0.273333
0.2096,18.1379,18.1379,4.61439,83.6954,85.0695,24.3138,4.61439,0.271667
0.2098,18.0935,18.0935,4.63333,83.8333,85.0695,24.3149,4.63333,0.273333
0.21,18.0447,18.0447,4.64596,83.8352,85.0695,24.3176,4.64596,0.275
0.2102,18.0897,18.0897,4.62582,83.6798,85.0695,24.3144,4.62582,0.273333
0.2104,18.1353,18.1353,4.6184,83.7561,85.0695,24.3156,4.6184,0.271667
0.2106,18.0936,18.0936,4.63583,83.8787,85.0695,24.3154,4.63583,0.273333
0.2108,18.0408,18.0408,4.64395,83.7805,85.0695,24.3193,4.64395,0.275
0.211,18.0866,18.0866,4.6293,83.7282,85.0695,24.3147,4.6293,0.273333
0.2112,18.1313,18.1313,4.61614,83.6966,85.0695,24.3161,4.61614,0.271667
0.2114,18.0973,18.0973,4.63318,83.8482,85.0695,24.3149,4.63318,0.273333
0.2116,18.0476,18.0476,4.64313,83.7976,85.0695,24.3193,4.64313,0.275
0.2118,18.0938,18.0938,4.62799,83.7381,85.0695,24.3143,4.62799,0.273333
0.212,18.1379,18.1379,4.61439,83.6954,85.0695,24.3138,4.61439,0.271667
0.2122,18.0935,18.0935,4.63333,83.8333,85.0695,24.3149,4.63333,0.273333
0.2124,18.0447,18.0447,4.64596,83.8352,85.0695,24.3176,4.64596,0.275
0.2126,18.0897,18.0897,4.62582,83.6798,85.0695,24.3144,4.62582,0.273333
0.2128,18.1353,18.1353,4.6184,83.7561,85.0695,24.3156,4.6184,0.271667
0.213,18.0936,18.0936,4.63583,83.8787,85.0695,24.3154,4.63583,0.273333
0.2132,18.0408,18.0408,4.64395,83.7805,85.0695,24.3193,4.64395,0.275
0.2134,18.0866,18.0866,4.6293,83.7282,85.0695,24.3147,4.6293,0.273333
0.2136,18.1313,18.1313,4.61614,83.6966,85.0695,24.3161,4.61614,0.271667
0.2138,18.0973,18.0973,4.63318,83.8482,85.0695,24.3149,4.63318,0.273333
0.214,18.0476,18.0476,4.64313,83.7976,85.0695,24.3193,4.64313,0.275
0.2142,18.0938,18.0938,4.62799,83.7381,85.0695,24.3143,4.62799,0.273333
0.2144,18.1379,18.1379,4.61439,83.6954,85.0695,24.3138,4.61439,0.271667
0.2146,18.0935,18.0935,4.63333,83.8333,85.0695,24.3149,4.63333,0.273333
0.2148,18.0447,18.0447,4.64596,83.8352,85.0695,24.3176,4.64596,0.275
0.215,18.0897,18.0897,4.62582,83.6798,85.0695,24.3144,4.62582,0.273333
0.2152,18.1353,18.1353,4.6184,83.7561,85.0695,24.3156,4.6184,0.271667
0.2154,18.0936,18.0936,4.63583,83.8787,85.0695,24.3154,4.63583,0.273333
0.2156,18.0408,18.0408,4.64395,83.7805,85.0695,24.3193,4.64395,0.275
0.2158,18.0866,18.0866,4.6293,83.7282,85.0695,24.3147,4.6293,0.273333
0.216,18.1313,18.1313,4.61614,83.6966,85.0695,24.3161,4.61614,0.271667
0.2162,18.0973,18.0973,4.63318,83.8482,85.0695,24.3149,4.63318,0.273333
0.2164,18.0476,18.0476,4.64313,83.7976,85.0695,24.3193,4.64313,0.275
0.2166,18.0938,18.0938,4.62799,83.7381,85.0695,24.3143,4.62799,0.273333
0.2168,18.1379,18.1379,4.61439,83.6954,85.0695,24.3138,4.61439,0.271667
0.217,18.0935,18.0935,4.63333,83.8333,85.0695,24.3149,4.63333,0.273333
0.2172,18.0447,18.0447,4.64596,83.8352,85.0695,24.3176,4.64596,0.275
0.2174,18.0897,18.0897,4.62582,83.6798,85.0695,24.3144,4.62582,0.273333
0.2176,18.1353,18.1353,4.6184,83.7561,85.0695,24.3156,4.6184,0.271667
0.2178,18.0936,18.0936,4.63583,83.8787,85.0695,24.3154,4.63583,0.273333
0.218,18.0408,18.0408,4.64395,83.7805,85.0695,24.3193,4.64395,0.275
0.2182,18.0866,18.0866,4.6293,83.7282,85.0695,24.3147,4.6293,0.273333
0.2184,18.1313,18.1313,4.61614,83.6966,85.0695,24.3161,4.61614,0.271667
0.2186,18.0973,18.0973,4.63318,83.8482,85.0695,24.3149,4.63318,0.273333
0.2188,18.0476,18.0476,4.64313,83.7976,85.0695,24.3193,4.64313,0.275
0.219,18.0938,18.0938,4.62799,83.7381,85.0695,24.3143,4.62799,0.273333
0.2192,18.1379,18.1379,4.61439,83.6954,85.0695,24.3138,4.61439,0.271667
0.2194,18.0935,18.0935,4.63333,83.8333,85.0695,24.3149,4.63333,0.273333
0.2196,18.0447,18.0447,4.64596,83.8352,85.0695,24.3176,4.64596,0.275
0.2198,18.0897,18.0897,4.62582,83.6798,85.0695,24.3144,4.62582,0.273333
0.22,18.1353,18.1353,4.6184,83.7561,85.0695,24.3156,4.6184,0.271667
0.2202,18.0936,18.0936,4.63583,83.8787,85.0695,24.3154,4.63583,0.273333
0.2204,18.0408,18.0408,4.64395,83.7805,85.0695,24.3193,4.64395,0.275
0.2206,18.0866,18.0866,4.6293,83.7282,85.0695,24.3147,4.6293,0.273333
0.2208,18.1313,18.1313,4.61614,83.6966,85.0695,24.3161,4.61614,0.271667
0.221,18.0973,18.0973,4.63318,83.8482,85.0695,24.3149,4.63318,0.273333
0.2212,18.0476,18.0476,4.64313,83.7976,85.0695,24.3193,4.64313,0.275
0.2214,18.0938,18.0938,4.62799,83.7381,85.0695,24.3143,4.62799,0.273333
0.2216,18.1379,18.1379,4.61439,83.6954,85.0695,24.3138,4.61439,0.271667
0.2218,18.0935,18.0935,4.63333,83.8333,85.0695,24.3149,4.63333,0.273333
0.222,18.0447,18.0447,4.64596,83.8352,85.0695,24.3176,4.64596,0.275
0.2222,18.0897,18.0897,4.62582,83.6798,85.0695,24.3144,4.62582,0.273333
0.2224,18.1353,18.1353,4.6184,83.7561,85.0695,24.3156,4.6184,0.271667
0.2226,18.0936,18.0936,4.63583,83.8787,85.0695,24.3154,4.63583,0.273333
0.2228,18.0408,18.0408,4.64395,83.7805,85.0695,24.3193,4.64395,0.275
0.223,18.0866,18.0866,4.6293,83.7282,85.0695,24.3147,4.6293,0.273333
0.2232,18.1313,18.1313,4.61614,83.6966,85.0695,24.3161,4.61614,0.271667
0.2234,18.0973,18.0973,4.63318,83.8482,85.0695,24.3149,4.63318,0.273333
0.2236,18.0476,18.0476,4.64313,83.7976,85.0695,24.3193,4.64313,0.275
0.2238,18.0938,18.0938,4.62799,83.7381,85.0695,24.3143,4.62799,0.273333
0.224,18.1379,18.1379,4.61439,83.6954,85.0695,24.3138,4.61439,0.271667
0.2242,18.0935,18.0935,4.63333,83.8333,85.0695,24.3149,4.63333,0.273333
0.2244,18.0447,18.0447,4.64596,83.8352,85.0695,24.3176,4.64596,0.275
0.2246,18.0897,18.0897,4.62582,83.6798,85.0695,24.3144,4.62582,0.273333
0.2248,18.1353,18.1353,4.6184,83.7561,85.0695,24.3156,4.6184,0.271667
0.225,18.0936,18.0936,4.63583,83.8787,85.0695,24.3154,4.63583,0.273333
0.2252,18.0408,18.0408,4.64395,83.7805,85.0695,24.3193,4.64395,0.275
0.2254,18.0866,18.0866,4.6293,83.7282,85.0695,24.3147,4.6293,0.273333
0.2256,18.1313,18.1313,4.61614,83.6966,85.0695,24.3161,4.61614,0.271667
0.2258,18.0973,18.0973,4.63318,83.8482,85.0695,24.3149,4.63318,0.273333
0.226,18.0476,18.0476,4.64313,83.7976,85.0695,24.3193,4.64313,0.275
0.2262,18.0938,18.0938,4.62799,83.7381,85.0695,24.3143,4.62799,0.273333
0.2264,18.1379,18.1379,4.61439,83.6954,85.0695,24.3138,4.61439,0.271667
0.2266,18.0935,18.0935,4.63333,83.8333,85.0695,24.3149,4.63333,0.273333
0.2268,18.0447,18.0447,4.64596,83.8352,85.0695,24.3176,4.64596,0.275
0.227,18.0897,18.0897,4.62582,83.6798,85.0695,24.3144,4.62582,0.273333
0.2272,18.1353,18.1353,4.6184,83.7561,85.0695,24.3156,4.6184,0.271667
0.2274,18.0936,18.0936,4.63583,83.8787,85.0695,24.3154,4.63583,0.273333
0.2276,18.0408,18.0408,4.64395,83.7805,85.0695,24.3193,4.64395,0.275
0.2278,18.0866,18.0866,4.6293,83.7282,85.0695,24.3147,4.6293,0.273333
0.228,18.1313,18.1313,4.61614,83.6966,85.0695,24.3161,4.61614,0.271667
0.2282,18.0973,18.0973,4.63318,83.8482,85.0695,24.3149,4.63318,0.273333
0.2284,18.0476,18.0476,4.64313,83.7976,85.0695,24.3193,4.64313,0.275
0.2286,18.0938,18.0938,4.62799,83.7381,85.0695,24.3143,4.62799,0.273333
0.2288,18.1379,18.1379,4.61439,83.6954,85.0695,24.3138,4.61439,0.271667
0.229,18.0935,18.0935,4.63333,83.8333,85.0695,24.3149,4.63333,0.273333
0.2292,18.0447,18.0447,4.64596,83.8352,85.0695,24.3176,4.64596,0.275
0.2294,18.0897,18.0897,4.62582,83.6798,85.0695,24.3144,4.62582,0.273333
0.2296,18.1353,18.1353,4.6184,83.7561,85.0695,24.3156,4.6184,0.271667
0.2298,18.0936,18.0936,4.63583,83.8787,85.0695,24.3154,4.63583,0.273333
0.23,18.0408,18.0408,4.64395,83.7805,85.0695,24.3193,4.64395,0.275
0.2302,18.0866,18.0866,4.6293,83.7282,85.0695,24.3147,4.6293,0.273333
0.2304,18.1313,18.1313,4.61614,83.6966,85.0695,24.3161,4.61614,0.271667
0.2306,18.0973,18.0973,4.63318,83.8482,85.0695,24.3149,4.63318,0.273333
0.2308,18.0476,18.0476,4.64313,83.7976,85.0695,24.3193,4.64313,0.275
0.231,18.0938,18.0938,4.62799,83.7381,85.0695,24.3143,4.62799,0.273333
0.2312,18.1379,18.1379,4.61439,83.6954,85.0695,24.3138,4.61439,0.271667
0.2314,18.0935,18.0935,4.63333,83.8333,85.0695,24.3149,4.63333,0.273333
0.2316,18.0447,18.0447,4.64596,83.8352,85.0695,24.3176,4.64596,0.275
0.2318,18.0897,18.0897,4.62582,83.6798,85.0695,24.3144,4.62582,0.273333
0.232,18.1353,18.1353,4.6184,83.7561,85.0695,24.3156,4.6184,0.271667
0.2322,18.0936,18.0936,4.63583,83.8787,85.0695,24.3154,4.63583,0.273333
0.2324,18.0408,18.0408,4.64395,83.7805,85.0695,24.3193,4.64395,0.275
0.2326,18.0866,18.0866,4.6293,83.7282,85.0695,24.3147,4.6293,0.273333
0.2328,18.1313,18.1313,4.61614,83.6966,85.0695,24.3161,4.61614,0.271667
0.233,18.0973,18.0973,4.63318,83.8482,85.0695,24.3149,4.63318,0.273333
0.2332,18.0476,18.0476,4.64313,83.7976,85.0695,24.3193,4.64313,0.275
0.2334,18.0938,18.0938,4.62799,83.7381,85.0695,24.3143,4.62799,0.273333
0.2336,18.1379,18.1379,4.61439,83.6954,85.0695,24.3138,4.61439,0.271667
0.2338,18.0935,18.0935,4.63333,83.8333,85.0695,24.3149,4.63333,0.273333
0.234,18.0447,18.0447,4.64596,83.8352,85.0695,24.3176,4.64596,0.275
0.2342,18.0897,18.0897,4.62582,83.6798,85.0695,24.3144,4.62582,0.273333
0.2344,18.1353,18.1353,4.6184,83.7561,85.0695,24.3156,4.6184,0.271667
0.2346,18.0936,18.0936,4.63583,83.8787,85.0695,24.3154,4.63583,0.273333
0.2348,18.0408,18.0408,4.64395,83.7805,85.0695,24.3193,4.64395,0.275
0.235,18.0866,18.0866,4.6293,83.7282,85.0695,24.3147,4.6293,0.273333
0.2352,18.1313,18.1313,4.61614,83.6966,85.0695,24.3161,4.61614,0.271667
0.2354,18.0973,18.0973,4.63318,83.8482,85.0695,24.3149,4.63318,0.273333
0.2356,18.0476,18.0476,4.64313,83.7976,85.0695,24.3193,4.64313,0.275
0.2358,18.0938,18.0938,4.62799,83.7381,85.0695,24.3143,4.62799,0.273333
0.236,18.1379,18.1379,4.61439,83.6954,85.0695,24.3138,4.61439,0.271667
0.2362,18.0935,18.0935,4.63333,83.8333,85.0695,24.3149,4.63333,0.273333
0.2364,18.0447,18.0447,4.64596,83.8352,85.0695,24.3176,4.64596,0.275
0.2366,18.0897,18.0897,4.62582,83.6798,85.0695,24.3144,4.62582,0.273333
0.2368,18.1353,18.1353,4.6184,83.7561,85.0695,24.3156,4.6184,0.271667
0.237,18.0936,18.0936,4.63583,83.8787,85.0695,24.3154,4.63583,0.273333
0.2372,18.0408,18.0408,4.64395,83.7805,85.0695,24.3193,4.64395,0.275
0.2374,18.0866,18.0866,4.6293,83.7282,85.0695,24.3147,4.6293,0.273333
0.2376,18.1313,18.1313,4.61614,83.6966,85.0695,24.3161,4.61614,0.271667
0.2378,18.0973,18.0973,4.63318,83.8482,85.0695,24.3149,4.63318,0.273333
0.238,18.0476,18.0476,4.64313,83.7976,85.0695,24.3193,4.64313,0.275
0.2382,18.0938,18.0938,4.62799,83.7381,85.0695,24.3143,4.62799,0.273333
0.2384,18.1379,18.1379,4.61439,83.6954,85.0695,24.3138,4.61439,0.271667
0.2386,18.0935,18.0935,4.63333,83.8333,85.0695,24.3149,4.63333,0.273333
0.2388,18.0447,18.0447,4.64596,83.8352,85.0695,24.3176,4.64596,0.275
0.239,18.0897,18.0897,4.62582,83.6798,85.0695,24.3144,4.62582,0.273333
0.2392,18.1353,18.1353,4.6184,83.7561,85.0695,24.3156,4.6184,0.271667
0.2394,18.0936,18.0936,4.63583,83.8787,85.0695,24.3154,4.63583,0.273333
0.2396,18.0408,18.0408,4.64395,83.7805,85.0695,24.3193,4.64395,0.275
0.2398,18.0866,18.0866,4.6293,83.7282,85.0695,24.3147,4.6293,0.273333
0.24,18.1313,18.1313,4.61614,83.6966,85.0695,24.3161,4.61614,0.271667
0.2402,18.0973,18.0973,4.63318,83.8482,85.0695,24.3149,4.63318,0.273333
0.2404,18.0476,18.0476,4.64313,83.7976,85.0695,24.3193,4.64313,0.275
0.2406,18.0938,18.0938,4.62799,83.7381,85.0695,24.3143,4.62799,0.273333
0.2408,18.1379,18.1379,4.61439,83.6954,85.0695,24.3138,4.61439,0.271667
0.241,18.0935,18.0935,4.63333,83.8333,85.0695,24.3149,4.63333,0.273333
0.2412,18.0447,18.0447,4.64596,83.8352,85.0695,24.3176,4.64596,0.275
0.2414,18.0897,18.0897,4.62582,83.6798,85.0695,24.3144,4.62582,0.273333
0.2416,18.1353,18.1353,4.6184,83.7561,85.0695,24.3156,4.6184,0.271667
0.2418,18.0936,18.0936,4.63583,83.8787,85.0695,24.3154,4.63583,0.273333
0.242,18.0408,18.0408,4.64395,83.7805,85.0695,24.3193,4.64395,0.275
0.2422,18.0866,18.0866,4.6293,83.7282,85.0695,24.3147,4.6293,0.273333
0.2424,18.1313,18.1313,4.61614,83.6966,85.0695,24.3161,4.61614,0.271667
0.2426,18.0973,18.0973,4.63318,83.8482,85.0695,24.3149,4.63318,0.273333
0.2428,18.0476,18.0476,4.64313,83.7976,85.0695,24.3193,4.64313,0.275
0.243,18.0938,18.0938,4.62799,83.7381,85.0695,24.3143,4.62799,0.273333
0.2432,18.1379,18.1379,4.61439,83.6954,85.0695,24.3138,4.61439,0.271667
0.2434,18.0935,18.0935,4.63333,83.8333,85.0695,24.3149,4.63333,0.273333
0.2436,18.0447,18.0447,4.64596,83.8352,85.0695,24.3176,4.64596,0.275
0.2438,18.0897,18.0897,4.62582,83.6798,85.0695,24.3144,4.62582,0.273333
0.244,18.1353,18.1353,4.6184,83.7561,85.0695,24.3156,4.6184,0.271667
0.2442,18.0936,18.0936,4.63583,83.8787,85.0695,24.3154,4.63583,0.273333
0.2444,18.0408,18.0408,4.64395,83.7805,85.0695,24.3193,4.64395,0.275
0.2446,18.0866,18.0866,4.6293,83.7282,85.0695,24.3147,4.6293,0.273333
0.2448,18.1313,18.1313,4.61614,83.6966,85.0695,24.3161,4.61614,0.271667
0.245,18.0973,18.0973,4.63318,83.8482,85.0695,24.3149,4.63318,0.273333
0.2452,18.0476,18.0476,4.64313,83.7976,85.0695,24.3193,4.64313,0.275
0.2454,18.0938,18.0938,4.62799,83.7381,85.0695,24.3143,4.62799,0.273333
0.2456,18.1379,18.1379,4.61439,83.6954,85.0695,24.3138,4.61439,0.271667
0.2458,18.0935,18.0935,4.63333,83.8333,85.0695,24.3149,4.63333,0.273333
0.246,18.0447,18.0447,4.64596,83.8352,85.0695,24.3176,4.64596,0.275
0.2462,18.0897,18.0897,4.62582,83.6798,85.0695,24.3144,4.62582,0.273333
0.2464,18.1353,18.1353,4.6184,83.7561,85.0695,24.3156,4.6184,0.271667
0.2466,18.0936,18.0936,4.63583,83.8787,85.0695,24.3154,4.63583,0.273333
0.2468,18.0408,18.0408,4.64395,83.7805,85.0695,24.3193,4.64395,0.275
0.247,18.0866,18.0866,4.6293,83.7282,85.0695,24.3147,4.6293,0.273333
0.2472,18.1313,18.1313,4.61614,83.6966,85.0695,24.3161,4.61614,0.271667
0.2474,18.0973,18.0973,4.63318,83.8482,85.0695,24.3149,4.63318,0.273333
0.2476,18.0476,18.0476,4.64313,83.7976,85.0695,24.3193,4.64313,0.275
0.2478,18.0938,18.0938,4.62799,83.7381,85.0695,24.3143,4.62799,0.273333
0.248,18.1379,18.1379,4.61439,83.6954,85.0695,24.3138,4.61439,0.271667
0.2482,18.0935,18.0935,4.63333,83.8333,85.0695,24.3149,4.63333,0.273333
0.2484,18.0447,18.0447,4.64596,83.8352,85.0695,24.3176,4.64596,0.275
0.2486,18.0897,18.0897,4.62582,83.6798,85.0695,24.3144,4.62582,0.273333
0.2488,18.1353,18.1353,4.6184,83.7561,85.0695,24.3156,4.6184,0.271667
0.249,18.0936,18.0936,4.63583,83.8787,85.0695,24.3154,4.63583,0.273333
0.2492,18.0408,18.0408,4.64395,83.7805,85.0695,24.3193,4.64395,0.275
0.2494,18.0866,18.0866,4.6293,83.7282,85.0695,24.3147,4.6293,0.273333
0.2496,18.1313,18.1313,4.61614,83.6966,85.0695,24.3161,4.61614,0.271667
0.2498,18.0973,18.0973,4.63318,83.8482,85.0695,24.3149,4.63318,0.273333
0.25,18.0476,18.0476,4.64313,83.7976,85.0695,24.3193,4.64313,0.275
0.2502,18.0938,18.0938,4.62799,83.7381,85.0695,24.3143,4.62799,0.273333
0.2504,18.1379,18.1379,4.61439,83.6954,85.0695,24.3138,4.61439,0.271667
0.2506,18.0935,18.0935,4.63333,83.8333,85.0695,24.3149,4.63333,0.273333
0.2508,18.0447,18.0447,4.64596,83.8352,85.0695,24.3176,4.64596,0.275
0.251,18.0897,18.0897,4.62582,83.6798,85.0695,24.3144,4.62582,0.273333
0.2512,18.1353,18.1353,4.6184,83.7561,85.0695,24.3156,4.6184,0.271667
0.2514,18.0936,18.0936,4.63583,83.8787,85.0695,24.3154,4.63583,0.273333
0.2516,18.0408,18.0408,4.64395,83.7805,85.0695,24.3193,4.64395,0.275
0.2518,18.0866,18.0866,4.6293,83.7282,85.0695,24.3147,4.6293,0.273333
0.252,18.1313,18.1313,4.61614,83.6966,85.0695,24.3161,4.61614,0.271667
0.2522,18.0973,18.0973,4.63318,83.8482,85.0695,24.3149,4.63318,0.273333
0.2524,18.0476,18.0476,4.64313,83.7976,85.0695,24.3193,4.64313,0.275
0.2526,18.0938,18.0938,4.62799,83.7381,85.0695,24.3143,4.62799,0.273333
0.2528,18.1379,18.1379,4.61439,83.6954,85.0695,24.3138,4.61439,0.271667
0.253,18.0935,18.0935,4.63333,83.8333,85.0695,24.3149,4.63333,0.273333
0.2532,18.0447,18.0447,4.64596,83.8352,85.0695,24.3176,4.64596,0.275
0.2534,18.0897,18.0897,4.62582,83.6798,85.0695,24.3144,4.62582,0.273333
0.2536,18.1353,18.1353,4.6184,83.7561,85.0695,24.3156,4.6184,0.271667
0.2538,18.0936,18.0936,4.63583,83.8787,85.0695,24.3154,4.63583,0.273333
0.254,18.0408,18.0408,4.64395,83.7805,85.0695,24.3193,4.64395,0.275
0.2542,18.0866,18.0866,4.6293,83.7282,85.0695,24.3147,4.6293,0.273333
0.2544,18.1313,18.1313,4.61614,83.6966,85.0695,24.3161,4.61614,0.271667
0.2546,18.0973,18.0973,4.63318,83.8482,85.0695,24.3149,4.63318,0.273333
0.2548,18.0476,18.0476,4.64313,83.7976,85.0695,24.3193,4.64313,0.275
0.255,18.0938,18.0938,4.62799,83.7381,85.0695,24.3143,4.62799,0.273333
0.2552,18.1379,18.1379,4.61439,83.6954,85.0695,24.3138,4.61439,0.271667
0.2554,18.0935,18.0935,4.63333,83.8333,85.0695,24.3149,4.63333,0.273333
0.2556,18.0447,18.0447,4.64596,83.8352,85.0695,24.3176,4.64596,0.275
0.2558,18.0897,18.0897,4.62582,83.6798,85.0695,24.3144,4.62582,0.273333
0.256,18.1353,18.1353,4.6184,83.7561,85.0695,24.3156,4.6184,0.271667
0.2562,18.0936,18.0936,4.63583,83.8787,85.0695,24.3154,4.63583,0.273333
0.2564,18.0408,18.0408,4.64395,83.7805,85.0695,24.3193,4.64395,0.275
0.2566,18.0866,18.0866,4.6293,83.7282,85.0695,24.3147,4.6293,0.273333
0.2568,18.1313,18.1313,4.61614,83.6966,85.0695,24.3161,4.61614,0.271667
0.257,18.0973,18.0973,4.63318,83.8482,85.0695,24.3149,4.63318,0.273333
0.2572,18.0476,18.0476,4.64313,83.7976,85.0695,24.3193,4.64313,0.275
0.2574,18.0938,18.0938,4.62799,83.7381,85.0695,24.3143,4.62799,0.273333
0.2576,18.1379,18.1379,4.61439,83.6954,85.0695,24.3138,4.61439,0.271667
0.2578,18.0935,18.0935,4.63333,83.8333,85.0695,24.3149,4.63333,0.273333
0.258,18.0447,18.0447,4.64596,83.8352,85.0695,24.3176,4.64596,0.275
0.2582,18.0897,18.0897,4.62582,83.6798,85.0695,24.3144,4.62582,0.273333
0.2584,18.1353,18.1353,4.6184,83.7561,85.0695,24.3156,4.6184,0.271667
0.2586,18.0936,18.0936,4.63583,83.8787,85.0695,24.3154,4.63583,0.273333
0.2588,18.0408,18.0408,4.64395,83.7805,85.0695,24.3193,4.64395,0.275
0.259,18.0866,18.0866,4.6293,83.7282,85.0695,24.3147,4.6293,0.273333
0.2592,18.1313,18.1313,4.61614,83.6966,85.0695,24.3161,4.61614,0.271667
0.2594,18.0973,18.0973,4.63318,83.8482,85.0695,24.3149,4.63318,0.273333
0.2596,18.0476,18.0476,4.64313,83.7976,85.0695,24.3193,4.64313,0.275
0.2598,18.0938,18.0938,4.62799,83.7381,85.0695,24.3143,4.62799,0.273333
0.26,18.1379,18.1379,4.61439,83.6954,85.0695,24.3138,4.61439,0.271667
0.2602,18.0935,18.0935,4.63333,83.8333,85.0695,24.3149,4.63333,0.273333
0.2604,18.0447,18.0447,4.64596,83.8352,85.0695,24.3176,4.64596,0.275
0.2606,18.0897,18.0897,4.62582,83.6798,85.0695,24.3144,4.62582,0.273333
0.2608,18.1353,18.1353,4.6184,83.7561,85.0695,24.3156,4.6184,0.271667
0.261,18.0936,18.0936,4.63583,83.8787,85.0695,24.3154,4.63583,0.273333
0.2612,18.0408,18.0408,4.64395,83.7805,85.0695,24.3193,4.64395,0.275
0.2614,18.0866,18.0866,4.6293,83.7282,85.0695,24.3147,4.6293,0.273333
0.2616,18.1313,18.1313,4.61614,83.6966,85.0695,24.3161,4.61614,0.271667
0.2618,18.0973,18.0973,4.63318,83.8482,85.0695,24.3149,4.63318,0.273333
0.262,18.0476,18.0476,4.64313,83.7976,85.0695,24.3193,4.64313,0.275
0.2622,18.0938,18.0938,4.62799,83.7381,85.0695,24.3143,4.62799,0.273333
0.2624,18.1379,18.1379,4.61439,83.6954,85.0695,24.3138,4.61439,0.271667
0.2626,18.0935,18.0935,4.63333,83.8333,85.0695,24.3149,4.63333,0.273333
0.2628,18.0447,18.0447,4.64596,83.8352,85.0695,24.3176,4.64596,0.275
0.263,18.0897,18.0897,4.62582,83.6798,85.0695,24.3144,4.62582,0.273333
0.2632,18.1353,18.1353,4.6184,83.7561,85.0695,24.3156,4.6184,0.271667
0.2634,18.0936,18.0936,4.63583,83.8787,85.0695,24.3154,4.63583,0.273333
0.2636,18.0408,18.0408,4.64395,83.7805,85.0695,24.3193,4.64395,0.275
0.2638,18.0866,18.0866,4.6293,83.7282,85.0695,24.3147,4.6293,0.273333
0.264,18.1313,18.1313,4.61614,83.6966,85.0695,24.3161,4.61614,0.271667
0.2642,18.0973,18.0973,4.63318,83.8482,85.0695,24.3149,4.63318,0.273333
0.2644,18.0476,18.0476,4.64313,83.7976,85.0695,24.3193,4.64313,0.275
0.2646,18.0938,18.0938,4.62799,83.7381,85.0695,24.3143,4.62799,0.273333
0.2648,18.1379,18.1379,4.61439,83.6954,85.0695,24.3138,4.61439,0.271667
0.265,18.0935,18.0935,4.63333,83.8333,85.0695,24.3149,4.63333,0.273333
0.2652,18.0447,18.0447,4.64596,83.8352,85.0695,24.3176,4.64596,0.275
0.2654,18.0897,18.0897,4.62582,83.6798,85.0695,24.3144,4.62582,0.273333
0.2656,18.1353,18.1353,4.6184,83.7561,85.0695,24.3156,4.6184,0.271667
0.2658,18.0936,18.0936,4.63583,83.8787,85.0695,24.3154,4.63583,0.273333
0.266,18.0408,18.0408,4.64395,83.7805,85.0695,24.3193,4.64395,0.275
0.2662,18.0866,18.0866,4.6293,83.7282,85.0695,24.3147,4.6293,0.273333
0.2664,18.1313,18.1313,4.61614,83.6966,85.0695,24.3161,4.61614,0.271667
0.2666,18.0973,18.0973,4.63318,83.8482,85.0695,24.3149,4.63318,0.273333
0.2668,18.0476,18.0476,4.64313,83.7976,85.0695,24.3193,4.64313,0.275
0.267,18.0938,18.0938,4.62799,83.7381,85.0695,24.3143,4.62799,0.273333
0.2672,18.1379,18.1379,4.61439,83.6954,85.0695,24.3138,4.61439,0.271667
0.2674,18.0935,18.0935,4.63333,83.8333,85.0695,24.3149,4.63333,0.273333
0.2676,18.0447,18.0447,4.64596,83.8352,85.0695,24.3176,4.64596,0.275
0.2678,18.0897,18.0897,4.62582,83.6798,85.0695,24.3144,4.62582,0.273333
0.268,18.1353,18.1353,4.6184,83.7561,85.0695,24.3156,4.6184,0.271667
0.2682,18.0936,18.0936,4.63583,83.8787,85.0695,24.3154,4.63583,0.273333
0.2684,18.0408,18.0408,4.64395,83.7805,85.0695,24.3193,4.64395,0.275
0.2686,18.0866,18.0866,4.6293,83.7282,85.0695,24.3147,4.6293,0.273333
0.2688,18.1313,18.1313,4.61614,83.6966,85.0695,24.3161,4.61614,0.271667
0.269,18.0973,18.0973,4.63318,83.8482,85.0695,24.3149,4.63318,0.273333
0.2692,18.0476,18.0476,4.64313,83.7976,85.0695,24.3193,4.64313,0.275
0.2694,18.0938,18.0938,4.62799,83.7381,85.0695,24.3143,4.62799,0.273333
0.2696,18.1379,18.1379,4.61439,83.6954,85.0695,24.3138,4.61439,0.271667
0.2698,18.0935,18.0935,4.63333,83.8333,85.0695,24.3149,4.63333,0.273333
0.27,18.0447,18.0447,4.64596,83.8352,85.0695,24.3176,4.64596,0.275
0.2702,18.0897,18.0897,4.62582,83.6798,85.0695,24.3144,4.62582,0.273333
0.2704,18.1353,18.1353,4.6184,83.7561,85.0695,24.3156,4.6184,0.271667
0.2706,18.0936,18.0936,4.63583,83.8787,85.0695,24.3154,4.63583,0.273333
0.2708,18.0408,18.0408,4.64395,83.7805,85.0695,24.3193,4.64395,0.275
0.271,18.0866,18.0866,4.6293,83.7282,85.0695,24.3147,4.6293,0.273333
0.2712,18.1313,18.1313,4.61614,83.6966,85.0695,24.3161,4.61614,0.271667
0.2714,18.0973,18.0973,4.63318,83.8482,85.0695,24.3149,4.63318,0.273333
0.2716,18.0476,18.0476,4.64313,83.7976,85.0695,24.3193,4.64313,0.275
0.2718,18.0938,18.0938,4.62799,83.7381,85.0695,24.3143,4.62799,0.273333
0.272,18.1379,18.1379,4.61439,83.6954,85.0695,24.3138,4.61439,0.271667
0.2722,18.0935,18.0935,4.63333,83.8333,85.0695,24.3149,4.63333,0.273333
0.2724,18.0447,18.0447,4.64596,83.8352,85.0695,24.3176,4.64596,0.275
0.2726,18.0897,18.0897,4.62582,83.6798,85.0695,24.3144,4.62582,0.273333
0.2728,18.1353,18.1353,4.6184,83.7561,85.0695,24.3156,4.6184,0.271667
0.273,18.0936,18.0936,4.63583,83.8787,85.0695,24.3154,4.63583,0.273333
0.2732,18.0408,18.0408,4.64395,83.7805,85.0695,24.3193,4.64395,0.275
0.2734,18.0866,18.0866,4.6293,83.7282,85.0695,24.3147,4.6293,0.273333
0.2736,18.1313,18.1313,4.61614,83.6966,85.0695,24.3161,4.61614,0.271667
0.2738,18.0973,18.0973,4.63318,83.8482,85.0695,24.3149,4.63318,0.273333
0.274,18.0476,18.0476,4.64313,83.7976,85.0695,24.3193,4.64313,0.275
0.2742,18.0938,18.0938,4.62799,83.7381,85.0695,24.3143,4.62799,0.273333
0.2744,18.1379,18.1379,4.61439,83.6954,85.0695,24.3138,4.61439,0.271667
0.2746,18.0935,18.0935,4.63333,83.8333,85.0695,24.3149,4.63333,0.273333
0.2748,18.0447,18.0447,4.64596,83.8352,85.0695,24.3176,4.64596,0.275
0.275,18.0897,18.0897,4.62582,83.6798,85.0695,24.3144,4.62582,0.273333
0.2752,18.1353,18.1353,4.6184,83.7561,85.0695,24.3156,4.6184,0.271667
0.2754,18.0936,18.0936,4.63583,83.8787,85.0695,24.3154,4.63583,0.273333
0.2756,18.0408,18.0408,4.64395,83.7805,85.0695,24.3193,4.64395,0.275
0.2758,18.0866,18.0866,4.6293,83.7282,85.0695,24.3147,4.6293,0.273333
0.276,18.1313,18.1313,4.61614,83.6966,85.0695,24.3161,4.61614,0.271667
0.2762,18.0973,18.0973,4.63318,83.8482,85.0695,24.3149,4.63318,0.273333
0.2764,18.0476,18.0476,4.64313,83.7976,85.0695,24.3193,4.64313,0.275
0.2766,18.0938,18.0938,4.62799,83.7381,85.0695,24.3143,4.62799,0.273333
0.2768,18.1379,18.1379,4.61439,83.6954,85.0695,24.3138,4.61439,0.271667
0.277,18.0935,18.0935,4.63333,83.8333,85.0695,24.3149,4.63333,0.273333
0.2772,18.0447,18.0447,4.64596,83.8352,85.0695,24.3176,4.64596,0.275
0.2774,18.0897,18.0897,4.62582,83.6798,85.0695,24.3144,4.62582,0.273333
0.2776,18.1353,18.1353,4.6184,83.7561,85.0695,24.3156,4.6184,0.271667
0.2778,18.0936,18.0936,4.63583,83.8787,85.0695,24.3154,4.63583,0.273333
0.278,18.0408,18.0408,4.64395,83.7805,85.0695,24.3193,4.64395,0.275
0.2782,18.0866,18.0866,4.6293,83.7282,85.0695,24.3147,4.6293,0.273333
0.2784,18.1313,18.1313,4.61614,83.6966,85.0695,24.3161,4.61614,0.271667
0.2786,18.0973,18.0973,4.63318,83.8482,85.0695,24.3149,4.63318,0.273333
0.2788,18.0476,18.0476,4.64313,83.7976,85.0695,24.3193,4.64313,0.275
0.279,18.0938,18.0938,4.62799,83.7381,85.0695,24.3143,4.62799,0.273333
0.2792,18.1379,18.1379,4.61439,83.6954,85.0695,24.3138,4.61439,0.271667
0.2794,18.0935,18.0935,4.63333,83.8333,85.0695,24.3149,4.63333,0.273333
0.2796,18.0447,18.0447,4.64596,83.8352,85.0695,24.3176,4.64596,0.275
0.2798,18.0897,18.0897,4.62582,83.6798,85.0695,24.3144,4.62582,0.273333
0.28,18.1353,18.1353,4.6184,83.7561,85.0695,24.3156,4.6184,0.271667
0.2802,18.0936,18.0936,4.63583,83.8787,85.0695,24.3154,4.63583,0.273333
0.2804,18.0408,18.0408,4.64395,83.7805,85.0695,24.3193,4.64395,0.275
0.2806,18.0866,18.0866,4.6293,83.7282,85.0695,24.3147,4.6293,0.273333
0.2808,18.1313,18.1313,4.61614,83.6966,85.0695,24.3161,4.61614,0.271667
0.281,18.0973,18.0973,4.63318,83.8482,85.0695,24.3149,4.63318,0.273333
0.2812,18.0476,18.0476,4.64313,83.7976,85.0695,24.3193,4.64313,0.275
0.2814,18.0938,18.0938,4.62799,83.7381,85.0695,24.3143,4.62799,0.273333
0.2816,18.1379,18.1379,4.61439,83.6954,85.0695,24.3138,4.61439,0.271667
0.2818,18.0935,18.0935,4.63333,83.8333,85.0695,24.3149,4.63333,0.273333
0.282,18.0447,18.0447,4.64596,83.8352,85.0695,24.3176,4.64596,0.275
0.2822,18.0897,18.0897,4.62582,83.6798,85.0695,24.3144,4.62582,0.273333
0.2824,18.1353,18.1353,4.6184,83.7561,85.0695,24.3156,4.6184,0.271667
0.2826,18.0936,18.0936,4.63583,83.8787,85.0695,24.3154,4.63583,0.273333
0.2828,18.0408,18.0408,4.64395,83.7805,85.0695,24.3193,4.64395,0.275
0.283,18.0866,18.0866,4.6293,83.7282,85.0695,24.3147,4.6293,0.273333
0.2832,18.1313,18.1313,4.61614,83.6966,85.0695,24.3161,4.61614,0.271667
0.2834,18.0973,18.0973,4.63318,83.8482,85.0695,24.3149,4.63318,0.273333
0.2836,18.0476,18.0476,4.64313,83.7976,85.0695,24.3193,4.64313,0.275
0.2838,18.0938,18.0938,4.62799,83.7381,85.0695,24.3143,4.62799,0.273333
0.284,18.1379,18.1379,4.61439,83.6954,85.0695,24.3138,4.61439,0.271667
0.2842,18.0935,18.0935,4.63333,83.8333,85.0695,24.3149,4.63333,0.273333
0.2844,18.0447,18.0447,4.64596,83.8352,85.0695,24.3176,4.64596,0.275
0.2846,18.0897,18.0897,4.62582,83.6798,85.0695,24.3144,4.62582,0.273333
0.2848,18.1353,18.1353,4.6184,83.7561,85.0695,24.3156,4.6184,0.271667
0.285,18.0936,18.0936,4.63583,83.8787,85.0695,24.3154,4.63583,0.273333
0.2852,18.0408,18.0408,4.64395,83.7805,85.0695,24.3193,4.64395,0.275
0.2854,18.0866,18.0866,4.6293,83.7282,85.0695,24.3147,4.6293,0.273333
0.2856,18.1313,18.1313,4.61614,83.6966,85.0695,24.3161,4.61614,0.271667
0.2858,18.0973,18.0973,4.63318,83.8482,85.0695,24.3149,4.63318,0.273333
0.286,18.0476,18.0476,4.64313,83.7976,85.0695,24.3193,4.64313,0.275
0.2862,18.0938,18.0938,4.62799,83.7381,85.0695,24.3143,4.62799,0.273333
0.2864,18.1379,18.1379,4.61439,83.6954,85.0695,24.3138,4.61439,0.271667
0.2866,18.0935,18.0935,4.63333,83.8333,85.0695,24.3149,4.63333,0.273333
0.2868,18.0447,18.0447,4.64596,83.8352,85.0695,24.3176,4.64596,0.275
0.287,18.0897,18.0897,4.62582,83.6798,85.0695,24.3144,4.62582,0.273333
0.2872,18.1353,18.1353,4.6184,83.7561,85.0695,24.3156,4.6184,0.271667
0.2874,18.0936,18.0936,4.63583,83.8787,85.0695,24.3154,4.63583,0.273333
0.2876,18.0408,18.0408,4.64395,83.7805,85.0695,24.3193,4.64395,0.275
0.2878,18.0866,18.0866,4.6293,83.7282,85.0695,24.3147,4.6293,0.273333
0.288,18.1313,18.1313,4.61614,83.6966,85.0695,24.3161,4.61614,0.271667
0.2882,18.0973,18.0973,4.63318,83.8482,85.0695,24.3149,4.63318,0.273333
0.2884,18.0476,18.0476,4.64313,83.7976,85.0695,24.3193,4.64313,0.275
0.2886,18.0938,18.0938,4.62799,83.7381,85.0695,24.3143,4.62799,0.273333
0.2888,18.1379,18.1379,4.61439,83.6954,85.0695,24.3138,4.61439,0.271667
0.289,18.0935,18.0935,4.63333,83.8333,85.0695,24.3149,4.63333,0.273333
0.2892,18.0447,18.0447,4.64596,83.8352,85.0695,24.3176,4.64596,0.275
0.2894,18.0897,18.0897,4.62582,83.6798,85.0695,24.3144,4.62582,0.273333
0.2896,18.1353,18.1353,4.6184,83.7561,85.0695,24.3156,4.6184,0.271667
0.2898,18.0936,18.0936,4.63583,83.8787,85.0695,24.3154,4.63583,0.273333
0.29,18.0408,18.0408,4.64395,83.7805,85.0695,24.3193,4.64395,0.275
0.2902,18.0866,18.0866,4.6293,83.7282,85.0695,24.3147,4.6293,0.273333
0.2904,18.1313,18.1313,4.61614,83.6966,85.0695,24.3161,4.61614,0.271667
0.2906,18.0973,18.0973,4.63318,83.8482,85.0695,24.3149,4.63318,0.273333
0.2908,18.0476,18.0476,4.64313,83.7976,85.0695,24.3193,4.64313,0.275
0.291,18.0938,18.0938,4.62799,83.7381,85.0695,24.3143,4.62799,0.273333
0.2912,18.1379,18.1379,4.61439,83.6954,85.0695,24.3138,4.61439,0.271667
0.2914,18.0935,18.0935,4.63333,83.8333,85.0695,24.3149,4.63333,0.273333
0.2916,18.0447,18.0447,4.64596,83.8352,85.0695,24.3176,4.64596,0.275
0.2918,18.0897,18.0897,4.62582,83.6798,85.0695,24.3144,4.62582,0.273333
0.292,18.1353,18.1353,4.6184,83.7561,85.0695,24.3156,4.6184,0.271667
0.2922,18.0936,18.0936,4.63583,83.8787,85.0695,24.3154,4.63583,0.273333
0.2924,18.0408,18.0408,4.64395,83.7805,85.0695,24.3193,4.64395,0.275
0.2926,18.0866,18.0866,4.6293,83.7282,85.0695,24.3147,4.6293,0.273333
0.2928,18.1313,18.1313,4.61614,83.6966,85.0695,24.3161,4.61614,0.271667
0.293,18.0973,18.0973,4.63318,83.8482,85.0695,24.3149,4.63318,0.273333
0.2932,18.0476,18.0476,4.64313,83.7976,85.0695,24.3193,4.64313,0.275
0.2934,18.0938,18.0938,4.62799,83.7381,85.0695,24.3143,4.62799,0.273333
0.2936,18.1379,18.1379,4.61439,83.6954,85.0695,24.3138,4.61439,0.271667
0.2938,18.0935,18.0935,4.63333,83.8333,85.0695,24.3149,4.63333,0.273333
0.294,18.0447,18.0447,4.64596,83.8352,85.0695,24.3176,4.64596,0.275
0.2942,18.0897,18.0897,4.62582,83.6798,85.0695,24.3144,4.62582,0.273333
0.2944,18.1353,18.1353,4.6184,83.7561,85.0695,24.3156,4.6184,0.271667
0.2946,18.0936,18.0936,4.63583,83.8787,85.0695,24.3154,4.63583,0.273333
0.2948,18.0408,18.0408,4.64395,83.7805,85.0695,24.3193,4.64395,0.275
0.295,18.0866,18.0866,4.6293,83.7282,85.0695,24.3147,4.6293,0.273333
0.2952,18.1313,18.1313,4.61614,83.6966,85.0695,24.3161,4.61614,0.271667
0.2954,18.0973,18.0973,4.63318,83.8482,85.0695,24.3149,4.63318,0.273333
0.2956,18.0476,18.0476,4.64313,83.7976,85.0695,24.3193,4.64313,0.275
0.2958,18.0938,18.0938,4.62799,83.7381,85.0695,24.3143,4.62799,0.273333
0.296,18.1379,18.1379,4.61291,83.6685,85.0695,24.3173,4.61291,0.271667
0.2962,18.0901,18.0901,4.6319,83.7913,85.0695,24.3188,4.6319,0.273333
0.2964,18.0438,18.0438,4.64462,83.8067,85.0695,24.3197,4.64462,0.275
0.2966,18.0852,18.0852,4.62656,83.6724,85.0695,24.3184,4.62656,0.273333
0.2968,18.1397,18.1397,4.61224,83.6647,85.0695,24.3173,4.61224,0.271667
0.297,18.0977,18.0977,4.62907,83.7753,85.0695,24.3184,4.62907,0.273333
0.2972,18.0492,18.0492,4.64354,83.8123,85.0695,24.3194,4.64354,0.275
0.2974,18.095,18.095,4.62571,83.7024,85.0695,24.3182,4.62571,0.273333
0.2976,18.1301,18.1301,4.61629,83.694,85.0695,24.3178,4.61629,0.271667
0.2978,18.0891,18.0891,4.63837,83.9039,85.0695,24.3192,4.63837,0.273333
0.298,18.0387,18.0387,4.64099,83.7174,85.0695,24.3194,4.64099,0.275
0.2982,18.0938,18.0938,4.62516,83.6868,85.0695,24.3182,4.62516,0.273333
0.2984,18.1294,18.1294,4.61735,83.7099,85.0695,24.3178,4.61735,0.271667
0.2986,18.0843,18.0843,4.63753,83.8664,85.0695,24.3191,4.63753,0.273333
0.2988,18.0402,18.0402,4.64471,83.7915,85.0695,24.3196,4.64471,0.275
0.299,18.0943,18.0943,4.62594,83.7031,85.0695,24.3183,4.62594,0.273333
0.2992,18.1301,18.1301,4.61623,83.6928,85.0695,24.3178,4.61623,0.271667
0.2994,18.0892,18.0892,4.63837,83.9042,85.0695,24.3192,4.63837,0.273333
0.2996,18.0387,18.0387,4.64099,83.7174,85.0695,24.3194,4.64099,0.275
0.2998,18.0938,18.0938,4.62515,83.6867,85.0695,24.3182,4.62515,0.273333
0.3,18.1294,18.1294,4.61735,83.7099,85.0695,24.3178,4.61735,0.271667
0.3002,18.0843,18.0843,4.63753,83.8664,85.0695,24.3191,4.63753,0.273333
0.3004,18.0402,18.0402,4.64471,83.7915,85.0695,24.3196,4.64471,0.275
0.3006,18.0943,18.0943,4.62594,83.7031,85.0695,24.3183,4.62594,0.273333
0.3008,18.1301,18.1301,4.61623,83.6928,85.0695,24.3178,4.61623,0.271667
0.301,18.0892,18.0892,4.63837,83.9042,85.0695,24.3192,4.63837,0.273333
0.3012,18.0387,18.0387,4.64099,83.7174,85.0695,24.3194,4.64099,0.275
0.3014,18.0938,18.0938,4.62515,83.6867,85.0695,24.3182,4.62515,0.273333
0.3016,18.1294,18.1294,4.61735,83.7099,85.0695,24.3178,4.61735,0.271667
0.3018,18.0843,18.0843,4.63753,83.8664,85.0695,24.3191,4.63753,0.273333
0.302,18.0402,18.0402,4.64471,83.7915,85.0695,24.3196,4.64471,0.275
0.3022,18.0943,18.0943,4.62594,83.7031,85.0695,24.3183,4.62594,0.273333
0.3024,18.1301,18.1301,4.61623,83.6928,85.0695,24.3178,4.61623,0.271667
0.3026,18.0892,18.0892,4.63837,83.9042,85.0695,24.3192,4.63837,0.273333
0.3028,18.0387,18.0387,4.64099,83.7174,85.0695,24.3194,4.64099,0.275
0.303,18.0938,18.0938,4.62515,83.6867,85.0695,24.3182,4.62515,0.273333
0.3032,18.1294,18.1294,4.61735,83.7099,85.0695,24.3178,4.61735,0.271667
0.3034,18.0843,18.0843,4.63753,83.8664,85.0695,24.3191,4.63753,0.273333
0.3036,18.0402,18.0402,4.64471,83.7915,85.0695,24.3196,4.64471,0.275
0.3038,18.0943,18.0943,4.62594,83.7031,85.0695,24.3183,4.62594,0.273333
0.304,18.1301,18.1301,4.61623,83.6928,85.0695,24.3178,4.61623,0.271667
0.3042,18.0892,18.0892,4.63837,83.9042,85.0695,24.3192,4.63837,0.273333
0.3044,18.0387,18.0387,4.64099,83.7174,85.0695,24.3194,4.64099,0.275
0.3046,18.0938,18.0938,4.62515,83.6867,85.0695,24.3182,4.62515,0.273333
0.3048,18.1294,18.1294,4.61735,83.7099,85.0695,24.3178,4.61735,0.271667
0.305,18.0843,18.0843,4.63753,83.8664,85.0695,24.3191,4.63753,0.273333
0.3052,18.0402,18.0402,4.64471,83.7915,85.0695,24.3196,4.64471,0.275
0.3054,18.0943,18.0943,4.62594,83.7031,85.0695,24.3183,4.62594,0.273333
0.3056,18.1301,18.1301,4.61623,83.6928,85.0695,24.3178,4.61623,0.271667
0.3058,18.0892,18.0892,4.63837,83.9042,85.0695,24.3192,4.63837,0.273333
0.306,18.0387,18.0387,4.64099,83.7174,85.0695,24.3194,4.64099,0.275
0.3062,18.0938,18.0938,4.62515,83.6867,85.0695,24.3182,4.62515,0.273333
0.3064,18.1294,18.1294,4.61735,83.7099,85.0695,24.3178,4.61735,0.271667
0.3066,18.0843,18.0843,4.63753,83.8664,85.0695,24.3191,4.63753,0.273333
0.3068,18.0402,18.0402,4.64471,83.7915,85.0695,24.3196,4.64471,0.275
0.307,18.0943,18.0943,4.62594,83.7031,85.0695,24.3183,4.62594,0.273333
0.3072,18.1301,18.1301,4.61623,83.6928,85.0695,24.3178,4.61623,0.271667
0.3074,18.0892,18.0892,4.63837,83.9042,85.0695,24.3192,4.63837,0.273333
0.3076,18.0387,18.0387,4.64099,83.7174,85.0695,24.3194,4.64099,0.275
0.3078,18.0938,18.0938,4.62515,83.6867,85.0695,24.3182,4.62515,0.273333
0.308,18.1294,18.1294,4.61735,83.7099,85.0695,24.3178,4.61735,0.271667
0.3082,18.0843,18.0843,4.63753,83.8664,85.0695,24.3191,4.63753,0.273333
0.3084,18.0402,18.0402,4.64471,83.7915,85.0695,24.3196,4.64471,0.275
0.3086,18.0943,18.0943,4.62594,83.7031,85.0695,24.3183,4.62594,0.273333
0.3088,18.1301,18.1301,4.61623,83.6928,85.0695,24.3178,4.61623,0.271667
0.309,18.0892,18.0892,4.63837,83.9042,85.0695,24.3192,4.63837,0.273333
0.3092,18.0387,18.0387,4.64099,83.7174,85.0695,24.3194,4.64099,0.275
0.3094,18.0938,18.0938,4.62515,83.6867,85.0695,24.3182,4.62515,0.273333
0.3096,18.1294,18.1294,4.61735,83.7099,85.0695,24.3178,4.61735,0.271667
0.3098,18.0843,18.0843,4.63753,83.8664,85.0695,24.3191,4.63753,0.273333
0.31,18.0402,18.0402,4.64471,83.7915,85.0695,24.3196,4.64471,0.275
0.3102,18.0943,18.0943,4.62594,83.7031,85.0695,24.3183,4.62594,0.273333
0.3104,18.1301,18.1301,4.61623,83.6928,85.0695,24.3178,4.61623,0.271667
0.3106,18.0892,18.0892,4.63837,83.9042,85.0695,24.3192,4.63837,0.273333
0.3108,18.0387,18.0387,4.64099,83.7174,85.0695,24.3194,4.64099,0.275
0.311,18.0938,18.0938,4.62515,83.6867,85.0695,24.3182,4.62515,0.273333
0.3112,18.1294,18.1294,4.61735,83.7099,85.0695,24.3178,4.61735,0.271667
0.3114,18.0843,18.0843,4.63753,83.8664,85.0695,24.3191,4.63753,0.273333
0.3116,18.0402,18.0402,4.64471,83.7915,85.0695,24.3196,4.64471,0.275
0.3118,18.0943,18.0943,4.62594,83.7031,85.0695,24.3183,4.62594,0.273333
0.312,18.1301,18.1301,4.61623,83.6928,85.0695,24.3178,4.61623,0.271667
0.3122,18.0892,18.0892,4.63837,83.9042,85.0695,24.3192,4.63837,0.273333
0.3124,18.0387,18.0387,4.64099,83.7174,85.0695,24.3194,4.64099,0.275
0.3126,18.0938,18.0938,4.62515,83.6867,85.0695,24.3182,4.62515,0.273333
0.3128,18.1294,18.1294,4.61735,83.7099,85.0695,24.3178,4.61735,0.271667
0.313,18.0843,18.0843,4.63753,83.8664,85.0695,24.3191,4.63753,0.273333
0.3132,18.0402,18.0402,4.64471,83.7915,85.0695,24.3196,4.64471,0.275
0.3134,18.0943,18.0943,4.62594,83.7031,85.0695,24.3183,4.62594,0.273333
0.3136,18.1301,18.1301,4.61623,83.6928,85.0695,24.3178,4.61623,0.271667
0.3138,18.0892,18.0892,4.63837,83.9042,85.0695,24.3192,4.63837,0.273333
0.314,18.0387,18.0387,4.64099,83.7174,85.0695,24.3194,4.64099,0.275
0.3142,18.0938,18.0938,4.62515,83.6867,85.0695,24.3182,4.62515,0.273333
0.3144,18.1294,18.1294,4.61735,83.7099,85.0695,24.3178,4.61735,0.271667
0.3146,18.0843,18.0843,4.63753,83.8664,85.0695,24.3191,4.63753,0.273333
0.3148,18.0402,18.0402,4.64471,83.7915,85.0695,24.3196,4.64471,0.275
0.315,18.0943,18.0943,4.62594,83.7031,85.0695,24.3183,4.62594,0.273333
0.3152,18.1301,18.1301,4.61623,83.6928,85.0695,24.3178,4.61623,0.271667
0.3154,18.0892,18.0892,4.63837,83.9042,85.0695,24.3192,4.63837,0.273333
0.3156,18.0387,18.0387,4.64099,83.7174,85.0695,24.3194,4.64099,0.275
0.3158,18.0938,18.0938,4.62515,83.6867,85.0695,24.3182,4.62515,0.273333
0.316,18.1294,18.1294,4.61735,83.7099,85.0695,24.3178,4.61735,0.271667
0.3162,18.0843,18.0843,4.63753,83.8664,85.0695,24.3191,4.63753,0.273333
0.3164,18.0402,18.0402,4.64471,83.7915,85.0695,24.3196,4.64471,0.275
0.3166,18.0943,18.0943,4.62594,83.7031,85.0695,24.3183,4.62594,0.273333
0.3168,18.1301,18.1301,4.61623,83.6928,85.0695,24.3178,4.61623,0.271667
0.317,18.0892,18.0892,4.63837,83.9042,85.0695,24.3192,4.63837,0.273333
0.3172,18.0387,18.0387,4.64099,83.7174,85.0695,24.3194,4.64099,0.275
0.3174,18.0938,18.0938,4.62515,83.6867,85.0695,24.3182,4.62515,0.273333
0.3176,18.1294,18.1294,4.61735,83.7099,85.0695,24.3178,4.61735,0.271667
0.3178,18.0843,18.0843,4.63753,83.8664,85.0695,24.3191,4.63753,0.273333
0.318,18.0402,18.0402,4.64471,83.7915,85.0695,24.3196,4.64471,0.275
0.3182,18.0943,18.0943,4.62594,83.7031,85.0695,24.3183,4.62594,0.273333
0.3184,18.1301,18.1301,4.61623,83.6928,85.0695,24.3178,4.61623,0.271667
0.3186,18.0892,18.0892,4.63837,83.9042,85.0695,24.3192,4.63837,0.273333
0.3188,18.0387,18.0387,4.64099,83.7174,85.0695,24.3194,4.64099,0.275
0.319,18.0938,18.0938,4.62515,83.6867,85.0695,24.3182,4.62515,0.273333
0.3192,18.1294,18.1294,4.61735,83.7099,85.0695,24.3178,4.61735,0.271667
0.3194,18.0843,18.0843,4.63753,83.8664,85.0695,24.3191,4.63753,0.273333
0.3196,18.0402,18.0402,4.64471,83.7915,85.0695,24.3196,4.64471,0.275
0.3198,18.0943,18.0943,4.62594,83.7031,85.0695,24.3183,4.62594,0.273333
0.32,18.1301,18.1301,4.61623,83.6928,85.0695,24.3178,4.61623,0.271667
0.3202,18.0892,18.0892,4.63837,83.9042,85.0695,24.3192,4.63837,0.273333
0.3204,18.0387,18.0387,4.64099,83.7174,85.0695,24.3194,4.64099,0.275
0.3206,18.0938,18.0938,4.62515,83.6867,85.0695,24.3182,4.62515,0.273333
0.3208,18.1294,18.1294,4.61735,83.7099,85.0695,24.3178,4.61735,0.271667
0.321,18.0843,18.0843,4.63753,83.8664,85.0695,24.3191,4.63753,0.273333
0.3212,18.0402,18.0402,4.64471,83.7915,85.0695,24.3196,4.64471,0.275
0.3214,18.0943,18.0943,4.62594,83.7031,85.0695,24.3183,4.62594,0.273333
0.3216,18.1301,18.1301,4.61623,83.6928,85.0695,24.3178,4.61623,0.271667
0.3218,18.0892,18.0892,4.63837,83.9042,85.0695,24.3192,4.63837,0.273333
0.322,18.0387,18.0387,4.64099,83.7174,85.0695,24.3194,4.64099,0.275
0.3222,18.0938,18.0938,4.62515,83.6867,85.0695,24.3182,4.62515,0.273333
0.3224,18.1294,18.1294,4.61735,83.7099,85.0695,24.3178,4.61735,0.271667
0.3226,18.0843,18.0843,4.63753,83.8664,85.0695,24.3191,4.63753,0.273333
0.3228,18.0402,18.0402,4.64471,83.7915,85.0695,24.3196,4.64471,0.275
0.323,18.0943,18.0943,4.62594,83.7031,85.0695,24.3183,4.62594,0.273333
0.3232,18.1301,18.1301,4.61623,83.6928,85.0695,24.3178,4.61623,0.271667
0.3234,18.0892,18.0892,4.63837,83.9042,85.0695,24.3192,4.63837,0.273333
0.3236,18.0387,18.0387,4.64099,83.7174,85.0695,24.3194,4.64099,0.275
0.3238,18.0938,18.0938,4.62515,83.6867,85.0695,24.3182,4.62515,0.273333
0.324,18.1294,18.1294,4.61735,83.7099,85.0695,24.3178,4.61735,0.271667
0.3242,18.0843,18.0843,4.63753,83.8664,85.0695,24.3191,4.63753,0.273333
0.3244,18.0402,18.0402,4.64471,83.7915,85.0695,24.3196,4.64471,0.275
0.3246,18.0943,18.0943,4.62594,83.7031,85.0695,24.3183,4.62594,0.273333
0.3248,18.1301,18.1301,4.61623,83.6928,85.0695,24.3178,4.61623,0.271667
0.325,18.0892,18.0892,4.63837,83.9042,85.0695,24.3192,4.63837,0.273333
0.3252,18.0387,18.0387,4.64099,83.7174,85.0695,24.3194,4.64099,0.275
0.3254,18.0938,18.0938,4.62515,83.6867,85.0695,24.3182,4.62515,0.273333
0.3256,18.1294,18.1294,4.61735,83.7099,85.0695,24.3178,4.61735,0.271667
0.3258,18.0843,18.0843,4.63753,83.8664,85.0695,24.3191,4.63753,0.273333
0.326,18.0402,18.0402,4.64471,83.7915,85.0695,24.3196,4.64471,0.275
0.3262,18.0943,18.0943,4.62594,83.7031,85.0695,24.3183,4.62594,0.273333
0.3264,18.1301,18.1301,4.61623,83.6928,85.0695,24.3178,4.61623,0.271667
0.3266,18.0892,18.0892,4.63837,83.9042,85.0695,24.3192,4.63837,0.273333
0.3268,18.0387,18.0387,4.64099,83.7174,85.0695,24.3194,4.64099,0.275
0.327,18.0938,18.0938,4.62515,83.6867,85.0695,24.3182,4.62515,0.273333
0.3272,18.1294,18.1294,4.61735,83.7099,85.0695,24.3178,4.61735,0.271667
0.3274,18.0843,18.0843,4.63753,83.8664,85.0695,24.3191,4.63753,0.273333
0.3276,18.0402,18.0402,4.64471,83.7915,85.0695,24.3196,4.64471,0.275
0.3278,18.0943,18.0943,4.62594,83.7031,85.0695,24.3183,4.62594,0.273333
0.328,18.1301,18.1301,4.61623,83.6928,85.0695,24.3178,4.61623,0.271667
0.3282,18.0892,18.0892,4.63837,83.9042,85.0695,24.3192,4.63837,0.273333
0.3284,18.0387,18.0387,4.64099,83.7174,85.0695,24.3194,4.64099,0.275
0.3286,18.0938,18.0938,4.62515,83.6867,85.0695,24.3182,4.62515,0.273333
0.3288,18.1294,18.1294,4.61735,83.7099,85.0695,24.3178,4.61735,0.271667
0.329,18.0843,18.0843,4.63753,83.8664,85.0695,24.3191,4.63753,0.273333
0.3292,18.0402,18.0402,4.64471,83.7915,85.0695,24.3196,4.64471,0.275
0.3294,18.0943,18.0943,4.62594,83.7031,85.0695,24.3183,4.62594,0.273333
0.3296,18.1301,18.1301,4.61623,83.6928,85.0695,24.3178,4.61623,0.271667
0.3298,18.0892,18.0892,4.63837,83.9042,85.0695,24.3192,4.63837,0.273333
0.33,18.0387,18.0387,4.64099,83.7174,85.0695,24.3194,4.64099,0.275
0.3302,18.0938,18.0938,4.62515,83.6867,85.0695,24.3182,4.62515,0.273333
0.3304,18.1294,18.1294,4.61735,83.7099,85.0695,24.3178,4.61735,0.271667
0.3306,18.0843,18.0843,4.63753,83.8664,85.0695,24.3191,4.63753,0.273333
0.3308,18.0402,18.0402,4.64471,83.7915,85.0695,24.3196,4.64471,0.275
0.331,18.0943,18.0943,4.62594,83.7031,85.0695,24.3183,4.62594,0.273333
0.3312,18.1301,18.1301,4.61623,83.6928,85.0695,24.3178,4.61623,0.271667
0.3314,18.0892,18.0892,4.63837,83.9042,85.0695,24.3192,4.63837,0.273333
0.3316,18.0387,18.0387,4.64099,83.7174,85.0695,24.3194,4.64099,0.275
0.3318,18.0938,18.0938,4.62515,83.6867,85.0695,24.3182,4.62515,0.273333
0.332,18.1294,18.1294,4.61735,83.7099,85.0695,24.3178,4.61735,0.271667
0.3322,18.0843,18.0843,4.63753,83.8664,85.0695,24.3191,4.63753,0.273333
0.3324,18.0402,18.0402,4.64471,83.7915,85.0695,24.3196,4.64471,0.275
0.3326,18.0943,18.0943,4.62594,83.7031,85.0695,24.3183,4.62594,0.273333
0.3328,18.1301,18.1301,4.61623,83.6928,85.0695,24.3178,4.61623,0.271667
0.333,18.0892,18.0892,4.63837,83.9042,85.0695,24.3192,4.63837,0.273333
0.3332,18.0387,18.0387,4.64099,83.7174,85.0695,24.3194,4.64099,0.275
0.3334,18.0938,18.0938,4.62515,83.6867,85.0695,24.3182,4.62515,0.273333
0.3336,18.1294,18.1294,4.61735,83.7099,85.0695,24.3178,4.61735,0.271667
0.3338,18.0843,18.0843,4.63753,83.8664,85.0695,24.3191,4.63753,0.273333
0.334,18.0402,18.0402,4.64471,83.7915,85.0695,24.3196,4.64471,0.275
0.3342,18.0943,18.0943,4.62594,83.7031,85.0695,24.3183,4.62594,0.273333
0.3344,18.1301,18.1301,4.61623,83.6928,85.0695,24.3178,4.61623,0.271667
0.3346,18.0892,18.0892,4.63837,83.9042,85.0695,24.3192,4.63837,0.273333
0.3348,18.0387,18.0387,4.64099,83.7174,85.0695,24.3194,4.64099,0.275
0.335,18.0938,18.0938,4.62515,83.6867,85.0695,24.3182,4.62515,0.273333
0.3352,18.1294,18.1294,4.61735,83.7099,85.0695,24.3178,4.61735,0.271667
0.3354,18.0843,18.0843,4.63753,83.8664,85.0695,24.3191,4.63753,0.273333
0.3356,18.0402,18.0402,4.64471,83.7915,85.0695,24.3196,4.64471,0.275
0.3358,18.0943,18.0943,4.62594,83.7031,85.0695,24.3183,4.62594,0.273333
0.336,18.1301,18.1301,4.61623,83.6928,85.0695,24.3178,4.61623,0.271667
0.3362,18.0892,18.0892,4.63837,83.9042,85.0695,24.3192,4.63837,0.273333
0.3364,18.0387,18.0387,4.64099,83.7174,85.0695,24.3194,4.64099,0.275
0.3366,18.0938,18.0938,4.62515,83.6867,85.0695,24.3182,4.62515,0.273333
0.3368,18.1294,18.1294,4.61735,83.7099,85.0695,24.3178,4.61735,0.271667
0.337,18.0843,18.0843,4.63753,83.8664,85.0695,24.3191,4.63753,0.273333
0.3372,18.0402,18.0402,4.64471,83.7915,85.0695,24.3196,4.64471,0.275
0.3374,18.0943,18.0943,4.62594,83.7031,85.0695,24.3183,4.62594,0.273333
0.3376,18.1301,18.1301,4.61623,83.6928,85.0695,24.3178,4.61623,0.271667
0.3378,18.0892,18.0892,4.63837,83.9042,85.0695,24.3192,4.63837,0.273333
0.338,18.0387,18.0387,4.64099,83.7174,85.0695,24.3194,4.64099,0.275
0.3382,18.0938,18.0938,4.62515,83.6867,85.0695,24.3182,4.62515,0.273333
0.3384,18.1294,18.1294,4.61735,83.7099,85.0695,24.3178,4.61735,0.271667
0.3386,18.0843,18.0843,4.63753,83.8664,85.0695,24.3191,4.63753,0.273333
0.3388,18.0402,18.0402,4.64471,83.7915,85.0695,24.3196,4.64471,0.275
0.339,18.0943,18.0943,4.62594,83.7031,85.0695,24.3183,4.62594,0.273333
0.3392,18.1301,18.1301,4.61623,83.6928,85.0695,24.3178,4.61623,0.271667
0.3394,18.0892,18.0892,4.63837,83.9042,85.0695,24.3192,4.63837,0.273333
0.3396,18.0387,18.0387,4.64099,83.7174,85.0695,24.3194,4.64099,0.275
0.3398,18.0938,18.0938,4.62515,83.6867,85.0695,24.3182,4.62515,0.273333
0.34,18.1294,18.1294,4.61735,83.7099,85.0695,24.3178,4.61735,0.271667
0.3402,18.0843,18.0843,4.63753,83.8664,85.0695,24.3191,4.63753,0.273333
0.3404,18.0402,18.0402,4.64471,83.7915,85.0695,24.3196,4.64471,0.275
0.3406,18.0943,18.0943,4.62594,83.7031,85.0695,24.3183,4.62594,0.273333
0.3408,18.1301,18.1301,4.61623,83.6928,85.0695,24.3178,4.61623,0.271667
0.341,18.0892,18.0892,4.63837,83.9042,85.0695,24.3192,4.63837,0.273333
0.3412,18.0387,18.0387,4.64099,83.7174,85.0695,24.3194,4.64099,0.275
0.3414,18.0938,18.0938,4.62515,83.6867,85.0695,24.3182,4.62515,0.273333
0.3416,18.1294,18.1294,4.61735,83.7099,85.0695,24.3178,4.61735,0.271667
0.3418,18.0843,18.0843,4.63753,83.8664,85.0695,24.3191,4.63753,0.273333
0.342,18.0402,18.0402,4.64471,83.7915,85.0695,24.3196,4.64471,0.275
0.3422,18.0943,18.0943,4.62594,83.7031,85.0695,24.3183,4.62594,0.273333
0.3424,18.1301,18.1301,4.61623,83.6928,85.0695,24.3178,4.61623,0.271667
0.3426,18.0892,18.0892,4.63837,83.9042,85.0695,24.3192,4.63837,0.273333
0.3428,18.0387,18.0387,4.64099,83.7174,85.0695,24.3194,4.64099,0.275
0.343,18.0938,18.0938,4.62515,83.6867,85.0695,24.3182,4.62515,0.273333
0.3432,18.1294,18.1294,4.61735,83.7099,85.0695,24.3178,4.61735,0.271667
0.3434,18.0843,18.0843,4.63753,83.8664,85.0695,24.3191,4.63753,0.273333
0.3436,18.0402,18.0402,4.64471,83.7915,85.0695,24.3196,4.64471,0.275
0.3438,18.0943,18.0943,4.62594,83.7031,85.0695,24.3183,4.62594,0.273333
0.344,18.1301,18.1301,4.61623,83.6928,85.0695,24.3178,4.61623,0.271667
0.3442,18.0892,18.0892,4.63837,83.9042,85.0695,24.3192,4.63837,0.273333
0.3444,18.0387,18.0387,4.64099,83.7174,85.0695,24.3194,4.64099,0.275
0.3446,18.0938,18.0938,4.62515,83.6867,85.0695,24.3182,4.62515,0.273333
0.3448,18.1294,18.1294,4.61735,83.7099,85.0695,24.3178,4.61735,0.271667
0.345,18.0843,18.0843,4.63753,83.8664,85.0695,24.3191,4.63753,0.273333
0.3452,18.0402,18.0402,4.64471,83.7915,85.0695,24.3196,4.64471,0.275
0.3454,18.0943,18.0943,4.62594,83.7031,85.0695,24.3183,4.62594,0.273333
0.3456,18.1301,18.1301,4.61623,83.6928,85.0695,24.3178,4.61623,0.271667
0.3458,18.0892,18.0892,4.63837,83.9042,85.0695,24.3192,4.63837,0.273333
0.346,18.0387,18.0387,4.64099,83.7174,85.0695,24.3194,4.64099,0.275
0.3462,18.0938,18.0938,4.62515,83.6867,85.0695,24.3182,4.62515,0.273333
0.3464,18.1294,18.1294,4.61735,83.7099,85.0695,24.3178,4.61735,0.271667
0.3466,18.0843,18.0843,4.63753,83.8664,85.0695,24.3191,4.63753,0.273333
0.3468,18.0402,18.0402,4.64471,83.7915,85.0695,24.3196,4.64471,0.275
0.347,18.0943,18.0943,4.62594,83.7031,85.0695,24.3183,4.62594,0.273333
0.3472,18.1301,18.1301,4.61623,83.6928,85.0695,24.3178,4.61623,0.271667
0.3474,18.0892,18.0892,4.63837,83.9042,85.0695,24.3192,4.63837,0.273333
0.3476,18.0387,18.0387,4.64099,83.7174,85.0695,24.3194,4.64099,0.275
0.3478,18.0938,18.0938,4.62515,83.6867,85.0695,24.3182,4.62515,0.273333
0.348,18.1294,18.1294,4.61735,83.7099,85.0695,24.3178,4.61735,0.271667
0.3482,18.0843,18.0843,4.63753,83.8664,85.0695,24.3191,4.63753,0.273333
0.3484,18.0402,18.0402,4.64471,83.7915,85.0695,24.3196,4.64471,0.275
0.3486,18.0943,18.0943,4.62594,83.7031,85.0695,24.3183,4.62594,0.273333
0.3488,18.1301,18.1301,4.61623,83.6928,85.0695,24.3178,4.61623,0.271667
0.349,18.0892,18.0892,4.63837,83.9042,85.0695,24.3192,4.63837,0.273333
0.3492,18.0387,18.0387,4.64099,83.7174,85.0695,24.3194,4.64099,0.275
0.3494,18.0938,18.0938,4.62515,83.6867,85.0695,24.3182,4.62515,0.273333
0.3496,18.1294,18.1294,4.61735,83.7099,85.0695,24.3178,4.61735,0.271667
0.3498,18.0843,18.0843,4.63753,83.8664,85.0695,24.3191,4.63753,0.273333
0.35,18.0402,18.0402,4.64471,83.7915,85.0695,24.3196,4.64471,0.275
0.3502,18.0943,18.0943,4.62594,83.7031,85.0695,24.3183,4.62594,0.273333
0.3504,18.1301,18.1301,4.61623,83.6928,85.0695,24.3178,4.61623,0.271667
0.3506,18.0892,18.0892,4.63837,83.9042,85.0695,24.3192,4.63837,0.273333
0.3508,18.0387,18.0387,4.64099,83.7174,85.0695,24.3194,4.64099,0.275
0.351,18.0938,18.0938,4.62515,83.6867,85.0695,24.3182,4.62515,0.273333
0.3512,18.1294,18.1294,4.61735,83.7099,85.0695,24.3178,4.61735,0.271667
0.3514,18.0843,18.0843,4.63753,83.8664,85.0695,24.3191,4.63753,0.273333
0.3516,18.0402,18.0402,4.64471,83.7915,85.0695,24.3196,4.64471,0.275
0.3518,18.0943,18.0943,4.62594,83.7031,85.0695,24.3183,4.62594,0.273333
0.352,18.1301,18.1301,4.61623,83.6928,85.0695,24.3178,4.61623,0.271667
0.3522,18.0892,18.0892,4.63837,83.9042,85.0695,24.3192,4.63837,0.273333
0.3524,18.0387,18.0387,4.64099,83.7174,85.0695,24.3194,4.64099,0.275
0.3526,18.0938,18.0938,4.62515,83.6867,85.0695,24.3182,4.62515,0.273333
0.3528,18.1294,18.1294,4.61735,83.7099,85.0695,24.3178,4.61735,0.271667
0.353,18.0843,18.0843,4.63753,83.8664,85.0695,24.3191,4.63753,0.273333
0.3532,18.0402,18.0402,4.64471,83.7915,85.0695,24.3196,4.64471,0.275
0.3534,18.0943,18.0943,4.62594,83.7031,85.0695,24.3183,4.62594,0.273333
0.3536,18.1301,18.1301,4.61623,83.6928,85.0695,24.3178,4.61623,0.271667
0.3538,18.0892,18.0892,4.63837,83.9042,85.0695,24.3192,4.63837,0.273333
0.354,18.0387,18.0387,4.64099,83.7174,85.0695,24.3194,4.64099,0.275
0.3542,18.0938,18.0938,4.62515,83.6867,85.0695,24.3182,4.62515,0.273333
0.3544,18.1294,18.1294,4.61735,83.7099,85.0695,24.3178,4.61735,0.271667
0.3546,18.0843,18.0843,4.63753,83.8664,85.0695,24.3191,4.63753,0.273333
0.3548,18.0402,18.0402,4.64471,83.7915,85.0695,24.3196,4.64471,0.275
0.355,18.0943,18.0943,4.62594,83.7031,85.0695,24.3183,4.62594,0.273333
0.3552,18.1301,18.1301,4.61623,83.6928,85.0695,24.3178,4.61623,0.271667
0.3554,18.0892,18.0892,4.63837,83.9042,85.0695,24.3192,4.63837,0.273333
0.3556,18.0387,18.0387,4.64099,83.7174,85.0695,24.3194,4.64099,0.275
0.3558,18.0938,18.0938,4.62515,83.6867,85.0695,24.3182,4.62515,0.273333
0.356,18.1294,18.1294,4.61735,83.7099,85.0695,24.3178,4.61735,0.271667
0.3562,18.0843,18.0843,4.63753,83.8664,85.0695,24.3191,4.63753,0.273333
0.3564,18.0402,18.0402,4.64471,83.7915,85.0695,24.3196,4.64471,0.275
0.3566,18.0943,18.0943,4.62594,83.7031,85.0695,24.3183,4.62594,0.273333
0.3568,18.1301,18.1301,4.61623,83.6928,85.0695,24.3178,4.61623,0.271667
0.357,18.0892,18.0892,4.63837,83.9042,85.0695,24.3192,4.63837,0.273333
0.3572,18.0387,18.0387,4.64099,83.7174,85.0695,24.3194,4.64099,0.275
0.3574,18.0938,18.0938,4.62515,83.6867,85.0695,24.3182,4.62515,0.273333
0.3576,18.1294,18.1294,4.61735,83.7099,85.0695,24.3178,4.61735,0.271667
0.3578,18.0843,18.0843,4.63753,83.8664,85.0695,24.3191,4.63753,0.273333
0.358,18.0402,18.0402,4.64471,83.7915,85.0695,24.3196,4.64471,0.275
0.3582,18.0943,18.0943,4.62594,83.7031,85.0695,24.3183,4.62594,0.273333
0.3584,18.1301,18.1301,4.61623,83.6928,85.0695,24.3178,4.61623,0.271667
0.3586,18.0892,18.0892,4.63837,83.9042,85.0695,24.3192,4.63837,0.273333
0.3588,18.0387,18.0387,4.64099,83.7174,85.0695,24.3194,4.64099,0.275
0.359,18.0938,18.0938,4.62515,83.6867,85.0695,24.3182,4.62515,0.273333
0.3592,18.1294,18.1294,4.61735,83.7099,85.0695,24.3178,4.61735,0.271667
0.3594,18.0843,18.0843,4.63753,83.8664,85.0695,24.3191,4.63753,0.273333
0.3596,18.0402,18.0402,4.64471,83.7915,85.0695,24.3196,4.64471,0.275
0.3598,18.0943,18.0943,4.62594,83.7031,85.0695,24.3183,4.62594,0.273333
0.36,18.1301,18.1301,4.61623,83.6928,85.0695,24.3178,4.61623,0.271667
0.3602,18.0892,18.0892,4.63837,83.9042,85.0695,24.3192,4.63837,0.273333
0.3604,18.0387,18.0387,4.64099,83.7174,85.0695,24.3194,4.64099,0.275
0.3606,18.0938,18.0938,4.62515,83.6867,85.0695,24.3182,4.62515,0.273333
0.3608,18.1294,18.1294,4.61735,83.7099,85.0695,24.3178,4.61735,0.271667
0.361,18.0843,18.0843,4.63753,83.8664,85.0695,24.3191,4.63753,0.273333
0.3612,18.0402,18.0402,4.64471,83.7915,85.0695,24.3196,4.64471,0.275
0.3614,18.0943,18.0943,4.62594,83.7031,85.0695,24.3183,4.62594,0.273333
0.3616,18.1301,18.1301,4.61623,83.6928,85.0695,24.3178,4.61623,0.271667
0.3618,18.0892,18.0892,4.63837,83.9042,85.0695,24.3192,4.63837,0.273333
0.362,18.0387,18.0387,4.64099,83.7174,85.0695,24.3194,4.64099,0.275
0.3622,18.0938,18.0938,4.62515,83.6867,85.0695,24.3182,4.62515,0.273333
0.3624,18.1294,18.1294,4.61735,83.7099,85.0695,24.3178,4.61735,0.271667
0.3626,18.0843,18.0843,4.63753,83.8664,85.0695,24.3191,4.63753,0.273333
0.3628,18.0402,18.0402,4.64471,83.7915,85.0695,24.3196,4.64471,0.275
0.363,18.0943,18.0943,4.62594,83.7031,85.0695,24.3183,4.62594,0.273333
0.3632,18.1301,18.1301,4.61623,83.6928,85.0695,24.3178,4.61623,0.271667
0.3634,18.0892,18.0892,4.63837,83.9042,85.0695,24.3192,4.63837,0.273333
0.3636,18.0387,18.0387,4.64099,83.7174,85.0695,24.3194,4.64099,0.275
0.3638,18.0938,18.0938,4.62515,83.6867,85.0695,24.3182,4.62515,0.273333
0.364,18.1294,18.1294,4.61735,83.7099,85.0695,24.3178,4.61735,0.271667
0.3642,18.0843,18.0843,4.63753,83.8664,85.0695,24.3191,4.63753,0.273333
0.3644,18.0402,18.0402,4.64471,83.7915,85.0695,24.3196,4.64471,0.275
0.3646,18.0943,18.0943,4.62594,83.7031,85.0695,24.3183,4.62594,0.273333
0.3648,18.1301,18.1301,4.61623,83.6928,85.0695,24.3178,4.61623,0.271667
0.365,18.0892,18.0892,4.63837,83.9042,85.0695,24.3192,4.63837,0.273333
0.3652,18.0387,18.0387,4.64099,83.7174,85.0695,24.3194,4.64099,0.275
0.3654,18.0938,18.0938,4.62515,83.6867,85.0695,24.3182,4.62515,0.273333
0.3656,18.1294,18.1294,4.61735,83.7099,85.0695,24.3178,4.61735,0.271667
0.3658,18.0843,18.0843,4.63753,83.8664,85.0695,24.3191,4.63753,0.273333
0.366,18.0402,18.0402,4.64471,83.7915,85.0695,24.3196,4.64471,0.275
0.3662,18.0943,18.0943,4.62594,83.7031,85.0695,24.3183,4.62594,0.273333
0.3664,18.1301,18.1301,4.61623,83.6928,85.0695,24.3178,4.61623,0.271667
0.3666,18.0892,18.0892,4.63837,83.9042,85.0695,24.3192,4.63837,0.273333
0.3668,18.0387,18.0387,4.64099,83.7174,85.0695,24.3194,4.64099,0.275
0.367,18.0938,18.0938,4.62515,83.6867,85.0695,24.3182,4.62515,0.273333
0.3672,18.1294,18.1294,4.61735,83.7099,85.0695,24.3178,4.61735,0.271667
0.3674,18.0843,18.0843,4.63753,83.8664,85.0695,24.3191,4.63753,0.273333
0.3676,18.0402,18.0402,4.64471,83.7915,85.0695,24.3196,4.64471,0.275
0.3678,18.0943,18.0943,4.62594,83.7031,85.0695,24.3183,4.62594,0.273333
0.368,18.1301,18.1301,4.61623,83.6928,85.0695,24.3178,4.61623,0.271667
0.3682,18.0892,18.0892,4.63837,83.9042,85.0695,24.3192,4.63837,0.273333
0.3684,18.0387,18.0387,4.64099,83.7174,85.0695,24.3194,4.64099,0.275
0.3686,18.0938,18.0938,4.62515,83.6867,85.0695,24.3182,4.62515,0.273333
0.3688,18.1294,18.1294,4.61735,83.7099,85.0695,24.3178,4.61735,0.271667
0.369,18.0843,18.0843,4.63753,83.8664,85.0695,24.3191,4.63753,0.273333
0.3692,18.0402,18.0402,4.64471,83.7915,85.0695,24.3196,4.64471,0.275
0.3694,18.0943,18.0943,4.62594,83.7031,85.0695,24.3183,4.62594,0.273333
0.3696,18.1301,18.1301,4.61623,83.6928,85.0695,24.3178,4.61623,0.271667
0.3698,18.0892,18.0892,4.63837,83.9042,85.0695,24.3192,4.63837,0.273333
0.37,18.0387,18.0387,4.64099,83.7174,85.0695,24.3194,4.64099,0.275
0.3702,18.0938,18.0938,4.62515,83.6867,85.0695,24.3182,4.62515,0.273333
0.3704,18.1294,18.1294,4.61735,83.7099,85.0695,24.3178,4.61735,0.271667
0.3706,18.0843,18.0843,4.63753,83.8664,85.0695,24.3191,4.63753,0.273333
0.3708,18.0402,18.0402,4.64471,83.7915,85.0695,24.3196,4.64471,0.275
0.371,18.0943,18.0943,4.62594,83.7031,85.0695,24.3183,4.62594,0.273333
0.3712,18.1301,18.1301,4.61623,83.6928,85.0695,24.3178,4.61623,0.271667
0.3714,18.0892,18.0892,4.63837,83.9042,85.0695,24.3192,4.63837,0.273333
0.3716,18.0387,18.0387,4.64099,83.7174,85.0695,24.3194,4.64099,0.275
0.3718,18.0938,18.0938,4.62515,83.6867,85.0695,24.3182,4.62515,0.273333
0.372,18.1294,18.1294,4.61735,83.7099,85.0695,24.3178,4.61735,0.271667
0.3722,18.0843,18.0843,4.63753,83.8664,85.0695,24.3191,4.63753,0.273333
0.3724,18.0402,18.0402,4.64471,83.7915,85.0695,24.3196,4.64471,0.275
0.3726,18.0943,18.0943,4.62594,83.7031,85.0695,24.3183,4.62594,0.273333
0.3728,18.1301,18.1301,4.61623,83.6928,85.0695,24.3178,4.61623,0.271667
0.373,18.0892,18.0892,4.63837,83.9042,85.0695,24.3192,4.63837,0.273333
0.3732,18.0387,18.0387,4.64099,83.7174,85.0695,24.3194,4.64099,0.275
0.3734,18.0938,18.0938,4.62515,83.6867,85.0695,24.3182,4.62515,0.273333
0.3736,18.1294,18.1294,4.61735,83.7099,85.0695,24.3178,4.61735,0.271667
0.3738,18.0843,18.0843,4.63753,83.8664,85.0695,24.3191,4.63753,0.273333
0.374,18.0402,18.0402,4.64471,83.7915,85.0695,24.3196,4.64471,0.275
0.3742,18.0943,18.0943,4.62594,83.7031,85.0695,24.3183,4.62594,0.273333
0.3744,18.1301,18.1301,4.61623,83.6928,85.0695,24.3178,4.61623,0.271667
0.3746,18.0892,18.0892,4.63837,83.9042,85.0695,24.3192,4.63837,0.273333
0.3748,18.0387,18.0387,4.64099,83.7174,85.0695,24.3194,4.64099,0.275
0.375,18.0938,18.0938,4.62515,83.6867,85.0695,24.3182,4.62515,0.273333
0.3752,18.1294,18.1294,4.61735,83.7099,85.0695,24.3178,4.61735,0.271667
0.3754,18.0843,18.0843,4.63753,83.8664,85.0695,24.3191,4.63753,0.273333
0.3756,18.0402,18.0402,4.64471,83.7915,85.0695,24.3196,4.64471,0.275
0.3758,18.0943,18.0943,4.62594,83.7031,85.0695,24.3183,4.62594,0.273333
0.376,18.1301,18.1301,4.61623,83.6928,85.0695,24.3178,4.61623,0.271667
0.3762,18.0892,18.0892,4.63837,83.9042,85.0695,24.3192,4.63837,0.273333
0.3764,18.0387,18.0387,4.64099,83.7174,85.0695,24.3194,4.64099,0.275
0.3766,18.0938,18.0938,4.62515,83.6867,85.0695,24.3182,4.62515,0.273333
0.3768,18.1294,18.1294,4.61735,83.7099,85.0695,24.3178,4.61735,0.271667
0.377,18.0843,18.0843,4.63753,83.8664,85.0695,24.3191,4.63753,0.273333
0.3772,18.0402,18.0402,4.64471,83.7915,85.0695,24.3196,4.64471,0.275
0.3774,18.0943,18.0943,4.62594,83.7031,85.0695,24.3183,4.62594,0.273333
0.3776,18.1301,18.1301,4.61623,83.6928,85.0695,24.3178,4.61623,0.271667
0.3778,18.0892,18.0892,4.63837,83.9042,85.0695,24.3192,4.63837,0.273333
0.378,18.0387,18.0387,4.64099,83.7174,85.0695,24.3194,4.64099,0.275
0.3782,18.0938,18.0938,4.62515,83.6867,85.0695,24.3182,4.62515,0.273333
0.3784,18.1294,18.1294,4.61735,83.7099,85.0695,24.3178,4.61735,0.271667
0.3786,18.0843,18.0843,4.63753,83.8664,85.0695,24.3191,4.63753,0.273333
0.3788,18.0402,18.0402,4.64471,83.7915,85.0695,24.3196,4.64471,0.275
0.379,18.0943,18.0943,4.62594,83.7031,85.0695,24.3183,4.62594,0.273333
0.3792,18.1301,18.1301,4.61623,83.6928,85.0695,24.3178,4.61623,0.271667
0.3794,18.0892,18.0892,4.63837,83.9042,85.0695,24.3192,4.63837,0.273333
0.3796,18.0387,18.0387,4.64099,83.7174,85.0695,24.3194,4.64099,0.275
0.3798,18.0938,18.0938,4.62515,83.6867,85.0695,24.3182,4.62515,0.273333
0.38,18.1294,18.1294,4.61735,83.7099,85.0695,24.3178,4.61735,0.271667
0.3802,18.0843,18.0843,4.63753,83.8664,85.0695,24.3191,4.63753,0.273333
0.3804,18.0402,18.0402,4.64471,83.7915,85.0695,24.3196,4.64471,0.275
0.3806,18.0943,18.0943,4.62594,83.7031,85.0695,24.3183,4.62594,0.273333
0.3808,18.1301,18.1301,4.61623,83.6928,85.0695,24.3178,4.61623,0.271667
0.381,18.0892,18.0892,4.63837,83.9042,85.0695,24.3192,4.63837,0.273333
0.3812,18.0387,18.0387,4.64099,83.7174,85.0695,24.3194,4.64099,0.275
0.3814,18.0938,18.0938,4.62515,83.6867,85.0695,24.3182,4.62515,0.273333
0.3816,18.1294,18.1294,4.61735,83.7099,85.0695,24.3178,4.61735,0.271667
0.3818,18.0843,18.0843,4.63753,83.8664,85.0695,24.3191,4.63753,0.273333
0.382,18.0402,18.0402,4.64471,83.7915,85.0695,24.3196,4.64471,0.275
0.3822,18.0943,18.0943,4.62594,83.7031,85.0695,24.3183,4.62594,0.273333
0.3824,18.1301,18.1301,4.61623,83.6928,85.0695,24.3178,4.61623,0.271667
0.3826,18.0892,18.0892,4.63837,83.9042,85.0695,24.3192,4.63837,0.273333
0.3828,18.0387,18.0387,4.64099,83.7174,85.0695,24.3194,4.64099,0.275
0.383,18.0938,18.0938,4.62515,83.6867,85.0695,24.3182,4.62515,0.273333
0.3832,18.1294,18.1294,4.61735,83.7099,85.0695,24.3178,4.61735,0.271667
0.3834,18.0843,18.0843,4.63753,83.8664,85.0695,24.3191,4.63753,0.273333
0.3836,18.0402,18.0402,4.64471,83.7915,85.0695,24.3196,4.64471,0.275
0.3838,18.0943,18.0943,4.62594,83.7031,85.0695,24.3183,4.62594,0.273333
0.384,18.1301,18.1301,4.61623,83.6928,85.0695,24.3178,4.61623,0.271667
0.3842,18.0892,18.0892,4.63837,83.9042,85.0695,24.3192,4.63837,0.273333
0.3844,18.0387,18.0387,4.64099,83.7174,85.0695,24.3194,4.64099,0.275
0.3846,18.0938,18.0938,4.62515,83.6867,85.0695,24.3182,4.62515,0.273333
0.3848,18.1294,18.1294,4.61735,83.7099,85.0695,24.3178,4.61735,0.271667
0.385,18.0843,18.0843,4.63753,83.8664,85.0695,24.3191,4.63753,0.273333
0.3852,18.0402,18.0402,4.64471,83.7915,85.0695,24.3196,4.64471,0.275
0.3854,18.0943,18.0943,4.62594,83.7031,85.0695,24.3183,4.62594,0.273333
0.3856,18.1301,18.1301,4.61623,83.6928,85.0695,24.3178,4.61623,0.271667
0.3858,18.0892,18.0892,4.63837,83.9042,85.0695,24.3192,4.63837,0.273333
0.386,18.0387,18.0387,4.64099,83.7174,85.0695,24.3194,4.64099,0.275
0.3862,18.0938,18.0938,4.62515,83.6867,85.0695,24.3182,4.62515,0.273333
0.3864,18.1294,18.1294,4.61735,83.7099,85.0695,24.3178,4.61735,0.271667
0.3866,18.0843,18.0843,4.63753,83.8664,85.0695,24.3191,4.63753,0.273333
0.3868,18.0402,18.0402,4.64471,83.7915,85.0695,24.3196,4.64471,0.275
0.387,18.0943,18.0943,4.62594,83.7031,85.0695,24.3183,4.62594,0.273333
0.3872,18.1301,18.1301,4.61623,83.6928,85.0695,24.3178,4.61623,0.271667
0.3874,18.0892,18.0892,4.63837,83.9042,85.0695,24.3192,4.63837,0.273333
0.3876,18.0387,18.0387,4.64099,83.7174,85.0695,24.3194,4.64099,0.275
0.3878,18.0938,18.0938,4.62515,83.6867,85.0695,24.3182,4.62515,0.273333
0.388,18.1294,18.1294,4.61735,83.7099,85.0695,24.3178,4.61735,0.271667
0.3882,18.0843,18.0843,4.63753,83.8664,85.0695,24.3191,4.63753,0.273333
0.3884,18.0402,18.0402,4.64471,83.7915,85.0695,24.3196,4.64471,0.275
0.3886,18.0943,18.0943,4.62594,83.7031,85.0695,24.3183,4.62594,0.273333
0.3888,18.1301,18.1301,4.61623,83.6928,85.0695,24.3178,4.61623,0.271667
0.389,18.0892,18.0892,4.63837,83.9042,85.0695,24.3192,4.63837,0.273333
0.3892,18.0387,18.0387,4.64099,83.7174,85.0695,24.3194,4.64099,0.275
0.3894,18.0938,18.0938,4.62515,83.6867,85.0695,24.3182,4.62515,0.273333
0.3896,18.1294,18.1294,4.61735,83.7099,85.0695,24.3178,4.61735,0.271667
0.3898,18.0843,18.0843,4.63753,83.8664,85.0695,24.3191,4.63753,0.273333
0.39,18.0402,18.0402,4.64471,83.7915,85.0695,24.3196,4.64471,0.275
0.3902,18.0943,18.0943,4.62594,83.7031,85.0695,24.3183,4.62594,0.273333
0.3904,18.1301,18.1301,4.61623,83.6928,85.0695,24.3178,4.61623,0.271667
0.3906,18.0892,18.0892,4.63837,83.9042,85.0695,24.3192,4.63837,0.273333
0.3908,18.0387,18.0387,4.64099,83.7174,85.0695,24.3194,4.64099,0.275
0.391,18.0938,18.0938,4.62515,83.6867,85.0695,24.3182,4.62515,0.273333
0.3912,18.1294,18.1294,4.61735,83.7099,85.0695,24.3178,4.61735,0.271667
0.3914,18.0843,18.0843,4.63753,83.8664,85.0695,24.3191,4.63753,0.273333
0.3916,18.0402,18.0402,4.64471,83.7915,85.0695,24.3196,4.64471,0.275
0.3918,18.0943,18.0943,4.62594,83.7031,85.0695,24.3183,4.62594,0.273333
0.392,18.1301,18.1301,4.61623,83.6928,85.0695,24.3178,4.61623,0.271667
0.3922,18.0892,18.0892,4.63837,83.9042,85.0695,24.3192,4.63837,0.273333
0.3924,18.0387,18.0387,4.64099,83.7174,85.0695,24.3194,4.64099,0.275
0.3926,18.0938,18.0938,4.62515,83.6867,85.0695,24.3182,4.62515,0.273333
0.3928,18.1294,18.1294,4.61735,83.7099,85.0695,24.3178,4.61735,0.271667
0.393,18.0843,18.0843,4.63753,83.8664,85.0695,24.3191,4.63753,0.273333
0.3932,18.0402,18.0402,4.64471,83.7915,85.0695,24.3196,4.64471,0.275
0.3934,18.0943,18.0943,4.62594,83.7031,85.0695,24.3183,4.62594,0.273333
0.3936,18.1301,18.1301,4.61623,83.6928,85.0695,24.3178,4.61623,0.271667
0.3938,18.0892,18.0892,4.63837,83.9042,85.0695,24.3192,4.63837,0.273333
0.394,18.0387,18.0387,4.64099,83.7174,85.0695,24.3194,4.64099,0.275
0.3942,18.0938,18.0938,4.62515,83.6867,85.0695,24.3182,4.62515,0.273333
0.3944,18.1294,18.1294,4.61735,83.7099,85.0695,24.3178,4.61735,0.271667
0.3946,18.0843,18.0843,4.63753,83.8664,85.0695,24.3191,4.63753,0.273333
0.3948,18.0402,18.0402,4.64471,83.7915,85.0695,24.3196,4.64471,0.275
0.395,18.0943,18.0943,4.62594,83.7031,85.0695,24.3183,4.62594,0.273333
0.3952,18.1301,18.1301,4.61623,83.6928,85.0695,24.3178,4.61623,0.271667
0.3954,18.0892,18.0892,4.63837,83.9042,85.0695,24.3192,4.63837,0.273333
0.3956,18.0387,18.0387,4.64099,83.7174,85.0695,24.3194,4.64099,0.275
0.3958,18.0938,18.0938,4.62515,83.6867,85.0695,24.3182,4.62515,0.273333
0.396,18.1294,18.1294,4.61735,83.7099,85.0695,24.3178,4.61735,0.271667
0.3962,18.0843,18.0843,4.63753,83.8664,85.0695,24.3191,4.63753,0.273333
0.3964,18.0402,18.0402,4.64471,83.7915,85.0695,24.3196,4.64471,0.275
0.3966,18.0943,18.0943,4.62594,83.7031,85.0695,24.3183,4.62594,0.273333
0.3968,18.1301,18.1301,4.61623,83.6928,85.0695,24.3178,4.61623,0.271667
0.397,18.0892,18.0892,4.63837,83.9042,85.0695,24.3192,4.63837,0.273333
0.3972,18.0387,18.0387,4.64099,83.7174,85.0695,24.3194,4.64099,0.275
0.3974,18.0938,18.0938,4.62515,83.6867,85.0695,24.3182,4.62515,0.273333
0.3976,18.1294,18.1294,4.61735,83.7099,85.0695,24.3178,4.61735,0.271667
0.3978,18.0843,18.0843,4.63753,83.8664,85.0695,24.3191,4.63753,0.273333
0.398,18.0402,18.0402,4.64471,83.7915,85.0695,24.3196,4.64471,0.275
0.3982,18.0943,18.0943,4.62594,83.7031,85.0695,24.3183,4.62594,0.273333
0.3984,18.1301,18.1301,4.61623,83.6928,85.0695,24.3178,4.61623,0.271667
0.3986,18.0892,18.0892,4.63837,83.9042,85.0695,24.3192,4.63837,0.273333
0.3988,18.0387,18.0387,4.64099,83.7174,85.0695,24.3194,4.64099,0.275
0.399,18.0938,18.0938,4.62515,83.6867,85.0695,24.3182,4.62515,0.273333
0.3992,18.1294,18.1294,4.61735,83.7099,85.0695,24.3178,4.61735,0.271667
0.3994,18.0843,18.0843,4.63753,83.8664,85.0695,24.3191,4.63753,0.273333
0.3996,18.0402,18.0402,4.64471,83.7915,85.0695,24.3196,4.64471,0.275
0.3998,18.0943,18.0943,4.62594,83.7031,85.0695,24.3183,4.62594,0.273333
0.4,18.1301,18.1301,4.61623,83.6928,85.0695,24.3178,4.61623,0.271667
0.4002,18.0892,18.0892,4.63837,83.9042,85.0695,24.3192,4.63837,0.273333
0.4004,18.0387,18.0387,4.64099,83.7174,85.0695,24.3194,4.64099,0.275
0.4006,18.0938,18.0938,4.62515,83.6867,85.0695,24.3182,4.62515,0.273333
0.4008,18.1294,18.1294,4.61735,83.7099,85.0695,24.3178,4.61735,0.271667
0.401,18.0843,18.0843,4.63753,83.8664,85.0695,24.3191,4.63753,0.273333
0.4012,18.0402,18.0402,4.64471,83.7915,85.0695,24.3196,4.64471,0.275
0.4014,18.0943,18.0943,4.62594,83.7031,85.0695,24.3183,4.62594,0.273333
0.4016,18.1301,18.1301,4.61623,83.6928,85.0695,24.3178,4.61623,0.271667
0.4018,18.0892,18.0892,4.63837,83.9042,85.0695,24.3192,4.63837,0.273333
0.402,18.0387,18.0387,4.64099,83.7174,85.0695,24.3194,4.64099,0.275
0.4022,18.0938,18.0938,4.62515,83.6867,85.0695,24.3182,4.62515,0.273333
0.4024,18.1294,18.1294,4.61735,83.7099,85.0695,24.3178,4.61735,0.271667
0.4026,18.0843,18.0843,4.63753,83.8664,85.0695,24.3191,4.63753,0.273333
0.4028,18.0402,18.0402,4.64471,83.7915,85.0695,24.3196,4.64471,0.275
0.403,18.0943,18.0943,4.62594,83.7031,85.0695,24.3183,4.62594,0.273333
0.4032,18.1301,18.1301,4.61623,83.6928,85.0695,24.3178,4.61623,0.271667
0.4034,18.0892,18.0892,4.63837,83.9042,85.0695,24.3192,4.63837,0.273333
0.4036,18.0387,18.0387,4.64099,83.7174,85.0695,24.3194,4.64099,0.275
0.4038,18.0938,18.0938,4.62515,83.6867,85.0695,24.3182,4.62515,0.273333
0.404,18.1294,18.1294,4.61735,83.7099,85.0695,24.3178,4.61735,0.271667
0.4042,18.0843,18.0843,4.63753,83.8664,85.0695,24.3191,4.63753,0.273333
0.4044,18.0402,18.0402,4.64471,83.7915,85.0695,24.3196,4.64471,0.275
0.4046,18.0943,18.0943,4.62594,83.7031,85.0695,24.3183,4.62594,0.273333
0.4048,18.1301,18.1301,4.61623,83.6928,85.0695,24.3178,4.61623,0.271667
0.405,18.0892,18.0892,4.63837,83.9042,85.0695,24.3192,4.63837,0.273333
0.4052,18.0387,18.0387,4.64099,83.7174,85.0695,24.3194,4.64099,0.275
0.4054,18.0938,18.0938,4.62515,83.6867,85.0695,24.3182,4.62515,0.273333
0.4056,18.1294,18.1294,4.61735,83.7099,85.0695,24.3178,4.61735,0.271667
0.4058,18.0843,18.0843,4.63753,83.8664,85.0695,24.3191,4.63753,0.273333
0.406,18.0402,18.0402,4.64471,83.7915,85.0695,24.3196,4.64471,0.275
0.4062,18.0943,18.0943,4.62594,83.7031,85.0695,24.3183,4.62594,0.273333
0.4064,18.1301,18.1301,4.61623,83.6928,85.0695,24.3178,4.61623,0.271667
0.4066,18.0892,18.0892,4.63837,83.9042,85.0695,24.3192,4.63837,0.273333
0.4068,18.0387,18.0387,4.64099,83.7174,85.0695,24.3194,4.64099,0.275
0.407,18.0938,18.0938,4.62515,83.6867,85.0695,24.3182,4.62515,0.273333
0.4072,18.1294,18.1294,4.61735,83.7099,85.0695,24.3178,4.61735,0.271667
0.4074,18.0843,18.0843,4.63753,83.8664,85.0695,24.3191,4.63753,0.273333
0.4076,18.0402,18.0402,4.64471,83.7915,85.0695,24.3196,4.64471,0.275
0.4078,18.0943,18.0943,4.62594,83.7031,85.0695,24.3183,4.62594,0.273333
0.408,18.1301,18.1301,4.61623,83.6928,85.0695,24.3178,4.61623,0.271667
0.4082,18.0892,18.0892,4.63837,83.9042,85.0695,24.3192,4.63837,0.273333
0.4084,18.0387,18.0387,4.64099,83.7174,85.0695,24.3194,4.64099,0.275
0.4086,18.0938,18.0938,4.62515,83.6867,85.0695,24.3182,4.62515,0.273333
0.4088,18.1294,18.1294,4.61735,83.7099,85.0695,24.3178,4.61735,0.271667
0.409,18.0843,18.0843,4.63753,83.8664,85.0695,24.3191,4.63753,0.273333
0.4092,18.0402,18.0402,4.64471,83.7915,85.0695,24.3196,4.64471,0.275
0.4094,18.0943,18.0943,4.62594,83.7031,85.0695,24.3183,4.62594,0.273333
0.4096,18.1301,18.1301,4.61623,83.6928,85.0695,24.3178,4.61623,0.271667
0.4098,18.0892,18.0892,4.63837,83.9042,85.0695,24.3192,4.63837,0.273333
0.41,18.0387,18.0387,4.64099,83.7174,85.0695,24.3194,4.64099,0.275
0.4102,18.0938,18.0938,4.62515,83.6867,85.0695,24.3182,4.62515,0.273333
0.4104,18.1294,18.1294,4.61735,83.7099,85.0695,24.3178,4.61735,0.271667
0.4106,18.0843,18.0843,4.63753,83.8664,85.0695,24.3191,4.63753,0.273333
0.4108,18.0402,18.0402,4.64471,83.7915,85.0695,24.3196,4.64471,0.275
0.411,18.0943,18.0943,4.62594,83.7031,85.0695,24.3183,4.62594,0.273333
0.4112,18.1301,18.1301,4.61623,83.6928,85.0695,24.3178,4.61623,0.271667
0.4114,18.0892,18.0892,4.63837,83.9042,85.0695,24.3192,4.63837,0.273333
0.4116,18.0387,18.0387,4.64099,83.7174,85.0695,24.3194,4.64099,0.275
0.4118,18.0938,18.0938,4.62515,83.6867,85.0695,24.3182,4.62515,0.273333
0.412,18.1294,18.1294,4.61735,83.7099,85.0695,24.3178,4.61735,0.271667
0.4122,18.0843,18.0843,4.63753,83.8664,85.0695,24.3191,4.63753,0.273333
0.4124,18.0402,18.0402,4.64471,83.7915,85.0695,24.3196,4.64471,0.275
0.4126,18.0943,18.0943,4.62594,83.7031,85.0695,24.3183,4.62594,0.273333
0.4128,18.1301,18.1301,4.61623,83.6928,85.0695,24.3178,4.61623,0.271667
0.413,18.0892,18.0892,4.63837,83.9042,85.0695,24.3192,4.63837,0.273333
0.4132,18.0387,18.0387,4.64099,83.7174,85.0695,24.3194,4.64099,0.275
0.4134,18.0938,18.0938,4.62515,83.6867,85.0695,24.3182,4.62515,0.273333
0.4136,18.1294,18.1294,4.61735,83.7099,85.0695,24.3178,4.61735,0.271667
0.4138,18.0843,18.0843,4.63753,83.8664,85.0695,24.3191,4.63753,0.273333
0.414,18.0402,18.0402,4.64471,83.7915,85.0695,24.3196,4.64471,0.275
0.4142,18.0943,18.0943,4.62594,83.7031,85.0695,24.3183,4.62594,0.273333
0.4144,18.1301,18.1301,4.61623,83.6928,85.0695,24.3178,4.61623,0.271667
0.4146,18.0892,18.0892,4.63837,83.9042,85.0695,24.3192,4.63837,0.273333
0.4148,18.0387,18.0387,4.64099,83.7174,85.0695,24.3194,4.64099,0.275
0.415,18.0938,18.0938,4.62515,83.6867,85.0695,24.3182,4.62515,0.273333
0.4152,18.1294,18.1294,4.61735,83.7099,85.0695,24.3178,4.61735,0.271667
0.4154,18.0843,18.0843,4.63753,83.8664,85.0695,24.3191,4.63753,0.273333
0.4156,18.0402,18.0402,4.64471,83.7915,85.0695,24.3196,4.64471,0.275
0.4158,18.0943,18.0943,4.62594,83.7031,85.0695,24.3183,4.62594,0.273333
0.416,18.1301,18.1301,4.61623,83.6928,85.0695,24.3178,4.61623,0.271667
0.4162,18.0892,18.0892,4.63837,83.9042,85.0695,24.3192,4.63837,0.273333
0.4164,18.0387,18.0387,4.64099,83.7174,85.0695,24.3194,4.64099,0.275
0.4166,18.0938,18.0938,4.62515,83.6867,85.0695,24.3182,4.62515,0.273333
0.4168,18.1294,18.1294,4.61735,83.7099,85.0695,24.3178,4.61735,0.271667
0.417,18.0843,18.0843,4.63753,83.8664,85.0695,24.3191,4.63753,0.273333
0.4172,18.0402,18.0402,4.64471,83.7915,85.0695,24.3196,4.64471,0.275
0.4174,18.0943,18.0943,4.62594,83.7031,85.0695,24.3183,4.62594,0.273333
0.4176,18.1301,18.1301,4.61623,83.6928,85.0695,24.3178,4.61623,0.271667
0.4178,18.0892,18.0892,4.63837,83.9042,85.0695,24.3192,4.63837,0.273333
0.418,18.0387,18.0387,4.64099,83.7174,85.0695,24.3194,4.64099,0.275
0.4182,18.0938,18.0938,4.62515,83.6867,85.0695,24.3182,4.62515,0.273333
0.4184,18.1294,18.1294,4.61735,83.7099,85.0695,24.3178,4.61735,0.271667
0.4186,18.0843,18.0843,4.63753,83.8664,85.0695,24.3191,4.63753,0.273333
0.4188,18.0402,18.0402,4.64471,83.7915,85.0695,24.3196,4.64471,0.275
0.419,18.0943,18.0943,4.62594,83.7031,85.0695,24.3183,4.62594,0.273333
0.4192,18.1301,18.1301,4.61623,83.6928,85.0695,24.3178,4.61623,0.271667
0.4194,18.0892,18.0892,4.63837,83.9042,85.0695,24.3192,4.63837,0.273333
0.4196,18.0387,18.0387,4.64099,83.7174,85.0695,24.3194,4.64099,0.275
0.4198,18.0938,18.0938,4.62515,83.6867,85.0695,24.3182,4.62515,0.273333
0.42,18.1294,18.1294,4.61735,83.7099,85.0695,24.3178,4.61735,0.271667
0.4202,18.0843,18.0843,4.63753,83.8664,85.0695,24.3191,4.63753,0.273333
0.4204,18.0402,18.0402,4.64471,83.7915,85.0695,24.3196,4.64471,0.275
0.4206,18.0943,18.0943,4.62594,83.7031,85.0695,24.3183,4.62594,0.273333
0.4208,18.1301,18.1301,4.61623,83.6928,85.0695,24.3178,4.61623,0.271667
0.421,18.0892,18.0892,4.63837,83.9042,85.0695,24.3192,4.63837,0.273333
0.4212,18.0387,18.0387,4.64099,83.7174,85.0695,24.3194,4.64099,0.275
0.4214,18.0938,18.0938,4.62515,83.6867,85.0695,24.3182,4.62515,0.273333
0.4216,18.1294,18.1294,4.61735,83.7099,85.0695,24.3178,4.61735,0.271667
0.4218,18.0843,18.0843,4.63753,83.8664,85.0695,24.3191,4.63753,0.273333
0.422,18.0402,18.0402,4.64471,83.7915,85.0695,24.3196,4.64471,0.275
0.4222,18.0943,18.0943,4.62594,83.7031,85.0695,24.3183,4.62594,0.273333
0.4224,18.1301,18.1301,4.61623,83.6928,85.0695,24.3178,4.61623,0.271667
0.4226,18.0892,18.0892,4.63837,83.9042,85.0695,24.3192,4.63837,0.273333
0.4228,18.0387,18.0387,4.64099,83.7174,85.0695,24.3194,4.64099,0.275
0.423,18.0938,18.0938,4.62515,83.6867,85.0695,24.3182,4.62515,0.273333
0.4232,18.1294,18.1294,4.61735,83.7099,85.0695,24.3178,4.61735,0.271667
0.4234,18.0843,18.0843,4.63753,83.8664,85.0695,24.3191,4.63753,0.273333
0.4236,18.0402,18.0402,4.64471,83.7915,85.0695,24.3196,4.64471,0.275
0.4238,18.0943,18.0943,4.62594,83.7031,85.0695,24.3183,4.62594,0.273333
0.424,18.1301,18.1301,4.61623,83.6928,85.0695,24.3178,4.61623,0.271667
0.4242,18.0892,18.0892,4.63837,83.9042,85.0695,24.3192,4.63837,0.273333
0.4244,18.0387,18.0387,4.64099,83.7174,85.0695,24.3194,4.64099,0.275
0.4246,18.0938,18.0938,4.62515,83.6867,85.0695,24.3182,4.62515,0.273333
0.4248,18.1294,18.1294,4.61735,83.7099,85.0695,24.3178,4.61735,0.271667
0.425,18.0843,18.0843,4.63753,83.8664,85.0695,24.3191,4.63753,0.273333
0.4252,18.0402,18.0402,4.64471,83.7915,85.0695,24.3196,4.64471,0.275
0.4254,18.0943,18.0943,4.62594,83.7031,85.0695,24.3183,4.62594,0.273333
0.4256,18.1301,18.1301,4.61623,83.6928,85.0695,24.3178,4.61623,0.271667
0.4258,18.0892,18.0892,4.63837,83.9042,85.0695,24.3192,4.63837,0.273333
0.426,18.0387,18.0387,4.64099,83.7174,85.0695,24.3194,4.64099,0.275
0.4262,18.0938,18.0938,4.62515,83.6867,85.0695,24.3182,4.62515,0.273333
0.4264,18.1294,18.1294,4.61735,83.7099,85.0695,24.3178,4.61735,0.271667
0.4266,18.0843,18.0843,4.63753,83.8664,85.0695,24.3191,4.63753,0.273333
0.4268,18.0402,18.0402,4.64471,83.7915,85.0695,24.3196,4.64471,0.275
0.427,18.0943,18.0943,4.62594,83.7031,85.0695,24.3183,4.62594,0.273333
0.4272,18.1301,18.1301,4.61623,83.6928,85.0695,24.3178,4.61623,0.271667
0.4274,18.0892,18.0892,4.63837,83.9042,85.0695,24.3192,4.63837,0.273333
0.4276,18.0387,18.0387,4.64099,83.7174,85.0695,24.3194,4.64099,0.275
0.4278,18.0938,18.0938,4.62515,83.6867,85.0695,24.3182,4.62515,0.273333
0.428,18.1294,18.1294,4.61735,83.7099,85.0695,24.3178,4.61735,0.271667
0.4282,18.0843,18.0843,4.63753,83.8664,85.0695,24.3191,4.63753,0.273333
0.4284,18.0402,18.0402,4.64471,83.7915,85.0695,24.3196,4.64471,0.275
0.4286,18.0943,18.0943,4.62594,83.7031,85.0695,24.3183,4.62594,0.273333
0.4288,18.1301,18.1301,4.61623,83.6928,85.0695,24.3178,4.61623,0.271667
0.429,18.0892,18.0892,4.63837,83.9042,85.0695,24.3192,4.63837,0.273333
0.4292,18.0387,18.0387,4.64099,83.7174,85.0695,24.3194,4.64099,0.275
0.4294,18.0938,18.0938,4.62515,83.6867,85.0695,24.3182,4.62515,0.273333
0.4296,18.1294,18.1294,4.61735,83.7099,85.0695,24.3178,4.61735,0.271667
0.4298,18.0843,18.0843,4.63753,83.8664,85.0695,24.3191,4.63753,0.273333
0.43,18.0402,18.0402,4.64471,83.7915,85.0695,24.3196,4.64471,0.275
0.4302,18.0943,18.0943,4.62594,83.7031,85.0695,24.3183,4.62594,0.273333
0.4304,18.1301,18.1301,4.61623,83.6928,85.0695,24.3178,4.61623,0.271667
0.4306,18.0892,18.0892,4.63837,83.9042,85.0695,24.3192,4.63837,0.273333
0.4308,18.0387,18.0387,4.64099,83.7174,85.0695,24.3194,4.64099,0.275
0.431,18.0938,18.0938,4.62515,83.6867,85.0695,24.3182,4.62515,0.273333
0.4312,18.1294,18.1294,4.61735,83.7099,85.0695,24.3178,4.61735,0.271667
0.4314,18.0843,18.0843,4.63753,83.8664,85.0695,24.3191,4.63753,0.273333
0.4316,18.0402,18.0402,4.64471,83.7915,85.0695,24.3196,4.64471,0.275
0.4318,18.0943,18.0943,4.62594,83.7031,85.0695,24.3183,4.62594,0.273333
0.432,18.1301,18.1301,4.61623,83.6928,85.0695,24.3178,4.61623,0.271667
0.4322,18.0892,18.0892,4.63837,83.9042,85.0695,24.3192,4.63837,0.273333
0.4324,18.0387,18.0387,4.64099,83.7174,85.0695,24.3194,4.64099,0.275
0.4326,18.0938,18.0938,4.62515,83.6867,85.0695,24.3182,4.62515,0.273333
0.4328,18.1294,18.1294,4.61735,83.7099,85.0695,24.3178,4.61735,0.271667
0.433,18.0843,18.0843,4.63753,83.8664,85.0695,24.3191,4.63753,0.273333
0.4332,18.0402,18.0402,4.64471,83.7915,85.0695,24.3196,4.64471,0.275
0.4334,18.0943,18.0943,4.62594,83.7031,85.0695,24.3183,4.62594,0.273333
0.4336,18.1301,18.1301,4.61623,83.6928,85.0695,24.3178,4.61623,0.271667
0.4338,18.0892,18.0892,4.63837,83.9042,85.0695,24.3192,4.63837,0.273333
0.434,18.0387,18.0387,4.64099,83.7174,85.0695,24.3194,4.64099,0.275
0.4342,18.0938,18.0938,4.62515,83.6867,85.0695,24.3182,4.62515,0.273333
0.4344,18.1294,18.1294,4.61735,83.7099,85.0695,24.3178,4.61735,0.271667
0.4346,18.0843,18.0843,4.63753,83.8664,85.0695,24.3191,4.63753,0.273333
0.4348,18.0402,18.0402,4.64471,83.7915,85.0695,24.3196,4.64471,0.275
0.435,18.0943,18.0943,4.62594,83.7031,85.0695,24.3183,4.62594,0.273333
0.4352,18.1301,18.1301,4.61623,83.6928,85.0695,24.3178,4.61623,0.271667
0.4354,18.0892,18.0892,4.63837,83.9042,85.0695,24.3192,4.63837,0.273333
0.4356,18.0387,18.0387,4.64099,83.7174,85.0695,24.3194,4.64099,0.275
0.4358,18.0938,18.0938,4.62515,83.6867,85.0695,24.3182,4.62515,0.273333
0.436,18.1294,18.1294,4.61735,83.7099,85.0695,24.3178,4.61735,0.271667
0.4362,18.0843,18.0843,4.63753,83.8664,85.0695,24.3191,4.63753,0.273333
0.4364,18.0402,18.0402,4.64471,83.7915,85.0695,24.3196,4.64471,0.275
0.4366,18.0943,18.0943,4.62594,83.7031,85.0695,24.3183,4.62594,0.273333
0.4368,18.1301,18.1301,4.61623,83.6928,85.0695,24.3178,4.61623,0.271667
0.437,18.0892,18.0892,4.63837,83.9042,85.0695,24.3192,4.63837,0.273333
0.4372,18.0387,18.0387,4.64099,83.7174,85.0695,24.3194,4.64099,0.275
0.4374,18.0938,18.0938,4.62515,83.6867,85.0695,24.3182,4.62515,0.273333
0.4376,18.1294,18.1294,4.61735,83.7099,85.0695,24.3178,4.61735,0.271667
0.4378,18.0843,18.0843,4.63753,83.8664,85.0695,24.3191,4.63753,0.273333
0.438,18.0402,18.0402,4.64471,83.7915,85.0695,24.3196,4.64471,0.275
0.4382,18.0943,18.0943,4.62594,83.7031,85.0695,24.3183,4.62594,0.273333
0.4384,18.1301,18.1301,4.61623,83.6928,85.0695,24.3178,4.61623,0.271667
0.4386,18.0892,18.0892,4.63837,83.9042,85.0695,24.3192,4.63837,0.273333
0.4388,18.0387,18.0387,4.64099,83.7174,85.0695,24.3194,4.64099,0.275
0.439,18.0938,18.0938,4.62515,83.6867,85.0695,24.3182,4.62515,0.273333
0.4392,18.1294,18.1294,4.61735,83.7099,85.0695,24.3178,4.61735,0.271667
0.4394,18.0843,18.0843,4.63753,83.8664,85.0695,24.3191,4.63753,0.273333
0.4396,18.0402,18.0402,4.64471,83.7915,85.0695,24.3196,4.64471,0.275
0.4398,18.0943,18.0943,4.62594,83.7031,85.0695,24.3183,4.62594,0.273333
0.44,18.1301,18.1301,4.61623,83.6928,85.0695,24.3178,4.61623,0.271667
0.4402,18.0892,18.0892,4.63837,83.9042,85.0695,24.3192,4.63837,0.273333
0.4404,18.0387,18.0387,4.64099,83.7174,85.0695,24.3194,4.64099,0.275
0.4406,18.0938,18.0938,4.62515,83.6867,85.0695,24.3182,4.62515,0.273333
0.4408,18.1294,18.1294,4.61735,83.7099,85.0695,24.3178,4.61735,0.271667
0.441,18.0843,18.0843,4.63753,83.8664,85.0695,24.3191,4.63753,0.273333
0.4412,18.0402,18.0402,4.64471,83.7915,85.0695,24.3196,4.64471,0.275
0.4414,18.0943,18.0943,4.62594,83.7031,85.0695,24.3183,4.62594,0.273333
0.4416,18.1301,18.1301,4.61623,83.6928,85.0695,24.3178,4.61623,0.271667
0.4418,18.0892,18.0892,4.63837,83.9042,85.0695,24.3192,4.63837,0.273333
0.442,18.0387,18.0387,4.64099,83.7174,85.0695,24.3194,4.64099,0.275
0.4422,18.0938,18.0938,4.62515,83.6867,85.0695,24.3182,4.62515,0.273333
0.4424,18.1294,18.1294,4.61735,83.7099,85.0695,24.3178,4.61735,0.271667
0.4426,18.0843,18.0843,4.63753,83.8664,85.0695,24.3191,4.63753,0.273333
0.4428,18.0402,18.0402,4.64471,83.7915,85.0695,24.3196,4.64471,0.275
0.443,18.0943,18.0943,4.62594,83.7031,85.0695,24.3183,4.62594,0.273333
0.4432,18.1301,18.1301,4.61623,83.6928,85.0695,24.3178,4.61623,0.271667
0.4434,18.0892,18.0892,4.63837,83.9042,85.0695,24.3192,4.63837,0.273333
0.4436,18.0387,18.0387,4.64099,83.7174,85.0695,24.3194,4.64099,0.275
0.4438,18.0938,18.0938,4.62515,83.6867,85.0695,24.3182,4.62515,0.273333
0.444,18.1294,18.1294,4.61735,83.7099,85.0695,24.3178,4.61735,0.271667
0.4442,18.0843,18.0843,4.63753,83.8664,85.0695,24.3191,4.63753,0.273333
0.4444,18.0402,18.0402,4.64471,83.7915,85.0695,24.3196,4.64471,0.275
0.4446,18.0943,18.0943,4.62594,83.7031,85.0695,24.3183,4.62594,0.273333
0.4448,18.1301,18.1301,4.61623,83.6928,85.0695,24.3178,4.61623,0.271667
0.445,18.0892,18.0892,4.63837,83.9042,85.0695,24.3192,4.63837,0.273333
0.4452,18.0387,18.0387,4.64099,83.7174,85.0695,24.3194,4.64099,0.275
0.4454,18.0938,18.0938,4.62515,83.6867,85.0695,24.3182,4.62515,0.273333
0.4456,18.1294,18.1294,4.61735,83.7099,85.0695,24.3178,4.61735,0.271667
0.4458,18.0843,18.0843,4.63753,83.8664,85.0695,24.3191,4.63753,0.273333
0.446,18.0402,18.0402,4.64471,83.7915,85.0695,24.3196,4.64471,0.275
0.4462,18.0943,18.0943,4.62594,83.7031,85.0695,24.3183,4.62594,0.273333
0.4464,18.1301,18.1301,4.61623,83.6928,85.0695,24.3178,4.61623,0.271667
0.4466,18.0892,18.0892,4.63837,83.9042,85.0695,24.3192,4.63837,0.273333
0.4468,18.0387,18.0387,4.64099,83.7174,85.0695,24.3194,4.64099,0.275
0.447,18.0938,18.0938,4.62515,83.6867,85.0695,24.3182,4.62515,0.273333
0.4472,18.1294,18.1294,4.61735,83.7099,85.0695,24.3178,4.61735,0.271667
0.4474,18.0843,18.0843,4.63753,83.8664,85.0695,24.3191,4.63753,0.273333
0.4476,18.0402,18.0402,4.64471,83.7915,85.0695,24.3196,4.64471,0.275
0.4478,18.0943,18.0943,4.62594,83.7031,85.0695,24.3183,4.62594,0.273333
0.448,18.1301,18.1301,4.61623,83.6928,85.0695,24.3178,4.61623,0.271667
0.4482,18.0892,18.0892,4.63837,83.9042,85.0695,24.3192,4.63837,0.273333
0.4484,18.0387,18.0387,4.64099,83.7174,85.0695,24.3194,4.64099,0.275
0.4486,18.0938,18.0938,4.62515,83.6867,85.0695,24.3182,4.62515,0.273333
0.4488,18.1294,18.1294,4.61735,83.7099,85.0695,24.3178,4.61735,0.271667
0.449,18.0843,18.0843,4.63753,83.8664,85.0695,24.3191,4.63753,0.273333
0.4492,18.0402,18.0402,4.64471,83.7915,85.0695,24.3196,4.64471,0.275
0.4494,18.0943,18.0943,4.62594,83.7031,85.0695,24.3183,4.62594,0.273333
0.4496,18.1301,18.1301,4.61623,83.6928,85.0695,24.3178,4.61623,0.271667
0.4498,18.0892,18.0892,4.63837,83.9042,85.0695,24.3192,4.63837,0.273333
0.45,18.0387,18.0387,4.64099,83.7174,85.0695,24.3194,4.64099,0.275
0.4502,18.0938,18.0938,4.62515,83.6867,85.0695,24.3182,4.62515,0.273333
0.4504,18.1294,18.1294,4.61735,83.7099,85.0695,24.3178,4.61735,0.271667
0.4506,18.0843,18.0843,4.63753,83.8664,85.0695,24.3191,4.63753,0.273333
0.4508,18.0402,18.0402,4.64471,83.7915,85.0695,24.3196,4.64471,0.275
0.451,18.0943,18.0943,4.62594,83.7031,85.0695,24.3183,4.62594,0.273333
0.4512,18.1301,18.1301,4.61623,83.6928,85.0695,24.3178,4.61623,0.271667
0.4514,18.0892,18.0892,4.63837,83.9042,85.0695,24.3192,4.63837,0.273333
0.4516,18.0387,18.0387,4.64099,83.7174,85.0695,24.3194,4.64099,0.275
0.4518,18.0938,18.0938,4.62515,83.6867,85.0695,24.3182,4.62515,0.273333
0.452,18.1294,18.1294,4.61735,83.7099,85.0695,24.3178,4.61735,0.271667
0.4522,18.0843,18.0843,4.63753,83.8664,85.0695,24.3191,4.63753,0.273333
0.4524,18.0402,18.0402,4.64471,83.7915,85.0695,24.3196,4.64471,0.275
0.4526,18.0943,18.0943,4.62594,83.7031,85.0695,24.3183,4.62594,0.273333
0.4528,18.1301,18.1301,4.61623,83.6928,85.0695,24.3178,4.61623,0.271667
0.453,18.0892,18.0892,4.63837,83.9042,85.0695,24.3192,4.63837,0.273333
0.4532,18.0387,18.0387,4.64099,83.7174,85.0695,24.3194,4.64099,0.275
0.4534,18.0938,18.0938,4.62515,83.6867,85.0695,24.3182,4.62515,0.273333
0.4536,18.1294,18.1294,4.61735,83.7099,85.0695,24.3178,4.61735,0.271667
0.4538,18.0843,18.0843,4.63753,83.8664,85.0695,24.3191,4.63753,0.273333
0.454,18.0402,18.0402,4.64471,83.7915,85.0695,24.3196,4.64471,0.275
0.4542,18.0943,18.0943,4.62594,83.7031,85.0695,24.3183,4.62594,0.273333
0.4544,18.1301,18.1301,4.61623,83.6928,85.0695,24.3178,4.61623,0.271667
0.4546,18.0892,18.0892,4.63837,83.9042,85.0695,24.3192,4.63837,0.273333
0.4548,18.0387,18.0387,4.64099,83.7174,85.0695,24.3194,4.64099,0.275
0.455,18.0938,18.0938,4.62515,83.6867,85.0695,24.3182,4.62515,0.273333
0.4552,18.1294,18.1294,4.61735,83.7099,85.0695,24.3178,4.61735,0.271667
0.4554,18.0843,18.0843,4.63753,83.8664,85.0695,24.3191,4.63753,0.273333
0.4556,18.0402,18.0402,4.64471,83.7915,85.0695,24.3196,4.64471,0.275
0.4558,18.0943,18.0943,4.62594,83.7031,85.0695,24.3183,4.62594,0.273333
0.456,18.1301,18.1301,4.61623,83.6928,85.0695,24.3178,4.61623,0.271667
0.4562,18.0892,18.0892,4.63837,83.9042,85.0695,24.3192,4.63837,0.273333
0.4564,18.0387,18.0387,4.64099,83.7174,85.0695,24.3194,4.64099,0.275
0.4566,18.0938,18.0938,4.62515,83.6867,85.0695,24.3182,4.62515,0.273333
0.4568,18.1294,18.1294,4.61735,83.7099,85.0695,24.3178,4.61735,0.271667
0.457,18.0843,18.0843,4.63753,83.8664,85.0695,24.3191,4.63753,0.273333
0.4572,18.0402,18.0402,4.64471,83.7915,85.0695,24.3196,4.64471,0.275
0.4574,18.0943,18.0943,4.62594,83.7031,85.0695,24.3183,4.62594,0.273333
0.4576,18.1301,18.1301,4.61623,83.6928,85.0695,24.3178,4.61623,0.271667
0.4578,18.0892,18.0892,4.63837,83.9042,85.0695,24.3192,4.63837,0.273333
0.458,18.0387,18.0387,4.64099,83.7174,85.0695,24.3194,4.64099,0.275
0.4582,18.0938,18.0938,4.62515,83.6867,85.0695,24.3182,4.62515,0.273333
0.4584,18.1294,18.1294,4.61735,83.7099,85.0695,24.3178,4.61735,0.271667
0.4586,18.0843,18.0843,4.63753,83.8664,85.0695,24.3191,4.63753,0.273333
0.4588,18.0402,18.0402,4.64471,83.7915,85.0695,24.3196,4.64471,0.275
0.459,18.0943,18.0943,4.62594,83.7031,85.0695,24.3183,4.62594,0.273333
0.4592,18.1301,18.1301,4.61623,83.6928,85.0695,24.3178,4.61623,0.271667
0.4594,18.0892,18.0892,4.63837,83.9042,85.0695,24.3192,4.63837,0.273333
0.4596,18.0387,18.0387,4.64099,83.7174,85.0695,24.3194,4.64099,0.275
0.4598,18.0938,18.0938,4.62515,83.6867,85.0695,24.3182,4.62515,0.273333
0.46,18.1294,18.1294,4.61735,83.7099,85.0695,24.3178,4.61735,0.271667
0.4602,18.0843,18.0843,4.63753,83.8664,85.0695,24.3191,4.63753,0.273333
0.4604,18.0402,18.0402,4.64471,83.7915,85.0695,24.3196,4.64471,0.275
0.4606,18.0943,18.0943,4.62594,83.7031,85.0695,24.3183,4.62594,0.273333
0.4608,18.1301,18.1301,4.61623,83.6928,85.0695,24.3178,4.61623,0.271667
0.461,18.0892,18.0892,4.63837,83.9042,85.0695,24.3192,4.63837,0.273333
0.4612,18.0387,18.0387,4.64099,83.7174,85.0695,24.3194,4.64099,0.275
0.4614,18.0938,18.0938,4.62515,83.6867,85.0695,24.3182,4.62515,0.273333
0.4616,18.1294,18.1294,4.61735,83.7099,85.0695,24.3178,4.61735,0.271667
0.4618,18.0843,18.0843,4.63753,83.8664,85.0695,24.3191,4.63753,0.273333
0.462,18.0402,18.0402,4.64471,83.7915,85.0695,24.3196,4.64471,0.275
0.4622,18.0943,18.0943,4.62594,83.7031,85.0695,24.3183,4.62594,0.273333
0.4624,18.1301,18.1301,4.61623,83.6928,85.0695,24.3178,4.61623,0.271667
0.4626,18.0892,18.0892,4.63837,83.9042,85.0695,24.3192,4.63837,0.273333
0.4628,18.0387,18.0387,4.64099,83.7174,85.0695,24.3194,4.64099,0.275
0.463,18.0938,18.0938,4.62515,83.6867,85.0695,24.3182,4.62515,0.273333
0.4632,18.1294,18.1294,4.61735,83.7099,85.0695,24.3178,4.61735,0.271667
0.4634,18.0843,18.0843,4.63753,83.8664,85.0695,24.3191,4.63753,0.273333
0.4636,18.0402,18.0402,4.64471,83.7915,85.0695,24.3196,4.64471,0.275
0.4638,18.0943,18.0943,4.62594,83.7031,85.0695,24.3183,4.62594,0.273333
0.464,18.1301,18.1301,4.61623,83.6928,85.0695,24.3178,4.61623,0.271667
0.4642,18.0892,18.0892,4.63837,83.9042,85.0695,24.3192,4.63837,0.273333
0.4644,18.0387,18.0387,4.64099,83.7174,85.0695,24.3194,4.64099,0.275
0.4646,18.0938,18.0938,4.62515,83.6867,85.0695,24.3182,4.62515,0.273333
0.4648,18.1294,18.1294,4.61735,83.7099,85.0695,24.3178,4.61735,0.271667
0.465,18.0843,18.0843,4.63753,83.8664,85.0695,24.3191,4.63753,0.273333
0.4652,18.0402,18.0402,4.64471,83.7915,85.0695,24.3196,4.64471,0.275
0.4654,18.0943,18.0943,4.62594,83.7031,85.0695,24.3183,4.62594,0.273333
0.4656,18.1301,18.1301,4.61623,83.6928,85.0695,24.3178,4.61623,0.271667
0.4658,18.0892,18.0892,4.63837,83.9042,85.0695,24.3192,4.63837,0.273333
0.466,18.0387,18.0387,4.64099,83.7174,85.0695,24.3194,4.64099,0.275
0.4662,18.0938,18.0938,4.62515,83.6867,85.0695,24.3182,4.62515,0.273333
0.4664,18.1294,18.1294,4.61735,83.7099,85.0695,24.3178,4.61735,0.271667
0.4666,18.0843,18.0843,4.63753,83.8664,85.0695,24.3191,4.63753,0.273333
0.4668,18.0402,18.0402,4.64471,83.7915,85.0695,24.3196,4.64471,0.275
0.467,18.0943,18.0943,4.62594,83.7031,85.0695,24.3183,4.62594,0.273333
0.4672,18.1301,18.1301,4.61623,83.6928,85.0695,24.3178,4.61623,0.271667
0.4674,18.0892,18.0892,4.63837,83.9042,85.0695,24.3192,4.63837,0.273333
0.4676,18.0387,18.0387,4.64099,83.7174,85.0695,24.3194,4.64099,0.275
0.4678,18.0938,18.0938,4.62515,83.6867,85.0695,24.3182,4.62515,0.273333
0.468,18.1294,18.1294,4.61735,83.7099,85.0695,24.3178,4.61735,0.271667
0.4682,18.0843,18.0843,4.63753,83.8664,85.0695,24.3191,4.63753,0.273333
0.4684,18.0402,18.0402,4.64471,83.7915,85.0695,24.3196,4.64471,0.275
0.4686,18.0943,18.0943,4.62594,83.7031,85.0695,24.3183,4.62594,0.273333
0.4688,18.1301,18.1301,4.61623,83.6928,85.0695,24.3178,4.61623,0.271667
0.469,18.0892,18.0892,4.63837,83.9042,85.0695,24.3192,4.63837,0.273333
0.4692,18.0387,18.0387,4.64099,83.7174,85.0695,24.3194,4.64099,0.275
0.4694,18.0938,18.0938,4.62515,83.6867,85.0695,24.3182,4.62515,0.273333
0.4696,18.1294,18.1294,4.61735,83.7099,85.0695,24.3178,4.61735,0.271667
0.4698,18.0843,18.0843,4.63753,83.8664,85.0695,24.3191,4.63753,0.273333
0.47,18.0402,18.0402,4.64471,83.7915,85.0695,24.3196,4.64471,0.275
0.4702,18.0943,18.0943,4.62594,83.7031,85.0695,24.3183,4.62594,0.273333
0.4704,18.1301,18.1301,4.61623,83.6928,85.0695,24.3178,4.61623,0.271667
0.4706,18.0892,18.0892,4.63837,83.9042,85.0695,24.3192,4.63837,0.273333
0.4708,18.0387,18.0387,4.64099,83.7174,85.0695,24.3194,4.64099,0.275
0.471,18.0938,18.0938,4.62515,83.6867,85.0695,24.3182,4.62515,0.273333
0.4712,18.1294,18.1294,4.61735,83.7099,85.0695,24.3178,4.61735,0.271667
0.4714,18.0843,18.0843,4.63753,83.8664,85.0695,24.3191,4.63753,0.273333
0.4716,18.0402,18.0402,4.64471,83.7915,85.0695,24.3196,4.64471,0.275
0.4718,18.0943,18.0943,4.62594,83.7031,85.0695,24.3183,4.62594,0.273333
0.472,18.1301,18.1301,4.61623,83.6928,85.0695,24.3178,4.61623,0.271667
0.4722,18.0892,18.0892,4.63837,83.9042,85.0695,24.3192,4.63837,0.273333
0.4724,18.0387,18.0387,4.64099,83.7174,85.0695,24.3194,4.64099,0.275
0.4726,18.0938,18.0938,4.62515,83.6867,85.0695,24.3182,4.62515,0.273333
0.4728,18.1294,18.1294,4.61735,83.7099,85.0695,24.3178,4.61735,0.271667
0.473,18.0843,18.0843,4.63753,83.8664,85.0695,24.3191,4.63753,0.273333
0.4732,18.0402,18.0402,4.64471,83.7915,85.0695,24.3196,4.64471,0.275
0.4734,18.0943,18.0943,4.62594,83.7031,85.0695,24.3183,4.62594,0.273333
0.4736,18.1301,18.1301,4.61623,83.6928,85.0695,24.3178,4.61623,0.271667
0.4738,18.0892,18.0892,4.63837,83.9042,85.0695,24.3192,4.63837,0.273333
0.474,18.0387,18.0387,4.64099,83.7174,85.0695,24.3194,4.64099,0.275
0.4742,18.0938,18.0938,4.62515,83.6867,85.0695,24.3182,4.62515,0.273333
0.4744,18.1294,18.1294,4.61735,83.7099,85.0695,24.3178,4.61735,0.271667
0.4746,18.0843,18.0843,4.63753,83.8664,85.0695,24.3191,4.63753,0.273333
0.4748,18.0402,18.0402,4.64471,83.7915,85.0695,24.3196,4.64471,0.275
0.475,18.0943,18.0943,4.62594,83.7031,85.0695,24.3183,4.62594,0.273333
0.4752,18.1301,18.1301,4.61623,83.6928,85.0695,24.3178,4.61623,0.271667
0.4754,18.0892,18.0892,4.63837,83.9042,85.0695,24.3192,4.63837,0.273333
0.4756,18.0387,18.0387,4.64099,83.7174,85.0695,24.3194,4.64099,0.275
0.4758,18.0938,18.0938,4.62515,83.6867,85.0695,24.3182,4.62515,0.273333
0.476,18.1294,18.1294,4.61735,83.7099,85.0695,24.3178,4.61735,0.271667
0.4762,18.0843,18.0843,4.63753,83.8664,85.0695,24.3191,4.63753,0.273333
0.4764,18.0402,18.0402,4.64471,83.7915,85.0695,24.3196,4.64471,0.275
0.4766,18.0943,18.0943,4.62594,83.7031,85.0695,24.3183,4.62594,0.273333
0.4768,18.1301,18.1301,4.61623,83.6928,85.0695,24.3178,4.61623,0.271667
0.477,18.0892,18.0892,4.63837,83.9042,85.0695,24.3192,4.63837,0.273333
0.4772,18.0387,18.0387,4.64099,83.7174,85.0695,24.3194,4.64099,0.275
0.4774,18.0938,18.0938,4.62515,83.6867,85.0695,24.3182,4.62515,0.273333
0.4776,18.1294,18.1294,4.61735,83.7099,85.0695,24.3178,4.61735,0.271667
0.4778,18.0843,18.0843,4.63753,83.8664,85.0695,24.3191,4.63753,0.273333
0.478,18.0402,18.0402,4.64471,83.7915,85.0695,24.3196,4.64471,0.275
0.4782,18.0943,18.0943,4.62594,83.7031,85.0695,24.3183,4.62594,0.273333
0.4784,18.1301,18.1301,4.61623,83.6928,85.0695,24.3178,4.61623,0.271667
0.4786,18.0892,18.0892,4.63837,83.9042,85.0695,24.3192,4.63837,0.273333
0.4788,18.0387,18.0387,4.64099,83.7174,85.0695,24.3194,4.64099,0.275
0.479,18.0938,18.0938,4.62515,83.6867,85.0695,24.3182,4.62515,0.273333
0.4792,18.1294,18.1294,4.61735,83.7099,85.0695,24.3178,4.61735,0.271667
0.4794,18.0843,18.0843,4.63753,83.8664,85.0695,24.3191,4.63753,0.273333
0.4796,18.0402,18.0402,4.64471,83.7915,85.0695,24.3196,4.64471,0.275
0.4798,18.0943,18.0943,4.62594,83.7031,85.0695,24.3183,4.62594,0.273333
0.48,18.1301,18.1301,4.61623,83.6928,85.0695,24.3178,4.61623,0.271667
0.4802,18.0892,18.0892,4.63837,83.9042,85.0695,24.3192,4.63837,0.273333
0.4804,18.0387,18.0387,4.64099,83.7174,85.0695,24.3194,4.64099,0.275
0.4806,18.0938,18.0938,4.62515,83.6867,85.0695,24.3182,4.62515,0.273333
0.4808,18.1294,18.1294,4.61735,83.7099,85.0695,24.3178,4.61735,0.271667
0.481,18.0843,18.0843,4.63753,83.8664,85.0695,24.3191,4.63753,0.273333
0.4812,18.0402,18.0402,4.64471,83.7915,85.0695,24.3196,4.64471,0.275
0.4814,18.0943,18.0943,4.62594,83.7031,85.0695,24.3183,4.62594,0.273333
0.4816,18.1301,18.1301,4.61623,83.6928,85.0695,24.3178,4.61623,0.271667
0.4818,18.0892,18.0892,4.63837,83.9042,85.0695,24.3192,4.63837,0.273333
0.482,18.0387,18.0387,4.64099,83.7174,85.0695,24.3194,4.64099,0.275
0.4822,18.0938,18.0938,4.62515,83.6867,85.0695,24.3182,4.62515,0.273333
0.4824,18.1294,18.1294,4.61735,83.7099,85.0695,24.3178,4.61735,0.271667
0.4826,18.0843,18.0843,4.63753,83.8664,85.0695,24.3191,4.63753,0.273333
0.4828,18.0402,18.0402,4.64471,83.7915,85.0695,24.3196,4.64471,0.275
0.483,18.0943,18.0943,4.62594,83.7031,85.0695,24.3183,4.62594,0.273333
0.4832,18.1301,18.1301,4.61623,83.6928,85.0695,24.3178,4.61623,0.271667
0.4834,18.0892,18.0892,4.63837,83.9042,85.0695,24.3192,4.63837,0.273333
0.4836,18.0387,18.0387,4.64099,83.7174,85.0695,24.3194,4.64099,0.275
0.4838,18.0938,18.0938,4.62515,83.6867,85.0695,24.3182,4.62515,0.273333
0.484,18.1294,18.1294,4.61735,83.7099,85.0695,24.3178,4.61735,0.271667
0.4842,18.0843,18.0843,4.63753,83.8664,85.0695,24.3191,4.63753,0.273333
0.4844,18.0402,18.0402,4.64471,83.7915,85.0695,24.3196,4.64471,0.275
0.4846,18.0943,18.0943,4.62594,83.7031,85.0695,24.3183,4.62594,0.273333
0.4848,18.1301,18.1301,4.61623,83.6928,85.0695,24.3178,4.61623,0.271667
0.485,18.0892,18.0892,4.63837,83.9042,85.0695,24.3192,4.63837,0.273333
0.4852,18.0387,18.0387,4.64099,83.7174,85.0695,24.3194,4.64099,0.275
0.4854,18.0938,18.0938,4.62515,83.6867,85.0695,24.3182,4.62515,0.273333
0.4856,18.1294,18.1294,4.61735,83.7099,85.0695,24.3178,4.61735,0.271667
0.4858,18.0843,18.0843,4.63753,83.8664,85.0695,24.3191,4.63753,0.273333
0.486,18.0402,18.0402,4.64471,83.7915,85.0695,24.3196,4.64471,0.275
0.4862,18.0943,18.0943,4.62594,83.7031,85.0695,24.3183,4.62594,0.273333
0.4864,18.1301,18.1301,4.61623,83.6928,85.0695,24.3178,4.61623,0.271667
0.4866,18.0892,18.0892,4.63837,83.9042,85.0695,24.3192,4.63837,0.273333
0.4868,18.0387,18.0387,4.64099,83.7174,85.0695,24.3194,4.64099,0.275
0.487,18.0938,18.0938,4.62515,83.6867,85.0695,24.3182,4.62515,0.273333
0.4872,18.1294,18.1294,4.61735,83.7099,85.0695,24.3178,4.61735,0.271667
0.4874,18.0843,18.0843,4.63753,83.8664,85.0695,24.3191,4.63753,0.273333
0.4876,18.0402,18.0402,4.64471,83.7915,85.0695,24.3196,4.64471,0.275
0.4878,18.0943,18.0943,4.62594,83.7031,85.0695,24.3183,4.62594,0.273333
0.488,18.1301,18.1301,4.61623,83.6928,85.0695,24.3178,4.61623,0.271667
0.4882,18.0892,18.0892,4.63837,83.9042,85.0695,24.3192,4.63837,0.273333
0.4884,18.0387,18.0387,4.64099,83.7174,85.0695,24.3194,4.64099,0.275
0.4886,18.0938,18.0938,4.62515,83.6867,85.0695,24.3182,4.62515,0.273333
0.4888,18.1294,18.1294,4.61735,83.7099,85.0695,24.3178,4.61735,0.271667
0.489,18.0843,18.0843,4.63753,83.8664,85.0695,24.3191,4.63753,0.273333
0.4892,18.0402,18.0402,4.64471,83.7915,85.0695,24.3196,4.64471,0.275
0.4894,18.0943,18.0943,4.62594,83.7031,85.0695,24.3183,4.62594,0.273333
0.4896,18.1301,18.1301,4.61623,83.6928,85.0695,24.3178,4.61623,0.271667
0.4898,18.0892,18.0892,4.63837,83.9042,85.0695,24.3192,4.63837,0.273333
0.49,18.0387,18.0387,4.64099,83.7174,85.0695,24.3194,4.64099,0.275
0.4902,18.0938,18.0938,4.62515,83.6867,85.0695,24.3182,4.62515,0.273333
0.4904,18.1294,18.1294,4.61735,83.7099,85.0695,24.3178,4.61735,0.271667
0.4906,18.0843,18.0843,4.63753,83.8664,85.0695,24.3191,4.63753,0.273333
0.4908,18.0402,18.0402,4.64471,83.7915,85.0695,24.3196,4.64471,0.275
0.491,18.0943,18.0943,4.62594,83.7031,85.0695,24.3183,4.62594,0.273333
0.4912,18.1301,18.1301,4.61623,83.6928,85.0695,24.3178,4.61623,0.271667
0.4914,18.0892,18.0892,4.63837,83.9042,85.0695,24.3192,4.63837,0.273333
0.4916,18.0387,18.0387,4.64099,83.7174,85.0695,24.3194,4.64099,0.275
0.4918,18.0938,18.0938,4.62515,83.6867,85.0695,24.3182,4.62515,0.273333
0.492,18.1294,18.1294,4.61735,83.7099,85.0695,24.3178,4.61735,0.271667
0.4922,18.0843,18.0843,4.63753,83.8664,85.0695,24.3191,4.63753,0.273333
0.4924,18.0402,18.0402,4.64471,83.7915,85.0695,24.3196,4.64471,0.275
0.4926,18.0943,18.0943,4.62594,83.7031,85.0695,24.3183,4.62594,0.273333
0.4928,18.1301,18.1301,4.61623,83.6928,85.0695,24.3178,4.61623,0.271667
0.493,18.0892,18.0892,4.63837,83.9042,85.0695,24.3192,4.63837,0.273333
0.4932,18.0387,18.0387,4.64099,83.7174,85.0695,24.3194,4.64099,0.275
0.4934,18.0938,18.0938,4.62515,83.6867,85.0695,24.3182,4.62515,0.273333
0.4936,18.1294,18.1294,4.61735,83.7099,85.0695,24.3178,4.61735,0.271667
0.4938,18.0843,18.0843,4.63753,83.8664,85.0695,24.3191,4.63753,0.273333
0.494,18.0402,18.0402,4.64471,83.7915,85.0695,24.3196,4.64471,0.275
0.4942,18.0943,18.0943,4.62594,83.7031,85.0695,24.3183,4.62594,0.273333
0.4944,18.1301,18.1301,4.61623,83.6928,85.0695,24.3178,4.61623,0.271667
0.4946,18.0892,18.0892,4.63837,83.9042,85.0695,24.3192,4.63837,0.273333
0.4948,18.0387,18.0387,4.64099,83.7174,85.0695,24.3194,4.64099,0.275
0.495,18.0938,18.0938,4.62515,83.6867,85.0695,24.3182,4.62515,0.273333
0.4952,18.1294,18.1294,4.61735,83.7099,85.0695,24.3178,4.61735,0.271667
0.4954,18.0843,18.0843,4.63753,83.8664,85.0695,24.3191,4.63753,0.273333
0.4956,18.0402,18.0402,4.64471,83.7915,85.0695,24.3196,4.64471,0.275
0.4958,18.0943,18.0943,4.62594,83.7031,85.0695,24.3183,4.62594,0.273333
0.496,18.1301,18.1301,4.61623,83.6928,85.0695,24.3178,4.61623,0.271667
0.4962,18.0892,18.0892,4.63837,83.9042,85.0695,24.3192,4.63837,0.273333
0.4964,18.0387,18.0387,4.64099,83.7174,85.0695,24.3194,4.64099,0.275
0.4966,18.0938,18.0938,4.62515,83.6867,85.0695,24.3182,4.62515,0.273333
0.4968,18.1294,18.1294,4.61735,83.7099,85.0695,24.3178,4.61735,0.271667
0.497,18.0843,18.0843,4.63753,83.8664,85.0695,24.3191,4.63753,0.273333
0.4972,18.0402,18.0402,4.64471,83.7915,85.0695,24.3196,4.64471,0.275
0.4974,18.0943,18.0943,4.62594,83.7031,85.0695,24.3183,4.62594,0.273333
0.4976,18.1301,18.1301,4.61623,83.6928,85.0695,24.3178,4.61623,0.271667
0.4978,18.0892,18.0892,4.63837,83.9042,85.0695,24.3192,4.63837,0.273333
0.498,18.0387,18.0387,4.64099,83.7174,85.0695,24.3194,4.64099,0.275
0.4982,18.0938,18.0938,4.62515,83.6867,85.0695,24.3182,4.62515,0.273333
0.4984,18.1294,18.1294,4.61735,83.7099,85.0695,24.3178,4.61735,0.271667
0.4986,18.0843,18.0843,4.63753,83.8664,85.0695,24.3191,4.63753,0.273333
0.4988,18.0402,18.0402,4.64471,83.7915,85.0695,24.3196,4.64471,0.275
0.499,18.0943,18.0943,4.62594,83.7031,85.0695,24.3183,4.62594,0.273333
0.4992,18.1301,18.1301,4.61623,83.6928,85.0695,24.3178,4.61623,0.271667
0.4994,18.0892,18.0892,4.63837,83.9042,85.0695,24.3192,4.63837,0.273333
0.4996,18.0387,18.0387,4.64099,83.7174,85.0695,24.3194,4.64099,0.275
0.4998,18.0938,18.0938,4.62515,83.6867,85.0695,24.3182,4.62515,0.273333
0.5,18.1294,18.1294,4.61735,83.7099,85.0695,24.3178,4.61735,0.271667
0.5002,18.0843,18.0843,4.63753,83.8664,85.0695,24.3191,4.63753,0.273333
0.5004,18.0402,18.0402,4.64471,83.7915,85.0695,24.3196,4.64471,0.275
0.5006,18.0943,18.0943,4.62594,83.7031,85.0695,24.3183,4.62594,0.273333
0.5008,18.1301,18.1301,4.61623,83.6928,85.0695,24.3178,4.61623,0.271667
0.501,18.0892,18.0892,4.63837,83.9042,85.0695,24.3192,4.63837,0.273333
0.5012,18.0387,18.0387,4.64099,83.7174,85.0695,24.3194,4.64099,0.275
0.5014,18.0938,18.0938,4.62515,83.6867,85.0695,24.3182,4.62515,0.273333
0.5016,18.1294,18.1294,4.61735,83.7099,85.0695,24.3178,4.61735,0.271667
0.5018,18.0843,18.0843,4.63753,83.8664,85.0695,24.3191,4.63753,0.273333
0.502,18.0402,18.0402,4.64471,83.7915,85.0695,24.3196,4.64471,0.275
0.5022,18.0943,18.0943,4.62594,83.7031,85.0695,24.3183,4.62594,0.273333
0.5024,18.1301,18.1301,4.61623,83.6928,85.0695,24.3178,4.61623,0.271667
0.5026,18.0892,18.0892,4.63837,83.9042,85.0695,24.3192,4.63837,0.273333
0.5028,18.0387,18.0387,4.64099,83.7174,85.0695,24.3194,4.64099,0.275
0.503,18.0938,18.0938,4.62515,83.6867,85.0695,24.3182,4.62515,0.273333
0.5032,18.1294,18.1294,4.61735,83.7099,85.0695,24.3178,4.61735,0.271667
0.5034,18.0843,18.0843,4.63753,83.8664,85.0695,24.3191,4.63753,0.273333
0.5036,18.0402,18.0402,4.64471,83.7915,85.0695,24.3196,4.64471,0.275
0.5038,18.0943,18.0943,4.62594,83.7031,85.0695,24.3183,4.62594,0.273333
0.504,18.1301,18.1301,4.61623,83.6928,85.0695,24.3178,4.61623,0.271667
0.5042,18.0892,18.0892,4.63837,83.9042,85.0695,24.3192,4.63837,0.273333
0.5044,18.0387,18.0387,4.64099,83.7174,85.0695,24.3194,4.64099,0.275
0.5046,18.0938,18.0938,4.62515,83.6867,85.0695,24.3182,4.62515,0.273333
0.5048,18.1294,18.1294,4.61735,83.7099,85.0695,24.3178,4.61735,0.271667
0.505,18.0843,18.0843,4.63753,83.8664,85.0695,24.3191,4.63753,0.273333
0.5052,18.0402,18.0402,4.64471,83.7915,85.0695,24.3196,4.64471,0.275
0.5054,18.0943,18.0943,4.62594,83.7031,85.0695,24.3183,4.62594,0.273333
0.5056,18.1301,18.1301,4.61623,83.6928,85.0695,24.3178,4.61623,0.271667
0.5058,18.0892,18.0892,4.63837,83.9042,85.0695,24.3192,4.63837,0.273333
0.506,18.0387,18.0387,4.64099,83.7174,85.0695,24.3194,4.64099,0.275
0.5062,18.0938,18.0938,4.62515,83.6867,85.0695,24.3182,4.62515,0.273333
0.5064,18.1294,18.1294,4.61735,83.7099,85.0695,24.3178,4.61735,0.271667
0.5066,18.0843,18.0843,4.63753,83.8664,85.0695,24.3191,4.63753,0.273333
0.5068,18.0402,18.0402,4.64471,83.7915,85.0695,24.3196,4.64471,0.275
0.507,18.0943,18.0943,4.62594,83.7031,85.0695,24.3183,4.62594,0.273333
0.5072,18.1301,18.1301,4.61623,83.6928,85.0695,24.3178,4.61623,0.271667
0.5074,18.0892,18.0892,4.63837,83.9042,85.0695,24.3192,4.63837,0.273333
0.5076,18.0387,18.0387,4.64099,83.7174,85.0695,24.3194,4.64099,0.275
0.5078,18.0938,18.0938,4.62515,83.6867,85.0695,24.3182,4.62515,0.273333
0.508,18.1294,18.1294,4.61735,83.7099,85.0695,24.3178,4.61735,0.271667
0.5082,18.0843,18.0843,4.63753,83.8664,85.0695,24.3191,4.63753,0.273333
0.5084,18.0402,18.0402,4.64471,83.7915,85.0695,24.3196,4.64471,0.275
0.5086,18.0943,18.0943,4.62594,83.7031,85.0695,24.3183,4.62594,0.273333
0.5088,18.1301,18.1301,4.61623,83.6928,85.0695,24.3178,4.61623,0.271667
0.509,18.0892,18.0892,4.63837,83.9042,85.0695,24.3192,4.63837,0.273333
0.5092,18.0387,18.0387,4.64099,83.7174,85.0695,24.3194,4.64099,0.275
0.5094,18.0938,18.0938,4.62515,83.6867,85.0695,24.3182,4.62515,0.273333
0.5096,18.1294,18.1294,4.61735,83.7099,85.0695,24.3178,4.61735,0.271667
0.5098,18.0843,18.0843,4.63753,83.8664,85.0695,24.3191,4.63753,0.273333
0.51,18.0402,18.0402,4.64471,83.7915,85.0695,24.3196,4.64471,0.275
0.5102,18.0943,18.0943,4.62594,83.7031,85.0695,24.3183,4.62594,0.273333
0.5104,18.1301,18.1301,4.61623,83.6928,85.0695,24.3178,4.61623,0.271667
0.5106,18.0892,18.0892,4.63837,83.9042,85.0695,24.3192,4.63837,0.273333
0.5108,18.0387,18.0387,4.64099,83.7174,85.0695,24.3194,4.64099,0.275
0.511,18.0938,18.0938,4.62515,83.6867,85.0695,24.3182,4.62515,0.273333
0.5112,18.1294,18.1294,4.61735,83.7099,85.0695,24.3178,4.61735,0.271667
0.5114,18.0843,18.0843,4.63753,83.8664,85.0695,24.3191,4.63753,0.273333
0.5116,18.0402,18.0402,4.64471,83.7915,85.0695,24.3196,4.64471,0.275
0.5118,18.0943,18.0943,4.62594,83.7031,85.0695,24.3183,4.62594,0.273333
0.512,18.1301,18.1301,4.61623,83.6928,85.0695,24.3178,4.61623,0.271667
0.5122,18.0892,18.0892,4.63837,83.9042,85.0695,24.3192,4.63837,0.273333
0.5124,18.0387,18.0387,4.64099,83.7174,85.0695,24.3194,4.64099,0.275
0.5126,18.0938,18.0938,4.62515,83.6867,85.0695,24.3182,4.62515,0.273333
0.5128,18.1294,18.1294,4.61735,83.7099,85.0695,24.3178,4.61735,0.271667
0.513,18.0843,18.0843,4.63753,83.8664,85.0695,24.3191,4.63753,0.273333
0.5132,18.0402,18.0402,4.64471,83.7915,85.0695,24.3196,4.64471,0.275
0.5134,18.0943,18.0943,4.62594,83.7031,85.0695,24.3183,4.62594,0.273333
0.5136,18.1301,18.1301,4.61623,83.6928,85.0695,24.3178,4.61623,0.271667
0.5138,18.0892,18.0892,4.63837,83.9042,85.0695,24.3192,4.63837,0.273333
0.514,18.0387,18.0387,4.64099,83.7174,85.0695,24.3194,4.64099,0.275
0.5142,18.0938,18.0938,4.62515,83.6867,85.0695,24.3182,4.62515,0.273333
0.5144,18.1294,18.1294,4.61735,83.7099,85.0695,24.3178,4.61735,0.271667
0.5146,18.0843,18.0843,4.63753,83.8664,85.0695,24.3191,4.63753,0.273333
0.5148,18.0402,18.0402,4.64471,83.7915,85.0695,24.3196,4.64471,0.275
0.515,18.0943,18.0943,4.62594,83.7031,85.0695,24.3183,4.62594,0.273333
0.5152,18.1301,18.1301,4.61623,83.6928,85.0695,24.3178,4.61623,0.271667
0.5154,18.0892,18.0892,4.63837,83.9042,85.0695,24.3192,4.63837,0.273333
0.5156,18.0387,18.0387,4.64099,83.7174,85.0695,24.3194,4.64099,0.275
0.5158,18.0938,18.0938,4.62515,83.6867,85.0695,24.3182,4.62515,0.273333
0.516,18.1294,18.1294,4.61735,83.7099,85.0695,24.3178,4.61735,0.271667
0.5162,18.0843,18.0843,4.63753,83.8664,85.0695,24.3191,4.63753,0.273333
0.5164,18.0402,18.0402,4.64471,83.7915,85.0695,24.3196,4.64471,0.275
0.5166,18.0943,18.0943,4.62594,83.7031,85.0695,24.3183,4.62594,0.273333
0.5168,18.1301,18.1301,4.61623,83.6928,85.0695,24.3178,4.61623,0.271667
0.517,18.0892,18.0892,4.63837,83.9042,85.0695,24.3192,4.63837,0.273333
0.5172,18.0387,18.0387,4.64099,83.7174,85.0695,24.3194,4.64099,0.275
0.5174,18.0938,18.0938,4.62515,83.6867,85.0695,24.3182,4.62515,0.273333
0.5176,18.1294,18.1294,4.61735,83.7099,85.0695,24.3178,4.61735,0.271667
0.5178,18.0843,18.0843,4.63753,83.8664,85.0695,24.3191,4.63753,0.273333
0.518,18.0402,18.0402,4.64471,83.7915,85.0695,24.3196,4.64471,0.275
0.5182,18.0943,18.0943,4.62594,83.7031,85.0695,24.3183,4.62594,0.273333
0.5184,18.1301,18.1301,4.61623,83.6928,85.0695,24.3178,4.61623,0.271667
0.5186,18.0892,18.0892,4.63837,83.9042,85.0695,24.3192,4.63837,0.273333
0.5188,18.0387,18.0387,4.64099,83.7174,85.0695,24.3194,4.64099,0.275
0.519,18.0938,18.0938,4.62515,83.6867,85.0695,24.3182,4.62515,0.273333
0.5192,18.1294,18.1294,4.61735,83.7099,85.0695,24.3178,4.61735,0.271667
0.5194,18.0843,18.0843,4.63753,83.8664,85.0695,24.3191,4.63753,0.273333
0.5196,18.0402,18.0402,4.64471,83.7915,85.0695,24.3196,4.64471,0.275
0.5198,18.0943,18.0943,4.62594,83.7031,85.0695,24.3183,4.62594,0.273333
0.52,18.1301,18.1301,4.61623,83.6928,85.0695,24.3178,4.61623,0.271667
0.5202,18.0892,18.0892,4.63837,83.9042,85.0695,24.3192,4.63837,0.273333
0.5204,18.0387,18.0387,4.64099,83.7174,85.0695,24.3194,4.64099,0.275
0.5206,18.0938,18.0938,4.62515,83.6867,85.0695,24.3182,4.62515,0.273333
0.5208,18.1294,18.1294,4.61735,83.7099,85.0695,24.3178,4.61735,0.271667
0.521,18.0843,18.0843,4.63753,83.8664,85.0695,24.3191,4.63753,0.273333
0.5212,18.0402,18.0402,4.64471,83.7915,85.0695,24.3196,4.64471,0.275
0.5214,18.0943,18.0943,4.62594,83.7031,85.0695,24.3183,4.62594,0.273333
0.5216,18.1301,18.1301,4.61623,83.6928,85.0695,24.3178,4.61623,0.271667
0.5218,18.0892,18.0892,4.63837,83.9042,85.0695,24.3192,4.63837,0.273333
0.522,18.0387,18.0387,4.64099,83.7174,85.0695,24.3194,4.64099,0.275
0.5222,18.0938,18.0938,4.62515,83.6867,85.0695,24.3182,4.62515,0.273333
0.5224,18.1294,18.1294,4.61735,83.7099,85.0695,24.3178,4.61735,0.271667
0.5226,18.0843,18.0843,4.63753,83.8664,85.0695,24.3191,4.63753,0.273333
0.5228,18.0402,18.0402,4.64471,83.7915,85.0695,24.3196,4.64471,0.275
0.523,18.0943,18.0943,4.62594,83.7031,85.0695,24.3183,4.62594,0.273333
0.5232,18.1301,18.1301,4.61623,83.6928,85.0695,24.3178,4.61623,0.271667
0.5234,18.0892,18.0892,4.63837,83.9042,85.0695,24.3192,4.63837,0.273333
0.5236,18.0387,18.0387,4.64099,83.7174,85.0695,24.3194,4.64099,0.275
0.5238,18.0938,18.0938,4.62515,83.6867,85.0695,24.3182,4.62515,0.273333
0.524,18.1294,18.1294,4.61735,83.7099,85.0695,24.3178,4.61735,0.271667
0.5242,18.0843,18.0843,4.63753,83.8664,85.0695,24.3191,4.63753,0.273333
0.5244,18.0402,18.0402,4.64471,83.7915,85.0695,24.3196,4.64471,0.275
0.5246,18.0943,18.0943,4.62594,83.7031,85.0695,24.3183,4.62594,0.273333
0.5248,18.1301,18.1301,4.61623,83.6928,85.0695,24.3178,4.61623,0.271667
0.525,18.0892,18.0892,4.63837,83.9042,85.0695,24.3192,4.63837,0.273333
0.5252,18.0387,18.0387,4.64099,83.7174,85.0695,24.3194,4.64099,0.275
0.5254,18.0938,18.0938,4.62515,83.6867,85.0695,24.3182,4.62515,0.273333
0.5256,18.1294,18.1294,4.61735,83.7099,85.0695,24.3178,4.61735,0.271667
0.5258,18.0843,18.0843,4.63753,83.8664,85.0695,24.3191,4.63753,0.273333
0.526,18.0402,18.0402,4.64471,83.7915,85.0695,24.3196,4.64471,0.275
0.5262,18.0943,18.0943,4.62594,83.7031,85.0695,24.3183,4.62594,0.273333
0.5264,18.1301,18.1301,4.61623,83.6928,85.0695,24.3178,4.61623,0.271667
0.5266,18.0892,18.0892,4.63837,83.9042,85.0695,24.3192,4.63837,0.273333
0.5268,18.0387,18.0387,4.64099,83.7174,85.0695,24.3194,4.64099,0.275
0.527,18.0938,18.0938,4.62515,83.6867,85.0695,24.3182,4.62515,0.273333
0.5272,18.1294,18.1294,4.61735,83.7099,85.0695,24.3178,4.61735,0.271667
0.5274,18.0843,18.0843,4.63753,83.8664,85.0695,24.3191,4.63753,0.273333
0.5276,18.0402,18.0402,4.64471,83.7915,85.0695,24.3196,4.64471,0.275
0.5278,18.0943,18.0943,4.62594,83.7031,85.0695,24.3183,4.62594,0.273333
0.528,18.1301,18.1301,4.61623,83.6928,85.0695,24.3178,4.61623,0.271667
0.5282,18.0892,18.0892,4.63837,83.9042,85.0695,24.3192,4.63837,0.273333
0.5284,18.0387,18.0387,4.64099,83.7174,85.0695,24.3194,4.64099,0.275
0.5286,18.0938,18.0938,4.62515,83.6867,85.0695,24.3182,4.62515,0.273333
0.5288,18.1294,18.1294,4.61735,83.7099,85.0695,24.3178,4.61735,0.271667
0.529,18.0843,18.0843,4.63753,83.8664,85.0695,24.3191,4.63753,0.273333
0.5292,18.0402,18.0402,4.64471,83.7915,85.0695,24.3196,4.64471,0.275
0.5294,18.0943,18.0943,4.62594,83.7031,85.0695,24.3183,4.62594,0.273333
0.5296,18.1301,18.1301,4.61623,83.6928,85.0695,24.3178,4.61623,0.271667
0.5298,18.0892,18.0892,4.63837,83.9042,85.0695,24.3192,4.63837,0.273333
0.53,18.0387,18.0387,4.64099,83.7174,85.0695,24.3194,4.64099,0.275
0.5302,18.0938,18.0938,4.62515,83.6867,85.0695,24.3182,4.62515,0.273333
0.5304,18.1294,18.1294,4.61735,83.7099,85.0695,24.3178,4.61735,0.271667
0.5306,18.0843,18.0843,4.63753,83.8664,85.0695,24.3191,4.63753,0.273333
0.5308,18.0402,18.0402,4.64471,83.7915,85.0695,24.3196,4.64471,0.275
0.531,18.0943,18.0943,4.62594,83.7031,85.0695,24.3183,4.62594,0.273333
0.5312,18.1301,18.1301,4.61623,83.6928,85.0695,24.3178,4.61623,0.271667
0.5314,18.0892,18.0892,4.63837,83.9042,85.0695,24.3192,4.63837,0.273333
0.5316,18.0387,18.0387,4.64099,83.7174,85.0695,24.3194,4.64099,0.275
0.5318,18.0938,18.0938,4.62515,83.6867,85.0695,24.3182,4.62515,0.273333
0.532,18.1294,18.1294,4.61735,83.7099,85.0695,24.3178,4.61735,0.271667
0.5322,18.0843,18.0843,4.63753,83.8664,85.0695,24.3191,4.63753,0.273333
0.5324,18.0402,18.0402,4.64471,83.7915,85.0695,24.3196,4.64471,0.275
0.5326,18.0943,18.0943,4.62594,83.7031,85.0695,24.3183,4.62594,0.273333
0.5328,18.1301,18.1301,4.61623,83.6928,85.0695,24.3178,4.61623,0.271667
0.533,18.0892,18.0892,4.63837,83.9042,85.0695,24.3192,4.63837,0.273333
0.5332,18.0387,18.0387,4.64099,83.7174,85.0695,24.3194,4.64099,0.275
0.5334,18.0938,18.0938,4.62515,83.6867,85.0695,24.3182,4.62515,0.273333
0.5336,18.1294,18.1294,4.61735,83.7099,85.0695,24.3178,4.61735,0.271667
0.5338,18.0843,18.0843,4.63753,83.8664,85.0695,24.3191,4.63753,0.273333
0.534,18.0402,18.0402,4.64471,83.7915,85.0695,24.3196,4.64471,0.275
0.5342,18.0943,18.0943,4.62594,83.7031,85.0695,24.3183,4.62594,0.273333
0.5344,18.1301,18.1301,4.61623,83.6928,85.0695,24.3178,4.61623,0.271667
0.5346,18.0892,18.0892,4.63837,83.9042,85.0695,24.3192,4.63837,0.273333
0.5348,18.0387,18.0387,4.64099,83.7174,85.0695,24.3194,4.64099,0.275
0.535,18.0938,18.0938,4.62515,83.6867,85.0695,24.3182,4.62515,0.273333
0.5352,18.1294,18.1294,4.61735,83.7099,85.0695,24.3178,4.61735,0.271667
0.5354,18.0843,18.0843,4.63753,83.8664,85.0695,24.3191,4.63753,0.273333
0.5356,18.0402,18.0402,4.64471,83.7915,85.0695,24.3196,4.64471,0.275
0.5358,18.0943,18.0943,4.62594,83.7031,85.0695,24.3183,4.62594,0.273333
0.536,18.1301,18.1301,4.61623,83.6928,85.0695,24.3178,4.61623,0.271667
0.5362,18.0892,18.0892,4.63837,83.9042,85.0695,24.3192,4.63837,0.273333
0.5364,18.0387,18.0387,4.64099,83.7174,85.0695,24.3194,4.64099,0.275
0.5366,18.0938,18.0938,4.62515,83.6867,85.0695,24.3182,4.62515,0.273333
0.5368,18.1294,18.1294,4.61735,83.7099,85.0695,24.3178,4.61735,0.271667
0.537,18.0843,18.0843,4.63753,83.8664,85.0695,24.3191,4.63753,0.273333
0.5372,18.0402,18.0402,4.64471,83.7915,85.0695,24.3196,4.64471,0.275
0.5374,18.0943,18.0943,4.62594,83.7031,85.0695,24.3183,4.62594,0.273333
0.5376,18.1301,18.1301,4.61623,83.6928,85.0695,24.3178,4.61623,0.271667
0.5378,18.0892,18.0892,4.63837,83.9042,85.0695,24.3192,4.63837,0.273333
0.538,18.0387,18.0387,4.64099,83.7174,85.0695,24.3194,4.64099,0.275
0.5382,18.0938,18.0938,4.62515,83.6867,85.0695,24.3182,4.62515,0.273333
0.5384,18.1294,18.1294,4.61735,83.7099,85.0695,24.3178,4.61735,0.271667
0.5386,18.0843,18.0843,4.63753,83.8664,85.0695,24.3191,4.63753,0.273333
0.5388,18.0402,18.0402,4.64471,83.7915,85.0695,24.3196,4.64471,0.275
0.539,18.0943,18.0943,4.62594,83.7031,85.0695,24.3183,4.62594,0.273333
0.5392,18.1301,18.1301,4.61623,83.6928,85.0695,24.3178,4.61623,0.271667
0.5394,18.0892,18.0892,4.63837,83.9042,85.0695,24.3192,4.63837,0.273333
0.5396,18.0387,18.0387,4.64099,83.7174,85.0695,24.3194,4.64099,0.275
0.5398,18.0938,18.0938,4.62515,83.6867,85.0695,24.3182,4.62515,0.273333
0.54,18.1294,18.1294,4.61735,83.7099,85.0695,24.3178,4.61735,0.271667
0.5402,18.0843,18.0843,4.63753,83.8664,85.0695,24.3191,4.63753,0.273333
0.5404,18.0402,18.0402,4.64471,83.7915,85.0695,24.3196,4.64471,0.275
0.5406,18.0943,18.0943,4.62594,83.7031,85.0695,24.3183,4.62594,0.273333
0.5408,18.1301,18.1301,4.61623,83.6928,85.0695,24.3178,4.61623,0.271667
0.541,18.0892,18.0892,4.63837,83.9042,85.0695,24.3192,4.63837,0.273333
0.5412,18.0387,18.0387,4.64099,83.7174,85.0695,24.3194,4.64099,0.275
0.5414,18.0938,18.0938,4.62515,83.6867,85.0695,24.3182,4.62515,0.273333
0.5416,18.1294,18.1294,4.61735,83.7099,85.0695,24.3178,4.61735,0.271667
0.5418,18.0843,18.0843,4.63753,83.8664,85.0695,24.3191,4.63753,0.273333
0.542,18.0402,18.0402,4.64471,83.7915,85.0695,24.3196,4.64471,0.275
0.5422,18.0943,18.0943,4.62594,83.7031,85.0695,24.3183,4.62594,0.273333
0.5424,18.1301,18.1301,4.61623,83.6928,85.0695,24.3178,4.61623,0.271667
0.5426,18.0892,18.0892,4.63837,83.9042,85.0695,24.3192,4.63837,0.273333
0.5428,18.0387,18.0387,4.64099,83.7174,85.0695,24.3194,4.64099,0.275
0.543,18.0938,18.0938,4.62515,83.6867,85.0695,24.3182,4.62515,0.273333
0.5432,18.1294,18.1294,4.61735,83.7099,85.0695,24.3178,4.61735,0.271667
0.5434,18.0843,18.0843,4.63753,83.8664,85.0695,24.3191,4.63753,0.273333
0.5436,18.0402,18.0402,4.64471,83.7915,85.0695,24.3196,4.64471,0.275
0.5438,18.0943,18.0943,4.62594,83.7031,85.0695,24.3183,4.62594,0.273333
0.544,18.1301,18.1301,4.61623,83.6928,85.0695,24.3178,4.61623,0.271667
0.5442,18.0892,18.0892,4.63837,83.9042,85.0695,24.3192,4.63837,0.273333
0.5444,18.0387,18.0387,4.64099,83.7174,85.0695,24.3194,4.64099,0.275
0.5446,18.0938,18.0938,4.62515,83.6867,85.0695,24.3182,4.62515,0.273333
0.5448,18.1294,18.1294,4.61735,83.7099,85.0695,24.3178,4.61735,0.271667
0.545,18.0843,18.0843,4.63753,83.8664,85.0695,24.3191,4.63753,0.273333
0.5452,18.0402,18.0402,4.64471,83.7915,85.0695,24.3196,4.64471,0.275
0.5454,18.0943,18.0943,4.62594,83.7031,85.0695,24.3183,4.62594,0.273333
0.5456,18.1301,18.1301,4.61623,83.6928,85.0695,24.3178,4.61623,0.271667
0.5458,18.0892,18.0892,4.63837,83.9042,85.0695,24.3192,4.63837,0.273333
0.546,18.0387,18.0387,4.64099,83.7174,85.0695,24.3194,4.64099,0.275
0.5462,18.0938,18.0938,4.62515,83.6867,85.0695,24.3182,4.62515,0.273333
0.5464,18.1294,18.1294,4.61735,83.7099,85.0695,24.3178,4.61735,0.271667
0.5466,18.0843,18.0843,4.63753,83.8664,85.0695,24.3191,4.63753,0.273333
0.5468,18.0402,18.0402,4.64471,83.7915,85.0695,24.3196,4.64471,0.275
0.547,18.0943,18.0943,4.62594,83.7031,85.0695,24.3183,4.62594,0.273333
0.5472,18.1301,18.1301,4.61623,83.6928,85.0695,24.3178,4.61623,0.271667
0.5474,18.0892,18.0892,4.63837,83.9042,85.0695,24.3192,4.63837,0.273333
0.5476,18.0387,18.0387,4.64099,83.7174,85.0695,24.3194,4.64099,0.275
0.5478,18.0938,18.0938,4.62515,83.6867,85.0695,24.3182,4.62515,0.273333
0.548,18.1294,18.1294,4.61735,83.7099,85.0695,24.3178,4.61735,0.271667
0.5482,18.0843,18.0843,4.63753,83.8664,85.0695,24.3191,4.63753,0.273333
0.5484,18.0402,18.0402,4.64471,83.7915,85.0695,24.3196,4.64471,0.275
0.5486,18.0943,18.0943,4.62594,83.7031,85.0695,24.3183,4.62594,0.273333
0.5488,18.1301,18.1301,4.61623,83.6928,85.0695,24.3178,4.61623,0.271667
0.549,18.0892,18.0892,4.63837,83.9042,85.0695,24.3192,4.63837,0.273333
0.5492,18.0387,18.0387,4.64099,83.7174,85.0695,24.3194,4.64099,0.275
0.5494,18.0938,18.0938,4.62515,83.6867,85.0695,24.3182,4.62515,0.273333
0.5496,18.1294,18.1294,4.61735,83.7099,85.0695,24.3178,4.61735,0.271667
0.5498,18.0843,18.0843,4.63753,83.8664,85.0695,24.3191,4.63753,0.273333
0.55,18.0402,18.0402,4.64471,83.7915,85.0695,24.3196,4.64471,0.275
0.5502,18.0943,18.0943,4.62594,83.7031,85.0695,24.3183,4.62594,0.273333
0.5504,18.1301,18.1301,4.61623,83.6928,85.0695,24.3178,4.61623,0.271667
0.5506,18.0892,18.0892,4.63837,83.9042,85.0695,24.3192,4.63837,0.273333
0.5508,18.0387,18.0387,4.64099,83.7174,85.0695,24.3194,4.64099,0.275
0.551,18.0938,18.0938,4.62515,83.6867,85.0695,24.3182,4.62515,0.273333
0.5512,18.1294,18.1294,4.61735,83.7099,85.0695,24.3178,4.61735,0.271667
0.5514,18.0843,18.0843,4.63753,83.8664,85.0695,24.3191,4.63753,0.273333
0.5516,18.0402,18.0402,4.64471,83.7915,85.0695,24.3196,4.64471,0.275
0.5518,18.0943,18.0943,4.62594,83.7031,85.0695,24.3183,4.62594,0.273333
0.552,18.1301,18.1301,4.61623,83.6928,85.0695,24.3178,4.61623,0.271667
0.5522,18.0892,18.0892,4.63837,83.9042,85.0695,24.3192,4.63837,0.273333
0.5524,18.0387,18.0387,4.64099,83.7174,85.0695,24.3194,4.64099,0.275
0.5526,18.0938,18.0938,4.62515,83.6867,85.0695,24.3182,4.62515,0.273333
0.5528,18.1294,18.1294,4.61735,83.7099,85.0695,24.3178,4.61735,0.271667
0.553,18.0843,18.0843,4.63753,83.8664,85.0695,24.3191,4.63753,0.273333
0.5532,18.0402,18.0402,4.64471,83.7915,85.0695,24.3196,4.64471,0.275
0.5534,18.0943,18.0943,4.62594,83.7031,85.0695,24.3183,4.62594,0.273333
0.5536,18.1301,18.1301,4.61623,83.6928,85.0695,24.3178,4.61623,0.271667
0.5538,18.0892,18.0892,4.63837,83.9042,85.0695,24.3192,4.63837,0.273333
0.554,18.0387,18.0387,4.64099,83.7174,85.0695,24.3194,4.64099,0.275
0.5542,18.0938,18.0938,4.62515,83.6867,85.0695,24.3182,4.62515,0.273333
0.5544,18.1294,18.1294,4.61735,83.7099,85.0695,24.3178,4.61735,0.271667
0.5546,18.0843,18.0843,4.63753,83.8664,85.0695,24.3191,4.63753,0.273333
0.5548,18.0402,18.0402,4.64471,83.7915,85.0695,24.3196,4.64471,0.275
0.555,18.0943,18.0943,4.62594,83.7031,85.0695,24.3183,4.62594,0.273333
0.5552,18.1301,18.1301,4.61623,83.6928,85.0695,24.3178,4.61623,0.271667
0.5554,18.0892,18.0892,4.63837,83.9042,85.0695,24.3192,4.63837,0.273333
0.5556,18.0387,18.0387,4.64099,83.7174,85.0695,24.3194,4.64099,0.275
0.5558,18.0938,18.0938,4.62515,83.6867,85.0695,24.3182,4.62515,0.273333
0.556,18.1294,18.1294,4.61735,83.7099,85.0695,24.3178,4.61735,0.271667
0.5562,18.0843,18.0843,4.63753,83.8664,85.0695,24.3191,4.63753,0.273333
0.5564,18.0402,18.0402,4.64471,83.7915,85.0695,24.3196,4.64471,0.275
0.5566,18.0943,18.0943,4.62594,83.7031,85.0695,24.3183,4.62594,0.273333
0.5568,18.1301,18.1301,4.61623,83.6928,85.0695,24.3178,4.61623,0.271667
0.557,18.0892,18.0892,4.63837,83.9042,85.0695,24.3192,4.63837,0.273333
0.5572,18.0387,18.0387,4.64099,83.7174,85.0695,24.3194,4.64099,0.275
0.5574,18.0938,18.0938,4.62515,83.6867,85.0695,24.3182,4.62515,0.273333
0.5576,18.1294,18.1294,4.61735,83.7099,85.0695,24.3178,4.61735,0.271667
0.5578,18.0843,18.0843,4.63753,83.8664,85.0695,24.3191,4.63753,0.273333
0.558,18.0402,18.0402,4.64471,83.7915,85.0695,24.3196,4.64471,0.275
0.5582,18.0943,18.0943,4.62594,83.7031,85.0695,24.3183,4.62594,0.273333
0.5584,18.1301,18.1301,4.61623,83.6928,85.0695,24.3178,4.61623,0.271667
0.5586,18.0892,18.0892,4.63837,83.9042,85.0695,24.3192,4.63837,0.273333
0.5588,18.0387,18.0387,4.64099,83.7174,85.0695,24.3194,4.64099,0.275
0.559,18.0938,18.0938,4.62515,83.6867,85.0695,24.3182,4.62515,0.273333
0.5592,18.1294,18.1294,4.61735,83.7099,85.0695,24.3178,4.61735,0.271667
0.5594,18.0843,18.0843,4.63753,83.8664,85.0695,24.3191,4.63753,0.273333
0.5596,18.0402,18.0402,4.64471,83.7915,85.0695,24.3196,4.64471,0.275
0.5598,18.0943,18.0943,4.62594,83.7031,85.0695,24.3183,4.62594,0.273333
0.56,18.1301,18.1301,4.61623,83.6928,85.0695,24.3178,4.61623,0.271667
0.5602,18.0892,18.0892,4.63837,83.9042,85.0695,24.3192,4.63837,0.273333
0.5604,18.0387,18.0387,4.64099,83.7174,85.0695,24.3194,4.64099,0.275
0.5606,18.0938,18.0938,4.62515,83.6867,85.0695,24.3182,4.62515,0.273333
0.5608,18.1294,18.1294,4.61735,83.7099,85.0695,24.3178,4.61735,0.271667
0.561,18.0843,18.0843,4.63753,83.8664,85.0695,24.3191,4.63753,0.273333
0.5612,18.0402,18.0402,4.64471,83.7915,85.0695,24.3196,4.64471,0.275
0.5614,18.0943,18.0943,4.62594,83.7031,85.0695,24.3183,4.62594,0.273333
0.5616,18.1301,18.1301,4.61623,83.6928,85.0695,24.3178,4.61623,0.271667
0.5618,18.0892,18.0892,4.63837,83.9042,85.0695,24.3192,4.63837,0.273333
0.562,18.0387,18.0387,4.64099,83.7174,85.0695,24.3194,4.64099,0.275
0.5622,18.0938,18.0938,4.62515,83.6867,85.0695,24.3182,4.62515,0.273333
0.5624,18.1294,18.1294,4.61735,83.7099,85.0695,24.3178,4.61735,0.271667
0.5626,18.0843,18.0843,4.63753,83.8664,85.0695,24.3191,4.63753,0.273333
0.5628,18.0402,18.0402,4.64471,83.7915,85.0695,24.3196,4.64471,0.275
0.563,18.0943,18.0943,4.62594,83.7031,85.0695,24.3183,4.62594,0.273333
0.5632,18.1301,18.1301,4.61623,83.6928,85.0695,24.3178,4.61623,0.271667
0.5634,18.0892,18.0892,4.63837,83.9042,85.0695,24.3192,4.63837,0.273333
0.5636,18.0387,18.0387,4.64099,83.7174,85.0695,24.3194,4.64099,0.275
0.5638,18.0938,18.0938,4.62515,83.6867,85.0695,24.3182,4.62515,0.273333
0.564,18.1294,18.1294,4.61735,83.7099,85.0695,24.3178,4.61735,0.271667
0.5642,18.0843,18.0843,4.63753,83.8664,85.0695,24.3191,4.63753,0.273333
0.5644,18.0402,18.0402,4.64471,83.7915,85.0695,24.3196,4.64471,0.275
0.5646,18.0943,18.0943,4.62594,83.7031,85.0695,24.3183,4.62594,0.273333
0.5648,18.1301,18.1301,4.61623,83.6928,85.0695,24.3178,4.61623,0.271667
0.565,18.0892,18.0892,4.63837,83.9042,85.0695,24.3192,4.63837,0.273333
0.5652,18.0387,18.0387,4.64099,83.7174,85.0695,24.3194,4.64099,0.275
0.5654,18.0938,18.0938,4.62515,83.6867,85.0695,24.3182,4.62515,0.273333
0.5656,18.1294,18.1294,4.61735,83.7099,85.0695,24.3178,4.61735,0.271667
0.5658,18.0843,18.0843,4.63753,83.8664,85.0695,24.3191,4.63753,0.273333
0.566,18.0402,18.0402,4.64471,83.7915,85.0695,24.3196,4.64471,0.275
0.5662,18.0943,18.0943,4.62594,83.7031,85.0695,24.3183,4.62594,0.273333
0.5664,18.1301,18.1301,4.61623,83.6928,85.0695,24.3178,4.61623,0.271667
0.5666,18.0892,18.0892,4.63837,83.9042,85.0695,24.3192,4.63837,0.273333
0.5668,18.0387,18.0387,4.64099,83.7174,85.0695,24.3194,4.64099,0.275
0.567,18.0938,18.0938,4.62515,83.6867,85.0695,24.3182,4.62515,0.273333
0.5672,18.1294,18.1294,4.61735,83.7099,85.0695,24.3178,4.61735,0.271667
0.5674,18.0843,18.0843,4.63753,83.8664,85.0695,24.3191,4.63753,0.273333
0.5676,18.0402,18.0402,4.64471,83.7915,85.0695,24.3196,4.64471,0.275
0.5678,18.0943,18.0943,4.62594,83.7031,85.0695,24.3183,4.62594,0.273333
0.568,18.1301,18.1301,4.61623,83.6928,85.0695,24.3178,4.61623,0.271667
0.5682,18.0892,18.0892,4.63837,83.9042,85.0695,24.3192,4.63837,0.273333
0.5684,18.0387,18.0387,4.64099,83.7174,85.0695,24.3194,4.64099,0.275
0.5686,18.0938,18.0938,4.62515,83.6867,85.0695,24.3182,4.62515,0.273333
0.5688,18.1294,18.1294,4.61735,83.7099,85.0695,24.3178,4.61735,0.271667
0.569,18.0843,18.0843,4.63753,83.8664,85.0695,24.3191,4.63753,0.273333
0.5692,18.0402,18.0402,4.64471,83.7915,85.0695,24.3196,4.64471,0.275
0.5694,18.0943,18.0943,4.62594,83.7031,85.0695,24.3183,4.62594,0.273333
0.5696,18.1301,18.1301,4.61623,83.6928,85.0695,24.3178,4.61623,0.271667
0.5698,18.0892,18.0892,4.63837,83.9042,85.0695,24.3192,4.63837,0.273333
0.57,18.0387,18.0387,4.64099,83.7174,85.0695,24.3194,4.64099,0.275
0.5702,18.0938,18.0938,4.62515,83.6867,85.0695,24.3182,4.62515,0.273333
0.5704,18.1294,18.1294,4.61735,83.7099,85.0695,24.3178,4.61735,0.271667
0.5706,18.0843,18.0843,4.63753,83.8664,85.0695,24.3191,4.63753,0.273333
0.5708,18.0402,18.0402,4.64471,83.7915,85.0695,24.3196,4.64471,0.275
0.571,18.0943,18.0943,4.62594,83.7031,85.0695,24.3183,4.62594,0.273333
0.5712,18.1301,18.1301,4.61623,83.6928,85.0695,24.3178,4.61623,0.271667
0.5714,18.0892,18.0892,4.63837,83.9042,85.0695,24.3192,4.63837,0.273333
0.5716,18.0387,18.0387,4.64099,83.7174,85.0695,24.3194,4.64099,0.275
0.5718,18.0938,18.0938,4.62515,83.6867,85.0695,24.3182,4.62515,0.273333
0.572,18.1294,18.1294,4.61735,83.7099,85.0695,24.3178,4.61735,0.271667
0.5722,18.0843,18.0843,4.63753,83.8664,85.0695,24.3191,4.63753,0.273333
0.5724,18.0402,18.0402,4.64471,83.7915,85.0695,24.3196,4.64471,0.275
0.5726,18.0943,18.0943,4.62594,83.7031,85.0695,24.3183,4.62594,0.273333
0.5728,18.1301,18.1301,4.61623,83.6928,85.0695,24.3178,4.61623,0.271667
0.573,18.0892,18.0892,4.63837,83.9042,85.0695,24.3192,4.63837,0.273333
0.5732,18.0387,18.0387,4.64099,83.7174,85.0695,24.3194,4.64099,0.275
0.5734,18.0938,18.0938,4.62515,83.6867,85.0695,24.3182,4.62515,0.273333
0.5736,18.1294,18.1294,4.61735,83.7099,85.0695,24.3178,4.61735,0.271667
0.5738,18.0843,18.0843,4.63753,83.8664,85.0695,24.3191,4.63753,0.273333
0.574,18.0402,18.0402,4.64471,83.7915,85.0695,24.3196,4.64471,0.275
0.5742,18.0943,18.0943,4.62594,83.7031,85.0695,24.3183,4.62594,0.273333
0.5744,18.1301,18.1301,4.61623,83.6928,85.0695,24.3178,4.61623,0.271667
0.5746,18.0892,18.0892,4.63837,83.9042,85.0695,24.3192,4.63837,0.273333
0.5748,18.0387,18.0387,4.64099,83.7174,85.0695,24.3194,4.64099,0.275
0.575,18.0938,18.0938,4.62515,83.6867,85.0695,24.3182,4.62515,0.273333
0.5752,18.1294,18.1294,4.61735,83.7099,85.0695,24.3178,4.61735,0.271667
0.5754,18.0843,18.0843,4.63753,83.8664,85.0695,24.3191,4.63753,0.273333
0.5756,18.0402,18.0402,4.64471,83.7915,85.0695,24.3196,4.64471,0.275
0.5758,18.0943,18.0943,4.62594,83.7031,85.0695,24.3183,4.62594,0.273333
0.576,18.1301,18.1301,4.61623,83.6928,85.0695,24.3178,4.61623,0.271667
0.5762,18.0892,18.0892,4.63837,83.9042,85.0695,24.3192,4.63837,0.273333
0.5764,18.0387,18.0387,4.64099,83.7174,85.0695,24.3194,4.64099,0.275
0.5766,18.0938,18.0938,4.62515,83.6867,85.0695,24.3182,4.62515,0.273333
0.5768,18.1294,18.1294,4.61735,83.7099,85.0695,24.3178,4.61735,0.271667
0.577,18.0843,18.0843,4.63753,83.8664,85.0695,24.3191,4.63753,0.273333
0.5772,18.0402,18.0402,4.64471,83.7915,85.0695,24.3196,4.64471,0.275
0.5774,18.0943,18.0943,4.62594,83.7031,85.0695,24.3183,4.62594,0.273333
0.5776,18.1301,18.1301,4.61623,83.6928,85.0695,24.3178,4.61623,0.271667
0.5778,18.0892,18.0892,4.63837,83.9042,85.0695,24.3192,4.63837,0.273333
0.578,18.0387,18.0387,4.64099,83.7174,85.0695,24.3194,4.64099,0.275
0.5782,18.0938,18.0938,4.62515,83.6867,85.0695,24.3182,4.62515,0.273333
0.5784,18.1294,18.1294,4.61735,83.7099,85.0695,24.3178,4.61735,0.271667
0.5786,18.0843,18.0843,4.63753,83.8664,85.0695,24.3191,4.63753,0.273333
0.5788,18.0402,18.0402,4.64471,83.7915,85.0695,24.3196,4.64471,0.275
0.579,18.0943,18.0943,4.62594,83.7031,85.0695,24.3183,4.62594,0.273333
0.5792,18.1301,18.1301,4.61623,83.6928,85.0695,24.3178,4.61623,0.271667
0.5794,18.0892,18.0892,4.63837,83.9042,85.0695,24.3192,4.63837,0.273333
0.5796,18.0387,18.0387,4.64099,83.7174,85.0695,24.3194,4.64099,0.275
0.5798,18.0938,18.0938,4.62515,83.6867,85.0695,24.3182,4.62515,0.273333
0.58,18.1294,18.1294,4.61735,83.7099,85.0695,24.3178,4.61735,0.271667
0.5802,18.0843,18.0843,4.63753,83.8664,85.0695,24.3191,4.63753,0.273333
0.5804,18.0402,18.0402,4.64471,83.7915,85.0695,24.3196,4.64471,0.275
0.5806,18.0943,18.0943,4.62594,83.7031,85.0695,24.3183,4.62594,0.273333
0.5808,18.1301,18.1301,4.61623,83.6928,85.0695,24.3178,4.61623,0.271667
0.581,18.0892,18.0892,4.63837,83.9042,85.0695,24.3192,4.63837,0.273333
0.5812,18.0387,18.0387,4.64099,83.7174,85.0695,24.3194,4.64099,0.275
0.5814,18.0938,18.0938,4.62515,83.6867,85.0695,24.3182,4.62515,0.273333
0.5816,18.1294,18.1294,4.61735,83.7099,85.0695,24.3178,4.61735,0.271667
0.5818,18.0843,18.0843,4.63753,83.8664,85.0695,24.3191,4.63753,0.273333
0.582,18.0402,18.0402,4.64471,83.7915,85.0695,24.3196,4.64471,0.275
0.5822,18.0943,18.0943,4.62594,83.7031,85.0695,24.3183,4.62594,0.273333
0.5824,18.1301,18.1301,4.61623,83.6928,85.0695,24.3178,4.61623,0.271667
0.5826,18.0892,18.0892,4.63837,83.9042,85.0695,24.3192,4.63837,0.273333
0.5828,18.0387,18.0387,4.64099,83.7174,85.0695,24.3194,4.64099,0.275
0.583,18.0938,18.0938,4.62515,83.6867,85.0695,24.3182,4.62515,0.273333
0.5832,18.1294,18.1294,4.61735,83.7099,85.0695,24.3178,4.61735,0.271667
0.5834,18.0843,18.0843,4.63753,83.8664,85.0695,24.3191,4.63753,0.273333
0.5836,18.0402,18.0402,4.64471,83.7915,85.0695,24.3196,4.64471,0.275
0.5838,18.0943,18.0943,4.62594,83.7031,85.0695,24.3183,4.62594,0.273333
0.584,18.1301,18.1301,4.61623,83.6928,85.0695,24.3178,4.61623,0.271667
0.5842,18.0892,18.0892,4.63837,83.9042,85.0695,24.3192,4.63837,0.273333
0.5844,18.0387,18.0387,4.64099,83.7174,85.0695,24.3194,4.64099,0.275
0.5846,18.0938,18.0938,4.62515,83.6867,85.0695,24.3182,4.62515,0.273333
0.5848,18.1294,18.1294,4.61735,83.7099,85.0695,24.3178,4.61735,0.271667
0.585,18.0843,18.0843,4.63753,83.8664,85.0695,24.3191,4.63753,0.273333
0.5852,18.0402,18.0402,4.64471,83.7915,85.0695,24.3196,4.64471,0.275
0.5854,18.0943,18.0943,4.62594,83.7031,85.0695,24.3183,4.62594,0.273333
0.5856,18.1301,18.1301,4.61623,83.6928,85.0695,24.3178,4.61623,0.271667
0.5858,18.0892,18.0892,4.63837,83.9042,85.0695,24.3192,4.63837,0.273333
0.586,18.0387,18.0387,4.64099,83.7174,85.0695,24.3194,4.64099,0.275
0.5862,18.0938,18.0938,4.62515,83.6867,85.0695,24.3182,4.62515,0.273333
0.5864,18.1294,18.1294,4.61735,83.7099,85.0695,24.3178,4.61735,0.271667
0.5866,18.0843,18.0843,4.63753,83.8664,85.0695,24.3191,4.63753,0.273333
0.5868,18.0402,18.0402,4.64471,83.7915,85.0695,24.3196,4.64471,0.275
0.587,18.0943,18.0943,4.62594,83.7031,85.0695,24.3183,4.62594,0.273333
0.5872,18.1301,18.1301,4.61623,83.6928,85.0695,24.3178,4.61623,0.271667
0.5874,18.0892,18.0892,4.63837,83.9042,85.0695,24.3192,4.63837,0.273333
0.5876,18.0387,18.0387,4.64099,83.7174,85.0695,24.3194,4.64099,0.275
0.5878,18.0938,18.0938,4.62515,83.6867,85.0695,24.3182,4.62515,0.273333
0.588,18.1294,18.1294,4.61735,83.7099,85.0695,24.3178,4.61735,0.271667
0.5882,18.0843,18.0843,4.63753,83.8664,85.0695,24.3191,4.63753,0.273333
0.5884,18.0402,18.0402,4.64471,83.7915,85.0695,24.3196,4.64471,0.275
0.5886,18.0943,18.0943,4.62594,83.7031,85.0695,24.3183,4.62594,0.273333
0.5888,18.1301,18.1301,4.61623,83.6928,85.0695,24.3178,4.61623,0.271667
0.589,18.0892,18.0892,4.63837,83.9042,85.0695,24.3192,4.63837,0.273333
0.5892,18.0387,18.0387,4.64099,83.7174,85.0695,24.3194,4.64099,0.275
0.5894,18.0938,18.0938,4.62515,83.6867,85.0695,24.3182,4.62515,0.273333
0.5896,18.1294,18.1294,4.61735,83.7099,85.0695,24.3178,4.61735,0.271667
0.5898,18.0843,18.0843,4.63753,83.8664,85.0695,24.3191,4.63753,0.273333
0.59,18.0402,18.0402,4.64471,83.7915,85.0695,24.3196,4.64471,0.275
0.5902,18.0943,18.0943,4.62594,83.7031,85.0695,24.3183,4.62594,0.273333
0.5904,18.1301,18.1301,4.61623,83.6928,85.0695,24.3178,4.61623,0.271667
0.5906,18.0892,18.0892,4.63837,83.9042,85.0695,24.3192,4.63837,0.273333
0.5908,18.0387,18.0387,4.64099,83.7174,85.0695,24.3194,4.64099,0.275
0.591,18.0938,18.0938,4.62515,83.6867,85.0695,24.3182,4.62515,0.273333
0.5912,18.1294,18.1294,4.61735,83.7099,85.0695,24.3178,4.61735,0.271667
0.5914,18.0843,18.0843,4.63753,83.8664,85.0695,24.3191,4.63753,0.273333
0.5916,18.0402,18.0402,4.64471,83.7915,85.0695,24.3196,4.64471,0.275
0.5918,18.0943,18.0943,4.62594,83.7031,85.0695,24.3183,4.62594,0.273333
0.592,18.1301,18.1301,4.61623,83.6928,85.0695,24.3178,4.61623,0.271667
0.5922,18.0892,18.0892,4.63837,83.9042,85.0695,24.3192,4.63837,0.273333
0.5924,18.0387,18.0387,4.64099,83.7174,85.0695,24.3194,4.64099,0.275
0.5926,18.0938,18.0938,4.62515,83.6867,85.0695,24.3182,4.62515,0.273333
0.5928,18.1294,18.1294,4.61735,83.7099,85.0695,24.3178,4.61735,0.271667
0.593,18.0843,18.0843,4.63753,83.8664,85.0695,24.3191,4.63753,0.273333
0.5932,18.0402,18.0402,4.64471,83.7915,85.0695,24.3196,4.64471,0.275
0.5934,18.0943,18.0943,4.62594,83.7031,85.0695,24.3183,4.62594,0.273333
0.5936,18.1301,18.1301,4.61623,83.6928,85.0695,24.3178,4.61623,0.271667
0.5938,18.0892,18.0892,4.63837,83.9042,85.0695,24.3192,4.63837,0.273333
0.594,18.0387,18.0387,4.64099,83.7174,85.0695,24.3194,4.64099,0.275
0.5942,18.0938,18.0938,4.62515,83.6867,85.0695,24.3182,4.62515,0.273333
0.5944,18.1294,18.1294,4.61735,83.7099,85.0695,24.3178,4.61735,0.271667
0.5946,18.0843,18.0843,4.63753,83.8664,85.0695,24.3191,4.63753,0.273333
0.5948,18.0402,18.0402,4.64471,83.7915,85.0695,24.3196,4.64471,0.275
0.595,18.0943,18.0943,4.62594,83.7031,85.0695,24.3183,4.62594,0.273333
0.5952,18.1301,18.1301,4.61623,83.6928,85.0695,24.3178,4.61623,0.271667
0.5954,18.0892,18.0892,4.63837,83.9042,85.0695,24.3192,4.63837,0.273333
0.5956,18.0387,18.0387,4.64099,83.7174,85.0695,24.3194,4.64099,0.275
0.5958,18.0938,18.0938,4.62515,83.6867,85.0695,24.3182,4.62515,0.273333
0.596,18.1294,18.1294,4.61735,83.7099,85.0695,24.3178,4.61735,0.271667
0.5962,18.0843,18.0843,4.63753,83.8664,85.0695,24.3191,4.63753,0.273333
0.5964,18.0402,18.0402,4.64471,83.7915,85.0695,24.3196,4.64471,0.275
0.5966,18.0943,18.0943,4.62594,83.7031,85.0695,24.3183,4.62594,0.273333
0.5968,18.1301,18.1301,4.61623,83.6928,85.0695,24.3178,4.61623,0.271667
0.597,18.0892,18.0892,4.63837,83.9042,85.0695,24.3192,4.63837,0.273333
0.5972,18.0387,18.0387,4.64099,83.7174,85.0695,24.3194,4.64099,0.275
0.5974,18.0938,18.0938,4.62515,83.6867,85.0695,24.3182,4.62515,0.273333
0.5976,18.1294,18.1294,4.61735,83.7099,85.0695,24.3178,4.61735,0.271667
0.5978,18.0843,18.0843,4.63753,83.8664,85.0695,24.3191,4.63753,0.273333
0.598,18.0402,18.0402,4.64471,83.7915,85.0695,24.3196,4.64471,0.275
0.5982,18.0943,18.0943,4.62594,83.7031,85.0695,24.3183,4.62594,0.273333
0.5984,18.1301,18.1301,4.61623,83.6928,85.0695,24.3178,4.61623,0.271667
0.5986,18.0892,18.0892,4.63837,83.9042,85.0695,24.3192,4.63837,0.273333
0.5988,18.0387,18.0387,4.64099,83.7174,85.0695,24.3194,4.64099,0.275
0.599,18.0938,18.0938,4.62515,83.6867,85.0695,24.3182,4.62515,0.273333
0.5992,18.1294,18.1294,4.61735,83.7099,85.0695,24.3178,4.61735,0.271667
0.5994,18.0843,18.0843,4.63753,83.8664,85.0695,24.3191,4.63753,0.273333
0.5996,18.0402,18.0402,4.64471,83.7915,85.0695,24.3196,4.64471,0.275
0.5998,18.0943,18.0943,4.62594,83.7031,85.0695,24.3183,4.62594,0.273333
0.6,18.1301,18.1301,4.61623,83.6928,85.0695,24.3178,4.61623,0.271667
0.6002,18.0892,18.0892,4.63837,83.9042,85.0695,24.3192,4.63837,0.273333
0.6004,18.0387,18.0387,4.64099,83.7174,85.0695,24.3194,4.64099,0.275
0.6006,18.0938,18.0938,4.62515,83.6867,85.0695,24.3182,4.62515,0.273333
0.6008,18.1294,18.1294,4.61735,83.7099,85.0695,24.3178,4.61735,0.271667
0.601,18.0843,18.0843,4.63753,83.8664,85.0695,24.3191,4.63753,0.273333
0.6012,18.0402,18.0402,4.64471,83.7915,85.0695,24.3196,4.64471,0.275
0.6014,18.0943,18.0943,4.62594,83.7031,85.0695,24.3183,4.62594,0.273333
0.6016,18.1301,18.1301,4.61623,83.6928,85.0695,24.3178,4.61623,0.271667
0.6018,18.0892,18.0892,4.63837,83.9042,85.0695,24.3192,4.63837,0.273333
0.602,18.0387,18.0387,4.64099,83.7174,85.0695,24.3194,4.64099,0.275
0.6022,18.0938,18.0938,4.62515,83.6867,85.0695,24.3182,4.62515,0.273333
0.6024,18.1294,18.1294,4.61735,83.7099,85.0695,24.3178,4.61735,0.271667
0.6026,18.0843,18.0843,4.63753,83.8664,85.0695,24.3191,4.63753,0.273333
0.6028,18.0402,18.0402,4.64471,83.7915,85.0695,24.3196,4.64471,0.275
0.603,18.0943,18.0943,4.62594,83.7031,85.0695,24.3183,4.62594,0.273333
0.6032,18.1301,18.1301,4.61623,83.6928,85.0695,24.3178,4.61623,0.271667
0.6034,18.0892,18.0892,4.63837,83.9042,85.0695,24.3192,4.63837,0.273333
0.6036,18.0387,18.0387,4.64099,83.7174,85.0695,24.3194,4.64099,0.275
0.6038,18.0938,18.0938,4.62515,83.6867,85.0695,24.3182,4.62515,0.273333
0.604,18.1294,18.1294,4.61735,83.7099,85.0695,24.3178,4.61735,0.271667
0.6042,18.0843,18.0843,4.63753,83.8664,85.0695,24.3191,4.63753,0.273333
0.6044,18.0402,18.0402,4.64471,83.7915,85.0695,24.3196,4.64471,0.275
0.6046,18.0943,18.0943,4.62594,83.7031,85.0695,24.3183,4.62594,0.273333
0.6048,18.1301,18.1301,4.61623,83.6928,85.0695,24.3178,4.61623,0.271667
0.605,18.0892,18.0892,4.63837,83.9042,85.0695,24.3192,4.63837,0.273333
0.6052,18.0387,18.0387,4.64099,83.7174,85.0695,24.3194,4.64099,0.275
0.6054,18.0938,18.0938,4.62515,83.6867,85.0695,24.3182,4.62515,0.273333
0.6056,18.1294,18.1294,4.61735,83.7099,85.0695,24.3178,4.61735,0.271667
0.6058,18.0843,18.0843,4.63753,83.8664,85.0695,24.3191,4.63753,0.273333
0.606,18.0402,18.0402,4.64471,83.7915,85.0695,24.3196,4.64471,0.275
0.6062,18.0943,18.0943,4.62594,83.7031,85.0695,24.3183,4.62594,0.273333
0.6064,18.1301,18.1301,4.61623,83.6928,85.0695,24.3178,4.61623,0.271667
0.6066,18.0892,18.0892,4.63837,83.9042,85.0695,24.3192,4.63837,0.273333
0.6068,18.0387,18.0387,4.64099,83.7174,85.0695,24.3194,4.64099,0.275
0.607,18.0938,18.0938,4.62515,83.6867,85.0695,24.3182,4.62515,0.273333
0.6072,18.1294,18.1294,4.61735,83.7099,85.0695,24.3178,4.61735,0.271667
0.6074,18.0843,18.0843,4.63753,83.8664,85.0695,24.3191,4.63753,0.273333
0.6076,18.0402,18.0402,4.64471,83.7915,85.0695,24.3196,4.64471,0.275
0.6078,18.0943,18.0943,4.62594,83.7031,85.0695,24.3183,4.62594,0.273333
0.608,18.1301,18.1301,4.61623,83.6928,85.0695,24.3178,4.61623,0.271667
0.6082,18.0892,18.0892,4.63837,83.9042,85.0695,24.3192,4.63837,0.273333
0.6084,18.0387,18.0387,4.64099,83.7174,85.0695,24.3194,4.64099,0.275
0.6086,18.0938,18.0938,4.62515,83.6867,85.0695,24.3182,4.62515,0.273333
0.6088,18.1294,18.1294,4.61735,83.7099,85.0695,24.3178,4.61735,0.271667
0.609,18.0843,18.0843,4.63753,83.8664,85.0695,24.3191,4.63753,0.273333
0.6092,18.0402,18.0402,4.64471,83.7915,85.0695,24.3196,4.64471,0.275
0.6094,18.0943,18.0943,4.62594,83.7031,85.0695,24.3183,4.62594,0.273333
0.6096,18.1301,18.1301,4.61623,83.6928,85.0695,24.3178,4.61623,0.271667
0.6098,18.0892,18.0892,4.63837,83.9042,85.0695,24.3192,4.63837,0.273333
0.61,18.0387,18.0387,4.64099,83.7174,85.0695,24.3194,4.64099,0.275
0.6102,18.0938,18.0938,4.62515,83.6867,85.0695,24.3182,4.62515,0.273333
0.6104,18.1294,18.1294,4.61735,83.7099,85.0695,24.3178,4.61735,0.271667
0.6106,18.0843,18.0843,4.63753,83.8664,85.0695,24.3191,4.63753,0.273333
0.6108,18.0402,18.0402,4.64471,83.7915,85.0695,24.3196,4.64471,0.275
0.611,18.0943,18.0943,4.62594,83.7031,85.0695,24.3183,4.62594,0.273333
0.6112,18.1301,18.1301,4.61623,83.6928,85.0695,24.3178,4.61623,0.271667
0.6114,18.0892,18.0892,4.63837,83.9042,85.0695,24.3192,4.63837,0.273333
0.6116,18.0387,18.0387,4.64099,83.7174,85.0695,24.3194,4.64099,0.275
0.6118,18.0938,18.0938,4.62515,83.6867,85.0695,24.3182,4.62515,0.273333
0.612,18.1294,18.1294,4.61735,83.7099,85.0695,24.3178,4.61735,0.271667
0.6122,18.0843,18.0843,4.63753,83.8664,85.0695,24.3191,4.63753,0.273333
0.6124,18.0402,18.0402,4.64471,83.7915,85.0695,24.3196,4.64471,0.275
0.6126,18.0943,18.0943,4.62594,83.7031,85.0695,24.3183,4.62594,0.273333
0.6128,18.1301,18.1301,4.61623,83.6928,85.0695,24.3178,4.61623,0.271667
0.613,18.0892,18.0892,4.63837,83.9042,85.0695,24.3192,4.63837,0.273333
0.6132,18.0387,18.0387,4.64099,83.7174,85.0695,24.3194,4.64099,0.275
0.6134,18.0938,18.0938,4.62515,83.6867,85.0695,24.3182,4.62515,0.273333
0.6136,18.1294,18.1294,4.61735,83.7099,85.0695,24.3178,4.61735,0.271667
0.6138,18.0843,18.0843,4.63753,83.8664,85.0695,24.3191,4.63753,0.273333
0.614,18.0402,18.0402,4.64471,83.7915,85.0695,24.3196,4.64471,0.275
0.6142,18.0943,18.0943,4.62594,83.7031,85.0695,24.3183,4.62594,0.273333
0.6144,18.1301,18.1301,4.61623,83.6928,85.0695,24.3178,4.61623,0.271667
0.6146,18.0892,18.0892,4.63837,83.9042,85.0695,24.3192,4.63837,0.273333
0.6148,18.0387,18.0387,4.64099,83.7174,85.0695,24.3194,4.64099,0.275
0.615,18.0938,18.0938,4.62515,83.6867,85.0695,24.3182,4.62515,0.273333
0.6152,18.1294,18.1294,4.61735,83.7099,85.0695,24.3178,4.61735,0.271667
0.6154,18.0843,18.0843,4.63753,83.8664,85.0695,24.3191,4.63753,0.273333
0.6156,18.0402,18.0402,4.64471,83.7915,85.0695,24.3196,4.64471,0.275
0.6158,18.0943,18.0943,4.62594,83.7031,85.0695,24.3183,4.62594,0.273333
0.616,18.1301,18.1301,4.61623,83.6928,85.0695,24.3178,4.61623,0.271667
0.6162,18.0892,18.0892,4.63837,83.9042,85.0695,24.3192,4.63837,0.273333
0.6164,18.0387,18.0387,4.64099,83.7174,85.0695,24.3194,4.64099,0.275
0.6166,18.0938,18.0938,4.62515,83.6867,85.0695,24.3182,4.62515,0.273333
0.6168,18.1294,18.1294,4.61735,83.7099,85.0695,24.3178,4.61735,0.271667
0.617,18.0843,18.0843,4.63753,83.8664,85.0695,24.3191,4.63753,0.273333
0.6172,18.0402,18.0402,4.64471,83.7915,85.0695,24.3196,4.64471,0.275
0.6174,18.0943,18.0943,4.62594,83.7031,85.0695,24.3183,4.62594,0.273333
0.6176,18.1301,18.1301,4.61623,83.6928,85.0695,24.3178,4.61623,0.271667
0.6178,18.0892,18.0892,4.63837,83.9042,85.0695,24.3192,4.63837,0.273333
0.618,18.0387,18.0387,4.64099,83.7174,85.0695,24.3194,4.64099,0.275
0.6182,18.0938,18.0938,4.62515,83.6867,85.0695,24.3182,4.62515,0.273333
0.6184,18.1294,18.1294,4.61735,83.7099,85.0695,24.3178,4.61735,0.271667
0.6186,18.0843,18.0843,4.63753,83.8664,85.0695,24.3191,4.63753,0.273333
0.6188,18.0402,18.0402,4.64471,83.7915,85.0695,24.3196,4.64471,0.275
0.619,18.0943,18.0943,4.62594,83.7031,85.0695,24.3183,4.62594,0.273333
0.6192,18.1301,18.1301,4.61623,83.6928,85.0695,24.3178,4.61623,0.271667
0.6194,18.0892,18.0892,4.63837,83.9042,85.0695,24.3192,4.63837,0.273333
0.6196,18.0387,18.0387,4.64099,83.7174,85.0695,24.3194,4.64099,0.275
0.6198,18.0938,18.0938,4.62515,83.6867,85.0695,24.3182,4.62515,0.273333
0.62,18.1294,18.1294,4.61735,83.7099,85.0695,24.3178,4.61735,0.271667
0.6202,18.0843,18.0843,4.63753,83.8664,85.0695,24.3191,4.63753,0.273333
0.6204,18.0402,18.0402,4.64471,83.7915,85.0695,24.3196,4.64471,0.275
0.6206,18.0943,18.0943,4.62594,83.7031,85.0695,24.3183,4.62594,0.273333
0.6208,18.1301,18.1301,4.61623,83.6928,85.0695,24.3178,4.61623,0.271667
0.621,18.0892,18.0892,4.63837,83.9042,85.0695,24.3192,4.63837,0.273333
0.6212,18.0387,18.0387,4.64099,83.7174,85.0695,24.3194,4.64099,0.275
0.6214,18.0938,18.0938,4.62515,83.6867,85.0695,24.3182,4.62515,0.273333
0.6216,18.1294,18.1294,4.61735,83.7099,85.0695,24.3178,4.61735,0.271667
0.6218,18.0843,18.0843,4.63753,83.8664,85.0695,24.3191,4.63753,0.273333
0.622,18.0402,18.0402,4.64471,83.7915,85.0695,24.3196,4.64471,0.275
0.6222,18.0943,18.0943,4.62594,83.7031,85.0695,24.3183,4.62594,0.273333
0.6224,18.1301,18.1301,4.61623,83.6928,85.0695,24.3178,4.61623,0.271667
0.6226,18.0892,18.0892,4.63837,83.9042,85.0695,24.3192,4.63837,0.273333
0.6228,18.0387,18.0387,4.64099,83.7174,85.0695,24.3194,4.64099,0.275
0.623,18.0938,18.0938,4.62515,83.6867,85.0695,24.3182,4.62515,0.273333
0.6232,18.1294,18.1294,4.61735,83.7099,85.0695,24.3178,4.61735,0.271667
0.6234,18.0843,18.0843,4.63753,83.8664,85.0695,24.3191,4.63753,0.273333
0.6236,18.0402,18.0402,4.64471,83.7915,85.0695,24.3196,4.64471,0.275
0.6238,18.0943,18.0943,4.62594,83.7031,85.0695,24.3183,4.62594,0.273333
0.624,18.1301,18.1301,4.61623,83.6928,85.0695,24.3178,4.61623,0.271667
0.6242,18.0892,18.0892,4.63837,83.9042,85.0695,24.3192,4.63837,0.273333
0.6244,18.0387,18.0387,4.64099,83.7174,85.0695,24.3194,4.64099,0.275
0.6246,18.0938,18.0938,4.62515,83.6867,85.0695,24.3182,4.62515,0.273333
0.6248,18.1294,18.1294,4.61735,83.7099,85.0695,24.3178,4.61735,0.271667
0.625,18.0843,18.0843,4.63753,83.8664,85.0695,24.3191,4.63753,0.273333
0.6252,18.0402,18.0402,4.64471,83.7915,85.0695,24.3196,4.64471,0.275
0.6254,18.0943,18.0943,4.62594,83.7031,85.0695,24.3183,4.62594,0.273333
0.6256,18.1301,18.1301,4.61623,83.6928,85.0695,24.3178,4.61623,0.271667
0.6258,18.0892,18.0892,4.63837,83.9042,85.0695,24.3192,4.63837,0.273333
0.626,18.0387,18.0387,4.64099,83.7174,85.0695,24.3194,4.64099,0.275
0.6262,18.0938,18.0938,4.62515,83.6867,85.0695,24.3182,4.62515,0.273333
0.6264,18.1294,18.1294,4.61735,83.7099,85.0695,24.3178,4.61735,0.271667
0.6266,18.0843,18.0843,4.63753,83.8664,85.0695,24.3191,4.63753,0.273333
0.6268,18.0402,18.0402,4.64471,83.7915,85.0695,24.3196,4.64471,0.275
0.627,18.0943,18.0943,4.62594,83.7031,85.0695,24.3183,4.62594,0.273333
0.6272,18.1301,18.1301,4.61623,83.6928,85.0695,24.3178,4.61623,0.271667
0.6274,18.0892,18.0892,4.63837,83.9042,85.0695,24.3192,4.63837,0.273333
0.6276,18.0387,18.0387,4.64099,83.7174,85.0695,24.3194,4.64099,0.275
0.6278,18.0938,18.0938,4.62515,83.6867,85.0695,24.3182,4.62515,0.273333
0.628,18.1294,18.1294,4.61735,83.7099,85.0695,24.3178,4.61735,0.271667
0.6282,18.0843,18.0843,4.63753,83.8664,85.0695,24.3191,4.63753,0.273333
0.6284,18.0402,18.0402,4.64471,83.7915,85.0695,24.3196,4.64471,0.275
0.6286,18.0943,18.0943,4.62594,83.7031,85.0695,24.3183,4.62594,0.273333
0.6288,18.1301,18.1301,4.61623,83.6928,85.0695,24.3178,4.61623,0.271667
0.629,18.0892,18.0892,4.63837,83.9042,85.0695,24.3192,4.63837,0.273333
0.6292,18.0387,18.0387,4.64099,83.7174,85.0695,24.3194,4.64099,0.275
0.6294,18.0938,18.0938,4.62515,83.6867,85.0695,24.3182,4.62515,0.273333
0.6296,18.1294,18.1294,4.61735,83.7099,85.0695,24.3178,4.61735,0.271667
0.6298,18.0843,18.0843,4.63753,83.8664,85.0695,24.3191,4.63753,0.273333
0.63,18.0402,18.0402,4.64471,83.7915,85.0695,24.3196,4.64471,0.275
0.6302,18.0943,18.0943,4.62594,83.7031,85.0695,24.3183,4.62594,0.273333
0.6304,18.1301,18.1301,4.61623,83.6928,85.0695,24.3178,4.61623,0.271667
0.6306,18.0892,18.0892,4.63837,83.9042,85.0695,24.3192,4.63837,0.273333
0.6308,18.0387,18.0387,4.64099,83.7174,85.0695,24.3194,4.64099,0.275
0.631,18.0938,18.0938,4.62515,83.6867,85.0695,24.3182,4.62515,0.273333
0.6312,18.1294,18.1294,4.61735,83.7099,85.0695,24.3178,4.61735,0.271667
0.6314,18.0843,18.0843,4.63753,83.8664,85.0695,24.3191,4.63753,0.273333
0.6316,18.0402,18.0402,4.64471,83.7915,85.0695,24.3196,4.64471,0.275
0.6318,18.0943,18.0943,4.62594,83.7031,85.0695,24.3183,4.62594,0.273333
0.632,18.1301,18.1301,4.61623,83.6928,85.0695,24.3178,4.61623,0.271667
0.6322,18.0892,18.0892,4.63837,83.9042,85.0695,24.3192,4.63837,0.273333
0.6324,18.0387,18.0387,4.64099,83.7174,85.0695,24.3194,4.64099,0.275
0.6326,18.0938,18.0938,4.62515,83.6867,85.0695,24.3182,4.62515,0.273333
0.6328,18.1294,18.1294,4.61735,83.7099,85.0695,24.3178,4.61735,0.271667
0.633,18.0843,18.0843,4.63753,83.8664,85.0695,24.3191,4.63753,0.273333
0.6332,18.0402,18.0402,4.64471,83.7915,85.0695,24.3196,4.64471,0.275
0.6334,18.0943,18.0943,4.62594,83.7031,85.0695,24.3183,4.62594,0.273333
0.6336,18.1301,18.1301,4.61623,83.6928,85.0695,24.3178,4.61623,0.271667
0.6338,18.0892,18.0892,4.63837,83.9042,85.0695,24.3192,4.63837,0.273333
0.634,18.0387,18.0387,4.64099,83.7174,85.0695,24.3194,4.64099,0.275
0.6342,18.0938,18.0938,4.62515,83.6867,85.0695,24.3182,4.62515,0.273333
0.6344,18.1294,18.1294,4.61735,83.7099,85.0695,24.3178,4.61735,0.271667
0.6346,18.0843,18.0843,4.63753,83.8664,85.0695,24.3191,4.63753,0.273333
0.6348,18.0402,18.0402,4.64471,83.7915,85.0695,24.3196,4.64471,0.275
0.635,18.0943,18.0943,4.62594,83.7031,85.0695,24.3183,4.62594,0.273333
0.6352,18.1301,18.1301,4.61623,83.6928,85.0695,24.3178,4.61623,0.271667
0.6354,18.0892,18.0892,4.63837,83.9042,85.0695,24.3192,4.63837,0.273333
0.6356,18.0387,18.0387,4.64099,83.7174,85.0695,24.3194,4.64099,0.275
0.6358,18.0938,18.0938,4.62515,83.6867,85.0695,24.3182,4.62515,0.273333
0.636,18.1294,18.1294,4.61735,83.7099,85.0695,24.3178,4.61735,0.271667
0.6362,18.0843,18.0843,4.63753,83.8664,85.0695,24.3191,4.63753,0.273333
0.6364,18.0402,18.0402,4.64471,83.7915,85.0695,24.3196,4.64471,0.275
0.6366,18.0943,18.0943,4.62594,83.7031,85.0695,24.3183,4.62594,0.273333
0.6368,18.1301,18.1301,4.61623,83.6928,85.0695,24.3178,4.61623,0.271667
0.637,18.0892,18.0892,4.63837,83.9042,85.0695,24.3192,4.63837,0.273333
0.6372,18.0387,18.0387,4.64099,83.7174,85.0695,24.3194,4.64099,0.275
0.6374,18.0938,18.0938,4.62515,83.6867,85.0695,24.3182,4.62515,0.273333
0.6376,18.1294,18.1294,4.61735,83.7099,85.0695,24.3178,4.61735,0.271667
0.6378,18.0843,18.0843,4.63753,83.8664,85.0695,24.3191,4.63753,0.273333
0.638,18.0402,18.0402,4.64471,83.7915,85.0695,24.3196,4.64471,0.275
0.6382,18.0943,18.0943,4.62594,83.7031,85.0695,24.3183,4.62594,0.273333
0.6384,18.1301,18.1301,4.61623,83.6928,85.0695,24.3178,4.61623,0.271667
0.6386,18.0892,18.0892,4.63837,83.9042,85.0695,24.3192,4.63837,0.273333
0.6388,18.0387,18.0387,4.64099,83.7174,85.0695,24.3194,4.64099,0.275
0.639,18.0938,18.0938,4.62515,83.6867,85.0695,24.3182,4.62515,0.273333
0.6392,18.1294,18.1294,4.61735,83.7099,85.0695,24.3178,4.61735,0.271667
0.6394,18.0843,18.0843,4.63753,83.8664,85.0695,24.3191,4.63753,0.273333
0.6396,18.0402,18.0402,4.64471,83.7915,85.0695,24.3196,4.64471,0.275
0.6398,18.0943,18.0943,4.62594,83.7031,85.0695,24.3183,4.62594,0.273333
0.64,18.1301,18.1301,4.61623,83.6928,85.0695,24.3178,4.61623,0.271667
0.6402,18.0892,18.0892,4.63837,83.9042,85.0695,24.3192,4.63837,0.273333
0.6404,18.0387,18.0387,4.64099,83.7174,85.0695,24.3194,4.64099,0.275
0.6406,18.0938,18.0938,4.62515,83.6867,85.0695,24.3182,4.62515,0.273333
0.6408,18.1294,18.1294,4.61735,83.7099,85.0695,24.3178,4.61735,0.271667
0.641,18.0843,18.0843,4.63753,83.8664,85.0695,24.3191,4.63753,0.273333
0.6412,18.0402,18.0402,4.64471,83.7915,85.0695,24.3196,4.64471,0.275
0.6414,18.0943,18.0943,4.62594,83.7031,85.0695,24.3183,4.62594,0.273333
0.6416,18.1301,18.1301,4.61623,83.6928,85.0695,24.3178,4.61623,0.271667
0.6418,18.0892,18.0892,4.63837,83.9042,85.0695,24.3192,4.63837,0.273333
0.642,18.0387,18.0387,4.64099,83.7174,85.0695,24.3194,4.64099,0.275
0.6422,18.0938,18.0938,4.62515,83.6867,85.0695,24.3182,4.62515,0.273333
0.6424,18.1294,18.1294,4.61735,83.7099,85.0695,24.3178,4.61735,0.271667
0.6426,18.0843,18.0843,4.63753,83.8664,85.0695,24.3191,4.63753,0.273333
0.6428,18.0402,18.0402,4.64471,83.7915,85.0695,24.3196,4.64471,0.275
0.643,18.0943,18.0943,4.62594,83.7031,85.0695,24.3183,4.62594,0.273333
0.6432,18.1301,18.1301,4.61623,83.6928,85.0695,24.3178,4.61623,0.271667
0.6434,18.0892,18.0892,4.63837,83.9042,85.0695,24.3192,4.63837,0.273333
0.6436,18.0387,18.0387,4.64099,83.7174,85.0695,24.3194,4.64099,0.275
0.6438,18.0938,18.0938,4.62515,83.6867,85.0695,24.3182,4.62515,0.273333
0.644,18.1294,18.1294,4.61735,83.7099,85.0695,24.3178,4.61735,0.271667
0.6442,18.0843,18.0843,4.63753,83.8664,85.0695,24.3191,4.63753,0.273333
0.6444,18.0402,18.0402,4.64471,83.7915,85.0695,24.3196,4.64471,0.275
0.6446,18.0943,18.0943,4.62594,83.7031,85.0695,24.3183,4.62594,0.273333
0.6448,18.1301,18.1301,4.61623,83.6928,85.0695,24.3178,4.61623,0.271667
0.645,18.0892,18.0892,4.63837,83.9042,85.0695,24.3192,4.63837,0.273333
0.6452,18.0387,18.0387,4.64099,83.7174,85.0695,24.3194,4.64099,0.275
0.6454,18.0938,18.0938,4.62515,83.6867,85.0695,24.3182,4.62515,0.273333
0.6456,18.1294,18.1294,4.61735,83.7099,85.0695,24.3178,4.61735,0.271667
0.6458,18.0843,18.0843,4.63753,83.8664,85.0695,24.3191,4.63753,0.273333
0.646,18.0402,18.0402,4.64471,83.7915,85.0695,24.3196,4.64471,0.275
0.6462,18.0943,18.0943,4.62594,83.7031,85.0695,24.3183,4.62594,0.273333
0.6464,18.1301,18.1301,4.61623,83.6928,85.0695,24.3178,4.61623,0.271667
0.6466,18.0892,18.0892,4.63837,83.9042,85.0695,24.3192,4.63837,0.273333
0.6468,18.0387,18.0387,4.64099,83.7174,85.0695,24.3194,4.64099,0.275
0.647,18.0938,18.0938,4.62515,83.6867,85.0695,24.3182,4.62515,0.273333
0.6472,18.1294,18.1294,4.61735,83.7099,85.0695,24.3178,4.61735,0.271667
0.6474,18.0843,18.0843,4.63753,83.8664,85.0695,24.3191,4.63753,0.273333
0.6476,18.0402,18.0402,4.64471,83.7915,85.0695,24.3196,4.64471,0.275
0.6478,18.0943,18.0943,4.62594,83.7031,85.0695,24.3183,4.62594,0.273333
0.648,18.1301,18.1301,4.61623,83.6928,85.0695,24.3178,4.61623,0.271667
0.6482,18.0892,18.0892,4.63837,83.9042,85.0695,24.3192,4.63837,0.273333
0.6484,18.0387,18.0387,4.64099,83.7174,85.0695,24.3194,4.64099,0.275
0.6486,18.0938,18.0938,4.62515,83.6867,85.0695,24.3182,4.62515,0.273333
0.6488,18.1294,18.1294,4.61735,83.7099,85.0695,24.3178,4.61735,0.271667
0.649,18.0843,18.0843,4.63753,83.8664,85.0695,24.3191,4.63753,0.273333
0.6492,18.0402,18.0402,4.64471,83.7915,85.0695,24.3196,4.64471,0.275
0.6494,18.0943,18.0943,4.62594,83.7031,85.0695,24.3183,4.62594,0.273333
0.6496,18.1301,18.1301,4.61623,83.6928,85.0695,24.3178,4.61623,0.271667
0.6498,18.0892,18.0892,4.63837,83.9042,85.0695,24.3192,4.63837,0.273333
0.65,18.0387,18.0387,4.64099,83.7174,85.0695,24.3194,4.64099,0.275
0.6502,18.0938,18.0938,4.62515,83.6867,85.0695,24.3182,4.62515,0.273333
0.6504,18.1294,18.1294,4.61735,83.7099,85.0695,24.3178,4.61735,0.271667
0.6506,18.0843,18.0843,4.63753,83.8664,85.0695,24.3191,4.63753,0.273333
0.6508,18.0402,18.0402,4.64471,83.7915,85.0695,24.3196,4.64471,0.275
0.651,18.0943,18.0943,4.62594,83.7031,85.0695,24.3183,4.62594,0.273333
0.6512,18.1301,18.1301,4.61623,83.6928,85.0695,24.3178,4.61623,0.271667
0.6514,18.0892,18.0892,4.63837,83.9042,85.0695,24.3192,4.63837,0.273333
0.6516,18.0387,18.0387,4.64099,83.7174,85.0695,24.3194,4.64099,0.275
0.6518,18.0938,18.0938,4.62515,83.6867,85.0695,24.3182,4.62515,0.273333
0.652,18.1294,18.1294,4.61735,83.7099,85.0695,24.3178,4.61735,0.271667
0.6522,18.0843,18.0843,4.63753,83.8664,85.0695,24.3191,4.63753,0.273333
0.6524,18.0402,18.0402,4.64471,83.7915,85.0695,24.3196,4.64471,0.275
0.6526,18.0943,18.0943,4.62594,83.7031,85.0695,24.3183,4.62594,0.273333
0.6528,18.1301,18.1301,4.61623,83.6928,85.0695,24.3178,4.61623,0.271667
0.653,18.0892,18.0892,4.63837,83.9042,85.0695,24.3192,4.63837,0.273333
0.6532,18.0387,18.0387,4.64099,83.7174,85.0695,24.3194,4.64099,0.275
0.6534,18.0938,18.0938,4.62515,83.6867,85.0695,24.3182,4.62515,0.273333
0.6536,18.1294,18.1294,4.61735,83.7099,85.0695,24.3178,4.61735,0.271667
0.6538,18.0843,18.0843,4.63753,83.8664,85.0695,24.3191,4.63753,0.273333
0.654,18.0402,18.0402,4.64471,83.7915,85.0695,24.3196,4.64471,0.275
0.6542,18.0943,18.0943,4.62594,83.7031,85.0695,24.3183,4.62594,0.273333
0.6544,18.1301,18.1301,4.61623,83.6928,85.0695,24.3178,4.61623,0.271667
0.6546,18.0892,18.0892,4.63837,83.9042,85.0695,24.3192,4.63837,0.273333
0.6548,18.0387,18.0387,4.64099,83.7174,85.0695,24.3194,4.64099,0.275
0.655,18.0938,18.0938,4.62515,83.6867,85.0695,24.3182,4.62515,0.273333
0.6552,18.1294,18.1294,4.61735,83.7099,85.0695,24.3178,4.61735,0.271667
0.6554,18.0843,18.0843,4.63753,83.8664,85.0695,24.3191,4.63753,0.273333
0.6556,18.0402,18.0402,4.64471,83.7915,85.0695,24.3196,4.64471,0.275
0.6558,18.0943,18.0943,4.62594,83.7031,85.0695,24.3183,4.62594,0.273333
0.656,18.1301,18.1301,4.61623,83.6928,85.0695,24.3178,4.61623,0.271667
0.6562,18.0892,18.0892,4.63837,83.9042,85.0695,24.3192,4.63837,0.273333
0.6564,18.0387,18.0387,4.64099,83.7174,85.0695,24.3194,4.64099,0.275
0.6566,18.0938,18.0938,4.62515,83.6867,85.0695,24.3182,4.62515,0.273333
0.6568,18.1294,18.1294,4.61735,83.7099,85.0695,24.3178,4.61735,0.271667
0.657,18.0843,18.0843,4.63753,83.8664,85.0695,24.3191,4.63753,0.273333
0.6572,18.0402,18.0402,4.64471,83.7915,85.0695,24.3196,4.64471,0.275
0.6574,18.0943,18.0943,4.62594,83.7031,85.0695,24.3183,4.62594,0.273333
0.6576,18.1301,18.1301,4.61623,83.6928,85.0695,24.3178,4.61623,0.271667
0.6578,18.0892,18.0892,4.63837,83.9042,85.0695,24.3192,4.63837,0.273333
0.658,18.0387,18.0387,4.64099,83.7174,85.0695,24.3194,4.64099,0.275
0.6582,18.0938,18.0938,4.62515,83.6867,85.0695,24.3182,4.62515,0.273333
0.6584,18.1294,18.1294,4.61735,83.7099,85.0695,24.3178,4.61735,0.271667
0.6586,18.0843,18.0843,4.63753,83.8664,85.0695,24.3191,4.63753,0.273333
0.6588,18.0402,18.0402,4.64471,83.7915,85.0695,24.3196,4.64471,0.275
0.659,18.0943,18.0943,4.62594,83.7031,85.0695,24.3183,4.62594,0.273333
0.6592,18.1301,18.1301,4.61623,83.6928,85.0695,24.3178,4.61623,0.271667
0.6594,18.0892,18.0892,4.63837,83.9042,85.0695,24.3192,4.63837,0.273333
0.6596,18.0387,18.0387,4.64099,83.7174,85.0695,24.3194,4.64099,0.275
0.6598,18.0938,18.0938,4.62515,83.6867,85.0695,24.3182,4.62515,0.273333
0.66,18.1294,18.1294,4.61735,83.7099,85.0695,24.3178,4.61735,0.271667
0.6602,18.0843,18.0843,4.63753,83.8664,85.0695,24.3191,4.63753,0.273333
0.6604,18.0402,18.0402,4.64471,83.7915,85.0695,24.3196,4.64471,0.275
0.6606,18.0943,18.0943,4.62594,83.7031,85.0695,24.3183,4.62594,0.273333
0.6608,18.1301,18.1301,4.61623,83.6928,85.0695,24.3178,4.61623,0.271667
0.661,18.0892,18.0892,4.63837,83.9042,85.0695,24.3192,4.63837,0.273333
0.6612,18.0387,18.0387,4.64099,83.7174,85.0695,24.3194,4.64099,0.275
0.6614,18.0938,18.0938,4.62515,83.6867,85.0695,24.3182,4.62515,0.273333
0.6616,18.1294,18.1294,4.61735,83.7099,85.0695,24.3178,4.61735,0.271667
0.6618,18.0843,18.0843,4.63753,83.8664,85.0695,24.3191,4.63753,0.273333
0.662,18.0402,18.0402,4.64471,83.7915,85.0695,24.3196,4.64471,0.275
0.6622,18.0943,18.0943,4.62594,83.7031,85.0695,24.3183,4.62594,0.273333
0.6624,18.1301,18.1301,4.61623,83.6928,85.0695,24.3178,4.61623,0.271667
0.6626,18.0892,18.0892,4.63837,83.9042,85.0695,24.3192,4.63837,0.273333
0.6628,18.0387,18.0387,4.64099,83.7174,85.0695,24.3194,4.64099,0.275
0.663,18.0938,18.0938,4.62515,83.6867,85.0695,24.3182,4.62515,0.273333
0.6632,18.1294,18.1294,4.61735,83.7099,85.0695,24.3178,4.61735,0.271667
0.6634,18.0843,18.0843,4.63753,83.8664,85.0695,24.3191,4.63753,0.273333
0.6636,18.0402,18.0402,4.64471,83.7915,85.0695,24.3196,4.64471,0.275
0.6638,18.0943,18.0943,4.62594,83.7031,85.0695,24.3183,4.62594,0.273333
0.664,18.1301,18.1301,4.61623,83.6928,85.0695,24.3178,4.61623,0.271667
0.6642,18.0892,18.0892,4.63837,83.9042,85.0695,24.3192,4.63837,0.273333
0.6644,18.0387,18.0387,4.64099,83.7174,85.0695,24.3194,4.64099,0.275
0.6646,18.0938,18.0938,4.62515,83.6867,85.0695,24.3182,4.62515,0.273333
0.6648,18.1294,18.1294,4.61735,83.7099,85.0695,24.3178,4.61735,0.271667
0.665,18.0843,18.0843,4.63753,83.8664,85.0695,24.3191,4.63753,0.273333
0.6652,18.0402,18.0402,4.64471,83.7915,85.0695,24.3196,4.64471,0.275
0.6654,18.0943,18.0943,4.62594,83.7031,85.0695,24.3183,4.62594,0.273333
0.6656,18.1301,18.1301,4.61623,83.6928,85.0695,24.3178,4.61623,0.271667
0.6658,18.0892,18.0892,4.63837,83.9042,85.0695,24.3192,4.63837,0.273333
0.666,18.0387,18.0387,4.64099,83.7174,85.0695,24.3194,4.64099,0.275
0.6662,18.0938,18.0938,4.62515,83.6867,85.0695,24.3182,4.62515,0.273333
0.6664,18.1294,18.1294,4.61735,83.7099,85.0695,24.3178,4.61735,0.271667
0.6666,18.0843,18.0843,4.63753,83.8664,85.0695,24.3191,4.63753,0.273333
0.6668,18.0402,18.0402,4.64471,83.7915,85.0695,24.3196,4.64471,0.275
0.667,18.0943,18.0943,4.62594,83.7031,85.0695,24.3183,4.62594,0.273333
0.6672,18.1301,18.1301,4.61623,83.6928,85.0695,24.3178,4.61623,0.271667
0.6674,18.0892,18.0892,4.63837,83.9042,85.0695,24.3192,4.63837,0.273333
0.6676,18.0387,18.0387,4.64099,83.7174,85.0695,24.3194,4.64099,0.275
0.6678,18.0938,18.0938,4.62515,83.6867,85.0695,24.3182,4.62515,0.273333
0.668,18.1294,18.1294,4.61735,83.7099,85.0695,24.3178,4.61735,0.271667
0.6682,18.0843,18.0843,4.63753,83.8664,85.0695,24.3191,4.63753,0.273333
0.6684,18.0402,18.0402,4.64471,83.7915,85.0695,24.3196,4.64471,0.275
0.6686,18.0943,18.0943,4.62594,83.7031,85.0695,24.3183,4.62594,0.273333
0.6688,18.1301,18.1301,4.61623,83.6928,85.0695,24.3178,4.61623,0.271667
0.669,18.0892,18.0892,4.63837,83.9042,85.0695,24.3192,4.63837,0.273333
0.6692,18.0387,18.0387,4.64099,83.7174,85.0695,24.3194,4.64099,0.275
0.6694,18.0938,18.0938,4.62515,83.6867,85.0695,24.3182,4.62515,0.273333
0.6696,18.1294,18.1294,4.61735,83.7099,85.0695,24.3178,4.61735,0.271667
0.6698,18.0843,18.0843,4.63753,83.8664,85.0695,24.3191,4.63753,0.273333
0.67,18.0402,18.0402,4.64471,83.7915,85.0695,24.3196,4.64471,0.275
0.6702,18.0943,18.0943,4.62594,83.7031,85.0695,24.3183,4.62594,0.273333
0.6704,18.1301,18.1301,4.61623,83.6928,85.0695,24.3178,4.61623,0.271667
0.6706,18.0892,18.0892,4.63837,83.9042,85.0695,24.3192,4.63837,0.273333
0.6708,18.0387,18.0387,4.64099,83.7174,85.0695,24.3194,4.64099,0.275
0.671,18.0938,18.0938,4.62515,83.6867,85.0695,24.3182,4.62515,0.273333
0.6712,18.1294,18.1294,4.61735,83.7099,85.0695,24.3178,4.61735,0.271667
0.6714,18.0843,18.0843,4.63753,83.8664,85.0695,24.3191,4.63753,0.273333
0.6716,18.0402,18.0402,4.64471,83.7915,85.0695,24.3196,4.64471,0.275
0.6718,18.0943,18.0943,4.62594,83.7031,85.0695,24.3183,4.62594,0.273333
0.672,18.1301,18.1301,4.61623,83.6928,85.0695,24.3178,4.61623,0.271667
0.6722,18.0892,18.0892,4.63837,83.9042,85.0695,24.3192,4.63837,0.273333
0.6724,18.0387,18.0387,4.64099,83.7174,85.0695,24.3194,4.64099,0.275
0.6726,18.0938,18.0938,4.62515,83.6867,85.0695,24.3182,4.62515,0.273333
0.6728,18.1294,18.1294,4.61735,83.7099,85.0695,24.3178,4.61735,0.271667
0.673,18.0843,18.0843,4.63753,83.8664,85.0695,24.3191,4.63753,0.273333
0.6732,18.0402,18.0402,4.64471,83.7915,85.0695,24.3196,4.64471,0.275
0.6734,18.0943,18.0943,4.62594,83.7031,85.0695,24.3183,4.62594,0.273333
0.6736,18.1301,18.1301,4.61623,83.6928,85.0695,24.3178,4.61623,0.271667
0.6738,18.0892,18.0892,4.63837,83.9042,85.0695,24.3192,4.63837,0.273333
0.674,18.0387,18.0387,4.64099,83.7174,85.0695,24.3194,4.64099,0.275
0.6742,18.0938,18.0938,4.62515,83.6867,85.0695,24.3182,4.62515,0.273333
0.6744,18.1294,18.1294,4.61735,83.7099,85.0695,24.3178,4.61735,0.271667
0.6746,18.0843,18.0843,4.63753,83.8664,85.0695,24.3191,4.63753,0.273333
0.6748,18.0402,18.0402,4.64471,83.7915,85.0695,24.3196,4.64471,0.275
0.675,18.0943,18.0943,4.62594,83.7031,85.0695,24.3183,4.62594,0.273333
0.6752,18.1301,18.1301,4.61623,83.6928,85.0695,24.3178,4.61623,0.271667
0.6754,18.0892,18.0892,4.63837,83.9042,85.0695,24.3192,4.63837,0.273333
0.6756,18.0387,18.0387,4.64099,83.7174,85.0695,24.3194,4.64099,0.275
0.6758,18.0938,18.0938,4.62515,83.6867,85.0695,24.3182,4.62515,0.273333
0.676,18.1294,18.1294,4.61735,83.7099,85.0695,24.3178,4.61735,0.271667
0.6762,18.0843,18.0843,4.63753,83.8664,85.0695,24.3191,4.63753,0.273333
0.6764,18.0402,18.0402,4.64471,83.7915,85.0695,24.3196,4.64471,0.275
0.6766,18.0943,18.0943,4.62594,83.7031,85.0695,24.3183,4.62594,0.273333
0.6768,18.1301,18.1301,4.61623,83.6928,85.0695,24.3178,4.61623,0.271667
0.677,18.0892,18.0892,4.63837,83.9042,85.0695,24.3192,4.63837,0.273333
0.6772,18.0387,18.0387,4.64099,83.7174,85.0695,24.3194,4.64099,0.275
0.6774,18.0938,18.0938,4.62515,83.6867,85.0695,24.3182,4.62515,0.273333
0.6776,18.1294,18.1294,4.61735,83.7099,85.0695,24.3178,4.61735,0.271667
0.6778,18.0843,18.0843,4.63753,83.8664,85.0695,24.3191,4.63753,0.273333
0.678,18.0402,18.0402,4.64471,83.7915,85.0695,24.3196,4.64471,0.275
0.6782,18.0943,18.0943,4.62594,83.7031,85.0695,24.3183,4.62594,0.273333
0.6784,18.1301,18.1301,4.61623,83.6928,85.0695,24.3178,4.61623,0.271667
0.6786,18.0892,18.0892,4.63837,83.9042,85.0695,24.3192,4.63837,0.273333
0.6788,18.0387,18.0387,4.64099,83.7174,85.0695,24.3194,4.64099,0.275
0.679,18.0938,18.0938,4.62515,83.6867,85.0695,24.3182,4.62515,0.273333
0.6792,18.1294,18.1294,4.61735,83.7099,85.0695,24.3178,4.61735,0.271667
0.6794,18.0843,18.0843,4.63753,83.8664,85.0695,24.3191,4.63753,0.273333
0.6796,18.0402,18.0402,4.64471,83.7915,85.0695,24.3196,4.64471,0.275
0.6798,18.0943,18.0943,4.62594,83.7031,85.0695,24.3183,4.62594,0.273333
0.68,18.1301,18.1301,4.61623,83.6928,85.0695,24.3178,4.61623,0.271667
0.6802,18.0892,18.0892,4.63837,83.9042,85.0695,24.3192,4.63837,0.273333
0.6804,18.0387,18.0387,4.64099,83.7174,85.0695,24.3194,4.64099,0.275
0.6806,18.0938,18.0938,4.62515,83.6867,85.0695,24.3182,4.62515,0.273333
0.6808,18.1294,18.1294,4.61735,83.7099,85.0695,24.3178,4.61735,0.271667
0.681,18.0843,18.0843,4.63753,83.8664,85.0695,24.3191,4.63753,0.273333
0.6812,18.0402,18.0402,4.64471,83.7915,85.0695,24.3196,4.64471,0.275
0.6814,18.0943,18.0943,4.62594,83.7031,85.0695,24.3183,4.62594,0.273333
0.6816,18.1301,18.1301,4.61623,83.6928,85.0695,24.3178,4.61623,0.271667
0.6818,18.0892,18.0892,4.63837,83.9042,85.0695,24.3192,4.63837,0.273333
0.682,18.0387,18.0387,4.64099,83.7174,85.0695,24.3194,4.64099,0.275
0.6822,18.0938,18.0938,4.62515,83.6867,85.0695,24.3182,4.62515,0.273333
0.6824,18.1294,18.1294,4.61735,83.7099,85.0695,24.3178,4.61735,0.271667
0.6826,18.0843,18.0843,4.63753,83.8664,85.0695,24.3191,4.63753,0.273333
0.6828,18.0402,18.0402,4.64471,83.7915,85.0695,24.3196,4.64471,0.275
0.683,18.0943,18.0943,4.62594,83.7031,85.0695,24.3183,4.62594,0.273333
0.6832,18.1301,18.1301,4.61623,83.6928,85.0695,24.3178,4.61623,0.271667
0.6834,18.0892,18.0892,4.63837,83.9042,85.0695,24.3192,4.63837,0.273333
0.6836,18.0387,18.0387,4.64099,83.7174,85.0695,24.3194,4.64099,0.275
0.6838,18.0938,18.0938,4.62515,83.6867,85.0695,24.3182,4.62515,0.273333
0.684,18.1294,18.1294,4.61735,83.7099,85.0695,24.3178,4.61735,0.271667
0.6842,18.0843,18.0843,4.63753,83.8664,85.0695,24.3191,4.63753,0.273333
0.6844,18.0402,18.0402,4.64471,83.7915,85.0695,24.3196,4.64471,0.275
0.6846,18.0943,18.0943,4.62594,83.7031,85.0695,24.3183,4.62594,0.273333
0.6848,18.1301,18.1301,4.61623,83.6928,85.0695,24.3178,4.61623,0.271667
0.685,18.0892,18.0892,4.63837,83.9042,85.0695,24.3192,4.63837,0.273333
0.6852,18.0387,18.0387,4.64099,83.7174,85.0695,24.3194,4.64099,0.275
0.6854,18.0938,18.0938,4.62515,83.6867,85.0695,24.3182,4.62515,0.273333
0.6856,18.1294,18.1294,4.61735,83.7099,85.0695,24.3178,4.61735,0.271667
0.6858,18.0843,18.0843,4.63753,83.8664,85.0695,24.3191,4.63753,0.273333
0.686,18.0402,18.0402,4.64471,83.7915,85.0695,24.3196,4.64471,0.275
0.6862,18.0943,18.0943,4.62594,83.7031,85.0695,24.3183,4.62594,0.273333
0.6864,18.1301,18.1301,4.61623,83.6928,85.0695,24.3178,4.61623,0.271667
0.6866,18.0892,18.0892,4.63837,83.9042,85.0695,24.3192,4.63837,0.273333
0.6868,18.0387,18.0387,4.64099,83.7174,85.0695,24.3194,4.64099,0.275
0.687,18.0938,18.0938,4.62515,83.6867,85.0695,24.3182,4.62515,0.273333
0.6872,18.1294,18.1294,4.61735,83.7099,85.0695,24.3178,4.61735,0.271667
0.6874,18.0843,18.0843,4.63753,83.8664,85.0695,24.3191,4.63753,0.273333
0.6876,18.0402,18.0402,4.64471,83.7915,85.0695,24.3196,4.64471,0.275
0.6878,18.0943,18.0943,4.62594,83.7031,85.0695,24.3183,4.62594,0.273333
0.688,18.1301,18.1301,4.61623,83.6928,85.0695,24.3178,4.61623,0.271667
0.6882,18.0892,18.0892,4.63837,83.9042,85.0695,24.3192,4.63837,0.273333
0.6884,18.0387,18.0387,4.64099,83.7174,85.0695,24.3194,4.64099,0.275
0.6886,18.0938,18.0938,4.62515,83.6867,85.0695,24.3182,4.62515,0.273333
0.6888,18.1294,18.1294,4.61735,83.7099,85.0695,24.3178,4.61735,0.271667
0.689,18.0843,18.0843,4.63753,83.8664,85.0695,24.3191,4.63753,0.273333
0.6892,18.0402,18.0402,4.64471,83.7915,85.0695,24.3196,4.64471,0.275
0.6894,18.0943,18.0943,4.62594,83.7031,85.0695,24.3183,4.62594,0.273333
0.6896,18.1301,18.1301,4.61623,83.6928,85.0695,24.3178,4.61623,0.271667
0.6898,18.0892,18.0892,4.63837,83.9042,85.0695,24.3192,4.63837,0.273333
0.69,18.0387,18.0387,4.64099,83.7174,85.0695,24.3194,4.64099,0.275
0.6902,18.0938,18.0938,4.62515,83.6867,85.0695,24.3182,4.62515,0.273333
0.6904,18.1294,18.1294,4.61735,83.7099,85.0695,24.3178,4.61735,0.271667
0.6906,18.0843,18.0843,4.63753,83.8664,85.0695,24.3191,4.63753,0.273333
0.6908,18.0402,18.0402,4.64471,83.7915,85.0695,24.3196,4.64471,0.275
0.691,18.0943,18.0943,4.62594,83.7031,85.0695,24.3183,4.62594,0.273333
0.6912,18.1301,18.1301,4.61623,83.6928,85.0695,24.3178,4.61623,0.271667
0.6914,18.0892,18.0892,4.63837,83.9042,85.0695,24.3192,4.63837,0.273333
0.6916,18.0387,18.0387,4.64099,83.7174,85.0695,24.3194,4.64099,0.275
0.6918,18.0938,18.0938,4.62515,83.6867,85.0695,24.3182,4.62515,0.273333
0.692,18.1294,18.1294,4.61735,83.7099,85.0695,24.3178,4.61735,0.271667
0.6922,18.0843,18.0843,4.63753,83.8664,85.0695,24.3191,4.63753,0.273333
0.6924,18.0402,18.0402,4.64471,83.7915,85.0695,24.3196,4.64471,0.275
0.6926,18.0943,18.0943,4.62594,83.7031,85.0695,24.3183,4.62594,0.273333
0.6928,18.1301,18.1301,4.61623,83.6928,85.0695,24.3178,4.61623,0.271667
0.693,18.0892,18.0892,4.63837,83.9042,85.0695,24.3192,4.63837,0.273333
0.6932,18.0387,18.0387,4.64099,83.7174,85.0695,24.3194,4.64099,0.275
0.6934,18.0938,18.0938,4.62515,83.6867,85.0695,24.3182,4.62515,0.273333
0.6936,18.1294,18.1294,4.61735,83.7099,85.0695,24.3178,4.61735,0.271667
0.6938,18.0843,18.0843,4.63753,83.8664,85.0695,24.3191,4.63753,0.273333
0.694,18.0402,18.0402,4.64471,83.7915,85.0695,24.3196,4.64471,0.275
0.6942,18.0943,18.0943,4.62594,83.7031,85.0695,24.3183,4.62594,0.273333
0.6944,18.1301,18.1301,4.61623,83.6928,85.0695,24.3178,4.61623,0.271667
0.6946,18.0892,18.0892,4.63837,83.9042,85.0695,24.3192,4.63837,0.273333
0.6948,18.0387,18.0387,4.64099,83.7174,85.0695,24.3194,4.64099,0.275
0.695,18.0938,18.0938,4.62515,83.6867,85.0695,24.3182,4.62515,0.273333
0.6952,18.1294,18.1294,4.61735,83.7099,85.0695,24.3178,4.61735,0.271667
0.6954,18.0843,18.0843,4.63753,83.8664,85.0695,24.3191,4.63753,0.273333
0.6956,18.0402,18.0402,4.64471,83.7915,85.0695,24.3196,4.64471,0.275
0.6958,18.0943,18.0943,4.62594,83.7031,85.0695,24.3183,4.62594,0.273333
0.696,18.1301,18.1301,4.61623,83.6928,85.0695,24.3178,4.61623,0.271667
0.6962,18.0892,18.0892,4.63837,83.9042,85.0695,24.3192,4.63837,0.273333
0.6964,18.0387,18.0387,4.64099,83.7174,85.0695,24.3194,4.64099,0.275
0.6966,18.0938,18.0938,4.62515,83.6867,85.0695,24.3182,4.62515,0.273333
0.6968,18.1294,18.1294,4.61735,83.7099,85.0695,24.3178,4.61735,0.271667
0.697,18.0843,18.0843,4.63753,83.8664,85.0695,24.3191,4.63753,0.273333
0.6972,18.0402,18.0402,4.64471,83.7915,85.0695,24.3196,4.64471,0.275
0.6974,18.0943,18.0943,4.62594,83.7031,85.0695,24.3183,4.62594,0.273333
0.6976,18.1301,18.1301,4.61623,83.6928,85.0695,24.3178,4.61623,0.271667
0.6978,18.0892,18.0892,4.63837,83.9042,85.0695,24.3192,4.63837,0.273333
0.698,18.0387,18.0387,4.64099,83.7174,85.0695,24.3194,4.64099,0.275
0.6982,18.0938,18.0938,4.62515,83.6867,85.0695,24.3182,4.62515,0.273333
0.6984,18.1294,18.1294,4.61735,83.7099,85.0695,24.3178,4.61735,0.271667
0.6986,18.0843,18.0843,4.63753,83.8664,85.0695,24.3191,4.63753,0.273333
0.6988,18.0402,18.0402,4.64471,83.7915,85.0695,24.3196,4.64471,0.275
0.699,18.0943,18.0943,4.62594,83.7031,85.0695,24.3183,4.62594,0.273333
0.6992,18.1301,18.1301,4.61623,83.6928,85.0695,24.3178,4.61623,0.271667
0.6994,18.0892,18.0892,4.63837,83.9042,85.0695,24.3192,4.63837,0.273333
0.6996,18.0387,18.0387,4.64099,83.7174,85.0695,24.3194,4.64099,0.275
0.6998,18.0938,18.0938,4.62515,83.6867,85.0695,24.3182,4.62515,0.273333
0.7,18.1294,18.1294,4.61735,83.7099,85.0695,24.3178,4.61735,0.271667
0.7002,18.0843,18.0843,4.63753,83.8664,85.0695,24.3191,4.63753,0.273333
0.7004,18.0402,18.0402,4.64471,83.7915,85.0695,24.3196,4.64471,0.275
0.7006,18.0943,18.0943,4.62594,83.7031,85.0695,24.3183,4.62594,0.273333
0.7008,18.1301,18.1301,4.61623,83.6928,85.0695,24.3178,4.61623,0.271667
0.701,18.0892,18.0892,4.63837,83.9042,85.0695,24.3192,4.63837,0.273333
0.7012,18.0387,18.0387,4.64099,83.7174,85.0695,24.3194,4.64099,0.275
0.7014,18.0938,18.0938,4.62515,83.6867,85.0695,24.3182,4.62515,0.273333
0.7016,18.1294,18.1294,4.61735,83.7099,85.0695,24.3178,4.61735,0.271667
0.7018,18.0843,18.0843,4.63753,83.8664,85.0695,24.3191,4.63753,0.273333
0.702,18.0402,18.0402,4.64471,83.7915,85.0695,24.3196,4.64471,0.275
0.7022,18.0943,18.0943,4.62594,83.7031,85.0695,24.3183,4.62594,0.273333
0.7024,18.1301,18.1301,4.61623,83.6928,85.0695,24.3178,4.61623,0.271667
0.7026,18.0892,18.0892,4.63837,83.9042,85.0695,24.3192,4.63837,0.273333
0.7028,18.0387,18.0387,4.64099,83.7174,85.0695,24.3194,4.64099,0.275
0.703,18.0938,18.0938,4.62515,83.6867,85.0695,24.3182,4.62515,0.273333
0.7032,18.1294,18.1294,4.61735,83.7099,85.0695,24.3178,4.61735,0.271667
0.7034,18.0843,18.0843,4.63753,83.8664,85.0695,24.3191,4.63753,0.273333
0.7036,18.0402,18.0402,4.64471,83.7915,85.0695,24.3196,4.64471,0.275
0.7038,18.0943,18.0943,4.62594,83.7031,85.0695,24.3183,4.62594,0.273333
0.704,18.1301,18.1301,4.61623,83.6928,85.0695,24.3178,4.61623,0.271667
0.7042,18.0892,18.0892,4.63837,83.9042,85.0695,24.3192,4.63837,0.273333
0.7044,18.0387,18.0387,4.64099,83.7174,85.0695,24.3194,4.64099,0.275
0.7046,18.0938,18.0938,4.62515,83.6867,85.0695,24.3182,4.62515,0.273333
0.7048,18.1294,18.1294,4.61735,83.7099,85.0695,24.3178,4.61735,0.271667
0.705,18.0843,18.0843,4.63753,83.8664,85.0695,24.3191,4.63753,0.273333
0.7052,18.0402,18.0402,4.64471,83.7915,85.0695,24.3196,4.64471,0.275
0.7054,18.0943,18.0943,4.62594,83.7031,85.0695,24.3183,4.62594,0.273333
0.7056,18.1301,18.1301,4.61623,83.6928,85.0695,24.3178,4.61623,0.271667
0.7058,18.0892,18.0892,4.63837,83.9042,85.0695,24.3192,4.63837,0.273333
0.706,18.0387,18.0387,4.64099,83.7174,85.0695,24.3194,4.64099,0.275
0.7062,18.0938,18.0938,4.62515,83.6867,85.0695,24.3182,4.62515,0.273333
0.7064,18.1294,18.1294,4.61735,83.7099,85.0695,24.3178,4.61735,0.271667
0.7066,18.0843,18.0843,4.63753,83.8664,85.0695,24.3191,4.63753,0.273333
0.7068,18.0402,18.0402,4.64471,83.7915,85.0695,24.3196,4.64471,0.275
0.707,18.0943,18.0943,4.62594,83.7031,85.0695,24.3183,4.62594,0.273333
0.7072,18.1301,18.1301,4.61623,83.6928,85.0695,24.3178,4.61623,0.271667
0.7074,18.0892,18.0892,4.63837,83.9042,85.0695,24.3192,4.63837,0.273333
0.7076,18.0387,18.0387,4.64099,83.7174,85.0695,24.3194,4.64099,0.275
0.7078,18.0938,18.0938,4.62515,83.6867,85.0695,24.3182,4.62515,0.273333
0.708,18.1294,18.1294,4.61735,83.7099,85.0695,24.3178,4.61735,0.271667
0.7082,18.0843,18.0843,4.63753,83.8664,85.0695,24.3191,4.63753,0.273333
0.7084,18.0402,18.0402,4.64471,83.7915,85.0695,24.3196,4.64471,0.275
0.7086,18.0943,18.0943,4.62594,83.7031,85.0695,24.3183,4.62594,0.273333
0.7088,18.1301,18.1301,4.61623,83.6928,85.0695,24.3178,4.61623,0.271667
0.709,18.0892,18.0892,4.63837,83.9042,85.0695,24.3192,4.63837,0.273333
0.7092,18.0387,18.0387,4.64099,83.7174,85.0695,24.3194,4.64099,0.275
0.7094,18.0938,18.0938,4.62515,83.6867,85.0695,24.3182,4.62515,0.273333
0.7096,18.1294,18.1294,4.61735,83.7099,85.0695,24.3178,4.61735,0.271667
0.7098,18.0843,18.0843,4.63753,83.8664,85.0695,24.3191,4.63753,0.273333
0.71,18.0402,18.0402,4.64471,83.7915,85.0695,24.3196,4.64471,0.275
0.7102,18.0943,18.0943,4.62594,83.7031,85.0695,24.3183,4.62594,0.273333
0.7104,18.1301,18.1301,4.61623,83.6928,85.0695,24.3178,4.61623,0.271667
0.7106,18.0892,18.0892,4.63837,83.9042,85.0695,24.3192,4.63837,0.273333
0.7108,18.0387,18.0387,4.64099,83.7174,85.0695,24.3194,4.64099,0.275
0.711,18.0938,18.0938,4.62515,83.6867,85.0695,24.3182,4.62515,0.273333
0.7112,18.1294,18.1294,4.61735,83.7099,85.0695,24.3178,4.61735,0.271667
0.7114,18.0843,18.0843,4.63753,83.8664,85.0695,24.3191,4.63753,0.273333
0.7116,18.0402,18.0402,4.64471,83.7915,85.0695,24.3196,4.64471,0.275
0.7118,18.0943,18.0943,4.62594,83.7031,85.0695,24.3183,4.62594,0.273333
0.712,18.1301,18.1301,4.61623,83.6928,85.0695,24.3178,4.61623,0.271667
0.7122,18.0892,18.0892,4.63837,83.9042,85.0695,24.3192,4.63837,0.273333
0.7124,18.0387,18.0387,4.64099,83.7174,85.0695,24.3194,4.64099,0.275
0.7126,18.0938,18.0938,4.62515,83.6867,85.0695,24.3182,4.62515,0.273333
0.7128,18.1294,18.1294,4.61735,83.7099,85.0695,24.3178,4.61735,0.271667
0.713,18.0843,18.0843,4.63753,83.8664,85.0695,24.3191,4.63753,0.273333
0.7132,18.0402,18.0402,4.64471,83.7915,85.0695,24.3196,4.64471,0.275
0.7134,18.0943,18.0943,4.62594,83.7031,85.0695,24.3183,4.62594,0.273333
0.7136,18.1301,18.1301,4.61623,83.6928,85.0695,24.3178,4.61623,0.271667
0.7138,18.0892,18.0892,4.63837,83.9042,85.0695,24.3192,4.63837,0.273333
0.714,18.0387,18.0387,4.64099,83.7174,85.0695,24.3194,4.64099,0.275
0.7142,18.0938,18.0938,4.62515,83.6867,85.0695,24.3182,4.62515,0.273333
0.7144,18.1294,18.1294,4.61735,83.7099,85.0695,24.3178,4.61735,0.271667
0.7146,18.0843,18.0843,4.63753,83.8664,85.0695,24.3191,4.63753,0.273333
0.7148,18.0402,18.0402,4.64471,83.7915,85.0695,24.3196,4.64471,0.275
0.715,18.0943,18.0943,4.62594,83.7031,85.0695,24.3183,4.62594,0.273333
0.7152,18.1301,18.1301,4.61623,83.6928,85.0695,24.3178,4.61623,0.271667
0.7154,18.0892,18.0892,4.63837,83.9042,85.0695,24.3192,4.63837,0.273333
0.7156,18.0387,18.0387,4.64099,83.7174,85.0695,24.3194,4.64099,0.275
0.7158,18.0938,18.0938,4.62515,83.6867,85.0695,24.3182,4.62515,0.273333
0.716,18.1294,18.1294,4.61735,83.7099,85.0695,24.3178,4.61735,0.271667
0.7162,18.0843,18.0843,4.63753,83.8664,85.0695,24.3191,4.63753,0.273333
0.7164,18.0402,18.0402,4.64471,83.7915,85.0695,24.3196,4.64471,0.275
0.7166,18.0943,18.0943,4.62594,83.7031,85.0695,24.3183,4.62594,0.273333
0.7168,18.1301,18.1301,4.61623,83.6928,85.0695,24.3178,4.61623,0.271667
0.717,18.0892,18.0892,4.63837,83.9042,85.0695,24.3192,4.63837,0.273333
0.7172,18.0387,18.0387,4.64099,83.7174,85.0695,24.3194,4.64099,0.275
0.7174,18.0938,18.0938,4.62515,83.6867,85.0695,24.3182,4.62515,0.273333
0.7176,18.1294,18.1294,4.61735,83.7099,85.0695,24.3178,4.61735,0.271667
0.7178,18.0843,18.0843,4.63753,83.8664,85.0695,24.3191,4.63753,0.273333
0.718,18.0402,18.0402,4.64471,83.7915,85.0695,24.3196,4.64471,0.275
0.7182,18.0943,18.0943,4.62594,83.7031,85.0695,24.3183,4.62594,0.273333
0.7184,18.1301,18.1301,4.61623,83.6928,85.0695,24.3178,4.61623,0.271667
0.7186,18.0892,18.0892,4.63837,83.9042,85.0695,24.3192,4.63837,0.273333
0.7188,18.0387,18.0387,4.64099,83.7174,85.0695,24.3194,4.64099,0.275
0.719,18.0938,18.0938,4.62515,83.6867,85.0695,24.3182,4.62515,0.273333
0.7192,18.1294,18.1294,4.61735,83.7099,85.0695,24.3178,4.61735,0.271667
0.7194,18.0843,18.0843,4.63753,83.8664,85.0695,24.3191,4.63753,0.273333
0.7196,18.0402,18.0402,4.64471,83.7915,85.0695,24.3196,4.64471,0.275
0.7198,18.0943,18.0943,4.62594,83.7031,85.0695,24.3183,4.62594,0.273333
0.72,18.1301,18.1301,4.61623,83.6928,85.0695,24.3178,4.61623,0.271667
0.7202,18.0892,18.0892,4.63837,83.9042,85.0695,24.3192,4.63837,0.273333
0.7204,18.0387,18.0387,4.64099,83.7174,85.0695,24.3194,4.64099,0.275
0.7206,18.0938,18.0938,4.62515,83.6867,85.0695,24.3182,4.62515,0.273333
0.7208,18.1294,18.1294,4.61735,83.7099,85.0695,24.3178,4.61735,0.271667
0.721,18.0843,18.0843,4.63753,83.8664,85.0695,24.3191,4.63753,0.273333
0.7212,18.0402,18.0402,4.64471,83.7915,85.0695,24.3196,4.64471,0.275
0.7214,18.0943,18.0943,4.62594,83.7031,85.0695,24.3183,4.62594,0.273333
0.7216,18.1301,18.1301,4.61623,83.6928,85.0695,24.3178,4.61623,0.271667
0.7218,18.0892,18.0892,4.63837,83.9042,85.0695,24.3192,4.63837,0.273333
0.722,18.0387,18.0387,4.64099,83.7174,85.0695,24.3194,4.64099,0.275
0.7222,18.0938,18.0938,4.62515,83.6867,85.0695,24.3182,4.62515,0.273333
0.7224,18.1294,18.1294,4.61735,83.7099,85.0695,24.3178,4.61735,0.271667
0.7226,18.0843,18.0843,4.63753,83.8664,85.0695,24.3191,4.63753,0.273333
0.7228,18.0402,18.0402,4.64471,83.7915,85.0695,24.3196,4.64471,0.275
0.723,18.0943,18.0943,4.62594,83.7031,85.0695,24.3183,4.62594,0.273333
0.7232,18.1301,18.1301,4.61623,83.6928,85.0695,24.3178,4.61623,0.271667
0.7234,18.0892,18.0892,4.63837,83.9042,85.0695,24.3192,4.63837,0.273333
0.7236,18.0387,18.0387,4.64099,83.7174,85.0695,24.3194,4.64099,0.275
0.7238,18.0938,18.0938,4.62515,83.6867,85.0695,24.3182,4.62515,0.273333
0.724,18.1294,18.1294,4.61735,83.7099,85.0695,24.3178,4.61735,0.271667
0.7242,18.0843,18.0843,4.63753,83.8664,85.0695,24.3191,4.63753,0.273333
0.7244,18.0402,18.0402,4.64471,83.7915,85.0695,24.3196,4.64471,0.275
0.7246,18.0943,18.0943,4.62594,83.7031,85.0695,24.3183,4.62594,0.273333
0.7248,18.1301,18.1301,4.61623,83.6928,85.0695,24.3178,4.61623,0.271667
0.725,18.0892,18.0892,4.63837,83.9042,85.0695,24.3192,4.63837,0.273333
0.7252,18.0387,18.0387,4.64099,83.7174,85.0695,24.3194,4.64099,0.275
0.7254,18.0938,18.0938,4.62515,83.6867,85.0695,24.3182,4.62515,0.273333
0.7256,18.1294,18.1294,4.61735,83.7099,85.0695,24.3178,4.61735,0.271667
0.7258,18.0843,18.0843,4.63753,83.8664,85.0695,24.3191,4.63753,0.273333
0.726,18.0402,18.0402,4.64471,83.7915,85.0695,24.3196,4.64471,0.275
0.7262,18.0943,18.0943,4.62594,83.7031,85.0695,24.3183,4.62594,0.273333
0.7264,18.1301,18.1301,4.61623,83.6928,85.0695,24.3178,4.61623,0.271667
0.7266,18.0892,18.0892,4.63837,83.9042,85.0695,24.3192,4.63837,0.273333
0.7268,18.0387,18.0387,4.64099,83.7174,85.0695,24.3194,4.64099,0.275
0.727,18.0938,18.0938,4.62515,83.6867,85.0695,24.3182,4.62515,0.273333
0.7272,18.1294,18.1294,4.61735,83.7099,85.0695,24.3178,4.61735,0.271667
0.7274,18.0843,18.0843,4.63753,83.8664,85.0695,24.3191,4.63753,0.273333
0.7276,18.0402,18.0402,4.64471,83.7915,85.0695,24.3196,4.64471,0.275
0.7278,18.0943,18.0943,4.62594,83.7031,85.0695,24.3183,4.62594,0.273333
0.728,18.1301,18.1301,4.61623,83.6928,85.0695,24.3178,4.61623,0.271667
0.7282,18.0892,18.0892,4.63837,83.9042,85.0695,24.3192,4.63837,0.273333
0.7284,18.0387,18.0387,4.64099,83.7174,85.0695,24.3194,4.64099,0.275
0.7286,18.0938,18.0938,4.62515,83.6867,85.0695,24.3182,4.62515,0.273333
0.7288,18.1294,18.1294,4.61735,83.7099,85.0695,24.3178,4.61735,0.271667
0.729,18.0843,18.0843,4.63753,83.8664,85.0695,24.3191,4.63753,0.273333
0.7292,18.0402,18.0402,4.64471,83.7915,85.0695,24.3196,4.64471,0.275
0.7294,18.0943,18.0943,4.62594,83.7031,85.0695,24.3183,4.62594,0.273333
0.7296,18.1301,18.1301,4.61623,83.6928,85.0695,24.3178,4.61623,0.271667
0.7298,18.0892,18.0892,4.63837,83.9042,85.0695,24.3192,4.63837,0.273333
0.73,18.0387,18.0387,4.64099,83.7174,85.0695,24.3194,4.64099,0.275
0.7302,18.0938,18.0938,4.62515,83.6867,85.0695,24.3182,4.62515,0.273333
0.7304,18.1294,18.1294,4.61735,83.7099,85.0695,24.3178,4.61735,0.271667
0.7306,18.0843,18.0843,4.63753,83.8664,85.0695,24.3191,4.63753,0.273333
0.7308,18.0402,18.0402,4.64471,83.7915,85.0695,24.3196,4.64471,0.275
0.731,18.0943,18.0943,4.62594,83.7031,85.0695,24.3183,4.62594,0.273333
0.7312,18.1301,18.1301,4.61623,83.6928,85.0695,24.3178,4.61623,0.271667
0.7314,18.0892,18.0892,4.63837,83.9042,85.0695,24.3192,4.63837,0.273333
0.7316,18.0387,18.0387,4.64099,83.7174,85.0695,24.3194,4.64099,0.275
0.7318,18.0938,18.0938,4.62515,83.6867,85.0695,24.3182,4.62515,0.273333
0.732,18.1294,18.1294,4.61735,83.7099,85.0695,24.3178,4.61735,0.271667
0.7322,18.0843,18.0843,4.63753,83.8664,85.0695,24.3191,4.63753,0.273333
0.7324,18.0402,18.0402,4.64471,83.7915,85.0695,24.3196,4.64471,0.275
0.7326,18.0943,18.0943,4.62594,83.7031,85.0695,24.3183,4.62594,0.273333
0.7328,18.1301,18.1301,4.61623,83.6928,85.0695,24.3178,4.61623,0.271667
0.733,18.0892,18.0892,4.63837,83.9042,85.0695,24.3192,4.63837,0.273333
0.7332,18.0387,18.0387,4.64099,83.7174,85.0695,24.3194,4.64099,0.275
0.7334,18.0938,18.0938,4.62515,83.6867,85.0695,24.3182,4.62515,0.273333
0.7336,18.1294,18.1294,4.61735,83.7099,85.0695,24.3178,4.61735,0.271667
0.7338,18.0843,18.0843,4.63753,83.8664,85.0695,24.3191,4.63753,0.273333
0.734,18.0402,18.0402,4.64471,83.7915,85.0695,24.3196,4.64471,0.275
0.7342,18.0943,18.0943,4.62594,83.7031,85.0695,24.3183,4.62594,0.273333
0.7344,18.1301,18.1301,4.61623,83.6928,85.0695,24.3178,4.61623,0.271667
0.7346,18.0892,18.0892,4.63837,83.9042,85.0695,24.3192,4.63837,0.273333
0.7348,18.0387,18.0387,4.64099,83.7174,85.0695,24.3194,4.64099,0.275
0.735,18.0938,18.0938,4.62515,83.6867,85.0695,24.3182,4.62515,0.273333
0.7352,18.1294,18.1294,4.61735,83.7099,85.0695,24.3178,4.61735,0.271667
0.7354,18.0843,18.0843,4.63753,83.8664,85.0695,24.3191,4.63753,0.273333
0.7356,18.0402,18.0402,4.64471,83.7915,85.0695,24.3196,4.64471,0.275
0.7358,18.0943,18.0943,4.62594,83.7031,85.0695,24.3183,4.62594,0.273333
0.736,18.1301,18.1301,4.61623,83.6928,85.0695,24.3178,4.61623,0.271667
0.7362,18.0892,18.0892,4.63837,83.9042,85.0695,24.3192,4.63837,0.273333
0.7364,18.0387,18.0387,4.64099,83.7174,85.0695,24.3194,4.64099,0.275
0.7366,18.0938,18.0938,4.62515,83.6867,85.0695,24.3182,4.62515,0.273333
0.7368,18.1294,18.1294,4.61735,83.7099,85.0695,24.3178,4.61735,0.271667
0.737,18.0843,18.0843,4.63753,83.8664,85.0695,24.3191,4.63753,0.273333
0.7372,18.0402,18.0402,4.64471,83.7915,85.0695,24.3196,4.64471,0.275
0.7374,18.0943,18.0943,4.62594,83.7031,85.0695,24.3183,4.62594,0.273333
0.7376,18.1301,18.1301,4.61623,83.6928,85.0695,24.3178,4.61623,0.271667
0.7378,18.0892,18.0892,4.63837,83.9042,85.0695,24.3192,4.63837,0.273333
0.738,18.0387,18.0387,4.64099,83.7174,85.0695,24.3194,4.64099,0.275
0.7382,18.0938,18.0938,4.62515,83.6867,85.0695,24.3182,4.62515,0.273333
0.7384,18.1294,18.1294,4.61735,83.7099,85.0695,24.3178,4.61735,0.271667
0.7386,18.0843,18.0843,4.63753,83.8664,85.0695,24.3191,4.63753,0.273333
0.7388,18.0402,18.0402,4.64471,83.7915,85.0695,24.3196,4.64471,0.275
0.739,18.0943,18.0943,4.62594,83.7031,85.0695,24.3183,4.62594,0.273333
0.7392,18.1301,18.1301,4.61623,83.6928,85.0695,24.3178,4.61623,0.271667
0.7394,18.0892,18.0892,4.63837,83.9042,85.0695,24.3192,4.63837,0.273333
0.7396,18.0387,18.0387,4.64099,83.7174,85.0695,24.3194,4.64099,0.275
0.7398,18.0938,18.0938,4.62515,83.6867,85.0695,24.3182,4.62515,0.273333
0.74,18.1294,18.1294,4.61735,83.7099,85.0695,24.3178,4.61735,0.271667
0.7402,18.0843,18.0843,4.63753,83.8664,85.0695,24.3191,4.63753,0.273333
0.7404,18.0402,18.0402,4.64471,83.7915,85.0695,24.3196,4.64471,0.275
0.7406,18.0943,18.0943,4.62594,83.7031,85.0695,24.3183,4.62594,0.273333
0.7408,18.1301,18.1301,4.61623,83.6928,85.0695,24.3178,4.61623,0.271667
0.741,18.0892,18.0892,4.63837,83.9042,85.0695,24.3192,4.63837,0.273333
0.7412,18.0387,18.0387,4.64099,83.7174,85.0695,24.3194,4.64099,0.275
0.7414,18.0938,18.0938,4.62515,83.6867,85.0695,24.3182,4.62515,0.273333
0.7416,18.1294,18.1294,4.61735,83.7099,85.0695,24.3178,4.61735,0.271667
0.7418,18.0843,18.0843,4.63753,83.8664,85.0695,24.3191,4.63753,0.273333
0.742,18.0402,18.0402,4.64471,83.7915,85.0695,24.3196,4.64471,0.275
0.7422,18.0943,18.0943,4.62594,83.7031,85.0695,24.3183,4.62594,0.273333
0.7424,18.1301,18.1301,4.61623,83.6928,85.0695,24.3178,4.61623,0.271667
0.7426,18.0892,18.0892,4.63837,83.9042,85.0695,24.3192,4.63837,0.273333
0.7428,18.0387,18.0387,4.64099,83.7174,85.0695,24.3194,4.64099,0.275
0.743,18.0938,18.0938,4.62515,83.6867,85.0695,24.3182,4.62515,0.273333
0.7432,18.1294,18.1294,4.61735,83.7099,85.0695,24.3178,4.61735,0.271667
0.7434,18.0843,18.0843,4.63753,83.8664,85.0695,24.3191,4.63753,0.273333
0.7436,18.0402,18.0402,4.64471,83.7915,85.0695,24.3196,4.64471,0.275
0.7438,18.0943,18.0943,4.62594,83.7031,85.0695,24.3183,4.62594,0.273333
0.744,18.1301,18.1301,4.61623,83.6928,85.0695,24.3178,4.61623,0.271667
0.7442,18.0892,18.0892,4.63837,83.9042,85.0695,24.3192,4.63837,0.273333
0.7444,18.0387,18.0387,4.64099,83.7174,85.0695,24.3194,4.64099,0.275
0.7446,18.0938,18.0938,4.62515,83.6867,85.0695,24.3182,4.62515,0.273333
0.7448,18.1294,18.1294,4.61735,83.7099,85.0695,24.3178,4.61735,0.271667
0.745,18.0843,18.0843,4.63753,83.8664,85.0695,24.3191,4.63753,0.273333
0.7452,18.0402,18.0402,4.64471,83.7915,85.0695,24.3196,4.64471,0.275
0.7454,18.0943,18.0943,4.62594,83.7031,85.0695,24.3183,4.62594,0.273333
0.7456,18.1301,18.1301,4.61623,83.6928,85.0695,24.3178,4.61623,0.271667
0.7458,18.0892,18.0892,4.63837,83.9042,85.0695,24.3192,4.63837,0.273333
0.746,18.0387,18.0387,4.64099,83.7174,85.0695,24.3194,4.64099,0.275
0.7462,18.0938,18.0938,4.62515,83.6867,85.0695,24.3182,4.62515,0.273333
0.7464,18.1294,18.1294,4.61735,83.7099,85.0695,24.3178,4.61735,0.271667
0.7466,18.0843,18.0843,4.63753,83.8664,85.0695,24.3191,4.63753,0.273333
0.7468,18.0402,18.0402,4.64471,83.7915,85.0695,24.3196,4.64471,0.275
0.747,18.0943,18.0943,4.62594,83.7031,85.0695,24.3183,4.62594,0.273333
0.7472,18.1301,18.1301,4.61623,83.6928,85.0695,24.3178,4.61623,0.271667
0.7474,18.0892,18.0892,4.63837,83.9042,85.0695,24.3192,4.63837,0.273333
0.7476,18.0387,18.0387,4.64099,83.7174,85.0695,24.3194,4.64099,0.275
0.7478,18.0938,18.0938,4.62515,83.6867,85.0695,24.3182,4.62515,0.273333
0.748,18.1294,18.1294,4.61735,83.7099,85.0695,24.3178,4.61735,0.271667
0.7482,18.0843,18.0843,4.63753,83.8664,85.0695,24.3191,4.63753,0.273333
0.7484,18.0402,18.0402,4.64471,83.7915,85.0695,24.3196,4.64471,0.275
0.7486,18.0943,18.0943,4.62594,83.7031,85.0695,24.3183,4.62594,0.273333
0.7488,18.1301,18.1301,4.61623,83.6928,85.0695,24.3178,4.61623,0.271667
0.749,18.0892,18.0892,4.63837,83.9042,85.0695,24.3192,4.63837,0.273333
0.7492,18.0387,18.0387,4.64099,83.7174,85.0695,24.3194,4.64099,0.275
0.7494,18.0938,18.0938,4.62515,83.6867,85.0695,24.3182,4.62515,0.273333
0.7496,18.1294,18.1294,4.61735,83.7099,85.0695,24.3178,4.61735,0.271667
0.7498,18.0843,18.0843,4.63753,83.8664,85.0695,24.3191,4.63753,0.273333
0.75,18.0402,18.0402,4.64471,83.7915,85.0695,24.3196,4.64471,0.275
0.7502,18.0943,18.0943,4.62594,83.7031,85.0695,24.3183,4.62594,0.273333
0.7504,18.1301,18.1301,4.61623,83.6928,85.0695,24.3178,4.61623,0.271667
0.7506,18.0892,18.0892,4.63837,83.9042,85.0695,24.3192,4.63837,0.273333
0.7508,18.0387,18.0387,4.64099,83.7174,85.0695,24.3194,4.64099,0.275
0.751,18.0938,18.0938,4.62515,83.6867,85.0695,24.3182,4.62515,0.273333
0.7512,18.1294,18.1294,4.61735,83.7099,85.0695,24.3178,4.61735,0.271667
0.7514,18.0843,18.0843,4.63753,83.8664,85.0695,24.3191,4.63753,0.273333
0.7516,18.0402,18.0402,4.64471,83.7915,85.0695,24.3196,4.64471,0.275
0.7518,18.0943,18.0943,4.62594,83.7031,85.0695,24.3183,4.62594,0.273333
0.752,18.1301,18.1301,4.61623,83.6928,85.0695,24.3178,4.61623,0.271667
0.7522,18.0892,18.0892,4.63837,83.9042,85.0695,24.3192,4.63837,0.273333
0.7524,18.0387,18.0387,4.64099,83.7174,85.0695,24.3194,4.64099,0.275
0.7526,18.0938,18.0938,4.62515,83.6867,85.0695,24.3182,4.62515,0.273333
0.7528,18.1294,18.1294,4.61735,83.7099,85.0695,24.3178,4.61735,0.271667
0.753,18.0843,18.0843,4.63753,83.8664,85.0695,24.3191,4.63753,0.273333
0.7532,18.0402,18.0402,4.64471,83.7915,85.0695,24.3196,4.64471,0.275
0.7534,18.0943,18.0943,4.62594,83.7031,85.0695,24.3183,4.62594,0.273333
0.7536,18.1301,18.1301,4.61623,83.6928,85.0695,24.3178,4.61623,0.271667
0.7538,18.0892,18.0892,4.63837,83.9042,85.0695,24.3192,4.63837,0.273333
0.754,18.0387,18.0387,4.64099,83.7174,85.0695,24.3194,4.64099,0.275
0.7542,18.0938,18.0938,4.62515,83.6867,85.0695,24.3182,4.62515,0.273333
0.7544,18.1294,18.1294,4.61735,83.7099,85.0695,24.3178,4.61735,0.271667
0.7546,18.0843,18.0843,4.63753,83.8664,85.0695,24.3191,4.63753,0.273333
0.7548,18.0402,18.0402,4.64471,83.7915,85.0695,24.3196,4.64471,0.275
0.755,18.0943,18.0943,4.62594,83.7031,85.0695,24.3183,4.62594,0.273333
0.7552,18.1301,18.1301,4.61623,83.6928,85.0695,24.3178,4.61623,0.271667
0.7554,18.0892,18.0892,4.63837,83.9042,85.0695,24.3192,4.63837,0.273333
0.7556,18.0387,18.0387,4.64099,83.7174,85.0695,24.3194,4.64099,0.275
0.7558,18.0938,18.0938,4.62515,83.6867,85.0695,24.3182,4.62515,0.273333
0.756,18.1294,18.1294,4.61735,83.7099,85.0695,24.3178,4.61735,0.271667
0.7562,18.0843,18.0843,4.63753,83.8664,85.0695,24.3191,4.63753,0.273333
0.7564,18.0402,18.0402,4.64471,83.7915,85.0695,24.3196,4.64471,0.275
0.7566,18.0943,18.0943,4.62594,83.7031,85.0695,24.3183,4.62594,0.273333
0.7568,18.1301,18.1301,4.61623,83.6928,85.0695,24.3178,4.61623,0.271667
0.757,18.0892,18.0892,4.63837,83.9042,85.0695,24.3192,4.63837,0.273333
0.7572,18.0387,18.0387,4.64099,83.7174,85.0695,24.3194,4.64099,0.275
0.7574,18.0938,18.0938,4.62515,83.6867,85.0695,24.3182,4.62515,0.273333
0.7576,18.1294,18.1294,4.61735,83.7099,85.0695,24.3178,4.61735,0.271667
0.7578,18.0843,18.0843,4.63753,83.8664,85.0695,24.3191,4.63753,0.273333
0.758,18.0402,18.0402,4.64471,83.7915,85.0695,24.3196,4.64471,0.275
0.7582,18.0943,18.0943,4.62594,83.7031,85.0695,24.3183,4.62594,0.273333
0.7584,18.1301,18.1301,4.61623,83.6928,85.0695,24.3178,4.61623,0.271667
0.7586,18.0892,18.0892,4.63837,83.9042,85.0695,24.3192,4.63837,0.273333
0.7588,18.0387,18.0387,4.64099,83.7174,85.0695,24.3194,4.64099,0.275
0.759,18.0938,18.0938,4.62515,83.6867,85.0695,24.3182,4.62515,0.273333
0.7592,18.1294,18.1294,4.61735,83.7099,85.0695,24.3178,4.61735,0.271667
0.7594,18.0843,18.0843,4.63753,83.8664,85.0695,24.3191,4.63753,0.273333
0.7596,18.0402,18.0402,4.64471,83.7915,85.0695,24.3196,4.64471,0.275
0.7598,18.0943,18.0943,4.62594,83.7031,85.0695,24.3183,4.62594,0.273333
0.76,18.1301,18.1301,4.61623,83.6928,85.0695,24.3178,4.61623,0.271667
0.7602,18.0892,18.0892,4.63837,83.9042,85.0695,24.3192,4.63837,0.273333
0.7604,18.0387,18.0387,4.64099,83.7174,85.0695,24.3194,4.64099,0.275
0.7606,18.0938,18.0938,4.62515,83.6867,85.0695,24.3182,4.62515,0.273333
0.7608,18.1294,18.1294,4.61735,83.7099,85.0695,24.3178,4.61735,0.271667
0.761,18.0843,18.0843,4.63753,83.8664,85.0695,24.3191,4.63753,0.273333
0.7612,18.0402,18.0402,4.64471,83.7915,85.0695,24.3196,4.64471,0.275
0.7614,18.0943,18.0943,4.62594,83.7031,85.0695,24.3183,4.62594,0.273333
0.7616,18.1301,18.1301,4.61623,83.6928,85.0695,24.3178,4.61623,0.271667
0.7618,18.0892,18.0892,4.63837,83.9042,85.0695,24.3192,4.63837,0.273333
0.762,18.0387,18.0387,4.64099,83.7174,85.0695,24.3194,4.64099,0.275
0.7622,18.0938,18.0938,4.62515,83.6867,85.0695,24.3182,4.62515,0.273333
0.7624,18.1294,18.1294,4.61735,83.7099,85.0695,24.3178,4.61735,0.271667
0.7626,18.0843,18.0843,4.63753,83.8664,85.0695,24.3191,4.63753,0.273333
0.7628,18.0402,18.0402,4.64471,83.7915,85.0695,24.3196,4.64471,0.275
0.763,18.0943,18.0943,4.62594,83.7031,85.0695,24.3183,4.62594,0.273333
0.7632,18.1301,18.1301,4.61623,83.6928,85.0695,24.3178,4.61623,0.271667
0.7634,18.0892,18.0892,4.63837,83.9042,85.0695,24.3192,4.63837,0.273333
0.7636,18.0387,18.0387,4.64099,83.7174,85.0695,24.3194,4.64099,0.275
0.7638,18.0938,18.0938,4.62515,83.6867,85.0695,24.3182,4.62515,0.273333
0.764,18.1294,18.1294,4.61735,83.7099,85.0695,24.3178,4.61735,0.271667
0.7642,18.0843,18.0843,4.63753,83.8664,85.0695,24.3191,4.63753,0.273333
0.7644,18.0402,18.0402,4.64471,83.7915,85.0695,24.3196,4.64471,0.275
0.7646,18.0943,18.0943,4.62594,83.7031,85.0695,24.3183,4.62594,0.273333
0.7648,18.1301,18.1301,4.61623,83.6928,85.0695,24.3178,4.61623,0.271667
0.765,18.0892,18.0892,4.63837,83.9042,85.0695,24.3192,4.63837,0.273333
0.7652,18.0387,18.0387,4.64099,83.7174,85.0695,24.3194,4.64099,0.275
0.7654,18.0938,18.0938,4.62515,83.6867,85.0695,24.3182,4.62515,0.273333
0.7656,18.1294,18.1294,4.61735,83.7099,85.0695,24.3178,4.61735,0.271667
0.7658,18.0843,18.0843,4.63753,83.8664,85.0695,24.3191,4.63753,0.273333
0.766,18.0402,18.0402,4.64471,83.7915,85.0695,24.3196,4.64471,0.275
0.7662,18.0943,18.0943,4.62594,83.7031,85.0695,24.3183,4.62594,0.273333
0.7664,18.1301,18.1301,4.61623,83.6928,85.0695,24.3178,4.61623,0.271667
0.7666,18.0892,18.0892,4.63837,83.9042,85.0695,24.3192,4.63837,0.273333
0.7668,18.0387,18.0387,4.64099,83.7174,85.0695,24.3194,4.64099,0.275
0.767,18.0938,18.0938,4.62515,83.6867,85.0695,24.3182,4.62515,0.273333
0.7672,18.1294,18.1294,4.61735,83.7099,85.0695,24.3178,4.61735,0.271667
0.7674,18.0843,18.0843,4.63753,83.8664,85.0695,24.3191,4.63753,0.273333
0.7676,18.0402,18.0402,4.64471,83.7915,85.0695,24.3196,4.64471,0.275
0.7678,18.0943,18.0943,4.62594,83.7031,85.0695,24.3183,4.62594,0.273333
0.768,18.1301,18.1301,4.61623,83.6928,85.0695,24.3178,4.61623,0.271667
0.7682,18.0892,18.0892,4.63837,83.9042,85.0695,24.3192,4.63837,0.273333
0.7684,18.0387,18.0387,4.64099,83.7174,85.0695,24.3194,4.64099,0.275
0.7686,18.0938,18.0938,4.62515,83.6867,85.0695,24.3182,4.62515,0.273333
0.7688,18.1294,18.1294,4.61735,83.7099,85.0695,24.3178,4.61735,0.271667
0.769,18.0843,18.0843,4.63753,83.8664,85.0695,24.3191,4.63753,0.273333
0.7692,18.0402,18.0402,4.64471,83.7915,85.0695,24.3196,4.64471,0.275
0.7694,18.0943,18.0943,4.62594,83.7031,85.0695,24.3183,4.62594,0.273333
0.7696,18.1301,18.1301,4.61623,83.6928,85.0695,24.3178,4.61623,0.271667
0.7698,18.0892,18.0892,4.63837,83.9042,85.0695,24.3192,4.63837,0.273333
0.77,18.0387,18.0387,4.64099,83.7174,85.0695,24.3194,4.64099,0.275
0.7702,18.0938,18.0938,4.62515,83.6867,85.0695,24.3182,4.62515,0.273333
0.7704,18.1294,18.1294,4.61735,83.7099,85.0695,24.3178,4.61735,0.271667
0.7706,18.0843,18.0843,4.63753,83.8664,85.0695,24.3191,4.63753,0.273333
0.7708,18.0402,18.0402,4.64471,83.7915,85.0695,24.3196,4.64471,0.275
0.771,18.0943,18.0943,4.62594,83.7031,85.0695,24.3183,4.62594,0.273333
0.7712,18.1301,18.1301,4.61623,83.6928,85.0695,24.3178,4.61623,0.271667
0.7714,18.0892,18.0892,4.63837,83.9042,85.0695,24.3192,4.63837,0.273333
0.7716,18.0387,18.0387,4.64099,83.7174,85.0695,24.3194,4.64099,0.275
0.7718,18.0938,18.0938,4.62515,83.6867,85.0695,24.3182,4.62515,0.273333
0.772,18.1294,18.1294,4.61735,83.7099,85.0695,24.3178,4.61735,0.271667
0.7722,18.0843,18.0843,4.63753,83.8664,85.0695,24.3191,4.63753,0.273333
0.7724,18.0402,18.0402,4.64471,83.7915,85.0695,24.3196,4.64471,0.275
0.7726,18.0943,18.0943,4.62594,83.7031,85.0695,24.3183,4.62594,0.273333
0.7728,18.1301,18.1301,4.61623,83.6928,85.0695,24.3178,4.61623,0.271667
0.773,18.0892,18.0892,4.63837,83.9042,85.0695,24.3192,4.63837,0.273333
0.7732,18.0387,18.0387,4.64099,83.7174,85.0695,24.3194,4.64099,0.275
0.7734,18.0938,18.0938,4.62515,83.6867,85.0695,24.3182,4.62515,0.273333
0.7736,18.1294,18.1294,4.61735,83.7099,85.0695,24.3178,4.61735,0.271667
0.7738,18.0843,18.0843,4.63753,83.8664,85.0695,24.3191,4.63753,0.273333
0.774,18.0402,18.0402,4.64471,83.7915,85.0695,24.3196,4.64471,0.275
0.7742,18.0943,18.0943,4.62594,83.7031,85.0695,24.3183,4.62594,0.273333
0.7744,18.1301,18.1301,4.61623,83.6928,85.0695,24.3178,4.61623,0.271667
0.7746,18.0892,18.0892,4.63837,83.9042,85.0695,24.3192,4.63837,0.273333
0.7748,18.0387,18.0387,4.64099,83.7174,85.0695,24.3194,4.64099,0.275
0.775,18.0938,18.0938,4.62515,83.6867,85.0695,24.3182,4.62515,0.273333
0.7752,18.1294,18.1294,4.61735,83.7099,85.0695,24.3178,4.61735,0.271667
0.7754,18.0843,18.0843,4.63753,83.8664,85.0695,24.3191,4.63753,0.273333
0.7756,18.0402,18.0402,4.64471,83.7915,85.0695,24.3196,4.64471,0.275
0.7758,18.0943,18.0943,4.62594,83.7031,85.0695,24.3183,4.62594,0.273333
0.776,18.1301,18.1301,4.61623,83.6928,85.0695,24.3178,4.61623,0.271667
0.7762,18.0892,18.0892,4.63837,83.9042,85.0695,24.3192,4.63837,0.273333
0.7764,18.0387,18.0387,4.64099,83.7174,85.0695,24.3194,4.64099,0.275
0.7766,18.0938,18.0938,4.62515,83.6867,85.0695,24.3182,4.62515,0.273333
0.7768,18.1294,18.1294,4.61735,83.7099,85.0695,24.3178,4.61735,0.271667
0.777,18.0843,18.0843,4.63753,83.8664,85.0695,24.3191,4.63753,0.273333
0.7772,18.0402,18.0402,4.64471,83.7915,85.0695,24.3196,4.64471,0.275
0.7774,18.0943,18.0943,4.62594,83.7031,85.0695,24.3183,4.62594,0.273333
0.7776,18.1301,18.1301,4.61623,83.6928,85.0695,24.3178,4.61623,0.271667
0.7778,18.0892,18.0892,4.63837,83.9042,85.0695,24.3192,4.63837,0.273333
0.778,18.0387,18.0387,4.64099,83.7174,85.0695,24.3194,4.64099,0.275
0.7782,18.0938,18.0938,4.62515,83.6867,85.0695,24.3182,4.62515,0.273333
0.7784,18.1294,18.1294,4.61735,83.7099,85.0695,24.3178,4.61735,0.271667
0.7786,18.0843,18.0843,4.63753,83.8664,85.0695,24.3191,4.63753,0.273333
0.7788,18.0402,18.0402,4.64471,83.7915,85.0695,24.3196,4.64471,0.275
0.779,18.0943,18.0943,4.62594,83.7031,85.0695,24.3183,4.62594,0.273333
0.7792,18.1301,18.1301,4.61623,83.6928,85.0695,24.3178,4.61623,0.271667
0.7794,18.0892,18.0892,4.63837,83.9042,85.0695,24.3192,4.63837,0.273333
0.7796,18.0387,18.0387,4.64099,83.7174,85.0695,24.3194,4.64099,0.275
0.7798,18.0938,18.0938,4.62515,83.6867,85.0695,24.3182,4.62515,0.273333
0.78,18.1294,18.1294,4.61735,83.7099,85.0695,24.3178,4.61735,0.271667
0.7802,18.0843,18.0843,4.63753,83.8664,85.0695,24.3191,4.63753,0.273333
0.7804,18.0402,18.0402,4.64471,83.7915,85.0695,24.3196,4.64471,0.275
0.7806,18.0943,18.0943,4.62594,83.7031,85.0695,24.3183,4.62594,0.273333
0.7808,18.1301,18.1301,4.61623,83.6928,85.0695,24.3178,4.61623,0.271667
0.781,18.0892,18.0892,4.63837,83.9042,85.0695,24.3192,4.63837,0.273333
0.7812,18.0387,18.0387,4.64099,83.7174,85.0695,24.3194,4.64099,0.275
0.7814,18.0938,18.0938,4.62515,83.6867,85.0695,24.3182,4.62515,0.273333
0.7816,18.1294,18.1294,4.61735,83.7099,85.0695,24.3178,4.61735,0.271667
0.7818,18.0843,18.0843,4.63753,83.8664,85.0695,24.3191,4.63753,0.273333
0.782,18.0402,18.0402,4.64471,83.7915,85.0695,24.3196,4.64471,0.275
0.7822,18.0943,18.0943,4.62594,83.7031,85.0695,24.3183,4.62594,0.273333
0.7824,18.1301,18.1301,4.61623,83.6928,85.0695,24.3178,4.61623,0.271667
0.7826,18.0892,18.0892,4.63837,83.9042,85.0695,24.3192,4.63837,0.273333
0.7828,18.0387,18.0387,4.64099,83.7174,85.0695,24.3194,4.64099,0.275
0.783,18.0938,18.0938,4.62515,83.6867,85.0695,24.3182,4.62515,0.273333
0.7832,18.1294,18.1294,4.61735,83.7099,85.0695,24.3178,4.61735,0.271667
0.7834,18.0843,18.0843,4.63753,83.8664,85.0695,24.3191,4.63753,0.273333
0.7836,18.0402,18.0402,4.64471,83.7915,85.0695,24.3196,4.64471,0.275
0.7838,18.0943,18.0943,4.62594,83.7031,85.0695,24.3183,4.62594,0.273333
0.784,18.1301,18.1301,4.61623,83.6928,85.0695,24.3178,4.61623,0.271667
0.7842,18.0892,18.0892,4.63837,83.9042,85.0695,24.3192,4.63837,0.273333
0.7844,18.0387,18.0387,4.64099,83.7174,85.0695,24.3194,4.64099,0.275
0.7846,18.0938,18.0938,4.62515,83.6867,85.0695,24.3182,4.62515,0.273333
0.7848,18.1294,18.1294,4.61735,83.7099,85.0695,24.3178,4.61735,0.271667
0.785,18.0843,18.0843,4.63753,83.8664,85.0695,24.3191,4.63753,0.273333
0.7852,18.0402,18.0402,4.64471,83.7915,85.0695,24.3196,4.64471,0.275
0.7854,18.0943,18.0943,4.62594,83.7031,85.0695,24.3183,4.62594,0.273333
0.7856,18.1301,18.1301,4.61623,83.6928,85.0695,24.3178,4.61623,0.271667
0.7858,18.0892,18.0892,4.63837,83.9042,85.0695,24.3192,4.63837,0.273333
0.786,18.0387,18.0387,4.64099,83.7174,85.0695,24.3194,4.64099,0.275
0.7862,18.0938,18.0938,4.62515,83.6867,85.0695,24.3182,4.62515,0.273333
0.7864,18.1294,18.1294,4.61735,83.7099,85.0695,24.3178,4.61735,0.271667
0.7866,18.0843,18.0843,4.63753,83.8664,85.0695,24.3191,4.63753,0.273333
0.7868,18.0402,18.0402,4.64471,83.7915,85.0695,24.3196,4.64471,0.275
0.787,18.0943,18.0943,4.62594,83.7031,85.0695,24.3183,4.62594,0.273333
0.7872,18.1301,18.1301,4.61623,83.6928,85.0695,24.3178,4.61623,0.271667
0.7874,18.0892,18.0892,4.63837,83.9042,85.0695,24.3192,4.63837,0.273333
0.7876,18.0387,18.0387,4.64099,83.7174,85.0695,24.3194,4.64099,0.275
0.7878,18.0938,18.0938,4.62515,83.6867,85.0695,24.3182,4.62515,0.273333
0.788,18.1294,18.1294,4.61735,83.7099,85.0695,24.3178,4.61735,0.271667
0.7882,18.0843,18.0843,4.63753,83.8664,85.0695,24.3191,4.63753,0.273333
0.7884,18.0402,18.0402,4.64471,83.7915,85.0695,24.3196,4.64471,0.275
0.7886,18.0943,18.0943,4.62594,83.7031,85.0695,24.3183,4.62594,0.273333
0.7888,18.1301,18.1301,4.61623,83.6928,85.0695,24.3178,4.61623,0.271667
0.789,18.0892,18.0892,4.63837,83.9042,85.0695,24.3192,4.63837,0.273333
0.7892,18.0387,18.0387,4.64099,83.7174,85.0695,24.3194,4.64099,0.275
0.7894,18.0938,18.0938,4.62515,83.6867,85.0695,24.3182,4.62515,0.273333
0.7896,18.1294,18.1294,4.61735,83.7099,85.0695,24.3178,4.61735,0.271667
0.7898,18.0843,18.0843,4.63753,83.8664,85.0695,24.3191,4.63753,0.273333
0.79,18.0402,18.0402,4.64471,83.7915,85.0695,24.3196,4.64471,0.275
0.7902,18.0943,18.0943,4.62594,83.7031,85.0695,24.3183,4.62594,0.273333
0.7904,18.1301,18.1301,4.61623,83.6928,85.0695,24.3178,4.61623,0.271667
0.7906,18.0892,18.0892,4.63837,83.9042,85.0695,24.3192,4.63837,0.273333
0.7908,18.0387,18.0387,4.64099,83.7174,85.0695,24.3194,4.64099,0.275
0.791,18.0938,18.0938,4.62515,83.6867,85.0695,24.3182,4.62515,0.273333
0.7912,18.1294,18.1294,4.61735,83.7099,85.0695,24.3178,4.61735,0.271667
0.7914,18.0843,18.0843,4.63753,83.8664,85.0695,24.3191,4.63753,0.273333
0.7916,18.0402,18.0402,4.64471,83.7915,85.0695,24.3196,4.64471,0.275
0.7918,18.0943,18.0943,4.62594,83.7031,85.0695,24.3183,4.62594,0.273333
0.792,18.1301,18.1301,4.61623,83.6928,85.0695,24.3178,4.61623,0.271667
0.7922,18.0892,18.0892,4.63837,83.9042,85.0695,24.3192,4.63837,0.273333
0.7924,18.0387,18.0387,4.64099,83.7174,85.0695,24.3194,4.64099,0.275
0.7926,18.0938,18.0938,4.62515,83.6867,85.0695,24.3182,4.62515,0.273333
0.7928,18.1294,18.1294,4.61735,83.7099,85.0695,24.3178,4.61735,0.271667
0.793,18.0843,18.0843,4.63753,83.8664,85.0695,24.3191,4.63753,0.273333
0.7932,18.0402,18.0402,4.64471,83.7915,85.0695,24.3196,4.64471,0.275
0.7934,18.0943,18.0943,4.62594,83.7031,85.0695,24.3183,4.62594,0.273333
0.7936,18.1301,18.1301,4.61623,83.6928,85.0695,24.3178,4.61623,0.271667
0.7938,18.0892,18.0892,4.63837,83.9042,85.0695,24.3192,4.63837,0.273333
0.794,18.0387,18.0387,4.64099,83.7174,85.0695,24.3194,4.64099,0.275
0.7942,18.0938,18.0938,4.62515,83.6867,85.0695,24.3182,4.62515,0.273333
0.7944,18.1294,18.1294,4.61735,83.7099,85.0695,24.3178,4.61735,0.271667
0.7946,18.0843,18.0843,4.63753,83.8664,85.0695,24.3191,4.63753,0.273333
0.7948,18.0402,18.0402,4.64471,83.7915,85.0695,24.3196,4.64471,0.275
0.795,18.0943,18.0943,4.62594,83.7031,85.0695,24.3183,4.62594,0.273333
0.7952,18.1301,18.1301,4.61623,83.6928,85.0695,24.3178,4.61623,0.271667
0.7954,18.0892,18.0892,4.63837,83.9042,85.0695,24.3192,4.63837,0.273333
0.7956,18.0387,18.0387,4.64099,83.7174,85.0695,24.3194,4.64099,0.275
0.7958,18.0938,18.0938,4.62515,83.6867,85.0695,24.3182,4.62515,0.273333
0.796,18.1294,18.1294,4.61735,83.7099,85.0695,24.3178,4.61735,0.271667
0.7962,18.0843,18.0843,4.63753,83.8664,85.0695,24.3191,4.63753,0.273333
0.7964,18.0402,18.0402,4.64471,83.7915,85.0695,24.3196,4.64471,0.275
0.7966,18.0943,18.0943,4.62594,83.7031,85.0695,24.3183,4.62594,0.273333
0.7968,18.1301,18.1301,4.61623,83.6928,85.0695,24.3178,4.61623,0.271667
0.797,18.0892,18.0892,4.63837,83.9042,85.0695,24.3192,4.63837,0.273333
0.7972,18.0387,18.0387,4.64099,83.7174,85.0695,24.3194,4.64099,0.275
0.7974,18.0938,18.0938,4.62515,83.6867,85.0695,24.3182,4.62515,0.273333
0.7976,18.1294,18.1294,4.61735,83.7099,85.0695,24.3178,4.61735,0.271667
0.7978,18.0843,18.0843,4.63753,83.8664,85.0695,24.3191,4.63753,0.273333
0.798,18.0402,18.0402,4.64471,83.7915,85.0695,24.3196,4.64471,0.275
0.7982,18.0943,18.0943,4.62594,83.7031,85.0695,24.3183,4.62594,0.273333
0.7984,18.1301,18.1301,4.61623,83.6928,85.0695,24.3178,4.61623,0.271667
0.7986,18.0892,18.0892,4.63837,83.9042,85.0695,24.3192,4.63837,0.273333
0.7988,18.0387,18.0387,4.64099,83.7174,85.0695,24.3194,4.64099,0.275
0.799,18.0938,18.0938,4.62515,83.6867,85.0695,24.3182,4.62515,0.273333
0.7992,18.1294,18.1294,4.61735,83.7099,85.0695,24.3178,4.61735,0.271667
0.7994,18.0843,18.0843,4.63753,83.8664,85.0695,24.3191,4.63753,0.273333
0.7996,18.0402,18.0402,4.64471,83.7915,85.0695,24.3196,4.64471,0.275
0.7998,18.0943,18.0943,4.62594,83.7031,85.0695,24.3183,4.62594,0.273333
0.8,18.1301,18.1301,4.61623,83.6928,85.0695,24.3178,4.61623,0.271667
0.8002,18.0892,18.0892,4.63837,83.9042,85.0695,24.3192,4.63837,0.273333
0.8004,18.0387,18.0387,4.64099,83.7174,85.0695,24.3194,4.64099,0.275
0.8006,18.0938,18.0938,4.62515,83.6867,85.0695,24.3182,4.62515,0.273333
0.8008,18.1294,18.1294,4.61735,83.7099,85.0695,24.3178,4.61735,0.271667
0.801,18.0843,18.0843,4.63753,83.8664,85.0695,24.3191,4.63753,0.273333
0.8012,18.0402,18.0402,4.64471,83.7915,85.0695,24.3196,4.64471,0.275
0.8014,18.0943,18.0943,4.62594,83.7031,85.0695,24.3183,4.62594,0.273333
0.8016,18.1301,18.1301,4.61623,83.6928,85.0695,24.3178,4.61623,0.271667
0.8018,18.0892,18.0892,4.63837,83.9042,85.0695,24.3192,4.63837,0.273333
0.802,18.0387,18.0387,4.64099,83.7174,85.0695,24.3194,4.64099,0.275
0.8022,18.0938,18.0938,4.62515,83.6867,85.0695,24.3182,4.62515,0.273333
0.8024,18.1294,18.1294,4.61735,83.7099,85.0695,24.3178,4.61735,0.271667
0.8026,18.0843,18.0843,4.63753,83.8664,85.0695,24.3191,4.63753,0.273333
0.8028,18.0402,18.0402,4.64471,83.7915,85.0695,24.3196,4.64471,0.275
0.803,18.0943,18.0943,4.62594,83.7031,85.0695,24.3183,4.62594,0.273333
0.8032,18.1301,18.1301,4.61623,83.6928,85.0695,24.3178,4.61623,0.271667
0.8034,18.0892,18.0892,4.63837,83.9042,85.0695,24.3192,4.63837,0.273333
0.8036,18.0387,18.0387,4.64099,83.7174,85.0695,24.3194,4.64099,0.275
0.8038,18.0938,18.0938,4.62515,83.6867,85.0695,24.3182,4.62515,0.273333
0.804,18.1294,18.1294,4.61735,83.7099,85.0695,24.3178,4.61735,0.271667
0.8042,18.0843,18.0843,4.63753,83.8664,85.0695,24.3191,4.63753,0.273333
0.8044,18.0402,18.0402,4.64471,83.7915,85.0695,24.3196,4.64471,0.275
0.8046,18.0943,18.0943,4.62594,83.7031,85.0695,24.3183,4.62594,0.273333
0.8048,18.1301,18.1301,4.61623,83.6928,85.0695,24.3178,4.61623,0.271667
0.805,18.0892,18.0892,4.63837,83.9042,85.0695,24.3192,4.63837,0.273333
0.8052,18.0387,18.0387,4.64099,83.7174,85.0695,24.3194,4.64099,0.275
0.8054,18.0938,18.0938,4.62515,83.6867,85.0695,24.3182,4.62515,0.273333
0.8056,18.1294,18.1294,4.61735,83.7099,85.0695,24.3178,4.61735,0.271667
0.8058,18.0843,18.0843,4.63753,83.8664,85.0695,24.3191,4.63753,0.273333
0.806,18.0402,18.0402,4.64471,83.7915,85.0695,24.3196,4.64471,0.275
0.8062,18.0943,18.0943,4.62594,83.7031,85.0695,24.3183,4.62594,0.273333
0.8064,18.1301,18.1301,4.61623,83.6928,85.0695,24.3178,4.61623,0.271667
0.8066,18.0892,18.0892,4.63837,83.9042,85.0695,24.3192,4.63837,0.273333
0.8068,18.0387,18.0387,4.64099,83.7174,85.0695,24.3194,4.64099,0.275
0.807,18.0938,18.0938,4.62515,83.6867,85.0695,24.3182,4.62515,0.273333
0.8072,18.1294,18.1294,4.61735,83.7099,85.0695,24.3178,4.61735,0.271667
0.8074,18.0843,18.0843,4.63753,83.8664,85.0695,24.3191,4.63753,0.273333
0.8076,18.0402,18.0402,4.64471,83.7915,85.0695,24.3196,4.64471,0.275
0.8078,18.0943,18.0943,4.62594,83.7031,85.0695,24.3183,4.62594,0.273333
0.808,18.1301,18.1301,4.61623,83.6928,85.0695,24.3178,4.61623,0.271667
0.8082,18.0892,18.0892,4.63837,83.9042,85.0695,24.3192,4.63837,0.273333
0.8084,18.0387,18.0387,4.64099,83.7174,85.0695,24.3194,4.64099,0.275
0.8086,18.0938,18.0938,4.62515,83.6867,85.0695,24.3182,4.62515,0.273333
0.8088,18.1294,18.1294,4.61735,83.7099,85.0695,24.3178,4.61735,0.271667
0.809,18.0843,18.0843,4.63753,83.8664,85.0695,24.3191,4.63753,0.273333
0.8092,18.0402,18.0402,4.64471,83.7915,85.0695,24.3196,4.64471,0.275
0.8094,18.0943,18.0943,4.62594,83.7031,85.0695,24.3183,4.62594,0.273333
0.8096,18.1301,18.1301,4.61623,83.6928,85.0695,24.3178,4.61623,0.271667
0.8098,18.0892,18.0892,4.63837,83.9042,85.0695,24.3192,4.63837,0.273333
0.81,18.0387,18.0387,4.64099,83.7174,85.0695,24.3194,4.64099,0.275
0.8102,18.0938,18.0938,4.62515,83.6867,85.0695,24.3182,4.62515,0.273333
0.8104,18.1294,18.1294,4.61735,83.7099,85.0695,24.3178,4.61735,0.271667
0.8106,18.0843,18.0843,4.63753,83.8664,85.0695,24.3191,4.63753,0.273333
0.8108,18.0402,18.0402,4.64471,83.7915,85.0695,24.3196,4.64471,0.275
0.811,18.0943,18.0943,4.62594,83.7031,85.0695,24.3183,4.62594,0.273333
0.8112,18.1301,18.1301,4.61623,83.6928,85.0695,24.3178,4.61623,0.271667
0.8114,18.0892,18.0892,4.63837,83.9042,85.0695,24.3192,4.63837,0.273333
0.8116,18.0387,18.0387,4.64099,83.7174,85.0695,24.3194,4.64099,0.275
0.8118,18.0938,18.0938,4.62515,83.6867,85.0695,24.3182,4.62515,0.273333
0.812,18.1294,18.1294,4.61735,83.7099,85.0695,24.3178,4.61735,0.271667
0.8122,18.0843,18.0843,4.63753,83.8664,85.0695,24.3191,4.63753,0.273333
0.8124,18.0402,18.0402,4.64471,83.7915,85.0695,24.3196,4.64471,0.275
0.8126,18.0943,18.0943,4.62594,83.7031,85.0695,24.3183,4.62594,0.273333
0.8128,18.1301,18.1301,4.61623,83.6928,85.0695,24.3178,4.61623,0.271667
0.813,18.0892,18.0892,4.63837,83.9042,85.0695,24.3192,4.63837,0.273333
0.8132,18.0387,18.0387,4.64099,83.7174,85.0695,24.3194,4.64099,0.275
0.8134,18.0938,18.0938,4.62515,83.6867,85.0695,24.3182,4.62515,0.273333
0.8136,18.1294,18.1294,4.61735,83.7099,85.0695,24.3178,4.61735,0.271667
0.8138,18.0843,18.0843,4.63753,83.8664,85.0695,24.3191,4.63753,0.273333
0.814,18.0402,18.0402,4.64471,83.7915,85.0695,24.3196,4.64471,0.275
0.8142,18.0943,18.0943,4.62594,83.7031,85.0695,24.3183,4.62594,0.273333
0.8144,18.1301,18.1301,4.61623,83.6928,85.0695,24.3178,4.61623,0.271667
0.8146,18.0892,18.0892,4.63837,83.9042,85.0695,24.3192,4.63837,0.273333
0.8148,18.0387,18.0387,4.64099,83.7174,85.0695,24.3194,4.64099,0.275
0.815,18.0938,18.0938,4.62515,83.6867,85.0695,24.3182,4.62515,0.273333
0.8152,18.1294,18.1294,4.61735,83.7099,85.0695,24.3178,4.61735,0.271667
0.8154,18.0843,18.0843,4.63753,83.8664,85.0695,24.3191,4.63753,0.273333
0.8156,18.0402,18.0402,4.64471,83.7915,85.0695,24.3196,4.64471,0.275
0.8158,18.0943,18.0943,4.62594,83.7031,85.0695,24.3183,4.62594,0.273333
0.816,18.1301,18.1301,4.61623,83.6928,85.0695,24.3178,4.61623,0.271667
0.8162,18.0892,18.0892,4.63837,83.9042,85.0695,24.3192,4.63837,0.273333
0.8164,18.0387,18.0387,4.64099,83.7174,85.0695,24.3194,4.64099,0.275
0.8166,18.0938,18.0938,4.62515,83.6867,85.0695,24.3182,4.62515,0.273333
0.8168,18.1294,18.1294,4.61735,83.7099,85.0695,24.3178,4.61735,0.271667
0.817,18.0843,18.0843,4.63753,83.8664,85.0695,24.3191,4.63753,0.273333
0.8172,18.0402,18.0402,4.64471,83.7915,85.0695,24.3196,4.64471,0.275
0.8174,18.0943,18.0943,4.62594,83.7031,85.0695,24.3183,4.62594,0.273333
0.8176,18.1301,18.1301,4.61623,83.6928,85.0695,24.3178,4.61623,0.271667
0.8178,18.0892,18.0892,4.63837,83.9042,85.0695,24.3192,4.63837,0.273333
0.818,18.0387,18.0387,4.64099,83.7174,85.0695,24.3194,4.64099,0.275
0.8182,18.0938,18.0938,4.62515,83.6867,85.0695,24.3182,4.62515,0.273333
0.8184,18.1294,18.1294,4.61735,83.7099,85.0695,24.3178,4.61735,0.271667
0.8186,18.0843,18.0843,4.63753,83.8664,85.0695,24.3191,4.63753,0.273333
0.8188,18.0402,18.0402,4.64471,83.7915,85.0695,24.3196,4.64471,0.275
0.819,18.0943,18.0943,4.62594,83.7031,85.0695,24.3183,4.62594,0.273333
0.8192,18.1301,18.1301,4.61623,83.6928,85.0695,24.3178,4.61623,0.271667
0.8194,18.0892,18.0892,4.63837,83.9042,85.0695,24.3192,4.63837,0.273333
0.8196,18.0387,18.0387,4.64099,83.7174,85.0695,24.3194,4.64099,0.275
0.8198,18.0938,18.0938,4.62515,83.6867,85.0695,24.3182,4.62515,0.273333
0.82,18.1294,18.1294,4.61735,83.7099,85.0695,24.3178,4.61735,0.271667
0.8202,18.0843,18.0843,4.63753,83.8664,85.0695,24.3191,4.63753,0.273333
0.8204,18.0402,18.0402,4.64471,83.7915,85.0695,24.3196,4.64471,0.275
0.8206,18.0943,18.0943,4.62594,83.7031,85.0695,24.3183,4.62594,0.273333
0.8208,18.1301,18.1301,4.61623,83.6928,85.0695,24.3178,4.61623,0.271667
0.821,18.0892,18.0892,4.63837,83.9042,85.0695,24.3192,4.63837,0.273333
0.8212,18.0387,18.0387,4.64099,83.7174,85.0695,24.3194,4.64099,0.275
0.8214,18.0938,18.0938,4.62515,83.6867,85.0695,24.3182,4.62515,0.273333
0.8216,18.1294,18.1294,4.61735,83.7099,85.0695,24.3178,4.61735,0.271667
0.8218,18.0843,18.0843,4.63753,83.8664,85.0695,24.3191,4.63753,0.273333
0.822,18.0402,18.0402,4.64471,83.7915,85.0695,24.3196,4.64471,0.275
0.8222,18.0943,18.0943,4.62594,83.7031,85.0695,24.3183,4.62594,0.273333
0.8224,18.1301,18.1301,4.61623,83.6928,85.0695,24.3178,4.61623,0.271667
0.8226,18.0892,18.0892,4.63837,83.9042,85.0695,24.3192,4.63837,0.273333
0.8228,18.0387,18.0387,4.64099,83.7174,85.0695,24.3194,4.64099,0.275
0.823,18.0938,18.0938,4.62515,83.6867,85.0695,24.3182,4.62515,0.273333
0.8232,18.1294,18.1294,4.61735,83.7099,85.0695,24.3178,4.61735,0.271667
0.8234,18.0843,18.0843,4.63753,83.8664,85.0695,24.3191,4.63753,0.273333
0.8236,18.0402,18.0402,4.64471,83.7915,85.0695,24.3196,4.64471,0.275
0.8238,18.0943,18.0943,4.62594,83.7031,85.0695,24.3183,4.62594,0.273333
0.824,18.1301,18.1301,4.61623,83.6928,85.0695,24.3178,4.61623,0.271667
0.8242,18.0892,18.0892,4.63837,83.9042,85.0695,24.3192,4.63837,0.273333
0.8244,18.0387,18.0387,4.64099,83.7174,85.0695,24.3194,4.64099,0.275
0.8246,18.0938,18.0938,4.62515,83.6867,85.0695,24.3182,4.62515,0.273333
0.8248,18.1294,18.1294,4.61735,83.7099,85.0695,24.3178,4.61735,0.271667
0.825,18.0843,18.0843,4.63753,83.8664,85.0695,24.3191,4.63753,0.273333
0.8252,18.0402,18.0402,4.64471,83.7915,85.0695,24.3196,4.64471,0.275
0.8254,18.0943,18.0943,4.62594,83.7031,85.0695,24.3183,4.62594,0.273333
0.8256,18.1301,18.1301,4.61623,83.6928,85.0695,24.3178,4.61623,0.271667
0.8258,18.0892,18.0892,4.63837,83.9042,85.0695,24.3192,4.63837,0.273333
0.826,18.0387,18.0387,4.64099,83.7174,85.0695,24.3194,4.64099,0.275
0.8262,18.0938,18.0938,4.62515,83.6867,85.0695,24.3182,4.62515,0.273333
0.8264,18.1294,18.1294,4.61735,83.7099,85.0695,24.3178,4.61735,0.271667
0.8266,18.0843,18.0843,4.63753,83.8664,85.0695,24.3191,4.63753,0.273333
0.8268,18.0402,18.0402,4.64471,83.7915,85.0695,24.3196,4.64471,0.275
0.827,18.0943,18.0943,4.62594,83.7031,85.0695,24.3183,4.62594,0.273333
0.8272,18.1301,18.1301,4.61623,83.6928,85.0695,24.3178,4.61623,0.271667
0.8274,18.0892,18.0892,4.63837,83.9042,85.0695,24.3192,4.63837,0.273333
0.8276,18.0387,18.0387,4.64099,83.7174,85.0695,24.3194,4.64099,0.275
0.8278,18.0938,18.0938,4.62515,83.6867,85.0695,24.3182,4.62515,0.273333
0.828,18.1294,18.1294,4.61735,83.7099,85.0695,24.3178,4.61735,0.271667
0.8282,18.0843,18.0843,4.63753,83.8664,85.0695,24.3191,4.63753,0.273333
0.8284,18.0402,18.0402,4.64471,83.7915,85.0695,24.3196,4.64471,0.275
0.8286,18.0943,18.0943,4.62594,83.7031,85.0695,24.3183,4.62594,0.273333
0.8288,18.1301,18.1301,4.61623,83.6928,85.0695,24.3178,4.61623,0.271667
0.829,18.0892,18.0892,4.63837,83.9042,85.0695,24.3192,4.63837,0.273333
0.8292,18.0387,18.0387,4.64099,83.7174,85.0695,24.3194,4.64099,0.275
0.8294,18.0938,18.0938,4.62515,83.6867,85.0695,24.3182,4.62515,0.273333
0.8296,18.1294,18.1294,4.61735,83.7099,85.0695,24.3178,4.61735,0.271667
0.8298,18.0843,18.0843,4.63753,83.8664,85.0695,24.3191,4.63753,0.273333
0.83,18.0402,18.0402,4.64471,83.7915,85.0695,24.3196,4.64471,0.275
0.8302,18.0943,18.0943,4.62594,83.7031,85.0695,24.3183,4.62594,0.273333
0.8304,18.1301,18.1301,4.61623,83.6928,85.0695,24.3178,4.61623,0.271667
0.8306,18.0892,18.0892,4.63837,83.9042,85.0695,24.3192,4.63837,0.273333
0.8308,18.0387,18.0387,4.64099,83.7174,85.0695,24.3194,4.64099,0.275
0.831,18.0938,18.0938,4.62515,83.6867,85.0695,24.3182,4.62515,0.273333
0.8312,18.1294,18.1294,4.61735,83.7099,85.0695,24.3178,4.61735,0.271667
0.8314,18.0843,18.0843,4.63753,83.8664,85.0695,24.3191,4.63753,0.273333
0.8316,18.0402,18.0402,4.64471,83.7915,85.0695,24.3196,4.64471,0.275
0.8318,18.0943,18.0943,4.62594,83.7031,85.0695,24.3183,4.62594,0.273333
0.832,18.1301,18.1301,4.61623,83.6928,85.0695,24.3178,4.61623,0.271667
0.8322,18.0892,18.0892,4.63837,83.9042,85.0695,24.3192,4.63837,0.273333
0.8324,18.0387,18.0387,4.64099,83.7174,85.0695,24.3194,4.64099,0.275
0.8326,18.0938,18.0938,4.62515,83.6867,85.0695,24.3182,4.62515,0.273333
0.8328,18.1294,18.1294,4.61735,83.7099,85.0695,24.3178,4.61735,0.271667
0.833,18.0843,18.0843,4.63753,83.8664,85.0695,24.3191,4.63753,0.273333
0.8332,18.0402,18.0402,4.64471,83.7915,85.0695,24.3196,4.64471,0.275
0.8334,18.0943,18.0943,4.62594,83.7031,85.0695,24.3183,4.62594,0.273333
0.8336,18.1301,18.1301,4.61623,83.6928,85.0695,24.3178,4.61623,0.271667
0.8338,18.0892,18.0892,4.63837,83.9042,85.0695,24.3192,4.63837,0.273333
0.834,18.0387,18.0387,4.64099,83.7174,85.0695,24.3194,4.64099,0.275
0.8342,18.0938,18.0938,4.62515,83.6867,85.0695,24.3182,4.62515,0.273333
0.8344,18.1294,18.1294,4.61735,83.7099,85.0695,24.3178,4.61735,0.271667
0.8346,18.0843,18.0843,4.63753,83.8664,85.0695,24.3191,4.63753,0.273333
0.8348,18.0402,18.0402,4.64471,83.7915,85.0695,24.3196,4.64471,0.275
0.835,18.0943,18.0943,4.62594,83.7031,85.0695,24.3183,4.62594,0.273333
0.8352,18.1301,18.1301,4.61623,83.6928,85.0695,24.3178,4.61623,0.271667
0.8354,18.0892,18.0892,4.63837,83.9042,85.0695,24.3192,4.63837,0.273333
0.8356,18.0387,18.0387,4.64099,83.7174,85.0695,24.3194,4.64099,0.275
0.8358,18.0938,18.0938,4.62515,83.6867,85.0695,24.3182,4.62515,0.273333
0.836,18.1294,18.1294,4.61735,83.7099,85.0695,24.3178,4.61735,0.271667
0.8362,18.0843,18.0843,4.63753,83.8664,85.0695,24.3191,4.63753,0.273333
0.8364,18.0402,18.0402,4.64471,83.7915,85.0695,24.3196,4.64471,0.275
0.8366,18.0943,18.0943,4.62594,83.7031,85.0695,24.3183,4.62594,0.273333
0.8368,18.1301,18.1301,4.61623,83.6928,85.0695,24.3178,4.61623,0.271667
0.837,18.0892,18.0892,4.63837,83.9042,85.0695,24.3192,4.63837,0.273333
0.8372,18.0387,18.0387,4.64099,83.7174,85.0695,24.3194,4.64099,0.275
0.8374,18.0938,18.0938,4.62515,83.6867,85.0695,24.3182,4.62515,0.273333
0.8376,18.1294,18.1294,4.61735,83.7099,85.0695,24.3178,4.61735,0.271667
0.8378,18.0843,18.0843,4.63753,83.8664,85.0695,24.3191,4.63753,0.273333
0.838,18.0402,18.0402,4.64471,83.7915,85.0695,24.3196,4.64471,0.275
0.8382,18.0943,18.0943,4.62594,83.7031,85.0695,24.3183,4.62594,0.273333
0.8384,18.1301,18.1301,4.61623,83.6928,85.0695,24.3178,4.61623,0.271667
0.8386,18.0892,18.0892,4.63837,83.9042,85.0695,24.3192,4.63837,0.273333
0.8388,18.0387,18.0387,4.64099,83.7174,85.0695,24.3194,4.64099,0.275
0.839,18.0938,18.0938,4.62515,83.6867,85.0695,24.3182,4.62515,0.273333
0.8392,18.1294,18.1294,4.61735,83.7099,85.0695,24.3178,4.61735,0.271667
0.8394,18.0843,18.0843,4.63753,83.8664,85.0695,24.3191,4.63753,0.273333
0.8396,18.0402,18.0402,4.64471,83.7915,85.0695,24.3196,4.64471,0.275
0.8398,18.0943,18.0943,4.62594,83.7031,85.0695,24.3183,4.62594,0.273333
0.84,18.1301,18.1301,4.61623,83.6928,85.0695,24.3178,4.61623,0.271667
0.8402,18.0892,18.0892,4.63837,83.9042,85.0695,24.3192,4.63837,0.273333
0.8404,18.0387,18.0387,4.64099,83.7174,85.0695,24.3194,4.64099,0.275
0.8406,18.0938,18.0938,4.62515,83.6867,85.0695,24.3182,4.62515,0.273333
0.8408,18.1294,18.1294,4.61735,83.7099,85.0695,24.3178,4.61735,0.271667
0.841,18.0843,18.0843,4.63753,83.8664,85.0695,24.3191,4.63753,0.273333
0.8412,18.0402,18.0402,4.64471,83.7915,85.0695,24.3196,4.64471,0.275
0.8414,18.0943,18.0943,4.62594,83.7031,85.0695,24.3183,4.62594,0.273333
0.8416,18.1301,18.1301,4.61623,83.6928,85.0695,24.3178,4.61623,0.271667
0.8418,18.0892,18.0892,4.63837,83.9042,85.0695,24.3192,4.63837,0.273333
0.842,18.0387,18.0387,4.64099,83.7174,85.0695,24.3194,4.64099,0.275
0.8422,18.0938,18.0938,4.62515,83.6867,85.0695,24.3182,4.62515,0.273333
0.8424,18.1294,18.1294,4.61735,83.7099,85.0695,24.3178,4.61735,0.271667
0.8426,18.0843,18.0843,4.63753,83.8664,85.0695,24.3191,4.63753,0.273333
0.8428,18.0402,18.0402,4.64471,83.7915,85.0695,24.3196,4.64471,0.275
0.843,18.0943,18.0943,4.62594,83.7031,85.0695,24.3183,4.62594,0.273333
0.8432,18.1301,18.1301,4.61623,83.6928,85.0695,24.3178,4.61623,0.271667
0.8434,18.0892,18.0892,4.63837,83.9042,85.0695,24.3192,4.63837,0.273333
0.8436,18.0387,18.0387,4.64099,83.7174,85.0695,24.3194,4.64099,0.275
0.8438,18.0938,18.0938,4.62515,83.6867,85.0695,24.3182,4.62515,0.273333
0.844,18.1294,18.1294,4.61735,83.7099,85.0695,24.3178,4.61735,0.271667
0.8442,18.0843,18.0843,4.63753,83.8664,85.0695,24.3191,4.63753,0.273333
0.8444,18.0402,18.0402,4.64471,83.7915,85.0695,24.3196,4.64471,0.275
0.8446,18.0943,18.0943,4.62594,83.7031,85.0695,24.3183,4.62594,0.273333
0.8448,18.1301,18.1301,4.61623,83.6928,85.0695,24.3178,4.61623,0.271667
0.845,18.0892,18.0892,4.63837,83.9042,85.0695,24.3192,4.63837,0.273333
0.8452,18.0387,18.0387,4.64099,83.7174,85.0695,24.3194,4.64099,0.275
0.8454,18.0938,18.0938,4.62515,83.6867,85.0695,24.3182,4.62515,0.273333
0.8456,18.1294,18.1294,4.61735,83.7099,85.0695,24.3178,4.61735,0.271667
0.8458,18.0843,18.0843,4.63753,83.8664,85.0695,24.3191,4.63753,0.273333
0.846,18.0402,18.0402,4.64471,83.7915,85.0695,24.3196,4.64471,0.275
0.8462,18.0943,18.0943,4.62594,83.7031,85.0695,24.3183,4.62594,0.273333
0.8464,18.1301,18.1301,4.61623,83.6928,85.0695,24.3178,4.61623,0.271667
0.8466,18.0892,18.0892,4.63837,83.9042,85.0695,24.3192,4.63837,0.273333
0.8468,18.0387,18.0387,4.64099,83.7174,85.0695,24.3194,4.64099,0.275
0.847,18.0938,18.0938,4.62515,83.6867,85.0695,24.3182,4.62515,0.273333
0.8472,18.1294,18.1294,4.61735,83.7099,85.0695,24.3178,4.61735,0.271667
0.8474,18.0843,18.0843,4.63753,83.8664,85.0695,24.3191,4.63753,0.273333
0.8476,18.0402,18.0402,4.64471,83.7915,85.0695,24.3196,4.64471,0.275
0.8478,18.0943,18.0943,4.62594,83.7031,85.0695,24.3183,4.62594,0.273333
0.848,18.1301,18.1301,4.61623,83.6928,85.0695,24.3178,4.61623,0.271667
0.8482,18.0892,18.0892,4.63837,83.9042,85.0695,24.3192,4.63837,0.273333
0.8484,18.0387,18.0387,4.64099,83.7174,85.0695,24.3194,4.64099,0.275
0.8486,18.0938,18.0938,4.62515,83.6867,85.0695,24.3182,4.62515,0.273333
0.8488,18.1294,18.1294,4.61735,83.7099,85.0695,24.3178,4.61735,0.271667
0.849,18.0843,18.0843,4.63753,83.8664,85.0695,24.3191,4.63753,0.273333
0.8492,18.0402,18.0402,4.64471,83.7915,85.0695,24.3196,4.64471,0.275
0.8494,18.0943,18.0943,4.62594,83.7031,85.0695,24.3183,4.62594,0.273333
0.8496,18.1301,18.1301,4.61623,83.6928,85.0695,24.3178,4.61623,0.271667
0.8498,18.0892,18.0892,4.63837,83.9042,85.0695,24.3192,4.63837,0.273333
0.85,18.0387,18.0387,4.64099,83.7174,85.0695,24.3194,4.64099,0.275
0.8502,18.0938,18.0938,4.62515,83.6867,85.0695,24.3182,4.62515,0.273333
0.8504,18.1294,18.1294,4.61735,83.7099,85.0695,24.3178,4.61735,0.271667
0.8506,18.0843,18.0843,4.63753,83.8664,85.0695,24.3191,4.63753,0.273333
0.8508,18.0402,18.0402,4.64471,83.7915,85.0695,24.3196,4.64471,0.275
0.851,18.0943,18.0943,4.62594,83.7031,85.0695,24.3183,4.62594,0.273333
0.8512,18.1301,18.1301,4.61623,83.6928,85.0695,24.3178,4.61623,0.271667
0.8514,18.0892,18.0892,4.63837,83.9042,85.0695,24.3192,4.63837,0.273333
0.8516,18.0387,18.0387,4.64099,83.7174,85.0695,24.3194,4.64099,0.275
0.8518,18.0938,18.0938,4.62515,83.6867,85.0695,24.3182,4.62515,0.273333
0.852,18.1294,18.1294,4.61735,83.7099,85.0695,24.3178,4.61735,0.271667
0.8522,18.0843,18.0843,4.63753,83.8664,85.0695,24.3191,4.63753,0.273333
0.8524,18.0402,18.0402,4.64471,83.7915,85.0695,24.3196,4.64471,0.275
0.8526,18.0943,18.0943,4.62594,83.7031,85.0695,24.3183,4.62594,0.273333
0.8528,18.1301,18.1301,4.61623,83.6928,85.0695,24.3178,4.61623,0.271667
0.853,18.0892,18.0892,4.63837,83.9042,85.0695,24.3192,4.63837,0.273333
0.8532,18.0387,18.0387,4.64099,83.7174,85.0695,24.3194,4.64099,0.275
0.8534,18.0938,18.0938,4.62515,83.6867,85.0695,24.3182,4.62515,0.273333
0.8536,18.1294,18.1294,4.61735,83.7099,85.0695,24.3178,4.61735,0.271667
0.8538,18.0843,18.0843,4.63753,83.8664,85.0695,24.3191,4.63753,0.273333
0.854,18.0402,18.0402,4.64471,83.7915,85.0695,24.3196,4.64471,0.275
0.8542,18.0943,18.0943,4.62594,83.7031,85.0695,24.3183,4.62594,0.273333
0.8544,18.1301,18.1301,4.61623,83.6928,85.0695,24.3178,4.61623,0.271667
0.8546,18.0892,18.0892,4.63837,83.9042,85.0695,24.3192,4.63837,0.273333
0.8548,18.0387,18.0387,4.64099,83.7174,85.0695,24.3194,4.64099,0.275
0.855,18.0938,18.0938,4.62515,83.6867,85.0695,24.3182,4.62515,0.273333
0.8552,18.1294,18.1294,4.61735,83.7099,85.0695,24.3178,4.61735,0.271667
0.8554,18.0843,18.0843,4.63753,83.8664,85.0695,24.3191,4.63753,0.273333
0.8556,18.0402,18.0402,4.64471,83.7915,85.0695,24.3196,4.64471,0.275
0.8558,18.0943,18.0943,4.62594,83.7031,85.0695,24.3183,4.62594,0.273333
0.856,18.1301,18.1301,4.61623,83.6928,85.0695,24.3178,4.61623,0.271667
0.8562,18.0892,18.0892,4.63837,83.9042,85.0695,24.3192,4.63837,0.273333
0.8564,18.0387,18.0387,4.64099,83.7174,85.0695,24.3194,4.64099,0.275
0.8566,18.0938,18.0938,4.62515,83.6867,85.0695,24.3182,4.62515,0.273333
0.8568,18.1294,18.1294,4.61735,83.7099,85.0695,24.3178,4.61735,0.271667
0.857,18.0843,18.0843,4.63753,83.8664,85.0695,24.3191,4.63753,0.273333
0.8572,18.0402,18.0402,4.64471,83.7915,85.0695,24.3196,4.64471,0.275
0.8574,18.0943,18.0943,4.62594,83.7031,85.0695,24.3183,4.62594,0.273333
0.8576,18.1301,18.1301,4.61623,83.6928,85.0695,24.3178,4.61623,0.271667
0.8578,18.0892,18.0892,4.63837,83.9042,85.0695,24.3192,4.63837,0.273333
0.858,18.0387,18.0387,4.64099,83.7174,85.0695,24.3194,4.64099,0.275
0.8582,18.0938,18.0938,4.62515,83.6867,85.0695,24.3182,4.62515,0.273333
0.8584,18.1294,18.1294,4.61735,83.7099,85.0695,24.3178,4.61735,0.271667
0.8586,18.0843,18.0843,4.63753,83.8664,85.0695,24.3191,4.63753,0.273333
0.8588,18.0402,18.0402,4.64471,83.7915,85.0695,24.3196,4.64471,0.275
0.859,18.0943,18.0943,4.62594,83.7031,85.0695,24.3183,4.62594,0.273333
0.8592,18.1301,18.1301,4.61623,83.6928,85.0695,24.3178,4.61623,0.271667
0.8594,18.0892,18.0892,4.63837,83.9042,85.0695,24.3192,4.63837,0.273333
0.8596,18.0387,18.0387,4.64099,83.7174,85.0695,24.3194,4.64099,0.275
0.8598,18.0938,18.0938,4.62515,83.6867,85.0695,24.3182,4.62515,0.273333
0.86,18.1294,18.1294,4.61735,83.7099,85.0695,24.3178,4.61735,0.271667
0.8602,18.0843,18.0843,4.63753,83.8664,85.0695,24.3191,4.63753,0.273333
0.8604,18.0402,18.0402,4.64471,83.7915,85.0695,24.3196,4.64471,0.275
0.8606,18.0943,18.0943,4.62594,83.7031,85.0695,24.3183,4.62594,0.273333
0.8608,18.1301,18.1301,4.61623,83.6928,85.0695,24.3178,4.61623,0.271667
0.861,18.0892,18.0892,4.63837,83.9042,85.0695,24.3192,4.63837,0.273333
0.8612,18.0387,18.0387,4.64099,83.7174,85.0695,24.3194,4.64099,0.275
0.8614,18.0938,18.0938,4.62515,83.6867,85.0695,24.3182,4.62515,0.273333
0.8616,18.1294,18.1294,4.61735,83.7099,85.0695,24.3178,4.61735,0.271667
0.8618,18.0843,18.0843,4.63753,83.8664,85.0695,24.3191,4.63753,0.273333
0.862,18.0402,18.0402,4.64471,83.7915,85.0695,24.3196,4.64471,0.275
0.8622,18.0943,18.0943,4.62594,83.7031,85.0695,24.3183,4.62594,0.273333
0.8624,18.1301,18.1301,4.61623,83.6928,85.0695,24.3178,4.61623,0.271667
0.8626,18.0892,18.0892,4.63837,83.9042,85.0695,24.3192,4.63837,0.273333
0.8628,18.0387,18.0387,4.64099,83.7174,85.0695,24.3194,4.64099,0.275
0.863,18.0938,18.0938,4.62515,83.6867,85.0695,24.3182,4.62515,0.273333
0.8632,18.1294,18.1294,4.61735,83.7099,85.0695,24.3178,4.61735,0.271667
0.8634,18.0843,18.0843,4.63753,83.8664,85.0695,24.3191,4.63753,0.273333
0.8636,18.0402,18.0402,4.64471,83.7915,85.0695,24.3196,4.64471,0.275
0.8638,18.0943,18.0943,4.62594,83.7031,85.0695,24.3183,4.62594,0.273333
0.864,18.1301,18.1301,4.61623,83.6928,85.0695,24.3178,4.61623,0.271667
0.8642,18.0892,18.0892,4.63837,83.9042,85.0695,24.3192,4.63837,0.273333
0.8644,18.0387,18.0387,4.64099,83.7174,85.0695,24.3194,4.64099,0.275
0.8646,18.0938,18.0938,4.62515,83.6867,85.0695,24.3182,4.62515,0.273333
0.8648,18.1294,18.1294,4.61735,83.7099,85.0695,24.3178,4.61735,0.271667
0.865,18.0843,18.0843,4.63753,83.8664,85.0695,24.3191,4.63753,0.273333
0.8652,18.0402,18.0402,4.64471,83.7915,85.0695,24.3196,4.64471,0.275
0.8654,18.0943,18.0943,4.62594,83.7031,85.0695,24.3183,4.62594,0.273333
0.8656,18.1301,18.1301,4.61623,83.6928,85.0695,24.3178,4.61623,0.271667
0.8658,18.0892,18.0892,4.63837,83.9042,85.0695,24.3192,4.63837,0.273333
0.866,18.0387,18.0387,4.64099,83.7174,85.0695,24.3194,4.64099,0.275
0.8662,18.0938,18.0938,4.62515,83.6867,85.0695,24.3182,4.62515,0.273333
0.8664,18.1294,18.1294,4.61735,83.7099,85.0695,24.3178,4.61735,0.271667
0.8666,18.0843,18.0843,4.63753,83.8664,85.0695,24.3191,4.63753,0.273333
0.8668,18.0402,18.0402,4.64471,83.7915,85.0695,24.3196,4.64471,0.275
0.867,18.0943,18.0943,4.62594,83.7031,85.0695,24.3183,4.62594,0.273333
0.8672,18.1301,18.1301,4.61623,83.6928,85.0695,24.3178,4.61623,0.271667
0.8674,18.0892,18.0892,4.63837,83.9042,85.0695,24.3192,4.63837,0.273333
0.8676,18.0387,18.0387,4.64099,83.7174,85.0695,24.3194,4.64099,0.275
0.8678,18.0938,18.0938,4.62515,83.6867,85.0695,24.3182,4.62515,0.273333
0.868,18.1294,18.1294,4.61735,83.7099,85.0695,24.3178,4.61735,0.271667
0.8682,18.0843,18.0843,4.63753,83.8664,85.0695,24.3191,4.63753,0.273333
0.8684,18.0402,18.0402,4.64471,83.7915,85.0695,24.3196,4.64471,0.275
0.8686,18.0943,18.0943,4.62594,83.7031,85.0695,24.3183,4.62594,0.273333
0.8688,18.1301,18.1301,4.61623,83.6928,85.0695,24.3178,4.61623,0.271667
0.869,18.0892,18.0892,4.63837,83.9042,85.0695,24.3192,4.63837,0.273333
0.8692,18.0387,18.0387,4.64099,83.7174,85.0695,24.3194,4.64099,0.275
0.8694,18.0938,18.0938,4.62515,83.6867,85.0695,24.3182,4.62515,0.273333
0.8696,18.1294,18.1294,4.61735,83.7099,85.0695,24.3178,4.61735,0.271667
0.8698,18.0843,18.0843,4.63753,83.8664,85.0695,24.3191,4.63753,0.273333
0.87,18.0402,18.0402,4.64471,83.7915,85.0695,24.3196,4.64471,0.275
0.8702,18.0943,18.0943,4.62594,83.7031,85.0695,24.3183,4.62594,0.273333
0.8704,18.1301,18.1301,4.61623,83.6928,85.0695,24.3178,4.61623,0.271667
0.8706,18.0892,18.0892,4.63837,83.9042,85.0695,24.3192,4.63837,0.273333
0.8708,18.0387,18.0387,4.64099,83.7174,85.0695,24.3194,4.64099,0.275
0.871,18.0938,18.0938,4.62515,83.6867,85.0695,24.3182,4.62515,0.273333
0.8712,18.1294,18.1294,4.61735,83.7099,85.0695,24.3178,4.61735,0.271667
0.8714,18.0843,18.0843,4.63753,83.8664,85.0695,24.3191,4.63753,0.273333
0.8716,18.0402,18.0402,4.64471,83.7915,85.0695,24.3196,4.64471,0.275
0.8718,18.0943,18.0943,4.62594,83.7031,85.0695,24.3183,4.62594,0.273333
0.872,18.1301,18.1301,4.61623,83.6928,85.0695,24.3178,4.61623,0.271667
0.8722,18.0892,18.0892,4.63837,83.9042,85.0695,24.3192,4.63837,0.273333
0.8724,18.0387,18.0387,4.64099,83.7174,85.0695,24.3194,4.64099,0.275
0.8726,18.0938,18.0938,4.62515,83.6867,85.0695,24.3182,4.62515,0.273333
0.8728,18.1294,18.1294,4.61735,83.7099,85.0695,24.3178,4.61735,0.271667
0.873,18.0843,18.0843,4.63753,83.8664,85.0695,24.3191,4.63753,0.273333
0.8732,18.0402,18.0402,4.64471,83.7915,85.0695,24.3196,4.64471,0.275
0.8734,18.0943,18.0943,4.62594,83.7031,85.0695,24.3183,4.62594,0.273333
0.8736,18.1301,18.1301,4.61623,83.6928,85.0695,24.3178,4.61623,0.271667
0.8738,18.0892,18.0892,4.63837,83.9042,85.0695,24.3192,4.63837,0.273333
0.874,18.0387,18.0387,4.64099,83.7174,85.0695,24.3194,4.64099,0.275
0.8742,18.0938,18.0938,4.62515,83.6867,85.0695,24.3182,4.62515,0.273333
0.8744,18.1294,18.1294,4.61735,83.7099,85.0695,24.3178,4.61735,0.271667
0.8746,18.0843,18.0843,4.63753,83.8664,85.0695,24.3191,4.63753,0.273333
0.8748,18.0402,18.0402,4.64471,83.7915,85.0695,24.3196,4.64471,0.275
0.875,18.0943,18.0943,4.62594,83.7031,85.0695,24.3183,4.62594,0.273333
0.8752,18.1301,18.1301,4.61623,83.6928,85.0695,24.3178,4.61623,0.271667
0.8754,18.0892,18.0892,4.63837,83.9042,85.0695,24.3192,4.63837,0.273333
0.8756,18.0387,18.0387,4.64099,83.7174,85.0695,24.3194,4.64099,0.275
0.8758,18.0938,18.0938,4.62515,83.6867,85.0695,24.3182,4.62515,0.273333
0.876,18.1294,18.1294,4.61735,83.7099,85.0695,24.3178,4.61735,0.271667
0.8762,18.0843,18.0843,4.63753,83.8664,85.0695,24.3191,4.63753,0.273333
0.8764,18.0402,18.0402,4.64471,83.7915,85.0695,24.3196,4.64471,0.275
0.8766,18.0943,18.0943,4.62594,83.7031,85.0695,24.3183,4.62594,0.273333
0.8768,18.1301,18.1301,4.61623,83.6928,85.0695,24.3178,4.61623,0.271667
0.877,18.0892,18.0892,4.63837,83.9042,85.0695,24.3192,4.63837,0.273333
0.8772,18.0387,18.0387,4.64099,83.7174,85.0695,24.3194,4.64099,0.275
0.8774,18.0938,18.0938,4.62515,83.6867,85.0695,24.3182,4.62515,0.273333
0.8776,18.1294,18.1294,4.61735,83.7099,85.0695,24.3178,4.61735,0.271667
0.8778,18.0843,18.0843,4.63753,83.8664,85.0695,24.3191,4.63753,0.273333
0.878,18.0402,18.0402,4.64471,83.7915,85.0695,24.3196,4.64471,0.275
0.8782,18.0943,18.0943,4.62594,83.7031,85.0695,24.3183,4.62594,0.273333
0.8784,18.1301,18.1301,4.61623,83.6928,85.0695,24.3178,4.61623,0.271667
0.8786,18.0892,18.0892,4.63837,83.9042,85.0695,24.3192,4.63837,0.273333
0.8788,18.0387,18.0387,4.64099,83.7174,85.0695,24.3194,4.64099,0.275
0.879,18.0938,18.0938,4.62515,83.6867,85.0695,24.3182,4.62515,0.273333
0.8792,18.1294,18.1294,4.61735,83.7099,85.0695,24.3178,4.61735,0.271667
0.8794,18.0843,18.0843,4.63753,83.8664,85.0695,24.3191,4.63753,0.273333
0.8796,18.0402,18.0402,4.64471,83.7915,85.0695,24.3196,4.64471,0.275
0.8798,18.0943,18.0943,4.62594,83.7031,85.0695,24.3183,4.62594,0.273333
0.88,18.1301,18.1301,4.61623,83.6928,85.0695,24.3178,4.61623,0.271667
0.8802,18.0892,18.0892,4.63837,83.9042,85.0695,24.3192,4.63837,0.273333
0.8804,18.0387,18.0387,4.64099,83.7174,85.0695,24.3194,4.64099,0.275
0.8806,18.0938,18.0938,4.62515,83.6867,85.0695,24.3182,4.62515,0.273333
0.8808,18.1294,18.1294,4.61735,83.7099,85.0695,24.3178,4.61735,0.271667
0.881,18.0843,18.0843,4.63753,83.8664,85.0695,24.3191,4.63753,0.273333
0.8812,18.0402,18.0402,4.64471,83.7915,85.0695,24.3196,4.64471,0.275
0.8814,18.0943,18.0943,4.62594,83.7031,85.0695,24.3183,4.62594,0.273333
0.8816,18.1301,18.1301,4.61623,83.6928,85.0695,24.3178,4.61623,0.271667
0.8818,18.0892,18.0892,4.63837,83.9042,85.0695,24.3192,4.63837,0.273333
0.882,18.0387,18.0387,4.64099,83.7174,85.0695,24.3194,4.64099,0.275
0.8822,18.0938,18.0938,4.62515,83.6867,85.0695,24.3182,4.62515,0.273333
0.8824,18.1294,18.1294,4.61735,83.7099,85.0695,24.3178,4.61735,0.271667
0.8826,18.0843,18.0843,4.63753,83.8664,85.0695,24.3191,4.63753,0.273333
0.8828,18.0402,18.0402,4.64471,83.7915,85.0695,24.3196,4.64471,0.275
0.883,18.0943,18.0943,4.62594,83.7031,85.0695,24.3183,4.62594,0.273333
0.8832,18.1301,18.1301,4.61623,83.6928,85.0695,24.3178,4.61623,0.271667
0.8834,18.0892,18.0892,4.63837,83.9042,85.0695,24.3192,4.63837,0.273333
0.8836,18.0387,18.0387,4.64099,83.7174,85.0695,24.3194,4.64099,0.275
0.8838,18.0938,18.0938,4.62515,83.6867,85.0695,24.3182,4.62515,0.273333
0.884,18.1294,18.1294,4.61735,83.7099,85.0695,24.3178,4.61735,0.271667
0.8842,18.0843,18.0843,4.63753,83.8664,85.0695,24.3191,4.63753,0.273333
0.8844,18.0402,18.0402,4.64471,83.7915,85.0695,24.3196,4.64471,0.275
0.8846,18.0943,18.0943,4.62594,83.7031,85.0695,24.3183,4.62594,0.273333
0.8848,18.1301,18.1301,4.61623,83.6928,85.0695,24.3178,4.61623,0.271667
0.885,18.0892,18.0892,4.63837,83.9042,85.0695,24.3192,4.63837,0.273333
0.8852,18.0387,18.0387,4.64099,83.7174,85.0695,24.3194,4.64099,0.275
0.8854,18.0938,18.0938,4.62515,83.6867,85.0695,24.3182,4.62515,0.273333
0.8856,18.1294,18.1294,4.61735,83.7099,85.0695,24.3178,4.61735,0.271667
0.8858,18.0843,18.0843,4.63753,83.8664,85.0695,24.3191,4.63753,0.273333
0.886,18.0402,18.0402,4.64471,83.7915,85.0695,24.3196,4.64471,0.275
0.8862,18.0943,18.0943,4.62594,83.7031,85.0695,24.3183,4.62594,0.273333
0.8864,18.1301,18.1301,4.61623,83.6928,85.0695,24.3178,4.61623,0.271667
0.8866,18.0892,18.0892,4.63837,83.9042,85.0695,24.3192,4.63837,0.273333
0.8868,18.0387,18.0387,4.64099,83.7174,85.0695,24.3194,4.64099,0.275
0.887,18.0938,18.0938,4.62515,83.6867,85.0695,24.3182,4.62515,0.273333
0.8872,18.1294,18.1294,4.61735,83.7099,85.0695,24.3178,4.61735,0.271667
0.8874,18.0843,18.0843,4.63753,83.8664,85.0695,24.3191,4.63753,0.273333
0.8876,18.0402,18.0402,4.64471,83.7915,85.0695,24.3196,4.64471,0.275
0.8878,18.0943,18.0943,4.62594,83.7031,85.0695,24.3183,4.62594,0.273333
0.888,18.1301,18.1301,4.61623,83.6928,85.0695,24.3178,4.61623,0.271667
0.8882,18.0892,18.0892,4.63837,83.9042,85.0695,24.3192,4.63837,0.273333
0.8884,18.0387,18.0387,4.64099,83.7174,85.0695,24.3194,4.64099,0.275
0.8886,18.0938,18.0938,4.62515,83.6867,85.0695,24.3182,4.62515,0.273333
0.8888,18.1294,18.1294,4.61735,83.7099,85.0695,24.3178,4.61735,0.271667
0.889,18.0843,18.0843,4.63753,83.8664,85.0695,24.3191,4.63753,0.273333
0.8892,18.0402,18.0402,4.64471,83.7915,85.0695,24.3196,4.64471,0.275
0.8894,18.0943,18.0943,4.62594,83.7031,85.0695,24.3183,4.62594,0.273333
0.8896,18.1301,18.1301,4.61623,83.6928,85.0695,24.3178,4.61623,0.271667
0.8898,18.0892,18.0892,4.63837,83.9042,85.0695,24.3192,4.63837,0.273333
0.89,18.0387,18.0387,4.64099,83.7174,85.0695,24.3194,4.64099,0.275
0.8902,18.0938,18.0938,4.62515,83.6867,85.0695,24.3182,4.62515,0.273333
0.8904,18.1294,18.1294,4.61735,83.7099,85.0695,24.3178,4.61735,0.271667
0.8906,18.0843,18.0843,4.63753,83.8664,85.0695,24.3191,4.63753,0.273333
0.8908,18.0402,18.0402,4.64471,83.7915,85.0695,24.3196,4.64471,0.275
0.891,18.0943,18.0943,4.62594,83.7031,85.0695,24.3183,4.62594,0.273333
0.8912,18.1301,18.1301,4.61623,83.6928,85.0695,24.3178,4.61623,0.271667
0.8914,18.0892,18.0892,4.63837,83.9042,85.0695,24.3192,4.63837,0.273333
0.8916,18.0387,18.0387,4.64099,83.7174,85.0695,24.3194,4.64099,0.275
0.8918,18.0938,18.0938,4.62515,83.6867,85.0695,24.3182,4.62515,0.273333
0.892,18.1294,18.1294,4.61735,83.7099,85.0695,24.3178,4.61735,0.271667
0.8922,18.0843,18.0843,4.63753,83.8664,85.0695,24.3191,4.63753,0.273333
0.8924,18.0402,18.0402,4.64471,83.7915,85.0695,24.3196,4.64471,0.275
0.8926,18.0943,18.0943,4.62594,83.7031,85.0695,24.3183,4.62594,0.273333
0.8928,18.1301,18.1301,4.61623,83.6928,85.0695,24.3178,4.61623,0.271667
0.893,18.0892,18.0892,4.63837,83.9042,85.0695,24.3192,4.63837,0.273333
0.8932,18.0387,18.0387,4.64099,83.7174,85.0695,24.3194,4.64099,0.275
0.8934,18.0938,18.0938,4.62515,83.6867,85.0695,24.3182,4.62515,0.273333
0.8936,18.1294,18.1294,4.61735,83.7099,85.0695,24.3178,4.61735,0.271667
0.8938,18.0843,18.0843,4.63753,83.8664,85.0695,24.3191,4.63753,0.273333
0.894,18.0402,18.0402,4.64471,83.7915,85.0695,24.3196,4.64471,0.275
0.8942,18.0943,18.0943,4.62594,83.7031,85.0695,24.3183,4.62594,0.273333
0.8944,18.1301,18.1301,4.61623,83.6928,85.0695,24.3178,4.61623,0.271667
0.8946,18.0892,18.0892,4.63837,83.9042,85.0695,24.3192,4.63837,0.273333
0.8948,18.0387,18.0387,4.64099,83.7174,85.0695,24.3194,4.64099,0.275
0.895,18.0938,18.0938,4.62515,83.6867,85.0695,24.3182,4.62515,0.273333
0.8952,18.1294,18.1294,4.61735,83.7099,85.0695,24.3178,4.61735,0.271667
0.8954,18.0843,18.0843,4.63753,83.8664,85.0695,24.3191,4.63753,0.273333
0.8956,18.0402,18.0402,4.64471,83.7915,85.0695,24.3196,4.64471,0.275
0.8958,18.0943,18.0943,4.62594,83.7031,85.0695,24.3183,4.62594,0.273333
0.896,18.1301,18.1301,4.61623,83.6928,85.0695,24.3178,4.61623,0.271667
0.8962,18.0892,18.0892,4.63837,83.9042,85.0695,24.3192,4.63837,0.273333
0.8964,18.0387,18.0387,4.64099,83.7174,85.0695,24.3194,4.64099,0.275
0.8966,18.0938,18.0938,4.62515,83.6867,85.0695,24.3182,4.62515,0.273333
0.8968,18.1294,18.1294,4.61735,83.7099,85.0695,24.3178,4.61735,0.271667
0.897,18.0843,18.0843,4.63753,83.8664,85.0695,24.3191,4.63753,0.273333
0.8972,18.0402,18.0402,4.64471,83.7915,85.0695,24.3196,4.64471,0.275
0.8974,18.0943,18.0943,4.62594,83.7031,85.0695,24.3183,4.62594,0.273333
0.8976,18.1301,18.1301,4.61623,83.6928,85.0695,24.3178,4.61623,0.271667
0.8978,18.0892,18.0892,4.63837,83.9042,85.0695,24.3192,4.63837,0.273333
0.898,18.0387,18.0387,4.64099,83.7174,85.0695,24.3194,4.64099,0.275
0.8982,18.0938,18.0938,4.62515,83.6867,85.0695,24.3182,4.62515,0.273333
0.8984,18.1294,18.1294,4.61735,83.7099,85.0695,24.3178,4.61735,0.271667
0.8986,18.0843,18.0843,4.63753,83.8664,85.0695,24.3191,4.63753,0.273333
0.8988,18.0402,18.0402,4.64471,83.7915,85.0695,24.3196,4.64471,0.275
0.899,18.0943,18.0943,4.62594,83.7031,85.0695,24.3183,4.62594,0.273333
0.8992,18.1301,18.1301,4.61623,83.6928,85.0695,24.3178,4.61623,0.271667
0.8994,18.0892,18.0892,4.63837,83.9042,85.0695,24.3192,4.63837,0.273333
0.8996,18.0387,18.0387,4.64099,83.7174,85.0695,24.3194,4.64099,0.275
0.8998,18.0938,18.0938,4.62515,83.6867,85.0695,24.3182,4.62515,0.273333
0.9,18.1294,18.1294,4.61735,83.7099,85.0695,24.3178,4.61735,0.271667
0.9002,18.0843,18.0843,4.63753,83.8664,85.0695,24.3191,4.63753,0.273333
0.9004,18.0402,18.0402,4.64471,83.7915,85.0695,24.3196,4.64471,0.275
0.9006,18.0943,18.0943,4.62594,83.7031,85.0695,24.3183,4.62594,0.273333
0.9008,18.1301,18.1301,4.61623,83.6928,85.0695,24.3178,4.61623,0.271667
0.901,18.0892,18.0892,4.63837,83.9042,85.0695,24.3192,4.63837,0.273333
0.9012,18.0387,18.0387,4.64099,83.7174,85.0695,24.3194,4.64099,0.275
0.9014,18.0938,18.0938,4.62515,83.6867,85.0695,24.3182,4.62515,0.273333
0.9016,18.1294,18.1294,4.61735,83.7099,85.0695,24.3178,4.61735,0.271667
0.9018,18.0843,18.0843,4.63753,83.8664,85.0695,24.3191,4.63753,0.273333
0.902,18.0402,18.0402,4.64471,83.7915,85.0695,24.3196,4.64471,0.275
0.9022,18.0943,18.0943,4.62594,83.7031,85.0695,24.3183,4.62594,0.273333
0.9024,18.1301,18.1301,4.61623,83.6928,85.0695,24.3178,4.61623,0.271667
0.9026,18.0892,18.0892,4.63837,83.9042,85.0695,24.3192,4.63837,0.273333
0.9028,18.0387,18.0387,4.64099,83.7174,85.0695,24.3194,4.64099,0.275
0.903,18.0938,18.0938,4.62515,83.6867,85.0695,24.3182,4.62515,0.273333
0.9032,18.1294,18.1294,4.61735,83.7099,85.0695,24.3178,4.61735,0.271667
0.9034,18.0843,18.0843,4.63753,83.8664,85.0695,24.3191,4.63753,0.273333
0.9036,18.0402,18.0402,4.64471,83.7915,85.0695,24.3196,4.64471,0.275
0.9038,18.0943,18.0943,4.62594,83.7031,85.0695,24.3183,4.62594,0.273333
0.904,18.1301,18.1301,4.61623,83.6928,85.0695,24.3178,4.61623,0.271667
0.9042,18.0892,18.0892,4.63837,83.9042,85.0695,24.3192,4.63837,0.273333
0.9044,18.0387,18.0387,4.64099,83.7174,85.0695,24.3194,4.64099,0.275
0.9046,18.0938,18.0938,4.62515,83.6867,85.0695,24.3182,4.62515,0.273333
0.9048,18.1294,18.1294,4.61735,83.7099,85.0695,24.3178,4.61735,0.271667
0.905,18.0843,18.0843,4.63753,83.8664,85.0695,24.3191,4.63753,0.273333
0.9052,18.0402,18.0402,4.64471,83.7915,85.0695,24.3196,4.64471,0.275
0.9054,18.0943,18.0943,4.62594,83.7031,85.0695,24.3183,4.62594,0.273333
0.9056,18.1301,18.1301,4.61623,83.6928,85.0695,24.3178,4.61623,0.271667
0.9058,18.0892,18.0892,4.63837,83.9042,85.0695,24.3192,4.63837,0.273333
0.906,18.0387,18.0387,4.64099,83.7174,85.0695,24.3194,4.64099,0.275
0.9062,18.0938,18.0938,4.62515,83.6867,85.0695,24.3182,4.62515,0.273333
0.9064,18.1294,18.1294,4.61735,83.7099,85.0695,24.3178,4.61735,0.271667
0.9066,18.0843,18.0843,4.63753,83.8664,85.0695,24.3191,4.63753,0.273333
0.9068,18.0402,18.0402,4.64471,83.7915,85.0695,24.3196,4.64471,0.275
0.907,18.0943,18.0943,4.62594,83.7031,85.0695,24.3183,4.62594,0.273333
0.9072,18.1301,18.1301,4.61623,83.6928,85.0695,24.3178,4.61623,0.271667
0.9074,18.0892,18.0892,4.63837,83.9042,85.0695,24.3192,4.63837,0.273333
0.9076,18.0387,18.0387,4.64099,83.7174,85.0695,24.3194,4.64099,0.275
0.9078,18.0938,18.0938,4.62515,83.6867,85.0695,24.3182,4.62515,0.273333
0.908,18.1294,18.1294,4.61735,83.7099,85.0695,24.3178,4.61735,0.271667
0.9082,18.0843,18.0843,4.63753,83.8664,85.0695,24.3191,4.63753,0.273333
0.9084,18.0402,18.0402,4.64471,83.7915,85.0695,24.3196,4.64471,0.275
0.9086,18.0943,18.0943,4.62594,83.7031,85.0695,24.3183,4.62594,0.273333
0.9088,18.1301,18.1301,4.61623,83.6928,85.0695,24.3178,4.61623,0.271667
0.909,18.0892,18.0892,4.63837,83.9042,85.0695,24.3192,4.63837,0.273333
0.9092,18.0387,18.0387,4.64099,83.7174,85.0695,24.3194,4.64099,0.275
0.9094,18.0938,18.0938,4.62515,83.6867,85.0695,24.3182,4.62515,0.273333
0.9096,18.1294,18.1294,4.61735,83.7099,85.0695,24.3178,4.61735,0.271667
0.9098,18.0843,18.0843,4.63753,83.8664,85.0695,24.3191,4.63753,0.273333
0.91,18.0402,18.0402,4.64471,83.7915,85.0695,24.3196,4.64471,0.275
0.9102,18.0943,18.0943,4.62594,83.7031,85.0695,24.3183,4.62594,0.273333
0.9104,18.1301,18.1301,4.61623,83.6928,85.0695,24.3178,4.61623,0.271667
0.9106,18.0892,18.0892,4.63837,83.9042,85.0695,24.3192,4.63837,0.273333
0.9108,18.0387,18.0387,4.64099,83.7174,85.0695,24.3194,4.64099,0.275
0.911,18.0938,18.0938,4.62515,83.6867,85.0695,24.3182,4.62515,0.273333
0.9112,18.1294,18.1294,4.61735,83.7099,85.0695,24.3178,4.61735,0.271667
0.9114,18.0843,18.0843,4.63753,83.8664,85.0695,24.3191,4.63753,0.273333
0.9116,18.0402,18.0402,4.64471,83.7915,85.0695,24.3196,4.64471,0.275
0.9118,18.0943,18.0943,4.62594,83.7031,85.0695,24.3183,4.62594,0.273333
0.912,18.1301,18.1301,4.61623,83.6928,85.0695,24.3178,4.61623,0.271667
0.9122,18.0892,18.0892,4.63837,83.9042,85.0695,24.3192,4.63837,0.273333
0.9124,18.0387,18.0387,4.64099,83.7174,85.0695,24.3194,4.64099,0.275
0.9126,18.0938,18.0938,4.62515,83.6867,85.0695,24.3182,4.62515,0.273333
0.9128,18.1294,18.1294,4.61735,83.7099,85.0695,24.3178,4.61735,0.271667
0.913,18.0843,18.0843,4.63753,83.8664,85.0695,24.3191,4.63753,0.273333
0.9132,18.0402,18.0402,4.64471,83.7915,85.0695,24.3196,4.64471,0.275
0.9134,18.0943,18.0943,4.62594,83.7031,85.0695,24.3183,4.62594,0.273333
0.9136,18.1301,18.1301,4.61623,83.6928,85.0695,24.3178,4.61623,0.271667
0.9138,18.0892,18.0892,4.63837,83.9042,85.0695,24.3192,4.63837,0.273333
0.914,18.0387,18.0387,4.64099,83.7174,85.0695,24.3194,4.64099,0.275
0.9142,18.0938,18.0938,4.62515,83.6867,85.0695,24.3182,4.62515,0.273333
0.9144,18.1294,18.1294,4.61735,83.7099,85.0695,24.3178,4.61735,0.271667
0.9146,18.0843,18.0843,4.63753,83.8664,85.0695,24.3191,4.63753,0.273333
0.9148,18.0402,18.0402,4.64471,83.7915,85.0695,24.3196,4.64471,0.275
0.915,18.0943,18.0943,4.62594,83.7031,85.0695,24.3183,4.62594,0.273333
0.9152,18.1301,18.1301,4.61623,83.6928,85.0695,24.3178,4.61623,0.271667
0.9154,18.0892,18.0892,4.63837,83.9042,85.0695,24.3192,4.63837,0.273333
0.9156,18.0387,18.0387,4.64099,83.7174,85.0695,24.3194,4.64099,0.275
0.9158,18.0938,18.0938,4.62515,83.6867,85.0695,24.3182,4.62515,0.273333
0.916,18.1294,18.1294,4.61735,83.7099,85.0695,24.3178,4.61735,0.271667
0.9162,18.0843,18.0843,4.63753,83.8664,85.0695,24.3191,4.63753,0.273333
0.9164,18.0402,18.0402,4.64471,83.7915,85.0695,24.3196,4.64471,0.275
0.9166,18.0943,18.0943,4.62594,83.7031,85.0695,24.3183,4.62594,0.273333
0.9168,18.1301,18.1301,4.61623,83.6928,85.0695,24.3178,4.61623,0.271667
0.917,18.0892,18.0892,4.63837,83.9042,85.0695,24.3192,4.63837,0.273333
0.9172,18.0387,18.0387,4.64099,83.7174,85.0695,24.3194,4.64099,0.275
0.9174,18.0938,18.0938,4.62515,83.6867,85.0695,24.3182,4.62515,0.273333
0.9176,18.1294,18.1294,4.61735,83.7099,85.0695,24.3178,4.61735,0.271667
0.9178,18.0843,18.0843,4.63753,83.8664,85.0695,24.3191,4.63753,0.273333
0.918,18.0402,18.0402,4.64471,83.7915,85.0695,24.3196,4.64471,0.275
0.9182,18.0943,18.0943,4.62594,83.7031,85.0695,24.3183,4.62594,0.273333
0.9184,18.1301,18.1301,4.61623,83.6928,85.0695,24.3178,4.61623,0.271667
0.9186,18.0892,18.0892,4.63837,83.9042,85.0695,24.3192,4.63837,0.273333
0.9188,18.0387,18.0387,4.64099,83.7174,85.0695,24.3194,4.64099,0.275
0.919,18.0938,18.0938,4.62515,83.6867,85.0695,24.3182,4.62515,0.273333
0.9192,18.1294,18.1294,4.61735,83.7099,85.0695,24.3178,4.61735,0.271667
0.9194,18.0843,18.0843,4.63753,83.8664,85.0695,24.3191,4.63753,0.273333
0.9196,18.0402,18.0402,4.64471,83.7915,85.0695,24.3196,4.64471,0.275
0.9198,18.0943,18.0943,4.62594,83.7031,85.0695,24.3183,4.62594,0.273333
0.92,18.1301,18.1301,4.61623,83.6928,85.0695,24.3178,4.61623,0.271667
0.9202,18.0892,18.0892,4.63837,83.9042,85.0695,24.3192,4.63837,0.273333
0.9204,18.0387,18.0387,4.64099,83.7174,85.0695,24.3194,4.64099,0.275
0.9206,18.0938,18.0938,4.62515,83.6867,85.0695,24.3182,4.62515,0.273333
0.9208,18.1294,18.1294,4.61735,83.7099,85.0695,24.3178,4.61735,0.271667
0.921,18.0843,18.0843,4.63753,83.8664,85.0695,24.3191,4.63753,0.273333
0.9212,18.0402,18.0402,4.64471,83.7915,85.0695,24.3196,4.64471,0.275
0.9214,18.0943,18.0943,4.62594,83.7031,85.0695,24.3183,4.62594,0.273333
0.9216,18.1301,18.1301,4.61623,83.6928,85.0695,24.3178,4.61623,0.271667
0.9218,18.0892,18.0892,4.63837,83.9042,85.0695,24.3192,4.63837,0.273333
0.922,18.0387,18.0387,4.64099,83.7174,85.0695,24.3194,4.64099,0.275
0.9222,18.0938,18.0938,4.62515,83.6867,85.0695,24.3182,4.62515,0.273333
0.9224,18.1294,18.1294,4.61735,83.7099,85.0695,24.3178,4.61735,0.271667
0.9226,18.0843,18.0843,4.63753,83.8664,85.0695,24.3191,4.63753,0.273333
0.9228,18.0402,18.0402,4.64471,83.7915,85.0695,24.3196,4.64471,0.275
0.923,18.0943,18.0943,4.62594,83.7031,85.0695,24.3183,4.62594,0.273333
0.9232,18.1301,18.1301,4.61623,83.6928,85.0695,24.3178,4.61623,0.271667
0.9234,18.0892,18.0892,4.63837,83.9042,85.0695,24.3192,4.63837,0.273333
0.9236,18.0387,18.0387,4.64099,83.7174,85.0695,24.3194,4.64099,0.275
0.9238,18.0938,18.0938,4.62515,83.6867,85.0695,24.3182,4.62515,0.273333
0.924,18.1294,18.1294,4.61735,83.7099,85.0695,24.3178,4.61735,0.271667
0.9242,18.0843,18.0843,4.63753,83.8664,85.0695,24.3191,4.63753,0.273333
0.9244,18.0402,18.0402,4.64471,83.7915,85.0695,24.3196,4.64471,0.275
0.9246,18.0943,18.0943,4.62594,83.7031,85.0695,24.3183,4.62594,0.273333
0.9248,18.1301,18.1301,4.61623,83.6928,85.0695,24.3178,4.61623,0.271667
0.925,18.0892,18.0892,4.63837,83.9042,85.0695,24.3192,4.63837,0.273333
0.9252,18.0387,18.0387,4.64099,83.7174,85.0695,24.3194,4.64099,0.275
0.9254,18.0938,18.0938,4.62515,83.6867,85.0695,24.3182,4.62515,0.273333
0.9256,18.1294,18.1294,4.61735,83.7099,85.0695,24.3178,4.61735,0.271667
0.9258,18.0843,18.0843,4.63753,83.8664,85.0695,24.3191,4.63753,0.273333
0.926,18.0402,18.0402,4.64471,83.7915,85.0695,24.3196,4.64471,0.275
0.9262,18.0943,18.0943,4.62594,83.7031,85.0695,24.3183,4.62594,0.273333
0.9264,18.1301,18.1301,4.61623,83.6928,85.0695,24.3178,4.61623,0.271667
0.9266,18.0892,18.0892,4.63837,83.9042,85.0695,24.3192,4.63837,0.273333
0.9268,18.0387,18.0387,4.64099,83.7174,85.0695,24.3194,4.64099,0.275
0.927,18.0938,18.0938,4.62515,83.6867,85.0695,24.3182,4.62515,0.273333
0.9272,18.1294,18.1294,4.61735,83.7099,85.0695,24.3178,4.61735,0.271667
0.9274,18.0843,18.0843,4.63753,83.8664,85.0695,24.3191,4.63753,0.273333
0.9276,18.0402,18.0402,4.64471,83.7915,85.0695,24.3196,4.64471,0.275
0.9278,18.0943,18.0943,4.62594,83.7031,85.0695,24.3183,4.62594,0.273333
0.928,18.1301,18.1301,4.61623,83.6928,85.0695,24.3178,4.61623,0.271667
0.9282,18.0892,18.0892,4.63837,83.9042,85.0695,24.3192,4.63837,0.273333
0.9284,18.0387,18.0387,4.64099,83.7174,85.0695,24.3194,4.64099,0.275
0.9286,18.0938,18.0938,4.62515,83.6867,85.0695,24.3182,4.62515,0.273333
0.9288,18.1294,18.1294,4.61735,83.7099,85.0695,24.3178,4.61735,0.271667
0.929,18.0843,18.0843,4.63753,83.8664,85.0695,24.3191,4.63753,0.273333
0.9292,18.0402,18.0402,4.64471,83.7915,85.0695,24.3196,4.64471,0.275
0.9294,18.0943,18.0943,4.62594,83.7031,85.0695,24.3183,4.62594,0.273333
0.9296,18.1301,18.1301,4.61623,83.6928,85.0695,24.3178,4.61623,0.271667
0.9298,18.0892,18.0892,4.63837,83.9042,85.0695,24.3192,4.63837,0.273333
0.93,18.0387,18.0387,4.64099,83.7174,85.0695,24.3194,4.64099,0.275
0.9302,18.0938,18.0938,4.62515,83.6867,85.0695,24.3182,4.62515,0.273333
0.9304,18.1294,18.1294,4.61735,83.7099,85.0695,24.3178,4.61735,0.271667
0.9306,18.0843,18.0843,4.63753,83.8664,85.0695,24.3191,4.63753,0.273333
0.9308,18.0402,18.0402,4.64471,83.7915,85.0695,24.3196,4.64471,0.275
0.931,18.0943,18.0943,4.62594,83.7031,85.0695,24.3183,4.62594,0.273333
0.9312,18.1301,18.1301,4.61623,83.6928,85.0695,24.3178,4.61623,0.271667
0.9314,18.0892,18.0892,4.63837,83.9042,85.0695,24.3192,4.63837,0.273333
0.9316,18.0387,18.0387,4.64099,83.7174,85.0695,24.3194,4.64099,0.275
0.9318,18.0938,18.0938,4.62515,83.6867,85.0695,24.3182,4.62515,0.273333
0.932,18.1294,18.1294,4.61735,83.7099,85.0695,24.3178,4.61735,0.271667
0.9322,18.0843,18.0843,4.63753,83.8664,85.0695,24.3191,4.63753,0.273333
0.9324,18.0402,18.0402,4.64471,83.7915,85.0695,24.3196,4.64471,0.275
0.9326,18.0943,18.0943,4.62594,83.7031,85.0695,24.3183,4.62594,0.273333
0.9328,18.1301,18.1301,4.61623,83.6928,85.0695,24.3178,4.61623,0.271667
0.933,18.0892,18.0892,4.63837,83.9042,85.0695,24.3192,4.63837,0.273333
0.9332,18.0387,18.0387,4.64099,83.7174,85.0695,24.3194,4.64099,0.275
0.9334,18.0938,18.0938,4.62515,83.6867,85.0695,24.3182,4.62515,0.273333
0.9336,18.1294,18.1294,4.61735,83.7099,85.0695,24.3178,4.61735,0.271667
0.9338,18.0843,18.0843,4.63753,83.8664,85.0695,24.3191,4.63753,0.273333
0.934,18.0402,18.0402,4.64471,83.7915,85.0695,24.3196,4.64471,0.275
0.9342,18.0943,18.0943,4.62594,83.7031,85.0695,24.3183,4.62594,0.273333
0.9344,18.1301,18.1301,4.61623,83.6928,85.0695,24.3178,4.61623,0.271667
0.9346,18.0892,18.0892,4.63837,83.9042,85.0695,24.3192,4.63837,0.273333
0.9348,18.0387,18.0387,4.64099,83.7174,85.0695,24.3194,4.64099,0.275
0.935,18.0938,18.0938,4.62515,83.6867,85.0695,24.3182,4.62515,0.273333
0.9352,18.1294,18.1294,4.61735,83.7099,85.0695,24.3178,4.61735,0.271667
0.9354,18.0843,18.0843,4.63753,83.8664,85.0695,24.3191,4.63753,0.273333
0.9356,18.0402,18.0402,4.64471,83.7915,85.0695,24.3196,4.64471,0.275
0.9358,18.0943,18.0943,4.62594,83.7031,85.0695,24.3183,4.62594,0.273333
0.936,18.1301,18.1301,4.61623,83.6928,85.0695,24.3178,4.61623,0.271667
0.9362,18.0892,18.0892,4.63837,83.9042,85.0695,24.3192,4.63837,0.273333
0.9364,18.0387,18.0387,4.64099,83.7174,85.0695,24.3194,4.64099,0.275
0.9366,18.0938,18.0938,4.62515,83.6867,85.0695,24.3182,4.62515,0.273333
0.9368,18.1294,18.1294,4.61735,83.7099,85.0695,24.3178,4.61735,0.271667
0.937,18.0843,18.0843,4.63753,83.8664,85.0695,24.3191,4.63753,0.273333
0.9372,18.0402,18.0402,4.64471,83.7915,85.0695,24.3196,4.64471,0.275
0.9374,18.0943,18.0943,4.62594,83.7031,85.0695,24.3183,4.62594,0.273333
0.9376,18.1301,18.1301,4.61623,83.6928,85.0695,24.3178,4.61623,0.271667
0.9378,18.0892,18.0892,4.63837,83.9042,85.0695,24.3192,4.63837,0.273333
0.938,18.0387,18.0387,4.64099,83.7174,85.0695,24.3194,4.64099,0.275
0.9382,18.0938,18.0938,4.62515,83.6867,85.0695,24.3182,4.62515,0.273333
0.9384,18.1294,18.1294,4.61735,83.7099,85.0695,24.3178,4.61735,0.271667
0.9386,18.0843,18.0843,4.63753,83.8664,85.0695,24.3191,4.63753,0.273333
0.9388,18.0402,18.0402,4.64471,83.7915,85.0695,24.3196,4.64471,0.275
0.939,18.0943,18.0943,4.62594,83.7031,85.0695,24.3183,4.62594,0.273333
0.9392,18.1301,18.1301,4.61623,83.6928,85.0695,24.3178,4.61623,0.271667
0.9394,18.0892,18.0892,4.63837,83.9042,85.0695,24.3192,4.63837,0.273333
0.9396,18.0387,18.0387,4.64099,83.7174,85.0695,24.3194,4.64099,0.275
0.9398,18.0938,18.0938,4.62515,83.6867,85.0695,24.3182,4.62515,0.273333
0.94,18.1294,18.1294,4.61735,83.7099,85.0695,24.3178,4.61735,0.271667
0.9402,18.0843,18.0843,4.63753,83.8664,85.0695,24.3191,4.63753,0.273333
0.9404,18.0402,18.0402,4.64471,83.7915,85.0695,24.3196,4.64471,0.275
0.9406,18.0943,18.0943,4.62594,83.7031,85.0695,24.3183,4.62594,0.273333
0.9408,18.1301,18.1301,4.61623,83.6928,85.0695,24.3178,4.61623,0.271667
0.941,18.0892,18.0892,4.63837,83.9042,85.0695,24.3192,4.63837,0.273333
0.9412,18.0387,18.0387,4.64099,83.7174,85.0695,24.3194,4.64099,0.275
0.9414,18.0938,18.0938,4.62515,83.6867,85.0695,24.3182,4.62515,0.273333
0.9416,18.1294,18.1294,4.61735,83.7099,85.0695,24.3178,4.61735,0.271667
0.9418,18.0843,18.0843,4.63753,83.8664,85.0695,24.3191,4.63753,0.273333
0.942,18.0402,18.0402,4.64471,83.7915,85.0695,24.3196,4.64471,0.275
0.9422,18.0943,18.0943,4.62594,83.7031,85.0695,24.3183,4.62594,0.273333
0.9424,18.1301,18.1301,4.61623,83.6928,85.0695,24.3178,4.61623,0.271667
0.9426,18.0892,18.0892,4.63837,83.9042,85.0695,24.3192,4.63837,0.273333
0.9428,18.0387,18.0387,4.64099,83.7174,85.0695,24.3194,4.64099,0.275
0.943,18.0938,18.0938,4.62515,83.6867,85.0695,24.3182,4.62515,0.273333
0.9432,18.1294,18.1294,4.61735,83.7099,85.0695,24.3178,4.61735,0.271667
0.9434,18.0843,18.0843,4.63753,83.8664,85.0695,24.3191,4.63753,0.273333
0.9436,18.0402,18.0402,4.64471,83.7915,85.0695,24.3196,4.64471,0.275
0.9438,18.0943,18.0943,4.62594,83.7031,85.0695,24.3183,4.62594,0.273333
0.944,18.1301,18.1301,4.61623,83.6928,85.0695,24.3178,4.61623,0.271667
0.9442,18.0892,18.0892,4.63837,83.9042,85.0695,24.3192,4.63837,0.273333
0.9444,18.0387,18.0387,4.64099,83.7174,85.0695,24.3194,4.64099,0.275
0.9446,18.0938,18.0938,4.62515,83.6867,85.0695,24.3182,4.62515,0.273333
0.9448,18.1294,18.1294,4.61735,83.7099,85.0695,24.3178,4.61735,0.271667
0.945,18.0843,18.0843,4.63753,83.8664,85.0695,24.3191,4.63753,0.273333
0.9452,18.0402,18.0402,4.64471,83.7915,85.0695,24.3196,4.64471,0.275
0.9454,18.0943,18.0943,4.62594,83.7031,85.0695,24.3183,4.62594,0.273333
0.9456,18.1301,18.1301,4.61623,83.6928,85.0695,24.3178,4.61623,0.271667
0.9458,18.0892,18.0892,4.63837,83.9042,85.0695,24.3192,4.63837,0.273333
0.946,18.0387,18.0387,4.64099,83.7174,85.0695,24.3194,4.64099,0.275
0.9462,18.0938,18.0938,4.62515,83.6867,85.0695,24.3182,4.62515,0.273333
0.9464,18.1294,18.1294,4.61735,83.7099,85.0695,24.3178,4.61735,0.271667
0.9466,18.0843,18.0843,4.63753,83.8664,85.0695,24.3191,4.63753,0.273333
0.9468,18.0402,18.0402,4.64471,83.7915,85.0695,24.3196,4.64471,0.275
0.947,18.0943,18.0943,4.62594,83.7031,85.0695,24.3183,4.62594,0.273333
0.9472,18.1301,18.1301,4.61623,83.6928,85.0695,24.3178,4.61623,0.271667
0.9474,18.0892,18.0892,4.63837,83.9042,85.0695,24.3192,4.63837,0.273333
0.9476,18.0387,18.0387,4.64099,83.7174,85.0695,24.3194,4.64099,0.275
0.9478,18.0938,18.0938,4.62515,83.6867,85.0695,24.3182,4.62515,0.273333
0.948,18.1294,18.1294,4.61735,83.7099,85.0695,24.3178,4.61735,0.271667
0.9482,18.0843,18.0843,4.63753,83.8664,85.0695,24.3191,4.63753,0.273333
0.9484,18.0402,18.0402,4.64471,83.7915,85.0695,24.3196,4.64471,0.275
0.9486,18.0943,18.0943,4.62594,83.7031,85.0695,24.3183,4.62594,0.273333
0.9488,18.1301,18.1301,4.61623,83.6928,85.0695,24.3178,4.61623,0.271667
0.949,18.0892,18.0892,4.63837,83.9042,85.0695,24.3192,4.63837,0.273333
0.9492,18.0387,18.0387,4.64099,83.7174,85.0695,24.3194,4.64099,0.275
0.9494,18.0938,18.0938,4.62515,83.6867,85.0695,24.3182,4.62515,0.273333
0.9496,18.1294,18.1294,4.61735,83.7099,85.0695,24.3178,4.61735,0.271667
0.9498,18.0843,18.0843,4.63753,83.8664,85.0695,24.3191,4.63753,0.273333
0.95,18.0402,18.0402,4.64471,83.7915,85.0695,24.3196,4.64471,0.275
0.9502,18.0943,18.0943,4.62594,83.7031,85.0695,24.3183,4.62594,0.273333
0.9504,18.1301,18.1301,4.61623,83.6928,85.0695,24.3178,4.61623,0.271667
0.9506,18.0892,18.0892,4.63837,83.9042,85.0695,24.3192,4.63837,0.273333
0.9508,18.0387,18.0387,4.64099,83.7174,85.0695,24.3194,4.64099,0.275
0.951,18.0938,18.0938,4.62515,83.6867,85.0695,24.3182,4.62515,0.273333
0.9512,18.1294,18.1294,4.61735,83.7099,85.0695,24.3178,4.61735,0.271667
0.9514,18.0843,18.0843,4.63753,83.8664,85.0695,24.3191,4.63753,0.273333
0.9516,18.0402,18.0402,4.64471,83.7915,85.0695,24.3196,4.64471,0.275
0.9518,18.0943,18.0943,4.62594,83.7031,85.0695,24.3183,4.62594,0.273333
0.952,18.1301,18.1301,4.61623,83.6928,85.0695,24.3178,4.61623,0.271667
0.9522,18.0892,18.0892,4.63837,83.9042,85.0695,24.3192,4.63837,0.273333
0.9524,18.0387,18.0387,4.64099,83.7174,85.0695,24.3194,4.64099,0.275
0.9526,18.0938,18.0938,4.62515,83.6867,85.0695,24.3182,4.62515,0.273333
0.9528,18.1294,18.1294,4.61735,83.7099,85.0695,24.3178,4.61735,0.271667
0.953,18.0843,18.0843,4.63753,83.8664,85.0695,24.3191,4.63753,0.273333
0.9532,18.0402,18.0402,4.64471,83.7915,85.0695,24.3196,4.64471,0.275
0.9534,18.0943,18.0943,4.62594,83.7031,85.0695,24.3183,4.62594,0.273333
0.9536,18.1301,18.1301,4.61623,83.6928,85.0695,24.3178,4.61623,0.271667
0.9538,18.0892,18.0892,4.63837,83.9042,85.0695,24.3192,4.63837,0.273333
0.954,18.0387,18.0387,4.64099,83.7174,85.0695,24.3194,4.64099,0.275
0.9542,18.0938,18.0938,4.62515,83.6867,85.0695,24.3182,4.62515,0.273333
0.9544,18.1294,18.1294,4.61735,83.7099,85.0695,24.3178,4.61735,0.271667
0.9546,18.0843,18.0843,4.63753,83.8664,85.0695,24.3191,4.63753,0.273333
0.9548,18.0402,18.0402,4.64471,83.7915,85.0695,24.3196,4.64471,0.275
0.955,18.0943,18.0943,4.62594,83.7031,85.0695,24.3183,4.62594,0.273333
0.9552,18.1301,18.1301,4.61623,83.6928,85.0695,24.3178,4.61623,0.271667
0.9554,18.0892,18.0892,4.63837,83.9042,85.0695,24.3192,4.63837,0.273333
0.9556,18.0387,18.0387,4.64099,83.7174,85.0695,24.3194,4.64099,0.275
0.9558,18.0938,18.0938,4.62515,83.6867,85.0695,24.3182,4.62515,0.273333
0.956,18.1294,18.1294,4.61735,83.7099,85.0695,24.3178,4.61735,0.271667
0.9562,18.0843,18.0843,4.63753,83.8664,85.0695,24.3191,4.63753,0.273333
0.9564,18.0402,18.0402,4.64471,83.7915,85.0695,24.3196,4.64471,0.275
0.9566,18.0943,18.0943,4.62594,83.7031,85.0695,24.3183,4.62594,0.273333
0.9568,18.1301,18.1301,4.61623,83.6928,85.0695,24.3178,4.61623,0.271667
0.957,18.0892,18.0892,4.63837,83.9042,85.0695,24.3192,4.63837,0.273333
0.9572,18.0387,18.0387,4.64099,83.7174,85.0695,24.3194,4.64099,0.275
0.9574,18.0938,18.0938,4.62515,83.6867,85.0695,24.3182,4.62515,0.273333
0.9576,18.1294,18.1294,4.61735,83.7099,85.0695,24.3178,4.61735,0.271667
0.9578,18.0843,18.0843,4.63753,83.8664,85.0695,24.3191,4.63753,0.273333
0.958,18.0402,18.0402,4.64471,83.7915,85.0695,24.3196,4.64471,0.275
0.9582,18.0943,18.0943,4.62594,83.7031,85.0695,24.3183,4.62594,0.273333
0.9584,18.1301,18.1301,4.61623,83.6928,85.0695,24.3178,4.61623,0.271667
0.9586,18.0892,18.0892,4.63837,83.9042,85.0695,24.3192,4.63837,0.273333
0.9588,18.0387,18.0387,4.64099,83.7174,85.0695,24.3194,4.64099,0.275
0.959,18.0938,18.0938,4.62515,83.6867,85.0695,24.3182,4.62515,0.273333
0.9592,18.1294,18.1294,4.61735,83.7099,85.0695,24.3178,4.61735,0.271667
0.9594,18.0843,18.0843,4.63753,83.8664,85.0695,24.3191,4.63753,0.273333
0.9596,18.0402,18.0402,4.64471,83.7915,85.0695,24.3196,4.64471,0.275
0.9598,18.0943,18.0943,4.62594,83.7031,85.0695,24.3183,4.62594,0.273333
0.96,18.1301,18.1301,4.61623,83.6928,85.0695,24.3178,4.61623,0.271667
0.9602,18.0892,18.0892,4.63837,83.9042,85.0695,24.3192,4.63837,0.273333
0.9604,18.0387,18.0387,4.64099,83.7174,85.0695,24.3194,4.64099,0.275
0.9606,18.0938,18.0938,4.62515,83.6867,85.0695,24.3182,4.62515,0.273333
0.9608,18.1294,18.1294,4.61735,83.7099,85.0695,24.3178,4.61735,0.271667
0.961,18.0843,18.0843,4.63753,83.8664,85.0695,24.3191,4.63753,0.273333
0.9612,18.0402,18.0402,4.64471,83.7915,85.0695,24.3196,4.64471,0.275
0.9614,18.0943,18.0943,4.62594,83.7031,85.0695,24.3183,4.62594,0.273333
0.9616,18.1301,18.1301,4.61623,83.6928,85.0695,24.3178,4.61623,0.271667
0.9618,18.0892,18.0892,4.63837,83.9042,85.0695,24.3192,4.63837,0.273333
0.962,18.0387,18.0387,4.64099,83.7174,85.0695,24.3194,4.64099,0.275
0.9622,18.0938,18.0938,4.62515,83.6867,85.0695,24.3182,4.62515,0.273333
0.9624,18.1294,18.1294,4.61735,83.7099,85.0695,24.3178,4.61735,0.271667
0.9626,18.0843,18.0843,4.63753,83.8664,85.0695,24.3191,4.63753,0.273333
0.9628,18.0402,18.0402,4.64471,83.7915,85.0695,24.3196,4.64471,0.275
0.963,18.0943,18.0943,4.62594,83.7031,85.0695,24.3183,4.62594,0.273333
0.9632,18.1301,18.1301,4.61623,83.6928,85.0695,24.3178,4.61623,0.271667
0.9634,18.0892,18.0892,4.63837,83.9042,85.0695,24.3192,4.63837,0.273333
0.9636,18.0387,18.0387,4.64099,83.7174,85.0695,24.3194,4.64099,0.275
0.9638,18.0938,18.0938,4.62515,83.6867,85.0695,24.3182,4.62515,0.273333
0.964,18.1294,18.1294,4.61735,83.7099,85.0695,24.3178,4.61735,0.271667
0.9642,18.0843,18.0843,4.63753,83.8664,85.0695,24.3191,4.63753,0.273333
0.9644,18.0402,18.0402,4.64471,83.7915,85.0695,24.3196,4.64471,0.275
0.9646,18.0943,18.0943,4.62594,83.7031,85.0695,24.3183,4.62594,0.273333
0.9648,18.1301,18.1301,4.61623,83.6928,85.0695,24.3178,4.61623,0.271667
0.965,18.0892,18.0892,4.63837,83.9042,85.0695,24.3192,4.63837,0.273333
0.9652,18.0387,18.0387,4.64099,83.7174,85.0695,24.3194,4.64099,0.275
0.9654,18.0938,18.0938,4.62515,83.6867,85.0695,24.3182,4.62515,0.273333
0.9656,18.1294,18.1294,4.61735,83.7099,85.0695,24.3178,4.61735,0.271667
0.9658,18.0843,18.0843,4.63753,83.8664,85.0695,24.3191,4.63753,0.273333
0.966,18.0402,18.0402,4.64471,83.7915,85.0695,24.3196,4.64471,0.275
0.9662,18.0943,18.0943,4.62594,83.7031,85.0695,24.3183,4.62594,0.273333
0.9664,18.1301,18.1301,4.61623,83.6928,85.0695,24.3178,4.61623,0.271667
0.9666,18.0892,18.0892,4.63837,83.9042,85.0695,24.3192,4.63837,0.273333
0.9668,18.0387,18.0387,4.64099,83.7174,85.0695,24.3194,4.64099,0.275
0.967,18.0938,18.0938,4.62515,83.6867,85.0695,24.3182,4.62515,0.273333
0.9672,18.1294,18.1294,4.61735,83.7099,85.0695,24.3178,4.61735,0.271667
0.9674,18.0843,18.0843,4.63753,83.8664,85.0695,24.3191,4.63753,0.273333
0.9676,18.0402,18.0402,4.64471,83.7915,85.0695,24.3196,4.64471,0.275
0.9678,18.0943,18.0943,4.62594,83.7031,85.0695,24.3183,4.62594,0.273333
0.968,18.1301,18.1301,4.61623,83.6928,85.0695,24.3178,4.61623,0.271667
0.9682,18.0892,18.0892,4.63837,83.9042,85.0695,24.3192,4.63837,0.273333
0.9684,18.0387,18.0387,4.64099,83.7174,85.0695,24.3194,4.64099,0.275
0.9686,18.0938,18.0938,4.62515,83.6867,85.0695,24.3182,4.62515,0.273333
0.9688,18.1294,18.1294,4.61735,83.7099,85.0695,24.3178,4.61735,0.271667
0.969,18.0843,18.0843,4.63753,83.8664,85.0695,24.3191,4.63753,0.273333
0.9692,18.0402,18.0402,4.64471,83.7915,85.0695,24.3196,4.64471,0.275
0.9694,18.0943,18.0943,4.62594,83.7031,85.0695,24.3183,4.62594,0.273333
0.9696,18.1301,18.1301,4.61623,83.6928,85.0695,24.3178,4.61623,0.271667
0.9698,18.0892,18.0892,4.63837,83.9042,85.0695,24.3192,4.63837,0.273333
0.97,18.0387,18.0387,4.64099,83.7174,85.0695,24.3194,4.64099,0.275
0.9702,18.0938,18.0938,4.62515,83.6867,85.0695,24.3182,4.62515,0.273333
0.9704,18.1294,18.1294,4.61735,83.7099,85.0695,24.3178,4.61735,0.271667
0.9706,18.0843,18.0843,4.63753,83.8664,85.0695,24.3191,4.63753,0.273333
0.9708,18.0402,18.0402,4.64471,83.7915,85.0695,24.3196,4.64471,0.275
0.971,18.0943,18.0943,4.62594,83.7031,85.0695,24.3183,4.62594,0.273333
0.9712,18.1301,18.1301,4.61623,83.6928,85.0695,24.3178,4.61623,0.271667
0.9714,18.0892,18.0892,4.63837,83.9042,85.0695,24.3192,4.63837,0.273333
0.9716,18.0387,18.0387,4.64099,83.7174,85.0695,24.3194,4.64099,0.275
0.9718,18.0938,18.0938,4.62515,83.6867,85.0695,24.3182,4.62515,0.273333
0.972,18.1294,18.1294,4.61735,83.7099,85.0695,24.3178,4.61735,0.271667
0.9722,18.0843,18.0843,4.63753,83.8664,85.0695,24.3191,4.63753,0.273333
0.9724,18.0402,18.0402,4.64471,83.7915,85.0695,24.3196,4.64471,0.275
0.9726,18.0943,18.0943,4.62594,83.7031,85.0695,24.3183,4.62594,0.273333
0.9728,18.1301,18.1301,4.61623,83.6928,85.0695,24.3178,4.61623,0.271667
0.973,18.0892,18.0892,4.63837,83.9042,85.0695,24.3192,4.63837,0.273333
0.9732,18.0387,18.0387,4.64099,83.7174,85.0695,24.3194,4.64099,0.275
0.9734,18.0938,18.0938,4.62515,83.6867,85.0695,24.3182,4.62515,0.273333
0.9736,18.1294,18.1294,4.61735,83.7099,85.0695,24.3178,4.61735,0.271667
0.9738,18.0843,18.0843,4.63753,83.8664,85.0695,24.3191,4.63753,0.273333
0.974,18.0402,18.0402,4.64471,83.7915,85.0695,24.3196,4.64471,0.275
0.9742,18.0943,18.0943,4.62594,83.7031,85.0695,24.3183,4.62594,0.273333
0.9744,18.1301,18.1301,4.61623,83.6928,85.0695,24.3178,4.61623,0.271667
0.9746,18.0892,18.0892,4.63837,83.9042,85.0695,24.3192,4.63837,0.273333
0.9748,18.0387,18.0387,4.64099,83.7174,85.0695,24.3194,4.64099,0.275
0.975,18.0938,18.0938,4.62515,83.6867,85.0695,24.3182,4.62515,0.273333
0.9752,18.1294,18.1294,4.61735,83.7099,85.0695,24.3178,4.61735,0.271667
0.9754,18.0843,18.0843,4.63753,83.8664,85.0695,24.3191,4.63753,0.273333
0.9756,18.0402,18.0402,4.64471,83.7915,85.0695,24.3196,4.64471,0.275
0.9758,18.0943,18.0943,4.62594,83.7031,85.0695,24.3183,4.62594,0.273333
0.976,18.1301,18.1301,4.61623,83.6928,85.0695,24.3178,4.61623,0.271667
0.9762,18.0892,18.0892,4.63837,83.9042,85.0695,24.3192,4.63837,0.273333
0.9764,18.0387,18.0387,4.64099,83.7174,85.0695,24.3194,4.64099,0.275
0.9766,18.0938,18.0938,4.62515,83.6867,85.0695,24.3182,4.62515,0.273333
0.9768,18.1294,18.1294,4.61735,83.7099,85.0695,24.3178,4.61735,0.271667
0.977,18.0843,18.0843,4.63753,83.8664,85.0695,24.3191,4.63753,0.273333
0.9772,18.0402,18.0402,4.64471,83.7915,85.0695,24.3196,4.64471,0.275
0.9774,18.0943,18.0943,4.62594,83.7031,85.0695,24.3183,4.62594,0.273333
0.9776,18.1301,18.1301,4.61623,83.6928,85.0695,24.3178,4.61623,0.271667
0.9778,18.0892,18.0892,4.63837,83.9042,85.0695,24.3192,4.63837,0.273333
0.978,18.0387,18.0387,4.64099,83.7174,85.0695,24.3194,4.64099,0.275
0.9782,18.0938,18.0938,4.62515,83.6867,85.0695,24.3182,4.62515,0.273333
0.9784,18.1294,18.1294,4.61735,83.7099,85.0695,24.3178,4.61735,0.271667
0.9786,18.0843,18.0843,4.63753,83.8664,85.0695,24.3191,4.63753,0.273333
0.9788,18.0402,18.0402,4.64471,83.7915,85.0695,24.3196,4.64471,0.275
0.979,18.0943,18.0943,4.62594,83.7031,85.0695,24.3183,4.62594,0.273333
0.9792,18.1301,18.1301,4.61623,83.6928,85.0695,24.3178,4.61623,0.271667
0.9794,18.0892,18.0892,4.63837,83.9042,85.0695,24.3192,4.63837,0.273333
0.9796,18.0387,18.0387,4.64099,83.7174,85.0695,24.3194,4.64099,0.275
0.9798,18.0938,18.0938,4.62515,83.6867,85.0695,24.3182,4.62515,0.273333
0.98,18.1294,18.1294,4.61735,83.7099,85.0695,24.3178,4.61735,0.271667
0.9802,18.0843,18.0843,4.63753,83.8664,85.0695,24.3191,4.63753,0.273333
0.9804,18.0402,18.0402,4.64471,83.7915,85.0695,24.3196,4.64471,0.275
0.9806,18.0943,18.0943,4.62594,83.7031,85.0695,24.3183,4.62594,0.273333
0.9808,18.1301,18.1301,4.61623,83.6928,85.0695,24.3178,4.61623,0.271667
0.981,18.0892,18.0892,4.63837,83.9042,85.0695,24.3192,4.63837,0.273333
0.9812,18.0387,18.0387,4.64099,83.7174,85.0695,24.3194,4.64099,0.275
0.9814,18.0938,18.0938,4.62515,83.6867,85.0695,24.3182,4.62515,0.273333
0.9816,18.1294,18.1294,4.61735,83.7099,85.0695,24.3178,4.61735,0.271667
0.9818,18.0843,18.0843,4.63753,83.8664,85.0695,24.3191,4.63753,0.273333
0.982,18.0402,18.0402,4.64471,83.7915,85.0695,24.3196,4.64471,0.275
0.9822,18.0943,18.0943,4.62594,83.7031,85.0695,24.3183,4.62594,0.273333
0.9824,18.1301,18.1301,4.61623,83.6928,85.0695,24.3178,4.61623,0.271667
0.9826,18.0892,18.0892,4.63837,83.9042,85.0695,24.3192,4.63837,0.273333
0.9828,18.0387,18.0387,4.64099,83.7174,85.0695,24.3194,4.64099,0.275
0.983,18.0938,18.0938,4.62515,83.6867,85.0695,24.3182,4.62515,0.273333
0.9832,18.1294,18.1294,4.61735,83.7099,85.0695,24.3178,4.61735,0.271667
0.9834,18.0843,18.0843,4.63753,83.8664,85.0695,24.3191,4.63753,0.273333
0.9836,18.0402,18.0402,4.64471,83.7915,85.0695,24.3196,4.64471,0.275
0.9838,18.0943,18.0943,4.62594,83.7031,85.0695,24.3183,4.62594,0.273333
0.984,18.1301,18.1301,4.61623,83.6928,85.0695,24.3178,4.61623,0.271667
0.9842,18.0892,18.0892,4.63837,83.9042,85.0695,24.3192,4.63837,0.273333
0.9844,18.0387,18.0387,4.64099,83.7174,85.0695,24.3194,4.64099,0.275
0.9846,18.0938,18.0938,4.62515,83.6867,85.0695,24.3182,4.62515,0.273333
0.9848,18.1294,18.1294,4.61735,83.7099,85.0695,24.3178,4.61735,0.271667
0.985,18.0843,18.0843,4.63753,83.8664,85.0695,24.3191,4.63753,0.273333
0.9852,18.0402,18.0402,4.64471,83.7915,85.0695,24.3196,4.64471,0.275
0.9854,18.0943,18.0943,4.62594,83.7031,85.0695,24.3183,4.62594,0.273333
0.9856,18.1301,18.1301,4.61623,83.6928,85.0695,24.3178,4.61623,0.271667
0.9858,18.0892,18.0892,4.63837,83.9042,85.0695,24.3192,4.63837,0.273333
0.986,18.0387,18.0387,4.64099,83.7174,85.0695,24.3194,4.64099,0.275
0.9862,18.0938,18.0938,4.62515,83.6867,85.0695,24.3182,4.62515,0.273333
0.9864,18.1294,18.1294,4.61735,83.7099,85.0695,24.3178,4.61735,0.271667
0.9866,18.0843,18.0843,4.63753,83.8664,85.0695,24.3191,4.63753,0.273333
0.9868,18.0402,18.0402,4.64471,83.7915,85.0695,24.3196,4.64471,0.275
0.987,18.0943,18.0943,4.62594,83.7031,85.0695,24.3183,4.62594,0.273333
0.9872,18.1301,18.1301,4.61623,83.6928,85.0695,24.3178,4.61623,0.271667
0.9874,18.0892,18.0892,4.63837,83.9042,85.0695,24.3192,4.63837,0.273333
0.9876,18.0387,18.0387,4.64099,83.7174,85.0695,24.3194,4.64099,0.275
0.9878,18.0938,18.0938,4.62515,83.6867,85.0695,24.3182,4.62515,0.273333
0.988,18.1294,18.1294,4.61735,83.7099,85.0695,24.3178,4.61735,0.271667
0.9882,18.0843,18.0843,4.63753,83.8664,85.0695,24.3191,4.63753,0.273333
0.9884,18.0402,18.0402,4.64471,83.7915,85.0695,24.3196,4.64471,0.275
0.9886,18.0943,18.0943,4.62594,83.7031,85.0695,24.3183,4.62594,0.273333
0.9888,18.1301,18.1301,4.61623,83.6928,85.0695,24.3178,4.61623,0.271667
0.989,18.0892,18.0892,4.63837,83.9042,85.0695,24.3192,4.63837,0.273333
0.9892,18.0387,18.0387,4.64099,83.7174,85.0695,24.3194,4.64099,0.275
0.9894,18.0938,18.0938,4.62515,83.6867,85.0695,24.3182,4.62515,0.273333
0.9896,18.1294,18.1294,4.61735,83.7099,85.0695,24.3178,4.61735,0.271667
0.9898,18.0843,18.0843,4.63753,83.8664,85.0695,24.3191,4.63753,0.273333
0.99,18.0402,18.0402,4.64471,83.7915,85.0695,24.3196,4.64471,0.275
0.9902,18.0943,18.0943,4.62594,83.7031,85.0695,24.3183,4.62594,0.273333
0.9904,18.1301,18.1301,4.61623,83.6928,85.0695,24.3178,4.61623,0.271667
0.9906,18.0892,18.0892,4.63837,83.9042,85.0695,24.3192,4.63837,0.273333
0.9908,18.0387,18.0387,4.64099,83.7174,85.0695,24.3194,4.64099,0.275
0.991,18.0938,18.0938,4.62515,83.6867,85.0695,24.3182,4.62515,0.273333
0.9912,18.1294,18.1294,4.61735,83.7099,85.0695,24.3178,4.61735,0.271667
0.9914,18.0843,18.0843,4.63753,83.8664,85.0695,24.3191,4.63753,0.273333
0.9916,18.0402,18.0402,4.64471,83.7915,85.0695,24.3196,4.64471,0.275
0.9918,18.0943,18.0943,4.62594,83.7031,85.0695,24.3183,4.62594,0.273333
0.992,18.1301,18.1301,4.61623,83.6928,85.0695,24.3178,4.61623,0.271667
0.9922,18.0892,18.0892,4.63837,83.9042,85.0695,24.3192,4.63837,0.273333
0.9924,18.0387,18.0387,4.64099,83.7174,85.0695,24.3194,4.64099,0.275
0.9926,18.0938,18.0938,4.62515,83.6867,85.0695,24.3182,4.62515,0.273333
0.9928,18.1294,18.1294,4.61735,83.7099,85.0695,24.3178,4.61735,0.271667
0.993,18.0843,18.0843,4.63753,83.8664,85.0695,24.3191,4.63753,0.273333
0.9932,18.0402,18.0402,4.64471,83.7915,85.0695,24.3196,4.64471,0.275
0.9934,18.0943,18.0943,4.62594,83.7031,85.0695,24.3183,4.62594,0.273333
0.9936,18.1301,18.1301,4.61623,83.6928,85.0695,24.3178,4.61623,0.271667
0.9938,18.0892,18.0892,4.63837,83.9042,85.0695,24.3192,4.63837,0.273333
0.994,18.0387,18.0387,4.64099,83.7174,85.0695,24.3194,4.64099,0.275
0.9942,18.0938,18.0938,4.62515,83.6867,85.0695,24.3182,4.62515,0.273333
0.9944,18.1294,18.1294,4.61735,83.7099,85.0695,24.3178,4.61735,0.271667
0.9946,18.0843,18.0843,4.63753,83.8664,85.0695,24.3191,4.63753,0.273333
0.9948,18.0402,18.0402,4.64471,83.7915,85.0695,24.3196,4.64471,0.275
0.995,18.0943,18.0943,4.62594,83.7031,85.0695,24.3183,4.62594,0.273333
0.9952,18.1301,18.1301,4.61623,83.6928,85.0695,24.3178,4.61623,0.271667
0.9954,18.0892,18.0892,4.63837,83.9042,85.0695,24.3192,4.63837,0.273333
0.9956,18.0387,18.0387,4.64099,83.7174,85.0695,24.3194,4.64099,0.275
0.9958,18.0938,18.0938,4.62515,83.6867,85.0695,24.3182,4.62515,0.273333
0.996,18.1294,18.1294,4.61735,83.7099,85.0695,24.3178,4.61735,0.271667
0.9962,18.0843,18.0843,4.63753,83.8664,85.0695,24.3191,4.63753,0.273333
0.9964,18.0402,18.0402,4.64471,83.7915,85.0695,24.3196,4.64471,0.275
0.9966,18.0943,18.0943,4.62594,83.7031,85.0695,24.3183,4.62594,0.273333
0.9968,18.1301,18.1301,4.61623,83.6928,85.0695,24.3178,4.61623,0.271667
0.997,18.0892,18.0892,4.63837,83.9042,85.0695,24.3192,4.63837,0.273333
0.9972,18.0387,18.0387,4.64099,83.7174,85.0695,24.3194,4.64099,0.275
0.9974,18.0938,18.0938,4.62515,83.6867,85.0695,24.3182,4.62515,0.273333
0.9976,18.1294,18.1294,4.61735,83.7099,85.0695,24.3178,4.61735,0.271667
0.9978,18.0843,18.0843,4.63753,83.8664,85.0695,24.3191,4.63753,0.273333
0.998,18.0402,18.0402,4.64471,83.7915,85.0695,24.3196,4.64471,0.275
0.9982,18.0943,18.0943,4.62594,83.7031,85.0695,24.3183,4.62594,0.273333
0.9984,18.1301,18.1301,4.61623,83.6928,85.0695,24.3178,4.61623,0.271667
0.9986,18.0892,18.0892,4.63837,83.9042,85.0695,24.3192,4.63837,0.273333
0.9988,18.0387,18.0387,4.64099,83.7174,85.0695,24.3194,4.64099,0.275
0.999,18.0938,18.0938,4.62515,83.6867,85.0695,24.3182,4.62515,0.273333
0.9992,18.1294,18.1294,4.61735,83.7099,85.0695,24.3178,4.61735,0.271667
0.9994,18.0843,18.0843,4.63753,83.8664,85.0695,24.3191,4.63753,0.273333
0.9996,18.0402,18.0402,4.64471,83.7915,85.0695,24.3196,4.64471,0.275
0.9998,18.0943,18.0943,4.62594,83.7031,85.0695,24.3183,4.62594,0.273333
1,18.1301,18.1301,4.61623,83.6928,85.0695,24.3178,4.61623,0.271667
1.0002,18.0892,18.0892,4.63837,83.9042,85.0695,24.3192,4.63837,0.273333
1.0004,17.9923,17.9923,4.62002,83.1246,84.5684,24.3179,4.62002,0.275
1.0006,18.0701,18.0701,4.56638,82.5149,84.0674,24.3141,4.56638,0.273333
1.0008,18.0192,18.0192,4.56654,82.2855,83.5663,24.3141,4.56654,0.275
1.001,18.0286,18.0286,4.52678,81.6113,83.0652,24.3115,4.52678,0.273333
1.0012,18.0092,18.0092,4.50916,81.2062,82.5641,24.3102,4.50916,0.275
1.0014,18.0582,18.0582,4.46225,80.5802,82.063,24.3072,4.46225,0.273333
1.0016,18.0207,18.0207,4.45875,80.3499,81.5619,24.3067,4.45875,0.275
1.0018,18.035,18.035,4.41766,79.6723,81.0609,24.3039,4.41766,0.273333
1.002,18.0033,18.0033,4.40328,79.2735,80.5598,24.3029,4.40328,0.275
1.0022,18.0272,18.0272,4.36559,78.6996,80.0587,24.3006,4.36559,0.273333
1.0024,17.9818,17.9818,4.35217,78.2598,79.5576,24.2994,4.35217,0.275
1.0026,18.0211,18.0211,4.30888,77.6508,79.0565,24.2967,4.30888,0.273333
1.0028,17.981,17.981,4.29948,77.3088,78.5555,24.296,4.29948,0.275
1.003,18.0003,18.0003,4.26062,76.6924,78.0544,24.2932,4.26062,0.273333
1.0032,17.9786,17.9786,4.24667,76.349,77.5533,24.2923,4.24667,0.275
1.0034,17.9954,17.9954,4.20833,75.7307,77.0522,24.2894,4.20833,0.273333
1.0036,17.96,17.96,4.19314,75.3087,76.5511,24.2886,4.19314,0.275
1.0038,18.0032,18.0032,4.14888,74.6931,76.0501,24.2857,4.14888,0.273333
1.004,17.9649,17.9649,4.1406,74.3856,75.549,24.2847,4.1406,0.275
1.0042,17.9944,17.9944,4.09475,73.6828,75.0479,24.2819,4.09475,0.273333
1.0044,17.9668,17.9668,4.08422,73.3804,74.5468,24.2813,4.08422,0.275
1.0046,17.9799,17.9799,4.04441,72.7181,74.0457,24.2786,4.04441,0.273333
1.0048,17.9367,17.9367,4.03614,72.3948,73.5446,24.278,4.03614,0.275
1.005,17.9739,17.9739,3.98868,71.692,73.0436,24.2748,3.98868,0.273333
1.0052,17.9392,17.9392,3.97768,71.3565,72.5425,24.274,3.97768,0.275
1.0054,17.96,17.96,3.937,70.7085,72.0414,24.2712,3.937,0.273333
1.0056,17.953,17.953,3.9165,70.3131,71.5403,24.2698,3.9165,0.273333
1.0058,6.62461,6.62461,4.16,27.5584,71.0392,24.3477,5.31901,0.566667
1.006,16.2369,16.2369,1.73533,28.1764,70.5382,24.1188,1.73533,0.416667
1.0062,20.1186,20.1186,3.01795,60.7169,70.0371,24.2076,3.01795,0.266667
1.0064,20.6607,20.6607,2.25625,46.6156,69.536,24.1565,2.25625,0.116667
1.0066,19.284,19.284,3.58108,69.0576,69.0349,24.2464,3.58108,0.273333
1.0068,12.4975,12.4975,4.01,50.115,68.5338,24.3192,4.68759,0.416667
1.007,19.2981,19.2981,2.30446,44.4715,68.0328,24.159,2.30446,0.266667
1.0072,19.168,19.168,3.58776,68.7702,67.5317,24.2468,3.58776,0.279686
1.0074,20.3245,20.3245,2.52066,51.2311,67.0306,24.1748,2.52066,0.126544
1.0076,18.902,18.902,3.63151,68.6429,66.5295,24.2501,3.63151,0.273333
1.0078,17.7522,17.7522,3.65583,64.8992,66.0284,24.2522,3.65583,0.266667
1.008,19.6905,19.6905,2.96498,58.382,65.5274,24.2049,2.96498,0.191857
1.0082,18.1115,18.1115,3.75152,67.9454,65.0263,24.258,3.75152,0.280947
1.0084,17.3488,17.3488,3.50378,60.7866,64.5252,24.2418,3.50378,0.276544
1.0086,18.223,18.223,3.43751,62.6418,64.0241,24.2369,3.43751,0.273333
1.0088,19.5824,19.5824,2.9594,57.9522,63.523,24.2046,2.9594,0.197526
1.009,17.8818,17.8818,3.67958,65.7976,63.0219,24.2532,3.67958,0.282784
1.0092,17.4853,17.4853,3.32075,58.0641,62.5209,24.2292,3.32075,0.272556
1.0094,15.6298,15.6298,3.62,56.58,62.0198,24.2593,3.77816,0.349197
1.0096,18.3853,18.3853,2.83368,52.0981,61.5187,24.1956,2.83368,0.273333
1.0098,17.6409,17.6409,3.56,62.8017,61.0176,24.2523,3.66704,0.30356
1.01,15.9188,15.9188,3.30097,52.5475,60.5165,24.2277,3.30097,0.31138
1.0102,18.677,18.677,3.03033,56.5977,60.0155,24.2088,3.03033,0.279828
1.0104,17.8256,17.8256,3.41127,60.8078,59.5144,24.2352,3.41127,0.278068
1.0106,17.5827,17.5827,3.14975,55.3812,59.0133,24.2172,3.14975,0.273333
1.0108,17.3076,17.3076,3.32054,57.4706,58.5122,24.2288,3.32054,0.298382
1.011,19.4868,19.4868,2.68141,52.2519,58.0111,24.1854,2.68141,0.214002
1.0112,17.9087,17.9087,3.35,59.9941,57.5101,24.2325,3.37378,0.278406
1.0114,18.4471,18.4471,2.84077,52.404,57.009,24.1964,2.84077,0.240888
1.0116,18.0318,18.0318,3.21431,57.9598,56.5079,24.2217,3.21431,0.273333
1.0118,17.0727,17.0727,3.07521,52.5021,56.0068,24.2124,3.07521,0.284567
1.012,19.3874,19.3874,2.63573,51.1,55.5057,24.1822,2.63573,0.228222
1.0122,17.8912,17.8912,3.2,57.2519,55.0046,24.2216,3.21076,0.272894
1.0124,16.2983,16.2983,3.00511,48.9782,54.5036,24.2076,3.00511,0.301491
1.0126,18.5739,18.5739,2.69589,50.0734,54.0025,24.1861,2.69589,0.273333
1.0128,18.3832,18.3832,2.96021,54.4183,53.5014,24.2044,2.96021,0.257367
1.013,13.8629,13.8629,3.08,42.6977,53.0003,24.2315,3.36656,0.365771
1.0132,19.0167,19.0167,1.93626,36.8213,52.4992,24.1338,1.93626,0.275097
1.0134,17.4004,17.4004,3.02,52.5493,51.9982,24.2333,3.39509,0.322941
1.0136,16.7532,16.7532,2.42123,40.5633,51.4971,24.1677,2.42123,0.273333
1.0138,19.0871,19.0871,2.69379,51.4167,50.996,24.1859,2.69379,0.266028
1.014,16.299,16.299,2.93,47.7562,50.4949,24.2107,3.05287,0.301247
1.0142,17.8927,17.8927,2.32112,41.5311,49.9938,24.1606,2.32112,0.27632
1.0144,19.7878,19.7878,2.3443,46.3886,49.4928,24.1621,2.3443,0.211885
1.0146,17.5633,17.5633,2.84,49.8797,48.9917,24.2022,2.92806,0.273333
1.0148,16.8658,16.8658,2.49571,42.0921,48.4906,24.1728,2.49571,0.284962
1.015,20.1266,20.1266,2.04284,41.1155,47.9895,24.1414,2.04284,0.201985
1.0152,17.8685,17.8685,2.75,49.1384,47.4884,24.1989,2.88043,0.27313
1.0154,17.6506,17.6506,2.30745,40.7278,46.9874,24.1599,2.30745,0.256455
1.0156,18.2802,18.2802,2.5825,47.2085,46.4863,24.1782,2.5825,0.273333
1.0158,17.3252,17.3252,2.51167,43.5153,45.9852,24.1737,2.51167,0.273333
1.016,6.35163,6.35163,2.63,16.7048,45.4841,24.2413,3.66692,0.566667
1.0162,16.428,16.428,0.277355,4.55639,44.983,24.0207,0.277355,0.416667
1.0164,20.4974,20.4974,1.94956,39.9608,44.4819,24.1343,1.94956,0.266667
1.0166,20.857,20.857,1.39989,29.1974,43.9809,24.0974,1.39989,0.116667
1.0168,18.419,18.419,2.51,46.2317,43.4798,24.1845,2.67484,0.273333
1.017,8.37981,8.37981,2.48,20.7819,42.9787,24.2103,3.09488,0.477423
1.0172,19.95,19.95,0.35159,7.01422,42.4776,24.0251,0.35159,0.317037
1.0174,19.8719,19.8719,2.23192,44.3524,41.9765,24.1538,2.23192,0.270336
1.0176,20.0318,20.0318,1.75595,35.1748,41.4755,24.122,1.75595,0.160349
1.0178,17.598,17.598,2.36,41.5314,40.9744,24.1768,2.55606,0.273333
1.018,14.7986,14.7986,2.15983,31.9626,40.4733,24.1499,2.15983,0.327423
1.0182,18.2432,18.2432,1.80738,32.9724,39.9722,24.1248,1.80738,0.307747
1.0184,18.1135,18.1135,2.27,41.1176,39.4711,24.1596,2.30912,0.272821
1.0186,17.1584,17.1584,1.99877,34.2956,38.9701,24.1388,1.99877,0.268737
1.0188,18.1907,18.1907,2.00055,36.3914,38.469,24.1386,2.00055,0.273333
1.019,18.5402,18.5402,1.96124,36.3619,37.9679,24.1359,1.96124,0.24433
1.0192,10.259,10.259,2.15,22.0569,37.4668,24.2,2.93209,0.452162
1.0194,19.9774,19.9774,0.115741,2.31221,36.9657,24.0091,0.115741,0.270961
1.0196,21.5924,21.5924,0.637957,13.775,36.4646,24.0447,0.637957,0.13802
1.0198,18.7758,18.7758,2.06,38.6782,35.9636,24.158,2.29499,0.273333
1.02,16.5859,16.5859,1.74421,28.9293,35.4625,24.1215,1.74421,0.259882
1.0202,8.87355,8.87355,2,17.7471,34.9614,24.1891,2.81801,0.521279
1.0204,19.5589,19.5589,0.0785522,1.5364,34.9614,24.0067,0.0785522,0.270652
1.0206,19.4562,19.4562,2,38.9124,34.9614,24.1485,2.15608,0.28802
1.0208,15.9365,15.9365,1.92795,30.7247,34.9614,24.1342,1.92795,0.273333
1.021,18.6352,18.6352,1.51705,28.2706,34.9614,24.1053,1.51705,0.27282
1.0212,14.175,14.175,2,28.3501,34.9614,24.1801,2.6129,0.371279
1.0214,18.0679,18.0679,0.771751,13.9439,34.9614,24.0545,0.771751,0.273392
1.0216,20.0807,20.0807,1.77183,35.5795,34.9614,24.1226,1.77183,0.234389
1.0218,16.6103,16.6103,2,33.2207,34.9614,24.1503,2.16671,0.273333
1.022,17.8532,17.8532,1.46359,26.1297,34.9614,24.1019,1.46359,0.267878
1.0222,18.2565,18.2565,2,36.5131,34.9614,24.1437,2.07789,0.278108
1.0224,16.8282,16.8282,1.8103,30.4642,34.9614,24.1259,1.8103,0.274052
1.0226,21.0231,21.0231,1.01918,21.4263,34.9614,24.071,1.01918,0.157452
1.0228,18.0265,18.0265,2,36.0531,34.9614,24.1602,2.31516,0.273333
1.023,17.6432,17.6432,1.48971,26.2832,34.9614,24.1039,1.48971,0.240992
1.0232,13.0585,13.0585,2,26.1169,34.9614,24.1848,2.69677,0.416344
1.0234,18.5956,18.5956,0.520171,9.67289,34.9614,24.0372,0.520171,0.273007
1.0236,19.353,19.353,2,38.706,34.9614,24.1471,2.13325,0.276175
1.0238,16.058,16.058,1.92733,30.9491,34.9614,24.1341,1.92733,0.273333
1.024,18.2997,18.2997,1.57042,28.7382,34.9614,24.1089,1.57042,0.279984
1.0242,11.9627,11.9627,2,23.9253,34.9614,24.1916,2.79972,0.428188
1.0244,19.0417,19.0417,0.255795,4.87079,34.9614,24.019,0.255795,0.272289
1.0246,18.6573,18.6573,2,37.3146,34.9614,24.1672,2.43258,0.314524
1.0248,15.6972,15.6972,1.65179,25.9284,34.9614,24.1154,1.65179,0.273333
1.025,18.8814,18.8814,1.69817,32.064,34.9614,24.1175,1.69817,0.286162
1.0252,17.1923,17.1923,2,34.3845,34.9614,24.1465,2.11452,0.278188
1.0254,17.4292,17.4292,1.61335,28.1194,34.9614,24.1122,1.61335,0.272832
1.0256,18.7151,18.7151,1.87678,35.1242,34.9614,24.13,1.87678,0.263026
1.0258,17.0552,17.0552,1.98508,33.8558,34.9614,24.1377,1.98508,0.273333
1.026,17.795,17.795,1.67305,29.772,34.9614,24.1162,1.67305,0.273333
1.0262,6.47544,6.47544,2,12.9509,34.9614,24.2156,3.26925,0.566667
1.0264,14.6657,14.6657,0.00725205,0.106356,34.9614,24.0031,0.00725205,0.416667
1.0266,20.7436,20.7436,1.50904,31.3029,34.9614,24.1041,1.50904,0.266667
1.0268,20.9452,20.9452,1.07688,22.5553,34.9614,24.0751,1.07688,0.116667
1.027,17.9264,17.9264,2,35.8528,34.9614,24.1601,2.3156,0.273333
1.0272,10.6835,10.6835,2,21.367,34.9614,24.1523,2.21272,0.416667
1.0274,20.9945,20.9945,0.374692,7.86646,34.9614,24.0265,0.374692,0.266667
1.0276,19.0805,19.0805,2,38.161,34.9614,24.1526,2.21293,0.277146
1.0278,16.2705,16.2705,1.81357,29.5077,34.9614,24.1264,1.81357,0.266667
1.028,18.6552,18.6552,1.6443,30.6747,34.9614,24.1139,1.6443,0.273333
1.0282,17.86,17.86,2,35.72,34.9614,24.1418,2.04745,0.266667
1.0284,14.0251,14.0251,2,28.0502,34.9614,24.1457,2.10082,0.352128
1.0286,19.193,19.193,1.10079,21.1275,34.9614,24.0766,1.10079,0.278517
1.0288,15.6488,15.6488,2,31.2977,34.9614,24.1889,2.74313,0.353008
1.029,16.7935,16.7935,0.941041,15.8034,34.9614,24.0665,0.941041,0.273333
1.0292,20.8773,20.8773,1.27651,26.65,34.9614,24.0886,1.27651,0.193792
1.0294,15.3466,15.3466,2,30.6932,34.9614,24.1834,2.6614,0.331788
1.0296,17.311,17.311,0.933436,16.1587,34.9614,24.0658,0.933436,0.270651
1.0298,19.796,19.796,1.89551,37.5235,34.9614,24.131,1.89551,0.253739
1.03,16.4351,16.4351,2,32.8701,34.9614,24.1454,2.09401,0.273333
1.0302,19.6168,19.6168,1.27942,25.0981,34.9614,24.089,1.27942,0.22438
1.0304,17.3824,17.3824,2,34.7647,34.9614,24.1628,2.35599,0.289005
1.0306,16.7049,16.7049,1.49176,24.9198,34.9614,24.1042,1.49176,0.27269
1.0308,19.8036,19.8036,1.68199,33.3094,34.9614,24.1164,1.68199,0.242389
1.031,16.9551,16.9551,2,33.9102,34.9614,24.1511,2.18114,0.273333
1.0312,17.4611,17.4611,1.52473,26.6234,34.9614,24.1062,1.52473,0.271336
1.0314,19.0842,19.0842,1.86859,35.6606,34.9614,24.1294,1.86859,0.255035
1.0316,16.4767,16.4767,2,32.9533,34.9614,24.1444,2.08276,0.283345
1.0318,17.9068,17.9068,1.51761,27.1756,34.9614,24.1055,1.51761,0.273774
1.032,18.2893,18.2893,2,36.5787,34.9614,24.1409,2.0372,0.273333
1.0322,16.3247,16.3247,1.9036,31.0756,34.9614,24.1322,1.9036,0.288297
1.0324,18.5132,18.5132,1.59051,29.4453,34.9614,24.1104,1.59051,0.270963
1.0326,18.0018,18.0018,2,36.0035,34.9614,24.1424,2.05672,0.267731
1.0328,16.4394,16.4394,1.84962,30.4066,34.9614,24.1285,1.84962,0.288733
1.033,18.4813,18.4813,1.65175,30.5265,34.9614,24.1146,1.65175,0.273333
1.0332,18.1456,18.1456,1.99096,36.1273,34.9614,24.138,1.99096,0.260754
1.0334,16.7966,16.7966,1.87824,31.548,34.9614,24.1305,1.87824,0.28149
1.0336,17.9306,17.9306,1.72643,30.9558,34.9614,24.1197,1.72643,0.280586
1.0338,18.54,18.54,1.85148,34.3265,34.9614,24.1283,1.85148,0.253633
1.034,17.2175,17.2175,1.97377,33.9834,34.9614,24.1369,1.97377,0.273333
1.0342,18.1078,18.1078,1.66096,30.0765,34.9614,24.1154,1.66096,0.26304
1.0344,18.3321,18.3321,1.94056,35.5745,34.9614,24.1346,1.94056,0.260587
1.0346,16.9115,16.9115,1.92304,32.5214,34.9614,24.1335,1.92304,0.278823
1.0348,17.9564,17.9564,1.69571,30.4488,34.9614,24.1177,1.69571,0.275259
1.035,17.9008,17.9008,1.97151,35.2915,34.9614,24.1366,1.97151,0.273333
1.0352,17.4531,17.4531,1.80096,31.4324,34.9614,24.1251,1.80096,0.269629
1.0354,18.3246,18.3246,1.79649,32.92,34.9614,24.1246,1.79649,0.263495
1.0356,17.4785,17.4785,1.97029,34.4377,34.9614,24.1366,1.97029,0.273005
1.0358,17.6257,17.6257,1.74406,30.7402,34.9614,24.1211,1.74406,0.271718
1.036,17.9983,17.9983,1.89965,34.1904,34.9614,24.1316,1.89965,0.273333
1.0362,17.4301,17.4301,1.87046,32.6024,34.9614,24.1298,1.87046,0.273333
1.0364,6.20265,6.20265,2,12.4053,34.9614,24.203,3.07594,0.566667
1.0366,15.3486,15.3486,0.0303446,0.465746,34.9614,24.0044,0.0303446,0.416667
1.0368,20.6448,20.6448,1.57471,32.5096,34.9614,24.1087,1.57471,0.266667
1.037,20.9143,20.9143,1.08999,22.7963,34.9614,24.0761,1.08999,0.116667
1.0372,17.9094,17.9094,2,35.8187,34.9614,24.1601,2.3143,0.273333
1.0374,10.7047,10.7047,2,21.4094,34.9614,24.1523,2.20923,0.416667
1.0376,18.8044,18.8044,0.697183,13.1101,34.9614,24.0489,0.697183,0.337398
1.0378,19.1485,19.1485,2,38.297,34.9614,24.1491,2.16129,0.272817
1.038,16.3665,16.3665,1.85567,30.3709,34.9614,24.1292,1.85567,0.266667
1.0382,18.5046,18.5046,1.63533,30.2612,34.9614,24.1134,1.63533,0.273333
1.0384,15.3329,15.3329,2,30.6657,34.9614,24.1641,2.37307,0.336236
1.0386,20.3014,20.3014,0.828632,16.8224,34.9614,24.058,0.828632,0.20409
1.0388,18.4642,18.4642,2,36.9284,34.9614,24.1583,2.29279,0.276087
1.039,13.1154,13.1154,2,26.2308,34.9614,24.1406,2.02622,0.349557
1.0392,19.9922,19.9922,0.96191,19.2307,34.9614,24.0669,0.96191,0.273333
1.0394,20.3658,20.3658,1.54191,31.4023,34.9614,24.107,1.54191,0.188203
1.0396,16.2101,16.2101,2,32.4201,34.9614,24.1644,2.37621,0.296196
1.0398,17.2426,17.2426,1.2968,22.3602,34.9614,24.0906,1.2968,0.276812
1.04,20.2309,20.2309,1.60418,32.454,34.9614,24.1112,1.60418,0.21786
1.0402,16.9689,16.9689,2,33.9379,34.9614,24.1546,2.23003,0.273333
1.0404,20.9052,20.9052,0.902923,18.8758,34.9614,24.0631,0.902923,0.151482
1.0406,14.2526,14.2526,2,28.5052,34.9614,24.208,3.03539,0.385835
1.0408,17.0686,17.0686,0.491796,8.39427,34.9614,24.0357,0.491796,0.270215
1.041,20.0233,20.0233,1.87747,37.5931,34.9614,24.1296,1.87747,0.264309
1.0412,16.3568,16.3568,2,32.7136,34.9614,24.1474,2.12215,0.273333
1.0414,18.1573,18.1573,1.44366,26.213,34.9614,24.1005,1.44366,0.26683
1.0416,19.3791,19.3791,1.8515,35.8802,34.9614,24.1282,1.8515,0.235835
1.0418,16.8013,16.8013,2,33.6026,34.9614,24.1434,2.06707,0.27209
1.042,16.8647,16.8647,1.6823,28.3715,34.9614,24.1168,1.6823,0.296566
1.0422,18.5719,18.5719,1.81252,33.6619,34.9614,24.1255,1.81252,0.273333
1.0424,14.972,14.972,2,29.944,34.9614,24.1569,2.26901,0.332737
1.0426,14.6624,14.6624,1.53412,22.494,34.9614,24.1065,1.53412,0.368669
1.0428,19.7685,19.7685,1.54987,30.6385,34.9614,24.1071,1.54987,0.280972
1.043,16.2748,16.2748,2,32.5496,34.9614,24.1637,2.36421,0.300224
1.0432,17.3645,17.3645,1.30104,22.5918,34.9614,24.0909,1.30104,0.273333
1.0434,20.2494,20.2494,1.593,32.2573,34.9614,24.1104,1.593,0.214432
1.0436,17.3613,17.3613,2,34.7226,34.9614,24.1508,2.17573,0.262953
1.0438,17.57,17.57,1.55866,27.3857,34.9614,24.1085,1.55866,0.262138
1.044,18.0974,18.0974,2,36.1949,34.9614,24.1401,2.02546,0.282294
1.0442,17.0623,17.0623,1.81619,30.9884,34.9614,24.1262,1.81619,0.273333
1.0444,19.0237,19.0237,1.65258,31.4383,34.9614,24.1146,1.65258,0.248566
1.0446,19.131,19.131,1.81635,34.7486,34.9614,24.126,1.81635,0.22102
1.0448,16.5534,16.5534,2,33.1067,34.9614,24.1468,2.11479,0.284373
1.045,18.3269,18.3269,1.44951,26.5651,34.9614,24.1009,1.44951,0.259291
1.0452,18.1854,18.1854,2,36.3708,34.9614,24.1461,2.11038,0.273333
1.0454,16.4649,16.4649,1.81581,29.8972,34.9614,24.1264,1.81581,0.281989
1.0456,18.0625,18.0625,1.73546,31.3467,34.9614,24.1203,1.73546,0.286566
1.0458,17.0264,17.0264,2,34.0528,34.9614,24.1427,2.06159,0.292943
1.046,18.5734,18.5734,1.5089,28.0255,34.9614,24.1049,1.5089,0.247895
1.0462,17.9475,17.9475,2,35.895,34.9614,24.1468,2.12268,0.273333
1.0464,16.9193,16.9193,1.73496,29.3542,34.9614,24.1207,1.73496,0.273333
1.0466,6.88599,6.88599,2,13.772,34.9614,24.2032,3.07999,0.566667
1.0468,15.35,15.35,0.0304228,0.466991,34.9614,24.0044,0.0304228,0.416667
1.047,20.6428,20.6428,1.57703,32.5543,34.9614,24.1088,1.57703,0.266667
1.0472,20.9149,20.9149,1.08943,22.7853,34.9614,24.076,1.08943,0.116667
1.0474,17.9129,17.9129,2,35.8258,34.9614,24.1601,2.31309,0.273333
1.0476,10.7122,10.7122,2,21.4245,34.9614,24.1526,2.20864,0.416667
1.0478,16.4485,16.4485,0.952859,15.6731,34.9614,24.0664,0.952859,0.397864
1.048,19.7169,19.7169,1.93958,38.2425,34.9614,24.1338,1.93958,0.27234
1.0482,19.7879,19.7879,1.50974,29.8745,34.9614,24.1051,1.50974,0.171547
1.0484,17.355,17.355,2,34.7099,34.9614,24.1545,2.22983,0.273333
1.0486,17.2702,17.2702,1.54186,26.6282,34.9614,24.1074,1.54186,0.266667
1.0488,18.2451,18.2451,1.99574,36.4125,34.9614,24.138,1.99574,0.284064
1.049,16.9784,16.9784,1.86089,31.595,34.9614,24.1292,1.86089,0.275358
1.0492,16.2781,16.2781,1.94893,31.7248,34.9614,24.135,1.94893,0.321547
1.0494,18.3551,18.3551,1.56599,28.7439,34.9614,24.1087,1.56599,0.273333
1.0496,19.9748,19.9748,1.61332,32.2257,34.9614,24.112,1.61332,0.201362
1.0498,18.849,18.849,1.89605,35.7385,34.9614,24.1316,1.89605,0.220272
1.05,16.9226,16.9226,1.99299,33.7266,34.9614,24.1384,1.99299,0.273632
1.0502,20.7296,20.7296,1.10233,22.851,34.9614,24.0768,1.10233,0.171547
1.0504,17.9297,17.9297,2,35.8594,34.9614,24.1596,2.3083,0.273333
1.0506,13.3334,13.3334,1.94136,25.8849,34.9614,24.1351,1.94136,0.351362
1.0508,20.4163,20.4163,0.980052,20.009,34.9614,24.0681,0.980052,0.258729
1.051,18.269,18.269,2,36.538,34.9614,24.158,2.28776,0.272541
1.0512,20.3595,20.3595,1.11574,22.7159,34.9614,24.0779,1.11574,0.15347
1.0514,17.9997,17.9997,2,35.9993,34.9614,24.1589,2.29576,0.273333
1.0516,11.6754,11.6754,2,23.3509,34.9614,24.1473,2.13271,0.392407
1.0518,20.6581,20.6581,0.610515,12.6121,34.9614,24.0427,0.610515,0.267893
1.052,18.8464,18.8464,2,37.6928,34.9614,24.1545,2.23896,0.273362
1.0522,15.4437,15.4437,1.86576,28.8142,34.9614,24.1299,1.86576,0.289198
1.0524,19.0332,19.0332,1.47267,28.0297,34.9614,24.1021,1.47267,0.273333
1.0526,18.7855,18.7855,1.98478,37.2851,34.9614,24.1375,1.98478,0.242407
1.0528,18.0252,18.0252,1.77788,32.0466,34.9614,24.1236,1.77788,0.239901
1.053,17.6695,17.6695,1.94339,34.3388,34.9614,24.1347,1.94339,0.273764
1.0532,19.566,19.566,1.49959,29.341,34.9614,24.1042,1.49959,0.212925
1.0534,17.4865,17.4865,2,34.973,34.9614,24.1531,2.21184,0.273333
1.0536,19.4885,19.4885,1.29379,25.2139,34.9614,24.0902,1.29379,0.203988
1.0538,19.7318,19.7318,1.77276,34.9798,34.9614,24.1229,1.77276,0.208859
1.054,16.7897,16.7897,2,33.5794,34.9614,24.1483,2.13864,0.273106
1.0542,19.2927,19.2927,1.32324,25.5288,34.9614,24.0921,1.32324,0.226118
1.0544,17.9703,17.9703,2,35.9405,34.9614,24.1542,2.22798,0.273333
1.0546,18.3139,18.3139,1.48223,27.1454,34.9614,24.1033,1.48223,0.229415
1.0548,16.5317,16.5317,2,33.0635,34.9614,24.1614,2.33805,0.317762
1.055,17.2731,17.2731,1.3594,23.481,34.9614,24.0949,1.3594,0.272966
1.0552,18.3904,18.3904,2,36.7809,34.9614,24.1452,2.10387,0.289625
1.0554,16.6845,16.6845,1.81243,30.2396,34.9614,24.1261,1.81243,0.273333
1.0556,16.6978,16.6978,1.91756,32.0191,34.9614,24.1329,1.91756,0.318963
1.0558,17.1551,17.1551,1.77374,30.4286,34.9614,24.123,1.77374,0.30035
1.056,18.2094,18.2094,1.81136,32.9838,34.9614,24.1255,1.81136,0.273574
1.0562,15.9944,15.9944,2,31.9887,34.9614,24.1474,2.12902,0.312668
1.0564,18.1215,18.1215,1.40507,25.4618,34.9614,24.0978,1.40507,0.273333
1.0566,18.3777,18.3777,2,36.7555,34.9614,24.1452,2.09987,0.273333
1.0568,4.96339,4.96339,2,9.92677,34.9614,24.203,3.08163,0.566667
1.057,15.1038,15.1038,0.0205,0.309629,34.9614,24.0038,0.0205,0.416667
1.0572,20.6775,20.6775,1.55358,32.1242,34.9614,24.1072,1.55358,0.266667
1.0574,20.9244,20.9244,1.08562,22.716,34.9614,24.0758,1.08562,0.116667
1.0576,17.9139,17.9139,2,35.8277,34.9614,24.1603,2.31577,0.273333
1.0578,10.6992,10.6992,2,21.3985,34.9614,24.1524,2.20808,0.416667
1.058,20.994,20.994,0.380222,7.98236,34.9614,24.0269,0.380222,0.266667
1.0582,19.2767,19.2767,2,38.5534,34.9614,24.1477,2.13864,0.268722
1.0584,16.3433,16.3433,1.88532,30.8123,34.9614,24.1312,1.88532,0.266667
1.0586,18.4602,18.4602,1.61446,29.8032,34.9614,24.112,1.61446,0.273333
1.0588,18.0284,18.0284,2,36.0568,34.9614,24.1411,2.03561,0.266667
1.059,15.2141,15.2141,2,30.4283,34.9614,24.1391,2.00193,0.32052
1.0592,18.7138,18.7138,1.37054,25.648,34.9614,24.0952,1.37054,0.278032
1.0594,15.3604,15.3604,2,30.7207,34.9614,24.1783,2.59181,0.349638
1.0596,17.3682,17.3682,0.991952,17.2285,34.9614,24.0698,0.991952,0.273333
1.0598,20.5808,20.5808,1.46645,30.1807,34.9614,24.1017,1.46645,0.204485
1.06,15.8212,15.8212,2,31.6424,34.9614,24.1715,2.47897,0.309101
1.0602,17.2531,17.2531,1.15816,19.9818,34.9614,24.0812,1.15816,0.276136
1.0604,20.5935,20.5935,1.43635,29.5795,34.9614,24.0996,1.43635,0.199638
1.0606,17.233,17.233,2,34.4661,34.9614,24.1581,2.28391,0.273333
1.0608,15.1258,15.1258,1.7083,25.8393,34.9614,24.1189,1.7083,0.319213
1.061,19.2256,19.2256,1.54685,29.7391,34.9614,24.1071,1.54685,0.281818
1.0612,17.5315,17.5315,2,35.0629,34.9614,24.1507,2.17631,0.273876
1.0614,16.1111,16.1111,1.73332,27.9258,34.9614,24.1207,1.73332,0.297001
1.0616,18.9073,18.9073,1.66236,31.4307,34.9614,24.1151,1.66236,0.273333
1.0618,17.1821,17.1821,2,34.3642,34.9614,24.1484,2.14127,0.280384
1.062,18.1077,18.1077,1.51438,27.4219,34.9614,24.1054,1.51438,0.25339
1.0622,18.081,18.081,2,36.162,34.9614,24.1441,2.08323,0.276415
1.0624,16.7588,16.7588,1.79624,30.1027,34.9614,24.125,1.79624,0.277599
1.0626,18.4068,18.4068,1.73394,31.9162,34.9614,24.1202,1.73394,0.273333
1.0628,19.1288,19.1288,1.75985,33.6638,34.9614,24.1221,1.75985,0.226538
1.063,16.5234,16.5234,2,33.0467,34.9614,24.1501,2.16333,0.288545
1.0632,17.6994,17.6994,1.4737,26.0836,34.9614,24.1026,1.4737,0.273354
1.0634,18.7867,18.7867,1.96742,36.9613,34.9614,24.1361,1.96742,0.263719
1.0636,16.7796,16.7796,1.94704,32.6706,34.9614,24.1353,1.94704,0.273333
1.0638,19.0936,19.0936,1.51316,28.8916,34.9614,24.1051,1.51316,0.243818
1.064,17.1043,17.1043,2,34.2085,34.9614,24.1563,2.26082,0.289224
1.0642,17.0074,17.0074,1.51822,25.8209,34.9614,24.1058,1.51822,0.275856
1.0644,18.7918,18.7918,1.9076,35.8473,34.9614,24.1319,1.9076,0.273102
1.0646,16.9419,16.9419,1.97773,33.5066,34.9614,24.1374,1.97773,0.273333
1.0648,17.8554,17.8554,1.66149,29.6664,34.9614,24.1154,1.66149,0.273992
1.065,18.2312,18.2312,1.94306,35.4242,34.9614,24.1345,1.94306,0.267735
1.0652,16.9312,16.9312,1.91066,32.3496,34.9614,24.1326,1.91066,0.280041
1.0654,18.4226,18.4226,1.64862,30.3718,34.9614,24.1144,1.64862,0.262823
1.0656,17.7427,17.7427,2,35.4853,34.9614,24.1422,2.05245,0.273333
1.0658,17.8718,17.8718,1.66823,29.8143,34.9614,24.116,1.66823,0.255907
1.066,18.1093,18.1093,1.95773,35.4532,34.9614,24.1356,1.95773,0.270532
1.0662,17.0357,17.0357,1.87736,31.982,34.9614,24.1303,1.87736,0.277906
1.0664,17.8817,17.8817,1.75571,31.3952,34.9614,24.1218,1.75571,0.278075
1.0666,17.8137,17.8137,1.93201,34.4163,34.9614,24.1339,1.93201,0.273333
1.0668,17.4619,17.4619,1.82762,31.9137,34.9614,24.127,1.82762,0.273333
1.067,6.28809,6.28809,2,12.5762,34.9614,24.2052,3.11013,0.566667
1.0672,15.238,15.238,0.024669,0.375906,34.9614,24.0041,0.024669,0.416667
1.0674,20.659,20.659,1.56537,32.339,34.9614,24.108,1.56537,0.266667
1.0676,20.9191,20.9191,1.08815,22.7631,34.9614,24.0759,1.08815,0.116667
1.0678,17.9153,17.9153,2,35.8305,34.9614,24.1599,2.31369,0.273333
1.068,10.7064,10.7064,2,21.4128,34.9614,24.1527,2.20995,0.416667
1.0682,20.9891,20.9891,0.380598,7.9884,34.9614,24.0269,0.380598,0.266667
1.0684,19.1702,19.1702,2,38.3404,34.9614,24.1504,2.17936,0.273009
1.0686,16.3158,16.3158,1.84848,30.1593,34.9614,24.1287,1.84848,0.266667
1.0688,18.5524,18.5524,1.63066,30.2527,34.9614,24.113,1.63066,0.273333
1.069,17.9539,17.9539,2,35.9079,34.9614,24.1415,2.041,0.266667
1.0692,14.4871,14.4871,2,28.9743,34.9614,24.1435,2.06835,0.339985
1.0694,19.0622,19.0622,1.19463,22.7724,34.9614,24.0831,1.19463,0.276467
1.0696,15.4763,15.4763,2,30.9526,34.9614,24.1864,2.70551,0.353259
1.0698,17.0049,17.0049,0.936854,15.9311,34.9614,24.0661,0.936854,0.273333
1.07,20.7978,20.7978,1.33196,27.7019,34.9614,24.0924,1.33196,0.196742
1.0702,9.71247,9.71247,2,19.4249,34.9614,24.2271,3.34758,0.469932
1.0704,17.8522,17.8522,0.00021713,0.00387624,34.9614,24.0019,0.00021713,0.274053
1.0706,20.6503,20.6503,1.52344,31.4596,34.9614,24.1053,1.52344,0.239248
1.0708,17.0013,17.0013,2,34.0025,34.9614,24.1573,2.27029,0.273333
1.071,14.227,14.227,1.7911,25.482,34.9614,24.1244,1.7911,0.346742
1.0712,18.2701,18.2701,1.51258,27.6349,34.9614,24.1046,1.51258,0.319932
1.0714,17.9682,17.9682,2,35.9364,34.9614,24.1459,2.10679,0.277355
1.0716,18.9463,18.9463,1.50165,28.4507,34.9614,24.1045,1.50165,0.218935
1.0718,17.7752,17.7752,2,35.5504,34.9614,24.1495,2.16032,0.273333
1.072,18.6947,18.6947,1.47625,27.5981,34.9614,24.1028,1.47625,0.226227
1.0722,20.5096,20.5096,1.39447,28.6001,34.9614,24.097,1.39447,0.169932
1.0724,17.3325,17.3325,2,34.6651,34.9614,24.1585,2.29098,0.273954
1.0726,16.2869,16.2869,1.58835,25.8693,34.9614,24.1107,1.58835,0.287884
1.0728,19.0629,19.0629,1.76472,33.6406,34.9614,24.122,1.76472,0.273333
1.073,19.7459,19.7459,1.60403,31.6732,34.9614,24.1114,1.60403,0.191217
1.0732,15.3812,15.3812,2,30.7625,34.9614,24.1691,2.44225,0.319932
1.0734,17.7504,17.7504,1.09274,19.3966,34.9614,24.0766,1.09274,0.272966
1.0736,19.7913,19.7913,1.84467,36.5085,34.9614,24.1276,1.84467,0.239874
1.0738,16.564,16.564,2,33.128,34.9614,24.1467,2.11445,0.273333
1.074,19.5628,19.5628,1.28271,25.0935,34.9614,24.0893,1.28271,0.222863
1.0742,15.289,15.289,2,30.5779,34.9614,24.1845,2.6751,0.345845
1.0744,16.9782,16.9782,0.949091,16.1138,34.9614,24.0669,0.949091,0.278979
1.0746,19.6401,19.6401,1.96239,38.5416,34.9614,24.1355,1.96239,0.266364
1.0748,16.3194,16.3194,2,32.6387,34.9614,24.1424,2.04886,0.273333
1.075,18.3237,18.3237,1.48546,27.2191,34.9614,24.1033,1.48546,0.267492
1.0752,19.3832,19.3832,1.83313,35.5319,34.9614,24.127,1.83313,0.231112
1.0754,16.6736,16.6736,2,33.3472,34.9614,24.1455,2.09792,0.276639
1.0756,17.6794,17.6794,1.55128,27.4257,34.9614,24.1079,1.55128,0.27567
1.0758,18.3515,18.3515,1.99436,36.5993,34.9614,24.1381,1.99436,0.273333
1.076,16.1717,16.1717,1.96151,31.7209,34.9614,24.1363,1.96151,0.294002
1.0762,17.7991,17.7991,1.61087,28.6719,34.9614,24.1118,1.61087,0.289312
1.0764,18.3175,18.3175,1.96344,35.9653,34.9614,24.1359,1.96344,0.269135
1.0766,17.6257,17.6257,1.81654,32.0177,34.9614,24.1262,1.81654,0.258927
1.0768,17.8369,17.8369,1.86177,33.2082,34.9614,24.1291,1.86177,0.273333
1.077,17.6029,17.6029,1.87201,32.9529,34.9614,24.1298,1.87201,0.273333
1.0772,6.06483,6.06483,2,12.1297,34.9614,24.2049,3.10572,0.566667
1.0774,15.2371,15.2371,0.0246939,0.376262,34.9614,24.0041,0.0246939,0.416667
1.0776,20.6583,20.6583,1.5656,32.3426,34.9614,24.108,1.5656,0.266667
1.0778,20.9179,20.9179,1.08859,22.771,34.9614,24.076,1.08859,0.116667
1.078,17.9133,17.9133,2,35.8266,34.9614,24.1602,2.31692,0.273333
1.0782,8.648,8.648,2,17.296,34.9614,24.1658,2.42957,0.467992
1.0784,20.5501,20.5501,0.190868,3.92235,34.9614,24.0141,0.190868,0.266667
1.0786,19.3573,19.3573,2,38.7145,34.9614,24.1487,2.15593,0.279302
1.0788,16.9192,16.9192,1.80893,30.6056,34.9614,24.126,1.80893,0.249704
1.079,18.2814,18.2814,1.75261,32.0401,34.9614,24.1215,1.75261,0.273333
1.0792,15.8903,15.8903,2,31.7805,34.9614,24.1521,2.1989,0.317992
1.0794,13.4882,13.4882,1.81804,24.5221,34.9614,24.1257,1.81804,0.387565
1.0796,19.8587,19.8587,1.20102,23.8507,34.9614,24.0832,1.20102,0.283487
1.0798,15.3579,15.3579,2,30.7159,34.9614,24.187,2.7176,0.346139
1.08,17.0469,17.0469,0.908578,15.4884,34.9614,24.0642,0.908578,0.273333
1.0802,20.2728,20.2728,1.67313,33.919,34.9614,24.1158,1.67313,0.232838
1.0804,16.1093,16.1093,2,32.2185,34.9614,24.1597,2.30296,0.290633
1.0806,17.4857,17.4857,1.33179,23.2872,34.9614,24.0929,1.33179,0.277156
1.0808,20.4938,20.4938,1.45653,29.8498,34.9614,24.1011,1.45653,0.196139
1.081,17.2061,17.2061,2,34.4123,34.9614,24.1577,2.27722,0.273333
1.0812,13.7552,13.7552,1.85074,25.4573,34.9614,24.1285,1.85074,0.354476
1.0814,21.1887,21.1887,0.818443,17.3417,34.9614,24.057,0.818443,0.21076
1.0816,18.5574,18.5574,2,37.1148,34.9614,24.1555,2.25047,0.267794
1.0818,16.0393,16.0393,1.76955,28.3823,34.9614,24.1233,1.76955,0.278171
1.082,18.878,18.878,1.62919,30.7559,34.9614,24.1129,1.62919,0.273333
1.0822,12.825,12.825,2,25.65,34.9614,24.1844,2.6884,0.394456
1.0824,16.8541,16.8541,0.683125,11.5135,34.9614,24.0486,0.683125,0.32153
1.0826,19.8435,19.8435,1.94033,38.5029,34.9614,24.1339,1.94033,0.268991
1.0828,15.9081,15.9081,2,31.8163,34.9614,24.1476,2.12666,0.283316
1.083,18.1618,18.1618,1.39205,25.2821,34.9614,24.0969,1.39205,0.273333
1.0832,19.2134,19.2134,1.9213,36.9147,34.9614,24.133,1.9213,0.244456
1.0834,15.2542,15.2542,2,30.5085,34.9614,24.1518,2.18589,0.309345
1.0836,18.5248,18.5248,1.23142,22.8119,34.9614,24.0858,1.23142,0.27115
1.0838,19.2343,19.2343,1.98026,38.0889,34.9614,24.137,1.98026,0.24573
1.084,16.5134,16.5134,1.99517,32.9471,34.9614,24.1386,1.99517,0.273333
1.0842,20.0928,20.0928,1.27291,25.5762,34.9614,24.0885,1.27291,0.210854
1.0844,18.5525,18.5525,2,37.105,34.9614,24.1463,2.1126,0.248275
1.0846,16.6109,16.6109,1.82627,30.3359,34.9614,24.127,1.82627,0.272233
1.0848,19.5119,19.5119,1.52604,29.776,34.9614,24.1059,1.52604,0.239687
1.085,17.4478,17.4478,2,34.8957,34.9614,24.1527,2.20606,0.273333
1.0852,14.9165,14.9165,1.82349,27.2,34.9614,24.1267,1.82349,0.326041
1.0854,20.3631,20.3631,1.21427,24.7264,34.9614,24.0843,1.21427,0.237345
1.0856,18.0622,18.0622,2,36.1245,34.9614,24.1552,2.24417,0.26536
1.0858,16.1569,16.1569,1.71923,27.7774,34.9614,24.1197,1.71923,0.283018
1.086,18.9094,18.9094,1.67777,31.7255,34.9614,24.1162,1.67777,0.273333
1.0862,17.7046,17.7046,2,35.4093,34.9614,24.1425,2.05518,0.265213
1.0864,16.8785,16.8785,1.77528,29.964,34.9614,24.1234,1.77528,0.281917
1.0866,18.3179,18.3179,1.77548,32.5232,34.9614,24.1232,1.77548,0.274803
1.0868,18.7049,18.7049,1.80829,33.8239,34.9614,24.1255,1.80829,0.239515
1.087,17.2113,17.2113,2,34.4225,34.9614,24.1399,2.01798,0.273333
1.0872,17.6258,17.6258,1.68015,29.614,34.9614,24.1167,1.68015,0.273333
1.0874,6.56301,6.56301,2,13.126,34.9614,24.2133,3.23572,0.566667
1.0876,14.8084,14.8084,0.0116655,0.172747,34.9614,24.0033,0.0116655,0.416667
1.0878,20.7219,20.7219,1.52392,31.5785,34.9614,24.1052,1.52392,0.266667
1.088,20.939,20.939,1.07937,22.6009,34.9614,24.0753,1.07937,0.116667
1.0882,17.9243,17.9243,2,35.8486,34.9614,24.1602,2.3149,0.273333
1.0884,10.6903,10.6903,2,21.3806,34.9614,24.1523,2.20988,0.416667
1.0886,20.9937,20.9937,0.377008,7.91479,34.9614,24.0267,0.377008,0.266667
1.0888,19.3268,19.3268,2,38.6536,34.9614,24.1464,2.12065,0.266876
1.089,16.3631,16.3631,1.90114,31.1084,34.9614,24.1323,1.90114,0.266667
1.0892,18.4107,18.4107,1.60968,29.6354,34.9614,24.1117,1.60968,0.273333
1.0894,18.067,18.067,2,36.1341,34.9614,24.1406,2.02997,0.266667
1.0896,16.9849,16.9849,1.81738,30.8679,34.9614,24.1263,1.81738,0.275425
1.0898,18.3285,18.3285,1.74519,31.9868,34.9614,24.121,1.74519,0.270269
1.09,14.6257,14.6257,2,29.2515,34.9614,24.1622,2.34775,0.349548
1.0902,18.4497,18.4497,1.02629,18.9348,34.9614,24.0718,1.02629,0.273333
1.0904,20.4912,20.4912,1.49096,30.5515,34.9614,24.1034,1.49096,0.193585
1.0906,16.9999,16.9999,2,33.9998,34.9614,24.1585,2.28994,0.276976
1.0908,17.0021,17.0021,1.48255,25.2065,34.9614,24.1034,1.48255,0.2758
1.091,18.4904,18.4904,1.98532,36.7094,34.9614,24.1372,1.98532,0.284543
1.0912,16.9149,16.9149,1.89698,32.0873,34.9614,24.1319,1.89698,0.273333
1.0914,18.5204,18.5204,1.64904,30.5408,34.9614,24.1144,1.64904,0.261344
1.0916,17.7345,17.7345,2,35.469,34.9614,24.1425,2.05763,0.272238
1.0918,17.3871,17.3871,1.71862,29.8818,34.9614,24.1195,1.71862,0.268715
1.092,18.9771,18.9771,1.75361,33.2784,34.9614,24.1215,1.75361,0.249533
1.0922,17.2083,17.2083,2,34.4167,34.9614,24.1436,2.07235,0.273333
1.0924,16.494,16.494,1.75454,28.9395,34.9614,24.1219,1.75454,0.299188
1.0926,18.6924,18.6924,1.70657,31.8999,34.9614,24.1182,1.70657,0.271788
1.0928,17.6073,17.6073,2,35.2147,34.9614,24.1413,2.03977,0.269427
1.093,18.8222,18.8222,1.54499,29.0801,34.9614,24.1074,1.54499,0.232588
1.0932,17.7403,17.7403,2,35.4806,34.9614,24.1479,2.13628,0.273333
1.0934,19.6333,19.6333,1.34891,26.4836,34.9614,24.0939,1.34891,0.198889
1.0936,17.7705,17.7705,2,35.5409,34.9614,24.1558,2.2505,0.273176
1.0938,16.5524,16.5524,1.64219,27.1821,34.9614,24.1144,1.64219,0.276996
1.094,19.3612,19.3612,1.68607,32.6443,34.9614,24.1168,1.68607,0.255725
1.0942,17.1496,17.1496,2,34.2992,34.9614,24.1485,2.14156,0.273333
1.0944,19.1876,19.1876,1.3686,26.2601,34.9614,24.0953,1.3686,0.223348
1.0946,17.9532,17.9532,2,35.9064,34.9614,24.1528,2.2087,0.272287
1.0948,16.7081,16.7081,1.67872,28.0483,34.9614,24.1169,1.67872,0.272942
1.095,18.5194,18.5194,1.81152,33.5483,34.9614,24.1254,1.81152,0.277798
1.0952,17.3218,17.3218,1.99188,34.503,34.9614,24.1381,1.99188,0.273333
1.0954,17.1044,17.1044,1.77063,30.2857,34.9614,24.1229,1.77063,0.286505
1.0956,18.3013,18.3013,1.79694,32.8865,34.9614,24.1245,1.79694,0.272055
1.0958,17.6265,17.6265,1.94917,34.3571,34.9614,24.1351,1.94917,0.269558
1.096,18.7199,18.7199,1.63513,30.6094,34.9614,24.1136,1.63513,0.240384
1.0962,17.6068,17.6068,2,35.2136,34.9614,24.1449,2.0927,0.273333
1.0964,16.3127,16.3127,1.79628,29.3022,34.9614,24.1248,1.79628,0.296053
1.0966,18.6307,18.6307,1.66454,31.0116,34.9614,24.1153,1.66454,0.274338
1.0968,17.7395,17.7395,2,35.4789,34.9614,24.1421,2.05138,0.269407
1.097,17.86,17.86,1.66991,29.8245,34.9614,24.1161,1.66991,0.256306
1.0972,18.0079,18.0079,1.96972,35.4705,34.9614,24.1364,1.96972,0.273333
1.0974,17.2448,17.2448,1.83568,31.6559,34.9614,24.1275,1.83568,0.273333
1.0976,6.40563,6.40563,2,12.8113,34.9614,24.2026,3.06927,0.566667
1.0978,15.3819,15.3819,0.0325245,0.500288,34.9614,24.0046,0.0325245,0.416667
1.098,20.6392,20.6392,1.57879,32.5849,34.9614,24.1089,1.57879,0.266667
1.0982,20.9126,20.9126,1.09051,22.8055,34.9614,24.0761,1.09051,0.116667
1.0984,17.9112,17.9112,2,35.8223,34.9614,24.1601,2.31316,0.273333
1.0986,10.7103,10.7103,2,21.4206,34.9614,24.1521,2.20971,0.416667
1.0988,17.6604,17.6604,0.822359,14.5232,34.9614,24.0575,0.822359,0.367041
1.099,19.4746,19.4746,2,38.9492,34.9614,24.1413,2.04501,0.268145
1.0992,19.7518,19.7518,1.46119,28.8612,34.9614,24.1018,1.46119,0.171
1.0994,17.483,17.483,2,34.9659,34.9614,24.155,2.23762,0.273333
1.0996,17.1749,17.1749,1.55981,26.7896,34.9614,24.1087,1.55981,0.266667
1.0998,19.7493,19.7493,1.67514,33.0828,34.9614,24.1161,1.67514,0.233144
1.1,16.8616,16.8616,2,33.7232,34.9614,24.1524,2.19893,0.277044
1.1002,19.3445,19.3445,1.27321,24.6296,34.9614,24.0887,1.27321,0.219997
1.1004,18.0363,18.0363,2,36.0727,34.9614,24.1548,2.2389,0.273333
1.1006,19.4081,19.4081,1.33053,25.8231,34.9614,24.0928,1.33053,0.19597
1.1008,13.9091,13.9091,2,27.8182,34.9614,24.194,2.82056,0.380448
1.101,18.1094,18.1094,0.547726,9.91899,34.9614,24.0392,0.547726,0.26344
1.1012,17.8602,17.8602,2,35.7204,34.9614,24.1794,2.60915,0.336535
1.1014,15.7231,15.7231,1.409,22.1539,34.9614,24.0988,1.409,0.273333
1.1016,20.3281,20.3281,1.51364,30.7694,34.9614,24.1048,1.51364,0.238943
1.1018,13.7641,13.7641,2,27.5283,34.9614,24.1875,2.71774,0.360841
1.102,18.1896,18.1896,0.619774,11.2734,34.9614,24.0441,0.619774,0.270419
1.1022,20.8963,20.8963,1.26337,26.3998,34.9614,24.0877,1.26337,0.186535
1.1024,17.5382,17.5382,2,35.0763,34.9614,24.1601,2.3112,0.273333
1.1026,16.1906,16.1906,1.6021,25.939,34.9614,24.1117,1.6021,0.285708
1.1028,17.2482,17.2482,1.99444,34.4006,34.9614,24.1376,1.99444,0.325934
1.103,17.5641,17.5641,1.71154,30.0617,34.9614,24.1188,1.71154,0.27576
1.1032,20.663,20.663,1.26243,26.0856,34.9614,24.0878,1.26243,0.171507
1.1034,17.6074,17.6074,2,35.2148,34.9614,24.1595,2.30309,0.273333
1.1036,18.0418,18.0418,1.41542,25.5366,34.9614,24.0988,1.41542,0.237821
1.1038,17.0863,17.0863,2,34.1726,34.9614,24.159,2.30084,0.311285
1.104,17.1131,17.1131,1.47054,25.1655,34.9614,24.1026,1.47054,0.270493
1.1042,17.1469,17.1469,2,34.2937,34.9614,24.1517,2.19564,0.321507
1.1044,17.2351,17.2351,1.55766,26.8464,34.9614,24.1085,1.55766,0.273333
1.1046,18.8557,18.8557,1.8814,35.4752,34.9614,24.1302,1.8814,0.264917
1.1048,13.5189,13.5189,2,27.0377,34.9614,24.165,2.38913,0.360492
1.105,19.1478,19.1478,0.791907,15.1633,34.9614,24.0556,0.791907,0.270026
1.1052,19.0331,19.0331,2,38.0662,34.9614,24.1496,2.16662,0.268376
1.1054,16.1352,16.1352,1.86946,30.164,34.9614,24.1302,1.86946,0.273333
1.1056,18.2663,18.2663,1.63502,29.8657,34.9614,24.1134,1.63502,0.28321
1.1058,18.3708,18.3708,1.95765,35.9636,34.9614,24.1356,1.95765,0.25843
1.106,17.0138,17.0138,1.89828,32.2971,34.9614,24.1318,1.89828,0.274455
1.1062,18.9555,18.9555,1.59455,30.2256,34.9614,24.1107,1.59455,0.246808
1.1064,17.5758,17.5758,2,35.1515,34.9614,24.1477,2.13281,0.273333
1.1066,17.3217,17.3217,1.64699,28.5287,34.9614,24.1146,1.64699,0.268151
1.1068,19.7863,19.7863,1.62157,32.085,34.9614,24.1124,1.62157,0.224936
1.107,17.287,17.287,2,34.5741,34.9614,24.1504,2.17024,0.268473
1.1072,17.2817,17.2817,1.58868,27.455,34.9614,24.1106,1.58868,0.271275
1.1074,18.4996,18.4996,1.92131,35.5434,34.9614,24.133,1.92131,0.273333
1.1076,17.0828,17.0828,1.93153,32.9959,34.9614,24.134,1.93153,0.273333
1.1078,6.23432,6.23432,2,12.4686,34.9614,24.1968,2.97676,0.566667
1.108,15.6953,15.6953,0.0518683,0.814086,34.9614,24.0058,0.0518683,0.416667
1.1082,20.5906,20.5906,1.6097,33.1447,34.9614,24.111,1.6097,0.266667
1.1084,20.8991,20.8991,1.09579,22.901,34.9614,24.0765,1.09579,0.116667
1.1086,17.9048,17.9048,2,35.8097,34.9614,24.1601,2.31293,0.273333
1.1088,9.56553,9.56553,2,19.1311,34.9614,24.1603,2.33224,0.44544
1.109,16.262,16.262,0.732522,11.9122,34.9614,24.0514,0.732522,0.413149
1.1092,19.9909,19.9909,1.87468,37.4765,34.9614,24.1293,1.87468,0.269462
1.1094,16.6516,16.6516,2,33.3032,34.9614,24.145,2.08693,0.266667
1.1096,17.8176,17.8176,1.5431,27.4944,34.9614,24.1073,1.5431,0.273333
1.1098,17.527,17.527,2,35.054,34.9614,24.1474,2.13217,0.29544
1.11,17.542,17.542,1.61737,28.372,34.9614,24.1126,1.61737,0.263149
1.1102,18.1799,18.1799,1.96694,35.7588,34.9614,24.1362,1.96694,0.277066
1.1104,14.3498,14.3498,2,28.6996,34.9614,24.1502,2.16703,0.344247
1.1106,19.0245,19.0245,1.09338,20.8011,34.9614,24.0762,1.09338,0.273333
1.1108,19.9075,19.9075,1.76471,35.1308,34.9614,24.1223,1.76471,0.216196
1.111,19.2455,19.2455,1.73173,33.328,34.9614,24.1203,1.73173,0.198957
1.1112,16.8464,16.8464,2,33.6927,34.9614,24.149,2.14794,0.280055
1.1114,20.1634,20.1634,1.16931,23.5773,34.9614,24.0815,1.16931,0.194248
1.1116,17.9476,17.9476,2,35.8953,34.9614,24.1583,2.28955,0.273333
1.1118,14.4021,14.4021,1.84857,26.6234,34.9614,24.1285,1.84857,0.32573
1.112,21.3282,21.3282,0.760213,16.214,34.9614,24.053,0.760213,0.184266
1.1122,18.4965,18.4965,2,36.9929,34.9614,24.1575,2.28117,0.272777
1.1124,19.3431,19.3431,1.33976,25.915,34.9614,24.0934,1.33976,0.188001
1.1126,17.9079,17.9079,2,35.8158,34.9614,24.1543,2.23183,0.273333
1.1128,17.2415,17.2415,1.59881,27.5659,34.9614,24.1114,1.59881,0.258837
1.113,18.0071,18.0071,1.98605,35.763,34.9614,24.1375,1.98605,0.287912
1.1132,17.3713,17.3713,1.80688,31.3879,34.9614,24.1255,1.80688,0.269215
1.1134,19.5786,19.5786,1.57392,30.8151,34.9614,24.1092,1.57392,0.224715
1.1136,17.3156,17.3156,2,34.6311,34.9614,24.1523,2.19791,0.273333
1.1138,17.9748,17.9748,1.48946,26.7727,34.9614,24.1038,1.48946,0.25107
1.114,20.4381,20.4381,1.44188,29.4692,34.9614,24.1001,1.44188,0.185659
1.1142,17.1496,17.1496,2,34.2992,34.9614,24.159,2.29692,0.276637
1.1144,15.6853,15.6853,1.62913,25.5534,34.9614,24.1135,1.62913,0.305635
1.1146,19.3163,19.3163,1.64292,31.7351,34.9614,24.1137,1.64292,0.273333
1.1148,17.4824,17.4824,2,34.9648,34.9614,24.1471,2.12268,0.267702
1.115,17.7486,17.7486,1.5973,28.3497,34.9614,24.1111,1.5973,0.259223
1.1152,18.1503,18.1503,1.99666,36.2399,34.9614,24.1383,1.99666,0.275523
1.1154,15.9214,15.9214,1.97377,31.4253,34.9614,24.1369,1.97377,0.30354
1.1156,18.5123,18.5123,1.48948,27.5737,34.9614,24.1034,1.48948,0.273333
1.1158,17.8709,17.8709,2,35.7419,34.9614,24.1485,2.14495,0.277777
1.116,17.6586,17.6586,1.62309,28.6614,34.9614,24.113,1.62309,0.253606
1.1162,18.2315,18.2315,1.96107,35.7532,34.9614,24.1357,1.96107,0.273108
1.1164,20.4024,20.4024,1.28597,26.237,34.9614,24.0896,1.28597,0.16603
1.1166,17.634,17.634,2,35.268,34.9614,24.1587,2.29415,0.273333
1.1168,18.0658,18.0658,1.42538,25.7506,34.9614,24.0995,1.42538,0.237594
1.117,19.5229,19.5229,1.81923,35.5167,34.9614,24.126,1.81923,0.232443
1.1172,16.7932,16.7932,2,33.5864,34.9614,24.1454,2.0964,0.27205
1.1174,16.0221,16.0221,1.74262,27.9203,34.9614,24.121,1.74262,0.31603
1.1176,18.9412,18.9412,1.64195,31.1004,34.9614,24.1137,1.64195,0.273333
1.1178,17.4794,17.4794,2,34.9588,34.9614,24.1465,2.11496,0.273333
1.118,5.51408,5.51408,2,11.0282,34.9614,24.1929,2.9237,0.566667
1.1182,15.7779,15.7779,0.0568098,0.896341,34.9614,24.0061,0.0568098,0.416667
1.1184,20.579,20.579,1.61629,33.2616,34.9614,24.1115,1.61629,0.266667
1.1186,20.8952,20.8952,1.09779,22.9386,34.9614,24.0766,1.09779,0.116667
1.1188,17.8983,17.8983,2,35.7967,34.9614,24.16,2.31479,0.273333
1.119,10.7195,10.7195,2,21.439,34.9614,24.1523,2.20436,0.416667
1.1192,20.4917,20.4917,0.482267,9.88249,34.9614,24.034,0.482267,0.286813
1.1194,19.1713,19.1713,2,38.3426,34.9614,24.1494,2.16274,0.269681
1.1196,16.3424,16.3424,1.85786,30.3619,34.9614,24.1294,1.85786,0.266667
1.1198,18.5155,18.5155,1.63091,30.1971,34.9614,24.1131,1.63091,0.273333
1.12,17.9512,17.9512,2,35.9025,34.9614,24.1412,2.0373,0.266667
1.1202,15.3951,15.3951,1.97499,30.4051,34.9614,24.1372,1.97499,0.317336
1.1204,18.8652,18.8652,1.39239,26.2678,34.9614,24.0967,1.39239,0.272349
1.1206,15.396,15.396,2,30.792,34.9614,24.1777,2.57492,0.345067
1.1208,17.3851,17.3851,1.00937,17.548,34.9614,24.071,1.00937,0.273333
1.121,20.6858,20.6858,1.39357,28.8272,34.9614,24.0967,1.39357,0.196162
1.1212,15.931,15.931,2,31.8619,34.9614,24.1735,2.50859,0.310259
1.1214,17.1971,17.1971,1.14863,19.753,34.9614,24.0805,1.14863,0.273817
1.1216,19.3573,19.3573,1.98754,38.4734,34.9614,24.1373,1.98754,0.26678
1.1218,16.4166,16.4166,2,32.8332,34.9614,24.1393,2.00478,0.273333
1.122,15.299,15.299,1.86559,28.5416,34.9614,24.1294,1.86559,0.346162
1.1222,19.1609,19.1609,1.43939,27.5801,34.9614,24.0998,1.43939,0.271904
1.1224,17.813,17.813,2,35.6259,34.9614,24.1521,2.19588,0.272847
1.1226,18.3582,18.3582,1.49205,27.3914,34.9614,24.1039,1.49205,0.232815
1.1228,18.0934,18.0934,2,36.1867,34.9614,24.1455,2.10406,0.273333
1.123,13.0861,13.0861,2,26.1723,34.9614,24.1502,2.16923,0.368303
1.1232,20.3171,20.3171,0.781402,15.8758,34.9614,24.0546,0.781402,0.254238
1.1234,18.673,18.673,2,37.3459,34.9614,24.1552,2.24731,0.271907
1.1236,16.1814,16.1814,1.76461,28.5539,34.9614,24.123,1.76461,0.272778
1.1238,18.8044,18.8044,1.65523,31.1257,34.9614,24.1147,1.65523,0.273333
1.124,14.4585,14.4585,2,28.917,34.9614,24.1711,2.4767,0.352742
1.1242,17.2418,17.2418,1.01537,17.5068,34.9614,24.0713,1.01537,0.298837
1.1244,19.2907,19.2907,2,38.5813,34.9614,24.1422,2.05991,0.274519
1.1246,16.0833,16.0833,1.97809,31.8143,34.9614,24.1375,1.97809,0.278037
1.1248,18.4076,18.4076,1.5159,27.9041,34.9614,24.1052,1.5159,0.273333
1.125,17.0978,17.0978,2,34.1957,34.9614,24.1548,2.23894,0.299361
1.1252,15.6698,15.6698,1.68102,26.3414,34.9614,24.117,1.68102,0.310924
1.1254,19.2016,19.2016,1.62174,31.14,34.9614,24.1122,1.62174,0.274669
1.1256,19.5085,19.5085,1.73447,33.8371,34.9614,24.1204,1.73447,0.205811
1.1258,16.9798,16.9798,2,33.9597,34.9614,24.1479,2.13339,0.273333
1.126,18.7631,18.7631,1.42127,26.6674,34.9614,24.0989,1.42127,0.239203
1.1262,18.4258,18.4258,2,36.8516,34.9614,24.1446,2.08822,0.260795
1.1264,16.8463,16.8463,1.80996,30.4912,34.9614,24.126,1.80996,0.26988
1.1266,17.9795,17.9795,1.78503,32.0941,34.9614,24.1237,1.78503,0.282659
1.1268,17.6987,17.6987,1.93024,34.1628,34.9614,24.1338,1.93024,0.273333
1.127,18.5128,18.5128,1.68319,31.1605,34.9614,24.1169,1.68319,0.246312
1.1272,18.4733,18.4733,1.91543,35.3843,34.9614,24.1328,1.91543,0.248713
1.1274,17.2262,17.2262,1.91632,33.011,34.9614,24.1332,1.91632,0.270047
1.1276,18.2107,18.2107,1.69762,30.9149,34.9614,24.1178,1.69762,0.263644
1.1278,17.7616,17.7616,2,35.5232,34.9614,24.139,2.00479,0.273333
1.128,17.3155,17.3155,1.7744,30.7246,34.9614,24.1232,1.7744,0.273333
1.1282,6.50297,6.50297,2,13.0059,34.9614,24.206,3.1225,0.566667
1.1284,15.2066,15.2066,0.0236933,0.360294,34.9614,24.004,0.0236933,0.416667
1.1286,20.6631,20.6631,1.5629,32.2943,34.9614,24.1078,1.5629,0.266667
1.1288,20.922,20.922,1.08617,22.7247,34.9614,24.0758,1.08617,0.116667
1.129,17.9158,17.9158,2,35.8316,34.9614,24.1599,2.31351,0.273333
1.1292,8.91395,8.91395,2,17.8279,34.9614,24.1647,2.40351,0.461358
1.1294,20.6585,20.6585,0.209761,4.33335,34.9614,24.0153,0.209761,0.266667
1.1296,19.311,19.311,2,38.6221,34.9614,24.1496,2.16933,0.27942
1.1298,16.2554,16.2554,1.87371,30.4579,34.9614,24.1304,1.87371,0.266667
1.13,18.5354,18.5354,1.60647,29.7765,34.9614,24.1114,1.60647,0.273333
1.1302,16.3563,16.3563,2,32.7126,34.9614,24.1573,2.27554,0.311358
1.1304,11.8158,11.8158,1.97095,23.2882,34.9614,24.1358,1.97095,0.416667
1.1306,20.6235,20.6235,0.767743,15.8336,34.9614,24.0534,0.767743,0.275687
1.1308,16.2514,16.2514,2,32.5028,34.9614,24.192,2.7886,0.344597
1.131,16.2966,16.2966,1.01725,16.5778,34.9614,24.0718,1.01725,0.273333
1.1312,20.7271,20.7271,1.38954,28.8011,34.9614,24.0963,1.38954,0.211582
1.1314,12.4053,12.4053,2,24.8106,34.9614,24.2038,2.97524,0.399696
1.1316,18.2873,18.2873,0.222243,4.06421,34.9614,24.0169,0.222243,0.27338
1.1318,20.2206,20.2206,1.77319,35.8549,34.9614,24.1225,1.77319,0.251144
1.132,16.5486,16.5486,2,33.0972,34.9614,24.1511,2.17657,0.273333
1.1322,17.8453,17.8453,1.44947,25.8663,34.9614,24.1009,1.44947,0.268325
1.1324,14.216,14.216,2,28.432,34.9614,24.1801,2.6197,0.386709
1.1326,18.0793,18.0793,0.769187,13.9063,34.9614,24.0543,0.769187,0.272153
1.1328,19.7755,19.7755,1.91948,37.9587,34.9614,24.1328,1.91948,0.250406
1.133,16.3701,16.3701,2,32.7401,34.9614,24.1447,2.08373,0.273333
1.1332,17.0375,17.0375,1.60227,27.2987,34.9614,24.1115,1.60227,0.298098
1.1334,18.1413,18.1413,1.95051,35.3848,34.9614,24.1349,1.95051,0.287453
1.1336,17.2133,17.2133,1.86537,32.1091,34.9614,24.1295,1.86537,0.273262
1.1338,17.361,17.361,1.84543,32.0384,34.9614,24.1281,1.84543,0.289842
1.134,17.9283,17.9283,1.80441,32.35,34.9614,24.1251,1.80441,0.273333
1.1342,17.6314,17.6314,1.9192,33.8382,34.9614,24.1331,1.9192,0.274697
1.1344,18.9644,18.9644,1.62128,30.7465,34.9614,24.1126,1.62128,0.234793
1.1346,17.4866,17.4866,2,34.9732,34.9614,24.1473,2.12789,0.273911
1.1348,16.6383,16.6383,1.71761,28.5781,34.9614,24.1194,1.71761,0.28745
1.135,18.6319,18.6319,1.75785,32.7521,34.9614,24.1218,1.75785,0.273333
1.1352,18.1475,18.1475,1.92383,34.9127,34.9614,24.1334,1.92383,0.251948
1.1354,18.3473,18.3473,1.74546,32.0245,34.9614,24.1212,1.74546,0.244092
1.1356,17.5638,17.5638,2,35.1277,34.9614,24.1387,2.00182,0.273544
1.1358,17.5109,17.5109,1.73769,30.4286,34.9614,24.1208,1.73769,0.271494
1.136,18.0811,18.0811,1.88502,34.0833,34.9614,24.1306,1.88502,0.273333
1.1362,17.6518,17.6518,1.86168,32.862,34.9614,24.1292,1.86168,0.266905
1.1364,18.5405,18.5405,1.73096,32.0928,34.9614,24.1201,1.73096,0.250297
1.1366,17.5031,17.5031,2,35.0061,34.9614,24.1406,2.02956,0.272995
1.1368,17.7847,17.7847,1.67839,29.8497,34.9614,24.1166,1.67839,0.263543
1.137,18.0336,18.0336,1.95547,35.264,34.9614,24.1355,1.95547,0.273333
1.1372,18.0669,18.0669,1.74883,31.5959,34.9614,24.1215,1.74883,0.252167
1.1374,18.0625,18.0625,1.91456,34.5818,34.9614,24.1327,1.91456,0.264018
1.1376,17.3524,17.3524,1.87271,32.4961,34.9614,24.13,1.87271,0.273233
1.1378,18.2148,18.2148,1.74557,31.7952,34.9614,24.1211,1.74557,0.26391
1.138,17.6564,17.6564,1.98131,34.9828,34.9614,24.1374,1.98131,0.273333
1.1382,17.4304,17.4304,1.77262,30.8974,34.9614,24.1231,1.77262,0.273333
1.1384,6.44031,6.44031,2,12.8806,34.9614,24.2064,3.14011,0.566667
1.1386,15.145,15.145,0.0218572,0.331028,34.9614,24.0039,0.0218572,0.416667
1.1388,20.6728,20.6728,1.55604,32.1677,34.9614,24.1074,1.55604,0.266667
1.139,20.9228,20.9228,1.08651,22.7328,34.9614,24.0758,1.08651,0.116667
1.1392,17.9104,17.9104,2,35.8208,34.9614,24.16,2.31532,0.273333
1.1394,10.711,10.711,2,21.4221,34.9614,24.1523,2.20666,0.416667
1.1396,15.968,15.968,1.00162,15.9939,34.9614,24.0696,1.00162,0.409744
1.1398,19.8723,19.8723,1.8641,37.044,34.9614,24.1287,1.8641,0.272228
1.14,16.7251,16.7251,2,33.4503,34.9614,24.1446,2.08263,0.266667
1.1402,17.7691,17.7691,1.55999,27.7196,34.9614,24.1085,1.55999,0.273333
1.1404,16.7521,16.7521,2,33.5042,34.9614,24.1534,2.21845,0.315978
1.1406,14.0039,14.0039,1.83821,25.7421,34.9614,24.1275,1.83821,0.359453
1.1408,19.7744,19.7744,1.24682,24.6552,34.9614,24.0864,1.24682,0.276254
1.141,15.2253,15.2253,2,30.4506,34.9614,24.1868,2.70844,0.347473
1.1412,17.1504,17.1504,0.890628,15.2746,34.9614,24.0629,0.890628,0.273333
1.1414,20.5576,20.5576,1.5018,30.8735,34.9614,24.1041,1.5018,0.213381
1.1416,14.2595,14.2595,2,28.5189,34.9614,24.1835,2.66074,0.346955
1.1418,17.8518,17.8518,0.759798,13.5638,34.9614,24.0538,0.759798,0.274502
1.142,20.7189,20.7189,1.38935,28.7857,34.9614,24.0964,1.38935,0.197473
1.1422,17.2905,17.2905,2,34.581,34.9614,24.1589,2.29596,0.273333
1.1424,13.2845,13.2845,1.8911,25.1223,34.9614,24.1315,1.8911,0.363381
1.1426,17.9598,17.9598,1.35916,24.4101,34.9614,24.0941,1.35916,0.337518
1.1428,18.5291,18.5291,2,37.0582,34.9614,24.1449,2.09409,0.27341
1.143,18.7032,18.7032,1.58525,29.6493,34.9614,24.1103,1.58525,0.217691
1.1432,17.725,17.725,2,35.45,34.9614,24.146,2.10918,0.273333
1.1434,13.8885,13.8885,2,27.7769,34.9614,24.1418,2.04844,0.353904
1.1436,18.6935,18.6935,1.19462,22.3315,34.9614,24.083,1.19462,0.297818
1.1438,18.4702,18.4702,2,36.9404,34.9614,24.1513,2.18981,0.272768
1.144,16.8295,16.8295,1.72766,29.0756,34.9614,24.1203,1.72766,0.262997
1.1442,18.5033,18.5033,1.78352,33.0009,34.9614,24.1235,1.78352,0.273333
1.1444,16.3686,16.3686,2,32.7371,34.9614,24.1477,2.13278,0.300537
1.1446,18.4879,18.4879,1.39693,25.8263,34.9614,24.0972,1.39693,0.257024
1.1448,18.1872,18.1872,2,36.3745,34.9614,24.1484,2.14527,0.273727
1.145,18.5913,18.5913,1.53608,28.5577,34.9614,24.1069,1.53608,0.22347
1.1452,17.877,17.877,2,35.754,34.9614,24.1466,2.1179,0.273333
1.1454,16.8809,16.8809,1.73443,29.2787,34.9614,24.1207,1.73443,0.27541
1.1456,15.9226,15.9226,2,31.8452,34.9614,24.1447,2.09257,0.340665
1.1458,18.2375,18.2375,1.41868,25.8732,34.9614,24.0987,1.41868,0.273532
1.146,17.6373,17.6373,2,35.2746,34.9614,24.1538,2.22295,0.292632
1.1462,16.865,16.865,1.62313,27.3741,34.9614,24.113,1.62313,0.273333
1.1464,19.1269,19.1269,1.76528,33.7642,34.9614,24.1223,1.76528,0.258963
1.1466,18.2819,18.2819,1.91196,34.9544,34.9614,24.1327,1.91196,0.240136
1.1468,17.228,17.228,1.90631,32.8419,34.9614,24.1324,1.90631,0.27322
1.147,16.862,16.862,1.86687,31.4792,34.9614,24.1294,1.86687,0.300037
1.1472,18.1851,18.1851,1.71044,31.1046,34.9614,24.1186,1.71044,0.273333
1.1474,17.9644,17.9644,1.96395,35.2812,34.9614,24.1361,1.96395,0.266844
1.1476,15.4262,15.4262,2,30.8523,34.9614,24.1413,2.03939,0.320758
1.1478,18.671,18.671,1.36285,25.4457,34.9614,24.0947,1.36285,0.27336
1.148,20.0061,20.0061,1.6626,33.2622,34.9614,24.1153,1.6626,0.203469
1.1482,16.9186,16.9186,2,33.8373,34.9614,24.1525,2.20038,0.273333
1.1484,17.3706,17.3706,1.51802,26.3689,34.9614,24.1057,1.51802,0.273333
1.1486,7.15099,7.15099,2,14.302,34.9614,24.2175,3.30134,0.566667
1.1488,14.5476,14.5476,0.00365844,0.0532216,34.9614,24.0028,0.00365844,0.416667
1.149,20.7609,20.7609,1.49647,31.068,34.9614,24.1033,1.49647,0.266667
1.1492,20.9533,20.9533,1.07262,22.475,34.9614,24.0748,1.07262,0.116667
1.1494,17.9379,17.9379,2,35.8757,34.9614,24.16,2.31403,0.273333
1.1496,7.87676,7.87676,2,15.7535,34.9614,24.1707,2.51557,0.487032
1.1498,17.1655,17.1655,0.283536,4.86703,34.9614,24.021,0.283536,0.405988
1.15,19.9553,19.9553,1.94245,38.7622,34.9614,24.1339,1.94245,0.276199
1.1502,16.6584,16.6584,2,33.3168,34.9614,24.1415,2.03686,0.26265
1.1504,17.9244,17.9244,1.57684,28.2638,34.9614,24.1096,1.57684,0.273333
1.1506,15.039,15.039,2,30.078,34.9614,24.167,2.41909,0.356507
1.1508,12.9795,12.9795,1.57487,20.4411,34.9614,24.1092,1.57487,0.399876
1.151,20.4881,20.4881,1.21593,24.9121,34.9614,24.0841,1.21593,0.279811
1.1512,14.8245,14.8245,2,29.6489,34.9614,24.1914,2.7768,0.352812
1.1514,17.2472,17.2472,0.77644,13.3914,34.9614,24.0551,0.77644,0.273333
1.1516,20.0587,20.0587,1.80596,36.2251,34.9614,24.1248,1.80596,0.24728
1.1518,16.4429,16.4429,2,32.8858,34.9614,24.1502,2.1645,0.275378
1.152,17.9263,17.9263,1.43979,25.8101,34.9614,24.1002,1.43979,0.268696
1.1522,20.1862,20.1862,1.57599,31.8132,34.9614,24.1093,1.57599,0.202812
1.1524,17.0548,17.0548,2,34.1096,34.9614,24.1548,2.23508,0.273333
1.1526,19.1835,19.1835,1.28284,24.6093,34.9614,24.0894,1.28284,0.219286
1.1528,19.1991,19.1991,1.9589,37.6092,34.9614,24.1357,1.9589,0.235265
1.153,16.8588,16.8588,1.967,33.1613,34.9614,24.1366,1.967,0.266142
1.1532,14.9291,14.9291,1.98387,29.6173,34.9614,24.1372,1.98387,0.351072
1.1534,19.0763,19.0763,1.30878,24.9666,34.9614,24.0909,1.30878,0.273333
1.1536,17.4044,17.4044,2,34.8088,34.9614,24.1617,2.34085,0.293425
1.1538,18.1181,18.1181,1.358,24.6044,34.9614,24.0948,1.358,0.236969
1.154,18.6434,18.6434,2,37.2869,34.9614,24.1433,2.07293,0.267179
1.1542,17.9741,17.9741,1.70665,30.6756,34.9614,24.1187,1.70665,0.237775
1.1544,17.8734,17.8734,1.96734,35.1631,34.9614,24.1363,1.96734,0.273333
1.1546,17.9601,17.9601,1.73923,31.2367,34.9614,24.1208,1.73923,0.256628
1.1548,17.0078,17.0078,2,34.0155,34.9614,24.1423,2.05562,0.29479
1.155,17.7262,17.7262,1.61396,28.6094,34.9614,24.1122,1.61396,0.271405
1.1552,19.6385,19.6385,1.69205,33.2294,34.9614,24.1173,1.69205,0.225035
1.1554,17.0114,17.0114,2,34.0228,34.9614,24.1499,2.16291,0.273333
1.1556,19.5845,19.5845,1.28,25.0681,34.9614,24.0892,1.28,0.211691
1.1558,16.7312,16.7312,2,33.4623,34.9614,24.1702,2.46637,0.307647
1.156,16.748,16.748,1.31745,22.0647,34.9614,24.0922,1.31745,0.27487
1.1562,18.1615,18.1615,2,36.3229,34.9614,24.1481,2.1474,0.30814
1.1564,16.709,16.709,1.75307,29.2919,34.9614,24.122,1.75307,0.273333
1.1566,18.4214,18.4214,1.7634,32.4844,34.9614,24.1222,1.7634,0.276011
1.1568,19.5129,19.5129,1.65731,32.339,34.9614,24.1151,1.65731,0.210888
1.157,17.5677,17.5677,2,35.1353,34.9614,24.1458,2.10194,0.261742
1.1572,16.4021,16.4021,1.77252,29.073,34.9614,24.1232,1.77252,0.293609
1.1574,18.6644,18.6644,1.68794,31.5044,34.9614,24.1169,1.68794,0.273333
1.1576,16.3345,16.3345,2,32.669,34.9614,24.154,2.22253,0.305043
1.1578,16.4568,16.4568,1.53283,25.2255,34.9614,24.1067,1.53283,0.304538
1.158,19.1705,19.1705,1.79619,34.434,34.9614,24.1242,1.79619,0.269768
1.1582,16.6379,16.6379,2,33.2758,34.9614,24.147,2.11996,0.282725
1.1584,17.735,17.735,1.51974,26.9526,34.9614,24.1057,1.51974,0.273333
1.1586,18.3837,18.3837,2,36.7673,34.9614,24.1392,2.01268,0.273333
1.1588,5.20561,5.20561,2,10.4112,34.9614,24.2076,3.13741,0.566667
1.159,14.9737,14.9737,0.0166282,0.248985,34.9614,24.0036,0.0166282,0.416667
1.1592,20.6961,20.6961,1.54151,31.9033,34.9614,24.1064,1.54151,0.266667
1.1594,20.9317,20.9317,1.08248,22.6581,34.9614,24.0755,1.08248,0.116667
1.1596,17.9136,17.9136,2,35.8273,34.9614,24.1602,2.31562,0.273333
1.1598,10.709,10.709,2,21.418,34.9614,24.1525,2.20638,0.416667
1.16,15.92,15.92,1.00781,16.0443,34.9614,24.0701,1.00781,0.411155
1.1602,19.9617,19.9617,1.82426,36.4153,34.9614,24.1259,1.82426,0.268156
1.1604,16.7959,16.7959,2,33.5918,34.9614,24.146,2.10419,0.266667
1.1606,17.6816,17.6816,1.55786,27.5455,34.9614,24.1084,1.55786,0.273333
1.1608,18.5591,18.5591,1.9546,36.2757,34.9614,24.1354,1.9546,0.266667
1.161,17.4193,17.4193,1.86623,32.5084,34.9614,24.1296,1.86623,0.261155
1.1612,17.6388,17.6388,1.82725,32.2305,34.9614,24.1267,1.82725,0.278899
1.1614,14.9263,14.9263,2,29.8526,34.9614,24.1513,2.18519,0.347345
1.1616,18.6496,18.6496,1.18352,22.0721,34.9614,24.0825,1.18352,0.273333
1.1618,20.2635,20.2635,1.58695,32.1572,34.9614,24.1101,1.58695,0.197645
1.162,19.4182,19.4182,1.76042,34.184,34.9614,24.1223,1.76042,0.19827
1.1622,16.6565,16.6565,2,33.313,34.9614,24.1495,2.15733,0.281128
1.1624,20.1571,20.1571,1.14824,23.1452,34.9614,24.08,1.14824,0.197345
1.1626,17.9929,17.9929,2,35.9858,34.9614,24.1583,2.29015,0.273333
1.1628,17.2308,17.2308,1.55485,26.7913,34.9614,24.1085,1.55485,0.254068
1.163,19.4468,19.4468,1.75928,34.2124,34.9614,24.1218,1.75928,0.244379
1.1632,16.9253,16.9253,2,33.8506,34.9614,24.1472,2.12276,0.273853
1.1634,15.6799,15.6799,1.76624,27.6945,34.9614,24.1227,1.76624,0.320805
1.1636,19.0845,19.0845,1.56942,29.9517,34.9614,24.1087,1.56942,0.273333
1.1638,16.7463,16.7463,2,33.4925,34.9614,24.1574,2.27229,0.295533
1.164,18.9437,18.9437,1.25335,23.743,34.9614,24.0874,1.25335,0.229415
1.1642,18.2718,18.2718,2,36.5437,34.9614,24.1526,2.20555,0.272494
1.1644,17.0915,17.0915,1.66876,28.5217,34.9614,24.1163,1.66876,0.258216
1.1646,18.4589,18.4589,1.8542,34.2264,34.9614,24.1284,1.8542,0.273333
1.1648,18.3815,18.3815,1.8081,33.2355,34.9614,24.1255,1.8081,0.242274
1.165,17.4414,17.4414,1.97036,34.3658,34.9614,24.1366,1.97036,0.27269
1.1652,17.64,17.64,1.74083,30.7082,34.9614,24.1209,1.74083,0.272265
1.1654,18.8484,18.8484,1.77363,33.4301,34.9614,24.123,1.77363,0.248224
1.1656,17.2314,17.2314,2,34.4628,34.9614,24.142,2.04848,0.273333
1.1658,17.0417,17.0417,1.7218,29.3423,34.9614,24.1196,1.7218,0.286219
1.166,17.8327,17.8327,1.89493,33.7917,34.9614,24.1313,1.89493,0.289024
1.1662,17.5255,17.5255,1.85233,32.4631,34.9614,24.1285,1.85233,0.273493
1.1664,17.9331,17.9331,1.81121,32.4806,34.9614,24.1257,1.81121,0.27029
1.1666,17.6767,17.6767,1.90971,33.7572,34.9614,24.1324,1.90971,0.273333
1.1668,16.7828,16.7828,1.91468,32.1338,34.9614,24.1329,1.91468,0.294536
1.167,19.3516,19.3516,1.49804,28.9895,34.9614,24.104,1.49804,0.237112
1.1672,17.6087,17.6087,2,35.2174,34.9614,24.1521,2.19784,0.272831
1.1674,16.7294,16.7294,1.65439,27.677,34.9614,24.1152,1.65439,0.278631
1.1676,18.7005,18.7005,1.80184,33.6953,34.9614,24.1247,1.80184,0.273333
1.1678,18.2346,18.2346,1.88068,34.2933,34.9614,24.1305,1.88068,0.245917
1.168,18.2334,18.2334,1.79754,32.7752,34.9614,24.1248,1.79754,0.248401
1.1682,17.5347,17.5347,1.9591,34.3522,34.9614,24.1358,1.9591,0.272888
1.1684,17.4489,17.4489,1.78031,31.0645,34.9614,24.1236,1.78031,0.276407
1.1686,18.0193,18.0193,1.8534,33.397,34.9614,24.1285,1.8534,0.273333
1.1688,17.5195,17.5195,1.89924,33.2739,34.9614,24.1319,1.89924,0.273333
1.169,6.05387,6.05387,2,12.1077,34.9614,24.2029,3.07197,0.566667
1.1692,15.3496,15.3496,0.0305147,0.468389,34.9614,24.0044,0.0305147,0.416667
1.1694,20.6423,20.6423,1.57655,32.5436,34.9614,24.1088,1.57655,0.266667
1.1696,20.9147,20.9147,1.08929,22.7821,34.9614,24.076,1.08929,0.116667
1.1698,17.9149,17.9149,2,35.8299,34.9614,24.16,2.31493,0.273333
1.17,10.7068,10.7068,2,21.4136,34.9614,24.1526,2.21154,0.416667
1.1702,20.9889,20.9889,0.380434,7.98492,34.9614,24.0269,0.380434,0.266667
1.1704,19.2967,19.2967,2,38.5935,34.9614,24.1473,2.13112,0.267793
1.1706,16.3542,16.3542,1.89038,30.9155,34.9614,24.1316,1.89038,0.266667
1.1708,18.4389,18.4389,1.61399,29.7602,34.9614,24.112,1.61399,0.273333
1.171,18.032,18.032,2,36.0639,34.9614,24.1409,2.0321,0.266667
1.1712,12.1013,12.1013,2,24.2026,34.9614,24.1613,2.33634,0.398768
1.1714,19.781,19.781,0.609808,12.0626,34.9614,24.0429,0.609808,0.278579
1.1716,16.6898,16.6898,2,33.3797,34.9614,24.1918,2.79662,0.349641
1.1718,15.9885,15.9885,1.08758,17.3887,34.9614,24.0767,1.08758,0.273333
1.172,20.9284,20.9284,1.23805,25.9103,34.9614,24.0859,1.23805,0.199759
1.1722,16.3543,16.3543,2,32.7086,34.9614,24.1747,2.52982,0.307835
1.1724,16.8873,16.8873,1.20777,20.3961,34.9614,24.0847,1.20777,0.273423
1.1726,15.9722,15.9722,2,31.9445,34.9614,24.1749,2.54542,0.372745
1.1728,17.0962,17.0962,1.12962,19.3122,34.9614,24.0793,1.12962,0.273333
1.173,16.8681,16.8681,2,33.7362,34.9614,24.172,2.49975,0.349759
1.1732,19.2769,19.2769,1.02458,19.7508,34.9614,24.0718,1.02458,0.203977
1.1734,18.7215,18.7215,2,37.443,34.9614,24.1509,2.18366,0.265795
1.1736,18.2297,18.2297,1.59145,29.0116,34.9614,24.1109,1.59145,0.222745
1.1738,17.9657,17.9657,2,35.9314,34.9614,24.1421,2.05252,0.273333
1.174,16.3015,16.3015,1.86562,30.4125,34.9614,24.1296,1.86562,0.293247
1.1742,20.467,20.467,1.2431,25.4426,34.9614,24.0864,1.2431,0.203455
1.1744,18.0534,18.0534,2,36.1068,34.9614,24.1541,2.22714,0.262841
1.1746,19.8127,19.8127,1.2704,25.17,34.9614,24.0886,1.2704,0.18253
1.1748,17.8625,17.8625,2,35.725,34.9614,24.1569,2.26699,0.273333
1.175,18.4783,18.4783,1.42018,26.2426,34.9614,24.0991,1.42018,0.224133
1.1752,19.7411,19.7411,1.74881,34.5233,34.9614,24.1213,1.74881,0.216445
1.1754,17.0467,17.0467,2,34.0935,34.9614,24.147,2.11878,0.267567
1.1756,18.0845,18.0845,1.52141,27.5139,34.9614,24.1059,1.52141,0.257492
1.1758,18.1921,18.1921,2,36.3842,34.9614,24.1423,2.05755,0.273333
1.176,17.4352,17.4352,1.75288,30.5618,34.9614,24.122,1.75288,0.260434
1.1762,19.2515,19.2515,1.6816,32.3733,34.9614,24.1166,1.6816,0.237847
1.1764,17.2585,17.2585,2,34.5171,34.9614,24.1474,2.12762,0.272336
1.1766,17.9929,17.9929,1.54254,27.7547,34.9614,24.1074,1.54254,0.255832
1.1768,18.1885,18.1885,2,36.377,34.9614,24.1413,2.04226,0.273333
1.177,16.4036,16.4036,1.88114,30.8575,34.9614,24.1307,1.88114,0.287647
1.1772,16.7206,16.7206,1.82596,30.5313,34.9614,24.1265,1.82596,0.318629
1.1774,18.43,18.43,1.70192,31.3664,34.9614,24.118,1.70192,0.271253
1.1776,18.9992,18.9992,1.80618,34.3159,34.9614,24.1253,1.80618,0.232246
1.1778,17.0609,17.0609,2,34.1218,34.9614,24.1423,2.05246,0.273333
1.178,16.9669,16.9669,1.70916,28.9991,34.9614,24.1187,1.70916,0.290659
1.1782,19.5866,19.5866,1.61624,31.6567,34.9614,24.112,1.61624,0.236466
1.1784,17.5004,17.5004,2,35.0009,34.9614,24.1483,2.14051,0.265183
1.1786,15.9959,15.9959,1.77717,28.4274,34.9614,24.1235,1.77717,0.302623
1.1788,18.8867,18.8867,1.61591,30.5192,34.9614,24.112,1.61591,0.273333
1.179,17.5662,17.5662,2,35.1323,34.9614,24.1466,2.11677,0.273333
1.1792,5.4579,5.4579,2,10.9158,34.9614,24.1942,2.93562,0.566667
1.1794,15.7287,15.7287,0.0537391,0.845249,34.9614,24.0059,0.0537391,0.416667
1.1796,20.5853,20.5853,1.61292,33.2024,34.9614,24.1113,1.61292,0.266667
1.1798,20.8966,20.8966,1.09759,22.9358,34.9614,24.0766,1.09759,0.116667
1.18,17.8976,17.8976,2,35.7951,34.9614,24.1601,2.31578,0.273333
1.1802,5.78955,5.78955,2,11.5791,34.9614,24.1833,2.73794,0.539909
1.1804,16.7887,16.7887,0.102517,1.72113,34.9614,24.0089,0.102517,0.399309
1.1806,20.1451,20.1451,1.87111,37.6936,34.9614,24.1289,1.87111,0.278946
1.1808,16.5857,16.5857,2,33.1714,34.9614,24.1458,2.10074,0.266667
1.181,17.8191,17.8191,1.52268,27.1328,34.9614,24.1059,1.52268,0.273333
1.1812,13.9241,13.9241,2,27.8481,34.9614,24.1778,2.5847,0.389909
1.1814,14.5141,14.5141,1.13878,16.5284,34.9614,24.0798,1.13878,0.368757
1.1816,20.3042,20.3042,1.61681,32.8281,34.9614,24.1116,1.61681,0.274218
1.1818,13.7658,13.7658,2,27.5315,34.9614,24.182,2.64076,0.353992
1.182,18.2588,18.2588,0.681152,12.437,34.9614,24.0483,0.681152,0.273333
1.1822,20.0125,20.0125,1.81836,36.3901,34.9614,24.1258,1.81836,0.239908
1.1824,16.7297,16.7297,2,33.4593,34.9614,24.1471,2.12022,0.267953
1.1826,17.5293,17.5293,1.55407,27.2418,34.9614,24.1081,1.55407,0.277454
1.1828,20.2228,20.2228,1.52263,30.7919,34.9614,24.1056,1.52263,0.203992
1.183,17.1595,17.1595,2,34.3191,34.9614,24.156,2.25128,0.273333
1.1832,18.9757,18.9757,1.30695,24.8003,34.9614,24.0911,1.30695,0.222738
1.1834,12.6706,12.6706,2,25.3413,34.9614,24.2038,2.97804,0.417953
1.1836,18.0671,18.0671,0.271603,4.90708,34.9614,24.0203,0.271603,0.274391
1.1838,19.8054,19.8054,1.99609,39.5334,34.9614,24.1376,1.99609,0.273634
1.184,16.1742,16.1742,2,32.3484,34.9614,24.1423,2.04823,0.273333
1.1842,19.3019,19.3019,1.34334,25.929,34.9614,24.0934,1.34334,0.241843
1.1844,17.98,17.98,2,35.96,34.9614,24.1532,2.21422,0.271565
1.1846,16.7686,16.7686,1.67338,28.0603,34.9614,24.1165,1.67338,0.270824
1.1848,17.4045,17.4045,1.96463,34.1934,34.9614,24.136,1.96463,0.307982
1.185,17.6257,17.6257,1.74182,30.7009,34.9614,24.121,1.74182,0.273333
1.1852,19.0141,19.0141,1.7427,33.1358,34.9614,24.1209,1.7427,0.243188
1.1854,19.5581,19.5581,1.66517,32.5677,34.9614,24.1156,1.66517,0.200674
1.1856,17.0695,17.0695,2,34.139,34.9614,24.1507,2.17285,0.274639
1.1858,16.1858,16.1858,1.68127,27.2127,34.9614,24.117,1.68127,0.302307
1.186,18.9564,18.9564,1.70242,32.2718,34.9614,24.1178,1.70242,0.273333
1.1862,17.1072,17.1072,2,34.2145,34.9614,24.1472,2.1244,0.279465
1.1864,14.378,14.378,1.9237,27.659,34.9614,24.1336,1.9237,0.350674
1.1866,19.503,19.503,1.2516,24.41,34.9614,24.0869,1.2516,0.27391
1.1868,17.2398,17.2398,2,34.4795,34.9614,24.1655,2.39629,0.296309
1.187,16.6563,16.6563,1.44343,24.0422,34.9614,24.1008,1.44343,0.273333
1.1872,18.8635,18.8635,1.9275,36.3594,34.9614,24.1332,1.9275,0.281102
1.1874,15.444,15.444,2,30.888,34.9614,24.1484,2.13881,0.309501
1.1876,18.425,18.425,1.30448,24.035,34.9614,24.0908,1.30448,0.273552
1.1878,17.7884,17.7884,2,35.5767,34.9614,24.157,2.27184,0.292149
1.188,16.6277,16.6277,1.61469,26.8486,34.9614,24.1125,1.61469,0.273333
1.1882,18.6121,18.6121,1.84259,34.2945,34.9614,24.1275,1.84259,0.280127
1.1884,19.916,19.916,1.51097,30.0925,34.9614,24.105,1.51097,0.187499
1.1886,17.2916,17.2916,2,34.5831,34.9614,24.1549,2.23674,0.273342
1.1888,17.7077,17.7077,1.48319,26.2638,34.9614,24.1034,1.48319,0.25588
1.189,18.4564,18.4564,2,36.9128,34.9614,24.1402,2.02608,0.273333
1.1892,16.8328,16.8328,1.86704,31.4274,34.9614,24.1297,1.86704,0.273333
1.1894,6.58766,6.58766,2,13.1753,34.9614,24.1968,2.97945,0.566667
1.1896,15.7077,15.7077,0.0524746,0.824257,34.9614,24.0058,0.0524746,0.416667
1.1898,20.5898,20.5898,1.60988,33.1471,34.9614,24.1111,1.60988,0.266667
1.19,20.8992,20.8992,1.09572,22.8997,34.9614,24.0765,1.09572,0.116667
1.1902,17.9014,17.9014,2,35.8028,34.9614,24.1599,2.31415,0.273333
1.1904,10.7081,10.7081,2,21.4161,34.9614,24.1525,2.20828,0.416667
1.1906,20.9873,20.9873,0.381291,8.00228,34.9614,24.027,0.381291,0.266667
1.1908,19.1007,19.1007,2,38.2014,34.9614,24.1521,2.20462,0.275911
1.191,17.7849,17.7849,1.65272,29.3934,34.9614,24.1152,1.65272,0.227881
1.1912,18.0946,18.0946,1.96998,35.6458,34.9614,24.1365,1.96998,0.273333
1.1914,17.4584,17.4584,1.81667,31.716,34.9614,24.1262,1.81667,0.266667
1.1916,14.6573,14.6573,2,29.3146,34.9614,24.1529,2.21045,0.357841
1.1918,18.6183,18.6183,1.13606,21.1515,34.9614,24.0792,1.13606,0.276831
1.192,17.688,17.688,2,35.3761,34.9614,24.1644,2.38454,0.301843
1.1922,16.4157,16.4157,1.52537,25.04,34.9614,24.1065,1.52537,0.273333
1.1924,20.6937,20.6937,1.30328,26.9698,34.9614,24.0905,1.30328,0.197845
1.1926,16.0124,16.0124,2,32.0248,34.9614,24.1763,2.54923,0.313915
1.1928,17.1107,17.1107,1.12969,19.3298,34.9614,24.0793,1.12969,0.272389
1.193,20.0901,20.0901,1.7178,34.5108,34.9614,24.1189,1.7178,0.234224
1.1932,16.7295,16.7295,2,33.459,34.9614,24.1517,2.18732,0.273333
1.1934,15.6756,15.6756,1.68754,26.4532,34.9614,24.1173,1.68754,0.319624
1.1936,19.3732,19.3732,1.58541,30.7144,34.9614,24.1097,1.58541,0.268561
1.1938,17.3587,17.3587,2,34.7175,34.9614,24.1509,2.17873,0.2742
1.194,17.6943,17.6943,1.54441,27.3272,34.9614,24.1075,1.54441,0.259151
1.1942,18.3553,18.3553,1.99932,36.6981,34.9614,24.1384,1.99932,0.273333
1.1944,17.032,17.032,1.86173,31.709,34.9614,24.1293,1.86173,0.27201
1.1946,18.9691,18.9691,1.62309,30.7885,34.9614,24.1126,1.62309,0.248146
1.1948,17.4488,17.4488,2,34.8975,34.9614,24.1476,2.13123,0.274919
1.195,18.5701,18.5701,1.48819,27.6357,34.9614,24.1036,1.48819,0.236858
1.1952,17.9885,17.9885,2,35.9769,34.9614,24.1473,2.12895,0.273333
1.1954,17.8053,17.8053,1.62981,29.0194,34.9614,24.1134,1.62981,0.248982
1.1956,18.3471,18.3471,1.94556,35.6952,34.9614,24.1347,1.94556,0.267009
1.1958,16.9525,16.9525,1.91438,32.4535,34.9614,24.1329,1.91438,0.277303
1.196,18.4112,18.4112,1.64994,30.3773,34.9614,24.1145,1.64994,0.262641
1.1962,17.7428,17.7428,2,35.4856,34.9614,24.1422,2.05294,0.273333
1.1964,17.4446,17.4446,1.71787,29.9677,34.9614,24.1194,1.71787,0.267147
1.1966,17.8923,17.8923,1.92217,34.3921,34.9614,24.1332,1.92217,0.280769
1.1968,17.4614,17.4614,1.84091,32.145,34.9614,24.1278,1.84091,0.272683
1.197,18.1693,18.1693,1.78646,32.4587,34.9614,24.1239,1.78646,0.265477
1.1972,17.5867,17.5867,1.95689,34.4151,34.9614,24.1356,1.95689,0.273333
1.1974,18.192,18.192,1.69614,30.8561,34.9614,24.1178,1.69614,0.255572
1.1976,17.6179,17.6179,2,35.2358,34.9614,24.1401,2.02221,0.277342
1.1978,17.1412,17.1412,1.76771,30.3007,34.9614,24.1228,1.76771,0.279175
1.198,18.5471,18.5471,1.76913,32.8122,34.9614,24.1226,1.76913,0.26439
1.1982,17.4104,17.4104,2,34.8207,34.9614,24.1397,2.0128,0.273333
1.1984,17.6318,17.6318,1.70053,29.9833,34.9614,24.1182,1.70053,0.270114
1.1986,19.2479,19.2479,1.72772,33.2549,34.9614,24.1198,1.72772,0.237106
1.1988,16.8112,16.8112,2,33.6224,34.9614,24.1494,2.15648,0.28122
1.199,18.6808,18.6808,1.39421,26.045,34.9614,24.0971,1.39421,0.242698
1.1992,18.1153,18.1153,2,36.2306,34.9614,24.1495,2.16266,0.273333
1.1994,16.7005,16.7005,1.73579,28.9887,34.9614,24.1208,1.73579,0.273333
1.1996,7.00788,7.00788,2,14.0158,34.9614,24.2006,3.03973,0.566667
1.1998,15.4851,15.4851,0.03869,0.599118,34.9614,24.0049,0.03869,0.416667
1.2,20.6239,20.6239,1.58835,32.758,34.9614,24.1096,1.58835,0.266667
1.2002,20.9092,20.9092,1.09222,22.8375,34.9614,24.0762,1.09222,0.116667
1.2004,17.9093,17.9093,2,35.8186,34.9614,24.1599,2.31132,0.273333
1.2006,10.7139,10.7139,2,21.4278,34.9614,24.1526,2.20775,0.416667
1.2008,20.9856,20.9856,0.382497,8.02694,34.9614,24.027,0.382497,0.266667
1.201,19.3118,19.3118,2,38.6237,34.9614,24.1467,2.12463,0.26709
1.2012,16.3628,16.3628,1.89701,31.0404,34.9614,24.132,1.89701,0.266667
1.2014,18.4225,18.4225,1.60962,29.6532,34.9614,24.1117,1.60962,0.273333
1.2016,18.0592,18.0592,2,36.1184,34.9614,24.1409,2.03289,0.266667
1.2018,17.7235,17.7235,1.72622,30.5947,34.9614,24.12,1.72622,0.255807
1.202,18.0936,18.0936,1.90671,34.4992,34.9614,24.1321,1.90671,0.270095
1.2022,14.2336,14.2336,2,28.4672,34.9614,24.154,2.22812,0.352653
1.2024,18.9641,18.9641,1.03541,19.6355,34.9614,24.0722,1.03541,0.273333
1.2026,20.213,20.213,1.63304,33.0087,34.9614,24.1132,1.63304,0.203413
1.2028,17.3844,17.3844,2,34.7687,34.9614,24.1491,2.15,0.260276
1.203,17.0781,17.0781,1.63979,28.0046,34.9614,24.1141,1.63979,0.276138
1.2032,20.3482,20.3482,1.43133,29.1249,34.9614,24.0993,1.43133,0.202653
1.2034,17.3223,17.3223,2,34.6447,34.9614,24.1577,2.27617,0.273333
1.2036,14.7501,14.7501,1.76412,26.021,34.9614,24.1227,1.76412,0.327985
1.2038,19.4787,19.4787,1.42709,27.7977,34.9614,24.0988,1.42709,0.27723
1.204,18.061,18.061,2,36.122,34.9614,24.1492,2.15492,0.261885
1.2042,17.3805,17.3805,1.66572,28.9511,34.9614,24.1159,1.66572,0.257604
1.2044,18.2993,18.2993,1.90006,34.7696,34.9614,24.1315,1.90006,0.273333
1.2046,19.9303,19.9303,1.47068,29.3111,34.9614,24.1022,1.47068,0.189879
1.2048,17.0238,17.0238,2,34.0476,34.9614,24.1596,2.30576,0.28359
1.205,16.6487,16.6487,1.50746,25.0972,34.9614,24.1051,1.50746,0.283328
1.2052,18.3296,18.3296,1.96983,36.1062,34.9614,24.1361,1.96983,0.294219
1.2054,17.056,17.056,1.8804,32.0722,34.9614,24.1307,1.8804,0.273333
1.2056,18.2257,18.2257,1.71144,31.1922,34.9614,24.1187,1.71144,0.267986
1.2058,17.7747,17.7747,1.99205,35.4083,34.9614,24.1381,1.99205,0.271712
1.206,17.0001,17.0001,1.82322,30.9949,34.9614,24.1267,1.82322,0.281849
1.2062,18.0212,18.0212,1.78157,32.1061,34.9614,24.1235,1.78157,0.278309
1.2064,17.6839,17.6839,1.93994,34.3057,34.9614,24.1344,1.93994,0.273333
1.2066,16.005,16.005,1.97508,31.6111,34.9614,24.1369,1.97508,0.312409
1.2068,18.6323,18.6323,1.48309,27.6335,34.9614,24.103,1.48309,0.268683
1.207,18.598,18.598,2,37.1959,34.9614,24.1399,2.02016,0.254012
1.2072,16.5744,16.5744,1.91481,31.7368,34.9614,24.133,1.91481,0.278098
1.2074,18.2654,18.2654,1.63572,29.8771,34.9614,24.1135,1.63572,0.273333
1.2076,20.2333,20.2333,1.4883,30.1132,34.9614,24.1034,1.4883,0.18702
1.2078,17.2903,17.2903,2,34.5806,34.9614,24.1558,2.25021,0.271712
1.208,17.2622,17.2622,1.52218,26.2762,34.9614,24.1061,1.52218,0.26684
1.2082,18.53,18.53,1.96568,36.4241,34.9614,24.1359,1.96568,0.276415
1.2084,16.946,16.946,1.91111,32.3856,34.9614,24.1328,1.91111,0.273333
1.2086,15.5608,15.5608,1.97692,30.7623,34.9614,24.1368,1.97692,0.33702
1.2088,18.7817,18.7817,1.41774,26.6276,34.9614,24.0984,1.41774,0.271801
1.209,18.2409,18.2409,2,36.4818,34.9614,24.1472,2.1255,0.266359
1.2092,16.8167,16.8167,1.76637,29.7045,34.9614,24.1229,1.76637,0.271199
1.2094,18.4246,18.4246,1.76139,32.4528,34.9614,24.1222,1.76139,0.273333
1.2096,17.5001,17.5001,2,35.0003,34.9614,24.1388,2.00268,0.273333
1.2098,5.78913,5.78913,2,11.5783,34.9614,24.1983,3.00165,0.566667
1.21,15.5644,15.5644,0.0436675,0.67966,34.9614,24.0053,0.0436675,0.416667
1.2102,20.6116,20.6116,1.596,32.8962,34.9614,24.1101,1.596,0.266667
1.2104,20.9047,20.9047,1.09404,22.8706,34.9614,24.0763,1.09404,0.116667
1.2106,17.9017,17.9017,2,35.8033,34.9614,24.16,2.31517,0.273333
1.2108,7.85008,7.85008,2,15.7002,34.9614,24.1712,2.51465,0.487755
1.211,18.1393,18.1393,0.201542,3.65583,34.9614,24.0153,0.201542,0.380132
1.2112,19.854,19.854,1.98091,39.3288,34.9614,24.1367,1.98091,0.274156
1.2114,16.4492,16.4492,2,32.8985,34.9614,24.1411,2.02899,0.266667
1.2116,18.0715,18.0715,1.54487,27.9181,34.9614,24.1074,1.54487,0.273333
1.2118,13.1797,13.1797,2,26.3594,34.9614,24.1833,2.66918,0.403053
1.212,15.8535,15.8535,0.840148,13.3193,34.9614,24.0594,0.840148,0.341911
1.2122,19.9269,19.9269,1.89036,37.669,34.9614,24.1303,1.89036,0.27688
1.2124,13.5287,13.5287,2,27.0574,34.9614,24.1689,2.44221,0.345421
1.2126,18.9008,18.9008,0.771723,14.5862,34.9614,24.0543,0.771723,0.273333
1.2128,17.9033,17.9033,2,35.8065,34.9614,24.1719,2.49319,0.312188
1.213,14.1781,14.1781,1.6794,23.8106,34.9614,24.1174,1.6794,0.318741
1.2132,20.1363,20.1363,1.32268,26.634,34.9614,24.0916,1.32268,0.268216
1.2134,18.7522,18.7522,2,37.5044,34.9614,24.1415,2.04316,0.23842
1.2136,16.635,16.635,1.89997,31.6059,34.9614,24.1322,1.89997,0.273333
1.2138,19.0807,19.0807,1.54306,29.4427,34.9614,24.1071,1.54306,0.249377
1.214,17.6654,17.6654,2,35.3308,34.9614,24.1491,2.15227,0.272309
1.2142,16.736,16.736,1.6995,28.443,34.9614,24.1182,1.6995,0.280079
1.2144,20.2778,20.2778,1.42069,28.8085,34.9614,24.0986,1.42069,0.21112
1.2146,17.3744,17.3744,2,34.7487,34.9614,24.1574,2.27468,0.273333
1.2148,18.4502,18.4502,1.37291,25.3304,34.9614,24.0958,1.37291,0.232622
1.215,12.648,12.648,2,25.2959,34.9614,24.1981,2.90357,0.422309
1.2152,18.0905,18.0905,0.3359,6.0766,34.9614,24.0247,0.3359,0.27931
1.2154,18.1764,18.1764,2,36.3528,34.9614,24.1778,2.59061,0.337879
1.2156,15.5699,15.5699,1.47472,22.9613,34.9614,24.1033,1.47472,0.273333
1.2158,18.9218,18.9218,1.82379,34.5094,34.9614,24.1259,1.82379,0.296941
1.216,15.5002,15.5002,2,31.0005,34.9614,24.154,2.2219,0.313711
1.2162,18.137,18.137,1.26615,22.9642,34.9614,24.0883,1.26615,0.274769
1.2164,19.3442,19.3442,1.93715,37.4726,34.9614,24.1342,1.93715,0.245783
1.2166,16.5529,16.5529,2,33.1057,34.9614,24.141,2.03005,0.273333
1.2168,16.7787,16.7787,1.6998,28.5205,34.9614,24.118,1.6998,0.305085
1.217,19.6218,19.6218,1.60349,31.4635,34.9614,24.1112,1.60349,0.239
1.2172,17.2621,17.2621,2,34.5243,34.9614,24.1513,2.18442,0.272281
1.2174,19.9652,19.9652,1.21538,24.2653,34.9614,24.0847,1.21538,0.192748
1.2176,17.923,17.923,2,35.8459,34.9614,24.1577,2.28079,0.273333
1.2178,17.4153,17.4153,1.53641,26.7571,34.9614,24.1072,1.53641,0.250665
1.218,16.3933,16.3933,2,32.7866,34.9614,24.156,2.25825,0.332438
1.2182,17.4967,17.4967,1.39553,24.4172,34.9614,24.0973,1.39553,0.274539
1.2184,19.837,19.837,1.73055,34.3289,34.9614,24.1199,1.73055,0.229942
1.2186,16.8342,16.8342,2,33.6684,34.9614,24.1502,2.16601,0.273333
1.2188,15.5284,15.5284,1.73478,26.9384,34.9614,24.1205,1.73478,0.323222
1.219,18.6349,18.6349,1.64688,30.6895,34.9614,24.114,1.64688,0.291101
1.2192,17.6057,17.6057,2,35.2114,34.9614,24.1443,2.08401,0.273942
1.2194,15.0325,15.0325,1.94144,29.1847,34.9614,24.1347,1.94144,0.328702
1.2196,19.1126,19.1126,1.35463,25.8906,34.9614,24.094,1.35463,0.273333
1.2198,17.9772,17.9772,2,35.9543,34.9614,24.1529,2.2109,0.273333
1.22,4.93513,4.93513,2,9.87026,34.9614,24.194,2.94147,0.566667
1.2202,15.5783,15.5783,0.0445488,0.693996,34.9614,24.0053,0.0445488,0.416667
1.2204,20.6096,20.6096,1.59722,32.9181,34.9614,24.1102,1.59722,0.266667
1.2206,20.9042,20.9042,1.09383,22.8656,34.9614,24.0763,1.09383,0.116667
1.2208,17.9036,17.9036,2,35.8071,34.9614,24.16,2.31508,0.273333
1.221,10.7181,10.7181,2,21.4362,34.9614,24.1524,2.2072,0.416667
1.2212,20.0519,20.0519,0.545595,10.9402,34.9614,24.0384,0.545595,0.301372
1.2214,18.9561,18.9561,2,37.9122,34.9614,24.1541,2.2334,0.277487
1.2216,16.2718,16.2718,1.79025,29.1305,34.9614,24.1247,1.79025,0.266667
1.2218,18.7001,18.7001,1.65598,30.9669,34.9614,24.1148,1.65598,0.273333
1.222,17.8026,17.8026,2,35.6051,34.9614,24.1421,2.04838,0.266667
1.2222,18.7848,18.7848,1.56023,29.3086,34.9614,24.1085,1.56023,0.230083
1.2224,17.6543,17.6543,2,35.3086,34.9614,24.1483,2.13996,0.275621
1.2226,13.9348,13.9348,2,27.8695,34.9614,24.1391,2.00663,0.351662
1.2228,19.6016,19.6016,1.1206,21.9655,34.9614,24.0779,1.1206,0.273333
1.223,20.1057,20.1057,1.65478,33.2704,34.9614,24.1148,1.65478,0.198193
1.2232,18.5099,18.5099,1.94493,36.0005,34.9614,24.135,1.94493,0.226908
1.2234,16.8901,16.8901,1.93439,32.6719,34.9614,24.1343,1.93439,0.276568
1.2236,20.2083,20.2083,1.31131,26.4994,34.9614,24.0911,1.31131,0.201662
1.2238,17.6355,17.6355,2,35.271,34.9614,24.1582,2.28589,0.273333
1.224,17.8667,17.8667,1.4536,25.971,34.9614,24.1014,1.4536,0.243211
1.2242,19.6853,19.6853,1.75634,34.5741,34.9614,24.1217,1.75634,0.227768
1.2244,16.9308,16.9308,2,33.8616,34.9614,24.1477,2.12799,0.27081
1.2246,19.4448,19.4448,1.32359,25.7369,34.9614,24.0921,1.32359,0.220038
1.2248,17.9043,17.9043,2,35.8087,34.9614,24.1549,2.23905,0.273333
1.225,15.375,15.375,1.78812,27.4924,34.9614,24.1244,1.78812,0.305514
1.2252,17.8496,17.8496,1.68203,30.0234,34.9614,24.1164,1.68203,0.312034
1.2254,17.881,17.881,1.97878,35.3826,34.9614,24.1372,1.97878,0.276682
1.2256,16.7948,16.7948,1.86996,31.4057,34.9614,24.1298,1.86996,0.286778
1.2258,18.2128,18.2128,1.69818,30.9286,34.9614,24.1179,1.69818,0.273333
1.226,19.6597,19.6597,1.65183,32.4745,34.9614,24.1146,1.65183,0.21182
1.2262,16.5881,16.5881,2,33.1763,34.9614,24.1558,2.24892,0.286849
1.2264,17.2604,17.2604,1.45053,25.0367,34.9614,24.1011,1.45053,0.278034
1.2266,20.8451,20.8451,1.21891,25.4083,34.9614,24.0848,1.21891,0.171942
1.2268,17.6556,17.6556,2,35.3112,34.9614,24.1595,2.31175,0.273333
1.227,14.955,14.955,1.74358,26.0752,34.9614,24.1214,1.74358,0.315029
1.2272,20.9148,20.9148,1.0661,22.2972,34.9614,24.0741,1.0661,0.207999
1.2274,17.9284,17.9284,2,35.8568,34.9614,24.1603,2.31928,0.274434
1.2276,14.4906,14.4906,1.80886,26.2114,34.9614,24.1259,1.80886,0.321942
1.2278,19.6615,19.6615,1.33447,26.2377,34.9614,24.0925,1.33447,0.273333
1.228,16.415,16.415,2,32.8301,34.9614,24.1715,2.48015,0.311777
1.2282,16.3555,16.3555,1.31451,21.4995,34.9614,24.092,1.31451,0.289292
1.2284,19.4003,19.4003,1.88239,36.5189,34.9614,24.13,1.88239,0.273719
1.2286,14.4364,14.4364,2,28.8728,34.9614,24.161,2.32345,0.329928
1.2288,18.613,18.613,1.00986,18.7965,34.9614,24.0706,1.00986,0.273333
1.229,20.1006,20.1006,1.70331,34.2376,34.9614,24.118,1.70331,0.21516
1.2292,17.1445,17.1445,2,34.2889,34.9614,24.1485,2.14137,0.263398
1.2294,17.265,17.265,1.60338,27.6823,34.9614,24.1116,1.60338,0.275931
1.2296,20.6737,20.6737,1.28955,26.6598,34.9614,24.0896,1.28955,0.179928
1.2298,17.5388,17.5388,2,35.0777,34.9614,24.1595,2.3058,0.273333
1.23,16.6997,16.6997,1.55214,25.9203,34.9614,24.1082,1.55214,0.273333
1.2302,7.49935,7.49935,2,14.9987,34.9614,24.2086,3.16818,0.566667
1.2304,14.9717,14.9717,0.0165327,0.247523,34.9614,24.0036,0.0165327,0.416667
1.2306,20.6977,20.6977,1.53977,31.8697,34.9614,24.1062,1.53977,0.266667
1.2308,20.9303,20.9303,1.0839,22.6862,34.9614,24.0756,1.0839,0.116667
1.231,17.9162,17.9162,2,35.8324,34.9614,24.1601,2.31603,0.273333
1.2312,10.6991,10.6991,2,21.3981,34.9614,24.1522,2.20841,0.416667
1.2314,20.993,20.993,0.379664,7.97029,34.9614,24.0268,0.379664,0.266667
1.2316,19.0854,19.0854,2,38.1709,34.9614,24.1524,2.20925,0.276682
1.2318,16.2761,16.2761,1.8206,29.6324,34.9614,24.1269,1.8206,0.266667
1.232,18.6394,18.6394,1.63938,30.5571,34.9614,24.1136,1.63938,0.273333
1.2322,17.7804,17.7804,2,35.5608,34.9614,24.1429,2.06311,0.26951
1.2324,11.4526,11.4526,2,22.9052,34.9614,24.1622,2.35377,0.416667
1.2326,20.1375,20.1375,0.478963,9.64512,34.9614,24.0339,0.478963,0.277417
1.2328,16.8832,16.8832,2,33.7664,34.9614,24.192,2.79326,0.34936
1.233,15.8713,15.8713,1.12184,17.805,34.9614,24.0791,1.12184,0.273333
1.2332,20.9163,20.9163,1.24491,26.0389,34.9614,24.0864,1.24491,0.201991
1.2334,17.8048,17.8048,2,35.6096,34.9614,24.157,2.26921,0.266667
1.2336,16.593,16.593,1.62478,26.96,34.9614,24.1133,1.62478,0.274254
1.2338,15.889,15.889,2,31.778,34.9614,24.1499,2.17095,0.353213
1.234,18.0897,18.0897,1.35948,24.5927,34.9614,24.0947,1.35948,0.273333
1.2342,15.6592,15.6592,2,31.3184,34.9614,24.1744,2.53496,0.351991
1.2344,20.064,20.064,0.763725,15.3234,34.9614,24.0536,0.763725,0.197641
1.2346,18.6238,18.6238,2,37.2475,34.9614,24.157,2.27372,0.276623
1.2348,18.5341,18.5341,1.46825,27.2127,34.9614,24.1024,1.46825,0.210308
1.235,18.0456,18.0456,2,36.0911,34.9614,24.1474,2.13148,0.273333
1.2352,19.4015,19.4015,1.41645,27.4813,34.9614,24.0986,1.41645,0.201991
1.2354,17.3687,17.3687,2,34.7374,34.9614,24.158,2.28218,0.28358
1.2356,16.7413,16.7413,1.55676,26.0622,34.9614,24.1085,1.55676,0.276718
1.2358,20.3177,20.3177,1.47421,29.9526,34.9614,24.1022,1.47421,0.213865
1.236,17.2331,17.2331,2,34.4662,34.9614,24.157,2.2676,0.273333
1.2362,19.1771,19.1771,1.27286,24.4096,34.9614,24.0888,1.27286,0.214634
1.2364,16.7545,16.7545,2,33.509,34.9614,24.1704,2.46673,0.312712
1.2366,16.845,16.845,1.30938,22.0566,34.9614,24.0916,1.30938,0.271917
1.2368,17.4066,17.4066,2,34.8133,34.9614,24.1567,2.27233,0.328632
1.237,16.8769,16.8769,1.55256,26.2024,34.9614,24.1082,1.55256,0.273333
1.2372,18.2094,18.2094,1.96952,35.8637,34.9614,24.1362,1.96952,0.29133
1.2374,17.437,17.437,1.82798,31.8745,34.9614,24.127,1.82798,0.265297
1.2376,17.6786,17.6786,1.85505,32.7947,34.9614,24.1287,1.85505,0.279876
1.2378,17.0799,17.0799,1.92337,32.8509,34.9614,24.1335,1.92337,0.290015
1.238,17.9261,17.9261,1.71446,30.7336,34.9614,24.119,1.71446,0.273333
1.2382,20.2975,20.2975,1.43168,29.0595,34.9614,24.0995,1.43168,0.18666
1.2384,18.0631,18.0631,2,36.1262,34.9614,24.1483,2.14119,0.252535
1.2386,16.7171,16.7171,1.74884,29.2355,34.9614,24.1217,1.74884,0.275285
1.2388,20.2373,20.2373,1.40628,28.4594,34.9614,24.0976,1.40628,0.211516
1.239,17.4178,17.4178,2,34.8356,34.9614,24.1576,2.27429,0.273333
1.2392,17.9994,17.9994,1.43025,25.7435,34.9614,24.0997,1.43025,0.243997
1.2394,18.6323,18.6323,2,37.2646,34.9614,24.1407,2.03275,0.265852
1.2396,16.8568,16.8568,1.87342,31.5799,34.9614,24.1302,1.87342,0.269871
1.2398,18.1133,18.1133,1.71614,31.0848,34.9614,24.119,1.71614,0.275204
1.24,17.7658,17.7658,1.98263,35.2231,34.9614,24.1373,1.98263,0.273333
1.2402,17.3731,17.3731,1.79139,31.122,34.9614,24.1244,1.79139,0.273333
1.2404,6.41144,6.41144,2,12.8229,34.9614,24.2061,3.12294,0.566667
1.2406,15.1981,15.1981,0.0234275,0.356054,34.9614,24.004,0.0234275,0.416667
1.2408,20.6647,20.6647,1.56117,32.2612,34.9614,24.1077,1.56117,0.266667
1.241,20.9206,20.9206,1.08743,22.7496,34.9614,24.0759,1.08743,0.116667
1.2412,17.9183,17.9183,2,35.8366,34.9614,24.16,2.3147,0.273333
1.2414,10.7092,10.7092,2,21.4184,34.9614,24.1526,2.20879,0.416667
1.2416,20.9897,20.9897,0.381311,8.00359,34.9614,24.027,0.381311,0.266667
1.2418,19.1864,19.1864,2,38.3728,34.9614,24.15,2.17307,0.272386
1.242,17.0133,17.0133,1.77654,30.2247,34.9614,24.1237,1.77654,0.24891
1.2422,18.2871,18.2871,1.78758,32.6898,34.9614,24.1239,1.78758,0.273333
1.2424,15.1417,15.1417,2,30.2833,34.9614,24.156,2.25355,0.334756
1.2426,16.5611,16.5611,1.36943,22.6792,34.9614,24.0954,1.36943,0.319293
1.2428,19.1628,19.1628,1.913,36.6585,34.9614,24.1322,1.913,0.276052
1.243,14.8026,14.8026,2,29.6052,34.9614,24.1554,2.24308,0.321872
1.2432,18.5844,18.5844,1.1249,20.9055,34.9614,24.0785,1.1249,0.273333
1.2434,18.7723,18.7723,2,37.5445,34.9614,24.1484,2.14832,0.267623
1.2436,14.0389,14.0389,2,28.0778,34.9614,24.145,2.0901,0.331261
1.2438,19.3058,19.3058,1.09762,21.1905,34.9614,24.0764,1.09762,0.275593
1.244,18.1086,18.1086,2,36.2171,34.9614,24.1592,2.30652,0.281728
1.2442,16.3393,16.3393,1.64431,26.867,34.9614,24.1147,1.64431,0.273333
1.2444,19.7583,19.7583,1.58696,31.3557,34.9614,24.1099,1.58696,0.244677
1.2446,16.9799,16.9799,2,33.9598,34.9614,24.1552,2.2409,0.279495
1.2448,17.2474,17.2474,1.49896,25.8532,34.9614,24.1045,1.49896,0.272647
1.245,19.2875,19.2875,1.83181,35.3311,34.9614,24.1269,1.83181,0.252766
1.2452,16.851,16.851,2,33.702,34.9614,24.1438,2.07252,0.273333
1.2454,17.5739,17.5739,1.6036,28.1815,34.9614,24.1115,1.6036,0.277426
1.2456,19.2438,19.2438,1.78786,34.4053,34.9614,24.1239,1.78786,0.243297
1.2458,16.891,16.891,2,33.782,34.9614,24.1454,2.09758,0.27579
1.246,18.0386,18.0386,1.53163,27.6285,34.9614,24.1065,1.53163,0.262583
1.2462,18.1837,18.1837,2,36.3673,34.9614,24.1421,2.05213,0.273333
1.2464,16.7603,16.7603,1.83273,30.717,34.9614,24.1275,1.83273,0.277973
1.2466,19.7156,19.7156,1.49154,29.4066,34.9614,24.1035,1.49154,0.229242
1.2468,17.3046,17.3046,2,34.6092,34.9614,24.1556,2.24781,0.276551
1.247,17.5325,17.5325,1.49417,26.1966,34.9614,24.1041,1.49417,0.259808
1.2472,18.5321,18.5321,1.99698,37.0081,34.9614,24.1381,1.99698,0.273333
1.2474,17.0808,17.0808,1.87163,31.969,34.9614,24.13,1.87163,0.26778
1.2476,18.3714,18.3714,1.70389,31.3028,34.9614,24.1182,1.70389,0.264282
1.2478,17.6154,17.6154,2,35.2309,34.9614,24.1404,2.02665,0.274365
1.248,18.2953,18.2953,1.62644,29.7563,34.9614,24.1131,1.62644,0.24806
1.2482,17.8558,17.8558,2,35.7116,34.9614,24.1417,2.04697,0.273333
1.2484,17.3801,17.3801,1.74025,30.2457,34.9614,24.121,1.74025,0.267489
1.2486,17.6208,17.6208,1.93421,34.0823,34.9614,24.134,1.93421,0.287851
1.2488,17.5703,17.5703,1.79434,31.5271,34.9614,24.1245,1.79434,0.273197
1.249,18.8258,18.8258,1.73371,32.6384,34.9614,24.1203,1.73371,0.247342
1.2492,17.3224,17.3224,2,34.6449,34.9614,24.1431,2.06513,0.273333
1.2494,17.4658,17.4658,1.66479,29.077,34.9614,24.1157,1.66479,0.272567
1.2496,19.6196,19.6196,1.66015,32.5714,34.9614,24.1151,1.66015,0.228411
1.2498,16.9851,16.9851,2,33.9702,34.9614,24.1519,2.18953,0.276238
1.25,17.8485,17.8485,1.47955,26.4077,34.9614,24.1031,1.47955,0.26025
1.2502,18.3846,18.3846,2,36.7692,34.9614,24.1415,2.04429,0.273333
1.2504,16.8338,16.8338,1.84597,31.0747,34.9614,24.1283,1.84597,0.273333
1.2506,6.64422,6.64422,2,13.2884,34.9614,24.1975,2.99077,0.566667
1.2508,15.6702,15.6702,0.0502094,0.786789,34.9614,24.0057,0.0502094,0.416667
1.251,20.5951,20.5951,1.60674,33.091,34.9614,24.1108,1.60674,0.266667
1.2512,20.9,20.9,1.09562,22.8985,34.9614,24.0765,1.09562,0.116667
1.2514,17.9033,17.9033,2,35.8066,34.9614,24.1599,2.3134,0.273333
1.2516,10.7076,10.7076,2,21.4152,34.9614,24.1522,2.20853,0.416667
1.2518,20.3745,20.3745,0.495911,10.104,34.9614,24.0349,0.495911,0.290842
1.252,19.1646,19.1646,2,38.3291,34.9614,24.1494,2.16503,0.269967
1.2522,16.3484,16.3484,1.8572,30.3622,34.9614,24.1294,1.8572,0.266667
1.2524,18.5138,18.5138,1.63195,30.2136,34.9614,24.1132,1.63195,0.273333
1.2526,17.9566,17.9566,2,35.9133,34.9614,24.141,2.03524,0.266667
1.2528,15.7155,15.7155,1.9436,30.5447,34.9614,24.1349,1.9436,0.30916
1.253,18.7548,18.7548,1.46689,27.5111,34.9614,24.1018,1.46689,0.271934
1.2532,15.1092,15.1092,2,30.2183,34.9614,24.1756,2.55055,0.349074
1.2534,17.6311,17.6311,0.978052,17.2441,34.9614,24.0687,0.978052,0.273333
1.2536,20.5409,20.5409,1.48751,30.5548,34.9614,24.1031,1.48751,0.203673
1.2538,17.8167,17.8167,2,35.6334,34.9614,24.1495,2.15541,0.253928
1.254,16.8751,16.8751,1.69582,28.6172,34.9614,24.118,1.69582,0.274127
1.2542,20.4497,20.4497,1.36077,27.8273,34.9614,24.0945,1.36077,0.199074
1.2544,17.4528,17.4528,2,34.9055,34.9614,24.1584,2.28731,0.273333
1.2546,16.2148,16.2148,1.61288,26.1525,34.9614,24.1124,1.61288,0.288353
1.2548,19.5109,19.5109,1.65473,32.2851,34.9614,24.1146,1.65473,0.25788
1.255,17.1667,17.1667,2,34.3333,34.9614,24.1499,2.16417,0.273087
1.2552,16.0066,16.0066,1.7192,27.5187,34.9614,24.1196,1.7192,0.306245
1.2554,18.9895,18.9895,1.64936,31.3204,34.9614,24.1142,1.64936,0.273333
1.2556,16.887,16.887,2,33.774,34.9614,24.152,2.19553,0.288245
1.2558,17.4817,17.4817,1.50567,26.3217,34.9614,24.1049,1.50567,0.271227
1.256,18.6153,18.6153,1.97461,36.758,34.9614,24.1366,1.97461,0.271
1.2562,16.1707,16.1707,2,32.3413,34.9614,24.1389,2.00086,0.291264
1.2564,18.3064,18.3064,1.51519,27.7376,34.9614,24.1053,1.51519,0.273333
1.2566,19.2385,19.2385,1.85585,35.7037,34.9614,24.1286,1.85585,0.235268
1.2568,17.4233,17.4233,1.97837,34.4699,34.9614,24.1373,1.97837,0.257354
1.257,17.6587,17.6587,1.7306,30.5602,34.9614,24.1202,1.7306,0.271272
1.2572,18.9093,18.9093,1.7727,33.5204,34.9614,24.123,1.7727,0.246677
1.2574,17.1979,17.1979,2,34.3958,34.9614,24.1425,2.05589,0.273333
1.2576,17.6632,17.6632,1.63948,28.9585,34.9614,24.114,1.63948,0.270256
1.2578,18.8297,18.8297,1.85007,34.8361,34.9614,24.1282,1.85007,0.254122
1.258,17.0866,17.0866,2,34.1732,34.9614,24.1393,2.00892,0.272944
1.2582,18.7868,18.7868,1.53248,28.7903,34.9614,24.1065,1.53248,0.24419
1.2584,17.8001,17.8001,2,35.6003,34.9614,24.1477,2.13477,0.273333
1.2586,17.7209,17.7209,1.61927,28.6949,34.9614,24.1127,1.61927,0.253888
1.2588,17.7357,17.7357,2,35.4714,34.9614,24.141,2.03884,0.286385
1.259,17.1927,17.1927,1.7564,30.1973,34.9614,24.1222,1.7564,0.274502
1.2592,17.6452,17.6452,1.90217,33.5641,34.9614,24.1319,1.90217,0.289301
1.2594,17.6268,17.6268,1.81899,32.0629,34.9614,24.1262,1.81899,0.273333
1.2596,19.6028,19.6028,1.57563,30.8867,34.9614,24.1094,1.57563,0.218573
1.2598,17.9733,17.9733,2,35.9467,34.9614,24.1448,2.08936,0.254212
1.26,17.1577,17.1577,1.739,29.8372,34.9614,24.1209,1.739,0.268985
1.2602,18.2397,18.2397,1.83485,33.4672,34.9614,24.1272,1.83485,0.274612
1.2604,17.4243,17.4243,1.94197,33.8374,34.9614,24.1347,1.94197,0.273333
1.2606,17.6716,17.6716,1.75927,31.089,34.9614,24.1221,1.75927,0.273333
1.2608,6.32083,6.32083,2,12.6417,34.9614,24.2106,3.19297,0.566667
1.261,14.9406,14.9406,0.0156325,0.233559,34.9614,24.0035,0.0156325,0.416667
1.2612,20.7027,20.7027,1.5358,31.7952,34.9614,24.106,1.5358,0.266667
1.2614,20.9329,20.9329,1.08211,22.6516,34.9614,24.0755,1.08211,0.116667
1.2616,17.9095,17.9095,2,35.819,34.9614,24.1602,2.31683,0.273333
1.2618,10.7015,10.7015,2,21.403,34.9614,24.1521,2.20801,0.416667
1.262,19.8775,19.8775,0.567582,11.2821,34.9614,24.0399,0.567582,0.30714
1.2622,19.1683,19.1683,2,38.3365,34.9614,24.149,2.15813,0.269128
1.2624,16.3641,16.3641,1.85984,30.4345,34.9614,24.1295,1.85984,0.266667
1.2626,18.5004,18.5004,1.6339,30.2278,34.9614,24.1133,1.6339,0.273333
1.2628,17.9645,17.9645,2,35.9289,34.9614,24.1409,2.0341,0.266667
1.263,19.5143,19.5143,1.46279,28.5454,34.9614,24.1018,1.46279,0.204619
1.2632,17.4451,17.4451,2,34.8902,34.9614,24.1553,2.24356,0.277299
1.2634,14.128,14.128,1.87015,26.4214,34.9614,24.1298,1.87015,0.343755
1.2636,19.7426,19.7426,1.23752,24.4319,34.9614,24.0858,1.23752,0.273333
1.2638,19.9873,19.9873,1.67986,33.5759,34.9614,24.1166,1.67986,0.197001
1.264,19.0911,19.0911,1.80723,34.502,34.9614,24.1255,1.80723,0.208071
1.2642,16.9828,16.9828,2,33.9656,34.9614,24.1431,2.06375,0.274451
1.2644,20.2144,20.2144,1.22793,24.822,34.9614,24.0855,1.22793,0.193755
1.2646,17.8088,17.8088,2,35.6177,34.9614,24.1585,2.29196,0.273333
1.2648,15.7333,15.7333,1.69538,26.674,34.9614,24.1181,1.69538,0.294145
1.265,18.9243,18.9243,1.65883,31.3921,34.9614,24.1148,1.65883,0.281364
1.2652,17.7619,17.7619,2,35.5237,34.9614,24.1429,2.0606,0.264655
1.2654,14.3881,14.3881,2,28.7762,34.9614,24.1419,2.044,0.343755
1.2656,19.2683,19.2683,1.17994,22.7353,34.9614,24.0821,1.17994,0.273333
1.2658,18.1964,18.1964,2,36.3928,34.9614,24.1555,2.25018,0.274908
1.266,14.8677,14.8677,1.86136,27.6742,34.9614,24.1295,1.86136,0.312853
1.2662,19.3404,19.3404,1.37677,26.6273,34.9614,24.0955,1.37677,0.273975
1.2664,19.8808,19.8808,1.69602,33.7181,34.9614,24.1177,1.69602,0.199787
1.2666,16.8833,16.8833,2,33.7667,34.9614,24.1512,2.18217,0.273333
1.2668,17.7885,17.7885,1.48293,26.3791,34.9614,24.1033,1.48293,0.263833
1.267,18.5704,18.5704,2,37.1407,34.9614,24.139,2.00825,0.268588
1.2672,16.9855,16.9855,1.87424,31.8349,34.9614,24.1302,1.87424,0.268909
1.2674,18.0935,18.0935,1.72584,31.2265,34.9614,24.1197,1.72584,0.273361
1.2676,17.7628,17.7628,1.97574,35.0948,34.9614,24.137,1.97574,0.273333
1.2678,17.0282,17.0282,1.83799,31.2977,34.9614,24.1276,1.83799,0.282852
1.268,18.6096,18.6096,1.6931,31.5079,34.9614,24.1174,1.6931,0.260259
1.2682,17.4686,17.4686,2,34.9373,34.9614,24.1432,2.06692,0.275349
1.2684,15.9022,15.9022,1.84867,29.3979,34.9614,24.1284,1.84867,0.310098
1.2686,18.7977,18.7977,1.55991,29.3227,34.9614,24.1082,1.55991,0.273333
1.2688,17.8184,17.8184,2,35.6368,34.9614,24.1464,2.11518,0.27055
1.269,16.5174,16.5174,1.77303,29.286,34.9614,24.1233,1.77303,0.286157
1.2692,18.8965,18.8965,1.66363,31.4368,34.9614,24.1153,1.66363,0.264267
1.2694,17.5038,17.5038,2,35.0077,34.9614,24.1451,2.09535,0.271827
1.2696,17.2463,17.2463,1.6785,28.9479,34.9614,24.1167,1.6785,0.273333
1.2698,18.3429,18.3429,1.87538,34.3998,34.9614,24.1298,1.87538,0.273632
1.27,16.5453,16.5453,2,33.0905,34.9614,24.1402,2.02153,0.292324
1.2702,17.9646,17.9646,1.57475,28.2897,34.9614,24.1094,1.57475,0.275233
1.2704,18.772,18.772,1.91494,35.9472,34.9614,24.1326,1.91494,0.254227
1.2706,16.9457,16.9457,1.97141,33.407,34.9614,24.1368,1.97141,0.273333
1.2708,17.8884,17.8884,1.66496,29.7835,34.9614,24.1156,1.66496,0.273333
1.271,6.42219,6.42219,2,12.8444,34.9614,24.2171,3.29068,0.566667
1.2712,14.5964,14.5964,0.00514204,0.0750551,34.9614,24.0029,0.00514204,0.416667
1.2714,20.7545,20.7545,1.50144,31.1617,34.9614,24.1036,1.50144,0.266667
1.2716,20.9496,20.9496,1.07469,22.5143,34.9614,24.075,1.07469,0.116667
1.2718,17.9327,17.9327,2,35.8654,34.9614,24.16,2.31441,0.273333
1.272,10.685,10.685,2,21.3701,34.9614,24.1525,2.21157,0.416667
1.2722,20.9964,20.9964,0.375695,7.88825,34.9614,24.0266,0.375695,0.266667
1.2724,19.062,19.062,2,38.124,34.9614,24.1532,2.21816,0.27772
1.2726,19.3731,19.3731,1.41408,27.3951,34.9614,24.0986,1.41408,0.18143
1.2728,17.7496,17.7496,2,35.4991,34.9614,24.1536,2.22075,0.273333
1.273,17.0491,17.0491,1.61529,27.5393,34.9614,24.1125,1.61529,0.266667
1.2732,20.2436,20.2436,1.48267,30.0145,34.9614,24.1029,1.48267,0.209743
1.2734,17.0851,17.0851,2,34.1702,34.9614,24.1581,2.28424,0.277659
1.2736,14.7417,14.7417,1.73216,25.535,34.9614,24.1205,1.73216,0.33143
1.2738,19.6495,19.6495,1.4225,27.9514,34.9614,24.0985,1.4225,0.273333
1.274,19.647,19.647,1.76092,34.5968,34.9614,24.1222,1.76092,0.204492
1.2742,19.4172,19.4172,1.69408,32.8944,34.9614,24.1177,1.69408,0.19629
1.2744,17.0037,17.0037,2,34.0074,34.9614,24.1494,2.15644,0.276314
1.2746,20.3864,20.3864,1.12112,22.8556,34.9614,24.0781,1.12112,0.18143
1.2748,17.9854,17.9854,2,35.9708,34.9614,24.1589,2.29698,0.273333
1.275,16.0457,16.0457,1.67518,26.8794,34.9614,24.1167,1.67518,0.28379
1.2752,16.5993,16.5993,1.99274,33.078,34.9614,24.1376,1.99274,0.34058
1.2754,17.9366,17.9366,1.60866,28.854,34.9614,24.1117,1.60866,0.276648
1.2756,18.0949,18.0949,2,36.1899,34.9614,24.1388,2.0044,0.273229
1.2758,17.113,17.113,1.82433,31.2196,34.9614,24.1267,1.82433,0.273333
1.276,20.732,20.732,1.18326,24.5313,34.9614,24.0824,1.18326,0.17256
1.2762,20.0057,20.0057,1.66408,33.291,34.9614,24.1155,1.66408,0.19058
1.2764,16.7726,16.7726,2,33.5452,34.9614,24.1539,2.22079,0.27731
1.2766,15.5928,15.5928,1.66964,26.0344,34.9614,24.1161,1.66964,0.319182
1.2768,19.3101,19.3101,1.60485,30.99,34.9614,24.1111,1.60485,0.273333
1.277,20.0189,20.0189,1.57302,31.4901,34.9614,24.1093,1.57302,0.182689
1.2772,18.8567,18.8567,1.9133,36.0785,34.9614,24.1327,1.9133,0.221819
1.2774,16.7349,16.7349,2,33.4699,34.9614,24.139,2.00022,0.277405
1.2776,16.9256,16.9256,1.72925,29.2687,34.9614,24.12,1.72925,0.30037
1.2778,18.4375,18.4375,1.79876,33.1647,34.9614,24.1246,1.79876,0.273333
1.278,16.1976,16.1976,2,32.3952,34.9614,24.1477,2.13238,0.304761
1.2782,17.9338,17.9338,1.44254,25.8701,34.9614,24.1004,1.44254,0.274609
1.2784,18.4516,18.4516,2,36.9031,34.9614,24.1424,2.05951,0.272065
1.2786,17.9885,17.9885,1.70202,30.6167,34.9614,24.1184,1.70202,0.241128
1.2788,17.8731,17.8731,1.97285,35.261,34.9614,24.1366,1.97285,0.273333
1.279,20.6995,20.6995,1.1514,23.8334,34.9614,24.0802,1.1514,0.15516
1.2792,17.9544,17.9544,2,35.9088,34.9614,24.1581,2.28339,0.269595
1.2794,16.1969,16.1969,1.66457,26.9609,34.9614,24.116,1.66457,0.28059
1.2796,17.4853,17.4853,1.91457,33.477,34.9614,24.1323,1.91457,0.315913
1.2798,17.6962,17.6962,1.78656,31.6153,34.9614,24.124,1.78656,0.273333
1.28,16.6604,16.6604,2,33.3208,34.9614,24.1409,2.03387,0.30516
1.2802,18.2031,18.2031,1.54466,28.1176,34.9614,24.1074,1.54466,0.265795
1.2804,17.8746,17.8746,2,35.7493,34.9614,24.1451,2.09612,0.279201
1.2806,17.5689,17.5689,1.67759,29.4735,34.9614,24.1167,1.67759,0.25916
1.2808,18.1711,18.1711,1.92212,34.9269,34.9614,24.1331,1.92212,0.273333
1.281,17.2698,17.2698,1.8862,32.5743,34.9614,24.1309,1.8862,0.273333
1.2812,6.24174,6.24174,2,12.4835,34.9614,24.2009,3.04111,0.566667
1.2814,15.4721,15.4721,0.0379949,0.587861,34.9614,24.0049,0.0379949,0.416667
1.2816,20.6268,20.6268,1.58632,32.7207,34.9614,24.1095,1.58632,0.266667
1.2818,20.9097,20.9097,1.09189,22.8311,34.9614,24.0762,1.09189,0.116667
1.282,17.9058,17.9058,2,35.8116,34.9614,24.1601,2.3142,0.273333
1.2822,10.7127,10.7127,2,21.4254,34.9614,24.1524,2.20668,0.416667
1.2824,19.8999,19.8999,0.566739,11.278,34.9614,24.0398,0.566739,0.306269
1.2826,19.2135,19.2135,2,38.4269,34.9614,24.1478,2.14106,0.267162
1.2828,16.377,16.377,1.87835,30.7618,34.9614,24.1307,1.87835,0.266667
1.283,18.4501,18.4501,1.62499,29.9812,34.9614,24.1127,1.62499,0.273333
1.2832,18.0169,18.0169,2,36.0338,34.9614,24.1406,2.0287,0.266667
1.2834,18.8661,18.8661,1.57649,29.7423,34.9614,24.1097,1.57649,0.225108
1.2836,17.513,17.513,2,35.0261,34.9614,24.1491,2.15226,0.27732
1.2838,14.3509,14.3509,1.94081,27.8523,34.9614,24.1346,1.94081,0.342722
1.284,19.4991,19.4991,1.23506,24.0827,34.9614,24.0857,1.23506,0.273333
1.2842,19.9823,19.9823,1.68804,33.731,34.9614,24.1171,1.68804,0.199844
1.2844,19.4882,19.4882,1.70469,33.2212,34.9614,24.1184,1.70469,0.193031
1.2846,17.0141,17.0141,2,34.0281,34.9614,24.1491,2.15185,0.274335
1.2848,17.9284,17.9284,1.50543,26.99,34.9614,24.1048,1.50543,0.259859
1.285,18.3032,18.3032,2,36.6064,34.9614,24.1414,2.04437,0.273333
1.2852,13.8583,13.8583,2,27.7167,34.9614,24.1497,2.16416,0.349844
1.2854,16.9329,16.9329,1.27599,21.6061,34.9614,24.0887,1.27599,0.336456
1.2856,19.283,19.283,1.94746,37.5528,34.9614,24.1346,1.94746,0.269243
1.2858,17.9124,17.9124,1.84616,33.0692,34.9614,24.1283,1.84616,0.237346
1.286,17.5963,17.5963,1.88734,33.2103,34.9614,24.1309,1.88734,0.273333
1.2862,17.9253,17.9253,1.78656,32.0245,34.9614,24.1241,1.78656,0.266674
1.2864,17.1236,17.1236,1.99725,34.2001,34.9614,24.1383,1.99725,0.289657
1.2866,17.8368,17.8368,1.6654,29.7053,34.9614,24.1157,1.6654,0.270693
1.2868,17.2781,17.2781,2,34.5561,34.9614,24.1434,2.07082,0.29415
1.287,17.455,17.455,1.6582,28.9438,34.9614,24.1153,1.6582,0.273333
1.2872,19.4957,19.4957,1.69261,32.9986,34.9614,24.1173,1.69261,0.233647
1.2874,20.6769,20.6769,1.23874,25.6132,34.9614,24.0863,1.23874,0.139657
1.2876,17.5829,17.5829,2,35.1658,34.9614,24.1605,2.32129,0.275364
1.2878,16.7476,16.7476,1.53948,25.7827,34.9614,24.1074,1.53948,0.270543
1.288,18.8948,18.8948,1.86075,35.1585,34.9614,24.1287,1.86075,0.273333
1.2882,17.7468,17.7468,1.91666,34.0146,34.9614,24.1331,1.91666,0.25322
1.2884,20.1019,20.1019,1.39397,28.0215,34.9614,24.0969,1.39397,0.191314
1.2886,18.027,18.027,2,36.054,34.9614,24.1503,2.17096,0.257954
1.2888,17.4901,17.4901,1.63459,28.5892,34.9614,24.1138,1.63459,0.254182
1.289,18.2984,18.2984,1.93269,35.3651,34.9614,24.1338,1.93269,0.273333
1.2892,15.8989,15.8989,2,31.7978,34.9614,24.1415,2.04004,0.306406
1.2894,16.5774,16.5774,1.64518,27.2729,34.9614,24.1141,1.64518,0.320446
1.2896,18.9611,18.9611,1.75951,33.3623,34.9614,24.1218,1.75951,0.268594
1.2898,16.8097,16.8097,2,33.6193,34.9614,24.1469,2.11911,0.283565
1.29,17.6284,17.6284,1.55075,27.3372,34.9614,24.1078,1.55075,0.273333
1.2902,17.2783,17.2783,2,34.5566,34.9614,24.1485,2.14911,0.30474
1.2904,14.9399,14.9399,1.85902,27.7736,34.9614,24.1291,1.85902,0.33235
1.2906,19.2424,19.2424,1.3985,26.9105,34.9614,24.097,1.3985,0.27598
1.2908,18.5978,18.5978,2,37.1956,34.9614,24.1428,2.06274,0.249712
1.291,16.6819,16.6819,1.86396,31.0943,34.9614,24.1296,1.86396,0.273333
1.2912,18.3067,18.3067,1.68266,30.804,34.9614,24.1167,1.68266,0.273333
1.2914,6.13031,6.13031,2,12.2606,34.9614,24.2202,3.34234,0.566667
1.2916,14.3902,14.3902,0,0,34.9614,24.0026,-3.64768e-07,0.416667
1.2918,20.7832,20.7832,1.48089,30.7777,34.9614,24.1022,1.48089,0.266667
1.292,20.9614,20.9614,1.06881,22.4038,34.9614,24.0746,1.06881,0.116667
1.2922,17.9467,17.9467,2,35.8934,34.9614,24.1599,2.31421,0.273333
1.2924,10.6815,10.6815,2,21.3629,34.9614,24.1528,2.21376,0.416667
1.2926,20.9948,20.9948,0.374018,7.85246,34.9614,24.0265,0.374018,0.266667
1.2928,19.2825,19.2825,2,38.565,34.9614,24.1476,2.13834,0.268842
1.293,18.826,18.826,1.5716,29.587,34.9614,24.1095,1.5716,0.19991
1.2932,17.687,17.687,2,35.3739,34.9614,24.1474,2.12938,0.273333
1.2934,17.3189,17.3189,1.65941,28.7392,34.9614,24.1155,1.65941,0.266667
1.2936,15.2997,15.2997,2,30.5995,34.9614,24.1563,2.26756,0.354262
1.2938,18.2416,18.2416,1.19398,21.7801,34.9614,24.0833,1.19398,0.272711
1.294,18.1659,18.1659,2,36.3318,34.9614,24.1561,2.26115,0.289545
1.2942,16.4175,16.4175,1.68333,27.636,34.9614,24.1173,1.68333,0.273333
1.2944,20.6114,20.6114,1.28595,26.5053,34.9614,24.0893,1.28595,0.198975
1.2946,18.1981,18.1981,2,36.3963,34.9614,24.1506,2.17468,0.25462
1.2948,16.5543,16.5543,1.75015,28.9725,34.9614,24.1218,1.75015,0.275117
1.295,20.5366,20.5366,1.29125,26.5179,34.9614,24.0897,1.29125,0.198562
1.2952,17.5761,17.5761,2,35.1522,34.9614,24.1593,2.29988,0.273333
1.2954,13.6635,13.6635,1.88017,25.6896,34.9614,24.1308,1.88017,0.348975
1.2956,20.8595,20.8595,0.934425,19.4916,34.9614,24.065,0.934425,0.233801
1.2958,18.2323,18.2323,2,36.4646,34.9614,24.159,2.30221,0.273601
1.296,17.7353,17.7353,1.50964,26.774,34.9614,24.1053,1.50964,0.236106
1.2962,18.3984,18.3984,2,36.7969,34.9614,24.1396,2.01775,0.273333
1.2964,19.4949,19.4949,1.50116,29.2651,34.9614,24.1044,1.50116,0.198975
1.2966,18.2993,18.2993,2,36.5985,34.9614,24.1434,2.07035,0.250299
1.2968,16.8924,16.8924,1.81024,30.5793,34.9614,24.1258,1.81024,0.271366
1.297,17.8039,17.8039,1.8103,32.2304,34.9614,24.1254,1.8103,0.28656
1.2972,17.75,17.75,1.89098,33.5649,34.9614,24.1311,1.89098,0.273333
1.2974,21.1062,21.1062,0.941792,19.8776,34.9614,24.0658,0.941792,0.129938
1.2976,18.4907,18.4907,2,36.9813,34.9614,24.154,2.22793,0.26293
1.2978,16.3371,16.3371,1.74946,28.5812,34.9614,24.1219,1.74946,0.272855
1.298,18.7264,18.7264,1.69426,31.7274,34.9614,24.1173,1.69426,0.274017
1.2982,17.4735,17.4735,2,34.947,34.9614,24.1434,2.06954,0.273333
1.2984,17.0869,17.0869,1.72097,29.4059,34.9614,24.1196,1.72097,0.279937
1.2986,18.2357,18.2357,1.84662,33.6744,34.9614,24.1279,1.84662,0.276965
1.2988,17.3937,17.3937,1.9368,33.6881,34.9614,24.1343,1.9368,0.273602
1.299,18.7901,18.7901,1.61786,30.3998,34.9614,24.1124,1.61786,0.242939
1.2992,17.6044,17.6044,2,35.2089,34.9614,24.146,2.10901,0.273333
1.2994,15.1647,15.1647,1.89991,28.8115,34.9614,24.1321,1.89991,0.323747
1.2996,19.1806,19.1806,1.39512,26.7593,34.9614,24.0968,1.39512,0.271794
1.2998,17.9077,17.9077,2,35.8153,34.9614,24.1525,2.20211,0.272445
1.3,17.8906,17.8906,1.55208,27.7675,34.9614,24.1081,1.55208,0.243426
1.3002,18.2336,18.2336,2,36.4671,34.9614,24.14,2.02416,0.273333
1.3004,20.1942,20.1942,1.32217,26.7002,34.9614,24.0921,1.32217,0.173747
1.3006,17.986,17.986,2,35.9719,34.9614,24.1532,2.21347,0.262401
1.3008,16.7163,16.7163,1.67652,28.0253,34.9614,24.1168,1.67652,0.272098
1.301,19.202,19.202,1.70425,32.725,34.9614,24.1181,1.70425,0.256409
1.3012,17.1936,17.1936,2,34.3872,34.9614,24.1468,2.11816,0.273333
1.3014,17.3943,17.3943,1.61532,28.0973,34.9614,24.1124,1.61532,0.273333
1.3016,6.88174,6.88174,2,13.7635,34.9614,24.2136,3.2388,0.566667
1.3018,14.7785,14.7785,0.0107499,0.158868,34.9614,24.0033,0.0107499,0.416667
1.302,20.7267,20.7267,1.5205,31.515,34.9614,24.1049,1.5205,0.266667
1.3022,20.9423,20.9423,1.07785,22.5725,34.9614,24.0752,1.07785,0.116667
1.3024,17.9274,17.9274,2,35.8548,34.9614,24.1601,2.31418,0.273333
1.3026,6.45615,6.45615,2,12.9123,34.9614,24.1794,2.67012,0.522858
1.3028,18.8414,18.8414,0.0643265,1.212,34.9614,24.0059,0.0643265,0.2932
1.303,19.9873,19.9873,1.91726,38.3207,34.9614,24.1322,1.91726,0.267869
1.3032,16.5422,16.5422,2,33.0844,34.9614,24.1437,2.06986,0.266667
1.3034,17.9176,17.9176,1.53451,27.4947,34.9614,24.1067,1.53451,0.273333
1.3036,14.5089,14.5089,2,29.0178,34.9614,24.1733,2.51512,0.372858
1.3038,20.2091,20.2091,0.641826,12.9708,34.9614,24.0452,0.641826,0.213601
1.304,18.8439,18.8439,2,37.6879,34.9614,24.1546,2.23934,0.27481
1.3042,13.1215,13.1215,2,26.243,34.9614,24.1462,2.10712,0.347102
1.3044,19.8488,19.8488,0.912768,18.1173,34.9614,24.0636,0.912768,0.273333
1.3046,19.7825,19.7825,1.84023,36.4044,34.9614,24.1274,1.84023,0.222858
1.3048,14.6495,14.6495,2,29.299,34.9614,24.1628,2.34802,0.32241
1.305,18.311,18.311,1.0425,19.0892,34.9614,24.0729,1.0425,0.27626
1.3052,20.4509,20.4509,1.51629,31.0094,34.9614,24.1052,1.51629,0.197103
1.3054,17.0914,17.0914,2,34.1828,34.9614,24.1568,2.26534,0.273333
1.3056,20.308,20.308,1.06891,21.7074,34.9614,24.0746,1.06891,0.178137
1.3058,18.1039,18.1039,2,36.2077,34.9614,24.1587,2.29491,0.27334
1.306,16.3861,16.3861,1.65058,27.0465,34.9614,24.1151,1.65058,0.27315
1.3062,20.6836,20.6836,1.26317,26.1269,34.9614,24.0877,1.26317,0.195825
1.3064,17.5958,17.5958,2,35.1917,34.9614,24.1594,2.30416,0.273333
1.3066,14.4912,14.4912,1.79159,25.9624,34.9614,24.1248,1.79159,0.328137
1.3068,19.8767,19.8767,1.31215,26.0812,34.9614,24.0909,1.31215,0.266695
1.307,17.7335,17.7335,2,35.467,34.9614,24.1571,2.27199,0.274003
1.3072,13.773,13.773,1.9087,26.2885,34.9614,24.1328,1.9087,0.345825
1.3074,19.8601,19.8601,1.14976,22.8344,34.9614,24.0798,1.14976,0.273333
1.3076,16.5449,16.5449,2,33.0897,34.9614,24.1768,2.56602,0.318048
1.3078,16.2929,16.2929,1.25778,20.4928,34.9614,24.0882,1.25778,0.283221
1.308,19.4725,19.4725,1.89215,36.8449,34.9614,24.1306,1.89215,0.274492
1.3082,17.8704,17.8704,1.89918,33.9391,34.9614,24.132,1.89918,0.239514
1.3084,17.5,17.5,1.85363,32.4386,34.9614,24.1286,1.85363,0.273333
1.3086,20.32,20.32,1.35066,27.4454,34.9614,24.0939,1.35066,0.188174
1.3088,16.7422,16.7422,2,33.4845,34.9614,24.1672,2.41648,0.295043
1.309,16.8833,16.8833,1.35322,22.8468,34.9614,24.0946,1.35322,0.274647
1.3092,20.1155,20.1155,1.63945,32.9784,34.9614,24.1135,1.63945,0.22915
1.3094,16.9235,16.9235,2,33.847,34.9614,24.1535,2.21441,0.273333
1.3096,19.3986,19.3986,1.25965,24.4354,34.9614,24.0878,1.25965,0.21643
1.3098,17.4001,17.4001,2,34.8002,34.9614,24.1635,2.36659,0.292259
1.31,16.6372,16.6372,1.49297,24.839,34.9614,24.1042,1.49297,0.273595
1.3102,19.2629,19.2629,1.81506,34.9632,34.9614,24.1255,1.81506,0.264882
1.3104,16.8966,16.8966,2,33.7932,34.9614,24.1442,2.07892,0.273333
1.3106,16.0745,16.0745,1.76215,28.3258,34.9614,24.1224,1.76215,0.314049
1.3108,18.9939,18.9939,1.62126,30.7939,34.9614,24.1123,1.62126,0.269642
1.311,17.4994,17.4994,2,34.9988,34.9614,24.1473,2.1277,0.273166
1.3112,16.4947,16.4947,1.73442,28.6088,34.9614,24.1206,1.73442,0.290551
1.3114,18.6797,18.6797,1.72476,32.2181,34.9614,24.1195,1.72476,0.273333
1.3116,17.4274,17.4274,2,34.8548,34.9614,24.1422,2.05293,0.273333
1.3118,5.71004,5.71004,2,11.4201,34.9614,24.1955,2.95586,0.566667
1.312,15.7027,15.7027,0.0521629,0.819097,34.9614,24.0058,0.0521629,0.416667
1.3122,20.5893,20.5893,1.61034,33.1558,34.9614,24.1111,1.61034,0.266667
1.3124,20.8982,20.8982,1.09626,22.9099,34.9614,24.0765,1.09626,0.116667
1.3126,17.897,17.897,2,35.7939,34.9614,24.16,2.3153,0.273333
1.3128,10.731,10.731,2,21.462,34.9614,24.1522,2.2047,0.416667
1.313,20.2736,20.2736,0.516565,10.4726,34.9614,24.0363,0.516565,0.294032
1.3132,19.1696,19.1696,2,38.3392,34.9614,24.1492,2.16088,0.269163
1.3134,16.3534,16.3534,1.85841,30.3914,34.9614,24.1294,1.85841,0.266667
1.3136,18.5051,18.5051,1.63375,30.2326,34.9614,24.1133,1.63375,0.273333
1.3138,17.9626,17.9626,2,35.9252,34.9614,24.141,2.0338,0.266667
1.314,19.6482,19.6482,1.43748,28.2439,34.9614,24.1,1.43748,0.200208
1.3142,17.4946,17.4946,2,34.9891,34.9614,24.1558,2.25003,0.275667
1.3144,13.9321,13.9321,1.89029,26.3356,34.9614,24.1315,1.89029,0.347008
1.3146,19.8082,19.8082,1.19074,23.5863,34.9614,24.0826,1.19074,0.273333
1.3148,19.9696,19.9696,1.69701,33.8886,34.9614,24.1177,1.69701,0.199667
1.315,20.0277,20.0277,1.52924,30.6273,34.9614,24.1064,1.52924,0.169765
1.3152,17.2689,17.2689,2,34.5379,34.9614,24.1544,2.22985,0.2718
1.3154,18.3409,18.3409,1.4118,25.8937,34.9614,24.0984,1.4118,0.239887
1.3156,18.2456,18.2456,2,36.4911,34.9614,24.1469,2.12417,0.273333
1.3158,15.7682,15.7682,1.88226,29.6798,34.9614,24.131,1.88226,0.29761
1.316,20.9276,20.9276,1.02458,21.442,34.9614,24.0713,1.02458,0.185821
1.3162,18.0966,18.0966,2,36.1932,34.9614,24.1589,2.29847,0.271522
1.3164,17.2326,17.2326,1.55576,26.8099,34.9614,24.1085,1.55576,0.251321
1.3166,18.6036,18.6036,1.92711,35.8512,34.9614,24.1333,1.92711,0.273333
1.3168,17.3334,17.3334,1.90182,32.9649,34.9614,24.132,1.90182,0.26466
1.317,19.7756,19.7756,1.465,28.9712,34.9614,24.1018,1.465,0.213055
1.3172,17.5109,17.5109,2,35.0218,34.9614,24.1544,2.231,0.272283
1.3174,17.5302,17.5302,1.52915,26.8063,34.9614,24.1066,1.52915,0.257349
1.3176,18.4729,18.4729,1.98274,36.6269,34.9614,24.1373,1.98274,0.273333
1.3178,17.2272,17.2272,1.86148,32.0681,34.9614,24.1293,1.86148,0.265918
1.318,16.9182,16.9182,1.90208,32.1797,34.9614,24.1318,1.90208,0.301471
1.3182,18.1408,18.1408,1.6935,30.7213,34.9614,24.1175,1.6935,0.271375
1.3184,17.7702,17.7702,2,35.5404,34.9614,24.1387,2.00215,0.274297
1.3186,17.3075,17.3075,1.78056,30.8169,34.9614,24.1237,1.78056,0.273333
1.3188,17.9319,17.9319,1.85515,33.2663,34.9614,24.1287,1.85515,0.278212
1.319,15.9974,15.9974,2,31.9947,34.9614,24.1435,2.06921,0.31435
1.3192,18.29,18.29,1.44185,26.3715,34.9614,24.1002,1.44185,0.272645
1.3194,19.1794,19.1794,1.90636,36.5628,34.9614,24.132,1.90636,0.24153
1.3196,16.7164,16.7164,2,33.4328,34.9614,24.1408,2.02929,0.273333
1.3198,18.4881,18.4881,1.52065,28.114,34.9614,24.1057,1.52065,0.257527
1.32,20.6217,20.6217,1.32543,27.3326,34.9614,24.0922,1.32543,0.16435
1.3202,17.575,17.575,2,35.15,34.9614,24.158,2.28202,0.270252
1.3204,18.4976,18.4976,1.37892,25.5068,34.9614,24.0962,1.37892,0.227597
1.3206,18.2302,18.2302,2,36.4604,34.9614,24.1486,2.14859,0.273333
1.3208,17.0093,17.0093,1.72435,29.33,34.9614,24.12,1.72435,0.264453
1.321,16.8988,16.8988,2,33.7976,34.9614,24.1387,2.00327,0.31435
1.3212,18.0501,18.0501,1.61201,29.0968,34.9614,24.112,1.61201,0.267948
1.3214,16.69,16.69,2,33.38,34.9614,24.1522,2.20195,0.309991
1.3216,17.5063,17.5063,1.47615,25.842,34.9614,24.1028,1.47615,0.273333
1.3218,18.5907,18.5907,1.99785,37.1416,34.9614,24.1382,1.99785,0.273333
1.322,5.10606,5.10606,2,10.2121,34.9614,24.2102,3.18208,0.566667
1.3222,14.7993,14.7993,0.0112531,0.166538,34.9614,24.0033,0.0112531,0.416667
1.3224,20.7231,20.7231,1.52254,31.5519,34.9614,24.1051,1.52254,0.266667
1.3226,20.9415,20.9415,1.07769,22.5684,34.9614,24.0752,1.07769,0.116667
1.3228,17.9214,17.9214,2,35.8428,34.9614,24.1596,2.31506,0.273333
1.323,10.6952,10.6952,2,21.3904,34.9614,24.1522,2.20926,0.416667
1.3232,20.9922,20.9922,0.37848,7.94514,34.9614,24.0268,0.37848,0.266667
1.3234,19.1971,19.1971,2,38.3943,34.9614,24.1497,2.16949,0.272115
1.3236,16.3072,16.3072,1.85857,30.308,34.9614,24.1295,1.85857,0.266667
1.3238,18.5395,18.5395,1.62303,30.09,34.9614,24.1125,1.62303,0.273333
1.324,17.9592,17.9592,2,35.9183,34.9614,24.1414,2.04149,0.266667
1.3242,14.1182,14.1182,2,28.2363,34.9614,24.1463,2.10857,0.34866
1.3244,19.2117,19.2117,1.10026,21.1379,34.9614,24.0766,1.10026,0.275765
1.3246,16.0348,16.0348,2,32.0695,34.9614,24.1845,2.68171,0.342839
1.3248,16.7033,16.7033,1.04892,17.5205,34.9614,24.0739,1.04892,0.273333
1.325,20.8767,20.8767,1.26688,26.4482,34.9614,24.0879,1.26688,0.191749
1.3252,13.2433,13.2433,2,26.4866,34.9614,24.2029,2.95095,0.385953
1.3254,17.8794,17.8794,0.377862,6.75596,34.9614,24.0277,0.377862,0.271922
1.3256,21.0086,21.0086,1.19924,25.1944,34.9614,24.0833,1.19924,0.192839
1.3258,17.646,17.646,2,35.2921,34.9614,24.1604,2.31971,0.273333
1.326,14.8089,14.8089,1.74953,25.9086,34.9614,24.1218,1.74953,0.318373
1.3262,19.1243,19.1243,1.49997,28.6858,34.9614,24.1038,1.49997,0.28828
1.3264,17.7174,17.7174,2,35.4347,34.9614,24.1506,2.17504,0.27248
1.3266,15.2105,15.2105,1.84767,28.1039,34.9614,24.1284,1.84767,0.31696
1.3268,19.1964,19.1964,1.44239,27.6886,34.9614,24.1,1.44239,0.273333
1.327,15.7139,15.7139,2,31.4278,34.9614,24.1732,2.50575,0.329129
1.3272,19.6138,19.6138,0.85567,16.783,34.9614,24.06,0.85567,0.212473
1.3274,18.6999,18.6999,2,37.3999,34.9614,24.1544,2.23549,0.272562
1.3276,18.2284,18.2284,1.54489,28.1608,34.9614,24.1077,1.54489,0.219786
1.3278,18.0461,18.0461,2,36.0922,34.9614,24.1434,2.07077,0.273333
1.328,20.0992,20.0992,1.31323,26.3948,34.9614,24.0915,1.31323,0.179129
1.3282,14.3367,14.3367,2,28.6734,34.9614,24.192,2.78701,0.362473
1.3284,17.5544,17.5544,0.684327,12.0129,34.9614,24.0487,0.684327,0.272876
1.3286,20.3869,20.3869,1.62739,33.1774,34.9614,24.1126,1.62739,0.227059
1.3288,16.8504,16.8504,2,33.7007,34.9614,24.1547,2.23273,0.273333
1.329,17.7798,17.7798,1.43576,25.5275,34.9614,24.1001,1.43576,0.26158
1.3292,16.2103,16.2103,2,32.4206,34.9614,24.1645,2.38755,0.337485
1.3294,17.3383,17.3383,1.27555,22.1158,34.9614,24.0892,1.27555,0.273512
1.3296,19.8773,19.8773,1.76026,34.9892,34.9614,24.1218,1.76026,0.235598
1.3298,16.7281,16.7281,2,33.4562,34.9614,24.1497,2.15784,0.273333
1.33,15.3589,15.3589,1.74962,26.8722,34.9614,24.1214,1.74962,0.329721
1.3302,19.6668,19.6668,1.45849,28.6839,34.9614,24.1011,1.45849,0.260908
1.3304,17.5316,17.5316,2,35.0633,34.9614,24.1545,2.23061,0.27321
1.3306,17.6853,17.6853,1.51317,26.7609,34.9614,24.1055,1.51317,0.253095
1.3308,18.4213,18.4213,2,36.8426,34.9614,24.1392,2.01036,0.273333
1.331,19.6232,19.6232,1.47878,29.0184,34.9614,24.1029,1.47878,0.194408
1.3312,17.0872,17.0872,2,34.1745,34.9614,24.1583,2.28844,0.285042
1.3314,17.0502,17.0502,1.48659,25.3467,34.9614,24.1037,1.48659,0.272783
1.3316,20.0518,20.0518,1.61056,32.2946,34.9614,24.1116,1.61056,0.224454
1.3318,17.0098,17.0098,2,34.0196,34.9614,24.1536,2.21777,0.273333
1.332,17.2669,17.2669,1.52219,26.2835,34.9614,24.106,1.52219,0.273333
1.3322,7.21618,7.21618,2,14.4324,34.9614,24.216,3.27688,0.566667
1.3324,14.6181,14.6181,0.00584059,0.0853786,34.9614,24.003,0.00584059,0.416667
1.3326,20.7518,20.7518,1.50302,31.1904,34.9614,24.1037,1.50302,0.266667
1.3328,20.9498,20.9498,1.07452,22.511,34.9614,24.075,1.07452,0.116667
1.333,17.9285,17.9285,2,35.8571,34.9614,24.1602,2.31696,0.273333
1.3332,10.6772,10.6772,2,21.3544,34.9614,24.1527,2.21196,0.416667
1.3334,19.2012,19.2012,0.645604,12.3964,34.9614,24.0453,0.645604,0.326777
1.3336,19.0737,19.0737,2,38.1475,34.9614,24.1511,2.1904,0.27439
1.3338,20.1993,20.1993,1.2524,25.2976,34.9614,24.0874,1.2524,0.151679
1.334,17.7631,17.7631,2,35.5262,34.9614,24.1584,2.29063,0.273333
1.3342,16.8803,16.8803,1.57161,26.5292,34.9614,24.1096,1.57161,0.266667
1.3344,20.8267,20.8267,1.20915,25.1825,34.9614,24.0841,1.20915,0.177464
1.3346,17.5278,17.5278,2,35.0557,34.9614,24.1619,2.34094,0.27754
1.3348,17.7418,17.7418,1.40894,24.9971,34.9614,24.0984,1.40894,0.244511
1.335,18.5703,18.5703,2,37.1407,34.9614,24.1419,2.05107,0.273333
1.3352,19.2663,19.2663,1.52885,29.4553,34.9614,24.1064,1.52885,0.201954
1.3354,17.1276,17.1276,2,34.2551,34.9614,24.1558,2.25153,0.285234
1.3356,17.2445,17.2445,1.50341,25.9256,34.9614,24.1048,1.50341,0.26999
1.3358,16.4308,16.4308,2,32.8616,34.9614,24.1564,2.26934,0.336115
1.336,17.5036,17.5036,1.39007,24.3313,34.9614,24.0969,1.39007,0.273333
1.3362,18.722,18.722,2,37.4439,34.9614,24.14,2.02531,0.273569
1.3364,11.5702,11.5702,2,23.1405,34.9614,24.1694,2.46043,0.401605
1.3366,19.9861,19.9861,0.415084,8.29589,34.9614,24.0296,0.415084,0.273722
1.3368,20.1483,20.1483,1.75216,35.3031,34.9614,24.1212,1.75216,0.230584
1.337,16.6301,16.6301,2,33.2603,34.9614,24.1511,2.17816,0.273333
1.3372,16.1931,16.1931,1.63195,26.4263,34.9614,24.1135,1.63195,0.309055
1.3374,16.9664,16.9664,2,33.9328,34.9614,24.1383,2.00377,0.331562
1.3376,17.7238,17.7238,1.65735,29.3746,34.9614,24.1151,1.65735,0.275559
1.3378,18.5201,18.5201,1.89304,35.0592,34.9614,24.1312,1.89304,0.261617
1.338,17.1279,17.1279,1.94861,33.3756,34.9614,24.1352,1.94861,0.273333
1.3382,17.9709,17.9709,1.6905,30.3797,34.9614,24.1173,1.6905,0.269573
1.3384,20.2626,20.2626,1.45536,29.4893,34.9614,24.1011,1.45536,0.18868
1.3386,17.3081,17.3081,2,34.6161,34.9614,24.1568,2.26482,0.273668
1.3388,16.5873,16.5873,1.57978,26.2044,34.9614,24.1101,1.57978,0.282848
1.339,18.911,18.911,1.81614,34.3451,34.9614,24.1257,1.81614,0.273333
1.3392,17.7919,17.7919,1.94592,34.6215,34.9614,24.135,1.94592,0.254566
1.3394,14.8725,14.8725,2,29.7449,34.9614,24.1456,2.10055,0.33868
1.3396,18.894,18.894,1.22307,23.1086,34.9614,24.0851,1.22307,0.272457
1.3398,18.3338,18.3338,2,36.6676,34.9614,24.1527,2.2073,0.272626
1.34,16.4587,16.4587,1.74096,28.654,34.9614,24.1213,1.74096,0.273333
1.3402,18.0968,18.0968,1.79596,32.5011,34.9614,24.1243,1.79596,0.290179
1.3404,15.4731,15.4731,2,30.9461,34.9614,24.1517,2.19322,0.328695
1.3406,18.3361,18.3361,1.26737,23.2387,34.9614,24.0883,1.26737,0.272027
1.3408,18.8075,18.8075,2,37.6149,34.9614,24.144,2.08115,0.262818
1.341,16.4915,16.4915,1.88502,31.0868,34.9614,24.1312,1.88502,0.273333
1.3412,17.6307,17.6307,1.72959,30.4938,34.9614,24.1199,1.72959,0.293418
1.3414,16.876,16.876,2,33.752,34.9614,24.1421,2.05348,0.304238
1.3416,17.7322,17.7322,1.60267,28.4189,34.9614,24.1114,1.60267,0.273667
1.3418,18.0966,18.0966,2,36.1931,34.9614,24.1384,2.00008,0.276949
1.342,17.1233,17.1233,1.82953,31.3276,34.9614,24.1271,1.82953,0.273333
1.3422,18.1094,18.1094,1.77412,32.1281,34.9614,24.123,1.77412,0.273333
1.3424,6.00606,6.00606,2,12.0121,34.9614,24.2144,3.2516,0.566667
1.3426,14.7086,14.7086,0.00856274,0.125946,34.9614,24.0031,0.00856274,0.416667
1.3428,20.7375,20.7375,1.51253,31.3662,34.9614,24.1044,1.51253,0.266667
1.343,20.9458,20.9458,1.07587,22.5349,34.9614,24.0751,1.07587,0.116667
1.3432,17.9339,17.9339,2,35.8679,34.9614,24.1599,2.31341,0.273333
1.3434,10.703,10.703,2,21.406,34.9614,24.1524,2.21364,0.416667
1.3436,20.9848,20.9848,0.377146,7.91434,34.9614,24.0267,0.377146,0.266667
1.3438,19.0135,19.0135,2,38.0269,34.9614,24.1543,2.23662,0.279538
1.344,16.2502,16.2502,1.79384,29.1504,34.9614,24.125,1.79384,0.266667
1.3442,18.7006,18.7006,1.65094,30.8736,34.9614,24.1144,1.65094,0.273333
1.3444,17.8207,17.8207,2,35.6414,34.9614,24.1421,2.05047,0.266667
1.3446,11.4521,11.4521,2,22.9043,34.9614,24.1633,2.37092,0.416667
1.3448,19.8726,19.8726,0.49645,9.86573,34.9614,24.0351,0.49645,0.284321
1.345,16.9951,16.9951,2,33.9902,34.9614,24.1906,2.77301,0.347381
1.3452,15.8537,15.8537,1.15464,18.3053,34.9614,24.0813,1.15464,0.273333
1.3454,21.0048,21.0048,1.17116,24.6,34.9614,24.0813,1.17116,0.194061
1.3456,13.7076,13.7076,2,27.4152,34.9614,24.2031,2.95377,0.380101
1.3458,17.3885,17.3885,0.477043,8.29505,34.9614,24.0346,0.477043,0.276584
1.346,18.5632,18.5632,2,37.1265,34.9614,24.1689,2.45856,0.326281
1.3462,15.6818,15.6818,1.61968,25.3994,34.9614,24.1132,1.61968,0.273333
1.3464,19.1216,19.1216,1.68335,32.1884,34.9614,24.1164,1.68335,0.280474
1.3466,17.9175,17.9175,2,35.8349,34.9614,24.1406,2.02634,0.256097
1.3468,17.2216,17.2216,1.78096,30.6709,34.9614,24.1238,1.78096,0.272169
1.347,19.3147,19.3147,1.63781,31.634,34.9614,24.1136,1.63781,0.237838
1.3472,17.2937,17.2937,2,34.5874,34.9614,24.1492,2.15307,0.273333
1.3474,15.6933,15.6933,1.77504,27.8562,34.9614,24.1236,1.77504,0.312436
1.3476,20.3905,20.3905,1.29127,26.3296,34.9614,24.0896,1.29127,0.222946
1.3478,17.1849,17.1849,2,34.3698,34.9614,24.1641,2.37307,0.285725
1.348,17.5151,17.5151,1.37017,23.9986,34.9614,24.0957,1.37017,0.253878
1.3482,18.7479,18.7479,2,37.4958,34.9614,24.1406,2.03361,0.273333
1.3484,18.3633,18.3633,1.69404,31.1082,34.9614,24.1178,1.69404,0.228028
1.3486,17.0379,17.0379,2,34.0758,34.9614,24.1461,2.1098,0.290689
1.3488,17.292,17.292,1.62045,28.0208,34.9614,24.1127,1.62045,0.27911
1.349,13.4325,13.4325,2,26.865,34.9614,24.1721,2.51013,0.403878
1.3492,18.7903,18.7903,0.709615,13.3339,34.9614,24.0501,0.709615,0.273333
1.3494,16.9372,16.9372,2,33.8745,34.9614,24.1876,2.73155,0.346813
1.3496,16.9749,16.9749,1.07075,18.1758,34.9614,24.0754,1.07075,0.248788
1.3498,19.5022,19.5022,1.97287,38.4753,34.9614,24.1362,1.97287,0.267932
1.35,17.137,17.137,1.93739,33.2011,34.9614,24.1347,1.93739,0.253878
1.3502,17.8581,17.8581,1.71493,30.6255,34.9614,24.119,1.71493,0.273333
1.3504,18.3487,18.3487,1.88468,34.5814,34.9614,24.1306,1.88468,0.261065
1.3506,17.7786,17.7786,1.86355,33.1313,34.9614,24.1293,1.86355,0.259275
1.3508,17.3902,17.3902,1.89017,32.8705,34.9614,24.1311,1.89017,0.279871
1.351,19.2507,19.2507,1.57922,30.4011,34.9614,24.1097,1.57922,0.231357
1.3512,17.4584,17.4584,2,34.9167,34.9614,24.1501,2.16806,0.273333
1.3514,18.6191,18.6191,1.45067,27.0102,34.9614,24.101,1.45067,0.233035
1.3516,17.9427,17.9427,2,35.8853,34.9614,24.1494,2.16113,0.276205
1.3518,16.6136,16.6136,1.73145,28.7656,34.9614,24.1205,1.73145,0.278524
1.352,15.3877,15.3877,2,30.7754,34.9614,24.1466,2.12573,0.358437
1.3522,18.5028,18.5028,1.30073,24.0672,34.9614,24.0905,1.30073,0.273333
1.3524,18.3649,18.3649,2,36.7298,34.9614,24.1497,2.16423,0.273333
1.3526,4.81105,4.81105,2,9.62211,34.9614,24.2009,3.03671,0.566667
1.3528,15.2225,15.2225,0.0242398,0.36899,34.9614,24.004,0.0242398,0.416667
1.353,20.6613,20.6613,1.56412,32.3167,34.9614,24.1079,1.56412,0.266667
1.3532,20.9199,20.9199,1.08764,22.7533,34.9614,24.0759,1.08764,0.116667
1.3534,17.9053,17.9053,2,35.8107,34.9614,24.1601,2.31596,0.273333
1.3536,9.29982,9.29982,2,18.5996,34.9614,24.162,2.35797,0.451698
1.3538,20.1437,20.1437,0.270246,5.44377,34.9614,24.0195,0.270246,0.310542
1.354,19.5119,19.5119,2,39.0237,34.9614,24.1438,2.08267,0.269988
1.3542,16.3609,16.3609,1.94226,31.777,34.9614,24.1352,1.94226,0.266667
1.3544,18.3198,18.3198,1.58204,28.9827,34.9614,24.1098,1.58204,0.273333
1.3546,16.906,16.906,2,33.8121,34.9614,24.1532,2.2137,0.301698
1.3548,19.767,19.767,1.19983,23.717,34.9614,24.0836,1.19983,0.204529
1.355,17.9873,17.9873,2,35.9746,34.9614,24.1574,2.27723,0.274367
1.3552,13.5516,13.5516,1.94945,26.4182,34.9614,24.1353,1.94945,0.347034
1.3554,19.9026,19.9026,1.08624,21.619,34.9614,24.0754,1.08624,0.273333
1.3556,20.0703,20.0703,1.67271,33.5717,34.9614,24.116,1.67271,0.198936
1.3558,16.3165,16.3165,2,32.633,34.9614,24.1577,2.27738,0.287591
1.356,17.4991,17.4991,1.37156,24.0012,34.9614,24.0957,1.37156,0.274789
1.3562,20.4569,20.4569,1.46754,30.0214,34.9614,24.1018,1.46754,0.197034
1.3564,17.2198,17.2198,2,34.4396,34.9614,24.1572,2.27083,0.273333
1.3566,14.0276,14.0276,1.83358,25.7207,34.9614,24.1273,1.83358,0.348085
1.3568,20.5869,20.5869,1.07971,22.2278,34.9614,24.075,1.07971,0.243185
1.357,17.9768,17.9768,2,35.9536,34.9614,24.1597,2.31057,0.274618
1.3572,18.5288,18.5288,1.38465,25.6559,34.9614,24.0966,1.38465,0.218406
1.3574,18.2042,18.2042,2,36.4084,34.9614,24.1488,2.15221,0.273333
1.3576,16.0822,16.0822,1.82109,29.2871,34.9614,24.1267,1.82109,0.28832
1.3578,19.0033,19.0033,1.57254,29.8835,34.9614,24.109,1.57254,0.265817
1.358,17.5862,17.5862,2,35.1724,34.9614,24.1486,2.14676,0.273717
1.3582,15.6083,15.6083,1.81866,28.3862,34.9614,24.1266,1.81866,0.31084
1.3584,19.0302,19.0302,1.52763,29.0711,34.9614,24.1059,1.52763,0.273333
1.3586,18.2307,18.2307,2,36.4614,34.9614,24.1433,2.07001,0.257331
1.3588,16.1783,16.1783,1.88674,30.5242,34.9614,24.1311,1.88674,0.291055
1.359,18.5282,18.5282,1.58804,29.4236,34.9614,24.1102,1.58804,0.273968
1.3592,19.3724,19.3724,1.78712,34.6207,34.9614,24.1239,1.78712,0.223035
1.3594,16.9051,16.9051,2,33.8102,34.9614,24.1459,2.1035,0.273333
1.3596,18.5266,18.5266,1.47075,27.2481,34.9614,24.1023,1.47075,0.248788
1.3598,18.8726,18.8726,1.96656,37.1141,34.9614,24.1363,1.96656,0.247198
1.36,16.7126,16.7126,1.96197,32.7897,34.9614,24.1364,1.96197,0.273967
1.3602,18.993,18.993,1.50876,28.6558,34.9614,24.1048,1.50876,0.246972
1.3604,17.7324,17.7324,2,35.4648,34.9614,24.1498,2.16539,0.273333
1.3606,16.871,16.871,1.67968,28.3379,34.9614,24.1169,1.67968,0.275126
1.3608,18.772,18.772,1.78406,33.4902,34.9614,24.1235,1.78406,0.267347
1.361,17.2633,17.2633,2,34.5267,34.9614,24.1408,2.03157,0.27295
1.3612,17.925,17.925,1.63672,29.3383,34.9614,24.1137,1.63672,0.263801
1.3614,18.0526,18.0526,1.99085,35.9399,34.9614,24.138,1.99085,0.273333
1.3616,18.0815,18.0815,1.71756,31.0561,34.9614,24.1193,1.71756,0.249205
1.3618,17.2278,17.2278,2,34.4555,34.9614,24.1421,2.05181,0.288488
1.362,17.532,17.532,1.66196,29.1374,34.9614,24.1155,1.66196,0.273465
1.3622,18.4735,18.4735,1.88757,34.87,34.9614,24.1307,1.88757,0.265936
1.3624,17.1668,17.1668,1.94474,33.3849,34.9614,24.135,1.94474,0.273333
1.3626,17.8305,17.8305,1.71582,30.5939,34.9614,24.1191,1.71582,0.273333
1.3628,6.35871,6.35871,2,12.7174,34.9614,24.2141,3.24342,0.566667
1.363,14.7641,14.7641,0.0102463,0.151278,34.9614,24.0032,0.0102463,0.416667
1.3632,20.7279,20.7279,1.51929,31.4918,34.9614,24.1049,1.51929,0.266667
1.3634,20.9419,20.9419,1.078,22.5753,34.9614,24.0752,1.078,0.116667
1.3636,17.9277,17.9277,2,35.8554,34.9614,24.16,2.31428,0.273333
1.3638,10.6918,10.6918,2,21.3836,34.9614,24.1526,2.21127,0.416667
1.364,20.793,20.793,0.419562,8.72394,34.9614,24.0296,0.419562,0.275397
1.3642,19.2416,19.2416,2,38.4832,34.9614,24.1481,2.14611,0.268743
1.3644,16.3474,16.3474,1.87637,30.6737,34.9614,24.1307,1.87637,0.266667
1.3646,18.4766,18.4766,1.62015,29.935,34.9614,24.1124,1.62015,0.273333
1.3648,18.0057,18.0057,2,36.0113,34.9614,24.141,2.03477,0.266667
1.365,11.0481,11.0481,2,22.0963,34.9614,24.1682,2.44607,0.425397
1.3652,20.1824,20.1824,0.345223,6.96741,34.9614,24.0247,0.345223,0.277073
1.3654,17.2409,17.2409,2,34.4818,34.9614,24.1899,2.76357,0.346994
1.3656,15.7174,15.7174,1.20251,18.9003,34.9614,24.0847,1.20251,0.273333
1.3658,20.9035,20.9035,1.24536,26.0324,34.9614,24.0864,1.24536,0.204306
1.366,17.5087,17.5087,2,35.0173,34.9614,24.161,2.3257,0.275397
1.3662,17.1281,17.1281,1.48718,25.4724,34.9614,24.1038,1.48718,0.2617
1.3664,17.5245,17.5245,2,35.0491,34.9614,24.1473,2.134,0.310247
1.3666,17.1386,17.1386,1.65817,28.4186,34.9614,24.1153,1.65817,0.273333
1.3668,15.4118,15.4118,2,30.8236,34.9614,24.1548,2.24133,0.354306
1.367,20.5703,20.5703,0.888877,18.2845,34.9614,24.0621,0.888877,0.198657
1.3672,18.3424,18.3424,2,36.6849,34.9614,24.1588,2.29796,0.274625
1.3674,17.4191,17.4191,1.55816,27.1416,34.9614,24.1087,1.55816,0.242822
1.3676,18.4878,18.4878,1.95399,36.1251,34.9614,24.1352,1.95399,0.273333
1.3678,17.4837,17.4837,1.8551,32.4339,34.9614,24.129,1.8551,0.260864
1.368,14.91,14.91,2,29.8201,34.9614,24.1484,2.14825,0.348657
1.3682,18.5098,18.5098,1.2299,22.7652,34.9614,24.0856,1.2299,0.279487
1.3684,17.7131,17.7131,2,35.4261,34.9614,24.1609,2.33117,0.297335
1.3686,16.54,16.54,1.5655,25.8934,34.9614,24.1092,1.5655,0.273333
1.3688,20.0895,20.0895,1.54907,31.1201,34.9614,24.1073,1.54907,0.229434
1.369,13.3343,13.3343,2,26.6686,34.9614,24.1891,2.74245,0.371758
1.3692,18.2962,18.2962,0.53695,9.82414,34.9614,24.0384,0.53695,0.272964
1.3694,18.9124,18.9124,2,37.8247,34.9614,24.158,2.29966,0.29708
1.3696,15.8694,15.8694,1.77198,28.1202,34.9614,24.1235,1.77198,0.273333
1.3698,20.2684,20.2684,1.34083,27.1765,34.9614,24.0931,1.34083,0.225538
1.37,19.1626,19.1626,1.9252,36.8918,34.9614,24.1335,1.9252,0.221757
1.3702,16.7394,16.7394,2,33.4789,34.9614,24.1393,2.00721,0.272261
1.3704,18.4079,18.4079,1.55184,28.5661,34.9614,24.1078,1.55184,0.260594
1.3706,17.948,17.948,2,35.8959,34.9614,24.1447,2.08846,0.273333
1.3708,14.6388,14.6388,2,29.2776,34.9614,24.1393,2.00949,0.332785
1.371,20.9166,20.9166,0.895297,18.7265,34.9614,24.0624,0.895297,0.205871
1.3712,18.0228,18.0228,2,36.0455,34.9614,24.1633,2.3651,0.281951
1.3714,15.4505,15.4505,1.67709,25.9118,34.9614,24.117,1.67709,0.293363
1.3716,19.3679,19.3679,1.57846,30.5715,34.9614,24.1093,1.57846,0.273333
1.3718,20.0311,20.0311,1.57604,31.5699,34.9614,24.1095,1.57604,0.182785
1.372,16.6664,16.6664,2,33.3328,34.9614,24.1587,2.29326,0.285005
1.3722,16.9672,16.9672,1.44854,24.5776,34.9614,24.101,1.44854,0.28158
1.3724,18.4454,18.4454,2,36.8907,34.9614,24.1394,2.01565,0.288556
1.3726,16.865,16.865,1.87267,31.5826,34.9614,24.1301,1.87267,0.273333
1.3728,18.1739,18.1739,1.70785,31.0384,34.9614,24.1186,1.70785,0.273333
1.373,6.14824,6.14824,2,12.2965,34.9614,24.2178,3.3015,0.566667
1.3732,14.5395,14.5395,0.00345133,0.0501807,34.9614,24.0028,0.00345133,0.416667
1.3734,20.7633,20.7633,1.49524,31.046,34.9614,24.1032,1.49524,0.266667
1.3736,20.9535,20.9535,1.07257,22.474,34.9614,24.0748,1.07257,0.116667
1.3738,17.9419,17.9419,2,35.8837,34.9614,24.16,2.31422,0.273333
1.374,10.6827,10.6827,2,21.3654,34.9614,24.1529,2.21424,0.416667
1.3742,20.9946,20.9946,0.374151,7.85514,34.9614,24.0265,0.374151,0.266667
1.3744,19.0599,19.0599,2,38.1198,34.9614,24.1533,2.2196,0.277788
1.3746,16.2526,16.2526,1.81362,29.4761,34.9614,24.1263,1.81362,0.266667
1.3748,18.6619,18.6619,1.64076,30.6197,34.9614,24.1137,1.64076,0.273333
1.375,17.8693,17.8693,2,35.7386,34.9614,24.1419,2.04824,0.266667
1.3752,18.9339,18.9339,1.54072,29.1718,34.9614,24.1072,1.54072,0.224277
1.3754,17.5693,17.5693,2,35.1387,34.9614,24.1501,2.16852,0.276572
1.3756,14.167,14.167,1.95027,27.6294,34.9614,24.1355,1.95027,0.34535
1.3758,19.5835,19.5835,1.19622,23.4263,34.9614,24.0831,1.19622,0.273333
1.376,20.1584,20.1584,1.61411,32.5379,34.9614,24.112,1.61411,0.191783
1.3762,19.2367,19.2367,1.79948,34.6161,34.9614,24.125,1.79948,0.204939
1.3764,16.9093,16.9093,2,33.8186,34.9614,24.1446,2.08431,0.27419
1.3766,17.5915,17.5915,1.5944,28.048,34.9614,24.1109,1.5944,0.275017
1.3768,18.3278,18.3278,1.96421,35.9995,34.9614,24.1359,1.96421,0.273333
1.377,15.7186,15.7186,2,31.4371,34.9614,24.1413,2.03852,0.307929
1.3772,20.2098,20.2098,1.15404,23.3229,34.9614,24.0803,1.15404,0.218713
1.3774,17.8373,17.8373,2,35.6747,34.9614,24.1604,2.31773,0.277398
1.3776,17.8817,17.8817,1.44181,25.782,34.9614,24.1006,1.44181,0.237472
1.3778,18.4413,18.4413,2,36.8827,34.9614,24.1426,2.05998,0.273333
1.378,15.267,15.267,2,30.5341,34.9614,24.1397,2.01295,0.311793
1.3782,20.099,20.099,1.15788,23.2722,34.9614,24.0805,1.15788,0.232524
1.3784,17.9526,17.9526,2,35.9053,34.9614,24.1587,2.29582,0.274328
1.3786,16.9943,16.9943,1.57158,26.7079,34.9614,24.1096,1.57158,0.260212
1.3788,18.7018,18.7018,1.88468,35.2469,34.9614,24.1304,1.88468,0.273333
1.379,16.346,16.346,2,32.6921,34.9614,24.1431,2.06176,0.291202
1.3792,19.1255,19.1255,1.37353,26.2695,34.9614,24.0955,1.37353,0.243182
1.3794,17.9234,17.9234,2,35.8468,34.9614,24.1531,2.21182,0.2737
1.3796,17.2153,17.2153,1.61732,27.8426,34.9614,24.1127,1.61732,0.260043
1.3798,18.4988,18.4988,1.89801,35.1109,34.9614,24.1315,1.89801,0.273333
1.38,19.0184,19.0184,1.67753,31.9039,34.9614,24.1165,1.67753,0.219901
1.3802,17.7178,17.7178,2,35.4356,34.9614,24.1426,2.05648,0.263083
1.3804,17.195,17.195,1.74038,29.9258,34.9614,24.121,1.74038,0.274114
1.3806,18.6848,18.6848,1.77045,33.0804,34.9614,24.1228,1.77045,0.260687
1.3808,17.3265,17.3265,2,34.653,34.9614,24.141,2.03262,0.273333
1.381,19.7859,19.7859,1.36929,27.0928,34.9614,24.0953,1.36929,0.206227
1.3812,18.3473,18.3473,2,36.6946,34.9614,24.1469,2.12141,0.252745
1.3814,16.642,16.642,1.7992,29.9423,34.9614,24.1253,1.7992,0.274299
1.3816,18.759,18.759,1.6722,31.3687,34.9614,24.1159,1.6722,0.264873
1.3818,17.5074,17.5074,2,35.0148,34.9614,24.1443,2.08326,0.273333
1.382,14.8038,14.8038,1.95549,28.9487,34.9614,24.1356,1.95549,0.335995
1.3822,19.709,19.709,1.23248,24.2909,34.9614,24.0856,1.23248,0.257735
1.3824,17.8994,17.8994,2,35.7989,34.9614,24.1576,2.27906,0.275646
1.3826,16.6404,16.6404,1.61834,26.9298,34.9614,24.1128,1.61834,0.270959
1.3828,18.8165,18.8165,1.80684,33.9983,34.9614,24.125,1.80684,0.273333
1.383,17.1666,17.1666,2,34.3332,34.9614,24.1408,2.02993,0.273333
1.3832,5.92497,5.92497,2,11.8499,34.9614,24.1936,2.92824,0.566667
1.3834,15.8346,15.8346,0.0603669,0.955887,34.9614,24.0063,0.0603669,0.416667
1.3836,20.5686,20.5686,1.62213,33.365,34.9614,24.1119,1.62213,0.266667
1.3838,20.8928,20.8928,1.09817,22.9438,34.9614,24.0766,1.09817,0.116667
1.384,17.8962,17.8962,2,35.7925,34.9614,24.16,2.3142,0.273333
1.3842,10.714,10.714,2,21.4281,34.9614,24.1519,2.20536,0.416667
1.3844,20.9891,20.9891,0.384201,8.06402,34.9614,24.0272,0.384201,0.266667
1.3846,19.097,19.097,2,38.194,34.9614,24.1521,2.20394,0.275839
1.3848,19.783,19.783,1.34655,26.6389,34.9614,24.0939,1.34655,0.16723
1.385,17.7111,17.7111,2,35.4222,34.9614,24.1564,2.25926,0.273333
1.3852,16.9764,16.9764,1.58216,26.8594,34.9614,24.1103,1.58216,0.266667
1.3854,14.7439,14.7439,2,29.4877,34.9614,24.163,2.36699,0.378887
1.3856,18.1946,18.1946,1.04881,19.0827,34.9614,24.0734,1.04881,0.27663
1.3858,18.3643,18.3643,2,36.7286,34.9614,24.158,2.28796,0.291828
1.386,16.2401,16.2401,1.6984,27.5823,34.9614,24.1184,1.6984,0.273333
1.3862,20.7131,20.7131,1.22676,25.4099,34.9614,24.0852,1.22676,0.195729
1.3864,11.8326,11.8326,2,23.6652,34.9614,24.2163,3.16567,0.425766
1.3866,18.199,18.199,0.00963555,0.175357,34.9614,24.0024,0.00963555,0.272544
1.3868,18.9746,18.9746,2,37.9492,34.9614,24.165,2.39897,0.324652
1.387,15.5901,15.5901,1.71759,26.7774,34.9614,24.1199,1.71759,0.273333
1.3872,17.1671,17.1671,1.84524,31.6775,34.9614,24.1275,1.84524,0.330934
1.3874,14.8546,14.8546,2,29.7091,34.9614,24.1473,2.13297,0.355879
1.3876,18.8231,18.8231,1.20256,22.6358,34.9614,24.0837,1.20256,0.272857
1.3878,19.12,19.12,2,38.24,34.9614,24.1397,2.01858,0.247488
1.388,16.4783,16.4783,1.96032,32.3028,34.9614,24.1364,1.96032,0.273333
1.3882,15.4562,15.4562,1.89575,29.3011,34.9614,24.1314,1.89575,0.344427
1.3884,17.3187,17.3187,1.65278,28.624,34.9614,24.1145,1.65278,0.318076
1.3886,18.3415,18.3415,1.90187,34.8831,34.9614,24.1316,1.90187,0.273944
1.3888,18.6336,18.6336,1.72834,32.2053,34.9614,24.1201,1.72834,0.233899
1.389,17.448,17.448,2,34.8959,34.9614,24.1417,2.04274,0.273333
1.3892,19.8488,19.8488,1.35478,26.8907,34.9614,24.0943,1.35478,0.201292
1.3894,19.4308,19.4308,1.85003,35.9475,34.9614,24.1283,1.85003,0.214618
1.3896,16.7023,16.7023,2,33.4046,34.9614,24.1444,2.08104,0.273957
1.3898,16.7122,16.7122,1.67221,27.9462,34.9614,24.1162,1.67221,0.301025
1.39,18.6837,18.6837,1.79201,33.4814,34.9614,24.1242,1.79201,0.273333
1.3902,14.3369,14.3369,2,28.6739,34.9614,24.1639,2.3679,0.348734
1.3904,20.7842,20.7842,0.641992,13.3433,34.9614,24.045,0.641992,0.202373
1.3906,18.8134,18.8134,2,37.6269,34.9614,24.1544,2.23608,0.271905
1.3908,16.2614,16.2614,1.77778,28.9093,34.9614,24.1239,1.77778,0.269304
1.391,18.7324,18.7324,1.66186,31.1307,34.9614,24.1152,1.66186,0.273333
1.3912,16.9098,16.9098,2,33.8197,34.9614,24.1503,2.1692,0.29028
1.3914,18.8182,18.8182,1.37576,25.8892,34.9614,24.0958,1.37576,0.236394
1.3916,18.1582,18.1582,2,36.3164,34.9614,24.1502,2.16914,0.270927
1.3918,19.6353,19.6353,1.35389,26.584,34.9614,24.0943,1.35389,0.190027
1.392,17.7696,17.7696,2,35.5392,34.9614,24.1555,2.2483,0.273333
1.3922,15.8543,15.8543,1.7159,27.2045,34.9614,24.1195,1.7159,0.294833
1.3924,17.4345,17.4345,1.84226,32.1189,34.9614,24.1273,1.84226,0.319727
1.3926,17.9157,17.9157,1.8155,32.526,34.9614,24.1259,1.8155,0.272761
1.3928,19.4417,19.4417,1.62461,31.5851,34.9614,24.1128,1.62461,0.219695
1.393,17.2598,17.2598,2,34.5195,34.9614,24.1503,2.16973,0.273333
1.3932,17.2157,17.2157,1.59187,27.4052,34.9614,24.1108,1.59187,0.273333
1.3934,7.0654,7.0654,2,14.1308,34.9614,24.2127,3.22465,0.566667
1.3936,14.822,14.822,0.0120556,0.178688,34.9614,24.0033,0.0120556,0.416667
1.3938,20.721,20.721,1.52469,31.5932,34.9614,24.1052,1.52469,0.266667
1.394,20.9393,20.9393,1.07886,22.5906,34.9614,24.0753,1.07886,0.116667
1.3942,17.9267,17.9267,2,35.8533,34.9614,24.1602,2.31476,0.273333
1.3944,10.6806,10.6806,2,21.3613,34.9614,24.1525,2.21168,0.416667
1.3946,20.9973,20.9973,0.37493,7.87251,34.9614,24.0265,0.37493,0.266667
1.3948,19.3303,19.3303,2,38.6605,34.9614,24.1465,2.12061,0.266848
1.395,16.358,16.358,1.9032,31.1326,34.9614,24.1325,1.9032,0.266667
1.3952,18.4125,18.4125,1.60552,29.5616,34.9614,24.1114,1.60552,0.273333
1.3954,18.0745,18.0745,2,36.1489,34.9614,24.1408,2.03329,0.266667
1.3956,11.3587,11.3587,2,22.7174,34.9614,24.1666,2.41941,0.416667
1.3958,20.0108,20.0108,0.426181,8.52822,34.9614,24.0303,0.426181,0.278897
1.396,17.1052,17.1052,2,34.2105,34.9614,24.1904,2.77067,0.34701
1.3962,15.7859,15.7859,1.17545,18.5555,34.9614,24.0828,1.17545,0.273333
1.3964,20.9913,20.9913,1.18069,24.7843,34.9614,24.082,1.18069,0.195983
1.3966,17.9254,17.9254,2,35.8508,34.9614,24.1573,2.27162,0.266667
1.3968,17.0389,17.0389,1.58636,27.0298,34.9614,24.1106,1.58636,0.260733
1.397,16.5564,16.5564,2,33.1128,34.9614,24.1496,2.16694,0.330944
1.3972,17.6651,17.6651,1.47958,26.137,34.9614,24.103,1.47958,0.273333
1.3974,16.9548,16.9548,2,33.9096,34.9614,24.1553,2.24989,0.317119
1.3976,19.7525,19.7525,1.17554,23.22,34.9614,24.082,1.17554,0.202246
1.3978,18.4068,18.4068,2,36.8136,34.9614,24.1517,2.19247,0.262406
1.398,14.6513,14.6513,1.95609,28.6592,34.9614,24.1359,1.95609,0.318789
1.3982,19.3004,19.3004,1.27962,24.6971,34.9614,24.0888,1.27962,0.273333
1.3984,19.7065,19.7065,1.79143,35.3027,34.9614,24.1242,1.79143,0.213065
1.3986,15.4265,15.4265,2,30.853,34.9614,24.1589,2.29423,0.307086
1.3988,17.6433,17.6433,1.2452,21.9696,34.9614,24.0869,1.2452,0.284473
1.399,18.1954,18.1954,2,36.3908,34.9614,24.1533,2.22133,0.295646
1.3992,16.501,16.501,1.71044,28.2239,34.9614,24.1191,1.71044,0.273333
1.3994,16.2883,16.2883,2,32.5765,34.9614,24.1408,2.03955,0.338729
1.3996,16.9747,16.9747,1.6421,27.8742,34.9614,24.114,1.6421,0.303725
1.3998,18.121,18.121,1.91558,34.7122,34.9614,24.1327,1.91558,0.286802
1.4,18.2624,18.2624,1.76067,32.1541,34.9614,24.1223,1.76067,0.247733
1.4002,17.5977,17.5977,1.98336,34.9027,34.9614,24.1375,1.98336,0.273333
1.4004,17.6398,17.6398,1.74418,30.7671,34.9614,24.1211,1.74418,0.268611
1.4006,20.0063,20.0063,1.51455,30.3005,34.9614,24.1051,1.51455,0.204934
1.4008,17.7298,17.7298,2,35.4597,34.9614,24.1498,2.16261,0.260237
1.401,17.7572,17.7572,1.58553,28.1545,34.9614,24.1104,1.58553,0.252241
1.4012,18.2487,18.2487,1.99112,36.3354,34.9614,24.1379,1.99112,0.273333
1.4014,18.2933,18.2933,1.70543,31.1979,34.9614,24.1185,1.70543,0.239997
1.4016,17.24,17.24,2,34.48,34.9614,24.1436,2.07472,0.285549
1.4018,17.5641,17.5641,1.63813,28.7723,34.9614,24.1139,1.63813,0.270936
1.402,18.1952,18.1952,1.95066,35.4926,34.9614,24.135,1.95066,0.274925
1.4022,17.1848,17.1848,1.8717,32.1648,34.9614,24.13,1.8717,0.273333
1.4024,17.3634,17.3634,1.83595,31.8784,34.9614,24.1273,1.83595,0.289791
1.4026,17.395,17.395,1.87694,32.6493,34.9614,24.1301,1.87694,0.288201
1.4028,18.0325,18.0325,1.7682,31.8851,34.9614,24.1226,1.7682,0.267937
1.403,19.0969,19.0969,1.72939,33.0261,34.9614,24.12,1.72939,0.232088
1.4032,17.1938,17.1938,2,34.3875,34.9614,24.1453,2.09599,0.273333
1.4034,17.4397,17.4397,1.62916,28.4121,34.9614,24.1133,1.62916,0.273333
1.4036,6.83023,6.83023,2,13.6605,34.9614,24.2135,3.23774,0.566667
1.4038,14.7842,14.7842,0.0108465,0.160357,34.9614,24.0033,0.0108465,0.416667
1.404,20.7253,20.7253,1.52223,31.5486,34.9614,24.105,1.52223,0.266667
1.4042,20.939,20.939,1.07982,22.6104,34.9614,24.0753,1.07982,0.116667
1.4044,17.9292,17.9292,2,35.8583,34.9614,24.1598,2.31162,0.273333
1.4046,7.06923,7.06923,2,14.1385,34.9614,24.1766,2.6055,0.507409
1.4048,19.6092,19.6092,0.074615,1.46314,34.9614,24.0064,0.074615,0.266667
1.405,19.7488,19.7488,2,39.4976,34.9614,24.1395,2.02113,0.273745
1.4052,19.6065,19.6065,1.51322,29.669,34.9614,24.1054,1.51322,0.174091
1.4054,17.4215,17.4215,2,34.8429,34.9614,24.1535,2.21707,0.273333
1.4056,13.6465,13.6465,1.94133,26.4924,34.9614,24.1349,1.94133,0.357409
1.4058,21.334,21.334,0.686009,14.6353,34.9614,24.0479,0.686009,0.198976
1.406,18.5024,18.5024,2,37.0048,34.9614,24.1591,2.30464,0.277202
1.4062,14.095,14.095,1.91732,27.0246,34.9614,24.1333,1.91732,0.324091
1.4064,19.6775,19.6775,1.20234,23.6592,34.9614,24.0834,1.20234,0.273333
1.4066,19.8219,19.8219,1.75911,34.8689,34.9614,24.122,1.75911,0.207409
1.4068,14.9303,14.9303,2,29.8607,34.9614,24.1649,2.38176,0.320534
1.407,18.1325,18.1325,1.05836,19.1907,34.9614,24.0741,1.05836,0.274092
1.4072,20.8124,20.8124,1.28014,26.6427,34.9614,24.089,1.28014,0.174091
1.4074,17.5289,17.5289,2,35.0577,34.9614,24.1596,2.30698,0.273333
1.4076,20.76,20.76,0.941109,19.5374,34.9614,24.0658,0.941109,0.146126
1.4078,18.4558,18.4558,2,36.9116,34.9614,24.1553,2.24539,0.266549
1.408,16.1147,16.1147,1.75612,28.2993,34.9614,24.1223,1.75612,0.277461
1.4082,21.3751,21.3751,0.764659,16.3447,34.9614,24.0535,0.764659,0.141827
1.4084,18.468,18.468,2,36.9359,34.9614,24.158,2.28719,0.273333
1.4086,15.2651,15.2651,1.80753,27.5921,34.9614,24.1259,1.80753,0.296126
1.4088,20.1688,20.1688,1.30237,26.2673,34.9614,24.0904,1.30237,0.240093
1.409,17.7359,17.7359,2,35.4718,34.9614,24.1571,2.2711,0.271208
1.4092,15.9465,15.9465,1.68309,26.8394,34.9614,24.1172,1.68309,0.291827
1.4094,19.0914,19.0914,1.65991,31.6901,34.9614,24.1149,1.65991,0.273333
1.4096,17.5472,17.5472,2,35.0944,34.9614,24.1453,2.09686,0.267821
1.4098,15.5807,15.5807,1.86208,29.0125,34.9614,24.1295,1.86208,0.314901
1.41,18.7729,18.7729,1.52303,28.5917,34.9614,24.1056,1.52303,0.278848
1.4102,20.88,20.88,1.15472,24.1106,34.9614,24.0805,1.15472,0.141827
1.4104,17.7915,17.7915,2,35.5831,34.9614,24.16,2.31386,0.273333
1.4106,17.294,17.294,1.50951,26.1054,34.9614,24.1053,1.50951,0.253986
1.4108,19.4644,19.4644,1.78263,34.6979,34.9614,24.1234,1.78263,0.24453
1.411,16.7368,16.7368,2,33.4737,34.9614,24.1479,2.13275,0.27711
1.4112,17.2009,17.2009,1.57698,27.1254,34.9614,24.1097,1.57698,0.284578
1.4114,18.5691,18.5691,1.91389,35.5393,34.9614,24.1324,1.91389,0.273333
1.4116,16.9909,16.9909,1.95212,33.1682,34.9614,24.1355,1.95212,0.274849
1.4118,19.14,19.14,1.51962,29.0854,34.9614,24.1056,1.51962,0.238361
1.412,17.4991,17.4991,2,34.9982,34.9614,24.1521,2.19788,0.277265
1.4122,14.8994,14.8994,1.83743,27.3765,34.9614,24.1276,1.83743,0.32623
1.4124,19.3934,19.3934,1.39324,27.0197,34.9614,24.0966,1.39324,0.273333
1.4126,17.4067,17.4067,2,34.8134,34.9614,24.1583,2.28858,0.284082
1.4128,17.1169,17.1169,1.51164,25.8747,34.9614,24.1054,1.51164,0.266039
1.413,18.6611,18.6611,1.94323,36.2629,34.9614,24.1344,1.94323,0.275742
1.4132,20.0501,20.0501,1.42053,28.4818,34.9614,24.0989,1.42053,0.17623
1.4134,17.4502,17.4502,2,34.9004,34.9614,24.1566,2.26287,0.273333
1.4136,16.8602,16.8602,1.56495,26.3854,34.9614,24.1091,1.56495,0.273333
1.4138,7.35781,7.35781,2,14.7156,34.9614,24.2096,3.1809,0.566667
1.414,14.9527,14.9527,0.0159707,0.238806,34.9614,24.0036,0.0159707,0.416667
1.4142,20.7006,20.7006,1.53766,31.8306,34.9614,24.1061,1.53766,0.266667
1.4144,20.9319,20.9319,1.08253,22.6594,34.9614,24.0755,1.08253,0.116667
1.4146,17.917,17.917,2,35.8339,34.9614,24.16,2.31438,0.273333
1.4148,10.7123,10.7123,2,21.4245,34.9614,24.1523,2.21062,0.416667
1.415,17.2215,17.2215,0.868385,14.9549,34.9614,24.0606,0.868385,0.378164
1.4152,19.5898,19.5898,1.99884,39.157,34.9614,24.138,1.99884,0.26798
1.4154,20.0848,20.0848,1.39385,27.9953,34.9614,24.0971,1.39385,0.157788
1.4156,17.5057,17.5057,2,35.0113,34.9614,24.1568,2.26646,0.273333
1.4158,16.7878,16.7878,1.57756,26.4837,34.9614,24.1099,1.57756,0.274283
1.416,20.0053,20.0053,1.57799,31.5682,34.9614,24.1094,1.57799,0.228164
1.4162,17.2729,17.2729,2,34.5457,34.9614,24.1527,2.2022,0.268917
1.4164,15.7727,15.7727,1.71782,27.0947,34.9614,24.1195,1.71782,0.307788
1.4166,19.1282,19.1282,1.61074,30.8106,34.9614,24.1115,1.61074,0.273333
1.4168,19.6275,19.6275,1.70606,33.4857,34.9614,24.1184,1.70606,0.202723
1.417,12.864,12.864,2,25.728,34.9614,24.1832,2.65581,0.378164
1.4172,18.8385,18.8385,0.511472,9.63539,34.9614,24.0365,0.511472,0.272273
1.4174,21.2338,21.2338,0.970375,20.6047,34.9614,24.0676,0.970375,0.157788
1.4176,18.087,18.087,2,36.1741,34.9614,24.1599,2.31387,0.273333
1.4178,16.7868,16.7868,1.59241,26.7315,34.9614,24.1111,1.59241,0.262099
1.418,16.3701,16.3701,2,32.7402,34.9614,24.1489,2.15727,0.339769
1.4182,17.7907,17.7907,1.45433,25.8735,34.9614,24.1012,1.45433,0.274027
1.4184,20.4388,20.4388,1.4522,29.6812,34.9614,24.1008,1.4522,0.190002
1.4186,17.2418,17.2418,2,34.4836,34.9614,24.1577,2.27571,0.273333
1.4188,18.0797,18.0797,1.39979,25.3078,34.9614,24.0976,1.39979,0.244465
1.419,18.2602,18.2602,2,36.5203,34.9614,24.1469,2.12449,0.277865
1.4192,16.7892,16.7892,1.77286,29.7648,34.9614,24.1233,1.77286,0.271405
1.4194,20.6235,20.6235,1.24909,25.7606,34.9614,24.0868,1.24909,0.187831
1.4196,17.6408,17.6408,2,35.2817,34.9614,24.1594,2.30455,0.273333
1.4198,15.9162,15.9162,1.64711,26.2157,34.9614,24.1148,1.64711,0.291733
1.42,20.0848,20.0848,1.47642,29.6537,34.9614,24.1023,1.47642,0.238608
1.4202,17.3234,17.3234,2,34.6469,34.9614,24.156,2.25133,0.272867
1.4204,17.514,17.514,1.49372,26.1611,34.9614,24.1041,1.49372,0.259589
1.4206,18.5466,18.5466,1.99403,36.9823,34.9614,24.1379,1.99403,0.273333
1.4208,16.538,16.538,1.93644,32.0248,34.9614,24.1345,1.93644,0.281644
1.421,15.7645,15.7645,1.88924,29.7831,34.9614,24.1308,1.88924,0.337084
1.4212,18.8268,18.8268,1.50937,28.4166,34.9614,24.1047,1.50937,0.272552
1.4214,16.787,16.787,2,33.5739,34.9614,24.1591,2.30184,0.302237
1.4216,17.1885,17.1885,1.42942,24.5695,34.9614,24.0997,1.42942,0.273333
1.4218,19.1657,19.1657,1.89847,36.3854,34.9614,24.1314,1.89847,0.261765
1.422,17.5818,17.5818,1.92273,33.8049,34.9614,24.1335,1.92273,0.251571
1.4222,17.5992,17.5992,1.7971,31.6274,34.9614,24.1247,1.7971,0.27378
1.4224,19.535,19.535,1.60249,31.3046,34.9614,24.1112,1.60249,0.222652
1.4226,17.2557,17.2557,2,34.5114,34.9614,24.1515,2.18772,0.273333
1.4228,17.9933,17.9933,1.49104,26.8287,34.9614,24.1039,1.49104,0.251985
1.423,18.5873,18.5873,2,37.1747,34.9614,24.1387,2.00387,0.264217
1.4232,16.8475,16.8475,1.89596,31.9421,34.9614,24.1317,1.89596,0.27292
1.4234,19.6502,19.6502,1.46457,28.7792,34.9614,24.1017,1.46457,0.226924
1.4236,17.5195,17.5195,2,35.039,34.9614,24.1545,2.23003,0.273333
1.4238,16.9076,16.9076,1.59648,26.9926,34.9614,24.1112,1.59648,0.273333
1.424,7.2453,7.2453,2,14.4906,34.9614,24.2092,3.17171,0.566667
1.4242,14.989,14.989,0.0170687,0.255842,34.9614,24.0036,0.0170687,0.416667
1.4244,20.6951,20.6951,1.54165,31.9046,34.9614,24.1064,1.54165,0.266667
1.4246,20.9303,20.9303,1.0831,22.6697,34.9614,24.0756,1.0831,0.116667
1.4248,17.9097,17.9097,2,35.8195,34.9614,24.1601,2.31644,0.273333
1.425,6.13529,6.13529,2,12.2706,34.9614,24.1815,2.69934,0.531127
1.4252,17.7026,17.7026,0.0963932,1.70641,34.9614,24.0083,0.0963932,0.35831
1.4254,20.116,20.116,1.86564,37.5292,34.9614,24.1287,1.86564,0.269941
1.4256,16.6201,16.6201,2,33.2402,34.9614,24.146,2.10025,0.266667
1.4258,17.7909,17.7909,1.53002,27.2204,34.9614,24.1064,1.53002,0.273333
1.426,13.7038,13.7038,2,27.4076,34.9614,24.1782,2.59895,0.395326
1.4262,20.6085,20.6085,0.421395,8.68432,34.9614,24.0299,0.421395,0.20831
1.4264,19.1793,19.1793,2,38.3586,34.9614,24.1498,2.17158,0.27248
1.4266,12.8473,12.8473,2,25.6947,34.9614,24.1542,2.22613,0.353328
1.4268,19.7655,19.7655,0.790578,15.6261,34.9614,24.0553,0.790578,0.273333
1.427,19.4509,19.4509,2,38.9018,34.9614,24.1385,2.00364,0.245326
1.4272,12.9684,12.9684,2,25.9367,34.9614,24.165,2.38271,0.35831
1.4274,19.3415,19.3415,0.715232,13.8337,34.9614,24.0503,0.715232,0.274155
1.4276,19.7392,19.7392,1.91182,37.7378,34.9614,24.1322,1.91182,0.240361
1.4278,16.4243,16.4243,2,32.8485,34.9614,24.1445,2.08116,0.273333
1.428,19.6108,19.6108,1.29185,25.3341,34.9614,24.0899,1.29185,0.225739
1.4282,17.5902,17.5902,2,35.1803,34.9614,24.1599,2.31039,0.282347
1.4284,16.7568,16.7568,1.54758,25.9325,34.9614,24.1079,1.54758,0.270822
1.4286,19.779,19.779,1.66085,32.8498,34.9614,24.115,1.66085,0.240219
1.4288,17.0196,17.0196,2,34.0391,34.9614,24.1513,2.18345,0.273333
1.429,18.2678,18.2678,1.43904,26.2881,34.9614,24.1002,1.43904,0.248884
1.4292,15.1372,15.1372,2,30.2743,34.9614,24.1753,2.54311,0.357627
1.4294,17.4973,17.4973,1.00052,17.5063,34.9614,24.0703,1.00052,0.276875
1.4296,19.9312,19.9312,1.81461,36.1672,34.9614,24.1255,1.81461,0.240886
1.4298,16.5572,16.5572,2,33.1144,34.9614,24.1486,2.14075,0.273333
1.43,16.9953,16.9953,1.5753,26.7727,34.9614,24.1096,1.5753,0.292721
1.4302,16.492,16.492,2,32.984,34.9614,24.1504,2.1798,0.334319
1.4304,17.8822,17.8822,1.43616,25.6817,34.9614,24.1,1.43616,0.268184
1.4306,17.854,17.854,2,35.708,34.9614,24.1497,2.1646,0.291053
1.4308,16.8611,16.8611,1.69665,28.6074,34.9614,24.1181,1.69665,0.273333
1.431,19.7192,19.7192,1.58839,31.3218,34.9614,24.1101,1.58839,0.23367
1.4312,17.6119,17.6119,2,35.2238,34.9614,24.1484,2.14241,0.262335
1.4314,17.1204,17.1204,1.6616,28.4473,34.9614,24.1156,1.6616,0.272104
1.4316,17.5598,17.5598,1.98759,34.9017,34.9614,24.1376,1.98759,0.298708
1.4318,17.4855,17.4855,1.75398,30.6691,34.9614,24.1218,1.75398,0.273333
1.432,18.9083,18.9083,1.74394,32.9748,34.9614,24.1209,1.74394,0.248285
1.4322,11.7808,11.7808,2,23.5616,34.9614,24.1856,2.70723,0.412335
1.4324,19.2105,19.2105,0.303268,5.82593,34.9614,24.0222,0.303268,0.276686
1.4326,19.459,19.459,2,38.918,34.9614,24.1462,2.11855,0.277337
1.4328,16.0296,16.0296,1.95062,31.2677,34.9614,24.1358,1.95062,0.273333
1.433,18.4247,18.4247,1.53282,28.2417,34.9614,24.1064,1.53282,0.275618
1.4332,18.3414,18.3414,2,36.6828,34.9614,24.141,2.03583,0.262335
1.4334,16.8315,16.8315,1.85051,31.1469,34.9614,24.1287,1.85051,0.27457
1.4336,18.4888,18.4888,1.68256,31.1085,34.9614,24.1167,1.68256,0.266471
1.4338,17.6276,17.6276,2,35.2551,34.9614,24.1418,2.04655,0.273333
1.434,17.2858,17.2858,1.73252,29.9479,34.9614,24.1204,1.73252,0.273333
1.4342,6.63981,6.63981,2,13.2796,34.9614,24.2075,3.14634,0.566667
1.4344,15.12,15.12,0.0210379,0.318092,34.9614,24.0039,0.0210379,0.416667
1.4346,20.6755,20.6755,1.55382,32.1261,34.9614,24.1072,1.55382,0.266667
1.4348,20.9248,20.9248,1.08557,22.7152,34.9614,24.0757,1.08557,0.116667
1.435,17.9193,17.9193,2,35.8386,34.9614,24.16,2.31489,0.273333
1.4352,10.6948,10.6948,2,21.3896,34.9614,24.1523,2.21042,0.416667
1.4354,20.9922,20.9922,0.378367,7.94274,34.9614,24.0268,0.378367,0.266667
1.4356,19.0288,19.0288,2,38.0576,34.9614,24.1539,2.23041,0.279075
1.4358,17.3316,17.3316,1.67915,29.1024,34.9614,24.117,1.67915,0.239096
1.436,18.2991,18.2991,1.88642,34.5199,34.9614,24.1308,1.88642,0.273333
1.4362,14.8034,14.8034,2,29.6068,34.9614,24.1525,2.20607,0.336603
1.4364,13.0099,13.0099,1.74763,22.7366,34.9614,24.1204,1.74763,0.416667
1.4366,20.1768,20.1768,1.15684,23.3413,34.9614,24.0801,1.15684,0.284265
1.4368,14.9626,14.9626,2,29.9253,34.9614,24.1925,2.79976,0.356117
1.437,17.0905,17.0905,0.785311,13.4214,34.9614,24.0557,0.785311,0.273333
1.4372,20.738,20.738,1.39091,28.8447,34.9614,24.0964,1.39091,0.205519
1.4374,12.5403,12.5403,2,25.0807,34.9614,24.2031,2.95642,0.395874
1.4376,18.3656,18.3656,0.246433,4.52589,34.9614,24.0185,0.246433,0.270458
1.4378,20.8514,20.8514,1.33387,27.8131,34.9614,24.0925,1.33387,0.206723
1.438,17.3967,17.3967,2,34.7934,34.9614,24.1597,2.30665,0.273333
1.4382,17.1894,17.1894,1.48955,25.6045,34.9614,24.1039,1.48955,0.263321
1.4384,15.0024,15.0024,2,30.0049,34.9614,24.1683,2.44368,0.374409
1.4386,17.8656,17.8656,1.04113,18.6005,34.9614,24.0729,1.04113,0.276172
1.4388,19.7153,19.7153,1.88698,37.2025,34.9614,24.1305,1.88698,0.243923
1.439,16.4869,16.4869,2,32.9738,34.9614,24.1451,2.08888,0.273333
1.4392,16.472,16.472,1.67264,27.5518,34.9614,24.1161,1.67264,0.309993
1.4394,20.1339,20.1339,1.47382,29.6737,34.9614,24.1022,1.47382,0.224409
1.4396,17.1672,17.1672,2,34.3344,34.9614,24.158,2.27991,0.277246
1.4398,16.1691,16.1691,1.5968,25.8189,34.9614,24.1113,1.5968,0.29447
1.44,19.1158,19.1158,1.74096,33.2798,34.9614,24.1204,1.74096,0.273333
1.4402,15.7246,15.7246,2,31.4493,34.9614,24.1572,2.2714,0.310348
1.4404,20.6281,20.6281,0.878075,18.113,34.9614,24.0614,0.878075,0.188973
1.4406,18.2822,18.2822,2,36.5643,34.9614,24.1598,2.3137,0.276815
1.4408,18.5347,18.5347,1.41074,26.1477,34.9614,24.0984,1.41074,0.213267
1.441,18.1445,18.1445,2,36.2891,34.9614,24.1487,2.14865,0.273333
1.4412,18.3452,18.3452,1.55941,28.6076,34.9614,24.1086,1.55941,0.23083
1.4414,16.9274,16.9274,2,33.8549,34.9614,24.1542,2.23075,0.302208
1.4416,17.2353,17.2353,1.50518,25.9423,34.9614,24.1049,1.50518,0.274479
1.4418,20.5075,20.5075,1.40851,28.885,34.9614,24.0978,1.40851,0.194485
1.442,17.319,17.319,2,34.6379,34.9614,24.1582,2.28603,0.273333
1.4422,19.1055,19.1055,1.27508,24.361,34.9614,24.0889,1.27508,0.214238
1.4424,16.7447,16.7447,2,33.4894,34.9614,24.1705,2.46801,0.313796
1.4426,16.7225,16.7225,1.32176,22.1032,34.9614,24.0925,1.32176,0.27514
1.4428,18.4218,18.4218,2,36.8437,34.9614,24.1447,2.09713,0.300333
1.443,16.6891,16.6891,1.8217,30.4027,34.9614,24.1268,1.8217,0.273333
1.4432,17.2968,17.2968,1.84235,31.8667,34.9614,24.1277,1.84235,0.303138
1.4434,16.83,16.83,1.9329,32.5307,34.9614,24.1341,1.9329,0.303739
1.4436,17.8902,17.8902,1.68859,30.2092,34.9614,24.1172,1.68859,0.277836
1.4438,20.221,20.221,1.47041,29.7332,34.9614,24.1021,1.47041,0.192099
1.444,17.2892,17.2892,2,34.5784,34.9614,24.1565,2.25806,0.273333
1.4442,16.9734,16.9734,1.54087,26.1538,34.9614,24.1074,1.54087,0.273333
1.4444,7.34707,7.34707,2,14.6941,34.9614,24.212,3.21931,0.566667
1.4446,14.8165,14.8165,0.0118305,0.175287,34.9614,24.0033,0.0118305,0.416667
1.4448,20.7205,20.7205,1.5249,31.5968,34.9614,24.1052,1.5249,0.266667
1.445,20.9384,20.9384,1.07971,22.6074,34.9614,24.0753,1.07971,0.116667
1.4452,17.9281,17.9281,2,35.8562,34.9614,24.1602,2.31517,0.273333
1.4454,10.6899,10.6899,2,21.3798,34.9614,24.1527,2.20967,0.416667
1.4456,20.8055,20.8055,0.415715,8.64917,34.9614,24.0294,0.415715,0.274717
1.4458,19.1186,19.1186,2,38.2372,34.9614,24.1513,2.19367,0.273965
1.446,20.7119,20.7119,1.07213,22.2059,34.9614,24.0749,1.07213,0.124126
1.4462,17.9923,17.9923,2,35.9846,34.9614,24.1595,2.30822,0.273333
1.4464,16.6835,16.6835,1.59607,26.6281,34.9614,24.1113,1.59607,0.266667
1.4466,20.4193,20.4193,1.41424,28.8779,34.9614,24.0981,1.41424,0.20794
1.4468,17.2093,17.2093,2,34.4186,34.9614,24.1594,2.30021,0.27695
1.447,16.9022,16.9022,1.50745,25.4792,34.9614,24.1051,1.50745,0.274126
1.4472,18.8659,18.8659,1.89723,35.7931,34.9614,24.1312,1.89723,0.273333
1.4474,19.6424,19.6424,1.55908,30.6242,34.9614,24.1084,1.55908,0.192054
1.4476,19.1253,19.1253,1.86018,35.5767,34.9614,24.1291,1.86018,0.217705
1.4478,16.7973,16.7973,2,33.5946,34.9614,24.1423,2.05079,0.27511
1.448,14.8671,14.8671,1.90455,28.3151,34.9614,24.1319,1.90455,0.347941
1.4482,19.2811,19.2811,1.34793,25.9896,34.9614,24.0935,1.34793,0.273333
1.4484,17.508,17.508,2,35.016,34.9614,24.1589,2.29941,0.285413
1.4486,16.6149,16.6149,1.56686,26.0333,34.9614,24.1092,1.56686,0.27655
1.4488,18.953,18.953,1.82216,34.5354,34.9614,24.1261,1.82216,0.272164
1.449,15.8525,15.8525,2,31.705,34.9614,24.1517,2.18711,0.304312
1.4492,18.069,18.069,1.34439,24.2917,34.9614,24.0936,1.34439,0.273333
1.4494,18.1706,18.1706,2,36.3413,34.9614,24.1503,2.17301,0.283843
1.4496,19.7455,19.7455,1.33003,26.262,34.9614,24.0927,1.33003,0.185925
1.4498,17.7894,17.7894,2,35.5788,34.9614,24.1558,2.25313,0.272439
1.45,18.3114,18.3114,1.44563,26.4715,34.9614,24.1008,1.44563,0.230952
1.4502,18.2124,18.2124,2,36.4249,34.9614,24.1459,2.10896,0.273333
1.4504,16.6911,16.6911,1.79368,29.9385,34.9614,24.1247,1.79368,0.275375
1.4506,20.5645,20.5645,1.2635,25.9834,34.9614,24.0878,1.2635,0.192734
1.4508,17.6348,17.6348,2,35.2696,34.9614,24.1591,2.29955,0.273242
1.451,19.3692,19.3692,1.25258,24.2614,34.9614,24.0874,1.25258,0.200047
1.4512,18.0748,18.0748,2,36.1496,34.9614,24.155,2.24194,0.273333
1.4514,16.2432,16.2432,1.71225,27.8125,34.9614,24.1193,1.71225,0.280661
1.4516,16.3019,16.3019,2,32.6038,34.9614,24.1387,2.00988,0.342734
1.4518,18.2435,18.2435,1.52688,27.8556,34.9614,24.1061,1.52688,0.27227
1.452,15.5198,15.5198,2,31.0396,34.9614,24.1672,2.42535,0.34247
1.4522,17.6886,17.6886,1.12958,19.9808,34.9614,24.0791,1.12958,0.273333
1.4524,18.9689,18.9689,2,37.9377,34.9614,24.1454,2.10564,0.274201
1.4526,18.1192,18.1192,1.68147,30.4669,34.9614,24.117,1.68147,0.226884
1.4528,17.8354,17.8354,2,35.6707,34.9614,24.1387,2.00002,0.273355
1.453,19.9443,19.9443,1.38588,27.6405,34.9614,24.0964,1.38588,0.19247
1.4532,17.5764,17.5764,2,35.1527,34.9614,24.1563,2.25928,0.273333
1.4534,16.9512,16.9512,1.57169,26.6421,34.9614,24.1095,1.57169,0.269288
1.4536,20.6164,20.6164,1.32983,27.4163,34.9614,24.0924,1.32983,0.190836
1.4538,17.4774,17.4774,2,34.9548,34.9614,24.1589,2.29625,0.273245
1.454,18.0523,18.0523,1.40976,25.4494,34.9614,24.0983,1.40976,0.240225
1.4542,18.406,18.406,2,36.812,34.9614,24.1446,2.09125,0.273333
1.4544,16.7234,16.7234,1.82135,30.4592,34.9614,24.1266,1.82135,0.273333
1.4546,6.76226,6.76226,2,13.5245,34.9614,24.1975,2.99175,0.566667
1.4548,15.6688,15.6688,0.0501286,0.785457,34.9614,24.0057,0.0501286,0.416667
1.455,20.5942,20.5942,1.60654,33.0853,34.9614,24.1108,1.60654,0.266667
1.4552,20.8994,20.8994,1.09584,22.9023,34.9614,24.0765,1.09584,0.116667
1.4554,17.901,17.901,2,35.802,34.9614,24.1601,2.31528,0.273333
1.4556,9.91964,9.91964,2,19.8393,34.9614,24.1579,2.29363,0.436656
1.4558,20.9783,20.9783,0.283954,5.95687,34.9614,24.0203,0.283954,0.266667
1.456,19.2605,19.2605,2,38.5209,34.9614,24.1496,2.16766,0.275351
1.4562,18.0629,18.0629,1.65698,29.93,34.9614,24.1154,1.65698,0.220128
1.4564,17.9324,17.9324,2,35.8648,34.9614,24.1387,2.00339,0.273333
1.4566,16.6937,16.6937,1.8618,31.0804,34.9614,24.1293,1.8618,0.286656
1.4568,20.1216,20.1216,1.37077,27.582,34.9614,24.0952,1.37077,0.212631
1.457,17.3407,17.3407,2,34.6815,34.9614,24.1598,2.30865,0.279335
1.4572,13.9726,13.9726,1.81683,25.3858,34.9614,24.1262,1.81683,0.344858
1.4574,19.9064,19.9064,1.23845,24.653,34.9614,24.0859,1.23845,0.273333
1.4576,19.907,19.907,1.71002,34.0414,34.9614,24.1186,1.71002,0.19925
1.4578,15.7669,15.7669,2,31.5338,34.9614,24.1606,2.31743,0.301264
1.458,17.9117,17.9117,1.23202,22.0676,34.9614,24.086,1.23202,0.270349
1.4582,20.3727,20.3727,1.53592,31.2907,34.9614,24.1065,1.53592,0.200195
1.4584,17.0588,17.0588,2,34.1175,34.9614,24.1564,2.25597,0.273333
1.4586,20.6328,20.6328,0.987397,20.3728,34.9614,24.069,0.987397,0.164111
1.4588,16.8837,16.8837,2,33.7675,34.9614,24.1775,2.56979,0.312192
1.459,16.1867,16.1867,1.29864,21.0207,34.9614,24.091,1.29864,0.279865
1.4592,21.1989,21.1989,0.983937,20.8584,34.9614,24.0685,0.983937,0.16639
1.4594,18.068,18.068,2,36.1361,34.9614,24.16,2.31535,0.273333
1.4596,19.7799,19.7799,1.20973,23.9282,34.9614,24.0845,1.20973,0.178656
1.4598,18.245,18.245,2,36.4901,34.9614,24.1532,2.21502,0.265679
1.46,16.8004,16.8004,1.69137,28.4156,34.9614,24.1178,1.69137,0.265661
1.4602,20.738,20.738,1.22558,25.4161,34.9614,24.0852,1.22558,0.18239
1.4604,17.6601,17.6601,2,35.3202,34.9614,24.1599,2.30984,0.273333
1.4606,19.4487,19.4487,1.23506,24.0203,34.9614,24.0862,1.23506,0.196625
1.4608,18.7359,18.7359,2,37.4718,34.9614,24.1451,2.09771,0.251587
1.461,16.3863,16.3863,1.88197,30.8386,34.9614,24.1308,1.88197,0.276317
1.4612,16.1918,16.1918,1.88167,30.4675,34.9614,24.1302,1.88167,0.33239
1.4614,18.5573,18.5573,1.58973,29.501,34.9614,24.1103,1.58973,0.273333
1.4616,15.0248,15.0248,2,30.0497,34.9614,24.1695,2.45286,0.346625
1.4618,17.8084,17.8084,1.0396,18.5137,34.9614,24.0729,1.0396,0.276407
1.462,18.9705,18.9705,2,37.941,34.9614,24.1478,2.14086,0.276539
1.4622,14.1381,14.1381,2,28.2761,34.9614,24.1458,2.10052,0.326232
1.4624,19.2992,19.2992,1.09991,21.2273,34.9614,24.0766,1.09991,0.273333
1.4626,20.2103,20.2103,1.6149,32.6375,34.9614,24.112,1.6149,0.196625
1.4628,17.1867,17.1867,2,34.3735,34.9614,24.1518,2.18964,0.26703
1.463,17.1716,17.1716,1.57479,27.0417,34.9614,24.1096,1.57479,0.27463
1.4632,20.7654,20.7654,1.24495,25.8518,34.9614,24.0866,1.24495,0.176232
1.4634,17.6096,17.6096,2,35.2192,34.9614,24.1598,2.31014,0.273333
1.4636,19.8732,19.8732,1.16405,23.1335,34.9614,24.0812,1.16405,0.183357
1.4638,18.3713,18.3713,2,36.7425,34.9614,24.1525,2.20465,0.262977
1.464,16.4772,16.4772,1.74563,28.7631,34.9614,24.1215,1.74563,0.272898
1.4642,16.7167,16.7167,1.95489,32.6792,34.9614,24.1351,1.95489,0.326232
1.4644,18.0733,18.0733,1.63654,29.5778,34.9614,24.1137,1.63654,0.273333
1.4646,17.965,17.965,2,35.93,34.9614,24.1395,2.01274,0.273333
1.4648,5.47057,5.47057,2,10.9411,34.9614,24.2028,3.06917,0.566667
1.465,15.2738,15.2738,0.0257685,0.393584,34.9614,24.0041,0.0257685,0.416667
1.4652,20.6541,20.6541,1.56829,32.3916,34.9614,24.1082,1.56829,0.266667
1.4654,20.9179,20.9179,1.08795,22.7576,34.9614,24.0759,1.08795,0.116667
1.4656,17.9139,17.9139,2,35.8278,34.9614,24.1603,2.3157,0.273333
1.4658,10.6921,10.6921,2,21.3842,34.9614,24.1526,2.2089,0.416667
1.466,19.0062,19.0062,0.673419,12.7991,34.9614,24.0472,0.673419,0.33212
1.4662,19.2539,19.2539,2,38.5077,34.9614,24.1467,2.1243,0.267515
1.4664,18.8892,18.8892,1.57233,29.7,34.9614,24.1095,1.57233,0.199425
1.4666,17.6558,17.6558,2,35.3116,34.9614,24.1477,2.13353,0.273333
1.4668,17.3198,17.3198,1.65114,28.5974,34.9614,24.1149,1.65114,0.266667
1.467,18.2589,18.2589,1.91443,34.9555,34.9614,24.1325,1.91443,0.276556
1.4672,17.1369,17.1369,1.915,32.8171,34.9614,24.133,1.915,0.275784
1.4674,16.8916,16.8916,1.8462,31.1852,34.9614,24.1281,1.8462,0.29998
1.4676,18.2179,18.2179,1.72803,31.4812,34.9614,24.1198,1.72803,0.273333
1.4678,19.9048,19.9048,1.5637,31.1251,34.9614,24.1086,1.5637,0.19983
1.468,14.9647,14.9647,2,29.9294,34.9614,24.1747,2.52571,0.33145
1.4682,17.9556,17.9556,0.950714,17.0706,34.9614,24.0668,0.950714,0.269167
1.4684,20.8979,20.8979,1.23234,25.7534,34.9614,24.0857,1.23234,0.174443
1.4686,17.6041,17.6041,2,35.2081,34.9614,24.1601,2.31396,0.273333
1.4688,16.321,16.321,1.59035,25.956,34.9614,24.1109,1.59035,0.281132
1.469,17.3081,17.3081,2,34.6162,34.9614,24.139,2.01046,0.323062
1.4692,17.8412,17.8412,1.67051,29.8039,34.9614,24.1161,1.67051,0.26651
1.4694,16.5295,16.5295,2,33.0589,34.9614,24.1494,2.15852,0.313771
1.4696,17.7177,17.7177,1.47808,26.1883,34.9614,24.1029,1.47808,0.273333
1.4698,17.4938,17.4938,2,34.9877,34.9614,24.1505,2.17982,0.301674
1.47,18.545,18.545,1.45597,27.0009,34.9614,24.1014,1.45597,0.233982
1.4702,17.971,17.971,2,35.9421,34.9614,24.1487,2.14942,0.276149
1.4704,14.8807,14.8807,1.93118,28.7374,34.9614,24.1343,1.93118,0.322232
1.4706,19.2209,19.2209,1.33431,25.6466,34.9614,24.0926,1.33431,0.273333
1.4708,16.7282,16.7282,2,33.4563,34.9614,24.1681,2.43639,0.309086
1.471,17.663,17.663,1.2513,22.1016,34.9614,24.0876,1.2513,0.253677
1.4712,19.1304,19.1304,2,38.2608,34.9614,24.1389,2.0076,0.262883
1.4714,19.8966,19.8966,1.43972,28.6454,34.9614,24.1003,1.43972,0.172232
1.4716,17.4822,17.4822,2,34.9644,34.9614,24.1556,2.24879,0.273333
1.4718,18.3373,18.3373,1.41954,26.0306,34.9614,24.099,1.41954,0.23575
1.472,14.6369,14.6369,2,29.2738,34.9614,24.1803,2.62372,0.370312
1.4722,18.0129,18.0129,0.816724,14.7115,34.9614,24.0577,0.816724,0.266752
1.4724,20.7013,20.7013,1.39178,28.8116,34.9614,24.0966,1.39178,0.193987
1.4726,17.294,17.294,2,34.588,34.9614,24.1591,2.29563,0.273333
1.4728,19.1062,19.1062,1.26434,24.1568,34.9614,24.0882,1.26434,0.214002
1.473,19.3899,19.3899,1.90905,37.0162,34.9614,24.1323,1.90905,0.229986
1.4732,16.7391,16.7391,2,33.4781,34.9614,24.1411,2.03288,0.269837
1.4734,18.5125,18.5125,1.51669,28.0777,34.9614,24.1054,1.51669,0.256393
1.4736,17.9659,17.9659,2,35.9318,34.9614,24.1463,2.11184,0.273333
1.4738,16.0461,16.0461,1.83904,29.5094,34.9614,24.1278,1.83904,0.295659
1.474,17.2978,17.2978,1.76498,30.5303,34.9614,24.1222,1.76498,0.312575
1.4742,18.3673,18.3673,1.80644,33.1794,34.9614,24.1252,1.80644,0.267004
1.4744,18.0254,18.0254,1.88951,34.0591,34.9614,24.1311,1.88951,0.256526
1.4746,17.4296,17.4296,1.88079,32.7815,34.9614,24.1305,1.88079,0.273333
1.4748,17.8024,17.8024,1.7967,31.9857,34.9614,24.1246,1.7967,0.273333
1.475,6.15485,6.15485,2,12.3097,34.9614,24.2104,3.18814,0.566667
1.4752,14.9411,14.9411,0.0156169,0.233334,34.9614,24.0035,0.0156169,0.416667
1.4754,20.7013,20.7013,1.53793,31.8372,34.9614,24.1061,1.53793,0.266667
1.4756,20.933,20.933,1.08168,22.6428,34.9614,24.0755,1.08168,0.116667
1.4758,17.9124,17.9124,2,35.8248,34.9614,24.1597,2.31545,0.273333
1.476,10.7013,10.7013,2,21.4026,34.9614,24.1526,2.20907,0.416667
1.4762,18.9926,18.9926,0.674978,12.8196,34.9614,24.0473,0.674978,0.332241
1.4764,19.1922,19.1922,2,38.3845,34.9614,24.1481,2.14601,0.270193
1.4766,16.8336,16.8336,1.81868,30.6149,34.9614,24.1267,1.81868,0.254968
1.4768,18.307,18.307,1.7366,31.792,34.9614,24.1204,1.7366,0.273333
1.477,16.1669,16.1669,2,32.3339,34.9614,24.1508,2.17944,0.311443
1.4772,20.5627,20.5627,0.998481,20.5314,34.9614,24.0696,0.998481,0.188023
1.4774,18.0986,18.0986,2,36.1973,34.9614,24.16,2.31631,0.275745
1.4776,13.5631,13.5631,1.92837,26.1546,34.9614,24.134,1.92837,0.342475
1.4778,19.9385,19.9385,1.0999,21.9304,34.9614,24.0764,1.0999,0.273333
1.478,19.2396,19.2396,1.98976,38.2822,34.9614,24.1378,1.98976,0.23527
1.4782,14.4344,14.4344,2,28.8688,34.9614,24.1538,2.21962,0.325236
1.4784,18.9954,18.9954,1.0573,20.0839,34.9614,24.0738,1.0573,0.269419
1.4786,17.8848,17.8848,2,35.7696,34.9614,24.164,2.3771,0.295039
1.4788,16.3124,16.3124,1.56533,25.5344,34.9614,24.1093,1.56533,0.273333
1.479,20.2494,20.2494,1.48686,30.1081,34.9614,24.1031,1.48686,0.225826
1.4792,14.6235,14.6235,2,29.2469,34.9614,24.1811,2.62698,0.341917
1.4794,17.9917,17.9917,0.816767,14.695,34.9614,24.0577,0.816767,0.267282
1.4796,20.0232,20.0232,1.79532,35.948,34.9614,24.1242,1.79532,0.23634
1.4798,16.5823,16.5823,2,33.1646,34.9614,24.1495,2.15603,0.273333
1.48,18.5393,18.5393,1.3892,25.7549,34.9614,24.0967,1.3892,0.25052
1.4802,18.6713,18.6713,2,37.3425,34.9614,24.142,2.05243,0.258159
1.4804,16.4098,16.4098,1.90967,31.3373,34.9614,24.1328,1.90967,0.279487
1.4806,15.4547,15.4547,1.93844,29.958,34.9614,24.134,1.93844,0.34857
1.4808,18.8712,18.8712,1.42965,26.9792,34.9614,24.0992,1.42965,0.273333
1.481,17.1975,17.1975,2,34.3949,34.9614,24.1589,2.29701,0.295047
1.4812,18.8469,18.8469,1.28836,24.2817,34.9614,24.0899,1.28836,0.222925
1.4814,18.4512,18.4512,2,36.9024,34.9614,24.1487,2.14974,0.26611
1.4816,18.1092,18.1092,1.61169,29.1864,34.9614,24.1122,1.61169,0.232439
1.4818,17.9984,17.9984,2,35.9967,34.9614,24.1404,2.02722,0.273333
1.482,16.4656,16.4656,1.87118,30.8102,34.9614,24.1299,1.87118,0.289784
1.4822,19.8508,19.8508,1.4135,28.0591,34.9614,24.0982,1.4135,0.227451
1.4824,17.7752,17.7752,2,35.5504,34.9614,24.1531,2.21143,0.266985
1.4826,18.9455,18.9455,1.39979,26.5196,34.9614,24.0975,1.39979,0.215965
1.4828,17.9781,17.9781,2,35.9561,34.9614,24.1514,2.1864,0.273333
1.483,18.5565,18.5565,1.48947,27.6393,34.9614,24.1038,1.48947,0.225153
1.4832,17.5351,17.5351,2,35.0703,34.9614,24.1523,2.20019,0.286356
1.4834,16.8281,16.8281,1.63441,27.5039,34.9614,24.1138,1.63441,0.276933
1.4836,19.7329,19.7329,1.62283,32.0232,34.9614,24.1124,1.62283,0.236773
1.4838,17.1305,17.1305,2,34.261,34.9614,24.152,2.19397,0.273333
1.484,19.526,19.526,1.27605,24.9162,34.9614,24.0889,1.27605,0.20987
1.4842,19.2742,19.2742,1.93096,37.2178,34.9614,24.1338,1.93096,0.228843
1.4844,16.6599,16.6599,2,33.3198,34.9614,24.1403,2.01867,0.272092
1.4846,16.5377,16.5377,1.7449,28.8566,34.9614,24.121,1.7449,0.310359
1.4848,18.6389,18.6389,1.72575,32.1661,34.9614,24.1195,1.72575,0.273333
1.485,17.448,17.448,2,34.896,34.9614,24.1418,2.04679,0.273333
1.4852,5.7261,5.7261,2,11.4522,34.9614,24.1957,2.96019,0.566667
1.4854,15.6882,15.6882,0.0512377,0.803826,34.9614,24.0057,0.0512377,0.416667
1.4856,20.5932,20.5932,1.60663,33.0856,34.9614,24.1109,1.60663,0.266667
1.4858,20.8991,20.8991,1.0962,22.9095,34.9614,24.0765,1.0962,0.116667
1.486,17.8969,17.8969,2,35.7938,34.9614,24.16,2.31533,0.273333
1.4862,10.731,10.731,2,21.462,34.9614,24.1522,2.20467,0.416667
1.4864,15.6877,15.6877,1.03681,16.2651,34.9614,24.072,1.03681,0.416626
1.4866,20.0125,20.0125,1.79451,35.9127,34.9614,24.1239,1.79451,0.269242
1.4868,19.2953,19.2953,1.70649,32.9272,34.9614,24.1186,1.70649,0.194114
1.487,17.1411,17.1411,2,34.2822,34.9614,24.1475,2.128,0.273333
1.4872,17.6045,17.6045,1.57846,27.788,34.9614,24.1098,1.57846,0.268224
1.4874,15.2466,15.2466,2,30.4931,34.9614,24.1632,2.36891,0.356133
1.4876,18.0721,18.0721,1.11073,20.0733,34.9614,24.0777,1.11073,0.271356
1.4878,16.5468,16.5468,2,33.0937,34.9614,24.1785,2.5913,0.344114
1.488,16.61,16.61,1.19844,19.906,34.9614,24.0841,1.19844,0.273333
1.4882,20.6858,20.6858,1.38281,28.6045,34.9614,24.0959,1.38281,0.203505
1.4884,15.6934,15.6934,2,31.3869,34.9614,24.1762,2.55171,0.316946
1.4886,17.2623,17.2623,1.07607,18.5755,34.9614,24.0755,1.07607,0.273266
1.4888,18.5027,18.5027,2,37.0055,34.9614,24.1547,2.24509,0.30109
1.489,16.2566,16.2566,1.74087,28.3007,34.9614,24.1213,1.74087,0.273333
1.4892,15.7984,15.7984,2,31.5969,34.9614,24.1409,2.04213,0.353505
1.4894,19.9614,19.9614,1.20807,24.1148,34.9614,24.084,1.20807,0.226773
1.4896,17.9658,17.9658,2,35.9316,34.9614,24.1572,2.27425,0.272374
1.4898,18.0836,18.0836,1.47082,26.5976,34.9614,24.1026,1.47082,0.233206
1.49,18.2793,18.2793,2,36.5586,34.9614,24.1436,2.07652,0.273333
1.4902,18.0681,18.0681,1.66653,30.1111,34.9614,24.1159,1.66653,0.240679
1.4904,18.0611,18.0611,1.9789,35.7412,34.9614,24.1372,1.9789,0.268875
1.4906,17.2627,17.2627,1.82807,31.5575,34.9614,24.1271,1.82807,0.271647
1.4908,14.0069,14.0069,2,28.0138,34.9614,24.1553,2.24921,0.376835
1.491,19.0498,19.0498,0.982283,18.7123,34.9614,24.0686,0.982283,0.273333
1.4912,20.1332,20.1332,1.68206,33.8653,34.9614,24.1166,1.68206,0.209219
1.4914,16.1687,16.1687,2,32.3374,34.9614,24.1587,2.28927,0.290305
1.4916,17.6615,17.6615,1.32905,23.473,34.9614,24.0927,1.32905,0.272222
1.4918,19.2927,19.2927,1.92763,37.189,34.9614,24.1333,1.92763,0.253145
1.492,16.6172,16.6172,2,33.2344,34.9614,24.1409,2.02914,0.273333
1.4922,18.8348,18.8348,1.4668,27.6268,34.9614,24.1019,1.4668,0.249312
1.4924,18.4514,18.4514,2,36.9029,34.9614,24.1425,2.05743,0.256426
1.4926,16.7496,16.7496,1.85392,31.0525,34.9614,24.1288,1.85392,0.27445
1.4928,19.6919,19.6919,1.47987,29.1415,34.9614,24.1027,1.47987,0.229276
1.493,17.4666,17.4666,2,34.9332,34.9614,24.1543,2.22963,0.273333
1.4932,16.6781,16.6781,1.6172,26.9717,34.9614,24.1127,1.6172,0.279649
1.4934,19.0715,19.0715,1.76706,33.7004,34.9614,24.1223,1.76706,0.264422
1.4936,17.1829,17.1829,2,34.3658,34.9614,24.1436,2.07163,0.271781
1.4938,19.0483,19.0483,1.45431,27.7022,34.9614,24.1012,1.45431,0.23111
1.494,17.8129,17.8129,2,35.6258,34.9614,24.1512,2.18606,0.273333
1.4942,18.2621,18.2621,1.51121,27.598,34.9614,24.1053,1.51121,0.235929
1.4944,18.2169,18.2169,2,36.4338,34.9614,24.1429,2.0657,0.269993
1.4946,16.9252,16.9252,1.80889,30.6159,34.9614,24.1257,1.80889,0.272637
1.4948,15.5221,15.5221,2,31.0442,34.9614,24.1436,2.07481,0.34528
1.495,18.5372,18.5372,1.3572,25.1586,34.9614,24.0944,1.3572,0.273333
1.4952,18.2524,18.2524,2,36.5049,34.9614,24.1491,2.15629,0.273333
1.4954,4.90507,4.90507,2,9.81013,34.9614,24.2001,3.02242,0.566667
1.4956,15.2937,15.2937,0.0270393,0.41353,34.9614,24.0042,0.0270393,0.416667
1.4958,20.6521,20.6521,1.56954,32.4143,34.9614,24.1083,1.56954,0.266667
1.496,20.9172,20.9172,1.08825,22.7631,34.9614,24.0759,1.08825,0.116667
1.4962,17.9144,17.9144,2,35.8287,34.9614,24.16,2.31504,0.273333
1.4964,9.11438,9.11438,2,18.2288,34.9614,24.1627,2.37908,0.456586
1.4966,20.7428,20.7428,0.224727,4.66147,34.9614,24.0163,0.224727,0.266667
1.4968,19.3271,19.3271,2,38.6542,34.9614,24.149,2.15761,0.277248
1.497,17.9852,17.9852,1.67972,30.21,34.9614,24.117,1.67972,0.222199
1.4972,17.923,17.923,1.98149,35.5144,34.9614,24.1372,1.98149,0.273333
1.4974,15.9806,15.9806,1.9596,31.3157,34.9614,24.1361,1.9596,0.306586
1.4976,20.0291,20.0291,1.27429,25.5228,34.9614,24.0886,1.27429,0.225199
1.4978,17.6258,17.6258,2,35.2515,34.9614,24.1596,2.30771,0.277918
1.498,16.05,16.05,1.62695,26.1126,34.9614,24.1134,1.62695,0.28819
1.4982,19.1315,19.1315,1.70599,32.6382,34.9614,24.118,1.70599,0.273333
1.4984,20.0519,20.0519,1.52667,30.6127,34.9614,24.1061,1.52667,0.17926
1.4986,18.6426,18.6426,1.9816,36.9421,34.9614,24.1375,1.9816,0.231127
1.4988,16.8501,16.8501,1.91821,32.3222,34.9614,24.1333,1.91821,0.272878
1.499,18.444,18.444,1.63393,30.1361,34.9614,24.1134,1.63393,0.263287
1.4992,17.7594,17.7594,2,35.5188,34.9614,24.1428,2.06153,0.273333
1.4994,19.8166,19.8166,1.36962,27.1412,34.9614,24.0953,1.36962,0.196219
1.4996,16.0752,16.0752,2,32.1503,34.9614,24.1736,2.51156,0.317113
1.4998,17.182,17.182,1.1639,19.998,34.9614,24.0816,1.1639,0.271803
1.5,19.2498,19.2498,2,38.4996,34.9614,24.1391,2.01421,0.270635
1.5002,16.3998,16.3998,1.98149,32.496,34.9614,24.1378,1.98149,0.273333
1.5004,17.5867,17.5867,1.64047,28.8506,34.9614,24.1138,1.64047,0.290164
1.5006,18.6968,18.6968,1.86826,34.9305,34.9614,24.1294,1.86826,0.259412
1.5008,16.9058,16.9058,2,33.8117,34.9614,24.1394,2.00761,0.277715
1.501,18.1145,18.1145,1.60329,29.0427,34.9614,24.1114,1.60329,0.265857
1.5012,18.0177,18.0177,2,36.0355,34.9614,24.1406,2.03088,0.273333
1.5014,14.8246,14.8246,2,29.6493,34.9614,24.1418,2.04593,0.33078
1.5016,20.2352,20.2352,1.06701,21.5912,34.9614,24.0743,1.06701,0.233518
1.5018,18.0747,18.0747,2,36.1494,34.9614,24.1592,2.30276,0.274932
1.502,16.9155,16.9155,1.58287,26.775,34.9614,24.1104,1.58287,0.259381
1.5022,18.7263,18.7263,1.86746,34.9707,34.9614,24.1293,1.86746,0.273333
1.5024,16.2729,16.2729,2,32.5459,34.9614,24.1447,2.08673,0.293885
1.5026,17.0178,17.0178,1.5937,27.1214,34.9614,24.1107,1.5937,0.300238
1.5028,18.5198,18.5198,1.89755,35.1423,34.9614,24.1313,1.89755,0.277021
1.503,17.0358,17.0358,1.95634,33.3277,34.9614,24.1358,1.95634,0.275193
1.5032,17.879,17.879,1.68813,30.1821,34.9614,24.1172,1.68813,0.273333
1.5034,18.287,18.287,1.91526,35.0242,34.9614,24.1327,1.91526,0.263939
1.5036,17.9506,17.9506,1.81199,32.5264,34.9614,24.1258,1.81199,0.253421
1.5038,17.7493,17.7493,1.89902,33.7062,34.9614,24.1317,1.89902,0.270731
1.504,17.8213,17.8213,1.80583,32.1823,34.9614,24.1253,1.80583,0.266662
1.5042,17.7361,17.7361,1.89665,33.6393,34.9614,24.1315,1.89665,0.273333
1.5044,18.2113,18.2113,1.75417,31.9457,34.9614,24.1218,1.75417,0.256312
1.5046,18.503,18.503,1.8501,34.2323,34.9614,24.1283,1.8501,0.248297
1.5048,17.2983,17.2983,1.96264,33.9502,34.9614,24.1362,1.96264,0.271905
1.505,17.9848,17.9848,1.69441,30.4737,34.9614,24.1176,1.69441,0.265907
1.5052,17.8912,17.8912,1.97395,35.3164,34.9614,24.1367,1.97395,0.273333
1.5054,17.3157,17.3157,1.81433,31.4165,34.9614,24.126,1.81433,0.273333
1.5056,6.405,6.405,2,12.81,34.9614,24.2045,3.09474,0.566667
1.5058,15.294,15.294,0.0270438,0.413607,34.9614,24.0042,0.0270438,0.416667
1.506,20.6523,20.6523,1.56913,32.406,34.9614,24.1083,1.56913,0.266667
1.5062,20.9168,20.9168,1.08901,22.7786,34.9614,24.076,1.08901,0.116667
1.5064,17.9092,17.9092,2,35.8185,34.9614,24.1603,2.31584,0.273333
1.5066,10.7029,10.7029,2,21.4059,34.9614,24.1523,2.20813,0.416667
1.5068,20.9906,20.9906,0.38015,7.97956,34.9614,24.0269,0.38015,0.266667
1.507,19.1568,19.1568,2,38.3136,34.9614,24.1507,2.18447,0.273853
1.5072,18.6015,18.6015,1.56482,29.1081,34.9614,24.109,1.56482,0.20553
1.5074,17.8145,17.8145,2,35.629,34.9614,24.146,2.10919,0.273333
1.5076,17.2331,17.2331,1.69803,29.2624,34.9614,24.1181,1.69803,0.268034
1.5078,13.5449,13.5449,2,27.0897,34.9614,24.1665,2.41987,0.39743
1.508,18.8104,18.8104,0.803291,15.1102,34.9614,24.0564,0.803291,0.27665
1.5082,19.5112,19.5112,2,39.0224,34.9614,24.1384,2.00153,0.251725
1.5084,16.3105,16.3105,2,32.6209,34.9614,24.14,2.01269,0.273333
1.5086,20.4493,20.4493,1.15675,23.6548,34.9614,24.0805,1.15675,0.198062
1.5088,15.6858,15.6858,2,31.3717,34.9614,24.1853,2.68584,0.335044
1.509,16.8034,16.8034,0.998484,16.7779,34.9614,24.0704,0.998484,0.276265
1.5092,19.7895,19.7895,1.89054,37.4129,34.9614,24.1306,1.89054,0.260435
1.5094,16.4529,16.4529,2,32.9057,34.9614,24.1458,2.09785,0.273333
1.5096,17.9723,17.9723,1.49456,26.8607,34.9614,24.1039,1.49456,0.271395
1.5098,20.3261,20.3261,1.49473,30.382,34.9614,24.1038,1.49473,0.192153
1.51,17.1953,17.1953,2,34.3905,34.9614,24.1565,2.25942,0.27287
1.5102,19.205,19.205,1.27191,24.427,34.9614,24.0887,1.27191,0.215129
1.5104,18.1079,18.1079,2,36.2159,34.9614,24.1541,2.22958,0.273333
1.5106,15.0741,15.0741,1.84944,27.8786,34.9614,24.1287,1.84944,0.310065
1.5108,16.7296,16.7296,1.72004,28.7756,34.9614,24.1189,1.72004,0.342153
1.511,18.5796,18.5796,1.76945,32.8757,34.9614,24.1226,1.76945,0.273263
1.5112,17.5032,17.5032,2,35.0065,34.9614,24.1391,2.00471,0.270004
1.5114,17.4751,17.4751,1.73489,30.3174,34.9614,24.1205,1.73489,0.273333
1.5116,16.6523,16.6523,2,33.3045,34.9614,24.1429,2.06276,0.312189
1.5118,15.589,15.589,1.80464,28.1325,34.9614,24.1253,1.80464,0.331802
1.512,18.9692,18.9692,1.54649,29.3356,34.9614,24.1072,1.54649,0.276472
1.5122,19.3836,19.3836,1.80404,34.9688,34.9614,24.1251,1.80404,0.217969
1.5124,16.863,16.863,2,33.7259,34.9614,24.1454,2.09717,0.273333
1.5126,20.2858,20.2858,1.17922,23.9213,34.9614,24.0821,1.17922,0.191447
1.5128,19.18,19.18,1.97512,37.8829,34.9614,24.1368,1.97512,0.230013
1.513,16.4089,16.4089,2,32.8178,34.9614,24.1395,2.0085,0.277532
1.5132,20.3287,20.3287,1.19998,24.3941,34.9614,24.0835,1.19998,0.202101
1.5134,17.8313,17.8313,2,35.6627,34.9614,24.1588,2.29684,0.273333
1.5136,16.548,16.548,1.60768,26.604,34.9614,24.1121,1.60768,0.27336
1.5138,19.2634,19.2634,1.73047,33.3347,34.9614,24.1198,1.73047,0.26098
1.514,17.2248,17.2248,2,34.4496,34.9614,24.1454,2.09822,0.269906
1.5142,16.506,16.506,1.73134,28.5775,34.9614,24.1203,1.73134,0.296518
1.5144,18.6808,18.6808,1.72798,32.2801,34.9614,24.1197,1.72798,0.273333
1.5146,15.9842,15.9842,2,31.9684,34.9614,24.1547,2.23287,0.311006
1.5148,19.1149,19.1149,1.19222,22.7892,34.9614,24.0831,1.19222,0.239422
1.515,18.2465,18.2465,2,36.493,34.9614,24.1545,2.23567,0.27443
1.5152,17.7561,17.7561,1.56574,27.8014,34.9614,24.1091,1.56574,0.239575
1.5154,18.2899,18.2899,1.99937,36.5683,34.9614,24.1384,1.99937,0.273333
1.5156,17.0037,17.0037,1.85838,31.5993,34.9614,24.1291,1.85838,0.273333
1.5158,6.5065,6.5065,2,13.013,34.9614,24.1989,3.01208,0.566667
1.516,15.5915,15.5915,0.0453085,0.706428,34.9614,24.0054,0.0453085,0.416667
1.5162,20.6066,20.6066,1.59923,32.9547,34.9614,24.1103,1.59923,0.266667
1.5164,20.9032,20.9032,1.09443,22.877,34.9614,24.0764,1.09443,0.116667
1.5166,17.907,17.907,2,35.814,34.9614,24.1599,2.31108,0.273333
1.5168,10.7154,10.7154,2,21.4307,34.9614,24.1524,2.21095,0.416667
1.517,20.2754,20.2754,0.510277,10.3461,34.9614,24.0359,0.510277,0.293918
1.5172,18.9873,18.9873,2,37.9746,34.9614,24.1537,2.22802,0.276831
1.5174,16.862,16.862,1.73083,29.1853,34.9614,24.1206,1.73083,0.252078
1.5176,18.4747,18.4747,1.7868,33.0106,34.9614,24.1238,1.7868,0.273333
1.5178,17.6541,17.6541,1.96671,34.7205,34.9614,24.1364,1.96671,0.266667
1.518,18.9845,18.9845,1.5839,30.0696,34.9614,24.1101,1.5839,0.231037
1.5182,17.3208,17.3208,2,34.6417,34.9614,24.1509,2.18022,0.280376
1.5184,14.7796,14.7796,1.84834,27.3178,34.9614,24.1283,1.84834,0.333339
1.5186,19.4383,19.4383,1.36449,26.5234,34.9614,24.0946,1.36449,0.273333
1.5188,19.9732,19.9732,1.66028,33.1611,34.9614,24.1152,1.66028,0.194617
1.519,18.1008,18.1008,2,36.2017,34.9614,24.1398,2.01571,0.24073
1.5192,17.0327,17.0327,1.82875,31.1486,34.9614,24.127,1.82875,0.274743
1.5194,20.5877,20.5877,1.24597,25.6516,34.9614,24.0867,1.24597,0.183339
1.5196,17.645,17.645,2,35.29,34.9614,24.1598,2.30731,0.273333
1.5198,14.1738,14.1738,1.8258,25.8786,34.9614,24.1269,1.8258,0.334855
1.52,18.7261,18.7261,1.42281,26.6437,34.9614,24.0985,1.42281,0.306115
1.5202,18.0718,18.0718,2,36.1437,34.9614,24.149,2.15465,0.272212
1.5204,20.1278,20.1278,1.25201,25.2002,34.9614,24.0873,1.25201,0.173325
1.5206,17.7854,17.7854,2,35.5709,34.9614,24.1582,2.28822,0.273333
1.5208,15.4031,15.4031,1.73203,26.6787,34.9614,24.1206,1.73203,0.303315
1.521,17.4853,17.4853,1.77772,31.084,34.9614,24.1229,1.77772,0.324812
1.5212,17.9254,17.9254,1.86991,33.5189,34.9614,24.1296,1.86991,0.275545
1.5214,17.227,17.227,1.91557,32.9997,34.9614,24.1328,1.91557,0.281532
1.5216,17.8561,17.8561,1.74133,31.0933,34.9614,24.1208,1.74133,0.273333
1.5218,19.4574,19.4574,1.66495,32.3957,34.9614,24.1155,1.66495,0.223743
1.522,15.4547,15.4547,2,30.9093,34.9614,24.1648,2.38017,0.317961
1.5222,17.6202,17.6202,1.17337,20.6749,34.9614,24.0821,1.17337,0.279056
1.5224,17.2992,17.2992,2,34.5985,34.9614,24.1668,2.41995,0.326417
1.5226,16.5617,16.5617,1.44088,23.8633,34.9614,24.1007,1.44088,0.273333
1.5228,20.7764,20.7764,1.27566,26.5036,34.9614,24.0886,1.27566,0.191129
1.523,18.2395,18.2395,2,36.479,34.9614,24.15,2.1665,0.252352
1.5232,16.5914,16.5914,1.75554,29.1267,34.9614,24.1222,1.75554,0.274483
1.5234,16.5456,16.5456,1.97806,32.7282,34.9614,24.1367,1.97806,0.328175
1.5236,18.1312,18.1312,1.59292,28.8816,34.9614,24.1106,1.59292,0.273333
1.5238,17.014,17.014,2,34.028,34.9614,24.1508,2.18088,0.301116
1.524,15.0264,15.0264,1.79312,26.9441,34.9614,24.1246,1.79312,0.332073
1.5242,19.3836,19.3836,1.44124,27.9363,34.9614,24.0998,1.44124,0.273816
1.5244,19.3305,19.3305,1.85813,35.9186,34.9614,24.1289,1.85813,0.219584
1.5246,16.7563,16.7563,2,33.5126,34.9614,24.1434,2.06631,0.273333
1.5248,18.4104,18.4104,1.50207,27.6538,34.9614,24.1044,1.50207,0.25665
1.525,18.929,18.929,1.93743,36.6735,34.9614,24.1342,1.93743,0.245238
1.5252,16.7325,16.7325,1.98616,33.2334,34.9614,24.1379,1.98616,0.274538
1.5254,19.6993,19.6993,1.37856,27.1566,34.9614,24.0958,1.37856,0.22234
1.5256,17.6864,17.6864,2,35.3727,34.9614,24.1555,2.24811,0.273333
1.5258,16.7577,16.7577,1.61365,27.0411,34.9614,24.1125,1.61365,0.273333
1.526,7.30542,7.30542,2,14.6108,34.9614,24.2066,3.1366,0.566667
1.5262,15.102,15.102,0.0205965,0.311049,34.9614,24.0038,0.0205965,0.416667
1.5264,20.6774,20.6774,1.5538,32.1286,34.9614,24.1072,1.5538,0.266667
1.5266,20.9232,20.9232,1.08655,22.7341,34.9614,24.0758,1.08655,0.116667
1.5268,17.9294,17.9294,2,35.8588,34.9614,24.1598,2.31213,0.273333
1.527,10.7002,10.7002,2,21.4003,34.9614,24.1528,2.21272,0.416667
1.5272,18.1864,18.1864,0.763195,13.8798,34.9614,24.0534,0.763195,0.353635
1.5274,19.3744,19.3744,2,38.7489,34.9614,24.1436,2.08077,0.267651
1.5276,16.4323,16.4323,1.92657,31.6579,34.9614,24.134,1.92657,0.266667
1.5278,18.3123,18.3123,1.60662,29.4209,34.9614,24.1115,1.60662,0.273333
1.528,18.1155,18.1155,2,36.2311,34.9614,24.14,2.02143,0.266667
1.5282,17.5348,17.5348,1.76299,30.9137,34.9614,24.1225,1.76299,0.260678
1.5284,18.0897,18.0897,1.86478,33.7334,34.9614,24.1292,1.86478,0.27118
1.5286,14.261,14.261,2,28.5221,34.9614,24.1563,2.26341,0.354597
1.5288,18.8696,18.8696,1.0163,19.1771,34.9614,24.071,1.0163,0.273333
1.529,20.3762,20.3762,1.55055,31.5944,34.9614,24.1076,1.55055,0.195996
1.5292,12.8929,12.8929,2,25.7859,34.9614,24.1924,2.79244,0.379379
1.5294,18.3992,18.3992,0.43468,7.99776,34.9614,24.0314,0.43468,0.274618
1.5296,20.543,20.543,1.53875,31.6105,34.9614,24.1066,1.53875,0.218787
1.5298,17.0101,17.0101,2,34.0203,34.9614,24.157,2.26404,0.273333
1.53,14.251,14.251,1.79499,25.5804,34.9614,24.1247,1.79499,0.345996
1.5302,15.7081,15.7081,1.79435,28.1858,34.9614,24.1238,1.79435,0.38514
1.5304,18.94,18.94,1.5704,29.7434,34.9614,24.1088,1.5704,0.275876
1.5306,16.4644,16.4644,2,32.9288,34.9614,24.1595,2.3069,0.304683
1.5308,17.3835,17.3835,1.37069,23.8274,34.9614,24.0957,1.37069,0.273333
1.531,16.4527,16.4527,2,32.9053,34.9614,24.1646,2.38627,0.341725
1.5312,14.7547,14.7547,1.56968,23.1602,34.9614,24.1093,1.56968,0.334612
1.5314,19.8626,19.8626,1.51061,30.0046,34.9614,24.1045,1.51061,0.273863
1.5316,15.9776,15.9776,2,31.9552,34.9614,24.1681,2.43216,0.30956
1.5318,17.3805,17.3805,1.20509,20.9451,34.9614,24.0844,1.20509,0.273333
1.532,20.6518,20.6518,1.38782,28.6609,34.9614,24.0963,1.38782,0.191725
1.5322,18.8368,18.8368,1.9865,37.4193,34.9614,24.1377,1.9865,0.227137
1.5324,16.6289,16.6289,1.94962,32.4201,34.9614,24.1354,1.94962,0.275465
1.5326,18.0211,18.0211,1.64076,29.5683,34.9614,24.1139,1.64076,0.27699
1.5328,17.9835,17.9835,2,35.967,34.9614,24.1387,2.00384,0.273333
1.533,14.4829,14.4829,2,28.9659,34.9614,24.1457,2.10533,0.341725
1.5332,21.3123,21.3123,0.652816,13.913,34.9614,24.0457,0.652816,0.178401
1.5334,18.6431,18.6431,2,37.2861,34.9614,24.1571,2.27505,0.274122
1.5336,16.6616,16.6616,1.68625,28.0956,34.9614,24.1176,1.68625,0.258984
1.5338,18.6812,18.6812,1.77718,33.2,34.9614,24.123,1.77718,0.273333
1.534,16.7552,16.7552,2,33.5104,34.9614,24.1455,2.09943,0.288044
1.5342,15.5468,15.5468,1.78623,27.7703,34.9614,24.124,1.78623,0.328401
1.5344,19.1441,19.1441,1.53246,29.3375,34.9614,24.1062,1.53246,0.27282
1.5346,16.5256,16.5256,2,33.0512,34.9614,24.1612,2.33278,0.302958
1.5348,17.2844,17.2844,1.36477,23.5894,34.9614,24.0953,1.36477,0.273333
1.535,20.3435,20.3435,1.53034,31.1325,34.9614,24.1061,1.53034,0.208302
1.5352,19.8974,19.8974,1.62313,32.296,34.9614,24.1128,1.62313,0.180401
1.5354,17.0269,17.0269,2,34.0538,34.9614,24.1531,2.20785,0.274164
1.5356,18.6204,18.6204,1.37827,25.6639,34.9614,24.0961,1.37827,0.237785
1.5358,18.1733,18.1733,2,36.3466,34.9614,24.1493,2.15835,0.273333
1.536,16.6945,16.6945,1.74537,29.138,34.9614,24.1214,1.74537,0.273333
1.5362,6.98581,6.98581,2,13.9716,34.9614,24.2004,3.03595,0.566667
1.5364,15.4981,15.4981,0.0394757,0.611798,34.9614,24.005,0.0394757,0.416667
1.5366,20.6218,20.6218,1.58913,32.7708,34.9614,24.1096,1.58913,0.266667
1.5368,20.9097,20.9097,1.09158,22.8247,34.9614,24.0762,1.09158,0.116667
1.537,17.9017,17.9017,2,35.8034,34.9614,24.1601,2.31585,0.273333
1.5372,10.326,10.326,2,20.6519,34.9614,24.1548,2.24829,0.426328
1.5374,21.0563,21.0563,0.306633,6.45656,34.9614,24.0218,0.306633,0.266667
1.5376,19.3365,19.3365,2,38.6731,34.9614,24.1471,2.13227,0.270252
1.5378,19.741,19.741,1.41113,27.8571,34.9614,24.0983,1.41113,0.169198
1.538,17.5904,17.5904,2,35.1808,34.9614,24.1554,2.24525,0.273333
1.5382,16.7155,16.7155,1.61389,26.977,34.9614,24.1124,1.61389,0.276328
1.5384,13.8362,13.8362,2,27.6724,34.9614,24.1658,2.41225,0.40385
1.5386,18.699,18.699,0.854253,15.9737,34.9614,24.0599,0.854253,0.275401
1.5388,17.6059,17.6059,2,35.2118,34.9614,24.1746,2.53237,0.319198
1.539,16.0777,16.0777,1.41678,22.7787,34.9614,24.0992,1.41678,0.273333
1.5392,20.8233,20.8233,1.25385,26.1093,34.9614,24.087,1.25385,0.198164
1.5394,11.0918,11.0918,2,22.1836,34.9614,24.2204,3.23303,0.44136
1.5396,18.1138,18.1138,0.00953269,0.172673,34.9614,24.0024,0.00953269,0.275959
1.5398,18.0167,18.0167,2,36.0334,34.9614,24.1868,2.72563,0.361703
1.54,15.3167,15.3167,1.35817,20.8026,34.9614,24.0954,1.35817,0.273333
1.5402,19.7616,19.7616,1.71635,33.918,34.9614,24.1185,1.71635,0.276959
1.5404,14.5731,14.5731,2,29.1461,34.9614,24.1698,2.45533,0.333093
1.5406,18.2003,18.2003,0.948984,17.2718,34.9614,24.0666,0.948984,0.273824
1.5408,16.6554,16.6554,2,33.3107,34.9614,24.1841,2.67546,0.348687
1.541,16.3229,16.3229,1.16087,18.9488,34.9614,24.0816,1.16087,0.273333
1.5412,18.4802,18.4802,2,36.9604,34.9614,24.1499,2.17455,0.314285
1.5414,17.7153,17.7153,1.64302,29.1067,34.9614,24.1144,1.64302,0.241152
1.5416,18.1654,18.1654,1.9593,35.5916,34.9614,24.1358,1.9593,0.273123
1.5418,14.9597,14.9597,2,29.9193,34.9614,24.1461,2.11018,0.329981
1.542,18.7951,18.7951,1.23746,23.2583,34.9614,24.0861,1.23746,0.273333
1.5422,16.399,16.399,2,32.798,34.9614,24.175,2.54189,0.32957
1.5424,17.96,17.96,1.08691,19.5208,34.9614,24.0762,1.08691,0.244515
1.5426,18.9224,18.9224,2,37.8447,34.9614,24.1474,2.13496,0.273499
1.5428,13.6521,13.6521,2,27.3043,34.9614,24.1498,2.15578,0.339887
1.543,19.4656,19.4656,0.978371,19.0446,34.9614,24.0682,0.978371,0.273333
1.5432,19.9538,19.9538,1.75829,35.0847,34.9614,24.1218,1.75829,0.214744
1.5434,16.4956,16.4956,2,32.9912,34.9614,24.1522,2.19196,0.278715
1.5436,17.5275,17.5275,1.46203,25.6257,34.9614,24.1018,1.46203,0.276292
1.5438,16.9349,16.9349,2,33.8697,34.9614,24.1558,2.25929,0.321172
1.544,17.2001,17.2001,1.48074,25.4689,34.9614,24.1032,1.48074,0.273333
1.5442,16.4618,16.4618,2,32.9236,34.9614,24.1575,2.28078,0.337621
1.5444,16.9111,16.9111,1.4446,24.4298,34.9614,24.1007,1.4446,0.28714
1.5446,18.9561,18.9561,1.92261,36.4452,34.9614,24.1329,1.92261,0.273278
1.5448,15.5514,15.5514,2,31.1028,34.9614,24.1483,2.13878,0.305463
1.545,18.3668,18.3668,1.323,24.2993,34.9614,24.0921,1.323,0.273333
1.5452,17.5584,17.5584,2,35.1168,34.9614,24.1588,2.29989,0.298741
1.5454,19.6025,19.6025,1.21106,23.7399,34.9614,24.0845,1.21106,0.194012
1.5456,17.9997,17.9997,2,35.9994,34.9614,24.1571,2.27198,0.275069
1.5458,15.2503,15.2503,1.77898,27.13,34.9614,24.1239,1.77898,0.304899
1.546,19.3032,19.3032,1.48646,28.6935,34.9614,24.103,1.48646,0.273333
1.5462,17.6259,17.6259,2,35.2517,34.9614,24.1523,2.1982,0.273333
1.5464,5.19828,5.19828,2,10.3966,34.9614,24.1912,2.88786,0.566667
1.5466,15.8321,15.8321,0.0601487,0.952279,34.9614,24.0063,0.0601487,0.416667
1.5468,20.5672,20.5672,1.6239,33.3991,34.9614,24.112,1.6239,0.266667
1.547,20.8936,20.8936,1.09783,22.9375,34.9614,24.0766,1.09783,0.116667
1.5472,17.8978,17.8978,2,35.7956,34.9614,24.1601,2.31568,0.273333
1.5474,10.2209,10.2209,2,20.4419,34.9614,24.1556,2.25715,0.429227
1.5476,21.044,21.044,0.302749,6.37105,34.9614,24.0216,0.302749,0.266667
1.5478,19.2342,19.2342,2,38.4683,34.9614,24.1499,2.17312,0.274933
1.548,16.2761,16.2761,1.8595,30.2653,34.9614,24.1296,1.8595,0.266667
1.5482,18.5537,18.5537,1.61855,30.0302,34.9614,24.1122,1.61855,0.273333
1.5484,17.5194,17.5194,2,35.0389,34.9614,24.1461,2.11012,0.279227
1.5486,15.1426,15.1426,1.89264,28.6596,34.9614,24.1313,1.89264,0.325644
1.5488,19.0386,19.0386,1.41778,26.9925,34.9614,24.0983,1.41778,0.276507
1.549,15.3506,15.3506,2,30.7013,34.9614,24.1769,2.56698,0.342498
1.5492,17.4386,17.4386,1.00829,17.5832,34.9614,24.0709,1.00829,0.273333
1.5494,20.6226,20.6226,1.43496,29.5927,34.9614,24.0995,1.43496,0.199838
1.5496,12.5473,12.5473,2,25.0947,34.9614,24.2005,2.92312,0.393803
1.5498,18.2709,18.2709,0.285996,5.22541,34.9614,24.0213,0.285996,0.274719
1.55,20.4808,20.4808,1.60147,32.7994,34.9614,24.1108,1.60147,0.231776
1.5502,16.8616,16.8616,2,33.7232,34.9614,24.1558,2.24645,0.273333
1.5504,14.2533,14.2533,1.79574,25.5952,34.9614,24.1247,1.79574,0.349838
1.5506,13.0477,13.0477,2,26.0955,34.9614,24.1419,2.07563,0.45179
1.5508,19.8653,19.8653,0.933122,18.5367,34.9614,24.065,0.933122,0.275983
1.551,18.4793,18.4793,2,36.9586,34.9614,24.1564,2.26303,0.273397
1.5512,16.2345,16.2345,1.72954,28.0781,34.9614,24.1205,1.72954,0.273333
1.5514,18.7716,18.7716,1.69334,31.7867,34.9614,24.1173,1.69334,0.275401
1.5516,16.385,16.385,2,32.7699,34.9614,24.1534,2.21356,0.30179
1.5518,17.7208,17.7208,1.41174,25.0172,34.9614,24.0984,1.41174,0.271722
1.552,17.9024,17.9024,2,35.8049,34.9614,24.1496,2.1661,0.294193
1.5522,16.8297,16.8297,1.70094,28.6262,34.9614,24.1184,1.70094,0.273333
1.5524,19.6184,19.6184,1.60729,31.5324,34.9614,24.1114,1.60729,0.238135
1.5526,19.025,19.025,1.86177,35.4201,34.9614,24.1292,1.86177,0.218999
1.5528,16.6897,16.6897,2,33.3794,34.9614,24.1426,2.0566,0.279316
1.553,17.4228,17.4228,1.61919,28.211,34.9614,24.1125,1.61919,0.284698
1.5532,18.3776,18.3776,1.9266,35.4062,34.9614,24.1333,1.9266,0.273333
1.5534,15.2091,15.2091,2,30.4181,34.9614,24.1478,2.13084,0.322482
1.5536,19.9191,19.9191,1.08827,21.6773,34.9614,24.0758,1.08827,0.233631
1.5538,17.9275,17.9275,2,35.855,34.9614,24.1614,2.33363,0.281287
1.554,17.3848,17.3848,1.49254,25.9475,34.9614,24.1042,1.49254,0.247912
1.5542,18.6206,18.6206,1.97424,36.7616,34.9614,24.1365,1.97424,0.273333
1.5544,18.2638,18.2638,1.74342,31.8416,34.9614,24.1212,1.74342,0.236096
1.5546,16.6701,16.6701,2,33.3401,34.9614,24.1462,2.11141,0.298874
1.5548,17.8193,17.8193,1.52205,27.1219,34.9614,24.1059,1.52205,0.271248
1.555,19.4226,19.4226,1.79826,34.927,34.9614,24.1246,1.79826,0.236017
1.5552,16.8648,16.8648,2,33.7297,34.9614,24.1461,2.10363,0.273333
1.5554,19.4228,19.4228,1.34154,26.0564,34.9614,24.0934,1.34154,0.222672
1.5556,18.8248,18.8248,2,37.6496,34.9614,24.1407,2.03229,0.242887
1.5558,16.6205,16.6205,1.91329,31.7997,34.9614,24.133,1.91329,0.272822
1.556,16.8036,16.8036,1.81106,30.4323,34.9614,24.1255,1.81106,0.31094
1.5562,18.3445,18.3445,1.73395,31.8084,34.9614,24.1202,1.73395,0.273333
1.5564,17.6022,17.6022,2,35.2044,34.9614,24.139,2.00599,0.273333
1.5566,5.72091,5.72091,2,11.4418,34.9614,24.1992,3.01116,0.566667
1.5568,15.5166,15.5166,0.040792,0.632955,34.9614,24.0051,0.040792,0.416667
1.557,20.6192,20.6192,1.59108,32.8067,34.9614,24.1098,1.59108,0.266667
1.5572,20.907,20.907,1.09279,22.847,34.9614,24.0763,1.09279,0.116667
1.5574,17.904,17.904,2,35.808,34.9614,24.1601,2.3132,0.273333
1.5576,10.7127,10.7127,2,21.4254,34.9614,24.1523,2.20669,0.416667
1.5578,20.9901,20.9901,0.382785,8.03468,34.9614,24.0271,0.382785,0.266667
1.558,19.1566,19.1566,2,38.3131,34.9614,24.1508,2.18307,0.273637
1.5582,16.3115,16.3115,1.84402,30.0788,34.9614,24.1284,1.84402,0.266667
1.5584,18.565,18.565,1.63281,30.3131,34.9614,24.1132,1.63281,0.273333
1.5586,17.929,17.929,2,35.8579,34.9614,24.1415,2.04326,0.266667
1.5588,11.7245,11.7245,2,23.4491,34.9614,24.1625,2.35678,0.408985
1.559,20.0069,20.0069,0.521224,10.4281,34.9614,24.0368,0.521224,0.276611
1.5592,16.9561,16.9561,2,33.9122,34.9614,24.1903,2.76784,0.345694
1.5594,15.8923,15.8923,1.15066,18.2867,34.9614,24.0811,1.15066,0.273333
1.5596,20.992,20.992,1.18124,24.7967,34.9614,24.082,1.18124,0.194461
1.5598,14.0782,14.0782,2,28.1564,34.9614,24.1986,2.893,0.370167
1.56,17.4491,17.4491,0.565231,9.86277,34.9614,24.0406,0.565231,0.272665
1.5602,19.6818,19.6818,2,39.3636,34.9614,24.1394,2.02054,0.27322
1.5604,16.1832,16.1832,2,32.3665,34.9614,24.1408,2.02604,0.273333
1.5606,20.7131,20.7131,1.05437,21.8392,34.9614,24.0734,1.05437,0.186073
1.5608,16.8864,16.8864,2,33.7728,34.9614,24.1752,2.53578,0.306975
1.561,16.6164,16.6164,1.28484,21.3494,34.9614,24.09,1.28484,0.271298
1.5612,20.1088,20.1088,1.66656,33.5125,34.9614,24.1153,1.66656,0.237158
1.5614,16.8573,16.8573,2,33.7146,34.9614,24.153,2.20796,0.273333
1.5616,15.647,15.647,1.68566,26.3754,34.9614,24.1172,1.68566,0.31718
1.5618,20.1957,20.1957,1.40534,28.3818,34.9614,24.0974,1.40534,0.237015
1.562,17.4742,17.4742,2,34.9485,34.9614,24.157,2.26571,0.272219
1.5622,15.3867,15.3867,1.72062,26.4746,34.9614,24.1198,1.72062,0.309761
1.5624,19.3343,19.3343,1.54335,29.8397,34.9614,24.1069,1.54335,0.273333
1.5626,15.357,15.357,2,30.7139,34.9614,24.1715,2.48066,0.329854
1.5628,16.7054,16.7054,1.16357,19.4379,34.9614,24.0815,1.16357,0.297263
1.563,19.365,19.365,1.97806,38.3052,34.9614,24.1365,1.97806,0.274976
1.5632,16.958,16.958,1.94946,33.0591,34.9614,24.1355,1.94946,0.259937
1.5634,17.9341,17.9341,1.68017,30.1324,34.9614,24.1166,1.68017,0.273333
1.5636,20.3076,20.3076,1.44133,29.2699,34.9614,24.1001,1.44133,0.187086
1.5638,15.8334,15.8334,2,31.6668,34.9614,24.1728,2.49741,0.313096
1.564,17.2032,17.2032,1.14824,19.7535,34.9614,24.0805,1.14824,0.275787
1.5642,19.5977,19.5977,1.90879,37.4078,34.9614,24.1319,1.90879,0.256286
1.5644,16.4912,16.4912,2,32.9824,34.9614,24.1436,2.06773,0.273333
1.5646,19.893,19.893,1.25859,25.0372,34.9614,24.0876,1.25859,0.215242
1.5648,16.4502,16.4502,2,32.9003,34.9614,24.174,2.51784,0.312937
1.565,17.0704,17.0704,1.21003,20.6557,34.9614,24.0848,1.21003,0.267998
1.5652,19.2629,19.2629,1.98812,38.2971,34.9614,24.1374,1.98812,0.270218
1.5654,16.4805,16.4805,1.995,32.8786,34.9614,24.1386,1.995,0.273333
1.5656,15.6939,15.6939,1.83796,28.8448,34.9614,24.1275,1.83796,0.335526
1.5658,18.4426,18.4426,1.59782,29.4678,34.9614,24.1107,1.59782,0.28765
1.566,17.6897,17.6897,2,35.3794,34.9614,24.1452,2.09636,0.277436
1.5662,16.9855,16.9855,1.7251,29.3017,34.9614,24.12,1.7251,0.277274
1.5664,18.4151,18.4151,1.80753,33.2857,34.9614,24.1252,1.80753,0.273333
1.5666,17.3871,17.3871,1.97969,34.4212,34.9614,24.1373,1.97969,0.273333
1.5668,5.95733,5.95733,2,11.9147,34.9614,24.1981,2.99773,0.566667
1.567,15.6001,15.6001,0.0458032,0.714533,34.9614,24.0054,0.0458032,0.416667
1.5672,20.6056,20.6056,1.60009,32.9708,34.9614,24.1104,1.60009,0.266667
1.5674,20.9035,20.9035,1.09411,22.8708,34.9614,24.0763,1.09411,0.116667
1.5676,17.897,17.897,2,35.794,34.9614,24.1603,2.3169,0.273333
1.5678,10.7096,10.7096,2,21.4192,34.9614,24.152,2.20485,0.416667
1.568,19.4577,19.4577,0.626519,12.1906,34.9614,24.044,0.626519,0.319524
1.5682,19.1863,19.1863,2,38.3726,34.9614,24.1482,2.14695,0.268458
1.5684,16.3924,16.3924,1.86998,30.6535,34.9614,24.1301,1.86998,0.266667
1.5686,18.4537,18.4537,1.63198,30.1162,34.9614,24.1132,1.63198,0.273333
1.5688,17.9877,17.9877,2,35.9754,34.9614,24.1405,2.02839,0.266667
1.569,17.7815,17.7815,1.71891,30.5647,34.9614,24.1195,1.71891,0.255811
1.5692,18.026,18.026,1.92622,34.7221,34.9614,24.1334,1.92622,0.271332
1.5694,14.503,14.503,2,29.006,34.9614,24.1506,2.17754,0.345361
1.5696,18.9168,18.9168,1.11373,21.0682,34.9614,24.0776,1.11373,0.273333
1.5698,20.2144,20.2144,1.6195,32.7373,34.9614,24.1123,1.6195,0.20004
1.57,15.7604,15.7604,2,31.5209,34.9614,24.1652,2.38753,0.303922
1.5702,17.6092,17.6092,1.20092,21.1471,34.9614,24.084,1.20092,0.27398
1.5704,17.9587,17.9587,2,35.9174,34.9614,24.1579,2.29006,0.305865
1.5706,16.4791,16.4791,1.63165,26.8881,34.9614,24.1138,1.63165,0.273333
1.5708,16.0593,16.0593,2,32.1186,34.9614,24.1472,2.13213,0.35004
1.571,16.7614,16.7614,1.55464,26.0578,34.9614,24.1081,1.55464,0.306834
1.5712,18.9256,18.9256,1.84457,34.9096,34.9614,24.1276,1.84457,0.271323
1.5714,16.7493,16.7493,2,33.4986,34.9614,24.143,2.05931,0.280152
1.5716,17.8054,17.8054,1.58019,28.1358,34.9614,24.1099,1.58019,0.273333
1.5718,17.0382,17.0382,2,34.0763,34.9614,24.15,2.16803,0.306327
1.572,17.5307,17.5307,1.54045,27.0052,34.9614,24.1072,1.54045,0.269232
1.5722,18.4741,18.4741,1.97546,36.4948,34.9614,24.1367,1.97546,0.272705
1.5724,15.8438,15.8438,2,31.6876,34.9614,24.1407,2.02481,0.301524
1.5726,18.4529,18.4529,1.44424,26.6504,34.9614,24.1003,1.44424,0.273333
1.5728,20.324,20.324,1.50216,30.5299,34.9614,24.1043,1.50216,0.186199
1.573,17.017,17.017,2,34.0341,34.9614,24.1583,2.28612,0.277415
1.5732,17.1298,17.1298,1.47204,25.2157,34.9614,24.1027,1.47204,0.272337
1.5734,18.6948,18.6948,1.96463,36.7284,34.9614,24.1358,1.96463,0.276531
1.5736,16.8615,16.8615,1.93278,32.5896,34.9614,24.1342,1.93278,0.273333
1.5738,17.4077,17.4077,1.74483,30.3734,34.9614,24.121,1.74483,0.289799
1.574,14.7175,14.7175,2,29.4351,34.9614,24.1563,2.26223,0.361615
1.5742,18.6747,18.6747,1.08733,20.3056,34.9614,24.0759,1.08733,0.271012
1.5744,19.0477,19.0477,2,38.0955,34.9614,24.144,2.08346,0.258355
1.5746,16.3572,16.3572,1.91574,31.3362,34.9614,24.1332,1.91574,0.273333
1.5748,16.7771,16.7771,1.78469,29.9421,34.9614,24.1236,1.78469,0.315854
1.575,19.3035,19.3035,1.60765,31.0332,34.9614,24.1115,1.60765,0.24609
1.5752,17.3393,17.3393,2,34.6785,34.9614,24.1502,2.16594,0.27401
1.5754,16.4529,16.4529,1.68853,27.7813,34.9614,24.1175,1.68853,0.291952
1.5756,18.7994,18.7994,1.74234,32.7549,34.9614,24.1207,1.74234,0.273333
1.5758,20.3675,20.3675,1.39058,28.3226,34.9614,24.0968,1.39058,0.166531
1.576,18.7415,18.7415,2,37.4829,34.9614,24.1395,2.013,0.232744
1.5762,16.6706,16.6706,1.91714,31.9599,34.9614,24.1333,1.91714,0.273987
1.5764,18.6009,18.6009,1.59806,29.7253,34.9614,24.1109,1.59806,0.262151
1.5766,17.7432,17.7432,2,35.4864,34.9614,24.1452,2.09521,0.273333
1.5768,17.1073,17.1073,1.71812,29.3923,34.9614,24.1195,1.71812,0.273333
1.577,6.82143,6.82143,2,13.6429,34.9614,24.206,3.12323,0.566667
1.5772,15.2024,15.2024,0.0235613,0.358187,34.9614,24.004,0.0235613,0.416667
1.5774,20.6637,20.6637,1.56211,32.2789,34.9614,24.1078,1.56211,0.266667
1.5776,20.9217,20.9217,1.08714,22.7447,34.9614,24.0759,1.08714,0.116667
1.5778,17.9124,17.9124,2,35.8247,34.9614,24.1596,2.31545,0.273333
1.578,10.7028,10.7028,2,21.4055,34.9614,24.1521,2.20762,0.416667
1.5782,20.9907,20.9907,0.380764,7.99251,34.9614,24.0269,0.380764,0.266667
1.5784,19.1374,19.1374,2,38.2749,34.9614,24.1512,2.19063,0.27448
1.5786,19.5023,19.5023,1.41584,27.6122,34.9614,24.0987,1.41584,0.177586
1.5788,17.6793,17.6793,2,35.3586,34.9614,24.1544,2.23143,0.273333
1.579,16.386,16.386,1.66938,27.3545,34.9614,24.1163,1.66938,0.283937
1.5792,13.3846,13.3846,2,26.7692,34.9614,24.1634,2.37975,0.416667
1.5794,19.0054,19.0054,0.799771,15.1999,34.9614,24.0561,0.799771,0.276706
1.5796,17.3102,17.3102,2,34.6203,34.9614,24.1797,2.6126,0.327586
1.5798,16.0615,16.0615,1.31239,21.0791,34.9614,24.0921,1.31239,0.273333
1.58,20.6757,20.6757,1.37256,28.3786,34.9614,24.0952,1.37256,0.211968
1.5802,17.5826,17.5826,2,35.1653,34.9614,24.1559,2.25188,0.266667
1.5804,16.8863,16.8863,1.58916,26.8351,34.9614,24.1107,1.58916,0.271635
1.5806,20.8189,20.8189,1.2103,25.1971,34.9614,24.0842,1.2103,0.177586
1.5808,17.6769,17.6769,2,35.3539,34.9614,24.1599,2.31173,0.273333
1.581,13.0553,13.0553,1.93953,25.321,34.9614,24.1345,1.93953,0.361968
1.5812,21.4945,21.4945,0.560865,12.0555,34.9614,24.0393,0.560865,0.197653
1.5814,18.8535,18.8535,2,37.707,34.9614,24.1542,2.23333,0.271689
1.5816,20.8803,20.8803,0.972825,20.3129,34.9614,24.068,0.972825,0.116491
1.5818,18.1465,18.1465,2,36.293,34.9614,24.1595,2.30845,0.273333
1.582,13.1694,13.1694,1.97784,26.047,34.9614,24.1376,1.97784,0.352
1.5822,17.4225,17.4225,1.32503,23.0854,34.9614,24.0918,1.32503,0.347653
1.5824,18.901,18.901,2,37.802,34.9614,24.1401,2.02495,0.272086
1.5826,19.4149,19.4149,1.53291,29.7612,34.9614,24.1067,1.53291,0.193234
1.5828,17.4844,17.4844,2,34.9688,34.9614,24.1518,2.19313,0.273333
1.583,19.5826,19.5826,1.29648,25.3885,34.9614,24.0903,1.29648,0.202
1.5832,19.5603,19.5603,1.83128,35.8205,34.9614,24.1269,1.83128,0.215325
1.5834,16.6726,16.6726,2,33.3453,34.9614,24.1461,2.10611,0.274133
1.5836,14.9883,14.9883,1.82985,27.4263,34.9614,24.1268,1.82985,0.343234
1.5838,19.3543,19.3543,1.41286,27.3448,34.9614,24.0979,1.41286,0.273333
1.584,20.0874,20.0874,1.60123,32.1646,34.9614,24.1112,1.60123,0.18767
1.5842,18.3223,18.3223,2,36.6446,34.9614,24.1393,2.00807,0.236794
1.5844,16.9453,16.9453,1.86116,31.5379,34.9614,24.1293,1.86116,0.273778
1.5846,20.423,20.423,1.29117,26.3695,34.9614,24.0898,1.29117,0.193234
1.5848,17.6135,17.6135,2,35.227,34.9614,24.1587,2.29468,0.273333
1.585,15.7549,15.7549,1.67121,26.3297,34.9614,24.1164,1.67121,0.296757
1.5852,18.9307,18.9307,1.67777,31.7614,34.9614,24.1161,1.67777,0.282345
1.5854,17.4525,17.4525,2,34.9051,34.9614,24.1449,2.09217,0.272183
1.5856,17.1852,17.1852,1.68539,28.9637,34.9614,24.1173,1.68539,0.276191
1.5858,18.3783,18.3783,1.86118,34.2052,34.9614,24.1288,1.86118,0.273333
1.586,19.3319,19.3319,1.63798,31.6652,34.9614,24.1138,1.63798,0.21342
1.5862,16.4002,16.4002,2,32.8004,34.9614,24.1576,2.27529,0.297125
1.5864,17.5645,17.5645,1.37521,24.1549,34.9614,24.0959,1.37521,0.271709
1.5866,18.4082,18.4082,2,36.8164,34.9614,24.1449,2.09759,0.283303
1.5868,16.6888,16.6888,1.82094,30.3894,34.9614,24.1266,1.82094,0.273333
1.587,18.3883,18.3883,1.70843,31.4151,34.9614,24.1184,1.70843,0.273333
1.5872,6.01232,6.01232,2,12.0246,34.9614,24.2199,3.33837,0.566667
1.5874,14.4017,14.4017,0,0,34.9614,24.0026,-1.00425e-06,0.416667
1.5876,20.7808,20.7808,1.48301,30.8183,34.9614,24.1023,1.48301,0.266667
1.5878,20.9587,20.9587,1.07048,22.4359,34.9614,24.0747,1.07048,0.116667
1.588,17.9382,17.9382,2,35.8763,34.9614,24.1601,2.31653,0.273333
1.5882,10.6833,10.6833,2,21.3665,34.9614,24.1524,2.21134,0.416667
1.5884,19.342,19.342,0.630213,12.1895,34.9614,24.0442,0.630213,0.322859
1.5886,19.1178,19.1178,2,38.2357,34.9614,24.1501,2.17491,0.272183
1.5888,16.3878,16.3878,1.83967,30.1482,34.9614,24.1281,1.83967,0.265503
1.589,18.5293,18.5293,1.64802,30.5366,34.9614,24.1143,1.64802,0.273333
1.5892,17.925,17.925,2,35.85,34.9614,24.1405,2.02857,0.266667
1.5894,19.443,19.443,1.47822,28.741,34.9614,24.1028,1.47822,0.208444
1.5896,17.4658,17.4658,2,34.9315,34.9614,24.1543,2.22763,0.277054
1.5898,14.0269,14.0269,1.89627,26.5988,34.9614,24.1316,1.89627,0.346942
1.59,19.7502,19.7502,1.20197,23.7391,34.9614,24.0834,1.20197,0.273333
1.5902,20.0312,20.0312,1.66719,33.3958,34.9614,24.1157,1.66719,0.196572
1.5904,17.8673,17.8673,2,35.7346,34.9614,24.1423,2.05072,0.246373
1.5906,17.2622,17.2622,1.74879,30.1879,34.9614,24.1215,1.74879,0.27009
1.5908,16.6208,16.6208,2,33.2415,34.9614,24.141,2.03587,0.315661
1.591,17.9492,17.9492,1.56997,28.1797,34.9614,24.1091,1.56997,0.273333
1.5912,15.9763,15.9763,2,31.9525,34.9614,24.1601,2.31695,0.332357
1.5914,14.464,14.464,1.61528,23.3634,34.9614,24.1123,1.61528,0.354005
1.5916,20.0131,20.0131,1.41843,28.3872,34.9614,24.0982,1.41843,0.270742
1.5918,16.5895,16.5895,2,33.179,34.9614,24.166,2.40087,0.29761
1.592,17.066,17.066,1.33204,22.7326,34.9614,24.0931,1.33204,0.273333
1.5922,16.345,16.345,2,32.6901,34.9614,24.166,2.40842,0.352231
1.5924,15.9175,15.9175,1.41997,22.6024,34.9614,24.0992,1.41997,0.306175
1.5926,19.3689,19.3689,1.80237,34.9099,34.9614,24.1245,1.80237,0.278143
1.5928,16.1979,16.1979,2,32.3958,34.9614,24.1514,2.18232,0.290974
1.593,17.8619,17.8619,1.40639,25.1208,34.9614,24.098,1.40639,0.273333
1.5932,20.2425,20.2425,1.56006,31.5796,34.9614,24.1082,1.56006,0.202231
1.5934,17.7957,17.7957,2,35.5913,34.9614,24.1472,2.12315,0.253049
1.5936,17.4271,17.4271,1.66183,28.9608,34.9614,24.1156,1.66183,0.262375
1.5938,16.7464,16.7464,2,33.4927,34.9614,24.1461,2.11062,0.315194
1.594,17.7046,17.7046,1.54581,27.3679,34.9614,24.1075,1.54581,0.273333
1.5942,15.4294,15.4294,2,30.8587,34.9614,24.1646,2.38463,0.352231
1.5944,15.7516,15.7516,1.35915,21.4087,34.9614,24.0949,1.35915,0.32636
1.5946,19.8399,19.8399,1.71248,33.9754,34.9614,24.1183,1.71248,0.264923
1.5948,17.5169,17.5169,2,35.0338,34.9614,24.1441,2.07738,0.255834
1.595,17.2945,17.2945,1.69213,29.2646,34.9614,24.1177,1.69213,0.273333
1.5952,15.6218,15.6218,2,31.2435,34.9614,24.152,2.199,0.344059
1.5954,17.1195,17.1195,1.40976,24.1344,34.9614,24.0982,1.40976,0.300592
1.5956,18.6493,18.6493,2,37.2987,34.9614,24.1392,2.01452,0.281547
1.5958,18.1956,18.1956,1.72588,31.4034,34.9614,24.12,1.72588,0.23491
1.596,17.6932,17.6932,1.98863,35.1852,34.9614,24.1378,1.98863,0.273333
1.5962,19.9811,19.9811,1.3778,27.5298,34.9614,24.0958,1.3778,0.194059
1.5964,16.7219,16.7219,2,33.4438,34.9614,24.1666,2.40767,0.297246
1.5966,16.5812,16.5812,1.38932,23.0366,34.9614,24.0971,1.38932,0.282967
1.5968,18.903,18.903,1.95514,36.9581,34.9614,24.135,1.95514,0.28399
1.597,16.757,16.757,1.96618,32.9472,34.9614,24.1365,1.96618,0.273333
1.5972,18.0307,18.0307,1.6359,29.4963,34.9614,24.1136,1.6359,0.273333
1.5974,6.43499,6.43499,2,12.87,34.9614,24.2194,3.32879,0.566667
1.5976,14.456,14.456,0.00086268,0.0124709,34.9614,24.0027,0.00086268,0.416667
1.5978,20.7729,20.7729,1.48868,30.9241,34.9614,24.1027,1.48868,0.266667
1.598,20.9571,20.9571,1.07103,22.4458,34.9614,24.0747,1.07103,0.116667
1.5982,17.9369,17.9369,2,35.8739,34.9614,24.16,2.31472,0.273333
1.5984,10.688,10.688,2,21.376,34.9614,24.1527,2.21135,0.416667
1.5986,20.9951,20.9951,0.376212,7.89861,34.9614,24.0266,0.376212,0.266667
1.5988,19.1884,19.1884,2,38.3767,34.9614,24.15,2.17317,0.272545
1.599,18.8414,18.8414,1.54011,29.0178,34.9614,24.1073,1.54011,0.199
1.5992,17.7437,17.7437,2,35.4873,34.9614,24.1481,2.14015,0.273333
1.5994,17.2593,17.2593,1.66155,28.6772,34.9614,24.1156,1.66155,0.266667
1.5996,20.305,20.305,1.44216,29.2831,34.9614,24.1001,1.44216,0.200547
1.5998,17.226,17.226,2,34.4521,34.9614,24.1583,2.28574,0.275993
1.6,15.2672,15.2672,1.69096,25.8162,34.9614,24.1177,1.69096,0.315775
1.6002,19.4453,19.4453,1.53896,29.9255,34.9614,24.1065,1.53896,0.273333
1.6004,19.6892,19.6892,1.7099,33.6666,34.9614,24.1187,1.7099,0.199117
1.6006,17.3692,17.3692,2,34.7384,34.9614,24.1459,2.10215,0.261886
1.6008,17.5038,17.5038,1.63412,28.6034,34.9614,24.1137,1.63412,0.268717
1.601,20.7966,20.7966,1.20919,25.1471,34.9614,24.0841,1.20919,0.165775
1.6012,17.6835,17.6835,2,35.367,34.9614,24.1599,2.31185,0.273333
1.6014,15.2505,15.2505,1.71471,26.1502,34.9614,24.1194,1.71471,0.307059
1.6016,18.3273,18.3273,1.67922,30.7756,34.9614,24.1161,1.67922,0.305802
1.6018,17.7057,17.7057,2,35.4113,34.9614,24.1406,2.03022,0.273946
1.602,20.2535,20.2535,1.27854,25.8949,34.9614,24.089,1.27854,0.180077
1.6022,17.7022,17.7022,2,35.4045,34.9614,24.1582,2.28694,0.273333
1.6024,20.5066,20.5066,1.04464,21.4219,34.9614,24.073,1.04464,0.157059
1.6026,18.109,18.109,2,36.2181,34.9614,24.1589,2.29932,0.272931
1.6028,16.3596,16.3596,1.64772,26.956,34.9614,24.1149,1.64772,0.273489
1.603,20.53,20.53,1.33597,27.4275,34.9614,24.0927,1.33597,0.206364
1.6032,17.4697,17.4697,2,34.9393,34.9614,24.1589,2.29665,0.273333
1.6034,16.2864,16.2864,1.59705,26.0103,34.9614,24.1113,1.59705,0.285489
1.6036,18.8334,18.8334,1.79485,33.8031,34.9614,24.1241,1.79485,0.280295
1.6038,17.2533,17.2533,2,34.5066,34.9614,24.1408,2.02812,0.271502
1.604,16.9937,16.9937,1.74489,29.6522,34.9614,24.1212,1.74489,0.288298
1.6042,18.3746,18.3746,1.80017,33.0774,34.9614,24.1247,1.80017,0.273333
1.6044,16.8909,16.8909,2,33.7819,34.9614,24.1418,2.04608,0.28762
1.6046,17.5283,17.5283,1.63723,28.6978,34.9614,24.1139,1.63723,0.27927
1.6048,18.2365,18.2365,1.94155,35.4071,34.9614,24.1344,1.94155,0.274234
1.605,18.9123,18.9123,1.65129,31.2298,34.9614,24.1147,1.65129,0.225206
1.6052,17.4809,17.4809,2,34.9619,34.9614,24.1459,2.10635,0.273333
1.6054,21.0114,21.0114,0.931922,19.581,34.9614,24.0651,0.931922,0.13762
1.6056,18.2909,18.2909,2,36.5819,34.9614,24.1578,2.28336,0.270786
1.6058,16.3202,16.3202,1.68488,27.4975,34.9614,24.1174,1.68488,0.272375
1.606,20.7698,20.7698,1.20515,25.0306,34.9614,24.0837,1.20515,0.19048
1.6062,17.6944,17.6944,2,35.3888,34.9614,24.1601,2.31329,0.273333
1.6064,20.2853,20.2853,1.08256,21.9601,34.9614,24.0756,1.08256,0.165867
1.6066,17.8703,17.8703,2,35.7406,34.9614,24.1616,2.34013,0.280093
1.6068,16.431,16.431,1.58381,26.0236,34.9614,24.1105,1.58381,0.272866
1.607,20.4024,20.4024,1.42145,29.001,34.9614,24.0986,1.42145,0.214381
1.6072,17.3231,17.3231,2,34.6463,34.9614,24.1578,2.27937,0.273333
1.6074,16.9165,16.9165,1.53391,25.9484,34.9614,24.107,1.53391,0.273333
1.6076,7.42256,7.42256,2,14.8451,34.9614,24.211,3.21319,0.566667
1.6078,14.8218,14.8218,0.0119787,0.177546,34.9614,24.0033,0.0119787,0.416667
1.608,20.7206,20.7206,1.52416,31.5815,34.9614,24.1052,1.52416,0.266667
1.6082,20.9392,20.9392,1.07865,22.586,34.9614,24.0753,1.07865,0.116667
1.6084,17.9221,17.9221,2,35.8441,34.9614,24.1602,2.31686,0.273333
1.6086,10.6799,10.6799,2,21.3597,34.9614,24.1525,2.20791,0.416667
1.6088,20.6824,20.6824,0.44008,9.10188,34.9614,24.031,0.44008,0.280005
1.609,18.9967,18.9967,2,37.9933,34.9614,24.154,2.23229,0.278065
1.6092,19.236,19.236,1.4251,27.4133,34.9614,24.0994,1.4251,0.185843
1.6094,17.7939,17.7939,2,35.5878,34.9614,24.1528,2.20606,0.273333
1.6096,17.0604,17.0604,1.63129,27.8304,34.9614,24.1136,1.63129,0.266667
1.6098,19.7837,19.7837,1.62264,32.1018,34.9614,24.1125,1.62264,0.2306
1.61,16.9742,16.9742,2,33.9484,34.9614,24.1535,2.21607,0.27679
1.6102,16.8523,16.8523,1.56295,26.3393,34.9614,24.1089,1.56295,0.284544
1.6104,18.7912,18.7912,1.86735,35.0897,34.9614,24.1292,1.86735,0.273333
1.6106,19.3961,19.3961,1.6325,31.6641,34.9614,24.1134,1.6325,0.203782
1.6108,17.137,17.137,2,34.274,34.9614,24.1512,2.18308,0.276914
1.611,17.4208,17.4208,1.54797,26.9668,34.9614,24.1078,1.54797,0.269488
1.6112,21.0054,21.0054,1.08597,22.8112,34.9614,24.0756,1.08597,0.153348
1.6114,17.8997,17.8997,2,35.7993,34.9614,24.1601,2.31583,0.273333
1.6116,17.8252,17.8252,1.45677,25.9672,34.9614,24.1016,1.45677,0.237984
1.6118,18.8364,18.8364,1.97206,37.1464,34.9614,24.1365,1.97206,0.260535
1.612,16.5805,16.5805,1.96962,32.6571,34.9614,24.1369,1.96962,0.277971
1.6122,18.929,18.929,1.501,28.4125,34.9614,24.1042,1.501,0.250729
1.6124,17.7827,17.7827,2,35.5654,34.9614,24.1495,2.16041,0.273333
1.6126,17.1036,17.1036,1.66628,28.4994,34.9614,24.116,1.66628,0.268843
1.6128,18.8769,18.8769,1.79273,33.8414,34.9614,24.1241,1.79273,0.260685
1.613,17.0522,17.0522,2,34.1045,34.9614,24.1428,2.05891,0.276649
1.6132,15.6003,15.6003,1.84846,28.8366,34.9614,24.1283,1.84846,0.324915
1.6134,18.9714,18.9714,1.50906,28.629,34.9614,24.1046,1.50906,0.273333
1.6136,18.2931,18.2931,2,36.5862,34.9614,24.1432,2.06589,0.257016
1.6138,16.9957,16.9957,1.80205,30.6272,34.9614,24.1253,1.80205,0.269295
1.614,18.1865,18.1865,1.77975,32.3674,34.9614,24.1233,1.77975,0.2753
1.6142,19.6609,19.6609,1.60474,31.5507,34.9614,24.1114,1.60474,0.20832
1.6144,17.2049,17.2049,2,34.4099,34.9614,24.1519,2.19252,0.273333
1.6146,17.9824,17.9824,1.48303,26.6684,34.9614,24.1033,1.48303,0.252874
1.6148,18.0844,18.0844,2,36.1687,34.9614,24.1452,2.09945,0.28031
1.615,16.784,16.784,1.78023,29.8794,34.9614,24.1238,1.78023,0.275723
1.6152,18.3036,18.3036,1.76451,32.297,34.9614,24.1222,1.76451,0.276668
1.6154,17.5559,17.5559,1.98666,34.8776,34.9614,24.1377,1.98666,0.273333
1.6156,17.6122,17.6122,1.73972,30.6402,34.9614,24.121,1.73972,0.269859
1.6158,18.8241,18.8241,1.77859,33.4805,34.9614,24.1233,1.77859,0.249364
1.616,17.0493,17.0493,2,34.0986,34.9614,24.1433,2.06725,0.277804
1.6162,17.5787,17.5787,1.62676,28.5962,34.9614,24.1131,1.62676,0.274139
1.6164,18.2665,18.2665,1.94957,35.6119,34.9614,24.135,1.94957,0.273333
1.6166,16.9859,16.9859,1.90241,32.3142,34.9614,24.1321,1.90241,0.277454
1.6168,18.8573,18.8573,1.60242,30.2172,34.9614,24.1112,1.60242,0.250013
1.617,17.6858,17.6858,2,35.3717,34.9614,24.1459,2.1075,0.270963
1.6172,18.7177,18.7177,1.50954,28.2551,34.9614,24.1051,1.50954,0.230106
1.6174,17.8688,17.8688,2,35.7377,34.9614,24.1479,2.13758,0.273333
1.6176,16.9216,16.9216,1.7123,28.975,34.9614,24.1192,1.7123,0.273333
1.6178,6.92786,6.92786,2,13.8557,34.9614,24.2043,3.09483,0.566667
1.618,15.2837,15.2837,0.0264314,0.40397,34.9614,24.0042,0.0264314,0.416667
1.6182,20.6512,20.6512,1.5711,32.4452,34.9614,24.1084,1.5711,0.266667
1.6184,20.9177,20.9177,1.0882,22.7625,34.9614,24.0759,1.0882,0.116667
1.6186,17.9135,17.9135,2,35.827,34.9614,24.16,2.31464,0.273333
1.6188,10.7183,10.7183,2,21.4366,34.9614,24.1526,2.20828,0.416667
1.619,16.5516,16.5516,0.941631,15.5855,34.9614,24.0656,0.941631,0.394905
1.6192,19.7777,19.7777,1.91527,37.8797,34.9614,24.1322,1.91527,0.267832
1.6194,18.9361,18.9361,1.71467,32.4692,34.9614,24.1192,1.71467,0.202545
1.6196,17.3133,17.3133,2,34.6266,34.9614,24.1446,2.08487,0.273333
1.6198,17.6574,17.6574,1.62405,28.6764,34.9614,24.1129,1.62405,0.266667
1.62,15.6365,15.6365,2,31.273,34.9614,24.1578,2.28839,0.342103
1.6202,18.1493,18.1493,1.22088,22.1581,34.9614,24.0852,1.22088,0.268572
1.6204,15.9303,15.9303,2,31.8606,34.9614,24.1793,2.60667,0.352545
1.6206,16.9611,16.9611,1.08197,18.3515,34.9614,24.076,1.08197,0.273333
1.6208,20.7619,20.7619,1.34081,27.8377,34.9614,24.0931,1.34081,0.195007
1.621,17.6147,17.6147,2,35.2294,34.9614,24.1569,2.26699,0.267193
1.6212,16.8941,16.8941,1.57394,26.5902,34.9614,24.1097,1.57394,0.26969
1.6214,20.4492,20.4492,1.41286,28.8919,34.9614,24.0981,1.41286,0.202545
1.6216,17.3333,17.3333,2,34.6665,34.9614,24.158,2.28261,0.273333
1.6218,15.3956,15.3956,1.68853,25.9959,34.9614,24.1175,1.68853,0.310697
1.622,20.3917,20.3917,1.32823,27.0849,34.9614,24.0921,1.32823,0.232315
1.6222,17.563,17.563,2,35.126,34.9614,24.1582,2.28683,0.27274
1.6224,19.9558,19.9558,1.16092,23.1671,34.9614,24.081,1.16092,0.182316
1.6226,18.0277,18.0277,2,36.0554,34.9614,24.1577,2.28222,0.273333
1.6228,17.2622,17.2622,1.55965,26.923,34.9614,24.1088,1.55965,0.252827
1.623,19.8254,19.8254,1.65582,32.8273,34.9614,24.1147,1.65582,0.227973
1.6232,16.9813,16.9813,2,33.9627,34.9614,24.1519,2.19315,0.273816
1.6234,19.0609,19.0609,1.33101,25.3704,34.9614,24.0927,1.33101,0.226814
1.6236,18.0508,18.0508,2,36.1015,34.9614,24.1529,2.20902,0.273333
1.6238,17.4004,17.4004,1.61396,28.0835,34.9614,24.1124,1.61396,0.253792
1.624,18.2699,18.2699,1.94527,35.5399,34.9614,24.1346,1.94527,0.276953
1.6242,17.435,17.435,1.85044,32.2625,34.9614,24.1285,1.85044,0.265954
1.6244,18.6932,18.6932,1.70296,31.8337,34.9614,24.1181,1.70296,0.250185
1.6246,17.4799,17.4799,2,34.9599,34.9614,24.1429,2.05987,0.273333
1.6248,16.7844,16.7844,1.75941,29.5305,34.9614,24.1222,1.75941,0.288455
1.625,17.5656,17.5656,1.87467,32.9297,34.9614,24.1298,1.87467,0.298247
1.6252,17.8255,17.8255,1.80987,32.2618,34.9614,24.1256,1.80987,0.270913
1.6254,17.7899,17.7899,1.8893,33.6104,34.9614,24.131,1.8893,0.271811
1.6256,17.578,17.578,1.84483,32.4284,34.9614,24.128,1.84483,0.273333
1.6258,18.3965,18.3965,1.75999,32.3775,34.9614,24.1222,1.75999,0.256843
1.626,17.8342,17.8342,1.95622,34.8876,34.9614,24.1356,1.95622,0.264117
1.6262,17.3896,17.3896,1.81569,31.5742,34.9614,24.126,1.81569,0.273242
1.6264,17.6827,17.6827,1.86172,32.9202,34.9614,24.1292,1.86172,0.281268
1.6266,17.6891,17.6891,1.84677,32.6677,34.9614,24.1281,1.84677,0.273333
1.6268,18.2842,18.2842,1.7816,32.5751,34.9614,24.1236,1.7816,0.258107
1.627,17.67,17.67,1.95342,34.517,34.9614,24.1354,1.95342,0.269375
1.6272,17.7675,17.7675,1.757,31.2175,34.9614,24.122,1.757,0.266051
1.6274,19.4623,19.4623,1.6497,32.1068,34.9614,24.1145,1.6497,0.224475
1.6276,17.1992,17.1992,2,34.3984,34.9614,24.1498,2.16191,0.273333
1.6278,17.2795,17.2795,1.58929,27.4621,34.9614,24.1106,1.58929,0.273333
1.628,7.01109,7.01109,2,14.0222,34.9614,24.2132,3.23707,0.566667
1.6282,14.7823,14.7823,0.0107913,0.15952,34.9614,24.0033,0.0107913,0.416667
1.6284,20.7247,20.7247,1.52205,31.5439,34.9614,24.105,1.52205,0.266667
1.6286,20.9405,20.9405,1.07831,22.5805,34.9614,24.0752,1.07831,0.116667
1.6288,17.925,17.925,2,35.85,34.9614,24.16,2.31482,0.273333
1.629,10.6905,10.6905,2,21.3811,34.9614,24.1523,2.20983,0.416667
1.6292,19.5012,19.5012,0.612252,11.9396,34.9614,24.043,0.612252,0.318298
1.6294,19.0359,19.0359,2,38.0719,34.9614,24.152,2.20194,0.274917
1.6296,16.3158,16.3158,1.81911,29.6801,34.9614,24.1267,1.81911,0.266667
1.6298,18.6206,18.6206,1.64916,30.7083,34.9614,24.1143,1.64916,0.273333
1.63,17.8395,17.8395,2,35.679,34.9614,24.1416,2.04473,0.267354
1.6302,19.1384,19.1384,1.50993,28.8975,34.9614,24.105,1.50993,0.218675
1.6304,17.4694,17.4694,2,34.9387,34.9614,24.1528,2.20852,0.278372
1.6306,14.1794,14.1794,1.90205,26.9698,34.9614,24.1319,1.90205,0.34449
1.6308,19.6623,19.6623,1.22579,24.1019,34.9614,24.0851,1.22579,0.273333
1.631,19.9843,19.9843,1.68566,33.6867,34.9614,24.1169,1.68566,0.198416
1.6312,18.0299,18.0299,2,36.0597,34.9614,24.1398,2.01461,0.241399
1.6314,17.3872,17.3872,1.78103,30.9672,34.9614,24.1238,1.78103,0.266529
1.6316,19.1372,19.1372,1.67981,32.147,34.9614,24.1165,1.67981,0.241192
1.6318,17.2871,17.2871,2,34.5741,34.9614,24.1471,2.12309,0.273333
1.632,17.8177,17.8177,1.57023,27.9779,34.9614,24.1093,1.57023,0.260288
1.6322,19.0019,19.0019,1.86932,35.5206,34.9614,24.1295,1.86932,0.249203
1.6324,16.4188,16.4188,2,32.8375,34.9614,24.1446,2.08309,0.286172
1.6326,19.1557,19.1557,1.35885,26.0297,34.9614,24.0945,1.35885,0.24016
1.6328,17.9606,17.9606,2,35.9213,34.9614,24.1531,2.21386,0.273333
1.633,15.2035,15.2035,1.8361,27.9151,34.9614,24.1277,1.8361,0.310268
1.6332,18.7149,18.7149,1.51607,28.373,34.9614,24.1051,1.51607,0.288322
1.6334,18.5192,18.5192,2,37.0383,34.9614,24.1397,2.01742,0.253356
1.6336,16.3977,16.3977,1.93017,31.6504,34.9614,24.134,1.93017,0.284428
1.6338,18.3297,18.3297,1.5977,29.2854,34.9614,24.1109,1.5977,0.273333
1.634,18.3264,18.3264,1.99387,36.5405,34.9614,24.1382,1.99387,0.260945
1.6342,16.5746,16.5746,1.91628,31.7615,34.9614,24.1332,1.91628,0.284442
1.6344,18.4098,18.4098,1.61361,29.7063,34.9614,24.112,1.61361,0.269015
1.6346,19.0029,19.0029,1.85862,35.3192,34.9614,24.1288,1.85862,0.23708
1.6348,16.9514,16.9514,2,33.9029,34.9614,24.1407,2.02604,0.273333
1.635,18.4442,18.4442,1.55095,28.6059,34.9614,24.1078,1.55095,0.255047
1.6352,17.476,17.476,2,34.952,34.9614,24.1497,2.16462,0.286348
1.6354,17.6583,17.6583,1.57024,27.7278,34.9614,24.1093,1.57024,0.258864
1.6356,18.5571,18.5571,1.94553,36.1033,34.9614,24.1348,1.94553,0.266498
1.6358,16.9744,16.9744,1.92908,32.7449,34.9614,24.1339,1.92908,0.273333
1.636,17.4013,17.4013,1.76162,30.6545,34.9614,24.1222,1.76162,0.288417
1.6362,18.2828,18.2828,1.8304,33.4648,34.9614,24.1268,1.8304,0.267841
1.6364,17.8898,17.8898,1.88822,33.7799,34.9614,24.131,1.88822,0.260423
1.6366,17.0132,17.0132,1.92132,32.6878,34.9614,24.1333,1.92132,0.286452
1.6368,17.9742,17.9742,1.70351,30.6193,34.9614,24.1182,1.70351,0.273333
1.637,18.5855,18.5855,1.86242,34.614,34.9614,24.1291,1.86242,0.25279
1.6372,16.6398,16.6398,2,33.2797,34.9614,24.1412,2.03603,0.287013
1.6374,18.6672,18.6672,1.48487,27.7183,34.9614,24.1032,1.48487,0.253259
1.6376,18.4528,18.4528,2,36.9057,34.9614,24.1417,2.04745,0.257621
1.6378,16.8159,16.8159,1.85273,31.1554,34.9614,24.1288,1.85273,0.273333
1.638,18.234,18.234,1.71463,31.2645,34.9614,24.1189,1.71463,0.273333
1.6382,6.09733,6.09733,2,12.1947,34.9614,24.218,3.30673,0.566667
1.6384,14.5175,14.5175,0.00280382,0.0407044,34.9614,24.0028,0.00280382,0.416667
1.6386,20.7656,20.7656,1.49361,31.0156,34.9614,24.1031,1.49361,0.266667
1.6388,20.9539,20.9539,1.07263,22.4758,34.9614,24.0749,1.07263,0.116667
1.639,17.9429,17.9429,2,35.8858,34.9614,24.1599,2.3133,0.273333
1.6392,4.94679,4.94679,2,9.89358,34.9614,24.1885,2.84125,0.560424
1.6394,17.8537,17.8537,0,0,34.9614,24.0015,-3.59657e-07,0.266667
1.6396,20.1325,20.1325,1.8653,37.5531,34.9614,24.1286,1.8653,0.272458
1.6398,16.6042,16.6042,2,33.2083,34.9614,24.1461,2.10169,0.266667
1.64,17.7966,17.7966,1.52705,27.1762,34.9614,24.1062,1.52705,0.273333
1.6402,13.0913,13.0913,2,26.1827,34.9614,24.1834,2.67276,0.410424
1.6404,21.1433,21.1433,0.18867,3.98909,34.9614,24.0138,0.18867,0.192296
1.6406,19.3771,19.3771,2,38.7542,34.9614,24.1476,2.13948,0.275392
1.6408,13.2,13.2,2,26.4,34.9614,24.1547,2.23188,0.344059
1.641,19.5573,19.5573,0.849419,16.6123,34.9614,24.0594,0.849419,0.273333
1.6412,19.0456,19.0456,2,38.0912,34.9614,24.1474,2.13386,0.260424
1.6414,13.7027,13.7027,2,27.4055,34.9614,24.1496,2.15795,0.336611
1.6416,19.4212,19.4212,0.986604,19.161,34.9614,24.0688,0.986604,0.273556
1.6418,19.9649,19.9649,1.75288,34.9961,34.9614,24.1215,1.75288,0.214027
1.642,16.7108,16.7108,2,33.4216,34.9614,24.1503,2.16751,0.273333
1.6422,20.1401,20.1401,1.1498,23.1571,34.9614,24.0801,1.1498,0.196851
1.6424,13.6943,13.6943,2,27.3886,34.9614,24.2041,2.97926,0.389496
1.6426,17.3867,17.3867,0.449209,7.81025,34.9614,24.0327,0.449209,0.274745
1.6428,20.4533,20.4533,1.61959,33.1261,34.9614,24.112,1.61959,0.235696
1.643,16.8399,16.8399,2,33.6798,34.9614,24.1552,2.24005,0.273333
1.6432,14.3751,14.3751,1.78271,25.6266,34.9614,24.1238,1.78271,0.346851
1.6434,20.5696,20.5696,1.14635,23.58,34.9614,24.0795,1.14635,0.239496
1.6436,17.873,17.873,2,35.746,34.9614,24.1594,2.30578,0.273387
1.6438,18.6994,18.6994,1.36054,25.4412,34.9614,24.095,1.36054,0.215598
1.644,18.1704,18.1704,2,36.3408,34.9614,24.1503,2.17297,0.273333
1.6442,17.2928,17.2928,1.66733,28.8328,34.9614,24.1161,1.66733,0.256974
1.6444,20.066,20.066,1.52681,30.6371,34.9614,24.1059,1.52681,0.21201
1.6446,17.1838,17.1838,2,34.3676,34.9614,24.1554,2.24417,0.27422
1.6448,17.911,17.911,1.44629,25.9045,34.9614,24.1008,1.44629,0.252311
1.645,18.4144,18.4144,2,36.8288,34.9614,24.1426,2.06215,0.273333
1.6452,18.3544,18.3544,1.65114,30.3056,34.9614,24.1149,1.65114,0.231414
1.6454,15.9331,15.9331,2,31.8662,34.9614,24.1577,2.28304,0.322214
1.6456,17.6932,17.6932,1.30373,23.0672,34.9614,24.091,1.30373,0.275579
1.6458,19.5993,19.5993,1.84745,36.2088,34.9614,24.1279,1.84745,0.240872
1.646,16.6449,16.6449,2,33.2897,34.9614,24.1457,2.09985,0.273333
1.6462,18.3624,18.3624,1.46729,26.943,34.9614,24.1021,1.46729,0.25773
1.6464,15.2185,15.2185,2,30.437,34.9614,24.1737,2.51822,0.352262
1.6466,17.7012,17.7012,1.01039,17.8851,34.9614,24.0709,1.01039,0.271927
1.6468,20.1508,20.1508,1.70259,34.3085,34.9614,24.1179,1.70259,0.225402
1.647,16.7516,16.7516,2,33.5032,34.9614,24.1523,2.19724,0.273333
1.6472,16.567,16.567,1.58934,26.3306,34.9614,24.1106,1.58934,0.296541
1.6474,20.553,20.553,1.35338,27.816,34.9614,24.0939,1.35338,0.202262
1.6476,17.4136,17.4136,2,34.8272,34.9614,24.159,2.29685,0.274135
1.6478,18.2915,18.2915,1.37497,25.1503,34.9614,24.0959,1.37497,0.234913
1.648,18.3425,18.3425,2,36.685,34.9614,24.1472,2.12871,0.273333
1.6482,16.6496,16.6496,1.79009,29.8042,34.9614,24.1245,1.79009,0.273333
1.6484,6.90376,6.90376,2,13.8075,34.9614,24.198,2.99709,0.566667
1.6486,15.644,15.644,0.048602,0.760329,34.9614,24.0056,0.048602,0.416667
1.6488,20.5983,20.5983,1.60442,33.0482,34.9614,24.1107,1.60442,0.266667
1.649,20.9021,20.9021,1.09476,22.8828,34.9614,24.0764,1.09476,0.116667
1.6492,17.902,17.902,2,35.8041,34.9614,24.16,2.31381,0.273333
1.6494,10.7131,10.7131,2,21.4263,34.9614,24.152,2.20701,0.416667
1.6496,17.9957,17.9957,0.789685,14.2109,34.9614,24.0552,0.789685,0.358563
1.6498,19.2033,19.2033,2,38.4066,34.9614,24.1478,2.14228,0.276414
1.65,20.8086,20.8086,1.04572,21.76,34.9614,24.073,1.04572,0.118368
1.6502,18.0224,18.0224,2,36.0448,34.9614,24.1596,2.30991,0.273333
1.6504,16.6723,16.6723,1.601,26.6923,34.9614,24.1116,1.601,0.266667
1.6506,20.4103,20.4103,1.41512,28.883,34.9614,24.0982,1.41512,0.208563
1.6508,17.1202,17.1202,2,34.2404,34.9614,24.1603,2.31626,0.279467
1.651,19.3389,19.3389,1.20012,23.209,34.9614,24.0838,1.20012,0.208972
1.6512,18.1806,18.1806,2,36.3612,34.9614,24.1552,2.24436,0.273333
1.6514,19.4292,19.4292,1.33197,25.8791,34.9614,24.0929,1.33197,0.192465
1.6516,14.7269,14.7269,2,29.4537,34.9614,24.1869,2.71728,0.358563
1.6518,17.4248,17.4248,0.803794,14.0059,34.9614,24.0569,0.803794,0.274258
1.652,18.0815,18.0815,2,36.163,34.9614,24.1699,2.47194,0.326003
1.6522,15.9466,15.9466,1.53559,24.4875,34.9614,24.1073,1.53559,0.273333
1.6524,20.9544,20.9544,1.13798,23.8456,34.9614,24.0791,1.13798,0.188008
1.6526,13.1031,13.1031,2,26.2063,34.9614,24.2097,3.05741,0.398135
1.6528,17.7223,17.7223,0.278428,4.93439,34.9614,24.0209,0.278428,0.271089
1.653,19.2981,19.2981,2,38.5961,34.9614,24.1536,2.23174,0.301837
1.6532,15.8377,15.8377,1.86413,29.5234,34.9614,24.1298,1.86413,0.273333
1.6534,17.2953,17.2953,1.72153,29.7743,34.9614,24.1192,1.72153,0.314205
1.6536,18.4358,18.4358,1.83071,33.7506,34.9614,24.1268,1.83071,0.267603
1.6538,17.0043,17.0043,2,34.0087,34.9614,24.1394,2.0103,0.281835
1.654,18.3619,18.3619,1.57731,28.9624,34.9614,24.1096,1.57731,0.257294
1.6542,17.9261,17.9261,2,35.8523,34.9614,24.1435,2.07274,0.273333
1.6544,17.5544,17.5544,1.70463,29.9236,34.9614,24.1185,1.70463,0.260158
1.6546,19.9915,19.9915,1.53717,30.7305,34.9614,24.1067,1.53717,0.209027
1.6548,16.7741,16.7741,2,33.5481,34.9614,24.1592,2.30041,0.28529
1.655,18.2044,18.2044,1.31872,24.0065,34.9614,24.092,1.31872,0.247319
1.6552,18.4797,18.4797,2,36.9594,34.9614,24.1473,2.13182,0.273333
1.6554,20.8593,20.8593,1.0192,21.2599,34.9614,24.0712,1.0192,0.128069
1.6556,15.0291,15.0291,2,30.0582,34.9614,24.1966,2.85487,0.358073
1.6558,17.2237,17.2237,0.728403,12.5458,34.9614,24.0519,0.728403,0.26546
1.656,19.3832,19.3832,2,38.7664,34.9614,24.1458,2.11498,0.283364
1.6562,16.074,16.074,1.94087,31.1975,34.9614,24.135,1.94087,0.273333
1.6564,19.7185,19.7185,1.35818,26.7812,34.9614,24.0943,1.35818,0.235908
1.6566,18.9096,18.9096,1.99941,37.808,34.9614,24.1385,1.99941,0.235371
1.6568,16.7225,16.7225,1.93572,32.3701,34.9614,24.1345,1.93572,0.271359
1.657,17.4393,17.4393,1.72892,30.1513,34.9614,24.12,1.72892,0.291352
1.6572,18.1381,18.1381,1.87796,34.0626,34.9614,24.1302,1.87796,0.273333
1.6574,17.0009,17.0009,1.95143,33.1761,34.9614,24.1354,1.95143,0.283819
1.6576,19.7385,19.7385,1.4164,27.9576,34.9614,24.0984,1.4164,0.217967
1.6578,17.2584,17.2584,2,34.5168,34.9614,24.1592,2.29826,0.283041
1.658,18.6146,18.6146,1.31847,24.5429,34.9614,24.092,1.31847,0.228337
1.6582,18.2823,18.2823,2,36.5645,34.9614,24.1503,2.17258,0.273333
1.6584,16.5863,16.5863,1.75341,29.0825,34.9614,24.122,1.75341,0.273333
1.6586,7.04507,7.04507,2,14.0901,34.9614,24.1984,3.00616,0.566667
1.6588,15.599,15.599,0.0457456,0.713585,34.9614,24.0054,0.0457456,0.416667
1.659,20.6041,20.6041,1.60052,32.9773,34.9614,24.1104,1.60052,0.266667
1.6592,20.902,20.902,1.09555,22.8992,34.9614,24.0764,1.09555,0.116667
1.6594,17.8945,17.8945,2,35.789,34.9614,24.1603,2.31723,0.273333
1.6596,10.7107,10.7107,2,21.4214,34.9614,24.152,2.2039,0.416667
1.6598,18.5966,18.5966,0.72662,13.5127,34.9614,24.0509,0.72662,0.343226
1.66,19.1634,19.1634,2,38.3268,34.9614,24.1488,2.1568,0.273204
1.6602,16.3651,16.3651,1.8604,30.4456,34.9614,24.1295,1.8604,0.266667
1.6604,18.5024,18.5024,1.6337,30.2274,34.9614,24.1133,1.6337,0.273333
1.6606,17.0927,17.0927,2,34.1854,34.9614,24.1493,2.15831,0.290655
1.6608,16.2456,16.2456,1.69211,27.4893,34.9614,24.1177,1.69211,0.301872
1.661,18.7949,18.7949,1.72297,32.3831,34.9614,24.1193,1.72297,0.276685
1.6612,14.6481,14.6481,2,29.2962,34.9614,24.1658,2.3971,0.34337
1.6614,18.3152,18.3152,0.996735,18.2554,34.9614,24.0698,0.996735,0.273333
1.6616,19.9785,19.9785,1.77235,35.409,34.9614,24.1227,1.77235,0.226195
1.6618,17.5505,17.5505,2,35.1011,34.9614,24.1413,2.03604,0.249277
1.662,17.3311,17.3311,1.7255,29.9049,34.9614,24.1199,1.7255,0.27435
1.6622,20.3692,20.3692,1.39018,28.3168,34.9614,24.0966,1.39018,0.19337
1.6624,17.4141,17.4141,2,34.8282,34.9614,24.1579,2.28135,0.273333
1.6626,12.7448,12.7448,1.97995,25.234,34.9614,24.1371,1.97995,0.376195
1.6628,18.6753,18.6753,1.13901,21.2714,34.9614,24.0791,1.13901,0.321611
1.663,18.4791,18.4791,2,36.9583,34.9614,24.153,2.21499,0.275783
1.6632,14.8795,14.8795,1.91371,28.475,34.9614,24.1333,1.91371,0.3101
1.6634,19.2596,19.2596,1.34418,25.8883,34.9614,24.0933,1.34418,0.273333
1.6636,16.2071,16.2071,2,32.4142,34.9614,24.1732,2.50728,0.321771
1.6638,16.1178,16.1178,1.29046,20.7994,34.9614,24.0904,1.29046,0.296434
1.664,19.5403,19.5403,1.84927,36.1353,34.9614,24.1277,1.84927,0.273531
1.6642,13.5573,13.5573,2,27.1146,34.9614,24.1695,2.45568,0.352491
1.6644,18.8337,18.8337,0.766962,14.4447,34.9614,24.054,0.766962,0.273333
1.6646,20.9104,20.9104,1.22497,25.6146,34.9614,24.0852,1.22497,0.171771
1.6648,16.7877,16.7877,2,33.5754,34.9614,24.1703,2.46453,0.296835
1.665,16.7964,16.7964,1.32196,22.2041,34.9614,24.0925,1.32196,0.273234
1.6652,20.5991,20.5991,1.40864,29.0168,34.9614,24.0977,1.40864,0.202491
1.6654,17.2875,17.2875,2,34.575,34.9614,24.1585,2.28827,0.273333
1.6656,14.9869,14.9869,1.72424,25.8409,34.9614,24.1202,1.72424,0.321771
1.6658,18.9947,18.9947,1.55561,29.5484,34.9614,24.1077,1.55561,0.290546
1.666,17.5738,17.5738,2,35.1476,34.9614,24.1495,2.15963,0.274837
1.6662,15.8178,15.8178,1.78443,28.2257,34.9614,24.124,1.78443,0.304467
1.6664,18.9714,18.9714,1.58261,30.0244,34.9614,24.1096,1.58261,0.273333
1.6666,16.6652,16.6652,2,33.3303,34.9614,24.1571,2.26917,0.298186
1.6668,16.4586,16.4586,1.52412,25.0848,34.9614,24.1062,1.52412,0.295887
1.667,18.9306,18.9306,1.84789,34.9817,34.9614,24.1277,1.84789,0.277944
1.6672,16.2904,16.2904,2,32.5807,34.9614,24.1466,2.11194,0.292025
1.6674,17.9882,17.9882,1.46843,26.4144,34.9614,24.1022,1.46843,0.273333
1.6676,18.6119,18.6119,2,37.2238,34.9614,24.1393,2.01361,0.264589
1.6678,14.5556,14.5556,2,29.1111,34.9614,24.1488,2.14369,0.329322
1.668,18.8334,18.8334,1.15901,21.8281,34.9614,24.0807,1.15901,0.276789
1.6682,19.8443,19.8443,1.78075,35.3378,34.9614,24.1234,1.78075,0.21833
1.6684,16.7026,16.7026,2,33.4051,34.9614,24.1488,2.14543,0.273333
1.6686,17.6349,17.6349,1.51608,26.7359,34.9614,24.1055,1.51608,0.273333
1.6688,6.98621,6.98621,2,13.9724,34.9614,24.2203,3.34648,0.566667
1.669,14.3881,14.3881,0,0,34.9614,24.0026,-3.02508e-07,0.416667
1.6692,20.7835,20.7835,1.48008,30.7613,34.9614,24.1021,1.48008,0.266667
1.6694,20.9612,20.9612,1.069,22.4076,34.9614,24.0746,1.069,0.116667
1.6696,17.9346,17.9346,2,35.8693,34.9614,24.1601,2.31622,0.273333
1.6698,10.6883,10.6883,2,21.3767,34.9614,24.1526,2.20861,0.416667
1.67,18.4611,18.4611,0.732654,13.5256,34.9614,24.0513,0.732654,0.34666
1.6702,19.0414,19.0414,2,38.0827,34.9614,24.1519,2.20138,0.279515
1.6704,16.3214,16.3214,1.82081,29.7181,34.9614,24.1269,1.82081,0.266667
1.6706,18.611,18.611,1.64809,30.6726,34.9614,24.1142,1.64809,0.273333
1.6708,17.8765,17.8765,2,35.7529,34.9614,24.1415,2.04295,0.266667
1.671,16.0277,16.0277,1.89519,30.3756,34.9614,24.1315,1.89519,0.3022
1.6712,18.207,18.207,1.6078,29.2732,34.9614,24.1115,1.6078,0.28507
1.6714,15.1506,15.1506,2,30.3011,34.9614,24.1658,2.40099,0.34767
1.6716,17.9888,17.9888,1.08338,19.4887,34.9614,24.0758,1.08338,0.273333
1.6718,20.5734,20.5734,1.44313,29.6901,34.9614,24.1001,1.44313,0.191896
1.672,15.6217,15.6217,2,31.2435,34.9614,24.1744,2.52418,0.315734
1.6722,17.7675,17.7675,1.04139,18.5029,34.9614,24.0731,1.04139,0.263368
1.6724,20.5619,20.5619,1.46101,30.0411,34.9614,24.1013,1.46101,0.19767
1.6726,17.1839,17.1839,2,34.3677,34.9614,24.1578,2.27935,0.273333
1.6728,14.8473,14.8473,1.73708,25.791,34.9614,24.121,1.73708,0.327565
1.673,17.9757,17.9757,1.65982,29.8364,34.9614,24.1147,1.65982,0.320734
1.6732,17.6412,17.6412,2,35.2823,34.9614,24.1408,2.03495,0.282346
1.6734,19.0911,19.0911,1.51023,28.8319,34.9614,24.105,1.51023,0.223987
1.6736,17.6825,17.6825,2,35.3651,34.9614,24.1504,2.17265,0.273333
1.6738,14.4158,14.4158,1.92648,27.7717,34.9614,24.1339,1.92648,0.336961
1.674,16.5041,16.5041,1.60624,26.5095,34.9614,24.1111,1.60624,0.353938
1.6742,18.7646,18.7646,1.81707,34.0965,34.9614,24.1257,1.81707,0.278159
1.6744,15.3056,15.3056,2,30.6111,34.9614,24.1552,2.24009,0.321655
1.6746,18.2829,18.2829,1.21456,22.2056,34.9614,24.0847,1.21456,0.273333
1.6748,18.8083,18.8083,2,37.6166,34.9614,24.1456,2.1075,0.266342
1.675,18.5996,18.5996,1.60319,29.8188,34.9614,24.1116,1.60319,0.215506
1.6752,17.6695,17.6695,2,35.3391,34.9614,24.1455,2.10194,0.275388
1.6754,17.1161,17.1161,1.7042,29.1692,34.9614,24.1185,1.7042,0.273773
1.6756,18.3762,18.3762,1.83986,33.8097,34.9614,24.1274,1.83986,0.273333
1.6758,18.6168,18.6168,1.7802,33.1416,34.9614,24.1236,1.7802,0.237522
1.676,19.7417,19.7417,1.59194,31.4277,34.9614,24.1106,1.59194,0.19783
1.6762,17.1412,17.1412,2,34.2824,34.9614,24.1531,2.20867,0.274834
1.6764,19.959,19.959,1.18911,23.7334,34.9614,24.0829,1.18911,0.193929
1.6766,17.9731,17.9731,2,35.9463,34.9614,24.1579,2.28075,0.273333
1.6768,14.492,14.492,1.84885,26.7936,34.9614,24.1288,1.84885,0.323268
1.677,20.3179,20.3179,1.17403,23.8539,34.9614,24.0815,1.17403,0.246123
1.6772,17.829,17.829,2,35.658,34.9614,24.1596,2.30865,0.275155
1.6774,15.9535,15.9535,1.65865,26.4613,34.9614,24.1156,1.65865,0.28732
1.6776,19.1299,19.1299,1.67335,32.0111,34.9614,24.1158,1.67335,0.273333
1.6778,17.1474,17.1474,2,34.2948,34.9614,24.1486,2.14274,0.277563
1.678,17.1596,17.1596,1.61507,27.714,34.9614,24.1124,1.61507,0.278693
1.6782,18.5069,18.5069,1.89487,35.0681,34.9614,24.1311,1.89487,0.273853
1.6784,19.4899,19.4899,1.58635,30.9178,34.9614,24.1102,1.58635,0.203749
1.6786,17.3286,17.3286,2,34.6572,34.9614,24.1514,2.18339,0.273333
1.6788,17.1437,17.1437,1.59829,27.4005,34.9614,24.1113,1.59829,0.273333
1.679,7.0776,7.0776,2,14.1552,34.9614,24.2112,3.20664,0.566667
1.6792,14.8945,14.8945,0.0142036,0.211555,34.9614,24.0035,0.0142036,0.416667
1.6794,20.7086,20.7086,1.53279,31.742,34.9614,24.1058,1.53279,0.266667
1.6796,20.9361,20.9361,1.08017,22.6146,34.9614,24.0754,1.08017,0.116667
1.6798,17.9273,17.9273,2,35.8546,34.9614,24.1599,2.31305,0.273333
1.68,10.7088,10.7088,2,21.4175,34.9614,24.1529,2.21416,0.416667
1.6802,20.9841,20.9841,0.37864,7.94542,34.9614,24.0268,0.37864,0.266667
1.6804,19.1772,19.1772,2,38.3545,34.9614,24.1502,2.17691,0.273
1.6806,19.523,19.523,1.42209,27.7636,34.9614,24.0991,1.42209,0.176796
1.6808,17.6729,17.6729,2,35.3459,34.9614,24.1541,2.2279,0.273333
1.681,14.1891,14.1891,1.90325,27.0054,34.9614,24.1321,1.90325,0.339398
1.6812,18.1209,18.1209,1.42465,25.816,34.9614,24.0987,1.42465,0.317259
1.6814,18.2331,18.2331,2,36.4661,34.9614,24.1462,2.11501,0.276732
1.6816,14.6444,14.6444,2,29.2888,34.9614,24.1395,2.00718,0.326796
1.6818,19.1985,19.1985,1.2462,23.9252,34.9614,24.0866,1.2462,0.273333
1.682,19.8183,19.8183,1.7601,34.8822,34.9614,24.122,1.7601,0.21082
1.6822,15.1955,15.1955,2,30.391,34.9614,24.1627,2.34996,0.313817
1.6824,18.0235,18.0235,1.13159,20.3952,34.9614,24.0791,1.13159,0.274836
1.6826,20.556,20.556,1.44525,29.7085,34.9614,24.1003,1.44525,0.190779
1.6828,17.2243,17.2243,2,34.4486,34.9614,24.1582,2.28226,0.273333
1.683,20.6247,20.6247,0.982411,20.262,34.9614,24.0686,0.982411,0.160222
1.6832,17.9054,17.9054,2,35.8109,34.9614,24.1633,2.36542,0.282216
1.6834,16.4469,16.4469,1.56364,25.7169,34.9614,24.1092,1.56364,0.270373
1.6836,21.6126,21.6126,0.547382,11.8303,34.9614,24.0385,0.547382,0.112565
1.6838,18.8159,18.8159,2,37.6318,34.9614,24.1552,2.24624,0.273333
1.684,14.601,14.601,1.94455,28.3924,34.9614,24.1354,1.94455,0.310222
1.6842,19.2823,19.2823,1.28732,24.8225,34.9614,24.0894,1.28732,0.275548
1.6844,18.1602,18.1602,2,36.3204,34.9614,24.1526,2.20733,0.269674
1.6846,18.4268,18.4268,1.50291,27.6939,34.9614,24.1047,1.50291,0.224577
1.6848,18.0394,18.0394,2,36.0788,34.9614,24.1458,2.10701,0.273333
1.685,18.4847,18.4847,1.56976,29.0166,34.9614,24.1093,1.56976,0.231169
1.6852,17.9836,17.9836,2,35.9672,34.9614,24.1433,2.07047,0.270027
1.6854,16.7838,16.7838,1.79894,30.193,34.9614,24.1252,1.79894,0.279213
1.6856,16.0015,16.0015,2,32.003,34.9614,24.1392,2.01487,0.335798
1.6858,18.378,18.378,1.47795,27.1618,34.9614,24.1027,1.47795,0.273333
1.686,19.6376,19.6376,1.76319,34.6249,34.9614,24.1222,1.76319,0.220034
1.6862,16.8698,16.8698,2,33.7397,34.9614,24.148,2.13288,0.272841
1.6864,17.5494,17.5494,1.55285,27.2516,34.9614,24.1081,1.55285,0.273615
1.6866,20.5234,20.5234,1.38442,28.413,34.9614,24.0962,1.38442,0.185798
1.6868,17.3774,17.3774,2,34.7547,34.9614,24.1583,2.28678,0.273333
1.687,18.3895,18.3895,1.36817,25.1599,34.9614,24.0954,1.36817,0.233446
1.6872,18.2152,18.2152,2,36.4304,34.9614,24.1492,2.15825,0.275982
1.6874,16.7771,16.7771,1.74081,29.2056,34.9614,24.1211,1.74081,0.270454
1.6876,20.6308,20.6308,1.25959,25.9865,34.9614,24.0876,1.25959,0.188614
1.6878,17.6221,17.6221,2,35.2443,34.9614,24.1596,2.30421,0.273333
1.688,15.6457,15.6457,1.67095,26.1433,34.9614,24.1164,1.67095,0.298808
1.6882,19.2924,19.2924,1.61119,31.0837,34.9614,24.1115,1.61119,0.272752
1.6884,17.1872,17.1872,2,34.3745,34.9614,24.1514,2.1861,0.278103
1.6886,16.914,16.914,1.60539,27.1536,34.9614,24.1118,1.60539,0.281459
1.6888,18.6852,18.6852,1.8555,34.6705,34.9614,24.1284,1.8555,0.273333
1.689,17.1358,17.1358,1.99187,34.1324,34.9614,24.1382,1.99187,0.273333
1.6892,6.06605,6.06605,2,12.1321,34.9614,24.1941,2.94779,0.566667
1.6894,15.7865,15.7865,0.057276,0.904191,34.9614,24.0061,0.057276,0.416667
1.6896,20.5767,20.5767,1.61769,33.2869,34.9614,24.1116,1.61769,0.266667
1.6898,20.8947,20.8947,1.09775,22.9372,34.9614,24.0766,1.09775,0.116667
1.69,17.8977,17.8977,2,35.7954,34.9614,24.1601,2.31572,0.273333
1.6902,10.7269,10.7269,2,21.4539,34.9614,24.152,2.2047,0.416667
1.6904,18.5456,18.5456,0.733056,13.595,34.9614,24.0514,0.733056,0.344159
1.6906,19.071,19.071,2,38.1419,34.9614,24.1508,2.18656,0.277257
1.6908,16.3372,16.3372,1.83053,29.9058,34.9614,24.1276,1.83053,0.266667
1.691,18.5803,18.5803,1.64543,30.5725,34.9614,24.1141,1.64543,0.273333
1.6912,17.8942,17.8942,2,35.7884,34.9614,24.1413,2.03778,0.266667
1.6914,19.8354,19.8354,1.3926,27.6228,34.9614,24.0969,1.3926,0.194159
1.6916,17.3243,17.3243,2,34.6485,34.9614,24.1591,2.29999,0.281308
1.6918,13.7983,13.7983,1.84071,25.3988,34.9614,24.1278,1.84071,0.349884
1.692,19.9566,19.9566,1.19393,23.8267,34.9614,24.0828,1.19393,0.273333
1.6922,19.9092,19.9092,1.71808,34.2057,34.9614,24.1192,1.71808,0.200936
1.6924,14.3448,14.3448,2,28.6896,34.9614,24.1718,2.4854,0.336964
1.6926,18.444,18.444,0.869423,16.0357,34.9614,24.0611,0.869423,0.269089
1.6928,20.4296,20.4296,1.55244,31.7157,34.9614,24.1076,1.55244,0.204545
1.693,17.007,17.007,2,34.014,34.9614,24.1562,2.25532,0.273333
1.6932,16.9634,16.9634,1.51882,25.7642,34.9614,24.1058,1.51882,0.27851
1.6934,15.91,15.91,2,31.82,34.9614,24.1583,2.29453,0.353565
1.6936,17.2549,17.2549,1.33865,23.0982,34.9614,24.0934,1.33865,0.286465
1.6938,17.1982,17.1982,2,34.3964,34.9614,24.1589,2.30267,0.325788
1.694,16.9369,16.9369,1.4994,25.3952,34.9614,24.1046,1.4994,0.273333
1.6942,17.9574,17.9574,2,35.9149,34.9614,24.1418,2.05045,0.300407
1.6944,14.179,14.179,2,28.3579,34.9614,24.145,2.09013,0.346369
1.6946,19.9042,19.9042,1.02584,20.4185,34.9614,24.0714,1.02584,0.254279
1.6948,14.6678,14.6678,2,29.3356,34.9614,24.2009,2.9258,0.375597
1.695,16.948,16.948,0.649344,11.0051,34.9614,24.0465,0.649344,0.273333
1.6952,19.0525,19.0525,2,38.105,34.9614,24.1559,2.26275,0.305683
1.6954,14.4648,14.4648,1.96524,28.4269,34.9614,24.1367,1.96524,0.308854
1.6956,19.5309,19.5309,1.21879,23.8041,34.9614,24.0846,1.21879,0.268873
1.6958,15.106,15.106,2,30.212,34.9614,24.189,2.74399,0.355357
1.696,17.1479,17.1479,0.847224,14.5281,34.9614,24.0599,0.847224,0.273333
1.6962,19.0684,19.0684,2,38.1369,34.9614,24.1512,2.19122,0.29266
1.6964,15.2383,15.2383,1.94789,29.6826,34.9614,24.1355,1.94789,0.294154
1.6966,18.2859,18.2859,1.47369,26.9478,34.9614,24.1022,1.47369,0.29264
1.6968,19.9942,19.9942,1.63946,32.7796,34.9614,24.1137,1.63946,0.205358
1.697,16.9868,16.9868,2,33.9736,34.9614,24.1526,2.20274,0.273333
1.6972,17.3879,17.3879,1.51798,26.3944,34.9614,24.1058,1.51798,0.271192
1.6974,15.4641,15.4641,2,30.9282,34.9614,24.1641,2.3794,0.357854
1.6976,18.2003,18.2003,1.1132,20.2605,34.9614,24.0779,1.1132,0.264104
1.6978,16.574,16.574,2,33.1479,34.9614,24.178,2.58853,0.341178
1.698,16.6038,16.6038,1.20585,20.0218,34.9614,24.0846,1.20585,0.273333
1.6982,19.0005,19.0005,2,38.0009,34.9614,24.1414,2.04902,0.288959
1.6984,12.9641,12.9641,2,25.9283,34.9614,24.1602,2.31224,0.361396
1.6986,19.4469,19.4469,0.766261,14.9014,34.9614,24.0537,0.766261,0.275602
1.6988,15.5325,15.5325,2,31.065,34.9614,24.2022,2.9458,0.374762
1.699,16.3472,16.3472,0.786775,12.8615,34.9614,24.0561,0.786775,0.273333
1.6992,19.8539,19.8539,1.92716,38.2617,34.9614,24.1329,1.92716,0.273333
1.6994,4.59378,4.59378,2,9.18757,34.9614,24.2238,3.39945,0.566667
1.6996,13.9237,13.9237,0,0,34.9614,24.002,-2.15623e-07,0.416667
1.6998,20.8489,20.8489,1.43264,29.8689,34.9614,24.0989,1.43264,0.266667
1.7,20.986,20.986,1.05695,22.1812,34.9614,24.0738,1.05695,0.116667
1.7002,17.9593,17.9593,2,35.9187,34.9614,24.1601,2.31526,0.273333
1.7004,10.6675,10.6675,2,21.335,34.9614,24.153,2.21534,0.416667
1.7006,20.0852,20.0852,0.528456,10.6142,34.9614,24.0372,0.528456,0.30074
1.7008,19.2218,19.2218,2,38.4437,34.9614,24.148,2.14276,0.267704
1.701,20.7554,20.7554,1.07174,22.2444,34.9614,24.0748,1.07174,0.121362
1.7012,17.9854,17.9854,2,35.9708,34.9614,24.1596,2.30839,0.273333
1.7014,16.679,16.679,1.59563,26.6136,34.9614,24.1113,1.59563,0.266667
1.7016,20.4747,20.4747,1.38938,28.4472,34.9614,24.0964,1.38938,0.204699
1.7018,17.5005,17.5005,2,35.001,34.9614,24.1567,2.26457,0.269669
1.702,16.9103,16.9103,1.56395,26.4469,34.9614,24.109,1.56395,0.271362
1.7022,18.7602,18.7602,1.87483,35.1721,34.9614,24.1297,1.87483,0.273333
1.7024,19.553,19.553,1.59163,31.1211,34.9614,24.1106,1.59163,0.198153
1.7026,14.1448,14.1448,2,28.2896,34.9614,24.1789,2.5959,0.354699
1.7028,18.0258,18.0258,0.789508,14.2315,34.9614,24.0557,0.789508,0.276366
1.703,17.0628,17.0628,2,34.1256,34.9614,24.1847,2.68657,0.348939
1.7032,16.0303,16.0303,1.22249,19.5969,34.9614,24.0859,1.22249,0.273333
1.7034,20.1436,20.1436,1.67239,33.688,34.9614,24.1156,1.67239,0.24901
1.7036,15.8209,15.8209,2,31.6418,34.9614,24.1624,2.34241,0.299896
1.7038,17.8596,17.8596,1.2218,21.8209,34.9614,24.0854,1.2218,0.269523
1.704,18.7185,18.7185,2,37.4371,34.9614,24.1468,2.12533,0.275924
1.7042,16.4372,16.4372,1.84634,30.3486,34.9614,24.1284,1.84634,0.273333
1.7044,20.3369,20.3369,1.30415,26.5223,34.9614,24.0906,1.30415,0.2081
1.7046,18.905,18.905,2,37.81,34.9614,24.1391,2.00747,0.232435
1.7048,16.8968,16.8968,1.90733,32.2279,34.9614,24.1326,1.90733,0.266243
1.705,19.3109,19.3109,1.52101,29.3721,34.9614,24.1056,1.52101,0.237007
1.7052,17.5432,17.5432,2,35.0864,34.9614,24.1517,2.18981,0.273333
1.7054,18.5197,18.5197,1.45205,26.8915,34.9614,24.1012,1.45205,0.233229
1.7056,19.5313,19.5313,1.80411,35.2366,34.9614,24.125,1.80411,0.223354
1.7058,16.9185,16.9185,2,33.837,34.9614,24.1452,2.09238,0.270027
1.706,15.267,15.267,1.83948,28.0834,34.9614,24.1276,1.83948,0.333272
1.7062,19.1781,19.1781,1.45668,27.9363,34.9614,24.101,1.45668,0.273333
1.7064,17.5201,17.5201,2,35.0402,34.9614,24.1544,2.23255,0.27986
1.7066,16.6603,16.6603,1.62074,27.0019,34.9614,24.1129,1.62074,0.279451
1.7068,18.7444,18.7444,1.81846,34.086,34.9614,24.1258,1.81846,0.275006
1.707,14.0138,14.0138,2,28.0276,34.9614,24.1645,2.38232,0.353964
1.7072,18.7395,18.7395,0.895754,16.786,34.9614,24.0628,0.895754,0.273333
1.7074,20.3768,20.3768,1.57243,32.0412,34.9614,24.109,1.57243,0.203102
1.7076,16.4319,16.4319,2,32.8638,34.9614,24.161,2.32556,0.287983
1.7078,17.2925,17.2925,1.36041,23.5248,34.9614,24.095,1.36041,0.274946
1.708,20.4117,20.4117,1.49712,30.5588,34.9614,24.1038,1.49712,0.203964
1.7082,17.152,17.152,2,34.3041,34.9614,24.157,2.26751,0.273333
1.7084,19.1296,19.1296,1.27215,24.3357,34.9614,24.0887,1.27215,0.217405
1.7086,19.4754,19.4754,1.87783,36.5714,34.9614,24.1301,1.87783,0.225541
1.7088,16.703,16.703,2,33.4059,34.9614,24.1433,2.06475,0.271825
1.709,19.0644,19.0644,1.41237,26.9259,34.9614,24.0982,1.41237,0.238934
1.7092,17.8962,17.8962,2,35.7925,34.9614,24.1518,2.19319,0.273333
1.7094,16.7867,16.7867,1.68065,28.2126,34.9614,24.117,1.68065,0.273333
1.7096,7.11425,7.11425,2,14.2285,34.9614,24.204,3.09616,0.566667
1.7098,15.2782,15.2782,0.0260503,0.398003,34.9614,24.0042,0.0260503,0.416667
1.71,20.6521,20.6521,1.57005,32.4248,34.9614,24.1083,1.57005,0.266667
1.7102,20.9172,20.9172,1.08904,22.7796,34.9614,24.076,1.08904,0.116667
1.7104,17.9154,17.9154,2,35.8308,34.9614,24.1599,2.31282,0.273333
1.7106,7.48771,7.48771,2,14.9754,34.9614,24.1733,2.56092,0.496684
1.7108,17.9536,17.9536,0.184027,3.30394,34.9614,24.0141,0.184027,0.382433
1.711,19.9152,19.9152,1.95707,38.9753,34.9614,24.1351,1.95707,0.273741
1.7112,16.4776,16.4776,2,32.9551,34.9614,24.1421,2.04567,0.266667
1.7114,18.0145,18.0145,1.5402,27.746,34.9614,24.107,1.5402,0.273333
1.7116,15.4559,15.4559,2,30.9119,34.9614,24.1658,2.40711,0.346684
1.7118,16.0878,16.0878,1.30618,21.0136,34.9614,24.0912,1.30618,0.316049
1.712,19.4554,19.4554,1.86267,36.2389,34.9614,24.1286,1.86267,0.276901
1.7122,13.9193,13.9193,2,27.8386,34.9614,24.166,2.39677,0.343527
1.7124,18.7595,18.7595,0.869564,16.3126,34.9614,24.061,0.869564,0.273333
1.7126,20.4255,20.4255,1.54741,31.6066,34.9614,24.1073,1.54741,0.20094
1.7128,13.4291,13.4291,2,26.8583,34.9614,24.1882,2.72877,0.365981
1.713,18.2216,18.2216,0.568995,10.368,34.9614,24.0406,0.568995,0.274416
1.7132,17.6714,17.6714,2,35.3428,34.9614,24.1814,2.64347,0.340115
1.7134,15.7492,15.7492,1.35432,21.3295,34.9614,24.095,1.35432,0.273333
1.7136,20.1152,20.1152,1.62392,32.6654,34.9614,24.1123,1.62392,0.251952
1.7138,15.5595,15.5595,2,31.1191,34.9614,24.1667,2.40993,0.31047
1.714,17.725,17.725,1.14281,20.2563,34.9614,24.08,1.14281,0.272401
1.7142,20.2055,20.2055,1.6468,33.2744,34.9614,24.1141,1.6468,0.216599
1.7144,16.8776,16.8776,2,33.7553,34.9614,24.1536,2.21701,0.273333
1.7146,16.3202,16.3202,1.60929,26.264,34.9614,24.112,1.60929,0.299523
1.7148,18.5119,18.5119,1.83769,34.0193,34.9614,24.1271,1.83769,0.288667
1.715,17.2239,17.2239,1.98143,34.1279,34.9614,24.1376,1.98143,0.274597
1.7152,14.0294,14.0294,2,28.0587,34.9614,24.1454,2.1048,0.366599
1.7154,19.3545,19.3545,1.07688,20.8425,34.9614,24.075,1.07688,0.273333
1.7156,18.7059,18.7059,2,37.4119,34.9614,24.1498,2.16794,0.262758
1.7158,17.0012,17.0012,1.74523,29.6711,34.9614,24.1215,1.74523,0.256402
1.716,18.2836,18.2836,1.81235,33.1363,34.9614,24.1256,1.81235,0.275458
1.7162,12.1535,12.1535,2,24.307,34.9614,24.1754,2.55803,0.408092
1.7164,19.453,19.453,0.454316,8.83781,34.9614,24.0324,0.454316,0.273333
1.7166,19.5615,19.5615,2,39.123,34.9614,24.1408,2.03924,0.262151
1.7168,15.9975,15.9975,2,31.9951,34.9614,24.1406,2.02329,0.278225
1.717,18.2723,18.2723,1.48368,27.1102,34.9614,24.1031,1.48368,0.275806
1.7172,14.4053,14.4053,2,28.8106,34.9614,24.1786,2.59286,0.373247
1.7174,17.977,17.977,0.824866,14.8286,34.9614,24.0582,0.824866,0.273333
1.7176,19.3887,19.3887,2,38.7775,34.9614,24.1428,2.06851,0.266916
1.7178,15.2229,15.2229,2,30.4458,34.9614,24.1441,2.07412,0.298392
1.718,18.7937,18.7937,1.29631,24.3624,34.9614,24.0901,1.29631,0.271174
1.7182,19.6071,19.6071,1.83186,35.9174,34.9614,24.1269,1.83186,0.223247
1.7184,16.694,16.694,2,33.3881,34.9614,24.1459,2.10328,0.273333
1.7186,17.6305,17.6305,1.55499,27.4153,34.9614,24.1081,1.55499,0.276553
1.7188,19.0702,19.0702,1.85707,35.4146,34.9614,24.1286,1.85707,0.251037
1.719,17.042,17.042,2,34.0839,34.9614,24.1402,2.02113,0.26962
1.7192,18.6846,18.6846,1.53227,28.6299,34.9614,24.1065,1.53227,0.24691
1.7194,17.8445,17.8445,2,35.689,34.9614,24.147,2.12484,0.273333
1.7196,16.9834,16.9834,1.71485,29.124,34.9614,24.1193,1.71485,0.273333
1.7198,6.8779,6.8779,2,13.7558,34.9614,24.204,3.10401,0.566667
1.72,15.2637,15.2637,0.0254527,0.388503,34.9614,24.0041,0.0254527,0.416667
1.7202,20.6554,20.6554,1.56784,32.3844,34.9614,24.1082,1.56784,0.266667
1.7204,20.9175,20.9175,1.08856,22.7701,34.9614,24.076,1.08856,0.116667
1.7206,17.9162,17.9162,2,35.8323,34.9614,24.1601,2.31406,0.273333
1.7208,10.7172,10.7172,2,21.4344,34.9614,24.1527,2.21103,0.416667
1.721,18.1217,18.1217,0.770742,13.9672,34.9614,24.054,0.770742,0.354841
1.7212,19.2971,19.2971,2,38.5942,34.9614,24.1457,2.10961,0.271607
1.7214,17.7704,17.7704,1.74357,30.9839,34.9614,24.1214,1.74357,0.23152
1.7216,17.9086,17.9086,1.91934,34.3727,34.9614,24.133,1.91934,0.273333
1.7218,17.6932,17.6932,1.81696,32.1478,34.9614,24.1261,1.81696,0.266667
1.722,17.2836,17.2836,1.93337,33.4157,34.9614,24.134,1.93337,0.287166
1.7222,17.7097,17.7097,1.75068,31.0039,34.9614,24.1215,1.75068,0.275145
1.7224,14.2662,14.2662,2,28.5324,34.9614,24.161,2.33287,0.367902
1.7226,18.7037,18.7037,0.971984,18.1797,34.9614,24.068,0.971984,0.273333
1.7228,20.4052,20.4052,1.54512,31.5284,34.9614,24.1072,1.54512,0.198106
1.723,12.638,12.638,2,25.2761,34.9614,24.1947,2.82791,0.38623
1.7232,18.5858,18.5858,0.349378,6.49349,34.9614,24.0255,0.349378,0.27111
1.7234,20.5843,20.5843,1.51753,31.2372,34.9614,24.1051,1.51753,0.218583
1.7236,17.044,17.044,2,34.088,34.9614,24.1572,2.2701,0.273333
1.7238,16.6351,16.6351,1.54398,25.6843,34.9614,24.1076,1.54398,0.285257
1.724,19.9236,19.9236,1.61673,32.2112,34.9614,24.112,1.61673,0.23623
1.7242,17.1357,17.1357,2,34.2714,34.9614,24.1523,2.19925,0.271186
1.7244,18.4259,18.4259,1.41872,26.1412,34.9614,24.0989,1.41872,0.241911
1.7246,18.1972,18.1972,2,36.3945,34.9614,24.1474,2.13169,0.273333
1.7248,15.7339,15.7339,1.87686,29.5302,34.9614,24.1304,1.87686,0.298709
1.725,14.615,14.615,1.98754,29.0479,34.9614,24.1369,1.98754,0.38289
1.7252,19.325,19.325,1.24359,24.0325,34.9614,24.0864,1.24359,0.271477
1.7254,18.015,18.015,2,36.0301,34.9614,24.1561,2.25839,0.276149
1.7256,16.5201,16.5201,1.66102,27.4403,34.9614,24.1158,1.66102,0.273333
1.7258,20.5357,20.5357,1.33227,27.3591,34.9614,24.0925,1.33227,0.202281
1.726,11.8971,11.8971,2,23.7942,34.9614,24.2106,3.07685,0.41835
1.7262,18.3156,18.3156,0.0690845,1.26533,34.9614,24.0064,0.0690845,0.274473
1.7264,20.7396,20.7396,1.44114,29.8886,34.9614,24.0998,1.44114,0.224877
1.7266,17.166,17.166,2,34.332,34.9614,24.1587,2.29074,0.273333
1.7268,14.0123,14.0123,1.81013,25.364,34.9614,24.1257,1.81013,0.347688
1.727,15.9997,15.9997,1.72247,27.5591,34.9614,24.1187,1.72247,0.380815
1.7272,19.1783,19.1783,1.61919,31.0533,34.9614,24.1121,1.61919,0.267536
1.7274,17.1776,17.1776,2,34.3552,34.9614,24.1508,2.17671,0.279535
1.7276,17.2538,17.2538,1.57701,27.2093,34.9614,24.1098,1.57701,0.273333
1.7278,17.5627,17.5627,2,35.1255,34.9614,24.1429,2.06796,0.301634
1.728,18.8446,18.8446,1.51422,28.535,34.9614,24.1053,1.51422,0.230815
1.7282,17.8654,17.8654,2,35.7309,34.9614,24.1479,2.13732,0.271317
1.7284,17.1318,17.1318,1.68964,28.9466,34.9614,24.1176,1.68964,0.268121
1.7286,18.4007,18.4007,1.85153,34.0694,34.9614,24.1282,1.85153,0.273333
1.7288,17.8408,17.8408,1.88362,33.6052,34.9614,24.1307,1.88362,0.258872
1.729,19.8799,19.8799,1.47645,29.3517,34.9614,24.1026,1.47645,0.200753
1.7292,17.39,17.39,2,34.7799,34.9614,24.1552,2.24207,0.273821
1.7294,18.1055,18.1055,1.4457,26.175,34.9614,24.1008,1.4457,0.243902
1.7296,18.3181,18.3181,2,36.6363,34.9614,24.1442,2.08453,0.273333
1.7298,16.79,16.79,1.81434,30.4628,34.9614,24.1263,1.81434,0.273333
1.73,6.74132,6.74132,2,13.4826,34.9614,24.1986,3.00666,0.566667
1.7302,15.6181,15.6181,0.0469906,0.733902,34.9614,24.0055,0.0469906,0.416667
1.7304,20.6028,20.6028,1.60176,33.0009,34.9614,24.1105,1.60176,0.266667
1.7306,20.9015,20.9015,1.09563,22.9003,34.9614,24.0764,1.09563,0.116667
1.7308,17.899,17.899,2,35.798,34.9614,24.16,2.31462,0.273333
1.731,10.7234,10.7234,2,21.4468,34.9614,24.1524,2.20559,0.416667
1.7312,20.9857,20.9857,0.385633,8.09277,34.9614,24.0273,0.385633,0.266667
1.7314,19.1418,19.1418,2,38.2836,34.9614,24.151,2.1884,0.273912
1.7316,18.2848,18.2848,1.60581,29.3618,34.9614,24.1119,1.60581,0.214435
1.7318,17.9101,17.9101,2,35.8201,34.9614,24.1423,2.0529,0.273333
1.732,17.3658,17.3658,1.73993,30.2152,34.9614,24.1209,1.73993,0.266667
1.7322,13.6265,13.6265,2,27.253,34.9614,24.1639,2.37807,0.390241
1.7324,18.8359,18.8359,0.847588,15.9651,34.9614,24.0595,0.847588,0.277372
1.7326,18.5322,18.5322,2,37.0643,34.9614,24.1592,2.30709,0.287442
1.7328,16.0725,16.0725,1.71064,27.4942,34.9614,24.1193,1.71064,0.273333
1.733,20.6965,20.6965,1.22563,25.3662,34.9614,24.0851,1.22563,0.200013
1.7332,9.38366,9.38366,2,18.7673,34.9614,24.234,3.46679,0.48696
1.7334,17.3171,17.3171,0,0,34.9614,24.0013,-7.30531e-08,0.278094
1.7336,19.29,19.29,2,38.58,34.9614,24.1583,2.3014,0.321595
1.7338,15.6476,15.6476,1.82439,28.5473,34.9614,24.1272,1.82439,0.273333
1.734,19.88,19.88,1.3821,27.4761,34.9614,24.0959,1.3821,0.243734
1.7342,11.5354,11.5354,2,23.0708,34.9614,24.2105,3.08022,0.430563
1.7344,18.5358,18.5358,0.0210254,0.389724,34.9614,24.0031,0.0210254,0.273855
1.7346,19.678,19.678,2,39.356,34.9614,24.1438,2.08781,0.289005
1.7348,15.9888,15.9888,1.98985,31.8153,34.9614,24.1384,1.98985,0.273333
1.735,16.9309,16.9309,1.66234,28.1448,34.9614,24.1153,1.66234,0.313056
1.7352,18.3265,18.3265,1.86832,34.2398,34.9614,24.1295,1.86832,0.280563
1.7354,17.2166,17.2166,1.94658,33.5135,34.9614,24.1351,1.94658,0.275648
1.7356,18.0641,18.0641,1.69159,30.5571,34.9614,24.1174,1.69159,0.266014
1.7358,17.8488,17.8488,1.98671,35.4602,34.9614,24.1376,1.98671,0.273333
1.736,17.2956,17.2956,1.80202,31.167,34.9614,24.1252,1.80202,0.273757
1.7362,20.2627,20.2627,1.39082,28.1816,34.9614,24.0966,1.39082,0.196776
1.7364,17.394,17.394,2,34.7881,34.9614,24.1582,2.28645,0.274741
1.7366,16.291,16.291,1.60236,26.104,34.9614,24.1117,1.60236,0.28768
1.7368,19.0403,19.0403,1.7565,33.4442,34.9614,24.1215,1.7565,0.273333
1.737,18.0558,18.0558,1.95149,35.2357,34.9614,24.1354,1.95149,0.248507
1.7372,15.874,15.874,2,31.7479,34.9614,24.1393,2.01061,0.309125
1.7374,18.3597,18.3597,1.4706,26.9998,34.9614,24.1021,1.4706,0.276062
1.7376,17.6976,17.6976,2,35.3951,34.9614,24.1511,2.18398,0.285949
1.7378,16.908,16.908,1.6549,27.981,34.9614,24.1152,1.6549,0.273333
1.738,18.1916,18.1916,1.89022,34.3861,34.9614,24.1308,1.89022,0.285116
1.7382,16.2634,16.2634,2,32.5268,34.9614,24.1407,2.02945,0.300967
1.7384,18.0272,18.0272,1.53245,27.6257,34.9614,24.1065,1.53245,0.27753
1.7386,18.5413,18.5413,1.99038,36.9043,34.9614,24.1378,1.99038,0.262795
1.7388,16.8672,16.8672,1.90081,32.0613,34.9614,24.132,1.90081,0.273333
1.739,17.7256,17.7256,1.73923,30.8289,34.9614,24.1206,1.73923,0.283761
1.7392,18.2702,18.2702,1.87086,34.1809,34.9614,24.1297,1.87086,0.264356
1.7394,17.2645,17.2645,1.93331,33.3777,34.9614,24.1343,1.93331,0.275222
1.7396,17.9053,17.9053,1.72507,30.8878,34.9614,24.1197,1.72507,0.27026
1.7398,17.8766,17.8766,1.95122,34.8812,34.9614,24.1352,1.95122,0.273333
1.74,17.3887,17.3887,1.82301,31.6998,34.9614,24.1266,1.82301,0.273333
1.7402,6.34498,6.34498,2,12.69,34.9614,24.2046,3.10276,0.566667
1.7404,15.262,15.262,0.025377,0.387302,34.9614,24.0041,0.025377,0.416667
1.7406,20.655,20.655,1.56859,32.3992,34.9614,24.1083,1.56859,0.266667
1.7408,20.9168,20.9168,1.08911,22.7808,34.9614,24.076,1.08911,0.116667
1.741,17.9076,17.9076,2,35.8151,34.9614,24.1599,2.31306,0.273333
1.7412,6.02025,6.02025,2,12.0405,34.9614,24.1823,2.71564,0.533715
1.7414,17.7767,17.7767,0.0803638,1.4286,34.9614,24.0072,0.0803638,0.348095
1.7416,20.0381,20.0381,1.91001,38.273,34.9614,24.1317,1.91001,0.27433
1.7418,16.5446,16.5446,2,33.0892,34.9614,24.1443,2.07775,0.266667
1.742,17.8962,17.8962,1.53141,27.4065,34.9614,24.1065,1.53141,0.273333
1.7422,12.9116,12.9116,2,25.8231,34.9614,24.1849,2.69532,0.413463
1.7424,17.9417,17.9417,0.572533,10.2722,34.9614,24.0409,0.572533,0.292135
1.7426,19.452,19.452,2,38.904,34.9614,24.145,2.10284,0.277038
1.7428,13.1759,13.1759,2,26.3518,34.9614,24.1579,2.27435,0.346133
1.743,19.4817,19.4817,0.816671,15.9102,34.9614,24.0572,0.816671,0.273333
1.7432,19.0374,19.0374,2,38.0748,34.9614,24.1484,2.14883,0.263463
1.7434,16.8488,16.8488,1.80408,30.3966,34.9614,24.1256,1.80408,0.256342
1.7436,18.3576,18.3576,1.74175,31.9743,34.9614,24.1207,1.74175,0.272754
1.7438,18.5476,18.5476,1.85999,34.4983,34.9614,24.129,1.85999,0.245535
1.744,17.2078,17.2078,1.97045,33.9071,34.9614,24.1368,1.97045,0.273333
1.7442,19.9554,19.9554,1.36957,27.3304,34.9614,24.0952,1.36957,0.20498
1.7444,17.0118,17.0118,2,34.0236,34.9614,24.1637,2.36581,0.289998
1.7446,16.9652,16.9652,1.41838,24.0631,34.9614,24.0991,1.41838,0.27136
1.7448,19.6519,19.6519,1.77298,34.8424,34.9614,24.1227,1.77298,0.247129
1.745,16.8005,16.8005,2,33.6011,34.9614,24.1481,2.13571,0.273333
1.7452,16.9753,16.9753,1.60717,27.2821,34.9614,24.1118,1.60717,0.289369
1.7454,18.0213,18.0213,1.96111,35.3418,34.9614,24.1358,1.96111,0.291772
1.7456,17.2078,17.2078,1.84857,31.8099,34.9614,24.1283,1.84857,0.27505
1.7458,17.879,17.879,1.79789,32.1443,34.9614,24.1247,1.79789,0.277208
1.746,17.7225,17.7225,1.9082,33.818,34.9614,24.1324,1.9082,0.273333
1.7462,17.4265,17.4265,1.84159,32.0924,34.9614,24.1278,1.84159,0.276838
1.7464,17.5926,17.5926,1.85488,32.6321,34.9614,24.1287,1.85488,0.281524
1.7466,17.8733,17.8733,1.82021,32.5331,34.9614,24.1262,1.82021,0.270237
1.7468,18.8042,18.8042,1.73799,32.6815,34.9614,24.1206,1.73799,0.241183
1.747,17.3312,17.3312,2,34.6623,34.9614,24.1428,2.06087,0.273333
1.7472,18.4376,18.4376,1.55538,28.6776,34.9614,24.1082,1.55538,0.246762
1.7474,17.6727,17.6727,2,35.3454,34.9614,24.1474,2.1304,0.280591
1.7476,16.9258,16.9258,1.70116,28.7936,34.9614,24.1184,1.70116,0.276854
1.7478,19.0431,19.0431,1.72727,32.8926,34.9614,24.1197,1.72727,0.256686
1.748,17.2231,17.2231,2,34.4462,34.9614,24.1451,2.09375,0.273333
1.7482,15.8543,15.8543,1.80633,28.638,34.9614,24.1254,1.80633,0.313757
1.7484,18.3629,18.3629,1.6512,30.3207,34.9614,24.1144,1.6512,0.288913
1.7486,17.8379,17.8379,2,35.6757,34.9614,24.1408,2.03084,0.271388
1.7488,18.0357,18.0357,1.67386,30.1893,34.9614,24.1164,1.67386,0.251302
1.749,17.9132,17.9132,1.99107,35.6664,34.9614,24.1379,1.99107,0.273333
1.7492,16.3286,16.3286,1.91307,31.2378,34.9614,24.1327,1.91307,0.297448
1.7494,18.0248,18.0248,1.64299,29.6144,34.9614,24.1139,1.64299,0.283814
1.7496,18.0109,18.0109,1.99971,36.0166,34.9614,24.1384,1.99971,0.272441
1.7498,16.8662,16.8662,1.85378,31.2663,34.9614,24.1287,1.85378,0.281388
1.75,18.2115,18.2115,1.72119,31.3455,34.9614,24.1193,1.72119,0.273333
1.7502,17.7015,17.7015,1.99332,35.2847,34.9614,24.1381,1.99332,0.273333
1.7504,5.67995,5.67995,2,11.3599,34.9614,24.2009,3.04088,0.566667
1.7506,15.4125,15.4125,0.0342931,0.528544,34.9614,24.0047,0.0342931,0.416667
1.7508,20.6342,20.6342,1.58162,32.6354,34.9614,24.1091,1.58162,0.266667
1.751,20.9124,20.9124,1.09035,22.802,34.9614,24.0761,1.09035,0.116667
1.7512,17.9148,17.9148,2,35.8296,34.9614,24.1601,2.31528,0.273333
1.7514,7.05249,7.05249,2,14.105,34.9614,24.1763,2.60271,0.507364
1.7516,19.6092,19.6092,0.0745877,1.4626,34.9614,24.0064,0.0745877,0.266667
1.7518,19.8445,19.8445,1.97346,39.1623,34.9614,24.1361,1.97346,0.268895
1.752,16.4757,16.4757,2,32.9514,34.9614,24.1413,2.03303,0.266667
1.7522,18.0462,18.0462,1.54829,27.9408,34.9614,24.1076,1.54829,0.273333
1.7524,14.9812,14.9812,2,29.9624,34.9614,24.1696,2.45699,0.357364
1.7526,20.4611,20.4611,0.696363,14.2484,34.9614,24.0489,0.696363,0.199722
1.7528,18.8221,18.8221,2,37.6443,34.9614,24.1538,2.22648,0.270357
1.753,13.2836,13.2836,2,26.5671,34.9614,24.1459,2.10311,0.343808
1.7532,19.7666,19.7666,0.94365,18.6527,34.9614,24.0658,0.94365,0.273333
1.7534,20.0764,20.0764,1.70014,34.1327,34.9614,24.1179,1.70014,0.207364
1.7536,17.5045,17.5045,2,35.009,34.9614,24.1451,2.09,0.254126
1.7538,17.3539,17.3539,1.67534,29.0736,34.9614,24.1165,1.67534,0.271177
1.754,20.0137,20.0137,1.5401,30.823,34.9614,24.1069,1.5401,0.213014
1.7542,17.2028,17.2028,2,34.4056,34.9614,24.1549,2.23438,0.273333
1.7544,19.113,19.113,1.3047,24.9369,34.9614,24.091,1.3047,0.21892
1.7546,15.9043,15.9043,2,31.8085,34.9614,24.1776,2.5739,0.334235
1.7548,16.9857,16.9857,1.1066,18.7963,34.9614,24.0777,1.1066,0.275336
1.755,20.5009,20.5009,1.50696,30.8939,34.9614,24.1045,1.50696,0.212319
1.7552,17.0883,17.0883,2,34.1765,34.9614,24.1572,2.26791,0.273333
1.7554,15.4341,15.4341,1.67803,25.8989,34.9614,24.1168,1.67803,0.315248
1.7556,19.3784,19.3784,1.5723,30.4686,34.9614,24.1088,1.5723,0.27334
1.7558,17.7432,17.7432,2,35.4864,34.9614,24.1474,2.12871,0.264006
1.756,17.1878,17.1878,1.67802,28.8416,34.9614,24.1167,1.67802,0.268868
1.7562,18.385,18.385,1.86593,34.3051,34.9614,24.1292,1.86593,0.273333
1.7564,19.4371,19.4371,1.61318,31.3554,34.9614,24.1121,1.61318,0.209114
1.7566,18.3476,18.3476,2,36.6951,34.9614,24.1387,2.00129,0.242889
1.7568,16.9363,16.9363,1.86894,31.6529,34.9614,24.1298,1.86894,0.273972
1.757,17.0278,17.0278,1.85326,31.557,34.9614,24.1284,1.85326,0.302802
1.7572,18.1169,18.1169,1.7445,31.6049,34.9614,24.121,1.7445,0.273333
1.7574,20.5849,20.5849,1.29104,26.5759,34.9614,24.0898,1.29104,0.165408
1.7576,17.3599,17.3599,2,34.7199,34.9614,24.1617,2.33785,0.279142
1.7578,16.638,16.638,1.51488,25.2046,34.9614,24.1057,1.51488,0.275962
1.758,19.5985,19.5985,1.72342,33.7765,34.9614,24.1193,1.72342,0.251324
1.7582,16.949,16.949,2,33.8979,34.9614,24.1488,2.14691,0.273333
1.7584,16.4446,16.4446,1.66666,27.4075,34.9614,24.1159,1.66666,0.2995
1.7586,19.7151,19.7151,1.58729,31.2936,34.9614,24.11,1.58729,0.243261
1.7588,17.3918,17.3918,2,34.7835,34.9614,24.1506,2.1742,0.268373
1.759,18.3611,18.3611,1.47333,27.0519,34.9614,24.1026,1.47333,0.240932
1.7592,18.1263,18.1263,2,36.2526,34.9614,24.146,2.10933,0.273333
1.7594,17.5818,17.5818,1.68637,29.6494,34.9614,24.1173,1.68637,0.254111
1.7596,19.4522,19.4522,1.6896,32.8663,34.9614,24.1172,1.6896,0.231414
1.7598,17.423,17.423,2,34.846,34.9614,24.1457,2.10175,0.264747
1.76,17.6399,17.6399,1.62485,28.6622,34.9614,24.113,1.62485,0.264193
1.7602,18.2285,18.2285,1.95873,35.7046,34.9614,24.1356,1.95873,0.273333
1.7604,17.1517,17.1517,1.87265,32.1191,34.9614,24.13,1.87265,0.273333
1.7606,6.35608,6.35608,2,12.7122,34.9614,24.1994,3.0304,0.566667
1.7608,15.5252,15.5252,0.0411603,0.63902,34.9614,24.0051,0.0411603,0.416667
1.761,20.6182,20.6182,1.5918,32.82,34.9614,24.1098,1.5918,0.266667
1.7612,20.9069,20.9069,1.093,22.8512,34.9614,24.0763,1.093,0.116667
1.7614,17.9097,17.9097,2,35.8194,34.9614,24.1599,2.31036,0.273333
1.7616,10.7201,10.7201,2,21.4402,34.9614,24.1527,2.21065,0.416667
1.7618,20.9834,20.9834,0.38273,8.03099,34.9614,24.0271,0.38273,0.266667
1.762,19.3166,19.3166,2,38.6332,34.9614,24.1467,2.12404,0.266912
1.7622,20.3653,20.3653,1.24006,25.2541,34.9614,24.0865,1.24006,0.142674
1.7624,17.7372,17.7372,2,35.4745,34.9614,24.1589,2.29512,0.273333
1.7626,16.8617,16.8617,1.56475,26.3843,34.9614,24.1091,1.56475,0.266667
1.7628,14.8427,14.8427,2,29.6854,34.9614,24.1628,2.3643,0.379304
1.763,18.1841,18.1841,1.06152,19.3028,34.9614,24.0743,1.06152,0.275567
1.7632,20.5775,20.5775,1.43877,29.6062,34.9614,24.0998,1.43877,0.18979
1.7634,17.2425,17.2425,2,34.4849,34.9614,24.1579,2.28171,0.273333
1.7636,19.7265,19.7265,1.17923,23.2621,34.9614,24.0823,1.17923,0.19632
1.7638,13.6081,13.6081,2,27.2161,34.9614,24.204,2.97276,0.394279
1.764,17.2947,17.2947,0.455329,7.87479,34.9614,24.0331,0.455329,0.279125
1.7642,20.7529,20.7529,1.41034,29.2685,34.9614,24.0977,1.41034,0.215688
1.7644,17.2456,17.2456,2,34.4911,34.9614,24.1587,2.2928,0.273333
1.7646,17.875,17.875,1.41083,25.2185,34.9614,24.0984,1.41083,0.248814
1.7648,14.0212,14.0212,2,28.0423,34.9614,24.1837,2.67379,0.393747
1.765,17.7698,17.7698,0.730078,12.9733,34.9614,24.0517,0.730078,0.279635
1.7652,19.9648,19.9648,1.84661,36.8672,34.9614,24.1276,1.84661,0.246783
1.7654,16.4867,16.4867,2,32.9734,34.9614,24.1478,2.12978,0.273333
1.7656,17.2812,17.2812,1.54582,26.7137,34.9614,24.1075,1.54582,0.287025
1.7658,16.4421,16.4421,2,32.8843,34.9614,24.1543,2.23446,0.332507
1.766,17.7213,17.7213,1.39857,24.7845,34.9614,24.0975,1.39857,0.269657
1.7662,18.4947,18.4947,2,36.9895,34.9614,24.1431,2.07045,0.276621
1.7664,16.726,16.726,1.84756,30.9023,34.9614,24.1284,1.84756,0.273333
1.7666,19.3969,19.3969,1.539,29.8519,34.9614,24.1068,1.539,0.24057
1.7668,18.7582,18.7582,1.95748,36.7187,34.9614,24.1357,1.95748,0.23462
1.767,16.9361,16.9361,1.93674,32.8008,34.9614,24.1346,1.93674,0.27094
1.7672,17.4096,17.4096,1.75213,30.504,34.9614,24.1216,1.75213,0.288393
1.7674,18.1089,18.1089,1.86116,33.7036,34.9614,24.129,1.86116,0.273333
1.7676,18.9828,18.9828,1.69153,32.1099,34.9614,24.1174,1.69153,0.229515
1.7678,18.9966,18.9966,1.82358,34.6419,34.9614,24.1265,1.82358,0.22389
1.768,16.8939,16.8939,2,33.7878,34.9614,24.143,2.06146,0.27677
1.7682,17.7224,17.7224,1.60085,28.3709,34.9614,24.1113,1.60085,0.273309
1.7684,18.2303,18.2303,1.98007,36.0973,34.9614,24.137,1.98007,0.273333
1.7686,15.7348,15.7348,2,31.4696,34.9614,24.1397,2.01122,0.307919
1.7688,18.5681,18.5681,1.43083,26.5678,34.9614,24.0994,1.43083,0.272726
1.769,17.8908,17.8908,2,35.7817,34.9614,24.1509,2.18234,0.279344
1.7692,16.8753,16.8753,1.6799,28.3489,34.9614,24.117,1.6799,0.271179
1.7694,18.5652,18.5652,1.81655,33.7246,34.9614,24.1258,1.81655,0.273333
1.7696,20.1059,20.1059,1.46381,29.4311,34.9614,24.1018,1.46381,0.180865
1.7698,17.03,17.03,2,34.06,34.9614,24.1597,2.30727,0.281558
1.77,17.1568,17.1568,1.45378,24.9423,34.9614,24.1014,1.45378,0.270099
1.7702,18.6768,18.6768,1.98106,36.9998,34.9614,24.1371,1.98106,0.277463
1.7704,16.8196,16.8196,1.92369,32.3557,34.9614,24.1336,1.92369,0.273333
1.7706,18.084,18.084,1.67063,30.2117,34.9614,24.1159,1.67063,0.273333
1.7708,6.31245,6.31245,2,12.6249,34.9614,24.2186,3.31548,0.566667
1.771,14.5012,14.5012,0.00222897,0.0323229,34.9614,24.0028,0.00222897,0.416667
1.7712,20.7673,20.7673,1.49229,30.9907,34.9614,24.103,1.49229,0.266667
1.7714,20.9556,20.9556,1.07153,22.4546,34.9614,24.0748,1.07153,0.116667
1.7716,17.9377,17.9377,2,35.8755,34.9614,24.16,2.31467,0.273333
1.7718,10.686,10.686,2,21.372,34.9614,24.1527,2.21178,0.416667
1.772,19.7127,19.7127,0.584648,11.525,34.9614,24.0411,0.584648,0.312125
1.7722,19.0543,19.0543,2,38.1085,34.9614,24.1516,2.19675,0.27409
1.7724,16.3306,16.3306,1.82281,29.7677,34.9614,24.1269,1.82281,0.266667
1.7726,18.5999,18.5999,1.64898,30.6708,34.9614,24.1143,1.64898,0.273333
1.7728,17.8786,17.8786,2,35.7572,34.9614,24.1413,2.04051,0.266667
1.773,19.3146,19.3146,1.48765,28.7333,34.9614,24.1035,1.48765,0.21264
1.7732,17.5016,17.5016,2,35.0033,34.9614,24.1534,2.2166,0.276792
1.7734,13.8746,13.8746,1.92639,26.7278,34.9614,24.1336,1.92639,0.350587
1.7736,19.7761,19.7761,1.15834,22.9074,34.9614,24.0804,1.15834,0.273333
1.7738,19.9188,19.9188,1.72778,34.4154,34.9614,24.1198,1.72778,0.203982
1.774,19.1361,19.1361,1.77583,33.9825,34.9614,24.1234,1.77583,0.204767
1.7742,17.0671,17.0671,2,34.1341,34.9614,24.1443,2.08035,0.27342
1.7744,19.9915,19.9915,1.27129,25.415,34.9614,24.0885,1.27129,0.200587
1.7746,17.8021,17.8021,2,35.6042,34.9614,24.1575,2.27493,0.273333
1.7748,13.9358,13.9358,1.89556,26.4161,34.9614,24.1316,1.89556,0.340858
1.775,20.6164,20.6164,1.01841,20.9959,34.9614,24.0708,1.01841,0.240757
1.7752,18.1596,18.1596,2,36.3193,34.9614,24.1584,2.29297,0.272149
1.7754,17.0206,17.0206,1.58851,27.0374,34.9614,24.1108,1.58851,0.256064
1.7756,18.6525,18.6525,1.8812,35.0892,34.9614,24.1302,1.8812,0.273333
1.7758,19.6927,19.6927,1.55355,30.5935,34.9614,24.108,1.55355,0.194405
1.776,17.9996,17.9996,2,35.9992,34.9614,24.1452,2.09575,0.253885
1.7762,16.8903,16.8903,1.76525,29.8157,34.9614,24.1227,1.76525,0.274637
1.7764,17.8494,17.8494,1.845,32.9322,34.9614,24.1278,1.845,0.288475
1.7766,17.6459,17.6459,1.87923,33.1607,34.9614,24.1303,1.87923,0.273333
1.7768,18.1066,18.1066,1.7765,32.1665,34.9614,24.1233,1.7765,0.261672
1.777,20.5588,20.5588,1.29445,26.6124,34.9614,24.0901,1.29445,0.165831
1.7772,17.5121,17.5121,2,35.0242,34.9614,24.1597,2.30926,0.27463
1.7774,15.505,15.505,1.67259,25.9334,34.9614,24.1165,1.67259,0.303909
1.7776,19.3427,19.3427,1.58985,30.752,34.9614,24.11,1.58985,0.273333
1.7778,15.8041,15.8041,2,31.6082,34.9614,24.1656,2.3915,0.315618
1.778,16.1123,16.1123,1.35856,21.8895,34.9614,24.0949,1.35856,0.310908
1.7782,19.4706,19.4706,1.82672,35.5674,34.9614,24.1263,1.82672,0.27354
1.7784,16.0997,16.0997,2,32.1993,34.9614,24.1509,2.1742,0.290689
1.7786,17.9319,17.9319,1.39701,25.0511,34.9614,24.0973,1.39701,0.273333
1.7788,18.4662,18.4662,2,36.9323,34.9614,24.1442,2.0832,0.27413
1.779,18.474,18.474,1.62006,29.9289,34.9614,24.1127,1.62006,0.22598
1.7792,17.7751,17.7751,2,35.5502,34.9614,24.1433,2.06935,0.273473
1.7794,16.9295,16.9295,1.76263,29.8405,34.9614,24.1225,1.76263,0.279102
1.7796,18.3779,18.3779,1.7796,32.7053,34.9614,24.1233,1.7796,0.273333
1.7798,18.2068,18.2068,1.88627,34.343,34.9614,24.1308,1.88627,0.253156
1.78,17.8742,17.8742,1.84062,32.8995,34.9614,24.1278,1.84062,0.258617
1.7802,17.6034,17.6034,1.8902,33.274,34.9614,24.1311,1.8902,0.274112
1.7804,17.8214,17.8214,1.79832,32.0485,34.9614,24.1248,1.79832,0.269389
1.7806,17.7608,17.7608,1.90011,33.7475,34.9614,24.1317,1.90011,0.273333
1.7808,17.5568,17.5568,1.83715,32.2545,34.9614,24.1275,1.83715,0.273333
1.781,6.1949,6.1949,2,12.3898,34.9614,24.206,3.12009,0.566667
1.7812,15.1934,15.1934,0.0232455,0.353178,34.9614,24.004,0.0232455,0.416667
1.7814,20.665,20.665,1.56171,32.2728,34.9614,24.1077,1.56171,0.266667
1.7816,20.9207,20.9207,1.08776,22.7567,34.9614,24.0759,1.08776,0.116667
1.7818,17.9163,17.9163,2,35.8326,34.9614,24.16,2.31513,0.273333
1.782,10.6973,10.6973,2,21.3946,34.9614,24.1521,2.20957,0.416667
1.7822,17.8044,17.8044,0.804734,14.3278,34.9614,24.0563,0.804734,0.363479
1.7824,19.2803,19.2803,2,38.5605,34.9614,24.1461,2.11749,0.275202
1.7826,16.394,16.394,1.89965,31.1428,34.9614,24.1321,1.89965,0.266667
1.7828,18.3954,18.3954,1.61505,29.7095,34.9614,24.112,1.61505,0.273333
1.783,18.0522,18.0522,2,36.1044,34.9614,24.1404,2.02704,0.266667
1.7832,15.7135,15.7135,1.95782,30.7642,34.9614,24.1359,1.95782,0.308263
1.7834,18.5907,18.5907,1.47384,27.3998,34.9614,24.1023,1.47384,0.275756
1.7836,15.1852,15.1852,2,30.3704,34.9614,24.1741,2.52875,0.349316
1.7838,17.6451,17.6451,1.00341,17.7053,34.9614,24.0705,1.00341,0.273333
1.784,20.5959,20.5959,1.44847,29.8326,34.9614,24.1005,1.44847,0.19881
1.7842,15.6785,15.6785,2,31.357,34.9614,24.1735,2.51114,0.313842
1.7844,17.3958,17.3958,1.09753,19.0923,34.9614,24.077,1.09753,0.272521
1.7846,20.5946,20.5946,1.44085,29.6737,34.9614,24.0999,1.44085,0.199316
1.7848,17.2311,17.2311,2,34.4622,34.9614,24.1581,2.28307,0.273333
1.785,15.9898,15.9898,1.61986,25.9013,34.9614,24.1128,1.61986,0.297807
1.7852,18.4796,18.4796,1.80809,33.4128,34.9614,24.1249,1.80809,0.294555
1.7854,17.2499,17.2499,2,34.4998,34.9614,24.1389,2.00064,0.276017
1.7856,20.5051,20.5051,1.19712,24.5471,34.9614,24.0834,1.19712,0.177516
1.7858,17.7994,17.7994,2,35.5987,34.9614,24.1591,2.299,0.273333
1.786,16.5867,16.5867,1.59619,26.4754,34.9614,24.1113,1.59619,0.272447
1.7862,19.6758,19.6758,1.64885,32.4424,34.9614,24.1142,1.64885,0.24573
1.7864,16.9975,16.9975,2,33.995,34.9614,24.1519,2.19284,0.275883
1.7866,15.1945,15.1945,1.75959,26.736,34.9614,24.1225,1.75959,0.327516
1.7868,19.3645,19.3645,1.48814,28.8171,34.9614,24.1031,1.48814,0.273333
1.787,18.2093,18.2093,2,36.4186,34.9614,24.1451,2.09474,0.255248
1.7872,14.4508,14.4508,2,28.9017,34.9614,24.1419,2.04599,0.333193
1.7874,19.2207,19.2207,1.18957,22.8644,34.9614,24.0827,1.18957,0.273707
1.7876,18.2695,18.2695,2,36.539,34.9614,24.1541,2.23039,0.272707
1.7878,16.4397,16.4397,1.7186,28.2532,34.9614,24.1197,1.7186,0.273333
1.788,19.0792,19.0792,1.67223,31.9048,34.9614,24.1159,1.67223,0.263008
1.7882,16.9951,16.9951,2,33.9902,34.9614,24.1499,2.1642,0.282307
1.7884,17.3193,17.3193,1.56197,27.0522,34.9614,24.1087,1.56197,0.275505
1.7886,19.3659,19.3659,1.77714,34.416,34.9614,24.1231,1.77714,0.245565
1.7888,16.9465,16.9465,2,33.8931,34.9614,24.1459,2.10496,0.273333
1.789,17.7066,17.7066,1.56828,27.769,34.9614,24.1091,1.56828,0.270203
1.7892,18.5444,18.5444,1.95341,36.2248,34.9614,24.1352,1.95341,0.266126
1.7894,16.8444,16.8444,1.93671,32.6228,34.9614,24.1346,1.93671,0.276455
1.7896,18.9789,18.9789,1.54366,29.2969,34.9614,24.1072,1.54366,0.246632
1.7898,17.6649,17.6649,2,35.3298,34.9614,24.1491,2.15427,0.273333
1.79,17.2297,17.2297,1.64525,28.3471,34.9614,24.1145,1.64525,0.267555
1.7902,18.6673,18.6673,1.85052,34.5441,34.9614,24.1281,1.85052,0.266271
1.7904,17.2119,17.2119,1.98237,34.1204,34.9614,24.1376,1.98237,0.271351
1.7906,18.5858,18.5858,1.5917,29.583,34.9614,24.1106,1.5917,0.249128
1.7908,17.7714,17.7714,2,35.5428,34.9614,24.1451,2.09494,0.273333
1.791,17.089,17.089,1.71979,29.3895,34.9614,24.1196,1.71979,0.273333
1.7912,6.81181,6.81181,2,13.6236,34.9614,24.2058,3.11987,0.566667
1.7914,15.2117,15.2117,0.0238671,0.36306,34.9614,24.004,0.0238671,0.416667
1.7916,20.6619,20.6619,1.56375,32.3099,34.9614,24.1079,1.56375,0.266667
1.7918,20.9197,20.9197,1.08774,22.7553,34.9614,24.0759,1.08774,0.116667
1.792,17.9097,17.9097,2,35.8194,34.9614,24.1603,2.31598,0.273333
1.7922,10.6965,10.6965,2,21.393,34.9614,24.1525,2.2074,0.416667
1.7924,15.7445,15.7445,1.02512,16.1401,34.9614,24.0712,1.02512,0.415783
1.7926,19.86,19.86,1.86078,36.955,34.9614,24.1283,1.86078,0.276506
1.7928,16.7484,16.7484,2,33.4968,34.9614,24.1447,2.08212,0.266667
1.793,17.7642,17.7642,1.56328,27.7705,34.9614,24.1087,1.56328,0.273333
1.7932,18.5004,18.5004,1.96674,36.3853,34.9614,24.1361,1.96674,0.266667
1.7934,17.2484,17.2484,1.8724,32.2959,34.9614,24.13,1.8724,0.265782
1.7936,17.7316,17.7316,1.79596,31.8453,34.9614,24.1246,1.79596,0.278823
1.7938,14.8731,14.8731,2,29.7461,34.9614,24.1537,2.22702,0.349611
1.794,18.5753,18.5753,1.14663,21.2991,34.9614,24.08,1.14663,0.273333
1.7942,20.2498,20.2498,1.60309,32.4621,34.9614,24.1112,1.60309,0.201096
1.7944,19.2288,19.2288,1.8051,34.7099,34.9614,24.1253,1.8051,0.204592
1.7946,16.9491,16.9491,2,33.8982,34.9614,24.1441,2.07792,0.27334
1.7948,19.8135,19.8135,1.303,25.8169,34.9614,24.0907,1.303,0.20967
1.795,17.7951,17.7951,2,35.5903,34.9614,24.1567,2.26389,0.273333
1.7952,15.6697,15.6697,1.72574,27.0418,34.9614,24.1201,1.72574,0.298003
1.7954,20.6753,20.6753,1.2147,25.1143,34.9614,24.0843,1.2147,0.20932
1.7956,17.6091,17.6091,2,35.2183,34.9614,24.161,2.3267,0.276182
1.7958,19.5615,19.5615,1.20132,23.4996,34.9614,24.0839,1.20132,0.192805
1.796,18.0932,18.0932,2,36.1864,34.9614,24.156,2.25595,0.273333
1.7962,15.6147,15.6147,1.76757,27.6001,34.9614,24.1231,1.76757,0.295214
1.7964,18.9439,18.9439,1.58491,30.0244,34.9614,24.1097,1.58491,0.278712
1.7966,17.4511,17.4511,2,34.9021,34.9614,24.1494,2.15867,0.277276
1.7968,18.0791,18.0791,1.52567,27.5827,34.9614,24.1062,1.52567,0.248618
1.797,18.1847,18.1847,2,36.3693,34.9614,24.1425,2.05858,0.273333
1.7972,19.444,19.444,1.46941,28.5712,34.9614,24.1023,1.46941,0.202101
1.7974,16.4264,16.4264,2,32.8528,34.9614,24.1655,2.3925,0.305553
1.7976,17.0264,17.0264,1.32646,22.5848,34.9614,24.0927,1.32646,0.277485
1.7978,17.5318,17.5318,2,35.0636,34.9614,24.1552,2.25082,0.321254
1.798,16.8391,16.8391,1.58657,26.7164,34.9614,24.1106,1.58657,0.273333
1.7982,17.4692,17.4692,2,34.9384,34.9614,24.1407,2.03688,0.310145
1.7984,16.3738,16.3738,1.82521,29.8856,34.9614,24.1268,1.82521,0.299767
1.7986,18.3987,18.3987,1.67759,30.8656,34.9614,24.1163,1.67759,0.278194
1.7988,15.5048,15.5048,2,31.0097,34.9614,24.1599,2.31501,0.33073
1.799,17.9802,17.9802,1.20133,21.6001,34.9614,24.0839,1.20133,0.273333
1.7992,18.1119,18.1119,2,36.2238,34.9614,24.1566,2.26691,0.294697
1.7994,17.3672,17.3672,1.57072,27.2789,34.9614,24.1095,1.57072,0.249787
1.7996,18.3385,18.3385,1.96699,36.0715,34.9614,24.1362,1.96699,0.278
1.7998,20.052,20.052,1.39955,28.0639,34.9614,24.0974,1.39955,0.18073
1.8,17.5004,17.5004,2,35.0007,34.9614,24.1569,2.26572,0.273333
1.8002,18.1615,18.1615,1.427,25.9165,34.9614,24.0995,1.427,0.238912
1.8004,19.3306,19.3306,1.87582,36.2606,34.9614,24.1299,1.87582,0.238345
1.8006,16.6022,16.6022,2,33.2043,34.9614,24.1439,2.07174,0.276133
1.8008,17.5933,17.5933,1.57584,27.7244,34.9614,24.1095,1.57584,0.280729
1.801,18.3527,18.3527,1.97113,36.1754,34.9614,24.1364,1.97113,0.273333
1.8012,17.0326,17.0326,1.88364,32.0832,34.9614,24.1309,1.88364,0.273333
1.8014,6.39503,6.39503,2,12.7901,34.9614,24.1978,3.00179,0.566667
1.8016,15.6274,15.6274,0.0475702,0.743398,34.9614,24.0055,0.0475702,0.416667
1.8018,20.6016,20.6016,1.60231,33.01,34.9614,24.1106,1.60231,0.266667
1.802,20.9032,20.9032,1.09423,22.873,34.9614,24.0764,1.09423,0.116667
1.8022,17.8972,17.8972,2,35.7943,34.9614,24.1602,2.31752,0.273333
1.8024,10.7083,10.7083,2,21.4166,34.9614,24.1523,2.20491,0.416667
1.8026,20.9943,20.9943,0.383513,8.0516,34.9614,24.0271,0.383513,0.266667
1.8028,19.1837,19.1837,2,38.3674,34.9614,24.1499,2.17326,0.272411
1.803,16.3076,16.3076,1.85333,30.2234,34.9614,24.129,1.85333,0.266667
1.8032,18.5499,18.5499,1.62711,30.1826,34.9614,24.1128,1.62711,0.273333
1.8034,17.9516,17.9516,2,35.9033,34.9614,24.1415,2.0426,0.266667
1.8036,11.392,11.392,2,22.784,34.9614,24.1649,2.39512,0.416667
1.8038,20.1206,20.1206,0.436783,8.78835,34.9614,24.031,0.436783,0.276446
1.804,16.8445,16.8445,2,33.689,34.9614,24.1937,2.82087,0.353491
1.8042,15.8117,15.8117,1.09713,17.3475,34.9614,24.0774,1.09713,0.273333
1.8044,21.0339,21.0339,1.15563,24.3074,34.9614,24.0802,1.15563,0.193686
1.8046,14.2736,14.2736,2,28.5473,34.9614,24.1985,2.88428,0.366863
1.8048,17.3391,17.3391,0.604728,10.4855,34.9614,24.0433,0.604728,0.27267
1.805,20.205,20.205,1.75218,35.4028,34.9614,24.1211,1.75218,0.244825
1.8052,16.6004,16.6004,2,33.2008,34.9614,24.1514,2.18324,0.273333
1.8054,19.7083,19.7083,1.2075,23.7977,34.9614,24.0841,1.2075,0.213792
1.8056,18.589,18.589,2,37.1779,34.9614,24.1481,2.1391,0.255375
1.8058,16.5677,16.5677,1.81178,30.0169,34.9614,24.126,1.81178,0.271276
1.806,18.3719,18.3719,1.70949,31.4065,34.9614,24.1185,1.70949,0.276594
1.8062,17.6361,17.6361,2,35.2721,34.9614,24.1401,2.02152,0.273333
1.8064,13.7802,13.7802,2,27.5605,34.9614,24.1472,2.13005,0.363792
1.8066,20.9816,20.9816,0.724883,15.2092,34.9614,24.0506,0.724883,0.214125
1.8068,18.6176,18.6176,2,37.2353,34.9614,24.1565,2.26622,0.272634
1.807,15.4138,15.4138,1.823,28.0995,34.9614,24.1271,1.823,0.291636
1.8072,19.1267,19.1267,1.49063,28.5108,34.9614,24.1033,1.49063,0.273333
1.8074,14.4806,14.4806,2,28.9612,34.9614,24.1809,2.62268,0.358435
1.8076,17.4235,17.4235,0.864798,15.0678,34.9614,24.061,0.864798,0.284445
1.8078,19.3697,19.3697,2,38.7395,34.9614,24.1435,2.07793,0.274602
1.808,16.8481,16.8481,1.88264,31.719,34.9614,24.131,1.88264,0.256285
1.8082,18.1552,18.1552,1.70141,30.8894,34.9614,24.118,1.70141,0.273333
1.8084,19.7595,19.7595,1.62019,32.014,34.9614,24.1125,1.62019,0.208435
1.8086,16.8302,16.8302,2,33.6603,34.9614,24.155,2.23854,0.281189
1.8088,17.3452,17.3452,1.47407,25.568,34.9614,24.1027,1.47407,0.2727
1.809,18.9319,18.9319,1.92665,36.4751,34.9614,24.1333,1.92665,0.264885
1.8092,16.8183,16.8183,1.98661,33.4114,34.9614,24.138,1.98661,0.273333
1.8094,18.0926,18.0926,1.61634,29.2437,34.9614,24.1123,1.61634,0.269279
1.8096,18.9427,18.9427,1.86238,35.2785,34.9614,24.129,1.86238,0.24435
1.8098,16.9855,16.9855,2,33.971,34.9614,24.14,2.01736,0.272972
1.81,17.3573,17.3573,1.69284,29.3831,34.9614,24.1176,1.69284,0.284041
1.8102,18.2632,18.2632,1.88359,34.4004,34.9614,24.1304,1.88359,0.273333
1.8104,16.0069,16.0069,2,32.0139,34.9614,24.1433,2.06699,0.306772
1.8106,19.1709,19.1709,1.33139,25.524,34.9614,24.0926,1.33139,0.24742
1.8108,18.0114,18.0114,2,36.0229,34.9614,24.1533,2.21721,0.272962
1.811,17.4145,17.4145,1.60076,27.8765,34.9614,24.1115,1.60076,0.253347
1.8112,18.4153,18.4153,1.93728,35.6757,34.9614,24.134,1.93728,0.273333
1.8114,17.0789,17.0789,1.91217,32.6578,34.9614,24.1328,1.91217,0.273333
1.8116,6.30427,6.30427,2,12.6085,34.9614,24.1976,2.99107,0.566667
1.8118,15.6433,15.6433,0.0485614,0.759658,34.9614,24.0056,0.0485614,0.416667
1.812,20.5991,20.5991,1.60361,33.033,34.9614,24.1107,1.60361,0.266667
1.8122,20.9014,20.9014,1.09489,22.8848,34.9614,24.0764,1.09489,0.116667
1.8124,17.9009,17.9009,2,35.8018,34.9614,24.1601,2.31412,0.273333
1.8126,10.7084,10.7084,2,21.4169,34.9614,24.1521,2.20915,0.416667
1.8128,17.7336,17.7336,0.813569,14.4275,34.9614,24.0569,0.813569,0.36507
1.813,19.3863,19.3863,2,38.7726,34.9614,24.1435,2.07743,0.271418
1.8132,16.4435,16.4435,1.93139,31.7589,34.9614,24.1343,1.93139,0.266667
1.8134,18.2879,18.2879,1.60364,29.3273,34.9614,24.1113,1.60364,0.273333
1.8136,16.9954,16.9954,2,33.9908,34.9614,24.1512,2.18413,0.298519
1.8138,14.9384,14.9384,1.79554,26.8225,34.9614,24.1247,1.79554,0.334259
1.814,19.3988,19.3988,1.43028,27.7457,34.9614,24.0991,1.43028,0.274897
1.8142,14.9007,14.9007,2,29.8013,34.9614,24.181,2.62387,0.348293
1.8144,17.5868,17.5868,0.891356,15.6761,34.9614,24.0628,0.891356,0.273333
1.8146,20.1201,20.1201,1.74365,35.0825,34.9614,24.1206,1.74365,0.233723
1.8148,14.1594,14.1594,2,28.3188,34.9614,24.1726,2.49319,0.337391
1.815,18.3716,18.3716,0.849783,15.6119,34.9614,24.0597,0.849783,0.273559
1.8152,20.1629,20.1629,1.7079,34.4362,34.9614,24.1182,1.7079,0.222335
1.8154,16.7331,16.7331,2,33.4663,34.9614,24.1523,2.19536,0.273333
1.8156,14.8246,14.8246,1.77301,26.2841,34.9614,24.1232,1.77301,0.340797
1.8158,19.5278,19.5278,1.41882,27.7065,34.9614,24.0983,1.41882,0.273904
1.816,17.6876,17.6876,2,35.3753,34.9614,24.1541,2.2269,0.272858
1.8162,19.4881,19.4881,1.29919,25.3188,34.9614,24.0906,1.29919,0.199691
1.8164,17.9237,17.9237,2,35.8475,34.9614,24.1556,2.24957,0.273333
1.8166,18.9351,18.9351,1.38358,26.1982,34.9614,24.0965,1.38358,0.211471
1.8168,18.9755,18.9755,1.98143,37.5986,34.9614,24.1372,1.98143,0.241991
1.817,16.6613,16.6613,1.96192,32.6881,34.9614,24.1364,1.96192,0.272984
1.8172,18.0266,18.0266,1.63122,29.4053,34.9614,24.1132,1.63122,0.275348
1.8174,17.9942,17.9942,2,35.9885,34.9614,24.1392,2.01029,0.273333
1.8176,18.659,18.659,1.62113,30.2486,34.9614,24.1127,1.62113,0.232537
1.8178,18.4467,18.4467,1.96619,36.2698,34.9614,24.1362,1.96619,0.250533
1.818,16.9825,16.9825,1.89989,32.2649,34.9614,24.1319,1.89989,0.273825
1.8182,16.6142,16.6142,1.87628,31.1729,34.9614,24.13,1.87628,0.310787
1.8184,18.3101,18.3101,1.66671,30.5177,34.9614,24.1156,1.66671,0.273333
1.8186,18.222,18.222,1.96532,35.812,34.9614,24.1362,1.96532,0.260596
1.8188,16.743,16.743,1.91525,32.067,34.9614,24.133,1.91525,0.283395
1.819,18.1254,18.1254,1.66799,30.233,34.9614,24.1157,1.66799,0.274019
1.8192,18.4215,18.4215,1.92451,35.4524,34.9614,24.1333,1.92451,0.257297
1.8194,17.1136,17.1136,1.92098,32.8748,34.9614,24.1334,1.92098,0.273333
1.8196,19.0172,19.0172,1.57122,29.8801,34.9614,24.1091,1.57122,0.241768
1.8198,18.2356,18.2356,2,36.4712,34.9614,24.1415,2.04204,0.25454
1.82,16.9775,16.9775,1.82201,30.9332,34.9614,24.1266,1.82201,0.272209
1.8202,19.4724,19.4724,1.56086,30.3937,34.9614,24.1083,1.56086,0.234582
1.8204,17.386,17.386,2,34.7721,34.9614,24.1519,2.19451,0.273333
1.8206,17.3413,17.3413,1.57021,27.2295,34.9614,24.1093,1.57021,0.266723
1.8208,19.2305,19.2305,1.80316,34.6757,34.9614,24.1249,1.80316,0.249612
1.821,16.8814,16.8814,2,33.7628,34.9614,24.1448,2.08803,0.275246
1.8212,16.9172,16.9172,1.66471,28.1622,34.9614,24.1157,1.66471,0.292416
1.8214,18.5771,18.5771,1.83012,33.9982,34.9614,24.1267,1.83012,0.273333
1.8216,17.242,17.242,1.99132,34.3344,34.9614,24.1382,1.99132,0.273333
1.8218,5.99979,5.99979,2,11.9996,34.9614,24.196,2.9628,0.566667
1.822,15.7308,15.7308,0.0538991,0.847876,34.9614,24.0059,0.0538991,0.416667
1.8222,20.5871,20.5871,1.61091,33.1639,34.9614,24.1111,1.61091,0.266667
1.8224,20.8975,20.8975,1.09705,22.9257,34.9614,24.0766,1.09705,0.116667
1.8226,17.8973,17.8973,2,35.7946,34.9614,24.1599,2.31357,0.273333
1.8228,9.18411,9.18411,2,18.3682,34.9614,24.1626,2.36904,0.454783
1.823,17.4822,17.4822,0.528108,9.23247,34.9614,24.0375,0.528108,0.386126
1.8232,19.7377,19.7377,2,39.4755,34.9614,24.138,2.00061,0.271809
1.8234,16.447,16.447,2,32.894,34.9614,24.1398,2.00925,0.266667
1.8236,18.1136,18.1136,1.55925,28.2436,34.9614,24.1083,1.55925,0.273333
1.8238,16.9731,16.9731,2,33.9463,34.9614,24.1529,2.21257,0.304783
1.824,15.5103,15.5103,1.70873,26.503,34.9614,24.1188,1.70873,0.318586
1.8242,19.1588,19.1588,1.59172,30.4954,34.9614,24.1102,1.59172,0.277393
1.8244,14.6818,14.6818,2,29.3635,34.9614,24.1741,2.51941,0.3464
1.8246,17.9897,17.9897,0.921977,16.5861,34.9614,24.0648,0.921977,0.273333
1.8248,20.4102,20.4102,1.56719,31.9867,34.9614,24.1086,1.56719,0.20921
1.825,13.8612,13.8612,2,27.7224,34.9614,24.1837,2.66523,0.353614
1.8252,18.1794,18.1794,0.678934,12.3426,34.9614,24.0482,0.678934,0.272472
1.8254,20.347,20.347,1.63659,33.2997,34.9614,24.1133,1.63659,0.221834
1.8256,16.8352,16.8352,2,33.6705,34.9614,24.1545,2.22972,0.273333
1.8258,15.0089,15.0089,1.73166,25.9904,34.9614,24.1204,1.73166,0.332103
1.826,17.4864,17.4864,1.73925,30.4131,34.9614,24.1201,1.73925,0.331169
1.8262,18.1832,18.1832,1.86788,33.9641,34.9614,24.1294,1.86788,0.27079
1.8264,16.9858,16.9858,1.96537,33.3835,34.9614,24.1364,1.96537,0.283913
1.8266,17.892,17.892,1.67461,29.9621,34.9614,24.1163,1.67461,0.273333
1.8268,15.7744,15.7744,2,31.5488,34.9614,24.1553,2.24945,0.332017
1.827,17.2794,17.2794,1.36323,23.5558,34.9614,24.095,1.36323,0.291002
1.8272,18.7167,18.7167,2,37.4333,34.9614,24.1408,2.03785,0.278754
1.8274,15.71,15.71,2,31.42,34.9614,24.139,2.00086,0.297497
1.8276,18.5879,18.5879,1.43598,26.6919,34.9614,24.0997,1.43598,0.273333
1.8278,20.3543,20.3543,1.48647,30.2561,34.9614,24.1033,1.48647,0.182635
1.828,17.817,17.817,2,35.634,34.9614,24.1495,2.15801,0.255888
1.8282,16.6294,16.6294,1.72216,28.6386,34.9614,24.1198,1.72216,0.280584
1.8284,18.5187,18.5187,1.77009,32.7797,34.9614,24.1226,1.77009,0.276349
1.8286,17.416,17.416,2,34.832,34.9614,24.1395,2.01131,0.273333
1.8288,18.9801,18.9801,1.52968,29.0334,34.9614,24.1063,1.52968,0.232703
1.829,17.6982,17.6982,2,35.3965,34.9614,24.1493,2.15675,0.273144
1.8292,16.8115,16.8115,1.69371,28.4737,34.9614,24.1178,1.69371,0.277803
1.8294,18.8424,18.8424,1.75872,33.1386,34.9614,24.1218,1.75872,0.265144
1.8296,17.2663,17.2663,2,34.5326,34.9614,24.1426,2.05523,0.273333
1.8298,18.0424,18.0424,1.60349,28.9309,34.9614,24.1115,1.60349,0.259033
1.83,18.2662,18.2662,1.98916,36.3343,34.9614,24.1377,1.98916,0.266818
1.8302,17.1577,17.1577,1.84622,31.6769,34.9614,24.1283,1.84622,0.270257
1.8304,18.5031,18.5031,1.71164,31.6707,34.9614,24.1187,1.71164,0.260792
1.8306,17.5541,17.5541,2,35.1082,34.9614,24.141,2.0343,0.273333
1.8308,18.1091,18.1091,1.6371,29.6464,34.9614,24.1138,1.6371,0.25368
1.831,17.9992,17.9992,2,35.9984,34.9614,24.1393,2.01036,0.271894
1.8312,16.9786,16.9786,1.82592,31.0016,34.9614,24.1269,1.82592,0.277895
1.8314,18.1998,18.1998,1.7535,31.9133,34.9614,24.1215,1.7535,0.273458
1.8316,17.6333,17.6333,1.9756,34.8364,34.9614,24.1369,1.9756,0.273333
1.8318,17.4602,17.4602,1.77355,30.9666,34.9614,24.1231,1.77355,0.273333
1.832,6.43747,6.43747,2,12.8749,34.9614,24.2067,3.14477,0.566667
1.8322,15.1171,15.1171,0.0209598,0.31685,34.9614,24.0039,0.0209598,0.416667
1.8324,20.6749,20.6749,1.55564,32.1626,34.9614,24.1074,1.55564,0.266667
1.8326,20.9234,20.9234,1.08621,22.7272,34.9614,24.0758,1.08621,0.116667
1.8328,17.9109,17.9109,2,35.8217,34.9614,24.16,2.31282,0.273333
1.833,10.7072,10.7072,2,21.4144,34.9614,24.1522,2.21014,0.416667
1.8332,18.0722,18.0722,0.777932,14.059,34.9614,24.0544,0.777932,0.35663
1.8334,19.2339,19.2339,2,38.4677,34.9614,24.1472,2.13325,0.274625
1.8336,16.3779,16.3779,1.88232,30.8285,34.9614,24.131,1.88232,0.266667
1.8338,18.4452,18.4452,1.62285,29.9337,34.9614,24.1125,1.62285,0.273333
1.834,18.0245,18.0245,2,36.049,34.9614,24.1406,2.0289,0.266667
1.8342,18.555,18.555,1.62249,30.1054,34.9614,24.1128,1.62249,0.234071
1.8344,17.5485,17.5485,2,35.097,34.9614,24.1459,2.10686,0.278062
1.8346,14.386,14.386,1.97904,28.4704,34.9614,24.1373,1.97904,0.344208
1.8348,19.4041,19.4041,1.21778,23.63,34.9614,24.0846,1.21778,0.273333
1.835,20.0851,20.0851,1.64813,33.1027,34.9614,24.1144,1.64813,0.196439
1.8352,19.7047,19.7047,1.65406,32.5928,34.9614,24.1149,1.65406,0.185325
1.8354,17.0615,17.0615,2,34.123,34.9614,24.1513,2.18422,0.273747
1.8356,17.4773,17.4773,1.53339,26.7996,34.9614,24.1068,1.53339,0.269095
1.8358,18.4979,18.4979,1.97358,36.507,34.9614,24.1367,1.97358,0.273333
1.836,16.0563,16.0563,2,32.1125,34.9614,24.1394,2.00613,0.296086
1.8362,16.6352,16.6352,1.68497,28.0298,34.9614,24.1168,1.68497,0.3183
1.8364,18.7433,18.7433,1.76689,33.1173,34.9614,24.1223,1.76689,0.271933
1.8366,18.5119,18.5119,1.86201,34.4693,34.9614,24.1293,1.86201,0.23927
1.8368,17.2209,17.2209,1.9649,33.8375,34.9614,24.1364,1.9649,0.273333
1.837,16.4534,16.4534,1.85877,30.5832,34.9614,24.1291,1.85877,0.306971
1.8372,19.9927,19.9927,1.3891,27.7718,34.9614,24.0965,1.3891,0.222785
1.8374,17.5904,17.5904,2,35.1808,34.9614,24.1562,2.25684,0.272147
1.8376,16.4987,16.4987,1.62364,26.7879,34.9614,24.1131,1.62364,0.280961
1.8378,18.8847,18.8847,1.78241,33.6604,34.9614,24.1233,1.78241,0.273333
1.838,17.6208,17.6208,1.99121,35.0866,34.9614,24.1382,1.99121,0.261676
1.8382,19.905,19.905,1.3923,27.7137,34.9614,24.0968,1.3923,0.198663
1.8384,17.6019,17.6019,2,35.2039,34.9614,24.156,2.25439,0.272748
1.8386,16.5128,16.5128,1.62611,26.8517,34.9614,24.1133,1.62611,0.280576
1.8388,18.877,18.877,1.78261,33.6503,34.9614,24.1234,1.78261,0.273333
1.839,18.1466,18.1466,1.91461,34.7438,34.9614,24.1328,1.91461,0.247003
1.8392,15.3018,15.3018,2,30.6036,34.9614,24.1463,2.11285,0.324285
1.8394,18.6235,18.6235,1.29043,24.0323,34.9614,24.0898,1.29043,0.272263
1.8396,20.1648,20.1648,1.61183,32.5022,34.9614,24.1118,1.61183,0.198728
1.8398,16.9679,16.9679,2,33.9358,34.9614,24.1543,2.22697,0.273333
1.84,18.1922,18.1922,1.40455,25.5519,34.9614,24.0979,1.40455,0.2493
1.8402,19.9448,19.9448,1.6826,33.5592,34.9614,24.1166,1.6826,0.212142
1.8404,16.8907,16.8907,2,33.7815,34.9614,24.1518,2.18837,0.272969
1.8406,14.4233,14.4233,1.83526,26.4704,34.9614,24.1273,1.83526,0.348728
1.8408,19.6466,19.6466,1.30901,25.7175,34.9614,24.0907,1.30901,0.273333
1.841,18.2171,18.2171,2,36.4341,34.9614,24.151,2.18025,0.262227
1.8412,19.7805,19.7805,1.32066,26.1233,34.9614,24.092,1.32066,0.183361
1.8414,17.7717,17.7717,2,35.5435,34.9614,24.1564,2.26076,0.273107
1.8416,14.6651,14.6651,1.83034,26.8421,34.9614,24.1275,1.83034,0.323763
1.8418,19.5263,19.5263,1.35557,26.4691,34.9614,24.094,1.35557,0.273333
1.842,17.8026,17.8026,2,35.6051,34.9614,24.1551,2.2412,0.273333
1.8422,4.95274,4.95274,2,9.90548,34.9614,24.1914,2.89113,0.566667
1.8424,15.7525,15.7525,0.0552888,0.870936,34.9614,24.006,0.0552888,0.416667
1.8426,20.5831,20.5831,1.61338,33.2083,34.9614,24.1113,1.61338,0.266667
1.8428,20.8968,20.8968,1.09717,22.9274,34.9614,24.0766,1.09717,0.116667
1.843,17.896,17.896,2,35.7919,34.9614,24.16,2.31179,0.273333
1.8432,10.711,10.711,2,21.4219,34.9614,24.1523,2.20458,0.416667
1.8434,20.9942,20.9942,0.384171,8.06535,34.9614,24.0272,0.384171,0.266667
1.8436,19.2986,19.2986,2,38.5972,34.9614,24.1472,2.13008,0.267645
1.8438,16.3336,16.3336,1.89213,30.9054,34.9614,24.1317,1.89213,0.266667
1.844,18.4455,18.4455,1.60965,29.6908,34.9614,24.1117,1.60965,0.273333
1.8442,18.0482,18.0482,2,36.0964,34.9614,24.1409,2.03472,0.266667
1.8444,11.3596,11.3596,2,22.7192,34.9614,24.1662,2.41314,0.416667
1.8446,20.0349,20.0349,0.42902,8.59538,34.9614,24.0305,0.42902,0.278622
1.8448,16.882,16.882,2,33.764,34.9614,24.1936,2.81897,0.353532
1.845,15.7953,15.7953,1.10431,17.4429,34.9614,24.0779,1.10431,0.273333
1.8452,20.9438,20.9438,1.22737,25.7059,34.9614,24.0852,1.22737,0.201662
1.8454,15.6901,15.6901,2,31.3803,34.9614,24.1818,2.6374,0.325487
1.8456,17.2483,17.2483,0.998548,17.2233,34.9614,24.0703,0.998548,0.268146
1.8458,19.3265,19.3265,2,38.6529,34.9614,24.1418,2.05422,0.273628
1.846,16.2716,16.2716,1.96823,32.0262,34.9614,24.137,1.96823,0.273333
1.8462,16.2475,16.2475,1.78434,28.9911,34.9614,24.1236,1.78434,0.327087
1.8464,12.1827,12.1827,2,24.3654,34.9614,24.1634,2.3865,0.441337
1.8466,20.1292,20.1292,0.526194,10.5919,34.9614,24.0372,0.526194,0.263407
1.8468,19.965,19.965,1.8266,36.4681,34.9614,24.1264,1.8266,0.233222
1.847,16.5331,16.5331,2,33.0662,34.9614,24.1483,2.1358,0.273333
1.8472,17.8527,17.8527,1.48356,26.4856,34.9614,24.1032,1.48356,0.271113
1.8474,17.249,17.249,2,34.498,34.9614,24.1531,2.21718,0.305835
1.8476,17.0855,17.0855,1.56357,26.7144,34.9614,24.1089,1.56357,0.273907
1.8478,18.5074,18.5074,1.92967,35.7133,34.9614,24.1336,1.92967,0.278149
1.848,17.0452,17.0452,1.92774,32.8588,34.9614,24.1338,1.92774,0.273333
1.8482,19.0239,19.0239,1.5621,29.7172,34.9614,24.1085,1.5621,0.242538
1.8484,19.9823,19.9823,1.60609,32.0935,34.9614,24.1115,1.60609,0.190702
1.8486,17.024,17.024,2,34.048,34.9614,24.1539,2.22074,0.274203
1.8488,16.2982,16.2982,1.62247,26.4433,34.9614,24.1129,1.62247,0.29731
1.849,19.0001,19.0001,1.75085,33.2662,34.9614,24.1211,1.75085,0.273333
1.8492,17.6757,17.6757,2,35.3514,34.9614,24.1396,2.01172,0.260178
1.8494,19.8993,19.8993,1.38224,27.5055,34.9614,24.0962,1.38224,0.196941
1.8496,18.004,18.004,2,36.008,34.9614,24.1513,2.1841,0.261408
1.8498,17.0134,17.0134,1.67353,28.4725,34.9614,24.1165,1.67353,0.265852
1.85,18.5061,18.5061,1.84009,34.053,34.9614,24.1274,1.84009,0.273333
1.8502,18.2096,18.2096,1.84664,33.6266,34.9614,24.1282,1.84664,0.247462
1.8504,14.559,14.559,2,29.118,34.9614,24.1563,2.25872,0.346941
1.8506,18.6536,18.6536,1.07683,20.0866,34.9614,24.0752,1.07683,0.274483
1.8508,18.4672,18.4672,2,36.9344,34.9614,24.1551,2.24355,0.279748
1.851,16.2824,16.2824,1.73926,28.3193,34.9614,24.1211,1.73926,0.273333
1.8512,18.2528,18.2528,1.75952,32.1162,34.9614,24.1218,1.75952,0.288897
1.8514,16.0628,16.0628,2,32.1256,34.9614,24.1502,2.16978,0.313494
1.8516,17.7075,17.7075,1.41855,25.1189,34.9614,24.0988,1.41855,0.280405
1.8518,18.4329,18.4329,2,36.8658,34.9614,24.1433,2.07149,0.277628
1.852,16.7559,16.7559,1.83691,30.779,34.9614,24.1277,1.83691,0.273333
1.8522,18.3113,18.3113,1.71354,31.3772,34.9614,24.1188,1.71354,0.273333
1.8524,6.0506,6.0506,2,12.1012,34.9614,24.2192,3.32392,0.566667
1.8526,14.4466,14.4466,0.000588147,0.00849675,34.9614,24.0027,0.000588147,0.416667
1.8528,20.7752,20.7752,1.48664,30.8852,34.9614,24.1026,1.48664,0.266667
1.853,20.9577,20.9577,1.07104,22.4464,34.9614,24.0747,1.07104,0.116667
1.8532,17.9387,17.9387,2,35.8773,34.9614,24.16,2.31442,0.273333
1.8534,10.6843,10.6843,2,21.3686,34.9614,24.1524,2.21364,0.416667
1.8536,18.7694,18.7694,0.694543,13.0361,34.9614,24.0487,0.694543,0.338384
1.8538,19.2887,19.2887,2,38.5775,34.9614,24.1459,2.11333,0.267729
1.854,18.1442,18.1442,1.68944,30.6536,34.9614,24.1176,1.68944,0.220902
1.8542,17.8127,17.8127,2,35.6255,34.9614,24.1385,2.00009,0.273333
1.8544,17.5579,17.5579,1.75554,30.8236,34.9614,24.1221,1.75554,0.266667
1.8546,18.2095,18.2095,1.85566,33.7906,34.9614,24.1286,1.85566,0.267726
1.8548,17.571,17.571,1.90423,33.4592,34.9614,24.1321,1.90423,0.268863
1.855,16.4023,16.4023,1.95213,32.0196,34.9614,24.1353,1.95213,0.306385
1.8552,18.2789,18.2789,1.58425,28.9584,34.9614,24.11,1.58425,0.273333
1.8554,19.9071,19.9071,1.62909,32.4305,34.9614,24.113,1.62909,0.204919
1.8556,17.8598,17.8598,2,35.7196,34.9614,24.144,2.07606,0.250372
1.8558,17.1631,17.1631,1.73934,29.8525,34.9614,24.1209,1.73934,0.271548
1.856,16.375,16.375,2,32.7501,34.9614,24.1431,2.06667,0.324057
1.8562,18.0326,18.0326,1.50904,27.2119,34.9614,24.1049,1.50904,0.273333
1.8564,15.2103,15.2103,2,30.4206,34.9614,24.1699,2.46282,0.354919
1.8566,12.7302,12.7302,1.57895,20.1004,34.9614,24.1095,1.57895,0.400372
1.8568,20.7366,20.7366,1.11701,23.163,34.9614,24.0773,1.11701,0.27134
1.857,20.1582,20.1582,1.60782,32.4107,34.9614,24.1116,1.60782,0.186225
1.8572,16.9869,16.9869,2,33.9738,34.9614,24.1541,2.22408,0.273333
1.8574,12.4419,12.4419,2,24.8837,34.9614,24.1398,2.01802,0.394199
1.8576,17.6702,17.6702,1.18317,20.9069,34.9614,24.0821,1.18317,0.350471
1.8578,19.021,19.021,2,38.0421,34.9614,24.1429,2.06832,0.270141
1.858,14.8574,14.8574,2,29.7148,34.9614,24.1453,2.09349,0.312257
1.8582,18.8942,18.8942,1.22864,23.2143,34.9614,24.0855,1.22864,0.273333
1.8584,19.1388,19.1388,2,38.2776,34.9614,24.1386,2.00279,0.244199
1.8586,17.5101,17.5101,1.85075,32.4068,34.9614,24.1287,1.85075,0.247119
1.8588,17.8703,17.8703,1.81949,32.5149,34.9614,24.1262,1.81949,0.272145
1.859,18.2583,18.2583,1.81978,33.2261,34.9614,24.1262,1.81978,0.257284
1.8592,17.4606,17.4606,1.95055,34.0578,34.9614,24.1352,1.95055,0.273333
1.8594,20.2911,20.2911,1.30528,26.4856,34.9614,24.0908,1.30528,0.186365
1.8596,16.7326,16.7326,2,33.4653,34.9614,24.1688,2.4435,0.298247
1.8598,16.837,16.837,1.33402,22.4609,34.9614,24.0933,1.33402,0.274381
1.86,20.0866,20.0866,1.6585,33.3136,34.9614,24.1148,1.6585,0.23232
1.8602,16.8866,16.8866,2,33.7732,34.9614,24.1528,2.20511,0.273333
1.8604,14.8673,14.8673,1.77087,26.3281,34.9614,24.1232,1.77087,0.336365
1.8606,17.4796,17.4796,1.68829,29.5106,34.9614,24.1167,1.68829,0.331362
1.8608,18.236,18.236,1.89767,34.606,34.9614,24.1314,1.89767,0.272258
1.861,17.485,17.485,1.88159,32.8997,34.9614,24.1306,1.88159,0.267872
1.8612,17.7791,17.7791,1.80564,32.1026,34.9614,24.1252,1.80564,0.273333
1.8614,20.284,20.284,1.39386,28.2731,34.9614,24.0969,1.39386,0.186365
1.8616,14.8995,14.8995,2,29.799,34.9614,24.1831,2.65341,0.340668
1.8618,17.6419,17.6419,0.857801,15.1332,34.9614,24.0606,0.857801,0.269916
1.862,19.007,19.007,2,38.0139,34.9614,24.1516,2.19665,0.286715
1.8622,16.0883,16.0883,1.8433,29.6555,34.9614,24.1283,1.8433,0.273333
1.8624,18.7035,18.7035,1.59435,29.82,34.9614,24.1105,1.59435,0.273333
1.8626,6.13527,6.13527,2,12.2705,34.9614,24.2275,3.4536,0.566667
1.8628,13.9952,13.9952,0,0,34.9614,24.0021,-7.62512e-08,0.416667
1.863,20.8369,20.8369,1.44228,30.0527,34.9614,24.0995,1.44228,0.266667
1.8632,20.9801,20.9801,1.05987,22.2362,34.9614,24.074,1.05987,0.116667
1.8634,17.9508,17.9508,2,35.9016,34.9614,24.1602,2.31563,0.273333
1.8636,8.05082,8.05082,2,16.1016,34.9614,24.1703,2.49699,0.482243
1.8638,20.2432,20.2432,0.141936,2.87324,34.9614,24.0108,0.141936,0.266667
1.864,19.6027,19.6027,2,39.2055,34.9614,24.1425,2.06638,0.272948
1.8642,20.7391,20.7391,1.10552,22.9274,34.9614,24.0772,1.10552,0.11951
1.8644,17.9221,17.9221,2,35.8442,34.9614,24.1597,2.30828,0.273333
1.8646,11.0557,11.0557,2,22.1114,34.9614,24.1505,2.18145,0.408129
1.8648,21.6684,21.6684,0.242717,5.2593,34.9614,24.0174,0.242717,0.197425
1.865,19.2087,19.2087,2,38.4174,34.9614,24.1508,2.18682,0.276745
1.8652,17.5258,17.5258,1.70392,29.8626,34.9614,24.1187,1.70392,0.233947
1.8654,18.1298,18.1298,1.90458,34.5296,34.9614,24.132,1.90458,0.273333
1.8656,17.9071,17.9071,1.81869,32.5675,34.9614,24.1262,1.81869,0.258129
1.8658,15.4614,15.4614,2,30.9228,34.9614,24.1496,2.15957,0.330571
1.866,18.191,18.191,1.31435,23.9093,34.9614,24.0915,1.31435,0.278146
1.8662,17.6324,17.6324,2,35.2649,34.9614,24.158,2.28915,0.299966
1.8664,16.6897,16.6897,1.57627,26.3074,34.9614,24.1099,1.57627,0.273333
1.8666,20.358,20.358,1.44917,29.5022,34.9614,24.1005,1.44917,0.211966
1.8668,19.1489,19.1489,1.88824,36.1576,34.9614,24.131,1.88824,0.215208
1.867,16.868,16.868,2,33.7359,34.9614,24.1402,2.02022,0.270997
1.8672,17.1884,17.1884,1.69409,29.1188,34.9614,24.1176,1.69409,0.290012
1.8674,18.3617,18.3617,1.8565,34.0885,34.9614,24.1287,1.8565,0.273333
1.8676,17.273,17.273,1.9528,33.7306,34.9614,24.1354,1.9528,0.274133
1.8678,19.0217,19.0217,1.55929,29.6604,34.9614,24.1083,1.55929,0.237149
1.868,17.6493,17.6493,2,35.2986,34.9614,24.1486,2.14638,0.27234
1.8682,17.2222,17.2222,1.65089,28.4319,34.9614,24.1149,1.65089,0.268723
1.8684,18.4289,18.4289,1.88245,34.6914,34.9614,24.1303,1.88245,0.273333
1.8686,16.799,16.799,1.98985,33.4275,34.9614,24.1381,1.98985,0.28361
1.8688,17.0116,17.0116,1.7368,29.5457,34.9614,24.1205,1.7368,0.297855
1.869,18.0934,18.0934,1.84416,33.3671,34.9614,24.1277,1.84416,0.281134
1.8692,15.9298,15.9298,2,31.8596,34.9614,24.1454,2.09761,0.314219
1.8694,18.2297,18.2297,1.41581,25.8098,34.9614,24.0985,1.41581,0.273333
1.8696,19.1779,19.1779,1.92144,36.8494,34.9614,24.133,1.92144,0.243822
1.8698,18.9315,18.9315,1.70086,32.1999,34.9614,24.1182,1.70086,0.210701
1.87,17.4636,17.4636,2,34.9273,34.9614,24.1437,2.07308,0.27017
1.8702,16.3229,16.3229,1.79679,29.3288,34.9614,24.1248,1.79679,0.299223
1.8704,18.6511,18.6511,1.66117,30.9827,34.9614,24.1151,1.66117,0.273333
1.8706,18.3356,18.3356,1.95932,35.9254,34.9614,24.1358,1.95932,0.251813
1.8708,18.7397,18.7397,1.66924,31.2811,34.9614,24.116,1.66924,0.227632
1.871,17.517,17.517,2,35.034,34.9614,24.1441,2.08041,0.273169
1.8712,16.6175,16.6175,1.76407,29.3144,34.9614,24.1226,1.76407,0.290388
1.8714,18.5504,18.5504,1.72814,32.0576,34.9614,24.1197,1.72814,0.273333
1.8716,17.4886,17.4886,2,34.9772,34.9614,24.141,2.03469,0.273405
1.8718,16.2883,16.2883,1.83831,29.9429,34.9614,24.1278,1.83831,0.302003
1.872,18.3731,18.3731,1.66233,30.5422,34.9614,24.1152,1.66233,0.279561
1.8722,18.0764,18.0764,1.99035,35.9783,34.9614,24.1379,1.99035,0.263781
1.8724,17.1544,17.1544,1.83484,31.4756,34.9614,24.1274,1.83484,0.273333
1.8726,18.0892,18.0892,1.77639,32.1334,34.9614,24.1232,1.77639,0.273333
1.8728,6.01397,6.01397,2,12.0279,34.9614,24.2142,3.2463,0.566667
1.873,14.7253,14.7253,0.00908777,0.13382,34.9614,24.0032,0.00908777,0.416667
1.8732,20.7358,20.7358,1.51357,31.3852,34.9614,24.1044,1.51357,0.266667
1.8734,20.9438,20.9438,1.07717,22.5601,34.9614,24.0752,1.07717,0.116667
1.8736,17.9256,17.9256,2,35.8511,34.9614,24.1602,2.31445,0.273333
1.8738,10.7049,10.7049,2,21.4097,34.9614,24.1525,2.20714,0.416667
1.874,19.2028,19.2028,0.652974,12.5389,34.9614,24.0458,0.652974,0.326523
1.8742,19.2472,19.2472,2,38.4945,34.9614,24.1468,2.12648,0.267045
1.8744,16.4047,16.4047,1.88853,30.9809,34.9614,24.1314,1.88853,0.266667
1.8746,18.4122,18.4122,1.62449,29.9105,34.9614,24.1127,1.62449,0.273333
1.8748,18.0325,18.0325,2,36.065,34.9614,24.1404,2.02659,0.266667
1.875,17.1003,17.1003,1.80662,30.8938,34.9614,24.1256,1.80662,0.273386
1.8752,17.9864,17.9864,1.80886,32.5351,34.9614,24.1253,1.80886,0.278681
1.8754,14.4888,14.4888,2,28.9776,34.9614,24.1578,2.28037,0.354278
1.8756,18.6885,18.6885,1.04619,19.5517,34.9614,24.0731,1.04619,0.273333
1.8758,20.3224,20.3224,1.58078,32.1251,34.9614,24.1096,1.58078,0.200024
1.876,16.8692,16.8692,2,33.7384,34.9614,24.1565,2.2582,0.276232
1.8762,17.4721,17.4721,1.44775,25.2952,34.9614,24.1009,1.44775,0.2677
1.8764,20.3037,20.3037,1.52288,30.92,34.9614,24.1056,1.52288,0.204278
1.8766,17.1284,17.1284,2,34.2568,34.9614,24.1562,2.25492,0.273333
1.8768,15.8205,15.8205,1.65108,26.1211,34.9614,24.1149,1.65108,0.3055
1.877,16.1674,16.1674,2,32.3348,34.9614,24.1407,2.04133,0.35701
1.8772,18.4217,18.4217,1.46504,26.9885,34.9614,24.1018,1.46504,0.267646
1.8774,20.105,20.105,1.59587,32.085,34.9614,24.1107,1.59587,0.197952
1.8776,17.0219,17.0219,2,34.0438,34.9614,24.1544,2.22749,0.273333
1.8778,14.0502,14.0502,1.85156,26.0148,34.9614,24.1286,1.85156,0.35308
1.878,20.3982,20.3982,1.11573,22.7589,34.9614,24.0774,1.11573,0.250727
1.8782,18.0089,18.0089,2,36.0178,34.9614,24.1586,2.29412,0.272585
1.8784,15.3264,15.3264,1.75391,26.8811,34.9614,24.1222,1.75391,0.301439
1.8786,19.3065,19.3065,1.51284,29.2077,34.9614,24.1048,1.51284,0.273333
1.8788,19.6715,19.6715,1.72652,33.9633,34.9614,24.1198,1.72652,0.20308
1.879,15.2332,15.2332,2,30.4664,34.9614,24.1637,2.36602,0.316953
1.8792,18.2557,18.2557,1.09431,19.9774,34.9614,24.0765,1.09431,0.267248
1.8794,16.9808,16.9808,2,33.9616,34.9614,24.1743,2.53353,0.329999
1.8796,16.4788,16.4788,1.31066,21.5981,34.9614,24.0918,1.31066,0.273333
1.8798,19.6648,19.6648,1.81287,35.6498,34.9614,24.1253,1.81287,0.260325
1.88,15.6784,15.6784,2,31.3568,34.9614,24.1557,2.24739,0.300058
1.8802,18.0911,18.0911,1.26877,22.9534,34.9614,24.0885,1.26877,0.271645
1.8804,19.6092,19.6092,1.85224,36.321,34.9614,24.1282,1.85224,0.235376
1.8806,16.639,16.639,2,33.278,34.9614,24.1455,2.09744,0.273333
1.8808,16.8973,16.8973,1.63583,27.6411,34.9614,24.1137,1.63583,0.296526
1.881,18.5389,18.5389,1.85444,34.3793,34.9614,24.1283,1.85444,0.276351
1.8812,17.199,17.199,1.97483,33.9651,34.9614,24.137,1.97483,0.273767
1.8814,18.8286,18.8286,1.56513,29.4691,34.9614,24.1087,1.56513,0.243151
1.8816,17.695,17.695,2,35.39,34.9614,24.1478,2.13278,0.273333
1.8818,18.0641,18.0641,1.57276,28.4105,34.9614,24.1095,1.57276,0.246548
1.882,18.5589,18.5589,1.95972,36.3704,34.9614,24.1357,1.95972,0.259389
1.8822,16.9264,16.9264,1.92238,32.539,34.9614,24.1335,1.92238,0.273312
1.8824,17.8274,17.8274,1.71332,30.5439,34.9614,24.1189,1.71332,0.278642
1.8826,17.9459,17.9459,1.94311,34.8708,34.9614,24.1346,1.94311,0.273333
1.8828,17.352,17.352,1.84107,31.9461,34.9614,24.1279,1.84107,0.273333
1.883,6.31735,6.31735,2,12.6347,34.9614,24.2035,3.08508,0.566667
1.8832,15.3285,15.3285,0.0291388,0.446653,34.9614,24.0043,0.0291388,0.416667
1.8834,20.6456,20.6456,1.57452,32.507,34.9614,24.1086,1.57452,0.266667
1.8836,20.9143,20.9143,1.0903,22.8028,34.9614,24.0761,1.0903,0.116667
1.8838,17.9134,17.9134,2,35.8267,34.9614,24.1602,2.31418,0.273333
1.884,10.7208,10.7208,2,21.4416,34.9614,24.1526,2.20816,0.416667
1.8842,19.2895,19.2895,0.644359,12.4294,34.9614,24.0452,0.644359,0.324019
1.8844,19.1524,19.1524,2,38.3048,34.9614,24.1491,2.16033,0.270582
1.8846,20.2289,20.2289,1.2625,25.5391,34.9614,24.0881,1.2625,0.150099
1.8848,17.7439,17.7439,2,35.4879,34.9614,24.1581,2.28644,0.273333
1.885,16.8869,16.8869,1.57221,26.5498,34.9614,24.1096,1.57221,0.266667
1.8852,20.5531,20.5531,1.3642,28.0385,34.9614,24.0947,1.3642,0.196387
1.8854,17.3766,17.3766,2,34.7533,34.9614,24.1591,2.29897,0.27413
1.8856,15.7633,15.7633,1.64104,25.8683,34.9614,24.1143,1.64104,0.300099
1.8858,19.2642,19.2642,1.65008,31.7875,34.9614,24.1142,1.65008,0.273333
1.886,19.565,19.565,1.70651,33.3877,34.9614,24.1185,1.70651,0.201432
1.8862,17.5871,17.5871,2,35.1741,34.9614,24.1436,2.06884,0.257674
1.8864,17.263,17.263,1.70963,29.5134,34.9614,24.1189,1.70963,0.273392
1.8866,20.2715,20.2715,1.43267,29.0424,34.9614,24.0995,1.43267,0.200589
1.8868,17.3495,17.3495,2,34.6991,34.9614,24.1571,2.26993,0.273333
1.887,19.6278,19.6278,1.21477,23.8433,34.9614,24.0847,1.21477,0.198532
1.8872,14.6996,14.6996,2,29.3992,34.9614,24.1929,2.80274,0.364941
1.8874,17.3284,17.3284,0.728117,12.6171,34.9614,24.0518,0.728117,0.271405
1.8876,20.3056,20.3056,1.67582,34.0285,34.9614,24.1159,1.67582,0.233532
1.8878,16.7509,16.7509,2,33.5018,34.9614,24.1535,2.21476,0.273333
1.888,16.3534,16.3534,1.59335,26.0566,34.9614,24.1109,1.59335,0.300647
1.8882,18.0647,18.0647,1.91628,34.617,34.9614,24.1325,1.91628,0.301668
1.8884,17.4332,17.4332,1.86054,32.4352,34.9614,24.1291,1.86054,0.270889
1.8886,18.3337,18.3337,1.74322,31.9598,34.9614,24.121,1.74322,0.259945
1.8888,17.5758,17.5758,2,35.1516,34.9614,24.1382,2.00004,0.273333
1.889,20.8437,20.8437,1.06479,22.1942,34.9614,24.0743,1.06479,0.150647
1.8892,18.8961,18.8961,2,37.7922,34.9614,24.1442,2.08366,0.242915
1.8894,16.3675,16.3675,1.90452,31.1722,34.9614,24.1324,1.90452,0.274912
1.8896,18.2017,18.2017,1.63357,29.7337,34.9614,24.1133,1.63357,0.278829
1.8898,17.8942,17.8942,2,35.7884,34.9614,24.1406,2.03067,0.273333
1.89,18.8861,18.8861,1.56262,29.5118,34.9614,24.1087,1.56262,0.226288
1.8902,19.3628,19.3628,1.80202,34.8921,34.9614,24.125,1.80202,0.219235
1.8904,16.8868,16.8868,2,33.7735,34.9614,24.1453,2.09506,0.273197
1.8906,18.325,18.325,1.50022,27.4914,34.9614,24.1044,1.50022,0.25515
1.8908,18.1065,18.1065,2,36.213,34.9614,24.1449,2.09418,0.273333
1.891,15.0276,15.0276,1.97631,29.6992,34.9614,24.1372,1.97631,0.32022
1.8912,17.4722,17.4722,1.51631,26.4934,34.9614,24.1052,1.51631,0.31589
1.8914,18.7194,18.7194,1.94668,36.4407,34.9614,24.1347,1.94668,0.26745
1.8916,16.9665,16.9665,1.93555,32.8396,34.9614,24.1344,1.93555,0.271052
1.8918,17.9779,17.9779,1.68842,30.3542,34.9614,24.1172,1.68842,0.273333
1.892,20.5778,20.5778,1.31324,27.0236,34.9614,24.0913,1.31324,0.17022
1.8922,18.2541,18.2541,2,36.5081,34.9614,24.1492,2.15269,0.251321
1.8924,16.6949,16.6949,1.75882,29.3633,34.9614,24.1224,1.75882,0.27189
1.8926,18.5481,18.5481,1.73957,32.2657,34.9614,24.1205,1.73957,0.272403
1.8928,17.4747,17.4747,2,34.9494,34.9614,24.1407,2.02808,0.273333
1.893,17.4283,17.4283,1.71655,29.9166,34.9614,24.1193,1.71655,0.273333
1.8932,6.59435,6.59435,2,13.1887,34.9614,24.2097,3.17604,0.566667
1.8934,15.0126,15.0126,0.0177821,0.266956,34.9614,24.0037,0.0177821,0.416667
1.8936,20.6922,20.6922,1.54396,31.9481,34.9614,24.1065,1.54396,0.266667
1.8938,20.9299,20.9299,1.08338,22.675,34.9614,24.0756,1.08338,0.116667
1.894,17.9181,17.9181,2,35.8361,34.9614,24.16,2.31471,0.273333
1.8942,10.7084,10.7084,2,21.4168,34.9614,24.1525,2.20891,0.416667
1.8944,20.4816,20.4816,0.479784,9.82675,34.9614,24.0338,0.479784,0.28718
1.8946,18.939,18.939,2,37.878,34.9614,24.155,2.24752,0.279234
1.8948,16.2645,16.2645,1.77737,28.908,34.9614,24.1238,1.77737,0.266667
1.895,18.7287,18.7287,1.66221,31.131,34.9614,24.1152,1.66221,0.273333
1.8952,17.7845,17.7845,2,35.5691,34.9614,24.1419,2.04771,0.266667
1.8954,19.6142,19.6142,1.42232,27.8977,34.9614,24.0989,1.42232,0.203668
1.8956,17.4954,17.4954,2,34.9908,34.9614,24.1562,2.25799,0.277026
1.8958,14.0923,14.0923,1.86322,26.257,34.9614,24.1294,1.86322,0.342504
1.896,19.7754,19.7754,1.23454,24.4135,34.9614,24.0856,1.23454,0.273333
1.8962,19.9242,19.9242,1.70644,33.9993,34.9614,24.1184,1.70644,0.199641
1.8964,16.1043,16.1043,2,32.2086,34.9614,24.1578,2.27883,0.292738
1.8966,17.5567,17.5567,1.3409,23.5417,34.9614,24.0935,1.3409,0.276578
1.8968,18.8254,18.8254,2,37.6509,34.9614,24.1406,2.03517,0.271545
1.897,16.6117,16.6117,1.91692,31.8433,34.9614,24.1332,1.91692,0.273333
1.8972,17.2655,17.2655,1.75279,30.2628,34.9614,24.1215,1.75279,0.29903
1.8974,21.0787,21.0787,0.995171,20.9769,34.9614,24.0694,0.995171,0.1452
1.8976,17.9132,17.9132,2,35.8263,34.9614,24.1623,2.3491,0.277868
1.8978,17.7928,17.7928,1.43095,25.4607,34.9614,24.0999,1.43095,0.236446
1.898,18.5086,18.5086,2,37.0171,34.9614,24.1418,2.05084,0.273333
1.8982,17.1575,17.1575,1.81435,31.1297,34.9614,24.1262,1.81435,0.262787
1.8984,21.3311,21.3311,0.784426,16.7327,34.9614,24.0549,0.784426,0.122901
1.8986,18.4834,18.4834,2,36.9668,34.9614,24.1573,2.27768,0.271847
1.8988,15.5807,15.5807,1.78605,27.8279,34.9614,24.1245,1.78605,0.28891
1.899,19.1042,19.1042,1.54211,29.4607,34.9614,24.1068,1.54211,0.273333
1.8992,17.9402,17.9402,2,35.8804,34.9614,24.1463,2.11197,0.264013
1.8994,16.9655,16.9655,1.73639,29.4587,34.9614,24.1207,1.73639,0.272901
1.8996,18.4526,18.4526,1.79227,33.0721,34.9614,24.1241,1.79227,0.271918
1.8998,18.0715,18.0715,1.90191,34.3705,34.9614,24.1319,1.90191,0.255384
1.9,17.3764,17.3764,1.88059,32.6778,34.9614,24.1306,1.88059,0.273333
1.9002,17.7836,17.7836,1.79389,31.9019,34.9614,24.1244,1.79389,0.274918
1.9004,19.5198,19.5198,1.61723,31.568,34.9614,24.1122,1.61723,0.220177
1.9006,16.8467,16.8467,2,33.6934,34.9614,24.1548,2.23591,0.283867
1.9008,16.3945,16.3945,1.58105,25.9206,34.9614,24.1101,1.58105,0.296665
1.901,19.0208,19.0208,1.78445,33.9417,34.9614,24.1234,1.78445,0.273333
1.9012,17.6275,17.6275,1.99373,35.1443,34.9614,24.1384,1.99373,0.259342
1.9014,16.8663,16.8663,1.82611,30.7998,34.9614,24.1268,1.82611,0.28804
1.9016,18.2801,18.2801,1.73345,31.6876,34.9614,24.1202,1.73345,0.273038
1.9018,16.8285,16.8285,2,33.6571,34.9614,24.1456,2.10001,0.294656
1.902,17.6672,17.6672,1.56497,27.6486,34.9614,24.1089,1.56497,0.273333
1.9022,18.2736,18.2736,1.99669,36.4868,34.9614,24.1382,1.99669,0.274868
1.9024,17.2879,17.2879,1.82913,31.6218,34.9614,24.1271,1.82913,0.266343
1.9026,18.0513,18.0513,1.7956,32.4128,34.9614,24.1245,1.7956,0.27232
1.9028,18.1105,18.1105,1.87064,33.8781,34.9614,24.1297,1.87064,0.260252
1.903,17.4187,17.4187,1.90554,33.1921,34.9614,24.1322,1.90554,0.273333
1.9032,17.7676,17.7676,1.78016,31.6293,34.9614,24.1235,1.78016,0.273333
1.9034,6.21155,6.21155,2,12.4231,34.9614,24.2106,3.19213,0.566667
1.9036,14.9325,14.9325,0.0153774,0.229622,34.9614,24.0035,0.0153774,0.416667
1.9038,20.7043,20.7043,1.5353,31.7873,34.9614,24.1059,1.5353,0.266667
1.904,20.9352,20.9352,1.08041,22.6185,34.9614,24.0754,1.08041,0.116667
1.9042,17.9224,17.9224,2,35.8448,34.9614,24.1601,2.31644,0.273333
1.9044,10.6834,10.6834,2,21.3668,34.9614,24.1526,2.20872,0.416667
1.9046,19.3439,19.3439,0.631731,12.2201,34.9614,24.0444,0.631731,0.322775
1.9048,19.021,19.021,2,38.0421,34.9614,24.1523,2.20765,0.276046
1.905,20.3892,20.3892,1.18606,24.1828,34.9614,24.0828,1.18606,0.142786
1.9052,17.8501,17.8501,2,35.7002,34.9614,24.1589,2.29814,0.273333
1.9054,16.7829,16.7829,1.58164,26.5445,34.9614,24.1103,1.58164,0.266667
1.9056,19.3691,19.3691,1.73887,33.6804,34.9614,24.1204,1.73887,0.254096
1.9058,16.7885,16.7885,2,33.577,34.9614,24.1493,2.15136,0.279844
1.906,20.7776,20.7776,0.9901,20.5719,34.9614,24.0691,0.9901,0.165755
1.9062,18.1347,18.1347,2,36.2694,34.9614,24.1594,2.30645,0.273333
1.9064,19.2137,19.2137,1.30989,25.1679,34.9614,24.0914,1.30989,0.196063
1.9066,16.4035,16.4035,2,32.807,34.9614,24.1724,2.49969,0.319381
1.9068,16.7903,16.7903,1.2468,20.9341,34.9614,24.0873,1.2468,0.276668
1.907,20.9876,20.9876,1.15459,24.232,34.9614,24.0803,1.15459,0.175135
1.9072,17.7499,17.7499,2,35.4998,34.9614,24.1602,2.31736,0.273333
1.9074,18.8498,18.8498,1.32075,24.8959,34.9614,24.0922,1.32075,0.21259
1.9076,17.3145,17.3145,2,34.6289,34.9614,24.1622,2.34693,0.298471
1.9078,16.7451,16.7451,1.48913,24.9355,34.9614,24.1039,1.48913,0.273355
1.908,19.1358,19.1358,1.85129,35.4259,34.9614,24.128,1.85129,0.267675
1.9082,16.879,16.879,2,33.7581,34.9614,24.1422,2.04945,0.273333
1.9084,17.8481,17.8481,1.59576,28.4813,34.9614,24.1109,1.59576,0.270891
1.9086,18.1037,18.1037,2,36.2074,34.9614,24.1392,2.01122,0.275127
1.9088,17.1269,17.1269,1.82075,31.1839,34.9614,24.1265,1.82075,0.272288
1.909,16.3807,16.3807,1.98881,32.5782,34.9614,24.1376,1.98881,0.319151
1.9092,18.2027,18.2027,1.55959,28.3886,34.9614,24.1083,1.55959,0.273333
1.9094,20.2497,20.2497,1.50625,30.5012,34.9614,24.1046,1.50625,0.190247
1.9096,17.6196,17.6196,2,35.2392,34.9614,24.1512,2.18127,0.261108
1.9098,16.7497,16.7497,1.66858,27.9482,34.9614,24.1161,1.66858,0.278647
1.91,17.506,17.506,1.95723,34.2633,34.9614,24.1353,1.95723,0.305754
1.9102,17.5865,17.5865,1.76591,31.0562,34.9614,24.1226,1.76591,0.273333
1.9104,20.8359,20.8359,1.14944,23.9497,34.9614,24.0801,1.14944,0.157563
1.9106,16.828,16.828,2,33.6561,34.9614,24.1724,2.49694,0.30107
1.9108,16.5039,16.5039,1.32651,21.8926,34.9614,24.0929,1.32651,0.277709
1.911,20.534,20.534,1.44803,29.7339,34.9614,24.1004,1.44803,0.212553
1.9112,17.219,17.219,2,34.4379,34.9614,24.1577,2.27745,0.273333
1.9114,15.6159,15.6159,1.66165,25.9482,34.9614,24.1157,1.66165,0.307563
1.9116,18.2651,18.2651,1.76675,32.2699,34.9614,24.1221,1.76675,0.304676
1.9118,17.7693,17.7693,1.9537,34.7159,34.9614,24.1354,1.9537,0.267961
1.912,15.388,15.388,2,30.7759,34.9614,24.1411,2.03417,0.325425
1.9122,18.7074,18.7074,1.35978,25.438,34.9614,24.0945,1.35978,0.273333
1.9124,18.2029,18.2029,2,36.4058,34.9614,24.1498,2.16652,0.27192
1.9126,16.9093,16.9093,1.71685,29.0308,34.9614,24.1195,1.71685,0.266408
1.9128,18.327,18.327,1.82343,33.418,34.9614,24.1263,1.82343,0.277511
1.913,16.6861,16.6861,2,33.3722,34.9614,24.1419,2.04833,0.292145
1.9132,17.873,17.873,1.57402,28.1323,34.9614,24.1094,1.57402,0.273333
1.9134,18.2083,18.2083,2,36.4167,34.9614,24.1392,2.01246,0.273333
1.9136,5.30725,5.30725,2,10.6145,34.9614,24.2048,3.1101,0.566667
1.9138,15.0947,15.0947,0.0203435,0.307079,34.9614,24.0038,0.0203435,0.416667
1.914,20.6788,20.6788,1.55261,32.1062,34.9614,24.1071,1.55261,0.266667
1.9142,20.9258,20.9258,1.08507,22.7059,34.9614,24.0757,1.08507,0.116667
1.9144,17.9143,17.9143,2,35.8286,34.9614,24.1601,2.31594,0.273333
1.9146,10.7069,10.7069,2,21.4137,34.9614,24.1525,2.20797,0.416667
1.9148,18.4987,18.4987,0.730574,13.5147,34.9614,24.0512,0.730574,0.345351
1.915,19.0531,19.0531,2,38.1062,34.9614,24.1515,2.19582,0.278664
1.9152,16.32,16.32,1.82435,29.7734,34.9614,24.1272,1.82435,0.266667
1.9154,18.5998,18.5998,1.64527,30.6015,34.9614,24.114,1.64527,0.273333
1.9156,17.8821,17.8821,2,35.7641,34.9614,24.1415,2.04241,0.266667
1.9158,17.0448,17.0448,1.78366,30.4021,34.9614,24.1239,1.78366,0.276023
1.916,17.8935,17.8935,1.83413,32.8191,34.9614,24.1271,1.83413,0.283333
1.9162,14.9472,14.9472,2,29.8944,34.9614,24.1524,2.20097,0.342607
1.9164,18.5949,18.5949,1.17742,21.894,34.9614,24.0821,1.17742,0.273333
1.9166,20.3772,20.3772,1.52912,31.1592,34.9614,24.1061,1.52912,0.192037
1.9168,17.8971,17.8971,2,35.7942,34.9614,24.1472,2.12283,0.250288
1.917,17.0086,17.0086,1.71785,29.2183,34.9614,24.1195,1.71785,0.27182
1.9172,19.8505,19.8505,1.54997,30.7677,34.9614,24.1075,1.54997,0.22482
1.9174,17.2389,17.2389,2,34.4777,34.9614,24.1539,2.2225,0.273333
1.9176,15.9298,15.9298,1.68212,26.7959,34.9614,24.117,1.68212,0.303279
1.9178,19.1476,19.1476,1.65084,31.6096,34.9614,24.1143,1.65084,0.27186
1.918,17.0986,17.0986,2,34.1972,34.9614,24.1503,2.1695,0.279801
1.9182,18.5882,18.5882,1.42118,26.4171,34.9614,24.099,1.42118,0.239686
1.9184,18.1115,18.1115,2,36.2231,34.9614,24.1485,2.14728,0.273333
1.9186,16.1249,16.1249,1.81202,29.2186,34.9614,24.126,1.81202,0.28921
1.9188,16.8955,16.8955,1.8419,31.12,34.9614,24.1274,1.8419,0.322817
1.919,18.1339,18.1339,1.74309,31.6089,34.9614,24.1209,1.74309,0.275828
1.9192,17.7529,17.7529,1.96581,34.8987,34.9614,24.1362,1.96581,0.271957
1.9194,17.4079,17.4079,1.79941,31.3239,34.9614,24.1249,1.79941,0.273333
1.9196,19.5749,19.5749,1.58265,30.9802,34.9614,24.1098,1.58265,0.224628
1.9198,15.6291,15.6291,2,31.2582,34.9614,24.1678,2.42307,0.317394
1.92,17.5255,17.5255,1.16259,20.3749,34.9614,24.0814,1.16259,0.275803
1.9202,18.6975,18.6975,2,37.395,34.9614,24.149,2.1585,0.285247
1.9204,16.3688,16.3688,1.82417,29.8596,34.9614,24.127,1.82417,0.273333
1.9206,19.5533,19.5533,1.50169,29.363,34.9614,24.1042,1.50169,0.242612
1.9208,14.7847,14.7847,2,29.5694,34.9614,24.1787,2.58653,0.344644
1.921,17.6218,17.6218,0.90903,16.0187,34.9614,24.064,0.90903,0.276475
1.9212,19.0997,19.0997,2,38.1994,34.9614,24.1484,2.15096,0.280824
1.9214,16.1676,16.1676,1.88304,30.4444,34.9614,24.131,1.88304,0.273333
1.9216,17.6988,17.6988,1.69144,29.9364,34.9614,24.1172,1.69144,0.29676
1.9218,18.2738,18.2738,1.90582,34.8266,34.9614,24.1321,1.90582,0.267335
1.922,17.0513,17.0513,1.93016,32.9117,34.9614,24.1339,1.93016,0.278343
1.9222,18.2438,18.2438,1.66766,30.4244,34.9614,24.1157,1.66766,0.264863
1.9224,17.8025,17.8025,2,35.605,34.9614,24.1401,2.02249,0.273333
1.9226,18.2815,18.2815,1.64723,30.1139,34.9614,24.1145,1.64723,0.245598
1.9228,16.8491,16.8491,2,33.6983,34.9614,24.15,2.16924,0.299806
1.923,17.6166,17.6166,1.51028,26.606,34.9614,24.1052,1.51028,0.269814
1.9232,18.0116,18.0116,2,36.0233,34.9614,24.1436,2.07704,0.286923
1.9234,16.9901,16.9901,1.77283,30.1205,34.9614,24.1232,1.77283,0.273333
1.9236,18.3142,18.3142,1.78361,32.6654,34.9614,24.1236,1.78361,0.273333
1.9238,5.85167,5.85167,2,11.7033,34.9614,24.2163,3.28088,0.566667
1.924,14.5841,14.5841,0.004754,0.069333,34.9614,24.0029,0.004754,0.416667
1.9242,20.756,20.756,1.50028,31.1398,34.9614,24.1035,1.50028,0.266667
1.9244,20.9504,20.9504,1.07402,22.501,34.9614,24.0749,1.07402,0.116667
1.9246,17.9342,17.9342,2,35.8684,34.9614,24.1599,2.3136,0.273333
1.9248,10.6867,10.6867,2,21.3734,34.9614,24.1529,2.2157,0.416667
1.925,18.0153,18.0153,0.774995,13.9618,34.9614,24.0542,0.774995,0.35783
1.9252,19.319,19.319,2,38.638,34.9614,24.1453,2.10438,0.271983
1.9254,20.7383,20.7383,1.0948,22.7044,34.9614,24.0764,1.0948,0.122484
1.9256,17.9386,17.9386,2,35.8772,34.9614,24.1598,2.31046,0.273333
1.9258,14.08,14.08,1.86079,26.1999,34.9614,24.1296,1.86079,0.332556
1.926,21.1313,21.1313,0.858925,18.1502,34.9614,24.0598,0.858925,0.20783
1.9262,18.2236,18.2236,2,36.4471,34.9614,24.1606,2.32558,0.276872
1.9264,17.0101,17.0101,1.56834,26.6776,34.9614,24.1094,1.56834,0.253717
1.9266,18.6971,18.6971,1.88877,35.3145,34.9614,24.1307,1.88877,0.273333
1.9268,18.6548,18.6548,1.75232,32.6893,34.9614,24.1218,1.75232,0.228507
1.927,19.0593,19.0593,1.76884,33.7128,34.9614,24.1228,1.76884,0.223851
1.9272,16.9654,16.9654,2,33.9309,34.9614,24.1451,2.09352,0.277909
1.9274,15.3875,15.3875,1.82785,28.126,34.9614,24.1269,1.82785,0.329308
1.9276,19.1291,19.1291,1.48377,28.3832,34.9614,24.1029,1.48377,0.273333
1.9278,18.3286,18.3286,2,36.6572,34.9614,24.1438,2.07519,0.255296
1.928,14.7449,14.7449,2,29.4897,34.9614,24.142,2.04384,0.324948
1.9282,19.1656,19.1656,1.22837,23.5425,34.9614,24.0854,1.22837,0.270545
1.9284,18.2715,18.2715,2,36.5431,34.9614,24.153,2.21349,0.271115
1.9286,16.4819,16.4819,1.72875,28.4931,34.9614,24.1205,1.72875,0.273333
1.9288,18.8682,18.8682,1.69989,32.0738,34.9614,24.1177,1.69989,0.268229
1.929,20.224,20.224,1.4659,29.6464,34.9614,24.1019,1.4659,0.174948
1.9292,17.4393,17.4393,2,34.8785,34.9614,24.1551,2.23809,0.269295
1.9294,18.0208,18.0208,1.45951,26.3015,34.9614,24.1017,1.45951,0.24541
1.9296,18.3364,18.3364,2,36.6727,34.9614,24.1433,2.07256,0.273333
1.9298,16.5704,16.5704,1.84617,30.5918,34.9614,24.1283,1.84617,0.278893
1.93,16.4546,16.4546,1.9036,31.3229,34.9614,24.1317,1.9036,0.324948
1.9302,18.1568,18.1568,1.64656,29.8964,34.9614,24.1142,1.64656,0.278749
1.9304,17.7889,17.7889,2,35.5778,34.9614,24.1409,2.03522,0.276507
1.9306,17.2157,17.2157,1.76207,30.3352,34.9614,24.1225,1.76207,0.273333
1.9308,18.3025,18.3025,1.81326,33.1871,34.9614,24.1257,1.81326,0.270396
1.931,16.0597,16.0597,2,32.1193,34.9614,24.1472,2.12677,0.309343
1.9312,18.1003,18.1003,1.41671,25.6429,34.9614,24.0986,1.41671,0.272857
1.9314,18.2142,18.2142,2,36.4283,34.9614,24.1467,2.12293,0.278006
1.9316,16.7439,16.7439,1.7744,29.7104,34.9614,24.1236,1.7744,0.273333
1.9318,18.7878,18.7878,1.69741,31.8906,34.9614,24.1176,1.69741,0.263533
1.932,19.7174,19.7174,1.64254,32.3866,34.9614,24.114,1.64254,0.199914
1.9322,17.2961,17.2961,2,34.5921,34.9614,24.1495,2.15695,0.268096
1.9324,17.2161,17.2161,1.60943,27.708,34.9614,24.112,1.60943,0.273327
1.9326,18.5089,18.5089,1.9004,35.1743,34.9614,24.1315,1.9004,0.273333
1.9328,17.1698,17.1698,1.93671,33.253,34.9614,24.1344,1.93671,0.272035
1.933,20.6061,20.6061,1.19016,24.5245,34.9614,24.0829,1.19016,0.175722
1.9332,17.7226,17.7226,2,35.4452,34.9614,24.1602,2.31513,0.274932
1.9334,16.7047,16.7047,1.56453,26.135,34.9614,24.1091,1.56453,0.270258
1.9336,18.8733,18.8733,1.84331,34.7893,34.9614,24.1275,1.84331,0.273333
1.9338,17.0599,17.0599,2,34.1199,34.9614,24.1402,2.01938,0.273333
1.934,6.02863,6.02863,2,12.0573,34.9614,24.1928,2.9154,0.566667
1.9342,15.8947,15.8947,0.0640853,1.01861,34.9614,24.0065,0.0640853,0.416667
1.9344,20.5525,20.5525,1.63197,33.541,34.9614,24.1126,1.63197,0.266667
1.9346,20.8878,20.8878,1.10031,22.9832,34.9614,24.0768,1.10031,0.116667
1.9348,17.8962,17.8962,2,35.7925,34.9614,24.1599,2.31289,0.273333
1.935,10.7076,10.7076,2,21.4152,34.9614,24.1524,2.20631,0.416667
1.9352,20.9142,20.9142,0.400598,8.37821,34.9614,24.0283,0.400598,0.270289
1.9354,19.1836,19.1836,2,38.3672,34.9614,24.1499,2.17133,0.271638
1.9356,16.3129,16.3129,1.85975,30.338,34.9614,24.1294,1.85975,0.266667
1.9358,18.5279,18.5279,1.62636,30.133,34.9614,24.1127,1.62636,0.273333
1.936,15.9655,15.9655,2,31.9311,34.9614,24.1597,2.30741,0.320264
1.9362,12.6278,12.6278,1.81537,22.9242,34.9614,24.1258,1.81537,0.40115
1.9364,20.4792,20.4792,1.00331,20.547,34.9614,24.0696,1.00331,0.275309
1.9366,15.4546,15.4546,2,30.9092,34.9614,24.1934,2.8094,0.351217
1.9368,16.7381,16.7381,0.862234,14.4322,34.9614,24.0611,0.862234,0.273333
1.937,20.6517,20.6517,1.45221,29.9907,34.9614,24.1006,1.45221,0.214657
1.9372,14.2013,14.2013,2,28.4026,34.9614,24.1867,2.70485,0.350577
1.9374,17.7909,17.7909,0.720597,12.8201,34.9614,24.0511,0.720597,0.274416
1.9376,20.7,20.7,1.40918,29.1699,34.9614,24.0977,1.40918,0.201217
1.9378,17.2648,17.2648,2,34.5296,34.9614,24.1588,2.29041,0.273333
1.938,13.2557,13.2557,1.89727,25.1496,34.9614,24.1316,1.89727,0.364657
1.9382,21.0115,21.0115,0.838497,17.6181,34.9614,24.0584,0.838497,0.232021
1.9384,18.5461,18.5461,2,37.0922,34.9614,24.1554,2.24856,0.267711
1.9386,17.219,17.219,1.64218,28.2767,34.9614,24.1144,1.64218,0.248059
1.9388,18.4441,18.4441,1.88653,34.7954,34.9614,24.1306,1.88653,0.273333
1.939,16.1374,16.1374,2,32.2748,34.9614,24.1434,2.06576,0.300323
1.9392,13.9024,13.9024,1.92656,26.7837,34.9614,24.1332,1.92656,0.382021
1.9394,19.7625,19.7625,1.16377,22.9989,34.9614,24.0808,1.16377,0.273499
1.9396,17.1705,17.1705,2,34.3411,34.9614,24.1694,2.45163,0.300781
1.9398,16.5703,16.5703,1.39641,23.1389,34.9614,24.0977,1.39641,0.273333
1.94,19.8293,19.8293,1.72049,34.1161,34.9614,24.1191,1.72049,0.24787
1.9402,12.1167,12.1167,2,24.2334,34.9614,24.1886,2.73835,0.393576
1.9404,19.0802,19.0802,0.323831,6.17876,34.9614,24.0236,0.323831,0.272369
1.9406,20.6127,20.6127,1.49158,30.7456,34.9614,24.1033,1.49158,0.21359
1.9408,17.0913,17.0913,2,34.1827,34.9614,24.1576,2.27577,0.273333
1.941,18.1627,18.1627,1.37659,25.0027,34.9614,24.096,1.37659,0.244935
1.9412,19.2626,19.2626,1.91556,36.8987,34.9614,24.1326,1.91556,0.243576
1.9414,17.0181,17.0181,1.98623,33.8019,34.9614,24.1379,1.98623,0.264072
1.9416,16.0674,16.0674,1.8585,29.8611,34.9614,24.1289,1.8585,0.318222
1.9418,18.6824,18.6824,1.58413,29.5953,34.9614,24.1098,1.58413,0.273333
1.942,16.9991,16.9991,2,33.9982,34.9614,24.1535,2.21568,0.293524
1.9422,19.4986,19.4986,1.24937,24.361,34.9614,24.0871,1.24937,0.211825
1.9424,17.7734,17.7734,2,35.5469,34.9614,24.159,2.30003,0.28082
1.9426,14.5586,14.5586,1.80528,26.2822,34.9614,24.1256,1.80528,0.323647
1.9428,19.6328,19.6328,1.34858,26.4763,34.9614,24.0934,1.34858,0.273333
1.943,19.9166,19.9166,1.68303,33.5203,34.9614,24.1168,1.68303,0.195944
1.9432,14.285,14.285,2,28.57,34.9614,24.1739,2.51749,0.340405
1.9434,18.4636,18.4636,0.829954,15.324,34.9614,24.0584,0.829954,0.267506
1.9436,20.3145,20.3145,1.62547,33.0205,34.9614,24.1126,1.62547,0.213083
1.9438,16.8738,16.8738,2,33.7477,34.9614,24.1548,2.23045,0.273333
1.944,17.317,17.317,1.49172,25.8321,34.9614,24.104,1.49172,0.273333
1.9442,7.26864,7.26864,2,14.5373,34.9614,24.2177,3.3077,0.566667
1.9444,14.5069,14.5069,0.00244019,0.0353996,34.9614,24.0028,0.00244019,0.416667
1.9446,20.7664,20.7664,1.49232,30.9902,34.9614,24.103,1.49232,0.266667
1.9448,20.9558,20.9558,1.07155,22.4552,34.9614,24.0748,1.07155,0.116667
1.945,17.9396,17.9396,2,35.8791,34.9614,24.1601,2.31426,0.273333
1.9452,10.6943,10.6943,2,21.3886,34.9614,24.1523,2.21117,0.416667
1.9454,17.2901,17.2901,0.857225,14.8215,34.9614,24.0599,0.857225,0.376518
1.9456,19.349,19.349,2,38.698,34.9614,24.1442,2.09159,0.277983
1.9458,16.4311,16.4311,1.92024,31.5517,34.9614,24.1336,1.92024,0.266667
1.946,18.3355,18.3355,1.60935,29.5081,34.9614,24.1117,1.60935,0.273333
1.9462,18.0959,18.0959,2,36.1917,34.9614,24.1402,2.0244,0.266667
1.9464,16.527,16.527,1.87521,30.9917,34.9614,24.1302,1.87521,0.28703
1.9466,18.3075,18.3075,1.65884,30.3692,34.9614,24.115,1.65884,0.275104
1.9468,14.7287,14.7287,2,29.4575,34.9614,24.1665,2.41421,0.353147
1.947,18.2276,18.2276,1.00091,18.2442,34.9614,24.0701,1.00091,0.273333
1.9472,20.4304,20.4304,1.53683,31.3981,34.9614,24.1066,1.53683,0.201341
1.9474,11.6496,11.6496,2,23.2993,34.9614,24.2024,2.95533,0.4112
1.9476,18.9304,18.9304,0.0899201,1.70223,34.9614,24.0077,0.0899201,0.27045
1.9478,17.3569,17.3569,2,34.7138,34.9614,24.1956,2.85562,0.370283
1.948,15.4018,15.4018,1.16285,17.9101,34.9614,24.082,1.16285,0.273333
1.9482,20.4743,20.4743,1.53132,31.3527,34.9614,24.1059,1.53132,0.24379
1.9484,17.4746,17.4746,2,34.9492,34.9614,24.1519,2.19164,0.2612
1.9486,17.2051,17.2051,1.59709,27.4781,34.9614,24.1112,1.59709,0.268842
1.9488,19.9823,19.9823,1.58686,31.7091,34.9614,24.11,1.58686,0.220283
1.949,17.0988,17.0988,2,34.1976,34.9614,24.154,2.22211,0.273333
1.9492,17.3978,17.3978,1.51284,26.3201,34.9614,24.1054,1.51284,0.268382
1.9494,20.5567,20.5567,1.37837,28.3347,34.9614,24.0957,1.37837,0.187911
1.9496,17.5143,17.5143,2,35.0285,34.9614,24.1569,2.26645,0.269332
1.9498,12.9469,12.9469,1.98117,25.6501,34.9614,24.1376,1.98117,0.370283
1.95,20.1541,20.1541,0.957359,19.2947,34.9614,24.0665,0.957359,0.273333
1.9502,17.9227,17.9227,2,35.8453,34.9614,24.1647,2.38326,0.287224
1.9504,15.0567,15.0567,1.68991,25.4445,34.9614,24.1178,1.68991,0.303521
1.9506,19.5201,19.5201,1.50765,29.4295,34.9614,24.1044,1.50765,0.274583
1.9508,11.3394,11.3394,2,22.6787,34.9614,24.2045,2.99031,0.431125
1.951,18.9157,18.9157,0.0397234,0.751395,34.9614,24.0042,0.0397234,0.273333
1.9512,19.948,19.948,1.93849,38.669,34.9614,24.1337,1.93849,0.270704
1.9514,13.6393,13.6393,2,27.2787,34.9614,24.1657,2.38998,0.33921
1.9516,19.1091,19.1091,0.806478,15.4111,34.9614,24.0566,0.806478,0.268918
1.9518,18.6902,18.6902,2,37.3804,34.9614,24.1567,2.26784,0.281125
1.952,16.082,16.082,1.75891,28.2868,34.9614,24.1226,1.75891,0.273333
1.9522,19.2904,19.2904,1.57724,30.4256,34.9614,24.1093,1.57724,0.260171
1.9524,19.9112,19.9112,1.62335,32.3229,34.9614,24.1127,1.62335,0.18921
1.9526,17.0269,17.0269,2,34.0539,34.9614,24.1531,2.20898,0.273806
1.9528,19.9443,19.9443,1.18144,23.563,34.9614,24.0824,1.18144,0.196343
1.953,17.9932,17.9932,2,35.9864,34.9614,24.1576,2.27982,0.273333
1.9532,16.8791,16.8791,1.60195,27.0394,34.9614,24.1117,1.60195,0.263448
1.9534,18.0476,18.0476,1.95304,35.2475,34.9614,24.135,1.95304,0.29293
1.9536,17.1682,17.1682,1.86156,31.9595,34.9614,24.1292,1.86156,0.275834
1.9538,20.2421,20.2421,1.35913,27.5116,34.9614,24.0944,1.35913,0.19806
1.954,17.5175,17.5175,2,35.035,34.9614,24.1578,2.28056,0.273333
1.9542,16.779,16.779,1.56542,26.2662,34.9614,24.1091,1.56542,0.273333
1.9544,7.41736,7.41736,2,14.8347,34.9614,24.2083,3.17362,0.566667
1.9546,14.965,14.965,0.016403,0.245472,34.9614,24.0036,0.016403,0.416667
1.9548,20.6981,20.6981,1.54006,31.8764,34.9614,24.1063,1.54006,0.266667
1.955,20.9319,20.9319,1.08218,22.6521,34.9614,24.0755,1.08218,0.116667
1.9552,17.9147,17.9147,2,35.8294,34.9614,24.16,2.31489,0.273333
1.9554,9.7729,9.7729,2,19.5458,34.9614,24.1588,2.30757,0.439934
1.9556,20.945,20.945,0.274734,5.7543,34.9614,24.0197,0.274734,0.266667
1.9558,19.3183,19.3183,2,38.6367,34.9614,24.1481,2.14687,0.273519
1.956,16.2958,16.2958,1.88621,30.7372,34.9614,24.1313,1.88621,0.266667
1.9562,18.4841,18.4841,1.60679,29.7001,34.9614,24.1114,1.60679,0.273333
1.9564,16.0068,16.0068,2,32.0137,34.9614,24.1601,2.31741,0.321272
1.9566,20.1035,20.1035,0.974826,19.5975,34.9614,24.0681,0.974826,0.202695
1.9568,18.2276,18.2276,2,36.4553,34.9614,24.1593,2.30588,0.276667
1.957,13.3065,13.3065,1.97489,26.2789,34.9614,24.1371,1.97489,0.347534
1.9572,19.9874,19.9874,1.02688,20.5245,34.9614,24.0714,1.02688,0.273333
1.9574,18.6384,18.6384,2,37.2768,34.9614,24.1511,2.18601,0.261058
1.9576,18.3904,18.3904,1.5619,28.7239,34.9614,24.1088,1.5619,0.219464
1.9578,17.8592,17.8592,2,35.7185,34.9614,24.145,2.0962,0.27576
1.958,18.322,18.322,1.58498,29.04,34.9614,24.1103,1.58498,0.239203
1.9582,17.9324,17.9324,2,35.8648,34.9614,24.1431,2.06712,0.273333
1.9584,18.0405,18.0405,1.65117,29.7879,34.9614,24.1148,1.65117,0.247542
1.9586,15.6272,15.6272,2,31.2544,34.9614,24.1587,2.29714,0.33473
1.9588,18.017,18.017,1.22426,22.0574,34.9614,24.0855,1.22426,0.271432
1.959,20.3362,20.3362,1.55504,31.6235,34.9614,24.1078,1.55504,0.201104
1.9592,17.0385,17.0385,2,34.0771,34.9614,24.1559,2.24904,0.273333
1.9594,16.7137,16.7137,1.55501,25.9901,34.9614,24.1083,1.55501,0.285003
1.9596,19.3086,19.3086,1.76735,34.1251,34.9614,24.1223,1.76735,0.259045
1.9598,16.7036,16.7036,2,33.4072,34.9614,24.1487,2.14239,0.281148
1.96,14.5704,14.5704,1.84305,26.854,34.9614,24.1277,1.84305,0.351104
1.9602,19.5544,19.5544,1.33088,26.0246,34.9614,24.0923,1.33088,0.273333
1.9604,18.5719,18.5719,2,37.1438,34.9614,24.145,2.09419,0.250488
1.9606,18.5778,18.5778,1.60359,29.7912,34.9614,24.1116,1.60359,0.220908
1.9608,17.8043,17.8043,2,35.6086,34.9614,24.1441,2.08202,0.271905
1.961,15.6745,15.6745,1.89069,29.6356,34.9614,24.1313,1.89069,0.309444
1.9612,18.8415,18.8415,1.49715,28.2085,34.9614,24.1039,1.49715,0.273333
1.9614,17.3534,17.3534,2,34.7068,34.9614,24.1541,2.22801,0.286874
1.9616,17.5273,17.5273,1.51653,26.5807,34.9614,24.1057,1.51653,0.260251
1.9618,18.6034,18.6034,1.9681,36.6133,34.9614,24.1362,1.9681,0.270092
1.962,20.3926,20.3926,1.29361,26.3801,34.9614,24.0901,1.29361,0.159444
1.9622,17.622,17.622,2,35.2439,34.9614,24.1585,2.29061,0.273333
1.9624,16.671,16.671,1.5763,26.2785,34.9614,24.1099,1.5763,0.273581
1.9626,20.4772,20.4772,1.39646,28.5954,34.9614,24.0969,1.39646,0.205389
1.9628,17.3541,17.3541,2,34.7082,34.9614,24.1583,2.28713,0.273366
1.963,19.9212,19.9212,1.15018,22.9131,34.9614,24.0803,1.15018,0.187117
1.9632,18.0607,18.0607,2,36.1214,34.9614,24.1575,2.27835,0.273333
1.9634,16.8656,16.8656,1.60814,27.1222,34.9614,24.1121,1.60814,0.262622
1.9636,18.4961,18.4961,1.88149,34.8002,34.9614,24.1302,1.88149,0.279925
1.9638,17.2396,17.2396,1.94371,33.5088,34.9614,24.1349,1.94371,0.271451
1.964,15.2939,15.2939,2,30.5879,34.9614,24.1391,2.00615,0.337117
1.9642,18.824,18.824,1.36147,25.6283,34.9614,24.0946,1.36147,0.273333
1.9644,18.1051,18.1051,2,36.2103,34.9614,24.151,2.18425,0.273333
1.9646,4.91743,4.91743,2,9.83485,34.9614,24.1973,2.98034,0.566667
1.9648,15.4412,15.4412,0.0360527,0.556697,34.9614,24.0048,0.0360527,0.416667
1.965,20.6299,20.6299,1.58451,32.6882,34.9614,24.1093,1.58451,0.266667
1.9652,20.9119,20.9119,1.09113,22.8176,34.9614,24.0761,1.09113,0.116667
1.9654,17.9114,17.9114,2,35.8228,34.9614,24.16,2.31369,0.273333
1.9656,7.77837,7.77837,2,15.5567,34.9614,24.1716,2.52251,0.490165
1.9658,20.0934,20.0934,0.125627,2.52428,34.9614,24.0098,0.125627,0.266667
1.966,19.7388,19.7388,2,39.4777,34.9614,24.1387,2.00813,0.268071
1.9662,16.4273,16.4273,2,32.8546,34.9614,24.1394,2.00561,0.266667
1.9664,18.14,18.14,1.55615,28.2286,34.9614,24.1081,1.55615,0.273333
1.9666,15.6027,15.6027,2,31.2053,34.9614,24.1649,2.38598,0.340165
1.9668,20.2109,20.2109,0.860574,17.393,34.9614,24.0602,0.860574,0.20203
1.967,18.4177,18.4177,2,36.8354,34.9614,24.1586,2.29674,0.276761
1.9672,13.0813,13.0813,2,26.1626,34.9614,24.1408,2.02468,0.35135
1.9674,20.0135,20.0135,0.955666,19.1262,34.9614,24.0665,0.955666,0.273333
1.9676,20.2315,20.2315,1.61567,32.6874,34.9614,24.1121,1.61567,0.196127
1.9678,17.0442,17.0442,2,34.0884,34.9614,24.1532,2.21055,0.270357
1.968,16.9795,16.9795,1.56084,26.5022,34.9614,24.1087,1.56084,0.280144
1.9682,17.4343,17.4343,2,34.8686,34.9614,24.1435,2.076,0.310532
1.9684,17.3425,17.3425,1.68079,29.1491,34.9614,24.1168,1.68079,0.273333
1.9686,20.8942,20.8942,1.1373,23.7629,34.9614,24.0792,1.1373,0.160444
1.9688,16.6216,16.6216,2,33.2433,34.9614,24.1752,2.53863,0.307214
1.969,17.0859,17.0859,1.20566,20.5997,34.9614,24.0845,1.20566,0.263405
1.9692,18.8779,18.8779,2,37.7558,34.9614,24.1442,2.08899,0.284602
1.9694,16.4419,16.4419,1.89025,31.0793,34.9614,24.1314,1.89025,0.273333
1.9696,16.9907,16.9907,1.79187,30.4451,34.9614,24.1243,1.79187,0.310444
1.9698,19.3711,19.3711,1.60362,31.064,34.9614,24.1112,1.60362,0.239516
1.97,16.7715,16.7715,2,33.5429,34.9614,24.1559,2.2525,0.288596
1.9702,18.182,18.182,1.36464,24.8119,34.9614,24.0951,1.36464,0.25107
1.9704,18.4216,18.4216,2,36.8432,34.9614,24.1464,2.11764,0.273333
1.9706,15.1212,15.1212,1.97168,29.8141,34.9614,24.1371,1.97168,0.311804
1.9708,20.0887,20.0887,1.18054,23.7154,34.9614,24.082,1.18054,0.237687
1.971,18.5734,18.5734,2,37.1467,34.9614,24.1484,2.14444,0.253279
1.9712,16.4552,16.4552,1.81695,29.8984,34.9614,24.1264,1.81695,0.274155
1.9714,18.5384,18.5384,1.67159,30.9887,34.9614,24.1159,1.67159,0.273333
1.9716,17.3618,17.3618,2,34.7236,34.9614,24.1451,2.09425,0.280736
1.9718,16.8391,16.8391,1.71445,28.8698,34.9614,24.1192,1.71445,0.286399
1.972,19.1014,19.1014,1.70038,32.4796,34.9614,24.1178,1.70038,0.255655
1.9722,16.1471,16.1471,2,32.2941,34.9614,24.156,2.25305,0.302504
1.9724,17.7206,17.7206,1.35195,23.9575,34.9614,24.0943,1.35195,0.273333
1.9726,19.1274,19.1274,1.9593,37.4764,34.9614,24.1356,1.9593,0.25726
1.9728,16.1857,16.1857,2,32.3714,34.9614,24.1418,2.04302,0.28466
1.973,18.5405,18.5405,1.45256,26.9312,34.9614,24.1009,1.45256,0.264075
1.9732,18.0806,18.0806,2,36.1611,34.9614,24.1477,2.13347,0.273274
1.9734,16.8216,16.8216,1.74838,29.4107,34.9614,24.1216,1.74838,0.273333
1.9736,18.3646,18.3646,1.78535,32.7873,34.9614,24.1237,1.78535,0.276197
1.9738,20.0261,20.0261,1.50172,30.0736,34.9614,24.1043,1.50172,0.189244
1.974,17.6471,17.6471,2,35.2942,34.9614,24.1515,2.18504,0.26304
1.9742,17.2437,17.2437,1.61546,27.8564,34.9614,24.1125,1.61546,0.265831
1.9744,18.484,18.484,1.90288,35.1728,34.9614,24.1317,1.90288,0.273333
1.9746,17.138,17.138,1.93869,33.2253,34.9614,24.1346,1.93869,0.273333
1.9748,6.18371,6.18371,2,12.3674,34.9614,24.1966,2.98522,0.566667
1.975,15.6617,15.6617,0.0496658,0.777851,34.9614,24.0056,0.0496658,0.416667
1.9752,20.5964,20.5964,1.60602,33.0782,34.9614,24.1108,1.60602,0.266667
1.9754,20.8994,20.8994,1.09627,22.9114,34.9614,24.0765,1.09627,0.116667
1.9756,17.9031,17.9031,2,35.8063,34.9614,24.1601,2.3146,0.273333
1.9758,10.72,10.72,2,21.44,34.9614,24.1524,2.20647,0.416667
1.976,17.2107,17.2107,0.873158,15.0277,34.9614,24.0609,0.873158,0.378433
1.9762,19.441,19.441,2,38.882,34.9614,24.1418,2.05386,0.274639
1.9764,18.8696,18.8696,1.63154,30.7866,34.9614,24.1136,1.63154,0.20114
1.9766,17.5408,17.5408,2,35.0815,34.9614,24.1462,2.11048,0.273333
1.9768,17.4441,17.4441,1.64958,28.7756,34.9614,24.1147,1.64958,0.266667
1.977,17.9323,17.9323,1.97122,35.3485,34.9614,24.1364,1.97122,0.283983
1.9772,17.1844,17.1844,1.83546,31.5412,34.9614,24.1274,1.83546,0.276127
1.9774,18.8463,18.8463,1.67212,31.5133,34.9614,24.116,1.67212,0.250627
1.9776,17.4568,17.4568,2,34.9136,34.9614,24.145,2.09283,0.273333
1.9778,19.8671,19.8671,1.31658,26.1567,34.9614,24.0916,1.31658,0.19761
1.978,19.062,19.062,1.9714,37.5788,34.9614,24.1366,1.9714,0.230594
1.9782,16.7263,16.7263,1.96564,32.8779,34.9614,24.1366,1.96564,0.27088
1.9784,17.2131,17.2131,1.72615,29.7125,34.9614,24.1198,1.72615,0.295406
1.9786,18.2844,18.2844,1.84356,33.7084,34.9614,24.1277,1.84356,0.273333
1.9788,16.7701,16.7701,2,33.5403,34.9614,24.1398,2.01701,0.289419
1.979,17.6833,17.6833,1.63384,28.8917,34.9614,24.1136,1.63384,0.27927
1.9792,18.2424,18.2424,1.95233,35.6152,34.9614,24.1352,1.95233,0.271653
1.9794,18.6556,18.6556,1.68213,31.3812,34.9614,24.1169,1.68213,0.232123
1.9796,17.5428,17.5428,2,35.0856,34.9614,24.1434,2.06732,0.273333
1.9798,16.5503,16.5503,1.78693,29.5742,34.9614,24.1242,1.78693,0.292728
1.98,18.5785,18.5785,1.70001,31.5835,34.9614,24.1178,1.70001,0.27226
1.9802,17.5526,17.5526,2,35.1053,34.9614,24.1419,2.04737,0.272881
1.9804,17.6026,17.6026,1.68692,29.6941,34.9614,24.1172,1.68692,0.266518
1.9806,18.131,18.131,1.92427,34.889,34.9614,24.1333,1.92427,0.273333
1.9808,19.3616,19.3616,1.57692,30.5317,34.9614,24.1096,1.57692,0.213013
1.981,17.5488,17.5488,2,35.0975,34.9614,24.1492,2.15519,0.269537
1.9812,17.098,17.098,1.64975,28.2074,34.9614,24.1148,1.64975,0.272845
1.9814,18.4167,18.4167,1.87752,34.5777,34.9614,24.1299,1.87752,0.275499
1.9816,17.2274,17.2274,1.9419,33.4538,34.9614,24.1347,1.9419,0.273333
1.9818,19.5962,19.5962,1.46562,28.7206,34.9614,24.1018,1.46562,0.219506
1.982,17.5393,17.5393,2,35.0786,34.9614,24.154,2.22559,0.273447
1.9822,16.9251,16.9251,1.6036,27.141,34.9614,24.1117,1.6036,0.27301
1.9824,18.7323,18.7323,1.8517,34.6865,34.9614,24.1281,1.8517,0.271818
1.9826,17.1091,17.1091,1.9965,34.1582,34.9614,24.1386,1.9965,0.273333
1.9828,18.5949,18.5949,1.5706,29.205,34.9614,24.1091,1.5706,0.249925
1.983,17.7964,17.7964,2,35.5928,34.9614,24.1459,2.1077,0.273544
1.9832,17.0553,17.0553,1.71996,29.3343,34.9614,24.1196,1.71996,0.272845
1.9834,18.4189,18.4189,1.81968,33.5166,34.9614,24.126,1.81968,0.272468
1.9836,17.3552,17.3552,1.97385,34.2566,34.9614,24.1368,1.97385,0.273333
1.9838,17.7164,17.7164,1.72005,30.4731,34.9614,24.1196,1.72005,0.271386
1.984,18.0066,18.0066,1.92174,34.6041,34.9614,24.1333,1.92174,0.27297
1.9842,17.419,17.419,1.85534,32.3182,34.9614,24.1288,1.85534,0.271881
1.9844,17.8718,17.8718,1.8082,32.3157,34.9614,24.1254,1.8082,0.273394
1.9846,17.7066,17.7066,1.90218,33.6811,34.9614,24.1319,1.90218,0.273333
1.9848,17.6043,17.6043,1.82548,32.1362,34.9614,24.1267,1.82548,0.273333
1.985,6.20237,6.20237,2,12.4047,34.9614,24.2067,3.13393,0.566667
1.9852,15.1435,15.1435,0.0217771,0.329782,34.9614,24.0039,0.0217771,0.416667
1.9854,20.6733,20.6733,1.55578,32.163,34.9614,24.1073,1.55578,0.266667
1.9856,20.9235,20.9235,1.0861,22.7251,34.9614,24.0758,1.0861,0.116667
1.9858,17.9152,17.9152,2,35.8304,34.9614,24.1601,2.31526,0.273333
1.986,10.1387,10.1387,2,20.2774,34.9614,24.1564,2.26914,0.430594
1.9862,19.1123,19.1123,0.546405,10.4431,34.9614,24.0386,0.546405,0.334581
1.9864,19.2541,19.2541,2,38.5082,34.9614,24.1486,2.15075,0.273384
1.9866,16.3322,16.3322,1.87394,30.6055,34.9614,24.1305,1.87394,0.266667
1.9868,18.4887,18.4887,1.61936,29.9398,34.9614,24.1123,1.61936,0.273333
1.987,15.5632,15.5632,2,31.1265,34.9614,24.1634,2.36238,0.331558
1.9872,20.6924,20.6924,0.778953,16.1184,34.9614,24.0545,0.778953,0.184581
1.9874,18.4588,18.4588,2,36.9176,34.9614,24.1589,2.29878,0.276737
1.9876,12.9621,12.9621,2,25.9242,34.9614,24.1413,2.03473,0.35263
1.9878,20.0609,20.0609,0.928175,18.62,34.9614,24.0646,0.928175,0.273333
1.988,20.4968,20.4968,1.46944,30.1189,34.9614,24.1021,1.46944,0.181557
1.9882,14.8586,14.8586,2,29.7172,34.9614,24.18,2.6095,0.334581
1.9884,17.663,17.663,0.893491,15.7818,34.9614,24.063,0.893491,0.273107
1.9886,20.6007,20.6007,1.45941,30.0648,34.9614,24.1012,1.45941,0.20263
1.9888,17.1651,17.1651,2,34.3301,34.9614,24.1581,2.28141,0.273333
1.989,15.0935,15.0935,1.70643,25.756,34.9614,24.1188,1.70643,0.321182
1.9892,19.0064,19.0064,1.57842,30,34.9614,24.1092,1.57842,0.289602
1.9894,17.4692,17.4692,2,34.9385,34.9614,24.1497,2.16157,0.276507
1.9896,19.199,19.199,1.3782,26.4601,34.9614,24.096,1.3782,0.21621
1.9898,17.8996,17.8996,2,35.7992,34.9614,24.153,2.21287,0.273333
1.99,14.3785,14.3785,1.91924,27.5957,34.9614,24.1335,1.91924,0.331946
1.9902,19.9219,19.9219,1.1882,23.6712,34.9614,24.0825,1.1882,0.260085
1.9904,17.9257,17.9257,2,35.8513,34.9614,24.1585,2.29159,0.275137
1.9906,17.9076,17.9076,1.47136,26.3485,34.9614,24.1027,1.47136,0.237171
1.9908,18.3718,18.3718,2,36.7436,34.9614,24.142,2.05383,0.273333
1.991,14.5496,14.5496,2,29.0991,34.9614,24.1445,2.08438,0.330515
1.9912,18.6481,18.6481,1.23564,23.0423,34.9614,24.0859,1.23564,0.285832
1.9914,18.3819,18.3819,2,36.7638,34.9614,24.1517,2.1925,0.274292
1.9916,16.5626,16.5626,1.74849,28.9595,34.9614,24.1217,1.74849,0.271014
1.9918,18.612,18.612,1.72928,32.1854,34.9614,24.1198,1.72928,0.273333
1.992,18.9167,18.9167,1.80991,34.2375,34.9614,24.1256,1.80991,0.230321
1.9922,16.7351,16.7351,2,33.4703,34.9614,24.1447,2.08798,0.282766
1.9924,17.7312,17.7312,1.56066,27.6723,34.9614,24.1085,1.56066,0.273976
1.9926,18.6972,18.6972,1.92996,36.0849,34.9614,24.1336,1.92996,0.261672
1.9928,16.9547,16.9547,1.95374,33.1251,34.9614,24.1356,1.95374,0.273333
1.993,19.1435,19.1435,1.51554,29.0128,34.9614,24.1053,1.51554,0.238653
1.9932,17.9153,17.9153,2,35.8306,34.9614,24.1476,2.13197,0.265573
1.9934,16.8983,16.8983,1.72342,29.1228,34.9614,24.1199,1.72342,0.273503
1.9936,18.8321,18.8321,1.74266,32.818,34.9614,24.1207,1.74266,0.262362
1.9938,17.3069,17.3069,2,34.6139,34.9614,24.143,2.0635,0.273333
1.994,17.8052,17.8052,1.62693,28.9677,34.9614,24.1131,1.62693,0.264318
1.9942,17.0361,17.0361,2,34.0722,34.9614,24.1475,2.13137,0.303438
1.9944,17.3422,17.3422,1.59405,27.6443,34.9614,24.1109,1.59405,0.276426
1.9946,18.4692,18.4692,1.92666,35.584,34.9614,24.1333,1.92666,0.273101
1.9948,17.0874,17.0874,1.92682,32.9243,34.9614,24.1337,1.92682,0.273333
1.995,17.9114,17.9114,1.71253,30.6738,34.9614,24.1189,1.71253,0.273333
1.9952,6.30284,6.30284,2,12.6057,34.9614,24.2143,3.26104,0.566667
1.9954,14.7006,14.7006,0.00831716,0.122267,34.9614,24.0031,0.00831716,0.416667
1.9956,20.7382,20.7382,1.51223,31.3609,34.9614,24.1044,1.51223,0.266667
1.9958,20.9449,20.9449,1.07651,22.5475,34.9614,24.0751,1.07651,0.116667
1.996,17.9247,17.9247,2,35.8493,34.9614,24.16,2.31511,0.273333
1.9962,10.6986,10.6986,2,21.3971,34.9614,24.1527,2.20993,0.416667
1.9964,15.7377,15.7377,1.02419,16.1184,34.9614,24.0711,1.02419,0.415701
1.9966,19.8952,19.8952,1.84707,36.7478,34.9614,24.1274,1.84707,0.27473
1.9968,17.9796,17.9796,1.92109,34.5404,34.9614,24.1334,1.92109,0.234105
1.997,17.3795,17.3795,1.85604,32.2571,34.9614,24.1288,1.85604,0.273333
1.9972,18.1378,18.1378,1.7708,32.1185,34.9614,24.1228,1.7708,0.266667
1.9974,17.2614,17.2614,2,34.5227,34.9614,24.1391,2.0073,0.283456
1.9976,17.4288,17.4288,1.71656,29.9175,34.9614,24.1192,1.71656,0.278385
1.9978,14.7546,14.7546,2,29.5091,34.9614,24.1579,2.28599,0.362209
1.998,18.5124,18.5124,1.0893,20.1656,34.9614,24.0761,1.0893,0.273333
1.9982,20.3056,20.3056,1.58525,32.1895,34.9614,24.1099,1.58525,0.201169
1.9984,19.0902,19.0902,1.84793,35.2774,34.9614,24.1283,1.84793,0.209868
1.9986,16.8729,16.8729,2,33.7459,34.9614,24.1421,2.04741,0.274368
1.9988,19.822,19.822,1.31649,26.0954,34.9614,24.0916,1.31649,0.212209
1.999,17.76,17.76,2,35.52,34.9614,24.1568,2.2649,0.273333
1.9992,14.4212,14.4212,1.85264,26.7172,34.9614,24.1288,1.85264,0.329605
1.9994,18.9292,18.9292,1.39734,26.4504,34.9614,24.0968,1.39734,0.294445
1.9996,18.0527,18.0527,2,36.1054,34.9614,24.1504,2.174,0.271593
1.9998,19.0163,19.0163,1.44211,27.4236,34.9614,24.1005,1.44211,0.211461
2,17.8558,17.8558,2,35.7115,34.9614,24.1511,2.18427,0.273333
