Time(s),V_pv_instant(V),V_mppt(V),I_pv(A),P_pv(W),P_ref(W),V_out(V),I_L(A),Duty
0.0002,20.7162,20.7162,2.67591,55.4348,85.0695,24.1835,2.67591,0.3
0.0004,11.9943,11.9943,5,59.9717,85.0695,24.4366,6.7113,0.566667
0.0006,11.553,11.553,3.17494,36.6802,85.0695,24.2164,3.17494,0.416667
0.0008,20.1917,20.1917,3.35422,67.7272,85.0695,24.2308,3.35422,0.266667
0.001,20.6594,20.6594,2.59762,53.6652,85.0695,24.18,2.59762,0.116667
0.0012,12.2196,12.2196,5,61.0979,85.0695,24.4327,6.70762,0.566667
0.0014,11.4005,11.4005,3.21766,36.683,85.0695,24.2198,3.21766,0.416667
0.0016,20.2039,20.2039,3.33934,67.4676,85.0695,24.2282,3.33934,0.266667
0.0018,19.1775,19.1775,4.27139,81.9144,85.0695,24.2929,4.27139,0.266667
0.002,18.6481,18.6481,4.47883,83.5214,85.0695,24.3035,4.47883,0.254077
0.0022,13.3107,13.3107,5,66.5536,85.0695,24.376,5.58513,0.416667
0.0024,19.0714,19.0714,3.50626,66.8693,85.0695,24.2381,3.50626,0.266667
0.0026,20.0269,20.0269,3.44636,69.0201,85.0695,24.2344,3.44636,0.187587
0.0028,19.3105,19.3105,4.1553,80.2411,85.0695,24.2818,4.1553,0.251202
0.003,17.1889,17.1889,5,85.9444,85.0695,24.3416,5.04591,0.322782
0.0032,18.0731,18.0731,4.42949,80.0546,85.0695,24.3,4.42949,0.266667
0.0034,19.7886,19.7886,3.64248,72.0797,85.0695,24.2506,3.64248,0.171678
0.0036,19.5028,19.5028,3.97062,77.4383,85.0695,24.2692,3.97062,0.225533
0.0038,18.8638,18.8638,4.40597,83.1133,85.0695,24.302,4.40597,0.25569
0.004,17.7404,17.7404,4.80678,85.274,85.0695,24.3263,4.80678,0.291044
0.0042,19.4251,19.4251,3.92206,76.1866,85.0695,24.269,3.92206,0.191667
0.0044,17.5853,17.5853,4.99722,87.8777,85.0695,24.3423,4.99722,0.321678
0.0046,17.4874,17.4874,4.58987,80.2649,85.0695,24.3159,4.58987,0.283912
0.0048,18.2093,18.2093,4.61301,83.9997,85.0695,24.3174,4.61301,0.277548
0.005,18.9003,18.9003,4.2856,80.9991,85.0695,24.2956,4.2856,0.231363
0.0052,16.8206,16.8206,5,84.1032,85.0695,24.349,5.09599,0.330158
0.0054,16.4161,16.4161,4.64209,76.2052,85.0695,24.3187,4.64209,0.320447
0.0056,18.3891,18.3891,4.53523,83.3988,85.0695,24.3117,4.53523,0.284151
0.0058,18.0341,18.0341,4.67879,84.3777,85.0695,24.3219,4.67879,0.277854
0.006,14.6748,14.6748,5,73.3739,85.0695,24.3577,5.24705,0.375445
0.0062,16.3229,16.3229,4.32921,70.6654,85.0695,24.2967,4.32921,0.348118
0.0064,19.5034,19.5034,3.94777,76.995,85.0695,24.2723,3.94777,0.222937
0.0066,18.7135,18.7135,4.4982,84.1769,85.0695,24.3094,4.4982,0.265617
0.0068,18.4736,18.4736,4.51419,83.3936,85.0695,24.311,4.51419,0.255664
0.007,16.3572,16.3572,5,81.7862,85.0695,24.3493,5.09616,0.335212
0.0072,19.5283,19.5283,3.79811,74.1704,85.0695,24.2623,3.79811,0.198118
0.0074,16.9176,16.9176,5,84.5881,85.0695,24.358,5.23928,0.353499
0.0076,17.626,17.626,4.36323,76.9066,85.0695,24.3005,4.36323,0.27529
0.0078,18.5281,18.5281,4.54726,84.2522,85.0695,24.3129,4.54726,0.271214
0.008,19.5329,19.5329,3.85629,75.3245,85.0695,24.2664,3.85629,0.185212
0.0082,19.3623,19.3623,4.06834,78.7723,85.0695,24.2804,4.06834,0.226878
0.0084,16.1225,16.1225,5,80.6126,85.0695,24.3639,5.33054,0.362392
0.0086,17.5854,17.5854,4.23575,74.4872,85.0695,24.2915,4.23575,0.285281
0.0088,18.498,18.498,4.592,84.943,85.0695,24.3157,4.592,0.278484
0.009,16.5234,16.5234,5,82.6171,85.0695,24.3438,5.01715,0.325706
0.0092,16.7164,16.7164,4.64954,77.7236,85.0695,24.319,4.64954,0.321975
0.0094,18.5,18.5,4.48914,83.0491,85.0695,24.3089,4.48914,0.273239
0.0096,18.1539,18.1539,4.64742,84.369,85.0695,24.3199,4.64742,0.272877
0.0098,18.3028,18.3028,4.54818,83.2444,85.0695,24.3132,4.54818,0.261777
0.01,15.3867,15.3867,5,76.9337,85.0695,24.3579,5.23456,0.361945
0.0102,18.6236,18.6236,4.06729,75.7476,85.0695,24.2797,4.06729,0.266667
0.0104,18.6574,18.6574,4.52194,84.3679,85.0695,24.3109,4.52194,0.268333
0.0106,18.2329,18.2329,4.60431,83.9499,85.0695,24.317,4.60431,0.266667
0.0108,18.261,18.261,4.57665,83.5741,85.0695,24.3149,4.57665,0.265
0.011,18.2467,18.2467,4.59227,83.7935,85.0695,24.312,4.59227,0.266667
0.0112,18.2405,18.2405,4.58881,83.7023,85.0695,24.3118,4.58881,0.268333
0.0114,18.1714,18.1714,4.6167,83.8919,85.0695,24.3123,4.6167,0.27
0.0116,18.1248,18.1248,4.62361,83.8021,85.0695,24.3145,4.62361,0.271667
0.0118,18.0781,18.0781,4.63718,83.8313,85.0695,24.3152,4.63718,0.273333
0.012,18.0411,18.0411,4.64625,83.8235,85.0695,24.316,4.64625,0.275
0.0122,18.0916,18.0916,4.62533,83.6798,85.0695,24.3146,4.62533,0.273333
0.0124,18.1345,18.1345,4.61775,83.7407,85.0695,24.3139,4.61775,0.271667
0.0126,18.0884,18.0884,4.63444,83.8297,85.0695,24.3139,4.63444,0.273333
0.0128,18.0424,18.0424,4.64699,83.8426,85.0695,24.3153,4.64699,0.275
0.013,18.0936,18.0936,4.62481,83.6793,85.0695,24.3144,4.62481,0.273333
0.0132,18.1376,18.1376,4.61433,83.6927,85.0695,24.3158,4.61433,0.271667
0.0134,18.0978,18.0978,4.63253,83.8387,85.0695,24.315,4.63253,0.273333
0.0136,18.0472,18.0472,4.64321,83.7971,85.0695,24.3193,4.64321,0.275
0.0138,18.0939,18.0939,4.62796,83.7376,85.0695,24.3143,4.62796,0.273333
0.014,18.1379,18.1379,4.61439,83.6955,85.0695,24.3138,4.61439,0.271667
0.0142,18.0935,18.0935,4.63334,83.8333,85.0695,24.3149,4.63334,0.273333
0.0144,18.0447,18.0447,4.64596,83.8352,85.0695,24.3176,4.64596,0.275
0.0146,18.0897,18.0897,4.62582,83.6798,85.0695,24.3144,4.62582,0.273333
0.0148,18.1353,18.1353,4.6184,83.7561,85.0695,24.3156,4.6184,0.271667
0.015,18.0936,18.0936,4.63583,83.8787,85.0695,24.3154,4.63583,0.273333
0.0152,18.0408,18.0408,4.64395,83.7805,85.0695,24.3193,4.64395,0.275
0.0154,18.0866,18.0866,4.6293,83.7282,85.0695,24.3147,4.6293,0.273333
0.0156,18.1313,18.1313,4.61613,83.6966,85.0695,24.3161,4.61613,0.271667
0.0158,18.0973,18.0973,4.63318,83.8482,85.0695,24.3149,4.63318,0.273333
0.016,18.0476,18.0476,4.64313,83.7976,85.0695,24.3193,4.64313,0.275
0.0162,18.0938,18.0938,4.62799,83.7381,85.0695,24.3143,4.62799,0.273333
0.0164,18.1379,18.1379,4.61439,83.6954,85.0695,24.3138,4.61439,0.271667
0.0166,18.0935,18.0935,4.63333,83.8333,85.0695,24.3149,4.63333,0.273333
0.0168,18.0447,18.0447,4.64596,83.8352,85.0695,24.3176,4.64596,0.275
0.017,18.0897,18.0897,4.62582,83.6798,85.0695,24.3144,4.62582,0.273333
0.0172,18.1353,18.1353,4.6184,83.7561,85.0695,24.3156,4.6184,0.271667
0.0174,18.0936,18.0936,4.63583,83.8787,85.0695,24.3154,4.63583,0.273333
0.0176,18.0408,18.0408,4.64395,83.7805,85.0695,24.3193,4.64395,0.275
0.0178,18.0866,18.0866,4.6293,83.7282,85.0695,24.3147,4.6293,0.273333
0.018,18.1313,18.1313,4.61614,83.6966,85.0695,24.3161,4.61614,0.271667
0.0182,18.0973,18.0973,4.63158,83.8192,85.0695,24.3187,4.63158,0.273333
0.0184,18.042,18.042,4.64522,83.8092,85.0695,24.3197,4.64522,0.275
0.0186,18.0847,18.0847,4.6237,83.6181,85.0695,24.318,4.6237,0.273333
0.0188,18.1392,18.1392,4.6135,83.6854,85.0695,24.3173,4.6135,0.271667
0.019,18.0844,18.0844,4.63786,83.8732,85.0695,24.3191,4.63786,0.273333
0.0192,18.0343,18.0343,4.64569,83.7818,85.0695,24.3197,4.64569,0.275
0.0194,18.0909,18.0909,4.625,83.6705,85.0695,24.3181,4.625,0.273333
0.0196,18.1399,18.1399,4.61266,83.673,85.0695,24.3173,4.61266,0.271667
0.0198,18.0853,18.0853,4.63788,83.8775,85.0695,24.3191,4.63788,0.273333
0.02,18.034,18.034,4.64576,83.7817,85.0695,24.3197,4.64576,0.275
0.0202,18.0909,18.0909,4.62498,83.6701,85.0695,24.3181,4.62498,0.273333
0.0204,18.1399,18.1399,4.61266,83.6731,85.0695,24.3173,4.61266,0.271667
0.0206,18.0853,18.0853,4.63789,83.8775,85.0695,24.3191,4.63789,0.273333
0.0208,18.034,18.034,4.64575,83.7817,85.0695,24.3197,4.64575,0.275
0.021,18.0909,18.0909,4.62498,83.6701,85.0695,24.3181,4.62498,0.273333
0.0212,18.1399,18.1399,4.61266,83.6731,85.0695,24.3173,4.61266,0.271667
0.0214,18.0853,18.0853,4.63789,83.8775,85.0695,24.3191,4.63789,0.273333
0.0216,18.034,18.034,4.64575,83.7817,85.0695,24.3197,4.64575,0.275
0.0218,18.0909,18.0909,4.62498,83.6701,85.0695,24.3181,4.62498,0.273333
0.022,18.1399,18.1399,4.61266,83.6731,85.0695,24.3173,4.61266,0.271667
0.0222,18.0853,18.0853,4.63789,83.8775,85.0695,24.3191,4.63789,0.273333
0.0224,18.034,18.034,4.64575,83.7817,85.0695,24.3197,4.64575,0.275
0.0226,18.0909,18.0909,4.62498,83.6701,85.0695,24.3181,4.62498,0.273333
0.0228,18.1399,18.1399,4.61266,83.6731,85.0695,24.3173,4.61266,0.271667
0.023,18.0853,18.0853,4.63789,83.8775,85.0695,24.3191,4.63789,0.273333
0.0232,18.034,18.034,4.64575,83.7817,85.0695,24.3197,4.64575,0.275
0.0234,18.0909,18.0909,4.62498,83.6701,85.0695,24.3181,4.62498,0.273333
0.0236,18.1399,18.1399,4.61266,83.6731,85.0695,24.3173,4.61266,0.271667
0.0238,18.0853,18.0853,4.63789,83.8775,85.0695,24.3191,4.63789,0.273333
0.024,18.034,18.034,4.64575,83.7817,85.0695,24.3197,4.64575,0.275
0.0242,18.0909,18.0909,4.62498,83.6701,85.0695,24.3181,4.62498,0.273333
0.0244,18.1399,18.1399,4.61266,83.6731,85.0695,24.3173,4.61266,0.271667
0.0246,18.0853,18.0853,4.63789,83.8775,85.0695,24.3191,4.63789,0.273333
0.0248,18.034,18.034,4.64575,83.7817,85.0695,24.3197,4.64575,0.275
0.025,18.0909,18.0909,4.62498,83.6701,85.0695,24.3181,4.62498,0.273333
0.0252,18.1399,18.1399,4.61266,83.6731,85.0695,24.3173,4.61266,0.271667
0.0254,18.0853,18.0853,4.63789,83.8775,85.0695,24.3191,4.63789,0.273333
0.0256,18.034,18.034,4.64575,83.7817,85.0695,24.3197,4.64575,0.275
0.0258,18.0909,18.0909,4.62498,83.6701,85.0695,24.3181,4.62498,0.273333
0.026,18.1399,18.1399,4.61266,83.6731,85.0695,24.3173,4.61266,0.271667
0.0262,18.0853,18.0853,4.63789,83.8775,85.0695,24.3191,4.63789,0.273333
0.0264,18.034,18.034,4.64575,83.7817,85.0695,24.3197,4.64575,0.275
0.0266,18.0909,18.0909,4.62498,83.6701,85.0695,24.3181,4.62498,0.273333
0.0268,18.1399,18.1399,4.61266,83.6731,85.0695,24.3173,4.61266,0.271667
0.027,18.0853,18.0853,4.63789,83.8775,85.0695,24.3191,4.63789,0.273333
0.0272,18.034,18.034,4.64575,83.7817,85.0695,24.3197,4.64575,0.275
0.0274,18.0909,18.0909,4.62498,83.6701,85.0695,24.3181,4.62498,0.273333
0.0276,18.1399,18.1399,4.61266,83.6731,85.0695,24.3173,4.61266,0.271667
0.0278,18.0853,18.0853,4.63789,83.8775,85.0695,24.3191,4.63789,0.273333
0.028,18.034,18.034,4.64575,83.7817,85.0695,24.3197,4.64575,0.275
0.0282,18.0909,18.0909,4.62498,83.6701,85.0695,24.3181,4.62498,0.273333
0.0284,18.1399,18.1399,4.61266,83.6731,85.0695,24.3173,4.61266,0.271667
0.0286,18.0853,18.0853,4.63789,83.8775,85.0695,24.3191,4.63789,0.273333
0.0288,18.034,18.034,4.64575,83.7817,85.0695,24.3197,4.64575,0.275
0.029,18.0909,18.0909,4.62498,83.6701,85.0695,24.3181,4.62498,0.273333
0.0292,18.1399,18.1399,4.61266,83.6731,85.0695,24.3173,4.61266,0.271667
0.0294,18.0853,18.0853,4.63789,83.8775,85.0695,24.3191,4.63789,0.273333
0.0296,18.034,18.034,4.64575,83.7817,85.0695,24.3197,4.64575,0.275
0.0298,18.0909,18.0909,4.62498,83.6701,85.0695,24.3181,4.62498,0.273333
0.03,18.1399,18.1399,4.61266,83.6731,85.0695,24.3173,4.61266,0.271667
0.0302,18.0853,18.0853,4.63789,83.8775,85.0695,24.3191,4.63789,0.273333
0.0304,18.034,18.034,4.64575,83.7817,85.0695,24.3197,4.64575,0.275
0.0306,18.0909,18.0909,4.62498,83.6701,85.0695,24.3181,4.62498,0.273333
0.0308,18.1399,18.1399,4.61266,83.6731,85.0695,24.3173,4.61266,0.271667
0.031,18.0853,18.0853,4.63789,83.8775,85.0695,24.3191,4.63789,0.273333
0.0312,18.034,18.034,4.64575,83.7817,85.0695,24.3197,4.64575,0.275
0.0314,18.0909,18.0909,4.62498,83.6701,85.0695,24.3181,4.62498,0.273333
0.0316,18.1399,18.1399,4.61266,83.6731,85.0695,24.3173,4.61266,0.271667
0.0318,18.0853,18.0853,4.63789,83.8775,85.0695,24.3191,4.63789,0.273333
0.032,18.034,18.034,4.64575,83.7817,85.0695,24.3197,4.64575,0.275
0.0322,18.0909,18.0909,4.62498,83.6701,85.0695,24.3181,4.62498,0.273333
0.0324,18.1399,18.1399,4.61266,83.6731,85.0695,24.3173,4.61266,0.271667
0.0326,18.0853,18.0853,4.63789,83.8775,85.0695,24.3191,4.63789,0.273333
0.0328,18.034,18.034,4.64575,83.7817,85.0695,24.3197,4.64575,0.275
0.033,18.0909,18.0909,4.62498,83.6701,85.0695,24.3181,4.62498,0.273333
0.0332,18.1399,18.1399,4.61266,83.6731,85.0695,24.3173,4.61266,0.271667
0.0334,18.0853,18.0853,4.63789,83.8775,85.0695,24.3191,4.63789,0.273333
0.0336,18.034,18.034,4.64575,83.7817,85.0695,24.3197,4.64575,0.275
0.0338,18.0909,18.0909,4.62498,83.6701,85.0695,24.3181,4.62498,0.273333
0.034,18.1399,18.1399,4.61266,83.6731,85.0695,24.3173,4.61266,0.271667
0.0342,18.0853,18.0853,4.63789,83.8775,85.0695,24.3191,4.63789,0.273333
0.0344,18.034,18.034,4.64575,83.7817,85.0695,24.3197,4.64575,0.275
0.0346,18.0909,18.0909,4.62498,83.6701,85.0695,24.3181,4.62498,0.273333
0.0348,18.1399,18.1399,4.61266,83.6731,85.0695,24.3173,4.61266,0.271667
0.035,18.0853,18.0853,4.63789,83.8775,85.0695,24.3191,4.63789,0.273333
0.0352,18.034,18.034,4.64575,83.7817,85.0695,24.3197,4.64575,0.275
0.0354,18.0909,18.0909,4.62498,83.6701,85.0695,24.3181,4.62498,0.273333
0.0356,18.1399,18.1399,4.61266,83.6731,85.0695,24.3173,4.61266,0.271667
0.0358,18.0853,18.0853,4.63789,83.8775,85.0695,24.3191,4.63789,0.273333
0.036,18.034,18.034,4.64575,83.7817,85.0695,24.3197,4.64575,0.275
0.0362,18.0909,18.0909,4.62498,83.6701,85.0695,24.3181,4.62498,0.273333
0.0364,18.1399,18.1399,4.61266,83.6731,85.0695,24.3173,4.61266,0.271667
0.0366,18.0853,18.0853,4.63789,83.8775,85.0695,24.3191,4.63789,0.273333
0.0368,18.034,18.034,4.64575,83.7817,85.0695,24.3197,4.64575,0.275
0.037,18.0909,18.0909,4.62498,83.6701,85.0695,24.3181,4.62498,0.273333
0.0372,18.1399,18.1399,4.61266,83.6731,85.0695,24.3173,4.61266,0.271667
0.0374,18.0853,18.0853,4.63789,83.8775,85.0695,24.3191,4.63789,0.273333
0.0376,18.034,18.034,4.64575,83.7817,85.0695,24.3197,4.64575,0.275
0.0378,18.0909,18.0909,4.62498,83.6701,85.0695,24.3181,4.62498,0.273333
0.038,18.1399,18.1399,4.61266,83.6731,85.0695,24.3173,4.61266,0.271667
0.0382,18.0853,18.0853,4.63789,83.8775,85.0695,24.3191,4.63789,0.273333
0.0384,18.034,18.034,4.64575,83.7817,85.0695,24.3197,4.64575,0.275
0.0386,18.0909,18.0909,4.62498,83.6701,85.0695,24.3181,4.62498,0.273333
0.0388,18.1399,18.1399,4.61266,83.6731,85.0695,24.3173,4.61266,0.271667
0.039,18.0853,18.0853,4.63789,83.8775,85.0695,24.3191,4.63789,0.273333
0.0392,18.034,18.034,4.64575,83.7817,85.0695,24.3197,4.64575,0.275
0.0394,18.0909,18.0909,4.62498,83.6701,85.0695,24.3181,4.62498,0.273333
0.0396,18.1399,18.1399,4.61266,83.6731,85.0695,24.3173,4.61266,0.271667
0.0398,18.0853,18.0853,4.63789,83.8775,85.0695,24.3191,4.63789,0.273333
0.04,18.034,18.034,4.64575,83.7817,85.0695,24.3197,4.64575,0.275
0.0402,18.0909,18.0909,4.62498,83.6701,85.0695,24.3181,4.62498,0.273333
0.0404,18.1399,18.1399,4.61266,83.6731,85.0695,24.3173,4.61266,0.271667
0.0406,18.0853,18.0853,4.63789,83.8775,85.0695,24.3191,4.63789,0.273333
0.0408,18.034,18.034,4.64575,83.7817,85.0695,24.3197,4.64575,0.275
0.041,18.0909,18.0909,4.62498,83.6701,85.0695,24.3181,4.62498,0.273333
0.0412,18.1399,18.1399,4.61266,83.6731,85.0695,24.3173,4.61266,0.271667
0.0414,18.0853,18.0853,4.63789,83.8775,85.0695,24.3191,4.63789,0.273333
0.0416,18.034,18.034,4.64575,83.7817,85.0695,24.3197,4.64575,0.275
0.0418,18.0909,18.0909,4.62498,83.6701,85.0695,24.3181,4.62498,0.273333
0.042,18.1399,18.1399,4.61266,83.6731,85.0695,24.3173,4.61266,0.271667
0.0422,18.0853,18.0853,4.63789,83.8775,85.0695,24.3191,4.63789,0.273333
0.0424,18.034,18.034,4.64575,83.7817,85.0695,24.3197,4.64575,0.275
0.0426,18.0909,18.0909,4.62498,83.6701,85.0695,24.3181,4.62498,0.273333
0.0428,18.1399,18.1399,4.61266,83.6731,85.0695,24.3173,4.61266,0.271667
0.043,18.0853,18.0853,4.63789,83.8775,85.0695,24.3191,4.63789,0.273333
0.0432,18.034,18.034,4.64575,83.7817,85.0695,24.3197,4.64575,0.275
0.0434,18.0909,18.0909,4.62498,83.6701,85.0695,24.3181,4.62498,0.273333
0.0436,18.1399,18.1399,4.61266,83.6731,85.0695,24.3173,4.61266,0.271667
0.0438,18.0853,18.0853,4.63789,83.8775,85.0695,24.3191,4.63789,0.273333
0.044,18.034,18.034,4.64575,83.7817,85.0695,24.3197,4.64575,0.275
0.0442,18.0909,18.0909,4.62498,83.6701,85.0695,24.3181,4.62498,0.273333
0.0444,18.1399,18.1399,4.61266,83.6731,85.0695,24.3173,4.61266,0.271667
0.0446,18.0853,18.0853,4.63789,83.8775,85.0695,24.3191,4.63789,0.273333
0.0448,18.034,18.034,4.64575,83.7817,85.0695,24.3197,4.64575,0.275
0.045,18.0909,18.0909,4.62498,83.6701,85.0695,24.3181,4.62498,0.273333
0.0452,18.1399,18.1399,4.61266,83.6731,85.0695,24.3173,4.61266,0.271667
0.0454,18.0853,18.0853,4.63789,83.8775,85.0695,24.3191,4.63789,0.273333
0.0456,18.034,18.034,4.64575,83.7817,85.0695,24.3197,4.64575,0.275
0.0458,18.0909,18.0909,4.62498,83.6701,85.0695,24.3181,4.62498,0.273333
0.046,18.1399,18.1399,4.61266,83.6731,85.0695,24.3173,4.61266,0.271667
0.0462,18.0853,18.0853,4.63789,83.8775,85.0695,24.3191,4.63789,0.273333
0.0464,18.034,18.034,4.64575,83.7817,85.0695,24.3197,4.64575,0.275
0.0466,18.0909,18.0909,4.62498,83.6701,85.0695,24.3181,4.62498,0.273333
0.0468,18.1399,18.1399,4.61266,83.6731,85.0695,24.3173,4.61266,0.271667
0.047,18.0853,18.0853,4.63789,83.8775,85.0695,24.3191,4.63789,0.273333
0.0472,18.034,18.034,4.64575,83.7817,85.0695,24.3197,4.64575,0.275
0.0474,18.0909,18.0909,4.62498,83.6701,85.0695,24.3181,4.62498,0.273333
0.0476,18.1399,18.1399,4.61266,83.6731,85.0695,24.3173,4.61266,0.271667
0.0478,18.0853,18.0853,4.63789,83.8775,85.0695,24.3191,4.63789,0.273333
0.048,18.034,18.034,4.64575,83.7817,85.0695,24.3197,4.64575,0.275
0.0482,18.0909,18.0909,4.62498,83.6701,85.0695,24.3181,4.62498,0.273333
0.0484,18.1399,18.1399,4.61266,83.6731,85.0695,24.3173,4.61266,0.271667
0.0486,18.0853,18.0853,4.63789,83.8775,85.0695,24.3191,4.63789,0.273333
0.0488,18.034,18.034,4.64575,83.7817,85.0695,24.3197,4.64575,0.275
0.049,18.0909,18.0909,4.62498,83.6701,85.0695,24.3181,4.62498,0.273333
0.0492,18.1399,18.1399,4.61266,83.6731,85.0695,24.3173,4.61266,0.271667
0.0494,18.0853,18.0853,4.63789,83.8775,85.0695,24.3191,4.63789,0.273333
0.0496,18.034,18.034,4.64575,83.7817,85.0695,24.3197,4.64575,0.275
0.0498,18.0909,18.0909,4.62498,83.6701,85.0695,24.3181,4.62498,0.273333
0.05,18.1399,18.1399,4.61266,83.6731,85.0695,24.3173,4.61266,0.271667
0.0502,18.0853,18.0853,4.63789,83.8775,85.0695,24.3191,4.63789,0.273333
0.0504,18.034,18.034,4.64575,83.7817,85.0695,24.3197,4.64575,0.275
0.0506,18.0909,18.0909,4.62498,83.6701,85.0695,24.3181,4.62498,0.273333
0.0508,18.1399,18.1399,4.61266,83.6731,85.0695,24.3173,4.61266,0.271667
0.051,18.0853,18.0853,4.63789,83.8775,85.0695,24.3191,4.63789,0.273333
0.0512,18.034,18.034,4.64575,83.7817,85.0695,24.3197,4.64575,0.275
0.0514,18.0909,18.0909,4.62498,83.6701,85.0695,24.3181,4.62498,0.273333
0.0516,18.1399,18.1399,4.61266,83.6731,85.0695,24.3173,4.61266,0.271667
0.0518,18.0853,18.0853,4.63789,83.8775,85.0695,24.3191,4.63789,0.273333
0.052,18.034,18.034,4.64575,83.7817,85.0695,24.3197,4.64575,0.275
0.0522,18.0909,18.0909,4.62498,83.6701,85.0695,24.3181,4.62498,0.273333
0.0524,18.1399,18.1399,4.61266,83.6731,85.0695,24.3173,4.61266,0.271667
0.0526,18.0853,18.0853,4.63789,83.8775,85.0695,24.3191,4.63789,0.273333
0.0528,18.034,18.034,4.64575,83.7817,85.0695,24.3197,4.64575,0.275
0.053,18.0909,18.0909,4.62498,83.6701,85.0695,24.3181,4.62498,0.273333
0.0532,18.1399,18.1399,4.61266,83.6731,85.0695,24.3173,4.61266,0.271667
0.0534,18.0853,18.0853,4.63789,83.8775,85.0695,24.3191,4.63789,0.273333
0.0536,18.034,18.034,4.64575,83.7817,85.0695,24.3197,4.64575,0.275
0.0538,18.0909,18.0909,4.62498,83.6701,85.0695,24.3181,4.62498,0.273333
0.054,18.1399,18.1399,4.61266,83.6731,85.0695,24.3173,4.61266,0.271667
0.0542,18.0853,18.0853,4.63789,83.8775,85.0695,24.3191,4.63789,0.273333
0.0544,18.034,18.034,4.64575,83.7817,85.0695,24.3197,4.64575,0.275
0.0546,18.0909,18.0909,4.62498,83.6701,85.0695,24.3181,4.62498,0.273333
0.0548,18.1399,18.1399,4.61266,83.6731,85.0695,24.3173,4.61266,0.271667
0.055,18.0853,18.0853,4.63789,83.8775,85.0695,24.3191,4.63789,0.273333
0.0552,18.034,18.034,4.64575,83.7817,85.0695,24.3197,4.64575,0.275
0.0554,18.0909,18.0909,4.62498,83.6701,85.0695,24.3181,4.62498,0.273333
0.0556,18.1399,18.1399,4.61266,83.6731,85.0695,24.3173,4.61266,0.271667
0.0558,18.0853,18.0853,4.63789,83.8775,85.0695,24.3191,4.63789,0.273333
0.056,18.034,18.034,4.64575,83.7817,85.0695,24.3197,4.64575,0.275
0.0562,18.0909,18.0909,4.62498,83.6701,85.0695,24.3181,4.62498,0.273333
0.0564,18.1399,18.1399,4.61266,83.6731,85.0695,24.3173,4.61266,0.271667
0.0566,18.0853,18.0853,4.63789,83.8775,85.0695,24.3191,4.63789,0.273333
0.0568,18.034,18.034,4.64575,83.7817,85.0695,24.3197,4.64575,0.275
0.057,18.0909,18.0909,4.62498,83.6701,85.0695,24.3181,4.62498,0.273333
0.0572,18.1399,18.1399,4.61266,83.6731,85.0695,24.3173,4.61266,0.271667
0.0574,18.0853,18.0853,4.63789,83.8775,85.0695,24.3191,4.63789,0.273333
0.0576,18.034,18.034,4.64575,83.7817,85.0695,24.3197,4.64575,0.275
0.0578,18.0909,18.0909,4.62498,83.6701,85.0695,24.3181,4.62498,0.273333
0.058,18.1399,18.1399,4.61266,83.6731,85.0695,24.3173,4.61266,0.271667
0.0582,18.0853,18.0853,4.63789,83.8775,85.0695,24.3191,4.63789,0.273333
0.0584,18.034,18.034,4.64575,83.7817,85.0695,24.3197,4.64575,0.275
0.0586,18.0909,18.0909,4.62498,83.6701,85.0695,24.3181,4.62498,0.273333
0.0588,18.1399,18.1399,4.61266,83.6731,85.0695,24.3173,4.61266,0.271667
0.059,18.0853,18.0853,4.63789,83.8775,85.0695,24.3191,4.63789,0.273333
0.0592,18.034,18.034,4.64575,83.7817,85.0695,24.3197,4.64575,0.275
0.0594,18.0909,18.0909,4.62498,83.6701,85.0695,24.3181,4.62498,0.273333
0.0596,18.1399,18.1399,4.61266,83.6731,85.0695,24.3173,4.61266,0.271667
0.0598,18.0853,18.0853,4.63789,83.8775,85.0695,24.3191,4.63789,0.273333
0.06,18.034,18.034,4.64575,83.7817,85.0695,24.3197,4.64575,0.275
0.0602,18.0909,18.0909,4.62498,83.6701,85.0695,24.3181,4.62498,0.273333
0.0604,18.1399,18.1399,4.61266,83.6731,85.0695,24.3173,4.61266,0.271667
0.0606,18.0853,18.0853,4.63789,83.8775,85.0695,24.3191,4.63789,0.273333
0.0608,18.034,18.034,4.64575,83.7817,85.0695,24.3197,4.64575,0.275
0.061,18.0909,18.0909,4.62498,83.6701,85.0695,24.3181,4.62498,0.273333
0.0612,18.1399,18.1399,4.61266,83.6731,85.0695,24.3173,4.61266,0.271667
0.0614,18.0853,18.0853,4.63789,83.8775,85.0695,24.3191,4.63789,0.273333
0.0616,18.034,18.034,4.64575,83.7817,85.0695,24.3197,4.64575,0.275
0.0618,18.0909,18.0909,4.62498,83.6701,85.0695,24.3181,4.62498,0.273333
0.062,18.1399,18.1399,4.61266,83.6731,85.0695,24.3173,4.61266,0.271667
0.0622,18.0853,18.0853,4.63789,83.8775,85.0695,24.3191,4.63789,0.273333
0.0624,18.034,18.034,4.64575,83.7817,85.0695,24.3197,4.64575,0.275
0.0626,18.0909,18.0909,4.62498,83.6701,85.0695,24.3181,4.62498,0.273333
0.0628,18.1399,18.1399,4.61266,83.6731,85.0695,24.3173,4.61266,0.271667
0.063,18.0853,18.0853,4.63789,83.8775,85.0695,24.3191,4.63789,0.273333
0.0632,18.034,18.034,4.64575,83.7817,85.0695,24.3197,4.64575,0.275
0.0634,18.0909,18.0909,4.62498,83.6701,85.0695,24.3181,4.62498,0.273333
0.0636,18.1399,18.1399,4.61266,83.6731,85.0695,24.3173,4.61266,0.271667
0.0638,18.0853,18.0853,4.63789,83.8775,85.0695,24.3191,4.63789,0.273333
0.064,18.034,18.034,4.64575,83.7817,85.0695,24.3197,4.64575,0.275
0.0642,18.0909,18.0909,4.62498,83.6701,85.0695,24.3181,4.62498,0.273333
0.0644,18.1399,18.1399,4.61266,83.6731,85.0695,24.3173,4.61266,0.271667
0.0646,18.0853,18.0853,4.63789,83.8775,85.0695,24.3191,4.63789,0.273333
0.0648,18.034,18.034,4.64575,83.7817,85.0695,24.3197,4.64575,0.275
0.065,18.0909,18.0909,4.62498,83.6701,85.0695,24.3181,4.62498,0.273333
0.0652,18.1399,18.1399,4.61266,83.6731,85.0695,24.3173,4.61266,0.271667
0.0654,18.0853,18.0853,4.63789,83.8775,85.0695,24.3191,4.63789,0.273333
0.0656,18.034,18.034,4.64575,83.7817,85.0695,24.3197,4.64575,0.275
0.0658,18.0909,18.0909,4.62498,83.6701,85.0695,24.3181,4.62498,0.273333
0.066,18.1399,18.1399,4.61266,83.6731,85.0695,24.3173,4.61266,0.271667
0.0662,18.0853,18.0853,4.63789,83.8775,85.0695,24.3191,4.63789,0.273333
0.0664,18.034,18.034,4.64575,83.7817,85.0695,24.3197,4.64575,0.275
0.0666,18.0909,18.0909,4.62498,83.6701,85.0695,24.3181,4.62498,0.273333
0.0668,18.1399,18.1399,4.61266,83.6731,85.0695,24.3173,4.61266,0.271667
0.067,18.0853,18.0853,4.63789,83.8775,85.0695,24.3191,4.63789,0.273333
0.0672,18.034,18.034,4.64575,83.7817,85.0695,24.3197,4.64575,0.275
0.0674,18.0909,18.0909,4.62498,83.6701,85.0695,24.3181,4.62498,0.273333
0.0676,18.1399,18.1399,4.61266,83.6731,85.0695,24.3173,4.61266,0.271667
0.0678,18.0853,18.0853,4.63789,83.8775,85.0695,24.3191,4.63789,0.273333
0.068,18.034,18.034,4.64575,83.7817,85.0695,24.3197,4.64575,0.275
0.0682,18.0909,18.0909,4.62498,83.6701,85.0695,24.3181,4.62498,0.273333
0.0684,18.1399,18.1399,4.61266,83.6731,85.0695,24.3173,4.61266,0.271667
0.0686,18.0853,18.0853,4.63789,83.8775,85.0695,24.3191,4.63789,0.273333
0.0688,18.034,18.034,4.64575,83.7817,85.0695,24.3197,4.64575,0.275
0.069,18.0909,18.0909,4.62498,83.6701,85.0695,24.3181,4.62498,0.273333
0.0692,18.1399,18.1399,4.61266,83.6731,85.0695,24.3173,4.61266,0.271667
0.0694,18.0853,18.0853,4.63789,83.8775,85.0695,24.3191,4.63789,0.273333
0.0696,18.034,18.034,4.64575,83.7817,85.0695,24.3197,4.64575,0.275
0.0698,18.0909,18.0909,4.62498,83.6701,85.0695,24.3181,4.62498,0.273333
0.07,18.1399,18.1399,4.61266,83.6731,85.0695,24.3173,4.61266,0.271667
0.0702,18.0853,18.0853,4.63789,83.8775,85.0695,24.3191,4.63789,0.273333
0.0704,18.034,18.034,4.64575,83.7817,85.0695,24.3197,4.64575,0.275
0.0706,18.0909,18.0909,4.62498,83.6701,85.0695,24.3181,4.62498,0.273333
0.0708,18.1399,18.1399,4.61266,83.6731,85.0695,24.3173,4.61266,0.271667
0.071,18.0853,18.0853,4.63789,83.8775,85.0695,24.3191,4.63789,0.273333
0.0712,18.034,18.034,4.64575,83.7817,85.0695,24.3197,4.64575,0.275
0.0714,18.0909,18.0909,4.62498,83.6701,85.0695,24.3181,4.62498,0.273333
0.0716,18.1399,18.1399,4.61266,83.6731,85.0695,24.3173,4.61266,0.271667
0.0718,18.0853,18.0853,4.63789,83.8775,85.0695,24.3191,4.63789,0.273333
0.072,18.0341,18.0341,4.64576,83.7819,85.0695,24.3197,4.64576,0.275
0.0722,18.0887,18.0887,4.62912,83.7349,85.0695,24.3137,4.62912,0.273333
0.0724,18.1309,18.1309,4.61631,83.6977,85.0695,24.3161,4.61631,0.271667
0.0726,18.0986,18.0986,4.63406,83.87,85.0695,24.3186,4.63406,0.273333
0.0728,18.0385,18.0385,4.64802,83.8432,85.0695,24.3177,4.64802,0.275
0.073,18.0939,18.0939,4.62612,83.7045,85.0695,24.312,4.62612,0.273333
0.0732,18.1357,18.1357,4.61588,83.7123,85.0695,24.317,4.61588,0.271667
0.0734,18.0967,18.0967,4.63666,83.908,85.0695,24.3183,4.63666,0.273333
0.0736,18.0297,18.0297,4.64648,83.7747,85.0695,24.3182,4.64648,0.275
0.0738,18.0918,18.0918,4.62695,83.7099,85.0695,24.313,4.62695,0.273333
0.074,18.1395,18.1395,4.61389,83.6936,85.0695,24.3138,4.61389,0.271667
0.0742,18.0965,18.0965,4.63606,83.8963,85.0695,24.3158,4.63606,0.273333
0.0744,18.0346,18.0346,4.6465,83.7977,85.0695,24.3195,4.6465,0.275
0.0746,18.0916,18.0916,4.62631,83.6974,85.0695,24.3145,4.62631,0.273333
0.0748,18.1356,18.1356,4.61618,83.7173,85.0695,24.317,4.61618,0.271667
0.075,18.101,18.101,4.63293,83.8606,85.0695,24.3148,4.63293,0.273333
0.0752,18.0483,18.0483,4.64481,83.8311,85.0695,24.3157,4.64481,0.275
0.0754,18.0899,18.0899,4.62611,83.686,85.0695,24.3144,4.62611,0.273333
0.0756,18.1427,18.1427,4.61362,83.7033,85.0695,24.3159,4.61362,0.271667
0.0758,18.0814,18.0814,4.63779,83.8577,85.0695,24.3153,4.63779,0.273333
0.076,18.0292,18.0292,4.64566,83.7577,85.0695,24.3195,4.64566,0.275
0.0762,18.0962,18.0962,4.62435,83.683,85.0695,24.3156,4.62435,0.273333
0.0764,18.1369,18.1369,4.61472,83.6969,85.0695,24.3155,4.61472,0.271667
0.0766,18.0963,18.0963,4.63588,83.8921,85.0695,24.3158,4.63588,0.273333
0.0768,18.0414,18.0414,4.64563,83.8138,85.0695,24.3165,4.64563,0.275
0.077,18.0923,18.0923,4.62537,83.6835,85.0695,24.3146,4.62537,0.273333
0.0772,18.1276,18.1276,4.62124,83.772,85.0695,24.3172,4.62124,0.271667
0.0774,18.0772,18.0772,4.63616,83.8087,85.0695,24.3141,4.63616,0.273333
0.0776,18.0498,18.0498,4.64209,83.7891,85.0695,24.3156,4.64209,0.275
0.0778,18.0957,18.0957,4.6272,83.7322,85.0695,24.3148,4.6272,0.273333
0.078,18.1313,18.1313,4.61773,83.7252,85.0695,24.3169,4.61773,0.271667
0.0782,18.0939,18.0939,4.63509,83.8668,85.0695,24.3159,4.63509,0.273333
0.0784,18.0371,18.0371,4.64796,83.8356,85.0695,24.3161,4.64796,0.275
0.0786,18.0795,18.0795,4.62903,83.6907,85.0695,24.3144,4.62903,0.273333
0.0788,18.1357,18.1357,4.61778,83.7466,85.0695,24.314,4.61778,0.271667
0.079,18.0966,18.0966,4.63554,83.8875,85.0695,24.3149,4.63554,0.273333
0.0792,18.0417,18.0417,4.64491,83.8021,85.0695,24.3161,4.64491,0.275
0.0794,18.0863,18.0863,4.62779,83.6996,85.0695,24.3135,4.62779,0.273333
0.0796,18.1401,18.1401,4.61382,83.6953,85.0695,24.3138,4.61382,0.271667
0.0798,18.0964,18.0964,4.63611,83.8967,85.0695,24.3158,4.63611,0.273333
0.08,18.0348,18.0348,4.64619,83.793,85.0695,24.3195,4.64619,0.275
0.0802,18.088,18.088,4.62917,83.7325,85.0695,24.3137,4.62917,0.273333
0.0804,18.131,18.131,4.61625,83.6973,85.0695,24.3161,4.61625,0.271667
0.0806,18.0942,18.0942,4.63607,83.8859,85.0695,24.3175,4.63607,0.273333
0.0808,18.0318,18.0318,4.64709,83.7954,85.0695,24.316,4.64709,0.275
0.081,18.0812,18.0812,4.62896,83.6972,85.0695,24.3144,4.62896,0.273333
0.0812,18.1345,18.1345,4.61805,83.746,85.0695,24.314,4.61805,0.271667
0.0814,18.0922,18.0922,4.63172,83.798,85.0695,24.3151,4.63172,0.273333
0.0816,18.0378,18.0378,4.64761,83.833,85.0695,24.3166,4.64761,0.275
0.0818,18.0942,18.0942,4.62445,83.6757,85.0695,24.3143,4.62445,0.273333
0.082,18.1372,18.1372,4.61458,83.6957,85.0695,24.3155,4.61458,0.271667
0.0822,18.0964,18.0964,4.63589,83.8929,85.0695,24.3158,4.63589,0.273333
0.0824,18.04,18.04,4.64416,83.7805,85.0695,24.3193,4.64416,0.275
0.0826,18.0895,18.0895,4.6278,83.7144,85.0695,24.3171,4.6278,0.273333
0.0828,18.1348,18.1348,4.61666,83.7221,85.0695,24.3134,4.61666,0.271667
0.083,18.0867,18.0867,4.63489,83.8297,85.0695,24.3181,4.63489,0.273333
0.0832,18.0326,18.0326,4.64774,83.8109,85.0695,24.3182,4.64774,0.275
0.0834,18.0803,18.0803,4.62903,83.6943,85.0695,24.3144,4.62903,0.273333
0.0836,18.1327,18.1327,4.61955,83.7651,85.0695,24.3116,4.61955,0.271667
0.0838,18.0799,18.0799,4.63787,83.8522,85.0695,24.3178,4.63787,0.273333
0.084,18.0394,18.0394,4.64641,83.8182,85.0695,24.316,4.64641,0.275
0.0842,18.0903,18.0903,4.6252,83.671,85.0695,24.3153,4.6252,0.273333
0.0844,18.1389,18.1389,4.61388,83.6907,85.0695,24.3155,4.61388,0.271667
0.0846,18.098,18.098,4.63261,83.841,85.0695,24.315,4.63261,0.273333
0.0848,18.0367,18.0367,4.64801,83.8346,85.0695,24.3134,4.64801,0.275
0.085,18.0749,18.0749,4.6261,83.6162,85.0695,24.3145,4.6261,0.273333
0.0852,18.1442,18.1442,4.61666,83.7656,85.0695,24.3141,4.61666,0.271667
0.0854,18.0967,18.0967,4.63632,83.9021,85.0695,24.3182,4.63632,0.273333
0.0856,18.0288,18.0288,4.64825,83.8022,85.0695,24.3182,4.64825,0.275
0.0858,18.0541,18.0541,4.63039,83.5978,85.0695,24.3149,4.63039,0.273333
0.086,18.1327,18.1327,4.61532,83.688,85.0695,24.3139,4.61532,0.271667
0.0862,18.177,18.177,4.60789,83.7579,85.0695,24.3134,4.60789,0.27
0.0864,18.1257,18.1257,4.62348,83.804,85.0695,24.3166,4.62348,0.271667
0.0866,18.0828,18.0828,4.63338,83.7845,85.0695,24.3152,4.63338,0.273333
0.0868,18.0493,18.0493,4.64264,83.7964,85.0695,24.3194,4.64264,0.275
0.087,18.0939,18.0939,4.62812,83.741,85.0695,24.3143,4.62812,0.273333
0.0872,18.1385,18.1385,4.61421,83.6949,85.0695,24.3138,4.61421,0.271667
0.0874,18.0936,18.0936,4.63337,83.8343,85.0695,24.3149,4.63337,0.273333
0.0876,18.0447,18.0447,4.64597,83.835,85.0695,24.3176,4.64597,0.275
0.0878,18.0897,18.0897,4.62581,83.6797,85.0695,24.3144,4.62581,0.273333
0.088,18.1353,18.1353,4.6184,83.7561,85.0695,24.3156,4.6184,0.271667
0.0882,18.0936,18.0936,4.63583,83.8787,85.0695,24.3154,4.63583,0.273333
0.0884,18.0408,18.0408,4.64395,83.7805,85.0695,24.3193,4.64395,0.275
0.0886,18.0866,18.0866,4.6293,83.7282,85.0695,24.3147,4.6293,0.273333
0.0888,18.1313,18.1313,4.61614,83.6966,85.0695,24.3161,4.61614,0.271667
0.089,18.0973,18.0973,4.63318,83.8482,85.0695,24.3149,4.63318,0.273333
0.0892,18.0476,18.0476,4.64313,83.7976,85.0695,24.3193,4.64313,0.275
0.0894,18.0938,18.0938,4.62799,83.7381,85.0695,24.3143,4.62799,0.273333
0.0896,18.1379,18.1379,4.61439,83.6954,85.0695,24.3138,4.61439,0.271667
0.0898,18.0935,18.0935,4.63333,83.8333,85.0695,24.3149,4.63333,0.273333
0.09,18.0447,18.0447,4.64596,83.8352,85.0695,24.3176,4.64596,0.275
0.0902,18.0897,18.0897,4.62582,83.6798,85.0695,24.3144,4.62582,0.273333
0.0904,18.1353,18.1353,4.6184,83.7561,85.0695,24.3156,4.6184,0.271667
0.0906,18.0936,18.0936,4.63583,83.8787,85.0695,24.3154,4.63583,0.273333
0.0908,18.0408,18.0408,4.64395,83.7805,85.0695,24.3193,4.64395,0.275
0.091,18.0866,18.0866,4.6293,83.7282,85.0695,24.3147,4.6293,0.273333
0.0912,18.1313,18.1313,4.61614,83.6966,85.0695,24.3161,4.61614,0.271667
0.0914,18.0973,18.0973,4.63318,83.8482,85.0695,24.3149,4.63318,0.273333
0.0916,18.0476,18.0476,4.64313,83.7976,85.0695,24.3193,4.64313,0.275
0.0918,18.0938,18.0938,4.62799,83.7381,85.0695,24.3143,4.62799,0.273333
0.092,18.1379,18.1379,4.61439,83.6954,85.0695,24.3138,4.61439,0.271667
0.0922,18.0935,18.0935,4.63333,83.8333,85.0695,24.3149,4.63333,0.273333
0.0924,18.0447,18.0447,4.64596,83.8352,85.0695,24.3176,4.64596,0.275
0.0926,18.0897,18.0897,4.62582,83.6798,85.0695,24.3144,4.62582,0.273333
0.0928,18.1353,18.1353,4.6184,83.7561,85.0695,24.3156,4.6184,0.271667
0.093,18.0936,18.0936,4.63583,83.8787,85.0695,24.3154,4.63583,0.273333
0.0932,18.0408,18.0408,4.64395,83.7805,85.0695,24.3193,4.64395,0.275
0.0934,18.0866,18.0866,4.6293,83.7282,85.0695,24.3147,4.6293,0.273333
0.0936,18.1313,18.1313,4.61614,83.6966,85.0695,24.3161,4.61614,0.271667
0.0938,18.0973,18.0973,4.63318,83.8482,85.0695,24.3149,4.63318,0.273333
0.094,18.0476,18.0476,4.64313,83.7976,85.0695,24.3193,4.64313,0.275
0.0942,18.0938,18.0938,4.62799,83.7381,85.0695,24.3143,4.62799,0.273333
0.0944,18.1379,18.1379,4.61439,83.6954,85.0695,24.3138,4.61439,0.271667
0.0946,18.0935,18.0935,4.63333,83.8333,85.0695,24.3149,4.63333,0.273333
0.0948,18.0447,18.0447,4.64596,83.8352,85.0695,24.3176,4.64596,0.275
0.095,18.0897,18.0897,4.62582,83.6798,85.0695,24.3144,4.62582,0.273333
0.0952,18.1353,18.1353,4.6184,83.7561,85.0695,24.3156,4.6184,0.271667
0.0954,18.0936,18.0936,4.63583,83.8787,85.0695,24.3154,4.63583,0.273333
0.0956,18.0408,18.0408,4.64395,83.7805,85.0695,24.3193,4.64395,0.275
0.0958,18.0866,18.0866,4.6293,83.7282,85.0695,24.3147,4.6293,0.273333
0.096,18.1313,18.1313,4.61614,83.6966,85.0695,24.3161,4.61614,0.271667
0.0962,18.0973,18.0973,4.63318,83.8482,85.0695,24.3149,4.63318,0.273333
0.0964,18.0476,18.0476,4.64313,83.7976,85.0695,24.3193,4.64313,0.275
0.0966,18.0938,18.0938,4.62799,83.7381,85.0695,24.3143,4.62799,0.273333
0.0968,18.1379,18.1379,4.61439,83.6954,85.0695,24.3138,4.61439,0.271667
0.097,18.0935,18.0935,4.63333,83.8333,85.0695,24.3149,4.63333,0.273333
0.0972,18.0447,18.0447,4.64596,83.8352,85.0695,24.3176,4.64596,0.275
0.0974,18.0897,18.0897,4.62582,83.6798,85.0695,24.3144,4.62582,0.273333
0.0976,18.1353,18.1353,4.6184,83.7561,85.0695,24.3156,4.6184,0.271667
0.0978,18.0936,18.0936,4.63583,83.8787,85.0695,24.3154,4.63583,0.273333
0.098,18.0408,18.0408,4.64395,83.7805,85.0695,24.3193,4.64395,0.275
0.0982,18.0866,18.0866,4.6293,83.7282,85.0695,24.3147,4.6293,0.273333
0.0984,18.1313,18.1313,4.61614,83.6966,85.0695,24.3161,4.61614,0.271667
0.0986,18.0973,18.0973,4.63318,83.8482,85.0695,24.3149,4.63318,0.273333
0.0988,18.0476,18.0476,4.64313,83.7976,85.0695,24.3193,4.64313,0.275
0.099,18.0938,18.0938,4.62799,83.7381,85.0695,24.3143,4.62799,0.273333
0.0992,18.1379,18.1379,4.61439,83.6954,85.0695,24.3138,4.61439,0.271667
0.0994,18.0935,18.0935,4.63333,83.8333,85.0695,24.3149,4.63333,0.273333
0.0996,18.0447,18.0447,4.64596,83.8352,85.0695,24.3176,4.64596,0.275
0.0998,18.0897,18.0897,4.62582,83.6798,85.0695,24.3144,4.62582,0.273333
0.1,18.1353,18.1353,4.6184,83.7561,85.0695,24.3156,4.6184,0.271667
0.1002,18.0936,18.0936,4.63583,83.8787,85.0695,24.3154,4.63583,0.273333
0.1004,18.0408,18.0408,4.64395,83.7805,85.0695,24.3193,4.64395,0.275
0.1006,18.0866,18.0866,4.6293,83.7282,85.0695,24.3147,4.6293,0.273333
0.1008,18.1313,18.1313,4.61614,83.6966,85.0695,24.3161,4.61614,0.271667
0.101,18.0973,18.0973,4.63318,83.8482,85.0695,24.3149,4.63318,0.273333
0.1012,18.0476,18.0476,4.64313,83.7976,85.0695,24.3193,4.64313,0.275
0.1014,18.0938,18.0938,4.62799,83.7381,85.0695,24.3143,4.62799,0.273333
0.1016,18.1379,18.1379,4.61439,83.6954,85.0695,24.3138,4.61439,0.271667
0.1018,18.0935,18.0935,4.63333,83.8333,85.0695,24.3149,4.63333,0.273333
0.102,18.0447,18.0447,4.64596,83.8352,85.0695,24.3176,4.64596,0.275
0.1022,18.0897,18.0897,4.62582,83.6798,85.0695,24.3144,4.62582,0.273333
0.1024,18.1353,18.1353,4.6184,83.7561,85.0695,24.3156,4.6184,0.271667
0.1026,18.0936,18.0936,4.63583,83.8787,85.0695,24.3154,4.63583,0.273333
0.1028,18.0408,18.0408,4.64395,83.7805,85.0695,24.3193,4.64395,0.275
0.103,18.0866,18.0866,4.6293,83.7282,85.0695,24.3147,4.6293,0.273333
0.1032,18.1313,18.1313,4.61614,83.6966,85.0695,24.3161,4.61614,0.271667
0.1034,18.0973,18.0973,4.63318,83.8482,85.0695,24.3149,4.63318,0.273333
0.1036,18.0476,18.0476,4.64313,83.7976,85.0695,24.3193,4.64313,0.275
0.1038,18.0938,18.0938,4.62799,83.7381,85.0695,24.3143,4.62799,0.273333
0.104,18.1379,18.1379,4.61439,83.6954,85.0695,24.3138,4.61439,0.271667
0.1042,18.0935,18.0935,4.63333,83.8333,85.0695,24.3149,4.63333,0.273333
0.1044,18.0447,18.0447,4.64596,83.8352,85.0695,24.3176,4.64596,0.275
0.1046,18.0897,18.0897,4.62582,83.6798,85.0695,24.3144,4.62582,0.273333
0.1048,18.1353,18.1353,4.6184,83.7561,85.0695,24.3156,4.6184,0.271667
0.105,18.0936,18.0936,4.63583,83.8787,85.0695,24.3154,4.63583,0.273333
0.1052,18.0408,18.0408,4.64395,83.7805,85.0695,24.3193,4.64395,0.275
0.1054,18.0866,18.0866,4.6293,83.7282,85.0695,24.3147,4.6293,0.273333
0.1056,18.1313,18.1313,4.61614,83.6966,85.0695,24.3161,4.61614,0.271667
0.1058,18.0973,18.0973,4.63318,83.8482,85.0695,24.3149,4.63318,0.273333
0.106,18.0476,18.0476,4.64313,83.7976,85.0695,24.3193,4.64313,0.275
0.1062,18.0938,18.0938,4.62799,83.7381,85.0695,24.3143,4.62799,0.273333
0.1064,18.1379,18.1379,4.61439,83.6954,85.0695,24.3138,4.61439,0.271667
0.1066,18.0935,18.0935,4.63333,83.8333,85.0695,24.3149,4.63333,0.273333
0.1068,18.0447,18.0447,4.64596,83.8352,85.0695,24.3176,4.64596,0.275
0.107,18.0897,18.0897,4.62582,83.6798,85.0695,24.3144,4.62582,0.273333
0.1072,18.1353,18.1353,4.6184,83.7561,85.0695,24.3156,4.6184,0.271667
0.1074,18.0936,18.0936,4.63583,83.8787,85.0695,24.3154,4.63583,0.273333
0.1076,18.0408,18.0408,4.64395,83.7805,85.0695,24.3193,4.64395,0.275
0.1078,18.0866,18.0866,4.6293,83.7282,85.0695,24.3147,4.6293,0.273333
0.108,18.1313,18.1313,4.61614,83.6966,85.0695,24.3161,4.61614,0.271667
0.1082,18.0973,18.0973,4.63318,83.8482,85.0695,24.3149,4.63318,0.273333
0.1084,18.0476,18.0476,4.64313,83.7976,85.0695,24.3193,4.64313,0.275
0.1086,18.0938,18.0938,4.62799,83.7381,85.0695,24.3143,4.62799,0.273333
0.1088,18.1379,18.1379,4.61439,83.6954,85.0695,24.3138,4.61439,0.271667
0.109,18.0935,18.0935,4.63333,83.8333,85.0695,24.3149,4.63333,0.273333
0.1092,18.0447,18.0447,4.64596,83.8352,85.0695,24.3176,4.64596,0.275
0.1094,18.0897,18.0897,4.62582,83.6798,85.0695,24.3144,4.62582,0.273333
0.1096,18.1353,18.1353,4.6184,83.7561,85.0695,24.3156,4.6184,0.271667
0.1098,18.0936,18.0936,4.63583,83.8787,85.0695,24.3154,4.63583,0.273333
0.11,18.0408,18.0408,4.64395,83.7805,85.0695,24.3193,4.64395,0.275
0.1102,18.0866,18.0866,4.6293,83.7282,85.0695,24.3147,4.6293,0.273333
0.1104,18.1313,18.1313,4.61614,83.6966,85.0695,24.3161,4.61614,0.271667
0.1106,18.0973,18.0973,4.63318,83.8482,85.0695,24.3149,4.63318,0.273333
0.1108,18.0476,18.0476,4.64313,83.7976,85.0695,24.3193,4.64313,0.275
0.111,18.0938,18.0938,4.62799,83.7381,85.0695,24.3143,4.62799,0.273333
0.1112,18.1379,18.1379,4.61439,83.6954,85.0695,24.3138,4.61439,0.271667
0.1114,18.0935,18.0935,4.63333,83.8333,85.0695,24.3149,4.63333,0.273333
0.1116,18.0447,18.0447,4.64596,83.8352,85.0695,24.3176,4.64596,0.275
0.1118,18.0897,18.0897,4.62582,83.6798,85.0695,24.3144,4.62582,0.273333
0.112,18.1353,18.1353,4.6184,83.7561,85.0695,24.3156,4.6184,0.271667
0.1122,18.0936,18.0936,4.63583,83.8787,85.0695,24.3154,4.63583,0.273333
0.1124,18.0408,18.0408,4.64395,83.7805,85.0695,24.3193,4.64395,0.275
0.1126,18.0866,18.0866,4.6293,83.7282,85.0695,24.3147,4.6293,0.273333
0.1128,18.1313,18.1313,4.61614,83.6966,85.0695,24.3161,4.61614,0.271667
0.113,18.0973,18.0973,4.63318,83.8482,85.0695,24.3149,4.63318,0.273333
0.1132,18.0476,18.0476,4.64313,83.7976,85.0695,24.3193,4.64313,0.275
0.1134,18.0938,18.0938,4.62799,83.7381,85.0695,24.3143,4.62799,0.273333
0.1136,18.1379,18.1379,4.61439,83.6954,85.0695,24.3138,4.61439,0.271667
0.1138,18.0935,18.0935,4.63333,83.8333,85.0695,24.3149,4.63333,0.273333
0.114,18.0447,18.0447,4.64596,83.8352,85.0695,24.3176,4.64596,0.275
0.1142,18.0897,18.0897,4.62582,83.6798,85.0695,24.3144,4.62582,0.273333
0.1144,18.1353,18.1353,4.6184,83.7561,85.0695,24.3156,4.6184,0.271667
0.1146,18.0936,18.0936,4.63583,83.8787,85.0695,24.3154,4.63583,0.273333
0.1148,18.0408,18.0408,4.64395,83.7805,85.0695,24.3193,4.64395,0.275
0.115,18.0866,18.0866,4.6293,83.7282,85.0695,24.3147,4.6293,0.273333
0.1152,18.1313,18.1313,4.61614,83.6966,85.0695,24.3161,4.61614,0.271667
0.1154,18.0973,18.0973,4.63318,83.8482,85.0695,24.3149,4.63318,0.273333
0.1156,18.0476,18.0476,4.64313,83.7976,85.0695,24.3193,4.64313,0.275
0.1158,18.0938,18.0938,4.62799,83.7381,85.0695,24.3143,4.62799,0.273333
0.116,18.1379,18.1379,4.61439,83.6954,85.0695,24.3138,4.61439,0.271667
0.1162,18.0935,18.0935,4.63333,83.8333,85.0695,24.3149,4.63333,0.273333
0.1164,18.0447,18.0447,4.64596,83.8352,85.0695,24.3176,4.64596,0.275
0.1166,18.0897,18.0897,4.62582,83.6798,85.0695,24.3144,4.62582,0.273333
0.1168,18.1353,18.1353,4.6184,83.7561,85.0695,24.3156,4.6184,0.271667
0.117,18.0936,18.0936,4.63583,83.8787,85.0695,24.3154,4.63583,0.273333
0.1172,18.0408,18.0408,4.64395,83.7805,85.0695,24.3193,4.64395,0.275
0.1174,18.0866,18.0866,4.6293,83.7282,85.0695,24.3147,4.6293,0.273333
0.1176,18.1313,18.1313,4.61614,83.6966,85.0695,24.3161,4.61614,0.271667
0.1178,18.0973,18.0973,4.63318,83.8482,85.0695,24.3149,4.63318,0.273333
0.118,18.0476,18.0476,4.64313,83.7976,85.0695,24.3193,4.64313,0.275
0.1182,18.0938,18.0938,4.62799,83.7381,85.0695,24.3143,4.62799,0.273333
0.1184,18.1379,18.1379,4.61439,83.6954,85.0695,24.3138,4.61439,0.271667
0.1186,18.0935,18.0935,4.63333,83.8333,85.0695,24.3149,4.63333,0.273333
0.1188,18.0447,18.0447,4.64596,83.8352,85.0695,24.3176,4.64596,0.275
0.119,18.0897,18.0897,4.62582,83.6798,85.0695,24.3144,4.62582,0.273333
0.1192,18.1353,18.1353,4.6184,83.7561,85.0695,24.3156,4.6184,0.271667
0.1194,18.0936,18.0936,4.63583,83.8787,85.0695,24.3154,4.63583,0.273333
0.1196,18.0408,18.0408,4.64395,83.7805,85.0695,24.3193,4.64395,0.275
0.1198,18.0866,18.0866,4.6293,83.7282,85.0695,24.3147,4.6293,0.273333
0.12,18.1313,18.1313,4.61614,83.6966,85.0695,24.3161,4.61614,0.271667
0.1202,18.0973,18.0973,4.63318,83.8482,85.0695,24.3149,4.63318,0.273333
0.1204,18.0476,18.0476,4.64313,83.7976,85.0695,24.3193,4.64313,0.275
0.1206,18.0938,18.0938,4.62799,83.7381,85.0695,24.3143,4.62799,0.273333
0.1208,18.1379,18.1379,4.61439,83.6954,85.0695,24.3138,4.61439,0.271667
0.121,18.0935,18.0935,4.63333,83.8333,85.0695,24.3149,4.63333,0.273333
0.1212,18.0447,18.0447,4.64596,83.8352,85.0695,24.3176,4.64596,0.275
0.1214,18.0897,18.0897,4.62582,83.6798,85.0695,24.3144,4.62582,0.273333
0.1216,18.1353,18.1353,4.6184,83.7561,85.0695,24.3156,4.6184,0.271667
0.1218,18.0936,18.0936,4.63583,83.8787,85.0695,24.3154,4.63583,0.273333
0.122,18.0408,18.0408,4.64395,83.7805,85.0695,24.3193,4.64395,0.275
0.1222,18.0866,18.0866,4.6293,83.7282,85.0695,24.3147,4.6293,0.273333
0.1224,18.1313,18.1313,4.61614,83.6966,85.0695,24.3161,4.61614,0.271667
0.1226,18.0973,18.0973,4.63318,83.8482,85.0695,24.3149,4.63318,0.273333
0.1228,18.0476,18.0476,4.64313,83.7976,85.0695,24.3193,4.64313,0.275
0.123,18.0938,18.0938,4.62799,83.7381,85.0695,24.3143,4.62799,0.273333
0.1232,18.1379,18.1379,4.61439,83.6954,85.0695,24.3138,4.61439,0.271667
0.1234,18.0935,18.0935,4.63333,83.8333,85.0695,24.3149,4.63333,0.273333
0.1236,18.0447,18.0447,4.64596,83.8352,85.0695,24.3176,4.64596,0.275
0.1238,18.0897,18.0897,4.62582,83.6798,85.0695,24.3144,4.62582,0.273333
0.124,18.1353,18.1353,4.6184,83.7561,85.0695,24.3156,4.6184,0.271667
0.1242,18.0936,18.0936,4.63583,83.8787,85.0695,24.3154,4.63583,0.273333
0.1244,18.0408,18.0408,4.64395,83.7805,85.0695,24.3193,4.64395,0.275
0.1246,18.0866,18.0866,4.6293,83.7282,85.0695,24.3147,4.6293,0.273333
0.1248,18.1313,18.1313,4.61614,83.6966,85.0695,24.3161,4.61614,0.271667
0.125,18.0973,18.0973,4.63318,83.8482,85.0695,24.3149,4.63318,0.273333
0.1252,18.0476,18.0476,4.64313,83.7976,85.0695,24.3193,4.64313,0.275
0.1254,18.0938,18.0938,4.62799,83.7381,85.0695,24.3143,4.62799,0.273333
0.1256,18.1379,18.1379,4.61439,83.6954,85.0695,24.3138,4.61439,0.271667
0.1258,18.0935,18.0935,4.63333,83.8333,85.0695,24.3149,4.63333,0.273333
0.126,18.0447,18.0447,4.64596,83.8352,85.0695,24.3176,4.64596,0.275
0.1262,18.0897,18.0897,4.62582,83.6798,85.0695,24.3144,4.62582,0.273333
0.1264,18.1353,18.1353,4.6184,83.7561,85.0695,24.3156,4.6184,0.271667
0.1266,18.0936,18.0936,4.63583,83.8787,85.0695,24.3154,4.63583,0.273333
0.1268,18.0408,18.0408,4.64395,83.7805,85.0695,24.3193,4.64395,0.275
0.127,18.0866,18.0866,4.6293,83.7282,85.0695,24.3147,4.6293,0.273333
0.1272,18.1313,18.1313,4.61614,83.6966,85.0695,24.3161,4.61614,0.271667
0.1274,18.0973,18.0973,4.63318,83.8482,85.0695,24.3149,4.63318,0.273333
0.1276,18.0476,18.0476,4.64313,83.7976,85.0695,24.3193,4.64313,0.275
0.1278,18.0938,18.0938,4.62799,83.7381,85.0695,24.3143,4.62799,0.273333
0.128,18.1379,18.1379,4.61439,83.6954,85.0695,24.3138,4.61439,0.271667
0.1282,18.0935,18.0935,4.63333,83.8333,85.0695,24.3149,4.63333,0.273333
0.1284,18.0447,18.0447,4.64596,83.8352,85.0695,24.3176,4.64596,0.275
0.1286,18.0897,18.0897,4.62582,83.6798,85.0695,24.3144,4.62582,0.273333
0.1288,18.1353,18.1353,4.6184,83.7561,85.0695,24.3156,4.6184,0.271667
0.129,18.0936,18.0936,4.63583,83.8787,85.0695,24.3154,4.63583,0.273333
0.1292,18.0408,18.0408,4.64395,83.7805,85.0695,24.3193,4.64395,0.275
0.1294,18.0866,18.0866,4.6293,83.7282,85.0695,24.3147,4.6293,0.273333
0.1296,18.1313,18.1313,4.61614,83.6966,85.0695,24.3161,4.61614,0.271667
0.1298,18.0973,18.0973,4.63318,83.8482,85.0695,24.3149,4.63318,0.273333
0.13,18.0476,18.0476,4.64313,83.7976,85.0695,24.3193,4.64313,0.275
0.1302,18.0938,18.0938,4.62799,83.7381,85.0695,24.3143,4.62799,0.273333
0.1304,18.1379,18.1379,4.61439,83.6954,85.0695,24.3138,4.61439,0.271667
0.1306,18.0935,18.0935,4.63333,83.8333,85.0695,24.3149,4.63333,0.273333
0.1308,18.0447,18.0447,4.64596,83.8352,85.0695,24.3176,4.64596,0.275
0.131,18.0897,18.0897,4.62582,83.6798,85.0695,24.3144,4.62582,0.273333
0.1312,18.1353,18.1353,4.6184,83.7561,85.0695,24.3156,4.6184,0.271667
0.1314,18.0936,18.0936,4.63583,83.8787,85.0695,24.3154,4.63583,0.273333
0.1316,18.0408,18.0408,4.64395,83.7805,85.0695,24.3193,4.64395,0.275
0.1318,18.0866,18.0866,4.6293,83.7282,85.0695,24.3147,4.6293,0.273333
0.132,18.1313,18.1313,4.61614,83.6966,85.0695,24.3161,4.61614,0.271667
0.1322,18.0973,18.0973,4.63318,83.8482,85.0695,24.3149,4.63318,0.273333
0.1324,18.0476,18.0476,4.64313,83.7976,85.0695,24.3193,4.64313,0.275
0.1326,18.0938,18.0938,4.62799,83.7381,85.0695,24.3143,4.62799,0.273333
0.1328,18.1379,18.1379,4.61439,83.6954,85.0695,24.3138,4.61439,0.271667
0.133,18.0935,18.0935,4.63333,83.8333,85.0695,24.3149,4.63333,0.273333
0.1332,18.0447,18.0447,4.64596,83.8352,85.0695,24.3176,4.64596,0.275
0.1334,18.0897,18.0897,4.62582,83.6798,85.0695,24.3144,4.62582,0.273333
0.1336,18.1353,18.1353,4.6184,83.7561,85.0695,24.3156,4.6184,0.271667
0.1338,18.0936,18.0936,4.63583,83.8787,85.0695,24.3154,4.63583,0.273333
0.134,18.0408,18.0408,4.64395,83.7805,85.0695,24.3193,4.64395,0.275
0.1342,18.0866,18.0866,4.6293,83.7282,85.0695,24.3147,4.6293,0.273333
0.1344,18.1313,18.1313,4.61614,83.6966,85.0695,24.3161,4.61614,0.271667
0.1346,18.0973,18.0973,4.63318,83.8482,85.0695,24.3149,4.63318,0.273333
0.1348,18.0476,18.0476,4.64313,83.7976,85.0695,24.3193,4.64313,0.275
0.135,18.0938,18.0938,4.62799,83.7381,85.0695,24.3143,4.62799,0.273333
0.1352,18.1379,18.1379,4.61439,83.6954,85.0695,24.3138,4.61439,0.271667
0.1354,18.0935,18.0935,4.63333,83.8333,85.0695,24.3149,4.63333,0.273333
0.1356,18.0447,18.0447,4.64596,83.8352,85.0695,24.3176,4.64596,0.275
0.1358,18.0897,18.0897,4.62582,83.6798,85.0695,24.3144,4.62582,0.273333
0.136,18.1353,18.1353,4.6184,83.7561,85.0695,24.3156,4.6184,0.271667
0.1362,18.0936,18.0936,4.63583,83.8787,85.0695,24.3154,4.63583,0.273333
0.1364,18.0408,18.0408,4.64395,83.7805,85.0695,24.3193,4.64395,0.275
0.1366,18.0866,18.0866,4.6293,83.7282,85.0695,24.3147,4.6293,0.273333
0.1368,18.1313,18.1313,4.61614,83.6966,85.0695,24.3161,4.61614,0.271667
0.137,18.0973,18.0973,4.63318,83.8482,85.0695,24.3149,4.63318,0.273333
0.1372,18.0476,18.0476,4.64313,83.7976,85.0695,24.3193,4.64313,0.275
0.1374,18.0938,18.0938,4.62799,83.7381,85.0695,24.3143,4.62799,0.273333
0.1376,18.1379,18.1379,4.61439,83.6954,85.0695,24.3138,4.61439,0.271667
0.1378,18.0935,18.0935,4.63333,83.8333,85.0695,24.3149,4.63333,0.273333
0.138,18.0447,18.0447,4.64596,83.8352,85.0695,24.3176,4.64596,0.275
0.1382,18.0897,18.0897,4.62582,83.6798,85.0695,24.3144,4.62582,0.273333
0.1384,18.1353,18.1353,4.6184,83.7561,85.0695,24.3156,4.6184,0.271667
0.1386,18.0936,18.0936,4.63583,83.8787,85.0695,24.3154,4.63583,0.273333
0.1388,18.0408,18.0408,4.64395,83.7805,85.0695,24.3193,4.64395,0.275
0.139,18.0866,18.0866,4.6293,83.7282,85.0695,24.3147,4.6293,0.273333
0.1392,18.1313,18.1313,4.61614,83.6966,85.0695,24.3161,4.61614,0.271667
0.1394,18.0973,18.0973,4.63318,83.8482,85.0695,24.3149,4.63318,0.273333
0.1396,18.0476,18.0476,4.64313,83.7976,85.0695,24.3193,4.64313,0.275
0.1398,18.0938,18.0938,4.62799,83.7381,85.0695,24.3143,4.62799,0.273333
0.14,18.1379,18.1379,4.61439,83.6954,85.0695,24.3138,4.61439,0.271667
0.1402,18.0935,18.0935,4.63333,83.8333,85.0695,24.3149,4.63333,0.273333
0.1404,18.0447,18.0447,4.64596,83.8352,85.0695,24.3176,4.64596,0.275
0.1406,18.0897,18.0897,4.62582,83.6798,85.0695,24.3144,4.62582,0.273333
0.1408,18.1353,18.1353,4.6184,83.7561,85.0695,24.3156,4.6184,0.271667
0.141,18.0936,18.0936,4.63583,83.8787,85.0695,24.3154,4.63583,0.273333
0.1412,18.0408,18.0408,4.64395,83.7805,85.0695,24.3193,4.64395,0.275
0.1414,18.0866,18.0866,4.6293,83.7282,85.0695,24.3147,4.6293,0.273333
0.1416,18.1313,18.1313,4.61614,83.6966,85.0695,24.3161,4.61614,0.271667
0.1418,18.0973,18.0973,4.63318,83.8482,85.0695,24.3149,4.63318,0.273333
0.142,18.0476,18.0476,4.64313,83.7976,85.0695,24.3193,4.64313,0.275
0.1422,18.0938,18.0938,4.62799,83.7381,85.0695,24.3143,4.62799,0.273333
0.1424,18.1379,18.1379,4.61439,83.6954,85.0695,24.3138,4.61439,0.271667
0.1426,18.0935,18.0935,4.63333,83.8333,85.0695,24.3149,4.63333,0.273333
0.1428,18.0447,18.0447,4.64596,83.8352,85.0695,24.3176,4.64596,0.275
0.143,18.0897,18.0897,4.62582,83.6798,85.0695,24.3144,4.62582,0.273333
0.1432,18.1353,18.1353,4.6184,83.7561,85.0695,24.3156,4.6184,0.271667
0.1434,18.0936,18.0936,4.63583,83.8787,85.0695,24.3154,4.63583,0.273333
0.1436,18.0408,18.0408,4.64395,83.7805,85.0695,24.3193,4.64395,0.275
0.1438,18.0866,18.0866,4.6293,83.7282,85.0695,24.3147,4.6293,0.273333
0.144,18.1313,18.1313,4.61614,83.6966,85.0695,24.3161,4.61614,0.271667
0.1442,18.0973,18.0973,4.63318,83.8482,85.0695,24.3149,4.63318,0.273333
0.1444,18.0476,18.0476,4.64313,83.7976,85.0695,24.3193,4.64313,0.275
0.1446,18.0938,18.0938,4.62799,83.7381,85.0695,24.3143,4.62799,0.273333
0.1448,18.1379,18.1379,4.61439,83.6954,85.0695,24.3138,4.61439,0.271667
0.145,18.0935,18.0935,4.63333,83.8333,85.0695,24.3149,4.63333,0.273333
0.1452,18.0447,18.0447,4.64596,83.8352,85.0695,24.3176,4.64596,0.275
0.1454,18.0897,18.0897,4.62582,83.6798,85.0695,24.3144,4.62582,0.273333
0.1456,18.1353,18.1353,4.6184,83.7561,85.0695,24.3156,4.6184,0.271667
0.1458,18.0936,18.0936,4.63583,83.8787,85.0695,24.3154,4.63583,0.273333
0.146,18.0408,18.0408,4.64395,83.7805,85.0695,24.3193,4.64395,0.275
0.1462,18.0866,18.0866,4.6293,83.7282,85.0695,24.3147,4.6293,0.273333
0.1464,18.1313,18.1313,4.61614,83.6966,85.0695,24.3161,4.61614,0.271667
0.1466,18.0973,18.0973,4.63318,83.8482,85.0695,24.3149,4.63318,0.273333
0.1468,18.0476,18.0476,4.64313,83.7976,85.0695,24.3193,4.64313,0.275
0.147,18.0938,18.0938,4.62799,83.7381,85.0695,24.3143,4.62799,0.273333
0.1472,18.1379,18.1379,4.61439,83.6954,85.0695,24.3138,4.61439,0.271667
0.1474,18.0935,18.0935,4.63333,83.8333,85.0695,24.3149,4.63333,0.273333
0.1476,18.0447,18.0447,4.64596,83.8352,85.0695,24.3176,4.64596,0.275
0.1478,18.0897,18.0897,4.62582,83.6798,85.0695,24.3144,4.62582,0.273333
0.148,18.1353,18.1353,4.6184,83.7561,85.0695,24.3156,4.6184,0.271667
0.1482,18.0936,18.0936,4.63583,83.8787,85.0695,24.3154,4.63583,0.273333
0.1484,18.0408,18.0408,4.64395,83.7805,85.0695,24.3193,4.64395,0.275
0.1486,18.0866,18.0866,4.6293,83.7282,85.0695,24.3147,4.6293,0.273333
0.1488,18.1313,18.1313,4.61614,83.6966,85.0695,24.3161,4.61614,0.271667
0.149,18.0973,18.0973,4.63318,83.8482,85.0695,24.3149,4.63318,0.273333
0.1492,18.0476,18.0476,4.64313,83.7976,85.0695,24.3193,4.64313,0.275
0.1494,18.0938,18.0938,4.62799,83.7381,85.0695,24.3143,4.62799,0.273333
0.1496,18.1379,18.1379,4.61439,83.6954,85.0695,24.3138,4.61439,0.271667
0.1498,18.0935,18.0935,4.63333,83.8333,85.0695,24.3149,4.63333,0.273333
0.15,18.0447,18.0447,4.64596,83.8352,85.0695,24.3176,4.64596,0.275
0.1502,18.0897,18.0897,4.62582,83.6798,85.0695,24.3144,4.62582,0.273333
0.1504,18.1353,18.1353,4.6184,83.7561,85.0695,24.3156,4.6184,0.271667
0.1506,18.0936,18.0936,4.63583,83.8787,85.0695,24.3154,4.63583,0.273333
0.1508,18.0408,18.0408,4.64395,83.7805,85.0695,24.3193,4.64395,0.275
0.151,18.0866,18.0866,4.6293,83.7282,85.0695,24.3147,4.6293,0.273333
0.1512,18.1313,18.1313,4.61614,83.6966,85.0695,24.3161,4.61614,0.271667
0.1514,18.0973,18.0973,4.63318,83.8482,85.0695,24.3149,4.63318,0.273333
0.1516,18.0476,18.0476,4.64313,83.7976,85.0695,24.3193,4.64313,0.275
0.1518,18.0938,18.0938,4.62799,83.7381,85.0695,24.3143,4.62799,0.273333
0.152,18.1379,18.1379,4.61439,83.6954,85.0695,24.3138,4.61439,0.271667
0.1522,18.0935,18.0935,4.63333,83.8333,85.0695,24.3149,4.63333,0.273333
0.1524,18.0447,18.0447,4.64596,83.8352,85.0695,24.3176,4.64596,0.275
0.1526,18.0897,18.0897,4.62582,83.6798,85.0695,24.3144,4.62582,0.273333
0.1528,18.1353,18.1353,4.6184,83.7561,85.0695,24.3156,4.6184,0.271667
0.153,18.0936,18.0936,4.63583,83.8787,85.0695,24.3154,4.63583,0.273333
0.1532,18.0408,18.0408,4.64395,83.7805,85.0695,24.3193,4.64395,0.275
0.1534,18.0866,18.0866,4.6293,83.7282,85.0695,24.3147,4.6293,0.273333
0.1536,18.1313,18.1313,4.61614,83.6966,85.0695,24.3161,4.61614,0.271667
0.1538,18.0973,18.0973,4.63318,83.8482,85.0695,24.3149,4.63318,0.273333
0.154,18.0476,18.0476,4.64313,83.7976,85.0695,24.3193,4.64313,0.275
0.1542,18.0938,18.0938,4.62799,83.7381,85.0695,24.3143,4.62799,0.273333
0.1544,18.1379,18.1379,4.61439,83.6954,85.0695,24.3138,4.61439,0.271667
0.1546,18.0935,18.0935,4.63333,83.8333,85.0695,24.3149,4.63333,0.273333
0.1548,18.0447,18.0447,4.64596,83.8352,85.0695,24.3176,4.64596,0.275
0.155,18.0897,18.0897,4.62582,83.6798,85.0695,24.3144,4.62582,0.273333
0.1552,18.1353,18.1353,4.6184,83.7561,85.0695,24.3156,4.6184,0.271667
0.1554,18.0936,18.0936,4.63583,83.8787,85.0695,24.3154,4.63583,0.273333
0.1556,18.0408,18.0408,4.64395,83.7805,85.0695,24.3193,4.64395,0.275
0.1558,18.0866,18.0866,4.6293,83.7282,85.0695,24.3147,4.6293,0.273333
0.156,18.1313,18.1313,4.61614,83.6966,85.0695,24.3161,4.61614,0.271667
0.1562,18.0973,18.0973,4.63318,83.8482,85.0695,24.3149,4.63318,0.273333
0.1564,18.0476,18.0476,4.64313,83.7976,85.0695,24.3193,4.64313,0.275
0.1566,18.0938,18.0938,4.62799,83.7381,85.0695,24.3143,4.62799,0.273333
0.1568,18.1379,18.1379,4.61439,83.6954,85.0695,24.3138,4.61439,0.271667
0.157,18.0935,18.0935,4.63333,83.8333,85.0695,24.3149,4.63333,0.273333
0.1572,18.0447,18.0447,4.64596,83.8352,85.0695,24.3176,4.64596,0.275
0.1574,18.0897,18.0897,4.62582,83.6798,85.0695,24.3144,4.62582,0.273333
0.1576,18.1353,18.1353,4.6184,83.7561,85.0695,24.3156,4.6184,0.271667
0.1578,18.0936,18.0936,4.63583,83.8787,85.0695,24.3154,4.63583,0.273333
0.158,18.0408,18.0408,4.64395,83.7805,85.0695,24.3193,4.64395,0.275
0.1582,18.0866,18.0866,4.6293,83.7282,85.0695,24.3147,4.6293,0.273333
0.1584,18.1313,18.1313,4.61614,83.6966,85.0695,24.3161,4.61614,0.271667
0.1586,18.0973,18.0973,4.63318,83.8482,85.0695,24.3149,4.63318,0.273333
0.1588,18.0476,18.0476,4.64313,83.7976,85.0695,24.3193,4.64313,0.275
0.159,18.0938,18.0938,4.62799,83.7381,85.0695,24.3143,4.62799,0.273333
0.1592,18.1379,18.1379,4.61439,83.6954,85.0695,24.3138,4.61439,0.271667
0.1594,18.0935,18.0935,4.63333,83.8333,85.0695,24.3149,4.63333,0.273333
0.1596,18.0447,18.0447,4.64596,83.8352,85.0695,24.3176,4.64596,0.275
0.1598,18.0897,18.0897,4.62582,83.6798,85.0695,24.3144,4.62582,0.273333
0.16,18.1353,18.1353,4.6184,83.7561,85.0695,24.3156,4.6184,0.271667
0.1602,18.0936,18.0936,4.63583,83.8787,85.0695,24.3154,4.63583,0.273333
0.1604,18.0408,18.0408,4.64395,83.7805,85.0695,24.3193,4.64395,0.275
0.1606,18.0866,18.0866,4.6293,83.7282,85.0695,24.3147,4.6293,0.273333
0.1608,18.1313,18.1313,4.61614,83.6966,85.0695,24.3161,4.61614,0.271667
0.161,18.0973,18.0973,4.63318,83.8482,85.0695,24.3149,4.63318,0.273333
0.1612,18.0476,18.0476,4.64313,83.7976,85.0695,24.3193,4.64313,0.275
0.1614,18.0938,18.0938,4.62799,83.7381,85.0695,24.3143,4.62799,0.273333
0.1616,18.1379,18.1379,4.61439,83.6954,85.0695,24.3138,4.61439,0.271667
0.1618,18.0935,18.0935,4.63333,83.8333,85.0695,24.3149,4.63333,0.273333
0.162,18.0447,18.0447,4.64596,83.8352,85.0695,24.3176,4.64596,0.275
0.1622,18.0897,18.0897,4.62582,83.6798,85.0695,24.3144,4.62582,0.273333
0.1624,18.1353,18.1353,4.6184,83.7561,85.0695,24.3156,4.6184,0.271667
0.1626,18.0936,18.0936,4.63583,83.8787,85.0695,24.3154,4.63583,0.273333
0.1628,18.0408,18.0408,4.64395,83.7805,85.0695,24.3193,4.64395,0.275
0.163,18.0866,18.0866,4.6293,83.7282,85.0695,24.3147,4.6293,0.273333
0.1632,18.1313,18.1313,4.61614,83.6966,85.0695,24.3161,4.61614,0.271667
0.1634,18.0973,18.0973,4.63318,83.8482,85.0695,24.3149,4.63318,0.273333
0.1636,18.0476,18.0476,4.64313,83.7976,85.0695,24.3193,4.64313,0.275
0.1638,18.0938,18.0938,4.62799,83.7381,85.0695,24.3143,4.62799,0.273333
0.164,18.1379,18.1379,4.61439,83.6954,85.0695,24.3138,4.61439,0.271667
0.1642,18.0935,18.0935,4.63333,83.8333,85.0695,24.3149,4.63333,0.273333
0.1644,18.0447,18.0447,4.64596,83.8352,85.0695,24.3176,4.64596,0.275
0.1646,18.0897,18.0897,4.62582,83.6798,85.0695,24.3144,4.62582,0.273333
0.1648,18.1353,18.1353,4.6184,83.7561,85.0695,24.3156,4.6184,0.271667
0.165,18.0936,18.0936,4.63583,83.8787,85.0695,24.3154,4.63583,0.273333
0.1652,18.0408,18.0408,4.64395,83.7805,85.0695,24.3193,4.64395,0.275
0.1654,18.0866,18.0866,4.6293,83.7282,85.0695,24.3147,4.6293,0.273333
0.1656,18.1313,18.1313,4.61614,83.6966,85.0695,24.3161,4.61614,0.271667
0.1658,18.0973,18.0973,4.63318,83.8482,85.0695,24.3149,4.63318,0.273333
0.166,18.0476,18.0476,4.64313,83.7976,85.0695,24.3193,4.64313,0.275
0.1662,18.0938,18.0938,4.62799,83.7381,85.0695,24.3143,4.62799,0.273333
0.1664,18.1379,18.1379,4.61439,83.6954,85.0695,24.3138,4.61439,0.271667
0.1666,18.0935,18.0935,4.63333,83.8333,85.0695,24.3149,4.63333,0.273333
0.1668,18.0447,18.0447,4.64596,83.8352,85.0695,24.3176,4.64596,0.275
0.167,18.0897,18.0897,4.62582,83.6798,85.0695,24.3144,4.62582,0.273333
0.1672,18.1353,18.1353,4.6184,83.7561,85.0695,24.3156,4.6184,0.271667
0.1674,18.0936,18.0936,4.63583,83.8787,85.0695,24.3154,4.63583,0.273333
0.1676,18.0408,18.0408,4.64395,83.7805,85.0695,24.3193,4.64395,0.275
0.1678,18.0866,18.0866,4.6293,83.7282,85.0695,24.3147,4.6293,0.273333
0.168,18.1313,18.1313,4.61614,83.6966,85.0695,24.3161,4.61614,0.271667
0.1682,18.0973,18.0973,4.63318,83.8482,85.0695,24.3149,4.63318,0.273333
0.1684,18.0476,18.0476,4.64313,83.7976,85.0695,24.3193,4.64313,0.275
0.1686,18.0938,18.0938,4.62799,83.7381,85.0695,24.3143,4.62799,0.273333
0.1688,18.1379,18.1379,4.61439,83.6954,85.0695,24.3138,4.61439,0.271667
0.169,18.0935,18.0935,4.63333,83.8333,85.0695,24.3149,4.63333,0.273333
0.1692,18.0447,18.0447,4.64596,83.8352,85.0695,24.3176,4.64596,0.275
0.1694,18.0897,18.0897,4.62582,83.6798,85.0695,24.3144,4.62582,0.273333
0.1696,18.1353,18.1353,4.6184,83.7561,85.0695,24.3156,4.6184,0.271667
0.1698,18.0936,18.0936,4.63583,83.8787,85.0695,24.3154,4.63583,0.273333
0.17,18.0408,18.0408,4.64395,83.7805,85.0695,24.3193,4.64395,0.275
0.1702,18.0866,18.0866,4.6293,83.7282,85.0695,24.3147,4.6293,0.273333
0.1704,18.1313,18.1313,4.61614,83.6966,85.0695,24.3161,4.61614,0.271667
0.1706,18.0973,18.0973,4.63318,83.8482,85.0695,24.3149,4.63318,0.273333
0.1708,18.0476,18.0476,4.64313,83.7976,85.0695,24.3193,4.64313,0.275
0.171,18.0938,18.0938,4.62799,83.7381,85.0695,24.3143,4.62799,0.273333
0.1712,18.1379,18.1379,4.61439,83.6954,85.0695,24.3138,4.61439,0.271667
0.1714,18.0935,18.0935,4.63333,83.8333,85.0695,24.3149,4.63333,0.273333
0.1716,18.0447,18.0447,4.64596,83.8352,85.0695,24.3176,4.64596,0.275
0.1718,18.0897,18.0897,4.62582,83.6798,85.0695,24.3144,4.62582,0.273333
0.172,18.1353,18.1353,4.6184,83.7561,85.0695,24.3156,4.6184,0.271667
0.1722,18.0936,18.0936,4.63583,83.8787,85.0695,24.3154,4.63583,0.273333
0.1724,18.0408,18.0408,4.64395,83.7805,85.0695,24.3193,4.64395,0.275
0.1726,18.0866,18.0866,4.6293,83.7282,85.0695,24.3147,4.6293,0.273333
0.1728,18.1313,18.1313,4.61614,83.6966,85.0695,24.3161,4.61614,0.271667
0.173,18.0973,18.0973,4.63318,83.8482,85.0695,24.3149,4.63318,0.273333
0.1732,18.0476,18.0476,4.64313,83.7976,85.0695,24.3193,4.64313,0.275
0.1734,18.0938,18.0938,4.62799,83.7381,85.0695,24.3143,4.62799,0.273333
0.1736,18.1379,18.1379,4.61439,83.6954,85.0695,24.3138,4.61439,0.271667
0.1738,18.0935,18.0935,4.63333,83.8333,85.0695,24.3149,4.63333,0.273333
0.174,18.0447,18.0447,4.64596,83.8352,85.0695,24.3176,4.64596,0.275
0.1742,18.0897,18.0897,4.62582,83.6798,85.0695,24.3144,4.62582,0.273333
0.1744,18.1353,18.1353,4.6184,83.7561,85.0695,24.3156,4.6184,0.271667
0.1746,18.0936,18.0936,4.63583,83.8787,85.0695,24.3154,4.63583,0.273333
0.1748,18.0408,18.0408,4.64395,83.7805,85.0695,24.3193,4.64395,0.275
0.175,18.0866,18.0866,4.6293,83.7282,85.0695,24.3147,4.6293,0.273333
0.1752,18.1313,18.1313,4.61614,83.6966,85.0695,24.3161,4.61614,0.271667
0.1754,18.0973,18.0973,4.63318,83.8482,85.0695,24.3149,4.63318,0.273333
0.1756,18.0476,18.0476,4.64313,83.7976,85.0695,24.3193,4.64313,0.275
0.1758,18.0938,18.0938,4.62799,83.7381,85.0695,24.3143,4.62799,0.273333
0.176,18.1379,18.1379,4.61439,83.6954,85.0695,24.3138,4.61439,0.271667
0.1762,18.0935,18.0935,4.63333,83.8333,85.0695,24.3149,4.63333,0.273333
0.1764,18.0447,18.0447,4.64596,83.8352,85.0695,24.3176,4.64596,0.275
0.1766,18.0897,18.0897,4.62582,83.6798,85.0695,24.3144,4.62582,0.273333
0.1768,18.1353,18.1353,4.6184,83.7561,85.0695,24.3156,4.6184,0.271667
0.177,18.0936,18.0936,4.63583,83.8787,85.0695,24.3154,4.63583,0.273333
0.1772,18.0408,18.0408,4.64395,83.7805,85.0695,24.3193,4.64395,0.275
0.1774,18.0866,18.0866,4.6293,83.7282,85.0695,24.3147,4.6293,0.273333
0.1776,18.1313,18.1313,4.61614,83.6966,85.0695,24.3161,4.61614,0.271667
0.1778,18.0973,18.0973,4.63318,83.8482,85.0695,24.3149,4.63318,0.273333
0.178,18.0476,18.0476,4.64313,83.7976,85.0695,24.3193,4.64313,0.275
0.1782,18.0938,18.0938,4.62799,83.7381,85.0695,24.3143,4.62799,0.273333
0.1784,18.1379,18.1379,4.61439,83.6954,85.0695,24.3138,4.61439,0.271667
0.1786,18.0935,18.0935,4.63333,83.8333,85.0695,24.3149,4.63333,0.273333
0.1788,18.0447,18.0447,4.64596,83.8352,85.0695,24.3176,4.64596,0.275
0.179,18.0897,18.0897,4.62582,83.6798,85.0695,24.3144,4.62582,0.273333
0.1792,18.1353,18.1353,4.6184,83.7561,85.0695,24.3156,4.6184,0.271667
0.1794,18.0936,18.0936,4.63583,83.8787,85.0695,24.3154,4.63583,0.273333
0.1796,18.0408,18.0408,4.64395,83.7805,85.0695,24.3193,4.64395,0.275
0.1798,18.0866,18.0866,4.6293,83.7282,85.0695,24.3147,4.6293,0.273333
0.18,18.1313,18.1313,4.61614,83.6966,85.0695,24.3161,4.61614,0.271667
0.1802,18.0973,18.0973,4.63318,83.8482,85.0695,24.3149,4.63318,0.273333
0.1804,18.0476,18.0476,4.64313,83.7976,85.0695,24.3193,4.64313,0.275
0.1806,18.0938,18.0938,4.62799,83.7381,85.0695,24.3143,4.62799,0.273333
0.1808,18.1379,18.1379,4.61439,83.6954,85.0695,24.3138,4.61439,0.271667
0.181,18.0935,18.0935,4.63333,83.8333,85.0695,24.3149,4.63333,0.273333
0.1812,18.0447,18.0447,4.64596,83.8352,85.0695,24.3176,4.64596,0.275
0.1814,18.0897,18.0897,4.62582,83.6798,85.0695,24.3144,4.62582,0.273333
0.1816,18.1353,18.1353,4.6184,83.7561,85.0695,24.3156,4.6184,0.271667
0.1818,18.0936,18.0936,4.63583,83.8787,85.0695,24.3154,4.63583,0.273333
0.182,18.0408,18.0408,4.64395,83.7805,85.0695,24.3193,4.64395,0.275
0.1822,18.0866,18.0866,4.6293,83.7282,85.0695,24.3147,4.6293,0.273333
0.1824,18.1313,18.1313,4.61614,83.6966,85.0695,24.3161,4.61614,0.271667
0.1826,18.0973,18.0973,4.63318,83.8482,85.0695,24.3149,4.63318,0.273333
0.1828,18.0476,18.0476,4.64313,83.7976,85.0695,24.3193,4.64313,0.275
0.183,18.0938,18.0938,4.62799,83.7381,85.0695,24.3143,4.62799,0.273333
0.1832,18.1379,18.1379,4.61439,83.6954,85.0695,24.3138,4.61439,0.271667
0.1834,18.0935,18.0935,4.63333,83.8333,85.0695,24.3149,4.63333,0.273333
0.1836,18.0447,18.0447,4.64596,83.8352,85.0695,24.3176,4.64596,0.275
0.1838,18.0897,18.0897,4.62582,83.6798,85.0695,24.3144,4.62582,0.273333
0.184,18.1353,18.1353,4.6184,83.7561,85.0695,24.3156,4.6184,0.271667
0.1842,18.0936,18.0936,4.63583,83.8787,85.0695,24.3154,4.63583,0.273333
0.1844,18.0408,18.0408,4.64395,83.7805,85.0695,24.3193,4.64395,0.275
0.1846,18.0866,18.0866,4.6293,83.7282,85.0695,24.3147,4.6293,0.273333
0.1848,18.1313,18.1313,4.61614,83.6966,85.0695,24.3161,4.61614,0.271667
0.185,18.0973,18.0973,4.63318,83.8482,85.0695,24.3149,4.63318,0.273333
0.1852,18.0476,18.0476,4.64313,83.7976,85.0695,24.3193,4.64313,0.275
0.1854,18.0938,18.0938,4.62799,83.7381,85.0695,24.3143,4.62799,0.273333
0.1856,18.1379,18.1379,4.61439,83.6954,85.0695,24.3138,4.61439,0.271667
0.1858,18.0935,18.0935,4.63333,83.8333,85.0695,24.3149,4.63333,0.273333
0.186,18.0447,18.0447,4.64596,83.8352,85.0695,24.3176,4.64596,0.275
0.1862,18.0897,18.0897,4.62582,83.6798,85.0695,24.3144,4.62582,0.273333
0.1864,18.1353,18.1353,4.6184,83.7561,85.0695,24.3156,4.6184,0.271667
0.1866,18.0936,18.0936,4.63583,83.8787,85.0695,24.3154,4.63583,0.273333
0.1868,18.0408,18.0408,4.64395,83.7805,85.0695,24.3193,4.64395,0.275
0.187,18.0866,18.0866,4.6293,83.7282,85.0695,24.3147,4.6293,0.273333
0.1872,18.1313,18.1313,4.61614,83.6966,85.0695,24.3161,4.61614,0.271667
0.1874,18.0973,18.0973,4.63318,83.8482,85.0695,24.3149,4.63318,0.273333
0.1876,18.0476,18.0476,4.64313,83.7976,85.0695,24.3193,4.64313,0.275
0.1878,18.0938,18.0938,4.62799,83.7381,85.0695,24.3143,4.62799,0.273333
0.188,18.1379,18.1379,4.61439,83.6954,85.0695,24.3138,4.61439,0.271667
0.1882,18.0935,18.0935,4.63333,83.8333,85.0695,24.3149,4.63333,0.273333
0.1884,18.0447,18.0447,4.64596,83.8352,85.0695,24.3176,4.64596,0.275
0.1886,18.0897,18.0897,4.62582,83.6798,85.0695,24.3144,4.62582,0.273333
0.1888,18.1353,18.1353,4.6184,83.7561,85.0695,24.3156,4.6184,0.271667
0.189,18.0936,18.0936,4.63583,83.8787,85.0695,24.3154,4.63583,0.273333
0.1892,18.0408,18.0408,4.64395,83.7805,85.0695,24.3193,4.64395,0.275
0.1894,18.0866,18.0866,4.6293,83.7282,85.0695,24.3147,4.6293,0.273333
0.1896,18.1313,18.1313,4.61614,83.6966,85.0695,24.3161,4.61614,0.271667
0.1898,18.0973,18.0973,4.63318,83.8482,85.0695,24.3149,4.63318,0.273333
0.19,18.0476,18.0476,4.64313,83.7976,85.0695,24.3193,4.64313,0.275
0.1902,18.0938,18.0938,4.62799,83.7381,85.0695,24.3143,4.62799,0.273333
0.1904,18.1379,18.1379,4.61439,83.6954,85.0695,24.3138,4.61439,0.271667
0.1906,18.0935,18.0935,4.63333,83.8333,85.0695,24.3149,4.63333,0.273333
0.1908,18.0447,18.0447,4.64596,83.8352,85.0695,24.3176,4.64596,0.275
0.191,18.0897,18.0897,4.62582,83.6798,85.0695,24.3144,4.62582,0.273333
0.1912,18.1353,18.1353,4.6184,83.7561,85.0695,24.3156,4.6184,0.271667
0.1914,18.0936,18.0936,4.63583,83.8787,85.0695,24.3154,4.63583,0.273333
0.1916,18.0408,18.0408,4.64395,83.7805,85.0695,24.3193,4.64395,0.275
0.1918,18.0866,18.0866,4.6293,83.7282,85.0695,24.3147,4.6293,0.273333
0.192,18.1313,18.1313,4.61614,83.6966,85.0695,24.3161,4.61614,0.271667
0.1922,18.0973,18.0973,4.63318,83.8482,85.0695,24.3149,4.63318,0.273333
0.1924,18.0476,18.0476,4.64313,83.7976,85.0695,24.3193,4.64313,0.275
0.1926,18.0938,18.0938,4.62799,83.7381,85.0695,24.3143,4.62799,0.273333
0.1928,18.1379,18.1379,4.61439,83.6954,85.0695,24.3138,4.61439,0.271667
0.193,18.0935,18.0935,4.63333,83.8333,85.0695,24.3149,4.63333,0.273333
0.1932,18.0447,18.0447,4.64596,83.8352,85.0695,24.3176,4.64596,0.275
0.1934,18.0897,18.0897,4.62582,83.6798,85.0695,24.3144,4.62582,0.273333
0.1936,18.1353,18.1353,4.6184,83.7561,85.0695,24.3156,4.6184,0.271667
0.1938,18.0936,18.0936,4.63583,83.8787,85.0695,24.3154,4.63583,0.273333
0.194,18.0408,18.0408,4.64395,83.7805,85.0695,24.3193,4.64395,0.275
0.1942,18.0866,18.0866,4.6293,83.7282,85.0695,24.3147,4.6293,0.273333
0.1944,18.1313,18.1313,4.61614,83.6966,85.0695,24.3161,4.61614,0.271667
0.1946,18.0973,18.0973,4.63318,83.8482,85.0695,24.3149,4.63318,0.273333
0.1948,18.0476,18.0476,4.64313,83.7976,85.0695,24.3193,4.64313,0.275
0.195,18.0938,18.0938,4.62799,83.7381,85.0695,24.3143,4.62799,0.273333
0.1952,18.1379,18.1379,4.61439,83.6954,85.0695,24.3138,4.61439,0.271667
0.1954,18.0935,18.0935,4.63333,83.8333,85.0695,24.3149,4.63333,0.273333
0.1956,18.0447,18.0447,4.64596,83.8352,85.0695,24.3176,4.64596,0.275
0.1958,18.0897,18.0897,4.62582,83.6798,85.0695,24.3144,4.62582,0.273333
0.196,18.1353,18.1353,4.6184,83.7561,85.0695,24.3156,4.6184,0.271667
0.1962,18.0936,18.0936,4.63583,83.8787,85.0695,24.3154,4.63583,0.273333
0.1964,18.0408,18.0408,4.64395,83.7805,85.0695,24.3193,4.64395,0.275
0.1966,18.0866,18.0866,4.6293,83.7282,85.0695,24.3147,4.6293,0.273333
0.1968,18.1313,18.1313,4.61614,83.6966,85.0695,24.3161,4.61614,0.271667
0.197,18.0973,18.0973,4.63318,83.8482,85.0695,24.3149,4.63318,0.273333
0.1972,18.0476,18.0476,4.64313,83.7976,85.0695,24.3193,4.64313,0.275
0.1974,18.0938,18.0938,4.62799,83.7381,85.0695,24.3143,4.62799,0.273333
0.1976,18.1379,18.1379,4.61439,83.6954,85.0695,24.3138,4.61439,0.271667
0.1978,18.0935,18.0935,4.63333,83.8333,85.0695,24.3149,4.63333,0.273333
0.198,18.0447,18.0447,4.64596,83.8352,85.0695,24.3176,4.64596,0.275
0.1982,18.0897,18.0897,4.62582,83.6798,85.0695,24.3144,4.62582,0.273333
0.1984,18.1353,18.1353,4.6184,83.7561,85.0695,24.3156,4.6184,0.271667
0.1986,18.0936,18.0936,4.63583,83.8787,85.0695,24.3154,4.63583,0.273333
0.1988,18.0408,18.0408,4.64395,83.7805,85.0695,24.3193,4.64395,0.275
0.199,18.0866,18.0866,4.6293,83.7282,85.0695,24.3147,4.6293,0.273333
0.1992,18.1313,18.1313,4.61614,83.6966,85.0695,24.3161,4.61614,0.271667
0.1994,18.0973,18.0973,4.63318,83.8482,85.0695,24.3149,4.63318,0.273333
0.1996,18.0476,18.0476,4.64313,83.7976,85.0695,24.3193,4.64313,0.275
0.1998,18.0938,18.0938,4.62799,83.7381,85.0695,24.3143,4.62799,0.273333
0.2,18.1379,18.1379,4.61439,83.6954,85.0695,24.3138,4.61439,0.271667
0.2002,18.0935,18.0935,4.63333,83.8333,85.0695,24.3149,4.63333,0.273333
0.2004,18.0447,18.0447,4.64596,83.8352,85.0695,24.3176,4.64596,0.275
0.2006,18.0897,18.0897,4.62582,83.6798,85.0695,24.3144,4.62582,0.273333
0.2008,18.1353,18.1353,4.6184,83.7561,85.0695,24.3156,4.6184,0.271667
0.201,18.0936,18.0936,4.63583,83.8787,85.0695,24.3154,4.63583,0.273333
0.2012,18.0408,18.0408,4.64395,83.7805,85.0695,24.3193,4.64395,0.275
0.2014,18.0866,18.0866,4.6293,83.7282,85.0695,24.3147,4.6293,0.273333
0.2016,18.1313,18.1313,4.61614,83.6966,85.0695,24.3161,4.61614,0.271667
0.2018,18.0973,18.0973,4.63318,83.8482,85.0695,24.3149,4.63318,0.273333
0.202,18.0476,18.0476,4.64313,83.7976,85.0695,24.3193,4.64313,0.275
0.2022,18.0938,18.0938,4.62799,83.7381,85.0695,24.3143,4.62799,0.273333
0.2024,18.1379,18.1379,4.61439,83.6954,85.0695,24.3138,4.61439,0.271667
0.2026,18.0935,18.0935,4.63333,83.8333,85.0695,24.3149,4.63333,0.273333
0.2028,18.0447,18.0447,4.64596,83.8352,85.0695,24.3176,4.64596,0.275
0.203,18.0897,18.0897,4.62582,83.6798,85.0695,24.3144,4.62582,0.273333
0.2032,18.1353,18.1353,4.6184,83.7561,85.0695,24.3156,4.6184,0.271667
0.2034,18.0936,18.0936,4.63583,83.8787,85.0695,24.3154,4.63583,0.273333
0.2036,18.0408,18.0408,4.64395,83.7805,85.0695,24.3193,4.64395,0.275
0.2038,18.0866,18.0866,4.6293,83.7282,85.0695,24.3147,4.6293,0.273333
0.204,18.1313,18.1313,4.61614,83.6966,85.0695,24.3161,4.61614,0.271667
0.2042,18.0973,18.0973,4.63318,83.8482,85.0695,24.3149,4.63318,0.273333
0.2044,18.0476,18.0476,4.64313,83.7976,85.0695,24.3193,4.64313,0.275
0.2046,18.0938,18.0938,4.62799,83.7381,85.0695,24.3143,4.62799,0.273333
0.2048,18.1379,18.1379,4.61439,83.6954,85.0695,24.3138,4.61439,0.271667
0.205,18.0935,18.0935,4.63333,83.8333,85.0695,24.3149,4.63333,0.273333
0.2052,18.0447,18.0447,4.64596,83.8352,85.0695,24.3176,4.64596,0.275
0.2054,18.0897,18.0897,4.62582,83.6798,85.0695,24.3144,4.62582,0.273333
0.2056,18.1353,18.1353,4.6184,83.7561,85.0695,24.3156,4.6184,0.271667
0.2058,18.0936,18.0936,4.63583,83.8787,85.0695,24.3154,4.63583,0.273333
0.206,18.0408,18.0408,4.64395,83.7805,85.0695,24.3193,4.64395,0.275
0.2062,18.0866,18.0866,4.6293,83.7282,85.0695,24.3147,4.6293,0.273333
0.2064,18.1313,18.1313,4.61614,83.6966,85.0695,24.3161,4.61614,0.271667
0.2066,18.0973,18.0973,4.63318,83.8482,85.0695,24.3149,4.63318,0.273333
0.2068,18.0476,18.0476,4.64313,83.7976,85.0695,24.3193,4.64313,0.275
0.207,18.0938,18.0938,4.62799,83.7381,85.0695,24.3143,4.62799,0.273333
0.2072,18.1379,18.1379,4.61439,83.6954,85.0695,24.3138,4.61439,0.271667
0.2074,18.0935,18.0935,4.63333,83.8333,85.0695,24.3149,4.63333,0.273333
0.2076,18.0447,18.0447,4.64596,83.8352,85.0695,24.3176,4.64596,0.275
0.2078,18.0897,18.0897,4.62582,83.6798,85.0695,24.3144,4.62582,0.273333
0.208,18.1353,18.1353,4.6184,83.7561,85.0695,24.3156,4.6184,0.271667
0.2082,18.0936,18.0936,4.63583,83.8787,85.0695,24.3154,4.63583,0.273333
0.2084,18.0408,18.0408,4.64395,83.7805,85.0695,24.3193,4.64395,0.275
0.2086,18.0866,18.0866,4.6293,83.7282,85.0695,24.3147,4.6293,0.273333
0.2088,18.1313,18.1313,4.61614,83.6966,85.0695,24.3161,4.61614,0.271667
0.209,18.0973,18.0973,4.63318,83.8482,85.0695,24.3149,4.63318,0.273333
0.2092,18.0476,18.0476,4.64313,83.7976,85.0695,24.3193,4.64313,0.275
0.2094,18.0938,18.0938,4.62799,83.7381,85.0695,24.3143,4.62799,0.273333
0.2096,18.1379,18.1379,4.61439,83.6954,85.0695,24.3138,4.61439,0.271667
0.2098,18.0935,18.0935,4.63333,83.8333,85.0695,24.3149,4.63333,0.273333
0.21,18.0447,18.0447,4.64596,83.8352,85.0695,24.3176,4.64596,0.275
0.2102,18.0897,18.0897,4.62582,83.6798,85.0695,24.3144,4.62582,0.273333
0.2104,18.1353,18.1353,4.6184,83.7561,85.0695,24.3156,4.6184,0.271667
0.2106,18.0936,18.0936,4.63583,83.8787,85.0695,24.3154,4.63583,0.273333
0.2108,18.0408,18.0408,4.64395,83.7805,85.0695,24.3193,4.64395,0.275
0.211,18.0866,18.0866,4.6293,83.7282,85.0695,24.3147,4.6293,0.273333
0.2112,18.1313,18.1313,4.61614,83.6966,85.0695,24.3161,4.61614,0.271667
0.2114,18.0973,18.0973,4.63318,83.8482,85.0695,24.3149,4.63318,0.273333
0.2116,18.0476,18.0476,4.64313,83.7976,85.0695,24.3193,4.64313,0.275
0.2118,18.0938,18.0938,4.62799,83.7381,85.0695,24.3143,4.62799,0.273333
0.212,18.1379,18.1379,4.61439,83.6954,85.0695,24.3138,4.61439,0.271667
0.2122,18.0935,18.0935,4.63333,83.8333,85.0695,24.3149,4.63333,0.273333
0.2124,18.0447,18.0447,4.64596,83.8352,85.0695,24.3176,4.64596,0.275
0.2126,18.0897,18.0897,4.62582,83.6798,85.0695,24.3144,4.62582,0.273333
0.2128,18.1353,18.1353,4.6184,83.7561,85.0695,24.3156,4.6184,0.271667
0.213,18.0936,18.0936,4.63583,83.8787,85.0695,24.3154,4.63583,0.273333
0.2132,18.0408,18.0408,4.64395,83.7805,85.0695,24.3193,4.64395,0.275
0.2134,18.0866,18.0866,4.6293,83.7282,85.0695,24.3147,4.6293,0.273333
0.2136,18.1313,18.1313,4.61614,83.6966,85.0695,24.3161,4.61614,0.271667
0.2138,18.0973,18.0973,4.63318,83.8482,85.0695,24.3149,4.63318,0.273333
0.214,18.0476,18.0476,4.64313,83.7976,85.0695,24.3193,4.64313,0.275
0.2142,18.0938,18.0938,4.62799,83.7381,85.0695,24.3143,4.62799,0.273333
0.2144,18.1379,18.1379,4.61439,83.6954,85.0695,24.3138,4.61439,0.271667
0.2146,18.0935,18.0935,4.63333,83.8333,85.0695,24.3149,4.63333,0.273333
0.2148,18.0447,18.0447,4.64596,83.8352,85.0695,24.3176,4.64596,0.275
0.215,18.0897,18.0897,4.62582,83.6798,85.0695,24.3144,4.62582,0.273333
0.2152,18.1353,18.1353,4.6184,83.7561,85.0695,24.3156,4.6184,0.271667
0.2154,18.0936,18.0936,4.63583,83.8787,85.0695,24.3154,4.63583,0.273333
0.2156,18.0408,18.0408,4.64395,83.7805,85.0695,24.3193,4.64395,0.275
0.2158,18.0866,18.0866,4.6293,83.7282,85.0695,24.3147,4.6293,0.273333
0.216,18.1313,18.1313,4.61614,83.6966,85.0695,24.3161,4.61614,0.271667
0.2162,18.0973,18.0973,4.63318,83.8482,85.0695,24.3149,4.63318,0.273333
0.2164,18.0476,18.0476,4.64313,83.7976,85.0695,24.3193,4.64313,0.275
0.2166,18.0938,18.0938,4.62799,83.7381,85.0695,24.3143,4.62799,0.273333
0.2168,18.1379,18.1379,4.61439,83.6954,85.0695,24.3138,4.61439,0.271667
0.217,18.0935,18.0935,4.63333,83.8333,85.0695,24.3149,4.63333,0.273333
0.2172,18.0447,18.0447,4.64596,83.8352,85.0695,24.3176,4.64596,0.275
0.2174,18.0897,18.0897,4.62582,83.6798,85.0695,24.3144,4.62582,0.273333
0.2176,18.1353,18.1353,4.6184,83.7561,85.0695,24.3156,4.6184,0.271667
0.2178,18.0936,18.0936,4.63583,83.8787,85.0695,24.3154,4.63583,0.273333
0.218,18.0408,18.0408,4.64395,83.7805,85.0695,24.3193,4.64395,0.275
0.2182,18.0866,18.0866,4.6293,83.7282,85.0695,24.3147,4.6293,0.273333
0.2184,18.1313,18.1313,4.61614,83.6966,85.0695,24.3161,4.61614,0.271667
0.2186,18.0973,18.0973,4.63318,83.8482,85.0695,24.3149,4.63318,0.273333
0.2188,18.0476,18.0476,4.64313,83.7976,85.0695,24.3193,4.64313,0.275
0.219,18.0938,18.0938,4.62799,83.7381,85.0695,24.3143,4.62799,0.273333
0.2192,18.1379,18.1379,4.61439,83.6954,85.0695,24.3138,4.61439,0.271667
0.2194,18.0935,18.0935,4.63333,83.8333,85.0695,24.3149,4.63333,0.273333
0.2196,18.0447,18.0447,4.64596,83.8352,85.0695,24.3176,4.64596,0.275
0.2198,18.0897,18.0897,4.62582,83.6798,85.0695,24.3144,4.62582,0.273333
0.22,18.1353,18.1353,4.6184,83.7561,85.0695,24.3156,4.6184,0.271667
0.2202,18.0936,18.0936,4.63583,83.8787,85.0695,24.3154,4.63583,0.273333
0.2204,18.0408,18.0408,4.64395,83.7805,85.0695,24.3193,4.64395,0.275
0.2206,18.0866,18.0866,4.6293,83.7282,85.0695,24.3147,4.6293,0.273333
0.2208,18.1313,18.1313,4.61614,83.6966,85.0695,24.3161,4.61614,0.271667
0.221,18.0973,18.0973,4.63318,83.8482,85.0695,24.3149,4.63318,0.273333
0.2212,18.0476,18.0476,4.64313,83.7976,85.0695,24.3193,4.64313,0.275
0.2214,18.0938,18.0938,4.62799,83.7381,85.0695,24.3143,4.62799,0.273333
0.2216,18.1379,18.1379,4.61439,83.6954,85.0695,24.3138,4.61439,0.271667
0.2218,18.0935,18.0935,4.63333,83.8333,85.0695,24.3149,4.63333,0.273333
0.222,18.0447,18.0447,4.64596,83.8352,85.0695,24.3176,4.64596,0.275
0.2222,18.0897,18.0897,4.62582,83.6798,85.0695,24.3144,4.62582,0.273333
0.2224,18.1353,18.1353,4.6184,83.7561,85.0695,24.3156,4.6184,0.271667
0.2226,18.0936,18.0936,4.63583,83.8787,85.0695,24.3154,4.63583,0.273333
0.2228,18.0408,18.0408,4.64395,83.7805,85.0695,24.3193,4.64395,0.275
0.223,18.0866,18.0866,4.6293,83.7282,85.0695,24.3147,4.6293,0.273333
0.2232,18.1313,18.1313,4.61614,83.6966,85.0695,24.3161,4.61614,0.271667
0.2234,18.0973,18.0973,4.63318,83.8482,85.0695,24.3149,4.63318,0.273333
0.2236,18.0476,18.0476,4.64313,83.7976,85.0695,24.3193,4.64313,0.275
0.2238,18.0938,18.0938,4.62799,83.7381,85.0695,24.3143,4.62799,0.273333
0.224,18.1379,18.1379,4.61439,83.6954,85.0695,24.3138,4.61439,0.271667
0.2242,18.0935,18.0935,4.63333,83.8333,85.0695,24.3149,4.63333,0.273333
0.2244,18.0447,18.0447,4.64596,83.8352,85.0695,24.3176,4.64596,0.275
0.2246,18.0897,18.0897,4.62582,83.6798,85.0695,24.3144,4.62582,0.273333
0.2248,18.1353,18.1353,4.6184,83.7561,85.0695,24.3156,4.6184,0.271667
0.225,18.0936,18.0936,4.63583,83.8787,85.0695,24.3154,4.63583,0.273333
0.2252,18.0408,18.0408,4.64395,83.7805,85.0695,24.3193,4.64395,0.275
0.2254,18.0866,18.0866,4.6293,83.7282,85.0695,24.3147,4.6293,0.273333
0.2256,18.1313,18.1313,4.61614,83.6966,85.0695,24.3161,4.61614,0.271667
0.2258,18.0973,18.0973,4.63318,83.8482,85.0695,24.3149,4.63318,0.273333
0.226,18.0476,18.0476,4.64313,83.7976,85.0695,24.3193,4.64313,0.275
0.2262,18.0938,18.0938,4.62799,83.7381,85.0695,24.3143,4.62799,0.273333
0.2264,18.1379,18.1379,4.61439,83.6954,85.0695,24.3138,4.61439,0.271667
0.2266,18.0935,18.0935,4.63333,83.8333,85.0695,24.3149,4.63333,0.273333
0.2268,18.0447,18.0447,4.64596,83.8352,85.0695,24.3176,4.64596,0.275
0.227,18.0897,18.0897,4.62582,83.6798,85.0695,24.3144,4.62582,0.273333
0.2272,18.1353,18.1353,4.6184,83.7561,85.0695,24.3156,4.6184,0.271667
0.2274,18.0936,18.0936,4.63583,83.8787,85.0695,24.3154,4.63583,0.273333
0.2276,18.0408,18.0408,4.64395,83.7805,85.0695,24.3193,4.64395,0.275
0.2278,18.0866,18.0866,4.6293,83.7282,85.0695,24.3147,4.6293,0.273333
0.228,18.1313,18.1313,4.61614,83.6966,85.0695,24.3161,4.61614,0.271667
0.2282,18.0973,18.0973,4.63318,83.8482,85.0695,24.3149,4.63318,0.273333
0.2284,18.0476,18.0476,4.64313,83.7976,85.0695,24.3193,4.64313,0.275
0.2286,18.0938,18.0938,4.62799,83.7381,85.0695,24.3143,4.62799,0.273333
0.2288,18.1379,18.1379,4.61439,83.6954,85.0695,24.3138,4.61439,0.271667
0.229,18.0935,18.0935,4.63333,83.8333,85.0695,24.3149,4.63333,0.273333
0.2292,18.0447,18.0447,4.64596,83.8352,85.0695,24.3176,4.64596,0.275
0.2294,18.0897,18.0897,4.62582,83.6798,85.0695,24.3144,4.62582,0.273333
0.2296,18.1353,18.1353,4.6184,83.7561,85.0695,24.3156,4.6184,0.271667
0.2298,18.0936,18.0936,4.63583,83.8787,85.0695,24.3154,4.63583,0.273333
0.23,18.0408,18.0408,4.64395,83.7805,85.0695,24.3193,4.64395,0.275
0.2302,18.0866,18.0866,4.6293,83.7282,85.0695,24.3147,4.6293,0.273333
0.2304,18.1313,18.1313,4.61614,83.6966,85.0695,24.3161,4.61614,0.271667
0.2306,18.0973,18.0973,4.63318,83.8482,85.0695,24.3149,4.63318,0.273333
0.2308,18.0476,18.0476,4.64313,83.7976,85.0695,24.3193,4.64313,0.275
0.231,18.0938,18.0938,4.62799,83.7381,85.0695,24.3143,4.62799,0.273333
0.2312,18.1379,18.1379,4.61439,83.6954,85.0695,24.3138,4.61439,0.271667
0.2314,18.0935,18.0935,4.63333,83.8333,85.0695,24.3149,4.63333,0.273333
0.2316,18.0447,18.0447,4.64596,83.8352,85.0695,24.3176,4.64596,0.275
0.2318,18.0897,18.0897,4.62582,83.6798,85.0695,24.3144,4.62582,0.273333
0.232,18.1353,18.1353,4.6184,83.7561,85.0695,24.3156,4.6184,0.271667
0.2322,18.0936,18.0936,4.63583,83.8787,85.0695,24.3154,4.63583,0.273333
0.2324,18.0408,18.0408,4.64395,83.7805,85.0695,24.3193,4.64395,0.275
0.2326,18.0866,18.0866,4.6293,83.7282,85.0695,24.3147,4.6293,0.273333
0.2328,18.1313,18.1313,4.61614,83.6966,85.0695,24.3161,4.61614,0.271667
0.233,18.0973,18.0973,4.63318,83.8482,85.0695,24.3149,4.63318,0.273333
0.2332,18.0476,18.0476,4.64313,83.7976,85.0695,24.3193,4.64313,0.275
0.2334,18.0938,18.0938,4.62799,83.7381,85.0695,24.3143,4.62799,0.273333
0.2336,18.1379,18.1379,4.61439,83.6954,85.0695,24.3138,4.61439,0.271667
0.2338,18.0935,18.0935,4.63333,83.8333,85.0695,24.3149,4.63333,0.273333
0.234,18.0447,18.0447,4.64596,83.8352,85.0695,24.3176,4.64596,0.275
0.2342,18.0897,18.0897,4.62582,83.6798,85.0695,24.3144,4.62582,0.273333
0.2344,18.1353,18.1353,4.6184,83.7561,85.0695,24.3156,4.6184,0.271667
0.2346,18.0936,18.0936,4.63583,83.8787,85.0695,24.3154,4.63583,0.273333
0.2348,18.0408,18.0408,4.64395,83.7805,85.0695,24.3193,4.64395,0.275
0.235,18.0866,18.0866,4.6293,83.7282,85.0695,24.3147,4.6293,0.273333
0.2352,18.1313,18.1313,4.61614,83.6966,85.0695,24.3161,4.61614,0.271667
0.2354,18.0973,18.0973,4.63318,83.8482,85.0695,24.3149,4.63318,0.273333
0.2356,18.0476,18.0476,4.64313,83.7976,85.0695,24.3193,4.64313,0.275
0.2358,18.0938,18.0938,4.62799,83.7381,85.0695,24.3143,4.62799,0.273333
0.236,18.1379,18.1379,4.61439,83.6954,85.0695,24.3138,4.61439,0.271667
0.2362,18.0935,18.0935,4.63333,83.8333,85.0695,24.3149,4.63333,0.273333
0.2364,18.0447,18.0447,4.64596,83.8352,85.0695,24.3176,4.64596,0.275
0.2366,18.0897,18.0897,4.62582,83.6798,85.0695,24.3144,4.62582,0.273333
0.2368,18.1353,18.1353,4.6184,83.7561,85.0695,24.3156,4.6184,0.271667
0.237,18.0936,18.0936,4.63583,83.8787,85.0695,24.3154,4.63583,0.273333
0.2372,18.0408,18.0408,4.64395,83.7805,85.0695,24.3193,4.64395,0.275
0.2374,18.0866,18.0866,4.6293,83.7282,85.0695,24.3147,4.6293,0.273333
0.2376,18.1313,18.1313,4.61614,83.6966,85.0695,24.3161,4.61614,0.271667
0.2378,18.0973,18.0973,4.63318,83.8482,85.0695,24.3149,4.63318,0.273333
0.238,18.0476,18.0476,4.64313,83.7976,85.0695,24.3193,4.64313,0.275
0.2382,18.0938,18.0938,4.62799,83.7381,85.0695,24.3143,4.62799,0.273333
0.2384,18.1379,18.1379,4.61439,83.6954,85.0695,24.3138,4.61439,0.271667
0.2386,18.0935,18.0935,4.63333,83.8333,85.0695,24.3149,4.63333,0.273333
0.2388,18.0447,18.0447,4.64596,83.8352,85.0695,24.3176,4.64596,0.275
0.239,18.0897,18.0897,4.62582,83.6798,85.0695,24.3144,4.62582,0.273333
0.2392,18.1353,18.1353,4.6184,83.7561,85.0695,24.3156,4.6184,0.271667
0.2394,18.0936,18.0936,4.63583,83.8787,85.0695,24.3154,4.63583,0.273333
0.2396,18.0408,18.0408,4.64395,83.7805,85.0695,24.3193,4.64395,0.275
0.2398,18.0866,18.0866,4.6293,83.7282,85.0695,24.3147,4.6293,0.273333
0.24,18.1313,18.1313,4.61614,83.6966,85.0695,24.3161,4.61614,0.271667
0.2402,18.0973,18.0973,4.63318,83.8482,85.0695,24.3149,4.63318,0.273333
0.2404,18.0476,18.0476,4.64313,83.7976,85.0695,24.3193,4.64313,0.275
0.2406,18.0938,18.0938,4.62799,83.7381,85.0695,24.3143,4.62799,0.273333
0.2408,18.1379,18.1379,4.61439,83.6954,85.0695,24.3138,4.61439,0.271667
0.241,18.0935,18.0935,4.63333,83.8333,85.0695,24.3149,4.63333,0.273333
0.2412,18.0447,18.0447,4.64596,83.8352,85.0695,24.3176,4.64596,0.275
0.2414,18.0897,18.0897,4.62582,83.6798,85.0695,24.3144,4.62582,0.273333
0.2416,18.1353,18.1353,4.6184,83.7561,85.0695,24.3156,4.6184,0.271667
0.2418,18.0936,18.0936,4.63583,83.8787,85.0695,24.3154,4.63583,0.273333
0.242,18.0408,18.0408,4.64395,83.7805,85.0695,24.3193,4.64395,0.275
0.2422,18.0866,18.0866,4.6293,83.7282,85.0695,24.3147,4.6293,0.273333
0.2424,18.1313,18.1313,4.61614,83.6966,85.0695,24.3161,4.61614,0.271667
0.2426,18.0973,18.0973,4.63318,83.8482,85.0695,24.3149,4.63318,0.273333
0.2428,18.0476,18.0476,4.64313,83.7976,85.0695,24.3193,4.64313,0.275
0.243,18.0938,18.0938,4.62799,83.7381,85.0695,24.3143,4.62799,0.273333
0.2432,18.1379,18.1379,4.61439,83.6954,85.0695,24.3138,4.61439,0.271667
0.2434,18.0935,18.0935,4.63333,83.8333,85.0695,24.3149,4.63333,0.273333
0.2436,18.0447,18.0447,4.64596,83.8352,85.0695,24.3176,4.64596,0.275
0.2438,18.0897,18.0897,4.62582,83.6798,85.0695,24.3144,4.62582,0.273333
0.244,18.1353,18.1353,4.6184,83.7561,85.0695,24.3156,4.6184,0.271667
0.2442,18.0936,18.0936,4.63583,83.8787,85.0695,24.3154,4.63583,0.273333
0.2444,18.0408,18.0408,4.64395,83.7805,85.0695,24.3193,4.64395,0.275
0.2446,18.0866,18.0866,4.6293,83.7282,85.0695,24.3147,4.6293,0.273333
0.2448,18.1313,18.1313,4.61614,83.6966,85.0695,24.3161,4.61614,0.271667
0.245,18.0973,18.0973,4.63318,83.8482,85.0695,24.3149,4.63318,0.273333
0.2452,18.0476,18.0476,4.64313,83.7976,85.0695,24.3193,4.64313,0.275
0.2454,18.0938,18.0938,4.62799,83.7381,85.0695,24.3143,4.62799,0.273333
0.2456,18.1379,18.1379,4.61439,83.6954,85.0695,24.3138,4.61439,0.271667
0.2458,18.0935,18.0935,4.63333,83.8333,85.0695,24.3149,4.63333,0.273333
0.246,18.0447,18.0447,4.64596,83.8352,85.0695,24.3176,4.64596,0.275
0.2462,18.0897,18.0897,4.62582,83.6798,85.0695,24.3144,4.62582,0.273333
0.2464,18.1353,18.1353,4.6184,83.7561,85.0695,24.3156,4.6184,0.271667
0.2466,18.0936,18.0936,4.63583,83.8787,85.0695,24.3154,4.63583,0.273333
0.2468,18.0408,18.0408,4.64395,83.7805,85.0695,24.3193,4.64395,0.275
0.247,18.0866,18.0866,4.6293,83.7282,85.0695,24.3147,4.6293,0.273333
0.2472,18.1313,18.1313,4.61614,83.6966,85.0695,24.3161,4.61614,0.271667
0.2474,18.0973,18.0973,4.63318,83.8482,85.0695,24.3149,4.63318,0.273333
0.2476,18.0476,18.0476,4.64313,83.7976,85.0695,24.3193,4.64313,0.275
0.2478,18.0938,18.0938,4.62799,83.7381,85.0695,24.3143,4.62799,0.273333
0.248,18.1379,18.1379,4.61439,83.6954,85.0695,24.3138,4.61439,0.271667
0.2482,18.0935,18.0935,4.63333,83.8333,85.0695,24.3149,4.63333,0.273333
0.2484,18.0447,18.0447,4.64596,83.8352,85.0695,24.3176,4.64596,0.275
0.2486,18.0897,18.0897,4.62582,83.6798,85.0695,24.3144,4.62582,0.273333
0.2488,18.1353,18.1353,4.6184,83.7561,85.0695,24.3156,4.6184,0.271667
0.249,18.0936,18.0936,4.63583,83.8787,85.0695,24.3154,4.63583,0.273333
0.2492,18.0408,18.0408,4.64395,83.7805,85.0695,24.3193,4.64395,0.275
0.2494,18.0866,18.0866,4.6293,83.7282,85.0695,24.3147,4.6293,0.273333
0.2496,18.1313,18.1313,4.61614,83.6966,85.0695,24.3161,4.61614,0.271667
0.2498,18.0973,18.0973,4.63318,83.8482,85.0695,24.3149,4.63318,0.273333
0.25,18.0476,18.0476,4.64313,83.7976,85.0695,24.3193,4.64313,0.275
0.2502,18.0938,18.0938,4.62799,83.7381,85.0695,24.3143,4.62799,0.273333
0.2504,18.1379,18.1379,4.61439,83.6954,85.0695,24.3138,4.61439,0.271667
0.2506,18.0935,18.0935,4.63333,83.8333,85.0695,24.3149,4.63333,0.273333
0.2508,18.0447,18.0447,4.64596,83.8352,85.0695,24.3176,4.64596,0.275
0.251,18.0897,18.0897,4.62582,83.6798,85.0695,24.3144,4.62582,0.273333
0.2512,18.1353,18.1353,4.6184,83.7561,85.0695,24.3156,4.6184,0.271667
0.2514,18.0936,18.0936,4.63583,83.8787,85.0695,24.3154,4.63583,0.273333
0.2516,18.0408,18.0408,4.64395,83.7805,85.0695,24.3193,4.64395,0.275
0.2518,18.0866,18.0866,4.6293,83.7282,85.0695,24.3147,4.6293,0.273333
0.252,18.1313,18.1313,4.61614,83.6966,85.0695,24.3161,4.61614,0.271667
0.2522,18.0973,18.0973,4.63318,83.8482,85.0695,24.3149,4.63318,0.273333
0.2524,18.0476,18.0476,4.64313,83.7976,85.0695,24.3193,4.64313,0.275
0.2526,18.0938,18.0938,4.62799,83.7381,85.0695,24.3143,4.62799,0.273333
0.2528,18.1379,18.1379,4.61439,83.6954,85.0695,24.3138,4.61439,0.271667
0.253,18.0935,18.0935,4.63333,83.8333,85.0695,24.3149,4.63333,0.273333
0.2532,18.0447,18.0447,4.64596,83.8352,85.0695,24.3176,4.64596,0.275
0.2534,18.0897,18.0897,4.62582,83.6798,85.0695,24.3144,4.62582,0.273333
0.2536,18.1353,18.1353,4.6184,83.7561,85.0695,24.3156,4.6184,0.271667
0.2538,18.0936,18.0936,4.63583,83.8787,85.0695,24.3154,4.63583,0.273333
0.254,18.0408,18.0408,4.64395,83.7805,85.0695,24.3193,4.64395,0.275
0.2542,18.0866,18.0866,4.6293,83.7282,85.0695,24.3147,4.6293,0.273333
0.2544,18.1313,18.1313,4.61614,83.6966,85.0695,24.3161,4.61614,0.271667
0.2546,18.0973,18.0973,4.63318,83.8482,85.0695,24.3149,4.63318,0.273333
0.2548,18.0476,18.0476,4.64313,83.7976,85.0695,24.3193,4.64313,0.275
0.255,18.0938,18.0938,4.62799,83.7381,85.0695,24.3143,4.62799,0.273333
0.2552,18.1379,18.1379,4.61439,83.6954,85.0695,24.3138,4.61439,0.271667
0.2554,18.0935,18.0935,4.63333,83.8333,85.0695,24.3149,4.63333,0.273333
0.2556,18.0447,18.0447,4.64596,83.8352,85.0695,24.3176,4.64596,0.275
0.2558,18.0897,18.0897,4.62582,83.6798,85.0695,24.3144,4.62582,0.273333
0.256,18.1353,18.1353,4.6184,83.7561,85.0695,24.3156,4.6184,0.271667
0.2562,18.0936,18.0936,4.63583,83.8787,85.0695,24.3154,4.63583,0.273333
0.2564,18.0408,18.0408,4.64395,83.7805,85.0695,24.3193,4.64395,0.275
0.2566,18.0866,18.0866,4.6293,83.7282,85.0695,24.3147,4.6293,0.273333
0.2568,18.1313,18.1313,4.61614,83.6966,85.0695,24.3161,4.61614,0.271667
0.257,18.0973,18.0973,4.63318,83.8482,85.0695,24.3149,4.63318,0.273333
0.2572,18.0476,18.0476,4.64313,83.7976,85.0695,24.3193,4.64313,0.275
0.2574,18.0938,18.0938,4.62799,83.7381,85.0695,24.3143,4.62799,0.273333
0.2576,18.1379,18.1379,4.61439,83.6954,85.0695,24.3138,4.61439,0.271667
0.2578,18.0935,18.0935,4.63333,83.8333,85.0695,24.3149,4.63333,0.273333
0.258,18.0447,18.0447,4.64596,83.8352,85.0695,24.3176,4.64596,0.275
0.2582,18.0897,18.0897,4.62582,83.6798,85.0695,24.3144,4.62582,0.273333
0.2584,18.1353,18.1353,4.6184,83.7561,85.0695,24.3156,4.6184,0.271667
0.2586,18.0936,18.0936,4.63583,83.8787,85.0695,24.3154,4.63583,0.273333
0.2588,18.0408,18.0408,4.64395,83.7805,85.0695,24.3193,4.64395,0.275
0.259,18.0866,18.0866,4.6293,83.7282,85.0695,24.3147,4.6293,0.273333
0.2592,18.1313,18.1313,4.61614,83.6966,85.0695,24.3161,4.61614,0.271667
0.2594,18.0973,18.0973,4.63318,83.8482,85.0695,24.3149,4.63318,0.273333
0.2596,18.0476,18.0476,4.64313,83.7976,85.0695,24.3193,4.64313,0.275
0.2598,18.0938,18.0938,4.62799,83.7381,85.0695,24.3143,4.62799,0.273333
0.26,18.1379,18.1379,4.61439,83.6954,85.0695,24.3138,4.61439,0.271667
0.2602,18.0935,18.0935,4.63333,83.8333,85.0695,24.3149,4.63333,0.273333
0.2604,18.0447,18.0447,4.64596,83.8352,85.0695,24.3176,4.64596,0.275
0.2606,18.0897,18.0897,4.62582,83.6798,85.0695,24.3144,4.62582,0.273333
0.2608,18.1353,18.1353,4.6184,83.7561,85.0695,24.3156,4.6184,0.271667
0.261,18.0936,18.0936,4.63583,83.8787,85.0695,24.3154,4.63583,0.273333
0.2612,18.0408,18.0408,4.64395,83.7805,85.0695,24.3193,4.64395,0.275
0.2614,18.0866,18.0866,4.6293,83.7282,85.0695,24.3147,4.6293,0.273333
0.2616,18.1313,18.1313,4.61614,83.6966,85.0695,24.3161,4.61614,0.271667
0.2618,18.0973,18.0973,4.63318,83.8482,85.0695,24.3149,4.63318,0.273333
0.262,18.0476,18.0476,4.64313,83.7976,85.0695,24.3193,4.64313,0.275
0.2622,18.0938,18.0938,4.62799,83.7381,85.0695,24.3143,4.62799,0.273333
0.2624,18.1379,18.1379,4.61439,83.6954,85.0695,24.3138,4.61439,0.271667
0.2626,18.0935,18.0935,4.63333,83.8333,85.0695,24.3149,4.63333,0.273333
0.2628,18.0447,18.0447,4.64596,83.8352,85.0695,24.3176,4.64596,0.275
0.263,18.0897,18.0897,4.62582,83.6798,85.0695,24.3144,4.62582,0.273333
0.2632,18.1353,18.1353,4.6184,83.7561,85.0695,24.3156,4.6184,0.271667
0.2634,18.0936,18.0936,4.63583,83.8787,85.0695,24.3154,4.63583,0.273333
0.2636,18.0408,18.0408,4.64395,83.7805,85.0695,24.3193,4.64395,0.275
0.2638,18.0866,18.0866,4.6293,83.7282,85.0695,24.3147,4.6293,0.273333
0.264,18.1313,18.1313,4.61614,83.6966,85.0695,24.3161,4.61614,0.271667
0.2642,18.0973,18.0973,4.63318,83.8482,85.0695,24.3149,4.63318,0.273333
0.2644,18.0476,18.0476,4.64313,83.7976,85.0695,24.3193,4.64313,0.275
0.2646,18.0938,18.0938,4.62799,83.7381,85.0695,24.3143,4.62799,0.273333
0.2648,18.1379,18.1379,4.61439,83.6954,85.0695,24.3138,4.61439,0.271667
0.265,18.0935,18.0935,4.63333,83.8333,85.0695,24.3149,4.63333,0.273333
0.2652,18.0447,18.0447,4.64596,83.8352,85.0695,24.3176,4.64596,0.275
0.2654,18.0897,18.0897,4.62582,83.6798,85.0695,24.3144,4.62582,0.273333
0.2656,18.1353,18.1353,4.6184,83.7561,85.0695,24.3156,4.6184,0.271667
0.2658,18.0936,18.0936,4.63583,83.8787,85.0695,24.3154,4.63583,0.273333
0.266,18.0408,18.0408,4.64395,83.7805,85.0695,24.3193,4.64395,0.275
0.2662,18.0866,18.0866,4.6293,83.7282,85.0695,24.3147,4.6293,0.273333
0.2664,18.1313,18.1313,4.61614,83.6966,85.0695,24.3161,4.61614,0.271667
0.2666,18.0973,18.0973,4.63318,83.8482,85.0695,24.3149,4.63318,0.273333
0.2668,18.0476,18.0476,4.64313,83.7976,85.0695,24.3193,4.64313,0.275
0.267,18.0938,18.0938,4.62799,83.7381,85.0695,24.3143,4.62799,0.273333
0.2672,18.1379,18.1379,4.61439,83.6954,85.0695,24.3138,4.61439,0.271667
0.2674,18.0935,18.0935,4.63333,83.8333,85.0695,24.3149,4.63333,0.273333
0.2676,18.0447,18.0447,4.64596,83.8352,85.0695,24.3176,4.64596,0.275
0.2678,18.0897,18.0897,4.62582,83.6798,85.0695,24.3144,4.62582,0.273333
0.268,18.1353,18.1353,4.6184,83.7561,85.0695,24.3156,4.6184,0.271667
0.2682,18.0936,18.0936,4.63583,83.8787,85.0695,24.3154,4.63583,0.273333
0.2684,18.0408,18.0408,4.64395,83.7805,85.0695,24.3193,4.64395,0.275
0.2686,18.0866,18.0866,4.6293,83.7282,85.0695,24.3147,4.6293,0.273333
0.2688,18.1313,18.1313,4.61614,83.6966,85.0695,24.3161,4.61614,0.271667
0.269,18.0973,18.0973,4.63318,83.8482,85.0695,24.3149,4.63318,0.273333
0.2692,18.0476,18.0476,4.64313,83.7976,85.0695,24.3193,4.64313,0.275
0.2694,18.0938,18.0938,4.62799,83.7381,85.0695,24.3143,4.62799,0.273333
0.2696,18.1379,18.1379,4.61439,83.6954,85.0695,24.3138,4.61439,0.271667
0.2698,18.0935,18.0935,4.63333,83.8333,85.0695,24.3149,4.63333,0.273333
0.27,18.0447,18.0447,4.64596,83.8352,85.0695,24.3176,4.64596,0.275
0.2702,18.0897,18.0897,4.62582,83.6798,85.0695,24.3144,4.62582,0.273333
0.2704,18.1353,18.1353,4.6184,83.7561,85.0695,24.3156,4.6184,0.271667
0.2706,18.0936,18.0936,4.63583,83.8787,85.0695,24.3154,4.63583,0.273333
0.2708,18.0408,18.0408,4.64395,83.7805,85.0695,24.3193,4.64395,0.275
0.271,18.0866,18.0866,4.6293,83.7282,85.0695,24.3147,4.6293,0.273333
0.2712,18.1313,18.1313,4.61614,83.6966,85.0695,24.3161,4.61614,0.271667
0.2714,18.0973,18.0973,4.63318,83.8482,85.0695,24.3149,4.63318,0.273333
0.2716,18.0476,18.0476,4.64313,83.7976,85.0695,24.3193,4.64313,0.275
0.2718,18.0938,18.0938,4.62799,83.7381,85.0695,24.3143,4.62799,0.273333
0.272,18.1379,18.1379,4.61439,83.6954,85.0695,24.3138,4.61439,0.271667
0.2722,18.0935,18.0935,4.63333,83.8333,85.0695,24.3149,4.63333,0.273333
0.2724,18.0447,18.0447,4.64596,83.8352,85.0695,24.3176,4.64596,0.275
0.2726,18.0897,18.0897,4.62582,83.6798,85.0695,24.3144,4.62582,0.273333
0.2728,18.1353,18.1353,4.6184,83.7561,85.0695,24.3156,4.6184,0.271667
0.273,18.0936,18.0936,4.63583,83.8787,85.0695,24.3154,4.63583,0.273333
0.2732,18.0408,18.0408,4.64395,83.7805,85.0695,24.3193,4.64395,0.275
0.2734,18.0866,18.0866,4.6293,83.7282,85.0695,24.3147,4.6293,0.273333
0.2736,18.1313,18.1313,4.61614,83.6966,85.0695,24.3161,4.61614,0.271667
0.2738,18.0973,18.0973,4.63318,83.8482,85.0695,24.3149,4.63318,0.273333
0.274,18.0476,18.0476,4.64313,83.7976,85.0695,24.3193,4.64313,0.275
0.2742,18.0938,18.0938,4.62799,83.7381,85.0695,24.3143,4.62799,0.273333
0.2744,18.1379,18.1379,4.61439,83.6954,85.0695,24.3138,4.61439,0.271667
0.2746,18.0935,18.0935,4.63333,83.8333,85.0695,24.3149,4.63333,0.273333
0.2748,18.0447,18.0447,4.64596,83.8352,85.0695,24.3176,4.64596,0.275
0.275,18.0897,18.0897,4.62582,83.6798,85.0695,24.3144,4.62582,0.273333
0.2752,18.1353,18.1353,4.6184,83.7561,85.0695,24.3156,4.6184,0.271667
0.2754,18.0936,18.0936,4.63583,83.8787,85.0695,24.3154,4.63583,0.273333
0.2756,18.0408,18.0408,4.64395,83.7805,85.0695,24.3193,4.64395,0.275
0.2758,18.0866,18.0866,4.6293,83.7282,85.0695,24.3147,4.6293,0.273333
0.276,18.1313,18.1313,4.61614,83.6966,85.0695,24.3161,4.61614,0.271667
0.2762,18.0973,18.0973,4.63318,83.8482,85.0695,24.3149,4.63318,0.273333
0.2764,18.0476,18.0476,4.64313,83.7976,85.0695,24.3193,4.64313,0.275
0.2766,18.0938,18.0938,4.62799,83.7381,85.0695,24.3143,4.62799,0.273333
0.2768,18.1379,18.1379,4.61439,83.6954,85.0695,24.3138,4.61439,0.271667
0.277,18.0935,18.0935,4.63333,83.8333,85.0695,24.3149,4.63333,0.273333
0.2772,18.0447,18.0447,4.64596,83.8352,85.0695,24.3176,4.64596,0.275
0.2774,18.0897,18.0897,4.62582,83.6798,85.0695,24.3144,4.62582,0.273333
0.2776,18.1353,18.1353,4.6184,83.7561,85.0695,24.3156,4.6184,0.271667
0.2778,18.0936,18.0936,4.63583,83.8787,85.0695,24.3154,4.63583,0.273333
0.278,18.0408,18.0408,4.64395,83.7805,85.0695,24.3193,4.64395,0.275
0.2782,18.0866,18.0866,4.6293,83.7282,85.0695,24.3147,4.6293,0.273333
0.2784,18.1313,18.1313,4.61614,83.6966,85.0695,24.3161,4.61614,0.271667
0.2786,18.0973,18.0973,4.63318,83.8482,85.0695,24.3149,4.63318,0.273333
0.2788,18.0476,18.0476,4.64313,83.7976,85.0695,24.3193,4.64313,0.275
0.279,18.0938,18.0938,4.62799,83.7381,85.0695,24.3143,4.62799,0.273333
0.2792,18.1379,18.1379,4.61439,83.6954,85.0695,24.3138,4.61439,0.271667
0.2794,18.0935,18.0935,4.63333,83.8333,85.0695,24.3149,4.63333,0.273333
0.2796,18.0447,18.0447,4.64596,83.8352,85.0695,24.3176,4.64596,0.275
0.2798,18.0897,18.0897,4.62582,83.6798,85.0695,24.3144,4.62582,0.273333
0.28,18.1353,18.1353,4.6184,83.7561,85.0695,24.3156,4.6184,0.271667
0.2802,18.0936,18.0936,4.63583,83.8787,85.0695,24.3154,4.63583,0.273333
0.2804,18.0408,18.0408,4.64395,83.7805,85.0695,24.3193,4.64395,0.275
0.2806,18.0866,18.0866,4.6293,83.7282,85.0695,24.3147,4.6293,0.273333
0.2808,18.1313,18.1313,4.61614,83.6966,85.0695,24.3161,4.61614,0.271667
0.281,18.0973,18.0973,4.63318,83.8482,85.0695,24.3149,4.63318,0.273333
0.2812,18.0476,18.0476,4.64313,83.7976,85.0695,24.3193,4.64313,0.275
0.2814,18.0938,18.0938,4.62799,83.7381,85.0695,24.3143,4.62799,0.273333
0.2816,18.1379,18.1379,4.61439,83.6954,85.0695,24.3138,4.61439,0.271667
0.2818,18.0935,18.0935,4.63333,83.8333,85.0695,24.3149,4.63333,0.273333
0.282,18.0447,18.0447,4.64596,83.8352,85.0695,24.3176,4.64596,0.275
0.2822,18.0897,18.0897,4.62582,83.6798,85.0695,24.3144,4.62582,0.273333
0.2824,18.1353,18.1353,4.6184,83.7561,85.0695,24.3156,4.6184,0.271667
0.2826,18.0936,18.0936,4.63583,83.8787,85.0695,24.3154,4.63583,0.273333
0.2828,18.0408,18.0408,4.64395,83.7805,85.0695,24.3193,4.64395,0.275
0.283,18.0866,18.0866,4.6293,83.7282,85.0695,24.3147,4.6293,0.273333
0.2832,18.1313,18.1313,4.61614,83.6966,85.0695,24.3161,4.61614,0.271667
0.2834,18.0973,18.0973,4.63318,83.8482,85.0695,24.3149,4.63318,0.273333
0.2836,18.0476,18.0476,4.64313,83.7976,85.0695,24.3193,4.64313,0.275
0.2838,18.0938,18.0938,4.62799,83.7381,85.0695,24.3143,4.62799,0.273333
0.284,18.1379,18.1379,4.61439,83.6954,85.0695,24.3138,4.61439,0.271667
0.2842,18.0935,18.0935,4.63333,83.8333,85.0695,24.3149,4.63333,0.273333
0.2844,18.0447,18.0447,4.64596,83.8352,85.0695,24.3176,4.64596,0.275
0.2846,18.0897,18.0897,4.62582,83.6798,85.0695,24.3144,4.62582,0.273333
0.2848,18.1353,18.1353,4.6184,83.7561,85.0695,24.3156,4.6184,0.271667
0.285,18.0936,18.0936,4.63583,83.8787,85.0695,24.3154,4.63583,0.273333
0.2852,18.0408,18.0408,4.64395,83.7805,85.0695,24.3193,4.64395,0.275
0.2854,18.0866,18.0866,4.6293,83.7282,85.0695,24.3147,4.6293,0.273333
0.2856,18.1313,18.1313,4.61614,83.6966,85.0695,24.3161,4.61614,0.271667
0.2858,18.0973,18.0973,4.63318,83.8482,85.0695,24.3149,4.63318,0.273333
0.286,18.0476,18.0476,4.64313,83.7976,85.0695,24.3193,4.64313,0.275
0.2862,18.0938,18.0938,4.62799,83.7381,85.0695,24.3143,4.62799,0.273333
0.2864,18.1379,18.1379,4.61439,83.6954,85.0695,24.3138,4.61439,0.271667
0.2866,18.0935,18.0935,4.63333,83.8333,85.0695,24.3149,4.63333,0.273333
0.2868,18.0447,18.0447,4.64596,83.8352,85.0695,24.3176,4.64596,0.275
0.287,18.0897,18.0897,4.62582,83.6798,85.0695,24.3144,4.62582,0.273333
0.2872,18.1353,18.1353,4.6184,83.7561,85.0695,24.3156,4.6184,0.271667
0.2874,18.0936,18.0936,4.63583,83.8787,85.0695,24.3154,4.63583,0.273333
0.2876,18.0408,18.0408,4.64395,83.7805,85.0695,24.3193,4.64395,0.275
0.2878,18.0866,18.0866,4.6293,83.7282,85.0695,24.3147,4.6293,0.273333
0.288,18.1313,18.1313,4.61614,83.6966,85.0695,24.3161,4.61614,0.271667
0.2882,18.0973,18.0973,4.63318,83.8482,85.0695,24.3149,4.63318,0.273333
0.2884,18.0476,18.0476,4.64313,83.7976,85.0695,24.3193,4.64313,0.275
0.2886,18.0938,18.0938,4.62799,83.7381,85.0695,24.3143,4.62799,0.273333
0.2888,18.1379,18.1379,4.61439,83.6954,85.0695,24.3138,4.61439,0.271667
0.289,18.0935,18.0935,4.63333,83.8333,85.0695,24.3149,4.63333,0.273333
0.2892,18.0447,18.0447,4.64596,83.8352,85.0695,24.3176,4.64596,0.275
0.2894,18.0897,18.0897,4.62582,83.6798,85.0695,24.3144,4.62582,0.273333
0.2896,18.1353,18.1353,4.6184,83.7561,85.0695,24.3156,4.6184,0.271667
0.2898,18.0936,18.0936,4.63583,83.8787,85.0695,24.3154,4.63583,0.273333
0.29,18.0408,18.0408,4.64395,83.7805,85.0695,24.3193,4.64395,0.275
0.2902,18.0866,18.0866,4.6293,83.7282,85.0695,24.3147,4.6293,0.273333
0.2904,18.1313,18.1313,4.61614,83.6966,85.0695,24.3161,4.61614,0.271667
0.2906,18.0973,18.0973,4.63318,83.8482,85.0695,24.3149,4.63318,0.273333
0.2908,18.0476,18.0476,4.64313,83.7976,85.0695,24.3193,4.64313,0.275
0.291,18.0938,18.0938,4.62799,83.7381,85.0695,24.3143,4.62799,0.273333
0.2912,18.1379,18.1379,4.61439,83.6954,85.0695,24.3138,4.61439,0.271667
0.2914,18.0935,18.0935,4.63333,83.8333,85.0695,24.3149,4.63333,0.273333
0.2916,18.0447,18.0447,4.64596,83.8352,85.0695,24.3176,4.64596,0.275
0.2918,18.0897,18.0897,4.62582,83.6798,85.0695,24.3144,4.62582,0.273333
0.292,18.1353,18.1353,4.6184,83.7561,85.0695,24.3156,4.6184,0.271667
0.2922,18.0936,18.0936,4.63583,83.8787,85.0695,24.3154,4.63583,0.273333
0.2924,18.0408,18.0408,4.64395,83.7805,85.0695,24.3193,4.64395,0.275
0.2926,18.0866,18.0866,4.6293,83.7282,85.0695,24.3147,4.6293,0.273333
0.2928,18.1313,18.1313,4.61614,83.6966,85.0695,24.3161,4.61614,0.271667
0.293,18.0973,18.0973,4.63318,83.8482,85.0695,24.3149,4.63318,0.273333
0.2932,18.0476,18.0476,4.64313,83.7976,85.0695,24.3193,4.64313,0.275
0.2934,18.0938,18.0938,4.62799,83.7381,85.0695,24.3143,4.62799,0.273333
0.2936,18.1379,18.1379,4.61439,83.6954,85.0695,24.3138,4.61439,0.271667
0.2938,18.0935,18.0935,4.63333,83.8333,85.0695,24.3149,4.63333,0.273333
0.294,18.0447,18.0447,4.64596,83.8352,85.0695,24.3176,4.64596,0.275
0.2942,18.0897,18.0897,4.62582,83.6798,85.0695,24.3144,4.62582,0.273333
0.2944,18.1353,18.1353,4.6184,83.7561,85.0695,24.3156,4.6184,0.271667
0.2946,18.0936,18.0936,4.63583,83.8787,85.0695,24.3154,4.63583,0.273333
0.2948,18.0408,18.0408,4.64395,83.7805,85.0695,24.3193,4.64395,0.275
0.295,18.0866,18.0866,4.6293,83.7282,85.0695,24.3147,4.6293,0.273333
0.2952,18.1313,18.1313,4.61614,83.6966,85.0695,24.3161,4.61614,0.271667
0.2954,18.0973,18.0973,4.63318,83.8482,85.0695,24.3149,4.63318,0.273333
0.2956,18.0476,18.0476,4.64313,83.7976,85.0695,24.3193,4.64313,0.275
0.2958,18.0938,18.0938,4.62799,83.7381,85.0695,24.3143,4.62799,0.273333
0.296,18.1379,18.1379,4.61291,83.6685,85.0695,24.3173,4.61291,0.271667
0.2962,18.0901,18.0901,4.6319,83.7913,85.0695,24.3188,4.6319,0.273333
0.2964,18.0438,18.0438,4.64462,83.8067,85.0695,24.3197,4.64462,0.275
0.2966,18.0852,18.0852,4.62656,83.6724,85.0695,24.3184,4.62656,0.273333
0.2968,18.1397,18.1397,4.61224,83.6647,85.0695,24.3173,4.61224,0.271667
0.297,18.0977,18.0977,4.62907,83.7753,85.0695,24.3184,4.62907,0.273333
0.2972,18.0492,18.0492,4.64354,83.8123,85.0695,24.3194,4.64354,0.275
0.2974,18.095,18.095,4.62571,83.7024,85.0695,24.3182,4.62571,0.273333
0.2976,18.1301,18.1301,4.61629,83.694,85.0695,24.3178,4.61629,0.271667
0.2978,18.0891,18.0891,4.63837,83.9039,85.0695,24.3192,4.63837,0.273333
0.298,18.0387,18.0387,4.64099,83.7174,85.0695,24.3194,4.64099,0.275
0.2982,18.0938,18.0938,4.62516,83.6868,85.0695,24.3182,4.62516,0.273333
0.2984,18.1294,18.1294,4.61735,83.7099,85.0695,24.3178,4.61735,0.271667
0.2986,18.0843,18.0843,4.63753,83.8664,85.0695,24.3191,4.63753,0.273333
0.2988,18.0402,18.0402,4.64471,83.7915,85.0695,24.3196,4.64471,0.275
0.299,18.0943,18.0943,4.62594,83.7031,85.0695,24.3183,4.62594,0.273333
0.2992,18.1301,18.1301,4.61623,83.6928,85.0695,24.3178,4.61623,0.271667
0.2994,18.0892,18.0892,4.63837,83.9042,85.0695,24.3192,4.63837,0.273333
0.2996,18.0387,18.0387,4.64099,83.7174,85.0695,24.3194,4.64099,0.275
0.2998,18.0938,18.0938,4.62515,83.6867,85.0695,24.3182,4.62515,0.273333
0.3,18.1294,18.1294,4.61735,83.7099,85.0695,24.3178,4.61735,0.271667
0.3002,18.0843,18.0843,4.63753,83.8664,85.0695,24.3191,4.63753,0.273333
0.3004,18.0402,18.0402,4.64471,83.7915,85.0695,24.3196,4.64471,0.275
0.3006,18.0943,18.0943,4.62594,83.7031,85.0695,24.3183,4.62594,0.273333
0.3008,18.1301,18.1301,4.61623,83.6928,85.0695,24.3178,4.61623,0.271667
0.301,18.0892,18.0892,4.63837,83.9042,85.0695,24.3192,4.63837,0.273333
0.3012,18.0387,18.0387,4.64099,83.7174,85.0695,24.3194,4.64099,0.275
0.3014,18.0938,18.0938,4.62515,83.6867,85.0695,24.3182,4.62515,0.273333
0.3016,18.1294,18.1294,4.61735,83.7099,85.0695,24.3178,4.61735,0.271667
0.3018,18.0843,18.0843,4.63753,83.8664,85.0695,24.3191,4.63753,0.273333
0.302,18.0402,18.0402,4.64471,83.7915,85.0695,24.3196,4.64471,0.275
0.3022,18.0943,18.0943,4.62594,83.7031,85.0695,24.3183,4.62594,0.273333
0.3024,18.1301,18.1301,4.61623,83.6928,85.0695,24.3178,4.61623,0.271667
0.3026,18.0892,18.0892,4.63837,83.9042,85.0695,24.3192,4.63837,0.273333
0.3028,18.0387,18.0387,4.64099,83.7174,85.0695,24.3194,4.64099,0.275
0.303,18.0938,18.0938,4.62515,83.6867,85.0695,24.3182,4.62515,0.273333
0.3032,18.1294,18.1294,4.61735,83.7099,85.0695,24.3178,4.61735,0.271667
0.3034,18.0843,18.0843,4.63753,83.8664,85.0695,24.3191,4.63753,0.273333
0.3036,18.0402,18.0402,4.64471,83.7915,85.0695,24.3196,4.64471,0.275
0.3038,18.0943,18.0943,4.62594,83.7031,85.0695,24.3183,4.62594,0.273333
0.304,18.1301,18.1301,4.61623,83.6928,85.0695,24.3178,4.61623,0.271667
0.3042,18.0892,18.0892,4.63837,83.9042,85.0695,24.3192,4.63837,0.273333
0.3044,18.0387,18.0387,4.64099,83.7174,85.0695,24.3194,4.64099,0.275
0.3046,18.0938,18.0938,4.62515,83.6867,85.0695,24.3182,4.62515,0.273333
0.3048,18.1294,18.1294,4.61735,83.7099,85.0695,24.3178,4.61735,0.271667
0.305,18.0843,18.0843,4.63753,83.8664,85.0695,24.3191,4.63753,0.273333
0.3052,18.0402,18.0402,4.64471,83.7915,85.0695,24.3196,4.64471,0.275
0.3054,18.0943,18.0943,4.62594,83.7031,85.0695,24.3183,4.62594,0.273333
0.3056,18.1301,18.1301,4.61623,83.6928,85.0695,24.3178,4.61623,0.271667
0.3058,18.0892,18.0892,4.63837,83.9042,85.0695,24.3192,4.63837,0.273333
0.306,18.0387,18.0387,4.64099,83.7174,85.0695,24.3194,4.64099,0.275
0.3062,18.0938,18.0938,4.62515,83.6867,85.0695,24.3182,4.62515,0.273333
0.3064,18.1294,18.1294,4.61735,83.7099,85.0695,24.3178,4.61735,0.271667
0.3066,18.0843,18.0843,4.63753,83.8664,85.0695,24.3191,4.63753,0.273333
0.3068,18.0402,18.0402,4.64471,83.7915,85.0695,24.3196,4.64471,0.275
0.307,18.0943,18.0943,4.62594,83.7031,85.0695,24.3183,4.62594,0.273333
0.3072,18.1301,18.1301,4.61623,83.6928,85.0695,24.3178,4.61623,0.271667
0.3074,18.0892,18.0892,4.63837,83.9042,85.0695,24.3192,4.63837,0.273333
0.3076,18.0387,18.0387,4.64099,83.7174,85.0695,24.3194,4.64099,0.275
0.3078,18.0938,18.0938,4.62515,83.6867,85.0695,24.3182,4.62515,0.273333
0.308,18.1294,18.1294,4.61735,83.7099,85.0695,24.3178,4.61735,0.271667
0.3082,18.0843,18.0843,4.63753,83.8664,85.0695,24.3191,4.63753,0.273333
0.3084,18.0402,18.0402,4.64471,83.7915,85.0695,24.3196,4.64471,0.275
0.3086,18.0943,18.0943,4.62594,83.7031,85.0695,24.3183,4.62594,0.273333
0.3088,18.1301,18.1301,4.61623,83.6928,85.0695,24.3178,4.61623,0.271667
0.309,18.0892,18.0892,4.63837,83.9042,85.0695,24.3192,4.63837,0.273333
0.3092,18.0387,18.0387,4.64099,83.7174,85.0695,24.3194,4.64099,0.275
0.3094,18.0938,18.0938,4.62515,83.6867,85.0695,24.3182,4.62515,0.273333
0.3096,18.1294,18.1294,4.61735,83.7099,85.0695,24.3178,4.61735,0.271667
0.3098,18.0843,18.0843,4.63753,83.8664,85.0695,24.3191,4.63753,0.273333
0.31,18.0402,18.0402,4.64471,83.7915,85.0695,24.3196,4.64471,0.275
0.3102,18.0943,18.0943,4.62594,83.7031,85.0695,24.3183,4.62594,0.273333
0.3104,18.1301,18.1301,4.61623,83.6928,85.0695,24.3178,4.61623,0.271667
0.3106,18.0892,18.0892,4.63837,83.9042,85.0695,24.3192,4.63837,0.273333
0.3108,18.0387,18.0387,4.64099,83.7174,85.0695,24.3194,4.64099,0.275
0.311,18.0938,18.0938,4.62515,83.6867,85.0695,24.3182,4.62515,0.273333
0.3112,18.1294,18.1294,4.61735,83.7099,85.0695,24.3178,4.61735,0.271667
0.3114,18.0843,18.0843,4.63753,83.8664,85.0695,24.3191,4.63753,0.273333
0.3116,18.0402,18.0402,4.64471,83.7915,85.0695,24.3196,4.64471,0.275
0.3118,18.0943,18.0943,4.62594,83.7031,85.0695,24.3183,4.62594,0.273333
0.312,18.1301,18.1301,4.61623,83.6928,85.0695,24.3178,4.61623,0.271667
0.3122,18.0892,18.0892,4.63837,83.9042,85.0695,24.3192,4.63837,0.273333
0.3124,18.0387,18.0387,4.64099,83.7174,85.0695,24.3194,4.64099,0.275
0.3126,18.0938,18.0938,4.62515,83.6867,85.0695,24.3182,4.62515,0.273333
0.3128,18.1294,18.1294,4.61735,83.7099,85.0695,24.3178,4.61735,0.271667
0.313,18.0843,18.0843,4.63753,83.8664,85.0695,24.3191,4.63753,0.273333
0.3132,18.0402,18.0402,4.64471,83.7915,85.0695,24.3196,4.64471,0.275
0.3134,18.0943,18.0943,4.62594,83.7031,85.0695,24.3183,4.62594,0.273333
0.3136,18.1301,18.1301,4.61623,83.6928,85.0695,24.3178,4.61623,0.271667
0.3138,18.0892,18.0892,4.63837,83.9042,85.0695,24.3192,4.63837,0.273333
0.314,18.0387,18.0387,4.64099,83.7174,85.0695,24.3194,4.64099,0.275
0.3142,18.0938,18.0938,4.62515,83.6867,85.0695,24.3182,4.62515,0.273333
0.3144,18.1294,18.1294,4.61735,83.7099,85.0695,24.3178,4.61735,0.271667
0.3146,18.0843,18.0843,4.63753,83.8664,85.0695,24.3191,4.63753,0.273333
0.3148,18.0402,18.0402,4.64471,83.7915,85.0695,24.3196,4.64471,0.275
0.315,18.0943,18.0943,4.62594,83.7031,85.0695,24.3183,4.62594,0.273333
0.3152,18.1301,18.1301,4.61623,83.6928,85.0695,24.3178,4.61623,0.271667
0.3154,18.0892,18.0892,4.63837,83.9042,85.0695,24.3192,4.63837,0.273333
0.3156,18.0387,18.0387,4.64099,83.7174,85.0695,24.3194,4.64099,0.275
0.3158,18.0938,18.0938,4.62515,83.6867,85.0695,24.3182,4.62515,0.273333
0.316,18.1294,18.1294,4.61735,83.7099,85.0695,24.3178,4.61735,0.271667
0.3162,18.0843,18.0843,4.63753,83.8664,85.0695,24.3191,4.63753,0.273333
0.3164,18.0402,18.0402,4.64471,83.7915,85.0695,24.3196,4.64471,0.275
0.3166,18.0943,18.0943,4.62594,83.7031,85.0695,24.3183,4.62594,0.273333
0.3168,18.1301,18.1301,4.61623,83.6928,85.0695,24.3178,4.61623,0.271667
0.317,18.0892,18.0892,4.63837,83.9042,85.0695,24.3192,4.63837,0.273333
0.3172,18.0387,18.0387,4.64099,83.7174,85.0695,24.3194,4.64099,0.275
0.3174,18.0938,18.0938,4.62515,83.6867,85.0695,24.3182,4.62515,0.273333
0.3176,18.1294,18.1294,4.61735,83.7099,85.0695,24.3178,4.61735,0.271667
0.3178,18.0843,18.0843,4.63753,83.8664,85.0695,24.3191,4.63753,0.273333
0.318,18.0402,18.0402,4.64471,83.7915,85.0695,24.3196,4.64471,0.275
0.3182,18.0943,18.0943,4.62594,83.7031,85.0695,24.3183,4.62594,0.273333
0.3184,18.1301,18.1301,4.61623,83.6928,85.0695,24.3178,4.61623,0.271667
0.3186,18.0892,18.0892,4.63837,83.9042,85.0695,24.3192,4.63837,0.273333
0.3188,18.0387,18.0387,4.64099,83.7174,85.0695,24.3194,4.64099,0.275
0.319,18.0938,18.0938,4.62515,83.6867,85.0695,24.3182,4.62515,0.273333
0.3192,18.1294,18.1294,4.61735,83.7099,85.0695,24.3178,4.61735,0.271667
0.3194,18.0843,18.0843,4.63753,83.8664,85.0695,24.3191,4.63753,0.273333
0.3196,18.0402,18.0402,4.64471,83.7915,85.0695,24.3196,4.64471,0.275
0.3198,18.0943,18.0943,4.62594,83.7031,85.0695,24.3183,4.62594,0.273333
0.32,18.1301,18.1301,4.61623,83.6928,85.0695,24.3178,4.61623,0.271667
0.3202,18.0892,18.0892,4.63837,83.9042,85.0695,24.3192,4.63837,0.273333
0.3204,18.0387,18.0387,4.64099,83.7174,85.0695,24.3194,4.64099,0.275
0.3206,18.0938,18.0938,4.62515,83.6867,85.0695,24.3182,4.62515,0.273333
0.3208,18.1294,18.1294,4.61735,83.7099,85.0695,24.3178,4.61735,0.271667
0.321,18.0843,18.0843,4.63753,83.8664,85.0695,24.3191,4.63753,0.273333
0.3212,18.0402,18.0402,4.64471,83.7915,85.0695,24.3196,4.64471,0.275
0.3214,18.0943,18.0943,4.62594,83.7031,85.0695,24.3183,4.62594,0.273333
0.3216,18.1301,18.1301,4.61623,83.6928,85.0695,24.3178,4.61623,0.271667
0.3218,18.0892,18.0892,4.63837,83.9042,85.0695,24.3192,4.63837,0.273333
0.322,18.0387,18.0387,4.64099,83.7174,85.0695,24.3194,4.64099,0.275
0.3222,18.0938,18.0938,4.62515,83.6867,85.0695,24.3182,4.62515,0.273333
0.3224,18.1294,18.1294,4.61735,83.7099,85.0695,24.3178,4.61735,0.271667
0.3226,18.0843,18.0843,4.63753,83.8664,85.0695,24.3191,4.63753,0.273333
0.3228,18.0402,18.0402,4.64471,83.7915,85.0695,24.3196,4.64471,0.275
0.323,18.0943,18.0943,4.62594,83.7031,85.0695,24.3183,4.62594,0.273333
0.3232,18.1301,18.1301,4.61623,83.6928,85.0695,24.3178,4.61623,0.271667
0.3234,18.0892,18.0892,4.63837,83.9042,85.0695,24.3192,4.63837,0.273333
0.3236,18.0387,18.0387,4.64099,83.7174,85.0695,24.3194,4.64099,0.275
0.3238,18.0938,18.0938,4.62515,83.6867,85.0695,24.3182,4.62515,0.273333
0.324,18.1294,18.1294,4.61735,83.7099,85.0695,24.3178,4.61735,0.271667
0.3242,18.0843,18.0843,4.63753,83.8664,85.0695,24.3191,4.63753,0.273333
0.3244,18.0402,18.0402,4.64471,83.7915,85.0695,24.3196,4.64471,0.275
0.3246,18.0943,18.0943,4.62594,83.7031,85.0695,24.3183,4.62594,0.273333
0.3248,18.1301,18.1301,4.61623,83.6928,85.0695,24.3178,4.61623,0.271667
0.325,18.0892,18.0892,4.63837,83.9042,85.0695,24.3192,4.63837,0.273333
0.3252,18.0387,18.0387,4.64099,83.7174,85.0695,24.3194,4.64099,0.275
0.3254,18.0938,18.0938,4.62515,83.6867,85.0695,24.3182,4.62515,0.273333
0.3256,18.1294,18.1294,4.61735,83.7099,85.0695,24.3178,4.61735,0.271667
0.3258,18.0843,18.0843,4.63753,83.8664,85.0695,24.3191,4.63753,0.273333
0.326,18.0402,18.0402,4.64471,83.7915,85.0695,24.3196,4.64471,0.275
0.3262,18.0943,18.0943,4.62594,83.7031,85.0695,24.3183,4.62594,0.273333
0.3264,18.1301,18.1301,4.61623,83.6928,85.0695,24.3178,4.61623,0.271667
0.3266,18.0892,18.0892,4.63837,83.9042,85.0695,24.3192,4.63837,0.273333
0.3268,18.0387,18.0387,4.64099,83.7174,85.0695,24.3194,4.64099,0.275
0.327,18.0938,18.0938,4.62515,83.6867,85.0695,24.3182,4.62515,0.273333
0.3272,18.1294,18.1294,4.61735,83.7099,85.0695,24.3178,4.61735,0.271667
0.3274,18.0843,18.0843,4.63753,83.8664,85.0695,24.3191,4.63753,0.273333
0.3276,18.0402,18.0402,4.64471,83.7915,85.0695,24.3196,4.64471,0.275
0.3278,18.0943,18.0943,4.62594,83.7031,85.0695,24.3183,4.62594,0.273333
0.328,18.1301,18.1301,4.61623,83.6928,85.0695,24.3178,4.61623,0.271667
0.3282,18.0892,18.0892,4.63837,83.9042,85.0695,24.3192,4.63837,0.273333
0.3284,18.0387,18.0387,4.64099,83.7174,85.0695,24.3194,4.64099,0.275
0.3286,18.0938,18.0938,4.62515,83.6867,85.0695,24.3182,4.62515,0.273333
0.3288,18.1294,18.1294,4.61735,83.7099,85.0695,24.3178,4.61735,0.271667
0.329,18.0843,18.0843,4.63753,83.8664,85.0695,24.3191,4.63753,0.273333
0.3292,18.0402,18.0402,4.64471,83.7915,85.0695,24.3196,4.64471,0.275
0.3294,18.0943,18.0943,4.62594,83.7031,85.0695,24.3183,4.62594,0.273333
0.3296,18.1301,18.1301,4.61623,83.6928,85.0695,24.3178,4.61623,0.271667
0.3298,18.0892,18.0892,4.63837,83.9042,85.0695,24.3192,4.63837,0.273333
0.33,18.0387,18.0387,4.64099,83.7174,85.0695,24.3194,4.64099,0.275
0.3302,18.0938,18.0938,4.62515,83.6867,85.0695,24.3182,4.62515,0.273333
0.3304,18.1294,18.1294,4.61735,83.7099,85.0695,24.3178,4.61735,0.271667
0.3306,18.0843,18.0843,4.63753,83.8664,85.0695,24.3191,4.63753,0.273333
0.3308,18.0402,18.0402,4.64471,83.7915,85.0695,24.3196,4.64471,0.275
0.331,18.0943,18.0943,4.62594,83.7031,85.0695,24.3183,4.62594,0.273333
0.3312,18.1301,18.1301,4.61623,83.6928,85.0695,24.3178,4.61623,0.271667
0.3314,18.0892,18.0892,4.63837,83.9042,85.0695,24.3192,4.63837,0.273333
0.3316,18.0387,18.0387,4.64099,83.7174,85.0695,24.3194,4.64099,0.275
0.3318,18.0938,18.0938,4.62515,83.6867,85.0695,24.3182,4.62515,0.273333
0.332,18.1294,18.1294,4.61735,83.7099,85.0695,24.3178,4.61735,0.271667
0.3322,18.0843,18.0843,4.63753,83.8664,85.0695,24.3191,4.63753,0.273333
0.3324,18.0402,18.0402,4.64471,83.7915,85.0695,24.3196,4.64471,0.275
0.3326,18.0943,18.0943,4.62594,83.7031,85.0695,24.3183,4.62594,0.273333
0.3328,18.1301,18.1301,4.61623,83.6928,85.0695,24.3178,4.61623,0.271667
0.333,18.0892,18.0892,4.63837,83.9042,85.0695,24.3192,4.63837,0.273333
0.3332,18.0387,18.0387,4.64099,83.7174,85.0695,24.3194,4.64099,0.275
0.3334,18.0938,18.0938,4.62515,83.6867,85.0695,24.3182,4.62515,0.273333
0.3336,18.1294,18.1294,4.61735,83.7099,85.0695,24.3178,4.61735,0.271667
0.3338,18.0843,18.0843,4.63753,83.8664,85.0695,24.3191,4.63753,0.273333
0.334,18.0402,18.0402,4.64471,83.7915,85.0695,24.3196,4.64471,0.275
0.3342,18.0943,18.0943,4.62594,83.7031,85.0695,24.3183,4.62594,0.273333
0.3344,18.1301,18.1301,4.61623,83.6928,85.0695,24.3178,4.61623,0.271667
0.3346,18.0892,18.0892,4.63837,83.9042,85.0695,24.3192,4.63837,0.273333
0.3348,18.0387,18.0387,4.64099,83.7174,85.0695,24.3194,4.64099,0.275
0.335,18.0938,18.0938,4.62515,83.6867,85.0695,24.3182,4.62515,0.273333
0.3352,18.1294,18.1294,4.61735,83.7099,85.0695,24.3178,4.61735,0.271667
0.3354,18.0843,18.0843,4.63753,83.8664,85.0695,24.3191,4.63753,0.273333
0.3356,18.0402,18.0402,4.64471,83.7915,85.0695,24.3196,4.64471,0.275
0.3358,18.0943,18.0943,4.62594,83.7031,85.0695,24.3183,4.62594,0.273333
0.336,18.1301,18.1301,4.61623,83.6928,85.0695,24.3178,4.61623,0.271667
0.3362,18.0892,18.0892,4.63837,83.9042,85.0695,24.3192,4.63837,0.273333
0.3364,18.0387,18.0387,4.64099,83.7174,85.0695,24.3194,4.64099,0.275
0.3366,18.0938,18.0938,4.62515,83.6867,85.0695,24.3182,4.62515,0.273333
0.3368,18.1294,18.1294,4.61735,83.7099,85.0695,24.3178,4.61735,0.271667
0.337,18.0843,18.0843,4.63753,83.8664,85.0695,24.3191,4.63753,0.273333
0.3372,18.0402,18.0402,4.64471,83.7915,85.0695,24.3196,4.64471,0.275
0.3374,18.0943,18.0943,4.62594,83.7031,85.0695,24.3183,4.62594,0.273333
0.3376,18.1301,18.1301,4.61623,83.6928,85.0695,24.3178,4.61623,0.271667
0.3378,18.0892,18.0892,4.63837,83.9042,85.0695,24.3192,4.63837,0.273333
0.338,18.0387,18.0387,4.64099,83.7174,85.0695,24.3194,4.64099,0.275
0.3382,18.0938,18.0938,4.62515,83.6867,85.0695,24.3182,4.62515,0.273333
0.3384,18.1294,18.1294,4.61735,83.7099,85.0695,24.3178,4.61735,0.271667
0.3386,18.0843,18.0843,4.63753,83.8664,85.0695,24.3191,4.63753,0.273333
0.3388,18.0402,18.0402,4.64471,83.7915,85.0695,24.3196,4.64471,0.275
0.339,18.0943,18.0943,4.62594,83.7031,85.0695,24.3183,4.62594,0.273333
0.3392,18.1301,18.1301,4.61623,83.6928,85.0695,24.3178,4.61623,0.271667
0.3394,18.0892,18.0892,4.63837,83.9042,85.0695,24.3192,4.63837,0.273333
0.3396,18.0387,18.0387,4.64099,83.7174,85.0695,24.3194,4.64099,0.275
0.3398,18.0938,18.0938,4.62515,83.6867,85.0695,24.3182,4.62515,0.273333
0.34,18.1294,18.1294,4.61735,83.7099,85.0695,24.3178,4.61735,0.271667
0.3402,18.0843,18.0843,4.63753,83.8664,85.0695,24.3191,4.63753,0.273333
0.3404,18.0402,18.0402,4.64471,83.7915,85.0695,24.3196,4.64471,0.275
0.3406,18.0943,18.0943,4.62594,83.7031,85.0695,24.3183,4.62594,0.273333
0.3408,18.1301,18.1301,4.61623,83.6928,85.0695,24.3178,4.61623,0.271667
0.341,18.0892,18.0892,4.63837,83.9042,85.0695,24.3192,4.63837,0.273333
0.3412,18.0387,18.0387,4.64099,83.7174,85.0695,24.3194,4.64099,0.275
0.3414,18.0938,18.0938,4.62515,83.6867,85.0695,24.3182,4.62515,0.273333
0.3416,18.1294,18.1294,4.61735,83.7099,85.0695,24.3178,4.61735,0.271667
0.3418,18.0843,18.0843,4.63753,83.8664,85.0695,24.3191,4.63753,0.273333
0.342,18.0402,18.0402,4.64471,83.7915,85.0695,24.3196,4.64471,0.275
0.3422,18.0943,18.0943,4.62594,83.7031,85.0695,24.3183,4.62594,0.273333
0.3424,18.1301,18.1301,4.61623,83.6928,85.0695,24.3178,4.61623,0.271667
0.3426,18.0892,18.0892,4.63837,83.9042,85.0695,24.3192,4.63837,0.273333
0.3428,18.0387,18.0387,4.64099,83.7174,85.0695,24.3194,4.64099,0.275
0.343,18.0938,18.0938,4.62515,83.6867,85.0695,24.3182,4.62515,0.273333
0.3432,18.1294,18.1294,4.61735,83.7099,85.0695,24.3178,4.61735,0.271667
0.3434,18.0843,18.0843,4.63753,83.8664,85.0695,24.3191,4.63753,0.273333
0.3436,18.0402,18.0402,4.64471,83.7915,85.0695,24.3196,4.64471,0.275
0.3438,18.0943,18.0943,4.62594,83.7031,85.0695,24.3183,4.62594,0.273333
0.344,18.1301,18.1301,4.61623,83.6928,85.0695,24.3178,4.61623,0.271667
0.3442,18.0892,18.0892,4.63837,83.9042,85.0695,24.3192,4.63837,0.273333
0.3444,18.0387,18.0387,4.64099,83.7174,85.0695,24.3194,4.64099,0.275
0.3446,18.0938,18.0938,4.62515,83.6867,85.0695,24.3182,4.62515,0.273333
0.3448,18.1294,18.1294,4.61735,83.7099,85.0695,24.3178,4.61735,0.271667
0.345,18.0843,18.0843,4.63753,83.8664,85.0695,24.3191,4.63753,0.273333
0.3452,18.0402,18.0402,4.64471,83.7915,85.0695,24.3196,4.64471,0.275
0.3454,18.0943,18.0943,4.62594,83.7031,85.0695,24.3183,4.62594,0.273333
0.3456,18.1301,18.1301,4.61623,83.6928,85.0695,24.3178,4.61623,0.271667
0.3458,18.0892,18.0892,4.63837,83.9042,85.0695,24.3192,4.63837,0.273333
0.346,18.0387,18.0387,4.64099,83.7174,85.0695,24.3194,4.64099,0.275
0.3462,18.0938,18.0938,4.62515,83.6867,85.0695,24.3182,4.62515,0.273333
0.3464,18.1294,18.1294,4.61735,83.7099,85.0695,24.3178,4.61735,0.271667
0.3466,18.0843,18.0843,4.63753,83.8664,85.0695,24.3191,4.63753,0.273333
0.3468,18.0402,18.0402,4.64471,83.7915,85.0695,24.3196,4.64471,0.275
0.347,18.0943,18.0943,4.62594,83.7031,85.0695,24.3183,4.62594,0.273333
0.3472,18.1301,18.1301,4.61623,83.6928,85.0695,24.3178,4.61623,0.271667
0.3474,18.0892,18.0892,4.63837,83.9042,85.0695,24.3192,4.63837,0.273333
0.3476,18.0387,18.0387,4.64099,83.7174,85.0695,24.3194,4.64099,0.275
0.3478,18.0938,18.0938,4.62515,83.6867,85.0695,24.3182,4.62515,0.273333
0.348,18.1294,18.1294,4.61735,83.7099,85.0695,24.3178,4.61735,0.271667
0.3482,18.0843,18.0843,4.63753,83.8664,85.0695,24.3191,4.63753,0.273333
0.3484,18.0402,18.0402,4.64471,83.7915,85.0695,24.3196,4.64471,0.275
0.3486,18.0943,18.0943,4.62594,83.7031,85.0695,24.3183,4.62594,0.273333
0.3488,18.1301,18.1301,4.61623,83.6928,85.0695,24.3178,4.61623,0.271667
0.349,18.0892,18.0892,4.63837,83.9042,85.0695,24.3192,4.63837,0.273333
0.3492,18.0387,18.0387,4.64099,83.7174,85.0695,24.3194,4.64099,0.275
0.3494,18.0938,18.0938,4.62515,83.6867,85.0695,24.3182,4.62515,0.273333
0.3496,18.1294,18.1294,4.61735,83.7099,85.0695,24.3178,4.61735,0.271667
0.3498,18.0843,18.0843,4.63753,83.8664,85.0695,24.3191,4.63753,0.273333
0.35,18.0402,18.0402,4.64471,83.7915,85.0695,24.3196,4.64471,0.275
0.3502,18.0943,18.0943,4.62594,83.7031,85.0695,24.3183,4.62594,0.273333
0.3504,18.1301,18.1301,4.61623,83.6928,85.0695,24.3178,4.61623,0.271667
0.3506,18.0892,18.0892,4.63837,83.9042,85.0695,24.3192,4.63837,0.273333
0.3508,18.0387,18.0387,4.64099,83.7174,85.0695,24.3194,4.64099,0.275
0.351,18.0938,18.0938,4.62515,83.6867,85.0695,24.3182,4.62515,0.273333
0.3512,18.1294,18.1294,4.61735,83.7099,85.0695,24.3178,4.61735,0.271667
0.3514,18.0843,18.0843,4.63753,83.8664,85.0695,24.3191,4.63753,0.273333
0.3516,18.0402,18.0402,4.64471,83.7915,85.0695,24.3196,4.64471,0.275
0.3518,18.0943,18.0943,4.62594,83.7031,85.0695,24.3183,4.62594,0.273333
0.352,18.1301,18.1301,4.61623,83.6928,85.0695,24.3178,4.61623,0.271667
0.3522,18.0892,18.0892,4.63837,83.9042,85.0695,24.3192,4.63837,0.273333
0.3524,18.0387,18.0387,4.64099,83.7174,85.0695,24.3194,4.64099,0.275
0.3526,18.0938,18.0938,4.62515,83.6867,85.0695,24.3182,4.62515,0.273333
0.3528,18.1294,18.1294,4.61735,83.7099,85.0695,24.3178,4.61735,0.271667
0.353,18.0843,18.0843,4.63753,83.8664,85.0695,24.3191,4.63753,0.273333
0.3532,18.0402,18.0402,4.64471,83.7915,85.0695,24.3196,4.64471,0.275
0.3534,18.0943,18.0943,4.62594,83.7031,85.0695,24.3183,4.62594,0.273333
0.3536,18.1301,18.1301,4.61623,83.6928,85.0695,24.3178,4.61623,0.271667
0.3538,18.0892,18.0892,4.63837,83.9042,85.0695,24.3192,4.63837,0.273333
0.354,18.0387,18.0387,4.64099,83.7174,85.0695,24.3194,4.64099,0.275
0.3542,18.0938,18.0938,4.62515,83.6867,85.0695,24.3182,4.62515,0.273333
0.3544,18.1294,18.1294,4.61735,83.7099,85.0695,24.3178,4.61735,0.271667
0.3546,18.0843,18.0843,4.63753,83.8664,85.0695,24.3191,4.63753,0.273333
0.3548,18.0402,18.0402,4.64471,83.7915,85.0695,24.3196,4.64471,0.275
0.355,18.0943,18.0943,4.62594,83.7031,85.0695,24.3183,4.62594,0.273333
0.3552,18.1301,18.1301,4.61623,83.6928,85.0695,24.3178,4.61623,0.271667
0.3554,18.0892,18.0892,4.63837,83.9042,85.0695,24.3192,4.63837,0.273333
0.3556,18.0387,18.0387,4.64099,83.7174,85.0695,24.3194,4.64099,0.275
0.3558,18.0938,18.0938,4.62515,83.6867,85.0695,24.3182,4.62515,0.273333
0.356,18.1294,18.1294,4.61735,83.7099,85.0695,24.3178,4.61735,0.271667
0.3562,18.0843,18.0843,4.63753,83.8664,85.0695,24.3191,4.63753,0.273333
0.3564,18.0402,18.0402,4.64471,83.7915,85.0695,24.3196,4.64471,0.275
0.3566,18.0943,18.0943,4.62594,83.7031,85.0695,24.3183,4.62594,0.273333
0.3568,18.1301,18.1301,4.61623,83.6928,85.0695,24.3178,4.61623,0.271667
0.357,18.0892,18.0892,4.63837,83.9042,85.0695,24.3192,4.63837,0.273333
0.3572,18.0387,18.0387,4.64099,83.7174,85.0695,24.3194,4.64099,0.275
0.3574,18.0938,18.0938,4.62515,83.6867,85.0695,24.3182,4.62515,0.273333
0.3576,18.1294,18.1294,4.61735,83.7099,85.0695,24.3178,4.61735,0.271667
0.3578,18.0843,18.0843,4.63753,83.8664,85.0695,24.3191,4.63753,0.273333
0.358,18.0402,18.0402,4.64471,83.7915,85.0695,24.3196,4.64471,0.275
0.3582,18.0943,18.0943,4.62594,83.7031,85.0695,24.3183,4.62594,0.273333
0.3584,18.1301,18.1301,4.61623,83.6928,85.0695,24.3178,4.61623,0.271667
0.3586,18.0892,18.0892,4.63837,83.9042,85.0695,24.3192,4.63837,0.273333
0.3588,18.0387,18.0387,4.64099,83.7174,85.0695,24.3194,4.64099,0.275
0.359,18.0938,18.0938,4.62515,83.6867,85.0695,24.3182,4.62515,0.273333
0.3592,18.1294,18.1294,4.61735,83.7099,85.0695,24.3178,4.61735,0.271667
0.3594,18.0843,18.0843,4.63753,83.8664,85.0695,24.3191,4.63753,0.273333
0.3596,18.0402,18.0402,4.64471,83.7915,85.0695,24.3196,4.64471,0.275
0.3598,18.0943,18.0943,4.62594,83.7031,85.0695,24.3183,4.62594,0.273333
0.36,18.1301,18.1301,4.61623,83.6928,85.0695,24.3178,4.61623,0.271667
0.3602,18.0892,18.0892,4.63837,83.9042,85.0695,24.3192,4.63837,0.273333
0.3604,18.0387,18.0387,4.64099,83.7174,85.0695,24.3194,4.64099,0.275
0.3606,18.0938,18.0938,4.62515,83.6867,85.0695,24.3182,4.62515,0.273333
0.3608,18.1294,18.1294,4.61735,83.7099,85.0695,24.3178,4.61735,0.271667
0.361,18.0843,18.0843,4.63753,83.8664,85.0695,24.3191,4.63753,0.273333
0.3612,18.0402,18.0402,4.64471,83.7915,85.0695,24.3196,4.64471,0.275
0.3614,18.0943,18.0943,4.62594,83.7031,85.0695,24.3183,4.62594,0.273333
0.3616,18.1301,18.1301,4.61623,83.6928,85.0695,24.3178,4.61623,0.271667
0.3618,18.0892,18.0892,4.63837,83.9042,85.0695,24.3192,4.63837,0.273333
0.362,18.0387,18.0387,4.64099,83.7174,85.0695,24.3194,4.64099,0.275
0.3622,18.0938,18.0938,4.62515,83.6867,85.0695,24.3182,4.62515,0.273333
0.3624,18.1294,18.1294,4.61735,83.7099,85.0695,24.3178,4.61735,0.271667
0.3626,18.0843,18.0843,4.63753,83.8664,85.0695,24.3191,4.63753,0.273333
0.3628,18.0402,18.0402,4.64471,83.7915,85.0695,24.3196,4.64471,0.275
0.363,18.0943,18.0943,4.62594,83.7031,85.0695,24.3183,4.62594,0.273333
0.3632,18.1301,18.1301,4.61623,83.6928,85.0695,24.3178,4.61623,0.271667
0.3634,18.0892,18.0892,4.63837,83.9042,85.0695,24.3192,4.63837,0.273333
0.3636,18.0387,18.0387,4.64099,83.7174,85.0695,24.3194,4.64099,0.275
0.3638,18.0938,18.0938,4.62515,83.6867,85.0695,24.3182,4.62515,0.273333
0.364,18.1294,18.1294,4.61735,83.7099,85.0695,24.3178,4.61735,0.271667
0.3642,18.0843,18.0843,4.63753,83.8664,85.0695,24.3191,4.63753,0.273333
0.3644,18.0402,18.0402,4.64471,83.7915,85.0695,24.3196,4.64471,0.275
0.3646,18.0943,18.0943,4.62594,83.7031,85.0695,24.3183,4.62594,0.273333
0.3648,18.1301,18.1301,4.61623,83.6928,85.0695,24.3178,4.61623,0.271667
0.365,18.0892,18.0892,4.63837,83.9042,85.0695,24.3192,4.63837,0.273333
0.3652,18.0387,18.0387,4.64099,83.7174,85.0695,24.3194,4.64099,0.275
0.3654,18.0938,18.0938,4.62515,83.6867,85.0695,24.3182,4.62515,0.273333
0.3656,18.1294,18.1294,4.61735,83.7099,85.0695,24.3178,4.61735,0.271667
0.3658,18.0843,18.0843,4.63753,83.8664,85.0695,24.3191,4.63753,0.273333
0.366,18.0402,18.0402,4.64471,83.7915,85.0695,24.3196,4.64471,0.275
0.3662,18.0943,18.0943,4.62594,83.7031,85.0695,24.3183,4.62594,0.273333
0.3664,18.1301,18.1301,4.61623,83.6928,85.0695,24.3178,4.61623,0.271667
0.3666,18.0892,18.0892,4.63837,83.9042,85.0695,24.3192,4.63837,0.273333
0.3668,18.0387,18.0387,4.64099,83.7174,85.0695,24.3194,4.64099,0.275
0.367,18.0938,18.0938,4.62515,83.6867,85.0695,24.3182,4.62515,0.273333
0.3672,18.1294,18.1294,4.61735,83.7099,85.0695,24.3178,4.61735,0.271667
0.3674,18.0843,18.0843,4.63753,83.8664,85.0695,24.3191,4.63753,0.273333
0.3676,18.0402,18.0402,4.64471,83.7915,85.0695,24.3196,4.64471,0.275
0.3678,18.0943,18.0943,4.62594,83.7031,85.0695,24.3183,4.62594,0.273333
0.368,18.1301,18.1301,4.61623,83.6928,85.0695,24.3178,4.61623,0.271667
0.3682,18.0892,18.0892,4.63837,83.9042,85.0695,24.3192,4.63837,0.273333
0.3684,18.0387,18.0387,4.64099,83.7174,85.0695,24.3194,4.64099,0.275
0.3686,18.0938,18.0938,4.62515,83.6867,85.0695,24.3182,4.62515,0.273333
0.3688,18.1294,18.1294,4.61735,83.7099,85.0695,24.3178,4.61735,0.271667
0.369,18.0843,18.0843,4.63753,83.8664,85.0695,24.3191,4.63753,0.273333
0.3692,18.0402,18.0402,4.64471,83.7915,85.0695,24.3196,4.64471,0.275
0.3694,18.0943,18.0943,4.62594,83.7031,85.0695,24.3183,4.62594,0.273333
0.3696,18.1301,18.1301,4.61623,83.6928,85.0695,24.3178,4.61623,0.271667
0.3698,18.0892,18.0892,4.63837,83.9042,85.0695,24.3192,4.63837,0.273333
0.37,18.0387,18.0387,4.64099,83.7174,85.0695,24.3194,4.64099,0.275
0.3702,18.0938,18.0938,4.62515,83.6867,85.0695,24.3182,4.62515,0.273333
0.3704,18.1294,18.1294,4.61735,83.7099,85.0695,24.3178,4.61735,0.271667
0.3706,18.0843,18.0843,4.63753,83.8664,85.0695,24.3191,4.63753,0.273333
0.3708,18.0402,18.0402,4.64471,83.7915,85.0695,24.3196,4.64471,0.275
0.371,18.0943,18.0943,4.62594,83.7031,85.0695,24.3183,4.62594,0.273333
0.3712,18.1301,18.1301,4.61623,83.6928,85.0695,24.3178,4.61623,0.271667
0.3714,18.0892,18.0892,4.63837,83.9042,85.0695,24.3192,4.63837,0.273333
0.3716,18.0387,18.0387,4.64099,83.7174,85.0695,24.3194,4.64099,0.275
0.3718,18.0938,18.0938,4.62515,83.6867,85.0695,24.3182,4.62515,0.273333
0.372,18.1294,18.1294,4.61735,83.7099,85.0695,24.3178,4.61735,0.271667
0.3722,18.0843,18.0843,4.63753,83.8664,85.0695,24.3191,4.63753,0.273333
0.3724,18.0402,18.0402,4.64471,83.7915,85.0695,24.3196,4.64471,0.275
0.3726,18.0943,18.0943,4.62594,83.7031,85.0695,24.3183,4.62594,0.273333
0.3728,18.1301,18.1301,4.61623,83.6928,85.0695,24.3178,4.61623,0.271667
0.373,18.0892,18.0892,4.63837,83.9042,85.0695,24.3192,4.63837,0.273333
0.3732,18.0387,18.0387,4.64099,83.7174,85.0695,24.3194,4.64099,0.275
0.3734,18.0938,18.0938,4.62515,83.6867,85.0695,24.3182,4.62515,0.273333
0.3736,18.1294,18.1294,4.61735,83.7099,85.0695,24.3178,4.61735,0.271667
0.3738,18.0843,18.0843,4.63753,83.8664,85.0695,24.3191,4.63753,0.273333
0.374,18.0402,18.0402,4.64471,83.7915,85.0695,24.3196,4.64471,0.275
0.3742,18.0943,18.0943,4.62594,83.7031,85.0695,24.3183,4.62594,0.273333
0.3744,18.1301,18.1301,4.61623,83.6928,85.0695,24.3178,4.61623,0.271667
0.3746,18.0892,18.0892,4.63837,83.9042,85.0695,24.3192,4.63837,0.273333
0.3748,18.0387,18.0387,4.64099,83.7174,85.0695,24.3194,4.64099,0.275
0.375,18.0938,18.0938,4.62515,83.6867,85.0695,24.3182,4.62515,0.273333
0.3752,18.1294,18.1294,4.61735,83.7099,85.0695,24.3178,4.61735,0.271667
0.3754,18.0843,18.0843,4.63753,83.8664,85.0695,24.3191,4.63753,0.273333
0.3756,18.0402,18.0402,4.64471,83.7915,85.0695,24.3196,4.64471,0.275
0.3758,18.0943,18.0943,4.62594,83.7031,85.0695,24.3183,4.62594,0.273333
0.376,18.1301,18.1301,4.61623,83.6928,85.0695,24.3178,4.61623,0.271667
0.3762,18.0892,18.0892,4.63837,83.9042,85.0695,24.3192,4.63837,0.273333
0.3764,18.0387,18.0387,4.64099,83.7174,85.0695,24.3194,4.64099,0.275
0.3766,18.0938,18.0938,4.62515,83.6867,85.0695,24.3182,4.62515,0.273333
0.3768,18.1294,18.1294,4.61735,83.7099,85.0695,24.3178,4.61735,0.271667
0.377,18.0843,18.0843,4.63753,83.8664,85.0695,24.3191,4.63753,0.273333
0.3772,18.0402,18.0402,4.64471,83.7915,85.0695,24.3196,4.64471,0.275
0.3774,18.0943,18.0943,4.62594,83.7031,85.0695,24.3183,4.62594,0.273333
0.3776,18.1301,18.1301,4.61623,83.6928,85.0695,24.3178,4.61623,0.271667
0.3778,18.0892,18.0892,4.63837,83.9042,85.0695,24.3192,4.63837,0.273333
0.378,18.0387,18.0387,4.64099,83.7174,85.0695,24.3194,4.64099,0.275
0.3782,18.0938,18.0938,4.62515,83.6867,85.0695,24.3182,4.62515,0.273333
0.3784,18.1294,18.1294,4.61735,83.7099,85.0695,24.3178,4.61735,0.271667
0.3786,18.0843,18.0843,4.63753,83.8664,85.0695,24.3191,4.63753,0.273333
0.3788,18.0402,18.0402,4.64471,83.7915,85.0695,24.3196,4.64471,0.275
0.379,18.0943,18.0943,4.62594,83.7031,85.0695,24.3183,4.62594,0.273333
0.3792,18.1301,18.1301,4.61623,83.6928,85.0695,24.3178,4.61623,0.271667
0.3794,18.0892,18.0892,4.63837,83.9042,85.0695,24.3192,4.63837,0.273333
0.3796,18.0387,18.0387,4.64099,83.7174,85.0695,24.3194,4.64099,0.275
0.3798,18.0938,18.0938,4.62515,83.6867,85.0695,24.3182,4.62515,0.273333
0.38,18.1294,18.1294,4.61735,83.7099,85.0695,24.3178,4.61735,0.271667
0.3802,18.0843,18.0843,4.63753,83.8664,85.0695,24.3191,4.63753,0.273333
0.3804,18.0402,18.0402,4.64471,83.7915,85.0695,24.3196,4.64471,0.275
0.3806,18.0943,18.0943,4.62594,83.7031,85.0695,24.3183,4.62594,0.273333
0.3808,18.1301,18.1301,4.61623,83.6928,85.0695,24.3178,4.61623,0.271667
0.381,18.0892,18.0892,4.63837,83.9042,85.0695,24.3192,4.63837,0.273333
0.3812,18.0387,18.0387,4.64099,83.7174,85.0695,24.3194,4.64099,0.275
0.3814,18.0938,18.0938,4.62515,83.6867,85.0695,24.3182,4.62515,0.273333
0.3816,18.1294,18.1294,4.61735,83.7099,85.0695,24.3178,4.61735,0.271667
0.3818,18.0843,18.0843,4.63753,83.8664,85.0695,24.3191,4.63753,0.273333
0.382,18.0402,18.0402,4.64471,83.7915,85.0695,24.3196,4.64471,0.275
0.3822,18.0943,18.0943,4.62594,83.7031,85.0695,24.3183,4.62594,0.273333
0.3824,18.1301,18.1301,4.61623,83.6928,85.0695,24.3178,4.61623,0.271667
0.3826,18.0892,18.0892,4.63837,83.9042,85.0695,24.3192,4.63837,0.273333
0.3828,18.0387,18.0387,4.64099,83.7174,85.0695,24.3194,4.64099,0.275
0.383,18.0938,18.0938,4.62515,83.6867,85.0695,24.3182,4.62515,0.273333
0.3832,18.1294,18.1294,4.61735,83.7099,85.0695,24.3178,4.61735,0.271667
0.3834,18.0843,18.0843,4.63753,83.8664,85.0695,24.3191,4.63753,0.273333
0.3836,18.0402,18.0402,4.64471,83.7915,85.0695,24.3196,4.64471,0.275
0.3838,18.0943,18.0943,4.62594,83.7031,85.0695,24.3183,4.62594,0.273333
0.384,18.1301,18.1301,4.61623,83.6928,85.0695,24.3178,4.61623,0.271667
0.3842,18.0892,18.0892,4.63837,83.9042,85.0695,24.3192,4.63837,0.273333
0.3844,18.0387,18.0387,4.64099,83.7174,85.0695,24.3194,4.64099,0.275
0.3846,18.0938,18.0938,4.62515,83.6867,85.0695,24.3182,4.62515,0.273333
0.3848,18.1294,18.1294,4.61735,83.7099,85.0695,24.3178,4.61735,0.271667
0.385,18.0843,18.0843,4.63753,83.8664,85.0695,24.3191,4.63753,0.273333
0.3852,18.0402,18.0402,4.64471,83.7915,85.0695,24.3196,4.64471,0.275
0.3854,18.0943,18.0943,4.62594,83.7031,85.0695,24.3183,4.62594,0.273333
0.3856,18.1301,18.1301,4.61623,83.6928,85.0695,24.3178,4.61623,0.271667
0.3858,18.0892,18.0892,4.63837,83.9042,85.0695,24.3192,4.63837,0.273333
0.386,18.0387,18.0387,4.64099,83.7174,85.0695,24.3194,4.64099,0.275
0.3862,18.0938,18.0938,4.62515,83.6867,85.0695,24.3182,4.62515,0.273333
0.3864,18.1294,18.1294,4.61735,83.7099,85.0695,24.3178,4.61735,0.271667
0.3866,18.0843,18.0843,4.63753,83.8664,85.0695,24.3191,4.63753,0.273333
0.3868,18.0402,18.0402,4.64471,83.7915,85.0695,24.3196,4.64471,0.275
0.387,18.0943,18.0943,4.62594,83.7031,85.0695,24.3183,4.62594,0.273333
0.3872,18.1301,18.1301,4.61623,83.6928,85.0695,24.3178,4.61623,0.271667
0.3874,18.0892,18.0892,4.63837,83.9042,85.0695,24.3192,4.63837,0.273333
0.3876,18.0387,18.0387,4.64099,83.7174,85.0695,24.3194,4.64099,0.275
0.3878,18.0938,18.0938,4.62515,83.6867,85.0695,24.3182,4.62515,0.273333
0.388,18.1294,18.1294,4.61735,83.7099,85.0695,24.3178,4.61735,0.271667
0.3882,18.0843,18.0843,4.63753,83.8664,85.0695,24.3191,4.63753,0.273333
0.3884,18.0402,18.0402,4.64471,83.7915,85.0695,24.3196,4.64471,0.275
0.3886,18.0943,18.0943,4.62594,83.7031,85.0695,24.3183,4.62594,0.273333
0.3888,18.1301,18.1301,4.61623,83.6928,85.0695,24.3178,4.61623,0.271667
0.389,18.0892,18.0892,4.63837,83.9042,85.0695,24.3192,4.63837,0.273333
0.3892,18.0387,18.0387,4.64099,83.7174,85.0695,24.3194,4.64099,0.275
0.3894,18.0938,18.0938,4.62515,83.6867,85.0695,24.3182,4.62515,0.273333
0.3896,18.1294,18.1294,4.61735,83.7099,85.0695,24.3178,4.61735,0.271667
0.3898,18.0843,18.0843,4.63753,83.8664,85.0695,24.3191,4.63753,0.273333
0.39,18.0402,18.0402,4.64471,83.7915,85.0695,24.3196,4.64471,0.275
0.3902,18.0943,18.0943,4.62594,83.7031,85.0695,24.3183,4.62594,0.273333
0.3904,18.1301,18.1301,4.61623,83.6928,85.0695,24.3178,4.61623,0.271667
0.3906,18.0892,18.0892,4.63837,83.9042,85.0695,24.3192,4.63837,0.273333
0.3908,18.0387,18.0387,4.64099,83.7174,85.0695,24.3194,4.64099,0.275
0.391,18.0938,18.0938,4.62515,83.6867,85.0695,24.3182,4.62515,0.273333
0.3912,18.1294,18.1294,4.61735,83.7099,85.0695,24.3178,4.61735,0.271667
0.3914,18.0843,18.0843,4.63753,83.8664,85.0695,24.3191,4.63753,0.273333
0.3916,18.0402,18.0402,4.64471,83.7915,85.0695,24.3196,4.64471,0.275
0.3918,18.0943,18.0943,4.62594,83.7031,85.0695,24.3183,4.62594,0.273333
0.392,18.1301,18.1301,4.61623,83.6928,85.0695,24.3178,4.61623,0.271667
0.3922,18.0892,18.0892,4.63837,83.9042,85.0695,24.3192,4.63837,0.273333
0.3924,18.0387,18.0387,4.64099,83.7174,85.0695,24.3194,4.64099,0.275
0.3926,18.0938,18.0938,4.62515,83.6867,85.0695,24.3182,4.62515,0.273333
0.3928,18.1294,18.1294,4.61735,83.7099,85.0695,24.3178,4.61735,0.271667
0.393,18.0843,18.0843,4.63753,83.8664,85.0695,24.3191,4.63753,0.273333
0.3932,18.0402,18.0402,4.64471,83.7915,85.0695,24.3196,4.64471,0.275
0.3934,18.0943,18.0943,4.62594,83.7031,85.0695,24.3183,4.62594,0.273333
0.3936,18.1301,18.1301,4.61623,83.6928,85.0695,24.3178,4.61623,0.271667
0.3938,18.0892,18.0892,4.63837,83.9042,85.0695,24.3192,4.63837,0.273333
0.394,18.0387,18.0387,4.64099,83.7174,85.0695,24.3194,4.64099,0.275
0.3942,18.0938,18.0938,4.62515,83.6867,85.0695,24.3182,4.62515,0.273333
0.3944,18.1294,18.1294,4.61735,83.7099,85.0695,24.3178,4.61735,0.271667
0.3946,18.0843,18.0843,4.63753,83.8664,85.0695,24.3191,4.63753,0.273333
0.3948,18.0402,18.0402,4.64471,83.7915,85.0695,24.3196,4.64471,0.275
0.395,18.0943,18.0943,4.62594,83.7031,85.0695,24.3183,4.62594,0.273333
0.3952,18.1301,18.1301,4.61623,83.6928,85.0695,24.3178,4.61623,0.271667
0.3954,18.0892,18.0892,4.63837,83.9042,85.0695,24.3192,4.63837,0.273333
0.3956,18.0387,18.0387,4.64099,83.7174,85.0695,24.3194,4.64099,0.275
0.3958,18.0938,18.0938,4.62515,83.6867,85.0695,24.3182,4.62515,0.273333
0.396,18.1294,18.1294,4.61735,83.7099,85.0695,24.3178,4.61735,0.271667
0.3962,18.0843,18.0843,4.63753,83.8664,85.0695,24.3191,4.63753,0.273333
0.3964,18.0402,18.0402,4.64471,83.7915,85.0695,24.3196,4.64471,0.275
0.3966,18.0943,18.0943,4.62594,83.7031,85.0695,24.3183,4.62594,0.273333
0.3968,18.1301,18.1301,4.61623,83.6928,85.0695,24.3178,4.61623,0.271667
0.397,18.0892,18.0892,4.63837,83.9042,85.0695,24.3192,4.63837,0.273333
0.3972,18.0387,18.0387,4.64099,83.7174,85.0695,24.3194,4.64099,0.275
0.3974,18.0938,18.0938,4.62515,83.6867,85.0695,24.3182,4.62515,0.273333
0.3976,18.1294,18.1294,4.61735,83.7099,85.0695,24.3178,4.61735,0.271667
0.3978,18.0843,18.0843,4.63753,83.8664,85.0695,24.3191,4.63753,0.273333
0.398,18.0402,18.0402,4.64471,83.7915,85.0695,24.3196,4.64471,0.275
0.3982,18.0943,18.0943,4.62594,83.7031,85.0695,24.3183,4.62594,0.273333
0.3984,18.1301,18.1301,4.61623,83.6928,85.0695,24.3178,4.61623,0.271667
0.3986,18.0892,18.0892,4.63837,83.9042,85.0695,24.3192,4.63837,0.273333
0.3988,18.0387,18.0387,4.64099,83.7174,85.0695,24.3194,4.64099,0.275
0.399,18.0938,18.0938,4.62515,83.6867,85.0695,24.3182,4.62515,0.273333
0.3992,18.1294,18.1294,4.61735,83.7099,85.0695,24.3178,4.61735,0.271667
0.3994,18.0843,18.0843,4.63753,83.8664,85.0695,24.3191,4.63753,0.273333
0.3996,18.0402,18.0402,4.64471,83.7915,85.0695,24.3196,4.64471,0.275
0.3998,18.0943,18.0943,4.62594,83.7031,85.0695,24.3183,4.62594,0.273333
0.4,18.1301,18.1301,4.61623,83.6928,85.0695,24.3178,4.61623,0.271667
0.4002,18.0892,18.0892,4.63837,83.9042,85.0695,24.3192,4.63837,0.273333
0.4004,18.0387,18.0387,4.64099,83.7174,85.0695,24.3194,4.64099,0.275
0.4006,18.0938,18.0938,4.62515,83.6867,85.0695,24.3182,4.62515,0.273333
0.4008,18.1294,18.1294,4.61735,83.7099,85.0695,24.3178,4.61735,0.271667
0.401,18.0843,18.0843,4.63753,83.8664,85.0695,24.3191,4.63753,0.273333
0.4012,18.0402,18.0402,4.64471,83.7915,85.0695,24.3196,4.64471,0.275
0.4014,18.0943,18.0943,4.62594,83.7031,85.0695,24.3183,4.62594,0.273333
0.4016,18.1301,18.1301,4.61623,83.6928,85.0695,24.3178,4.61623,0.271667
0.4018,18.0892,18.0892,4.63837,83.9042,85.0695,24.3192,4.63837,0.273333
0.402,18.0387,18.0387,4.64099,83.7174,85.0695,24.3194,4.64099,0.275
0.4022,18.0938,18.0938,4.62515,83.6867,85.0695,24.3182,4.62515,0.273333
0.4024,18.1294,18.1294,4.61735,83.7099,85.0695,24.3178,4.61735,0.271667
0.4026,18.0843,18.0843,4.63753,83.8664,85.0695,24.3191,4.63753,0.273333
0.4028,18.0402,18.0402,4.64471,83.7915,85.0695,24.3196,4.64471,0.275
0.403,18.0943,18.0943,4.62594,83.7031,85.0695,24.3183,4.62594,0.273333
0.4032,18.1301,18.1301,4.61623,83.6928,85.0695,24.3178,4.61623,0.271667
0.4034,18.0892,18.0892,4.63837,83.9042,85.0695,24.3192,4.63837,0.273333
0.4036,18.0387,18.0387,4.64099,83.7174,85.0695,24.3194,4.64099,0.275
0.4038,18.0938,18.0938,4.62515,83.6867,85.0695,24.3182,4.62515,0.273333
0.404,18.1294,18.1294,4.61735,83.7099,85.0695,24.3178,4.61735,0.271667
0.4042,18.0843,18.0843,4.63753,83.8664,85.0695,24.3191,4.63753,0.273333
0.4044,18.0402,18.0402,4.64471,83.7915,85.0695,24.3196,4.64471,0.275
0.4046,18.0943,18.0943,4.62594,83.7031,85.0695,24.3183,4.62594,0.273333
0.4048,18.1301,18.1301,4.61623,83.6928,85.0695,24.3178,4.61623,0.271667
0.405,18.0892,18.0892,4.63837,83.9042,85.0695,24.3192,4.63837,0.273333
0.4052,18.0387,18.0387,4.64099,83.7174,85.0695,24.3194,4.64099,0.275
0.4054,18.0938,18.0938,4.62515,83.6867,85.0695,24.3182,4.62515,0.273333
0.4056,18.1294,18.1294,4.61735,83.7099,85.0695,24.3178,4.61735,0.271667
0.4058,18.0843,18.0843,4.63753,83.8664,85.0695,24.3191,4.63753,0.273333
0.406,18.0402,18.0402,4.64471,83.7915,85.0695,24.3196,4.64471,0.275
0.4062,18.0943,18.0943,4.62594,83.7031,85.0695,24.3183,4.62594,0.273333
0.4064,18.1301,18.1301,4.61623,83.6928,85.0695,24.3178,4.61623,0.271667
0.4066,18.0892,18.0892,4.63837,83.9042,85.0695,24.3192,4.63837,0.273333
0.4068,18.0387,18.0387,4.64099,83.7174,85.0695,24.3194,4.64099,0.275
0.407,18.0938,18.0938,4.62515,83.6867,85.0695,24.3182,4.62515,0.273333
0.4072,18.1294,18.1294,4.61735,83.7099,85.0695,24.3178,4.61735,0.271667
0.4074,18.0843,18.0843,4.63753,83.8664,85.0695,24.3191,4.63753,0.273333
0.4076,18.0402,18.0402,4.64471,83.7915,85.0695,24.3196,4.64471,0.275
0.4078,18.0943,18.0943,4.62594,83.7031,85.0695,24.3183,4.62594,0.273333
0.408,18.1301,18.1301,4.61623,83.6928,85.0695,24.3178,4.61623,0.271667
0.4082,18.0892,18.0892,4.63837,83.9042,85.0695,24.3192,4.63837,0.273333
0.4084,18.0387,18.0387,4.64099,83.7174,85.0695,24.3194,4.64099,0.275
0.4086,18.0938,18.0938,4.62515,83.6867,85.0695,24.3182,4.62515,0.273333
0.4088,18.1294,18.1294,4.61735,83.7099,85.0695,24.3178,4.61735,0.271667
0.409,18.0843,18.0843,4.63753,83.8664,85.0695,24.3191,4.63753,0.273333
0.4092,18.0402,18.0402,4.64471,83.7915,85.0695,24.3196,4.64471,0.275
0.4094,18.0943,18.0943,4.62594,83.7031,85.0695,24.3183,4.62594,0.273333
0.4096,18.1301,18.1301,4.61623,83.6928,85.0695,24.3178,4.61623,0.271667
0.4098,18.0892,18.0892,4.63837,83.9042,85.0695,24.3192,4.63837,0.273333
0.41,18.0387,18.0387,4.64099,83.7174,85.0695,24.3194,4.64099,0.275
0.4102,18.0938,18.0938,4.62515,83.6867,85.0695,24.3182,4.62515,0.273333
0.4104,18.1294,18.1294,4.61735,83.7099,85.0695,24.3178,4.61735,0.271667
0.4106,18.0843,18.0843,4.63753,83.8664,85.0695,24.3191,4.63753,0.273333
0.4108,18.0402,18.0402,4.64471,83.7915,85.0695,24.3196,4.64471,0.275
0.411,18.0943,18.0943,4.62594,83.7031,85.0695,24.3183,4.62594,0.273333
0.4112,18.1301,18.1301,4.61623,83.6928,85.0695,24.3178,4.61623,0.271667
0.4114,18.0892,18.0892,4.63837,83.9042,85.0695,24.3192,4.63837,0.273333
0.4116,18.0387,18.0387,4.64099,83.7174,85.0695,24.3194,4.64099,0.275
0.4118,18.0938,18.0938,4.62515,83.6867,85.0695,24.3182,4.62515,0.273333
0.412,18.1294,18.1294,4.61735,83.7099,85.0695,24.3178,4.61735,0.271667
0.4122,18.0843,18.0843,4.63753,83.8664,85.0695,24.3191,4.63753,0.273333
0.4124,18.0402,18.0402,4.64471,83.7915,85.0695,24.3196,4.64471,0.275
0.4126,18.0943,18.0943,4.62594,83.7031,85.0695,24.3183,4.62594,0.273333
0.4128,18.1301,18.1301,4.61623,83.6928,85.0695,24.3178,4.61623,0.271667
0.413,18.0892,18.0892,4.63837,83.9042,85.0695,24.3192,4.63837,0.273333
0.4132,18.0387,18.0387,4.64099,83.7174,85.0695,24.3194,4.64099,0.275
0.4134,18.0938,18.0938,4.62515,83.6867,85.0695,24.3182,4.62515,0.273333
0.4136,18.1294,18.1294,4.61735,83.7099,85.0695,24.3178,4.61735,0.271667
0.4138,18.0843,18.0843,4.63753,83.8664,85.0695,24.3191,4.63753,0.273333
0.414,18.0402,18.0402,4.64471,83.7915,85.0695,24.3196,4.64471,0.275
0.4142,18.0943,18.0943,4.62594,83.7031,85.0695,24.3183,4.62594,0.273333
0.4144,18.1301,18.1301,4.61623,83.6928,85.0695,24.3178,4.61623,0.271667
0.4146,18.0892,18.0892,4.63837,83.9042,85.0695,24.3192,4.63837,0.273333
0.4148,18.0387,18.0387,4.64099,83.7174,85.0695,24.3194,4.64099,0.275
0.415,18.0938,18.0938,4.62515,83.6867,85.0695,24.3182,4.62515,0.273333
0.4152,18.1294,18.1294,4.61735,83.7099,85.0695,24.3178,4.61735,0.271667
0.4154,18.0843,18.0843,4.63753,83.8664,85.0695,24.3191,4.63753,0.273333
0.4156,18.0402,18.0402,4.64471,83.7915,85.0695,24.3196,4.64471,0.275
0.4158,18.0943,18.0943,4.62594,83.7031,85.0695,24.3183,4.62594,0.273333
0.416,18.1301,18.1301,4.61623,83.6928,85.0695,24.3178,4.61623,0.271667
0.4162,18.0892,18.0892,4.63837,83.9042,85.0695,24.3192,4.63837,0.273333
0.4164,18.0387,18.0387,4.64099,83.7174,85.0695,24.3194,4.64099,0.275
0.4166,18.0938,18.0938,4.62515,83.6867,85.0695,24.3182,4.62515,0.273333
0.4168,18.1294,18.1294,4.61735,83.7099,85.0695,24.3178,4.61735,0.271667
0.417,18.0843,18.0843,4.63753,83.8664,85.0695,24.3191,4.63753,0.273333
0.4172,18.0402,18.0402,4.64471,83.7915,85.0695,24.3196,4.64471,0.275
0.4174,18.0943,18.0943,4.62594,83.7031,85.0695,24.3183,4.62594,0.273333
0.4176,18.1301,18.1301,4.61623,83.6928,85.0695,24.3178,4.61623,0.271667
0.4178,18.0892,18.0892,4.63837,83.9042,85.0695,24.3192,4.63837,0.273333
0.418,18.0387,18.0387,4.64099,83.7174,85.0695,24.3194,4.64099,0.275
0.4182,18.0938,18.0938,4.62515,83.6867,85.0695,24.3182,4.62515,0.273333
0.4184,18.1294,18.1294,4.61735,83.7099,85.0695,24.3178,4.61735,0.271667
0.4186,18.0843,18.0843,4.63753,83.8664,85.0695,24.3191,4.63753,0.273333
0.4188,18.0402,18.0402,4.64471,83.7915,85.0695,24.3196,4.64471,0.275
0.419,18.0943,18.0943,4.62594,83.7031,85.0695,24.3183,4.62594,0.273333
0.4192,18.1301,18.1301,4.61623,83.6928,85.0695,24.3178,4.61623,0.271667
0.4194,18.0892,18.0892,4.63837,83.9042,85.0695,24.3192,4.63837,0.273333
0.4196,18.0387,18.0387,4.64099,83.7174,85.0695,24.3194,4.64099,0.275
0.4198,18.0938,18.0938,4.62515,83.6867,85.0695,24.3182,4.62515,0.273333
0.42,18.1294,18.1294,4.61735,83.7099,85.0695,24.3178,4.61735,0.271667
0.4202,18.0843,18.0843,4.63753,83.8664,85.0695,24.3191,4.63753,0.273333
0.4204,18.0402,18.0402,4.64471,83.7915,85.0695,24.3196,4.64471,0.275
0.4206,18.0943,18.0943,4.62594,83.7031,85.0695,24.3183,4.62594,0.273333
0.4208,18.1301,18.1301,4.61623,83.6928,85.0695,24.3178,4.61623,0.271667
0.421,18.0892,18.0892,4.63837,83.9042,85.0695,24.3192,4.63837,0.273333
0.4212,18.0387,18.0387,4.64099,83.7174,85.0695,24.3194,4.64099,0.275
0.4214,18.0938,18.0938,4.62515,83.6867,85.0695,24.3182,4.62515,0.273333
0.4216,18.1294,18.1294,4.61735,83.7099,85.0695,24.3178,4.61735,0.271667
0.4218,18.0843,18.0843,4.63753,83.8664,85.0695,24.3191,4.63753,0.273333
0.422,18.0402,18.0402,4.64471,83.7915,85.0695,24.3196,4.64471,0.275
0.4222,18.0943,18.0943,4.62594,83.7031,85.0695,24.3183,4.62594,0.273333
0.4224,18.1301,18.1301,4.61623,83.6928,85.0695,24.3178,4.61623,0.271667
0.4226,18.0892,18.0892,4.63837,83.9042,85.0695,24.3192,4.63837,0.273333
0.4228,18.0387,18.0387,4.64099,83.7174,85.0695,24.3194,4.64099,0.275
0.423,18.0938,18.0938,4.62515,83.6867,85.0695,24.3182,4.62515,0.273333
0.4232,18.1294,18.1294,4.61735,83.7099,85.0695,24.3178,4.61735,0.271667
0.4234,18.0843,18.0843,4.63753,83.8664,85.0695,24.3191,4.63753,0.273333
0.4236,18.0402,18.0402,4.64471,83.7915,85.0695,24.3196,4.64471,0.275
0.4238,18.0943,18.0943,4.62594,83.7031,85.0695,24.3183,4.62594,0.273333
0.424,18.1301,18.1301,4.61623,83.6928,85.0695,24.3178,4.61623,0.271667
0.4242,18.0892,18.0892,4.63837,83.9042,85.0695,24.3192,4.63837,0.273333
0.4244,18.0387,18.0387,4.64099,83.7174,85.0695,24.3194,4.64099,0.275
0.4246,18.0938,18.0938,4.62515,83.6867,85.0695,24.3182,4.62515,0.273333
0.4248,18.1294,18.1294,4.61735,83.7099,85.0695,24.3178,4.61735,0.271667
0.425,18.0843,18.0843,4.63753,83.8664,85.0695,24.3191,4.63753,0.273333
0.4252,18.0402,18.0402,4.64471,83.7915,85.0695,24.3196,4.64471,0.275
0.4254,18.0943,18.0943,4.62594,83.7031,85.0695,24.3183,4.62594,0.273333
0.4256,18.1301,18.1301,4.61623,83.6928,85.0695,24.3178,4.61623,0.271667
0.4258,18.0892,18.0892,4.63837,83.9042,85.0695,24.3192,4.63837,0.273333
0.426,18.0387,18.0387,4.64099,83.7174,85.0695,24.3194,4.64099,0.275
0.4262,18.0938,18.0938,4.62515,83.6867,85.0695,24.3182,4.62515,0.273333
0.4264,18.1294,18.1294,4.61735,83.7099,85.0695,24.3178,4.61735,0.271667
0.4266,18.0843,18.0843,4.63753,83.8664,85.0695,24.3191,4.63753,0.273333
0.4268,18.0402,18.0402,4.64471,83.7915,85.0695,24.3196,4.64471,0.275
0.427,18.0943,18.0943,4.62594,83.7031,85.0695,24.3183,4.62594,0.273333
0.4272,18.1301,18.1301,4.61623,83.6928,85.0695,24.3178,4.61623,0.271667
0.4274,18.0892,18.0892,4.63837,83.9042,85.0695,24.3192,4.63837,0.273333
0.4276,18.0387,18.0387,4.64099,83.7174,85.0695,24.3194,4.64099,0.275
0.4278,18.0938,18.0938,4.62515,83.6867,85.0695,24.3182,4.62515,0.273333
0.428,18.1294,18.1294,4.61735,83.7099,85.0695,24.3178,4.61735,0.271667
0.4282,18.0843,18.0843,4.63753,83.8664,85.0695,24.3191,4.63753,0.273333
0.4284,18.0402,18.0402,4.64471,83.7915,85.0695,24.3196,4.64471,0.275
0.4286,18.0943,18.0943,4.62594,83.7031,85.0695,24.3183,4.62594,0.273333
0.4288,18.1301,18.1301,4.61623,83.6928,85.0695,24.3178,4.61623,0.271667
0.429,18.0892,18.0892,4.63837,83.9042,85.0695,24.3192,4.63837,0.273333
0.4292,18.0387,18.0387,4.64099,83.7174,85.0695,24.3194,4.64099,0.275
0.4294,18.0938,18.0938,4.62515,83.6867,85.0695,24.3182,4.62515,0.273333
0.4296,18.1294,18.1294,4.61735,83.7099,85.0695,24.3178,4.61735,0.271667
0.4298,18.0843,18.0843,4.63753,83.8664,85.0695,24.3191,4.63753,0.273333
0.43,18.0402,18.0402,4.64471,83.7915,85.0695,24.3196,4.64471,0.275
0.4302,18.0943,18.0943,4.62594,83.7031,85.0695,24.3183,4.62594,0.273333
0.4304,18.1301,18.1301,4.61623,83.6928,85.0695,24.3178,4.61623,0.271667
0.4306,18.0892,18.0892,4.63837,83.9042,85.0695,24.3192,4.63837,0.273333
0.4308,18.0387,18.0387,4.64099,83.7174,85.0695,24.3194,4.64099,0.275
0.431,18.0938,18.0938,4.62515,83.6867,85.0695,24.3182,4.62515,0.273333
0.4312,18.1294,18.1294,4.61735,83.7099,85.0695,24.3178,4.61735,0.271667
0.4314,18.0843,18.0843,4.63753,83.8664,85.0695,24.3191,4.63753,0.273333
0.4316,18.0402,18.0402,4.64471,83.7915,85.0695,24.3196,4.64471,0.275
0.4318,18.0943,18.0943,4.62594,83.7031,85.0695,24.3183,4.62594,0.273333
0.432,18.1301,18.1301,4.61623,83.6928,85.0695,24.3178,4.61623,0.271667
0.4322,18.0892,18.0892,4.63837,83.9042,85.0695,24.3192,4.63837,0.273333
0.4324,18.0387,18.0387,4.64099,83.7174,85.0695,24.3194,4.64099,0.275
0.4326,18.0938,18.0938,4.62515,83.6867,85.0695,24.3182,4.62515,0.273333
0.4328,18.1294,18.1294,4.61735,83.7099,85.0695,24.3178,4.61735,0.271667
0.433,18.0843,18.0843,4.63753,83.8664,85.0695,24.3191,4.63753,0.273333
0.4332,18.0402,18.0402,4.64471,83.7915,85.0695,24.3196,4.64471,0.275
0.4334,18.0943,18.0943,4.62594,83.7031,85.0695,24.3183,4.62594,0.273333
0.4336,18.1301,18.1301,4.61623,83.6928,85.0695,24.3178,4.61623,0.271667
0.4338,18.0892,18.0892,4.63837,83.9042,85.0695,24.3192,4.63837,0.273333
0.434,18.0387,18.0387,4.64099,83.7174,85.0695,24.3194,4.64099,0.275
0.4342,18.0938,18.0938,4.62515,83.6867,85.0695,24.3182,4.62515,0.273333
0.4344,18.1294,18.1294,4.61735,83.7099,85.0695,24.3178,4.61735,0.271667
0.4346,18.0843,18.0843,4.63753,83.8664,85.0695,24.3191,4.63753,0.273333
0.4348,18.0402,18.0402,4.64471,83.7915,85.0695,24.3196,4.64471,0.275
0.435,18.0943,18.0943,4.62594,83.7031,85.0695,24.3183,4.62594,0.273333
0.4352,18.1301,18.1301,4.61623,83.6928,85.0695,24.3178,4.61623,0.271667
0.4354,18.0892,18.0892,4.63837,83.9042,85.0695,24.3192,4.63837,0.273333
0.4356,18.0387,18.0387,4.64099,83.7174,85.0695,24.3194,4.64099,0.275
0.4358,18.0938,18.0938,4.62515,83.6867,85.0695,24.3182,4.62515,0.273333
0.436,18.1294,18.1294,4.61735,83.7099,85.0695,24.3178,4.61735,0.271667
0.4362,18.0843,18.0843,4.63753,83.8664,85.0695,24.3191,4.63753,0.273333
0.4364,18.0402,18.0402,4.64471,83.7915,85.0695,24.3196,4.64471,0.275
0.4366,18.0943,18.0943,4.62594,83.7031,85.0695,24.3183,4.62594,0.273333
0.4368,18.1301,18.1301,4.61623,83.6928,85.0695,24.3178,4.61623,0.271667
0.437,18.0892,18.0892,4.63837,83.9042,85.0695,24.3192,4.63837,0.273333
0.4372,18.0387,18.0387,4.64099,83.7174,85.0695,24.3194,4.64099,0.275
0.4374,18.0938,18.0938,4.62515,83.6867,85.0695,24.3182,4.62515,0.273333
0.4376,18.1294,18.1294,4.61735,83.7099,85.0695,24.3178,4.61735,0.271667
0.4378,18.0843,18.0843,4.63753,83.8664,85.0695,24.3191,4.63753,0.273333
0.438,18.0402,18.0402,4.64471,83.7915,85.0695,24.3196,4.64471,0.275
0.4382,18.0943,18.0943,4.62594,83.7031,85.0695,24.3183,4.62594,0.273333
0.4384,18.1301,18.1301,4.61623,83.6928,85.0695,24.3178,4.61623,0.271667
0.4386,18.0892,18.0892,4.63837,83.9042,85.0695,24.3192,4.63837,0.273333
0.4388,18.0387,18.0387,4.64099,83.7174,85.0695,24.3194,4.64099,0.275
0.439,18.0938,18.0938,4.62515,83.6867,85.0695,24.3182,4.62515,0.273333
0.4392,18.1294,18.1294,4.61735,83.7099,85.0695,24.3178,4.61735,0.271667
0.4394,18.0843,18.0843,4.63753,83.8664,85.0695,24.3191,4.63753,0.273333
0.4396,18.0402,18.0402,4.64471,83.7915,85.0695,24.3196,4.64471,0.275
0.4398,18.0943,18.0943,4.62594,83.7031,85.0695,24.3183,4.62594,0.273333
0.44,18.1301,18.1301,4.61623,83.6928,85.0695,24.3178,4.61623,0.271667
0.4402,18.0892,18.0892,4.63837,83.9042,85.0695,24.3192,4.63837,0.273333
0.4404,18.0387,18.0387,4.64099,83.7174,85.0695,24.3194,4.64099,0.275
0.4406,18.0938,18.0938,4.62515,83.6867,85.0695,24.3182,4.62515,0.273333
0.4408,18.1294,18.1294,4.61735,83.7099,85.0695,24.3178,4.61735,0.271667
0.441,18.0843,18.0843,4.63753,83.8664,85.0695,24.3191,4.63753,0.273333
0.4412,18.0402,18.0402,4.64471,83.7915,85.0695,24.3196,4.64471,0.275
0.4414,18.0943,18.0943,4.62594,83.7031,85.0695,24.3183,4.62594,0.273333
0.4416,18.1301,18.1301,4.61623,83.6928,85.0695,24.3178,4.61623,0.271667
0.4418,18.0892,18.0892,4.63837,83.9042,85.0695,24.3192,4.63837,0.273333
0.442,18.0387,18.0387,4.64099,83.7174,85.0695,24.3194,4.64099,0.275
0.4422,18.0938,18.0938,4.62515,83.6867,85.0695,24.3182,4.62515,0.273333
0.4424,18.1294,18.1294,4.61735,83.7099,85.0695,24.3178,4.61735,0.271667
0.4426,18.0843,18.0843,4.63753,83.8664,85.0695,24.3191,4.63753,0.273333
0.4428,18.0402,18.0402,4.64471,83.7915,85.0695,24.3196,4.64471,0.275
0.443,18.0943,18.0943,4.62594,83.7031,85.0695,24.3183,4.62594,0.273333
0.4432,18.1301,18.1301,4.61623,83.6928,85.0695,24.3178,4.61623,0.271667
0.4434,18.0892,18.0892,4.63837,83.9042,85.0695,24.3192,4.63837,0.273333
0.4436,18.0387,18.0387,4.64099,83.7174,85.0695,24.3194,4.64099,0.275
0.4438,18.0938,18.0938,4.62515,83.6867,85.0695,24.3182,4.62515,0.273333
0.444,18.1294,18.1294,4.61735,83.7099,85.0695,24.3178,4.61735,0.271667
0.4442,18.0843,18.0843,4.63753,83.8664,85.0695,24.3191,4.63753,0.273333
0.4444,18.0402,18.0402,4.64471,83.7915,85.0695,24.3196,4.64471,0.275
0.4446,18.0943,18.0943,4.62594,83.7031,85.0695,24.3183,4.62594,0.273333
0.4448,18.1301,18.1301,4.61623,83.6928,85.0695,24.3178,4.61623,0.271667
0.445,18.0892,18.0892,4.63837,83.9042,85.0695,24.3192,4.63837,0.273333
0.4452,18.0387,18.0387,4.64099,83.7174,85.0695,24.3194,4.64099,0.275
0.4454,18.0938,18.0938,4.62515,83.6867,85.0695,24.3182,4.62515,0.273333
0.4456,18.1294,18.1294,4.61735,83.7099,85.0695,24.3178,4.61735,0.271667
0.4458,18.0843,18.0843,4.63753,83.8664,85.0695,24.3191,4.63753,0.273333
0.446,18.0402,18.0402,4.64471,83.7915,85.0695,24.3196,4.64471,0.275
0.4462,18.0943,18.0943,4.62594,83.7031,85.0695,24.3183,4.62594,0.273333
0.4464,18.1301,18.1301,4.61623,83.6928,85.0695,24.3178,4.61623,0.271667
0.4466,18.0892,18.0892,4.63837,83.9042,85.0695,24.3192,4.63837,0.273333
0.4468,18.0387,18.0387,4.64099,83.7174,85.0695,24.3194,4.64099,0.275
0.447,18.0938,18.0938,4.62515,83.6867,85.0695,24.3182,4.62515,0.273333
0.4472,18.1294,18.1294,4.61735,83.7099,85.0695,24.3178,4.61735,0.271667
0.4474,18.0843,18.0843,4.63753,83.8664,85.0695,24.3191,4.63753,0.273333
0.4476,18.0402,18.0402,4.64471,83.7915,85.0695,24.3196,4.64471,0.275
0.4478,18.0943,18.0943,4.62594,83.7031,85.0695,24.3183,4.62594,0.273333
0.448,18.1301,18.1301,4.61623,83.6928,85.0695,24.3178,4.61623,0.271667
0.4482,18.0892,18.0892,4.63837,83.9042,85.0695,24.3192,4.63837,0.273333
0.4484,18.0387,18.0387,4.64099,83.7174,85.0695,24.3194,4.64099,0.275
0.4486,18.0938,18.0938,4.62515,83.6867,85.0695,24.3182,4.62515,0.273333
0.4488,18.1294,18.1294,4.61735,83.7099,85.0695,24.3178,4.61735,0.271667
0.449,18.0843,18.0843,4.63753,83.8664,85.0695,24.3191,4.63753,0.273333
0.4492,18.0402,18.0402,4.64471,83.7915,85.0695,24.3196,4.64471,0.275
0.4494,18.0943,18.0943,4.62594,83.7031,85.0695,24.3183,4.62594,0.273333
0.4496,18.1301,18.1301,4.61623,83.6928,85.0695,24.3178,4.61623,0.271667
0.4498,18.0892,18.0892,4.63837,83.9042,85.0695,24.3192,4.63837,0.273333
0.45,18.0387,18.0387,4.64099,83.7174,85.0695,24.3194,4.64099,0.275
0.4502,18.0938,18.0938,4.62515,83.6867,85.0695,24.3182,4.62515,0.273333
0.4504,18.1294,18.1294,4.61735,83.7099,85.0695,24.3178,4.61735,0.271667
0.4506,18.0843,18.0843,4.63753,83.8664,85.0695,24.3191,4.63753,0.273333
0.4508,18.0402,18.0402,4.64471,83.7915,85.0695,24.3196,4.64471,0.275
0.451,18.0943,18.0943,4.62594,83.7031,85.0695,24.3183,4.62594,0.273333
0.4512,18.1301,18.1301,4.61623,83.6928,85.0695,24.3178,4.61623,0.271667
0.4514,18.0892,18.0892,4.63837,83.9042,85.0695,24.3192,4.63837,0.273333
0.4516,18.0387,18.0387,4.64099,83.7174,85.0695,24.3194,4.64099,0.275
0.4518,18.0938,18.0938,4.62515,83.6867,85.0695,24.3182,4.62515,0.273333
0.452,18.1294,18.1294,4.61735,83.7099,85.0695,24.3178,4.61735,0.271667
0.4522,18.0843,18.0843,4.63753,83.8664,85.0695,24.3191,4.63753,0.273333
0.4524,18.0402,18.0402,4.64471,83.7915,85.0695,24.3196,4.64471,0.275
0.4526,18.0943,18.0943,4.62594,83.7031,85.0695,24.3183,4.62594,0.273333
0.4528,18.1301,18.1301,4.61623,83.6928,85.0695,24.3178,4.61623,0.271667
0.453,18.0892,18.0892,4.63837,83.9042,85.0695,24.3192,4.63837,0.273333
0.4532,18.0387,18.0387,4.64099,83.7174,85.0695,24.3194,4.64099,0.275
0.4534,18.0938,18.0938,4.62515,83.6867,85.0695,24.3182,4.62515,0.273333
0.4536,18.1294,18.1294,4.61735,83.7099,85.0695,24.3178,4.61735,0.271667
0.4538,18.0843,18.0843,4.63753,83.8664,85.0695,24.3191,4.63753,0.273333
0.454,18.0402,18.0402,4.64471,83.7915,85.0695,24.3196,4.64471,0.275
0.4542,18.0943,18.0943,4.62594,83.7031,85.0695,24.3183,4.62594,0.273333
0.4544,18.1301,18.1301,4.61623,83.6928,85.0695,24.3178,4.61623,0.271667
0.4546,18.0892,18.0892,4.63837,83.9042,85.0695,24.3192,4.63837,0.273333
0.4548,18.0387,18.0387,4.64099,83.7174,85.0695,24.3194,4.64099,0.275
0.455,18.0938,18.0938,4.62515,83.6867,85.0695,24.3182,4.62515,0.273333
0.4552,18.1294,18.1294,4.61735,83.7099,85.0695,24.3178,4.61735,0.271667
0.4554,18.0843,18.0843,4.63753,83.8664,85.0695,24.3191,4.63753,0.273333
0.4556,18.0402,18.0402,4.64471,83.7915,85.0695,24.3196,4.64471,0.275
0.4558,18.0943,18.0943,4.62594,83.7031,85.0695,24.3183,4.62594,0.273333
0.456,18.1301,18.1301,4.61623,83.6928,85.0695,24.3178,4.61623,0.271667
0.4562,18.0892,18.0892,4.63837,83.9042,85.0695,24.3192,4.63837,0.273333
0.4564,18.0387,18.0387,4.64099,83.7174,85.0695,24.3194,4.64099,0.275
0.4566,18.0938,18.0938,4.62515,83.6867,85.0695,24.3182,4.62515,0.273333
0.4568,18.1294,18.1294,4.61735,83.7099,85.0695,24.3178,4.61735,0.271667
0.457,18.0843,18.0843,4.63753,83.8664,85.0695,24.3191,4.63753,0.273333
0.4572,18.0402,18.0402,4.64471,83.7915,85.0695,24.3196,4.64471,0.275
0.4574,18.0943,18.0943,4.62594,83.7031,85.0695,24.3183,4.62594,0.273333
0.4576,18.1301,18.1301,4.61623,83.6928,85.0695,24.3178,4.61623,0.271667
0.4578,18.0892,18.0892,4.63837,83.9042,85.0695,24.3192,4.63837,0.273333
0.458,18.0387,18.0387,4.64099,83.7174,85.0695,24.3194,4.64099,0.275
0.4582,18.0938,18.0938,4.62515,83.6867,85.0695,24.3182,4.62515,0.273333
0.4584,18.1294,18.1294,4.61735,83.7099,85.0695,24.3178,4.61735,0.271667
0.4586,18.0843,18.0843,4.63753,83.8664,85.0695,24.3191,4.63753,0.273333
0.4588,18.0402,18.0402,4.64471,83.7915,85.0695,24.3196,4.64471,0.275
0.459,18.0943,18.0943,4.62594,83.7031,85.0695,24.3183,4.62594,0.273333
0.4592,18.1301,18.1301,4.61623,83.6928,85.0695,24.3178,4.61623,0.271667
0.4594,18.0892,18.0892,4.63837,83.9042,85.0695,24.3192,4.63837,0.273333
0.4596,18.0387,18.0387,4.64099,83.7174,85.0695,24.3194,4.64099,0.275
0.4598,18.0938,18.0938,4.62515,83.6867,85.0695,24.3182,4.62515,0.273333
0.46,18.1294,18.1294,4.61735,83.7099,85.0695,24.3178,4.61735,0.271667
0.4602,18.0843,18.0843,4.63753,83.8664,85.0695,24.3191,4.63753,0.273333
0.4604,18.0402,18.0402,4.64471,83.7915,85.0695,24.3196,4.64471,0.275
0.4606,18.0943,18.0943,4.62594,83.7031,85.0695,24.3183,4.62594,0.273333
0.4608,18.1301,18.1301,4.61623,83.6928,85.0695,24.3178,4.61623,0.271667
0.461,18.0892,18.0892,4.63837,83.9042,85.0695,24.3192,4.63837,0.273333
0.4612,18.0387,18.0387,4.64099,83.7174,85.0695,24.3194,4.64099,0.275
0.4614,18.0938,18.0938,4.62515,83.6867,85.0695,24.3182,4.62515,0.273333
0.4616,18.1294,18.1294,4.61735,83.7099,85.0695,24.3178,4.61735,0.271667
0.4618,18.0843,18.0843,4.63753,83.8664,85.0695,24.3191,4.63753,0.273333
0.462,18.0402,18.0402,4.64471,83.7915,85.0695,24.3196,4.64471,0.275
0.4622,18.0943,18.0943,4.62594,83.7031,85.0695,24.3183,4.62594,0.273333
0.4624,18.1301,18.1301,4.61623,83.6928,85.0695,24.3178,4.61623,0.271667
0.4626,18.0892,18.0892,4.63837,83.9042,85.0695,24.3192,4.63837,0.273333
0.4628,18.0387,18.0387,4.64099,83.7174,85.0695,24.3194,4.64099,0.275
0.463,18.0938,18.0938,4.62515,83.6867,85.0695,24.3182,4.62515,0.273333
0.4632,18.1294,18.1294,4.61735,83.7099,85.0695,24.3178,4.61735,0.271667
0.4634,18.0843,18.0843,4.63753,83.8664,85.0695,24.3191,4.63753,0.273333
0.4636,18.0402,18.0402,4.64471,83.7915,85.0695,24.3196,4.64471,0.275
0.4638,18.0943,18.0943,4.62594,83.7031,85.0695,24.3183,4.62594,0.273333
0.464,18.1301,18.1301,4.61623,83.6928,85.0695,24.3178,4.61623,0.271667
0.4642,18.0892,18.0892,4.63837,83.9042,85.0695,24.3192,4.63837,0.273333
0.4644,18.0387,18.0387,4.64099,83.7174,85.0695,24.3194,4.64099,0.275
0.4646,18.0938,18.0938,4.62515,83.6867,85.0695,24.3182,4.62515,0.273333
0.4648,18.1294,18.1294,4.61735,83.7099,85.0695,24.3178,4.61735,0.271667
0.465,18.0843,18.0843,4.63753,83.8664,85.0695,24.3191,4.63753,0.273333
0.4652,18.0402,18.0402,4.64471,83.7915,85.0695,24.3196,4.64471,0.275
0.4654,18.0943,18.0943,4.62594,83.7031,85.0695,24.3183,4.62594,0.273333
0.4656,18.1301,18.1301,4.61623,83.6928,85.0695,24.3178,4.61623,0.271667
0.4658,18.0892,18.0892,4.63837,83.9042,85.0695,24.3192,4.63837,0.273333
0.466,18.0387,18.0387,4.64099,83.7174,85.0695,24.3194,4.64099,0.275
0.4662,18.0938,18.0938,4.62515,83.6867,85.0695,24.3182,4.62515,0.273333
0.4664,18.1294,18.1294,4.61735,83.7099,85.0695,24.3178,4.61735,0.271667
0.4666,18.0843,18.0843,4.63753,83.8664,85.0695,24.3191,4.63753,0.273333
0.4668,18.0402,18.0402,4.64471,83.7915,85.0695,24.3196,4.64471,0.275
0.467,18.0943,18.0943,4.62594,83.7031,85.0695,24.3183,4.62594,0.273333
0.4672,18.1301,18.1301,4.61623,83.6928,85.0695,24.3178,4.61623,0.271667
0.4674,18.0892,18.0892,4.63837,83.9042,85.0695,24.3192,4.63837,0.273333
0.4676,18.0387,18.0387,4.64099,83.7174,85.0695,24.3194,4.64099,0.275
0.4678,18.0938,18.0938,4.62515,83.6867,85.0695,24.3182,4.62515,0.273333
0.468,18.1294,18.1294,4.61735,83.7099,85.0695,24.3178,4.61735,0.271667
0.4682,18.0843,18.0843,4.63753,83.8664,85.0695,24.3191,4.63753,0.273333
0.4684,18.0402,18.0402,4.64471,83.7915,85.0695,24.3196,4.64471,0.275
0.4686,18.0943,18.0943,4.62594,83.7031,85.0695,24.3183,4.62594,0.273333
0.4688,18.1301,18.1301,4.61623,83.6928,85.0695,24.3178,4.61623,0.271667
0.469,18.0892,18.0892,4.63837,83.9042,85.0695,24.3192,4.63837,0.273333
0.4692,18.0387,18.0387,4.64099,83.7174,85.0695,24.3194,4.64099,0.275
0.4694,18.0938,18.0938,4.62515,83.6867,85.0695,24.3182,4.62515,0.273333
0.4696,18.1294,18.1294,4.61735,83.7099,85.0695,24.3178,4.61735,0.271667
0.4698,18.0843,18.0843,4.63753,83.8664,85.0695,24.3191,4.63753,0.273333
0.47,18.0402,18.0402,4.64471,83.7915,85.0695,24.3196,4.64471,0.275
0.4702,18.0943,18.0943,4.62594,83.7031,85.0695,24.3183,4.62594,0.273333
0.4704,18.1301,18.1301,4.61623,83.6928,85.0695,24.3178,4.61623,0.271667
0.4706,18.0892,18.0892,4.63837,83.9042,85.0695,24.3192,4.63837,0.273333
0.4708,18.0387,18.0387,4.64099,83.7174,85.0695,24.3194,4.64099,0.275
0.471,18.0938,18.0938,4.62515,83.6867,85.0695,24.3182,4.62515,0.273333
0.4712,18.1294,18.1294,4.61735,83.7099,85.0695,24.3178,4.61735,0.271667
0.4714,18.0843,18.0843,4.63753,83.8664,85.0695,24.3191,4.63753,0.273333
0.4716,18.0402,18.0402,4.64471,83.7915,85.0695,24.3196,4.64471,0.275
0.4718,18.0943,18.0943,4.62594,83.7031,85.0695,24.3183,4.62594,0.273333
0.472,18.1301,18.1301,4.61623,83.6928,85.0695,24.3178,4.61623,0.271667
0.4722,18.0892,18.0892,4.63837,83.9042,85.0695,24.3192,4.63837,0.273333
0.4724,18.0387,18.0387,4.64099,83.7174,85.0695,24.3194,4.64099,0.275
0.4726,18.0938,18.0938,4.62515,83.6867,85.0695,24.3182,4.62515,0.273333
0.4728,18.1294,18.1294,4.61735,83.7099,85.0695,24.3178,4.61735,0.271667
0.473,18.0843,18.0843,4.63753,83.8664,85.0695,24.3191,4.63753,0.273333
0.4732,18.0402,18.0402,4.64471,83.7915,85.0695,24.3196,4.64471,0.275
0.4734,18.0943,18.0943,4.62594,83.7031,85.0695,24.3183,4.62594,0.273333
0.4736,18.1301,18.1301,4.61623,83.6928,85.0695,24.3178,4.61623,0.271667
0.4738,18.0892,18.0892,4.63837,83.9042,85.0695,24.3192,4.63837,0.273333
0.474,18.0387,18.0387,4.64099,83.7174,85.0695,24.3194,4.64099,0.275
0.4742,18.0938,18.0938,4.62515,83.6867,85.0695,24.3182,4.62515,0.273333
0.4744,18.1294,18.1294,4.61735,83.7099,85.0695,24.3178,4.61735,0.271667
0.4746,18.0843,18.0843,4.63753,83.8664,85.0695,24.3191,4.63753,0.273333
0.4748,18.0402,18.0402,4.64471,83.7915,85.0695,24.3196,4.64471,0.275
0.475,18.0943,18.0943,4.62594,83.7031,85.0695,24.3183,4.62594,0.273333
0.4752,18.1301,18.1301,4.61623,83.6928,85.0695,24.3178,4.61623,0.271667
0.4754,18.0892,18.0892,4.63837,83.9042,85.0695,24.3192,4.63837,0.273333
0.4756,18.0387,18.0387,4.64099,83.7174,85.0695,24.3194,4.64099,0.275
0.4758,18.0938,18.0938,4.62515,83.6867,85.0695,24.3182,4.62515,0.273333
0.476,18.1294,18.1294,4.61735,83.7099,85.0695,24.3178,4.61735,0.271667
0.4762,18.0843,18.0843,4.63753,83.8664,85.0695,24.3191,4.63753,0.273333
0.4764,18.0402,18.0402,4.64471,83.7915,85.0695,24.3196,4.64471,0.275
0.4766,18.0943,18.0943,4.62594,83.7031,85.0695,24.3183,4.62594,0.273333
0.4768,18.1301,18.1301,4.61623,83.6928,85.0695,24.3178,4.61623,0.271667
0.477,18.0892,18.0892,4.63837,83.9042,85.0695,24.3192,4.63837,0.273333
0.4772,18.0387,18.0387,4.64099,83.7174,85.0695,24.3194,4.64099,0.275
0.4774,18.0938,18.0938,4.62515,83.6867,85.0695,24.3182,4.62515,0.273333
0.4776,18.1294,18.1294,4.61735,83.7099,85.0695,24.3178,4.61735,0.271667
0.4778,18.0843,18.0843,4.63753,83.8664,85.0695,24.3191,4.63753,0.273333
0.478,18.0402,18.0402,4.64471,83.7915,85.0695,24.3196,4.64471,0.275
0.4782,18.0943,18.0943,4.62594,83.7031,85.0695,24.3183,4.62594,0.273333
0.4784,18.1301,18.1301,4.61623,83.6928,85.0695,24.3178,4.61623,0.271667
0.4786,18.0892,18.0892,4.63837,83.9042,85.0695,24.3192,4.63837,0.273333
0.4788,18.0387,18.0387,4.64099,83.7174,85.0695,24.3194,4.64099,0.275
0.479,18.0938,18.0938,4.62515,83.6867,85.0695,24.3182,4.62515,0.273333
0.4792,18.1294,18.1294,4.61735,83.7099,85.0695,24.3178,4.61735,0.271667
0.4794,18.0843,18.0843,4.63753,83.8664,85.0695,24.3191,4.63753,0.273333
0.4796,18.0402,18.0402,4.64471,83.7915,85.0695,24.3196,4.64471,0.275
0.4798,18.0943,18.0943,4.62594,83.7031,85.0695,24.3183,4.62594,0.273333
0.48,18.1301,18.1301,4.61623,83.6928,85.0695,24.3178,4.61623,0.271667
0.4802,18.0892,18.0892,4.63837,83.9042,85.0695,24.3192,4.63837,0.273333
0.4804,18.0387,18.0387,4.64099,83.7174,85.0695,24.3194,4.64099,0.275
0.4806,18.0938,18.0938,4.62515,83.6867,85.0695,24.3182,4.62515,0.273333
0.4808,18.1294,18.1294,4.61735,83.7099,85.0695,24.3178,4.61735,0.271667
0.481,18.0843,18.0843,4.63753,83.8664,85.0695,24.3191,4.63753,0.273333
0.4812,18.0402,18.0402,4.64471,83.7915,85.0695,24.3196,4.64471,0.275
0.4814,18.0943,18.0943,4.62594,83.7031,85.0695,24.3183,4.62594,0.273333
0.4816,18.1301,18.1301,4.61623,83.6928,85.0695,24.3178,4.61623,0.271667
0.4818,18.0892,18.0892,4.63837,83.9042,85.0695,24.3192,4.63837,0.273333
0.482,18.0387,18.0387,4.64099,83.7174,85.0695,24.3194,4.64099,0.275
0.4822,18.0938,18.0938,4.62515,83.6867,85.0695,24.3182,4.62515,0.273333
0.4824,18.1294,18.1294,4.61735,83.7099,85.0695,24.3178,4.61735,0.271667
0.4826,18.0843,18.0843,4.63753,83.8664,85.0695,24.3191,4.63753,0.273333
0.4828,18.0402,18.0402,4.64471,83.7915,85.0695,24.3196,4.64471,0.275
0.483,18.0943,18.0943,4.62594,83.7031,85.0695,24.3183,4.62594,0.273333
0.4832,18.1301,18.1301,4.61623,83.6928,85.0695,24.3178,4.61623,0.271667
0.4834,18.0892,18.0892,4.63837,83.9042,85.0695,24.3192,4.63837,0.273333
0.4836,18.0387,18.0387,4.64099,83.7174,85.0695,24.3194,4.64099,0.275
0.4838,18.0938,18.0938,4.62515,83.6867,85.0695,24.3182,4.62515,0.273333
0.484,18.1294,18.1294,4.61735,83.7099,85.0695,24.3178,4.61735,0.271667
0.4842,18.0843,18.0843,4.63753,83.8664,85.0695,24.3191,4.63753,0.273333
0.4844,18.0402,18.0402,4.64471,83.7915,85.0695,24.3196,4.64471,0.275
0.4846,18.0943,18.0943,4.62594,83.7031,85.0695,24.3183,4.62594,0.273333
0.4848,18.1301,18.1301,4.61623,83.6928,85.0695,24.3178,4.61623,0.271667
0.485,18.0892,18.0892,4.63837,83.9042,85.0695,24.3192,4.63837,0.273333
0.4852,18.0387,18.0387,4.64099,83.7174,85.0695,24.3194,4.64099,0.275
0.4854,18.0938,18.0938,4.62515,83.6867,85.0695,24.3182,4.62515,0.273333
0.4856,18.1294,18.1294,4.61735,83.7099,85.0695,24.3178,4.61735,0.271667
0.4858,18.0843,18.0843,4.63753,83.8664,85.0695,24.3191,4.63753,0.273333
0.486,18.0402,18.0402,4.64471,83.7915,85.0695,24.3196,4.64471,0.275
0.4862,18.0943,18.0943,4.62594,83.7031,85.0695,24.3183,4.62594,0.273333
0.4864,18.1301,18.1301,4.61623,83.6928,85.0695,24.3178,4.61623,0.271667
0.4866,18.0892,18.0892,4.63837,83.9042,85.0695,24.3192,4.63837,0.273333
0.4868,18.0387,18.0387,4.64099,83.7174,85.0695,24.3194,4.64099,0.275
0.487,18.0938,18.0938,4.62515,83.6867,85.0695,24.3182,4.62515,0.273333
0.4872,18.1294,18.1294,4.61735,83.7099,85.0695,24.3178,4.61735,0.271667
0.4874,18.0843,18.0843,4.63753,83.8664,85.0695,24.3191,4.63753,0.273333
0.4876,18.0402,18.0402,4.64471,83.7915,85.0695,24.3196,4.64471,0.275
0.4878,18.0943,18.0943,4.62594,83.7031,85.0695,24.3183,4.62594,0.273333
0.488,18.1301,18.1301,4.61623,83.6928,85.0695,24.3178,4.61623,0.271667
0.4882,18.0892,18.0892,4.63837,83.9042,85.0695,24.3192,4.63837,0.273333
0.4884,18.0387,18.0387,4.64099,83.7174,85.0695,24.3194,4.64099,0.275
0.4886,18.0938,18.0938,4.62515,83.6867,85.0695,24.3182,4.62515,0.273333
0.4888,18.1294,18.1294,4.61735,83.7099,85.0695,24.3178,4.61735,0.271667
0.489,18.0843,18.0843,4.63753,83.8664,85.0695,24.3191,4.63753,0.273333
0.4892,18.0402,18.0402,4.64471,83.7915,85.0695,24.3196,4.64471,0.275
0.4894,18.0943,18.0943,4.62594,83.7031,85.0695,24.3183,4.62594,0.273333
0.4896,18.1301,18.1301,4.61623,83.6928,85.0695,24.3178,4.61623,0.271667
0.4898,18.0892,18.0892,4.63837,83.9042,85.0695,24.3192,4.63837,0.273333
0.49,18.0387,18.0387,4.64099,83.7174,85.0695,24.3194,4.64099,0.275
0.4902,18.0938,18.0938,4.62515,83.6867,85.0695,24.3182,4.62515,0.273333
0.4904,18.1294,18.1294,4.61735,83.7099,85.0695,24.3178,4.61735,0.271667
0.4906,18.0843,18.0843,4.63753,83.8664,85.0695,24.3191,4.63753,0.273333
0.4908,18.0402,18.0402,4.64471,83.7915,85.0695,24.3196,4.64471,0.275
0.491,18.0943,18.0943,4.62594,83.7031,85.0695,24.3183,4.62594,0.273333
0.4912,18.1301,18.1301,4.61623,83.6928,85.0695,24.3178,4.61623,0.271667
0.4914,18.0892,18.0892,4.63837,83.9042,85.0695,24.3192,4.63837,0.273333
0.4916,18.0387,18.0387,4.64099,83.7174,85.0695,24.3194,4.64099,0.275
0.4918,18.0938,18.0938,4.62515,83.6867,85.0695,24.3182,4.62515,0.273333
0.492,18.1294,18.1294,4.61735,83.7099,85.0695,24.3178,4.61735,0.271667
0.4922,18.0843,18.0843,4.63753,83.8664,85.0695,24.3191,4.63753,0.273333
0.4924,18.0402,18.0402,4.64471,83.7915,85.0695,24.3196,4.64471,0.275
0.4926,18.0943,18.0943,4.62594,83.7031,85.0695,24.3183,4.62594,0.273333
0.4928,18.1301,18.1301,4.61623,83.6928,85.0695,24.3178,4.61623,0.271667
0.493,18.0892,18.0892,4.63837,83.9042,85.0695,24.3192,4.63837,0.273333
0.4932,18.0387,18.0387,4.64099,83.7174,85.0695,24.3194,4.64099,0.275
0.4934,18.0938,18.0938,4.62515,83.6867,85.0695,24.3182,4.62515,0.273333
0.4936,18.1294,18.1294,4.61735,83.7099,85.0695,24.3178,4.61735,0.271667
0.4938,18.0843,18.0843,4.63753,83.8664,85.0695,24.3191,4.63753,0.273333
0.494,18.0402,18.0402,4.64471,83.7915,85.0695,24.3196,4.64471,0.275
0.4942,18.0943,18.0943,4.62594,83.7031,85.0695,24.3183,4.62594,0.273333
0.4944,18.1301,18.1301,4.61623,83.6928,85.0695,24.3178,4.61623,0.271667
0.4946,18.0892,18.0892,4.63837,83.9042,85.0695,24.3192,4.63837,0.273333
0.4948,18.0387,18.0387,4.64099,83.7174,85.0695,24.3194,4.64099,0.275
0.495,18.0938,18.0938,4.62515,83.6867,85.0695,24.3182,4.62515,0.273333
0.4952,18.1294,18.1294,4.61735,83.7099,85.0695,24.3178,4.61735,0.271667
0.4954,18.0843,18.0843,4.63753,83.8664,85.0695,24.3191,4.63753,0.273333
0.4956,18.0402,18.0402,4.64471,83.7915,85.0695,24.3196,4.64471,0.275
0.4958,18.0943,18.0943,4.62594,83.7031,85.0695,24.3183,4.62594,0.273333
0.496,18.1301,18.1301,4.61623,83.6928,85.0695,24.3178,4.61623,0.271667
0.4962,18.0892,18.0892,4.63837,83.9042,85.0695,24.3192,4.63837,0.273333
0.4964,18.0387,18.0387,4.64099,83.7174,85.0695,24.3194,4.64099,0.275
0.4966,18.0938,18.0938,4.62515,83.6867,85.0695,24.3182,4.62515,0.273333
0.4968,18.1294,18.1294,4.61735,83.7099,85.0695,24.3178,4.61735,0.271667
0.497,18.0843,18.0843,4.63753,83.8664,85.0695,24.3191,4.63753,0.273333
0.4972,18.0402,18.0402,4.64471,83.7915,85.0695,24.3196,4.64471,0.275
0.4974,18.0943,18.0943,4.62594,83.7031,85.0695,24.3183,4.62594,0.273333
0.4976,18.1301,18.1301,4.61623,83.6928,85.0695,24.3178,4.61623,0.271667
0.4978,18.0892,18.0892,4.63837,83.9042,85.0695,24.3192,4.63837,0.273333
0.498,18.0387,18.0387,4.64099,83.7174,85.0695,24.3194,4.64099,0.275
0.4982,18.0938,18.0938,4.62515,83.6867,85.0695,24.3182,4.62515,0.273333
0.4984,18.1294,18.1294,4.61735,83.7099,85.0695,24.3178,4.61735,0.271667
0.4986,18.0843,18.0843,4.63753,83.8664,85.0695,24.3191,4.63753,0.273333
0.4988,18.0402,18.0402,4.64471,83.7915,85.0695,24.3196,4.64471,0.275
0.499,18.0943,18.0943,4.62594,83.7031,85.0695,24.3183,4.62594,0.273333
0.4992,18.1301,18.1301,4.61623,83.6928,85.0695,24.3178,4.61623,0.271667
0.4994,18.0892,18.0892,4.63837,83.9042,85.0695,24.3192,4.63837,0.273333
0.4996,18.0387,18.0387,4.64099,83.7174,85.0695,24.3194,4.64099,0.275
0.4998,18.0938,18.0938,4.62515,83.6867,85.0695,24.3182,4.62515,0.273333
0.5,18.1294,18.1294,4.61735,83.7099,85.0695,24.3178,4.61735,0.271667
0.5002,18.0843,18.0843,4.63753,83.8664,85.0695,24.3191,4.63753,0.273333
0.5004,18.0402,18.0402,4.64471,83.7915,85.0695,24.3196,4.64471,0.275
0.5006,18.0943,18.0943,4.62594,83.7031,85.0695,24.3183,4.62594,0.273333
0.5008,18.1301,18.1301,4.61623,83.6928,85.0695,24.3178,4.61623,0.271667
0.501,18.0892,18.0892,4.63837,83.9042,85.0695,24.3192,4.63837,0.273333
0.5012,18.0387,18.0387,4.64099,83.7174,85.0695,24.3194,4.64099,0.275
0.5014,18.0938,18.0938,4.62515,83.6867,85.0695,24.3182,4.62515,0.273333
0.5016,18.1294,18.1294,4.61735,83.7099,85.0695,24.3178,4.61735,0.271667
0.5018,18.0843,18.0843,4.63753,83.8664,85.0695,24.3191,4.63753,0.273333
0.502,18.0402,18.0402,4.64471,83.7915,85.0695,24.3196,4.64471,0.275
0.5022,18.0943,18.0943,4.62594,83.7031,85.0695,24.3183,4.62594,0.273333
0.5024,18.1301,18.1301,4.61623,83.6928,85.0695,24.3178,4.61623,0.271667
0.5026,18.0892,18.0892,4.63837,83.9042,85.0695,24.3192,4.63837,0.273333
0.5028,18.0387,18.0387,4.64099,83.7174,85.0695,24.3194,4.64099,0.275
0.503,18.0938,18.0938,4.62515,83.6867,85.0695,24.3182,4.62515,0.273333
0.5032,18.1294,18.1294,4.61735,83.7099,85.0695,24.3178,4.61735,0.271667
0.5034,18.0843,18.0843,4.63753,83.8664,85.0695,24.3191,4.63753,0.273333
0.5036,18.0402,18.0402,4.64471,83.7915,85.0695,24.3196,4.64471,0.275
0.5038,18.0943,18.0943,4.62594,83.7031,85.0695,24.3183,4.62594,0.273333
0.504,18.1301,18.1301,4.61623,83.6928,85.0695,24.3178,4.61623,0.271667
0.5042,18.0892,18.0892,4.63837,83.9042,85.0695,24.3192,4.63837,0.273333
0.5044,18.0387,18.0387,4.64099,83.7174,85.0695,24.3194,4.64099,0.275
0.5046,18.0938,18.0938,4.62515,83.6867,85.0695,24.3182,4.62515,0.273333
0.5048,18.1294,18.1294,4.61735,83.7099,85.0695,24.3178,4.61735,0.271667
0.505,18.0843,18.0843,4.63753,83.8664,85.0695,24.3191,4.63753,0.273333
0.5052,18.0402,18.0402,4.64471,83.7915,85.0695,24.3196,4.64471,0.275
0.5054,18.0943,18.0943,4.62594,83.7031,85.0695,24.3183,4.62594,0.273333
0.5056,18.1301,18.1301,4.61623,83.6928,85.0695,24.3178,4.61623,0.271667
0.5058,18.0892,18.0892,4.63837,83.9042,85.0695,24.3192,4.63837,0.273333
0.506,18.0387,18.0387,4.64099,83.7174,85.0695,24.3194,4.64099,0.275
0.5062,18.0938,18.0938,4.62515,83.6867,85.0695,24.3182,4.62515,0.273333
0.5064,18.1294,18.1294,4.61735,83.7099,85.0695,24.3178,4.61735,0.271667
0.5066,18.0843,18.0843,4.63753,83.8664,85.0695,24.3191,4.63753,0.273333
0.5068,18.0402,18.0402,4.64471,83.7915,85.0695,24.3196,4.64471,0.275
0.507,18.0943,18.0943,4.62594,83.7031,85.0695,24.3183,4.62594,0.273333
0.5072,18.1301,18.1301,4.61623,83.6928,85.0695,24.3178,4.61623,0.271667
0.5074,18.0892,18.0892,4.63837,83.9042,85.0695,24.3192,4.63837,0.273333
0.5076,18.0387,18.0387,4.64099,83.7174,85.0695,24.3194,4.64099,0.275
0.5078,18.0938,18.0938,4.62515,83.6867,85.0695,24.3182,4.62515,0.273333
0.508,18.1294,18.1294,4.61735,83.7099,85.0695,24.3178,4.61735,0.271667
0.5082,18.0843,18.0843,4.63753,83.8664,85.0695,24.3191,4.63753,0.273333
0.5084,18.0402,18.0402,4.64471,83.7915,85.0695,24.3196,4.64471,0.275
0.5086,18.0943,18.0943,4.62594,83.7031,85.0695,24.3183,4.62594,0.273333
0.5088,18.1301,18.1301,4.61623,83.6928,85.0695,24.3178,4.61623,0.271667
0.509,18.0892,18.0892,4.63837,83.9042,85.0695,24.3192,4.63837,0.273333
0.5092,18.0387,18.0387,4.64099,83.7174,85.0695,24.3194,4.64099,0.275
0.5094,18.0938,18.0938,4.62515,83.6867,85.0695,24.3182,4.62515,0.273333
0.5096,18.1294,18.1294,4.61735,83.7099,85.0695,24.3178,4.61735,0.271667
0.5098,18.0843,18.0843,4.63753,83.8664,85.0695,24.3191,4.63753,0.273333
0.51,18.0402,18.0402,4.64471,83.7915,85.0695,24.3196,4.64471,0.275
0.5102,18.0943,18.0943,4.62594,83.7031,85.0695,24.3183,4.62594,0.273333
0.5104,18.1301,18.1301,4.61623,83.6928,85.0695,24.3178,4.61623,0.271667
0.5106,18.0892,18.0892,4.63837,83.9042,85.0695,24.3192,4.63837,0.273333
0.5108,18.0387,18.0387,4.64099,83.7174,85.0695,24.3194,4.64099,0.275
0.511,18.0938,18.0938,4.62515,83.6867,85.0695,24.3182,4.62515,0.273333
0.5112,18.1294,18.1294,4.61735,83.7099,85.0695,24.3178,4.61735,0.271667
0.5114,18.0843,18.0843,4.63753,83.8664,85.0695,24.3191,4.63753,0.273333
0.5116,18.0402,18.0402,4.64471,83.7915,85.0695,24.3196,4.64471,0.275
0.5118,18.0943,18.0943,4.62594,83.7031,85.0695,24.3183,4.62594,0.273333
0.512,18.1301,18.1301,4.61623,83.6928,85.0695,24.3178,4.61623,0.271667
0.5122,18.0892,18.0892,4.63837,83.9042,85.0695,24.3192,4.63837,0.273333
0.5124,18.0387,18.0387,4.64099,83.7174,85.0695,24.3194,4.64099,0.275
0.5126,18.0938,18.0938,4.62515,83.6867,85.0695,24.3182,4.62515,0.273333
0.5128,18.1294,18.1294,4.61735,83.7099,85.0695,24.3178,4.61735,0.271667
0.513,18.0843,18.0843,4.63753,83.8664,85.0695,24.3191,4.63753,0.273333
0.5132,18.0402,18.0402,4.64471,83.7915,85.0695,24.3196,4.64471,0.275
0.5134,18.0943,18.0943,4.62594,83.7031,85.0695,24.3183,4.62594,0.273333
0.5136,18.1301,18.1301,4.61623,83.6928,85.0695,24.3178,4.61623,0.271667
0.5138,18.0892,18.0892,4.63837,83.9042,85.0695,24.3192,4.63837,0.273333
0.514,18.0387,18.0387,4.64099,83.7174,85.0695,24.3194,4.64099,0.275
0.5142,18.0938,18.0938,4.62515,83.6867,85.0695,24.3182,4.62515,0.273333
0.5144,18.1294,18.1294,4.61735,83.7099,85.0695,24.3178,4.61735,0.271667
0.5146,18.0843,18.0843,4.63753,83.8664,85.0695,24.3191,4.63753,0.273333
0.5148,18.0402,18.0402,4.64471,83.7915,85.0695,24.3196,4.64471,0.275
0.515,18.0943,18.0943,4.62594,83.7031,85.0695,24.3183,4.62594,0.273333
0.5152,18.1301,18.1301,4.61623,83.6928,85.0695,24.3178,4.61623,0.271667
0.5154,18.0892,18.0892,4.63837,83.9042,85.0695,24.3192,4.63837,0.273333
0.5156,18.0387,18.0387,4.64099,83.7174,85.0695,24.3194,4.64099,0.275
0.5158,18.0938,18.0938,4.62515,83.6867,85.0695,24.3182,4.62515,0.273333
0.516,18.1294,18.1294,4.61735,83.7099,85.0695,24.3178,4.61735,0.271667
0.5162,18.0843,18.0843,4.63753,83.8664,85.0695,24.3191,4.63753,0.273333
0.5164,18.0402,18.0402,4.64471,83.7915,85.0695,24.3196,4.64471,0.275
0.5166,18.0943,18.0943,4.62594,83.7031,85.0695,24.3183,4.62594,0.273333
0.5168,18.1301,18.1301,4.61623,83.6928,85.0695,24.3178,4.61623,0.271667
0.517,18.0892,18.0892,4.63837,83.9042,85.0695,24.3192,4.63837,0.273333
0.5172,18.0387,18.0387,4.64099,83.7174,85.0695,24.3194,4.64099,0.275
0.5174,18.0938,18.0938,4.62515,83.6867,85.0695,24.3182,4.62515,0.273333
0.5176,18.1294,18.1294,4.61735,83.7099,85.0695,24.3178,4.61735,0.271667
0.5178,18.0843,18.0843,4.63753,83.8664,85.0695,24.3191,4.63753,0.273333
0.518,18.0402,18.0402,4.64471,83.7915,85.0695,24.3196,4.64471,0.275
0.5182,18.0943,18.0943,4.62594,83.7031,85.0695,24.3183,4.62594,0.273333
0.5184,18.1301,18.1301,4.61623,83.6928,85.0695,24.3178,4.61623,0.271667
0.5186,18.0892,18.0892,4.63837,83.9042,85.0695,24.3192,4.63837,0.273333
0.5188,18.0387,18.0387,4.64099,83.7174,85.0695,24.3194,4.64099,0.275
0.519,18.0938,18.0938,4.62515,83.6867,85.0695,24.3182,4.62515,0.273333
0.5192,18.1294,18.1294,4.61735,83.7099,85.0695,24.3178,4.61735,0.271667
0.5194,18.0843,18.0843,4.63753,83.8664,85.0695,24.3191,4.63753,0.273333
0.5196,18.0402,18.0402,4.64471,83.7915,85.0695,24.3196,4.64471,0.275
0.5198,18.0943,18.0943,4.62594,83.7031,85.0695,24.3183,4.62594,0.273333
0.52,18.1301,18.1301,4.61623,83.6928,85.0695,24.3178,4.61623,0.271667
0.5202,18.0892,18.0892,4.63837,83.9042,85.0695,24.3192,4.63837,0.273333
0.5204,18.0387,18.0387,4.64099,83.7174,85.0695,24.3194,4.64099,0.275
0.5206,18.0938,18.0938,4.62515,83.6867,85.0695,24.3182,4.62515,0.273333
0.5208,18.1294,18.1294,4.61735,83.7099,85.0695,24.3178,4.61735,0.271667
0.521,18.0843,18.0843,4.63753,83.8664,85.0695,24.3191,4.63753,0.273333
0.5212,18.0402,18.0402,4.64471,83.7915,85.0695,24.3196,4.64471,0.275
0.5214,18.0943,18.0943,4.62594,83.7031,85.0695,24.3183,4.62594,0.273333
0.5216,18.1301,18.1301,4.61623,83.6928,85.0695,24.3178,4.61623,0.271667
0.5218,18.0892,18.0892,4.63837,83.9042,85.0695,24.3192,4.63837,0.273333
0.522,18.0387,18.0387,4.64099,83.7174,85.0695,24.3194,4.64099,0.275
0.5222,18.0938,18.0938,4.62515,83.6867,85.0695,24.3182,4.62515,0.273333
0.5224,18.1294,18.1294,4.61735,83.7099,85.0695,24.3178,4.61735,0.271667
0.5226,18.0843,18.0843,4.63753,83.8664,85.0695,24.3191,4.63753,0.273333
0.5228,18.0402,18.0402,4.64471,83.7915,85.0695,24.3196,4.64471,0.275
0.523,18.0943,18.0943,4.62594,83.7031,85.0695,24.3183,4.62594,0.273333
0.5232,18.1301,18.1301,4.61623,83.6928,85.0695,24.3178,4.61623,0.271667
0.5234,18.0892,18.0892,4.63837,83.9042,85.0695,24.3192,4.63837,0.273333
0.5236,18.0387,18.0387,4.64099,83.7174,85.0695,24.3194,4.64099,0.275
0.5238,18.0938,18.0938,4.62515,83.6867,85.0695,24.3182,4.62515,0.273333
0.524,18.1294,18.1294,4.61735,83.7099,85.0695,24.3178,4.61735,0.271667
0.5242,18.0843,18.0843,4.63753,83.8664,85.0695,24.3191,4.63753,0.273333
0.5244,18.0402,18.0402,4.64471,83.7915,85.0695,24.3196,4.64471,0.275
0.5246,18.0943,18.0943,4.62594,83.7031,85.0695,24.3183,4.62594,0.273333
0.5248,18.1301,18.1301,4.61623,83.6928,85.0695,24.3178,4.61623,0.271667
0.525,18.0892,18.0892,4.63837,83.9042,85.0695,24.3192,4.63837,0.273333
0.5252,18.0387,18.0387,4.64099,83.7174,85.0695,24.3194,4.64099,0.275
0.5254,18.0938,18.0938,4.62515,83.6867,85.0695,24.3182,4.62515,0.273333
0.5256,18.1294,18.1294,4.61735,83.7099,85.0695,24.3178,4.61735,0.271667
0.5258,18.0843,18.0843,4.63753,83.8664,85.0695,24.3191,4.63753,0.273333
0.526,18.0402,18.0402,4.64471,83.7915,85.0695,24.3196,4.64471,0.275
0.5262,18.0943,18.0943,4.62594,83.7031,85.0695,24.3183,4.62594,0.273333
0.5264,18.1301,18.1301,4.61623,83.6928,85.0695,24.3178,4.61623,0.271667
0.5266,18.0892,18.0892,4.63837,83.9042,85.0695,24.3192,4.63837,0.273333
0.5268,18.0387,18.0387,4.64099,83.7174,85.0695,24.3194,4.64099,0.275
0.527,18.0938,18.0938,4.62515,83.6867,85.0695,24.3182,4.62515,0.273333
0.5272,18.1294,18.1294,4.61735,83.7099,85.0695,24.3178,4.61735,0.271667
0.5274,18.0843,18.0843,4.63753,83.8664,85.0695,24.3191,4.63753,0.273333
0.5276,18.0402,18.0402,4.64471,83.7915,85.0695,24.3196,4.64471,0.275
0.5278,18.0943,18.0943,4.62594,83.7031,85.0695,24.3183,4.62594,0.273333
0.528,18.1301,18.1301,4.61623,83.6928,85.0695,24.3178,4.61623,0.271667
0.5282,18.0892,18.0892,4.63837,83.9042,85.0695,24.3192,4.63837,0.273333
0.5284,18.0387,18.0387,4.64099,83.7174,85.0695,24.3194,4.64099,0.275
0.5286,18.0938,18.0938,4.62515,83.6867,85.0695,24.3182,4.62515,0.273333
0.5288,18.1294,18.1294,4.61735,83.7099,85.0695,24.3178,4.61735,0.271667
0.529,18.0843,18.0843,4.63753,83.8664,85.0695,24.3191,4.63753,0.273333
0.5292,18.0402,18.0402,4.64471,83.7915,85.0695,24.3196,4.64471,0.275
0.5294,18.0943,18.0943,4.62594,83.7031,85.0695,24.3183,4.62594,0.273333
0.5296,18.1301,18.1301,4.61623,83.6928,85.0695,24.3178,4.61623,0.271667
0.5298,18.0892,18.0892,4.63837,83.9042,85.0695,24.3192,4.63837,0.273333
0.53,18.0387,18.0387,4.64099,83.7174,85.0695,24.3194,4.64099,0.275
0.5302,18.0938,18.0938,4.62515,83.6867,85.0695,24.3182,4.62515,0.273333
0.5304,18.1294,18.1294,4.61735,83.7099,85.0695,24.3178,4.61735,0.271667
0.5306,18.0843,18.0843,4.63753,83.8664,85.0695,24.3191,4.63753,0.273333
0.5308,18.0402,18.0402,4.64471,83.7915,85.0695,24.3196,4.64471,0.275
0.531,18.0943,18.0943,4.62594,83.7031,85.0695,24.3183,4.62594,0.273333
0.5312,18.1301,18.1301,4.61623,83.6928,85.0695,24.3178,4.61623,0.271667
0.5314,18.0892,18.0892,4.63837,83.9042,85.0695,24.3192,4.63837,0.273333
0.5316,18.0387,18.0387,4.64099,83.7174,85.0695,24.3194,4.64099,0.275
0.5318,18.0938,18.0938,4.62515,83.6867,85.0695,24.3182,4.62515,0.273333
0.532,18.1294,18.1294,4.61735,83.7099,85.0695,24.3178,4.61735,0.271667
0.5322,18.0843,18.0843,4.63753,83.8664,85.0695,24.3191,4.63753,0.273333
0.5324,18.0402,18.0402,4.64471,83.7915,85.0695,24.3196,4.64471,0.275
0.5326,18.0943,18.0943,4.62594,83.7031,85.0695,24.3183,4.62594,0.273333
0.5328,18.1301,18.1301,4.61623,83.6928,85.0695,24.3178,4.61623,0.271667
0.533,18.0892,18.0892,4.63837,83.9042,85.0695,24.3192,4.63837,0.273333
0.5332,18.0387,18.0387,4.64099,83.7174,85.0695,24.3194,4.64099,0.275
0.5334,18.0938,18.0938,4.62515,83.6867,85.0695,24.3182,4.62515,0.273333
0.5336,18.1294,18.1294,4.61735,83.7099,85.0695,24.3178,4.61735,0.271667
0.5338,18.0843,18.0843,4.63753,83.8664,85.0695,24.3191,4.63753,0.273333
0.534,18.0402,18.0402,4.64471,83.7915,85.0695,24.3196,4.64471,0.275
0.5342,18.0943,18.0943,4.62594,83.7031,85.0695,24.3183,4.62594,0.273333
0.5344,18.1301,18.1301,4.61623,83.6928,85.0695,24.3178,4.61623,0.271667
0.5346,18.0892,18.0892,4.63837,83.9042,85.0695,24.3192,4.63837,0.273333
0.5348,18.0387,18.0387,4.64099,83.7174,85.0695,24.3194,4.64099,0.275
0.535,18.0938,18.0938,4.62515,83.6867,85.0695,24.3182,4.62515,0.273333
0.5352,18.1294,18.1294,4.61735,83.7099,85.0695,24.3178,4.61735,0.271667
0.5354,18.0843,18.0843,4.63753,83.8664,85.0695,24.3191,4.63753,0.273333
0.5356,18.0402,18.0402,4.64471,83.7915,85.0695,24.3196,4.64471,0.275
0.5358,18.0943,18.0943,4.62594,83.7031,85.0695,24.3183,4.62594,0.273333
0.536,18.1301,18.1301,4.61623,83.6928,85.0695,24.3178,4.61623,0.271667
0.5362,18.0892,18.0892,4.63837,83.9042,85.0695,24.3192,4.63837,0.273333
0.5364,18.0387,18.0387,4.64099,83.7174,85.0695,24.3194,4.64099,0.275
0.5366,18.0938,18.0938,4.62515,83.6867,85.0695,24.3182,4.62515,0.273333
0.5368,18.1294,18.1294,4.61735,83.7099,85.0695,24.3178,4.61735,0.271667
0.537,18.0843,18.0843,4.63753,83.8664,85.0695,24.3191,4.63753,0.273333
0.5372,18.0402,18.0402,4.64471,83.7915,85.0695,24.3196,4.64471,0.275
0.5374,18.0943,18.0943,4.62594,83.7031,85.0695,24.3183,4.62594,0.273333
0.5376,18.1301,18.1301,4.61623,83.6928,85.0695,24.3178,4.61623,0.271667
0.5378,18.0892,18.0892,4.63837,83.9042,85.0695,24.3192,4.63837,0.273333
0.538,18.0387,18.0387,4.64099,83.7174,85.0695,24.3194,4.64099,0.275
0.5382,18.0938,18.0938,4.62515,83.6867,85.0695,24.3182,4.62515,0.273333
0.5384,18.1294,18.1294,4.61735,83.7099,85.0695,24.3178,4.61735,0.271667
0.5386,18.0843,18.0843,4.63753,83.8664,85.0695,24.3191,4.63753,0.273333
0.5388,18.0402,18.0402,4.64471,83.7915,85.0695,24.3196,4.64471,0.275
0.539,18.0943,18.0943,4.62594,83.7031,85.0695,24.3183,4.62594,0.273333
0.5392,18.1301,18.1301,4.61623,83.6928,85.0695,24.3178,4.61623,0.271667
0.5394,18.0892,18.0892,4.63837,83.9042,85.0695,24.3192,4.63837,0.273333
0.5396,18.0387,18.0387,4.64099,83.7174,85.0695,24.3194,4.64099,0.275
0.5398,18.0938,18.0938,4.62515,83.6867,85.0695,24.3182,4.62515,0.273333
0.54,18.1294,18.1294,4.61735,83.7099,85.0695,24.3178,4.61735,0.271667
0.5402,18.0843,18.0843,4.63753,83.8664,85.0695,24.3191,4.63753,0.273333
0.5404,18.0402,18.0402,4.64471,83.7915,85.0695,24.3196,4.64471,0.275
0.5406,18.0943,18.0943,4.62594,83.7031,85.0695,24.3183,4.62594,0.273333
0.5408,18.1301,18.1301,4.61623,83.6928,85.0695,24.3178,4.61623,0.271667
0.541,18.0892,18.0892,4.63837,83.9042,85.0695,24.3192,4.63837,0.273333
0.5412,18.0387,18.0387,4.64099,83.7174,85.0695,24.3194,4.64099,0.275
0.5414,18.0938,18.0938,4.62515,83.6867,85.0695,24.3182,4.62515,0.273333
0.5416,18.1294,18.1294,4.61735,83.7099,85.0695,24.3178,4.61735,0.271667
0.5418,18.0843,18.0843,4.63753,83.8664,85.0695,24.3191,4.63753,0.273333
0.542,18.0402,18.0402,4.64471,83.7915,85.0695,24.3196,4.64471,0.275
0.5422,18.0943,18.0943,4.62594,83.7031,85.0695,24.3183,4.62594,0.273333
0.5424,18.1301,18.1301,4.61623,83.6928,85.0695,24.3178,4.61623,0.271667
0.5426,18.0892,18.0892,4.63837,83.9042,85.0695,24.3192,4.63837,0.273333
0.5428,18.0387,18.0387,4.64099,83.7174,85.0695,24.3194,4.64099,0.275
0.543,18.0938,18.0938,4.62515,83.6867,85.0695,24.3182,4.62515,0.273333
0.5432,18.1294,18.1294,4.61735,83.7099,85.0695,24.3178,4.61735,0.271667
0.5434,18.0843,18.0843,4.63753,83.8664,85.0695,24.3191,4.63753,0.273333
0.5436,18.0402,18.0402,4.64471,83.7915,85.0695,24.3196,4.64471,0.275
0.5438,18.0943,18.0943,4.62594,83.7031,85.0695,24.3183,4.62594,0.273333
0.544,18.1301,18.1301,4.61623,83.6928,85.0695,24.3178,4.61623,0.271667
0.5442,18.0892,18.0892,4.63837,83.9042,85.0695,24.3192,4.63837,0.273333
0.5444,18.0387,18.0387,4.64099,83.7174,85.0695,24.3194,4.64099,0.275
0.5446,18.0938,18.0938,4.62515,83.6867,85.0695,24.3182,4.62515,0.273333
0.5448,18.1294,18.1294,4.61735,83.7099,85.0695,24.3178,4.61735,0.271667
0.545,18.0843,18.0843,4.63753,83.8664,85.0695,24.3191,4.63753,0.273333
0.5452,18.0402,18.0402,4.64471,83.7915,85.0695,24.3196,4.64471,0.275
0.5454,18.0943,18.0943,4.62594,83.7031,85.0695,24.3183,4.62594,0.273333
0.5456,18.1301,18.1301,4.61623,83.6928,85.0695,24.3178,4.61623,0.271667
0.5458,18.0892,18.0892,4.63837,83.9042,85.0695,24.3192,4.63837,0.273333
0.546,18.0387,18.0387,4.64099,83.7174,85.0695,24.3194,4.64099,0.275
0.5462,18.0938,18.0938,4.62515,83.6867,85.0695,24.3182,4.62515,0.273333
0.5464,18.1294,18.1294,4.61735,83.7099,85.0695,24.3178,4.61735,0.271667
0.5466,18.0843,18.0843,4.63753,83.8664,85.0695,24.3191,4.63753,0.273333
0.5468,18.0402,18.0402,4.64471,83.7915,85.0695,24.3196,4.64471,0.275
0.547,18.0943,18.0943,4.62594,83.7031,85.0695,24.3183,4.62594,0.273333
0.5472,18.1301,18.1301,4.61623,83.6928,85.0695,24.3178,4.61623,0.271667
0.5474,18.0892,18.0892,4.63837,83.9042,85.0695,24.3192,4.63837,0.273333
0.5476,18.0387,18.0387,4.64099,83.7174,85.0695,24.3194,4.64099,0.275
0.5478,18.0938,18.0938,4.62515,83.6867,85.0695,24.3182,4.62515,0.273333
0.548,18.1294,18.1294,4.61735,83.7099,85.0695,24.3178,4.61735,0.271667
0.5482,18.0843,18.0843,4.63753,83.8664,85.0695,24.3191,4.63753,0.273333
0.5484,18.0402,18.0402,4.64471,83.7915,85.0695,24.3196,4.64471,0.275
0.5486,18.0943,18.0943,4.62594,83.7031,85.0695,24.3183,4.62594,0.273333
0.5488,18.1301,18.1301,4.61623,83.6928,85.0695,24.3178,4.61623,0.271667
0.549,18.0892,18.0892,4.63837,83.9042,85.0695,24.3192,4.63837,0.273333
0.5492,18.0387,18.0387,4.64099,83.7174,85.0695,24.3194,4.64099,0.275
0.5494,18.0938,18.0938,4.62515,83.6867,85.0695,24.3182,4.62515,0.273333
0.5496,18.1294,18.1294,4.61735,83.7099,85.0695,24.3178,4.61735,0.271667
0.5498,18.0843,18.0843,4.63753,83.8664,85.0695,24.3191,4.63753,0.273333
0.55,18.0402,18.0402,4.64471,83.7915,85.0695,24.3196,4.64471,0.275
0.5502,18.0943,18.0943,4.62594,83.7031,85.0695,24.3183,4.62594,0.273333
0.5504,18.1301,18.1301,4.61623,83.6928,85.0695,24.3178,4.61623,0.271667
0.5506,18.0892,18.0892,4.63837,83.9042,85.0695,24.3192,4.63837,0.273333
0.5508,18.0387,18.0387,4.64099,83.7174,85.0695,24.3194,4.64099,0.275
0.551,18.0938,18.0938,4.62515,83.6867,85.0695,24.3182,4.62515,0.273333
0.5512,18.1294,18.1294,4.61735,83.7099,85.0695,24.3178,4.61735,0.271667
0.5514,18.0843,18.0843,4.63753,83.8664,85.0695,24.3191,4.63753,0.273333
0.5516,18.0402,18.0402,4.64471,83.7915,85.0695,24.3196,4.64471,0.275
0.5518,18.0943,18.0943,4.62594,83.7031,85.0695,24.3183,4.62594,0.273333
0.552,18.1301,18.1301,4.61623,83.6928,85.0695,24.3178,4.61623,0.271667
0.5522,18.0892,18.0892,4.63837,83.9042,85.0695,24.3192,4.63837,0.273333
0.5524,18.0387,18.0387,4.64099,83.7174,85.0695,24.3194,4.64099,0.275
0.5526,18.0938,18.0938,4.62515,83.6867,85.0695,24.3182,4.62515,0.273333
0.5528,18.1294,18.1294,4.61735,83.7099,85.0695,24.3178,4.61735,0.271667
0.553,18.0843,18.0843,4.63753,83.8664,85.0695,24.3191,4.63753,0.273333
0.5532,18.0402,18.0402,4.64471,83.7915,85.0695,24.3196,4.64471,0.275
0.5534,18.0943,18.0943,4.62594,83.7031,85.0695,24.3183,4.62594,0.273333
0.5536,18.1301,18.1301,4.61623,83.6928,85.0695,24.3178,4.61623,0.271667
0.5538,18.0892,18.0892,4.63837,83.9042,85.0695,24.3192,4.63837,0.273333
0.554,18.0387,18.0387,4.64099,83.7174,85.0695,24.3194,4.64099,0.275
0.5542,18.0938,18.0938,4.62515,83.6867,85.0695,24.3182,4.62515,0.273333
0.5544,18.1294,18.1294,4.61735,83.7099,85.0695,24.3178,4.61735,0.271667
0.5546,18.0843,18.0843,4.63753,83.8664,85.0695,24.3191,4.63753,0.273333
0.5548,18.0402,18.0402,4.64471,83.7915,85.0695,24.3196,4.64471,0.275
0.555,18.0943,18.0943,4.62594,83.7031,85.0695,24.3183,4.62594,0.273333
0.5552,18.1301,18.1301,4.61623,83.6928,85.0695,24.3178,4.61623,0.271667
0.5554,18.0892,18.0892,4.63837,83.9042,85.0695,24.3192,4.63837,0.273333
0.5556,18.0387,18.0387,4.64099,83.7174,85.0695,24.3194,4.64099,0.275
0.5558,18.0938,18.0938,4.62515,83.6867,85.0695,24.3182,4.62515,0.273333
0.556,18.1294,18.1294,4.61735,83.7099,85.0695,24.3178,4.61735,0.271667
0.5562,18.0843,18.0843,4.63753,83.8664,85.0695,24.3191,4.63753,0.273333
0.5564,18.0402,18.0402,4.64471,83.7915,85.0695,24.3196,4.64471,0.275
0.5566,18.0943,18.0943,4.62594,83.7031,85.0695,24.3183,4.62594,0.273333
0.5568,18.1301,18.1301,4.61623,83.6928,85.0695,24.3178,4.61623,0.271667
0.557,18.0892,18.0892,4.63837,83.9042,85.0695,24.3192,4.63837,0.273333
0.5572,18.0387,18.0387,4.64099,83.7174,85.0695,24.3194,4.64099,0.275
0.5574,18.0938,18.0938,4.62515,83.6867,85.0695,24.3182,4.62515,0.273333
0.5576,18.1294,18.1294,4.61735,83.7099,85.0695,24.3178,4.61735,0.271667
0.5578,18.0843,18.0843,4.63753,83.8664,85.0695,24.3191,4.63753,0.273333
0.558,18.0402,18.0402,4.64471,83.7915,85.0695,24.3196,4.64471,0.275
0.5582,18.0943,18.0943,4.62594,83.7031,85.0695,24.3183,4.62594,0.273333
0.5584,18.1301,18.1301,4.61623,83.6928,85.0695,24.3178,4.61623,0.271667
0.5586,18.0892,18.0892,4.63837,83.9042,85.0695,24.3192,4.63837,0.273333
0.5588,18.0387,18.0387,4.64099,83.7174,85.0695,24.3194,4.64099,0.275
0.559,18.0938,18.0938,4.62515,83.6867,85.0695,24.3182,4.62515,0.273333
0.5592,18.1294,18.1294,4.61735,83.7099,85.0695,24.3178,4.61735,0.271667
0.5594,18.0843,18.0843,4.63753,83.8664,85.0695,24.3191,4.63753,0.273333
0.5596,18.0402,18.0402,4.64471,83.7915,85.0695,24.3196,4.64471,0.275
0.5598,18.0943,18.0943,4.62594,83.7031,85.0695,24.3183,4.62594,0.273333
0.56,18.1301,18.1301,4.61623,83.6928,85.0695,24.3178,4.61623,0.271667
0.5602,18.0892,18.0892,4.63837,83.9042,85.0695,24.3192,4.63837,0.273333
0.5604,18.0387,18.0387,4.64099,83.7174,85.0695,24.3194,4.64099,0.275
0.5606,18.0938,18.0938,4.62515,83.6867,85.0695,24.3182,4.62515,0.273333
0.5608,18.1294,18.1294,4.61735,83.7099,85.0695,24.3178,4.61735,0.271667
0.561,18.0843,18.0843,4.63753,83.8664,85.0695,24.3191,4.63753,0.273333
0.5612,18.0402,18.0402,4.64471,83.7915,85.0695,24.3196,4.64471,0.275
0.5614,18.0943,18.0943,4.62594,83.7031,85.0695,24.3183,4.62594,0.273333
0.5616,18.1301,18.1301,4.61623,83.6928,85.0695,24.3178,4.61623,0.271667
0.5618,18.0892,18.0892,4.63837,83.9042,85.0695,24.3192,4.63837,0.273333
0.562,18.0387,18.0387,4.64099,83.7174,85.0695,24.3194,4.64099,0.275
0.5622,18.0938,18.0938,4.62515,83.6867,85.0695,24.3182,4.62515,0.273333
0.5624,18.1294,18.1294,4.61735,83.7099,85.0695,24.3178,4.61735,0.271667
0.5626,18.0843,18.0843,4.63753,83.8664,85.0695,24.3191,4.63753,0.273333
0.5628,18.0402,18.0402,4.64471,83.7915,85.0695,24.3196,4.64471,0.275
0.563,18.0943,18.0943,4.62594,83.7031,85.0695,24.3183,4.62594,0.273333
0.5632,18.1301,18.1301,4.61623,83.6928,85.0695,24.3178,4.61623,0.271667
0.5634,18.0892,18.0892,4.63837,83.9042,85.0695,24.3192,4.63837,0.273333
0.5636,18.0387,18.0387,4.64099,83.7174,85.0695,24.3194,4.64099,0.275
0.5638,18.0938,18.0938,4.62515,83.6867,85.0695,24.3182,4.62515,0.273333
0.564,18.1294,18.1294,4.61735,83.7099,85.0695,24.3178,4.61735,0.271667
0.5642,18.0843,18.0843,4.63753,83.8664,85.0695,24.3191,4.63753,0.273333
0.5644,18.0402,18.0402,4.64471,83.7915,85.0695,24.3196,4.64471,0.275
0.5646,18.0943,18.0943,4.62594,83.7031,85.0695,24.3183,4.62594,0.273333
0.5648,18.1301,18.1301,4.61623,83.6928,85.0695,24.3178,4.61623,0.271667
0.565,18.0892,18.0892,4.63837,83.9042,85.0695,24.3192,4.63837,0.273333
0.5652,18.0387,18.0387,4.64099,83.7174,85.0695,24.3194,4.64099,0.275
0.5654,18.0938,18.0938,4.62515,83.6867,85.0695,24.3182,4.62515,0.273333
0.5656,18.1294,18.1294,4.61735,83.7099,85.0695,24.3178,4.61735,0.271667
0.5658,18.0843,18.0843,4.63753,83.8664,85.0695,24.3191,4.63753,0.273333
0.566,18.0402,18.0402,4.64471,83.7915,85.0695,24.3196,4.64471,0.275
0.5662,18.0943,18.0943,4.62594,83.7031,85.0695,24.3183,4.62594,0.273333
0.5664,18.1301,18.1301,4.61623,83.6928,85.0695,24.3178,4.61623,0.271667
0.5666,18.0892,18.0892,4.63837,83.9042,85.0695,24.3192,4.63837,0.273333
0.5668,18.0387,18.0387,4.64099,83.7174,85.0695,24.3194,4.64099,0.275
0.567,18.0938,18.0938,4.62515,83.6867,85.0695,24.3182,4.62515,0.273333
0.5672,18.1294,18.1294,4.61735,83.7099,85.0695,24.3178,4.61735,0.271667
0.5674,18.0843,18.0843,4.63753,83.8664,85.0695,24.3191,4.63753,0.273333
0.5676,18.0402,18.0402,4.64471,83.7915,85.0695,24.3196,4.64471,0.275
0.5678,18.0943,18.0943,4.62594,83.7031,85.0695,24.3183,4.62594,0.273333
0.568,18.1301,18.1301,4.61623,83.6928,85.0695,24.3178,4.61623,0.271667
0.5682,18.0892,18.0892,4.63837,83.9042,85.0695,24.3192,4.63837,0.273333
0.5684,18.0387,18.0387,4.64099,83.7174,85.0695,24.3194,4.64099,0.275
0.5686,18.0938,18.0938,4.62515,83.6867,85.0695,24.3182,4.62515,0.273333
0.5688,18.1294,18.1294,4.61735,83.7099,85.0695,24.3178,4.61735,0.271667
0.569,18.0843,18.0843,4.63753,83.8664,85.0695,24.3191,4.63753,0.273333
0.5692,18.0402,18.0402,4.64471,83.7915,85.0695,24.3196,4.64471,0.275
0.5694,18.0943,18.0943,4.62594,83.7031,85.0695,24.3183,4.62594,0.273333
0.5696,18.1301,18.1301,4.61623,83.6928,85.0695,24.3178,4.61623,0.271667
0.5698,18.0892,18.0892,4.63837,83.9042,85.0695,24.3192,4.63837,0.273333
0.57,18.0387,18.0387,4.64099,83.7174,85.0695,24.3194,4.64099,0.275
0.5702,18.0938,18.0938,4.62515,83.6867,85.0695,24.3182,4.62515,0.273333
0.5704,18.1294,18.1294,4.61735,83.7099,85.0695,24.3178,4.61735,0.271667
0.5706,18.0843,18.0843,4.63753,83.8664,85.0695,24.3191,4.63753,0.273333
0.5708,18.0402,18.0402,4.64471,83.7915,85.0695,24.3196,4.64471,0.275
0.571,18.0943,18.0943,4.62594,83.7031,85.0695,24.3183,4.62594,0.273333
0.5712,18.1301,18.1301,4.61623,83.6928,85.0695,24.3178,4.61623,0.271667
0.5714,18.0892,18.0892,4.63837,83.9042,85.0695,24.3192,4.63837,0.273333
0.5716,18.0387,18.0387,4.64099,83.7174,85.0695,24.3194,4.64099,0.275
0.5718,18.0938,18.0938,4.62515,83.6867,85.0695,24.3182,4.62515,0.273333
0.572,18.1294,18.1294,4.61735,83.7099,85.0695,24.3178,4.61735,0.271667
0.5722,18.0843,18.0843,4.63753,83.8664,85.0695,24.3191,4.63753,0.273333
0.5724,18.0402,18.0402,4.64471,83.7915,85.0695,24.3196,4.64471,0.275
0.5726,18.0943,18.0943,4.62594,83.7031,85.0695,24.3183,4.62594,0.273333
0.5728,18.1301,18.1301,4.61623,83.6928,85.0695,24.3178,4.61623,0.271667
0.573,18.0892,18.0892,4.63837,83.9042,85.0695,24.3192,4.63837,0.273333
0.5732,18.0387,18.0387,4.64099,83.7174,85.0695,24.3194,4.64099,0.275
0.5734,18.0938,18.0938,4.62515,83.6867,85.0695,24.3182,4.62515,0.273333
0.5736,18.1294,18.1294,4.61735,83.7099,85.0695,24.3178,4.61735,0.271667
0.5738,18.0843,18.0843,4.63753,83.8664,85.0695,24.3191,4.63753,0.273333
0.574,18.0402,18.0402,4.64471,83.7915,85.0695,24.3196,4.64471,0.275
0.5742,18.0943,18.0943,4.62594,83.7031,85.0695,24.3183,4.62594,0.273333
0.5744,18.1301,18.1301,4.61623,83.6928,85.0695,24.3178,4.61623,0.271667
0.5746,18.0892,18.0892,4.63837,83.9042,85.0695,24.3192,4.63837,0.273333
0.5748,18.0387,18.0387,4.64099,83.7174,85.0695,24.3194,4.64099,0.275
0.575,18.0938,18.0938,4.62515,83.6867,85.0695,24.3182,4.62515,0.273333
0.5752,18.1294,18.1294,4.61735,83.7099,85.0695,24.3178,4.61735,0.271667
0.5754,18.0843,18.0843,4.63753,83.8664,85.0695,24.3191,4.63753,0.273333
0.5756,18.0402,18.0402,4.64471,83.7915,85.0695,24.3196,4.64471,0.275
0.5758,18.0943,18.0943,4.62594,83.7031,85.0695,24.3183,4.62594,0.273333
0.576,18.1301,18.1301,4.61623,83.6928,85.0695,24.3178,4.61623,0.271667
0.5762,18.0892,18.0892,4.63837,83.9042,85.0695,24.3192,4.63837,0.273333
0.5764,18.0387,18.0387,4.64099,83.7174,85.0695,24.3194,4.64099,0.275
0.5766,18.0938,18.0938,4.62515,83.6867,85.0695,24.3182,4.62515,0.273333
0.5768,18.1294,18.1294,4.61735,83.7099,85.0695,24.3178,4.61735,0.271667
0.577,18.0843,18.0843,4.63753,83.8664,85.0695,24.3191,4.63753,0.273333
0.5772,18.0402,18.0402,4.64471,83.7915,85.0695,24.3196,4.64471,0.275
0.5774,18.0943,18.0943,4.62594,83.7031,85.0695,24.3183,4.62594,0.273333
0.5776,18.1301,18.1301,4.61623,83.6928,85.0695,24.3178,4.61623,0.271667
0.5778,18.0892,18.0892,4.63837,83.9042,85.0695,24.3192,4.63837,0.273333
0.578,18.0387,18.0387,4.64099,83.7174,85.0695,24.3194,4.64099,0.275
0.5782,18.0938,18.0938,4.62515,83.6867,85.0695,24.3182,4.62515,0.273333
0.5784,18.1294,18.1294,4.61735,83.7099,85.0695,24.3178,4.61735,0.271667
0.5786,18.0843,18.0843,4.63753,83.8664,85.0695,24.3191,4.63753,0.273333
0.5788,18.0402,18.0402,4.64471,83.7915,85.0695,24.3196,4.64471,0.275
0.579,18.0943,18.0943,4.62594,83.7031,85.0695,24.3183,4.62594,0.273333
0.5792,18.1301,18.1301,4.61623,83.6928,85.0695,24.3178,4.61623,0.271667
0.5794,18.0892,18.0892,4.63837,83.9042,85.0695,24.3192,4.63837,0.273333
0.5796,18.0387,18.0387,4.64099,83.7174,85.0695,24.3194,4.64099,0.275
0.5798,18.0938,18.0938,4.62515,83.6867,85.0695,24.3182,4.62515,0.273333
0.58,18.1294,18.1294,4.61735,83.7099,85.0695,24.3178,4.61735,0.271667
0.5802,18.0843,18.0843,4.63753,83.8664,85.0695,24.3191,4.63753,0.273333
0.5804,18.0402,18.0402,4.64471,83.7915,85.0695,24.3196,4.64471,0.275
0.5806,18.0943,18.0943,4.62594,83.7031,85.0695,24.3183,4.62594,0.273333
0.5808,18.1301,18.1301,4.61623,83.6928,85.0695,24.3178,4.61623,0.271667
0.581,18.0892,18.0892,4.63837,83.9042,85.0695,24.3192,4.63837,0.273333
0.5812,18.0387,18.0387,4.64099,83.7174,85.0695,24.3194,4.64099,0.275
0.5814,18.0938,18.0938,4.62515,83.6867,85.0695,24.3182,4.62515,0.273333
0.5816,18.1294,18.1294,4.61735,83.7099,85.0695,24.3178,4.61735,0.271667
0.5818,18.0843,18.0843,4.63753,83.8664,85.0695,24.3191,4.63753,0.273333
0.582,18.0402,18.0402,4.64471,83.7915,85.0695,24.3196,4.64471,0.275
0.5822,18.0943,18.0943,4.62594,83.7031,85.0695,24.3183,4.62594,0.273333
0.5824,18.1301,18.1301,4.61623,83.6928,85.0695,24.3178,4.61623,0.271667
0.5826,18.0892,18.0892,4.63837,83.9042,85.0695,24.3192,4.63837,0.273333
0.5828,18.0387,18.0387,4.64099,83.7174,85.0695,24.3194,4.64099,0.275
0.583,18.0938,18.0938,4.62515,83.6867,85.0695,24.3182,4.62515,0.273333
0.5832,18.1294,18.1294,4.61735,83.7099,85.0695,24.3178,4.61735,0.271667
0.5834,18.0843,18.0843,4.63753,83.8664,85.0695,24.3191,4.63753,0.273333
0.5836,18.0402,18.0402,4.64471,83.7915,85.0695,24.3196,4.64471,0.275
0.5838,18.0943,18.0943,4.62594,83.7031,85.0695,24.3183,4.62594,0.273333
0.584,18.1301,18.1301,4.61623,83.6928,85.0695,24.3178,4.61623,0.271667
0.5842,18.0892,18.0892,4.63837,83.9042,85.0695,24.3192,4.63837,0.273333
0.5844,18.0387,18.0387,4.64099,83.7174,85.0695,24.3194,4.64099,0.275
0.5846,18.0938,18.0938,4.62515,83.6867,85.0695,24.3182,4.62515,0.273333
0.5848,18.1294,18.1294,4.61735,83.7099,85.0695,24.3178,4.61735,0.271667
0.585,18.0843,18.0843,4.63753,83.8664,85.0695,24.3191,4.63753,0.273333
0.5852,18.0402,18.0402,4.64471,83.7915,85.0695,24.3196,4.64471,0.275
0.5854,18.0943,18.0943,4.62594,83.7031,85.0695,24.3183,4.62594,0.273333
0.5856,18.1301,18.1301,4.61623,83.6928,85.0695,24.3178,4.61623,0.271667
0.5858,18.0892,18.0892,4.63837,83.9042,85.0695,24.3192,4.63837,0.273333
0.586,18.0387,18.0387,4.64099,83.7174,85.0695,24.3194,4.64099,0.275
0.5862,18.0938,18.0938,4.62515,83.6867,85.0695,24.3182,4.62515,0.273333
0.5864,18.1294,18.1294,4.61735,83.7099,85.0695,24.3178,4.61735,0.271667
0.5866,18.0843,18.0843,4.63753,83.8664,85.0695,24.3191,4.63753,0.273333
0.5868,18.0402,18.0402,4.64471,83.7915,85.0695,24.3196,4.64471,0.275
0.587,18.0943,18.0943,4.62594,83.7031,85.0695,24.3183,4.62594,0.273333
0.5872,18.1301,18.1301,4.61623,83.6928,85.0695,24.3178,4.61623,0.271667
0.5874,18.0892,18.0892,4.63837,83.9042,85.0695,24.3192,4.63837,0.273333
0.5876,18.0387,18.0387,4.64099,83.7174,85.0695,24.3194,4.64099,0.275
0.5878,18.0938,18.0938,4.62515,83.6867,85.0695,24.3182,4.62515,0.273333
0.588,18.1294,18.1294,4.61735,83.7099,85.0695,24.3178,4.61735,0.271667
0.5882,18.0843,18.0843,4.63753,83.8664,85.0695,24.3191,4.63753,0.273333
0.5884,18.0402,18.0402,4.64471,83.7915,85.0695,24.3196,4.64471,0.275
0.5886,18.0943,18.0943,4.62594,83.7031,85.0695,24.3183,4.62594,0.273333
0.5888,18.1301,18.1301,4.61623,83.6928,85.0695,24.3178,4.61623,0.271667
0.589,18.0892,18.0892,4.63837,83.9042,85.0695,24.3192,4.63837,0.273333
0.5892,18.0387,18.0387,4.64099,83.7174,85.0695,24.3194,4.64099,0.275
0.5894,18.0938,18.0938,4.62515,83.6867,85.0695,24.3182,4.62515,0.273333
0.5896,18.1294,18.1294,4.61735,83.7099,85.0695,24.3178,4.61735,0.271667
0.5898,18.0843,18.0843,4.63753,83.8664,85.0695,24.3191,4.63753,0.273333
0.59,18.0402,18.0402,4.64471,83.7915,85.0695,24.3196,4.64471,0.275
0.5902,18.0943,18.0943,4.62594,83.7031,85.0695,24.3183,4.62594,0.273333
0.5904,18.1301,18.1301,4.61623,83.6928,85.0695,24.3178,4.61623,0.271667
0.5906,18.0892,18.0892,4.63837,83.9042,85.0695,24.3192,4.63837,0.273333
0.5908,18.0387,18.0387,4.64099,83.7174,85.0695,24.3194,4.64099,0.275
0.591,18.0938,18.0938,4.62515,83.6867,85.0695,24.3182,4.62515,0.273333
0.5912,18.1294,18.1294,4.61735,83.7099,85.0695,24.3178,4.61735,0.271667
0.5914,18.0843,18.0843,4.63753,83.8664,85.0695,24.3191,4.63753,0.273333
0.5916,18.0402,18.0402,4.64471,83.7915,85.0695,24.3196,4.64471,0.275
0.5918,18.0943,18.0943,4.62594,83.7031,85.0695,24.3183,4.62594,0.273333
0.592,18.1301,18.1301,4.61623,83.6928,85.0695,24.3178,4.61623,0.271667
0.5922,18.0892,18.0892,4.63837,83.9042,85.0695,24.3192,4.63837,0.273333
0.5924,18.0387,18.0387,4.64099,83.7174,85.0695,24.3194,4.64099,0.275
0.5926,18.0938,18.0938,4.62515,83.6867,85.0695,24.3182,4.62515,0.273333
0.5928,18.1294,18.1294,4.61735,83.7099,85.0695,24.3178,4.61735,0.271667
0.593,18.0843,18.0843,4.63753,83.8664,85.0695,24.3191,4.63753,0.273333
0.5932,18.0402,18.0402,4.64471,83.7915,85.0695,24.3196,4.64471,0.275
0.5934,18.0943,18.0943,4.62594,83.7031,85.0695,24.3183,4.62594,0.273333
0.5936,18.1301,18.1301,4.61623,83.6928,85.0695,24.3178,4.61623,0.271667
0.5938,18.0892,18.0892,4.63837,83.9042,85.0695,24.3192,4.63837,0.273333
0.594,18.0387,18.0387,4.64099,83.7174,85.0695,24.3194,4.64099,0.275
0.5942,18.0938,18.0938,4.62515,83.6867,85.0695,24.3182,4.62515,0.273333
0.5944,18.1294,18.1294,4.61735,83.7099,85.0695,24.3178,4.61735,0.271667
0.5946,18.0843,18.0843,4.63753,83.8664,85.0695,24.3191,4.63753,0.273333
0.5948,18.0402,18.0402,4.64471,83.7915,85.0695,24.3196,4.64471,0.275
0.595,18.0943,18.0943,4.62594,83.7031,85.0695,24.3183,4.62594,0.273333
0.5952,18.1301,18.1301,4.61623,83.6928,85.0695,24.3178,4.61623,0.271667
0.5954,18.0892,18.0892,4.63837,83.9042,85.0695,24.3192,4.63837,0.273333
0.5956,18.0387,18.0387,4.64099,83.7174,85.0695,24.3194,4.64099,0.275
0.5958,18.0938,18.0938,4.62515,83.6867,85.0695,24.3182,4.62515,0.273333
0.596,18.1294,18.1294,4.61735,83.7099,85.0695,24.3178,4.61735,0.271667
0.5962,18.0843,18.0843,4.63753,83.8664,85.0695,24.3191,4.63753,0.273333
0.5964,18.0402,18.0402,4.64471,83.7915,85.0695,24.3196,4.64471,0.275
0.5966,18.0943,18.0943,4.62594,83.7031,85.0695,24.3183,4.62594,0.273333
0.5968,18.1301,18.1301,4.61623,83.6928,85.0695,24.3178,4.61623,0.271667
0.597,18.0892,18.0892,4.63837,83.9042,85.0695,24.3192,4.63837,0.273333
0.5972,18.0387,18.0387,4.64099,83.7174,85.0695,24.3194,4.64099,0.275
0.5974,18.0938,18.0938,4.62515,83.6867,85.0695,24.3182,4.62515,0.273333
0.5976,18.1294,18.1294,4.61735,83.7099,85.0695,24.3178,4.61735,0.271667
0.5978,18.0843,18.0843,4.63753,83.8664,85.0695,24.3191,4.63753,0.273333
0.598,18.0402,18.0402,4.64471,83.7915,85.0695,24.3196,4.64471,0.275
0.5982,18.0943,18.0943,4.62594,83.7031,85.0695,24.3183,4.62594,0.273333
0.5984,18.1301,18.1301,4.61623,83.6928,85.0695,24.3178,4.61623,0.271667
0.5986,18.0892,18.0892,4.63837,83.9042,85.0695,24.3192,4.63837,0.273333
0.5988,18.0387,18.0387,4.64099,83.7174,85.0695,24.3194,4.64099,0.275
0.599,18.0938,18.0938,4.62515,83.6867,85.0695,24.3182,4.62515,0.273333
0.5992,18.1294,18.1294,4.61735,83.7099,85.0695,24.3178,4.61735,0.271667
0.5994,18.0843,18.0843,4.63753,83.8664,85.0695,24.3191,4.63753,0.273333
0.5996,18.0402,18.0402,4.64471,83.7915,85.0695,24.3196,4.64471,0.275
0.5998,18.0943,18.0943,4.62594,83.7031,85.0695,24.3183,4.62594,0.273333
0.6,18.1301,18.1301,4.61623,83.6928,85.0695,24.3178,4.61623,0.271667
0.6002,18.0892,18.0892,4.63837,83.9042,85.0695,24.3192,4.63837,0.273333
0.6004,18.0387,18.0387,4.64099,83.7174,85.0695,24.3194,4.64099,0.275
0.6006,18.0938,18.0938,4.62515,83.6867,85.0695,24.3182,4.62515,0.273333
0.6008,18.1294,18.1294,4.61735,83.7099,85.0695,24.3178,4.61735,0.271667
0.601,18.0843,18.0843,4.63753,83.8664,85.0695,24.3191,4.63753,0.273333
0.6012,18.0402,18.0402,4.64471,83.7915,85.0695,24.3196,4.64471,0.275
0.6014,18.0943,18.0943,4.62594,83.7031,85.0695,24.3183,4.62594,0.273333
0.6016,18.1301,18.1301,4.61623,83.6928,85.0695,24.3178,4.61623,0.271667
0.6018,18.0892,18.0892,4.63837,83.9042,85.0695,24.3192,4.63837,0.273333
0.602,18.0387,18.0387,4.64099,83.7174,85.0695,24.3194,4.64099,0.275
0.6022,18.0938,18.0938,4.62515,83.6867,85.0695,24.3182,4.62515,0.273333
0.6024,18.1294,18.1294,4.61735,83.7099,85.0695,24.3178,4.61735,0.271667
0.6026,18.0843,18.0843,4.63753,83.8664,85.0695,24.3191,4.63753,0.273333
0.6028,18.0402,18.0402,4.64471,83.7915,85.0695,24.3196,4.64471,0.275
0.603,18.0943,18.0943,4.62594,83.7031,85.0695,24.3183,4.62594,0.273333
0.6032,18.1301,18.1301,4.61623,83.6928,85.0695,24.3178,4.61623,0.271667
0.6034,18.0892,18.0892,4.63837,83.9042,85.0695,24.3192,4.63837,0.273333
0.6036,18.0387,18.0387,4.64099,83.7174,85.0695,24.3194,4.64099,0.275
0.6038,18.0938,18.0938,4.62515,83.6867,85.0695,24.3182,4.62515,0.273333
0.604,18.1294,18.1294,4.61735,83.7099,85.0695,24.3178,4.61735,0.271667
0.6042,18.0843,18.0843,4.63753,83.8664,85.0695,24.3191,4.63753,0.273333
0.6044,18.0402,18.0402,4.64471,83.7915,85.0695,24.3196,4.64471,0.275
0.6046,18.0943,18.0943,4.62594,83.7031,85.0695,24.3183,4.62594,0.273333
0.6048,18.1301,18.1301,4.61623,83.6928,85.0695,24.3178,4.61623,0.271667
0.605,18.0892,18.0892,4.63837,83.9042,85.0695,24.3192,4.63837,0.273333
0.6052,18.0387,18.0387,4.64099,83.7174,85.0695,24.3194,4.64099,0.275
0.6054,18.0938,18.0938,4.62515,83.6867,85.0695,24.3182,4.62515,0.273333
0.6056,18.1294,18.1294,4.61735,83.7099,85.0695,24.3178,4.61735,0.271667
0.6058,18.0843,18.0843,4.63753,83.8664,85.0695,24.3191,4.63753,0.273333
0.606,18.0402,18.0402,4.64471,83.7915,85.0695,24.3196,4.64471,0.275
0.6062,18.0943,18.0943,4.62594,83.7031,85.0695,24.3183,4.62594,0.273333
0.6064,18.1301,18.1301,4.61623,83.6928,85.0695,24.3178,4.61623,0.271667
0.6066,18.0892,18.0892,4.63837,83.9042,85.0695,24.3192,4.63837,0.273333
0.6068,18.0387,18.0387,4.64099,83.7174,85.0695,24.3194,4.64099,0.275
0.607,18.0938,18.0938,4.62515,83.6867,85.0695,24.3182,4.62515,0.273333
0.6072,18.1294,18.1294,4.61735,83.7099,85.0695,24.3178,4.61735,0.271667
0.6074,18.0843,18.0843,4.63753,83.8664,85.0695,24.3191,4.63753,0.273333
0.6076,18.0402,18.0402,4.64471,83.7915,85.0695,24.3196,4.64471,0.275
0.6078,18.0943,18.0943,4.62594,83.7031,85.0695,24.3183,4.62594,0.273333
0.608,18.1301,18.1301,4.61623,83.6928,85.0695,24.3178,4.61623,0.271667
0.6082,18.0892,18.0892,4.63837,83.9042,85.0695,24.3192,4.63837,0.273333
0.6084,18.0387,18.0387,4.64099,83.7174,85.0695,24.3194,4.64099,0.275
0.6086,18.0938,18.0938,4.62515,83.6867,85.0695,24.3182,4.62515,0.273333
0.6088,18.1294,18.1294,4.61735,83.7099,85.0695,24.3178,4.61735,0.271667
0.609,18.0843,18.0843,4.63753,83.8664,85.0695,24.3191,4.63753,0.273333
0.6092,18.0402,18.0402,4.64471,83.7915,85.0695,24.3196,4.64471,0.275
0.6094,18.0943,18.0943,4.62594,83.7031,85.0695,24.3183,4.62594,0.273333
0.6096,18.1301,18.1301,4.61623,83.6928,85.0695,24.3178,4.61623,0.271667
0.6098,18.0892,18.0892,4.63837,83.9042,85.0695,24.3192,4.63837,0.273333
0.61,18.0387,18.0387,4.64099,83.7174,85.0695,24.3194,4.64099,0.275
0.6102,18.0938,18.0938,4.62515,83.6867,85.0695,24.3182,4.62515,0.273333
0.6104,18.1294,18.1294,4.61735,83.7099,85.0695,24.3178,4.61735,0.271667
0.6106,18.0843,18.0843,4.63753,83.8664,85.0695,24.3191,4.63753,0.273333
0.6108,18.0402,18.0402,4.64471,83.7915,85.0695,24.3196,4.64471,0.275
0.611,18.0943,18.0943,4.62594,83.7031,85.0695,24.3183,4.62594,0.273333
0.6112,18.1301,18.1301,4.61623,83.6928,85.0695,24.3178,4.61623,0.271667
0.6114,18.0892,18.0892,4.63837,83.9042,85.0695,24.3192,4.63837,0.273333
0.6116,18.0387,18.0387,4.64099,83.7174,85.0695,24.3194,4.64099,0.275
0.6118,18.0938,18.0938,4.62515,83.6867,85.0695,24.3182,4.62515,0.273333
0.612,18.1294,18.1294,4.61735,83.7099,85.0695,24.3178,4.61735,0.271667
0.6122,18.0843,18.0843,4.63753,83.8664,85.0695,24.3191,4.63753,0.273333
0.6124,18.0402,18.0402,4.64471,83.7915,85.0695,24.3196,4.64471,0.275
0.6126,18.0943,18.0943,4.62594,83.7031,85.0695,24.3183,4.62594,0.273333
0.6128,18.1301,18.1301,4.61623,83.6928,85.0695,24.3178,4.61623,0.271667
0.613,18.0892,18.0892,4.63837,83.9042,85.0695,24.3192,4.63837,0.273333
0.6132,18.0387,18.0387,4.64099,83.7174,85.0695,24.3194,4.64099,0.275
0.6134,18.0938,18.0938,4.62515,83.6867,85.0695,24.3182,4.62515,0.273333
0.6136,18.1294,18.1294,4.61735,83.7099,85.0695,24.3178,4.61735,0.271667
0.6138,18.0843,18.0843,4.63753,83.8664,85.0695,24.3191,4.63753,0.273333
0.614,18.0402,18.0402,4.64471,83.7915,85.0695,24.3196,4.64471,0.275
0.6142,18.0943,18.0943,4.62594,83.7031,85.0695,24.3183,4.62594,0.273333
0.6144,18.1301,18.1301,4.61623,83.6928,85.0695,24.3178,4.61623,0.271667
0.6146,18.0892,18.0892,4.63837,83.9042,85.0695,24.3192,4.63837,0.273333
0.6148,18.0387,18.0387,4.64099,83.7174,85.0695,24.3194,4.64099,0.275
0.615,18.0938,18.0938,4.62515,83.6867,85.0695,24.3182,4.62515,0.273333
0.6152,18.1294,18.1294,4.61735,83.7099,85.0695,24.3178,4.61735,0.271667
0.6154,18.0843,18.0843,4.63753,83.8664,85.0695,24.3191,4.63753,0.273333
0.6156,18.0402,18.0402,4.64471,83.7915,85.0695,24.3196,4.64471,0.275
0.6158,18.0943,18.0943,4.62594,83.7031,85.0695,24.3183,4.62594,0.273333
0.616,18.1301,18.1301,4.61623,83.6928,85.0695,24.3178,4.61623,0.271667
0.6162,18.0892,18.0892,4.63837,83.9042,85.0695,24.3192,4.63837,0.273333
0.6164,18.0387,18.0387,4.64099,83.7174,85.0695,24.3194,4.64099,0.275
0.6166,18.0938,18.0938,4.62515,83.6867,85.0695,24.3182,4.62515,0.273333
0.6168,18.1294,18.1294,4.61735,83.7099,85.0695,24.3178,4.61735,0.271667
0.617,18.0843,18.0843,4.63753,83.8664,85.0695,24.3191,4.63753,0.273333
0.6172,18.0402,18.0402,4.64471,83.7915,85.0695,24.3196,4.64471,0.275
0.6174,18.0943,18.0943,4.62594,83.7031,85.0695,24.3183,4.62594,0.273333
0.6176,18.1301,18.1301,4.61623,83.6928,85.0695,24.3178,4.61623,0.271667
0.6178,18.0892,18.0892,4.63837,83.9042,85.0695,24.3192,4.63837,0.273333
0.618,18.0387,18.0387,4.64099,83.7174,85.0695,24.3194,4.64099,0.275
0.6182,18.0938,18.0938,4.62515,83.6867,85.0695,24.3182,4.62515,0.273333
0.6184,18.1294,18.1294,4.61735,83.7099,85.0695,24.3178,4.61735,0.271667
0.6186,18.0843,18.0843,4.63753,83.8664,85.0695,24.3191,4.63753,0.273333
0.6188,18.0402,18.0402,4.64471,83.7915,85.0695,24.3196,4.64471,0.275
0.619,18.0943,18.0943,4.62594,83.7031,85.0695,24.3183,4.62594,0.273333
0.6192,18.1301,18.1301,4.61623,83.6928,85.0695,24.3178,4.61623,0.271667
0.6194,18.0892,18.0892,4.63837,83.9042,85.0695,24.3192,4.63837,0.273333
0.6196,18.0387,18.0387,4.64099,83.7174,85.0695,24.3194,4.64099,0.275
0.6198,18.0938,18.0938,4.62515,83.6867,85.0695,24.3182,4.62515,0.273333
0.62,18.1294,18.1294,4.61735,83.7099,85.0695,24.3178,4.61735,0.271667
0.6202,18.0843,18.0843,4.63753,83.8664,85.0695,24.3191,4.63753,0.273333
0.6204,18.0402,18.0402,4.64471,83.7915,85.0695,24.3196,4.64471,0.275
0.6206,18.0943,18.0943,4.62594,83.7031,85.0695,24.3183,4.62594,0.273333
0.6208,18.1301,18.1301,4.61623,83.6928,85.0695,24.3178,4.61623,0.271667
0.621,18.0892,18.0892,4.63837,83.9042,85.0695,24.3192,4.63837,0.273333
0.6212,18.0387,18.0387,4.64099,83.7174,85.0695,24.3194,4.64099,0.275
0.6214,18.0938,18.0938,4.62515,83.6867,85.0695,24.3182,4.62515,0.273333
0.6216,18.1294,18.1294,4.61735,83.7099,85.0695,24.3178,4.61735,0.271667
0.6218,18.0843,18.0843,4.63753,83.8664,85.0695,24.3191,4.63753,0.273333
0.622,18.0402,18.0402,4.64471,83.7915,85.0695,24.3196,4.64471,0.275
0.6222,18.0943,18.0943,4.62594,83.7031,85.0695,24.3183,4.62594,0.273333
0.6224,18.1301,18.1301,4.61623,83.6928,85.0695,24.3178,4.61623,0.271667
0.6226,18.0892,18.0892,4.63837,83.9042,85.0695,24.3192,4.63837,0.273333
0.6228,18.0387,18.0387,4.64099,83.7174,85.0695,24.3194,4.64099,0.275
0.623,18.0938,18.0938,4.62515,83.6867,85.0695,24.3182,4.62515,0.273333
0.6232,18.1294,18.1294,4.61735,83.7099,85.0695,24.3178,4.61735,0.271667
0.6234,18.0843,18.0843,4.63753,83.8664,85.0695,24.3191,4.63753,0.273333
0.6236,18.0402,18.0402,4.64471,83.7915,85.0695,24.3196,4.64471,0.275
0.6238,18.0943,18.0943,4.62594,83.7031,85.0695,24.3183,4.62594,0.273333
0.624,18.1301,18.1301,4.61623,83.6928,85.0695,24.3178,4.61623,0.271667
0.6242,18.0892,18.0892,4.63837,83.9042,85.0695,24.3192,4.63837,0.273333
0.6244,18.0387,18.0387,4.64099,83.7174,85.0695,24.3194,4.64099,0.275
0.6246,18.0938,18.0938,4.62515,83.6867,85.0695,24.3182,4.62515,0.273333
0.6248,18.1294,18.1294,4.61735,83.7099,85.0695,24.3178,4.61735,0.271667
0.625,18.0843,18.0843,4.63753,83.8664,85.0695,24.3191,4.63753,0.273333
0.6252,18.0402,18.0402,4.64471,83.7915,85.0695,24.3196,4.64471,0.275
0.6254,18.0943,18.0943,4.62594,83.7031,85.0695,24.3183,4.62594,0.273333
0.6256,18.1301,18.1301,4.61623,83.6928,85.0695,24.3178,4.61623,0.271667
0.6258,18.0892,18.0892,4.63837,83.9042,85.0695,24.3192,4.63837,0.273333
0.626,18.0387,18.0387,4.64099,83.7174,85.0695,24.3194,4.64099,0.275
0.6262,18.0938,18.0938,4.62515,83.6867,85.0695,24.3182,4.62515,0.273333
0.6264,18.1294,18.1294,4.61735,83.7099,85.0695,24.3178,4.61735,0.271667
0.6266,18.0843,18.0843,4.63753,83.8664,85.0695,24.3191,4.63753,0.273333
0.6268,18.0402,18.0402,4.64471,83.7915,85.0695,24.3196,4.64471,0.275
0.627,18.0943,18.0943,4.62594,83.7031,85.0695,24.3183,4.62594,0.273333
0.6272,18.1301,18.1301,4.61623,83.6928,85.0695,24.3178,4.61623,0.271667
0.6274,18.0892,18.0892,4.63837,83.9042,85.0695,24.3192,4.63837,0.273333
0.6276,18.0387,18.0387,4.64099,83.7174,85.0695,24.3194,4.64099,0.275
0.6278,18.0938,18.0938,4.62515,83.6867,85.0695,24.3182,4.62515,0.273333
0.628,18.1294,18.1294,4.61735,83.7099,85.0695,24.3178,4.61735,0.271667
0.6282,18.0843,18.0843,4.63753,83.8664,85.0695,24.3191,4.63753,0.273333
0.6284,18.0402,18.0402,4.64471,83.7915,85.0695,24.3196,4.64471,0.275
0.6286,18.0943,18.0943,4.62594,83.7031,85.0695,24.3183,4.62594,0.273333
0.6288,18.1301,18.1301,4.61623,83.6928,85.0695,24.3178,4.61623,0.271667
0.629,18.0892,18.0892,4.63837,83.9042,85.0695,24.3192,4.63837,0.273333
0.6292,18.0387,18.0387,4.64099,83.7174,85.0695,24.3194,4.64099,0.275
0.6294,18.0938,18.0938,4.62515,83.6867,85.0695,24.3182,4.62515,0.273333
0.6296,18.1294,18.1294,4.61735,83.7099,85.0695,24.3178,4.61735,0.271667
0.6298,18.0843,18.0843,4.63753,83.8664,85.0695,24.3191,4.63753,0.273333
0.63,18.0402,18.0402,4.64471,83.7915,85.0695,24.3196,4.64471,0.275
0.6302,18.0943,18.0943,4.62594,83.7031,85.0695,24.3183,4.62594,0.273333
0.6304,18.1301,18.1301,4.61623,83.6928,85.0695,24.3178,4.61623,0.271667
0.6306,18.0892,18.0892,4.63837,83.9042,85.0695,24.3192,4.63837,0.273333
0.6308,18.0387,18.0387,4.64099,83.7174,85.0695,24.3194,4.64099,0.275
0.631,18.0938,18.0938,4.62515,83.6867,85.0695,24.3182,4.62515,0.273333
0.6312,18.1294,18.1294,4.61735,83.7099,85.0695,24.3178,4.61735,0.271667
0.6314,18.0843,18.0843,4.63753,83.8664,85.0695,24.3191,4.63753,0.273333
0.6316,18.0402,18.0402,4.64471,83.7915,85.0695,24.3196,4.64471,0.275
0.6318,18.0943,18.0943,4.62594,83.7031,85.0695,24.3183,4.62594,0.273333
0.632,18.1301,18.1301,4.61623,83.6928,85.0695,24.3178,4.61623,0.271667
0.6322,18.0892,18.0892,4.63837,83.9042,85.0695,24.3192,4.63837,0.273333
0.6324,18.0387,18.0387,4.64099,83.7174,85.0695,24.3194,4.64099,0.275
0.6326,18.0938,18.0938,4.62515,83.6867,85.0695,24.3182,4.62515,0.273333
0.6328,18.1294,18.1294,4.61735,83.7099,85.0695,24.3178,4.61735,0.271667
0.633,18.0843,18.0843,4.63753,83.8664,85.0695,24.3191,4.63753,0.273333
0.6332,18.0402,18.0402,4.64471,83.7915,85.0695,24.3196,4.64471,0.275
0.6334,18.0943,18.0943,4.62594,83.7031,85.0695,24.3183,4.62594,0.273333
0.6336,18.1301,18.1301,4.61623,83.6928,85.0695,24.3178,4.61623,0.271667
0.6338,18.0892,18.0892,4.63837,83.9042,85.0695,24.3192,4.63837,0.273333
0.634,18.0387,18.0387,4.64099,83.7174,85.0695,24.3194,4.64099,0.275
0.6342,18.0938,18.0938,4.62515,83.6867,85.0695,24.3182,4.62515,0.273333
0.6344,18.1294,18.1294,4.61735,83.7099,85.0695,24.3178,4.61735,0.271667
0.6346,18.0843,18.0843,4.63753,83.8664,85.0695,24.3191,4.63753,0.273333
0.6348,18.0402,18.0402,4.64471,83.7915,85.0695,24.3196,4.64471,0.275
0.635,18.0943,18.0943,4.62594,83.7031,85.0695,24.3183,4.62594,0.273333
0.6352,18.1301,18.1301,4.61623,83.6928,85.0695,24.3178,4.61623,0.271667
0.6354,18.0892,18.0892,4.63837,83.9042,85.0695,24.3192,4.63837,0.273333
0.6356,18.0387,18.0387,4.64099,83.7174,85.0695,24.3194,4.64099,0.275
0.6358,18.0938,18.0938,4.62515,83.6867,85.0695,24.3182,4.62515,0.273333
0.636,18.1294,18.1294,4.61735,83.7099,85.0695,24.3178,4.61735,0.271667
0.6362,18.0843,18.0843,4.63753,83.8664,85.0695,24.3191,4.63753,0.273333
0.6364,18.0402,18.0402,4.64471,83.7915,85.0695,24.3196,4.64471,0.275
0.6366,18.0943,18.0943,4.62594,83.7031,85.0695,24.3183,4.62594,0.273333
0.6368,18.1301,18.1301,4.61623,83.6928,85.0695,24.3178,4.61623,0.271667
0.637,18.0892,18.0892,4.63837,83.9042,85.0695,24.3192,4.63837,0.273333
0.6372,18.0387,18.0387,4.64099,83.7174,85.0695,24.3194,4.64099,0.275
0.6374,18.0938,18.0938,4.62515,83.6867,85.0695,24.3182,4.62515,0.273333
0.6376,18.1294,18.1294,4.61735,83.7099,85.0695,24.3178,4.61735,0.271667
0.6378,18.0843,18.0843,4.63753,83.8664,85.0695,24.3191,4.63753,0.273333
0.638,18.0402,18.0402,4.64471,83.7915,85.0695,24.3196,4.64471,0.275
0.6382,18.0943,18.0943,4.62594,83.7031,85.0695,24.3183,4.62594,0.273333
0.6384,18.1301,18.1301,4.61623,83.6928,85.0695,24.3178,4.61623,0.271667
0.6386,18.0892,18.0892,4.63837,83.9042,85.0695,24.3192,4.63837,0.273333
0.6388,18.0387,18.0387,4.64099,83.7174,85.0695,24.3194,4.64099,0.275
0.639,18.0938,18.0938,4.62515,83.6867,85.0695,24.3182,4.62515,0.273333
0.6392,18.1294,18.1294,4.61735,83.7099,85.0695,24.3178,4.61735,0.271667
0.6394,18.0843,18.0843,4.63753,83.8664,85.0695,24.3191,4.63753,0.273333
0.6396,18.0402,18.0402,4.64471,83.7915,85.0695,24.3196,4.64471,0.275
0.6398,18.0943,18.0943,4.62594,83.7031,85.0695,24.3183,4.62594,0.273333
0.64,18.1301,18.1301,4.61623,83.6928,85.0695,24.3178,4.61623,0.271667
0.6402,18.0892,18.0892,4.63837,83.9042,85.0695,24.3192,4.63837,0.273333
0.6404,18.0387,18.0387,4.64099,83.7174,85.0695,24.3194,4.64099,0.275
0.6406,18.0938,18.0938,4.62515,83.6867,85.0695,24.3182,4.62515,0.273333
0.6408,18.1294,18.1294,4.61735,83.7099,85.0695,24.3178,4.61735,0.271667
0.641,18.0843,18.0843,4.63753,83.8664,85.0695,24.3191,4.63753,0.273333
0.6412,18.0402,18.0402,4.64471,83.7915,85.0695,24.3196,4.64471,0.275
0.6414,18.0943,18.0943,4.62594,83.7031,85.0695,24.3183,4.62594,0.273333
0.6416,18.1301,18.1301,4.61623,83.6928,85.0695,24.3178,4.61623,0.271667
0.6418,18.0892,18.0892,4.63837,83.9042,85.0695,24.3192,4.63837,0.273333
0.642,18.0387,18.0387,4.64099,83.7174,85.0695,24.3194,4.64099,0.275
0.6422,18.0938,18.0938,4.62515,83.6867,85.0695,24.3182,4.62515,0.273333
0.6424,18.1294,18.1294,4.61735,83.7099,85.0695,24.3178,4.61735,0.271667
0.6426,18.0843,18.0843,4.63753,83.8664,85.0695,24.3191,4.63753,0.273333
0.6428,18.0402,18.0402,4.64471,83.7915,85.0695,24.3196,4.64471,0.275
0.643,18.0943,18.0943,4.62594,83.7031,85.0695,24.3183,4.62594,0.273333
0.6432,18.1301,18.1301,4.61623,83.6928,85.0695,24.3178,4.61623,0.271667
0.6434,18.0892,18.0892,4.63837,83.9042,85.0695,24.3192,4.63837,0.273333
0.6436,18.0387,18.0387,4.64099,83.7174,85.0695,24.3194,4.64099,0.275
0.6438,18.0938,18.0938,4.62515,83.6867,85.0695,24.3182,4.62515,0.273333
0.644,18.1294,18.1294,4.61735,83.7099,85.0695,24.3178,4.61735,0.271667
0.6442,18.0843,18.0843,4.63753,83.8664,85.0695,24.3191,4.63753,0.273333
0.6444,18.0402,18.0402,4.64471,83.7915,85.0695,24.3196,4.64471,0.275
0.6446,18.0943,18.0943,4.62594,83.7031,85.0695,24.3183,4.62594,0.273333
0.6448,18.1301,18.1301,4.61623,83.6928,85.0695,24.3178,4.61623,0.271667
0.645,18.0892,18.0892,4.63837,83.9042,85.0695,24.3192,4.63837,0.273333
0.6452,18.0387,18.0387,4.64099,83.7174,85.0695,24.3194,4.64099,0.275
0.6454,18.0938,18.0938,4.62515,83.6867,85.0695,24.3182,4.62515,0.273333
0.6456,18.1294,18.1294,4.61735,83.7099,85.0695,24.3178,4.61735,0.271667
0.6458,18.0843,18.0843,4.63753,83.8664,85.0695,24.3191,4.63753,0.273333
0.646,18.0402,18.0402,4.64471,83.7915,85.0695,24.3196,4.64471,0.275
0.6462,18.0943,18.0943,4.62594,83.7031,85.0695,24.3183,4.62594,0.273333
0.6464,18.1301,18.1301,4.61623,83.6928,85.0695,24.3178,4.61623,0.271667
0.6466,18.0892,18.0892,4.63837,83.9042,85.0695,24.3192,4.63837,0.273333
0.6468,18.0387,18.0387,4.64099,83.7174,85.0695,24.3194,4.64099,0.275
0.647,18.0938,18.0938,4.62515,83.6867,85.0695,24.3182,4.62515,0.273333
0.6472,18.1294,18.1294,4.61735,83.7099,85.0695,24.3178,4.61735,0.271667
0.6474,18.0843,18.0843,4.63753,83.8664,85.0695,24.3191,4.63753,0.273333
0.6476,18.0402,18.0402,4.64471,83.7915,85.0695,24.3196,4.64471,0.275
0.6478,18.0943,18.0943,4.62594,83.7031,85.0695,24.3183,4.62594,0.273333
0.648,18.1301,18.1301,4.61623,83.6928,85.0695,24.3178,4.61623,0.271667
0.6482,18.0892,18.0892,4.63837,83.9042,85.0695,24.3192,4.63837,0.273333
0.6484,18.0387,18.0387,4.64099,83.7174,85.0695,24.3194,4.64099,0.275
0.6486,18.0938,18.0938,4.62515,83.6867,85.0695,24.3182,4.62515,0.273333
0.6488,18.1294,18.1294,4.61735,83.7099,85.0695,24.3178,4.61735,0.271667
0.649,18.0843,18.0843,4.63753,83.8664,85.0695,24.3191,4.63753,0.273333
0.6492,18.0402,18.0402,4.64471,83.7915,85.0695,24.3196,4.64471,0.275
0.6494,18.0943,18.0943,4.62594,83.7031,85.0695,24.3183,4.62594,0.273333
0.6496,18.1301,18.1301,4.61623,83.6928,85.0695,24.3178,4.61623,0.271667
0.6498,18.0892,18.0892,4.63837,83.9042,85.0695,24.3192,4.63837,0.273333
0.65,18.0387,18.0387,4.64099,83.7174,85.0695,24.3194,4.64099,0.275
0.6502,18.0938,18.0938,4.62515,83.6867,85.0695,24.3182,4.62515,0.273333
0.6504,18.1294,18.1294,4.61735,83.7099,85.0695,24.3178,4.61735,0.271667
0.6506,18.0843,18.0843,4.63753,83.8664,85.0695,24.3191,4.63753,0.273333
0.6508,18.0402,18.0402,4.64471,83.7915,85.0695,24.3196,4.64471,0.275
0.651,18.0943,18.0943,4.62594,83.7031,85.0695,24.3183,4.62594,0.273333
0.6512,18.1301,18.1301,4.61623,83.6928,85.0695,24.3178,4.61623,0.271667
0.6514,18.0892,18.0892,4.63837,83.9042,85.0695,24.3192,4.63837,0.273333
0.6516,18.0387,18.0387,4.64099,83.7174,85.0695,24.3194,4.64099,0.275
0.6518,18.0938,18.0938,4.62515,83.6867,85.0695,24.3182,4.62515,0.273333
0.652,18.1294,18.1294,4.61735,83.7099,85.0695,24.3178,4.61735,0.271667
0.6522,18.0843,18.0843,4.63753,83.8664,85.0695,24.3191,4.63753,0.273333
0.6524,18.0402,18.0402,4.64471,83.7915,85.0695,24.3196,4.64471,0.275
0.6526,18.0943,18.0943,4.62594,83.7031,85.0695,24.3183,4.62594,0.273333
0.6528,18.1301,18.1301,4.61623,83.6928,85.0695,24.3178,4.61623,0.271667
0.653,18.0892,18.0892,4.63837,83.9042,85.0695,24.3192,4.63837,0.273333
0.6532,18.0387,18.0387,4.64099,83.7174,85.0695,24.3194,4.64099,0.275
0.6534,18.0938,18.0938,4.62515,83.6867,85.0695,24.3182,4.62515,0.273333
0.6536,18.1294,18.1294,4.61735,83.7099,85.0695,24.3178,4.61735,0.271667
0.6538,18.0843,18.0843,4.63753,83.8664,85.0695,24.3191,4.63753,0.273333
0.654,18.0402,18.0402,4.64471,83.7915,85.0695,24.3196,4.64471,0.275
0.6542,18.0943,18.0943,4.62594,83.7031,85.0695,24.3183,4.62594,0.273333
0.6544,18.1301,18.1301,4.61623,83.6928,85.0695,24.3178,4.61623,0.271667
0.6546,18.0892,18.0892,4.63837,83.9042,85.0695,24.3192,4.63837,0.273333
0.6548,18.0387,18.0387,4.64099,83.7174,85.0695,24.3194,4.64099,0.275
0.655,18.0938,18.0938,4.62515,83.6867,85.0695,24.3182,4.62515,0.273333
0.6552,18.1294,18.1294,4.61735,83.7099,85.0695,24.3178,4.61735,0.271667
0.6554,18.0843,18.0843,4.63753,83.8664,85.0695,24.3191,4.63753,0.273333
0.6556,18.0402,18.0402,4.64471,83.7915,85.0695,24.3196,4.64471,0.275
0.6558,18.0943,18.0943,4.62594,83.7031,85.0695,24.3183,4.62594,0.273333
0.656,18.1301,18.1301,4.61623,83.6928,85.0695,24.3178,4.61623,0.271667
0.6562,18.0892,18.0892,4.63837,83.9042,85.0695,24.3192,4.63837,0.273333
0.6564,18.0387,18.0387,4.64099,83.7174,85.0695,24.3194,4.64099,0.275
0.6566,18.0938,18.0938,4.62515,83.6867,85.0695,24.3182,4.62515,0.273333
0.6568,18.1294,18.1294,4.61735,83.7099,85.0695,24.3178,4.61735,0.271667
0.657,18.0843,18.0843,4.63753,83.8664,85.0695,24.3191,4.63753,0.273333
0.6572,18.0402,18.0402,4.64471,83.7915,85.0695,24.3196,4.64471,0.275
0.6574,18.0943,18.0943,4.62594,83.7031,85.0695,24.3183,4.62594,0.273333
0.6576,18.1301,18.1301,4.61623,83.6928,85.0695,24.3178,4.61623,0.271667
0.6578,18.0892,18.0892,4.63837,83.9042,85.0695,24.3192,4.63837,0.273333
0.658,18.0387,18.0387,4.64099,83.7174,85.0695,24.3194,4.64099,0.275
0.6582,18.0938,18.0938,4.62515,83.6867,85.0695,24.3182,4.62515,0.273333
0.6584,18.1294,18.1294,4.61735,83.7099,85.0695,24.3178,4.61735,0.271667
0.6586,18.0843,18.0843,4.63753,83.8664,85.0695,24.3191,4.63753,0.273333
0.6588,18.0402,18.0402,4.64471,83.7915,85.0695,24.3196,4.64471,0.275
0.659,18.0943,18.0943,4.62594,83.7031,85.0695,24.3183,4.62594,0.273333
0.6592,18.1301,18.1301,4.61623,83.6928,85.0695,24.3178,4.61623,0.271667
0.6594,18.0892,18.0892,4.63837,83.9042,85.0695,24.3192,4.63837,0.273333
0.6596,18.0387,18.0387,4.64099,83.7174,85.0695,24.3194,4.64099,0.275
0.6598,18.0938,18.0938,4.62515,83.6867,85.0695,24.3182,4.62515,0.273333
0.66,18.1294,18.1294,4.61735,83.7099,85.0695,24.3178,4.61735,0.271667
0.6602,18.0843,18.0843,4.63753,83.8664,85.0695,24.3191,4.63753,0.273333
0.6604,18.0402,18.0402,4.64471,83.7915,85.0695,24.3196,4.64471,0.275
0.6606,18.0943,18.0943,4.62594,83.7031,85.0695,24.3183,4.62594,0.273333
0.6608,18.1301,18.1301,4.61623,83.6928,85.0695,24.3178,4.61623,0.271667
0.661,18.0892,18.0892,4.63837,83.9042,85.0695,24.3192,4.63837,0.273333
0.6612,18.0387,18.0387,4.64099,83.7174,85.0695,24.3194,4.64099,0.275
0.6614,18.0938,18.0938,4.62515,83.6867,85.0695,24.3182,4.62515,0.273333
0.6616,18.1294,18.1294,4.61735,83.7099,85.0695,24.3178,4.61735,0.271667
0.6618,18.0843,18.0843,4.63753,83.8664,85.0695,24.3191,4.63753,0.273333
0.662,18.0402,18.0402,4.64471,83.7915,85.0695,24.3196,4.64471,0.275
0.6622,18.0943,18.0943,4.62594,83.7031,85.0695,24.3183,4.62594,0.273333
0.6624,18.1301,18.1301,4.61623,83.6928,85.0695,24.3178,4.61623,0.271667
0.6626,18.0892,18.0892,4.63837,83.9042,85.0695,24.3192,4.63837,0.273333
0.6628,18.0387,18.0387,4.64099,83.7174,85.0695,24.3194,4.64099,0.275
0.663,18.0938,18.0938,4.62515,83.6867,85.0695,24.3182,4.62515,0.273333
0.6632,18.1294,18.1294,4.61735,83.7099,85.0695,24.3178,4.61735,0.271667
0.6634,18.0843,18.0843,4.63753,83.8664,85.0695,24.3191,4.63753,0.273333
0.6636,18.0402,18.0402,4.64471,83.7915,85.0695,24.3196,4.64471,0.275
0.6638,18.0943,18.0943,4.62594,83.7031,85.0695,24.3183,4.62594,0.273333
0.664,18.1301,18.1301,4.61623,83.6928,85.0695,24.3178,4.61623,0.271667
0.6642,18.0892,18.0892,4.63837,83.9042,85.0695,24.3192,4.63837,0.273333
0.6644,18.0387,18.0387,4.64099,83.7174,85.0695,24.3194,4.64099,0.275
0.6646,18.0938,18.0938,4.62515,83.6867,85.0695,24.3182,4.62515,0.273333
0.6648,18.1294,18.1294,4.61735,83.7099,85.0695,24.3178,4.61735,0.271667
0.665,18.0843,18.0843,4.63753,83.8664,85.0695,24.3191,4.63753,0.273333
0.6652,18.0402,18.0402,4.64471,83.7915,85.0695,24.3196,4.64471,0.275
0.6654,18.0943,18.0943,4.62594,83.7031,85.0695,24.3183,4.62594,0.273333
0.6656,18.1301,18.1301,4.61623,83.6928,85.0695,24.3178,4.61623,0.271667
0.6658,18.0892,18.0892,4.63837,83.9042,85.0695,24.3192,4.63837,0.273333
0.666,18.0387,18.0387,4.64099,83.7174,85.0695,24.3194,4.64099,0.275
0.6662,18.0938,18.0938,4.62515,83.6867,85.0695,24.3182,4.62515,0.273333
0.6664,18.1294,18.1294,4.61735,83.7099,85.0695,24.3178,4.61735,0.271667
0.6666,18.0843,18.0843,4.63753,83.8664,85.0695,24.3191,4.63753,0.273333
0.6668,18.0402,18.0402,4.64471,83.7915,85.0695,24.3196,4.64471,0.275
0.667,18.0943,18.0943,4.62594,83.7031,85.0695,24.3183,4.62594,0.273333
0.6672,18.1301,18.1301,4.61623,83.6928,85.0695,24.3178,4.61623,0.271667
0.6674,18.0892,18.0892,4.63837,83.9042,85.0695,24.3192,4.63837,0.273333
0.6676,18.0387,18.0387,4.64099,83.7174,85.0695,24.3194,4.64099,0.275
0.6678,18.0938,18.0938,4.62515,83.6867,85.0695,24.3182,4.62515,0.273333
0.668,18.1294,18.1294,4.61735,83.7099,85.0695,24.3178,4.61735,0.271667
0.6682,18.0843,18.0843,4.63753,83.8664,85.0695,24.3191,4.63753,0.273333
0.6684,18.0402,18.0402,4.64471,83.7915,85.0695,24.3196,4.64471,0.275
0.6686,18.0943,18.0943,4.62594,83.7031,85.0695,24.3183,4.62594,0.273333
0.6688,18.1301,18.1301,4.61623,83.6928,85.0695,24.3178,4.61623,0.271667
0.669,18.0892,18.0892,4.63837,83.9042,85.0695,24.3192,4.63837,0.273333
0.6692,18.0387,18.0387,4.64099,83.7174,85.0695,24.3194,4.64099,0.275
0.6694,18.0938,18.0938,4.62515,83.6867,85.0695,24.3182,4.62515,0.273333
0.6696,18.1294,18.1294,4.61735,83.7099,85.0695,24.3178,4.61735,0.271667
0.6698,18.0843,18.0843,4.63753,83.8664,85.0695,24.3191,4.63753,0.273333
0.67,18.0402,18.0402,4.64471,83.7915,85.0695,24.3196,4.64471,0.275
0.6702,18.0943,18.0943,4.62594,83.7031,85.0695,24.3183,4.62594,0.273333
0.6704,18.1301,18.1301,4.61623,83.6928,85.0695,24.3178,4.61623,0.271667
0.6706,18.0892,18.0892,4.63837,83.9042,85.0695,24.3192,4.63837,0.273333
0.6708,18.0387,18.0387,4.64099,83.7174,85.0695,24.3194,4.64099,0.275
0.671,18.0938,18.0938,4.62515,83.6867,85.0695,24.3182,4.62515,0.273333
0.6712,18.1294,18.1294,4.61735,83.7099,85.0695,24.3178,4.61735,0.271667
0.6714,18.0843,18.0843,4.63753,83.8664,85.0695,24.3191,4.63753,0.273333
0.6716,18.0402,18.0402,4.64471,83.7915,85.0695,24.3196,4.64471,0.275
0.6718,18.0943,18.0943,4.62594,83.7031,85.0695,24.3183,4.62594,0.273333
0.672,18.1301,18.1301,4.61623,83.6928,85.0695,24.3178,4.61623,0.271667
0.6722,18.0892,18.0892,4.63837,83.9042,85.0695,24.3192,4.63837,0.273333
0.6724,18.0387,18.0387,4.64099,83.7174,85.0695,24.3194,4.64099,0.275
0.6726,18.0938,18.0938,4.62515,83.6867,85.0695,24.3182,4.62515,0.273333
0.6728,18.1294,18.1294,4.61735,83.7099,85.0695,24.3178,4.61735,0.271667
0.673,18.0843,18.0843,4.63753,83.8664,85.0695,24.3191,4.63753,0.273333
0.6732,18.0402,18.0402,4.64471,83.7915,85.0695,24.3196,4.64471,0.275
0.6734,18.0943,18.0943,4.62594,83.7031,85.0695,24.3183,4.62594,0.273333
0.6736,18.1301,18.1301,4.61623,83.6928,85.0695,24.3178,4.61623,0.271667
0.6738,18.0892,18.0892,4.63837,83.9042,85.0695,24.3192,4.63837,0.273333
0.674,18.0387,18.0387,4.64099,83.7174,85.0695,24.3194,4.64099,0.275
0.6742,18.0938,18.0938,4.62515,83.6867,85.0695,24.3182,4.62515,0.273333
0.6744,18.1294,18.1294,4.61735,83.7099,85.0695,24.3178,4.61735,0.271667
0.6746,18.0843,18.0843,4.63753,83.8664,85.0695,24.3191,4.63753,0.273333
0.6748,18.0402,18.0402,4.64471,83.7915,85.0695,24.3196,4.64471,0.275
0.675,18.0943,18.0943,4.62594,83.7031,85.0695,24.3183,4.62594,0.273333
0.6752,18.1301,18.1301,4.61623,83.6928,85.0695,24.3178,4.61623,0.271667
0.6754,18.0892,18.0892,4.63837,83.9042,85.0695,24.3192,4.63837,0.273333
0.6756,18.0387,18.0387,4.64099,83.7174,85.0695,24.3194,4.64099,0.275
0.6758,18.0938,18.0938,4.62515,83.6867,85.0695,24.3182,4.62515,0.273333
0.676,18.1294,18.1294,4.61735,83.7099,85.0695,24.3178,4.61735,0.271667
0.6762,18.0843,18.0843,4.63753,83.8664,85.0695,24.3191,4.63753,0.273333
0.6764,18.0402,18.0402,4.64471,83.7915,85.0695,24.3196,4.64471,0.275
0.6766,18.0943,18.0943,4.62594,83.7031,85.0695,24.3183,4.62594,0.273333
0.6768,18.1301,18.1301,4.61623,83.6928,85.0695,24.3178,4.61623,0.271667
0.677,18.0892,18.0892,4.63837,83.9042,85.0695,24.3192,4.63837,0.273333
0.6772,18.0387,18.0387,4.64099,83.7174,85.0695,24.3194,4.64099,0.275
0.6774,18.0938,18.0938,4.62515,83.6867,85.0695,24.3182,4.62515,0.273333
0.6776,18.1294,18.1294,4.61735,83.7099,85.0695,24.3178,4.61735,0.271667
0.6778,18.0843,18.0843,4.63753,83.8664,85.0695,24.3191,4.63753,0.273333
0.678,18.0402,18.0402,4.64471,83.7915,85.0695,24.3196,4.64471,0.275
0.6782,18.0943,18.0943,4.62594,83.7031,85.0695,24.3183,4.62594,0.273333
0.6784,18.1301,18.1301,4.61623,83.6928,85.0695,24.3178,4.61623,0.271667
0.6786,18.0892,18.0892,4.63837,83.9042,85.0695,24.3192,4.63837,0.273333
0.6788,18.0387,18.0387,4.64099,83.7174,85.0695,24.3194,4.64099,0.275
0.679,18.0938,18.0938,4.62515,83.6867,85.0695,24.3182,4.62515,0.273333
0.6792,18.1294,18.1294,4.61735,83.7099,85.0695,24.3178,4.61735,0.271667
0.6794,18.0843,18.0843,4.63753,83.8664,85.0695,24.3191,4.63753,0.273333
0.6796,18.0402,18.0402,4.64471,83.7915,85.0695,24.3196,4.64471,0.275
0.6798,18.0943,18.0943,4.62594,83.7031,85.0695,24.3183,4.62594,0.273333
0.68,18.1301,18.1301,4.61623,83.6928,85.0695,24.3178,4.61623,0.271667
0.6802,18.0892,18.0892,4.63837,83.9042,85.0695,24.3192,4.63837,0.273333
0.6804,18.0387,18.0387,4.64099,83.7174,85.0695,24.3194,4.64099,0.275
0.6806,18.0938,18.0938,4.62515,83.6867,85.0695,24.3182,4.62515,0.273333
0.6808,18.1294,18.1294,4.61735,83.7099,85.0695,24.3178,4.61735,0.271667
0.681,18.0843,18.0843,4.63753,83.8664,85.0695,24.3191,4.63753,0.273333
0.6812,18.0402,18.0402,4.64471,83.7915,85.0695,24.3196,4.64471,0.275
0.6814,18.0943,18.0943,4.62594,83.7031,85.0695,24.3183,4.62594,0.273333
0.6816,18.1301,18.1301,4.61623,83.6928,85.0695,24.3178,4.61623,0.271667
0.6818,18.0892,18.0892,4.63837,83.9042,85.0695,24.3192,4.63837,0.273333
0.682,18.0387,18.0387,4.64099,83.7174,85.0695,24.3194,4.64099,0.275
0.6822,18.0938,18.0938,4.62515,83.6867,85.0695,24.3182,4.62515,0.273333
0.6824,18.1294,18.1294,4.61735,83.7099,85.0695,24.3178,4.61735,0.271667
0.6826,18.0843,18.0843,4.63753,83.8664,85.0695,24.3191,4.63753,0.273333
0.6828,18.0402,18.0402,4.64471,83.7915,85.0695,24.3196,4.64471,0.275
0.683,18.0943,18.0943,4.62594,83.7031,85.0695,24.3183,4.62594,0.273333
0.6832,18.1301,18.1301,4.61623,83.6928,85.0695,24.3178,4.61623,0.271667
0.6834,18.0892,18.0892,4.63837,83.9042,85.0695,24.3192,4.63837,0.273333
0.6836,18.0387,18.0387,4.64099,83.7174,85.0695,24.3194,4.64099,0.275
0.6838,18.0938,18.0938,4.62515,83.6867,85.0695,24.3182,4.62515,0.273333
0.684,18.1294,18.1294,4.61735,83.7099,85.0695,24.3178,4.61735,0.271667
0.6842,18.0843,18.0843,4.63753,83.8664,85.0695,24.3191,4.63753,0.273333
0.6844,18.0402,18.0402,4.64471,83.7915,85.0695,24.3196,4.64471,0.275
0.6846,18.0943,18.0943,4.62594,83.7031,85.0695,24.3183,4.62594,0.273333
0.6848,18.1301,18.1301,4.61623,83.6928,85.0695,24.3178,4.61623,0.271667
0.685,18.0892,18.0892,4.63837,83.9042,85.0695,24.3192,4.63837,0.273333
0.6852,18.0387,18.0387,4.64099,83.7174,85.0695,24.3194,4.64099,0.275
0.6854,18.0938,18.0938,4.62515,83.6867,85.0695,24.3182,4.62515,0.273333
0.6856,18.1294,18.1294,4.61735,83.7099,85.0695,24.3178,4.61735,0.271667
0.6858,18.0843,18.0843,4.63753,83.8664,85.0695,24.3191,4.63753,0.273333
0.686,18.0402,18.0402,4.64471,83.7915,85.0695,24.3196,4.64471,0.275
0.6862,18.0943,18.0943,4.62594,83.7031,85.0695,24.3183,4.62594,0.273333
0.6864,18.1301,18.1301,4.61623,83.6928,85.0695,24.3178,4.61623,0.271667
0.6866,18.0892,18.0892,4.63837,83.9042,85.0695,24.3192,4.63837,0.273333
0.6868,18.0387,18.0387,4.64099,83.7174,85.0695,24.3194,4.64099,0.275
0.687,18.0938,18.0938,4.62515,83.6867,85.0695,24.3182,4.62515,0.273333
0.6872,18.1294,18.1294,4.61735,83.7099,85.0695,24.3178,4.61735,0.271667
0.6874,18.0843,18.0843,4.63753,83.8664,85.0695,24.3191,4.63753,0.273333
0.6876,18.0402,18.0402,4.64471,83.7915,85.0695,24.3196,4.64471,0.275
0.6878,18.0943,18.0943,4.62594,83.7031,85.0695,24.3183,4.62594,0.273333
0.688,18.1301,18.1301,4.61623,83.6928,85.0695,24.3178,4.61623,0.271667
0.6882,18.0892,18.0892,4.63837,83.9042,85.0695,24.3192,4.63837,0.273333
0.6884,18.0387,18.0387,4.64099,83.7174,85.0695,24.3194,4.64099,0.275
0.6886,18.0938,18.0938,4.62515,83.6867,85.0695,24.3182,4.62515,0.273333
0.6888,18.1294,18.1294,4.61735,83.7099,85.0695,24.3178,4.61735,0.271667
0.689,18.0843,18.0843,4.63753,83.8664,85.0695,24.3191,4.63753,0.273333
0.6892,18.0402,18.0402,4.64471,83.7915,85.0695,24.3196,4.64471,0.275
0.6894,18.0943,18.0943,4.62594,83.7031,85.0695,24.3183,4.62594,0.273333
0.6896,18.1301,18.1301,4.61623,83.6928,85.0695,24.3178,4.61623,0.271667
0.6898,18.0892,18.0892,4.63837,83.9042,85.0695,24.3192,4.63837,0.273333
0.69,18.0387,18.0387,4.64099,83.7174,85.0695,24.3194,4.64099,0.275
0.6902,18.0938,18.0938,4.62515,83.6867,85.0695,24.3182,4.62515,0.273333
0.6904,18.1294,18.1294,4.61735,83.7099,85.0695,24.3178,4.61735,0.271667
0.6906,18.0843,18.0843,4.63753,83.8664,85.0695,24.3191,4.63753,0.273333
0.6908,18.0402,18.0402,4.64471,83.7915,85.0695,24.3196,4.64471,0.275
0.691,18.0943,18.0943,4.62594,83.7031,85.0695,24.3183,4.62594,0.273333
0.6912,18.1301,18.1301,4.61623,83.6928,85.0695,24.3178,4.61623,0.271667
0.6914,18.0892,18.0892,4.63837,83.9042,85.0695,24.3192,4.63837,0.273333
0.6916,18.0387,18.0387,4.64099,83.7174,85.0695,24.3194,4.64099,0.275
0.6918,18.0938,18.0938,4.62515,83.6867,85.0695,24.3182,4.62515,0.273333
0.692,18.1294,18.1294,4.61735,83.7099,85.0695,24.3178,4.61735,0.271667
0.6922,18.0843,18.0843,4.63753,83.8664,85.0695,24.3191,4.63753,0.273333
0.6924,18.0402,18.0402,4.64471,83.7915,85.0695,24.3196,4.64471,0.275
0.6926,18.0943,18.0943,4.62594,83.7031,85.0695,24.3183,4.62594,0.273333
0.6928,18.1301,18.1301,4.61623,83.6928,85.0695,24.3178,4.61623,0.271667
0.693,18.0892,18.0892,4.63837,83.9042,85.0695,24.3192,4.63837,0.273333
0.6932,18.0387,18.0387,4.64099,83.7174,85.0695,24.3194,4.64099,0.275
0.6934,18.0938,18.0938,4.62515,83.6867,85.0695,24.3182,4.62515,0.273333
0.6936,18.1294,18.1294,4.61735,83.7099,85.0695,24.3178,4.61735,0.271667
0.6938,18.0843,18.0843,4.63753,83.8664,85.0695,24.3191,4.63753,0.273333
0.694,18.0402,18.0402,4.64471,83.7915,85.0695,24.3196,4.64471,0.275
0.6942,18.0943,18.0943,4.62594,83.7031,85.0695,24.3183,4.62594,0.273333
0.6944,18.1301,18.1301,4.61623,83.6928,85.0695,24.3178,4.61623,0.271667
0.6946,18.0892,18.0892,4.63837,83.9042,85.0695,24.3192,4.63837,0.273333
0.6948,18.0387,18.0387,4.64099,83.7174,85.0695,24.3194,4.64099,0.275
0.695,18.0938,18.0938,4.62515,83.6867,85.0695,24.3182,4.62515,0.273333
0.6952,18.1294,18.1294,4.61735,83.7099,85.0695,24.3178,4.61735,0.271667
0.6954,18.0843,18.0843,4.63753,83.8664,85.0695,24.3191,4.63753,0.273333
0.6956,18.0402,18.0402,4.64471,83.7915,85.0695,24.3196,4.64471,0.275
0.6958,18.0943,18.0943,4.62594,83.7031,85.0695,24.3183,4.62594,0.273333
0.696,18.1301,18.1301,4.61623,83.6928,85.0695,24.3178,4.61623,0.271667
0.6962,18.0892,18.0892,4.63837,83.9042,85.0695,24.3192,4.63837,0.273333
0.6964,18.0387,18.0387,4.64099,83.7174,85.0695,24.3194,4.64099,0.275
0.6966,18.0938,18.0938,4.62515,83.6867,85.0695,24.3182,4.62515,0.273333
0.6968,18.1294,18.1294,4.61735,83.7099,85.0695,24.3178,4.61735,0.271667
0.697,18.0843,18.0843,4.63753,83.8664,85.0695,24.3191,4.63753,0.273333
0.6972,18.0402,18.0402,4.64471,83.7915,85.0695,24.3196,4.64471,0.275
0.6974,18.0943,18.0943,4.62594,83.7031,85.0695,24.3183,4.62594,0.273333
0.6976,18.1301,18.1301,4.61623,83.6928,85.0695,24.3178,4.61623,0.271667
0.6978,18.0892,18.0892,4.63837,83.9042,85.0695,24.3192,4.63837,0.273333
0.698,18.0387,18.0387,4.64099,83.7174,85.0695,24.3194,4.64099,0.275
0.6982,18.0938,18.0938,4.62515,83.6867,85.0695,24.3182,4.62515,0.273333
0.6984,18.1294,18.1294,4.61735,83.7099,85.0695,24.3178,4.61735,0.271667
0.6986,18.0843,18.0843,4.63753,83.8664,85.0695,24.3191,4.63753,0.273333
0.6988,18.0402,18.0402,4.64471,83.7915,85.0695,24.3196,4.64471,0.275
0.699,18.0943,18.0943,4.62594,83.7031,85.0695,24.3183,4.62594,0.273333
0.6992,18.1301,18.1301,4.61623,83.6928,85.0695,24.3178,4.61623,0.271667
0.6994,18.0892,18.0892,4.63837,83.9042,85.0695,24.3192,4.63837,0.273333
0.6996,18.0387,18.0387,4.64099,83.7174,85.0695,24.3194,4.64099,0.275
0.6998,18.0938,18.0938,4.62515,83.6867,85.0695,24.3182,4.62515,0.273333
0.7,18.1294,18.1294,4.61735,83.7099,85.0695,24.3178,4.61735,0.271667
0.7002,18.0843,18.0843,4.63753,83.8664,85.0695,24.3191,4.63753,0.273333
0.7004,18.0402,18.0402,4.64471,83.7915,85.0695,24.3196,4.64471,0.275
0.7006,18.0943,18.0943,4.62594,83.7031,85.0695,24.3183,4.62594,0.273333
0.7008,18.1301,18.1301,4.61623,83.6928,85.0695,24.3178,4.61623,0.271667
0.701,18.0892,18.0892,4.63837,83.9042,85.0695,24.3192,4.63837,0.273333
0.7012,18.0387,18.0387,4.64099,83.7174,85.0695,24.3194,4.64099,0.275
0.7014,18.0938,18.0938,4.62515,83.6867,85.0695,24.3182,4.62515,0.273333
0.7016,18.1294,18.1294,4.61735,83.7099,85.0695,24.3178,4.61735,0.271667
0.7018,18.0843,18.0843,4.63753,83.8664,85.0695,24.3191,4.63753,0.273333
0.702,18.0402,18.0402,4.64471,83.7915,85.0695,24.3196,4.64471,0.275
0.7022,18.0943,18.0943,4.62594,83.7031,85.0695,24.3183,4.62594,0.273333
0.7024,18.1301,18.1301,4.61623,83.6928,85.0695,24.3178,4.61623,0.271667
0.7026,18.0892,18.0892,4.63837,83.9042,85.0695,24.3192,4.63837,0.273333
0.7028,18.0387,18.0387,4.64099,83.7174,85.0695,24.3194,4.64099,0.275
0.703,18.0938,18.0938,4.62515,83.6867,85.0695,24.3182,4.62515,0.273333
0.7032,18.1294,18.1294,4.61735,83.7099,85.0695,24.3178,4.61735,0.271667
0.7034,18.0843,18.0843,4.63753,83.8664,85.0695,24.3191,4.63753,0.273333
0.7036,18.0402,18.0402,4.64471,83.7915,85.0695,24.3196,4.64471,0.275
0.7038,18.0943,18.0943,4.62594,83.7031,85.0695,24.3183,4.62594,0.273333
0.704,18.1301,18.1301,4.61623,83.6928,85.0695,24.3178,4.61623,0.271667
0.7042,18.0892,18.0892,4.63837,83.9042,85.0695,24.3192,4.63837,0.273333
0.7044,18.0387,18.0387,4.64099,83.7174,85.0695,24.3194,4.64099,0.275
0.7046,18.0938,18.0938,4.62515,83.6867,85.0695,24.3182,4.62515,0.273333
0.7048,18.1294,18.1294,4.61735,83.7099,85.0695,24.3178,4.61735,0.271667
0.705,18.0843,18.0843,4.63753,83.8664,85.0695,24.3191,4.63753,0.273333
0.7052,18.0402,18.0402,4.64471,83.7915,85.0695,24.3196,4.64471,0.275
0.7054,18.0943,18.0943,4.62594,83.7031,85.0695,24.3183,4.62594,0.273333
0.7056,18.1301,18.1301,4.61623,83.6928,85.0695,24.3178,4.61623,0.271667
0.7058,18.0892,18.0892,4.63837,83.9042,85.0695,24.3192,4.63837,0.273333
0.706,18.0387,18.0387,4.64099,83.7174,85.0695,24.3194,4.64099,0.275
0.7062,18.0938,18.0938,4.62515,83.6867,85.0695,24.3182,4.62515,0.273333
0.7064,18.1294,18.1294,4.61735,83.7099,85.0695,24.3178,4.61735,0.271667
0.7066,18.0843,18.0843,4.63753,83.8664,85.0695,24.3191,4.63753,0.273333
0.7068,18.0402,18.0402,4.64471,83.7915,85.0695,24.3196,4.64471,0.275
0.707,18.0943,18.0943,4.62594,83.7031,85.0695,24.3183,4.62594,0.273333
0.7072,18.1301,18.1301,4.61623,83.6928,85.0695,24.3178,4.61623,0.271667
0.7074,18.0892,18.0892,4.63837,83.9042,85.0695,24.3192,4.63837,0.273333
0.7076,18.0387,18.0387,4.64099,83.7174,85.0695,24.3194,4.64099,0.275
0.7078,18.0938,18.0938,4.62515,83.6867,85.0695,24.3182,4.62515,0.273333
0.708,18.1294,18.1294,4.61735,83.7099,85.0695,24.3178,4.61735,0.271667
0.7082,18.0843,18.0843,4.63753,83.8664,85.0695,24.3191,4.63753,0.273333
0.7084,18.0402,18.0402,4.64471,83.7915,85.0695,24.3196,4.64471,0.275
0.7086,18.0943,18.0943,4.62594,83.7031,85.0695,24.3183,4.62594,0.273333
0.7088,18.1301,18.1301,4.61623,83.6928,85.0695,24.3178,4.61623,0.271667
0.709,18.0892,18.0892,4.63837,83.9042,85.0695,24.3192,4.63837,0.273333
0.7092,18.0387,18.0387,4.64099,83.7174,85.0695,24.3194,4.64099,0.275
0.7094,18.0938,18.0938,4.62515,83.6867,85.0695,24.3182,4.62515,0.273333
0.7096,18.1294,18.1294,4.61735,83.7099,85.0695,24.3178,4.61735,0.271667
0.7098,18.0843,18.0843,4.63753,83.8664,85.0695,24.3191,4.63753,0.273333
0.71,18.0402,18.0402,4.64471,83.7915,85.0695,24.3196,4.64471,0.275
0.7102,18.0943,18.0943,4.62594,83.7031,85.0695,24.3183,4.62594,0.273333
0.7104,18.1301,18.1301,4.61623,83.6928,85.0695,24.3178,4.61623,0.271667
0.7106,18.0892,18.0892,4.63837,83.9042,85.0695,24.3192,4.63837,0.273333
0.7108,18.0387,18.0387,4.64099,83.7174,85.0695,24.3194,4.64099,0.275
0.711,18.0938,18.0938,4.62515,83.6867,85.0695,24.3182,4.62515,0.273333
0.7112,18.1294,18.1294,4.61735,83.7099,85.0695,24.3178,4.61735,0.271667
0.7114,18.0843,18.0843,4.63753,83.8664,85.0695,24.3191,4.63753,0.273333
0.7116,18.0402,18.0402,4.64471,83.7915,85.0695,24.3196,4.64471,0.275
0.7118,18.0943,18.0943,4.62594,83.7031,85.0695,24.3183,4.62594,0.273333
0.712,18.1301,18.1301,4.61623,83.6928,85.0695,24.3178,4.61623,0.271667
0.7122,18.0892,18.0892,4.63837,83.9042,85.0695,24.3192,4.63837,0.273333
0.7124,18.0387,18.0387,4.64099,83.7174,85.0695,24.3194,4.64099,0.275
0.7126,18.0938,18.0938,4.62515,83.6867,85.0695,24.3182,4.62515,0.273333
0.7128,18.1294,18.1294,4.61735,83.7099,85.0695,24.3178,4.61735,0.271667
0.713,18.0843,18.0843,4.63753,83.8664,85.0695,24.3191,4.63753,0.273333
0.7132,18.0402,18.0402,4.64471,83.7915,85.0695,24.3196,4.64471,0.275
0.7134,18.0943,18.0943,4.62594,83.7031,85.0695,24.3183,4.62594,0.273333
0.7136,18.1301,18.1301,4.61623,83.6928,85.0695,24.3178,4.61623,0.271667
0.7138,18.0892,18.0892,4.63837,83.9042,85.0695,24.3192,4.63837,0.273333
0.714,18.0387,18.0387,4.64099,83.7174,85.0695,24.3194,4.64099,0.275
0.7142,18.0938,18.0938,4.62515,83.6867,85.0695,24.3182,4.62515,0.273333
0.7144,18.1294,18.1294,4.61735,83.7099,85.0695,24.3178,4.61735,0.271667
0.7146,18.0843,18.0843,4.63753,83.8664,85.0695,24.3191,4.63753,0.273333
0.7148,18.0402,18.0402,4.64471,83.7915,85.0695,24.3196,4.64471,0.275
0.715,18.0943,18.0943,4.62594,83.7031,85.0695,24.3183,4.62594,0.273333
0.7152,18.1301,18.1301,4.61623,83.6928,85.0695,24.3178,4.61623,0.271667
0.7154,18.0892,18.0892,4.63837,83.9042,85.0695,24.3192,4.63837,0.273333
0.7156,18.0387,18.0387,4.64099,83.7174,85.0695,24.3194,4.64099,0.275
0.7158,18.0938,18.0938,4.62515,83.6867,85.0695,24.3182,4.62515,0.273333
0.716,18.1294,18.1294,4.61735,83.7099,85.0695,24.3178,4.61735,0.271667
0.7162,18.0843,18.0843,4.63753,83.8664,85.0695,24.3191,4.63753,0.273333
0.7164,18.0402,18.0402,4.64471,83.7915,85.0695,24.3196,4.64471,0.275
0.7166,18.0943,18.0943,4.62594,83.7031,85.0695,24.3183,4.62594,0.273333
0.7168,18.1301,18.1301,4.61623,83.6928,85.0695,24.3178,4.61623,0.271667
0.717,18.0892,18.0892,4.63837,83.9042,85.0695,24.3192,4.63837,0.273333
0.7172,18.0387,18.0387,4.64099,83.7174,85.0695,24.3194,4.64099,0.275
0.7174,18.0938,18.0938,4.62515,83.6867,85.0695,24.3182,4.62515,0.273333
0.7176,18.1294,18.1294,4.61735,83.7099,85.0695,24.3178,4.61735,0.271667
0.7178,18.0843,18.0843,4.63753,83.8664,85.0695,24.3191,4.63753,0.273333
0.718,18.0402,18.0402,4.64471,83.7915,85.0695,24.3196,4.64471,0.275
0.7182,18.0943,18.0943,4.62594,83.7031,85.0695,24.3183,4.62594,0.273333
0.7184,18.1301,18.1301,4.61623,83.6928,85.0695,24.3178,4.61623,0.271667
0.7186,18.0892,18.0892,4.63837,83.9042,85.0695,24.3192,4.63837,0.273333
0.7188,18.0387,18.0387,4.64099,83.7174,85.0695,24.3194,4.64099,0.275
0.719,18.0938,18.0938,4.62515,83.6867,85.0695,24.3182,4.62515,0.273333
0.7192,18.1294,18.1294,4.61735,83.7099,85.0695,24.3178,4.61735,0.271667
0.7194,18.0843,18.0843,4.63753,83.8664,85.0695,24.3191,4.63753,0.273333
0.7196,18.0402,18.0402,4.64471,83.7915,85.0695,24.3196,4.64471,0.275
0.7198,18.0943,18.0943,4.62594,83.7031,85.0695,24.3183,4.62594,0.273333
0.72,18.1301,18.1301,4.61623,83.6928,85.0695,24.3178,4.61623,0.271667
0.7202,18.0892,18.0892,4.63837,83.9042,85.0695,24.3192,4.63837,0.273333
0.7204,18.0387,18.0387,4.64099,83.7174,85.0695,24.3194,4.64099,0.275
0.7206,18.0938,18.0938,4.62515,83.6867,85.0695,24.3182,4.62515,0.273333
0.7208,18.1294,18.1294,4.61735,83.7099,85.0695,24.3178,4.61735,0.271667
0.721,18.0843,18.0843,4.63753,83.8664,85.0695,24.3191,4.63753,0.273333
0.7212,18.0402,18.0402,4.64471,83.7915,85.0695,24.3196,4.64471,0.275
0.7214,18.0943,18.0943,4.62594,83.7031,85.0695,24.3183,4.62594,0.273333
0.7216,18.1301,18.1301,4.61623,83.6928,85.0695,24.3178,4.61623,0.271667
0.7218,18.0892,18.0892,4.63837,83.9042,85.0695,24.3192,4.63837,0.273333
0.722,18.0387,18.0387,4.64099,83.7174,85.0695,24.3194,4.64099,0.275
0.7222,18.0938,18.0938,4.62515,83.6867,85.0695,24.3182,4.62515,0.273333
0.7224,18.1294,18.1294,4.61735,83.7099,85.0695,24.3178,4.61735,0.271667
0.7226,18.0843,18.0843,4.63753,83.8664,85.0695,24.3191,4.63753,0.273333
0.7228,18.0402,18.0402,4.64471,83.7915,85.0695,24.3196,4.64471,0.275
0.723,18.0943,18.0943,4.62594,83.7031,85.0695,24.3183,4.62594,0.273333
0.7232,18.1301,18.1301,4.61623,83.6928,85.0695,24.3178,4.61623,0.271667
0.7234,18.0892,18.0892,4.63837,83.9042,85.0695,24.3192,4.63837,0.273333
0.7236,18.0387,18.0387,4.64099,83.7174,85.0695,24.3194,4.64099,0.275
0.7238,18.0938,18.0938,4.62515,83.6867,85.0695,24.3182,4.62515,0.273333
0.724,18.1294,18.1294,4.61735,83.7099,85.0695,24.3178,4.61735,0.271667
0.7242,18.0843,18.0843,4.63753,83.8664,85.0695,24.3191,4.63753,0.273333
0.7244,18.0402,18.0402,4.64471,83.7915,85.0695,24.3196,4.64471,0.275
0.7246,18.0943,18.0943,4.62594,83.7031,85.0695,24.3183,4.62594,0.273333
0.7248,18.1301,18.1301,4.61623,83.6928,85.0695,24.3178,4.61623,0.271667
0.725,18.0892,18.0892,4.63837,83.9042,85.0695,24.3192,4.63837,0.273333
0.7252,18.0387,18.0387,4.64099,83.7174,85.0695,24.3194,4.64099,0.275
0.7254,18.0938,18.0938,4.62515,83.6867,85.0695,24.3182,4.62515,0.273333
0.7256,18.1294,18.1294,4.61735,83.7099,85.0695,24.3178,4.61735,0.271667
0.7258,18.0843,18.0843,4.63753,83.8664,85.0695,24.3191,4.63753,0.273333
0.726,18.0402,18.0402,4.64471,83.7915,85.0695,24.3196,4.64471,0.275
0.7262,18.0943,18.0943,4.62594,83.7031,85.0695,24.3183,4.62594,0.273333
0.7264,18.1301,18.1301,4.61623,83.6928,85.0695,24.3178,4.61623,0.271667
0.7266,18.0892,18.0892,4.63837,83.9042,85.0695,24.3192,4.63837,0.273333
0.7268,18.0387,18.0387,4.64099,83.7174,85.0695,24.3194,4.64099,0.275
0.727,18.0938,18.0938,4.62515,83.6867,85.0695,24.3182,4.62515,0.273333
0.7272,18.1294,18.1294,4.61735,83.7099,85.0695,24.3178,4.61735,0.271667
0.7274,18.0843,18.0843,4.63753,83.8664,85.0695,24.3191,4.63753,0.273333
0.7276,18.0402,18.0402,4.64471,83.7915,85.0695,24.3196,4.64471,0.275
0.7278,18.0943,18.0943,4.62594,83.7031,85.0695,24.3183,4.62594,0.273333
0.728,18.1301,18.1301,4.61623,83.6928,85.0695,24.3178,4.61623,0.271667
0.7282,18.0892,18.0892,4.63837,83.9042,85.0695,24.3192,4.63837,0.273333
0.7284,18.0387,18.0387,4.64099,83.7174,85.0695,24.3194,4.64099,0.275
0.7286,18.0938,18.0938,4.62515,83.6867,85.0695,24.3182,4.62515,0.273333
0.7288,18.1294,18.1294,4.61735,83.7099,85.0695,24.3178,4.61735,0.271667
0.729,18.0843,18.0843,4.63753,83.8664,85.0695,24.3191,4.63753,0.273333
0.7292,18.0402,18.0402,4.64471,83.7915,85.0695,24.3196,4.64471,0.275
0.7294,18.0943,18.0943,4.62594,83.7031,85.0695,24.3183,4.62594,0.273333
0.7296,18.1301,18.1301,4.61623,83.6928,85.0695,24.3178,4.61623,0.271667
0.7298,18.0892,18.0892,4.63837,83.9042,85.0695,24.3192,4.63837,0.273333
0.73,18.0387,18.0387,4.64099,83.7174,85.0695,24.3194,4.64099,0.275
0.7302,18.0938,18.0938,4.62515,83.6867,85.0695,24.3182,4.62515,0.273333
0.7304,18.1294,18.1294,4.61735,83.7099,85.0695,24.3178,4.61735,0.271667
0.7306,18.0843,18.0843,4.63753,83.8664,85.0695,24.3191,4.63753,0.273333
0.7308,18.0402,18.0402,4.64471,83.7915,85.0695,24.3196,4.64471,0.275
0.731,18.0943,18.0943,4.62594,83.7031,85.0695,24.3183,4.62594,0.273333
0.7312,18.1301,18.1301,4.61623,83.6928,85.0695,24.3178,4.61623,0.271667
0.7314,18.0892,18.0892,4.63837,83.9042,85.0695,24.3192,4.63837,0.273333
0.7316,18.0387,18.0387,4.64099,83.7174,85.0695,24.3194,4.64099,0.275
0.7318,18.0938,18.0938,4.62515,83.6867,85.0695,24.3182,4.62515,0.273333
0.732,18.1294,18.1294,4.61735,83.7099,85.0695,24.3178,4.61735,0.271667
0.7322,18.0843,18.0843,4.63753,83.8664,85.0695,24.3191,4.63753,0.273333
0.7324,18.0402,18.0402,4.64471,83.7915,85.0695,24.3196,4.64471,0.275
0.7326,18.0943,18.0943,4.62594,83.7031,85.0695,24.3183,4.62594,0.273333
0.7328,18.1301,18.1301,4.61623,83.6928,85.0695,24.3178,4.61623,0.271667
0.733,18.0892,18.0892,4.63837,83.9042,85.0695,24.3192,4.63837,0.273333
0.7332,18.0387,18.0387,4.64099,83.7174,85.0695,24.3194,4.64099,0.275
0.7334,18.0938,18.0938,4.62515,83.6867,85.0695,24.3182,4.62515,0.273333
0.7336,18.1294,18.1294,4.61735,83.7099,85.0695,24.3178,4.61735,0.271667
0.7338,18.0843,18.0843,4.63753,83.8664,85.0695,24.3191,4.63753,0.273333
0.734,18.0402,18.0402,4.64471,83.7915,85.0695,24.3196,4.64471,0.275
0.7342,18.0943,18.0943,4.62594,83.7031,85.0695,24.3183,4.62594,0.273333
0.7344,18.1301,18.1301,4.61623,83.6928,85.0695,24.3178,4.61623,0.271667
0.7346,18.0892,18.0892,4.63837,83.9042,85.0695,24.3192,4.63837,0.273333
0.7348,18.0387,18.0387,4.64099,83.7174,85.0695,24.3194,4.64099,0.275
0.735,18.0938,18.0938,4.62515,83.6867,85.0695,24.3182,4.62515,0.273333
0.7352,18.1294,18.1294,4.61735,83.7099,85.0695,24.3178,4.61735,0.271667
0.7354,18.0843,18.0843,4.63753,83.8664,85.0695,24.3191,4.63753,0.273333
0.7356,18.0402,18.0402,4.64471,83.7915,85.0695,24.3196,4.64471,0.275
0.7358,18.0943,18.0943,4.62594,83.7031,85.0695,24.3183,4.62594,0.273333
0.736,18.1301,18.1301,4.61623,83.6928,85.0695,24.3178,4.61623,0.271667
0.7362,18.0892,18.0892,4.63837,83.9042,85.0695,24.3192,4.63837,0.273333
0.7364,18.0387,18.0387,4.64099,83.7174,85.0695,24.3194,4.64099,0.275
0.7366,18.0938,18.0938,4.62515,83.6867,85.0695,24.3182,4.62515,0.273333
0.7368,18.1294,18.1294,4.61735,83.7099,85.0695,24.3178,4.61735,0.271667
0.737,18.0843,18.0843,4.63753,83.8664,85.0695,24.3191,4.63753,0.273333
0.7372,18.0402,18.0402,4.64471,83.7915,85.0695,24.3196,4.64471,0.275
0.7374,18.0943,18.0943,4.62594,83.7031,85.0695,24.3183,4.62594,0.273333
0.7376,18.1301,18.1301,4.61623,83.6928,85.0695,24.3178,4.61623,0.271667
0.7378,18.0892,18.0892,4.63837,83.9042,85.0695,24.3192,4.63837,0.273333
0.738,18.0387,18.0387,4.64099,83.7174,85.0695,24.3194,4.64099,0.275
0.7382,18.0938,18.0938,4.62515,83.6867,85.0695,24.3182,4.62515,0.273333
0.7384,18.1294,18.1294,4.61735,83.7099,85.0695,24.3178,4.61735,0.271667
0.7386,18.0843,18.0843,4.63753,83.8664,85.0695,24.3191,4.63753,0.273333
0.7388,18.0402,18.0402,4.64471,83.7915,85.0695,24.3196,4.64471,0.275
0.739,18.0943,18.0943,4.62594,83.7031,85.0695,24.3183,4.62594,0.273333
0.7392,18.1301,18.1301,4.61623,83.6928,85.0695,24.3178,4.61623,0.271667
0.7394,18.0892,18.0892,4.63837,83.9042,85.0695,24.3192,4.63837,0.273333
0.7396,18.0387,18.0387,4.64099,83.7174,85.0695,24.3194,4.64099,0.275
0.7398,18.0938,18.0938,4.62515,83.6867,85.0695,24.3182,4.62515,0.273333
0.74,18.1294,18.1294,4.61735,83.7099,85.0695,24.3178,4.61735,0.271667
0.7402,18.0843,18.0843,4.63753,83.8664,85.0695,24.3191,4.63753,0.273333
0.7404,18.0402,18.0402,4.64471,83.7915,85.0695,24.3196,4.64471,0.275
0.7406,18.0943,18.0943,4.62594,83.7031,85.0695,24.3183,4.62594,0.273333
0.7408,18.1301,18.1301,4.61623,83.6928,85.0695,24.3178,4.61623,0.271667
0.741,18.0892,18.0892,4.63837,83.9042,85.0695,24.3192,4.63837,0.273333
0.7412,18.0387,18.0387,4.64099,83.7174,85.0695,24.3194,4.64099,0.275
0.7414,18.0938,18.0938,4.62515,83.6867,85.0695,24.3182,4.62515,0.273333
0.7416,18.1294,18.1294,4.61735,83.7099,85.0695,24.3178,4.61735,0.271667
0.7418,18.0843,18.0843,4.63753,83.8664,85.0695,24.3191,4.63753,0.273333
0.742,18.0402,18.0402,4.64471,83.7915,85.0695,24.3196,4.64471,0.275
0.7422,18.0943,18.0943,4.62594,83.7031,85.0695,24.3183,4.62594,0.273333
0.7424,18.1301,18.1301,4.61623,83.6928,85.0695,24.3178,4.61623,0.271667
0.7426,18.0892,18.0892,4.63837,83.9042,85.0695,24.3192,4.63837,0.273333
0.7428,18.0387,18.0387,4.64099,83.7174,85.0695,24.3194,4.64099,0.275
0.743,18.0938,18.0938,4.62515,83.6867,85.0695,24.3182,4.62515,0.273333
0.7432,18.1294,18.1294,4.61735,83.7099,85.0695,24.3178,4.61735,0.271667
0.7434,18.0843,18.0843,4.63753,83.8664,85.0695,24.3191,4.63753,0.273333
0.7436,18.0402,18.0402,4.64471,83.7915,85.0695,24.3196,4.64471,0.275
0.7438,18.0943,18.0943,4.62594,83.7031,85.0695,24.3183,4.62594,0.273333
0.744,18.1301,18.1301,4.61623,83.6928,85.0695,24.3178,4.61623,0.271667
0.7442,18.0892,18.0892,4.63837,83.9042,85.0695,24.3192,4.63837,0.273333
0.7444,18.0387,18.0387,4.64099,83.7174,85.0695,24.3194,4.64099,0.275
0.7446,18.0938,18.0938,4.62515,83.6867,85.0695,24.3182,4.62515,0.273333
0.7448,18.1294,18.1294,4.61735,83.7099,85.0695,24.3178,4.61735,0.271667
0.745,18.0843,18.0843,4.63753,83.8664,85.0695,24.3191,4.63753,0.273333
0.7452,18.0402,18.0402,4.64471,83.7915,85.0695,24.3196,4.64471,0.275
0.7454,18.0943,18.0943,4.62594,83.7031,85.0695,24.3183,4.62594,0.273333
0.7456,18.1301,18.1301,4.61623,83.6928,85.0695,24.3178,4.61623,0.271667
0.7458,18.0892,18.0892,4.63837,83.9042,85.0695,24.3192,4.63837,0.273333
0.746,18.0387,18.0387,4.64099,83.7174,85.0695,24.3194,4.64099,0.275
0.7462,18.0938,18.0938,4.62515,83.6867,85.0695,24.3182,4.62515,0.273333
0.7464,18.1294,18.1294,4.61735,83.7099,85.0695,24.3178,4.61735,0.271667
0.7466,18.0843,18.0843,4.63753,83.8664,85.0695,24.3191,4.63753,0.273333
0.7468,18.0402,18.0402,4.64471,83.7915,85.0695,24.3196,4.64471,0.275
0.747,18.0943,18.0943,4.62594,83.7031,85.0695,24.3183,4.62594,0.273333
0.7472,18.1301,18.1301,4.61623,83.6928,85.0695,24.3178,4.61623,0.271667
0.7474,18.0892,18.0892,4.63837,83.9042,85.0695,24.3192,4.63837,0.273333
0.7476,18.0387,18.0387,4.64099,83.7174,85.0695,24.3194,4.64099,0.275
0.7478,18.0938,18.0938,4.62515,83.6867,85.0695,24.3182,4.62515,0.273333
0.748,18.1294,18.1294,4.61735,83.7099,85.0695,24.3178,4.61735,0.271667
0.7482,18.0843,18.0843,4.63753,83.8664,85.0695,24.3191,4.63753,0.273333
0.7484,18.0402,18.0402,4.64471,83.7915,85.0695,24.3196,4.64471,0.275
0.7486,18.0943,18.0943,4.62594,83.7031,85.0695,24.3183,4.62594,0.273333
0.7488,18.1301,18.1301,4.61623,83.6928,85.0695,24.3178,4.61623,0.271667
0.749,18.0892,18.0892,4.63837,83.9042,85.0695,24.3192,4.63837,0.273333
0.7492,18.0387,18.0387,4.64099,83.7174,85.0695,24.3194,4.64099,0.275
0.7494,18.0938,18.0938,4.62515,83.6867,85.0695,24.3182,4.62515,0.273333
0.7496,18.1294,18.1294,4.61735,83.7099,85.0695,24.3178,4.61735,0.271667
0.7498,18.0843,18.0843,4.63753,83.8664,85.0695,24.3191,4.63753,0.273333
0.75,18.0402,18.0402,4.64471,83.7915,85.0695,24.3196,4.64471,0.275
0.7502,18.0943,18.0943,4.62594,83.7031,85.0695,24.3183,4.62594,0.273333
0.7504,18.1301,18.1301,4.61623,83.6928,85.0695,24.3178,4.61623,0.271667
0.7506,18.0892,18.0892,4.63837,83.9042,85.0695,24.3192,4.63837,0.273333
0.7508,18.0387,18.0387,4.64099,83.7174,85.0695,24.3194,4.64099,0.275
0.751,18.0938,18.0938,4.62515,83.6867,85.0695,24.3182,4.62515,0.273333
0.7512,18.1294,18.1294,4.61735,83.7099,85.0695,24.3178,4.61735,0.271667
0.7514,18.0843,18.0843,4.63753,83.8664,85.0695,24.3191,4.63753,0.273333
0.7516,18.0402,18.0402,4.64471,83.7915,85.0695,24.3196,4.64471,0.275
0.7518,18.0943,18.0943,4.62594,83.7031,85.0695,24.3183,4.62594,0.273333
0.752,18.1301,18.1301,4.61623,83.6928,85.0695,24.3178,4.61623,0.271667
0.7522,18.0892,18.0892,4.63837,83.9042,85.0695,24.3192,4.63837,0.273333
0.7524,18.0387,18.0387,4.64099,83.7174,85.0695,24.3194,4.64099,0.275
0.7526,18.0938,18.0938,4.62515,83.6867,85.0695,24.3182,4.62515,0.273333
0.7528,18.1294,18.1294,4.61735,83.7099,85.0695,24.3178,4.61735,0.271667
0.753,18.0843,18.0843,4.63753,83.8664,85.0695,24.3191,4.63753,0.273333
0.7532,18.0402,18.0402,4.64471,83.7915,85.0695,24.3196,4.64471,0.275
0.7534,18.0943,18.0943,4.62594,83.7031,85.0695,24.3183,4.62594,0.273333
0.7536,18.1301,18.1301,4.61623,83.6928,85.0695,24.3178,4.61623,0.271667
0.7538,18.0892,18.0892,4.63837,83.9042,85.0695,24.3192,4.63837,0.273333
0.754,18.0387,18.0387,4.64099,83.7174,85.0695,24.3194,4.64099,0.275
0.7542,18.0938,18.0938,4.62515,83.6867,85.0695,24.3182,4.62515,0.273333
0.7544,18.1294,18.1294,4.61735,83.7099,85.0695,24.3178,4.61735,0.271667
0.7546,18.0843,18.0843,4.63753,83.8664,85.0695,24.3191,4.63753,0.273333
0.7548,18.0402,18.0402,4.64471,83.7915,85.0695,24.3196,4.64471,0.275
0.755,18.0943,18.0943,4.62594,83.7031,85.0695,24.3183,4.62594,0.273333
0.7552,18.1301,18.1301,4.61623,83.6928,85.0695,24.3178,4.61623,0.271667
0.7554,18.0892,18.0892,4.63837,83.9042,85.0695,24.3192,4.63837,0.273333
0.7556,18.0387,18.0387,4.64099,83.7174,85.0695,24.3194,4.64099,0.275
0.7558,18.0938,18.0938,4.62515,83.6867,85.0695,24.3182,4.62515,0.273333
0.756,18.1294,18.1294,4.61735,83.7099,85.0695,24.3178,4.61735,0.271667
0.7562,18.0843,18.0843,4.63753,83.8664,85.0695,24.3191,4.63753,0.273333
0.7564,18.0402,18.0402,4.64471,83.7915,85.0695,24.3196,4.64471,0.275
0.7566,18.0943,18.0943,4.62594,83.7031,85.0695,24.3183,4.62594,0.273333
0.7568,18.1301,18.1301,4.61623,83.6928,85.0695,24.3178,4.61623,0.271667
0.757,18.0892,18.0892,4.63837,83.9042,85.0695,24.3192,4.63837,0.273333
0.7572,18.0387,18.0387,4.64099,83.7174,85.0695,24.3194,4.64099,0.275
0.7574,18.0938,18.0938,4.62515,83.6867,85.0695,24.3182,4.62515,0.273333
0.7576,18.1294,18.1294,4.61735,83.7099,85.0695,24.3178,4.61735,0.271667
0.7578,18.0843,18.0843,4.63753,83.8664,85.0695,24.3191,4.63753,0.273333
0.758,18.0402,18.0402,4.64471,83.7915,85.0695,24.3196,4.64471,0.275
0.7582,18.0943,18.0943,4.62594,83.7031,85.0695,24.3183,4.62594,0.273333
0.7584,18.1301,18.1301,4.61623,83.6928,85.0695,24.3178,4.61623,0.271667
0.7586,18.0892,18.0892,4.63837,83.9042,85.0695,24.3192,4.63837,0.273333
0.7588,18.0387,18.0387,4.64099,83.7174,85.0695,24.3194,4.64099,0.275
0.759,18.0938,18.0938,4.62515,83.6867,85.0695,24.3182,4.62515,0.273333
0.7592,18.1294,18.1294,4.61735,83.7099,85.0695,24.3178,4.61735,0.271667
0.7594,18.0843,18.0843,4.63753,83.8664,85.0695,24.3191,4.63753,0.273333
0.7596,18.0402,18.0402,4.64471,83.7915,85.0695,24.3196,4.64471,0.275
0.7598,18.0943,18.0943,4.62594,83.7031,85.0695,24.3183,4.62594,0.273333
0.76,18.1301,18.1301,4.61623,83.6928,85.0695,24.3178,4.61623,0.271667
0.7602,18.0892,18.0892,4.63837,83.9042,85.0695,24.3192,4.63837,0.273333
0.7604,18.0387,18.0387,4.64099,83.7174,85.0695,24.3194,4.64099,0.275
0.7606,18.0938,18.0938,4.62515,83.6867,85.0695,24.3182,4.62515,0.273333
0.7608,18.1294,18.1294,4.61735,83.7099,85.0695,24.3178,4.61735,0.271667
0.761,18.0843,18.0843,4.63753,83.8664,85.0695,24.3191,4.63753,0.273333
0.7612,18.0402,18.0402,4.64471,83.7915,85.0695,24.3196,4.64471,0.275
0.7614,18.0943,18.0943,4.62594,83.7031,85.0695,24.3183,4.62594,0.273333
0.7616,18.1301,18.1301,4.61623,83.6928,85.0695,24.3178,4.61623,0.271667
0.7618,18.0892,18.0892,4.63837,83.9042,85.0695,24.3192,4.63837,0.273333
0.762,18.0387,18.0387,4.64099,83.7174,85.0695,24.3194,4.64099,0.275
0.7622,18.0938,18.0938,4.62515,83.6867,85.0695,24.3182,4.62515,0.273333
0.7624,18.1294,18.1294,4.61735,83.7099,85.0695,24.3178,4.61735,0.271667
0.7626,18.0843,18.0843,4.63753,83.8664,85.0695,24.3191,4.63753,0.273333
0.7628,18.0402,18.0402,4.64471,83.7915,85.0695,24.3196,4.64471,0.275
0.763,18.0943,18.0943,4.62594,83.7031,85.0695,24.3183,4.62594,0.273333
0.7632,18.1301,18.1301,4.61623,83.6928,85.0695,24.3178,4.61623,0.271667
0.7634,18.0892,18.0892,4.63837,83.9042,85.0695,24.3192,4.63837,0.273333
0.7636,18.0387,18.0387,4.64099,83.7174,85.0695,24.3194,4.64099,0.275
0.7638,18.0938,18.0938,4.62515,83.6867,85.0695,24.3182,4.62515,0.273333
0.764,18.1294,18.1294,4.61735,83.7099,85.0695,24.3178,4.61735,0.271667
0.7642,18.0843,18.0843,4.63753,83.8664,85.0695,24.3191,4.63753,0.273333
0.7644,18.0402,18.0402,4.64471,83.7915,85.0695,24.3196,4.64471,0.275
0.7646,18.0943,18.0943,4.62594,83.7031,85.0695,24.3183,4.62594,0.273333
0.7648,18.1301,18.1301,4.61623,83.6928,85.0695,24.3178,4.61623,0.271667
0.765,18.0892,18.0892,4.63837,83.9042,85.0695,24.3192,4.63837,0.273333
0.7652,18.0387,18.0387,4.64099,83.7174,85.0695,24.3194,4.64099,0.275
0.7654,18.0938,18.0938,4.62515,83.6867,85.0695,24.3182,4.62515,0.273333
0.7656,18.1294,18.1294,4.61735,83.7099,85.0695,24.3178,4.61735,0.271667
0.7658,18.0843,18.0843,4.63753,83.8664,85.0695,24.3191,4.63753,0.273333
0.766,18.0402,18.0402,4.64471,83.7915,85.0695,24.3196,4.64471,0.275
0.7662,18.0943,18.0943,4.62594,83.7031,85.0695,24.3183,4.62594,0.273333
0.7664,18.1301,18.1301,4.61623,83.6928,85.0695,24.3178,4.61623,0.271667
0.7666,18.0892,18.0892,4.63837,83.9042,85.0695,24.3192,4.63837,0.273333
0.7668,18.0387,18.0387,4.64099,83.7174,85.0695,24.3194,4.64099,0.275
0.767,18.0938,18.0938,4.62515,83.6867,85.0695,24.3182,4.62515,0.273333
0.7672,18.1294,18.1294,4.61735,83.7099,85.0695,24.3178,4.61735,0.271667
0.7674,18.0843,18.0843,4.63753,83.8664,85.0695,24.3191,4.63753,0.273333
0.7676,18.0402,18.0402,4.64471,83.7915,85.0695,24.3196,4.64471,0.275
0.7678,18.0943,18.0943,4.62594,83.7031,85.0695,24.3183,4.62594,0.273333
0.768,18.1301,18.1301,4.61623,83.6928,85.0695,24.3178,4.61623,0.271667
0.7682,18.0892,18.0892,4.63837,83.9042,85.0695,24.3192,4.63837,0.273333
0.7684,18.0387,18.0387,4.64099,83.7174,85.0695,24.3194,4.64099,0.275
0.7686,18.0938,18.0938,4.62515,83.6867,85.0695,24.3182,4.62515,0.273333
0.7688,18.1294,18.1294,4.61735,83.7099,85.0695,24.3178,4.61735,0.271667
0.769,18.0843,18.0843,4.63753,83.8664,85.0695,24.3191,4.63753,0.273333
0.7692,18.0402,18.0402,4.64471,83.7915,85.0695,24.3196,4.64471,0.275
0.7694,18.0943,18.0943,4.62594,83.7031,85.0695,24.3183,4.62594,0.273333
0.7696,18.1301,18.1301,4.61623,83.6928,85.0695,24.3178,4.61623,0.271667
0.7698,18.0892,18.0892,4.63837,83.9042,85.0695,24.3192,4.63837,0.273333
0.77,18.0387,18.0387,4.64099,83.7174,85.0695,24.3194,4.64099,0.275
0.7702,18.0938,18.0938,4.62515,83.6867,85.0695,24.3182,4.62515,0.273333
0.7704,18.1294,18.1294,4.61735,83.7099,85.0695,24.3178,4.61735,0.271667
0.7706,18.0843,18.0843,4.63753,83.8664,85.0695,24.3191,4.63753,0.273333
0.7708,18.0402,18.0402,4.64471,83.7915,85.0695,24.3196,4.64471,0.275
0.771,18.0943,18.0943,4.62594,83.7031,85.0695,24.3183,4.62594,0.273333
0.7712,18.1301,18.1301,4.61623,83.6928,85.0695,24.3178,4.61623,0.271667
0.7714,18.0892,18.0892,4.63837,83.9042,85.0695,24.3192,4.63837,0.273333
0.7716,18.0387,18.0387,4.64099,83.7174,85.0695,24.3194,4.64099,0.275
0.7718,18.0938,18.0938,4.62515,83.6867,85.0695,24.3182,4.62515,0.273333
0.772,18.1294,18.1294,4.61735,83.7099,85.0695,24.3178,4.61735,0.271667
0.7722,18.0843,18.0843,4.63753,83.8664,85.0695,24.3191,4.63753,0.273333
0.7724,18.0402,18.0402,4.64471,83.7915,85.0695,24.3196,4.64471,0.275
0.7726,18.0943,18.0943,4.62594,83.7031,85.0695,24.3183,4.62594,0.273333
0.7728,18.1301,18.1301,4.61623,83.6928,85.0695,24.3178,4.61623,0.271667
0.773,18.0892,18.0892,4.63837,83.9042,85.0695,24.3192,4.63837,0.273333
0.7732,18.0387,18.0387,4.64099,83.7174,85.0695,24.3194,4.64099,0.275
0.7734,18.0938,18.0938,4.62515,83.6867,85.0695,24.3182,4.62515,0.273333
0.7736,18.1294,18.1294,4.61735,83.7099,85.0695,24.3178,4.61735,0.271667
0.7738,18.0843,18.0843,4.63753,83.8664,85.0695,24.3191,4.63753,0.273333
0.774,18.0402,18.0402,4.64471,83.7915,85.0695,24.3196,4.64471,0.275
0.7742,18.0943,18.0943,4.62594,83.7031,85.0695,24.3183,4.62594,0.273333
0.7744,18.1301,18.1301,4.61623,83.6928,85.0695,24.3178,4.61623,0.271667
0.7746,18.0892,18.0892,4.63837,83.9042,85.0695,24.3192,4.63837,0.273333
0.7748,18.0387,18.0387,4.64099,83.7174,85.0695,24.3194,4.64099,0.275
0.775,18.0938,18.0938,4.62515,83.6867,85.0695,24.3182,4.62515,0.273333
0.7752,18.1294,18.1294,4.61735,83.7099,85.0695,24.3178,4.61735,0.271667
0.7754,18.0843,18.0843,4.63753,83.8664,85.0695,24.3191,4.63753,0.273333
0.7756,18.0402,18.0402,4.64471,83.7915,85.0695,24.3196,4.64471,0.275
0.7758,18.0943,18.0943,4.62594,83.7031,85.0695,24.3183,4.62594,0.273333
0.776,18.1301,18.1301,4.61623,83.6928,85.0695,24.3178,4.61623,0.271667
0.7762,18.0892,18.0892,4.63837,83.9042,85.0695,24.3192,4.63837,0.273333
0.7764,18.0387,18.0387,4.64099,83.7174,85.0695,24.3194,4.64099,0.275
0.7766,18.0938,18.0938,4.62515,83.6867,85.0695,24.3182,4.62515,0.273333
0.7768,18.1294,18.1294,4.61735,83.7099,85.0695,24.3178,4.61735,0.271667
0.777,18.0843,18.0843,4.63753,83.8664,85.0695,24.3191,4.63753,0.273333
0.7772,18.0402,18.0402,4.64471,83.7915,85.0695,24.3196,4.64471,0.275
0.7774,18.0943,18.0943,4.62594,83.7031,85.0695,24.3183,4.62594,0.273333
0.7776,18.1301,18.1301,4.61623,83.6928,85.0695,24.3178,4.61623,0.271667
0.7778,18.0892,18.0892,4.63837,83.9042,85.0695,24.3192,4.63837,0.273333
0.778,18.0387,18.0387,4.64099,83.7174,85.0695,24.3194,4.64099,0.275
0.7782,18.0938,18.0938,4.62515,83.6867,85.0695,24.3182,4.62515,0.273333
0.7784,18.1294,18.1294,4.61735,83.7099,85.0695,24.3178,4.61735,0.271667
0.7786,18.0843,18.0843,4.63753,83.8664,85.0695,24.3191,4.63753,0.273333
0.7788,18.0402,18.0402,4.64471,83.7915,85.0695,24.3196,4.64471,0.275
0.779,18.0943,18.0943,4.62594,83.7031,85.0695,24.3183,4.62594,0.273333
0.7792,18.1301,18.1301,4.61623,83.6928,85.0695,24.3178,4.61623,0.271667
0.7794,18.0892,18.0892,4.63837,83.9042,85.0695,24.3192,4.63837,0.273333
0.7796,18.0387,18.0387,4.64099,83.7174,85.0695,24.3194,4.64099,0.275
0.7798,18.0938,18.0938,4.62515,83.6867,85.0695,24.3182,4.62515,0.273333
0.78,18.1294,18.1294,4.61735,83.7099,85.0695,24.3178,4.61735,0.271667
0.7802,18.0843,18.0843,4.63753,83.8664,85.0695,24.3191,4.63753,0.273333
0.7804,18.0402,18.0402,4.64471,83.7915,85.0695,24.3196,4.64471,0.275
0.7806,18.0943,18.0943,4.62594,83.7031,85.0695,24.3183,4.62594,0.273333
0.7808,18.1301,18.1301,4.61623,83.6928,85.0695,24.3178,4.61623,0.271667
0.781,18.0892,18.0892,4.63837,83.9042,85.0695,24.3192,4.63837,0.273333
0.7812,18.0387,18.0387,4.64099,83.7174,85.0695,24.3194,4.64099,0.275
0.7814,18.0938,18.0938,4.62515,83.6867,85.0695,24.3182,4.62515,0.273333
0.7816,18.1294,18.1294,4.61735,83.7099,85.0695,24.3178,4.61735,0.271667
0.7818,18.0843,18.0843,4.63753,83.8664,85.0695,24.3191,4.63753,0.273333
0.782,18.0402,18.0402,4.64471,83.7915,85.0695,24.3196,4.64471,0.275
0.7822,18.0943,18.0943,4.62594,83.7031,85.0695,24.3183,4.62594,0.273333
0.7824,18.1301,18.1301,4.61623,83.6928,85.0695,24.3178,4.61623,0.271667
0.7826,18.0892,18.0892,4.63837,83.9042,85.0695,24.3192,4.63837,0.273333
0.7828,18.0387,18.0387,4.64099,83.7174,85.0695,24.3194,4.64099,0.275
0.783,18.0938,18.0938,4.62515,83.6867,85.0695,24.3182,4.62515,0.273333
0.7832,18.1294,18.1294,4.61735,83.7099,85.0695,24.3178,4.61735,0.271667
0.7834,18.0843,18.0843,4.63753,83.8664,85.0695,24.3191,4.63753,0.273333
0.7836,18.0402,18.0402,4.64471,83.7915,85.0695,24.3196,4.64471,0.275
0.7838,18.0943,18.0943,4.62594,83.7031,85.0695,24.3183,4.62594,0.273333
0.784,18.1301,18.1301,4.61623,83.6928,85.0695,24.3178,4.61623,0.271667
0.7842,18.0892,18.0892,4.63837,83.9042,85.0695,24.3192,4.63837,0.273333
0.7844,18.0387,18.0387,4.64099,83.7174,85.0695,24.3194,4.64099,0.275
0.7846,18.0938,18.0938,4.62515,83.6867,85.0695,24.3182,4.62515,0.273333
0.7848,18.1294,18.1294,4.61735,83.7099,85.0695,24.3178,4.61735,0.271667
0.785,18.0843,18.0843,4.63753,83.8664,85.0695,24.3191,4.63753,0.273333
0.7852,18.0402,18.0402,4.64471,83.7915,85.0695,24.3196,4.64471,0.275
0.7854,18.0943,18.0943,4.62594,83.7031,85.0695,24.3183,4.62594,0.273333
0.7856,18.1301,18.1301,4.61623,83.6928,85.0695,24.3178,4.61623,0.271667
0.7858,18.0892,18.0892,4.63837,83.9042,85.0695,24.3192,4.63837,0.273333
0.786,18.0387,18.0387,4.64099,83.7174,85.0695,24.3194,4.64099,0.275
0.7862,18.0938,18.0938,4.62515,83.6867,85.0695,24.3182,4.62515,0.273333
0.7864,18.1294,18.1294,4.61735,83.7099,85.0695,24.3178,4.61735,0.271667
0.7866,18.0843,18.0843,4.63753,83.8664,85.0695,24.3191,4.63753,0.273333
0.7868,18.0402,18.0402,4.64471,83.7915,85.0695,24.3196,4.64471,0.275
0.787,18.0943,18.0943,4.62594,83.7031,85.0695,24.3183,4.62594,0.273333
0.7872,18.1301,18.1301,4.61623,83.6928,85.0695,24.3178,4.61623,0.271667
0.7874,18.0892,18.0892,4.63837,83.9042,85.0695,24.3192,4.63837,0.273333
0.7876,18.0387,18.0387,4.64099,83.7174,85.0695,24.3194,4.64099,0.275
0.7878,18.0938,18.0938,4.62515,83.6867,85.0695,24.3182,4.62515,0.273333
0.788,18.1294,18.1294,4.61735,83.7099,85.0695,24.3178,4.61735,0.271667
0.7882,18.0843,18.0843,4.63753,83.8664,85.0695,24.3191,4.63753,0.273333
0.7884,18.0402,18.0402,4.64471,83.7915,85.0695,24.3196,4.64471,0.275
0.7886,18.0943,18.0943,4.62594,83.7031,85.0695,24.3183,4.62594,0.273333
0.7888,18.1301,18.1301,4.61623,83.6928,85.0695,24.3178,4.61623,0.271667
0.789,18.0892,18.0892,4.63837,83.9042,85.0695,24.3192,4.63837,0.273333
0.7892,18.0387,18.0387,4.64099,83.7174,85.0695,24.3194,4.64099,0.275
0.7894,18.0938,18.0938,4.62515,83.6867,85.0695,24.3182,4.62515,0.273333
0.7896,18.1294,18.1294,4.61735,83.7099,85.0695,24.3178,4.61735,0.271667
0.7898,18.0843,18.0843,4.63753,83.8664,85.0695,24.3191,4.63753,0.273333
0.79,18.0402,18.0402,4.64471,83.7915,85.0695,24.3196,4.64471,0.275
0.7902,18.0943,18.0943,4.62594,83.7031,85.0695,24.3183,4.62594,0.273333
0.7904,18.1301,18.1301,4.61623,83.6928,85.0695,24.3178,4.61623,0.271667
0.7906,18.0892,18.0892,4.63837,83.9042,85.0695,24.3192,4.63837,0.273333
0.7908,18.0387,18.0387,4.64099,83.7174,85.0695,24.3194,4.64099,0.275
0.791,18.0938,18.0938,4.62515,83.6867,85.0695,24.3182,4.62515,0.273333
0.7912,18.1294,18.1294,4.61735,83.7099,85.0695,24.3178,4.61735,0.271667
0.7914,18.0843,18.0843,4.63753,83.8664,85.0695,24.3191,4.63753,0.273333
0.7916,18.0402,18.0402,4.64471,83.7915,85.0695,24.3196,4.64471,0.275
0.7918,18.0943,18.0943,4.62594,83.7031,85.0695,24.3183,4.62594,0.273333
0.792,18.1301,18.1301,4.61623,83.6928,85.0695,24.3178,4.61623,0.271667
0.7922,18.0892,18.0892,4.63837,83.9042,85.0695,24.3192,4.63837,0.273333
0.7924,18.0387,18.0387,4.64099,83.7174,85.0695,24.3194,4.64099,0.275
0.7926,18.0938,18.0938,4.62515,83.6867,85.0695,24.3182,4.62515,0.273333
0.7928,18.1294,18.1294,4.61735,83.7099,85.0695,24.3178,4.61735,0.271667
0.793,18.0843,18.0843,4.63753,83.8664,85.0695,24.3191,4.63753,0.273333
0.7932,18.0402,18.0402,4.64471,83.7915,85.0695,24.3196,4.64471,0.275
0.7934,18.0943,18.0943,4.62594,83.7031,85.0695,24.3183,4.62594,0.273333
0.7936,18.1301,18.1301,4.61623,83.6928,85.0695,24.3178,4.61623,0.271667
0.7938,18.0892,18.0892,4.63837,83.9042,85.0695,24.3192,4.63837,0.273333
0.794,18.0387,18.0387,4.64099,83.7174,85.0695,24.3194,4.64099,0.275
0.7942,18.0938,18.0938,4.62515,83.6867,85.0695,24.3182,4.62515,0.273333
0.7944,18.1294,18.1294,4.61735,83.7099,85.0695,24.3178,4.61735,0.271667
0.7946,18.0843,18.0843,4.63753,83.8664,85.0695,24.3191,4.63753,0.273333
0.7948,18.0402,18.0402,4.64471,83.7915,85.0695,24.3196,4.64471,0.275
0.795,18.0943,18.0943,4.62594,83.7031,85.0695,24.3183,4.62594,0.273333
0.7952,18.1301,18.1301,4.61623,83.6928,85.0695,24.3178,4.61623,0.271667
0.7954,18.0892,18.0892,4.63837,83.9042,85.0695,24.3192,4.63837,0.273333
0.7956,18.0387,18.0387,4.64099,83.7174,85.0695,24.3194,4.64099,0.275
0.7958,18.0938,18.0938,4.62515,83.6867,85.0695,24.3182,4.62515,0.273333
0.796,18.1294,18.1294,4.61735,83.7099,85.0695,24.3178,4.61735,0.271667
0.7962,18.0843,18.0843,4.63753,83.8664,85.0695,24.3191,4.63753,0.273333
0.7964,18.0402,18.0402,4.64471,83.7915,85.0695,24.3196,4.64471,0.275
0.7966,18.0943,18.0943,4.62594,83.7031,85.0695,24.3183,4.62594,0.273333
0.7968,18.1301,18.1301,4.61623,83.6928,85.0695,24.3178,4.61623,0.271667
0.797,18.0892,18.0892,4.63837,83.9042,85.0695,24.3192,4.63837,0.273333
0.7972,18.0387,18.0387,4.64099,83.7174,85.0695,24.3194,4.64099,0.275
0.7974,18.0938,18.0938,4.62515,83.6867,85.0695,24.3182,4.62515,0.273333
0.7976,18.1294,18.1294,4.61735,83.7099,85.0695,24.3178,4.61735,0.271667
0.7978,18.0843,18.0843,4.63753,83.8664,85.0695,24.3191,4.63753,0.273333
0.798,18.0402,18.0402,4.64471,83.7915,85.0695,24.3196,4.64471,0.275
0.7982,18.0943,18.0943,4.62594,83.7031,85.0695,24.3183,4.62594,0.273333
0.7984,18.1301,18.1301,4.61623,83.6928,85.0695,24.3178,4.61623,0.271667
0.7986,18.0892,18.0892,4.63837,83.9042,85.0695,24.3192,4.63837,0.273333
0.7988,18.0387,18.0387,4.64099,83.7174,85.0695,24.3194,4.64099,0.275
0.799,18.0938,18.0938,4.62515,83.6867,85.0695,24.3182,4.62515,0.273333
0.7992,18.1294,18.1294,4.61735,83.7099,85.0695,24.3178,4.61735,0.271667
0.7994,18.0843,18.0843,4.63753,83.8664,85.0695,24.3191,4.63753,0.273333
0.7996,18.0402,18.0402,4.64471,83.7915,85.0695,24.3196,4.64471,0.275
0.7998,18.0943,18.0943,4.62594,83.7031,85.0695,24.3183,4.62594,0.273333
0.8,18.1301,18.1301,4.61623,83.6928,85.0695,24.3178,4.61623,0.271667
0.8002,18.0892,18.0892,4.63837,83.9042,85.0695,24.3192,4.63837,0.273333
0.8004,18.0387,18.0387,4.64099,83.7174,85.0695,24.3194,4.64099,0.275
0.8006,18.0938,18.0938,4.62515,83.6867,85.0695,24.3182,4.62515,0.273333
0.8008,18.1294,18.1294,4.61735,83.7099,85.0695,24.3178,4.61735,0.271667
0.801,18.0843,18.0843,4.63753,83.8664,85.0695,24.3191,4.63753,0.273333
0.8012,18.0402,18.0402,4.64471,83.7915,85.0695,24.3196,4.64471,0.275
0.8014,18.0943,18.0943,4.62594,83.7031,85.0695,24.3183,4.62594,0.273333
0.8016,18.1301,18.1301,4.61623,83.6928,85.0695,24.3178,4.61623,0.271667
0.8018,18.0892,18.0892,4.63837,83.9042,85.0695,24.3192,4.63837,0.273333
0.802,18.0387,18.0387,4.64099,83.7174,85.0695,24.3194,4.64099,0.275
0.8022,18.0938,18.0938,4.62515,83.6867,85.0695,24.3182,4.62515,0.273333
0.8024,18.1294,18.1294,4.61735,83.7099,85.0695,24.3178,4.61735,0.271667
0.8026,18.0843,18.0843,4.63753,83.8664,85.0695,24.3191,4.63753,0.273333
0.8028,18.0402,18.0402,4.64471,83.7915,85.0695,24.3196,4.64471,0.275
0.803,18.0943,18.0943,4.62594,83.7031,85.0695,24.3183,4.62594,0.273333
0.8032,18.1301,18.1301,4.61623,83.6928,85.0695,24.3178,4.61623,0.271667
0.8034,18.0892,18.0892,4.63837,83.9042,85.0695,24.3192,4.63837,0.273333
0.8036,18.0387,18.0387,4.64099,83.7174,85.0695,24.3194,4.64099,0.275
0.8038,18.0938,18.0938,4.62515,83.6867,85.0695,24.3182,4.62515,0.273333
0.804,18.1294,18.1294,4.61735,83.7099,85.0695,24.3178,4.61735,0.271667
0.8042,18.0843,18.0843,4.63753,83.8664,85.0695,24.3191,4.63753,0.273333
0.8044,18.0402,18.0402,4.64471,83.7915,85.0695,24.3196,4.64471,0.275
0.8046,18.0943,18.0943,4.62594,83.7031,85.0695,24.3183,4.62594,0.273333
0.8048,18.1301,18.1301,4.61623,83.6928,85.0695,24.3178,4.61623,0.271667
0.805,18.0892,18.0892,4.63837,83.9042,85.0695,24.3192,4.63837,0.273333
0.8052,18.0387,18.0387,4.64099,83.7174,85.0695,24.3194,4.64099,0.275
0.8054,18.0938,18.0938,4.62515,83.6867,85.0695,24.3182,4.62515,0.273333
0.8056,18.1294,18.1294,4.61735,83.7099,85.0695,24.3178,4.61735,0.271667
0.8058,18.0843,18.0843,4.63753,83.8664,85.0695,24.3191,4.63753,0.273333
0.806,18.0402,18.0402,4.64471,83.7915,85.0695,24.3196,4.64471,0.275
0.8062,18.0943,18.0943,4.62594,83.7031,85.0695,24.3183,4.62594,0.273333
0.8064,18.1301,18.1301,4.61623,83.6928,85.0695,24.3178,4.61623,0.271667
0.8066,18.0892,18.0892,4.63837,83.9042,85.0695,24.3192,4.63837,0.273333
0.8068,18.0387,18.0387,4.64099,83.7174,85.0695,24.3194,4.64099,0.275
0.807,18.0938,18.0938,4.62515,83.6867,85.0695,24.3182,4.62515,0.273333
0.8072,18.1294,18.1294,4.61735,83.7099,85.0695,24.3178,4.61735,0.271667
0.8074,18.0843,18.0843,4.63753,83.8664,85.0695,24.3191,4.63753,0.273333
0.8076,18.0402,18.0402,4.64471,83.7915,85.0695,24.3196,4.64471,0.275
0.8078,18.0943,18.0943,4.62594,83.7031,85.0695,24.3183,4.62594,0.273333
0.808,18.1301,18.1301,4.61623,83.6928,85.0695,24.3178,4.61623,0.271667
0.8082,18.0892,18.0892,4.63837,83.9042,85.0695,24.3192,4.63837,0.273333
0.8084,18.0387,18.0387,4.64099,83.7174,85.0695,24.3194,4.64099,0.275
0.8086,18.0938,18.0938,4.62515,83.6867,85.0695,24.3182,4.62515,0.273333
0.8088,18.1294,18.1294,4.61735,83.7099,85.0695,24.3178,4.61735,0.271667
0.809,18.0843,18.0843,4.63753,83.8664,85.0695,24.3191,4.63753,0.273333
0.8092,18.0402,18.0402,4.64471,83.7915,85.0695,24.3196,4.64471,0.275
0.8094,18.0943,18.0943,4.62594,83.7031,85.0695,24.3183,4.62594,0.273333
0.8096,18.1301,18.1301,4.61623,83.6928,85.0695,24.3178,4.61623,0.271667
0.8098,18.0892,18.0892,4.63837,83.9042,85.0695,24.3192,4.63837,0.273333
0.81,18.0387,18.0387,4.64099,83.7174,85.0695,24.3194,4.64099,0.275
0.8102,18.0938,18.0938,4.62515,83.6867,85.0695,24.3182,4.62515,0.273333
0.8104,18.1294,18.1294,4.61735,83.7099,85.0695,24.3178,4.61735,0.271667
0.8106,18.0843,18.0843,4.63753,83.8664,85.0695,24.3191,4.63753,0.273333
0.8108,18.0402,18.0402,4.64471,83.7915,85.0695,24.3196,4.64471,0.275
0.811,18.0943,18.0943,4.62594,83.7031,85.0695,24.3183,4.62594,0.273333
0.8112,18.1301,18.1301,4.61623,83.6928,85.0695,24.3178,4.61623,0.271667
0.8114,18.0892,18.0892,4.63837,83.9042,85.0695,24.3192,4.63837,0.273333
0.8116,18.0387,18.0387,4.64099,83.7174,85.0695,24.3194,4.64099,0.275
0.8118,18.0938,18.0938,4.62515,83.6867,85.0695,24.3182,4.62515,0.273333
0.812,18.1294,18.1294,4.61735,83.7099,85.0695,24.3178,4.61735,0.271667
0.8122,18.0843,18.0843,4.63753,83.8664,85.0695,24.3191,4.63753,0.273333
0.8124,18.0402,18.0402,4.64471,83.7915,85.0695,24.3196,4.64471,0.275
0.8126,18.0943,18.0943,4.62594,83.7031,85.0695,24.3183,4.62594,0.273333
0.8128,18.1301,18.1301,4.61623,83.6928,85.0695,24.3178,4.61623,0.271667
0.813,18.0892,18.0892,4.63837,83.9042,85.0695,24.3192,4.63837,0.273333
0.8132,18.0387,18.0387,4.64099,83.7174,85.0695,24.3194,4.64099,0.275
0.8134,18.0938,18.0938,4.62515,83.6867,85.0695,24.3182,4.62515,0.273333
0.8136,18.1294,18.1294,4.61735,83.7099,85.0695,24.3178,4.61735,0.271667
0.8138,18.0843,18.0843,4.63753,83.8664,85.0695,24.3191,4.63753,0.273333
0.814,18.0402,18.0402,4.64471,83.7915,85.0695,24.3196,4.64471,0.275
0.8142,18.0943,18.0943,4.62594,83.7031,85.0695,24.3183,4.62594,0.273333
0.8144,18.1301,18.1301,4.61623,83.6928,85.0695,24.3178,4.61623,0.271667
0.8146,18.0892,18.0892,4.63837,83.9042,85.0695,24.3192,4.63837,0.273333
0.8148,18.0387,18.0387,4.64099,83.7174,85.0695,24.3194,4.64099,0.275
0.815,18.0938,18.0938,4.62515,83.6867,85.0695,24.3182,4.62515,0.273333
0.8152,18.1294,18.1294,4.61735,83.7099,85.0695,24.3178,4.61735,0.271667
0.8154,18.0843,18.0843,4.63753,83.8664,85.0695,24.3191,4.63753,0.273333
0.8156,18.0402,18.0402,4.64471,83.7915,85.0695,24.3196,4.64471,0.275
0.8158,18.0943,18.0943,4.62594,83.7031,85.0695,24.3183,4.62594,0.273333
0.816,18.1301,18.1301,4.61623,83.6928,85.0695,24.3178,4.61623,0.271667
0.8162,18.0892,18.0892,4.63837,83.9042,85.0695,24.3192,4.63837,0.273333
0.8164,18.0387,18.0387,4.64099,83.7174,85.0695,24.3194,4.64099,0.275
0.8166,18.0938,18.0938,4.62515,83.6867,85.0695,24.3182,4.62515,0.273333
0.8168,18.1294,18.1294,4.61735,83.7099,85.0695,24.3178,4.61735,0.271667
0.817,18.0843,18.0843,4.63753,83.8664,85.0695,24.3191,4.63753,0.273333
0.8172,18.0402,18.0402,4.64471,83.7915,85.0695,24.3196,4.64471,0.275
0.8174,18.0943,18.0943,4.62594,83.7031,85.0695,24.3183,4.62594,0.273333
0.8176,18.1301,18.1301,4.61623,83.6928,85.0695,24.3178,4.61623,0.271667
0.8178,18.0892,18.0892,4.63837,83.9042,85.0695,24.3192,4.63837,0.273333
0.818,18.0387,18.0387,4.64099,83.7174,85.0695,24.3194,4.64099,0.275
0.8182,18.0938,18.0938,4.62515,83.6867,85.0695,24.3182,4.62515,0.273333
0.8184,18.1294,18.1294,4.61735,83.7099,85.0695,24.3178,4.61735,0.271667
0.8186,18.0843,18.0843,4.63753,83.8664,85.0695,24.3191,4.63753,0.273333
0.8188,18.0402,18.0402,4.64471,83.7915,85.0695,24.3196,4.64471,0.275
0.819,18.0943,18.0943,4.62594,83.7031,85.0695,24.3183,4.62594,0.273333
0.8192,18.1301,18.1301,4.61623,83.6928,85.0695,24.3178,4.61623,0.271667
0.8194,18.0892,18.0892,4.63837,83.9042,85.0695,24.3192,4.63837,0.273333
0.8196,18.0387,18.0387,4.64099,83.7174,85.0695,24.3194,4.64099,0.275
0.8198,18.0938,18.0938,4.62515,83.6867,85.0695,24.3182,4.62515,0.273333
0.82,18.1294,18.1294,4.61735,83.7099,85.0695,24.3178,4.61735,0.271667
0.8202,18.0843,18.0843,4.63753,83.8664,85.0695,24.3191,4.63753,0.273333
0.8204,18.0402,18.0402,4.64471,83.7915,85.0695,24.3196,4.64471,0.275
0.8206,18.0943,18.0943,4.62594,83.7031,85.0695,24.3183,4.62594,0.273333
0.8208,18.1301,18.1301,4.61623,83.6928,85.0695,24.3178,4.61623,0.271667
0.821,18.0892,18.0892,4.63837,83.9042,85.0695,24.3192,4.63837,0.273333
0.8212,18.0387,18.0387,4.64099,83.7174,85.0695,24.3194,4.64099,0.275
0.8214,18.0938,18.0938,4.62515,83.6867,85.0695,24.3182,4.62515,0.273333
0.8216,18.1294,18.1294,4.61735,83.7099,85.0695,24.3178,4.61735,0.271667
0.8218,18.0843,18.0843,4.63753,83.8664,85.0695,24.3191,4.63753,0.273333
0.822,18.0402,18.0402,4.64471,83.7915,85.0695,24.3196,4.64471,0.275
0.8222,18.0943,18.0943,4.62594,83.7031,85.0695,24.3183,4.62594,0.273333
0.8224,18.1301,18.1301,4.61623,83.6928,85.0695,24.3178,4.61623,0.271667
0.8226,18.0892,18.0892,4.63837,83.9042,85.0695,24.3192,4.63837,0.273333
0.8228,18.0387,18.0387,4.64099,83.7174,85.0695,24.3194,4.64099,0.275
0.823,18.0938,18.0938,4.62515,83.6867,85.0695,24.3182,4.62515,0.273333
0.8232,18.1294,18.1294,4.61735,83.7099,85.0695,24.3178,4.61735,0.271667
0.8234,18.0843,18.0843,4.63753,83.8664,85.0695,24.3191,4.63753,0.273333
0.8236,18.0402,18.0402,4.64471,83.7915,85.0695,24.3196,4.64471,0.275
0.8238,18.0943,18.0943,4.62594,83.7031,85.0695,24.3183,4.62594,0.273333
0.824,18.1301,18.1301,4.61623,83.6928,85.0695,24.3178,4.61623,0.271667
0.8242,18.0892,18.0892,4.63837,83.9042,85.0695,24.3192,4.63837,0.273333
0.8244,18.0387,18.0387,4.64099,83.7174,85.0695,24.3194,4.64099,0.275
0.8246,18.0938,18.0938,4.62515,83.6867,85.0695,24.3182,4.62515,0.273333
0.8248,18.1294,18.1294,4.61735,83.7099,85.0695,24.3178,4.61735,0.271667
0.825,18.0843,18.0843,4.63753,83.8664,85.0695,24.3191,4.63753,0.273333
0.8252,18.0402,18.0402,4.64471,83.7915,85.0695,24.3196,4.64471,0.275
0.8254,18.0943,18.0943,4.62594,83.7031,85.0695,24.3183,4.62594,0.273333
0.8256,18.1301,18.1301,4.61623,83.6928,85.0695,24.3178,4.61623,0.271667
0.8258,18.0892,18.0892,4.63837,83.9042,85.0695,24.3192,4.63837,0.273333
0.826,18.0387,18.0387,4.64099,83.7174,85.0695,24.3194,4.64099,0.275
0.8262,18.0938,18.0938,4.62515,83.6867,85.0695,24.3182,4.62515,0.273333
0.8264,18.1294,18.1294,4.61735,83.7099,85.0695,24.3178,4.61735,0.271667
0.8266,18.0843,18.0843,4.63753,83.8664,85.0695,24.3191,4.63753,0.273333
0.8268,18.0402,18.0402,4.64471,83.7915,85.0695,24.3196,4.64471,0.275
0.827,18.0943,18.0943,4.62594,83.7031,85.0695,24.3183,4.62594,0.273333
0.8272,18.1301,18.1301,4.61623,83.6928,85.0695,24.3178,4.61623,0.271667
0.8274,18.0892,18.0892,4.63837,83.9042,85.0695,24.3192,4.63837,0.273333
0.8276,18.0387,18.0387,4.64099,83.7174,85.0695,24.3194,4.64099,0.275
0.8278,18.0938,18.0938,4.62515,83.6867,85.0695,24.3182,4.62515,0.273333
0.828,18.1294,18.1294,4.61735,83.7099,85.0695,24.3178,4.61735,0.271667
0.8282,18.0843,18.0843,4.63753,83.8664,85.0695,24.3191,4.63753,0.273333
0.8284,18.0402,18.0402,4.64471,83.7915,85.0695,24.3196,4.64471,0.275
0.8286,18.0943,18.0943,4.62594,83.7031,85.0695,24.3183,4.62594,0.273333
0.8288,18.1301,18.1301,4.61623,83.6928,85.0695,24.3178,4.61623,0.271667
0.829,18.0892,18.0892,4.63837,83.9042,85.0695,24.3192,4.63837,0.273333
0.8292,18.0387,18.0387,4.64099,83.7174,85.0695,24.3194,4.64099,0.275
0.8294,18.0938,18.0938,4.62515,83.6867,85.0695,24.3182,4.62515,0.273333
0.8296,18.1294,18.1294,4.61735,83.7099,85.0695,24.3178,4.61735,0.271667
0.8298,18.0843,18.0843,4.63753,83.8664,85.0695,24.3191,4.63753,0.273333
0.83,18.0402,18.0402,4.64471,83.7915,85.0695,24.3196,4.64471,0.275
0.8302,18.0943,18.0943,4.62594,83.7031,85.0695,24.3183,4.62594,0.273333
0.8304,18.1301,18.1301,4.61623,83.6928,85.0695,24.3178,4.61623,0.271667
0.8306,18.0892,18.0892,4.63837,83.9042,85.0695,24.3192,4.63837,0.273333
0.8308,18.0387,18.0387,4.64099,83.7174,85.0695,24.3194,4.64099,0.275
0.831,18.0938,18.0938,4.62515,83.6867,85.0695,24.3182,4.62515,0.273333
0.8312,18.1294,18.1294,4.61735,83.7099,85.0695,24.3178,4.61735,0.271667
0.8314,18.0843,18.0843,4.63753,83.8664,85.0695,24.3191,4.63753,0.273333
0.8316,18.0402,18.0402,4.64471,83.7915,85.0695,24.3196,4.64471,0.275
0.8318,18.0943,18.0943,4.62594,83.7031,85.0695,24.3183,4.62594,0.273333
0.832,18.1301,18.1301,4.61623,83.6928,85.0695,24.3178,4.61623,0.271667
0.8322,18.0892,18.0892,4.63837,83.9042,85.0695,24.3192,4.63837,0.273333
0.8324,18.0387,18.0387,4.64099,83.7174,85.0695,24.3194,4.64099,0.275
0.8326,18.0938,18.0938,4.62515,83.6867,85.0695,24.3182,4.62515,0.273333
0.8328,18.1294,18.1294,4.61735,83.7099,85.0695,24.3178,4.61735,0.271667
0.833,18.0843,18.0843,4.63753,83.8664,85.0695,24.3191,4.63753,0.273333
0.8332,18.0402,18.0402,4.64471,83.7915,85.0695,24.3196,4.64471,0.275
0.8334,18.0943,18.0943,4.62594,83.7031,85.0695,24.3183,4.62594,0.273333
0.8336,18.1301,18.1301,4.61623,83.6928,85.0695,24.3178,4.61623,0.271667
0.8338,18.0892,18.0892,4.63837,83.9042,85.0695,24.3192,4.63837,0.273333
0.834,18.0387,18.0387,4.64099,83.7174,85.0695,24.3194,4.64099,0.275
0.8342,18.0938,18.0938,4.62515,83.6867,85.0695,24.3182,4.62515,0.273333
0.8344,18.1294,18.1294,4.61735,83.7099,85.0695,24.3178,4.61735,0.271667
0.8346,18.0843,18.0843,4.63753,83.8664,85.0695,24.3191,4.63753,0.273333
0.8348,18.0402,18.0402,4.64471,83.7915,85.0695,24.3196,4.64471,0.275
0.835,18.0943,18.0943,4.62594,83.7031,85.0695,24.3183,4.62594,0.273333
0.8352,18.1301,18.1301,4.61623,83.6928,85.0695,24.3178,4.61623,0.271667
0.8354,18.0892,18.0892,4.63837,83.9042,85.0695,24.3192,4.63837,0.273333
0.8356,18.0387,18.0387,4.64099,83.7174,85.0695,24.3194,4.64099,0.275
0.8358,18.0938,18.0938,4.62515,83.6867,85.0695,24.3182,4.62515,0.273333
0.836,18.1294,18.1294,4.61735,83.7099,85.0695,24.3178,4.61735,0.271667
0.8362,18.0843,18.0843,4.63753,83.8664,85.0695,24.3191,4.63753,0.273333
0.8364,18.0402,18.0402,4.64471,83.7915,85.0695,24.3196,4.64471,0.275
0.8366,18.0943,18.0943,4.62594,83.7031,85.0695,24.3183,4.62594,0.273333
0.8368,18.1301,18.1301,4.61623,83.6928,85.0695,24.3178,4.61623,0.271667
0.837,18.0892,18.0892,4.63837,83.9042,85.0695,24.3192,4.63837,0.273333
0.8372,18.0387,18.0387,4.64099,83.7174,85.0695,24.3194,4.64099,0.275
0.8374,18.0938,18.0938,4.62515,83.6867,85.0695,24.3182,4.62515,0.273333
0.8376,18.1294,18.1294,4.61735,83.7099,85.0695,24.3178,4.61735,0.271667
0.8378,18.0843,18.0843,4.63753,83.8664,85.0695,24.3191,4.63753,0.273333
0.838,18.0402,18.0402,4.64471,83.7915,85.0695,24.3196,4.64471,0.275
0.8382,18.0943,18.0943,4.62594,83.7031,85.0695,24.3183,4.62594,0.273333
0.8384,18.1301,18.1301,4.61623,83.6928,85.0695,24.3178,4.61623,0.271667
0.8386,18.0892,18.0892,4.63837,83.9042,85.0695,24.3192,4.63837,0.273333
0.8388,18.0387,18.0387,4.64099,83.7174,85.0695,24.3194,4.64099,0.275
0.839,18.0938,18.0938,4.62515,83.6867,85.0695,24.3182,4.62515,0.273333
0.8392,18.1294,18.1294,4.61735,83.7099,85.0695,24.3178,4.61735,0.271667
0.8394,18.0843,18.0843,4.63753,83.8664,85.0695,24.3191,4.63753,0.273333
0.8396,18.0402,18.0402,4.64471,83.7915,85.0695,24.3196,4.64471,0.275
0.8398,18.0943,18.0943,4.62594,83.7031,85.0695,24.3183,4.62594,0.273333
0.84,18.1301,18.1301,4.61623,83.6928,85.0695,24.3178,4.61623,0.271667
0.8402,18.0892,18.0892,4.63837,83.9042,85.0695,24.3192,4.63837,0.273333
0.8404,18.0387,18.0387,4.64099,83.7174,85.0695,24.3194,4.64099,0.275
0.8406,18.0938,18.0938,4.62515,83.6867,85.0695,24.3182,4.62515,0.273333
0.8408,18.1294,18.1294,4.61735,83.7099,85.0695,24.3178,4.61735,0.271667
0.841,18.0843,18.0843,4.63753,83.8664,85.0695,24.3191,4.63753,0.273333
0.8412,18.0402,18.0402,4.64471,83.7915,85.0695,24.3196,4.64471,0.275
0.8414,18.0943,18.0943,4.62594,83.7031,85.0695,24.3183,4.62594,0.273333
0.8416,18.1301,18.1301,4.61623,83.6928,85.0695,24.3178,4.61623,0.271667
0.8418,18.0892,18.0892,4.63837,83.9042,85.0695,24.3192,4.63837,0.273333
0.842,18.0387,18.0387,4.64099,83.7174,85.0695,24.3194,4.64099,0.275
0.8422,18.0938,18.0938,4.62515,83.6867,85.0695,24.3182,4.62515,0.273333
0.8424,18.1294,18.1294,4.61735,83.7099,85.0695,24.3178,4.61735,0.271667
0.8426,18.0843,18.0843,4.63753,83.8664,85.0695,24.3191,4.63753,0.273333
0.8428,18.0402,18.0402,4.64471,83.7915,85.0695,24.3196,4.64471,0.275
0.843,18.0943,18.0943,4.62594,83.7031,85.0695,24.3183,4.62594,0.273333
0.8432,18.1301,18.1301,4.61623,83.6928,85.0695,24.3178,4.61623,0.271667
0.8434,18.0892,18.0892,4.63837,83.9042,85.0695,24.3192,4.63837,0.273333
0.8436,18.0387,18.0387,4.64099,83.7174,85.0695,24.3194,4.64099,0.275
0.8438,18.0938,18.0938,4.62515,83.6867,85.0695,24.3182,4.62515,0.273333
0.844,18.1294,18.1294,4.61735,83.7099,85.0695,24.3178,4.61735,0.271667
0.8442,18.0843,18.0843,4.63753,83.8664,85.0695,24.3191,4.63753,0.273333
0.8444,18.0402,18.0402,4.64471,83.7915,85.0695,24.3196,4.64471,0.275
0.8446,18.0943,18.0943,4.62594,83.7031,85.0695,24.3183,4.62594,0.273333
0.8448,18.1301,18.1301,4.61623,83.6928,85.0695,24.3178,4.61623,0.271667
0.845,18.0892,18.0892,4.63837,83.9042,85.0695,24.3192,4.63837,0.273333
0.8452,18.0387,18.0387,4.64099,83.7174,85.0695,24.3194,4.64099,0.275
0.8454,18.0938,18.0938,4.62515,83.6867,85.0695,24.3182,4.62515,0.273333
0.8456,18.1294,18.1294,4.61735,83.7099,85.0695,24.3178,4.61735,0.271667
0.8458,18.0843,18.0843,4.63753,83.8664,85.0695,24.3191,4.63753,0.273333
0.846,18.0402,18.0402,4.64471,83.7915,85.0695,24.3196,4.64471,0.275
0.8462,18.0943,18.0943,4.62594,83.7031,85.0695,24.3183,4.62594,0.273333
0.8464,18.1301,18.1301,4.61623,83.6928,85.0695,24.3178,4.61623,0.271667
0.8466,18.0892,18.0892,4.63837,83.9042,85.0695,24.3192,4.63837,0.273333
0.8468,18.0387,18.0387,4.64099,83.7174,85.0695,24.3194,4.64099,0.275
0.847,18.0938,18.0938,4.62515,83.6867,85.0695,24.3182,4.62515,0.273333
0.8472,18.1294,18.1294,4.61735,83.7099,85.0695,24.3178,4.61735,0.271667
0.8474,18.0843,18.0843,4.63753,83.8664,85.0695,24.3191,4.63753,0.273333
0.8476,18.0402,18.0402,4.64471,83.7915,85.0695,24.3196,4.64471,0.275
0.8478,18.0943,18.0943,4.62594,83.7031,85.0695,24.3183,4.62594,0.273333
0.848,18.1301,18.1301,4.61623,83.6928,85.0695,24.3178,4.61623,0.271667
0.8482,18.0892,18.0892,4.63837,83.9042,85.0695,24.3192,4.63837,0.273333
0.8484,18.0387,18.0387,4.64099,83.7174,85.0695,24.3194,4.64099,0.275
0.8486,18.0938,18.0938,4.62515,83.6867,85.0695,24.3182,4.62515,0.273333
0.8488,18.1294,18.1294,4.61735,83.7099,85.0695,24.3178,4.61735,0.271667
0.849,18.0843,18.0843,4.63753,83.8664,85.0695,24.3191,4.63753,0.273333
0.8492,18.0402,18.0402,4.64471,83.7915,85.0695,24.3196,4.64471,0.275
0.8494,18.0943,18.0943,4.62594,83.7031,85.0695,24.3183,4.62594,0.273333
0.8496,18.1301,18.1301,4.61623,83.6928,85.0695,24.3178,4.61623,0.271667
0.8498,18.0892,18.0892,4.63837,83.9042,85.0695,24.3192,4.63837,0.273333
0.85,18.0387,18.0387,4.64099,83.7174,85.0695,24.3194,4.64099,0.275
0.8502,18.0938,18.0938,4.62515,83.6867,85.0695,24.3182,4.62515,0.273333
0.8504,18.1294,18.1294,4.61735,83.7099,85.0695,24.3178,4.61735,0.271667
0.8506,18.0843,18.0843,4.63753,83.8664,85.0695,24.3191,4.63753,0.273333
0.8508,18.0402,18.0402,4.64471,83.7915,85.0695,24.3196,4.64471,0.275
0.851,18.0943,18.0943,4.62594,83.7031,85.0695,24.3183,4.62594,0.273333
0.8512,18.1301,18.1301,4.61623,83.6928,85.0695,24.3178,4.61623,0.271667
0.8514,18.0892,18.0892,4.63837,83.9042,85.0695,24.3192,4.63837,0.273333
0.8516,18.0387,18.0387,4.64099,83.7174,85.0695,24.3194,4.64099,0.275
0.8518,18.0938,18.0938,4.62515,83.6867,85.0695,24.3182,4.62515,0.273333
0.852,18.1294,18.1294,4.61735,83.7099,85.0695,24.3178,4.61735,0.271667
0.8522,18.0843,18.0843,4.63753,83.8664,85.0695,24.3191,4.63753,0.273333
0.8524,18.0402,18.0402,4.64471,83.7915,85.0695,24.3196,4.64471,0.275
0.8526,18.0943,18.0943,4.62594,83.7031,85.0695,24.3183,4.62594,0.273333
0.8528,18.1301,18.1301,4.61623,83.6928,85.0695,24.3178,4.61623,0.271667
0.853,18.0892,18.0892,4.63837,83.9042,85.0695,24.3192,4.63837,0.273333
0.8532,18.0387,18.0387,4.64099,83.7174,85.0695,24.3194,4.64099,0.275
0.8534,18.0938,18.0938,4.62515,83.6867,85.0695,24.3182,4.62515,0.273333
0.8536,18.1294,18.1294,4.61735,83.7099,85.0695,24.3178,4.61735,0.271667
0.8538,18.0843,18.0843,4.63753,83.8664,85.0695,24.3191,4.63753,0.273333
0.854,18.0402,18.0402,4.64471,83.7915,85.0695,24.3196,4.64471,0.275
0.8542,18.0943,18.0943,4.62594,83.7031,85.0695,24.3183,4.62594,0.273333
0.8544,18.1301,18.1301,4.61623,83.6928,85.0695,24.3178,4.61623,0.271667
0.8546,18.0892,18.0892,4.63837,83.9042,85.0695,24.3192,4.63837,0.273333
0.8548,18.0387,18.0387,4.64099,83.7174,85.0695,24.3194,4.64099,0.275
0.855,18.0938,18.0938,4.62515,83.6867,85.0695,24.3182,4.62515,0.273333
0.8552,18.1294,18.1294,4.61735,83.7099,85.0695,24.3178,4.61735,0.271667
0.8554,18.0843,18.0843,4.63753,83.8664,85.0695,24.3191,4.63753,0.273333
0.8556,18.0402,18.0402,4.64471,83.7915,85.0695,24.3196,4.64471,0.275
0.8558,18.0943,18.0943,4.62594,83.7031,85.0695,24.3183,4.62594,0.273333
0.856,18.1301,18.1301,4.61623,83.6928,85.0695,24.3178,4.61623,0.271667
0.8562,18.0892,18.0892,4.63837,83.9042,85.0695,24.3192,4.63837,0.273333
0.8564,18.0387,18.0387,4.64099,83.7174,85.0695,24.3194,4.64099,0.275
0.8566,18.0938,18.0938,4.62515,83.6867,85.0695,24.3182,4.62515,0.273333
0.8568,18.1294,18.1294,4.61735,83.7099,85.0695,24.3178,4.61735,0.271667
0.857,18.0843,18.0843,4.63753,83.8664,85.0695,24.3191,4.63753,0.273333
0.8572,18.0402,18.0402,4.64471,83.7915,85.0695,24.3196,4.64471,0.275
0.8574,18.0943,18.0943,4.62594,83.7031,85.0695,24.3183,4.62594,0.273333
0.8576,18.1301,18.1301,4.61623,83.6928,85.0695,24.3178,4.61623,0.271667
0.8578,18.0892,18.0892,4.63837,83.9042,85.0695,24.3192,4.63837,0.273333
0.858,18.0387,18.0387,4.64099,83.7174,85.0695,24.3194,4.64099,0.275
0.8582,18.0938,18.0938,4.62515,83.6867,85.0695,24.3182,4.62515,0.273333
0.8584,18.1294,18.1294,4.61735,83.7099,85.0695,24.3178,4.61735,0.271667
0.8586,18.0843,18.0843,4.63753,83.8664,85.0695,24.3191,4.63753,0.273333
0.8588,18.0402,18.0402,4.64471,83.7915,85.0695,24.3196,4.64471,0.275
0.859,18.0943,18.0943,4.62594,83.7031,85.0695,24.3183,4.62594,0.273333
0.8592,18.1301,18.1301,4.61623,83.6928,85.0695,24.3178,4.61623,0.271667
0.8594,18.0892,18.0892,4.63837,83.9042,85.0695,24.3192,4.63837,0.273333
0.8596,18.0387,18.0387,4.64099,83.7174,85.0695,24.3194,4.64099,0.275
0.8598,18.0938,18.0938,4.62515,83.6867,85.0695,24.3182,4.62515,0.273333
0.86,18.1294,18.1294,4.61735,83.7099,85.0695,24.3178,4.61735,0.271667
0.8602,18.0843,18.0843,4.63753,83.8664,85.0695,24.3191,4.63753,0.273333
0.8604,18.0402,18.0402,4.64471,83.7915,85.0695,24.3196,4.64471,0.275
0.8606,18.0943,18.0943,4.62594,83.7031,85.0695,24.3183,4.62594,0.273333
0.8608,18.1301,18.1301,4.61623,83.6928,85.0695,24.3178,4.61623,0.271667
0.861,18.0892,18.0892,4.63837,83.9042,85.0695,24.3192,4.63837,0.273333
0.8612,18.0387,18.0387,4.64099,83.7174,85.0695,24.3194,4.64099,0.275
0.8614,18.0938,18.0938,4.62515,83.6867,85.0695,24.3182,4.62515,0.273333
0.8616,18.1294,18.1294,4.61735,83.7099,85.0695,24.3178,4.61735,0.271667
0.8618,18.0843,18.0843,4.63753,83.8664,85.0695,24.3191,4.63753,0.273333
0.862,18.0402,18.0402,4.64471,83.7915,85.0695,24.3196,4.64471,0.275
0.8622,18.0943,18.0943,4.62594,83.7031,85.0695,24.3183,4.62594,0.273333
0.8624,18.1301,18.1301,4.61623,83.6928,85.0695,24.3178,4.61623,0.271667
0.8626,18.0892,18.0892,4.63837,83.9042,85.0695,24.3192,4.63837,0.273333
0.8628,18.0387,18.0387,4.64099,83.7174,85.0695,24.3194,4.64099,0.275
0.863,18.0938,18.0938,4.62515,83.6867,85.0695,24.3182,4.62515,0.273333
0.8632,18.1294,18.1294,4.61735,83.7099,85.0695,24.3178,4.61735,0.271667
0.8634,18.0843,18.0843,4.63753,83.8664,85.0695,24.3191,4.63753,0.273333
0.8636,18.0402,18.0402,4.64471,83.7915,85.0695,24.3196,4.64471,0.275
0.8638,18.0943,18.0943,4.62594,83.7031,85.0695,24.3183,4.62594,0.273333
0.864,18.1301,18.1301,4.61623,83.6928,85.0695,24.3178,4.61623,0.271667
0.8642,18.0892,18.0892,4.63837,83.9042,85.0695,24.3192,4.63837,0.273333
0.8644,18.0387,18.0387,4.64099,83.7174,85.0695,24.3194,4.64099,0.275
0.8646,18.0938,18.0938,4.62515,83.6867,85.0695,24.3182,4.62515,0.273333
0.8648,18.1294,18.1294,4.61735,83.7099,85.0695,24.3178,4.61735,0.271667
0.865,18.0843,18.0843,4.63753,83.8664,85.0695,24.3191,4.63753,0.273333
0.8652,18.0402,18.0402,4.64471,83.7915,85.0695,24.3196,4.64471,0.275
0.8654,18.0943,18.0943,4.62594,83.7031,85.0695,24.3183,4.62594,0.273333
0.8656,18.1301,18.1301,4.61623,83.6928,85.0695,24.3178,4.61623,0.271667
0.8658,18.0892,18.0892,4.63837,83.9042,85.0695,24.3192,4.63837,0.273333
0.866,18.0387,18.0387,4.64099,83.7174,85.0695,24.3194,4.64099,0.275
0.8662,18.0938,18.0938,4.62515,83.6867,85.0695,24.3182,4.62515,0.273333
0.8664,18.1294,18.1294,4.61735,83.7099,85.0695,24.3178,4.61735,0.271667
0.8666,18.0843,18.0843,4.63753,83.8664,85.0695,24.3191,4.63753,0.273333
0.8668,18.0402,18.0402,4.64471,83.7915,85.0695,24.3196,4.64471,0.275
0.867,18.0943,18.0943,4.62594,83.7031,85.0695,24.3183,4.62594,0.273333
0.8672,18.1301,18.1301,4.61623,83.6928,85.0695,24.3178,4.61623,0.271667
0.8674,18.0892,18.0892,4.63837,83.9042,85.0695,24.3192,4.63837,0.273333
0.8676,18.0387,18.0387,4.64099,83.7174,85.0695,24.3194,4.64099,0.275
0.8678,18.0938,18.0938,4.62515,83.6867,85.0695,24.3182,4.62515,0.273333
0.868,18.1294,18.1294,4.61735,83.7099,85.0695,24.3178,4.61735,0.271667
0.8682,18.0843,18.0843,4.63753,83.8664,85.0695,24.3191,4.63753,0.273333
0.8684,18.0402,18.0402,4.64471,83.7915,85.0695,24.3196,4.64471,0.275
0.8686,18.0943,18.0943,4.62594,83.7031,85.0695,24.3183,4.62594,0.273333
0.8688,18.1301,18.1301,4.61623,83.6928,85.0695,24.3178,4.61623,0.271667
0.869,18.0892,18.0892,4.63837,83.9042,85.0695,24.3192,4.63837,0.273333
0.8692,18.0387,18.0387,4.64099,83.7174,85.0695,24.3194,4.64099,0.275
0.8694,18.0938,18.0938,4.62515,83.6867,85.0695,24.3182,4.62515,0.273333
0.8696,18.1294,18.1294,4.61735,83.7099,85.0695,24.3178,4.61735,0.271667
0.8698,18.0843,18.0843,4.63753,83.8664,85.0695,24.3191,4.63753,0.273333
0.87,18.0402,18.0402,4.64471,83.7915,85.0695,24.3196,4.64471,0.275
0.8702,18.0943,18.0943,4.62594,83.7031,85.0695,24.3183,4.62594,0.273333
0.8704,18.1301,18.1301,4.61623,83.6928,85.0695,24.3178,4.61623,0.271667
0.8706,18.0892,18.0892,4.63837,83.9042,85.0695,24.3192,4.63837,0.273333
0.8708,18.0387,18.0387,4.64099,83.7174,85.0695,24.3194,4.64099,0.275
0.871,18.0938,18.0938,4.62515,83.6867,85.0695,24.3182,4.62515,0.273333
0.8712,18.1294,18.1294,4.61735,83.7099,85.0695,24.3178,4.61735,0.271667
0.8714,18.0843,18.0843,4.63753,83.8664,85.0695,24.3191,4.63753,0.273333
0.8716,18.0402,18.0402,4.64471,83.7915,85.0695,24.3196,4.64471,0.275
0.8718,18.0943,18.0943,4.62594,83.7031,85.0695,24.3183,4.62594,0.273333
0.872,18.1301,18.1301,4.61623,83.6928,85.0695,24.3178,4.61623,0.271667
0.8722,18.0892,18.0892,4.63837,83.9042,85.0695,24.3192,4.63837,0.273333
0.8724,18.0387,18.0387,4.64099,83.7174,85.0695,24.3194,4.64099,0.275
0.8726,18.0938,18.0938,4.62515,83.6867,85.0695,24.3182,4.62515,0.273333
0.8728,18.1294,18.1294,4.61735,83.7099,85.0695,24.3178,4.61735,0.271667
0.873,18.0843,18.0843,4.63753,83.8664,85.0695,24.3191,4.63753,0.273333
0.8732,18.0402,18.0402,4.64471,83.7915,85.0695,24.3196,4.64471,0.275
0.8734,18.0943,18.0943,4.62594,83.7031,85.0695,24.3183,4.62594,0.273333
0.8736,18.1301,18.1301,4.61623,83.6928,85.0695,24.3178,4.61623,0.271667
0.8738,18.0892,18.0892,4.63837,83.9042,85.0695,24.3192,4.63837,0.273333
0.874,18.0387,18.0387,4.64099,83.7174,85.0695,24.3194,4.64099,0.275
0.8742,18.0938,18.0938,4.62515,83.6867,85.0695,24.3182,4.62515,0.273333
0.8744,18.1294,18.1294,4.61735,83.7099,85.0695,24.3178,4.61735,0.271667
0.8746,18.0843,18.0843,4.63753,83.8664,85.0695,24.3191,4.63753,0.273333
0.8748,18.0402,18.0402,4.64471,83.7915,85.0695,24.3196,4.64471,0.275
0.875,18.0943,18.0943,4.62594,83.7031,85.0695,24.3183,4.62594,0.273333
0.8752,18.1301,18.1301,4.61623,83.6928,85.0695,24.3178,4.61623,0.271667
0.8754,18.0892,18.0892,4.63837,83.9042,85.0695,24.3192,4.63837,0.273333
0.8756,18.0387,18.0387,4.64099,83.7174,85.0695,24.3194,4.64099,0.275
0.8758,18.0938,18.0938,4.62515,83.6867,85.0695,24.3182,4.62515,0.273333
0.876,18.1294,18.1294,4.61735,83.7099,85.0695,24.3178,4.61735,0.271667
0.8762,18.0843,18.0843,4.63753,83.8664,85.0695,24.3191,4.63753,0.273333
0.8764,18.0402,18.0402,4.64471,83.7915,85.0695,24.3196,4.64471,0.275
0.8766,18.0943,18.0943,4.62594,83.7031,85.0695,24.3183,4.62594,0.273333
0.8768,18.1301,18.1301,4.61623,83.6928,85.0695,24.3178,4.61623,0.271667
0.877,18.0892,18.0892,4.63837,83.9042,85.0695,24.3192,4.63837,0.273333
0.8772,18.0387,18.0387,4.64099,83.7174,85.0695,24.3194,4.64099,0.275
0.8774,18.0938,18.0938,4.62515,83.6867,85.0695,24.3182,4.62515,0.273333
0.8776,18.1294,18.1294,4.61735,83.7099,85.0695,24.3178,4.61735,0.271667
0.8778,18.0843,18.0843,4.63753,83.8664,85.0695,24.3191,4.63753,0.273333
0.878,18.0402,18.0402,4.64471,83.7915,85.0695,24.3196,4.64471,0.275
0.8782,18.0943,18.0943,4.62594,83.7031,85.0695,24.3183,4.62594,0.273333
0.8784,18.1301,18.1301,4.61623,83.6928,85.0695,24.3178,4.61623,0.271667
0.8786,18.0892,18.0892,4.63837,83.9042,85.0695,24.3192,4.63837,0.273333
0.8788,18.0387,18.0387,4.64099,83.7174,85.0695,24.3194,4.64099,0.275
0.879,18.0938,18.0938,4.62515,83.6867,85.0695,24.3182,4.62515,0.273333
0.8792,18.1294,18.1294,4.61735,83.7099,85.0695,24.3178,4.61735,0.271667
0.8794,18.0843,18.0843,4.63753,83.8664,85.0695,24.3191,4.63753,0.273333
0.8796,18.0402,18.0402,4.64471,83.7915,85.0695,24.3196,4.64471,0.275
0.8798,18.0943,18.0943,4.62594,83.7031,85.0695,24.3183,4.62594,0.273333
0.88,18.1301,18.1301,4.61623,83.6928,85.0695,24.3178,4.61623,0.271667
0.8802,18.0892,18.0892,4.63837,83.9042,85.0695,24.3192,4.63837,0.273333
0.8804,18.0387,18.0387,4.64099,83.7174,85.0695,24.3194,4.64099,0.275
0.8806,18.0938,18.0938,4.62515,83.6867,85.0695,24.3182,4.62515,0.273333
0.8808,18.1294,18.1294,4.61735,83.7099,85.0695,24.3178,4.61735,0.271667
0.881,18.0843,18.0843,4.63753,83.8664,85.0695,24.3191,4.63753,0.273333
0.8812,18.0402,18.0402,4.64471,83.7915,85.0695,24.3196,4.64471,0.275
0.8814,18.0943,18.0943,4.62594,83.7031,85.0695,24.3183,4.62594,0.273333
0.8816,18.1301,18.1301,4.61623,83.6928,85.0695,24.3178,4.61623,0.271667
0.8818,18.0892,18.0892,4.63837,83.9042,85.0695,24.3192,4.63837,0.273333
0.882,18.0387,18.0387,4.64099,83.7174,85.0695,24.3194,4.64099,0.275
0.8822,18.0938,18.0938,4.62515,83.6867,85.0695,24.3182,4.62515,0.273333
0.8824,18.1294,18.1294,4.61735,83.7099,85.0695,24.3178,4.61735,0.271667
0.8826,18.0843,18.0843,4.63753,83.8664,85.0695,24.3191,4.63753,0.273333
0.8828,18.0402,18.0402,4.64471,83.7915,85.0695,24.3196,4.64471,0.275
0.883,18.0943,18.0943,4.62594,83.7031,85.0695,24.3183,4.62594,0.273333
0.8832,18.1301,18.1301,4.61623,83.6928,85.0695,24.3178,4.61623,0.271667
0.8834,18.0892,18.0892,4.63837,83.9042,85.0695,24.3192,4.63837,0.273333
0.8836,18.0387,18.0387,4.64099,83.7174,85.0695,24.3194,4.64099,0.275
0.8838,18.0938,18.0938,4.62515,83.6867,85.0695,24.3182,4.62515,0.273333
0.884,18.1294,18.1294,4.61735,83.7099,85.0695,24.3178,4.61735,0.271667
0.8842,18.0843,18.0843,4.63753,83.8664,85.0695,24.3191,4.63753,0.273333
0.8844,18.0402,18.0402,4.64471,83.7915,85.0695,24.3196,4.64471,0.275
0.8846,18.0943,18.0943,4.62594,83.7031,85.0695,24.3183,4.62594,0.273333
0.8848,18.1301,18.1301,4.61623,83.6928,85.0695,24.3178,4.61623,0.271667
0.885,18.0892,18.0892,4.63837,83.9042,85.0695,24.3192,4.63837,0.273333
0.8852,18.0387,18.0387,4.64099,83.7174,85.0695,24.3194,4.64099,0.275
0.8854,18.0938,18.0938,4.62515,83.6867,85.0695,24.3182,4.62515,0.273333
0.8856,18.1294,18.1294,4.61735,83.7099,85.0695,24.3178,4.61735,0.271667
0.8858,18.0843,18.0843,4.63753,83.8664,85.0695,24.3191,4.63753,0.273333
0.886,18.0402,18.0402,4.64471,83.7915,85.0695,24.3196,4.64471,0.275
0.8862,18.0943,18.0943,4.62594,83.7031,85.0695,24.3183,4.62594,0.273333
0.8864,18.1301,18.1301,4.61623,83.6928,85.0695,24.3178,4.61623,0.271667
0.8866,18.0892,18.0892,4.63837,83.9042,85.0695,24.3192,4.63837,0.273333
0.8868,18.0387,18.0387,4.64099,83.7174,85.0695,24.3194,4.64099,0.275
0.887,18.0938,18.0938,4.62515,83.6867,85.0695,24.3182,4.62515,0.273333
0.8872,18.1294,18.1294,4.61735,83.7099,85.0695,24.3178,4.61735,0.271667
0.8874,18.0843,18.0843,4.63753,83.8664,85.0695,24.3191,4.63753,0.273333
0.8876,18.0402,18.0402,4.64471,83.7915,85.0695,24.3196,4.64471,0.275
0.8878,18.0943,18.0943,4.62594,83.7031,85.0695,24.3183,4.62594,0.273333
0.888,18.1301,18.1301,4.61623,83.6928,85.0695,24.3178,4.61623,0.271667
0.8882,18.0892,18.0892,4.63837,83.9042,85.0695,24.3192,4.63837,0.273333
0.8884,18.0387,18.0387,4.64099,83.7174,85.0695,24.3194,4.64099,0.275
0.8886,18.0938,18.0938,4.62515,83.6867,85.0695,24.3182,4.62515,0.273333
0.8888,18.1294,18.1294,4.61735,83.7099,85.0695,24.3178,4.61735,0.271667
0.889,18.0843,18.0843,4.63753,83.8664,85.0695,24.3191,4.63753,0.273333
0.8892,18.0402,18.0402,4.64471,83.7915,85.0695,24.3196,4.64471,0.275
0.8894,18.0943,18.0943,4.62594,83.7031,85.0695,24.3183,4.62594,0.273333
0.8896,18.1301,18.1301,4.61623,83.6928,85.0695,24.3178,4.61623,0.271667
0.8898,18.0892,18.0892,4.63837,83.9042,85.0695,24.3192,4.63837,0.273333
0.89,18.0387,18.0387,4.64099,83.7174,85.0695,24.3194,4.64099,0.275
0.8902,18.0938,18.0938,4.62515,83.6867,85.0695,24.3182,4.62515,0.273333
0.8904,18.1294,18.1294,4.61735,83.7099,85.0695,24.3178,4.61735,0.271667
0.8906,18.0843,18.0843,4.63753,83.8664,85.0695,24.3191,4.63753,0.273333
0.8908,18.0402,18.0402,4.64471,83.7915,85.0695,24.3196,4.64471,0.275
0.891,18.0943,18.0943,4.62594,83.7031,85.0695,24.3183,4.62594,0.273333
0.8912,18.1301,18.1301,4.61623,83.6928,85.0695,24.3178,4.61623,0.271667
0.8914,18.0892,18.0892,4.63837,83.9042,85.0695,24.3192,4.63837,0.273333
0.8916,18.0387,18.0387,4.64099,83.7174,85.0695,24.3194,4.64099,0.275
0.8918,18.0938,18.0938,4.62515,83.6867,85.0695,24.3182,4.62515,0.273333
0.892,18.1294,18.1294,4.61735,83.7099,85.0695,24.3178,4.61735,0.271667
0.8922,18.0843,18.0843,4.63753,83.8664,85.0695,24.3191,4.63753,0.273333
0.8924,18.0402,18.0402,4.64471,83.7915,85.0695,24.3196,4.64471,0.275
0.8926,18.0943,18.0943,4.62594,83.7031,85.0695,24.3183,4.62594,0.273333
0.8928,18.1301,18.1301,4.61623,83.6928,85.0695,24.3178,4.61623,0.271667
0.893,18.0892,18.0892,4.63837,83.9042,85.0695,24.3192,4.63837,0.273333
0.8932,18.0387,18.0387,4.64099,83.7174,85.0695,24.3194,4.64099,0.275
0.8934,18.0938,18.0938,4.62515,83.6867,85.0695,24.3182,4.62515,0.273333
0.8936,18.1294,18.1294,4.61735,83.7099,85.0695,24.3178,4.61735,0.271667
0.8938,18.0843,18.0843,4.63753,83.8664,85.0695,24.3191,4.63753,0.273333
0.894,18.0402,18.0402,4.64471,83.7915,85.0695,24.3196,4.64471,0.275
0.8942,18.0943,18.0943,4.62594,83.7031,85.0695,24.3183,4.62594,0.273333
0.8944,18.1301,18.1301,4.61623,83.6928,85.0695,24.3178,4.61623,0.271667
0.8946,18.0892,18.0892,4.63837,83.9042,85.0695,24.3192,4.63837,0.273333
0.8948,18.0387,18.0387,4.64099,83.7174,85.0695,24.3194,4.64099,0.275
0.895,18.0938,18.0938,4.62515,83.6867,85.0695,24.3182,4.62515,0.273333
0.8952,18.1294,18.1294,4.61735,83.7099,85.0695,24.3178,4.61735,0.271667
0.8954,18.0843,18.0843,4.63753,83.8664,85.0695,24.3191,4.63753,0.273333
0.8956,18.0402,18.0402,4.64471,83.7915,85.0695,24.3196,4.64471,0.275
0.8958,18.0943,18.0943,4.62594,83.7031,85.0695,24.3183,4.62594,0.273333
0.896,18.1301,18.1301,4.61623,83.6928,85.0695,24.3178,4.61623,0.271667
0.8962,18.0892,18.0892,4.63837,83.9042,85.0695,24.3192,4.63837,0.273333
0.8964,18.0387,18.0387,4.64099,83.7174,85.0695,24.3194,4.64099,0.275
0.8966,18.0938,18.0938,4.62515,83.6867,85.0695,24.3182,4.62515,0.273333
0.8968,18.1294,18.1294,4.61735,83.7099,85.0695,24.3178,4.61735,0.271667
0.897,18.0843,18.0843,4.63753,83.8664,85.0695,24.3191,4.63753,0.273333
0.8972,18.0402,18.0402,4.64471,83.7915,85.0695,24.3196,4.64471,0.275
0.8974,18.0943,18.0943,4.62594,83.7031,85.0695,24.3183,4.62594,0.273333
0.8976,18.1301,18.1301,4.61623,83.6928,85.0695,24.3178,4.61623,0.271667
0.8978,18.0892,18.0892,4.63837,83.9042,85.0695,24.3192,4.63837,0.273333
0.898,18.0387,18.0387,4.64099,83.7174,85.0695,24.3194,4.64099,0.275
0.8982,18.0938,18.0938,4.62515,83.6867,85.0695,24.3182,4.62515,0.273333
0.8984,18.1294,18.1294,4.61735,83.7099,85.0695,24.3178,4.61735,0.271667
0.8986,18.0843,18.0843,4.63753,83.8664,85.0695,24.3191,4.63753,0.273333
0.8988,18.0402,18.0402,4.64471,83.7915,85.0695,24.3196,4.64471,0.275
0.899,18.0943,18.0943,4.62594,83.7031,85.0695,24.3183,4.62594,0.273333
0.8992,18.1301,18.1301,4.61623,83.6928,85.0695,24.3178,4.61623,0.271667
0.8994,18.0892,18.0892,4.63837,83.9042,85.0695,24.3192,4.63837,0.273333
0.8996,18.0387,18.0387,4.64099,83.7174,85.0695,24.3194,4.64099,0.275
0.8998,18.0938,18.0938,4.62515,83.6867,85.0695,24.3182,4.62515,0.273333
0.9,18.1294,18.1294,4.61735,83.7099,85.0695,24.3178,4.61735,0.271667
0.9002,18.0843,18.0843,4.63753,83.8664,85.0695,24.3191,4.63753,0.273333
0.9004,18.0402,18.0402,4.64471,83.7915,85.0695,24.3196,4.64471,0.275
0.9006,18.0943,18.0943,4.62594,83.7031,85.0695,24.3183,4.62594,0.273333
0.9008,18.1301,18.1301,4.61623,83.6928,85.0695,24.3178,4.61623,0.271667
0.901,18.0892,18.0892,4.63837,83.9042,85.0695,24.3192,4.63837,0.273333
0.9012,18.0387,18.0387,4.64099,83.7174,85.0695,24.3194,4.64099,0.275
0.9014,18.0938,18.0938,4.62515,83.6867,85.0695,24.3182,4.62515,0.273333
0.9016,18.1294,18.1294,4.61735,83.7099,85.0695,24.3178,4.61735,0.271667
0.9018,18.0843,18.0843,4.63753,83.8664,85.0695,24.3191,4.63753,0.273333
0.902,18.0402,18.0402,4.64471,83.7915,85.0695,24.3196,4.64471,0.275
0.9022,18.0943,18.0943,4.62594,83.7031,85.0695,24.3183,4.62594,0.273333
0.9024,18.1301,18.1301,4.61623,83.6928,85.0695,24.3178,4.61623,0.271667
0.9026,18.0892,18.0892,4.63837,83.9042,85.0695,24.3192,4.63837,0.273333
0.9028,18.0387,18.0387,4.64099,83.7174,85.0695,24.3194,4.64099,0.275
0.903,18.0938,18.0938,4.62515,83.6867,85.0695,24.3182,4.62515,0.273333
0.9032,18.1294,18.1294,4.61735,83.7099,85.0695,24.3178,4.61735,0.271667
0.9034,18.0843,18.0843,4.63753,83.8664,85.0695,24.3191,4.63753,0.273333
0.9036,18.0402,18.0402,4.64471,83.7915,85.0695,24.3196,4.64471,0.275
0.9038,18.0943,18.0943,4.62594,83.7031,85.0695,24.3183,4.62594,0.273333
0.904,18.1301,18.1301,4.61623,83.6928,85.0695,24.3178,4.61623,0.271667
0.9042,18.0892,18.0892,4.63837,83.9042,85.0695,24.3192,4.63837,0.273333
0.9044,18.0387,18.0387,4.64099,83.7174,85.0695,24.3194,4.64099,0.275
0.9046,18.0938,18.0938,4.62515,83.6867,85.0695,24.3182,4.62515,0.273333
0.9048,18.1294,18.1294,4.61735,83.7099,85.0695,24.3178,4.61735,0.271667
0.905,18.0843,18.0843,4.63753,83.8664,85.0695,24.3191,4.63753,0.273333
0.9052,18.0402,18.0402,4.64471,83.7915,85.0695,24.3196,4.64471,0.275
0.9054,18.0943,18.0943,4.62594,83.7031,85.0695,24.3183,4.62594,0.273333
0.9056,18.1301,18.1301,4.61623,83.6928,85.0695,24.3178,4.61623,0.271667
0.9058,18.0892,18.0892,4.63837,83.9042,85.0695,24.3192,4.63837,0.273333
0.906,18.0387,18.0387,4.64099,83.7174,85.0695,24.3194,4.64099,0.275
0.9062,18.0938,18.0938,4.62515,83.6867,85.0695,24.3182,4.62515,0.273333
0.9064,18.1294,18.1294,4.61735,83.7099,85.0695,24.3178,4.61735,0.271667
0.9066,18.0843,18.0843,4.63753,83.8664,85.0695,24.3191,4.63753,0.273333
0.9068,18.0402,18.0402,4.64471,83.7915,85.0695,24.3196,4.64471,0.275
0.907,18.0943,18.0943,4.62594,83.7031,85.0695,24.3183,4.62594,0.273333
0.9072,18.1301,18.1301,4.61623,83.6928,85.0695,24.3178,4.61623,0.271667
0.9074,18.0892,18.0892,4.63837,83.9042,85.0695,24.3192,4.63837,0.273333
0.9076,18.0387,18.0387,4.64099,83.7174,85.0695,24.3194,4.64099,0.275
0.9078,18.0938,18.0938,4.62515,83.6867,85.0695,24.3182,4.62515,0.273333
0.908,18.1294,18.1294,4.61735,83.7099,85.0695,24.3178,4.61735,0.271667
0.9082,18.0843,18.0843,4.63753,83.8664,85.0695,24.3191,4.63753,0.273333
0.9084,18.0402,18.0402,4.64471,83.7915,85.0695,24.3196,4.64471,0.275
0.9086,18.0943,18.0943,4.62594,83.7031,85.0695,24.3183,4.62594,0.273333
0.9088,18.1301,18.1301,4.61623,83.6928,85.0695,24.3178,4.61623,0.271667
0.909,18.0892,18.0892,4.63837,83.9042,85.0695,24.3192,4.63837,0.273333
0.9092,18.0387,18.0387,4.64099,83.7174,85.0695,24.3194,4.64099,0.275
0.9094,18.0938,18.0938,4.62515,83.6867,85.0695,24.3182,4.62515,0.273333
0.9096,18.1294,18.1294,4.61735,83.7099,85.0695,24.3178,4.61735,0.271667
0.9098,18.0843,18.0843,4.63753,83.8664,85.0695,24.3191,4.63753,0.273333
0.91,18.0402,18.0402,4.64471,83.7915,85.0695,24.3196,4.64471,0.275
0.9102,18.0943,18.0943,4.62594,83.7031,85.0695,24.3183,4.62594,0.273333
0.9104,18.1301,18.1301,4.61623,83.6928,85.0695,24.3178,4.61623,0.271667
0.9106,18.0892,18.0892,4.63837,83.9042,85.0695,24.3192,4.63837,0.273333
0.9108,18.0387,18.0387,4.64099,83.7174,85.0695,24.3194,4.64099,0.275
0.911,18.0938,18.0938,4.62515,83.6867,85.0695,24.3182,4.62515,0.273333
0.9112,18.1294,18.1294,4.61735,83.7099,85.0695,24.3178,4.61735,0.271667
0.9114,18.0843,18.0843,4.63753,83.8664,85.0695,24.3191,4.63753,0.273333
0.9116,18.0402,18.0402,4.64471,83.7915,85.0695,24.3196,4.64471,0.275
0.9118,18.0943,18.0943,4.62594,83.7031,85.0695,24.3183,4.62594,0.273333
0.912,18.1301,18.1301,4.61623,83.6928,85.0695,24.3178,4.61623,0.271667
0.9122,18.0892,18.0892,4.63837,83.9042,85.0695,24.3192,4.63837,0.273333
0.9124,18.0387,18.0387,4.64099,83.7174,85.0695,24.3194,4.64099,0.275
0.9126,18.0938,18.0938,4.62515,83.6867,85.0695,24.3182,4.62515,0.273333
0.9128,18.1294,18.1294,4.61735,83.7099,85.0695,24.3178,4.61735,0.271667
0.913,18.0843,18.0843,4.63753,83.8664,85.0695,24.3191,4.63753,0.273333
0.9132,18.0402,18.0402,4.64471,83.7915,85.0695,24.3196,4.64471,0.275
0.9134,18.0943,18.0943,4.62594,83.7031,85.0695,24.3183,4.62594,0.273333
0.9136,18.1301,18.1301,4.61623,83.6928,85.0695,24.3178,4.61623,0.271667
0.9138,18.0892,18.0892,4.63837,83.9042,85.0695,24.3192,4.63837,0.273333
0.914,18.0387,18.0387,4.64099,83.7174,85.0695,24.3194,4.64099,0.275
0.9142,18.0938,18.0938,4.62515,83.6867,85.0695,24.3182,4.62515,0.273333
0.9144,18.1294,18.1294,4.61735,83.7099,85.0695,24.3178,4.61735,0.271667
0.9146,18.0843,18.0843,4.63753,83.8664,85.0695,24.3191,4.63753,0.273333
0.9148,18.0402,18.0402,4.64471,83.7915,85.0695,24.3196,4.64471,0.275
0.915,18.0943,18.0943,4.62594,83.7031,85.0695,24.3183,4.62594,0.273333
0.9152,18.1301,18.1301,4.61623,83.6928,85.0695,24.3178,4.61623,0.271667
0.9154,18.0892,18.0892,4.63837,83.9042,85.0695,24.3192,4.63837,0.273333
0.9156,18.0387,18.0387,4.64099,83.7174,85.0695,24.3194,4.64099,0.275
0.9158,18.0938,18.0938,4.62515,83.6867,85.0695,24.3182,4.62515,0.273333
0.916,18.1294,18.1294,4.61735,83.7099,85.0695,24.3178,4.61735,0.271667
0.9162,18.0843,18.0843,4.63753,83.8664,85.0695,24.3191,4.63753,0.273333
0.9164,18.0402,18.0402,4.64471,83.7915,85.0695,24.3196,4.64471,0.275
0.9166,18.0943,18.0943,4.62594,83.7031,85.0695,24.3183,4.62594,0.273333
0.9168,18.1301,18.1301,4.61623,83.6928,85.0695,24.3178,4.61623,0.271667
0.917,18.0892,18.0892,4.63837,83.9042,85.0695,24.3192,4.63837,0.273333
0.9172,18.0387,18.0387,4.64099,83.7174,85.0695,24.3194,4.64099,0.275
0.9174,18.0938,18.0938,4.62515,83.6867,85.0695,24.3182,4.62515,0.273333
0.9176,18.1294,18.1294,4.61735,83.7099,85.0695,24.3178,4.61735,0.271667
0.9178,18.0843,18.0843,4.63753,83.8664,85.0695,24.3191,4.63753,0.273333
0.918,18.0402,18.0402,4.64471,83.7915,85.0695,24.3196,4.64471,0.275
0.9182,18.0943,18.0943,4.62594,83.7031,85.0695,24.3183,4.62594,0.273333
0.9184,18.1301,18.1301,4.61623,83.6928,85.0695,24.3178,4.61623,0.271667
0.9186,18.0892,18.0892,4.63837,83.9042,85.0695,24.3192,4.63837,0.273333
0.9188,18.0387,18.0387,4.64099,83.7174,85.0695,24.3194,4.64099,0.275
0.919,18.0938,18.0938,4.62515,83.6867,85.0695,24.3182,4.62515,0.273333
0.9192,18.1294,18.1294,4.61735,83.7099,85.0695,24.3178,4.61735,0.271667
0.9194,18.0843,18.0843,4.63753,83.8664,85.0695,24.3191,4.63753,0.273333
0.9196,18.0402,18.0402,4.64471,83.7915,85.0695,24.3196,4.64471,0.275
0.9198,18.0943,18.0943,4.62594,83.7031,85.0695,24.3183,4.62594,0.273333
0.92,18.1301,18.1301,4.61623,83.6928,85.0695,24.3178,4.61623,0.271667
0.9202,18.0892,18.0892,4.63837,83.9042,85.0695,24.3192,4.63837,0.273333
0.9204,18.0387,18.0387,4.64099,83.7174,85.0695,24.3194,4.64099,0.275
0.9206,18.0938,18.0938,4.62515,83.6867,85.0695,24.3182,4.62515,0.273333
0.9208,18.1294,18.1294,4.61735,83.7099,85.0695,24.3178,4.61735,0.271667
0.921,18.0843,18.0843,4.63753,83.8664,85.0695,24.3191,4.63753,0.273333
0.9212,18.0402,18.0402,4.64471,83.7915,85.0695,24.3196,4.64471,0.275
0.9214,18.0943,18.0943,4.62594,83.7031,85.0695,24.3183,4.62594,0.273333
0.9216,18.1301,18.1301,4.61623,83.6928,85.0695,24.3178,4.61623,0.271667
0.9218,18.0892,18.0892,4.63837,83.9042,85.0695,24.3192,4.63837,0.273333
0.922,18.0387,18.0387,4.64099,83.7174,85.0695,24.3194,4.64099,0.275
0.9222,18.0938,18.0938,4.62515,83.6867,85.0695,24.3182,4.62515,0.273333
0.9224,18.1294,18.1294,4.61735,83.7099,85.0695,24.3178,4.61735,0.271667
0.9226,18.0843,18.0843,4.63753,83.8664,85.0695,24.3191,4.63753,0.273333
0.9228,18.0402,18.0402,4.64471,83.7915,85.0695,24.3196,4.64471,0.275
0.923,18.0943,18.0943,4.62594,83.7031,85.0695,24.3183,4.62594,0.273333
0.9232,18.1301,18.1301,4.61623,83.6928,85.0695,24.3178,4.61623,0.271667
0.9234,18.0892,18.0892,4.63837,83.9042,85.0695,24.3192,4.63837,0.273333
0.9236,18.0387,18.0387,4.64099,83.7174,85.0695,24.3194,4.64099,0.275
0.9238,18.0938,18.0938,4.62515,83.6867,85.0695,24.3182,4.62515,0.273333
0.924,18.1294,18.1294,4.61735,83.7099,85.0695,24.3178,4.61735,0.271667
0.9242,18.0843,18.0843,4.63753,83.8664,85.0695,24.3191,4.63753,0.273333
0.9244,18.0402,18.0402,4.64471,83.7915,85.0695,24.3196,4.64471,0.275
0.9246,18.0943,18.0943,4.62594,83.7031,85.0695,24.3183,4.62594,0.273333
0.9248,18.1301,18.1301,4.61623,83.6928,85.0695,24.3178,4.61623,0.271667
0.925,18.0892,18.0892,4.63837,83.9042,85.0695,24.3192,4.63837,0.273333
0.9252,18.0387,18.0387,4.64099,83.7174,85.0695,24.3194,4.64099,0.275
0.9254,18.0938,18.0938,4.62515,83.6867,85.0695,24.3182,4.62515,0.273333
0.9256,18.1294,18.1294,4.61735,83.7099,85.0695,24.3178,4.61735,0.271667
0.9258,18.0843,18.0843,4.63753,83.8664,85.0695,24.3191,4.63753,0.273333
0.926,18.0402,18.0402,4.64471,83.7915,85.0695,24.3196,4.64471,0.275
0.9262,18.0943,18.0943,4.62594,83.7031,85.0695,24.3183,4.62594,0.273333
0.9264,18.1301,18.1301,4.61623,83.6928,85.0695,24.3178,4.61623,0.271667
0.9266,18.0892,18.0892,4.63837,83.9042,85.0695,24.3192,4.63837,0.273333
0.9268,18.0387,18.0387,4.64099,83.7174,85.0695,24.3194,4.64099,0.275
0.927,18.0938,18.0938,4.62515,83.6867,85.0695,24.3182,4.62515,0.273333
0.9272,18.1294,18.1294,4.61735,83.7099,85.0695,24.3178,4.61735,0.271667
0.9274,18.0843,18.0843,4.63753,83.8664,85.0695,24.3191,4.63753,0.273333
0.9276,18.0402,18.0402,4.64471,83.7915,85.0695,24.3196,4.64471,0.275
0.9278,18.0943,18.0943,4.62594,83.7031,85.0695,24.3183,4.62594,0.273333
0.928,18.1301,18.1301,4.61623,83.6928,85.0695,24.3178,4.61623,0.271667
0.9282,18.0892,18.0892,4.63837,83.9042,85.0695,24.3192,4.63837,0.273333
0.9284,18.0387,18.0387,4.64099,83.7174,85.0695,24.3194,4.64099,0.275
0.9286,18.0938,18.0938,4.62515,83.6867,85.0695,24.3182,4.62515,0.273333
0.9288,18.1294,18.1294,4.61735,83.7099,85.0695,24.3178,4.61735,0.271667
0.929,18.0843,18.0843,4.63753,83.8664,85.0695,24.3191,4.63753,0.273333
0.9292,18.0402,18.0402,4.64471,83.7915,85.0695,24.3196,4.64471,0.275
0.9294,18.0943,18.0943,4.62594,83.7031,85.0695,24.3183,4.62594,0.273333
0.9296,18.1301,18.1301,4.61623,83.6928,85.0695,24.3178,4.61623,0.271667
0.9298,18.0892,18.0892,4.63837,83.9042,85.0695,24.3192,4.63837,0.273333
0.93,18.0387,18.0387,4.64099,83.7174,85.0695,24.3194,4.64099,0.275
0.9302,18.0938,18.0938,4.62515,83.6867,85.0695,24.3182,4.62515,0.273333
0.9304,18.1294,18.1294,4.61735,83.7099,85.0695,24.3178,4.61735,0.271667
0.9306,18.0843,18.0843,4.63753,83.8664,85.0695,24.3191,4.63753,0.273333
0.9308,18.0402,18.0402,4.64471,83.7915,85.0695,24.3196,4.64471,0.275
0.931,18.0943,18.0943,4.62594,83.7031,85.0695,24.3183,4.62594,0.273333
0.9312,18.1301,18.1301,4.61623,83.6928,85.0695,24.3178,4.61623,0.271667
0.9314,18.0892,18.0892,4.63837,83.9042,85.0695,24.3192,4.63837,0.273333
0.9316,18.0387,18.0387,4.64099,83.7174,85.0695,24.3194,4.64099,0.275
0.9318,18.0938,18.0938,4.62515,83.6867,85.0695,24.3182,4.62515,0.273333
0.932,18.1294,18.1294,4.61735,83.7099,85.0695,24.3178,4.61735,0.271667
0.9322,18.0843,18.0843,4.63753,83.8664,85.0695,24.3191,4.63753,0.273333
0.9324,18.0402,18.0402,4.64471,83.7915,85.0695,24.3196,4.64471,0.275
0.9326,18.0943,18.0943,4.62594,83.7031,85.0695,24.3183,4.62594,0.273333
0.9328,18.1301,18.1301,4.61623,83.6928,85.0695,24.3178,4.61623,0.271667
0.933,18.0892,18.0892,4.63837,83.9042,85.0695,24.3192,4.63837,0.273333
0.9332,18.0387,18.0387,4.64099,83.7174,85.0695,24.3194,4.64099,0.275
0.9334,18.0938,18.0938,4.62515,83.6867,85.0695,24.3182,4.62515,0.273333
0.9336,18.1294,18.1294,4.61735,83.7099,85.0695,24.3178,4.61735,0.271667
0.9338,18.0843,18.0843,4.63753,83.8664,85.0695,24.3191,4.63753,0.273333
0.934,18.0402,18.0402,4.64471,83.7915,85.0695,24.3196,4.64471,0.275
0.9342,18.0943,18.0943,4.62594,83.7031,85.0695,24.3183,4.62594,0.273333
0.9344,18.1301,18.1301,4.61623,83.6928,85.0695,24.3178,4.61623,0.271667
0.9346,18.0892,18.0892,4.63837,83.9042,85.0695,24.3192,4.63837,0.273333
0.9348,18.0387,18.0387,4.64099,83.7174,85.0695,24.3194,4.64099,0.275
0.935,18.0938,18.0938,4.62515,83.6867,85.0695,24.3182,4.62515,0.273333
0.9352,18.1294,18.1294,4.61735,83.7099,85.0695,24.3178,4.61735,0.271667
0.9354,18.0843,18.0843,4.63753,83.8664,85.0695,24.3191,4.63753,0.273333
0.9356,18.0402,18.0402,4.64471,83.7915,85.0695,24.3196,4.64471,0.275
0.9358,18.0943,18.0943,4.62594,83.7031,85.0695,24.3183,4.62594,0.273333
0.936,18.1301,18.1301,4.61623,83.6928,85.0695,24.3178,4.61623,0.271667
0.9362,18.0892,18.0892,4.63837,83.9042,85.0695,24.3192,4.63837,0.273333
0.9364,18.0387,18.0387,4.64099,83.7174,85.0695,24.3194,4.64099,0.275
0.9366,18.0938,18.0938,4.62515,83.6867,85.0695,24.3182,4.62515,0.273333
0.9368,18.1294,18.1294,4.61735,83.7099,85.0695,24.3178,4.61735,0.271667
0.937,18.0843,18.0843,4.63753,83.8664,85.0695,24.3191,4.63753,0.273333
0.9372,18.0402,18.0402,4.64471,83.7915,85.0695,24.3196,4.64471,0.275
0.9374,18.0943,18.0943,4.62594,83.7031,85.0695,24.3183,4.62594,0.273333
0.9376,18.1301,18.1301,4.61623,83.6928,85.0695,24.3178,4.61623,0.271667
0.9378,18.0892,18.0892,4.63837,83.9042,85.0695,24.3192,4.63837,0.273333
0.938,18.0387,18.0387,4.64099,83.7174,85.0695,24.3194,4.64099,0.275
0.9382,18.0938,18.0938,4.62515,83.6867,85.0695,24.3182,4.62515,0.273333
0.9384,18.1294,18.1294,4.61735,83.7099,85.0695,24.3178,4.61735,0.271667
0.9386,18.0843,18.0843,4.63753,83.8664,85.0695,24.3191,4.63753,0.273333
0.9388,18.0402,18.0402,4.64471,83.7915,85.0695,24.3196,4.64471,0.275
0.939,18.0943,18.0943,4.62594,83.7031,85.0695,24.3183,4.62594,0.273333
0.9392,18.1301,18.1301,4.61623,83.6928,85.0695,24.3178,4.61623,0.271667
0.9394,18.0892,18.0892,4.63837,83.9042,85.0695,24.3192,4.63837,0.273333
0.9396,18.0387,18.0387,4.64099,83.7174,85.0695,24.3194,4.64099,0.275
0.9398,18.0938,18.0938,4.62515,83.6867,85.0695,24.3182,4.62515,0.273333
0.94,18.1294,18.1294,4.61735,83.7099,85.0695,24.3178,4.61735,0.271667
0.9402,18.0843,18.0843,4.63753,83.8664,85.0695,24.3191,4.63753,0.273333
0.9404,18.0402,18.0402,4.64471,83.7915,85.0695,24.3196,4.64471,0.275
0.9406,18.0943,18.0943,4.62594,83.7031,85.0695,24.3183,4.62594,0.273333
0.9408,18.1301,18.1301,4.61623,83.6928,85.0695,24.3178,4.61623,0.271667
0.941,18.0892,18.0892,4.63837,83.9042,85.0695,24.3192,4.63837,0.273333
0.9412,18.0387,18.0387,4.64099,83.7174,85.0695,24.3194,4.64099,0.275
0.9414,18.0938,18.0938,4.62515,83.6867,85.0695,24.3182,4.62515,0.273333
0.9416,18.1294,18.1294,4.61735,83.7099,85.0695,24.3178,4.61735,0.271667
0.9418,18.0843,18.0843,4.63753,83.8664,85.0695,24.3191,4.63753,0.273333
0.942,18.0402,18.0402,4.64471,83.7915,85.0695,24.3196,4.64471,0.275
0.9422,18.0943,18.0943,4.62594,83.7031,85.0695,24.3183,4.62594,0.273333
0.9424,18.1301,18.1301,4.61623,83.6928,85.0695,24.3178,4.61623,0.271667
0.9426,18.0892,18.0892,4.63837,83.9042,85.0695,24.3192,4.63837,0.273333
0.9428,18.0387,18.0387,4.64099,83.7174,85.0695,24.3194,4.64099,0.275
0.943,18.0938,18.0938,4.62515,83.6867,85.0695,24.3182,4.62515,0.273333
0.9432,18.1294,18.1294,4.61735,83.7099,85.0695,24.3178,4.61735,0.271667
0.9434,18.0843,18.0843,4.63753,83.8664,85.0695,24.3191,4.63753,0.273333
0.9436,18.0402,18.0402,4.64471,83.7915,85.0695,24.3196,4.64471,0.275
0.9438,18.0943,18.0943,4.62594,83.7031,85.0695,24.3183,4.62594,0.273333
0.944,18.1301,18.1301,4.61623,83.6928,85.0695,24.3178,4.61623,0.271667
0.9442,18.0892,18.0892,4.63837,83.9042,85.0695,24.3192,4.63837,0.273333
0.9444,18.0387,18.0387,4.64099,83.7174,85.0695,24.3194,4.64099,0.275
0.9446,18.0938,18.0938,4.62515,83.6867,85.0695,24.3182,4.62515,0.273333
0.9448,18.1294,18.1294,4.61735,83.7099,85.0695,24.3178,4.61735,0.271667
0.945,18.0843,18.0843,4.63753,83.8664,85.0695,24.3191,4.63753,0.273333
0.9452,18.0402,18.0402,4.64471,83.7915,85.0695,24.3196,4.64471,0.275
0.9454,18.0943,18.0943,4.62594,83.7031,85.0695,24.3183,4.62594,0.273333
0.9456,18.1301,18.1301,4.61623,83.6928,85.0695,24.3178,4.61623,0.271667
0.9458,18.0892,18.0892,4.63837,83.9042,85.0695,24.3192,4.63837,0.273333
0.946,18.0387,18.0387,4.64099,83.7174,85.0695,24.3194,4.64099,0.275
0.9462,18.0938,18.0938,4.62515,83.6867,85.0695,24.3182,4.62515,0.273333
0.9464,18.1294,18.1294,4.61735,83.7099,85.0695,24.3178,4.61735,0.271667
0.9466,18.0843,18.0843,4.63753,83.8664,85.0695,24.3191,4.63753,0.273333
0.9468,18.0402,18.0402,4.64471,83.7915,85.0695,24.3196,4.64471,0.275
0.947,18.0943,18.0943,4.62594,83.7031,85.0695,24.3183,4.62594,0.273333
0.9472,18.1301,18.1301,4.61623,83.6928,85.0695,24.3178,4.61623,0.271667
0.9474,18.0892,18.0892,4.63837,83.9042,85.0695,24.3192,4.63837,0.273333
0.9476,18.0387,18.0387,4.64099,83.7174,85.0695,24.3194,4.64099,0.275
0.9478,18.0938,18.0938,4.62515,83.6867,85.0695,24.3182,4.62515,0.273333
0.948,18.1294,18.1294,4.61735,83.7099,85.0695,24.3178,4.61735,0.271667
0.9482,18.0843,18.0843,4.63753,83.8664,85.0695,24.3191,4.63753,0.273333
0.9484,18.0402,18.0402,4.64471,83.7915,85.0695,24.3196,4.64471,0.275
0.9486,18.0943,18.0943,4.62594,83.7031,85.0695,24.3183,4.62594,0.273333
0.9488,18.1301,18.1301,4.61623,83.6928,85.0695,24.3178,4.61623,0.271667
0.949,18.0892,18.0892,4.63837,83.9042,85.0695,24.3192,4.63837,0.273333
0.9492,18.0387,18.0387,4.64099,83.7174,85.0695,24.3194,4.64099,0.275
0.9494,18.0938,18.0938,4.62515,83.6867,85.0695,24.3182,4.62515,0.273333
0.9496,18.1294,18.1294,4.61735,83.7099,85.0695,24.3178,4.61735,0.271667
0.9498,18.0843,18.0843,4.63753,83.8664,85.0695,24.3191,4.63753,0.273333
0.95,18.0402,18.0402,4.64471,83.7915,85.0695,24.3196,4.64471,0.275
0.9502,18.0943,18.0943,4.62594,83.7031,85.0695,24.3183,4.62594,0.273333
0.9504,18.1301,18.1301,4.61623,83.6928,85.0695,24.3178,4.61623,0.271667
0.9506,18.0892,18.0892,4.63837,83.9042,85.0695,24.3192,4.63837,0.273333
0.9508,18.0387,18.0387,4.64099,83.7174,85.0695,24.3194,4.64099,0.275
0.951,18.0938,18.0938,4.62515,83.6867,85.0695,24.3182,4.62515,0.273333
0.9512,18.1294,18.1294,4.61735,83.7099,85.0695,24.3178,4.61735,0.271667
0.9514,18.0843,18.0843,4.63753,83.8664,85.0695,24.3191,4.63753,0.273333
0.9516,18.0402,18.0402,4.64471,83.7915,85.0695,24.3196,4.64471,0.275
0.9518,18.0943,18.0943,4.62594,83.7031,85.0695,24.3183,4.62594,0.273333
0.952,18.1301,18.1301,4.61623,83.6928,85.0695,24.3178,4.61623,0.271667
0.9522,18.0892,18.0892,4.63837,83.9042,85.0695,24.3192,4.63837,0.273333
0.9524,18.0387,18.0387,4.64099,83.7174,85.0695,24.3194,4.64099,0.275
0.9526,18.0938,18.0938,4.62515,83.6867,85.0695,24.3182,4.62515,0.273333
0.9528,18.1294,18.1294,4.61735,83.7099,85.0695,24.3178,4.61735,0.271667
0.953,18.0843,18.0843,4.63753,83.8664,85.0695,24.3191,4.63753,0.273333
0.9532,18.0402,18.0402,4.64471,83.7915,85.0695,24.3196,4.64471,0.275
0.9534,18.0943,18.0943,4.62594,83.7031,85.0695,24.3183,4.62594,0.273333
0.9536,18.1301,18.1301,4.61623,83.6928,85.0695,24.3178,4.61623,0.271667
0.9538,18.0892,18.0892,4.63837,83.9042,85.0695,24.3192,4.63837,0.273333
0.954,18.0387,18.0387,4.64099,83.7174,85.0695,24.3194,4.64099,0.275
0.9542,18.0938,18.0938,4.62515,83.6867,85.0695,24.3182,4.62515,0.273333
0.9544,18.1294,18.1294,4.61735,83.7099,85.0695,24.3178,4.61735,0.271667
0.9546,18.0843,18.0843,4.63753,83.8664,85.0695,24.3191,4.63753,0.273333
0.9548,18.0402,18.0402,4.64471,83.7915,85.0695,24.3196,4.64471,0.275
0.955,18.0943,18.0943,4.62594,83.7031,85.0695,24.3183,4.62594,0.273333
0.9552,18.1301,18.1301,4.61623,83.6928,85.0695,24.3178,4.61623,0.271667
0.9554,18.0892,18.0892,4.63837,83.9042,85.0695,24.3192,4.63837,0.273333
0.9556,18.0387,18.0387,4.64099,83.7174,85.0695,24.3194,4.64099,0.275
0.9558,18.0938,18.0938,4.62515,83.6867,85.0695,24.3182,4.62515,0.273333
0.956,18.1294,18.1294,4.61735,83.7099,85.0695,24.3178,4.61735,0.271667
0.9562,18.0843,18.0843,4.63753,83.8664,85.0695,24.3191,4.63753,0.273333
0.9564,18.0402,18.0402,4.64471,83.7915,85.0695,24.3196,4.64471,0.275
0.9566,18.0943,18.0943,4.62594,83.7031,85.0695,24.3183,4.62594,0.273333
0.9568,18.1301,18.1301,4.61623,83.6928,85.0695,24.3178,4.61623,0.271667
0.957,18.0892,18.0892,4.63837,83.9042,85.0695,24.3192,4.63837,0.273333
0.9572,18.0387,18.0387,4.64099,83.7174,85.0695,24.3194,4.64099,0.275
0.9574,18.0938,18.0938,4.62515,83.6867,85.0695,24.3182,4.62515,0.273333
0.9576,18.1294,18.1294,4.61735,83.7099,85.0695,24.3178,4.61735,0.271667
0.9578,18.0843,18.0843,4.63753,83.8664,85.0695,24.3191,4.63753,0.273333
0.958,18.0402,18.0402,4.64471,83.7915,85.0695,24.3196,4.64471,0.275
0.9582,18.0943,18.0943,4.62594,83.7031,85.0695,24.3183,4.62594,0.273333
0.9584,18.1301,18.1301,4.61623,83.6928,85.0695,24.3178,4.61623,0.271667
0.9586,18.0892,18.0892,4.63837,83.9042,85.0695,24.3192,4.63837,0.273333
0.9588,18.0387,18.0387,4.64099,83.7174,85.0695,24.3194,4.64099,0.275
0.959,18.0938,18.0938,4.62515,83.6867,85.0695,24.3182,4.62515,0.273333
0.9592,18.1294,18.1294,4.61735,83.7099,85.0695,24.3178,4.61735,0.271667
0.9594,18.0843,18.0843,4.63753,83.8664,85.0695,24.3191,4.63753,0.273333
0.9596,18.0402,18.0402,4.64471,83.7915,85.0695,24.3196,4.64471,0.275
0.9598,18.0943,18.0943,4.62594,83.7031,85.0695,24.3183,4.62594,0.273333
0.96,18.1301,18.1301,4.61623,83.6928,85.0695,24.3178,4.61623,0.271667
0.9602,18.0892,18.0892,4.63837,83.9042,85.0695,24.3192,4.63837,0.273333
0.9604,18.0387,18.0387,4.64099,83.7174,85.0695,24.3194,4.64099,0.275
0.9606,18.0938,18.0938,4.62515,83.6867,85.0695,24.3182,4.62515,0.273333
0.9608,18.1294,18.1294,4.61735,83.7099,85.0695,24.3178,4.61735,0.271667
0.961,18.0843,18.0843,4.63753,83.8664,85.0695,24.3191,4.63753,0.273333
0.9612,18.0402,18.0402,4.64471,83.7915,85.0695,24.3196,4.64471,0.275
0.9614,18.0943,18.0943,4.62594,83.7031,85.0695,24.3183,4.62594,0.273333
0.9616,18.1301,18.1301,4.61623,83.6928,85.0695,24.3178,4.61623,0.271667
0.9618,18.0892,18.0892,4.63837,83.9042,85.0695,24.3192,4.63837,0.273333
0.962,18.0387,18.0387,4.64099,83.7174,85.0695,24.3194,4.64099,0.275
0.9622,18.0938,18.0938,4.62515,83.6867,85.0695,24.3182,4.62515,0.273333
0.9624,18.1294,18.1294,4.61735,83.7099,85.0695,24.3178,4.61735,0.271667
0.9626,18.0843,18.0843,4.63753,83.8664,85.0695,24.3191,4.63753,0.273333
0.9628,18.0402,18.0402,4.64471,83.7915,85.0695,24.3196,4.64471,0.275
0.963,18.0943,18.0943,4.62594,83.7031,85.0695,24.3183,4.62594,0.273333
0.9632,18.1301,18.1301,4.61623,83.6928,85.0695,24.3178,4.61623,0.271667
0.9634,18.0892,18.0892,4.63837,83.9042,85.0695,24.3192,4.63837,0.273333
0.9636,18.0387,18.0387,4.64099,83.7174,85.0695,24.3194,4.64099,0.275
0.9638,18.0938,18.0938,4.62515,83.6867,85.0695,24.3182,4.62515,0.273333
0.964,18.1294,18.1294,4.61735,83.7099,85.0695,24.3178,4.61735,0.271667
0.9642,18.0843,18.0843,4.63753,83.8664,85.0695,24.3191,4.63753,0.273333
0.9644,18.0402,18.0402,4.64471,83.7915,85.0695,24.3196,4.64471,0.275
0.9646,18.0943,18.0943,4.62594,83.7031,85.0695,24.3183,4.62594,0.273333
0.9648,18.1301,18.1301,4.61623,83.6928,85.0695,24.3178,4.61623,0.271667
0.965,18.0892,18.0892,4.63837,83.9042,85.0695,24.3192,4.63837,0.273333
0.9652,18.0387,18.0387,4.64099,83.7174,85.0695,24.3194,4.64099,0.275
0.9654,18.0938,18.0938,4.62515,83.6867,85.0695,24.3182,4.62515,0.273333
0.9656,18.1294,18.1294,4.61735,83.7099,85.0695,24.3178,4.61735,0.271667
0.9658,18.0843,18.0843,4.63753,83.8664,85.0695,24.3191,4.63753,0.273333
0.966,18.0402,18.0402,4.64471,83.7915,85.0695,24.3196,4.64471,0.275
0.9662,18.0943,18.0943,4.62594,83.7031,85.0695,24.3183,4.62594,0.273333
0.9664,18.1301,18.1301,4.61623,83.6928,85.0695,24.3178,4.61623,0.271667
0.9666,18.0892,18.0892,4.63837,83.9042,85.0695,24.3192,4.63837,0.273333
0.9668,18.0387,18.0387,4.64099,83.7174,85.0695,24.3194,4.64099,0.275
0.967,18.0938,18.0938,4.62515,83.6867,85.0695,24.3182,4.62515,0.273333
0.9672,18.1294,18.1294,4.61735,83.7099,85.0695,24.3178,4.61735,0.271667
0.9674,18.0843,18.0843,4.63753,83.8664,85.0695,24.3191,4.63753,0.273333
0.9676,18.0402,18.0402,4.64471,83.7915,85.0695,24.3196,4.64471,0.275
0.9678,18.0943,18.0943,4.62594,83.7031,85.0695,24.3183,4.62594,0.273333
0.968,18.1301,18.1301,4.61623,83.6928,85.0695,24.3178,4.61623,0.271667
0.9682,18.0892,18.0892,4.63837,83.9042,85.0695,24.3192,4.63837,0.273333
0.9684,18.0387,18.0387,4.64099,83.7174,85.0695,24.3194,4.64099,0.275
0.9686,18.0938,18.0938,4.62515,83.6867,85.0695,24.3182,4.62515,0.273333
0.9688,18.1294,18.1294,4.61735,83.7099,85.0695,24.3178,4.61735,0.271667
0.969,18.0843,18.0843,4.63753,83.8664,85.0695,24.3191,4.63753,0.273333
0.9692,18.0402,18.0402,4.64471,83.7915,85.0695,24.3196,4.64471,0.275
0.9694,18.0943,18.0943,4.62594,83.7031,85.0695,24.3183,4.62594,0.273333
0.9696,18.1301,18.1301,4.61623,83.6928,85.0695,24.3178,4.61623,0.271667
0.9698,18.0892,18.0892,4.63837,83.9042,85.0695,24.3192,4.63837,0.273333
0.97,18.0387,18.0387,4.64099,83.7174,85.0695,24.3194,4.64099,0.275
0.9702,18.0938,18.0938,4.62515,83.6867,85.0695,24.3182,4.62515,0.273333
0.9704,18.1294,18.1294,4.61735,83.7099,85.0695,24.3178,4.61735,0.271667
0.9706,18.0843,18.0843,4.63753,83.8664,85.0695,24.3191,4.63753,0.273333
0.9708,18.0402,18.0402,4.64471,83.7915,85.0695,24.3196,4.64471,0.275
0.971,18.0943,18.0943,4.62594,83.7031,85.0695,24.3183,4.62594,0.273333
0.9712,18.1301,18.1301,4.61623,83.6928,85.0695,24.3178,4.61623,0.271667
0.9714,18.0892,18.0892,4.63837,83.9042,85.0695,24.3192,4.63837,0.273333
0.9716,18.0387,18.0387,4.64099,83.7174,85.0695,24.3194,4.64099,0.275
0.9718,18.0938,18.0938,4.62515,83.6867,85.0695,24.3182,4.62515,0.273333
0.972,18.1294,18.1294,4.61735,83.7099,85.0695,24.3178,4.61735,0.271667
0.9722,18.0843,18.0843,4.63753,83.8664,85.0695,24.3191,4.63753,0.273333
0.9724,18.0402,18.0402,4.64471,83.7915,85.0695,24.3196,4.64471,0.275
0.9726,18.0943,18.0943,4.62594,83.7031,85.0695,24.3183,4.62594,0.273333
0.9728,18.1301,18.1301,4.61623,83.6928,85.0695,24.3178,4.61623,0.271667
0.973,18.0892,18.0892,4.63837,83.9042,85.0695,24.3192,4.63837,0.273333
0.9732,18.0387,18.0387,4.64099,83.7174,85.0695,24.3194,4.64099,0.275
0.9734,18.0938,18.0938,4.62515,83.6867,85.0695,24.3182,4.62515,0.273333
0.9736,18.1294,18.1294,4.61735,83.7099,85.0695,24.3178,4.61735,0.271667
0.9738,18.0843,18.0843,4.63753,83.8664,85.0695,24.3191,4.63753,0.273333
0.974,18.0402,18.0402,4.64471,83.7915,85.0695,24.3196,4.64471,0.275
0.9742,18.0943,18.0943,4.62594,83.7031,85.0695,24.3183,4.62594,0.273333
0.9744,18.1301,18.1301,4.61623,83.6928,85.0695,24.3178,4.61623,0.271667
0.9746,18.0892,18.0892,4.63837,83.9042,85.0695,24.3192,4.63837,0.273333
0.9748,18.0387,18.0387,4.64099,83.7174,85.0695,24.3194,4.64099,0.275
0.975,18.0938,18.0938,4.62515,83.6867,85.0695,24.3182,4.62515,0.273333
0.9752,18.1294,18.1294,4.61735,83.7099,85.0695,24.3178,4.61735,0.271667
0.9754,18.0843,18.0843,4.63753,83.8664,85.0695,24.3191,4.63753,0.273333
0.9756,18.0402,18.0402,4.64471,83.7915,85.0695,24.3196,4.64471,0.275
0.9758,18.0943,18.0943,4.62594,83.7031,85.0695,24.3183,4.62594,0.273333
0.976,18.1301,18.1301,4.61623,83.6928,85.0695,24.3178,4.61623,0.271667
0.9762,18.0892,18.0892,4.63837,83.9042,85.0695,24.3192,4.63837,0.273333
0.9764,18.0387,18.0387,4.64099,83.7174,85.0695,24.3194,4.64099,0.275
0.9766,18.0938,18.0938,4.62515,83.6867,85.0695,24.3182,4.62515,0.273333
0.9768,18.1294,18.1294,4.61735,83.7099,85.0695,24.3178,4.61735,0.271667
0.977,18.0843,18.0843,4.63753,83.8664,85.0695,24.3191,4.63753,0.273333
0.9772,18.0402,18.0402,4.64471,83.7915,85.0695,24.3196,4.64471,0.275
0.9774,18.0943,18.0943,4.62594,83.7031,85.0695,24.3183,4.62594,0.273333
0.9776,18.1301,18.1301,4.61623,83.6928,85.0695,24.3178,4.61623,0.271667
0.9778,18.0892,18.0892,4.63837,83.9042,85.0695,24.3192,4.63837,0.273333
0.978,18.0387,18.0387,4.64099,83.7174,85.0695,24.3194,4.64099,0.275
0.9782,18.0938,18.0938,4.62515,83.6867,85.0695,24.3182,4.62515,0.273333
0.9784,18.1294,18.1294,4.61735,83.7099,85.0695,24.3178,4.61735,0.271667
0.9786,18.0843,18.0843,4.63753,83.8664,85.0695,24.3191,4.63753,0.273333
0.9788,18.0402,18.0402,4.64471,83.7915,85.0695,24.3196,4.64471,0.275
0.979,18.0943,18.0943,4.62594,83.7031,85.0695,24.3183,4.62594,0.273333
0.9792,18.1301,18.1301,4.61623,83.6928,85.0695,24.3178,4.61623,0.271667
0.9794,18.0892,18.0892,4.63837,83.9042,85.0695,24.3192,4.63837,0.273333
0.9796,18.0387,18.0387,4.64099,83.7174,85.0695,24.3194,4.64099,0.275
0.9798,18.0938,18.0938,4.62515,83.6867,85.0695,24.3182,4.62515,0.273333
0.98,18.1294,18.1294,4.61735,83.7099,85.0695,24.3178,4.61735,0.271667
0.9802,18.0843,18.0843,4.63753,83.8664,85.0695,24.3191,4.63753,0.273333
0.9804,18.0402,18.0402,4.64471,83.7915,85.0695,24.3196,4.64471,0.275
0.9806,18.0943,18.0943,4.62594,83.7031,85.0695,24.3183,4.62594,0.273333
0.9808,18.1301,18.1301,4.61623,83.6928,85.0695,24.3178,4.61623,0.271667
0.981,18.0892,18.0892,4.63837,83.9042,85.0695,24.3192,4.63837,0.273333
0.9812,18.0387,18.0387,4.64099,83.7174,85.0695,24.3194,4.64099,0.275
0.9814,18.0938,18.0938,4.62515,83.6867,85.0695,24.3182,4.62515,0.273333
0.9816,18.1294,18.1294,4.61735,83.7099,85.0695,24.3178,4.61735,0.271667
0.9818,18.0843,18.0843,4.63753,83.8664,85.0695,24.3191,4.63753,0.273333
0.982,18.0402,18.0402,4.64471,83.7915,85.0695,24.3196,4.64471,0.275
0.9822,18.0943,18.0943,4.62594,83.7031,85.0695,24.3183,4.62594,0.273333
0.9824,18.1301,18.1301,4.61623,83.6928,85.0695,24.3178,4.61623,0.271667
0.9826,18.0892,18.0892,4.63837,83.9042,85.0695,24.3192,4.63837,0.273333
0.9828,18.0387,18.0387,4.64099,83.7174,85.0695,24.3194,4.64099,0.275
0.983,18.0938,18.0938,4.62515,83.6867,85.0695,24.3182,4.62515,0.273333
0.9832,18.1294,18.1294,4.61735,83.7099,85.0695,24.3178,4.61735,0.271667
0.9834,18.0843,18.0843,4.63753,83.8664,85.0695,24.3191,4.63753,0.273333
0.9836,18.0402,18.0402,4.64471,83.7915,85.0695,24.3196,4.64471,0.275
0.9838,18.0943,18.0943,4.62594,83.7031,85.0695,24.3183,4.62594,0.273333
0.984,18.1301,18.1301,4.61623,83.6928,85.0695,24.3178,4.61623,0.271667
0.9842,18.0892,18.0892,4.63837,83.9042,85.0695,24.3192,4.63837,0.273333
0.9844,18.0387,18.0387,4.64099,83.7174,85.0695,24.3194,4.64099,0.275
0.9846,18.0938,18.0938,4.62515,83.6867,85.0695,24.3182,4.62515,0.273333
0.9848,18.1294,18.1294,4.61735,83.7099,85.0695,24.3178,4.61735,0.271667
0.985,18.0843,18.0843,4.63753,83.8664,85.0695,24.3191,4.63753,0.273333
0.9852,18.0402,18.0402,4.64471,83.7915,85.0695,24.3196,4.64471,0.275
0.9854,18.0943,18.0943,4.62594,83.7031,85.0695,24.3183,4.62594,0.273333
0.9856,18.1301,18.1301,4.61623,83.6928,85.0695,24.3178,4.61623,0.271667
0.9858,18.0892,18.0892,4.63837,83.9042,85.0695,24.3192,4.63837,0.273333
0.986,18.0387,18.0387,4.64099,83.7174,85.0695,24.3194,4.64099,0.275
0.9862,18.0938,18.0938,4.62515,83.6867,85.0695,24.3182,4.62515,0.273333
0.9864,18.1294,18.1294,4.61735,83.7099,85.0695,24.3178,4.61735,0.271667
0.9866,18.0843,18.0843,4.63753,83.8664,85.0695,24.3191,4.63753,0.273333
0.9868,18.0402,18.0402,4.64471,83.7915,85.0695,24.3196,4.64471,0.275
0.987,18.0943,18.0943,4.62594,83.7031,85.0695,24.3183,4.62594,0.273333
0.9872,18.1301,18.1301,4.61623,83.6928,85.0695,24.3178,4.61623,0.271667
0.9874,18.0892,18.0892,4.63837,83.9042,85.0695,24.3192,4.63837,0.273333
0.9876,18.0387,18.0387,4.64099,83.7174,85.0695,24.3194,4.64099,0.275
0.9878,18.0938,18.0938,4.62515,83.6867,85.0695,24.3182,4.62515,0.273333
0.988,18.1294,18.1294,4.61735,83.7099,85.0695,24.3178,4.61735,0.271667
0.9882,18.0843,18.0843,4.63753,83.8664,85.0695,24.3191,4.63753,0.273333
0.9884,18.0402,18.0402,4.64471,83.7915,85.0695,24.3196,4.64471,0.275
0.9886,18.0943,18.0943,4.62594,83.7031,85.0695,24.3183,4.62594,0.273333
0.9888,18.1301,18.1301,4.61623,83.6928,85.0695,24.3178,4.61623,0.271667
0.989,18.0892,18.0892,4.63837,83.9042,85.0695,24.3192,4.63837,0.273333
0.9892,18.0387,18.0387,4.64099,83.7174,85.0695,24.3194,4.64099,0.275
0.9894,18.0938,18.0938,4.62515,83.6867,85.0695,24.3182,4.62515,0.273333
0.9896,18.1294,18.1294,4.61735,83.7099,85.0695,24.3178,4.61735,0.271667
0.9898,18.0843,18.0843,4.63753,83.8664,85.0695,24.3191,4.63753,0.273333
0.99,18.0402,18.0402,4.64471,83.7915,85.0695,24.3196,4.64471,0.275
0.9902,18.0943,18.0943,4.62594,83.7031,85.0695,24.3183,4.62594,0.273333
0.9904,18.1301,18.1301,4.61623,83.6928,85.0695,24.3178,4.61623,0.271667
0.9906,18.0892,18.0892,4.63837,83.9042,85.0695,24.3192,4.63837,0.273333
0.9908,18.0387,18.0387,4.64099,83.7174,85.0695,24.3194,4.64099,0.275
0.991,18.0938,18.0938,4.62515,83.6867,85.0695,24.3182,4.62515,0.273333
0.9912,18.1294,18.1294,4.61735,83.7099,85.0695,24.3178,4.61735,0.271667
0.9914,18.0843,18.0843,4.63753,83.8664,85.0695,24.3191,4.63753,0.273333
0.9916,18.0402,18.0402,4.64471,83.7915,85.0695,24.3196,4.64471,0.275
0.9918,18.0943,18.0943,4.62594,83.7031,85.0695,24.3183,4.62594,0.273333
0.992,18.1301,18.1301,4.61623,83.6928,85.0695,24.3178,4.61623,0.271667
0.9922,18.0892,18.0892,4.63837,83.9042,85.0695,24.3192,4.63837,0.273333
0.9924,18.0387,18.0387,4.64099,83.7174,85.0695,24.3194,4.64099,0.275
0.9926,18.0938,18.0938,4.62515,83.6867,85.0695,24.3182,4.62515,0.273333
0.9928,18.1294,18.1294,4.61735,83.7099,85.0695,24.3178,4.61735,0.271667
0.993,18.0843,18.0843,4.63753,83.8664,85.0695,24.3191,4.63753,0.273333
0.9932,18.0402,18.0402,4.64471,83.7915,85.0695,24.3196,4.64471,0.275
0.9934,18.0943,18.0943,4.62594,83.7031,85.0695,24.3183,4.62594,0.273333
0.9936,18.1301,18.1301,4.61623,83.6928,85.0695,24.3178,4.61623,0.271667
0.9938,18.0892,18.0892,4.63837,83.9042,85.0695,24.3192,4.63837,0.273333
0.994,18.0387,18.0387,4.64099,83.7174,85.0695,24.3194,4.64099,0.275
0.9942,18.0938,18.0938,4.62515,83.6867,85.0695,24.3182,4.62515,0.273333
0.9944,18.1294,18.1294,4.61735,83.7099,85.0695,24.3178,4.61735,0.271667
0.9946,18.0843,18.0843,4.63753,83.8664,85.0695,24.3191,4.63753,0.273333
0.9948,18.0402,18.0402,4.64471,83.7915,85.0695,24.3196,4.64471,0.275
0.995,18.0943,18.0943,4.62594,83.7031,85.0695,24.3183,4.62594,0.273333
0.9952,18.1301,18.1301,4.61623,83.6928,85.0695,24.3178,4.61623,0.271667
0.9954,18.0892,18.0892,4.63837,83.9042,85.0695,24.3192,4.63837,0.273333
0.9956,18.0387,18.0387,4.64099,83.7174,85.0695,24.3194,4.64099,0.275
0.9958,18.0938,18.0938,4.62515,83.6867,85.0695,24.3182,4.62515,0.273333
0.996,18.1294,18.1294,4.61735,83.7099,85.0695,24.3178,4.61735,0.271667
0.9962,18.0843,18.0843,4.63753,83.8664,85.0695,24.3191,4.63753,0.273333
0.9964,18.0402,18.0402,4.64471,83.7915,85.0695,24.3196,4.64471,0.275
0.9966,18.0943,18.0943,4.62594,83.7031,85.0695,24.3183,4.62594,0.273333
0.9968,18.1301,18.1301,4.61623,83.6928,85.0695,24.3178,4.61623,0.271667
0.997,18.0892,18.0892,4.63837,83.9042,85.0695,24.3192,4.63837,0.273333
0.9972,18.0387,18.0387,4.64099,83.7174,85.0695,24.3194,4.64099,0.275
0.9974,18.0938,18.0938,4.62515,83.6867,85.0695,24.3182,4.62515,0.273333
0.9976,18.1294,18.1294,4.61735,83.7099,85.0695,24.3178,4.61735,0.271667
0.9978,18.0843,18.0843,4.63753,83.8664,85.0695,24.3191,4.63753,0.273333
0.998,18.0402,18.0402,4.64471,83.7915,85.0695,24.3196,4.64471,0.275
0.9982,18.0943,18.0943,4.62594,83.7031,85.0695,24.3183,4.62594,0.273333
0.9984,18.1301,18.1301,4.61623,83.6928,85.0695,24.3178,4.61623,0.271667
0.9986,18.0892,18.0892,4.63837,83.9042,85.0695,24.3192,4.63837,0.273333
0.9988,18.0387,18.0387,4.64099,83.7174,85.0695,24.3194,4.64099,0.275
0.999,18.0938,18.0938,4.62515,83.6867,85.0695,24.3182,4.62515,0.273333
0.9992,18.1294,18.1294,4.61735,83.7099,85.0695,24.3178,4.61735,0.271667
0.9994,18.0843,18.0843,4.63753,83.8664,85.0695,24.3191,4.63753,0.273333
0.9996,18.0402,18.0402,4.64471,83.7915,85.0695,24.3196,4.64471,0.275
0.9998,18.0943,18.0943,4.62594,83.7031,85.0695,24.3183,4.62594,0.273333
1,18.1301,18.1301,4.61623,83.6928,85.0695,24.3178,4.61623,0.271667
1.0002,18.0892,18.0892,4.63837,83.9042,85.0695,24.3192,4.63837,0.273333
1.0004,17.9923,17.9923,4.62002,83.1246,84.5684,24.3179,4.62002,0.275
1.0006,18.0701,18.0701,4.56638,82.5149,84.0674,24.3141,4.56638,0.273333
1.0008,18.0192,18.0192,4.56654,82.2855,83.5663,24.3141,4.56654,0.275
1.001,18.0286,18.0286,4.52678,81.6113,83.0652,24.3115,4.52678,0.273333
1.0012,18.0092,18.0092,4.50916,81.2062,82.5641,24.3102,4.50916,0.275
1.0014,18.0582,18.0582,4.46225,80.5802,82.063,24.3072,4.46225,0.273333
1.0016,18.0207,18.0207,4.45875,80.3499,81.5619,24.3067,4.45875,0.275
1.0018,18.035,18.035,4.41766,79.6723,81.0609,24.3039,4.41766,0.273333
1.002,18.0033,18.0033,4.40328,79.2735,80.5598,24.3029,4.40328,0.275
1.0022,18.0272,18.0272,4.36559,78.6996,80.0587,24.3006,4.36559,0.273333
1.0024,17.9818,17.9818,4.35217,78.2598,79.5576,24.2994,4.35217,0.275
1.0026,18.0211,18.0211,4.30888,77.6508,79.0565,24.2967,4.30888,0.273333
1.0028,17.981,17.981,4.29948,77.3088,78.5555,24.296,4.29948,0.275
1.003,18.0003,18.0003,4.26062,76.6924,78.0544,24.2932,4.26062,0.273333
1.0032,17.9786,17.9786,4.24667,76.349,77.5533,24.2923,4.24667,0.275
1.0034,17.9954,17.9954,4.20833,75.7307,77.0522,24.2894,4.20833,0.273333
1.0036,17.96,17.96,4.19314,75.3087,76.5511,24.2886,4.19314,0.275
1.0038,18.0032,18.0032,4.14888,74.6931,76.0501,24.2857,4.14888,0.273333
1.004,17.9649,17.9649,4.1406,74.3856,75.549,24.2847,4.1406,0.275
1.0042,17.9944,17.9944,4.09475,73.6828,75.0479,24.2819,4.09475,0.273333
1.0044,17.9668,17.9668,4.08422,73.3804,74.5468,24.2813,4.08422,0.275
1.0046,17.9799,17.9799,4.04441,72.7181,74.0457,24.2786,4.04441,0.273333
1.0048,17.9367,17.9367,4.03614,72.3948,73.5446,24.278,4.03614,0.275
1.005,17.9739,17.9739,3.98868,71.692,73.0436,24.2748,3.98868,0.273333
1.0052,17.9392,17.9392,3.97768,71.3565,72.5425,24.274,3.97768,0.275
1.0054,17.96,17.96,3.937,70.7085,72.0414,24.2712,3.937,0.273333
1.0056,17.953,17.953,3.9165,70.3131,71.5403,24.2698,3.9165,0.273333
1.0058,6.62461,6.62461,4.16,27.5584,71.0392,24.3477,5.31901,0.566667
1.006,16.2369,16.2369,1.73533,28.1764,70.5382,24.1188,1.73533,0.416667
1.0062,20.1186,20.1186,3.01795,60.7169,70.0371,24.2076,3.01795,0.266667
1.0064,20.6607,20.6607,2.25625,46.6156,69.536,24.1565,2.25625,0.116667
1.0066,19.284,19.284,3.58108,69.0576,69.0349,24.2464,3.58108,0.273333
1.0068,12.4975,12.4975,4.01,50.115,68.5338,24.3192,4.68759,0.416667
1.007,16.417,16.417,2.65053,43.5137,68.0328,24.1825,2.65053,0.347089
1.0072,19.3187,19.3187,3.50156,67.6458,67.5317,24.2409,3.50156,0.278521
1.0074,17.9344,17.9344,3.75653,67.3711,67.0306,24.259,3.75653,0.266667
1.0076,17.76,17.76,3.61808,64.257,66.5295,24.2495,3.61808,0.273333
1.0078,16.488,16.488,3.86,63.6436,66.0284,24.2654,3.86163,0.32008
1.008,19.0836,19.0836,3.10362,59.2283,65.5274,24.2143,3.10362,0.24126
1.0082,18.0942,18.0942,3.72285,67.362,65.0263,24.2564,3.72285,0.278096
1.0084,14.8697,14.8697,3.77,56.0586,64.5252,24.2637,3.84013,0.344409
1.0086,18.9308,18.9308,2.88988,54.7078,64.0241,24.1991,2.88988,0.273333
1.0088,19.8014,19.8014,2.90233,57.4704,63.523,24.2006,2.90233,0.198971
1.009,16.765,16.765,3.68,61.6952,63.0219,24.2718,3.95481,0.320318
1.0092,17.4917,17.4917,3.0143,52.7253,62.5209,24.2079,3.0143,0.273304
1.0094,17.9982,17.9982,3.58888,64.5935,62.0198,24.2469,3.58888,0.297374
1.0096,17.4536,17.4536,3.29878,57.5756,61.5187,24.2274,3.29878,0.273333
1.0098,15.988,15.988,3.56,56.9173,61.0176,24.2504,3.64293,0.337039
1.01,14.5218,14.5218,3.32322,48.2593,60.5165,24.2281,3.32322,0.37427
1.0102,19.392,19.392,2.75326,53.3912,60.0155,24.1897,2.75326,0.275978
1.0104,18.4648,18.4648,3.34144,61.6991,59.5144,24.2302,3.34144,0.261943
1.0106,17.4192,17.4192,3.25222,56.6512,59.0133,24.2245,3.25222,0.273333
1.0108,16.376,16.376,3.36218,55.059,58.5122,24.2311,3.36218,0.320532
1.011,13.2052,13.2052,3.38,44.6336,58.0111,24.2369,3.47593,0.407919
1.0112,19.5912,19.5912,2.22936,43.6757,57.5101,24.1537,2.22936,0.277628
1.0114,18.9845,18.9845,3.12495,59.3257,57.009,24.2153,3.12495,0.258503
1.0116,17.2674,17.2674,3.1917,55.1123,56.5079,24.2203,3.1917,0.273333
1.0118,18.086,18.086,2.90356,52.5139,56.0068,24.2003,2.90356,0.269287
1.012,18.4376,18.4376,3.0014,55.3385,55.5057,24.2071,3.0014,0.257919
1.0122,17.6013,17.6013,3.06622,53.9696,55.0046,24.2117,3.06622,0.272599
1.0124,16.9155,16.9155,3.03119,51.2741,54.5036,24.209,3.03119,0.299107
1.0126,18.1984,18.1984,2.7778,50.5513,54.0025,24.1917,2.7778,0.273333
1.0128,17.8112,17.8112,3.0332,54.0251,53.5014,24.2091,3.0332,0.277244
1.013,13.2509,13.2509,3.08,40.8129,53.0003,24.2281,3.33008,0.384637
1.0132,19.4873,19.4873,1.83435,35.7466,52.4992,24.1267,1.83435,0.272543
1.0134,19.4013,19.4013,2.73712,53.1038,51.9982,24.1889,2.73712,0.244662
1.0136,17.2118,17.2118,2.98832,51.4345,51.4971,24.2065,2.98832,0.273333
1.0138,16.8837,16.8837,2.69306,45.4689,50.996,24.186,2.69306,0.296698
1.014,17.3533,17.3533,2.80523,48.6801,50.4949,24.1935,2.80523,0.305371
1.0142,17.7501,17.7501,2.63614,46.7916,49.9938,24.182,2.63614,0.277807
1.0144,18.579,18.579,2.59454,48.204,49.4928,24.1792,2.59454,0.25295
1.0146,17.5571,17.5571,2.78205,48.8447,48.9917,24.1923,2.78205,0.273333
1.0148,15.9856,15.9856,2.7271,43.5942,48.4906,24.1884,2.7271,0.317266
1.015,13.1531,13.1531,2.78,36.5656,47.9895,24.1973,2.8815,0.414681
1.0152,19.6764,19.6764,1.63549,32.1806,47.4884,24.113,1.63549,0.276339
1.0154,17.8385,17.8385,2.72,48.5206,46.9874,24.208,3.02039,0.301022
1.0156,16.5891,16.5891,2.24759,37.2854,46.4863,24.1558,2.24759,0.273333
1.0158,18.8705,18.8705,2.41381,45.5498,45.9852,24.1667,2.41381,0.273333
1.016,5.68534,5.68534,2.63,14.9524,45.4841,24.2606,3.96046,0.566667
1.0162,15.9794,15.9794,0.0527526,0.842956,44.983,24.0058,0.0527526,0.416667
1.0164,20.6945,20.6945,1.79926,37.2347,44.4819,24.124,1.79926,0.266667
1.0166,20.9294,20.9294,1.34944,28.243,43.9809,24.0939,1.34944,0.116667
1.0168,18.4841,18.4841,2.51,46.3951,43.4798,24.1843,2.66919,0.273333
1.017,10.7924,10.7924,2.48,26.7652,42.9787,24.1952,2.84341,0.416667
1.0172,20.429,20.429,0.758488,15.4951,42.4776,24.0529,0.758488,0.275312
1.0174,19.4039,19.4039,2.39514,46.4751,41.9765,24.1651,2.39514,0.268595
1.0176,16.7288,16.7288,2.32255,38.8534,41.4755,24.161,2.32255,0.266667
1.0178,18.1,18.1,1.97782,35.7986,40.9744,24.1369,1.97782,0.273333
1.018,17.5672,17.5672,2.33,40.9316,40.4733,24.1637,2.36874,0.2846
1.0182,11.6484,11.6484,2.3,26.7913,39.9722,24.1785,2.60254,0.416582
1.0184,20.1931,20.1931,0.768447,15.5174,39.4711,24.0536,0.768447,0.273245
1.0186,17.0732,17.0732,2.24,38.244,38.9701,24.2015,2.93152,0.34237
1.0188,15.9868,15.9868,1.40655,22.4861,38.469,24.0985,1.40655,0.273333
1.019,20.8279,20.8279,1.37314,28.5997,37.9679,24.0952,1.37314,0.19752
1.0192,13.0515,13.0515,2.15,28.0607,37.4668,24.215,3.14097,0.395977
1.0194,18.0305,18.0305,0.39413,7.10636,36.9657,24.0288,0.39413,0.266949
1.0196,18.83,18.83,2.09,39.3548,36.4646,24.1691,2.45832,0.315915
1.0198,15.6836,15.6836,1.75628,27.5448,35.9636,24.1225,1.75628,0.273333
1.02,18.8996,18.8996,1.65967,31.367,35.4625,24.1149,1.65967,0.281287
1.0202,18.4114,18.4114,1.95382,35.9726,34.9614,24.1355,1.95382,0.245977
1.0204,16.8735,16.8735,1.92283,32.4449,34.9614,24.1335,1.92283,0.277759
1.0206,19.6834,19.6834,1.43757,28.2961,34.9614,24.0999,1.43757,0.223553
1.0208,17.567,17.567,2,35.134,34.9614,24.1549,2.23866,0.273333
1.021,15.134,15.134,1.78134,26.9588,34.9614,24.1241,1.78134,0.31684
1.0212,14.7399,14.7399,2,29.4797,34.9614,24.1376,2.00243,0.395977
1.0214,19.6254,19.6254,1.19876,23.5262,34.9614,24.0833,1.19876,0.258685
1.0216,17.1285,17.1285,2,34.2571,34.9614,24.1686,2.4414,0.301302
1.0218,16.6121,16.6121,1.39717,23.2099,34.9614,24.0977,1.39717,0.273333
1.022,18.3231,18.3231,2,36.6462,34.9614,24.1417,2.05327,0.301448
1.0222,10.984,10.984,2,21.9679,34.9614,24.1696,2.46402,0.420687
1.0224,20.5954,20.5954,0.262068,5.3974,34.9614,24.0189,0.262068,0.263263
1.0226,19.3766,19.3766,2,38.7532,34.9614,24.1471,2.13314,0.273747
1.0228,16.0512,16.0512,1.92966,30.9733,34.9614,24.1344,1.92966,0.273333
1.023,18.284,18.284,1.57076,28.7198,34.9614,24.109,1.57076,0.280503
1.0232,12.0659,12.0659,2,24.1319,34.9614,24.1906,2.78249,0.426134
1.0234,18.766,18.766,0.312976,5.87332,34.9614,24.0229,0.312976,0.278979
1.0236,20.1111,20.1111,1.81232,36.4476,34.9614,24.1252,1.81232,0.248058
1.0238,16.5068,16.5068,2,33.0136,34.9614,24.1494,2.15283,0.273333
1.024,17.9992,17.9992,1.44866,26.0748,34.9614,24.1008,1.44866,0.266473
1.0242,18.2765,18.2765,2,36.553,34.9614,24.1445,2.08983,0.276134
1.0244,16.9404,16.9404,1.78791,30.2879,34.9614,24.1243,1.78791,0.269453
1.0246,17.7569,17.7569,1.83905,32.6558,34.9614,24.1275,1.83905,0.288628
1.0248,17.6946,17.6946,1.87085,33.104,34.9614,24.1297,1.87085,0.273333
1.025,16.8842,16.8842,1.93605,32.6886,34.9614,24.1344,1.93605,0.29385
1.0252,17.5754,17.5754,1.72669,30.3472,34.9614,24.1198,1.72669,0.285251
1.0254,18.1703,18.1703,1.8849,34.2492,34.9614,24.1306,1.8849,0.270334
1.0256,17.7066,17.7066,1.85943,32.9242,34.9614,24.129,1.85943,0.264142
1.0258,17.6892,17.6892,1.85124,32.747,34.9614,24.1285,1.85124,0.273333
1.026,17.7207,17.7207,1.85236,32.8252,34.9614,24.1286,1.85236,0.273333
1.0262,6.0555,6.0555,2,12.111,34.9614,24.2072,3.13804,0.566667
1.0264,15.1152,15.1152,0.0209079,0.316027,34.9614,24.0038,0.0209079,0.416667
1.0266,20.6755,20.6755,1.55459,32.1418,34.9614,24.1073,1.55459,0.266667
1.0268,20.9243,20.9243,1.08597,22.7232,34.9614,24.0758,1.08597,0.116667
1.027,17.9074,17.9074,2,35.8148,34.9614,24.1603,2.31842,0.273333
1.0272,10.688,10.688,2,21.376,34.9614,24.1523,2.20494,0.416667
1.0274,21.0006,21.0006,0.378635,7.95154,34.9614,24.0268,0.378635,0.266667
1.0276,19.2074,19.2074,2,38.4149,34.9614,24.1495,2.16636,0.271568
1.0278,20.7966,20.7966,1.0435,21.7012,34.9614,24.0729,1.0435,0.118075
1.028,18.03,18.03,2,36.06,34.9614,24.1598,2.30917,0.273333
1.0282,16.2986,16.2986,1.64179,26.7588,34.9614,24.1146,1.64179,0.275863
1.0284,15.9624,15.9624,2,31.9248,34.9614,24.1463,2.11881,0.355048
1.0286,18.0694,18.0694,1.41562,25.5794,34.9614,24.0985,1.41562,0.27573
1.0288,18.5516,18.5516,2,37.1031,34.9614,24.1424,2.05896,0.268076
1.029,16.7061,16.7061,1.86276,31.1195,34.9614,24.1295,1.86276,0.273333
1.0292,20.3467,20.3467,1.30463,26.545,34.9614,24.0907,1.30463,0.201748
1.0294,15.1127,15.1127,2,30.2254,34.9614,24.1851,2.683,0.340836
1.0296,17.5917,17.5917,0.858214,15.0975,34.9614,24.0606,0.858214,0.265884
1.0298,17.3423,17.3423,2,34.6845,34.9614,24.1789,2.60039,0.343672
1.03,16.0859,16.0859,1.32876,21.3744,34.9614,24.0932,1.32876,0.273333
1.0302,19.3718,19.3718,1.86923,36.2105,34.9614,24.1291,1.86923,0.27932
1.0304,16.0767,16.0767,2,32.1534,34.9614,24.1487,2.14325,0.290055
1.0306,17.8331,17.8331,1.43332,25.5605,34.9614,24.0997,1.43332,0.278566
1.0308,19.9441,19.9441,1.67561,33.4185,34.9614,24.1161,1.67561,0.217256
1.031,16.9026,16.9026,2,33.8053,34.9614,24.152,2.1925,0.273333
1.0312,15.669,15.669,1.70174,26.6646,34.9614,24.1185,1.70174,0.316925
1.0314,19.869,19.869,1.47805,29.3674,34.9614,24.1024,1.47805,0.25009
1.0316,17.7037,17.7037,2,35.4075,34.9614,24.1517,2.19042,0.264968
1.0318,17.8144,17.8144,1.55235,27.6541,34.9614,24.1081,1.55235,0.249707
1.032,18.2852,18.2852,2,36.5704,34.9614,24.1392,2.01188,0.273333
1.0322,15.0226,15.0226,2,30.0451,34.9614,24.1434,2.06402,0.323005
1.0324,19.2817,19.2817,1.22338,23.5888,34.9614,24.0851,1.22338,0.261272
1.0326,18.2194,18.2194,2,36.4388,34.9614,24.154,2.22671,0.271097
1.0328,14.0931,14.0931,1.96446,27.6854,34.9614,24.1367,1.96446,0.333038
1.033,19.5923,19.5923,1.17413,23.0039,34.9614,24.0815,1.17413,0.273333
1.0332,19.0772,19.0772,2,38.1545,34.9614,24.1401,2.02349,0.24121
1.0334,16.1166,16.1166,1.9942,32.1398,34.9614,24.1386,1.9942,0.282822
1.0336,18.1489,18.1489,1.53755,27.9048,34.9614,24.1068,1.53755,0.278823
1.0338,16.8779,16.8779,2,33.7559,34.9614,24.155,2.2436,0.307782
1.034,17.2716,17.2716,1.48367,25.6254,34.9614,24.1034,1.48367,0.273333
1.0342,18.9782,18.9782,1.90754,36.2016,34.9614,24.132,1.90754,0.26398
1.0344,16.3265,16.3265,2,32.6529,34.9614,24.143,2.06121,0.286287
1.0346,18.0309,18.0309,1.50862,27.2018,34.9614,24.1049,1.50862,0.274332
1.0348,20.1122,20.1122,1.58289,31.8352,34.9614,24.1098,1.58289,0.202253
1.035,17.0633,17.0633,2,34.1265,34.9614,24.1544,2.22924,0.273333
1.0352,16.7461,16.7461,1.57077,26.3043,34.9614,24.1094,1.57077,0.285084
1.0354,19.965,19.965,1.59277,31.7996,34.9614,24.1104,1.59277,0.231094
1.0356,17.3138,17.3138,2,34.6276,34.9614,24.1514,2.18555,0.26766
1.0358,15.0511,15.0511,1.81464,27.3123,34.9614,24.1261,1.81464,0.32621
1.036,19.3499,19.3499,1.43228,27.7144,34.9614,24.0993,1.43228,0.273333
1.0362,17.722,17.722,2,35.4441,34.9614,24.1533,2.21284,0.273333
1.0364,5.07104,5.07104,2,10.1421,34.9614,24.1922,2.90033,0.566667
1.0366,15.7506,15.7506,0.0551703,0.868968,34.9614,24.006,0.0551703,0.416667
1.0368,20.5839,20.5839,1.61293,33.2004,34.9614,24.1113,1.61293,0.266667
1.037,20.8962,20.8962,1.09773,22.9385,34.9614,24.0766,1.09773,0.116667
1.0372,17.9024,17.9024,2,35.8047,34.9614,24.16,2.31207,0.273333
1.0374,10.7203,10.7203,2,21.4405,34.9614,24.1525,2.20803,0.416667
1.0376,19.0664,19.0664,0.669049,12.7564,34.9614,24.0469,0.669049,0.330058
1.0378,18.9578,18.9578,2,37.9157,34.9614,24.1535,2.22561,0.279242
1.038,17.1867,17.1867,1.69386,29.1119,34.9614,24.118,1.69386,0.244132
1.0382,18.3628,18.3628,1.85546,34.0715,34.9614,24.1285,1.85546,0.273333
1.0384,17.5527,17.5527,1.9164,33.638,34.9614,24.133,1.9164,0.266667
1.0386,17.4706,17.4706,1.81488,31.7072,34.9614,24.1259,1.81488,0.278027
1.0388,17.8045,17.8045,1.85512,33.0295,34.9614,24.1286,1.85512,0.277098
1.039,14.8579,14.8579,2,29.7157,34.9614,24.151,2.18441,0.344863
1.0392,18.6834,18.6834,1.17169,21.8911,34.9614,24.0817,1.17169,0.273333
1.0394,20.3234,20.3234,1.55647,31.6328,34.9614,24.108,1.55647,0.19436
1.0396,16.9249,16.9249,2,33.8498,34.9614,24.1569,2.26628,0.276455
1.0398,17.113,17.113,1.48238,25.3681,34.9614,24.1034,1.48238,0.27516
1.04,18.0519,18.0519,2,36.1039,34.9614,24.1424,2.06168,0.295706
1.0402,16.9988,16.9988,1.78942,30.4179,34.9614,24.1244,1.78942,0.273333
1.0404,17.237,17.237,1.90551,32.8454,34.9614,24.132,1.90551,0.301295
1.0406,16.9284,16.9284,1.8621,31.5224,34.9614,24.1291,1.8621,0.298053
1.0408,17.9947,17.9947,1.74521,31.4046,34.9614,24.121,1.74521,0.277681
1.041,18.1958,18.1958,1.89306,34.4457,34.9614,24.1313,1.89306,0.261628
1.0412,17.3082,17.3082,1.90417,32.9577,34.9614,24.1323,1.90417,0.273333
1.0414,15.1434,15.1434,2,30.2869,34.9614,24.1429,2.06502,0.342275
1.0416,18.5313,18.5313,1.32749,24.6001,34.9614,24.0923,1.32749,0.280309
1.0418,18.1873,18.1873,2,36.3746,34.9614,24.1512,2.18609,0.277022
1.042,17.5434,17.5434,1.62755,28.5526,34.9614,24.1134,1.62755,0.249296
1.0422,18.2802,18.2802,1.94375,35.532,34.9614,24.1345,1.94375,0.273333
1.0424,18.4723,18.4723,1.71905,31.7548,34.9614,24.1194,1.71905,0.23727
1.0426,18.0235,18.0235,1.96397,35.3976,34.9614,24.1362,1.96397,0.260373
1.0428,17.1116,17.1116,1.85763,31.787,34.9614,24.129,1.85763,0.277089
1.043,18.6371,18.6371,1.67845,31.2814,34.9614,24.1164,1.67845,0.256775
1.0432,17.5606,17.5606,2,35.1211,34.9614,24.1432,2.06743,0.273333
1.0434,18.5975,18.5975,1.54843,28.7969,34.9614,24.1077,1.54843,0.238106
1.0436,17.5716,17.5716,2,35.1432,34.9614,24.149,2.15343,0.281402
1.0438,16.9332,16.9332,1.66978,28.2748,34.9614,24.1163,1.66978,0.276724
1.044,18.6858,18.6858,1.8082,33.7876,34.9614,24.1252,1.8082,0.269354
1.0442,17.2312,17.2312,2,34.4624,34.9614,24.1397,2.01455,0.273333
1.0444,17.4132,17.4132,1.70566,29.7011,34.9614,24.1185,1.70566,0.278142
1.0446,17.7158,17.7158,1.95298,34.5987,34.9614,24.1352,1.95298,0.286996
1.0448,17.5299,17.5299,1.79245,31.4214,34.9614,24.1245,1.79245,0.271488
1.045,17.6584,17.6584,1.8969,33.4964,34.9614,24.1315,1.8969,0.281257
1.0452,17.6414,17.6414,1.81952,32.0989,34.9614,24.1264,1.81952,0.273333
1.0454,18.6332,18.6332,1.74823,32.5751,34.9614,24.1213,1.74823,0.25027
1.0456,17.5971,17.5971,2,35.1943,34.9614,24.1394,2.01039,0.267937
1.0458,17.2712,17.2712,1.7636,30.4596,34.9614,24.1225,1.7636,0.27691
1.046,18.7849,18.7849,1.74539,32.787,34.9614,24.121,1.74539,0.255186
1.0462,17.3295,17.3295,2,34.6591,34.9614,24.1425,2.05356,0.273333
1.0464,17.4639,17.4639,1.6763,29.2748,34.9614,24.1165,1.6763,0.273333
1.0466,6.68466,6.68466,2,13.3693,34.9614,24.2117,3.21126,0.566667
1.0468,14.8842,14.8842,0.013884,0.206653,34.9614,24.0034,0.013884,0.416667
1.047,20.7098,20.7098,1.53171,31.7214,34.9614,24.1057,1.53171,0.266667
1.0472,20.9354,20.9354,1.08087,22.6284,34.9614,24.0754,1.08087,0.116667
1.0474,17.9209,17.9209,2,35.8418,34.9614,24.16,2.3155,0.273333
1.0476,10.6889,10.6889,2,21.3778,34.9614,24.1526,2.20943,0.416667
1.0478,20.9969,20.9969,0.377383,7.92387,34.9614,24.0267,0.377383,0.266667
1.048,19.1474,19.1474,2,38.2947,34.9614,24.151,2.18776,0.274132
1.0482,16.2903,16.2903,1.83929,29.9625,34.9614,24.1281,1.83929,0.266667
1.0484,18.5881,18.5881,1.63376,30.3685,34.9614,24.1132,1.63376,0.273333
1.0486,16.7214,16.7214,2,33.4429,34.9614,24.1531,2.21067,0.299191
1.0488,11.7544,11.7544,2,23.5088,34.9614,24.1435,2.07764,0.416667
1.049,20.472,20.472,0.700629,14.3433,34.9614,24.0489,0.700629,0.276928
1.0492,16.2352,16.2352,2,32.4703,34.9614,24.1943,2.82459,0.350655
1.0494,16.2035,16.2035,0.988746,16.0211,34.9614,24.0699,0.988746,0.273333
1.0496,20.618,20.618,1.47044,30.3176,34.9614,24.1019,1.47044,0.222309
1.0498,16.3523,16.3523,2,32.7046,34.9614,24.1663,2.40106,0.294718
1.05,17.1604,17.1604,1.29677,22.2531,34.9614,24.0906,1.29677,0.274732
1.0502,20.5329,20.5329,1.44737,29.7186,34.9614,24.1004,1.44737,0.200655
1.0504,17.2226,17.2226,2,34.4451,34.9614,24.1579,2.28014,0.273333
1.0506,18.7598,18.7598,1.3155,24.6785,34.9614,24.0918,1.3155,0.225976
1.0508,19.3519,19.3519,1.90919,36.9464,34.9614,24.1322,1.90919,0.233541
1.051,16.6743,16.6743,2,33.3486,34.9614,24.1414,2.03733,0.272071
1.0512,18.8956,18.8956,1.45751,27.5405,34.9614,24.1013,1.45751,0.24635
1.0514,17.8849,17.8849,2,35.7697,34.9614,24.15,2.16814,0.273333
1.0516,17.3331,17.3331,1.64304,28.479,34.9614,24.1144,1.64304,0.260548
1.0518,19.9081,19.9081,1.5905,31.6638,34.9614,24.1103,1.5905,0.219523
1.052,17.0819,17.0819,2,34.1637,34.9614,24.1538,2.22071,0.274493
1.0522,16.355,16.355,1.6245,26.5687,34.9614,24.1131,1.6245,0.295179
1.0524,18.9667,18.9667,1.75825,33.3482,34.9614,24.1217,1.75825,0.273333
1.0526,17.7844,17.7844,1.98947,35.3814,34.9614,24.1381,1.98947,0.257373
1.0528,17.2951,17.2951,1.7944,31.0343,34.9614,24.1246,1.7944,0.274639
1.053,18.0385,18.0385,1.82654,32.9482,34.9614,24.1266,1.82654,0.274594
1.0532,17.4639,17.4639,1.93275,33.7533,34.9614,24.134,1.93275,0.275868
1.0534,17.6704,17.6704,1.77394,31.3462,34.9614,24.1231,1.77394,0.273333
1.0536,19.4171,19.4171,1.64566,31.9538,34.9614,24.1142,1.64566,0.226557
1.0538,16.761,16.761,2,33.5219,34.9614,24.1542,2.22667,0.285876
1.054,17.4063,17.4063,1.47287,25.6373,34.9614,24.1026,1.47287,0.273007
1.0542,19.013,19.013,1.91262,36.3647,34.9614,24.1323,1.91262,0.261018
1.0544,16.8082,16.8082,2,33.6163,34.9614,24.139,2.00073,0.273333
1.0546,18.2525,18.2525,1.58443,28.9197,34.9614,24.1101,1.58443,0.264147
1.0548,19.3915,19.3915,1.78109,34.5381,34.9614,24.1235,1.78109,0.227258
1.055,16.8649,16.8649,2,33.7298,34.9614,24.1467,2.11301,0.274748
1.0552,18.6156,18.6156,1.44573,26.9131,34.9614,24.1006,1.44573,0.246417
1.0554,18.0524,18.0524,2,36.1048,34.9614,24.1483,2.14419,0.273333
1.0556,17.8647,17.8647,1.61803,28.9057,34.9614,24.1126,1.61803,0.245736
1.0558,19.6845,19.6845,1.67877,33.0458,34.9614,24.1164,1.67877,0.220567
1.056,16.9366,16.9366,2,33.8731,34.9614,24.1514,2.18214,0.275392
1.0562,18.5467,18.5467,1.39968,25.9594,34.9614,24.0975,1.39968,0.242659
1.0564,18.171,18.171,2,36.3421,34.9614,24.1486,2.14885,0.273333
1.0566,16.7006,16.7006,1.75634,29.3319,34.9614,24.1222,1.75634,0.273333
1.0568,6.97169,6.97169,2,13.9434,34.9614,24.1999,3.02812,0.566667
1.057,15.5248,15.5248,0.0412005,0.639628,34.9614,24.0051,0.0412005,0.416667
1.0572,20.6173,20.6173,1.59202,32.8233,34.9614,24.1099,1.59202,0.266667
1.0574,20.9069,20.9069,1.09317,22.8548,34.9614,24.0763,1.09317,0.116667
1.0576,17.9098,17.9098,2,35.8195,34.9614,24.1599,2.31354,0.273333
1.0578,10.707,10.707,2,21.4141,34.9614,24.1523,2.2087,0.416667
1.058,20.9908,20.9908,0.381201,8.00172,34.9614,24.027,0.381201,0.266667
1.0582,19.0049,19.0049,2,38.0099,34.9614,24.1544,2.23715,0.279843
1.0584,19.3712,19.3712,1.399,27.1002,34.9614,24.0976,1.399,0.181464
1.0586,17.7814,17.7814,2,35.5628,34.9614,24.1538,2.22406,0.273333
1.0588,17.0196,17.0196,1.61605,27.5044,34.9614,24.1126,1.61605,0.266667
1.059,18.0542,18.0542,1.95186,35.2392,34.9614,24.135,1.95186,0.289478
1.0592,16.965,16.965,1.88566,31.9903,34.9614,24.1309,1.88566,0.281334
1.0594,17.8773,17.8773,1.7421,31.1441,34.9614,24.1208,1.7421,0.278962
1.0596,17.8442,17.8442,1.93867,34.5941,34.9614,24.1343,1.93867,0.273333
1.0598,19.784,19.784,1.46504,28.9845,34.9614,24.1018,1.46504,0.201582
1.06,17.4238,17.4238,2,34.8477,34.9614,24.1554,2.24487,0.274522
1.0602,17.2186,17.2186,1.54416,26.5882,34.9614,24.1076,1.54416,0.266325
1.0604,20.0067,20.0067,1.6031,32.0729,34.9614,24.1111,1.6031,0.221107
1.0606,17.0444,17.0444,2,34.0888,34.9614,24.1538,2.22005,0.273333
1.0608,16.3953,16.3953,1.61503,26.4789,34.9614,24.1124,1.61503,0.294521
1.061,18.3759,18.3759,1.85931,34.1664,34.9614,24.1287,1.85931,0.29117
1.0612,16.6476,16.6476,2,33.2951,34.9614,24.1405,2.02565,0.290117
1.0614,20.9992,20.9992,0.951424,19.9792,34.9614,24.0664,0.951424,0.158118
1.0616,18.1771,18.1771,2,36.3541,34.9614,24.1594,2.30599,0.273333
1.0618,15.8763,15.8763,1.7002,26.9928,34.9614,24.1185,1.7002,0.283922
1.062,18.9799,18.9799,1.6594,31.4953,34.9614,24.1149,1.6594,0.277122
1.0622,16.8985,16.8985,2,33.797,34.9614,24.1514,2.18401,0.287319
1.0624,19.3153,19.3153,1.29414,24.9968,34.9614,24.0902,1.29414,0.221106
1.0626,18.0068,18.0068,2,36.0137,34.9614,24.1547,2.23539,0.273333
1.0628,19.4005,19.4005,1.33231,25.8474,34.9614,24.0929,1.33231,0.196621
1.063,18.0888,18.0888,2,36.1777,34.9614,24.1523,2.19992,0.267662
1.0632,16.4913,16.4913,1.72032,28.3704,34.9614,24.1198,1.72032,0.276693
1.0634,17.8636,17.8636,1.84619,32.9795,34.9614,24.1278,1.84619,0.297292
1.0636,17.6287,17.6287,1.87973,33.1373,34.9614,24.1303,1.87973,0.273333
1.0638,17.509,17.509,1.84976,32.3875,34.9614,24.1283,1.84976,0.277882
1.064,17.5904,17.5904,1.85502,32.6306,34.9614,24.1286,1.85502,0.280069
1.0642,17.9374,17.9374,1.81358,32.531,34.9614,24.1258,1.81358,0.268865
1.0644,19.6211,19.6211,1.58749,31.1482,34.9614,24.1102,1.58749,0.212704
1.0646,17.2692,17.2692,2,34.5385,34.9614,24.152,2.19445,0.273333
1.0648,19.8104,19.8104,1.23877,24.5406,34.9614,24.0863,1.23877,0.197913
1.065,18.0378,18.0378,2,36.0755,34.9614,24.1555,2.24601,0.269949
1.0652,16.5346,16.5346,1.67328,27.667,34.9614,24.1166,1.67328,0.273702
1.0654,20.0299,20.0299,1.50541,30.1533,34.9614,24.1044,1.50541,0.227895
1.0656,17.2697,17.2697,2,34.5394,34.9614,24.1554,2.2438,0.273333
1.0658,18.0551,18.0551,1.43481,25.9057,34.9614,24.1,1.43481,0.246938
1.066,18.3532,18.3532,2,36.7064,34.9614,24.1444,2.08647,0.273665
1.0662,16.3102,16.3102,1.86862,30.4776,34.9614,24.1299,1.86862,0.284623
1.0664,18.6165,18.6165,1.60416,29.8639,34.9614,24.1113,1.60416,0.270498
1.0666,17.7358,17.7358,2,35.4716,34.9614,24.1446,2.08912,0.273333
1.0668,17.1139,17.1139,1.72191,29.4686,34.9614,24.1197,1.72191,0.273333
1.067,6.7831,6.7831,2,13.5662,34.9614,24.2059,3.12323,0.566667
1.0672,15.1995,15.1995,0.0235563,0.358044,34.9614,24.004,0.0235563,0.416667
1.0674,20.6638,20.6638,1.56267,32.2907,34.9614,24.1078,1.56267,0.266667
1.0676,20.92,20.92,1.08746,22.7498,34.9614,24.0759,1.08746,0.116667
1.0678,17.9184,17.9184,2,35.8368,34.9614,24.16,2.31468,0.273333
1.068,10.7072,10.7072,2,21.4144,34.9614,24.1527,2.21107,0.416667
1.0682,20.2158,20.2158,0.517183,10.4553,34.9614,24.0364,0.517183,0.296063
1.0684,18.9174,18.9174,2,37.8348,34.9614,24.1552,2.24977,0.279242
1.0686,16.2861,16.2861,1.77215,28.8614,34.9614,24.1235,1.77215,0.266667
1.0688,18.7302,18.7302,1.66861,31.2534,34.9614,24.1156,1.66861,0.273333
1.069,17.7629,17.7629,2,35.5259,34.9614,24.1419,2.04799,0.266667
1.0692,19.9532,19.9532,1.35111,26.9589,34.9614,24.094,1.35111,0.191391
1.0694,17.4232,17.4232,2,34.8464,34.9614,24.1594,2.30411,0.27962
1.0696,13.8417,13.8417,1.84384,25.5219,34.9614,24.1281,1.84384,0.346783
1.0698,19.9282,19.9282,1.20093,23.9324,34.9614,24.0833,1.20093,0.273333
1.07,19.8932,19.8932,1.72453,34.3064,34.9614,24.1196,1.72453,0.201369
1.0702,20.2617,20.2617,1.42877,28.9493,34.9614,24.0995,1.42877,0.157715
1.0704,17.234,17.234,2,34.468,34.9614,24.1584,2.28971,0.276818
1.0706,18.199,18.199,1.37421,25.0093,34.9614,24.0959,1.37421,0.240702
1.0708,18.3984,18.3984,2,36.7967,34.9614,24.1462,2.11527,0.273333
1.071,15.0996,15.0996,1.97499,29.8216,34.9614,24.1372,1.97499,0.312517
1.0712,17.7472,17.7472,1.4946,26.5249,34.9614,24.1037,1.4946,0.307715
1.0714,18.4338,18.4338,2,36.8677,34.9614,24.14,2.02273,0.272928
1.0716,19.5736,19.5736,1.48285,29.0247,34.9614,24.1032,1.48285,0.195121
1.0718,17.5186,17.5186,2,35.0372,34.9614,24.1536,2.21936,0.273333
1.072,17.582,17.582,1.53591,27.0044,34.9614,24.107,1.53591,0.256773
1.0722,14.3582,14.3582,2,28.7164,34.9614,24.1724,2.50449,0.381792
1.0724,18.1118,18.1118,0.890522,16.1289,34.9614,24.0626,0.890522,0.276514
1.0726,16.9523,16.9523,2,33.9045,34.9614,24.1828,2.65755,0.345122
1.0728,16.1821,16.1821,1.22447,19.8145,34.9614,24.086,1.22447,0.273333
1.073,20.1339,20.1339,1.67664,33.7573,34.9614,24.1159,1.67664,0.246318
1.0732,12.249,12.249,2,24.4979,34.9614,24.1901,2.76814,0.389641
1.0734,18.7883,18.7883,0.343985,6.4629,34.9614,24.0251,0.343985,0.276367
1.0736,20.8705,20.8705,1.3018,27.1692,34.9614,24.0903,1.3018,0.196549
1.0738,17.457,17.457,2,34.9141,34.9614,24.1598,2.30928,0.273333
1.074,15.5231,15.5231,1.66462,25.84,34.9614,24.116,1.66462,0.303776
1.0742,20.2152,20.2152,1.40576,28.4176,34.9614,24.0974,1.40576,0.239641
1.0744,17.5134,17.5134,2,35.0269,34.9614,24.1562,2.2561,0.270889
1.0746,18.2009,18.2009,1.43132,26.0513,34.9614,24.0998,1.43132,0.238296
1.0748,18.2962,18.2962,2,36.5925,34.9614,24.1451,2.09841,0.273333
1.075,16.6058,16.6058,1.81876,30.2021,34.9614,24.1265,1.81876,0.277288
1.0752,20.0377,20.0377,1.41528,28.359,34.9614,24.0982,1.41528,0.219876
1.0754,17.4277,17.4277,2,34.8553,34.9614,24.1572,2.27023,0.274816
1.0756,16.1638,16.1638,1.63196,26.3786,34.9614,24.1137,1.63196,0.291166
1.0758,19.0626,19.0626,1.72128,32.812,34.9614,24.1191,1.72128,0.273333
1.076,18.0912,18.0912,1.97202,35.6762,34.9614,24.1369,1.97202,0.249307
1.0762,15.1856,15.1856,2,30.3713,34.9614,24.1433,2.06541,0.324489
1.0764,18.656,18.656,1.31727,24.575,34.9614,24.0916,1.31727,0.276152
1.0766,19.5367,19.5367,1.85153,36.1728,34.9614,24.1283,1.85153,0.227333
1.0768,16.6594,16.6594,2,33.3188,34.9614,24.145,2.08871,0.273333
1.077,17.7994,17.7994,1.54375,27.4779,34.9614,24.1074,1.54375,0.273333
1.0772,6.82816,6.82816,2,13.6563,34.9614,24.2208,3.35322,0.566667
1.0774,14.3721,14.3721,0,0,34.9614,24.0026,-5.92883e-07,0.416667
1.0776,20.7838,20.7838,1.48119,30.7849,34.9614,24.1022,1.48119,0.266667
1.0778,20.9599,20.9599,1.06996,22.4262,34.9614,24.0747,1.06996,0.116667
1.078,17.9386,17.9386,2,35.8772,34.9614,24.16,2.31507,0.273333
1.0782,10.6835,10.6835,2,21.367,34.9614,24.1522,2.21017,0.416667
1.0784,17.8493,17.8493,0.797945,14.2427,34.9614,24.0558,0.797945,0.362593
1.0786,19.3081,19.3081,2,38.6163,34.9614,24.1454,2.1067,0.273655
1.0788,16.4073,16.4073,1.90653,31.281,34.9614,24.1327,1.90653,0.266667
1.079,18.3678,18.3678,1.6141,29.6474,34.9614,24.112,1.6141,0.273333
1.0792,16.6613,16.6613,2,33.3227,34.9614,24.1538,2.22428,0.30552
1.0794,19.6376,19.6376,1.1914,23.3962,34.9614,24.0831,1.1914,0.212593
1.0796,17.9594,17.9594,2,35.9188,34.9614,24.1581,2.28809,0.277074
1.0798,13.4954,13.4954,1.94573,26.2583,34.9614,24.1354,1.94573,0.348132
1.08,19.9397,19.9397,1.07886,21.5121,34.9614,24.0749,1.07886,0.273333
1.0802,19.5958,19.5958,1.87196,36.6825,34.9614,24.1297,1.87196,0.22171
1.0804,15.7417,15.7417,2,31.4833,34.9614,24.1519,2.18838,0.295285
1.0806,18.1555,18.1555,1.32228,24.0065,34.9614,24.0921,1.32228,0.272869
1.0808,18.2698,18.2698,2,36.5396,34.9614,24.15,2.1694,0.280355
1.081,16.578,16.578,1.75425,29.0819,34.9614,24.1221,1.75425,0.273333
1.0812,20.7161,20.7161,1.20927,25.0514,34.9614,24.0841,1.20927,0.186775
1.0814,12.4878,12.4878,2,24.9756,34.9614,24.2112,3.0909,0.410321
1.0816,18.0413,18.0413,0.147407,2.65941,34.9614,24.0119,0.147407,0.270775
1.0818,20.5784,20.5784,1.55612,32.0224,34.9614,24.1077,1.55612,0.234678
1.082,16.9453,16.9453,2,33.8906,34.9614,24.1566,2.25953,0.273333
1.0822,14.691,14.691,1.74683,25.6627,34.9614,24.1216,1.74683,0.336775
1.0824,13.6929,13.6929,2,27.3858,34.9614,24.1435,2.09919,0.431538
1.0826,19.5021,19.5021,1.02797,20.0475,34.9614,24.0716,1.02797,0.275007
1.0828,18.6754,18.6754,2,37.3509,34.9614,24.1512,2.18768,0.26466
1.083,16.3057,16.3057,1.80174,29.3785,34.9614,24.1254,1.80174,0.273333
1.0832,20.4415,20.4415,1.29151,26.4003,34.9614,24.0897,1.29151,0.207192
1.0834,12.2108,12.2108,2,24.4217,34.9614,24.2097,3.0715,0.414087
1.0836,18.1153,18.1153,0.129631,2.3483,34.9614,24.0106,0.129631,0.274882
1.0838,19.7307,19.7307,2,39.4614,34.9614,24.1415,2.05391,0.28464
1.084,16.0705,16.0705,2,32.141,34.9614,24.1398,2.01094,0.273333
1.0842,20.4305,20.4305,1.14614,23.4163,34.9614,24.0797,1.14614,0.203672
1.0844,18.2107,18.2107,2,36.4213,34.9614,24.1547,2.23622,0.264087
1.0846,16.5324,16.5324,1.6959,28.0373,34.9614,24.1181,1.6959,0.271485
1.0848,18.1615,18.1615,1.83325,33.2946,34.9614,24.1268,1.83325,0.289901
1.085,17.4879,17.4879,1.92951,33.743,34.9614,24.1338,1.92951,0.273333
1.0852,18.1676,18.1676,1.71413,31.1417,34.9614,24.119,1.71413,0.259729
1.0854,20.1312,20.1312,1.49632,30.1226,34.9614,24.1039,1.49632,0.19083
1.0856,17.3013,17.3013,2,34.6026,34.9614,24.1554,2.24366,0.271938
1.0858,16.8201,16.8201,1.57565,26.5026,34.9614,24.1098,1.57565,0.278224
1.086,18.8019,18.8019,1.85414,34.8612,34.9614,24.1283,1.85414,0.273333
1.0862,15.5683,15.5683,2,31.1367,34.9614,24.1514,2.18278,0.311686
1.0864,20.8262,20.8262,0.874486,18.2123,34.9614,24.061,0.874486,0.185862
1.0866,18.3191,18.3191,2,36.6381,34.9614,24.1591,2.30178,0.274396
1.0868,17.5149,17.5149,1.54248,27.0165,34.9614,24.1076,1.54248,0.240542
1.087,18.4552,18.4552,1.97582,36.4643,34.9614,24.1367,1.97582,0.273333
1.0872,16.9549,16.9549,1.89712,32.1655,34.9614,24.1318,1.89712,0.273333
1.0874,6.41965,6.41965,2,12.8393,34.9614,24.197,2.98093,0.566667
1.0876,15.7041,15.7041,0.0522353,0.820309,34.9614,24.0058,0.0522353,0.416667
1.0878,20.5904,20.5904,1.60961,33.1425,34.9614,24.111,1.60961,0.266667
1.088,20.8997,20.8997,1.09538,22.8931,34.9614,24.0764,1.09538,0.116667
1.0882,17.9007,17.9007,2,35.8014,34.9614,24.1596,2.31403,0.273333
1.0884,10.7069,10.7069,2,21.4137,34.9614,24.1524,2.20777,0.416667
1.0886,20.9899,20.9899,0.381101,7.99928,34.9614,24.027,0.381101,0.266667
1.0888,19.1855,19.1855,2,38.3709,34.9614,24.15,2.17322,0.272456
1.089,17.6015,17.6015,1.70619,30.0315,34.9614,24.1188,1.70619,0.233448
1.0892,18.0986,18.0986,1.91487,34.6564,34.9614,24.1326,1.91487,0.273333
1.0894,16.623,16.623,1.96057,32.5905,34.9614,24.1361,1.96057,0.291665
1.0896,19.6987,19.6987,1.39066,27.3943,34.9614,24.0966,1.39066,0.225785
1.0898,17.5478,17.5478,2,35.0955,34.9614,24.1568,2.26727,0.27646
1.09,14.4016,14.4016,1.82999,26.3547,34.9614,24.1272,1.82999,0.333533
1.0902,19.6586,19.6586,1.30832,25.7198,34.9614,24.0907,1.30832,0.273333
1.0904,19.4461,19.4461,1.86426,36.2527,34.9614,24.1292,1.86426,0.21854
1.0906,16.9393,16.9393,2,33.8786,34.9614,24.1418,2.04305,0.266785
1.0908,17.8269,17.8269,1.60865,28.6773,34.9614,24.1118,1.60865,0.270994
1.091,16.1485,16.1485,2,32.297,34.9614,24.1561,2.25722,0.327979
1.0912,17.7062,17.7062,1.35002,23.9037,34.9614,24.0941,1.35002,0.273333
1.0914,19.5714,19.5714,1.83585,35.9301,34.9614,24.1271,1.83585,0.239907
1.0916,18.1805,18.1805,1.89293,34.4143,34.9614,24.1315,1.89293,0.23296
1.0918,17.2827,17.2827,1.9076,32.9685,34.9614,24.1324,1.9076,0.274783
1.092,19.1312,19.1312,1.57801,30.1893,34.9614,24.1096,1.57801,0.236178
1.0922,17.5162,17.5162,2,35.0325,34.9614,24.1496,2.15804,0.273333
1.0924,17.0805,17.0805,1.6464,28.1213,34.9614,24.1146,1.6464,0.273737
1.0926,19.8789,19.8789,1.58694,31.5466,34.9614,24.11,1.58694,0.225307
1.0928,17.2332,17.2332,2,34.4663,34.9614,24.1527,2.2029,0.271084
1.093,19.251,19.251,1.31653,25.3444,34.9614,24.0917,1.31653,0.216185
1.0932,17.9997,17.9997,2,35.9994,34.9614,24.1541,2.22744,0.273333
1.0934,18.2298,18.2298,1.49687,27.2876,34.9614,24.1043,1.49687,0.231315
1.0936,18.7462,18.7462,1.97566,37.0361,34.9614,24.1368,1.97566,0.254795
1.0938,16.7728,16.7728,1.93793,32.5045,34.9614,24.1346,1.93793,0.274035
1.094,17.7212,17.7212,1.69835,30.0968,34.9614,24.1178,1.69835,0.283106
1.0942,18.0404,18.0404,1.93345,34.8802,34.9614,24.1339,1.93345,0.273333
1.0944,16.7035,16.7035,1.93011,32.2396,34.9614,24.1339,1.93011,0.289344
1.0946,17.5693,17.5693,1.71597,30.1485,34.9614,24.119,1.71597,0.288428
1.0948,18.0732,18.0732,1.90723,34.4696,34.9614,24.1322,1.90723,0.27364
1.095,16.9823,16.9823,1.92511,32.6928,34.9614,24.1337,1.92511,0.283357
1.0952,17.9817,17.9817,1.69707,30.5161,34.9614,24.1179,1.69707,0.273333
1.0954,19.9426,19.9426,1.56548,31.2198,34.9614,24.1087,1.56548,0.203861
1.0956,17.1306,17.1306,2,34.2611,34.9614,24.1547,2.23128,0.27432
1.0958,17.2095,17.2095,1.52643,26.2691,34.9614,24.1063,1.52643,0.271776
1.096,20.6389,20.6389,1.33174,27.4856,34.9614,24.0925,1.33174,0.185645
1.0962,17.4641,17.4641,2,34.9283,34.9614,24.159,2.29793,0.273333
1.0964,15.2658,15.2658,1.70243,25.989,34.9614,24.1186,1.70243,0.311426
1.0966,19.8737,19.8737,1.44644,28.746,34.9614,24.1002,1.44644,0.257198
1.0968,17.4744,17.4744,2,34.9488,34.9614,24.1555,2.24723,0.273308
1.097,15.7232,15.7232,1.70166,26.7555,34.9614,24.1185,1.70166,0.302629
1.0972,19.1757,19.1757,1.61282,30.9271,34.9614,24.1116,1.61282,0.273333
1.0974,17.4166,17.4166,2,34.8332,34.9614,24.149,2.14899,0.273333
1.0976,5.45896,5.45896,2,10.9179,34.9614,24.1914,2.89328,0.566667
1.0978,15.8723,15.8723,0.062632,0.994115,34.9614,24.0064,0.062632,0.416667
1.098,20.5595,20.5595,1.62806,33.4721,34.9614,24.1123,1.62806,0.266667
1.0982,20.8903,20.8903,1.09962,22.9715,34.9614,24.0767,1.09962,0.116667
1.0984,17.8834,17.8834,2,35.7668,34.9614,24.1601,2.3159,0.273333
1.0986,10.7232,10.7232,2,21.4464,34.9614,24.1521,2.20395,0.416667
1.0988,18.1934,18.1934,0.771614,14.0383,34.9614,24.054,0.771614,0.353422
1.099,19.3513,19.3513,2,38.7026,34.9614,24.1441,2.08776,0.268152
1.0992,17.0775,17.0775,1.84781,31.556,34.9614,24.1286,1.84781,0.25056
1.0994,18.0915,18.0915,1.75551,31.7597,34.9614,24.1217,1.75551,0.273333
1.0996,17.9288,17.9288,1.92855,34.5766,34.9614,24.1337,1.92855,0.266667
1.0998,19.5425,19.5425,1.5296,29.8921,34.9614,24.1063,1.5296,0.209971
1.1,17.3238,17.3238,2,34.6476,34.9614,24.1538,2.21949,0.276027
1.1002,14.2986,14.2986,1.86477,26.6635,34.9614,24.1297,1.86477,0.342792
1.1004,19.6665,19.6665,1.27031,24.9825,34.9614,24.0881,1.27031,0.273333
1.1006,19.9661,19.9661,1.68255,33.594,34.9614,24.1167,1.68255,0.197144
1.1008,14.0166,14.0166,2,28.0332,34.9614,24.1767,2.55546,0.346861
1.101,18.4003,18.4003,0.77346,14.2319,34.9614,24.0545,0.77346,0.271321
1.1012,19.6704,19.6704,1.95449,38.4457,34.9614,24.1351,1.95449,0.250999
1.1014,16.3353,16.3353,2,32.6706,34.9614,24.143,2.05688,0.273333
1.1016,16.6714,16.6714,1.66297,27.7241,34.9614,24.1155,1.66297,0.309802
1.1018,16.8878,16.8878,2,33.7756,34.9614,24.1403,2.03017,0.323813
1.102,17.8851,17.8851,1.60752,28.7507,34.9614,24.1117,1.60752,0.270818
1.1022,19.0263,19.0263,1.8436,35.0768,34.9614,24.1277,1.8436,0.24545
1.1024,16.9649,16.9649,2,33.9299,34.9614,24.1413,2.03716,0.273333
1.1026,18.9236,18.9236,1.47992,28.0055,34.9614,24.1029,1.47992,0.240298
1.1028,18.548,18.548,2,37.0961,34.9614,24.1408,2.03232,0.251481
1.103,16.6588,16.6588,1.89148,31.5098,34.9614,24.1314,1.89148,0.276411
1.1032,17.359,17.359,1.77066,30.7369,34.9614,24.1227,1.77066,0.297218
1.1034,18.095,18.095,1.84425,33.3717,34.9614,24.1279,1.84425,0.273333
1.1036,19.4649,19.4649,1.60748,31.2894,34.9614,24.1116,1.60748,0.214274
1.1038,18.6785,18.6785,1.93815,36.2018,34.9614,24.1344,1.93815,0.232395
1.104,16.9915,16.9915,1.94092,32.979,34.9614,24.1348,1.94092,0.271869
1.1042,17.8115,17.8115,1.70477,30.3645,34.9614,24.1183,1.70477,0.276835
1.1044,17.9634,17.9634,1.947,34.9748,34.9614,24.1349,1.947,0.273333
1.1046,15.3151,15.3151,2,30.6301,34.9614,24.1436,2.06894,0.325147
1.1048,19.5471,19.5471,1.20941,23.6404,34.9614,24.0841,1.20941,0.247643
1.105,18.1958,18.1958,2,36.3916,34.9614,24.1542,2.23063,0.269914
1.1052,18.2888,18.2888,1.50088,27.4492,34.9614,24.1046,1.50088,0.22632
1.1054,18.1203,18.1203,2,36.2405,34.9614,24.1447,2.09141,0.273333
1.1056,14.2365,14.2365,2,28.4729,34.9614,24.1431,2.06394,0.33999
1.1058,19.8307,19.8307,1.06593,21.1381,34.9614,24.0742,1.06593,0.257465
1.106,18.2148,18.2148,2,36.4296,34.9614,24.1577,2.28157,0.274398
1.1062,17.1585,17.1585,1.59087,27.297,34.9614,24.111,1.59087,0.252661
1.1064,18.5674,18.5674,1.9029,35.3318,34.9614,24.1317,1.9029,0.273333
1.1066,19.8136,19.8136,1.50704,29.8599,34.9614,24.1048,1.50704,0.18999
1.1068,18.7727,18.7727,1.96552,36.8982,34.9614,24.1363,1.96552,0.23081
1.107,16.8672,16.8672,1.93727,32.6762,34.9614,24.1346,1.93727,0.27171
1.1072,18.0491,18.0491,1.66856,30.1159,34.9614,24.1158,1.66856,0.272682
1.1074,17.9101,17.9101,1.99663,35.7599,34.9614,24.1383,1.99663,0.273333
1.1076,17.2507,17.2507,1.80421,31.1238,34.9614,24.1253,1.80421,0.273333
1.1078,6.47568,6.47568,2,12.9514,34.9614,24.204,3.09008,0.566667
1.108,15.3158,15.3158,0.0283678,0.434476,34.9614,24.0043,0.0283678,0.416667
1.1082,20.6478,20.6478,1.57299,32.4789,34.9614,24.1085,1.57299,0.266667
1.1084,20.9148,20.9148,1.09018,22.8009,34.9614,24.0761,1.09018,0.116667
1.1086,17.9058,17.9058,2,35.8116,34.9614,24.1602,2.31656,0.273333
1.1088,10.7135,10.7135,2,21.427,34.9614,24.1523,2.20546,0.416667
1.109,19.4696,19.4696,0.623933,12.1477,34.9614,24.0438,0.623933,0.31912
1.1092,19.1962,19.1962,2,38.3924,34.9614,24.1481,2.14389,0.26831
1.1094,17.934,17.934,1.68733,30.2605,34.9614,24.1175,1.68733,0.225863
1.1096,17.9417,17.9417,1.97155,35.373,34.9614,24.1365,1.97155,0.273333
1.1098,17.5318,17.5318,1.79535,31.4757,34.9614,24.1247,1.79535,0.266667
1.11,19.58,19.58,1.58862,31.1053,34.9614,24.1103,1.58862,0.222233
1.1102,17.1796,17.1796,2,34.3592,34.9614,24.1528,2.2061,0.276051
1.1104,13.8725,13.8725,1.90583,26.4387,34.9614,24.1324,1.90583,0.356463
1.1106,19.8143,19.8143,1.16981,23.179,34.9614,24.0812,1.16981,0.273333
1.1108,20.0065,20.0065,1.68505,33.712,34.9614,24.1169,1.68505,0.198797
1.111,12.9731,12.9731,2,25.9461,34.9614,24.1841,2.6756,0.372233
1.1112,19.1429,19.1429,0.469959,8.99635,34.9614,24.0336,0.469959,0.260963
1.1114,20.3897,20.3897,1.61822,32.995,34.9614,24.1121,1.61822,0.219813
1.1116,16.8671,16.8671,2,33.7342,34.9614,24.1551,2.23627,0.273333
1.1118,17.1419,17.1419,1.50457,25.7911,34.9614,24.1048,1.50457,0.277618
1.112,17.2214,17.2214,2,34.4428,34.9614,24.149,2.15996,0.316963
1.1122,17.7037,17.7037,1.5474,27.3946,34.9614,24.1077,1.5474,0.262215
1.1124,20.2806,20.2806,1.5004,30.4291,34.9614,24.1041,1.5004,0.197591
1.1126,17.1865,17.1865,2,34.373,34.9614,24.1564,2.25803,0.273333
1.1128,16.1299,16.1299,1.62294,26.1778,34.9614,24.113,1.62294,0.296645
1.113,20.5673,20.5673,1.32533,27.2583,34.9614,24.092,1.32533,0.209608
1.1132,17.8979,17.8979,2,35.7958,34.9614,24.1536,2.21914,0.261596
1.1134,18.3885,18.3885,1.47719,27.1633,34.9614,24.103,1.47719,0.229406
1.1136,18.1037,18.1037,2,36.2073,34.9614,24.1459,2.10995,0.273333
1.1138,18.2407,18.2407,1.60371,29.2527,34.9614,24.1116,1.60371,0.236705
1.114,14.6488,14.6488,2,29.2975,34.9614,24.1701,2.46535,0.359608
1.1142,17.8254,17.8254,0.985922,17.5745,34.9614,24.0692,0.985922,0.281515
1.1144,18.5751,18.5751,2,37.1503,34.9614,24.1567,2.27001,0.293533
1.1146,16.1499,16.1499,1.74179,28.1297,34.9614,24.1214,1.74179,0.273333
1.1148,19.3834,19.3834,1.58005,30.6268,34.9614,24.1095,1.58005,0.256946
1.115,17.9996,17.9996,2,35.9992,34.9614,24.1442,2.07955,0.255873
1.1152,17.4111,17.4111,1.71764,29.906,34.9614,24.1194,1.71764,0.262144
1.1154,17.1475,17.1475,2,34.295,34.9614,24.1393,2.01316,0.301459
1.1156,17.68,17.68,1.67198,29.5607,34.9614,24.1162,1.67198,0.273333
1.1158,18.3752,18.3752,1.90411,34.9884,34.9614,24.1319,1.90411,0.265889
1.116,18.4487,18.4487,1.75602,32.3964,34.9614,24.122,1.75602,0.238718
1.1162,18.1572,18.1572,1.91418,34.7561,34.9614,24.1327,1.91418,0.255012
1.1164,17.2501,17.2501,1.89521,32.6924,34.9614,24.1315,1.89521,0.274379
1.1166,17.8791,17.8791,1.75937,31.456,34.9614,24.1221,1.75937,0.273333
1.1168,17.8201,17.8201,1.92826,34.3618,34.9614,24.1336,1.92826,0.27333
1.117,17.16,17.16,1.86421,31.9898,34.9614,24.1295,1.86421,0.281284
1.1172,18.1764,18.1764,1.74202,31.6638,34.9614,24.1208,1.74202,0.269187
1.1174,18.0688,18.0688,1.92406,34.7655,34.9614,24.1334,1.92406,0.262472
1.1176,17.324,17.324,1.86939,32.3853,34.9614,24.1297,1.86939,0.273333
1.1178,17.8992,17.8992,1.78613,31.9703,34.9614,24.1239,1.78613,0.273333
1.118,6.0949,6.0949,2,12.1898,34.9614,24.2119,3.21024,0.566667
1.1182,14.8654,14.8654,0.0133262,0.198099,34.9614,24.0034,0.0133262,0.416667
1.1184,20.7135,20.7135,1.52946,31.6804,34.9614,24.1056,1.52946,0.266667
1.1186,20.9371,20.9371,1.0802,22.6162,34.9614,24.0754,1.0802,0.116667
1.1188,17.9203,17.9203,2,35.8406,34.9614,24.16,2.31436,0.273333
1.119,10.7096,10.7096,2,21.4193,34.9614,24.1523,2.20949,0.416667
1.1192,20.5515,20.5515,0.466802,9.59349,34.9614,24.0329,0.466802,0.284527
1.1194,19.2493,19.2493,2,38.4986,34.9614,24.1476,2.13842,0.26682
1.1196,19.5704,19.5704,1.43882,28.1583,34.9614,24.1003,1.43882,0.176146
1.1198,17.5994,17.5994,2,35.1989,34.9614,24.1545,2.23198,0.273333
1.12,17.1129,17.1129,1.5832,27.0932,34.9614,24.1103,1.5832,0.266667
1.1202,12.4251,12.4251,2,24.8502,34.9614,24.1802,2.635,0.434528
1.1204,19.3195,19.3195,0.429077,8.28957,34.9614,24.0307,0.429077,0.26796
1.1206,18.7503,18.7503,2,37.5006,34.9614,24.162,2.35107,0.298114
1.1208,15.8394,15.8394,1.71598,27.1801,34.9614,24.1197,1.71598,0.273333
1.121,20.7576,20.7576,1.18784,24.6567,34.9614,24.0825,1.18784,0.200804
1.1212,17.3556,17.3556,2,34.7112,34.9614,24.165,2.38662,0.284527
1.1214,16.665,16.665,1.46572,24.4261,34.9614,24.1024,1.46572,0.272116
1.1216,16.6901,16.6901,2,33.3802,34.9614,24.1532,2.2233,0.341287
1.1218,17.4566,17.4566,1.46415,25.559,34.9614,24.102,1.46415,0.273333
1.122,15.8309,15.8309,2,31.6618,34.9614,24.1648,2.38864,0.350804
1.1222,20.2666,20.2666,0.8719,17.6704,34.9614,24.061,0.8719,0.195972
1.1224,18.599,18.599,2,37.1981,34.9614,24.1549,2.24211,0.269005
1.1226,15.2695,15.2695,1.86026,28.4052,34.9614,24.1294,1.86026,0.29705
1.1228,19.1392,19.1392,1.44699,27.6942,34.9614,24.1003,1.44699,0.273333
1.123,17.3245,17.3245,2,34.649,34.9614,24.1571,2.27213,0.286778
1.1232,19.9568,19.9568,1.15479,23.0459,34.9614,24.0806,1.15479,0.18755
1.1234,18.0599,18.0599,2,36.1197,34.9614,24.1575,2.27704,0.272572
1.1236,16.4335,16.4335,1.6595,27.2713,34.9614,24.1157,1.6595,0.273845
1.1238,18.8643,18.8643,1.75277,33.0648,34.9614,24.1213,1.75277,0.273333
1.124,18.3268,18.3268,1.90719,34.9526,34.9614,24.1323,1.90719,0.243694
1.1242,14.6924,14.6924,2,29.3849,34.9614,24.1521,2.19931,0.33755
1.1244,18.703,18.703,1.13966,21.3151,34.9614,24.0795,1.13966,0.274528
1.1246,18.8319,18.8319,2,37.6639,34.9614,24.1469,2.125,0.263182
1.1248,16.3741,16.3741,1.86348,30.5128,34.9614,24.1296,1.86348,0.273333
1.125,19.0123,19.0123,1.5608,29.6744,34.9614,24.1083,1.5608,0.257963
1.1252,14.906,14.906,2,29.812,34.9614,24.1734,2.51085,0.344716
1.1254,17.785,17.785,0.975633,17.3516,34.9614,24.0685,0.975633,0.275447
1.1256,17.4298,17.4298,2,34.8597,34.9614,24.1736,2.52133,0.331328
1.1258,16.2194,16.2194,1.39439,22.6161,34.9614,24.0976,1.39439,0.273333
1.126,18.9193,18.9193,1.9279,36.4745,34.9614,24.1331,1.9279,0.289429
1.1262,19.5108,19.5108,1.57435,30.7168,34.9614,24.1095,1.57435,0.194716
1.1264,17.3087,17.3087,2,34.6174,34.9614,24.152,2.19591,0.27421
1.1266,17.9037,17.9037,1.499,26.8377,34.9614,24.1044,1.499,0.253136
1.1268,18.3238,18.3238,2,36.6476,34.9614,24.1415,2.0455,0.273333
1.127,15.62,15.62,1.97527,30.8538,34.9614,24.1373,1.97527,0.305088
1.1272,20.5435,20.5435,1.1077,22.7559,34.9614,24.0771,1.1077,0.208399
1.1274,18.0045,18.0045,2,36.0089,34.9614,24.1587,2.29386,0.272028
1.1276,15.0498,15.0498,1.78398,26.8486,34.9614,24.1242,1.78398,0.308209
1.1278,19.3986,19.3986,1.44898,28.1081,34.9614,24.1004,1.44898,0.273333
1.128,17.6622,17.6622,2,35.3243,34.9614,24.1534,2.21501,0.273333
1.1282,5.12558,5.12558,2,10.2512,34.9614,24.1913,2.88867,0.566667
1.1284,15.8068,15.8068,0.0585836,0.926018,34.9614,24.0062,0.0585836,0.416667
1.1286,20.5747,20.5747,1.6185,33.3,34.9614,24.1117,1.6185,0.266667
1.1288,20.8948,20.8948,1.09735,22.9288,34.9614,24.0766,1.09735,0.116667
1.129,17.8881,17.8881,2,35.7761,34.9614,24.1603,2.31688,0.273333
1.1292,10.7207,10.7207,2,21.4413,34.9614,24.1517,2.20235,0.416667
1.1294,20.9922,20.9922,0.387258,8.1294,34.9614,24.0274,0.387258,0.266667
1.1296,19.0527,19.0527,2,38.1054,34.9614,24.1531,2.21887,0.277418
1.1298,16.265,16.265,1.81109,29.4574,34.9614,24.1262,1.81109,0.266667
1.13,18.6656,18.6656,1.64351,30.6771,34.9614,24.1139,1.64351,0.273333
1.1302,17.8563,17.8563,2,35.7127,34.9614,24.1422,2.0505,0.266667
1.1304,14.8984,14.8984,2,29.7968,34.9614,24.1391,2.00621,0.330228
1.1306,19.0002,19.0002,1.29955,24.6916,34.9614,24.0903,1.29955,0.274961
1.1308,15.5601,15.5601,2,31.1201,34.9614,24.181,2.62489,0.345328
1.131,17.1567,17.1567,1.00524,17.2466,34.9614,24.0707,1.00524,0.273333
1.1312,20.6467,20.6467,1.4263,29.4483,34.9614,24.0989,1.4263,0.20285
1.1314,14.2761,14.2761,2,28.5521,34.9614,24.1873,2.71267,0.350679
1.1316,17.8675,17.8675,0.710942,12.7028,34.9614,24.0504,0.710942,0.270545
1.1318,20.6378,20.6378,1.45262,29.9789,34.9614,24.1007,1.45262,0.205198
1.132,17.1731,17.1731,2,34.3462,34.9614,24.1583,2.28321,0.273333
1.1322,14.7226,14.7226,1.74119,25.6349,34.9614,24.1211,1.74119,0.330489
1.1324,19.6597,19.6597,1.41277,27.7747,34.9614,24.0978,1.41277,0.272931
1.1326,17.6846,17.6846,2,35.3693,34.9614,24.1545,2.23146,0.271757
1.1328,16.5837,16.5837,1.64757,27.3228,34.9614,24.1147,1.64757,0.2789
1.133,18.7994,18.7994,1.78393,33.5367,34.9614,24.1235,1.78393,0.273333
1.1332,16.9593,16.9593,2,33.9186,34.9614,24.1438,2.07401,0.280414
1.1334,19.0462,19.0462,1.43057,27.247,34.9614,24.0995,1.43057,0.234832
1.1336,17.8858,17.8858,2,35.7716,34.9614,24.1512,2.18619,0.272968
1.1338,15.273,15.273,1.84787,28.2225,34.9614,24.1284,1.84787,0.311716
1.134,19.1644,19.1644,1.45164,27.8198,34.9614,24.1006,1.45164,0.273333
1.1342,18.9282,18.9282,1.9596,37.0916,34.9614,24.1358,1.9596,0.23683
1.1344,18.6263,18.6263,1.7166,31.9739,34.9614,24.1193,1.7166,0.221715
1.1346,17.4005,17.4005,2,34.8009,34.9614,24.1426,2.05891,0.275356
1.1348,17.798,17.798,1.64198,29.2241,34.9614,24.1142,1.64198,0.263061
1.135,18.0946,18.0946,1.97348,35.7095,34.9614,24.1366,1.97348,0.273333
1.1352,16.7673,16.7673,1.89276,31.7363,34.9614,24.1314,1.89276,0.284542
1.1354,17.9846,17.9846,1.70594,30.6805,34.9614,24.1183,1.70594,0.278861
1.1356,17.8294,17.8294,1.97378,35.1913,34.9614,24.1367,1.97378,0.274334
1.1358,18.3479,18.3479,1.67832,30.7936,34.9614,24.1166,1.67832,0.246243
1.136,17.7182,17.7182,2,35.4364,34.9614,24.1407,2.02986,0.273333
1.1362,18.7839,18.7839,1.56684,29.4313,34.9614,24.1089,1.56684,0.232343
1.1364,18.9279,18.9279,1.90369,36.0328,34.9614,24.132,1.90369,0.236063
1.1366,16.8951,16.8951,1.99445,33.6965,34.9614,24.1385,1.99445,0.272655
1.1368,18.0603,18.0603,1.61975,29.253,34.9614,24.1125,1.61975,0.26822
1.137,18.0079,18.0079,2,36.0159,34.9614,24.1397,2.01868,0.273333
1.1372,19.0145,19.0145,1.56058,29.6736,34.9614,24.1085,1.56058,0.220988
1.1374,17.9842,17.9842,2,35.9684,34.9614,24.1449,2.0926,0.262657
1.1376,16.8961,16.8961,1.76434,29.8104,34.9614,24.1227,1.76434,0.27508
1.1378,18.5924,18.5924,1.74458,32.4359,34.9614,24.1209,1.74458,0.267359
1.138,17.4332,17.4332,2,34.8663,34.9614,24.141,2.03253,0.273333
1.1382,17.4496,17.4496,1.70687,29.7841,34.9614,24.1187,1.70687,0.273333
1.1384,6.61386,6.61386,2,13.2277,34.9614,24.2102,3.18858,0.566667
1.1386,14.9595,14.9595,0.0162064,0.24244,34.9614,24.0036,0.0162064,0.416667
1.1388,20.7002,20.7002,1.53858,31.8489,34.9614,24.1062,1.53858,0.266667
1.139,20.9325,20.9325,1.08196,22.648,34.9614,24.0755,1.08196,0.116667
1.1392,17.9141,17.9141,2,35.8282,34.9614,24.1602,2.31555,0.273333
1.1394,10.7079,10.7079,2,21.4158,34.9614,24.1525,2.20745,0.416667
1.1396,18.0451,18.0451,0.781637,14.1047,34.9614,24.0547,0.781637,0.357242
1.1398,19.1711,19.1711,2,38.3422,34.9614,24.1487,2.15539,0.277514
1.14,20.2936,20.2936,1.24519,25.2693,34.9614,24.0869,1.24519,0.147182
1.1402,17.7496,17.7496,2,35.4993,34.9614,24.1587,2.2928,0.273333
1.1404,16.8704,16.8704,1.56891,26.4681,34.9614,24.1094,1.56891,0.266667
1.1406,20.3822,20.3822,1.44398,29.4313,34.9614,24.1002,1.44398,0.207242
1.1408,17.0372,17.0372,2,34.0744,34.9614,24.1602,2.31524,0.279995
1.141,16.0471,16.0471,1.56279,25.0782,34.9614,24.1089,1.56279,0.297182
1.1412,19.2335,19.2335,1.73497,33.3695,34.9614,24.12,1.73497,0.273333
1.1414,19.5,19.5,1.68386,32.8353,34.9614,24.117,1.68386,0.199986
1.1416,13.8256,13.8256,2,27.6512,34.9614,24.1763,2.5577,0.357242
1.1418,18.4083,18.4083,0.748239,13.7738,34.9614,24.0528,0.748239,0.273841
1.142,16.9917,16.9917,2,33.9833,34.9614,24.1866,2.71409,0.347882
1.1422,15.9974,15.9974,1.19323,19.0886,34.9614,24.0839,1.19323,0.273333
1.1424,20.8565,20.8565,1.27686,26.6309,34.9614,24.0886,1.27686,0.202643
1.1426,13.1141,13.1141,2,26.2283,34.9614,24.2033,2.96393,0.388997
1.1428,18.0036,18.0036,0.338707,6.09794,34.9614,24.025,0.338707,0.26982
1.143,18.0439,18.0439,2,36.0879,34.9614,24.1802,2.62832,0.343298
1.1432,15.5576,15.5576,1.42658,22.1941,34.9614,24.1,1.42658,0.273333
1.1434,19.5768,19.5768,1.73124,33.892,34.9614,24.1196,1.73124,0.276733
1.1436,18.0638,18.0638,1.97858,35.7408,34.9614,24.1374,1.97858,0.242508
1.1438,17.2351,17.2351,1.83532,31.6319,34.9614,24.1275,1.83532,0.272318
1.144,18.2141,18.2141,1.7674,32.1916,34.9614,24.1226,1.7674,0.268292
1.1442,17.5985,17.5985,1.97229,34.7093,34.9614,24.1367,1.97229,0.273333
1.1444,20.2606,20.2606,1.3078,26.4969,34.9614,24.091,1.3078,0.184513
1.1446,19.5288,19.5288,1.82402,35.6209,34.9614,24.1265,1.82402,0.209287
1.1448,16.6659,16.6659,2,33.3318,34.9614,24.1464,2.11028,0.27532
1.145,19.2112,19.2112,1.349,25.9159,34.9614,24.0939,1.349,0.232518
1.1452,17.963,17.963,2,35.9261,34.9614,24.1533,2.21652,0.273333
1.1454,20.0224,20.0224,1.22855,24.5985,34.9614,24.0857,1.22855,0.176677
1.1456,17.7965,17.7965,2,35.593,34.9614,24.1587,2.29625,0.2757
1.1458,16.5587,16.5587,1.60217,26.5298,34.9614,24.1117,1.60217,0.273368
1.146,19.8472,19.8472,1.60129,31.781,34.9614,24.1109,1.60129,0.238581
1.1462,17.1249,17.1249,2,34.2497,34.9614,24.1529,2.20799,0.273333
1.1464,15.2902,15.2902,1.74946,26.7497,34.9614,24.1216,1.74946,0.321538
1.1466,19.4436,19.4436,1.49259,29.0214,34.9614,24.1034,1.49259,0.269585
1.1468,17.5578,17.5578,2,35.1156,34.9614,24.1528,2.20858,0.273292
1.147,16.3358,16.3358,1.68209,27.4783,34.9614,24.1171,1.68209,0.288918
1.1472,18.8798,18.8798,1.72505,32.5685,34.9614,24.1194,1.72505,0.273333
1.1474,19.1719,19.1719,1.76569,33.8516,34.9614,24.1226,1.76569,0.217983
1.1476,17.4031,17.4031,2,34.8063,34.9614,24.1418,2.04421,0.264302
1.1478,17.4133,17.4133,1.69925,29.5894,34.9614,24.1181,1.69925,0.274176
1.148,18.1576,18.1576,1.89746,34.4532,34.9614,24.1315,1.89746,0.274911
1.1482,17.3343,17.3343,1.8959,32.864,34.9614,24.1316,1.8959,0.273333
1.1484,17.8313,17.8313,1.77377,31.6286,34.9614,24.123,1.77377,0.273333
1.1486,6.19679,6.19679,2,12.3936,34.9614,24.2116,3.20517,0.566667
1.1488,14.884,14.884,0.0139029,0.20693,34.9614,24.0034,0.0139029,0.416667
1.149,20.7114,20.7114,1.53069,31.7027,34.9614,24.1056,1.53069,0.266667
1.1492,20.9345,20.9345,1.08144,22.6395,34.9614,24.0755,1.08144,0.116667
1.1494,17.9174,17.9174,2,35.8347,34.9614,24.16,2.31524,0.273333
1.1496,10.7001,10.7001,2,21.4003,34.9614,24.1522,2.2104,0.416667
1.1498,20.7552,20.7552,0.426828,8.85891,34.9614,24.0301,0.426828,0.276639
1.15,19.2756,19.2756,2,38.5512,34.9614,24.1473,2.13439,0.267199
1.1502,16.3511,16.3511,1.88768,30.8657,34.9614,24.1313,1.88768,0.266667
1.1504,18.4534,18.4534,1.61472,29.7971,34.9614,24.112,1.61472,0.273333
1.1506,18.0286,18.0286,2,36.0572,34.9614,24.141,2.03658,0.266667
1.1508,14.4029,14.4029,2,28.8059,34.9614,24.1446,2.08867,0.340778
1.151,19.0748,19.0748,1.16572,22.2358,34.9614,24.0811,1.16572,0.276034
1.1512,15.5505,15.5505,2,31.101,34.9614,24.1871,2.71636,0.353104
1.1514,16.9376,16.9376,0.943128,15.9744,34.9614,24.0666,0.943128,0.273333
1.1516,20.7257,20.7257,1.38544,28.7143,34.9614,24.0961,1.38544,0.203004
1.1518,14.3665,14.3665,2,28.733,34.9614,24.1884,2.72903,0.350415
1.152,17.4117,17.4117,0.754448,13.1362,34.9614,24.0535,0.754448,0.279635
1.1522,20.0213,20.0213,1.82458,36.5303,34.9614,24.1262,1.82458,0.24772
1.1524,16.4978,16.4978,2,32.9955,34.9614,24.1488,2.14452,0.273333
1.1526,14.623,14.623,1.81507,26.5417,34.9614,24.1259,1.81507,0.353004
1.1528,17.4849,17.4849,1.62085,28.3404,34.9614,24.1121,1.62085,0.332552
1.153,18.4951,18.4951,1.91121,35.3481,34.9614,24.1323,1.91121,0.268408
1.1532,18.4399,18.4399,1.76155,32.4828,34.9614,24.1224,1.76155,0.23681
1.1534,17.4752,17.4752,2,34.9504,34.9614,24.1391,2.00433,0.273333
1.1536,19.8459,19.8459,1.38779,27.5419,34.9614,24.0965,1.38779,0.203004
1.1538,18.6635,18.6635,2,37.3271,34.9614,24.1416,2.04197,0.24078
1.154,16.7518,16.7518,1.88005,31.4942,34.9614,24.1307,1.88005,0.271577
1.1542,18.3941,18.3941,1.66545,30.6343,34.9614,24.1155,1.66545,0.268781
1.1544,17.7188,17.7188,2,35.4375,34.9614,24.1415,2.04244,0.273333
1.1546,14.7437,14.7437,2,29.4875,34.9614,24.1399,2.01914,0.337075
1.1548,19.8566,19.8566,1.15103,22.8556,34.9614,24.08,1.15103,0.250302
1.155,18.1717,18.1717,2,36.3435,34.9614,24.156,2.25667,0.270465
1.1552,17.0005,17.0005,1.62775,27.6726,34.9614,24.1135,1.62775,0.258908
1.1554,18.596,18.596,1.85901,34.5702,34.9614,24.1287,1.85901,0.273333
1.1556,17.4319,17.4319,1.94452,33.8966,34.9614,24.1349,1.94452,0.26615
1.1558,18.3264,18.3264,1.67853,30.7615,34.9614,24.1165,1.67853,0.255435
1.156,17.861,17.861,2,35.7221,34.9614,24.1391,2.0081,0.269751
1.1562,18.3365,18.3365,1.65545,30.3552,34.9614,24.1151,1.65545,0.24388
1.1564,17.7748,17.7748,2,35.5496,34.9614,24.1413,2.04069,0.273333
1.1566,18.4271,18.4271,1.61034,29.6739,34.9614,24.112,1.61034,0.24114
1.1568,18.3964,18.3964,1.97552,36.3423,34.9614,24.137,1.97552,0.256498
1.157,17.0381,17.0381,1.88198,32.0654,34.9614,24.1307,1.88198,0.272363
1.1572,19.003,19.003,1.60014,30.4074,34.9614,24.1111,1.60014,0.245656
1.1574,17.5355,17.5355,2,35.071,34.9614,24.1479,2.13664,0.273333
1.1576,16.9001,16.9001,1.68356,28.4523,34.9614,24.1171,1.68356,0.27905
1.1578,18.2163,18.2163,1.86496,33.9726,34.9614,24.1291,1.86496,0.282929
1.158,17.515,17.515,1.90295,33.3303,34.9614,24.132,1.90295,0.26948
1.1582,18.4616,18.4616,1.70193,31.4203,34.9614,24.1181,1.70193,0.252415
1.1584,17.5991,17.5991,2,35.1981,34.9614,24.141,2.03535,0.273333
1.1586,17.3384,17.3384,1.73232,30.0357,34.9614,24.1204,1.73232,0.273333
1.1588,6.60709,6.60709,2,13.2142,34.9614,24.2079,3.15251,0.566667
1.159,15.107,15.107,0.0206799,0.312412,34.9614,24.0038,0.0206799,0.416667
1.1592,20.6783,20.6783,1.55241,32.1012,34.9614,24.1071,1.55241,0.266667
1.1594,20.9259,20.9259,1.08478,22.7,34.9614,24.0757,1.08478,0.116667
1.1596,17.9129,17.9129,2,35.8258,34.9614,24.1601,2.31345,0.273333
1.1598,10.7093,10.7093,2,21.4187,34.9614,24.1526,2.20914,0.416667
1.16,20.9882,20.9882,0.381352,8.00387,34.9614,24.027,0.381352,0.266667
1.1602,19.2626,19.2626,2,38.5252,34.9614,24.148,2.1441,0.269255
1.1604,16.3491,16.3491,1.88014,30.7386,34.9614,24.131,1.88014,0.266667
1.1606,18.4664,18.4664,1.61725,29.8648,34.9614,24.1122,1.61725,0.273333
1.1608,16.9925,16.9925,2,33.9849,34.9614,24.1509,2.18165,0.295006
1.161,16.8451,16.8451,1.59525,26.8721,34.9614,24.111,1.59525,0.286492
1.1612,18.785,18.785,1.84368,34.6335,34.9614,24.1276,1.84368,0.272028
1.1614,14.011,14.011,2,28.0221,34.9614,24.1632,2.36303,0.352077
1.1616,18.7818,18.7818,0.907694,17.0482,34.9614,24.0636,0.907694,0.273333
1.1618,20.5153,20.5153,1.48586,30.483,34.9614,24.1031,1.48586,0.193205
1.162,16.6328,16.6328,2,33.2657,34.9614,24.1626,2.34993,0.287149
1.1622,17.1517,17.1517,1.3751,23.5854,34.9614,24.096,1.3751,0.273969
1.1624,20.477,20.477,1.46004,29.8971,34.9614,24.1013,1.46004,0.202077
1.1626,17.2186,17.2186,2,34.4373,34.9614,24.1577,2.27461,0.273333
1.1628,14.2147,14.2147,1.81387,25.7836,34.9614,24.126,1.81387,0.343205
1.163,19.6952,19.6952,1.30115,25.6264,34.9614,24.0902,1.30115,0.276811
1.1632,17.8416,17.8416,2,35.6832,34.9614,24.1563,2.25833,0.273631
1.1634,16.3647,16.3647,1.66076,27.1779,34.9614,24.1157,1.66076,0.28016
1.1636,18.8895,18.8895,1.74368,32.9372,34.9614,24.1207,1.74368,0.273333
1.1638,19.2381,19.2381,1.74147,33.5026,34.9614,24.1209,1.74147,0.214383
1.164,17.2928,17.2928,2,34.5856,34.9614,24.1441,2.07789,0.267957
1.1642,17.4389,17.4389,1.6553,28.8666,34.9614,24.1151,1.6553,0.273014
1.1644,17.0158,17.0158,2,34.0315,34.9614,24.1444,2.08495,0.308278
1.1646,17.5856,17.5856,1.60636,28.2488,34.9614,24.1117,1.60636,0.273333
1.1648,18.935,18.935,1.85075,35.0438,34.9614,24.1282,1.85075,0.253636
1.165,16.9813,16.9813,2,33.9625,34.9614,24.1406,2.02684,0.273722
1.1652,17.8072,17.8072,1.62991,29.0242,34.9614,24.1132,1.62991,0.27169
1.1654,16.4112,16.4112,2,32.8224,34.9614,24.1525,2.20695,0.319951
1.1656,17.6716,17.6716,1.42635,25.2059,34.9614,24.0994,1.42635,0.273333
1.1658,18.2249,18.2249,2,36.4499,34.9614,24.1454,2.10155,0.284285
1.166,16.6071,16.6071,1.81143,30.0826,34.9614,24.1259,1.81143,0.278248
1.1662,18.4862,18.4862,1.69737,31.3779,34.9614,24.1176,1.69737,0.272799
1.1664,18.1831,18.1831,1.95578,35.5622,34.9614,24.1356,1.95578,0.257115
1.1666,17.1692,17.1692,1.86821,32.0757,34.9614,24.1298,1.86821,0.273333
1.1668,17.2899,17.2899,1.84458,31.8926,34.9614,24.1279,1.84458,0.292183
1.167,17.9674,17.9674,1.79417,32.2365,34.9614,24.1245,1.79417,0.273628
1.1672,17.7045,17.7045,1.9214,34.0174,34.9614,24.1333,1.9214,0.272977
1.1674,18.8236,18.8236,1.64725,31.0071,34.9614,24.1144,1.64725,0.237918
1.1676,17.5262,17.5262,2,35.0524,34.9614,24.1456,2.1008,0.273333
1.1678,17.2982,17.2982,1.67316,28.9426,34.9614,24.1164,1.67316,0.271674
1.168,18.4284,18.4284,1.87071,34.4742,34.9614,24.1296,1.87071,0.270822
1.1682,17.305,17.305,1.94023,33.5755,34.9614,24.1346,1.94023,0.271474
1.1684,18.6148,18.6148,1.63091,30.3591,34.9614,24.1133,1.63091,0.249494
1.1686,17.6679,17.6679,2,35.3357,34.9614,24.1443,2.08359,0.273333
1.1688,17.1848,17.1848,1.71411,29.4567,34.9614,24.1192,1.71411,0.273333
1.169,6.7383,6.7383,2,13.4766,34.9614,24.2073,3.14269,0.566667
1.1692,15.1343,15.1343,0.0215064,0.325484,34.9614,24.0039,0.0215064,0.416667
1.1694,20.6733,20.6733,1.55605,32.1688,34.9614,24.1074,1.55605,0.266667
1.1696,20.9237,20.9237,1.0858,22.719,34.9614,24.0758,1.0858,0.116667
1.1698,17.9119,17.9119,2,35.8237,34.9614,24.1601,2.31541,0.273333
1.17,10.7017,10.7017,2,21.4033,34.9614,24.1521,2.20831,0.416667
1.1702,18.0066,18.0066,0.785499,14.1442,34.9614,24.0549,0.785499,0.358299
1.1704,19.2166,19.2166,2,38.4332,34.9614,24.1476,2.13817,0.275855
1.1706,16.3774,16.3774,1.87901,30.7734,34.9614,24.1308,1.87901,0.266667
1.1708,18.4467,18.4467,1.62524,29.9804,34.9614,24.1127,1.62524,0.273333
1.171,18.0113,18.0113,2,36.0227,34.9614,24.1407,2.03018,0.266667
1.1712,18.2474,18.2474,1.66308,30.3469,34.9614,24.1156,1.66308,0.242939
1.1714,17.7113,17.7113,2,35.4226,34.9614,24.1412,2.03806,0.27594
1.1716,14.3939,14.3939,2,28.7878,34.9614,24.1426,2.05939,0.34635
1.1718,19.236,19.236,1.16922,22.491,34.9614,24.0813,1.16922,0.273333
1.172,20.1644,20.1644,1.6253,32.7732,34.9614,24.1128,1.6253,0.196747
1.1722,17.9439,17.9439,2,35.8878,34.9614,24.1429,2.06088,0.245368
1.1724,17.0416,17.0416,1.77213,30.1998,34.9614,24.1232,1.77213,0.273777
1.1726,17.7272,17.7272,1.86499,33.0611,34.9614,24.1292,1.86499,0.288661
1.1728,17.6639,17.6639,1.85053,32.6875,34.9614,24.1283,1.85053,0.273333
1.173,15.8196,15.8196,2,31.6393,34.9614,24.1434,2.07211,0.323094
1.1732,18.3758,18.3758,1.40787,25.8708,34.9614,24.0979,1.40787,0.272798
1.1734,18.1492,18.1492,2,36.2983,34.9614,24.1483,2.14526,0.27612
1.1736,18.2997,18.2997,1.56847,28.7026,34.9614,24.1092,1.56847,0.232119
1.1738,17.9814,17.9814,2,35.9627,34.9614,24.1431,2.067,0.273333
1.174,16.1588,16.1588,1.86678,30.165,34.9614,24.1297,1.86678,0.295531
1.1742,18.1076,18.1076,1.65782,30.0191,34.9614,24.1149,1.65782,0.287196
1.1744,17.8285,17.8285,2,35.657,34.9614,24.1398,2.01871,0.275317
1.1746,17.8848,17.8848,1.70249,30.4488,34.9614,24.1183,1.70249,0.256415
1.1748,17.9395,17.9395,1.95719,35.111,34.9614,24.1357,1.95719,0.273333
1.175,18.7531,18.7531,1.64491,30.8471,34.9614,24.1143,1.64491,0.233783
1.1752,17.5986,17.5986,2,35.1972,34.9614,24.1447,2.08765,0.272474
1.1754,17.1858,17.1858,1.70175,29.246,34.9614,24.1185,1.70175,0.273748
1.1756,17.8917,17.8917,1.9178,34.3127,34.9614,24.1329,1.9178,0.286238
1.1758,17.4501,17.4501,1.84404,32.1786,34.9614,24.128,1.84404,0.273333
1.176,19.6511,19.6511,1.53796,30.2225,34.9614,24.1068,1.53796,0.218782
1.1762,17.6235,17.6235,2,35.247,34.9614,24.1503,2.17006,0.265968
1.1764,16.9103,16.9103,1.66107,28.0891,34.9614,24.1156,1.66107,0.2756
1.1766,20.3559,20.3559,1.41619,28.8277,34.9614,24.0983,1.41619,0.204914
1.1768,17.3534,17.3534,2,34.7068,34.9614,24.1577,2.27835,0.273333
1.177,18.8822,18.8822,1.31315,24.7951,34.9614,24.0916,1.31315,0.220575
1.1772,17.8883,17.8883,2,35.7766,34.9614,24.1558,2.25157,0.282025
1.1774,16.6224,16.6224,1.64444,27.3346,34.9614,24.1145,1.64444,0.273581
1.1776,18.7699,18.7699,1.7934,33.662,34.9614,24.1241,1.7934,0.273501
1.1778,17.2208,17.2208,2,34.4416,34.9614,24.141,2.03354,0.273333
1.178,16.0431,16.0431,1.8379,29.4857,34.9614,24.1275,1.8379,0.312479
1.1782,18.5926,18.5926,1.61113,29.955,34.9614,24.1117,1.61113,0.277576
1.1784,17.671,17.671,2,35.342,34.9614,24.1452,2.09754,0.274966
1.1786,15.8041,15.8041,1.85265,29.2795,34.9614,24.1286,1.85265,0.307548
1.1788,18.8508,18.8508,1.54181,29.0644,34.9614,24.1069,1.54181,0.273333
1.179,17.7376,17.7376,2,35.4752,34.9614,24.1482,2.13885,0.273333
1.1792,5.26154,5.26154,2,10.5231,34.9614,24.1954,2.95339,0.566667
1.1794,15.6237,15.6237,0.0473264,0.739414,34.9614,24.0055,0.0473264,0.416667
1.1796,20.6018,20.6018,1.60115,32.9864,34.9614,24.1105,1.60115,0.266667
1.1798,20.902,20.902,1.09481,22.8837,34.9614,24.0764,1.09481,0.116667
1.18,17.9019,17.9019,2,35.8038,34.9614,24.16,2.31382,0.273333
1.1802,10.7129,10.7129,2,21.4257,34.9614,24.152,2.20724,0.416667
1.1804,20.9879,20.9879,0.382697,8.03202,34.9614,24.0271,0.382697,0.266667
1.1806,19.1875,19.1875,2,38.3749,34.9614,24.1499,2.17277,0.272389
1.1808,16.3096,16.3096,1.8556,30.2641,34.9614,24.1292,1.8556,0.266667
1.181,18.5456,18.5456,1.62681,30.1702,34.9614,24.1128,1.62681,0.273333
1.1812,17.9518,17.9518,2,35.9035,34.9614,24.1414,2.04148,0.266667
1.1814,18.0688,18.0688,1.66972,30.1698,34.9614,24.1161,1.66972,0.24781
1.1816,17.8121,17.8121,2,35.6242,34.9614,24.1393,2.01018,0.275897
1.1818,14.3838,14.3838,2,28.7676,34.9614,24.1453,2.09521,0.34647
1.182,19.165,19.165,1.1448,21.94,34.9614,24.0797,1.1448,0.273333
1.1822,20.0619,20.0619,1.68097,33.7234,34.9614,24.1166,1.68097,0.204145
1.1824,16.6527,16.6527,2,33.3053,34.9614,24.1544,2.22617,0.278346
1.1826,17.47,17.47,1.45675,25.4494,34.9614,24.1015,1.45675,0.27329
1.1828,20.4321,20.4321,1.45755,29.7808,34.9614,24.1012,1.45755,0.19647
1.183,17.226,17.226,2,34.4519,34.9614,24.1577,2.27561,0.273333
1.1832,13.7602,13.7602,1.85679,25.5499,34.9614,24.1292,1.85679,0.354145
1.1834,20.8582,20.8582,0.95691,19.9594,34.9614,24.0665,0.95691,0.232796
1.1836,18.2324,18.2324,2,36.4648,34.9614,24.1586,2.29332,0.271974
1.1838,13.3986,13.3986,1.97805,26.5031,34.9614,24.1376,1.97805,0.34647
1.184,19.9342,19.9342,1.04306,20.7925,34.9614,24.0725,1.04306,0.273333
1.1842,17.9545,17.9545,2,35.909,34.9614,24.1621,2.34677,0.283231
1.1844,16.7175,16.7175,1.55363,25.9728,34.9614,24.1084,1.55363,0.263768
1.1846,18.8597,18.8597,1.85311,34.949,34.9614,24.1281,1.85311,0.274126
1.1848,17.7025,17.7025,1.92629,34.1002,34.9614,24.1338,1.92629,0.255271
1.185,17.5373,17.5373,1.81312,31.7972,34.9614,24.1258,1.81312,0.273333
1.1852,18.9555,18.9555,1.69697,32.167,34.9614,24.1177,1.69697,0.242557
1.1854,17.7486,17.7486,2,35.4972,34.9614,24.1413,2.03624,0.262238
1.1856,17.1929,17.1929,1.76331,30.3165,34.9614,24.1225,1.76331,0.27483
1.1858,19.9169,19.9169,1.5122,30.1184,34.9614,24.1049,1.5122,0.216707
1.186,17.3036,17.3036,2,34.6071,34.9614,24.1549,2.23453,0.273333
1.1862,17.863,17.863,1.47101,26.2766,34.9614,24.1025,1.47101,0.251736
1.1864,18.8676,18.8676,1.95914,36.9644,34.9614,24.1356,1.95914,0.258224
1.1866,16.7066,16.7066,1.96765,32.8728,34.9614,24.1366,1.96765,0.274831
1.1868,19.2244,19.2244,1.46914,28.2433,34.9614,24.1021,1.46914,0.239598
1.187,17.7001,17.7001,2,35.4002,34.9614,24.152,2.1949,0.273333
1.1872,16.9254,16.9254,1.64669,27.8709,34.9614,24.1146,1.64669,0.272223
1.1874,18.5815,18.5815,1.84142,34.2163,34.9614,24.1274,1.84142,0.274027
1.1876,17.2661,17.2661,1.97871,34.1647,34.9614,24.1373,1.97871,0.272098
1.1878,17.1524,17.1524,1.77233,30.3998,34.9614,24.123,1.77233,0.286922
1.188,18.2195,18.2195,1.81093,32.9942,34.9614,24.1255,1.81093,0.273333
1.1882,18.7248,18.7248,1.77667,33.2679,34.9614,24.1233,1.77667,0.238307
1.1884,17.9108,17.9108,1.94796,34.8894,34.9614,24.1352,1.94796,0.256216
1.1886,17.3356,17.3356,1.83546,31.8188,34.9614,24.1275,1.83546,0.274029
1.1888,20.0499,20.0499,1.43915,28.8549,34.9614,24.1,1.43915,0.204869
1.189,17.411,17.411,2,34.822,34.9614,24.1564,2.25946,0.273333
1.1892,16.8973,16.8973,1.5619,26.392,34.9614,24.1089,1.5619,0.273333
1.1894,7.33455,7.33455,2,14.6691,34.9614,24.2102,3.19243,0.566667
1.1896,14.9152,14.9152,0.0148378,0.221308,34.9614,24.0035,0.0148378,0.416667
1.1898,20.7067,20.7067,1.53389,31.7619,34.9614,24.1058,1.53389,0.266667
1.19,20.9349,20.9349,1.08061,22.6225,34.9614,24.0754,1.08061,0.116667
1.1902,17.9175,17.9175,2,35.8349,34.9614,24.1602,2.31489,0.273333
1.1904,10.5885,10.5885,2,21.177,34.9614,24.1534,2.22063,0.41937
1.1906,16.09,16.09,0.966261,15.5471,34.9614,24.0672,0.966261,0.408266
1.1908,19.9052,19.9052,1.8603,37.0298,34.9614,24.1284,1.8603,0.269202
1.191,16.7323,16.7323,2,33.4645,34.9614,24.1447,2.08481,0.266667
1.1912,17.7536,17.7536,1.55803,27.6607,34.9614,24.1083,1.55803,0.273333
1.1914,18.4314,18.4314,1.98145,36.5209,34.9614,24.1371,1.98145,0.26937
1.1916,14.2777,14.2777,2,28.5555,34.9614,24.1514,2.1868,0.341656
1.1918,18.995,18.995,1.07389,20.3985,34.9614,24.0749,1.07389,0.274381
1.192,16.0907,16.0907,2,32.1815,34.9614,24.1855,2.69322,0.345544
1.1922,16.6431,16.6431,1.05128,17.4965,34.9614,24.074,1.05128,0.273333
1.1924,20.8099,20.8099,1.31765,27.4201,34.9614,24.0914,1.31765,0.198164
1.1926,15.9186,15.9186,2,31.8372,34.9614,24.1768,2.55633,0.314715
1.1928,16.9639,16.9639,1.12662,19.1118,34.9614,24.0791,1.12662,0.276672
1.193,20.2725,20.2725,1.63132,33.0709,34.9614,24.113,1.63132,0.226564
1.1932,16.8806,16.8806,2,33.7612,34.9614,24.1542,2.22485,0.273333
1.1934,15.7708,15.7708,1.65998,26.1791,34.9614,24.1155,1.65998,0.312444
1.1936,17.8211,17.8211,1.83844,32.763,34.9614,24.127,1.83844,0.314176
1.1938,17.542,17.542,1.89475,33.2376,34.9614,24.1314,1.89475,0.276933
1.194,18.5637,18.5637,1.69242,31.4177,34.9614,24.1175,1.69242,0.249624
1.1942,17.5716,17.5716,2,35.1433,34.9614,24.1421,2.05146,0.273333
1.1944,17.6182,17.6182,1.68423,29.6731,34.9614,24.1171,1.68423,0.265665
1.1946,17.3976,17.3976,2,34.7953,34.9614,24.1402,2.02589,0.293504
1.1948,17.5264,17.5264,1.70093,29.8111,34.9614,24.1182,1.70093,0.272385
1.195,18.3547,18.3547,1.8765,34.4426,34.9614,24.13,1.8765,0.267584
1.1952,17.2627,17.2627,1.93611,33.4225,34.9614,24.1343,1.93611,0.273333
1.1954,18.4224,18.4224,1.65634,30.5138,34.9614,24.115,1.65634,0.25572
1.1956,17.1765,17.1765,2,34.353,34.9614,24.1472,2.12331,0.288345
1.1958,17.3672,17.3672,1.6115,27.9872,34.9614,24.1121,1.6115,0.273623
1.196,18.7384,18.7384,1.87094,35.0583,34.9614,24.1295,1.87094,0.26349
1.1962,17.0657,17.0657,1.99022,33.9646,34.9614,24.1381,1.99022,0.273333
1.1964,17.5463,17.5463,1.70065,29.8401,34.9614,24.1181,1.70065,0.279615
1.1966,16.311,16.311,2,32.622,34.9614,24.1481,2.13876,0.322086
1.1968,17.8682,17.8682,1.45619,26.0196,34.9614,24.1013,1.45619,0.274074
1.197,18.5875,18.5875,2,37.1751,34.9614,24.1399,2.02316,0.267979
1.1972,16.7814,16.7814,1.88456,31.6255,34.9614,24.1311,1.88456,0.273333
1.1974,18.3248,18.3248,1.67352,30.6669,34.9614,24.1161,1.67352,0.269683
1.1976,15.8939,15.8939,2,31.7878,34.9614,24.1568,2.2647,0.32224
1.1978,17.8157,17.8157,1.30556,23.2594,34.9614,24.091,1.30556,0.274348
1.198,18.8656,18.8656,2,37.7312,34.9614,24.1416,2.04932,0.267564
1.1982,16.5464,16.5464,1.91117,31.623,34.9614,24.1329,1.91117,0.273333
1.1984,18.4415,18.4415,1.6127,29.7406,34.9614,24.1119,1.6127,0.26876
1.1986,19.5249,19.5249,1.73435,33.863,34.9614,24.1203,1.73435,0.217348
1.1988,16.9942,16.9942,2,33.9884,34.9614,24.148,2.13288,0.27258
1.199,17.8024,17.8024,1.53739,27.3692,34.9614,24.107,1.53739,0.264903
1.1992,18.3155,18.3155,2,36.6309,34.9614,24.1394,2.01433,0.273333
1.1994,16.9568,16.9568,1.85504,31.4555,34.9614,24.1289,1.85504,0.273333
1.1996,6.52979,6.52979,2,13.0596,34.9614,24.1986,3.00751,0.566667
1.1998,15.6125,15.6125,0.0466606,0.728488,34.9614,24.0054,0.0466606,0.416667
1.2,20.6035,20.6035,1.60107,32.9877,34.9614,24.1105,1.60107,0.266667
1.2002,20.9034,20.9034,1.09414,22.8713,34.9614,24.0764,1.09414,0.116667
1.2004,17.8971,17.8971,2,35.7942,34.9614,24.1602,2.31753,0.273333
1.2006,10.7083,10.7083,2,21.4166,34.9614,24.1523,2.20489,0.416667
1.2008,20.9949,20.9949,0.383462,8.05073,34.9614,24.0271,0.383462,0.266667
1.201,19.0661,19.0661,2,38.1322,34.9614,24.1528,2.21548,0.277109
1.2012,19.9608,19.9608,1.29855,25.92,34.9614,24.0906,1.29855,0.160502
1.2014,17.7522,17.7522,2,35.5045,34.9614,24.1571,2.2715,0.273333
1.2016,16.9194,16.9194,1.58402,26.8008,34.9614,24.1104,1.58402,0.266667
1.2018,17.4239,17.4239,2,34.8478,34.9614,24.1417,2.05097,0.310399
1.202,17.246,17.246,1.712,29.5252,34.9614,24.119,1.712,0.277649
1.2022,19.0412,19.0412,1.73913,33.1153,34.9614,24.1205,1.73913,0.250388
1.2024,17.2021,17.2021,2,34.4043,34.9614,24.1448,2.08648,0.273333
1.2026,20.1416,20.1416,1.24374,25.0509,34.9614,24.0866,1.24374,0.191745
1.2028,17.5958,17.5958,2,35.1915,34.9614,24.1609,2.32582,0.279472
1.203,16.6752,16.6752,1.54438,25.7528,34.9614,24.1077,1.54438,0.271854
1.2032,17.4668,17.4668,2,34.9335,34.9614,24.1425,2.06182,0.315733
1.2034,17.3547,17.3547,1.69556,29.426,34.9614,24.118,1.69556,0.273333
1.2036,15.6876,15.6876,2,31.3753,34.9614,24.1519,2.19674,0.341745
1.2038,18.8547,18.8547,1.22685,23.1318,34.9614,24.0855,1.22685,0.254067
1.204,18.3415,18.3415,2,36.683,34.9614,24.1523,2.20358,0.272898
1.2042,18.7309,18.7309,1.48087,27.738,34.9614,24.1032,1.48087,0.2133
1.2044,17.9302,17.9302,2,35.8603,34.9614,24.1484,2.14484,0.273333
1.2046,16.1437,16.1437,1.79769,29.0214,34.9614,24.125,1.79769,0.29172
1.2048,18.8263,18.8263,1.6213,30.5231,34.9614,24.1124,1.6213,0.2712
1.205,17.4386,17.4386,2,34.8772,34.9614,24.1477,2.13277,0.277213
1.2052,19.0385,19.0385,1.42351,27.1016,34.9614,24.0991,1.42351,0.223268
1.2054,17.8738,17.8738,2,35.7475,34.9614,24.1516,2.19245,0.273333
1.2056,18.4432,18.4432,1.489,27.4618,34.9614,24.1037,1.489,0.229528
1.2058,17.7177,17.7177,2,35.4355,34.9614,24.1501,2.16994,0.283359
1.206,16.7353,16.7353,1.68987,28.2804,34.9614,24.1176,1.68987,0.278606
1.2062,19.391,19.391,1.65756,32.1418,34.9614,24.1148,1.65756,0.24864
1.2064,17.2164,17.2164,2,34.4329,34.9614,24.1492,2.15202,0.273333
1.2066,19.424,19.424,1.33302,25.8925,34.9614,24.0928,1.33302,0.21413
1.2068,18.5167,18.5167,2,37.0334,34.9614,24.1459,2.10764,0.253857
1.207,16.6345,16.6345,1.82485,30.3555,34.9614,24.1269,1.82485,0.272382
1.2072,19.0218,19.0218,1.61266,30.6757,34.9614,24.1118,1.61266,0.255451
1.2074,17.4972,17.4972,2,34.9944,34.9614,24.1477,2.133,0.273333
1.2076,19.0344,19.0344,1.42982,27.2157,34.9614,24.0996,1.42982,0.222624
1.2078,18.0618,18.0618,2,36.1236,34.9614,24.149,2.15327,0.267563
1.208,16.8163,16.8163,1.7271,29.0434,34.9614,24.1202,1.7271,0.272141
1.2082,19.9119,19.9119,1.51927,30.2515,34.9614,24.1054,1.51927,0.225382
1.2084,17.2876,17.2876,2,34.5752,34.9614,24.1547,2.2342,0.273333
1.2086,16.6499,16.6499,1.59802,26.6069,34.9614,24.1113,1.59802,0.283441
1.2088,18.6335,18.6335,1.85313,34.5302,34.9614,24.1282,1.85313,0.279787
1.209,17.0986,17.0986,1.99404,34.0953,34.9614,24.1385,1.99404,0.275106
1.2092,18.2275,18.2275,1.61837,29.499,34.9614,24.1124,1.61837,0.260511
1.2094,17.9077,17.9077,2,35.8153,34.9614,24.1415,2.04248,0.273333
1.2096,17.1299,17.1299,1.7761,30.4243,34.9614,24.1234,1.7761,0.273333
1.2098,6.62675,6.62675,2,13.2535,34.9614,24.2039,3.08897,0.566667
1.21,15.3227,15.3227,0.0288556,0.442145,34.9614,24.0043,0.0288556,0.416667
1.2102,20.6466,20.6466,1.57384,32.4944,34.9614,24.1086,1.57384,0.266667
1.2104,20.9138,20.9138,1.09037,22.8038,34.9614,24.0761,1.09037,0.116667
1.2106,17.9129,17.9129,2,35.8258,34.9614,24.16,2.31495,0.273333
1.2108,6.97423,6.97423,2,13.9485,34.9614,24.1769,2.61266,0.509977
1.211,19.5494,19.5494,0.0705839,1.37987,34.9614,24.0062,0.0705839,0.266667
1.2112,19.8432,19.8432,1.97569,39.204,34.9614,24.1363,1.97569,0.269726
1.2114,16.4736,16.4736,2,32.9473,34.9614,24.1411,2.03003,0.266667
1.2116,18.0529,18.0529,1.55015,27.9847,34.9614,24.1077,1.55015,0.273333
1.2118,14.8874,14.8874,2,29.7748,34.9614,24.1702,2.46769,0.359977
1.212,20.5444,20.5444,0.662402,13.6086,34.9614,24.0465,0.662402,0.197386
1.2122,18.7195,18.7195,2,37.4389,34.9614,24.1563,2.26418,0.27555
1.2124,12.9418,12.9418,2,25.8835,34.9614,24.1459,2.09779,0.351789
1.2126,19.959,19.959,0.886929,17.7022,34.9614,24.0618,0.886929,0.273333
1.2128,20.0505,20.0505,1.72123,34.5116,34.9614,24.1193,1.72123,0.209977
1.213,15.7172,15.7172,2,31.4344,34.9614,24.1608,2.31906,0.300224
1.2132,17.7969,17.7969,1.23736,22.0212,34.9614,24.0864,1.23736,0.274106
1.2134,17.0481,17.0481,2,34.0962,34.9614,24.1669,2.42408,0.327294
1.2136,16.7145,16.7145,1.3949,23.3151,34.9614,24.0975,1.3949,0.273333
1.2138,21.122,21.122,1.02825,21.7187,34.9614,24.0716,1.02825,0.160759
1.214,17.845,17.845,2,35.69,34.9614,24.1622,2.34729,0.277688
1.2142,16.3329,16.3329,1.58633,25.9093,34.9614,24.1107,1.58633,0.275632
1.2144,20.142,20.142,1.51353,30.4856,34.9614,24.1049,1.51353,0.230368
1.2146,17.2093,17.2093,2,34.4186,34.9614,24.1557,2.24757,0.273333
1.2148,15.5711,15.5711,1.6919,26.3448,34.9614,24.1178,1.6919,0.310759
1.215,19.492,19.492,1.55485,30.3071,34.9614,24.1076,1.55485,0.266096
1.2152,17.3114,17.3114,2,34.6228,34.9614,24.1529,2.20703,0.27519
1.2154,18.2642,18.2642,1.44657,26.4204,34.9614,24.1008,1.44657,0.24287
1.2156,18.2297,18.2297,2,36.4594,34.9614,24.1457,2.1063,0.273333
1.2158,19.0693,19.0693,1.50087,28.6205,34.9614,24.1045,1.50087,0.21095
1.216,17.6797,17.6797,2,35.3595,34.9614,24.1508,2.17989,0.274345
1.2162,16.8823,16.8823,1.66133,28.047,34.9614,24.1156,1.66133,0.274701
1.2164,17.9057,17.9057,1.92368,34.4449,34.9614,24.1332,1.92368,0.293205
1.2166,17.4325,17.4325,1.84307,32.1294,34.9614,24.1279,1.84307,0.273333
1.2168,18.3688,18.3688,1.7559,32.2538,34.9614,24.1218,1.7559,0.260163
1.217,17.7902,17.7902,1.96287,34.9197,34.9614,24.1361,1.96287,0.266345
1.2172,17.3631,17.3631,1.80971,31.4221,34.9614,24.1257,1.80971,0.274315
1.2174,19.8091,19.8091,1.51898,30.0896,34.9614,24.1054,1.51898,0.215812
1.2176,17.3269,17.3269,2,34.6538,34.9614,24.1544,2.22855,0.273333
1.2178,17.6123,17.6123,1.50372,26.4839,34.9614,24.1048,1.50372,0.258549
1.218,18.8246,18.8246,1.93894,36.4998,34.9614,24.1342,1.93894,0.262284
1.2182,16.7851,16.7851,1.97112,33.0854,34.9614,24.1369,1.97112,0.275069
1.2184,18.8609,18.8609,1.52635,28.7885,34.9614,24.106,1.52635,0.249172
1.2186,17.7621,17.7621,2,35.5242,34.9614,24.1487,2.148,0.273333
1.2188,18.1017,18.1017,1.55802,28.2028,34.9614,24.1085,1.55802,0.243515
1.219,18.53,18.53,1.97695,36.633,34.9614,24.1369,1.97695,0.26048
1.2192,16.8489,16.8489,1.91304,32.2326,34.9614,24.1329,1.91304,0.275304
1.2194,17.4837,17.4837,1.75396,30.6657,34.9614,24.1216,1.75396,0.289669
1.2196,18.0614,18.0614,1.87191,33.8092,34.9614,24.1297,1.87191,0.273333
1.2198,17.4531,17.4531,1.89653,33.1004,34.9614,24.1316,1.89653,0.273333
1.22,6.10386,6.10386,2,12.2077,34.9614,24.2016,3.06463,0.566667
1.2202,15.3887,15.3887,0.0329048,0.506361,34.9614,24.0046,0.0329048,0.416667
1.2204,20.6371,20.6371,1.58039,32.6146,34.9614,24.1091,1.58039,0.266667
1.2206,20.9118,20.9118,1.09092,22.8132,34.9614,24.0761,1.09092,0.116667
1.2208,17.9069,17.9069,2,35.8138,34.9614,24.1596,2.3153,0.273333
1.221,10.7217,10.7217,2,21.4433,34.9614,24.1525,2.20746,0.416667
1.2212,20.9864,20.9864,0.384431,8.06783,34.9614,24.0272,0.384431,0.266667
1.2214,19.1653,19.1653,2,38.3307,34.9614,24.1505,2.17906,0.273118
1.2216,19.7675,19.7675,1.36872,27.0562,34.9614,24.0954,1.36872,0.16838
1.2218,17.6809,17.6809,2,35.3619,34.9614,24.156,2.25468,0.273333
1.222,17.0136,17.0136,1.5827,26.9274,34.9614,24.1103,1.5827,0.266667
1.2222,20.3606,20.3606,1.44975,29.5178,34.9614,24.1006,1.44975,0.204951
1.2224,17.1652,17.1652,2,34.3305,34.9614,24.1585,2.29068,0.276547
1.2226,15.1863,15.1863,1.68986,25.6627,34.9614,24.1176,1.68986,0.31838
1.2228,19.4872,19.4872,1.52484,29.7148,34.9614,24.1056,1.52484,0.273333
1.223,19.6009,19.6009,1.74286,34.1617,34.9614,24.121,1.74286,0.20321
1.2232,16.6604,16.6604,2,33.3209,34.9614,24.1506,2.17166,0.280054
1.2234,17.5035,17.5035,1.50106,26.2738,34.9614,24.1045,1.50106,0.275882
1.2236,20.8119,20.8119,1.22816,25.5603,34.9614,24.0854,1.22816,0.16838
1.2238,17.6328,17.6328,2,35.2656,34.9614,24.16,2.3132,0.273333
1.224,16.7854,16.7854,1.54824,25.9878,34.9614,24.108,1.54824,0.269417
1.2242,17.5938,17.5938,2,35.1876,34.9614,24.1416,2.05089,0.310289
1.2244,17.4384,17.4384,1.70783,29.7818,34.9614,24.1187,1.70783,0.27019
1.2246,20.1464,20.1464,1.48298,29.8767,34.9614,24.1029,1.48298,0.203705
1.2248,17.2911,17.2911,2,34.5823,34.9614,24.156,2.25201,0.273333
1.225,19.724,19.724,1.20814,23.8293,34.9614,24.0843,1.20814,0.197362
1.2252,16.7751,16.7751,2,33.5502,34.9614,24.1722,2.49613,0.309323
1.2254,16.7857,16.7857,1.29207,21.6883,34.9614,24.0905,1.29207,0.271342
1.2256,17.8421,17.8421,2,35.6842,34.9614,24.1527,2.21631,0.318423
1.2258,16.7349,16.7349,1.65757,27.7394,34.9614,24.1154,1.65757,0.273333
1.226,20.0262,20.0262,1.5262,30.5641,34.9614,24.1058,1.5262,0.225017
1.2262,18.0113,18.0113,2,36.0226,34.9614,24.1461,2.10669,0.251017
1.2264,16.8992,16.8992,1.75739,29.6984,34.9614,24.1222,1.75739,0.27419
1.2266,14.7426,14.7426,2,29.4851,34.9614,24.1517,2.20181,0.368688
1.2268,18.7153,18.7153,1.14049,21.3446,34.9614,24.0795,1.14049,0.273333
1.227,19.0786,19.0786,2,38.1572,34.9614,24.1421,2.0552,0.253762
1.2272,16.8511,16.8511,1.88214,31.7163,34.9614,24.131,1.88214,0.262
1.2274,18.1619,18.1619,1.70137,30.9001,34.9614,24.118,1.70137,0.273178
1.2276,16.9421,16.9421,2,33.8843,34.9614,24.1461,2.10832,0.296051
1.2278,17.5679,17.5679,1.58125,27.7793,34.9614,24.11,1.58125,0.273333
1.228,17.425,17.425,2,34.85,34.9614,24.1453,2.10262,0.299887
1.2282,17.5616,17.5616,1.63364,28.6894,34.9614,24.1136,1.63364,0.266247
1.2284,18.2752,18.2752,1.94124,35.4765,34.9614,24.1344,1.94124,0.272656
1.2286,17.7679,17.7679,1.8152,32.2523,34.9614,24.1261,1.8152,0.257402
1.2288,17.7631,17.7631,1.88205,33.431,34.9614,24.1305,1.88205,0.273333
1.229,18.0533,18.0533,1.78967,32.3093,34.9614,24.1243,1.78967,0.261161
1.2292,17.9552,17.9552,1.89643,34.0507,34.9614,24.1315,1.89643,0.264665
1.2294,17.458,17.458,1.86733,32.5998,34.9614,24.1296,1.86733,0.273281
1.2296,18.548,18.548,1.71045,31.7253,34.9614,24.1187,1.71045,0.253299
1.2298,17.5331,17.5331,2,35.0663,34.9614,24.1417,2.04324,0.273333
1.23,17.3627,17.3627,1.71609,29.7959,34.9614,24.1193,1.71609,0.273333
1.2302,6.64633,6.64633,2,13.2927,34.9614,24.209,3.16944,0.566667
1.2304,15.0363,15.0363,0.0185036,0.278225,34.9614,24.0037,0.0185036,0.416667
1.2306,20.6867,20.6867,1.54667,31.9955,34.9614,24.1067,1.54667,0.266667
1.2308,20.9277,20.9277,1.0848,22.7022,34.9614,24.0757,1.0848,0.116667
1.231,17.9135,17.9135,2,35.827,34.9614,24.1601,2.3157,0.273333
1.2312,9.10621,9.10621,2,18.2124,34.9614,24.1626,2.37817,0.456412
1.2314,20.744,20.744,0.22498,4.66699,34.9614,24.0164,0.22498,0.266667
1.2316,19.5017,19.5017,2,39.0034,34.9614,24.144,2.08656,0.269635
1.2318,19.4292,19.4292,1.50969,29.3321,34.9614,24.1052,1.50969,0.180619
1.232,17.5176,17.5176,2,35.0353,34.9614,24.1526,2.20476,0.273333
1.2322,15.6671,15.6671,1.75355,27.473,34.9614,24.122,1.75355,0.306412
1.2324,13.6344,13.6344,2,27.2687,34.9614,24.1512,2.20014,0.416667
1.2326,19.2311,19.2311,0.964603,18.5504,34.9614,24.0673,0.964603,0.277574
1.2328,19.7605,19.7605,1.85156,36.5877,34.9614,24.1282,1.85156,0.227248
1.233,16.5643,16.5643,2,33.1287,34.9614,24.1465,2.11055,0.273333
1.2332,19.6842,19.6842,1.26905,24.9801,34.9614,24.0884,1.26905,0.219007
1.2334,18.1373,18.1373,2,36.2746,34.9614,24.1532,2.21533,0.266667
1.2336,16.5217,16.5217,1.71202,28.2855,34.9614,24.1192,1.71202,0.27413
1.2338,17.954,17.954,1.84738,33.168,34.9614,24.1278,1.84738,0.294707
1.234,17.5758,17.5758,1.89325,33.2754,34.9614,24.1313,1.89325,0.273333
1.2342,19.9803,19.9803,1.43279,28.6276,34.9614,24.0996,1.43279,0.200805
1.2344,19.6079,19.6079,1.76352,34.5789,34.9614,24.1224,1.76352,0.201732
1.2346,16.6512,16.6512,2,33.3024,34.9614,24.1498,2.15859,0.278544
1.2348,20.246,20.246,1.12628,22.8027,34.9614,24.0785,1.12628,0.193913
1.235,18.0161,18.0161,2,36.0322,34.9614,24.1584,2.2904,0.273333
1.2352,14.5351,14.5351,1.84099,26.7589,34.9614,24.128,1.84099,0.321215
1.2354,16.7365,16.7365,1.67066,27.961,34.9614,24.1154,1.67066,0.351733
1.2356,18.679,18.679,1.79572,33.5422,34.9614,24.1243,1.79572,0.273023
1.2358,17.0068,17.0068,2,34.0136,34.9614,24.1422,2.05177,0.280443
1.236,17.6655,17.6655,1.62533,28.7122,34.9614,24.113,1.62533,0.273333
1.2362,18.7556,18.7556,1.8736,35.1405,34.9614,24.1299,1.8736,0.256963
1.2364,17.2829,17.2829,1.95853,33.8489,34.9614,24.136,1.95853,0.266633
1.2366,17.8229,17.8229,1.71534,30.5723,34.9614,24.1191,1.71534,0.270839
1.2368,18.841,18.841,1.80423,33.9934,34.9614,24.1251,1.80423,0.247035
1.237,17.1518,17.1518,2,34.3036,34.9614,24.1411,2.0357,0.273333
1.2372,18.7402,18.7402,1.52218,28.5258,34.9614,24.1058,1.52218,0.242537
1.2374,19.2411,19.2411,1.85349,35.6632,34.9614,24.1285,1.85349,0.22794
1.2376,16.7936,16.7936,2,33.5872,34.9614,24.1428,2.05836,0.274006
1.2378,19.0483,19.0483,1.42928,27.2253,34.9614,24.0994,1.42928,0.238482
1.238,17.871,17.871,2,35.742,34.9614,24.1514,2.18954,0.273333
1.2382,17.1541,17.1541,1.64077,28.1458,34.9614,24.1143,1.64077,0.264078
1.2384,18.7704,18.7704,1.83233,34.3935,34.9614,24.1268,1.83233,0.264743
1.2386,17.0811,17.0811,2,34.1621,34.9614,24.1399,2.01789,0.274831
1.2388,17.4494,17.4494,1.68647,29.4279,34.9614,24.1171,1.68647,0.279878
1.239,18.2225,18.2225,1.8999,34.6208,34.9614,24.1317,1.8999,0.273333
1.2392,17.2208,17.2208,1.91323,32.9472,34.9614,24.1329,1.91323,0.275205
1.2394,17.3044,17.3044,1.81017,31.3239,34.9614,24.1255,1.81017,0.288382
1.2396,18.0304,18.0304,1.81693,32.7598,34.9614,24.126,1.81693,0.273811
1.2398,18.8147,18.8147,1.74622,32.8545,34.9614,24.1212,1.74622,0.238214
1.24,17.3132,17.3132,2,34.6264,34.9614,24.1426,2.05716,0.273333
1.2402,17.4681,17.4681,1.67151,29.1981,34.9614,24.1162,1.67151,0.273333
1.2404,6.69463,6.69463,2,13.3893,34.9614,24.2119,3.21351,0.566667
1.2406,14.8771,14.8771,0.0136591,0.203208,34.9614,24.0034,0.0136591,0.416667
1.2408,20.7109,20.7109,1.53135,31.7156,34.9614,24.1056,1.53135,0.266667
1.241,20.9362,20.9362,1.08023,22.6158,34.9614,24.0754,1.08023,0.116667
1.2412,17.921,17.921,2,35.8421,34.9614,24.16,2.31534,0.273333
1.2414,10.7068,10.7068,2,21.4136,34.9614,24.1522,2.2081,0.416667
1.2416,18.2751,18.2751,0.755309,13.8034,34.9614,24.0529,0.755309,0.351178
1.2418,19.1388,19.1388,2,38.2775,34.9614,24.1494,2.16604,0.276788
1.242,16.354,16.354,1.85198,30.2874,34.9614,24.129,1.85198,0.266667
1.2422,18.5255,18.5255,1.63598,30.3074,34.9614,24.1135,1.63598,0.273333
1.2424,15.4477,15.4477,2,30.8954,34.9614,24.1633,2.36101,0.332983
1.2426,16.1281,16.1281,1.34566,21.7029,34.9614,24.0939,1.34566,0.318288
1.2428,19.3267,19.3267,1.87124,36.1649,34.9614,24.1292,1.87124,0.279237
1.243,13.7262,13.7262,2,27.4523,34.9614,24.1664,2.4035,0.349464
1.2432,18.866,18.866,0.831578,15.6885,34.9614,24.0584,0.831578,0.273333
1.2434,19.2574,19.2574,2,38.5147,34.9614,24.1442,2.08713,0.260378
1.2436,15.9217,15.9217,1.97377,31.4256,34.9614,24.1368,1.97377,0.281023
1.2438,18.3222,18.3222,1.51511,27.7602,34.9614,24.1052,1.51511,0.278864
1.244,19.121,19.121,1.88441,36.0318,34.9614,24.1306,1.88441,0.239458
1.2442,16.796,16.796,2,33.5921,34.9614,24.1409,2.03115,0.273333
1.2444,19.5034,19.5034,1.38264,26.9661,34.9614,24.0962,1.38264,0.225663
1.2446,16.5675,16.5675,2,33.135,34.9614,24.1678,2.43018,0.306235
1.2448,16.8584,16.8584,1.32472,22.3327,34.9614,24.0926,1.32472,0.277236
1.245,20.658,20.658,1.37187,28.3402,34.9614,24.0952,1.37187,0.197048
1.2452,17.3602,17.3602,2,34.7203,34.9614,24.1588,2.29419,0.273333
1.2454,14.8343,14.8343,1.74056,25.8201,34.9614,24.1213,1.74056,0.323929
1.2456,19.3137,19.3137,1.47953,28.5752,34.9614,24.1024,1.47953,0.282495
1.2458,17.7182,17.7182,2,35.4365,34.9614,24.1515,2.18777,0.270948
1.246,18.7594,18.7594,1.43994,27.0123,34.9614,24.1003,1.43994,0.223587
1.2462,17.9983,17.9983,2,35.9966,34.9614,24.1494,2.15966,0.273333
1.2464,16.1623,16.1623,1.78465,28.844,34.9614,24.1242,1.78465,0.28904
1.2466,16.0361,16.0361,1.96843,31.5659,34.9614,24.1362,1.96843,0.346265
1.2468,18.0883,18.0883,1.55679,28.1597,34.9614,24.1081,1.55679,0.283431
1.247,17.4374,17.4374,2,34.8747,34.9614,24.1485,2.14786,0.292468
1.2472,17.1619,17.1619,1.63615,28.0795,34.9614,24.1139,1.63615,0.273333
1.2474,19.8182,19.8182,1.61321,31.971,34.9614,24.1119,1.61321,0.226958
1.2476,13.5676,13.5676,2,27.1353,34.9614,24.1834,2.65692,0.364575
1.2478,17.9816,17.9816,0.676769,12.1694,34.9614,24.048,0.676769,0.283
1.248,19.1987,19.1987,2,38.3973,34.9614,24.1499,2.17527,0.2822
1.2482,16.0378,16.0378,1.88264,30.1935,34.9614,24.131,1.88264,0.273333
1.2484,19.3646,19.3646,1.46189,28.309,34.9614,24.1015,1.46189,0.251804
1.2486,17.0956,17.0956,2,34.1913,34.9614,24.159,2.2995,0.289208
1.2488,17.5118,17.5118,1.42882,25.0212,34.9614,24.0997,1.42882,0.260208
1.249,20.703,20.703,1.31244,27.1714,34.9614,24.0912,1.31244,0.178438
1.2492,17.4851,17.4851,2,34.9702,34.9614,24.1593,2.30189,0.273333
1.2494,15.4928,15.4928,1.67714,25.9835,34.9614,24.1168,1.67714,0.304602
1.2496,18.6298,18.6298,1.69385,31.5561,34.9614,24.1173,1.69385,0.295461
1.2498,17.4453,17.4453,2,34.8907,34.9614,24.1435,2.07101,0.275614
1.25,15.1727,15.1727,1.9189,29.1149,34.9614,24.1333,1.9189,0.328438
1.2502,19.0742,19.0742,1.39184,26.5483,34.9614,24.0966,1.39184,0.273333
1.2504,17.9285,17.9285,2,35.857,34.9614,24.1521,2.19969,0.273333
1.2506,5.00464,5.00464,2,10.0093,34.9614,24.1948,2.94235,0.566667
1.2508,15.5969,15.5969,0.0456448,0.711916,34.9614,24.0054,0.0456448,0.416667
1.251,20.606,20.606,1.60025,32.9748,34.9614,24.1104,1.60025,0.266667
1.2512,20.9018,20.9018,1.09522,22.8921,34.9614,24.0764,1.09522,0.116667
1.2514,17.8945,17.8945,2,35.789,34.9614,24.1602,2.31669,0.273333
1.2516,10.7151,10.7151,2,21.4303,34.9614,24.1519,2.2003,0.416667
1.2518,20.4126,20.4126,0.498006,10.1656,34.9614,24.0351,0.498006,0.289965
1.252,19.0995,19.0995,2,38.1989,34.9614,24.151,2.18732,0.272076
1.2522,17.8882,17.8882,1.65295,29.5684,34.9614,24.1152,1.65295,0.225768
1.2524,18.0268,18.0268,1.98333,35.753,34.9614,24.1373,1.98333,0.273333
1.2526,17.4566,17.4566,1.80082,31.4361,34.9614,24.1251,1.80082,0.266667
1.2528,11.9507,11.9507,2,23.9013,34.9614,24.1724,2.51763,0.42628
1.253,19.576,19.576,0.453517,8.87805,34.9614,24.0323,0.453517,0.275712
1.2532,18.9954,18.9954,2,37.9907,34.9614,24.1556,2.25346,0.285115
1.2534,15.9424,15.9424,1.81371,28.915,34.9614,24.1263,1.81371,0.273333
1.2536,20.6766,20.6766,1.17853,24.3681,34.9614,24.0819,1.17853,0.200654
1.2538,15.4927,15.4927,2,30.9853,34.9614,24.1861,2.70346,0.336363
1.254,17.2021,17.2021,0.922014,15.8606,34.9614,24.0651,0.922014,0.268251
1.2542,18.6194,18.6194,2,37.2389,34.9614,24.1577,2.2905,0.305374
1.2544,16.0805,16.0805,1.73398,27.8832,34.9614,24.1208,1.73398,0.273333
1.2546,16.0412,16.0412,2,32.0824,34.9614,24.1381,2.00265,0.350654
1.2548,18.4654,18.4654,1.48228,27.3709,34.9614,24.103,1.48228,0.270852
1.255,18.0179,18.0179,2,36.0359,34.9614,24.147,2.12358,0.27415
1.2552,15.7649,15.7649,1.86196,29.3535,34.9614,24.1294,1.86196,0.301022
1.2554,18.8477,18.8477,1.52829,28.8048,34.9614,24.106,1.52829,0.273333
1.2556,19.4454,19.4454,1.79594,34.9226,34.9614,24.1245,1.79594,0.218178
1.2558,18.0629,18.0629,1.9333,34.9209,34.9614,24.1342,1.9333,0.240307
1.256,17.2121,17.2121,1.87723,32.3111,34.9614,24.1304,1.87723,0.276277
1.2562,17.5812,17.5812,1.80659,31.7621,34.9614,24.1254,1.80659,0.283154
1.2564,17.8861,17.8861,1.85913,33.2527,34.9614,24.1289,1.85913,0.273333
1.2566,18.6431,18.6431,1.73271,32.3031,34.9614,24.1203,1.73271,0.24355
1.2568,17.5618,17.5618,2,35.1236,34.9614,24.1405,2.02643,0.26976
1.257,17.6426,17.6426,1.70223,30.0319,34.9614,24.1183,1.70223,0.266703
1.2572,16.9217,16.9217,2,33.8434,34.9614,24.1433,2.07034,0.304485
1.2574,17.6805,17.6805,1.60017,28.2918,34.9614,24.1112,1.60017,0.273333
1.2576,17.9493,17.9493,2,35.8985,34.9614,24.1398,2.02155,0.282387
1.2578,16.3979,16.3979,1.87939,30.8182,34.9614,24.1307,1.87939,0.292565
1.258,18.1403,18.1403,1.66472,30.1986,34.9614,24.1154,1.66472,0.281468
1.2582,18.4753,18.4753,1.9143,35.3673,34.9614,24.1327,1.9143,0.255607
1.2584,17.0919,17.0919,1.934,33.0557,34.9614,24.1342,1.934,0.273333
1.2586,17.3939,17.3939,1.77066,30.7987,34.9614,24.1228,1.77066,0.286697
1.2588,19.1507,19.1507,1.6869,32.3053,34.9614,24.117,1.6869,0.241147
1.259,17.2135,17.2135,2,34.4271,34.9614,24.1473,2.12698,0.27474
1.2592,15.1087,15.1087,1.85319,27.9993,34.9614,24.1288,1.85319,0.330451
1.2594,19.2405,19.2405,1.42001,27.3217,34.9614,24.0985,1.42001,0.273333
1.2596,19.6233,19.6233,1.77661,34.8629,34.9614,24.1232,1.77661,0.210481
1.2598,14.3807,14.3807,2,28.7613,34.9614,24.1678,2.42376,0.335512
1.26,18.5731,18.5731,0.916832,17.0285,34.9614,24.0643,0.916832,0.269257
1.2602,18.2215,18.2215,2,36.4431,34.9614,24.1636,2.37058,0.297666
1.2604,16.1149,16.1149,1.62396,26.17,34.9614,24.1133,1.62396,0.273333
1.2606,19.0981,19.0981,1.71907,32.831,34.9614,24.1189,1.71907,0.273333
1.2608,5.5874,5.5874,2,11.1748,34.9614,24.2263,3.42997,0.566667
1.261,14.0175,14.0175,0,0,34.9614,24.0021,-1.34e-06,0.416667
1.2612,20.8358,20.8358,1.44293,30.0646,34.9614,24.0996,1.44293,0.266667
1.2614,20.9805,20.9805,1.05928,22.2244,34.9614,24.0739,1.05928,0.116667
1.2616,17.9583,17.9583,2,35.9165,34.9614,24.16,2.31486,0.273333
1.2618,10.6711,10.6711,2,21.3422,34.9614,24.1524,2.21298,0.416667
1.262,18.1449,18.1449,0.761519,13.8177,34.9614,24.0533,0.761519,0.354851
1.2622,19.3337,19.3337,2,38.6674,34.9614,24.1449,2.09695,0.270064
1.2624,16.4338,16.4338,1.9132,31.441,34.9614,24.1332,1.9132,0.266667
1.2626,18.3354,18.3354,1.61191,29.5549,34.9614,24.1119,1.61191,0.273333
1.2628,17.9257,17.9257,2,35.8514,34.9614,24.1418,2.04844,0.2718
1.263,19.5093,19.5093,1.45093,28.3066,34.9614,24.1009,1.45093,0.204851
1.2632,17.5467,17.5467,2,35.0934,34.9614,24.1547,2.23299,0.274974
1.2634,13.8375,13.8375,1.92347,26.616,34.9614,24.1334,1.92347,0.350057
1.2636,19.7997,19.7997,1.15342,22.8373,34.9614,24.0801,1.15342,0.273333
1.2638,20.0055,20.0055,1.68943,33.7979,34.9614,24.1172,1.68943,0.199812
1.264,19.9256,19.9256,1.56822,31.2478,34.9614,24.1091,1.56822,0.174412
1.2642,17.4149,17.4149,2,34.8299,34.9614,24.1514,2.18297,0.266563
1.2644,19.349,19.349,1.33608,25.8519,34.9614,24.0931,1.33608,0.211316
1.2646,17.9244,17.9244,2,35.8488,34.9614,24.1543,2.23057,0.273333
1.2648,13.6207,13.6207,1.98595,27.0502,34.9614,24.1378,1.98595,0.349812
1.265,18.012,18.012,1.30186,23.4491,34.9614,24.0903,1.30186,0.324412
1.2652,18.5192,18.5192,2,37.0384,34.9614,24.1472,2.13059,0.276235
1.2654,20.5793,20.5793,1.14416,23.546,34.9614,24.0798,1.14416,0.144573
1.2656,17.8742,17.8742,2,35.7484,34.9614,24.1596,2.30634,0.273333
1.2658,17.5465,17.5465,1.49359,26.2073,34.9614,24.1042,1.49359,0.246355
1.266,15.6762,15.6762,2,31.3523,34.9614,24.1646,2.39105,0.35164
1.2662,17.5303,17.5303,1.19712,20.9859,34.9614,24.0837,1.19712,0.277255
1.2664,18.3676,18.3676,2,36.7352,34.9614,24.1528,2.2131,0.294573
1.2666,16.4268,16.4268,1.74591,28.6797,34.9614,24.1216,1.74591,0.273333
1.2668,18.4775,18.4775,1.73575,32.0723,34.9614,24.1202,1.73575,0.279863
1.267,18.1191,18.1191,1.93659,35.0894,34.9614,24.1343,1.93659,0.256522
1.2672,17.325,17.325,1.86179,32.2553,34.9614,24.1292,1.86179,0.271979
1.2674,14.7056,14.7056,2,29.4112,34.9614,24.1487,2.14768,0.356032
1.2676,18.8602,18.8602,1.16896,22.0468,34.9614,24.0814,1.16896,0.273333
1.2678,18.0539,18.0539,2,36.1078,34.9614,24.1583,2.29326,0.285093
1.268,14.4055,14.4055,1.85619,26.7394,34.9614,24.1291,1.85619,0.323751
1.2682,19.5194,19.5194,1.31055,25.5813,34.9614,24.0909,1.31055,0.276664
1.2684,17.1083,17.1083,2,34.2165,34.9614,24.1648,2.38587,0.296065
1.2686,16.7762,16.7762,1.43022,23.9936,34.9614,24.0999,1.43022,0.273333
1.2688,19.3313,19.3313,1.84545,35.6748,34.9614,24.1276,1.84545,0.263116
1.269,16.4324,16.4324,2,32.8647,34.9614,24.1468,2.11424,0.282585
1.2692,17.8937,17.8937,1.48793,26.6246,34.9614,24.1035,1.48793,0.273047
1.2694,19.5821,19.5821,1.77406,34.74,34.9614,24.1229,1.77406,0.230071
1.2696,16.8374,16.8374,2,33.6747,34.9614,24.1477,2.12974,0.273333
1.2698,17.0882,17.0882,1.60209,27.3768,34.9614,24.1114,1.60209,0.286465
1.27,17.0574,17.0574,2,34.1148,34.9614,24.1451,2.09781,0.316269
1.2702,17.5897,17.5897,1.59936,28.1322,34.9614,24.1112,1.59936,0.271767
1.2704,17.7478,17.7478,2,35.4956,34.9614,24.1415,2.04461,0.289474
1.2706,17.2327,17.2327,1.74761,30.1161,34.9614,24.1215,1.74761,0.273333
1.2708,18.2187,18.2187,1.83776,33.4816,34.9614,24.1273,1.83776,0.273333
1.271,5.77747,5.77747,2,11.5549,34.9614,24.2129,3.22649,0.566667
1.2712,14.7749,14.7749,0.0105118,0.155311,34.9614,24.0032,0.0105118,0.416667
1.2714,20.7271,20.7271,1.51928,31.4903,34.9614,24.1048,1.51928,0.266667
1.2716,20.9419,20.9419,1.07767,22.5685,34.9614,24.0752,1.07767,0.116667
1.2718,17.9211,17.9211,2,35.8422,34.9614,24.1601,2.31617,0.273333
1.272,10.6882,10.6882,2,21.3763,34.9614,24.1523,2.20926,0.416667
1.2722,16.7639,16.7639,0.914584,15.332,34.9614,24.0637,0.914584,0.39
1.2724,19.5667,19.5667,2,39.1334,34.9614,24.1384,2.00333,0.275028
1.2726,16.5421,16.5421,1.99071,32.9306,34.9614,24.1383,1.99071,0.266667
1.2728,18.1093,18.1093,1.58584,28.7184,34.9614,24.1101,1.58584,0.273333
1.273,18.2793,18.2793,2,36.5587,34.9614,24.1387,2.00331,0.266667
1.2732,18.2519,18.2519,1.7013,31.0519,34.9614,24.1183,1.7013,0.24
1.2734,17.5192,17.5192,2,35.0384,34.9614,24.1412,2.0381,0.279015
1.2736,14.6591,14.6591,2,29.3182,34.9614,24.1394,2.01324,0.342589
1.2738,19.1721,19.1721,1.24514,23.8719,34.9614,24.0865,1.24514,0.273333
1.274,20.0513,20.0513,1.66336,33.3526,34.9614,24.1154,1.66336,0.199673
1.2742,19.1336,19.1336,1.80489,34.5341,34.9614,24.1254,1.80489,0.20683
1.2744,17.2467,17.2467,2,34.4934,34.9614,24.1412,2.03516,0.266715
1.2746,17.4096,17.4096,1.69115,29.4422,34.9614,24.1175,1.69115,0.277133
1.2748,18.2341,18.2341,1.89282,34.5139,34.9614,24.1311,1.89282,0.273333
1.275,14.2995,14.2995,2,28.599,34.9614,24.1554,2.24485,0.349673
1.2752,19.6508,19.6508,0.938828,18.4487,34.9614,24.0656,0.938828,0.25122
1.2754,18.4797,18.4797,2,36.9593,34.9614,24.1566,2.26697,0.274957
1.2756,17.4105,17.4105,1.59542,27.7771,34.9614,24.1113,1.59542,0.242839
1.2758,18.4206,18.4206,1.93758,35.6913,34.9614,24.1341,1.93758,0.273333
1.276,16.0986,16.0986,2,32.1972,34.9614,24.1405,2.02255,0.298354
1.2762,19.7709,19.7709,1.2844,25.3937,34.9614,24.0893,1.2844,0.229177
1.2764,17.6791,17.6791,2,35.3583,34.9614,24.1588,2.29784,0.278338
1.2766,18.212,18.212,1.41018,25.6822,34.9614,24.0984,1.41018,0.232777
1.2768,18.3219,18.3219,2,36.6438,34.9614,24.1458,2.10886,0.273333
1.277,19.4859,19.4859,1.43531,27.9683,34.9614,24.0999,1.43531,0.195811
1.2772,19.2407,19.2407,1.8834,36.238,34.9614,24.1306,1.8834,0.22199
1.2774,16.8236,16.8236,2,33.6471,34.9614,24.1413,2.03323,0.271116
1.2776,19.3708,19.3708,1.40382,27.1931,34.9614,24.0976,1.40382,0.229431
1.2778,17.7755,17.7755,2,35.551,34.9614,24.1538,2.22139,0.273333
1.278,18.6852,18.6852,1.42527,26.6315,34.9614,24.0993,1.42527,0.222592
1.2782,19.5272,19.5272,1.81494,35.4407,34.9614,24.1258,1.81494,0.222262
1.2784,16.642,16.642,2,33.2839,34.9614,24.1471,2.12067,0.276683
1.2786,18.7038,18.7038,1.40775,26.3301,34.9614,24.098,1.40775,0.247134
1.2788,18.0816,18.0816,2,36.1633,34.9614,24.1494,2.16118,0.273333
1.279,14.5271,14.5271,1.96798,28.589,34.9614,24.1369,1.96798,0.328882
1.2792,19.5556,19.5556,1.22091,23.8756,34.9614,24.0848,1.22091,0.267037
1.2794,17.9119,17.9119,2,35.8238,34.9614,24.1582,2.28665,0.277808
1.2796,17.1185,17.1185,1.5599,26.7032,34.9614,24.1088,1.5599,0.258125
1.2798,18.6555,18.6555,1.90914,35.616,34.9614,24.1322,1.90914,0.273333
1.28,20.0288,20.0288,1.44352,28.912,34.9614,24.1004,1.44352,0.178882
1.2802,19.4528,19.4528,1.8096,35.2018,34.9614,24.1256,1.8096,0.207115
1.2804,16.8789,16.8789,2,33.7577,34.9614,24.1452,2.09261,0.271597
1.2806,17.957,17.957,1.54393,27.7242,34.9614,24.1074,1.54393,0.2653
1.2808,18.2171,18.2171,2,36.4341,34.9614,24.1408,2.03522,0.273333
1.281,16.9714,16.9714,1.82777,31.0199,34.9614,24.1271,1.82777,0.273333
1.2812,6.59203,6.59203,2,13.1841,34.9614,24.1998,3.02849,0.566667
1.2814,15.5412,15.5412,0.0421912,0.655702,34.9614,24.0052,0.0421912,0.416667
1.2816,20.6151,20.6151,1.59427,32.866,34.9614,24.11,1.59427,0.266667
1.2818,20.9052,20.9052,1.09368,22.8636,34.9614,24.0763,1.09368,0.116667
1.282,17.8988,17.8988,2,35.7976,34.9614,24.1601,2.31565,0.273333
1.2822,10.7187,10.7187,2,21.4374,34.9614,24.1525,2.20998,0.416667
1.2824,19.9921,19.9921,0.551501,11.0256,34.9614,24.0388,0.551501,0.303102
1.2826,18.9593,18.9593,2,37.9186,34.9614,24.1539,2.23067,0.277465
1.2828,20.6778,20.6778,1.06672,22.0575,34.9614,24.0745,1.06672,0.127448
1.283,18.0101,18.0101,2,36.0202,34.9614,24.1596,2.30735,0.273333
1.2832,16.676,16.676,1.60174,26.7106,34.9614,24.1117,1.60174,0.266667
1.2834,19.6274,19.6274,1.66228,32.6263,34.9614,24.1151,1.66228,0.245551
1.2836,16.9875,16.9875,2,33.975,34.9614,24.1514,2.18562,0.27603
1.2838,17.194,17.194,1.55608,26.7552,34.9614,24.1083,1.55608,0.277448
1.284,18.6125,18.6125,1.92434,35.8168,34.9614,24.1331,1.92434,0.273333
1.2842,19.4528,19.4528,1.58202,30.7748,34.9614,24.11,1.58202,0.201796
1.2844,17.6029,17.6029,2,35.2057,34.9614,24.1487,2.14611,0.266354
1.2846,16.9247,16.9247,1.68143,28.4578,34.9614,24.117,1.68143,0.277007
1.2848,15.6816,15.6816,2,31.3633,34.9614,24.1498,2.16848,0.34927
1.285,18.2309,18.2309,1.32726,24.197,34.9614,24.0924,1.32726,0.273333
1.2852,20.5337,20.5337,1.42099,29.1781,34.9614,24.0987,1.42099,0.181245
1.2854,18.3125,18.3125,2,36.625,34.9614,24.1452,2.09513,0.243127
1.2856,16.6489,16.6489,1.81858,30.2773,34.9614,24.1265,1.81858,0.276045
1.2858,19.4345,19.4345,1.54942,30.1122,34.9614,24.1075,1.54942,0.242148
1.286,17.4377,17.4377,2,34.8754,34.9614,24.1518,2.18993,0.273333
1.2862,17.8265,17.8265,1.52625,27.2076,34.9614,24.1063,1.52625,0.253608
1.2864,18.4607,18.4607,1.99984,36.9185,34.9614,24.1384,1.99984,0.269003
1.2866,16.8953,16.8953,1.88564,31.8585,34.9614,24.131,1.88564,0.273587
1.2868,19.6866,19.6866,1.46832,28.9061,34.9614,24.102,1.46832,0.225466
1.287,17.5005,17.5005,2,35.001,34.9614,24.1544,2.23088,0.273333
1.2872,16.1034,16.1034,1.68247,27.0935,34.9614,24.1171,1.68247,0.294262
1.2874,18.4636,18.4636,1.76673,32.6201,34.9614,24.1222,1.76673,0.28945
1.2876,17.306,17.306,2,34.6121,34.9614,24.1405,2.02754,0.277419
1.2878,16.7768,16.7768,1.77553,29.7876,34.9614,24.1233,1.77553,0.293195
1.288,18.4375,18.4375,1.748,32.2287,34.9614,24.1211,1.748,0.273333
1.2882,20.3947,20.3947,1.37976,28.1398,34.9614,24.096,1.37976,0.170799
1.2884,17.2016,17.2016,2,34.4031,34.9614,24.1608,2.32384,0.279746
1.2886,16.6446,16.6446,1.50821,25.1035,34.9614,24.1052,1.50821,0.279055
1.2888,19.7324,19.7324,1.69187,33.3847,34.9614,24.1171,1.69187,0.246111
1.289,16.9564,16.9564,2,33.9128,34.9614,24.1506,2.17237,0.273333
1.2892,18.2221,18.2221,1.44913,26.4062,34.9614,24.1009,1.44913,0.251907
1.2894,17.9865,17.9865,2,35.973,34.9614,24.1484,2.14477,0.281125
1.2896,17.0128,17.0128,1.70463,29.0004,34.9614,24.1186,1.70463,0.268757
1.2898,19.8688,19.8688,1.55427,30.8816,34.9614,24.1078,1.55427,0.224596
1.29,17.2292,17.2292,2,34.4584,34.9614,24.154,2.22351,0.273333
1.2902,15.1994,15.1994,1.75658,26.699,34.9614,24.1221,1.75658,0.321665
1.2904,19.2453,19.2453,1.51051,29.0704,34.9614,24.1046,1.51051,0.277362
1.2906,17.4064,17.4064,2,34.8127,34.9614,24.1535,2.21741,0.278627
1.2908,15.1828,15.1828,1.77988,27.0235,34.9614,24.1237,1.77988,0.319231
1.291,19.333,19.333,1.47499,28.5159,34.9614,24.1022,1.47499,0.273333
1.2912,17.6386,17.6386,2,35.2771,34.9614,24.1525,2.20342,0.273333
1.2914,5.1685,5.1685,2,10.337,34.9614,24.1916,2.89399,0.566667
1.2916,15.7999,15.7999,0.0581749,0.919156,34.9614,24.0062,0.0581749,0.416667
1.2918,20.5757,20.5757,1.61851,33.302,34.9614,24.1117,1.61851,0.266667
1.292,20.8945,20.8945,1.09761,22.934,34.9614,24.0766,1.09761,0.116667
1.2922,17.893,17.893,2,35.7859,34.9614,24.16,2.31385,0.273333
1.2924,10.7121,10.7121,2,21.4242,34.9614,24.1525,2.20623,0.416667
1.2926,20.99,20.99,0.383103,8.04133,34.9614,24.0271,0.383103,0.266667
1.2928,19.1428,19.1428,2,38.2857,34.9614,24.151,2.18831,0.274106
1.293,16.2915,16.2915,1.83964,29.9705,34.9614,24.1281,1.83964,0.266667
1.2932,18.592,18.592,1.63199,30.3421,34.9614,24.1131,1.63199,0.273333
1.2934,17.2956,17.2956,2,34.5913,34.9614,24.1477,2.13473,0.283833
1.2936,16.8374,16.8374,1.67105,28.1361,34.9614,24.1162,1.67105,0.284919
1.2938,18.4689,18.4689,1.83643,33.9168,34.9614,24.1271,1.83643,0.277658
1.294,14.5496,14.5496,2,29.0992,34.9614,24.1586,2.29026,0.343757
1.2942,18.6268,18.6268,1.04989,19.5561,34.9614,24.0734,1.04989,0.273333
1.2944,20.2116,20.2116,1.64015,33.1501,34.9614,24.1137,1.64015,0.206995
1.2946,16.7651,16.7651,2,33.5302,34.9614,24.1551,2.23807,0.276604
1.2948,17.462,17.462,1.45705,25.443,34.9614,24.1016,1.45705,0.270853
1.295,15.429,15.429,2,30.858,34.9614,24.1682,2.44071,0.361658
1.2952,17.7111,17.7111,1.10501,19.5709,34.9614,24.0774,1.10501,0.273333
1.2954,16.5359,16.5359,2,33.0719,34.9614,24.1782,2.5897,0.350432
1.2956,16.3377,16.3377,1.22602,20.0304,34.9614,24.086,1.22602,0.280282
1.2958,19.3159,19.3159,1.95217,37.708,34.9614,24.1347,1.95217,0.281135
1.296,14.8652,14.8652,2,29.7305,34.9614,24.1532,2.21031,0.31559
1.2962,18.6217,18.6217,1.15705,21.5462,34.9614,24.0807,1.15705,0.273333
1.2964,20.1106,20.1106,1.66797,33.5439,34.9614,24.1156,1.66797,0.207815
1.2966,16.2945,16.2945,2,32.5889,34.9614,24.1582,2.28405,0.288037
1.2968,17.1788,17.1788,1.39621,23.9851,34.9614,24.0974,1.39621,0.282714
1.297,19.6596,19.6596,1.78468,35.086,34.9614,24.1235,1.78468,0.243817
1.2972,16.7631,16.7631,2,33.5263,34.9614,24.1478,2.13143,0.273333
1.2974,15.6583,15.6583,1.74398,27.3077,34.9614,24.1211,1.74398,0.323571
1.2976,18.8858,18.8858,1.61414,30.4843,34.9614,24.1118,1.61414,0.28123
1.2978,17.6516,17.6516,2,35.3032,34.9614,24.1459,2.10686,0.270884
1.298,18.3274,18.3274,1.55755,28.5458,34.9614,24.1084,1.55755,0.24159
1.2982,17.9764,17.9764,2,35.9528,34.9614,24.1437,2.07687,0.273333
1.2984,16.3407,16.3407,1.83803,30.0347,34.9614,24.1277,1.83803,0.290469
1.2986,18.6973,18.6973,1.62397,30.3638,34.9614,24.1126,1.62397,0.269509
1.2988,17.6728,17.6728,2,35.3456,34.9614,24.1448,2.09182,0.27272
1.299,17.4934,17.4934,1.67083,29.2283,34.9614,24.1162,1.67083,0.26478
1.2992,18.2291,18.2291,1.91314,34.8748,34.9614,24.1325,1.91314,0.273333
1.2994,18.6944,18.6944,1.70471,31.8685,34.9614,24.1184,1.70471,0.233176
1.2996,17.6175,17.6175,2,35.2351,34.9614,24.1413,2.03875,0.269575
1.2998,16.9938,16.9938,1.77035,30.085,34.9614,24.1231,1.77035,0.281716
1.3,19.6351,19.6351,1.56596,30.7477,34.9614,24.1086,1.56596,0.231051
1.3002,17.3021,17.3021,2,34.6042,34.9614,24.1526,2.2036,0.273333
1.3004,19.2344,19.2344,1.32346,25.456,34.9614,24.0922,1.32346,0.215395
1.3006,18.0672,18.0672,2,36.1345,34.9614,24.1528,2.20998,0.270981
1.3008,16.484,16.484,1.71521,28.2735,34.9614,24.1194,1.71521,0.277025
1.301,19.0198,19.0198,1.68805,32.1064,34.9614,24.1169,1.68805,0.264332
1.3012,17.3244,17.3244,2,34.6489,34.9614,24.1459,2.10491,0.273333
1.3014,17.3382,17.3382,1.64648,28.5471,34.9614,24.1145,1.64648,0.273333
1.3016,6.83518,6.83518,2,13.6704,34.9614,24.2115,3.20937,0.566667
1.3018,14.8869,14.8869,0.0139788,0.2081,34.9614,24.0034,0.0139788,0.416667
1.302,20.7099,20.7099,1.53166,31.7206,34.9614,24.1057,1.53166,0.266667
1.3022,20.9355,20.9355,1.08069,22.6249,34.9614,24.0754,1.08069,0.116667
1.3024,17.9183,17.9183,2,35.8367,34.9614,24.1601,2.31557,0.273333
1.3026,10.7041,10.7041,2,21.4083,34.9614,24.1527,2.20958,0.416667
1.3028,20.8539,20.8539,0.408591,8.5207,34.9614,24.0289,0.408591,0.272594
1.303,19.2533,19.2533,2,38.5067,34.9614,24.148,2.14384,0.268676
1.3032,16.3475,16.3475,1.88006,30.7343,34.9614,24.1308,1.88006,0.266667
1.3034,18.4628,18.4628,1.6183,29.8783,34.9614,24.1122,1.6183,0.273333
1.3036,18.0131,18.0131,2,36.0263,34.9614,24.141,2.0364,0.266667
1.3038,18.6237,18.6237,1.60617,29.9128,34.9614,24.1117,1.60617,0.231739
1.304,17.8048,17.8048,2,35.6095,34.9614,24.1442,2.08223,0.270999
1.3042,14.25,14.25,2,28.5001,34.9614,24.1413,2.04001,0.34563
1.3044,19.36,19.36,1.15487,22.3584,34.9614,24.0803,1.15487,0.273333
1.3046,20.1984,20.1984,1.60915,32.5022,34.9614,24.1116,1.60915,0.19395
1.3048,18.4722,18.4722,1.97423,36.4685,34.9614,24.137,1.97423,0.230039
1.305,17.0914,17.0914,1.88375,32.1959,34.9614,24.1309,1.88375,0.269913
1.3052,17.9552,17.9552,1.74491,31.3303,34.9614,24.121,1.74491,0.274769
1.3054,17.8055,17.8055,1.94627,34.6542,34.9614,24.1349,1.94627,0.273333
1.3056,18.2589,18.2589,1.71422,31.2997,34.9614,24.119,1.71422,0.250716
1.3058,16.0409,16.0409,2,32.0819,34.9614,24.1528,2.20938,0.316954
1.306,17.8515,17.8515,1.36611,24.3872,34.9614,24.0952,1.36611,0.274334
1.3062,19.539,19.539,1.84,35.9519,34.9614,24.1274,1.84,0.238145
1.3064,16.6927,16.6927,2,33.3854,34.9614,24.1454,2.09516,0.273333
1.3066,17.1938,17.1938,1.60951,27.6737,34.9614,24.1119,1.60951,0.288005
1.3068,20.347,20.347,1.44608,29.4234,34.9614,24.1004,1.44608,0.201512
1.307,17.5091,17.5091,2,35.0183,34.9614,24.1547,2.23396,0.26731
1.3072,16.5757,16.5757,1.62619,26.9551,34.9614,24.1133,1.62619,0.281235
1.3074,18.8366,18.8366,1.79332,33.7802,34.9614,24.1241,1.79332,0.273333
1.3076,17.189,17.189,2,34.3781,34.9614,24.1414,2.03757,0.27338
1.3078,20.1273,20.1273,1.28265,25.8162,34.9614,24.0893,1.28265,0.194872
1.308,17.7839,17.7839,2,35.5677,34.9614,24.1571,2.27197,0.271886
1.3082,16.4806,16.4806,1.63141,26.8866,34.9614,24.1137,1.63141,0.27746
1.3084,18.8792,18.8792,1.77695,33.5474,34.9614,24.1229,1.77695,0.273333
1.3086,18.1891,18.1891,1.91166,34.7713,34.9614,24.1326,1.91166,0.245781
1.3088,15.3748,15.3748,2,30.7496,34.9614,24.1463,2.11237,0.322178
1.309,18.4442,18.4442,1.32045,24.3547,34.9614,24.0919,1.32045,0.275912
1.3092,18.5317,18.5317,2,37.0634,34.9614,24.1465,2.11906,0.26789
1.3094,16.5692,16.5692,1.82226,30.1934,34.9614,24.1268,1.82226,0.273333
1.3096,19.485,19.485,1.53093,29.8302,34.9614,24.1062,1.53093,0.2417
1.3098,15.5697,15.5697,2,31.1395,34.9614,24.1706,2.4712,0.323219
1.31,17.3581,17.3581,1.12581,19.5419,34.9614,24.0789,1.12581,0.277637
1.3102,19.391,19.391,1.98518,38.4945,34.9614,24.1371,1.98518,0.263563
1.3104,16.4135,16.4135,2,32.8269,34.9614,24.1396,2.00855,0.273333
1.3106,17.6618,17.6618,1.60751,28.3915,34.9614,24.1116,1.60751,0.286145
1.3108,20.6279,20.6279,1.3113,27.0493,34.9614,24.0912,1.3113,0.175187
1.311,17.5465,17.5465,2,35.093,34.9614,24.1588,2.29546,0.272303
1.3112,16.5353,16.5353,1.58225,26.1631,34.9614,24.1103,1.58225,0.278108
1.3114,18.9317,18.9317,1.80685,34.2068,34.9614,24.125,1.80685,0.273333
1.3116,17.1106,17.1106,2,34.2213,34.9614,24.1416,2.04111,0.273333
1.3118,5.93004,5.93004,2,11.8601,34.9614,24.1926,2.91013,0.566667
1.312,15.9009,15.9009,0.0644245,1.02441,34.9614,24.0066,0.0644245,0.416667
1.3122,20.5517,20.5517,1.63258,33.5522,34.9614,24.1127,1.63258,0.266667
1.3124,20.8871,20.8871,1.10069,22.9903,34.9614,24.0768,1.10069,0.116667
1.3126,17.8922,17.8922,2,35.7844,34.9614,24.1601,2.31344,0.273333
1.3128,10.7183,10.7183,2,21.4366,34.9614,24.1523,2.20516,0.416667
1.313,18.663,18.663,0.7184,13.4075,34.9614,24.0503,0.7184,0.341249
1.3132,18.9869,18.9869,2,37.9738,34.9614,24.1529,2.21666,0.279649
1.3134,16.3059,16.3059,1.80364,29.4099,34.9614,24.1256,1.80364,0.266667
1.3136,18.6508,18.6508,1.65364,30.8417,34.9614,24.1146,1.65364,0.273333
1.3138,15.7071,15.7071,2,31.4141,34.9614,24.1609,2.32447,0.323656
1.314,18.5155,18.5155,1.15297,21.3479,34.9614,24.0805,1.15297,0.255091
1.3142,18.4564,18.4564,2,36.9128,34.9614,24.153,2.21578,0.278074
1.3144,13.383,13.383,2,26.7659,34.9614,24.1439,2.07054,0.347803
1.3146,19.7747,19.7747,0.982269,19.4241,34.9614,24.0684,0.982269,0.273333
1.3148,19.1438,19.1438,2,38.2876,34.9614,24.1424,2.05936,0.24723
1.315,14.1178,14.1178,2,28.2357,34.9614,24.1518,2.18567,0.329256
1.3152,19.0478,19.0478,1.05137,20.0263,34.9614,24.0733,1.05137,0.275567
1.3154,15.9454,15.9454,2,31.8908,34.9614,24.1877,2.72566,0.350139
1.3156,16.6495,16.6495,1.00407,16.7173,34.9614,24.0708,1.00407,0.273333
1.3158,20.4945,20.4945,1.53656,31.491,34.9614,24.1064,1.53656,0.222122
1.316,15.0763,15.0763,2,30.1526,34.9614,24.1754,2.53418,0.324115
1.3162,17.6264,17.6264,0.987968,17.4143,34.9614,24.0694,0.987968,0.27506
1.3164,20.5879,20.5879,1.45617,29.9794,34.9614,24.101,1.45617,0.200139
1.3166,17.1712,17.1712,2,34.3424,34.9614,24.1582,2.28304,0.273333
1.3168,14.3056,14.3056,1.78902,25.593,34.9614,24.1245,1.78902,0.341234
1.317,19.6997,19.6997,1.32815,26.1641,34.9614,24.092,1.32815,0.276194
1.3172,17.6702,17.6702,2,35.3403,34.9614,24.1577,2.27699,0.27674
1.3174,19.7517,19.7517,1.21653,24.0285,34.9614,24.0849,1.21653,0.188412
1.3176,17.9901,17.9901,2,35.9801,34.9614,24.1568,2.26779,0.273333
1.3178,16.6696,16.6696,1.63389,27.2362,34.9614,24.1139,1.63389,0.269357
1.318,18.6434,18.6434,1.82463,34.0173,34.9614,24.1263,1.82463,0.277074
1.3182,17.0846,17.0846,2,34.1692,34.9614,24.1401,2.01976,0.27706
1.3184,17.6207,17.6207,1.66776,29.3871,34.9614,24.1159,1.66776,0.275325
1.3186,18.1659,18.1659,1.93323,35.1188,34.9614,24.1339,1.93323,0.273333
1.3188,19.7536,19.7536,1.49044,29.4415,34.9614,24.1036,1.49044,0.197533
1.319,13.3345,13.3345,2,26.669,34.9614,24.191,2.77917,0.37938
1.3192,18.1052,18.1052,0.524807,9.50172,34.9614,24.0376,0.524807,0.275865
1.3194,18.4406,18.4406,2,36.8812,34.9614,24.1689,2.45747,0.317836
1.3196,15.7611,15.7611,1.59959,25.2113,34.9614,24.1118,1.59959,0.273333
1.3198,20.1983,20.1983,1.46389,29.568,34.9614,24.1014,1.46389,0.238255
1.32,17.2481,17.2481,2,34.4962,34.9614,24.1574,2.27097,0.274674
1.3202,16.7828,16.7828,1.54762,25.9735,34.9614,24.1079,1.54762,0.278215
1.3204,19.3183,19.3183,1.77354,34.2619,34.9614,24.1228,1.77354,0.257845
1.3206,16.9863,16.9863,2,33.9726,34.9614,24.1457,2.10061,0.273333
1.3208,16.1862,16.1862,1.74268,28.2074,34.9614,24.121,1.74268,0.308763
1.321,16.2215,16.2215,1.98505,32.2004,34.9614,24.1371,1.98505,0.344012
1.3212,18.0525,18.0525,1.56531,28.2577,34.9614,24.1087,1.56531,0.280321
1.3214,17.9453,17.9453,2,35.8906,34.9614,24.143,2.06685,0.278273
1.3216,17.056,17.056,1.76617,30.1238,34.9614,24.1228,1.76617,0.273333
1.3218,18.2862,18.2862,1.79987,32.9129,34.9614,24.1247,1.79987,0.273333
1.322,5.84762,5.84762,2,11.6952,34.9614,24.215,3.26071,0.566667
1.3222,14.664,14.664,0.00721672,0.105826,34.9614,24.0031,0.00721672,0.416667
1.3224,20.7433,20.7433,1.50879,31.2973,34.9614,24.1041,1.50879,0.266667
1.3226,20.9477,20.9477,1.07488,22.5162,34.9614,24.075,1.07488,0.116667
1.3228,17.925,17.925,2,35.8499,34.9614,24.1602,2.31547,0.273333
1.323,5.4748,5.4748,2,10.9496,34.9614,24.1852,2.77387,0.547058
1.3232,18.0178,18.0178,0.0224586,0.404655,34.9614,24.0033,0.0224586,0.297637
1.3234,20.1386,20.1386,1.85538,37.3646,34.9614,24.128,1.85538,0.269338
1.3236,16.639,16.639,2,33.278,34.9614,24.1462,2.10542,0.266667
1.3238,17.7689,17.7689,1.52949,27.1774,34.9614,24.1064,1.52949,0.273333
1.324,10.0197,10.0197,2,20.0395,34.9614,24.2033,3.00557,0.488157
1.3242,19.9246,19.9246,0.0401603,0.800179,34.9614,24.004,0.0401603,0.229234
1.3244,19.751,19.751,2,39.502,34.9614,24.1394,2.02119,0.273699
1.3246,13.2829,13.2829,2,26.5657,34.9614,24.1629,2.34907,0.344769
1.3248,19.2594,19.2594,0.788832,15.1924,34.9614,24.0553,0.788832,0.273333
1.325,16.8782,16.8782,2,33.7563,34.9614,24.1851,2.69462,0.338157
1.3252,15.054,15.054,1.29476,19.4914,34.9614,24.0909,1.29476,0.300289
1.3254,19.9634,19.9634,1.68289,33.5961,34.9614,24.1162,1.68289,0.27572
1.3256,18.4932,18.4932,1.93309,35.7489,34.9614,24.1342,1.93309,0.227727
1.3258,17.0504,17.0504,1.92357,32.7976,34.9614,24.1335,1.92357,0.273333
1.326,20.3428,20.3428,1.28622,26.1654,34.9614,24.0895,1.28622,0.192855
1.3262,16.4876,16.4876,2,32.9752,34.9614,24.1726,2.4954,0.305734
1.3264,16.8913,16.8913,1.25095,21.1301,34.9614,24.0876,1.25095,0.273367
1.3266,19.8182,19.8182,1.793,35.5342,34.9614,24.124,1.793,0.247758
1.3268,16.6797,16.6797,2,33.3594,34.9614,24.1484,2.13833,0.273333
1.327,14.9248,14.9248,1.80909,27.0004,34.9614,24.1255,1.80909,0.342855
1.3272,19.8762,19.8762,1.3367,26.5685,34.9614,24.0927,1.3367,0.257958
1.3274,17.7347,17.7347,2,35.4694,34.9614,24.1564,2.25914,0.272561
1.3276,17.2677,17.2677,1.55611,26.8705,34.9614,24.1085,1.55611,0.25915
1.3278,18.5764,18.5764,1.93226,35.8944,34.9614,24.1337,1.93226,0.273333
1.328,14.4593,14.4593,2,28.9185,34.9614,24.1537,2.22205,0.337888
1.3282,19.3023,19.3023,1.02191,19.7253,34.9614,24.0713,1.02191,0.260147
1.3284,18.5209,18.5209,2,37.0418,34.9614,24.1545,2.23679,0.272804
1.3286,17.6561,17.6561,1.59993,28.2485,34.9614,24.1115,1.59993,0.237678
1.3288,18.2738,18.2738,1.96987,35.9971,34.9614,24.1363,1.96987,0.273333
1.329,18.7165,18.7165,1.66208,31.1082,34.9614,24.1155,1.66208,0.228692
1.3292,17.0634,17.0634,2,34.1268,34.9614,24.1492,2.15233,0.286753
1.3294,17.4123,17.4123,1.57074,27.3501,34.9614,24.1093,1.57074,0.273037
1.3296,19.6141,19.6141,1.71273,33.5938,34.9614,24.1187,1.71273,0.23361
1.3298,16.9591,16.9591,2,33.9181,34.9614,24.1492,2.15273,0.273333
1.33,20.1007,20.1007,1.18828,23.8852,34.9614,24.0828,1.18828,0.19456
1.3302,19.2379,19.2379,1.95911,37.6892,34.9614,24.1357,1.95911,0.228819
1.3304,16.5395,16.5395,2,33.0791,34.9614,24.1396,2.00766,0.27363
1.3306,19.7364,19.7364,1.338,26.4074,34.9614,24.093,1.338,0.223333
1.3308,17.7588,17.7588,2,35.5177,34.9614,24.1559,2.25407,0.273333
1.331,16.0753,16.0753,1.68753,27.1276,34.9614,24.1175,1.68753,0.289006
1.3312,20.212,20.212,1.421,28.7213,34.9614,24.0985,1.421,0.227732
1.3314,17.4288,17.4288,2,34.8575,34.9614,24.1567,2.26371,0.272516
1.3316,17.335,17.335,1.51017,26.1788,34.9614,24.1053,1.51017,0.26171
1.3318,18.6142,18.6142,1.96201,36.5212,34.9614,24.1357,1.96201,0.273333
1.332,16.8978,16.8978,1.92522,32.532,34.9614,24.1338,1.92522,0.273333
1.3322,6.39074,6.39074,2,12.7815,34.9614,24.1944,2.95223,0.566667
1.3324,15.7986,15.7986,0.0581023,0.917934,34.9614,24.0062,0.0581023,0.416667
1.3326,20.5755,20.5755,1.61836,33.2987,34.9614,24.1116,1.61836,0.266667
1.3328,20.895,20.895,1.0974,22.9302,34.9614,24.0766,1.0974,0.116667
1.333,17.897,17.897,2,35.794,34.9614,24.16,2.31433,0.273333
1.3332,7.02886,7.02886,2,14.0577,34.9614,24.1762,2.60323,0.508838
1.3334,19.0303,19.0303,0.117179,2.22995,34.9614,24.0094,0.117179,0.31093
1.3336,19.9059,19.9059,1.94777,38.7722,34.9614,24.1344,1.94777,0.267559
1.3338,19.0657,19.0657,1.6712,31.8625,34.9614,24.1163,1.6712,0.194915
1.334,17.357,17.357,2,34.7141,34.9614,24.1466,2.11423,0.273333
1.3342,13.9087,13.9087,2,27.8174,34.9614,24.139,2.00456,0.358839
1.3344,21.0143,21.0143,0.810995,17.0425,34.9614,24.0565,0.810995,0.214708
1.3346,18.3862,18.3862,2,36.7724,34.9614,24.1592,2.30209,0.275035
1.3348,13.3216,13.3216,1.99071,26.5195,34.9614,24.1385,1.99071,0.344915
1.335,19.9519,19.9519,1.02062,20.3633,34.9614,24.0709,1.02062,0.273333
1.3352,19.9342,19.9342,1.74686,34.8224,34.9614,24.1211,1.74686,0.208839
1.3354,13.1466,13.1466,2,26.2931,34.9614,24.1798,2.60308,0.364708
1.3356,18.5968,18.5968,0.614433,11.4265,34.9614,24.0436,0.614433,0.277295
1.3358,20.7313,20.7313,1.38157,28.6417,34.9614,24.0958,1.38157,0.194915
1.336,17.3095,17.3095,2,34.6191,34.9614,24.159,2.29735,0.273333
1.3362,20.6541,20.6541,0.969377,20.0216,34.9614,24.0677,0.969377,0.156587
1.3364,16.2938,16.2938,2,32.5876,34.9614,24.1849,2.6834,0.329246
1.3366,16.4868,16.4868,1.09742,18.0929,34.9614,24.0772,1.09742,0.274456
1.3368,20.0918,20.0918,1.73542,34.8677,34.9614,24.12,1.73542,0.247042
1.337,16.6968,16.6968,2,33.3935,34.9614,24.1514,2.18163,0.273333
1.3372,16.2449,16.2449,1.63022,26.4827,34.9614,24.1134,1.63022,0.306588
1.3374,19.5774,19.5774,1.63022,31.9155,34.9614,24.1129,1.63022,0.253921
1.3376,17.1658,17.1658,2,34.3316,34.9614,24.1511,2.1813,0.273904
1.3378,18.4288,18.4288,1.4394,26.5265,34.9614,24.1003,1.4394,0.242356
1.338,18.1555,18.1555,2,36.3109,34.9614,24.1471,2.12652,0.273333
1.3382,19.0574,19.0574,1.48034,28.2115,34.9614,24.1031,1.48034,0.210931
1.3384,16.9737,16.9737,2,33.9474,34.9614,24.1592,2.30158,0.295297
1.3386,16.9494,16.9494,1.47301,24.9667,34.9614,24.1027,1.47301,0.276683
1.3388,19.306,19.306,1.83182,35.3651,34.9614,24.1267,1.83182,0.25879
1.339,16.8484,16.8484,2,33.6968,34.9614,24.1439,2.07441,0.273333
1.3392,20.0577,20.0577,1.24822,25.0364,34.9614,24.0869,1.24822,0.202376
1.3394,16.8179,16.8179,2,33.6359,34.9614,24.17,2.46235,0.302203
1.3396,16.6626,16.6626,1.3405,22.3361,34.9614,24.0938,1.3405,0.275791
1.3398,19.5904,19.5904,1.82474,35.7475,34.9614,24.1262,1.82474,0.259
1.34,16.7102,16.7102,2,33.4205,34.9614,24.1461,2.10654,0.273333
1.3402,15.7782,15.7782,1.74982,27.609,34.9614,24.1215,1.74982,0.323083
1.3404,18.5768,18.5768,1.66321,30.8972,34.9614,24.1151,1.66321,0.287712
1.3406,17.535,17.535,2,35.07,34.9614,24.1439,2.0777,0.275765
1.3408,17.4665,17.4665,1.67319,29.2248,34.9614,24.1164,1.67319,0.268477
1.341,18.2413,18.2413,1.90873,34.8178,34.9614,24.1323,1.90873,0.273333
1.3412,20.3028,20.3028,1.34713,27.3504,34.9614,24.0937,1.34713,0.173083
1.3414,17.9468,17.9468,2,35.8935,34.9614,24.1528,2.20641,0.26106
1.3416,16.7097,16.7097,1.68018,28.0753,34.9614,24.117,1.68018,0.273302
1.3418,20.8081,20.8081,1.18935,24.7482,34.9614,24.0827,1.18935,0.179712
1.342,17.7258,17.7258,2,35.4517,34.9614,24.16,2.31205,0.273333
1.3422,16.5691,16.5691,1.57908,26.1639,34.9614,24.1101,1.57908,0.273333
1.3424,7.53916,7.53916,2,15.0783,34.9614,24.2059,3.12271,0.566667
1.3426,15.1208,15.1208,0.0210717,0.31862,34.9614,24.0039,0.0210717,0.416667
1.3428,20.675,20.675,1.55506,32.1509,34.9614,24.1073,1.55506,0.266667
1.343,20.9241,20.9241,1.08589,22.7213,34.9614,24.0758,1.08589,0.116667
1.3432,17.9142,17.9142,2,35.8284,34.9614,24.1599,2.31355,0.273333
1.3434,10.7053,10.7053,2,21.4106,34.9614,24.1525,2.20841,0.416667
1.3436,20.9889,20.9889,0.380488,7.98604,34.9614,24.0269,0.380488,0.266667
1.3438,19.1083,19.1083,2,38.2167,34.9614,24.152,2.20115,0.275638
1.344,16.367,16.367,1.81738,29.7451,34.9614,24.1266,1.81738,0.264451
1.3442,18.5882,18.5882,1.65834,30.8255,34.9614,24.1149,1.65834,0.273333
1.3444,17.1092,17.1092,2,34.2184,34.9614,24.1481,2.13956,0.287266
1.3446,15.1022,15.1022,1.83092,27.651,34.9614,24.1271,1.83092,0.330894
1.3448,19.0796,19.0796,1.46299,27.9132,34.9614,24.1014,1.46299,0.279872
1.345,14.8047,14.8047,2,29.6094,34.9614,24.1795,2.6009,0.35267
1.3452,17.6989,17.6989,0.890825,15.7666,34.9614,24.0628,0.890825,0.273333
1.3454,20.6071,20.6071,1.45594,30.0027,34.9614,24.101,1.45594,0.201781
1.3456,16.4493,16.4493,2,32.8986,34.9614,24.1657,2.39383,0.293266
1.3458,16.8816,16.8816,1.34162,22.6486,34.9614,24.0938,1.34162,0.280799
1.346,14.9352,14.9352,2,29.8703,34.9614,24.1753,2.55309,0.391
1.3462,17.741,17.741,0.943365,16.7363,34.9614,24.0664,0.943365,0.273333
1.3464,16.8133,16.8133,2,33.6267,34.9614,24.1822,2.65014,0.351781
1.3466,17.0339,17.0339,1.12875,19.227,34.9614,24.0794,1.12875,0.254427
1.3468,19.3056,19.3056,2,38.6113,34.9614,24.1389,2.01208,0.272732
1.347,17.6274,17.6274,1.83635,32.3702,34.9614,24.1278,1.83635,0.241
1.3472,17.7981,17.7981,1.8492,32.9124,34.9614,24.1282,1.8492,0.273333
1.3474,17.981,17.981,1.82736,32.8577,34.9614,24.1268,1.82736,0.264854
1.3476,17.634,17.634,1.90413,33.5773,34.9614,24.132,1.90413,0.272322
1.3478,17.356,17.356,1.84595,32.0384,34.9614,24.1282,1.84595,0.280676
1.348,19.7377,19.7377,1.51223,29.848,34.9614,24.105,1.51223,0.217064
1.3482,17.3669,17.3669,2,34.7338,34.9614,24.1542,2.2259,0.273333
1.3484,18.5694,18.5694,1.39999,25.9969,34.9614,24.0976,1.39999,0.232318
1.3486,17.848,17.848,2,35.6959,34.9614,24.1526,2.20752,0.282733
1.3488,16.8413,16.8413,1.65522,27.876,34.9614,24.1153,1.65522,0.271188
1.349,18.3822,18.3822,1.86009,34.1924,34.9614,24.1287,1.86009,0.280718
1.3492,17.2921,17.2921,1.94949,33.7108,34.9614,24.1352,1.94949,0.273333
1.3494,18.4243,18.4243,1.64872,30.3767,34.9614,24.1145,1.64872,0.254645
1.3496,17.3333,17.3333,2,34.6665,34.9614,24.1463,2.11135,0.284511
1.3498,16.9165,16.9165,1.68745,28.5458,34.9614,24.1173,1.68745,0.283827
1.35,17.6444,17.6444,1.9372,34.1809,34.9614,24.1342,1.9372,0.298316
1.3502,17.5464,17.5464,1.79642,31.5207,34.9614,24.1247,1.79642,0.273333
1.3504,18.4228,18.4228,1.79156,33.0056,34.9614,24.1242,1.79156,0.259325
1.3506,17.782,17.782,1.93975,34.4927,34.9614,24.1345,1.93975,0.263439
1.3508,17.1295,17.1295,1.85716,31.8121,34.9614,24.1289,1.85716,0.281827
1.351,17.412,17.412,1.83715,31.9885,34.9614,24.1273,1.83715,0.290595
1.3512,17.9222,17.9222,1.8168,32.5611,34.9614,24.126,1.8168,0.273333
1.3514,18.8081,18.8081,1.74223,32.7679,34.9614,24.1209,1.74223,0.240264
1.3516,16.7704,16.7704,2,33.5409,34.9614,24.1476,2.13069,0.288008
1.3518,17.6505,17.6505,1.53474,27.0889,34.9614,24.1068,1.53474,0.272607
1.352,19.3851,19.3851,1.79859,34.8659,34.9614,24.1246,1.79859,0.240185
1.3522,16.8866,16.8866,2,33.7732,34.9614,24.1455,2.09885,0.273333
1.3524,17.6323,17.6323,1.57496,27.7701,34.9614,24.1095,1.57496,0.273333
1.3526,6.83609,6.83609,2,13.6722,34.9614,24.2181,3.30871,0.566667
1.3528,14.5304,14.5304,0.00315994,0.0459154,34.9614,24.0028,0.00315994,0.416667
1.353,20.7634,20.7634,1.49468,31.0347,34.9614,24.1032,1.49468,0.266667
1.3532,20.9544,20.9544,1.07183,22.4595,34.9614,24.0748,1.07183,0.116667
1.3534,17.9385,17.9385,2,35.877,34.9614,24.1599,2.31351,0.273333
1.3536,10.691,10.691,2,21.382,34.9614,24.153,2.21503,0.416667
1.3538,20.284,20.284,0.502319,10.1891,34.9614,24.0354,0.502319,0.293845
1.354,19.0522,19.0522,2,38.1044,34.9614,24.1522,2.20534,0.274575
1.3542,19.712,19.712,1.35904,26.7893,34.9614,24.0948,1.35904,0.17056
1.3544,17.7335,17.7335,2,35.467,34.9614,24.1557,2.25105,0.273333
1.3546,14.9396,14.9396,1.81144,27.0622,34.9614,24.126,1.81144,0.317923
1.3548,20.8839,20.8839,1.04507,21.8252,34.9614,24.0727,1.04507,0.20842
1.355,17.868,17.868,2,35.7361,34.9614,24.1619,2.34277,0.277501
1.3552,14.5247,14.5247,1.78045,25.8604,34.9614,24.1241,1.78045,0.32056
1.3554,19.6871,19.6871,1.35736,26.7225,34.9614,24.0941,1.35736,0.273333
1.3556,17.9621,17.9621,2,35.9242,34.9614,24.1528,2.20658,0.266696
1.3558,13.3028,13.3028,2,26.6056,34.9614,24.1414,2.04023,0.35842
1.356,19.8097,19.8097,0.995922,19.7289,34.9614,24.0693,0.995922,0.275478
1.3562,17.0998,17.0998,2,34.1996,34.9614,24.1756,2.54398,0.312855
1.3564,16.3704,16.3704,1.32315,21.6604,34.9614,24.0927,1.32315,0.273333
1.3566,20.0555,20.0555,1.67245,33.5417,34.9614,24.1157,1.67245,0.243388
1.3568,19.0656,19.0656,1.81643,34.6314,34.9614,24.1261,1.81643,0.20842
1.357,17.0314,17.0314,2,34.0629,34.9614,24.1425,2.05215,0.272721
1.3572,17.4416,17.4416,1.65246,28.8217,34.9614,24.1148,1.65246,0.278843
1.3574,18.2867,18.2867,1.91799,35.0736,34.9614,24.1328,1.91799,0.273333
1.3576,16.3778,16.3778,1.99848,32.7307,34.9614,24.1387,1.99848,0.294649
1.3578,20.5952,20.5952,1.12403,23.1496,34.9614,24.0782,1.12403,0.189896
1.358,17.9083,17.9083,2,35.8166,34.9614,24.1595,2.30709,0.2736
1.3582,16.9715,16.9715,1.55786,26.4392,34.9614,24.1087,1.55786,0.260587
1.3584,18.7358,18.7358,1.88732,35.3605,34.9614,24.1306,1.88732,0.273333
1.3586,18.0289,18.0289,1.85046,33.3618,34.9614,24.1285,1.85046,0.246252
1.3588,19.2872,19.2872,1.63677,31.5687,34.9614,24.1137,1.63677,0.221223
1.359,17.2815,17.2815,2,34.5629,34.9614,24.1494,2.15457,0.274313
1.3592,16.4161,16.4161,1.69703,27.8586,34.9614,24.118,1.69703,0.294555
1.3594,18.8025,18.8025,1.73196,32.5651,34.9614,24.1199,1.73196,0.273333
1.3596,18.1168,18.1168,1.95071,35.3406,34.9614,24.1354,1.95071,0.251968
1.3598,15.6124,15.6124,2,31.2248,34.9614,24.1417,2.04462,0.31501
1.36,18.5072,18.5072,1.39628,25.8412,34.9614,24.0971,1.39628,0.274471
1.3602,18.0811,18.0811,2,36.1622,34.9614,24.1499,2.16871,0.276837
1.3604,16.7166,16.7166,1.72621,28.8564,34.9614,24.1202,1.72621,0.273333
1.3606,18.6447,18.6447,1.75323,32.6884,34.9614,24.1214,1.75323,0.27097
1.3608,15.9779,15.9779,2,31.9558,34.9614,24.1529,2.20958,0.3102
1.361,17.9557,17.9557,1.35033,24.2461,34.9614,24.0941,1.35033,0.272975
1.3612,18.8703,18.8703,2,37.7406,34.9614,24.1401,2.02521,0.262492
1.3614,16.596,16.596,1.92646,31.9714,34.9614,24.1338,1.92646,0.273333
1.3616,17.8758,17.8758,1.6747,29.9365,34.9614,24.1162,1.6747,0.282415
1.3618,19.5214,19.5214,1.69277,33.0452,34.9614,24.1174,1.69277,0.224193
1.362,17.0513,17.0513,2,34.1026,34.9614,24.1495,2.15466,0.273625
1.3622,17.3474,17.3474,1.57385,27.3022,34.9614,24.1095,1.57385,0.27453
1.3624,18.4986,18.4986,1.93454,35.7863,34.9614,24.134,1.93454,0.273333
1.3626,17.034,17.034,1.92575,32.8033,34.9614,24.1337,1.92575,0.273333
1.3628,6.30551,6.30551,2,12.611,34.9614,24.1964,2.97214,0.566667
1.363,15.7196,15.7196,0.0532045,0.836351,34.9614,24.0059,0.0532045,0.416667
1.3632,20.5879,20.5879,1.61106,33.1683,34.9614,24.1112,1.61106,0.266667
1.3634,20.8982,20.8982,1.09645,22.9138,34.9614,24.0765,1.09645,0.116667
1.3636,17.9051,17.9051,2,35.8102,34.9614,24.1598,2.31136,0.273333
1.3638,10.7022,10.7022,2,21.4045,34.9614,24.1522,2.21015,0.416667
1.364,18.3912,18.3912,0.741773,13.6421,34.9614,24.052,0.741773,0.348375
1.3642,19.0683,19.0683,2,38.1367,34.9614,24.1511,2.19055,0.27891
1.3644,18.5458,18.5458,1.56423,29.0098,34.9614,24.109,1.56423,0.208153
1.3646,17.8492,17.8492,2,35.6984,34.9614,24.1454,2.10066,0.273333
1.3648,17.2797,17.2797,1.70353,29.4365,34.9614,24.1185,1.70353,0.266667
1.365,20.3096,20.3096,1.42142,28.8684,34.9614,24.0987,1.42142,0.198375
1.3652,17.0273,17.0273,2,34.0547,34.9614,24.1611,2.32823,0.282496
1.3654,16.3982,16.3982,1.51545,24.8506,34.9614,24.1057,1.51545,0.287936
1.3656,19.1221,19.1221,1.81424,34.6921,34.9614,24.1254,1.81424,0.273333
1.3658,19.4079,19.4079,1.66626,32.3386,34.9614,24.1158,1.66626,0.201
1.366,15.5131,15.5131,2,31.0262,34.9614,24.1639,2.37044,0.316864
1.3662,17.7514,17.7514,1.17522,20.8617,34.9614,24.0822,1.17522,0.275549
1.3664,20.9144,20.9144,1.19904,25.0772,34.9614,24.0834,1.19904,0.167146
1.3666,17.673,17.673,2,35.3459,34.9614,24.1603,2.31534,0.273333
1.3668,16.0952,16.0952,1.6209,26.0887,34.9614,24.1131,1.6209,0.286184
1.367,13.819,13.819,2,27.6381,34.9614,24.1612,2.34863,0.413577
1.3672,18.8197,18.8197,0.898443,16.9084,34.9614,24.0629,0.898443,0.27662
1.3674,18.4417,18.4417,2,36.8834,34.9614,24.1597,2.31513,0.288218
1.3676,16.124,16.124,1.69073,27.2613,34.9614,24.1179,1.69073,0.273333
1.3678,20.9512,20.9512,1.09619,22.9665,34.9614,24.0763,1.09619,0.181
1.368,18.1983,18.1983,2,36.3965,34.9614,24.1555,2.2482,0.263577
1.3682,16.4003,16.4003,1.6993,27.8691,34.9614,24.1184,1.6993,0.274423
1.3684,17.5074,17.5074,1.90036,33.2703,34.9614,24.1316,1.90036,0.3098
1.3686,17.7263,17.7263,1.79644,31.8443,34.9614,24.1247,1.79644,0.273333
1.3688,15.6176,15.6176,2,31.2353,34.9614,24.1484,2.14529,0.331
1.369,15.6008,15.6008,1.62306,25.321,34.9614,24.1127,1.62306,0.342814
1.3692,19.3852,19.3852,1.62878,31.5743,34.9614,24.1127,1.62878,0.272927
1.3694,20.4147,20.4147,1.39446,28.4674,34.9614,24.097,1.39446,0.1598
1.3696,17.3773,17.3773,2,34.7546,34.9614,24.1582,2.28431,0.273333
1.3698,19.5984,19.5984,1.21089,23.7314,34.9614,24.0845,1.21089,0.198284
1.37,18.8837,18.8837,2,37.7673,34.9614,24.143,2.06491,0.246081
1.3702,16.2903,16.2903,1.92518,31.3618,34.9614,24.1338,1.92518,0.278017
1.3704,17.0331,17.0331,1.73937,29.6267,34.9614,24.1206,1.73937,0.3098
1.3706,18.3593,18.3593,1.80944,33.22,34.9614,24.1254,1.80944,0.273333
1.3708,17.8699,17.8699,1.91128,34.1545,34.9614,24.1326,1.91128,0.261146
1.371,19.1951,19.1951,1.60272,30.7644,34.9614,24.1114,1.60272,0.223756
1.3712,17.5512,17.5512,2,35.1024,34.9614,24.148,2.13739,0.270056
1.3714,17.1473,17.1473,1.65951,28.4561,34.9614,24.1156,1.65951,0.272741
1.3716,18.4519,18.4519,1.87085,34.5208,34.9614,24.1295,1.87085,0.273333
1.3718,17.4778,17.4778,1.92159,33.5852,34.9614,24.1333,1.92159,0.266473
1.372,18.3645,18.3645,1.69114,31.057,34.9614,24.1174,1.69114,0.254543
1.3722,17.4437,17.4437,2,34.8875,34.9614,24.1427,2.06051,0.279786
1.3724,21.1477,21.1477,0.866977,18.3345,34.9614,24.0606,0.866977,0.128808
1.3726,18.311,18.311,2,36.622,34.9614,24.1588,2.29898,0.273333
1.3728,16.2383,16.2383,1.68025,27.2844,34.9614,24.1172,1.68025,0.273333
1.373,7.45817,7.45817,2,14.9163,34.9614,24.1972,2.99891,0.566667
1.3732,15.5616,15.5616,0.0435089,0.677069,34.9614,24.0052,0.0435089,0.416667
1.3734,20.6114,20.6114,1.59661,32.9082,34.9614,24.1101,1.59661,0.266667
1.3736,20.9054,20.9054,1.09335,22.8568,34.9614,24.0763,1.09335,0.116667
1.3738,17.9012,17.9012,2,35.8025,34.9614,24.1596,2.31426,0.273333
1.374,10.7092,10.7092,2,21.4184,34.9614,24.1524,2.20645,0.416667
1.3742,20.9909,20.9909,0.382673,8.03267,34.9614,24.0271,0.382673,0.266667
1.3744,19.0533,19.0533,2,38.1065,34.9614,24.1532,2.22047,0.277772
1.3746,19.179,19.179,1.44597,27.7322,34.9614,24.1008,1.44597,0.18778
1.3748,17.7769,17.7769,2,35.5538,34.9614,24.152,2.19485,0.273333
1.375,17.0992,17.0992,1.6323,27.9111,34.9614,24.1137,1.6323,0.266667
1.3752,18.7904,18.7904,1.83078,34.4011,34.9614,24.1268,1.83078,0.265468
1.3754,17.0679,17.0679,2,34.1357,34.9614,24.1403,2.02303,0.274703
1.3756,15.4825,15.4825,1.89488,29.3375,34.9614,24.1316,1.89488,0.329921
1.3758,18.9466,18.9466,1.46226,27.7048,34.9614,24.1014,1.46226,0.273333
1.376,19.7973,19.7973,1.70857,33.8252,34.9614,24.1185,1.70857,0.204948
1.3762,17.1342,17.1342,2,34.2684,34.9614,24.1482,2.13733,0.26703
1.3764,17.3606,17.3606,1.5967,27.7196,34.9614,24.1111,1.5967,0.274115
1.3766,19.962,19.962,1.59626,31.8646,34.9614,24.1107,1.59626,0.21829
1.3768,17.0927,17.0927,2,34.1855,34.9614,24.1536,2.21622,0.273333
1.377,16.1609,16.1609,1.64719,26.6202,34.9614,24.1146,1.64719,0.299893
1.3772,19.2559,19.2559,1.67537,32.2608,34.9614,24.116,1.67537,0.26603
1.3774,17.1727,17.1727,2,34.3454,34.9614,24.1487,2.14451,0.275076
1.3776,19.284,19.284,1.35654,26.1595,34.9614,24.0945,1.35654,0.219717
1.3778,17.9043,17.9043,2,35.8086,34.9614,24.1539,2.22391,0.273333
1.378,19.8734,19.8734,1.25246,24.8907,34.9614,24.0873,1.25246,0.183217
1.3782,17.9913,17.9913,2,35.9825,34.9614,24.1554,2.24755,0.269938
1.3784,16.3858,16.3858,1.68339,27.5837,34.9614,24.1173,1.68339,0.278122
1.3786,20.008,20.008,1.49912,29.9944,34.9614,24.1039,1.49912,0.231407
1.3788,17.3022,17.3022,2,34.6043,34.9614,24.1555,2.24378,0.273333
1.379,18.6174,18.6174,1.37079,25.5204,34.9614,24.0956,1.37079,0.23099
1.3792,18.1295,18.1295,2,36.2589,34.9614,24.1505,2.17439,0.274929
1.3794,16.6163,16.6163,1.7375,28.8709,34.9614,24.1209,1.7375,0.27477
1.3796,19.7484,19.7484,1.54145,30.4411,34.9614,24.1069,1.54145,0.23541
1.3798,17.3107,17.3107,2,34.6213,34.9614,24.1536,2.21888,0.273333
1.38,15.0927,15.0927,1.77986,26.863,34.9614,24.1237,1.77986,0.323198
1.3802,19.8134,19.8134,1.38571,27.4556,34.9614,24.096,1.38571,0.258517
1.3804,17.4827,17.4827,2,34.9655,34.9614,24.1575,2.27684,0.277267
1.3806,19.9081,19.9081,1.17252,23.3427,34.9614,24.0818,1.17252,0.186076
1.3808,18.0338,18.0338,2,36.0677,34.9614,24.1572,2.27339,0.273333
1.381,19.5877,19.5877,1.27296,24.9344,34.9614,24.0888,1.27296,0.187956
1.3812,17.4744,17.4744,2,34.9488,34.9614,24.1619,2.344,0.287408
1.3814,16.6845,16.6845,1.51493,25.2758,34.9614,24.1057,1.51493,0.272437
1.3816,17.4044,17.4044,2,34.8087,34.9614,24.1446,2.09506,0.31903
1.3818,17.3243,17.3243,1.66404,28.8284,34.9614,24.1157,1.66404,0.273333
1.382,15.9286,15.9286,2,31.8572,34.9614,24.1519,2.19745,0.337956
1.3822,17.8838,17.8838,1.36405,24.3944,34.9614,24.095,1.36405,0.276305
1.3824,18.6082,18.6082,2,37.2165,34.9614,24.1434,2.07464,0.271971
1.3826,20.0983,20.0983,1.33299,26.7909,34.9614,24.0929,1.33299,0.16903
1.3828,17.6261,17.6261,2,35.2522,34.9614,24.1575,2.27652,0.273333
1.383,16.7203,16.7203,1.58719,26.5383,34.9614,24.1107,1.58719,0.273333
1.3832,7.39722,7.39722,2,14.7944,34.9614,24.2074,3.14748,0.566667
1.3834,15.0486,15.0486,0.0189108,0.28458,34.9614,24.0037,0.0189108,0.416667
1.3836,20.6848,20.6848,1.54826,32.0256,34.9614,24.1068,1.54826,0.266667
1.3838,20.9276,20.9276,1.0844,22.6939,34.9614,24.0757,1.0844,0.116667
1.384,17.9131,17.9131,2,35.8261,34.9614,24.1602,2.31747,0.273333
1.3842,10.6873,10.6873,2,21.3747,34.9614,24.1525,2.20699,0.416667
1.3844,18.4276,18.4276,0.738412,13.6071,34.9614,24.0517,0.738412,0.347608
1.3846,19.3164,19.3164,2,38.6328,34.9614,24.1452,2.10284,0.268092
1.3848,16.4098,16.4098,1.91201,31.3757,34.9614,24.133,1.91201,0.266667
1.385,18.3583,18.3583,1.61097,29.5748,34.9614,24.1118,1.61097,0.273333
1.3852,18.0876,18.0876,2,36.1753,34.9614,24.1404,2.0254,0.266667
1.3854,17.2265,17.2265,1.79749,30.9646,34.9614,24.1249,1.79749,0.269505
1.3856,18.2088,18.2088,1.79726,32.726,34.9614,24.1245,1.79726,0.270689
1.3858,14.5748,14.5748,2,29.1497,34.9614,24.1589,2.29823,0.349308
1.386,18.5951,18.5951,1.04931,19.512,34.9614,24.0733,1.04931,0.273333
1.3862,20.4189,20.4189,1.52712,31.1821,34.9614,24.1059,1.52712,0.194993
1.3864,17.1659,17.1659,2,34.3318,34.9614,24.1556,2.24704,0.271075
1.3866,17.1214,17.1214,1.52632,26.1329,34.9614,24.1064,1.52632,0.272572
1.3868,20.4552,20.4552,1.4273,29.1958,34.9614,24.0991,1.4273,0.199308
1.387,17.2939,17.2939,2,34.5877,34.9614,24.1579,2.28066,0.273333
1.3872,14.079,14.079,1.82946,25.757,34.9614,24.1274,1.82946,0.344993
1.3874,16.8687,16.8687,1.62165,27.3551,34.9614,24.112,1.62165,0.356166
1.3876,18.7138,18.7138,1.83787,34.3937,34.9614,24.1272,1.83787,0.272197
1.3878,14.1739,14.1739,2,28.3479,34.9614,24.1623,2.34464,0.349308
1.388,18.7264,18.7264,0.947996,17.7525,34.9614,24.0664,0.947996,0.273333
1.3882,19.1671,19.1671,2,38.3343,34.9614,24.1444,2.08981,0.259798
1.3884,15.8153,15.8153,1.97832,31.2877,34.9614,24.1375,1.97832,0.284981
1.3886,18.5637,18.5637,1.46974,27.2838,34.9614,24.1021,1.46974,0.273532
1.3888,16.3472,16.3472,2,32.6943,34.9614,24.1647,2.38291,0.319852
1.389,17.2746,17.2746,1.30286,22.5063,34.9614,24.091,1.30286,0.273333
1.3892,20.1573,20.1573,1.63581,32.9736,34.9614,24.1133,1.63581,0.221091
1.3894,14.419,14.419,2,28.8379,34.9614,24.1756,2.54333,0.337519
1.3896,18.1202,18.1202,0.858424,15.5548,34.9614,24.0604,0.858424,0.272821
1.3898,19.4707,19.4707,2,38.9415,34.9614,24.1399,2.02419,0.259837
1.39,16.2859,16.2859,1.99752,32.5315,34.9614,24.1389,1.99752,0.273333
1.3902,17.2059,17.2059,1.6554,28.4827,34.9614,24.1149,1.6554,0.300677
1.3904,16.8141,16.8141,2,33.6282,34.9614,24.1444,2.09036,0.317477
1.3906,17.7505,17.7505,1.56385,27.7591,34.9614,24.1087,1.56385,0.272121
1.3908,18.852,18.852,1.89978,35.8147,34.9614,24.1315,1.89978,0.255596
1.391,16.9228,16.9228,1.99112,33.6954,34.9614,24.1382,1.99112,0.273333
1.3912,16.1861,16.1861,1.83705,29.7346,34.9614,24.1273,1.83705,0.316619
1.3914,15.3996,15.3996,1.98893,30.6287,34.9614,24.1373,1.98893,0.358302
1.3916,18.8163,18.8163,1.38738,26.1053,34.9614,24.0964,1.38738,0.272693
1.3918,18.0818,18.0818,2,36.1636,34.9614,24.1503,2.17366,0.272718
1.392,16.7069,16.7069,1.72305,28.7868,34.9614,24.1199,1.72305,0.273333
1.3922,19.1808,19.1808,1.67177,32.0658,34.9614,24.1159,1.67177,0.254693
1.3924,15.4244,15.4244,2,30.8487,34.9614,24.1638,2.37005,0.321931
1.3926,17.8681,17.8681,1.15478,20.6338,34.9614,24.0807,1.15478,0.273802
1.3928,19.0494,19.0494,2,38.0988,34.9614,24.1431,2.07149,0.266923
1.393,16.3951,16.3951,1.92212,31.5133,34.9614,24.1336,1.92212,0.273333
1.3932,18.3453,18.3453,1.60284,29.4046,34.9614,24.1113,1.60284,0.273333
1.3934,6.31401,6.31401,2,12.628,34.9614,24.224,3.39973,0.566667
1.3936,14.1931,14.1931,0,0,34.9614,24.0023,-2.84633e-07,0.416667
1.3938,20.8098,20.8098,1.46176,30.4189,34.9614,24.1009,1.46176,0.266667
1.394,20.9709,20.9709,1.06422,22.3176,34.9614,24.0743,1.06422,0.116667
1.3942,17.9511,17.9511,2,35.9021,34.9614,24.16,2.31525,0.273333
1.3944,10.6697,10.6697,2,21.3393,34.9614,24.1529,2.2127,0.416667
1.3946,20.7267,20.7267,0.428014,8.87131,34.9614,24.0302,0.428014,0.27826
1.3948,19.2627,19.2627,2,38.5253,34.9614,24.1476,2.13803,0.267813
1.395,16.6049,16.6049,1.85693,30.8341,34.9614,24.1293,1.85693,0.260139
1.3952,18.3624,18.3624,1.67405,30.7394,34.9614,24.1161,1.67405,0.273333
1.3954,17.7741,17.7741,2,35.5483,34.9614,24.1405,2.02587,0.271812
1.3956,14.6382,14.6382,2,29.2765,34.9614,24.1419,2.04919,0.339972
1.3958,19.186,19.186,1.20977,23.2106,34.9614,24.0841,1.20977,0.271254
1.396,16.0948,16.0948,2,32.1895,34.9614,24.1799,2.60799,0.333978
1.3962,16.8534,16.8534,1.1101,18.709,34.9614,24.078,1.1101,0.273333
1.3964,20.6923,20.6923,1.38815,28.724,34.9614,24.0963,1.38815,0.201332
1.3966,15.4014,15.4014,2,30.8028,34.9614,24.1786,2.58711,0.324493
1.3968,17.2966,17.2966,1.00738,17.4242,34.9614,24.0709,1.00738,0.274781
1.397,20.7761,20.7761,1.33235,27.681,34.9614,24.0925,1.33235,0.191052
1.3972,17.4161,17.4161,2,34.8321,34.9614,24.1594,2.30357,0.273333
1.3974,14.94,14.94,1.72807,25.8173,34.9614,24.1203,1.72807,0.319585
1.3976,19.2944,19.2944,1.50406,29.0198,34.9614,24.1041,1.50406,0.281844
1.3978,17.5586,17.5586,2,35.1173,34.9614,24.1522,2.19965,0.274301
1.398,14.264,14.264,1.90954,27.2376,34.9614,24.1325,1.90954,0.341052
1.3982,19.6022,19.6022,1.2378,24.2637,34.9614,24.0859,1.2378,0.273333
1.3984,15.9786,15.9786,2,31.9571,34.9614,24.1798,2.60554,0.330331
1.3986,17.9089,17.9089,0.99061,17.7408,34.9614,24.0696,0.99061,0.248817
1.3988,19.2333,19.2333,2,38.4665,34.9614,24.1433,2.07491,0.266905
1.399,17.7457,17.7457,1.76844,31.3821,34.9614,24.1231,1.76844,0.234919
1.3992,17.871,17.871,1.9048,34.0407,34.9614,24.132,1.9048,0.273333
1.3994,20.2992,20.2992,1.34191,27.2397,34.9614,24.0933,1.34191,0.180331
1.3996,15.9632,15.9632,2,31.9265,34.9614,24.1753,2.54053,0.316647
1.3998,17.1331,17.1331,1.1275,19.3176,34.9614,24.0791,1.1275,0.272574
1.4,20.3122,20.3122,1.60694,32.6404,34.9614,24.1113,1.60694,0.22095
1.4002,16.9145,16.9145,2,33.8289,34.9614,24.1549,2.23565,0.273333
1.4004,19.0247,19.0247,1.29106,24.5619,34.9614,24.09,1.29106,0.226287
1.4006,18.8728,18.8728,2,37.7455,34.9614,24.1418,2.0477,0.249193
1.4008,16.4225,16.4225,1.92677,31.6423,34.9614,24.1339,1.92677,0.276417
1.401,19.3332,19.3332,1.46227,28.2705,34.9614,24.1015,1.46227,0.243362
1.4012,17.6607,17.6607,2,35.3214,34.9614,24.1527,2.2059,0.273333
1.4014,16.0788,16.0788,1.72062,27.6655,34.9614,24.1198,1.72062,0.293643
1.4016,19.3079,19.3079,1.60413,30.9725,34.9614,24.1111,1.60413,0.26183
1.4018,17.4709,17.4709,2,34.9419,34.9614,24.1488,2.14917,0.270297
1.402,17.6304,17.6304,1.58812,27.9992,34.9614,24.1105,1.58812,0.26076
1.4022,18.3179,18.3179,1.97118,36.1079,34.9614,24.1364,1.97118,0.273333
1.4024,18.2514,18.2514,1.73034,31.5812,34.9614,24.1202,1.73034,0.241193
1.4026,17.3587,17.3587,2,34.7175,34.9614,24.1409,2.0337,0.281451
1.4028,17.5805,17.5805,1.68468,29.6174,34.9614,24.1171,1.68468,0.270888
1.403,18.2772,18.2772,1.90411,34.8018,34.9614,24.1319,1.90411,0.269703
1.4032,17.2327,17.2327,1.91109,32.9332,34.9614,24.1326,1.91109,0.273333
1.4034,17.8596,17.8596,1.74511,31.167,34.9614,24.1211,1.74511,0.273333
1.4036,6.22954,6.22954,2,12.4591,34.9614,24.2133,3.23296,0.566667
1.4038,14.8003,14.8003,0.0113283,0.167663,34.9614,24.0033,0.0113283,0.416667
1.404,20.7223,20.7223,1.52339,31.5682,34.9614,24.1051,1.52339,0.266667
1.4042,20.9396,20.9396,1.07905,22.5948,34.9614,24.0753,1.07905,0.116667
1.4044,17.9155,17.9155,2,35.8311,34.9614,24.1603,2.31953,0.273333
1.4046,10.6894,10.6894,2,21.3788,34.9614,24.1519,2.20362,0.416667
1.4048,20.7725,20.7725,0.428535,8.90175,34.9614,24.0302,0.428535,0.27659
1.405,19.0461,19.0461,2,38.0922,34.9614,24.1528,2.21492,0.276435
1.4052,16.2747,16.2747,1.81319,29.5092,34.9614,24.1263,1.81319,0.266667
1.4054,18.6489,18.6489,1.64441,30.6664,34.9614,24.114,1.64441,0.273333
1.4056,17.86,17.86,2,35.7201,34.9614,24.1418,2.04708,0.266667
1.4058,14.6584,14.6584,2,29.3168,34.9614,24.1413,2.03549,0.336845
1.406,18.9385,18.9385,1.25507,23.7692,34.9614,24.0872,1.25507,0.278913
1.4062,15.5642,15.5642,2,31.1284,34.9614,24.1828,2.65206,0.348427
1.4064,17.0894,17.0894,0.986875,16.8651,34.9614,24.0695,0.986875,0.273333
1.4066,20.7416,20.7416,1.36489,28.31,34.9614,24.0947,1.36489,0.197716
1.4068,14.5605,14.5605,2,29.1211,34.9614,24.1875,2.71588,0.346794
1.407,17.4025,17.4025,0.788349,13.7192,34.9614,24.0558,0.788349,0.27764
1.4072,19.0951,19.0951,2,38.1901,34.9614,24.1513,2.1953,0.29017
1.4074,16.0527,16.0527,1.85553,29.7863,34.9614,24.1292,1.85553,0.273333
1.4076,19.4674,19.4674,1.46839,28.5858,34.9614,24.1019,1.46839,0.24951
1.4078,12.3451,12.3451,2,24.6902,34.9614,24.1993,2.90436,0.40911
1.408,18.6252,18.6252,0.247121,4.60267,34.9614,24.0185,0.247121,0.270315
1.4082,20.1208,20.1208,1.82001,36.62,34.9614,24.1257,1.82001,0.252324
1.4084,16.4655,16.4655,2,32.931,34.9614,24.1495,2.15484,0.273333
1.4086,16.0226,16.0226,1.65628,26.5379,34.9614,24.1151,1.65628,0.317682
1.4088,15.9804,15.9804,2,31.9608,34.9614,24.1432,2.07376,0.358164
1.409,17.8288,17.8288,1.48715,26.5142,34.9614,24.1034,1.48715,0.284525
1.4092,17.143,17.143,2,34.286,34.9614,24.1541,2.22825,0.308816
1.4094,17.1482,17.1482,1.5384,26.3808,34.9614,24.1072,1.5384,0.273333
1.4096,20.2901,20.2901,1.49737,30.3817,34.9614,24.1039,1.49737,0.207934
1.4098,17.798,17.798,2,35.596,34.9614,24.1495,2.15737,0.256334
1.41,16.7649,16.7649,1.70377,28.5635,34.9614,24.1186,1.70377,0.276829
1.4102,17.4938,17.4938,1.92892,33.7441,34.9614,24.1336,1.92892,0.303672
1.4104,17.6584,17.6584,1.78,31.4319,34.9614,24.1235,1.78,0.273333
1.4106,20.1335,20.1335,1.45678,29.3301,34.9614,24.1012,1.45678,0.19727
1.4108,18.9234,18.9234,1.94618,36.8284,34.9614,24.135,1.94618,0.2248
1.411,16.7801,16.7801,1.97484,33.138,34.9614,24.1371,1.97484,0.273178
1.4112,17.5563,17.5563,1.68592,29.5984,34.9614,24.117,1.68592,0.285009
1.4114,18.1493,18.1493,1.91841,34.8177,34.9614,24.1328,1.91841,0.273333
1.4116,14.3834,14.3834,2,28.7669,34.9614,24.1528,2.20887,0.34727
1.4118,18.8815,18.8815,1.07825,20.3589,34.9614,24.0752,1.07825,0.274401
1.412,18.2943,18.2943,2,36.5887,34.9614,24.1574,2.2801,0.282397
1.4122,16.8935,16.8935,1.62532,27.4574,34.9614,24.1133,1.62532,0.258251
1.4124,18.6564,18.6564,1.84581,34.4362,34.9614,24.1277,1.84581,0.273333
1.4126,19.2688,19.2688,1.67058,32.1901,34.9614,24.116,1.67058,0.211708
1.4128,16.2631,16.2631,2,32.5262,34.9614,24.157,2.26883,0.299068
1.413,17.5371,17.5371,1.36829,23.9958,34.9614,24.0954,1.36829,0.275103
1.4132,18.1666,18.1666,2,36.3332,34.9614,24.1482,2.14543,0.291675
1.4134,16.7161,16.7161,1.75182,29.2836,34.9614,24.1219,1.75182,0.273333
1.4136,18.5144,18.5144,1.75201,32.4374,34.9614,24.1213,1.75201,0.273333
1.4138,5.80753,5.80753,2,11.6151,34.9614,24.2194,3.3288,0.566667
1.414,14.404,14.404,0,0,34.9614,24.0026,-5.70247e-07,0.416667
1.4142,20.7801,20.7801,1.48383,30.8342,34.9614,24.1024,1.48383,0.266667
1.4144,20.96,20.96,1.06941,22.4149,34.9614,24.0746,1.06941,0.116667
1.4146,17.9352,17.9352,2,35.8704,34.9614,24.1601,2.31651,0.273333
1.4148,10.6793,10.6793,2,21.3585,34.9614,24.1528,2.21095,0.416667
1.415,18.2634,18.2634,0.751256,13.7205,34.9614,24.0526,0.751256,0.351862
1.4152,19.1737,19.1737,2,38.3474,34.9614,24.1487,2.15598,0.27582
1.4154,16.367,16.367,1.86239,30.4817,34.9614,24.1296,1.86239,0.266667
1.4156,18.4949,18.4949,1.63127,30.1702,34.9614,24.1131,1.63127,0.273333
1.4158,17.349,17.349,2,34.698,34.9614,24.147,2.12357,0.283929
1.416,19.7675,19.7675,1.30649,25.826,34.9614,24.091,1.30649,0.201862
1.4162,17.6924,17.6924,2,35.3849,34.9614,24.1579,2.28319,0.276679
1.4164,13.7301,13.7301,1.90069,26.0968,34.9614,24.132,1.90069,0.346958
1.4166,19.8959,19.8959,1.14802,22.8409,34.9614,24.0797,1.14802,0.273333
1.4168,20.0081,20.0081,1.68762,33.766,34.9614,24.1171,1.68762,0.198921
1.417,18.3228,18.3228,1.96064,35.9243,34.9614,24.1361,1.96064,0.231931
1.4172,17.0282,17.0282,1.89192,32.2159,34.9614,24.1314,1.89192,0.274798
1.4174,19.6664,19.6664,1.47544,29.0166,34.9614,24.1025,1.47544,0.223138
1.4176,17.4934,17.4934,2,34.9869,34.9614,24.1541,2.22605,0.273333
1.4178,17.6899,17.6899,1.51606,26.8189,34.9614,24.1056,1.51606,0.254061
1.418,18.0461,18.0461,2,36.0922,34.9614,24.143,2.06834,0.284139
1.4182,16.9778,16.9778,1.78358,30.2812,34.9614,24.124,1.78358,0.273523
1.4184,20.4838,20.4838,1.30958,26.8253,34.9614,24.091,1.30958,0.191923
1.4186,17.5546,17.5546,2,35.1092,34.9614,24.1589,2.29675,0.273333
1.4188,16.3733,16.3733,1.59898,26.1807,34.9614,24.1115,1.59898,0.282247
1.419,19.5106,19.5106,1.67521,32.6843,34.9614,24.116,1.67521,0.255541
1.4192,17.0767,17.0767,2,34.1534,34.9614,24.1499,2.16313,0.273985
1.4194,18.0584,18.0584,1.48765,26.8647,34.9614,24.1036,1.48765,0.254925
1.4196,18.2593,18.2593,2,36.5186,34.9614,24.1433,2.06962,0.273333
1.4198,16.6922,16.6922,1.83334,30.6025,34.9614,24.1274,1.83334,0.277399
1.42,19.5305,19.5305,1.52236,29.7326,34.9614,24.1056,1.52236,0.237132
1.4202,17.3539,17.3539,2,34.7079,34.9614,24.1538,2.22112,0.275701
1.4204,15.2154,15.2154,1.76687,26.8835,34.9614,24.1229,1.76687,0.319373
1.4206,19.3408,19.3408,1.48656,28.7512,34.9614,24.103,1.48656,0.273333
1.4208,19.1986,19.1986,1.87527,36.0026,34.9614,24.13,1.87527,0.223096
1.421,17.803,17.803,1.90907,33.9872,34.9614,24.1326,1.90907,0.24624
1.4212,17.4221,17.4221,1.84938,32.22,34.9614,24.1284,1.84938,0.276311
1.4214,19.3663,19.3663,1.58996,30.7917,34.9614,24.1104,1.58996,0.22909
1.4216,17.3708,17.3708,2,34.7415,34.9614,24.1507,2.17482,0.273333
1.4218,17.6273,17.6273,1.55606,27.4291,34.9614,24.1083,1.55606,0.260804
1.422,17.4407,17.4407,2,34.8814,34.9614,24.1468,2.1249,0.299843
1.4222,17.3583,17.3583,1.63739,28.4222,34.9614,24.1139,1.63739,0.269891
1.4224,20.3465,20.3465,1.43662,29.2302,34.9614,24.0997,1.43662,0.197429
1.4226,17.3101,17.3101,2,34.6203,34.9614,24.1576,2.27376,0.273333
1.4228,16.2131,16.2131,1.61232,26.1406,34.9614,24.1123,1.61232,0.291546
1.423,20.3563,20.3563,1.41983,28.9024,34.9614,24.0985,1.41983,0.220495
1.4232,17.2594,17.2594,2,34.5188,34.9614,24.1587,2.29322,0.275691
1.4234,13.9525,13.9525,1.82243,25.4274,34.9614,24.1268,1.82243,0.347429
1.4236,19.9175,19.9175,1.23248,24.548,34.9614,24.0854,1.23248,0.273333
1.4238,17.9099,17.9099,2,35.8197,34.9614,24.1573,2.275,0.273333
1.424,4.79654,4.79654,2,9.59308,34.9614,24.1914,2.88676,0.566667
1.4242,15.7158,15.7158,0.0529666,0.832416,34.9614,24.0058,0.0529666,0.416667
1.4244,20.5877,20.5877,1.61162,33.1795,34.9614,24.1112,1.61162,0.266667
1.4246,20.8989,20.8989,1.09553,22.8954,34.9614,24.0764,1.09553,0.116667
1.4248,17.8981,17.8981,2,35.7961,34.9614,24.1602,2.31434,0.273333
1.425,8.38764,8.38764,2,16.7753,34.9614,24.1673,2.45532,0.474712
1.4252,20.2078,20.2078,0.191772,3.87528,34.9614,24.0142,0.191772,0.284546
1.4254,19.3858,19.3858,2,38.7716,34.9614,24.1483,2.15171,0.279862
1.4256,16.249,16.249,1.89255,30.7522,34.9614,24.1319,1.89255,0.266667
1.4258,18.5015,18.5015,1.59386,29.4889,34.9614,24.1106,1.59386,0.273333
1.426,15.8937,15.8937,2,31.7873,34.9614,24.1617,2.3414,0.324712
1.4262,19.8677,19.8677,0.983449,19.5389,34.9614,24.0687,0.983449,0.211403
1.4264,18.01,18.01,2,36.0199,34.9614,24.1632,2.3611,0.285634
1.4266,13.3601,13.3601,1.89652,25.3377,34.9614,24.1321,1.89652,0.345889
1.4268,20.0832,20.0832,1.08271,21.7443,34.9614,24.0751,1.08271,0.273333
1.427,20.4753,20.4753,1.45777,29.8483,34.9614,24.1013,1.45777,0.174713
1.4272,19.0321,19.0321,1.91269,36.4024,34.9614,24.1327,1.91269,0.217862
1.4274,17.3466,17.3466,1.93709,33.602,34.9614,24.1346,1.93709,0.258795
1.4276,17.067,17.067,1.82655,31.1736,34.9614,24.1267,1.82655,0.290643
1.4278,18.151,18.151,1.76702,32.0732,34.9614,24.1225,1.76702,0.273333
1.428,15.6687,15.6687,2,31.3374,34.9614,24.1522,2.2016,0.324712
1.4282,19.0705,19.0705,1.19522,22.7935,34.9614,24.0833,1.19522,0.248054
1.4284,18.1091,18.1091,2,36.2182,34.9614,24.1567,2.26593,0.279106
1.4286,17.5099,17.5099,1.55288,27.1908,34.9614,24.1083,1.55288,0.246059
1.4288,18.4347,18.4347,1.97121,36.3387,34.9614,24.1364,1.97121,0.273333
1.429,15.0492,15.0492,2,30.0983,34.9614,24.1465,2.11136,0.32277
1.4292,18.6337,18.6337,1.26273,23.5294,34.9614,24.0879,1.26273,0.276161
1.4294,17.9846,17.9846,2,35.9692,34.9614,24.1561,2.26015,0.285281
1.4296,16.9938,16.9938,1.60526,27.2794,34.9614,24.1119,1.60526,0.261876
1.4298,18.6362,18.6362,1.87076,34.8638,34.9614,24.1294,1.87076,0.273333
1.43,16.4084,16.4084,2,32.8168,34.9614,24.1427,2.05807,0.29156
1.4302,17.5297,17.5297,1.57673,27.6396,34.9614,24.1096,1.57673,0.286508
1.4304,18.5818,18.5818,1.92927,35.8494,34.9614,24.1335,1.92927,0.267576
1.4306,16.9867,16.9867,1.94217,32.9911,34.9614,24.1348,1.94217,0.273675
1.4308,17.9426,17.9426,1.68751,30.2785,34.9614,24.1173,1.68751,0.273333
1.431,18.8252,18.8252,1.83181,34.4843,34.9614,24.127,1.83181,0.246697
1.4312,17.4973,17.4973,1.9681,34.4364,34.9614,24.1366,1.9681,0.262713
1.4314,17.8401,17.8401,1.72278,30.7345,34.9614,24.1196,1.72278,0.266058
1.4316,19.4724,19.4724,1.6741,32.5988,34.9614,24.1161,1.6741,0.224342
1.4318,17.126,17.126,2,34.2521,34.9614,24.1493,2.15461,0.273333
1.432,17.7314,17.7314,1.53839,27.2777,34.9614,24.1071,1.53839,0.263101
1.4322,18.2606,18.2606,2,36.5212,34.9614,24.1397,2.01999,0.276015
1.4324,17.0529,17.0529,1.83359,31.2679,34.9614,24.1274,1.83359,0.271594
1.4326,18.4174,18.4174,1.72503,31.7705,34.9614,24.1197,1.72503,0.265808
1.4328,17.5792,17.5792,2,35.1585,34.9614,24.1398,2.01799,0.273333
1.433,18.1686,18.1686,1.64515,29.8901,34.9614,24.1143,1.64515,0.252719
1.4332,17.553,17.553,2,35.106,34.9614,24.1432,2.06967,0.282589
1.4334,17.4847,17.4847,1.68079,29.3881,34.9614,24.1169,1.68079,0.268172
1.4336,17.4865,17.4865,2,34.9731,34.9614,24.1389,2.00774,0.293748
1.4338,17.4798,17.4798,1.7295,30.2313,34.9614,24.1201,1.7295,0.273333
1.434,18.1122,18.1122,1.88322,34.1093,34.9614,24.1305,1.88322,0.273333
1.4342,5.72845,5.72845,2,11.4569,34.9614,24.2099,3.17874,0.566667
1.4344,14.9262,14.9262,0.0151749,0.226504,34.9614,24.0035,0.0151749,0.416667
1.4346,20.7043,20.7043,1.53596,31.801,34.9614,24.106,1.53596,0.266667
1.4348,20.9321,20.9321,1.08268,22.6628,34.9614,24.0756,1.08268,0.116667
1.435,17.9166,17.9166,2,35.8332,34.9614,24.16,2.31502,0.273333
1.4352,7.99926,7.99926,2,15.9985,34.9614,24.1695,2.49668,0.4844
1.4354,16.819,16.819,0.352242,5.92435,34.9614,24.0257,0.352242,0.414124
1.4356,20.099,20.099,1.86355,37.4554,34.9614,24.1286,1.86355,0.269636
1.4358,19.8307,19.8307,1.53105,30.3617,34.9614,24.1066,1.53105,0.168834
1.436,17.2889,17.2889,2,34.5777,34.9614,24.1542,2.22753,0.273333
1.4362,12.0696,12.0696,2,24.1392,34.9614,24.1442,2.08534,0.39876
1.4364,20.6407,20.6407,0.692254,14.2886,34.9614,24.0483,0.692254,0.264124
1.4366,18.6682,18.6682,2,37.3365,34.9614,24.1567,2.26956,0.275096
1.4368,16.3918,16.3918,1.72062,28.2041,34.9614,24.1199,1.72062,0.265824
1.437,18.7698,18.7698,1.71547,32.1989,34.9614,24.1188,1.71547,0.273333
1.4372,18.2792,18.2792,1.93824,35.4296,34.9614,24.1344,1.93824,0.24876
1.4374,18.4797,18.4797,1.72205,31.8229,34.9614,24.1196,1.72205,0.237538
1.4376,17.394,17.394,2,34.788,34.9614,24.142,2.0495,0.277588
1.4378,17.0243,17.0243,1.73559,29.5472,34.9614,24.1206,1.73559,0.283925
1.438,18.3714,18.3714,1.8106,33.2633,34.9614,24.1254,1.8106,0.273333
1.4382,19.6711,19.6711,1.59041,31.2851,34.9614,24.1105,1.59041,0.203361
1.4384,18.4322,18.4322,1.99571,36.7853,34.9614,24.1384,1.99571,0.238898
1.4386,17.0331,17.0331,1.87039,31.8585,34.9614,24.13,1.87039,0.27082
1.4388,21.2314,21.2314,0.856352,18.1815,34.9614,24.0598,0.856352,0.133925
1.439,18.315,18.315,2,36.63,34.9614,24.1589,2.30016,0.273333
1.4392,15.1382,15.1382,1.79687,27.2014,34.9614,24.1253,1.79687,0.300936
1.4394,19.1559,19.1559,1.48526,28.4515,34.9614,24.1029,1.48526,0.2788
1.4396,17.7898,17.7898,2,35.5795,34.9614,24.1501,2.16828,0.27063
1.4398,19.6649,19.6649,1.32248,26.0065,34.9614,24.0921,1.32248,0.195054
1.44,17.8145,17.8145,2,35.629,34.9614,24.1559,2.25423,0.273333
1.4402,13.8046,13.8046,1.92793,26.6143,34.9614,24.1339,1.92793,0.344545
1.4404,20.2872,20.2872,1.05975,21.4994,34.9614,24.0736,1.05975,0.256078
1.4406,18.0749,18.0749,2,36.1498,34.9614,24.1593,2.30519,0.274938
1.4408,14.0568,14.0568,1.88192,26.4537,34.9614,24.131,1.88192,0.331117
1.441,19.7617,19.7617,1.21829,24.0755,34.9614,24.0845,1.21829,0.273333
1.4412,20.0529,20.0529,1.65482,33.1838,34.9614,24.1148,1.65482,0.194545
1.4414,17.7071,17.7071,2,35.4142,34.9614,24.1447,2.08668,0.251641
1.4416,17.0114,17.0114,1.73417,29.5007,34.9614,24.1205,1.73417,0.27687
1.4418,20.6735,20.6735,1.2444,25.7262,34.9614,24.0865,1.2444,0.181117
1.442,17.6421,17.6421,2,35.2842,34.9614,24.1596,2.30551,0.273333
1.4422,15.6872,15.6872,1.67258,26.2381,34.9614,24.1165,1.67258,0.297747
1.4424,20.0347,20.0347,1.45998,29.2502,34.9614,24.1011,1.45998,0.244258
1.4426,17.447,17.447,2,34.8939,34.9614,24.1554,2.24445,0.271345
1.4428,20.3916,20.3916,1.0879,22.184,34.9614,24.0759,1.0879,0.169077
1.443,18.0467,18.0467,2,36.0934,34.9614,24.1589,2.29767,0.273333
1.4432,16.847,16.847,1.595,26.871,34.9614,24.1113,1.595,0.262324
1.4434,19.3644,19.3644,1.73628,33.6222,34.9614,24.1202,1.73628,0.252484
1.4436,16.9341,16.9341,2,33.8681,34.9614,24.148,2.13366,0.276025
1.4438,15.7178,15.7178,1.75386,27.5669,34.9614,24.1218,1.75386,0.319077
1.444,19.0895,19.0895,1.58299,30.2186,34.9614,24.1096,1.58299,0.273333
1.4442,17.5257,17.5257,2,35.0514,34.9614,24.1489,2.15033,0.273333
1.4444,5.36855,5.36855,2,10.7371,34.9614,24.1925,2.90807,0.566667
1.4446,15.8032,15.8032,0.058336,0.921897,34.9614,24.0062,0.058336,0.416667
1.4448,20.575,20.575,1.61866,33.3039,34.9614,24.1117,1.61866,0.266667
1.445,20.894,20.894,1.09848,22.9517,34.9614,24.0766,1.09848,0.116667
1.4452,17.8928,17.8928,2,35.7856,34.9614,24.16,2.31373,0.273333
1.4454,6.83191,6.83191,2,13.6638,34.9614,24.1775,2.62663,0.513625
1.4456,19.4487,19.4487,0.0640582,1.24585,34.9614,24.0058,0.0640582,0.266667
1.4458,19.6851,19.6851,2,39.3702,34.9614,24.142,2.05729,0.278715
1.446,20.6078,20.6078,1.17015,24.1142,34.9614,24.0817,1.17015,0.126573
1.4462,17.8216,17.8216,2,35.6432,34.9614,24.1596,2.30607,0.273333
1.4464,12.9062,12.9062,1.97782,25.5261,34.9614,24.1371,1.97782,0.363625
1.4466,21.536,21.536,0.506934,10.9173,34.9614,24.0356,0.506934,0.196293
1.4468,18.8005,18.8005,2,37.601,34.9614,24.1563,2.2632,0.277153
1.447,18.3125,18.3125,1.52018,27.8384,34.9614,24.106,1.52018,0.21434
1.4472,18.0575,18.0575,2,36.1151,34.9614,24.1445,2.08737,0.273333
1.4474,19.1012,19.1012,1.49921,28.6367,34.9614,24.1043,1.49921,0.213625
1.4476,19.8614,19.8614,1.67105,33.1893,34.9614,24.116,1.67105,0.198018
1.4478,17.1136,17.1136,2,34.2271,34.9614,24.1501,2.16562,0.268983
1.448,13.7184,13.7184,1.95142,26.7704,34.9614,24.1351,1.95142,0.36434
1.4482,19.8206,19.8206,1.11546,22.109,34.9614,24.0775,1.11546,0.273333
1.4484,19.14,19.14,2,38.28,34.9614,24.1397,2.0183,0.239334
1.4486,13.4977,13.4977,2,26.9955,34.9614,24.1584,2.28907,0.348018
1.4488,18.8859,18.8859,0.909242,17.1719,34.9614,24.0636,0.909242,0.283623
1.449,19.8138,19.8138,1.85092,36.6737,34.9614,24.1281,1.85092,0.231315
1.4492,16.5423,16.5423,2,33.0846,34.9614,24.1469,2.11741,0.273333
1.4494,17.6574,17.6574,1.52467,26.9218,34.9614,24.106,1.52467,0.277204
1.4496,15.8365,15.8365,2,31.673,34.9614,24.1625,2.35347,0.343818
1.4498,17.7625,17.7625,1.22339,21.7306,34.9614,24.0855,1.22339,0.270678
1.45,21.0406,21.0406,1.09453,23.0296,34.9614,24.0762,1.09453,0.15499
1.4502,17.8694,17.8694,2,35.7388,34.9614,24.1604,2.3184,0.273333
1.4504,17.6653,17.6653,1.47135,25.9918,34.9614,24.1027,1.47135,0.24267
1.4506,18.1922,18.1922,2,36.3843,34.9614,24.1435,2.07652,0.282792
1.4508,16.9287,16.9287,1.79283,30.3503,34.9614,24.1246,1.79283,0.271577
1.451,20.6693,20.6693,1.22375,25.2941,34.9614,24.0851,1.22375,0.181573
1.4512,17.6834,17.6834,2,35.3667,34.9614,24.1596,2.30845,0.273333
1.4514,18.0669,18.0669,1.41591,25.581,34.9614,24.0988,1.41591,0.23564
1.4516,19.4013,19.4013,1.85946,36.0759,34.9614,24.1288,1.85946,0.237755
1.4518,16.4051,16.4051,2,32.8101,34.9614,24.1464,2.11089,0.281372
1.452,15.9285,15.9285,1.69985,27.076,34.9614,24.118,1.69985,0.32391
1.4522,19.0682,19.0682,1.64834,31.4307,34.9614,24.1141,1.64834,0.273333
1.4524,17.1913,17.1913,2,34.3826,34.9614,24.1494,2.15684,0.278914
1.4526,14.8131,14.8131,1.85551,27.4859,34.9614,24.1288,1.85551,0.336134
1.4528,19.2135,19.2135,1.39582,26.8187,34.9614,24.0968,1.39582,0.279416
1.453,16.4086,16.4086,2,32.8172,34.9614,24.1686,2.44221,0.313732
1.4532,17.0785,17.0785,1.27258,21.7337,34.9614,24.0891,1.27258,0.273333
1.4534,18.5122,18.5122,2,37.0243,34.9614,24.147,2.12759,0.293846
1.4536,18.9397,18.9397,1.52088,28.8051,34.9614,24.1059,1.52088,0.208754
1.4538,18.0253,18.0253,2,36.0506,34.9614,24.146,2.10665,0.264801
1.454,18.0493,18.0493,1.62359,29.3047,34.9614,24.113,1.62359,0.243306
1.4542,18.0082,18.0082,2,36.0163,34.9614,24.1396,2.01604,0.273333
1.4544,17.1358,17.1358,1.80651,30.9559,34.9614,24.1255,1.80651,0.273333
1.4546,6.53964,6.53964,2,13.0793,34.9614,24.2027,3.0699,0.566667
1.4548,15.3966,15.3966,0.0333113,0.512881,34.9614,24.0046,0.0333113,0.416667
1.455,20.6362,20.6362,1.58013,32.6079,34.9614,24.109,1.58013,0.266667
1.4552,20.9108,20.9108,1.09173,22.829,34.9614,24.0762,1.09173,0.116667
1.4554,17.9028,17.9028,2,35.8056,34.9614,24.16,2.31476,0.273333
1.4556,10.712,10.712,2,21.424,34.9614,24.1527,2.20973,0.416667
1.4558,20.5291,20.5291,0.47096,9.6684,34.9614,24.0332,0.47096,0.285267
1.456,19.1144,19.1144,2,38.2289,34.9614,24.1508,2.18575,0.272381
1.4562,17.0775,17.0775,1.75188,29.9176,34.9614,24.1221,1.75188,0.247361
1.4564,18.3049,18.3049,1.81024,33.1363,34.9614,24.1254,1.81024,0.273333
1.4566,17.7041,17.7041,1.93133,34.1923,34.9614,24.1341,1.93133,0.266667
1.4568,12.977,12.977,2,25.954,34.9614,24.1592,2.30589,0.388675
1.457,19.4302,19.4302,0.775884,15.0756,34.9614,24.0544,0.775884,0.276245
1.4572,16.6173,16.6173,2,33.2345,34.9614,24.1891,2.74843,0.344483
1.4574,16.1539,16.1539,1.10495,17.8493,34.9614,24.0778,1.10495,0.273333
1.4576,20.9181,20.9181,1.23993,25.937,34.9614,24.0861,1.23993,0.196805
1.4578,13.8435,13.8435,2,27.687,34.9614,24.1991,2.89219,0.372546
1.458,17.7762,17.7762,0.506596,9.00534,34.9614,24.0365,0.506596,0.268318
1.4582,20.923,20.923,1.26151,26.3946,34.9614,24.0875,1.26151,0.194483
1.4584,17.5289,17.5289,2,35.0578,34.9614,24.16,2.3136,0.273333
1.4586,13.7527,13.7527,1.85028,25.4464,34.9614,24.1286,1.85028,0.346805
1.4588,19.5761,19.5761,1.24231,24.3196,34.9614,24.0861,1.24231,0.286256
1.459,18.2463,18.2463,2,36.4927,34.9614,24.1527,2.20591,0.265873
1.4592,17.8925,17.8925,1.57698,28.2161,34.9614,24.1099,1.57698,0.23765
1.4594,18.1906,18.1906,2,36.3811,34.9614,24.1394,2.01246,0.273333
1.4596,19.6642,19.6642,1.45987,28.7073,34.9614,24.1015,1.45987,0.196805
1.4598,18.557,18.557,2,37.1141,34.9614,24.1412,2.03802,0.242159
1.46,16.8196,16.8196,1.86668,31.3968,34.9614,24.1297,1.86668,0.271797
1.4602,16.3599,16.3599,1.9198,31.4077,34.9614,24.1329,1.9198,0.322117
1.4604,18.3732,18.3732,1.59796,29.3596,34.9614,24.1109,1.59796,0.273333
1.4606,18.9316,18.9316,1.88216,35.6324,34.9614,24.1305,1.88216,0.240854
1.4608,18.0921,18.0921,1.85231,33.5122,34.9614,24.1288,1.85231,0.241719
1.461,17.3103,17.3103,1.9328,33.4573,34.9614,24.134,1.9328,0.277917
1.4612,20.6225,20.6225,1.18995,24.5397,34.9614,24.0829,1.18995,0.172117
1.4614,17.7775,17.7775,2,35.5551,34.9614,24.1594,2.30517,0.273333
1.4616,15.3548,15.3548,1.71776,26.3758,34.9614,24.1197,1.71776,0.303393
1.4618,19.036,19.036,1.58816,30.2322,34.9614,24.1099,1.58816,0.283301
1.462,17.7993,17.7993,2,35.5985,34.9614,24.1458,2.10562,0.266404
1.4622,20.3026,20.3026,1.22338,24.8379,34.9614,24.0852,1.22338,0.172771
1.4624,17.7939,17.7939,2,35.5878,34.9614,24.1587,2.29425,0.273333
1.4626,18.9064,18.9064,1.33548,25.2492,34.9614,24.0932,1.33548,0.21157
1.4628,18.6011,18.6011,2,37.2022,34.9614,24.145,2.09494,0.257733
1.463,16.4264,16.4264,1.86494,30.6343,34.9614,24.1297,1.86494,0.277273
1.4632,16.5846,16.5846,1.85891,30.8292,34.9614,24.1287,1.85891,0.322771
1.4634,18.3705,18.3705,1.66989,30.6766,34.9614,24.1158,1.66989,0.273333
1.4636,17.2583,17.2583,2,34.5166,34.9614,24.1458,2.10457,0.286309
1.4638,18.1609,18.1609,1.54573,28.0718,34.9614,24.1075,1.54573,0.253154
1.464,17.9516,17.9516,2,35.9032,34.9614,24.1443,2.0833,0.277665
1.4642,20.2665,20.2665,1.25548,25.4441,34.9614,24.0875,1.25548,0.172771
1.4644,17.7349,17.7349,2,35.4697,34.9614,24.1587,2.29201,0.273333
1.4646,16.614,16.614,1.59326,26.4703,34.9614,24.1111,1.59326,0.273333
1.4648,7.44481,7.44481,2,14.8896,34.9614,24.2061,3.12252,0.566667
1.465,15.1321,15.1321,0.0213918,0.323702,34.9614,24.0039,0.0213918,0.416667
1.4652,20.6743,20.6743,1.55542,32.1571,34.9614,24.1073,1.55542,0.266667
1.4654,20.9234,20.9234,1.08617,22.7262,34.9614,24.0758,1.08617,0.116667
1.4656,17.911,17.911,2,35.822,34.9614,24.16,2.3128,0.273333
1.4658,7.23407,7.23407,2,14.4681,34.9614,24.1751,2.58407,0.503629
1.466,19.732,19.732,0.0873064,1.72273,34.9614,24.0073,0.0873064,0.266667
1.4662,19.6708,19.6708,2,39.3415,34.9614,24.1418,2.05381,0.275986
1.4664,20.5335,20.5335,1.20541,24.7513,34.9614,24.0841,1.20541,0.131434
1.4666,17.7645,17.7645,2,35.5289,34.9614,24.1595,2.30437,0.273333
1.4668,13.3413,13.3413,1.92827,25.7255,34.9614,24.1342,1.92827,0.353629
1.467,21.447,21.447,0.608465,13.0497,34.9614,24.0426,0.608465,0.195952
1.4672,18.6526,18.6526,2,37.3051,34.9614,24.1576,2.28179,0.276222
1.4674,18.4361,18.4361,1.47716,27.2331,34.9614,24.103,1.47716,0.21212
1.4676,18.0807,18.0807,2,36.1615,34.9614,24.1464,2.1165,0.273333
1.4678,16.981,16.981,1.7441,29.6167,34.9614,24.1213,1.7441,0.269675
1.468,18.5676,18.5676,1.77329,32.9256,34.9614,24.1229,1.77329,0.267829
1.4682,17.3817,17.3817,2,34.7633,34.9614,24.1398,2.01623,0.273484
1.4684,15.1744,15.1744,1.96458,29.8114,34.9614,24.1361,1.96458,0.33319
1.4686,18.9769,18.9769,1.36511,25.9055,34.9614,24.0948,1.36511,0.273333
1.4688,19.3074,19.3074,1.90115,36.7064,34.9614,24.1317,1.90115,0.229859
1.469,15.1786,15.1786,2,30.3572,34.9614,24.154,2.21897,0.311202
1.4692,18.2596,18.2596,1.22211,22.3152,34.9614,24.0852,1.22211,0.277182
1.4694,20.251,20.251,1.59362,32.2724,34.9614,24.1105,1.59362,0.202231
1.4696,16.9744,16.9744,2,33.9489,34.9614,24.155,2.23645,0.273333
1.4698,17.1992,17.1992,1.50676,25.9152,34.9614,24.105,1.50676,0.274117
1.47,19.4634,19.4634,1.78195,34.6828,34.9614,24.1234,1.78195,0.246507
1.4702,16.7229,16.7229,2,33.4458,34.9614,24.148,2.13227,0.2772
1.4704,21.1713,21.1713,0.812351,17.1985,34.9614,24.0568,0.812351,0.140585
1.4706,18.4097,18.4097,2,36.8195,34.9614,24.1583,2.29225,0.273333
1.4708,16.2353,16.2353,1.69891,27.5823,34.9614,24.1184,1.69891,0.272302
1.471,18.704,18.704,1.72922,32.3433,34.9614,24.1197,1.72922,0.279195
1.4712,17.5065,17.5065,2,35.0131,34.9614,24.1413,2.03741,0.270487
1.4714,16.7324,16.7324,1.79164,29.9784,34.9614,24.1244,1.79164,0.290585
1.4716,18.4292,18.4292,1.73189,31.9173,34.9614,24.12,1.73189,0.273333
1.4718,18.7342,18.7342,1.83805,34.4343,34.9614,24.1275,1.83805,0.23914
1.472,16.6182,16.6182,2,33.2364,34.9614,24.1436,2.06855,0.286615
1.4722,17.9453,17.9453,1.54226,27.6763,34.9614,24.1072,1.54226,0.271384
1.4724,18.7532,18.7532,1.93912,36.3647,34.9614,24.1343,1.93912,0.256926
1.4726,16.8793,16.8793,1.9579,33.048,34.9614,24.1361,1.9579,0.273333
1.4728,18.4928,18.4928,1.59621,29.5183,34.9614,24.1108,1.59621,0.259285
1.473,18.1426,18.1426,2,36.2852,34.9614,24.1405,2.02957,0.263713
1.4732,16.8985,16.8985,1.83325,30.9792,34.9614,24.1274,1.83325,0.276627
1.4734,18.4516,18.4516,1.7087,31.5283,34.9614,24.1185,1.7087,0.267647
1.4736,17.5955,17.5955,2,35.191,34.9614,24.1407,2.0304,0.273333
1.4738,18.1593,18.1593,1.63994,29.7802,34.9614,24.114,1.63994,0.252189
1.474,17.8211,17.8211,2,35.6423,34.9614,24.1409,2.03488,0.275812
1.4742,16.99,16.99,1.79241,30.453,34.9614,24.1245,1.79241,0.278938
1.4744,18.3822,18.3822,1.75952,32.3439,34.9614,24.1219,1.75952,0.270233
1.4746,17.5213,17.5213,1.99834,35.0135,34.9614,24.1385,1.99834,0.273333
1.4748,17.4707,17.4707,1.74261,30.4447,34.9614,24.121,1.74261,0.273333
1.475,6.49255,6.49255,2,12.9851,34.9614,24.2091,3.17023,0.566667
1.4752,15.0348,15.0348,0.0184835,0.277896,34.9614,24.0037,0.0184835,0.416667
1.4754,20.6898,20.6898,1.54471,31.9597,34.9614,24.1066,1.54471,0.266667
1.4756,20.9294,20.9294,1.08341,22.6751,34.9614,24.0756,1.08341,0.116667
1.4758,17.918,17.918,2,35.836,34.9614,24.16,2.31505,0.273333
1.476,10.6958,10.6958,2,21.3917,34.9614,24.1527,2.21134,0.416667
1.4762,17.2504,17.2504,0.863249,14.8914,34.9614,24.0602,0.863249,0.377532
1.4764,19.4431,19.4431,2,38.8861,34.9614,24.142,2.05636,0.27442
1.4766,19.5989,19.5989,1.49001,29.2026,34.9614,24.1038,1.49001,0.176562
1.4768,17.4945,17.4945,2,34.989,34.9614,24.1537,2.22035,0.273333
1.477,15.7151,15.7151,1.73215,27.2208,34.9614,24.1205,1.73215,0.304653
1.4772,16.6572,16.6572,1.90101,31.6654,34.9614,24.1313,1.90101,0.340809
1.4774,18.0778,18.0778,1.6763,30.3038,34.9614,24.1163,1.6763,0.277436
1.4776,15.8649,15.8649,2,31.7298,34.9614,24.1558,2.25191,0.326562
1.4778,17.9048,17.9048,1.30343,23.3376,34.9614,24.0909,1.30343,0.273333
1.478,19.7284,19.7284,1.80157,35.5419,34.9614,24.1247,1.80157,0.231583
1.4782,16.7346,16.7346,2,33.4692,34.9614,24.1473,2.12369,0.272203
1.4784,17.5506,17.5506,1.54742,27.1582,34.9614,24.1076,1.54742,0.276291
1.4786,14.7313,14.7313,2,29.4626,34.9614,24.1687,2.4516,0.371869
1.4788,18.1211,18.1211,0.976922,17.7029,34.9614,24.0685,0.976922,0.273333
1.479,20.0135,20.0135,1.76671,35.358,34.9614,24.1223,1.76671,0.227911
1.4792,13.588,13.588,2,27.1759,34.9614,24.1754,2.53501,0.351266
1.4794,18.6098,18.6098,0.72305,13.4558,34.9614,24.051,0.72305,0.274045
1.4796,16.5569,16.5569,2,33.1139,34.9614,24.1922,2.80527,0.359334
1.4798,16.039,16.039,1.05721,16.9566,34.9614,24.0746,1.05721,0.273333
1.48,19.5728,19.5728,1.9538,38.2413,34.9614,24.1349,1.9538,0.283332
1.4802,11.6929,11.6929,2,23.3857,34.9614,24.177,2.57185,0.391559
1.4804,19.7407,19.7407,0.356272,7.03305,34.9614,24.0256,0.356272,0.271878
1.4806,20.5787,20.5787,1.50093,30.8873,34.9614,24.104,1.50093,0.209334
1.4808,17.0873,17.0873,2,34.1746,34.9614,24.1573,2.27095,0.273333
1.481,16.3795,16.3795,1.57464,25.7918,34.9614,24.1097,1.57464,0.291126
1.4812,16.5229,16.5229,2,33.0458,34.9614,24.1463,2.12136,0.34341
1.4814,17.747,17.747,1.50737,26.7513,34.9614,24.1049,1.50737,0.274927
1.4816,21.4918,21.4918,0.655926,14.097,34.9614,24.046,0.655926,0.103709
1.4818,18.6444,18.6444,2,37.2888,34.9614,24.1567,2.27024,0.273333
1.482,16.6294,16.6294,1.6956,28.1968,34.9614,24.1182,1.6956,0.260222
1.4822,18.5019,18.5019,1.7933,33.1795,34.9614,24.1241,1.7933,0.278641
1.4824,17.383,17.383,1.99649,34.7049,34.9614,24.1384,1.99649,0.273061
1.4826,18.2974,18.2974,1.63279,29.8759,34.9614,24.1135,1.63279,0.253709
1.4828,17.8393,17.8393,2,35.6786,34.9614,24.1415,2.04296,0.273333
1.483,17.7009,17.7009,1.70478,30.176,34.9614,24.1185,1.70478,0.259437
1.4832,19.1699,19.1699,1.74273,33.408,34.9614,24.1208,1.74273,0.238596
1.4834,17.1076,17.1076,2,34.2152,34.9614,24.1457,2.1012,0.2736
1.4836,14.0613,14.0613,1.97526,27.7747,34.9614,24.137,1.97526,0.35967
1.4838,19.5928,19.5928,1.16191,22.765,34.9614,24.0807,1.16191,0.273333
1.484,16.3874,16.3874,2,32.7748,34.9614,24.1786,2.58696,0.324444
1.4842,16.2476,16.2476,1.22339,19.8771,34.9614,24.0859,1.22339,0.285443
1.4844,19.5363,19.5363,1.89014,36.9262,34.9614,24.1305,1.89014,0.274018
1.4846,17.4723,17.4723,1.9573,34.1986,34.9614,24.136,1.9573,0.249779
1.4848,17.6059,17.6059,1.75907,30.9701,34.9614,24.1221,1.75907,0.273333
1.485,17.9676,17.9676,1.88969,33.9532,34.9614,24.131,1.88969,0.273333
1.4852,5.80123,5.80123,2,11.6025,34.9614,24.2081,3.15361,0.566667
1.4854,15.0297,15.0297,0.0182929,0.274938,34.9614,24.0037,0.0182929,0.416667
1.4856,20.6884,20.6884,1.54583,31.9808,34.9614,24.1067,1.54583,0.266667
1.4858,20.9296,20.9296,1.08357,22.6787,34.9614,24.0756,1.08357,0.116667
1.486,17.9127,17.9127,2,35.8254,34.9614,24.1597,2.31574,0.273333
1.4862,10.7115,10.7115,2,21.423,34.9614,24.1521,2.20726,0.416667
1.4864,20.9894,20.9894,0.382576,8.03003,34.9614,24.0271,0.382576,0.266667
1.4866,19.0832,19.0832,2,38.1663,34.9614,24.1525,2.20991,0.276382
1.4868,19.6659,19.6659,1.36595,26.8627,34.9614,24.0953,1.36595,0.171413
1.487,17.7264,17.7264,2,35.4528,34.9614,24.1555,2.24723,0.273333
1.4872,16.9881,16.9881,1.5943,27.0842,34.9614,24.1111,1.5943,0.266667
1.4874,13.1816,13.1816,2,26.3633,34.9614,24.1733,2.52808,0.416667
1.4876,18.822,18.822,0.662407,12.4678,34.9614,24.0468,0.662407,0.275301
1.4878,17.8409,17.8409,2,35.6818,34.9614,24.1757,2.55064,0.321413
1.488,15.885,15.885,1.44417,22.9407,34.9614,24.1011,1.44417,0.273333
1.4882,20.8132,20.8132,1.25435,26.107,34.9614,24.0871,1.25435,0.202453
1.4884,10.5515,10.5515,2,21.103,34.9614,24.2247,3.30347,0.455249
1.4886,18.0332,18.0332,0.00466132,0.0840585,34.9614,24.0021,0.00466132,0.272537
1.4888,18.5727,18.5727,2,37.1453,34.9614,24.1751,2.54987,0.34259
1.489,15.4148,15.4148,1.56476,24.1204,34.9614,24.1095,1.56476,0.273333
1.4892,17.287,17.287,1.95313,33.7638,34.9614,24.1346,1.95313,0.340479
1.4894,14.8105,14.8105,2,29.621,34.9614,24.1418,2.05078,0.348132
1.4896,18.9909,18.9909,1.25106,23.7587,34.9614,24.087,1.25106,0.274071
1.4898,19.1301,19.1301,1.99448,38.1546,34.9614,24.1381,1.99448,0.242399
1.49,16.5332,16.5332,1.97579,32.6661,34.9614,24.1372,1.97579,0.273333
1.4902,17.4233,17.4233,1.67634,29.2073,34.9614,24.1163,1.67634,0.292402
1.4904,17.2599,17.2599,2,34.5198,34.9614,24.1408,2.03489,0.301001
1.4906,17.4733,17.4733,1.68705,29.4783,34.9614,24.1172,1.68705,0.27549
1.4908,19.1737,19.1737,1.74428,33.4443,34.9614,24.1209,1.74428,0.243314
1.491,17.1183,17.1183,2,34.2366,34.9614,24.1455,2.09851,0.273333
1.4912,17.7644,17.7644,1.5826,28.1141,34.9614,24.1101,1.5826,0.266177
1.4914,18.9308,18.9308,1.87476,35.4908,34.9614,24.1298,1.87476,0.25224
1.4916,16.9981,16.9981,2,33.9962,34.9614,24.1391,2.00473,0.272031
1.4918,16.7135,16.7135,1.77339,29.6395,34.9614,24.1231,1.77339,0.301234
1.492,18.4782,18.4782,1.73862,32.1266,34.9614,24.1204,1.73862,0.273333
1.4922,18.0456,18.0456,1.94403,35.0811,34.9614,24.1348,1.94403,0.258537
1.4924,18.0279,18.0279,1.76262,31.7762,34.9614,24.1224,1.76262,0.253517
1.4926,17.6033,17.6033,1.96219,34.5411,34.9614,24.136,1.96219,0.276399
1.4928,15.0114,15.0114,2,30.0228,34.9614,24.1423,2.05159,0.337341
1.493,18.8939,18.8939,1.28404,24.2604,34.9614,24.0893,1.28404,0.273333
1.4932,18.196,18.196,2,36.3919,34.9614,24.1525,2.20632,0.27392
1.4934,16.1063,16.1063,1.7676,28.4695,34.9614,24.123,1.7676,0.284219
1.4936,18.8488,18.8488,1.63997,30.9115,34.9614,24.1136,1.63997,0.273132
1.4938,15.5887,15.5887,2,31.1773,34.9614,24.163,2.35993,0.324296
1.494,17.8061,17.8061,1.18453,21.0918,34.9614,24.0828,1.18453,0.273333
1.4942,18.6453,18.6453,2,37.2906,34.9614,24.1492,2.16154,0.280996
1.4944,18.2321,18.2321,1.60115,29.1923,34.9614,24.1115,1.60115,0.225095
1.4946,17.9647,17.9647,2,35.9293,34.9614,24.1416,2.04543,0.272959
1.4948,15.8385,15.8385,1.92022,30.4134,34.9614,24.1335,1.92022,0.305072
1.495,18.689,18.689,1.50765,28.1764,34.9614,24.1046,1.50765,0.273333
1.4952,17.8894,17.8894,2,35.7788,34.9614,24.1477,2.13483,0.273333
1.4954,5.19356,5.19356,2,10.3871,34.9614,24.1971,2.97879,0.566667
1.4956,15.5257,15.5257,0.041362,0.642173,34.9614,24.0051,0.041362,0.416667
1.4958,20.6171,20.6171,1.59214,32.8253,34.9614,24.1099,1.59214,0.266667
1.496,20.9067,20.9067,1.09324,22.8561,34.9614,24.0763,1.09324,0.116667
1.4962,17.9011,17.9011,2,35.8022,34.9614,24.1596,2.3143,0.273333
1.4964,10.7092,10.7092,2,21.4184,34.9614,24.1524,2.2064,0.416667
1.4966,20.9913,20.9913,0.382618,8.03165,34.9614,24.0271,0.382618,0.266667
1.4968,19.3225,19.3225,2,38.645,34.9614,24.1464,2.12072,0.266719
1.497,16.373,16.373,1.89912,31.0944,34.9614,24.1322,1.89912,0.266667
1.4972,18.4096,18.4096,1.61233,29.6824,34.9614,24.1118,1.61233,0.273333
1.4974,18.053,18.053,2,36.106,34.9614,24.1407,2.03195,0.266667
1.4976,11.3548,11.3548,2,22.7096,34.9614,24.1664,2.41608,0.416667
1.4978,20.1501,20.1501,0.411885,8.29954,34.9614,24.0293,0.411885,0.275021
1.498,17.132,17.132,2,34.264,34.9614,24.1902,2.76783,0.346301
1.4982,15.7785,15.7785,1.18225,18.6541,34.9614,24.0832,1.18225,0.273333
1.4984,21.0109,21.0109,1.16435,24.4641,34.9614,24.0809,1.16435,0.19422
1.4986,12.5071,12.5071,2,25.0143,34.9614,24.2133,3.11498,0.410644
1.4988,18.3436,18.3436,0.0967539,1.77482,34.9614,24.0083,0.0967539,0.261399
1.499,18.7685,18.7685,2,37.537,34.9614,24.1683,2.45198,0.326376
1.4992,15.5632,15.5632,1.65686,25.786,34.9614,24.1159,1.65686,0.273333
1.4994,17.895,17.895,1.81208,32.4272,34.9614,24.1252,1.81208,0.315891
1.4996,18.1567,18.1567,1.84101,33.4266,34.9614,24.1277,1.84101,0.260644
1.4998,18.0356,18.0356,1.85195,33.4009,34.9614,24.1285,1.85195,0.257922
1.5,18.4671,18.4671,1.77338,32.7492,34.9614,24.1232,1.77338,0.246609
1.5002,17.4328,17.4328,2,34.8656,34.9614,24.1388,2.00274,0.273333
1.5004,18.371,18.371,1.62207,29.7991,34.9614,24.1127,1.62207,0.25038
1.5006,20.1291,20.1291,1.53383,30.8747,34.9614,24.1065,1.53383,0.190857
1.5008,16.5005,16.5005,2,33.0011,34.9614,24.1621,2.34313,0.291318
1.501,13.4102,13.4102,1.75413,23.5231,34.9614,24.1217,1.75413,0.369848
1.5012,20.2626,20.2626,1.17005,23.7082,34.9614,24.0811,1.17005,0.273333
1.5014,18.595,18.595,2,37.19,34.9614,24.1483,2.14018,0.251792
1.5016,16.0425,16.0425,1.86771,29.9627,34.9614,24.1301,1.86771,0.28422
1.5018,19.219,19.219,1.49737,28.778,34.9614,24.1039,1.49737,0.256985
1.502,18.0628,18.0628,2,36.1255,34.9614,24.1466,2.11808,0.26108
1.5022,16.8574,16.8574,1.752,29.5341,34.9614,24.1218,1.752,0.273333
1.5024,17.7695,17.7695,1.86222,33.0908,34.9614,24.1289,1.86222,0.291687
1.5026,16.2223,16.2223,2,32.4447,34.9614,24.1404,2.0243,0.310173
1.5028,18.9866,18.9866,1.41139,26.7975,34.9614,24.0981,1.41139,0.251979
1.503,15.8612,15.8612,2,31.7224,34.9614,24.1727,2.50012,0.330488
1.5032,17.2875,17.2875,1.13994,19.7067,34.9614,24.0799,1.13994,0.273333
1.5034,19.7507,19.7507,1.8553,36.6436,34.9614,24.1283,1.8553,0.247838
1.5036,16.3371,16.3371,2,32.6742,34.9614,24.148,2.13319,0.278889
1.5038,18.5763,18.5763,1.38211,25.6744,34.9614,24.0962,1.38211,0.254655
1.504,17.6495,17.6495,2,35.299,34.9614,24.1558,2.25212,0.289424
1.5042,16.7719,16.7719,1.60503,26.9193,34.9614,24.1119,1.60503,0.273333
1.5044,19.9129,19.9129,1.58914,31.6445,34.9614,24.1101,1.58914,0.231575
1.5046,18.1306,18.1306,2,36.2613,34.9614,24.1423,2.05074,0.244823
1.5048,16.7728,16.7728,1.8296,30.6874,34.9614,24.1271,1.8296,0.278721
1.505,18.7093,18.7093,1.66488,31.1486,34.9614,24.1155,1.66488,0.262115
1.5052,17.5459,17.5459,2,35.0918,34.9614,24.1441,2.08003,0.273333
1.5054,17.2586,17.2586,1.69651,29.2794,34.9614,24.1179,1.69651,0.273333
1.5056,6.76055,6.76055,2,13.5211,34.9614,24.2086,3.16601,0.566667
1.5058,15.0474,15.0474,0.0188862,0.284189,34.9614,24.0037,0.0188862,0.416667
1.506,20.6864,20.6864,1.54776,32.0176,34.9614,24.1068,1.54776,0.266667
1.5062,20.927,20.927,1.08496,22.705,34.9614,24.0757,1.08496,0.116667
1.5064,17.919,17.919,2,35.8381,34.9614,24.1601,2.31265,0.273333
1.5066,10.7079,10.7079,2,21.4158,34.9614,24.1527,2.21139,0.416667
1.5068,20.9866,20.9866,0.380149,7.97801,34.9614,24.0269,0.380149,0.266667
1.507,19.3184,19.3184,2,38.6368,34.9614,24.1466,2.1232,0.267044
1.5072,16.3615,16.3615,1.89945,31.0778,34.9614,24.1322,1.89945,0.266667
1.5074,18.4215,18.4215,1.60971,29.6533,34.9614,24.1117,1.60971,0.273333
1.5076,18.0622,18.0622,2,36.1243,34.9614,24.1408,2.03158,0.266667
1.5078,11.3519,11.3519,2,22.7038,34.9614,24.1666,2.41969,0.416667
1.508,20.2834,20.2834,0.386406,7.83763,34.9614,24.0275,0.386406,0.27027
1.5082,17.0622,17.0622,2,34.1244,34.9614,24.1915,2.78576,0.349153
1.5084,15.7732,15.7732,1.15722,18.2531,34.9614,24.0815,1.15722,0.273333
1.5086,21.0088,21.0088,1.16943,24.5683,34.9614,24.0812,1.16943,0.195313
1.5088,17.9358,17.9358,2,35.8717,34.9614,24.1572,2.27313,0.266667
1.509,16.5346,16.5346,1.64165,27.144,34.9614,24.1144,1.64165,0.273459
1.5092,19.3047,19.3047,1.6957,32.7349,34.9614,24.1174,1.6957,0.257933
1.5094,17.1649,17.1649,2,34.3298,34.9614,24.1479,2.13257,0.273333
1.5096,18.7523,18.7523,1.43761,26.9586,34.9614,24.1001,1.43761,0.236227
1.5098,20.0884,20.0884,1.60512,32.2443,34.9614,24.1114,1.60512,0.194753
1.51,17.3958,17.3958,2,34.7917,34.9614,24.15,2.16335,0.262975
1.5102,19.084,19.084,1.38763,26.4814,34.9614,24.0966,1.38763,0.220798
1.5104,17.9303,17.9303,2,35.8606,34.9614,24.1523,2.20142,0.273333
1.5106,15.7133,15.7133,1.7884,28.1016,34.9614,24.1245,1.7884,0.298456
1.5108,19.2619,19.2619,1.52749,29.4225,34.9614,24.1059,1.52749,0.266041
1.511,17.1071,17.1071,2,34.2141,34.9614,24.156,2.25289,0.285757
1.5112,15.824,15.824,1.64866,26.0884,34.9614,24.1148,1.64866,0.305795
1.5114,19.2181,19.2181,1.65748,31.8536,34.9614,24.1147,1.65748,0.273333
1.5116,18.4801,18.4801,1.9477,35.9936,34.9614,24.1351,1.9477,0.23907
1.5118,15.7599,15.7599,2,31.5197,34.9614,24.1426,2.05736,0.30588
1.512,18.3378,18.3378,1.42077,26.0538,34.9614,24.0988,1.42077,0.275706
1.5122,20.6622,20.6622,1.32309,27.3378,34.9614,24.092,1.32309,0.167624
1.5124,17.4701,17.4701,2,34.9403,34.9614,24.1593,2.30289,0.273333
1.5126,17.0004,17.0004,1.51992,25.8392,34.9614,24.106,1.51992,0.267243
1.5128,18.7382,18.7382,1.91439,35.8724,34.9614,24.1324,1.91439,0.274808
1.513,17.0708,17.0708,1.95304,33.3399,34.9614,24.1357,1.95304,0.270454
1.5132,19.7336,19.7336,1.42007,28.0231,34.9614,24.0987,1.42007,0.216768
1.5134,17.5789,17.5789,2,35.1579,34.9614,24.1554,2.24562,0.273333
1.5136,17.0045,17.0045,1.57682,26.813,34.9614,24.1099,1.57682,0.268862
1.5138,19.1245,19.1245,1.80693,34.5566,34.9614,24.1251,1.80693,0.25925
1.514,17.0958,17.0958,2,34.1915,34.9614,24.1424,2.05286,0.270836
1.5142,15.8537,15.8537,1.83065,29.0227,34.9614,24.127,1.83065,0.318331
1.5144,18.854,18.854,1.56253,29.4599,34.9614,24.1083,1.56253,0.273333
1.5146,18.6473,18.6473,1.96768,36.692,34.9614,24.1363,1.96768,0.244702
1.5148,17.0733,17.0733,1.90473,32.5199,34.9614,24.1324,1.90473,0.268309
1.515,17.8311,17.8311,1.74119,31.0474,34.9614,24.1208,1.74119,0.277138
1.5152,18.6586,18.6586,1.8168,33.8989,34.9614,24.126,1.8168,0.250697
1.5154,17.2315,17.2315,2,34.4629,34.9614,24.1393,2.00663,0.273333
1.5156,17.6382,17.6382,1.68853,29.7827,34.9614,24.1173,1.68853,0.273333
1.5158,6.5445,6.5445,2,13.089,34.9614,24.2133,3.23333,0.566667
1.516,14.8066,14.8066,0.0115386,0.170847,34.9614,24.0033,0.0115386,0.416667
1.5162,20.7222,20.7222,1.52379,31.5762,34.9614,24.1051,1.52379,0.266667
1.5164,20.9392,20.9392,1.07926,22.5988,34.9614,24.0753,1.07926,0.116667
1.5166,17.924,17.924,2,35.848,34.9614,24.1601,2.31537,0.273333
1.5168,10.6975,10.6975,2,21.395,34.9614,24.1523,2.21013,0.416667
1.517,18.6257,18.6257,0.714732,13.3124,34.9614,24.0501,0.714732,0.342058
1.5172,19.1623,19.1623,2,38.3247,34.9614,24.149,2.15834,0.273485
1.5174,16.3736,16.3736,1.85837,30.4282,34.9614,24.1294,1.85837,0.266667
1.5176,18.5037,18.5037,1.63492,30.2521,34.9614,24.1134,1.63492,0.273333
1.5178,17.9593,17.9593,2,35.9185,34.9614,24.1409,2.03403,0.266667
1.518,19.1111,19.1111,1.53183,29.275,34.9614,24.1065,1.53183,0.217964
1.5182,17.5043,17.5043,2,35.0087,34.9614,24.1515,2.18907,0.276754
1.5184,14.1631,14.1631,1.92428,27.2538,34.9614,24.1335,1.92428,0.345341
1.5186,19.6266,19.6266,1.21025,23.7531,34.9614,24.084,1.21025,0.273333
1.5188,20.0817,20.0817,1.64608,33.056,34.9614,24.1142,1.64608,0.194635
1.519,14.578,14.578,2,29.1559,34.9614,24.1739,2.51322,0.333885
1.5192,18.1232,18.1232,0.901408,16.3364,34.9614,24.0634,0.901408,0.271673
1.5194,20.6072,20.6072,1.44322,29.7407,34.9614,24.1001,1.44322,0.195341
1.5196,17.2026,17.2026,2,34.4052,34.9614,24.1583,2.28752,0.273333
1.5198,14.1231,14.1231,1.80834,25.5394,34.9614,24.1256,1.80834,0.344635
1.52,18.2273,18.2273,1.49506,27.2509,34.9614,24.1034,1.49506,0.321995
1.5202,18.2786,18.2786,2,36.5571,34.9614,24.1429,2.06522,0.269732
1.5204,15.2658,15.2658,1.9917,30.4048,34.9614,24.1384,1.9917,0.313441
1.5206,18.8697,18.8697,1.36549,25.7665,34.9614,24.0948,1.36549,0.273333
1.5208,18.8979,18.8979,2,37.7958,34.9614,24.1393,2.01188,0.246617
1.521,17.1198,17.1198,1.87755,32.1433,34.9614,24.1305,1.87755,0.260529
1.5212,17.8677,17.8677,1.76356,31.5107,34.9614,24.1225,1.76356,0.276898
1.5214,17.1446,17.1446,2,34.2891,34.9614,24.1391,2.00875,0.291247
1.5216,17.6843,17.6843,1.67342,29.5934,34.9614,24.1163,1.67342,0.273333
1.5218,18.9312,18.9312,1.8107,34.2788,34.9614,24.1255,1.8107,0.248305
1.522,17.7937,17.7937,1.94875,34.6754,34.9614,24.1352,1.94875,0.254297
1.5222,17.3991,17.3991,1.81756,31.6239,34.9614,24.1262,1.81756,0.274255
1.5224,18.4074,18.4074,1.7657,32.5019,34.9614,24.1225,1.7657,0.261351
1.5226,17.4879,17.4879,1.99865,34.9522,34.9614,24.1386,1.99865,0.273333
1.5228,17.7267,17.7267,1.70821,30.2808,34.9614,24.1187,1.70821,0.267302
1.523,15.8954,15.8954,2,31.7909,34.9614,24.1516,2.19191,0.329342
1.5232,18.1181,18.1181,1.3391,24.2618,34.9614,24.0933,1.3391,0.271012
1.5234,18.5937,18.5937,2,37.1875,34.9614,24.1447,2.09314,0.269867
1.5236,16.5846,16.5846,1.84697,30.6312,34.9614,24.1284,1.84697,0.273333
1.5238,19.2021,19.2021,1.56173,29.9885,34.9614,24.1084,1.56173,0.249334
1.524,17.5275,17.5275,2,35.0549,34.9614,24.15,2.166,0.273072
1.5242,17.0756,17.0756,1.63938,27.9933,34.9614,24.1141,1.63938,0.273096
1.5244,18.2986,18.2986,1.90209,34.8055,34.9614,24.1316,1.90209,0.280249
1.5246,17.2343,17.2343,1.91576,33.0169,34.9614,24.1331,1.91576,0.273333
1.5248,18.0707,18.0707,1.71739,31.0345,34.9614,24.1192,1.71739,0.267636
1.525,15.7345,15.7345,2,31.4689,34.9614,24.1541,2.23031,0.32755
1.5252,18.0027,18.0027,1.29922,23.3894,34.9614,24.0906,1.29922,0.274295
1.5254,18.6073,18.6073,2,37.2146,34.9614,24.1459,2.11169,0.273602
1.5256,16.5396,16.5396,1.83785,30.3973,34.9614,24.128,1.83785,0.273333
1.5258,18.4395,18.4395,1.67614,30.9071,34.9614,24.1163,1.67614,0.273333
1.526,6.06046,6.06046,2,12.1209,34.9614,24.2222,3.36846,0.566667
1.5262,14.2942,14.2942,0,0,34.9614,24.0024,-4.95113e-08,0.416667
1.5264,20.7945,20.7945,1.47236,30.617,34.9614,24.1016,1.47236,0.266667
1.5266,20.964,20.964,1.06776,22.3847,34.9614,24.0745,1.06776,0.116667
1.5268,17.9466,17.9466,2,35.8931,34.9614,24.16,2.31366,0.273333
1.527,5.56225,5.56225,2,11.1245,34.9614,24.185,2.7718,0.544135
1.5272,17.7031,17.7031,0.0428583,0.758723,34.9614,24.0048,0.0428583,0.326792
1.5274,20.1198,20.1198,1.87015,37.6271,34.9614,24.129,1.87015,0.272502
1.5276,16.6159,16.6159,2,33.2318,34.9614,24.1457,2.09728,0.266667
1.5278,17.8086,17.8086,1.53093,27.2637,34.9614,24.1065,1.53093,0.273333
1.528,13.7463,13.7463,2,27.4927,34.9614,24.1785,2.59624,0.394135
1.5282,20.8094,20.8094,0.390402,8.12404,34.9614,24.0278,0.390402,0.199695
1.5284,19.0804,19.0804,2,38.1608,34.9614,24.1525,2.21139,0.277003
1.5286,12.7925,12.7925,2,25.5851,34.9614,24.152,2.1881,0.353621
1.5288,19.8771,19.8771,0.805926,16.0195,34.9614,24.0563,0.805926,0.273333
1.529,19.4369,19.4369,2,38.8739,34.9614,24.1385,2.00107,0.244135
1.5292,19.9761,19.9761,1.42418,28.4494,34.9614,24.0992,1.42418,0.164716
1.5294,17.451,17.451,2,34.9019,34.9614,24.1567,2.2625,0.274002
1.5296,15.0943,15.0943,1.75202,26.4454,34.9614,24.1219,1.75202,0.317951
1.5298,19.4318,19.4318,1.47413,28.6449,34.9614,24.1021,1.47413,0.273333
1.53,19.6983,19.6983,1.72999,34.0779,34.9614,24.12,1.72999,0.202298
1.5302,16.3624,16.3624,2,32.7248,34.9614,24.1543,2.22487,0.287157
1.5304,17.5771,17.5771,1.41516,24.8744,34.9614,24.0986,1.41516,0.275377
1.5306,18.9243,18.9243,1.97168,37.3126,34.9614,24.1364,1.97168,0.264115
1.5308,16.7013,16.7013,1.96121,32.7549,34.9614,24.1362,1.96121,0.273333
1.531,17.3871,17.3871,1.71107,29.7506,34.9614,24.1188,1.71107,0.291492
1.5312,14.2273,14.2273,2,28.4546,34.9614,24.1619,2.34722,0.376849
1.5314,18.6086,18.6086,0.964462,17.9473,34.9614,24.0675,0.964462,0.275289
1.5316,19.5936,19.5936,1.93667,37.9464,34.9614,24.1339,1.93667,0.242332
1.5318,16.432,16.432,2,32.8641,34.9614,24.1426,2.05419,0.273333
1.532,19.5218,19.5218,1.32963,25.9568,34.9614,24.0925,1.32963,0.229966
1.5322,13.2745,13.2745,2,26.549,34.9614,24.1995,2.90554,0.394689
1.5324,17.8797,17.8797,0.421156,7.53016,34.9614,24.0306,0.421156,0.274028
1.5326,19.0634,19.0634,2,38.1268,34.9614,24.1574,2.28819,0.302173
1.5328,15.8112,15.8112,1.79658,28.406,34.9614,24.1254,1.79658,0.273333
1.533,20.022,20.022,1.38271,27.6847,34.9614,24.0959,1.38271,0.236407
1.5332,14.0252,14.0252,2,28.0505,34.9614,24.1914,2.77811,0.366259
1.5334,17.7583,17.7583,0.637721,11.3248,34.9614,24.0454,0.637721,0.273518
1.5336,19.7405,19.7405,1.97081,38.9047,34.9614,24.1361,1.97081,0.262662
1.5338,16.2615,16.2615,2,32.5229,34.9614,24.1428,2.05538,0.273333
1.534,18.6423,18.6423,1.43562,26.7633,34.9614,24.0998,1.43562,0.259207
1.5342,19.6729,19.6729,1.76429,34.7086,34.9614,24.1223,1.76429,0.216259
1.5344,16.787,16.787,2,33.5739,34.9614,24.1486,2.1435,0.274037
1.5346,18.5985,18.5985,1.41384,26.2954,34.9614,24.0984,1.41384,0.246232
1.5348,18.1145,18.1145,2,36.2289,34.9614,24.1488,2.15152,0.273333
1.535,16.2901,16.2901,1.79215,29.1942,34.9614,24.1248,1.79215,0.284805
1.5352,15.1394,15.1394,2,30.2789,34.9614,24.1427,2.06963,0.366259
1.5354,18.7758,18.7758,1.2948,24.3108,34.9614,24.0901,1.2948,0.273483
1.5356,18.6987,18.6987,2,37.3974,34.9614,24.1447,2.09245,0.258451
1.5358,16.5416,16.5416,1.86284,30.8143,34.9614,24.1296,1.86284,0.273333
1.536,18.3938,18.3938,1.6609,30.5503,34.9614,24.1152,1.6609,0.273333
1.5362,6.11848,6.11848,2,12.237,34.9614,24.222,3.37001,0.566667
1.5364,14.2844,14.2844,0,0,34.9614,24.0024,-1.94624e-07,0.416667
1.5366,20.7974,20.7974,1.47114,30.5959,34.9614,24.1015,1.47114,0.266667
1.5368,20.9662,20.9662,1.06634,22.357,34.9614,24.0744,1.06634,0.116667
1.537,17.9429,17.9429,2,35.8859,34.9614,24.1602,2.31487,0.273333
1.5372,10.6806,10.6806,2,21.3611,34.9614,24.1525,2.21344,0.416667
1.5374,20.9959,20.9959,0.374037,7.85323,34.9614,24.0265,0.374037,0.266667
1.5376,19.0794,19.0794,2,38.1588,34.9614,24.1527,2.21252,0.277136
1.5378,16.2656,16.2656,1.81639,29.5446,34.9614,24.1265,1.81639,0.266667
1.538,18.6525,18.6525,1.64138,30.6158,34.9614,24.1138,1.64138,0.273333
1.5382,17.8635,17.8635,2,35.7269,34.9614,24.1421,2.05134,0.266667
1.5384,14.3194,14.3194,2,28.6389,34.9614,24.1433,2.06871,0.344893
1.5386,18.9626,18.9626,1.18675,22.5038,34.9614,24.0826,1.18675,0.28177
1.5388,15.853,15.853,2,31.7059,34.9614,24.183,2.65585,0.345174
1.539,16.8965,16.8965,1.03483,17.485,34.9614,24.0728,1.03483,0.273333
1.5392,20.7848,20.7848,1.33241,27.6939,34.9614,24.0925,1.33241,0.196155
1.5394,17.8401,17.8401,2,35.6802,34.9614,24.1541,2.22358,0.260888
1.5396,16.6801,16.6801,1.65906,27.6734,34.9614,24.1156,1.65906,0.274394
1.5398,18.793,18.793,1.78199,33.489,34.9614,24.1234,1.78199,0.270877
1.54,17.2329,17.2329,2,34.4658,34.9614,24.1415,2.0414,0.273333
1.5402,18.4866,18.4866,1.55823,28.8063,34.9614,24.1084,1.55823,0.248115
1.5404,18.8652,18.8652,1.92078,36.2358,34.9614,24.1331,1.92078,0.243473
1.5406,16.8346,16.8346,1.984,33.3998,34.9614,24.1377,1.984,0.274339
1.5408,19.3038,19.3038,1.45479,28.083,34.9614,24.1011,1.45479,0.233967
1.541,17.6987,17.6987,2,35.3975,34.9614,24.1526,2.20538,0.273333
1.5412,16.3454,16.3454,1.69815,27.757,34.9614,24.1182,1.69815,0.286418
1.5414,18.4621,18.4621,1.77433,32.7579,34.9614,24.1228,1.77433,0.28455
1.5416,16.9629,16.9629,2,33.9259,34.9614,24.143,2.06336,0.285793
1.5418,18.275,18.275,1.53977,28.1393,34.9614,24.1071,1.53977,0.257359
1.542,18.0617,18.0617,2,36.1234,34.9614,24.1435,2.0749,0.273333
1.5422,17.8042,17.8042,1.6828,29.9608,34.9614,24.117,1.6828,0.25092
1.5424,18.3091,18.3091,1.91327,35.0302,34.9614,24.1326,1.91327,0.265102
1.5426,17.199,17.199,1.91084,32.8645,34.9614,24.1327,1.91084,0.273497
1.5428,17.4682,17.4682,1.79261,31.3136,34.9614,24.1243,1.79261,0.284688
1.543,17.9838,17.9838,1.8501,33.2718,34.9614,24.1283,1.8501,0.273333
1.5432,17.7189,17.7189,1.87365,33.199,34.9614,24.13,1.87365,0.268581
1.5434,19.1892,19.1892,1.62384,31.1603,34.9614,24.1128,1.62384,0.228714
1.5436,17.5244,17.5244,2,35.0487,34.9614,24.1474,2.12768,0.269769
1.5438,17.4231,17.4231,1.63565,28.4981,34.9614,24.1138,1.63565,0.266727
1.544,18.3367,18.3367,1.92425,35.2843,34.9614,24.1332,1.92425,0.273333
1.5442,18.1525,18.1525,1.78413,32.3865,34.9614,24.124,1.78413,0.24646
1.5444,18.0952,18.0952,1.88731,34.1513,34.9614,24.1309,1.88731,0.259408
1.5446,17.4897,17.4897,1.88232,32.9212,34.9614,24.1306,1.88232,0.271002
1.5448,17.6732,17.6732,1.81577,32.0904,34.9614,24.126,1.81577,0.275974
1.545,17.8168,17.8168,1.86978,33.3135,34.9614,24.1296,1.86978,0.273333
1.5452,17.4674,17.4674,1.87689,32.7844,34.9614,24.1302,1.87689,0.276907
1.5454,16.8921,16.8921,1.91053,32.2727,34.9614,24.1324,1.91053,0.297052
1.5456,17.6763,17.6763,1.73822,30.7254,34.9614,24.1206,1.73822,0.283822
1.5458,17.9833,17.9833,1.91026,34.3528,34.9614,24.1323,1.91026,0.272982
1.546,17.4162,17.4162,1.86516,32.484,34.9614,24.1294,1.86516,0.273333
1.5462,17.8449,17.8449,1.80163,32.1499,34.9614,24.125,1.80163,0.273333
1.5464,6.08528,6.08528,2,12.1706,34.9614,24.2108,3.19252,0.566667
1.5466,14.9187,14.9187,0.0149687,0.223314,34.9614,24.0035,0.0149687,0.416667
1.5468,20.7057,20.7057,1.53412,31.765,34.9614,24.1059,1.53412,0.266667
1.547,20.936,20.936,1.08066,22.6247,34.9614,24.0754,1.08066,0.116667
1.5472,17.9185,17.9185,2,35.837,34.9614,24.1602,2.31478,0.273333
1.5474,10.698,10.698,2,21.3959,34.9614,24.1523,2.21097,0.416667
1.5476,17.8366,17.8366,0.800125,14.2715,34.9614,24.0559,0.800125,0.362558
1.5478,19.3286,19.3286,2,38.6573,34.9614,24.1448,2.09773,0.272935
1.548,19.4593,19.4593,1.4909,29.0118,34.9614,24.1038,1.4909,0.181056
1.5482,17.5453,17.5453,2,35.0906,34.9614,24.153,2.21083,0.273333
1.5484,17.1974,17.1974,1.58628,27.2799,34.9614,24.1105,1.58628,0.266667
1.5486,20.152,20.152,1.53426,30.9183,34.9614,24.1064,1.53426,0.212558
1.5488,17.0233,17.0233,2,34.0465,34.9614,24.1569,2.26501,0.276627
1.549,17.316,17.316,1.47473,25.5366,34.9614,24.1028,1.47473,0.268582
1.5492,18.6846,18.6846,1.97352,36.8744,34.9614,24.1365,1.97352,0.273333
1.5494,19.3558,19.3558,1.57044,30.3971,34.9614,24.1092,1.57044,0.201407
1.5496,15.715,15.715,2,31.4299,34.9614,24.1672,2.4163,0.318609
1.5498,17.6118,17.6118,1.16607,20.5367,34.9614,24.0816,1.16607,0.272582
1.55,20.7834,20.7834,1.29915,27.0009,34.9614,24.0903,1.29915,0.179661
1.5502,17.4837,17.4837,2,34.9674,34.9614,24.1599,2.30891,0.273333
1.5504,19.0338,19.0338,1.27662,24.299,34.9614,24.0891,1.27662,0.212163
1.5506,12.6428,12.6428,2,25.2856,34.9614,24.2056,3.00579,0.420403
1.5508,18.1289,18.1289,0.233754,4.23771,34.9614,24.0177,0.233754,0.271622
1.551,20.8514,20.8514,1.33949,27.9302,34.9614,24.0929,1.33949,0.209872
1.5512,17.3853,17.3853,2,34.7705,34.9614,24.1595,2.3042,0.273333
1.5514,15.5671,15.5671,1.65788,25.8083,34.9614,24.1155,1.65788,0.304674
1.5516,17.4674,17.4674,1.86293,32.5407,34.9614,24.1287,1.86293,0.327233
1.5518,17.8679,17.8679,1.80654,32.279,34.9614,24.1253,1.80654,0.272268
1.552,18.0773,18.0773,1.85581,33.5479,34.9614,24.1287,1.85581,0.263216
1.5522,17.4814,17.4814,1.9077,33.3492,34.9614,24.1325,1.9077,0.273333
1.5524,20.851,20.851,1.09559,22.8442,34.9614,24.0764,1.09559,0.154674
1.5526,18.6783,18.6783,2,37.3567,34.9614,24.1477,2.13221,0.2485
1.5528,16.4122,16.4122,1.83983,30.1956,34.9614,24.128,1.83983,0.273566
1.553,17.2098,17.2098,1.81216,31.1869,34.9614,24.1255,1.81216,0.308574
1.5532,18.0966,18.0966,1.79771,32.5325,34.9614,24.1246,1.79771,0.273333
1.5534,16.8996,16.8996,2,33.7993,34.9614,24.1405,2.02779,0.291892
1.5536,19.3438,19.3438,1.42012,27.4705,34.9614,24.0987,1.42012,0.229289
1.5538,17.7513,17.7513,2,35.5026,34.9614,24.1533,2.21663,0.273586
1.554,15.562,15.562,1.77491,27.6211,34.9614,24.1236,1.77491,0.304663
1.5542,19.1327,19.1327,1.54358,29.5329,34.9614,24.1069,1.54358,0.273333
1.5544,18.547,18.547,1.99922,37.0796,34.9614,24.1386,1.99922,0.244897
1.5546,15.3671,15.3671,2,30.7343,34.9614,24.1431,2.05986,0.311024
1.5548,18.7401,18.7401,1.33058,24.9352,34.9614,24.0925,1.33058,0.271113
1.555,19.9551,19.9551,1.69229,33.7698,34.9614,24.1174,1.69229,0.206552
1.5552,16.8563,16.8563,2,33.7126,34.9614,24.1519,2.18963,0.273333
1.5554,17.5544,17.5544,1.49968,26.326,34.9614,24.1044,1.49968,0.269965
1.5556,16.5876,16.5876,2,33.1752,34.9614,24.1568,2.27399,0.327445
1.5558,17.4718,17.4718,1.40574,24.5608,34.9614,24.098,1.40574,0.271314
1.556,19.0377,19.0377,1.94927,37.1096,34.9614,24.1349,1.94927,0.262408
1.5562,16.6887,16.6887,1.99074,33.2229,34.9614,24.1382,1.99074,0.273333
1.5564,18.0121,18.0121,1.61087,29.0151,34.9614,24.1119,1.61087,0.273333
1.5566,6.51992,6.51992,2,13.0398,34.9614,24.2193,3.34008,0.566667
1.5568,14.4256,14.4256,0,0,34.9614,24.0026,-2.45628e-06,0.416667
1.557,20.7775,20.7775,1.48546,30.8642,34.9614,24.1025,1.48546,0.266667
1.5572,20.9585,20.9585,1.07019,22.4295,34.9614,24.0747,1.07019,0.116667
1.5574,17.9405,17.9405,2,35.8809,34.9614,24.1602,2.31422,0.273333
1.5576,10.6869,10.6869,2,21.3738,34.9614,24.1527,2.21226,0.416667
1.5578,20.9957,20.9957,0.375421,7.88225,34.9614,24.0266,0.375421,0.266667
1.558,19.0394,19.0394,2,38.0788,34.9614,24.1536,2.22667,0.278708
1.5582,20.7896,20.7896,1.02133,21.233,34.9614,24.0714,1.02133,0.119282
1.5584,18.0747,18.0747,2,36.1495,34.9614,24.1595,2.30799,0.273333
1.5586,16.6262,16.6262,1.60975,26.764,34.9614,24.1123,1.60975,0.266667
1.5588,13.3948,13.3948,2,26.7897,34.9614,24.1678,2.45359,0.416667
1.559,18.6692,18.6692,0.771332,14.4002,34.9614,24.0543,0.771332,0.280845
1.5592,19.18,19.18,2,38.3601,34.9614,24.1475,2.13698,0.269282
1.5594,16.1474,16.1474,1.90657,30.7862,34.9614,24.1327,1.90657,0.273333
1.5596,20.6924,20.6924,1.13067,23.3963,34.9614,24.0787,1.13067,0.192545
1.5598,14.5776,14.5776,2,29.1552,34.9614,24.1971,2.86231,0.363232
1.56,16.9511,16.9511,0.699222,11.8526,34.9614,24.0499,0.699222,0.279187
1.5602,17.8763,17.8763,2,35.7526,34.9614,24.1767,2.57134,0.346167
1.5604,15.8239,15.8239,1.43667,22.7338,34.9614,24.1006,1.43667,0.273333
1.5606,17.4314,17.4314,2,34.8627,34.9614,24.1437,2.08712,0.337567
1.5608,15.919,15.919,1.82383,29.0335,34.9614,24.1266,1.82383,0.308728
1.561,18.6193,18.6193,1.60651,29.9121,34.9614,24.1113,1.60651,0.279645
1.5612,15.8666,15.8666,2,31.7332,34.9614,24.1619,2.34078,0.322917
1.5614,17.6884,17.6884,1.24867,22.087,34.9614,24.0872,1.24867,0.273333
1.5616,14.7656,14.7656,2,29.5311,34.9614,24.1859,2.71338,0.388428
1.5618,17.538,17.538,0.796946,13.9768,34.9614,24.0564,0.796946,0.270806
1.562,19.4473,19.4473,2,38.8945,34.9614,24.1424,2.06454,0.272394
1.5622,18.5334,18.5334,1.67657,31.0726,34.9614,24.1167,1.67657,0.210691
1.5624,17.6205,17.6205,2,35.241,34.9614,24.1425,2.05509,0.273333
1.5626,16.3694,16.3694,1.8238,29.8545,34.9614,24.1267,1.8238,0.296788
1.5628,19.2781,19.2781,1.55154,29.9108,34.9614,24.1076,1.55154,0.251913
1.563,17.0519,17.0519,2,34.1038,34.9614,24.1555,2.2458,0.285358
1.5632,20.7406,20.7406,0.959879,19.9085,34.9614,24.067,0.959879,0.159003
1.5634,18.2108,18.2108,2,36.4216,34.9614,24.1589,2.30005,0.273333
1.5636,15.7053,15.7053,1.72805,27.1396,34.9614,24.1204,1.72805,0.288296
1.5638,19.9938,19.9938,1.43194,28.6299,34.9614,24.0993,1.43194,0.242933
1.564,17.4698,17.4698,2,34.9395,34.9614,24.1558,2.2518,0.273158
1.5642,15.4742,15.4742,1.72698,26.7236,34.9614,24.1202,1.72698,0.309003
1.5644,19.2726,19.2726,1.55529,29.9744,34.9614,24.1077,1.55529,0.273333
1.5646,14.3059,14.3059,2,28.6117,34.9614,24.1793,2.59733,0.356429
1.5648,18.1372,18.1372,0.792384,14.3716,34.9614,24.0559,0.792384,0.270514
1.565,19.0137,19.0137,2,38.0273,34.9614,24.1518,2.20145,0.281877
1.5652,16.1389,16.1389,1.83608,29.6323,34.9614,24.1279,1.83608,0.271606
1.5654,18.6861,18.6861,1.60805,30.0481,34.9614,24.1114,1.60805,0.273333
1.5656,16.7014,16.7014,2,33.4028,34.9614,24.1548,2.23765,0.300187
1.5658,17.6797,17.6797,1.42756,25.2388,34.9614,24.0995,1.42756,0.266178
1.566,18.3061,18.3061,2,36.6122,34.9614,24.1442,2.08574,0.281501
1.5662,18.1801,18.1801,1.64693,29.9413,34.9614,24.1146,1.64693,0.236592
1.5664,17.8779,17.8779,2,35.7558,34.9614,24.1401,2.02366,0.273333
1.5666,17.2,17.2,1.78217,30.6534,34.9614,24.1238,1.78217,0.273333
1.5668,6.56353,6.56353,2,13.1271,34.9614,24.2045,3.09957,0.566667
1.567,15.2881,15.2881,0.0266475,0.40739,34.9614,24.0042,0.0266475,0.416667
1.5672,20.6519,20.6519,1.56997,32.4228,34.9614,24.1083,1.56997,0.266667
1.5674,20.9185,20.9185,1.0882,22.7635,34.9614,24.0759,1.0882,0.116667
1.5676,17.9124,17.9124,2,35.8247,34.9614,24.1601,2.31566,0.273333
1.5678,10.7073,10.7073,2,21.4145,34.9614,24.1526,2.20877,0.416667
1.568,20.7306,20.7306,0.434938,9.01652,34.9614,24.0307,0.434938,0.277746
1.5682,19.1356,19.1356,2,38.2713,34.9614,24.1507,2.18465,0.272698
1.5684,16.3075,16.3075,1.84049,30.0139,34.9614,24.1282,1.84049,0.266667
1.5686,18.5842,18.5842,1.63473,30.3801,34.9614,24.1133,1.63473,0.273333
1.5688,16.6116,16.6116,2,33.2232,34.9614,24.1541,2.22448,0.302216
1.569,17.3761,17.3761,1.46248,25.4122,34.9614,24.1019,1.46248,0.276198
1.5692,18.576,18.576,2,37.152,34.9614,24.1387,2.0038,0.276511
1.5694,14.1056,14.1056,2,28.2112,34.9614,24.152,2.1953,0.342109
1.5696,19.1129,19.1129,1.03216,19.7276,34.9614,24.072,1.03216,0.273333
1.5698,20.3032,20.3032,1.58207,32.1212,34.9614,24.1097,1.58207,0.196659
1.57,17.1133,17.1133,2,34.2267,34.9614,24.1539,2.22066,0.269715
1.5702,17.1745,17.1745,1.53699,26.3971,34.9614,24.1071,1.53699,0.273568
1.5704,20.5472,20.5472,1.37749,28.3037,34.9614,24.0957,1.37749,0.192109
1.5706,17.3917,17.3917,2,34.7834,34.9614,24.1585,2.28802,0.273333
1.5708,13.9252,13.9252,1.84406,25.6789,34.9614,24.1284,1.84406,0.346659
1.571,19.6278,19.6278,1.25717,24.6754,34.9614,24.0871,1.25717,0.28218
1.5712,17.9369,17.9369,2,35.8738,34.9614,24.1567,2.26407,0.274157
1.5714,15.306,15.306,1.77518,27.1708,34.9614,24.1236,1.77518,0.305187
1.5716,19.2746,19.2746,1.50171,28.9449,34.9614,24.104,1.50171,0.273333
1.5718,16.9801,16.9801,2,33.9602,34.9614,24.1586,2.29235,0.290863
1.572,16.7097,16.7097,1.50797,25.1978,34.9614,24.1051,1.50797,0.282848
1.5722,18.9184,18.9184,1.87492,35.4705,34.9614,24.1296,1.87492,0.274631
1.5724,16.5297,16.5297,2,33.0593,34.9614,24.143,2.05896,0.284293
1.5726,17.9476,17.9476,1.54182,27.6719,34.9614,24.1071,1.54182,0.273333
1.5728,18.559,18.559,1.97698,36.6907,34.9614,24.1369,1.97698,0.262814
1.573,17.1321,17.1321,1.88209,32.2442,34.9614,24.1307,1.88209,0.267216
1.5732,18.0042,18.0042,1.74514,31.4199,34.9614,24.121,1.74514,0.273067
1.5734,18.4764,18.4764,1.85204,34.219,34.9614,24.1284,1.85204,0.25313
1.5736,17.2493,17.2493,1.9654,33.9017,34.9614,24.1364,1.9654,0.273333
1.5738,18.1974,18.1974,1.6589,30.1877,34.9614,24.1152,1.6589,0.260605
1.574,18.1409,18.1409,1.97797,35.8821,34.9614,24.137,1.97797,0.264768
1.5742,17.1143,17.1143,1.85329,31.7178,34.9614,24.1287,1.85329,0.274536
1.5744,18.3523,18.3523,1.72391,31.6377,34.9614,24.1196,1.72391,0.265299
1.5746,17.6219,17.6219,2,35.2438,34.9614,24.1394,2.01187,0.273333
1.5748,17.5461,17.5461,1.73168,30.3842,34.9614,24.1203,1.73168,0.269253
1.575,17.819,17.819,1.92847,34.3634,34.9614,24.1336,1.92847,0.280292
1.5752,17.4286,17.4286,1.83385,31.9614,34.9614,24.1273,1.83385,0.274635
1.5754,17.8615,17.8615,1.82838,32.6576,34.9614,24.1268,1.82838,0.274912
1.5756,17.6685,17.6685,1.89022,33.3973,34.9614,24.1312,1.89022,0.273333
1.5758,17.7004,17.7004,1.82149,32.2412,34.9614,24.1264,1.82149,0.271825
1.576,18.6946,18.6946,1.74376,32.5989,34.9614,24.121,1.74376,0.247339
1.5762,17.3348,17.3348,2,34.6695,34.9614,24.1419,2.04847,0.274409
1.5764,18.8357,18.8357,1.51346,28.507,34.9614,24.1053,1.51346,0.236204
1.5766,17.799,17.799,2,35.598,34.9614,24.1488,2.14985,0.273333
1.5768,16.9507,16.9507,1.69386,28.7122,34.9614,24.1179,1.69386,0.273333
1.577,6.95912,6.95912,2,13.9182,34.9614,24.2047,3.11613,0.566667
1.5772,15.2166,15.2166,0.0239802,0.364898,34.9614,24.004,0.0239802,0.416667
1.5774,20.6615,20.6615,1.5636,32.3065,34.9614,24.1079,1.5636,0.266667
1.5776,20.9206,20.9206,1.08732,22.7474,34.9614,24.0759,1.08732,0.116667
1.5778,17.9107,17.9107,2,35.8214,34.9614,24.1601,2.31616,0.273333
1.578,10.697,10.697,2,21.3941,34.9614,24.1522,2.20799,0.416667
1.5782,17.6692,17.6692,0.82196,14.5234,34.9614,24.0575,0.82196,0.367093
1.5784,19.3833,19.3833,2,38.7666,34.9614,24.1435,2.0774,0.272169
1.5786,18.9312,18.9312,1.60072,30.3035,34.9614,24.1115,1.60072,0.198502
1.5788,17.5691,17.5691,2,35.1382,34.9614,24.1473,2.12753,0.273333
1.579,17.2081,17.2081,1.66184,28.5971,34.9614,24.1156,1.66184,0.271333
1.5792,19.998,19.998,1.54827,30.9624,34.9614,24.1074,1.54827,0.217093
1.5794,17.1167,17.1167,2,34.2335,34.9614,24.1554,2.24356,0.275354
1.5796,16.4826,16.4826,1.592,26.2403,34.9614,24.1109,1.592,0.289668
1.5798,18.9544,18.9544,1.79436,34.011,34.9614,24.1241,1.79436,0.273333
1.58,19.5192,19.5192,1.64859,32.1791,34.9614,24.1145,1.64859,0.200571
1.5802,13.5105,13.5105,2,27.021,34.9614,24.1808,2.62561,0.367093
1.5804,18.6295,18.6295,0.630234,11.7409,34.9614,24.0447,0.630234,0.268993
1.5806,21.3581,21.3581,0.842871,18.0021,34.9614,24.0588,0.842871,0.142387
1.5808,18.3193,18.3193,2,36.6386,34.9614,24.159,2.30254,0.273333
1.581,15.7691,15.7691,1.72902,27.265,34.9614,24.1205,1.72902,0.284794
1.5812,14.4692,14.4692,2,28.9384,34.9614,24.1473,2.14544,0.39591
1.5814,19.2724,19.2724,1.09595,21.1215,34.9614,24.0763,1.09595,0.26589
1.5816,17.7838,17.7838,2,35.5676,34.9614,24.164,2.37577,0.292387
1.5818,16.3703,16.3703,1.54719,25.328,34.9614,24.108,1.54719,0.273333
1.582,21.0482,21.0482,1.0675,22.4689,34.9614,24.0743,1.0675,0.170776
1.5822,15.8976,15.8976,2,31.7952,34.9614,24.1855,2.69213,0.33059
1.5824,16.7267,16.7267,1.02336,17.1173,34.9614,24.0721,1.02336,0.274243
1.5826,18.8193,18.8193,2,37.6386,34.9614,24.1512,2.19321,0.302059
1.5828,16.1982,16.1982,1.82419,29.5486,34.9614,24.127,1.82419,0.273333
1.583,17.0227,17.0227,1.82662,31.0941,34.9614,24.1264,1.82662,0.317898
1.5832,18.7637,18.7637,1.68095,31.541,34.9614,24.1166,1.68095,0.256555
1.5834,17.409,17.409,2,34.818,34.9614,24.1448,2.09079,0.275095
1.5836,18.0315,18.0315,1.58713,28.6182,34.9614,24.1104,1.58713,0.254835
1.5838,18.0838,18.0838,2,36.1676,34.9614,24.1404,2.02826,0.273333
1.584,20.0567,20.0567,1.35155,27.1075,34.9614,24.0941,1.35155,0.182022
1.5842,18.6851,18.6851,2,37.3702,34.9614,24.1421,2.04902,0.239902
1.5844,16.7951,16.7951,1.86814,31.3757,34.9614,24.1298,1.86814,0.269838
1.5846,18.9019,18.9019,1.60896,30.4125,34.9614,24.1116,1.60896,0.253892
1.5848,17.5666,17.5666,2,35.1332,34.9614,24.1472,2.12396,0.273333
1.585,17.2184,17.2184,1.66402,28.6518,34.9614,24.1158,1.66402,0.271515
1.5852,18.8363,18.8363,1.80704,34.0378,34.9614,24.1253,1.80704,0.260073
1.5854,17.3139,17.3139,2,34.6277,34.9614,24.1396,2.01165,0.269191
1.5856,14.7632,14.7632,2,29.5264,34.9614,24.1388,2.00539,0.345003
1.5858,19.1332,19.1332,1.26791,24.2591,34.9614,24.0881,1.26791,0.273333
1.586,19.655,19.655,1.81733,35.7197,34.9614,24.1259,1.81733,0.218077
1.5862,16.6589,16.6589,2,33.3178,34.9614,24.1471,2.12052,0.274258
1.5864,17.8017,17.8017,1.51478,26.9656,34.9614,24.1054,1.51478,0.271069
1.5866,19.6856,19.6856,1.72751,34.007,34.9614,24.1197,1.72751,0.226055
1.5868,16.913,16.913,2,33.826,34.9614,24.1493,2.15411,0.273333
1.587,17.4854,17.4854,1.54475,27.0104,34.9614,24.1075,1.54475,0.273333
1.5872,7.01445,7.01445,2,14.0289,34.9614,24.2175,3.30037,0.566667
1.5874,14.5565,14.5565,0.00395582,0.057583,34.9614,24.0029,0.00395582,0.416667
1.5876,20.7604,20.7604,1.4968,31.074,34.9614,24.1033,1.4968,0.266667
1.5878,20.9529,20.9529,1.0731,22.4845,34.9614,24.0749,1.0731,0.116667
1.588,17.9392,17.9392,2,35.8783,34.9614,24.1601,2.31419,0.273333
1.5882,10.6863,10.6863,2,21.3727,34.9614,24.1529,2.21266,0.416667
1.5884,20.9933,20.9933,0.37549,7.88279,34.9614,24.0266,0.37549,0.266667
1.5886,19.0651,19.0651,2,38.1303,34.9614,24.1531,2.21864,0.277715
1.5888,16.2575,16.2575,1.81372,29.4864,34.9614,24.1263,1.81372,0.266667
1.589,18.6601,18.6601,1.64,30.6027,34.9614,24.1137,1.64,0.273333
1.5892,17.8623,17.8623,2,35.7246,34.9614,24.1421,2.04904,0.266667
1.5894,11.4237,11.4237,2,22.8475,34.9614,24.1637,2.3764,0.416667
1.5896,20.0038,20.0038,0.472265,9.44707,34.9614,24.0335,0.472265,0.280606
1.5898,17.0242,17.0242,2,34.0483,34.9614,24.1905,2.77162,0.346663
1.59,15.8218,15.8218,1.1623,18.3897,34.9614,24.0819,1.1623,0.273333
1.5902,21.0067,21.0067,1.16925,24.5621,34.9614,24.0812,1.16925,0.194338
1.5904,14.0772,14.0772,2,28.1544,34.9614,24.1997,2.90218,0.37101
1.5906,17.2155,17.2155,0.581291,10.0072,34.9614,24.0417,0.581291,0.277919
1.5908,18.6496,18.6496,2,37.2991,34.9614,24.1656,2.40551,0.320308
1.591,15.7715,15.7715,1.6642,26.2469,34.9614,24.1162,1.6642,0.273333
1.5912,16.6675,16.6675,1.96754,32.794,34.9614,24.1358,1.96754,0.344338
1.5914,15.0335,15.0335,1.95389,29.374,34.9614,24.1355,1.95389,0.351255
1.5916,19.1331,19.1331,1.34095,25.6566,34.9614,24.0931,1.34095,0.27206
1.5918,17.2674,17.2674,2,34.5348,34.9614,24.162,2.34273,0.294783
1.592,16.7814,16.7814,1.4836,24.8968,34.9614,24.1035,1.4836,0.273333
1.5922,16.5507,16.5507,2,33.1014,34.9614,24.1539,2.23421,0.341995
1.5924,16.6572,16.6572,1.52332,25.3742,34.9614,24.1061,1.52332,0.295101
1.5926,18.9418,18.9418,1.85784,35.1907,34.9614,24.1285,1.85784,0.274163
1.5928,16.2216,16.2216,2,32.4431,34.9614,24.1466,2.1121,0.293135
1.593,18.0236,18.0236,1.45478,26.2204,34.9614,24.1012,1.45478,0.273333
1.5932,20.3409,20.3409,1.49716,30.4535,34.9614,24.1039,1.49716,0.191995
1.5934,17.7051,17.7051,2,35.4101,34.9614,24.1505,2.17231,0.258544
1.5936,16.9356,16.9356,1.66434,28.1867,34.9614,24.1158,1.66434,0.273565
1.5938,17.5189,17.5189,1.97472,34.595,34.9614,24.1367,1.97472,0.302778
1.594,17.5307,17.5307,1.75624,30.788,34.9614,24.1219,1.75624,0.273333
1.5942,17.4752,17.4752,1.94889,34.0571,34.9614,24.135,1.94889,0.288457
1.5944,18.1392,18.1392,1.70054,30.8463,34.9614,24.1181,1.70054,0.259617
1.5946,17.771,17.771,1.99484,35.4502,34.9614,24.1383,1.99484,0.273843
1.5948,14.9252,14.9252,2,29.8503,34.9614,24.1422,2.04973,0.334817
1.595,18.9527,18.9527,1.26857,24.0429,34.9614,24.0882,1.26857,0.273333
1.5952,17.1805,17.1805,2,34.3611,34.9614,24.1657,2.40065,0.304192
1.5954,17.0515,17.0515,1.39577,23.8,34.9614,24.0975,1.39577,0.264136
1.5956,18.9261,18.9261,1.96562,37.2014,34.9614,24.1359,1.96562,0.274248
1.5958,17.2257,17.2257,1.9059,32.8305,34.9614,24.1324,1.9059,0.260476
1.596,17.8797,17.8797,1.74946,31.2798,34.9614,24.1214,1.74946,0.273333
1.5962,18.1683,18.1683,1.88605,34.2662,34.9614,24.1307,1.88605,0.263952
1.5964,17.163,17.163,1.92776,33.0862,34.9614,24.1337,1.92776,0.278364
1.5966,17.874,17.874,1.72529,30.8378,34.9614,24.1197,1.72529,0.273302
1.5968,17.194,17.194,2,34.388,34.9614,24.1411,2.03619,0.29229
1.597,17.582,17.582,1.66619,29.2951,34.9614,24.1158,1.66619,0.273333
1.5972,18.1893,18.1893,1.92913,35.0896,34.9614,24.1336,1.92913,0.273333
1.5974,5.54997,5.54997,2,11.0999,34.9614,24.2088,3.16311,0.566667
1.5976,14.9506,14.9506,0.0159159,0.237952,34.9614,24.0036,0.0159159,0.416667
1.5978,20.7005,20.7005,1.5385,31.8477,34.9614,24.1062,1.5385,0.266667
1.598,20.9322,20.9322,1.0821,22.6507,34.9614,24.0755,1.0821,0.116667
1.5982,17.9179,17.9179,2,35.8358,34.9614,24.1601,2.3136,0.273333
1.5984,5.84381,5.84381,2,11.6876,34.9614,24.1837,2.74,0.537953
1.5986,18.6462,18.6462,0.0191482,0.35704,34.9614,24.0029,0.0191482,0.266667
1.5988,19.8521,19.8521,1.99877,39.6799,34.9614,24.1378,1.99877,0.279175
1.599,20.5741,20.5741,1.20472,24.786,34.9614,24.084,1.20472,0.128854
1.5992,17.7492,17.7492,2,35.4985,34.9614,24.1597,2.30597,0.273333
1.5994,11.993,11.993,2,23.986,34.9614,24.1428,2.06423,0.387953
1.5996,21.6856,21.6856,0.320572,6.9518,34.9614,24.0227,0.320572,0.200512
1.5998,18.9901,18.9901,2,37.9802,34.9614,24.155,2.24795,0.280714
1.6,19.6511,19.6511,1.33984,26.3294,34.9614,24.0935,1.33984,0.17168
1.6002,17.794,17.794,2,35.588,34.9614,24.1557,2.25115,0.273333
1.6004,18.0495,18.0495,1.47761,26.6701,34.9614,24.103,1.47761,0.237953
1.6006,15.4523,15.4523,2,30.9045,34.9614,24.1698,2.4635,0.350512
1.6008,17.5404,17.5404,1.10464,19.3759,34.9614,24.0774,1.10464,0.2758
1.601,17.7427,17.7427,2,35.4853,34.9614,24.1643,2.38669,0.318608
1.6012,16.3601,16.3601,1.53486,25.1104,34.9614,24.1072,1.53486,0.273333
1.6014,21.0013,21.0013,1.1044,23.1938,34.9614,24.0768,1.1044,0.175263
1.6016,16.1158,16.1158,2,32.2317,34.9614,24.182,2.6359,0.322244
1.6018,16.592,16.592,1.11235,18.4561,34.9614,24.0782,1.11235,0.277785
1.602,18.5492,18.5492,2,37.0985,34.9614,24.1518,2.20166,0.309717
1.6022,16.3564,16.3564,1.77907,29.0993,34.9614,24.1239,1.77907,0.273333
1.6024,16.7355,16.7355,1.91326,32.0194,34.9614,24.1324,1.91326,0.325263
1.6026,20.7395,20.7395,1.13207,23.4785,34.9614,24.0788,1.13207,0.177283
1.6028,17.8782,17.8782,2,35.7565,34.9614,24.1595,2.30633,0.273155
1.603,16.6003,16.6003,1.59416,26.4635,34.9614,24.1112,1.59416,0.270325
1.6032,18.88,18.88,1.81342,34.2374,34.9614,24.1254,1.81342,0.273333
1.6034,18.4312,18.4312,1.85053,34.1074,34.9614,24.1285,1.85053,0.236813
1.6036,15.8626,15.8626,2,31.7252,34.9614,24.1473,2.12691,0.309901
1.6038,17.8819,17.8819,1.42104,25.4108,34.9614,24.0989,1.42104,0.28167
1.604,18.0657,18.0657,2,36.1314,34.9614,24.1479,2.14014,0.285878
1.6042,16.8083,16.8083,1.7424,29.2868,34.9614,24.1212,1.7424,0.273333
1.6044,19.6278,19.6278,1.57783,30.9693,34.9614,24.1094,1.57783,0.236416
1.6046,15.2406,15.2406,2,30.4813,34.9614,24.1711,2.47708,0.326791
1.6048,17.8941,17.8941,1.03202,18.467,34.9614,24.0724,1.03202,0.269295
1.605,18.4305,18.4305,2,36.8611,34.9614,24.1574,2.28359,0.29479
1.6052,16.2158,16.2158,1.70816,27.6993,34.9614,24.1191,1.70816,0.273333
1.6054,19.2151,19.2151,1.6406,31.5242,34.9614,24.1136,1.6406,0.263274
1.6056,17.1745,17.1745,2,34.3489,34.9614,24.15,2.16553,0.277596
1.6058,16.9374,16.9374,1.61949,27.4301,34.9614,24.1127,1.61949,0.282292
1.606,18.0698,18.0698,1.93896,35.0365,34.9614,24.1341,1.93896,0.290155
1.6062,17.2839,17.2839,1.85985,32.1455,34.9614,24.1292,1.85985,0.273333
1.6064,17.613,17.613,1.82365,32.12,34.9614,24.1266,1.82365,0.282403
1.6066,19.4075,19.4075,1.61286,31.3016,34.9614,24.1119,1.61286,0.225648
1.6068,17.4647,17.4647,2,34.9294,34.9614,24.1486,2.14481,0.268869
1.607,15.9356,15.9356,1.77407,28.271,34.9614,24.1233,1.77407,0.304732
1.6072,18.9356,18.9356,1.60916,30.4703,34.9614,24.1115,1.60916,0.273333
1.6074,17.5542,17.5542,2,35.1084,34.9614,24.1471,2.12474,0.273333
1.6076,5.43802,5.43802,2,10.876,34.9614,24.1936,2.93059,0.566667
1.6078,15.7512,15.7512,0.0552051,0.869547,34.9614,24.006,0.0552051,0.416667
1.608,20.5842,20.5842,1.61284,33.199,34.9614,24.1113,1.61284,0.266667
1.6082,20.8981,20.8981,1.09595,22.9033,34.9614,24.0765,1.09595,0.116667
1.6084,17.9026,17.9026,2,35.8051,34.9614,24.16,2.31494,0.273333
1.6086,7.91519,7.91519,2,15.8304,34.9614,24.1709,2.50983,0.486563
1.6088,20.1715,20.1715,0.134063,2.70425,34.9614,24.0103,0.134063,0.266667
1.609,19.4687,19.4687,2,38.9374,34.9614,24.1467,2.12777,0.279823
1.6092,16.952,16.952,1.8334,31.0798,34.9614,24.1276,1.8334,0.249025
1.6094,18.2055,18.2055,1.74613,31.7892,34.9614,24.121,1.74613,0.273333
1.6096,15.2241,15.2241,2,30.4482,34.9614,24.1571,2.27361,0.336562
1.6098,20.613,20.613,0.836151,17.2355,34.9614,24.0584,0.836151,0.198573
1.61,18.1169,18.1169,2,36.2338,34.9614,24.1636,2.37069,0.28504
1.6102,13.4745,13.4745,1.88261,25.3672,34.9614,24.1312,1.88261,0.340461
1.6104,20.0492,20.0492,1.11048,22.2641,34.9614,24.0771,1.11048,0.273333
1.6106,18.8319,18.8319,2,37.6638,34.9614,24.1456,2.10376,0.248866
1.6108,17.7644,17.7644,1.7191,30.5387,34.9614,24.1196,1.7191,0.238855
1.611,17.6204,17.6204,1.97668,34.83,34.9614,24.137,1.97668,0.282945
1.6112,19.8732,19.8732,1.40711,27.9637,34.9614,24.0979,1.40711,0.200402
1.6114,17.5516,17.5516,2,35.1033,34.9614,24.156,2.25492,0.273333
1.6116,18.8403,18.8403,1.35745,25.5748,34.9614,24.0947,1.35745,0.219896
1.6118,17.3594,17.3594,2,34.7188,34.9614,24.1603,2.31822,0.295191
1.612,16.7988,16.7988,1.5143,25.4384,34.9614,24.1056,1.5143,0.273104
1.6122,20.1578,20.1578,1.55701,31.3859,34.9614,24.1079,1.55701,0.222827
1.6124,17.1165,17.1165,2,34.2329,34.9614,24.1551,2.23719,0.273333
1.6126,15.5145,15.5145,1.70064,26.3846,34.9614,24.1183,1.70064,0.314447
1.6128,18.2386,18.2386,1.72713,31.5003,34.9614,24.1194,1.72713,0.304675
1.613,17.2415,17.2415,2,34.483,34.9614,24.1422,2.05323,0.28477
1.6132,15.9404,15.9404,1.83588,29.2648,34.9614,24.1274,1.83588,0.313661
1.6134,18.7952,18.7952,1.57535,29.6091,34.9614,24.1092,1.57535,0.273333
1.6136,18.8725,18.8725,1.9117,36.0786,34.9614,24.1325,1.9117,0.237402
1.6138,16.9693,16.9693,1.97385,33.495,34.9614,24.137,1.97385,0.27113
1.614,17.5561,17.5561,1.70449,29.9241,34.9614,24.1183,1.70449,0.282136
1.6142,20.0185,20.0185,1.52911,30.6106,34.9614,24.1061,1.52911,0.207665
1.6144,17.2139,17.2139,2,34.4279,34.9614,24.1551,2.23971,0.273333
1.6146,18.8245,18.8245,1.34362,25.293,34.9614,24.0937,1.34362,0.226942
1.6148,18.1339,18.1339,2,36.2677,34.9614,24.1513,2.18834,0.273436
1.615,16.8488,16.8488,1.69704,28.5932,34.9614,24.1182,1.69704,0.26775
1.6152,20.9876,20.9876,1.07402,22.5411,34.9614,24.0748,1.07402,0.162654
1.6154,17.9259,17.9259,2,35.8518,34.9614,24.1601,2.31561,0.273333
1.6156,17.704,17.704,1.47196,26.0597,34.9614,24.1027,1.47196,0.240851
1.6158,16.2054,16.2054,2,32.4108,34.9614,24.1623,2.35521,0.336784
1.616,16.3357,16.3357,1.41103,23.0502,34.9614,24.0985,1.41103,0.300997
1.6162,19.6198,19.6198,1.76638,34.6561,34.9614,24.1222,1.76638,0.260898
1.6164,16.8334,16.8334,2,33.6669,34.9614,24.1482,2.13611,0.273333
1.6166,18.5781,18.5781,1.42691,26.5092,34.9614,24.0993,1.42691,0.246695
1.6168,17.6038,17.6038,2,35.2077,34.9614,24.1542,2.2287,0.287884
1.617,16.024,16.024,1.70088,27.2549,34.9614,24.1184,1.70088,0.294485
1.6172,17.5329,17.5329,1.85961,32.6042,34.9614,24.1286,1.85961,0.315091
1.6174,17.7998,17.7998,1.82305,32.4499,34.9614,24.1264,1.82305,0.273333
1.6176,17.7316,17.7316,1.88163,33.3643,34.9614,24.1305,1.88163,0.273333
1.6178,5.95992,5.95992,2,11.9198,34.9614,24.2053,3.12127,0.566667
1.618,15.1756,15.1756,0.0227463,0.345189,34.9614,24.004,0.0227463,0.416667
1.6182,20.6696,20.6696,1.55849,32.2133,34.9614,24.1075,1.55849,0.266667
1.6184,20.922,20.922,1.08668,22.7356,34.9614,24.0758,1.08668,0.116667
1.6186,17.9114,17.9114,2,35.8228,34.9614,24.1602,2.31551,0.273333
1.6188,9.72193,9.72193,2,19.4439,34.9614,24.1594,2.31772,0.441346
1.619,20.9258,20.9258,0.269199,5.63319,34.9614,24.0193,0.269199,0.266667
1.6192,19.4452,19.4452,2,38.8904,34.9614,24.1449,2.09731,0.268498
1.6194,20.609,20.609,1.15609,23.8258,34.9614,24.0807,1.15609,0.128594
1.6196,17.8477,17.8477,2,35.6954,34.9614,24.1596,2.30525,0.273333
1.6198,14.093,14.093,1.85541,26.1483,34.9614,24.129,1.85541,0.333856
1.62,20.199,20.199,1.16152,23.4616,34.9614,24.0806,1.16152,0.258039
1.6202,17.8602,17.8602,2,35.7204,34.9614,24.1597,2.31006,0.275817
1.6204,16.2781,16.2781,1.62426,26.4398,34.9614,24.1133,1.62426,0.278594
1.6206,19.0082,19.0082,1.74436,33.1571,34.9614,24.1207,1.74436,0.273333
1.6208,19.882,19.882,1.57141,31.2428,34.9614,24.1092,1.57141,0.187185
1.621,17.7082,17.7082,2,35.4163,34.9614,24.1479,2.13401,0.258682
1.6212,17.0359,17.0359,1.69252,28.8336,34.9614,24.1178,1.69252,0.273493
1.6214,15.7529,15.7529,2,31.5059,34.9614,24.1494,2.16503,0.345189
1.6216,18.1965,18.1965,1.3408,24.3977,34.9614,24.0933,1.3408,0.273333
1.6218,18.39,18.39,2,36.7799,34.9614,24.1476,2.13496,0.275105
1.622,17.0197,17.0197,1.74858,29.7604,34.9614,24.1217,1.74858,0.262973
1.6222,18.5645,18.5645,1.77119,32.8813,34.9614,24.1228,1.77119,0.267103
1.6224,17.3433,17.3433,2,34.6866,34.9614,24.1401,2.01992,0.27455
1.6226,17.5385,17.5385,1.69927,29.8027,34.9614,24.1181,1.69927,0.273333
1.6228,16.51,16.51,2,33.02,34.9614,24.1463,2.11662,0.316961
1.623,18.1592,18.1592,1.46221,26.5525,34.9614,24.1017,1.46221,0.264312
1.6232,18.3698,18.3698,2,36.7396,34.9614,24.143,2.06787,0.269842
1.6234,18.1756,18.1756,1.66624,30.2849,34.9614,24.1159,1.66624,0.236888
1.6236,17.846,17.846,2,35.692,34.9614,24.1394,2.01338,0.273333
1.6238,16.1816,16.1816,1.90112,30.7631,34.9614,24.1319,1.90112,0.300375
1.624,18.5422,18.5422,1.57425,29.19,34.9614,24.1092,1.57425,0.272658
1.6242,17.9569,17.9569,2,35.9138,34.9614,24.1438,2.0761,0.269757
1.6244,18.0546,18.0546,1.64457,29.6921,34.9614,24.1144,1.64457,0.246032
1.6246,17.95,17.95,2,35.9,34.9614,24.139,2.00857,0.273333
1.6248,17.5509,17.5509,1.76025,30.894,34.9614,24.1223,1.76025,0.264019
1.625,17.8721,17.8721,1.89608,33.8869,34.9614,24.1314,1.89608,0.277059
1.6252,17.6629,17.6629,1.83579,32.4253,34.9614,24.1275,1.83579,0.269326
1.6254,17.6655,17.6655,1.87011,33.0365,34.9614,24.1297,1.87011,0.276376
1.6256,17.6939,17.6939,1.838,32.5214,34.9614,24.1275,1.838,0.273333
1.6258,18.1794,18.1794,1.80251,32.7686,34.9614,24.125,1.80251,0.261451
1.626,17.5836,17.5836,1.94214,34.1499,34.9614,24.1347,1.94214,0.271976
1.6262,17.7379,17.7379,1.76373,31.2849,34.9614,24.1224,1.76373,0.268769
1.6264,17.8025,17.8025,1.91747,34.1357,34.9614,24.1329,1.91747,0.275576
1.6266,17.5018,17.5018,1.83181,32.06,34.9614,24.1271,1.83181,0.273333
1.6268,17.3004,17.3004,1.90353,32.9318,34.9614,24.1319,1.90353,0.28875
1.627,17.9363,17.9363,1.74911,31.3726,34.9614,24.1215,1.74911,0.270412
1.6272,17.9333,17.9333,1.92433,34.5097,34.9614,24.1333,1.92433,0.269695
1.6274,18.7055,18.7055,1.67694,31.368,34.9614,24.1165,1.67694,0.237103
1.6276,17.5237,17.5237,2,35.0475,34.9614,24.1437,2.0742,0.273333
1.6278,17.2977,17.2977,1.69506,29.3206,34.9614,24.1178,1.69506,0.273333
1.628,6.74997,6.74997,2,13.4999,34.9614,24.2091,3.17097,0.566667
1.6282,15.0316,15.0316,0.0183619,0.276007,34.9614,24.0037,0.0183619,0.416667
1.6284,20.688,20.688,1.546,31.9836,34.9614,24.1067,1.546,0.266667
1.6286,20.9292,20.9292,1.0838,22.6829,34.9614,24.0756,1.0838,0.116667
1.6288,17.9208,17.9208,2,35.8417,34.9614,24.1599,2.31387,0.273333
1.629,7.31688,7.31688,2,14.6338,34.9614,24.1746,2.57689,0.501439
1.6292,18.7719,18.7719,0.153774,2.88664,34.9614,24.012,0.153774,0.33788
1.6294,19.8777,19.8777,1.96086,38.9775,34.9614,24.1353,1.96086,0.269352
1.6296,16.4936,16.4936,2,32.9871,34.9614,24.1418,2.03991,0.266667
1.6298,18.0115,18.0115,1.54673,27.859,34.9614,24.1075,1.54673,0.273333
1.63,15.2616,15.2616,2,30.5232,34.9614,24.167,2.42436,0.351439
1.6302,19.17,19.17,0.940403,18.0275,34.9614,24.0659,0.940403,0.238243
1.6304,18.5673,18.5673,2,37.1345,34.9614,24.156,2.25695,0.277142
1.6306,13.2341,13.2341,2,26.4683,34.9614,24.1429,2.05922,0.347081
1.6308,19.8724,19.8724,0.962094,19.1191,34.9614,24.067,0.962094,0.273333
1.631,20.1475,20.1475,1.65974,33.4397,34.9614,24.1151,1.65974,0.201439
1.6312,19.223,19.223,1.7842,34.2976,34.9614,24.1239,1.7842,0.202631
1.6314,16.8423,16.8423,2,33.6847,34.9614,24.1464,2.10894,0.277633
1.6316,18.7435,18.7435,1.42958,26.7953,34.9614,24.0995,1.42958,0.243274
1.6318,18.0182,18.0182,2,36.0363,34.9614,24.1494,2.16088,0.273333
1.632,20.8934,20.8934,0.981856,20.5143,34.9614,24.0686,0.981856,0.133539
1.6322,15.3257,15.3257,2,30.6515,34.9614,24.1945,2.82887,0.352631
1.6324,16.8461,16.8461,0.81896,13.7963,34.9614,24.0581,0.81896,0.271317
1.6326,20.9002,20.9002,1.26963,26.5357,34.9614,24.0881,1.26963,0.195538
1.6328,17.5265,17.5265,2,35.053,34.9614,24.1599,2.31244,0.273333
1.633,16.2856,16.2856,1.58972,25.8895,34.9614,24.1109,1.58972,0.283539
1.6332,19.21,19.21,1.73702,33.3682,34.9614,24.1202,1.73702,0.268612
1.6334,16.8476,16.8476,2,33.6951,34.9614,24.1485,2.14069,0.280424
1.6336,16.1199,16.1199,1.69777,27.3679,34.9614,24.118,1.69777,0.309985
1.6338,18.9695,18.9695,1.6805,31.8783,34.9614,24.1163,1.6805,0.273333
1.634,16.4051,16.4051,2,32.8101,34.9614,24.1545,2.23166,0.299118
1.6342,17.2635,17.2635,1.44756,24.9899,34.9614,24.1009,1.44756,0.282212
1.6344,18.7444,18.7444,1.97659,37.05,34.9614,24.1366,1.97659,0.273685
1.6346,18.069,18.069,1.77592,32.0891,34.9614,24.1234,1.77592,0.239407
1.6348,17.6598,17.6598,1.94811,34.4031,34.9614,24.135,1.94811,0.273333
1.635,17.4035,17.4035,1.80564,31.4245,34.9614,24.1253,1.80564,0.276222
1.6352,16.756,16.756,1.98139,33.2002,34.9614,24.1372,1.98139,0.306258
1.6354,18.1191,18.1191,1.61116,29.1927,34.9614,24.1119,1.61116,0.26979
1.6356,19.5182,19.5182,1.73237,33.8127,34.9614,24.1201,1.73237,0.222964
1.6358,16.968,16.968,2,33.936,34.9614,24.1483,2.13917,0.273333
1.636,17.8762,17.8762,1.52059,27.1824,34.9614,24.1058,1.52059,0.263156
1.6362,16.1939,16.1939,2,32.3878,34.9614,24.1608,2.32678,0.330827
1.6364,17.6225,17.6225,1.30021,22.913,34.9614,24.0908,1.30021,0.270543
1.6366,16.9377,16.9377,2,33.8754,34.9614,24.1644,2.38716,0.329211
1.6368,16.8696,16.8696,1.39976,23.6134,34.9614,24.0978,1.39976,0.273333
1.637,18.9859,18.9859,1.94413,36.911,34.9614,24.1344,1.94413,0.275286
1.6372,15.3997,15.3997,2,30.7994,34.9614,24.1484,2.13662,0.307569
1.6374,18.3719,18.3719,1.30845,24.0388,34.9614,24.0911,1.30845,0.275693
1.6376,19.9422,19.9422,1.71132,34.1274,34.9614,24.1186,1.71132,0.213208
1.6378,16.8352,16.8352,2,33.6703,34.9614,24.1509,2.17702,0.273333
1.638,17.4767,17.4767,1.51777,26.5255,34.9614,24.1057,1.51777,0.273333
1.6382,7.09443,7.09443,2,14.1889,34.9614,24.2185,3.31787,0.566667
1.6384,14.4896,14.4896,0.00188845,0.0273627,34.9614,24.0027,0.00188845,0.416667
1.6386,20.7693,20.7693,1.49017,30.9498,34.9614,24.1028,1.49017,0.266667
1.6388,20.9568,20.9568,1.07105,22.4459,34.9614,24.0747,1.07105,0.116667
1.639,17.9392,17.9392,2,35.8783,34.9614,24.16,2.31428,0.273333
1.6392,5.52885,5.52885,2,11.0577,34.9614,24.1855,2.77574,0.545295
1.6394,18.373,18.373,0.0107569,0.197636,34.9614,24.0024,0.0107569,0.266667
1.6396,20.0367,20.0367,1.90694,38.2087,34.9614,24.1315,1.90694,0.27225
1.6398,20.2997,20.2997,1.35159,27.4369,34.9614,24.0942,1.35159,0.145834
1.64,17.5201,17.5201,2,35.0402,34.9614,24.1581,2.28485,0.273333
1.6402,7.0949,7.0949,2,14.1898,34.9614,24.1751,2.59059,0.515141
1.6404,20.2682,20.2682,0.0258722,0.524382,34.9614,24.0029,0.0258722,0.203749
1.6406,19.6786,19.6786,2,39.3573,34.9614,24.1415,2.05258,0.275957
1.6408,16.7256,16.7256,1.93403,32.3479,34.9614,24.1345,1.93403,0.257227
1.641,18.1191,18.1191,1.64962,29.8896,34.9614,24.1145,1.64962,0.273333
1.6412,14.3818,14.3818,2,28.7635,34.9614,24.1686,2.44239,0.365141
1.6414,19.0187,19.0187,0.84979,16.1619,34.9614,24.0596,0.84979,0.256047
1.6416,18.7932,18.7932,2,37.5864,34.9614,24.1537,2.22765,0.276035
1.6418,13.9789,13.9789,2,27.9578,34.9614,24.1406,2.02475,0.327113
1.642,19.541,19.541,1.11768,21.8405,34.9614,24.0777,1.11768,0.273333
1.6422,19.3266,19.3266,1.96612,37.9984,34.9614,24.1361,1.96612,0.234863
1.6424,15.7489,15.7489,2,31.4977,34.9614,24.1458,2.09986,0.292549
1.6426,18.3213,18.3213,1.38305,25.3393,34.9614,24.0962,1.38305,0.273836
1.6428,17.878,17.878,2,35.7561,34.9614,24.1526,2.20638,0.28678
1.643,16.7388,16.7388,1.67066,27.9648,34.9614,24.1163,1.67066,0.273333
1.6432,20.7729,20.7729,1.21274,25.1921,34.9614,24.0843,1.21274,0.181842
1.6434,17.3578,17.3578,2,34.7155,34.9614,24.164,2.37235,0.282682
1.6436,16.6535,16.6535,1.48274,24.6928,34.9614,24.1035,1.48274,0.273216
1.6438,19.8334,19.8334,1.67743,33.2691,34.9614,24.1161,1.67743,0.242505
1.644,16.9521,16.9521,2,33.9043,34.9614,24.1513,2.18382,0.273333
1.6442,17.9172,17.9172,1.47634,26.4519,34.9614,24.1028,1.47634,0.259576
1.6444,18.6661,18.6661,1.9985,37.3043,34.9614,24.1384,1.9985,0.263658
1.6446,16.6685,16.6685,1.92501,32.087,34.9614,24.1337,1.92501,0.276473
1.6448,16.7101,16.7101,1.81151,30.2705,34.9614,24.1256,1.81151,0.311662
1.645,18.3993,18.3993,1.71898,31.628,34.9614,24.1192,1.71898,0.273333
1.6452,16.3073,16.3073,2,32.6146,34.9614,24.1511,2.1852,0.307794
1.6454,18.1088,18.1088,1.38428,25.0675,34.9614,24.0964,1.38428,0.264469
1.6456,18.3032,18.3032,2,36.6064,34.9614,24.1469,2.12562,0.277039
1.6458,14.24,14.24,2,28.4801,34.9614,24.1421,2.04908,0.334968
1.646,19.3478,19.3478,1.14854,22.2217,34.9614,24.0799,1.14854,0.273333
1.6462,20.7836,20.7836,1.26385,26.2673,34.9614,24.0879,1.26385,0.157794
1.6464,17.6,17.6,2,35.1999,34.9614,24.1594,2.30428,0.272543
1.6466,16.6811,16.6811,1.56089,26.0373,34.9614,24.1089,1.56089,0.272877
1.6468,20.7492,20.7492,1.26039,26.1521,34.9614,24.0876,1.26039,0.187624
1.647,17.5818,17.5818,2,35.1636,34.9614,24.1597,2.3083,0.273333
1.6472,17.4324,17.4324,1.47801,25.7653,34.9614,24.1031,1.47801,0.254024
1.6474,18.623,18.623,1.98577,36.9811,34.9614,24.1373,1.98577,0.273251
1.6476,16.7919,16.7919,1.9187,32.2187,34.9614,24.1333,1.9187,0.274745
1.6478,17.388,17.388,1.7569,30.549,34.9614,24.1219,1.7569,0.29272
1.648,18.1152,18.1152,1.85529,33.609,34.9614,24.1285,1.85529,0.273333
1.6482,17.4535,17.4535,1.91341,33.3957,34.9614,24.1327,1.91341,0.273333
1.6484,6.06516,6.06516,2,12.1303,34.9614,24.2016,3.05368,0.566667
1.6486,15.4217,15.4217,0.0348613,0.537621,34.9614,24.0047,0.0348613,0.416667
1.6488,20.6327,20.6327,1.58303,32.6622,34.9614,24.1092,1.58303,0.266667
1.649,20.9114,20.9114,1.09081,22.8104,34.9614,24.0761,1.09081,0.116667
1.6492,17.9023,17.9023,2,35.8047,34.9614,24.1601,2.31642,0.273333
1.6494,10.7072,10.7072,2,21.4143,34.9614,24.1523,2.20479,0.416667
1.6496,20.9949,20.9949,0.383223,8.04573,34.9614,24.0271,0.383223,0.266667
1.6498,19.0274,19.0274,2,38.0548,34.9614,24.154,2.22968,0.278712
1.65,20.0053,20.0053,1.27735,25.5539,34.9614,24.0891,1.27735,0.158435
1.6502,17.7777,17.7777,2,35.5554,34.9614,24.1575,2.27652,0.273333
1.6504,14.1575,14.1575,1.87068,26.4842,34.9614,24.1301,1.87068,0.335369
1.6506,17.8328,17.8328,1.4843,26.4693,34.9614,24.1028,1.4843,0.327754
1.6508,18.0227,18.0227,2,36.0455,34.9614,24.1453,2.10232,0.284429
1.651,19.0661,19.0661,1.48939,28.3968,34.9614,24.1037,1.48939,0.214507
1.6512,17.7463,17.7463,2,35.4925,34.9614,24.1505,2.17384,0.273333
1.6514,18.9475,18.9475,1.42759,27.0492,34.9614,24.0994,1.42759,0.218335
1.6516,15.7137,15.7137,2,31.4273,34.9614,24.1734,2.50999,0.33365
1.6518,17.2247,17.2247,1.12277,19.3393,34.9614,24.0787,1.12277,0.276524
1.652,17.2983,17.2983,2,34.5966,34.9614,24.1684,2.44366,0.336433
1.6522,16.5128,16.5128,1.42337,23.5038,34.9614,24.0995,1.42337,0.273333
1.6524,20.7462,20.7462,1.29958,26.9613,34.9614,24.0902,1.29958,0.194878
1.6526,18.8359,18.8359,2,37.6718,34.9614,24.1398,2.01716,0.231555
1.6528,16.7248,16.7248,1.91531,32.033,34.9614,24.1332,1.91531,0.270974
1.653,20.5895,20.5895,1.19244,24.5519,34.9614,24.083,1.19244,0.186433
1.6532,17.7765,17.7765,2,35.5531,34.9614,24.1594,2.30497,0.273333
1.6534,18.1567,18.1567,1.41651,25.7191,34.9614,24.0989,1.41651,0.231579
1.6536,18.7817,18.7817,2,37.5634,34.9614,24.1394,2.01259,0.259029
1.6538,16.4562,16.4562,1.94717,32.0429,34.9614,24.1352,1.94717,0.279388
1.654,21.2499,21.2499,0.821099,17.4483,34.9614,24.0574,0.821099,0.143318
1.6542,18.3629,18.3629,2,36.7258,34.9614,24.1589,2.30131,0.273333
1.6544,15.8902,15.8902,1.72206,27.3638,34.9614,24.12,1.72206,0.281321
1.6546,18.5582,18.5582,1.69938,31.5376,34.9614,24.1176,1.69938,0.288208
1.6548,17.5925,17.5925,2,35.1851,34.9614,24.1417,2.04395,0.27219
1.655,19.0534,19.0534,1.50402,28.6567,34.9614,24.1046,1.50402,0.22534
1.6552,17.7097,17.7097,2,35.4195,34.9614,24.1503,2.17174,0.273333
1.6554,19.251,19.251,1.38243,26.6132,34.9614,24.0963,1.38243,0.210004
1.6556,18.6889,18.6889,2,37.3779,34.9614,24.1419,2.0483,0.247358
1.6558,16.396,16.396,1.91721,31.4346,34.9614,24.1332,1.91721,0.279761
1.656,17.6593,17.6593,1.68819,29.8123,34.9614,24.1171,1.68819,0.292057
1.6562,18.0967,18.0967,1.9322,34.9666,34.9614,24.1338,1.9322,0.273333
1.6564,17.6656,17.6656,1.82286,32.2019,34.9614,24.1266,1.82286,0.263075
1.6566,17.5916,17.5916,1.88976,33.244,34.9614,24.131,1.88976,0.27881
1.6568,17.7882,17.7882,1.8044,32.097,34.9614,24.1252,1.8044,0.270647
1.657,18.5609,18.5609,1.78134,33.0633,34.9614,24.1237,1.78134,0.250805
1.6572,17.3692,17.3692,2,34.7384,34.9614,24.1392,2.00815,0.273333
1.6574,19.5686,19.5686,1.43213,28.0249,34.9614,24.0996,1.43213,0.214546
1.6576,17.5684,17.5684,2,35.1367,34.9614,24.1549,2.23946,0.274965
1.6578,16.5688,16.5688,1.63194,27.0393,34.9614,24.1137,1.63194,0.280502
1.658,18.9852,18.9852,1.76408,33.4914,34.9614,24.1221,1.76408,0.268437
1.6582,17.1817,17.1817,2,34.3633,34.9614,24.1434,2.06633,0.273333
1.6584,17.5127,17.5127,1.647,28.8434,34.9614,24.1145,1.647,0.273333
1.6586,6.73943,6.73943,2,13.4789,34.9614,24.2134,3.23697,0.566667
1.6588,14.7921,14.7921,0.0110879,0.164013,34.9614,24.0033,0.0110879,0.416667
1.659,20.7246,20.7246,1.52169,31.5365,34.9614,24.105,1.52169,0.266667
1.6592,20.9404,20.9404,1.07868,22.5879,34.9614,24.0753,1.07868,0.116667
1.6594,17.9241,17.9241,2,35.8481,34.9614,24.1602,2.3156,0.273333
1.6596,10.6883,10.6883,2,21.3766,34.9614,24.1522,2.21002,0.416667
1.6598,18.7129,18.7129,0.702605,13.1478,34.9614,24.0493,0.702605,0.339855
1.66,19.0439,19.0439,2,38.0878,34.9614,24.1519,2.19972,0.2778
1.6602,16.3262,16.3262,1.8217,29.7414,34.9614,24.1269,1.8217,0.266667
1.6604,18.6061,18.6061,1.64919,30.6851,34.9614,24.1143,1.64919,0.273333
1.6606,17.5411,17.5411,2,35.0823,34.9614,24.1447,2.08934,0.275944
1.6608,19.262,19.262,1.43306,27.6035,34.9614,24.0997,1.43306,0.217239
1.661,17.5398,17.5398,2,35.0795,34.9614,24.1555,2.24503,0.279729
1.6612,13.9947,13.9947,1.89339,26.4975,34.9614,24.1314,1.89339,0.345296
1.6614,19.7709,19.7709,1.19693,23.6644,34.9614,24.083,1.19693,0.273333
1.6616,19.9236,19.9236,1.71723,34.2133,34.9614,24.1191,1.71723,0.20165
1.6618,13.1313,13.1313,2,26.2626,34.9614,24.1814,2.62657,0.367239
1.662,18.7627,18.7627,0.574802,10.7848,34.9614,24.0409,0.574802,0.271755
1.6622,19.2062,19.2062,2,38.4124,34.9614,24.1499,2.17347,0.277381
1.6624,16.0234,16.0234,1.88581,30.2171,34.9614,24.1313,1.88581,0.273333
1.6626,18.1449,18.1449,1.62444,29.4753,34.9614,24.1126,1.62444,0.287351
1.6628,13.7624,13.7624,2,27.5249,34.9614,24.1745,2.53693,0.382372
1.663,18.7057,18.7057,0.73263,13.7044,34.9614,24.0517,0.73263,0.268637
1.6632,19.7987,19.7987,1.89864,37.5906,34.9614,24.1313,1.89864,0.243161
1.6634,16.4144,16.4144,2,32.8289,34.9614,24.1453,2.09386,0.273333
1.6636,16.7492,16.7492,1.62944,27.2918,34.9614,24.1132,1.62944,0.304147
1.6638,19.8831,19.8831,1.58431,31.5009,34.9614,24.1098,1.58431,0.232372
1.664,17.2457,17.2457,2,34.4913,34.9614,24.1525,2.19889,0.270706
1.6642,16.2676,16.2676,1.66739,27.1245,34.9614,24.116,1.66739,0.296012
1.6644,18.9394,18.9394,1.72108,32.5963,34.9614,24.1191,1.72108,0.273333
1.6646,17.4961,17.4961,2,34.9923,34.9614,24.1424,2.05483,0.267912
1.6648,13.0301,13.0301,2,26.0602,34.9614,24.1498,2.16604,0.382372
1.665,19.7476,19.7476,0.864824,17.0782,34.9614,24.0604,0.864824,0.274443
1.6652,18.6648,18.6648,2,37.3297,34.9614,24.1546,2.23827,0.272236
1.6654,16.1641,16.1641,1.77395,28.6743,34.9614,24.1236,1.77395,0.273333
1.6656,18.8707,18.8707,1.6367,30.8856,34.9614,24.1134,1.6367,0.271109
1.6658,13.6945,13.6945,2,27.3889,34.9614,24.178,2.581,0.372322
1.666,18.4859,18.4859,0.705525,13.0422,34.9614,24.0499,0.705525,0.272467
1.6662,19.5085,19.5085,2,39.0169,34.9614,24.1405,2.03402,0.26073
1.6664,16.2295,16.2295,1.99972,32.4545,34.9614,24.1391,1.99972,0.273333
1.6666,18.1809,18.1809,1.53803,27.9628,34.9614,24.1068,1.53803,0.275943
1.6668,16.8547,16.8547,2,33.7094,34.9614,24.1554,2.24662,0.307996
1.667,17.3572,17.3572,1.47055,25.5246,34.9614,24.1025,1.47055,0.271675
1.6672,18.7958,18.7958,1.95612,36.7669,34.9614,24.1353,1.95612,0.269515
1.6674,16.8253,16.8253,1.95433,32.8821,34.9614,24.1357,1.95433,0.273333
1.6676,18.2141,18.2141,1.62915,29.6735,34.9614,24.1131,1.62915,0.26797
1.6678,18.0579,18.0579,2,36.1159,34.9614,24.1391,2.0091,0.26857
1.668,17.0798,17.0798,1.82503,31.1711,34.9614,24.1267,1.82503,0.27463
1.6682,17.8979,17.8979,1.80223,32.2562,34.9614,24.1249,1.80223,0.280053
1.6684,17.696,17.696,1.90771,33.7588,34.9614,24.1323,1.90771,0.273333
1.6686,17.5952,17.5952,1.82187,32.056,34.9614,24.1264,1.82187,0.273333
1.6688,6.20541,6.20541,2,12.4108,34.9614,24.207,3.13699,0.566667
1.669,15.1356,15.1356,0.0215157,0.325653,34.9614,24.0039,0.0215157,0.416667
1.6692,20.6742,20.6742,1.55581,32.1652,34.9614,24.1073,1.55581,0.266667
1.6694,20.9233,20.9233,1.08647,22.7326,34.9614,24.0758,1.08647,0.116667
1.6696,17.9127,17.9127,2,35.8253,34.9614,24.1602,2.31526,0.273333
1.6698,10.7013,10.7013,2,21.4026,34.9614,24.1526,2.21068,0.416667
1.67,17.1083,17.1083,0.877706,15.016,34.9614,24.0613,0.877706,0.381038
1.6702,19.3928,19.3928,2,38.7857,34.9614,24.1431,2.07309,0.278408
1.6704,19.0987,19.0987,1.57504,30.0812,34.9614,24.1097,1.57504,0.193532
1.6706,17.5476,17.5476,2,35.0953,34.9614,24.149,2.15193,0.273333
1.6708,17.3486,17.3486,1.62296,28.1561,34.9614,24.113,1.62296,0.266667
1.671,15.9429,15.9429,2,31.8858,34.9614,24.1538,2.22906,0.339298
1.6712,17.7227,17.7227,1.35155,23.9531,34.9614,24.0942,1.35155,0.278192
1.6714,16.2241,16.2241,2,32.4482,34.9614,24.169,2.45089,0.343533
1.6716,17.1722,17.1722,1.23543,21.215,34.9614,24.0865,1.23543,0.273333
1.6718,20.4993,20.4993,1.48039,30.3469,34.9614,24.1027,1.48039,0.204633
1.672,17.8589,17.8589,2,35.7178,34.9614,24.1491,2.15113,0.253439
1.6722,16.995,16.995,1.69244,28.7632,34.9614,24.1178,1.69244,0.270675
1.6724,20.4152,20.4152,1.37892,28.1509,34.9614,24.0957,1.37892,0.198675
1.6726,17.4205,17.4205,2,34.841,34.9614,24.1583,2.28518,0.273333
1.6728,15.1439,15.1439,1.72595,26.1376,34.9614,24.1202,1.72595,0.315977
1.673,20.3506,20.3506,1.30271,26.5109,34.9614,24.0903,1.30271,0.23777
1.6732,17.4975,17.4975,2,34.995,34.9614,24.1598,2.31058,0.276728
1.6734,19.2002,19.2002,1.25647,24.1246,34.9614,24.0877,1.25647,0.207095
1.6736,18.1365,18.1365,2,36.2729,34.9614,24.1541,2.22969,0.273333
1.6738,17.8694,17.8694,1.54923,27.6839,34.9614,24.108,1.54923,0.238593
1.674,18.7527,18.7527,1.93236,36.2369,34.9614,24.1338,1.93236,0.257643
1.6742,16.8095,16.8095,1.9694,33.1048,34.9614,24.1367,1.9694,0.275978
1.6744,20.0583,20.0583,1.32054,26.4879,34.9614,24.0918,1.32054,0.20813
1.6746,17.6624,17.6624,2,35.3249,34.9614,24.1576,2.27879,0.273333
1.6748,19.0231,19.0231,1.32309,25.1694,34.9614,24.0923,1.32309,0.211336
1.675,17.6347,17.6347,2,35.2694,34.9614,24.1583,2.29035,0.286789
1.6752,16.5906,16.5906,1.58761,26.3394,34.9614,24.1107,1.58761,0.27543
1.6754,18.0461,18.0461,1.94263,35.0569,34.9614,24.1344,1.94263,0.298789
1.6756,17.283,17.283,1.85241,32.0152,34.9614,24.1286,1.85241,0.273333
1.6758,17.7692,17.7692,1.81035,32.1684,34.9614,24.1255,1.81035,0.278434
1.676,17.1669,17.1669,1.95925,33.6342,34.9614,24.1359,1.95925,0.289432
1.6762,17.697,17.697,1.71871,30.416,34.9614,24.1193,1.71871,0.275689
1.6764,17.7308,17.7308,1.96058,34.7627,34.9614,24.1357,1.96058,0.281167
1.6766,17.4395,17.4395,1.79556,31.3137,34.9614,24.1247,1.79556,0.273333
1.6768,17.5962,17.5962,1.89389,33.3252,34.9614,24.1312,1.89389,0.284063
1.677,19.6186,19.6186,1.51785,29.7781,34.9614,24.1054,1.51785,0.214834
1.6772,17.2032,17.2032,2,34.4064,34.9614,24.1555,2.24702,0.279447
1.6774,19.972,19.972,1.16165,23.2003,34.9614,24.081,1.16165,0.190262
1.6776,18.0225,18.0225,2,36.045,34.9614,24.1576,2.28042,0.273333
1.6778,19.1295,19.1295,1.33755,25.5865,34.9614,24.0933,1.33755,0.202195
1.678,15.4992,15.4992,2,30.9984,34.9614,24.1794,2.60492,0.342202
1.6782,17.0831,17.0831,1.02477,17.5063,34.9614,24.0721,1.02477,0.277651
1.6784,19.4364,19.4364,2,38.8728,34.9614,24.1388,2.01041,0.270809
1.6786,16.3144,16.3144,2,32.6287,34.9614,24.1391,2.00119,0.273333
1.6788,18.2087,18.2087,1.53981,28.038,34.9614,24.1069,1.53981,0.273333
1.679,6.57448,6.57448,2,13.149,34.9614,24.2251,3.41805,0.566667
1.6792,14.1409,14.1409,0,0,34.9614,24.0022,-4.59936e-07,0.416667
1.6794,20.8173,20.8173,1.45633,30.3168,34.9614,24.1005,1.45633,0.266667
1.6796,20.9731,20.9731,1.06323,22.2992,34.9614,24.0742,1.06323,0.116667
1.6798,17.9473,17.9473,2,35.8945,34.9614,24.1596,2.31519,0.273333
1.68,10.678,10.678,2,21.356,34.9614,24.1529,2.21231,0.416667
1.6802,19.0993,19.0993,0.658391,12.5748,34.9614,24.0462,0.658391,0.329714
1.6804,19.2312,19.2312,2,38.4624,34.9614,24.1473,2.13339,0.268454
1.6806,16.376,16.376,1.88213,30.8217,34.9614,24.131,1.88213,0.266667
1.6808,18.4484,18.4484,1.6223,29.9287,34.9614,24.1125,1.6223,0.273333
1.681,18.0186,18.0186,2,36.0373,34.9614,24.1406,2.03045,0.266667
1.6812,17.7881,17.7881,1.71994,30.5945,34.9614,24.1197,1.71994,0.255391
1.6814,18.0122,18.0122,1.92628,34.6964,34.9614,24.1334,1.92628,0.271686
1.6816,14.2667,14.2667,2,28.5333,34.9614,24.1525,2.20175,0.351723
1.6818,19.0073,19.0073,1.05803,20.1104,34.9614,24.0738,1.05803,0.273333
1.682,20.1553,20.1553,1.65731,33.4035,34.9614,24.1149,1.65731,0.204852
1.6822,13.539,13.539,2,27.0779,34.9614,24.1819,2.63254,0.358314
1.6824,18.5001,18.5001,0.637437,11.7927,34.9614,24.0452,0.637437,0.271212
1.6826,20.56,20.56,1.4999,30.8379,34.9614,24.104,1.4999,0.206428
1.6828,17.0939,17.0939,2,34.1879,34.9614,24.1573,2.27233,0.273333
1.683,13.8274,13.8274,1.83809,25.416,34.9614,24.1278,1.83809,0.354852
1.6832,20.9733,20.9733,0.929888,19.5028,34.9614,24.0647,0.929888,0.224949
1.6834,18.208,18.208,2,36.4161,34.9614,24.1594,2.30706,0.273733
1.6836,18.7013,18.7013,1.38814,25.96,34.9614,24.0969,1.38814,0.209994
1.6838,18.1057,18.1057,2,36.2114,34.9614,24.15,2.16915,0.273333
1.684,17.0977,17.0977,1.68428,28.7973,34.9614,24.1172,1.68428,0.263055
1.6842,18.4522,18.4522,1.84423,34.0302,34.9614,24.1277,1.84423,0.272584
1.6844,17.3621,17.3621,1.95754,33.987,34.9614,24.1359,1.95754,0.27121
1.6846,19.5201,19.5201,1.47654,28.8221,34.9614,24.1026,1.47654,0.219222
1.6848,17.5544,17.5544,2,35.1088,34.9614,24.1534,2.2162,0.273333
1.685,18.2061,18.2061,1.47022,26.7671,34.9614,24.1025,1.47022,0.239847
1.6852,17.415,17.415,2,34.8301,34.9614,24.1535,2.22158,0.296473
1.6854,17.0536,17.0536,1.5806,26.9549,34.9614,24.1101,1.5806,0.27198
1.6856,18.0761,18.0761,1.97816,35.7575,34.9614,24.1369,1.97816,0.290272
1.6858,17.1909,17.1909,1.84179,31.6619,34.9614,24.1279,1.84179,0.273333
1.686,18.1074,18.1074,1.76995,32.0491,34.9614,24.1229,1.76995,0.27155
1.6862,17.5755,17.5755,1.96673,34.5662,34.9614,24.1363,1.96673,0.275601
1.6864,17.5626,17.5626,1.76344,30.9705,34.9614,24.1224,1.76344,0.272297
1.6866,19.2997,19.2997,1.67087,32.2472,34.9614,24.1159,1.67087,0.233396
1.6868,17.2171,17.2171,2,34.4342,34.9614,24.1485,2.14144,0.273333
1.687,17.1083,17.1083,1.62958,27.8794,34.9614,24.1134,1.62958,0.279259
1.6872,18.9748,18.9748,1.80323,34.2159,34.9614,24.1249,1.80323,0.259549
1.6874,17.0926,17.0926,2,34.1853,34.9614,24.1422,2.05024,0.273016
1.6876,18.7928,18.7928,1.49869,28.1646,34.9614,24.1042,1.49869,0.241386
1.6878,17.8534,17.8534,2,35.7068,34.9614,24.1486,2.14745,0.273333
1.688,18.2982,18.2982,1.5451,28.2725,34.9614,24.1076,1.5451,0.23687
1.6882,18.234,18.234,2,36.4679,34.9614,24.1414,2.04367,0.267167
1.6884,17.0323,17.0323,1.81473,30.909,34.9614,24.1261,1.81473,0.270783
1.6886,18.3333,18.3333,1.7511,32.1035,34.9614,24.1214,1.7511,0.269292
1.6888,17.5776,17.5776,1.99589,35.0829,34.9614,24.1385,1.99589,0.273333
1.689,17.4512,17.4512,1.75096,30.5563,34.9614,24.1216,1.75096,0.273333
1.6892,6.49226,6.49226,2,12.9845,34.9614,24.2083,3.15848,0.566667
1.6894,15.0763,15.0763,0.0197332,0.297503,34.9614,24.0038,0.0197332,0.416667
1.6896,20.6824,20.6824,1.55035,32.065,34.9614,24.107,1.55035,0.266667
1.6898,20.9253,20.9253,1.08581,22.7208,34.9614,24.0758,1.08581,0.116667
1.69,17.9166,17.9166,2,35.8332,34.9614,24.1599,2.31347,0.273333
1.6902,7.09375,7.09375,2,14.1875,34.9614,24.1763,2.60019,0.506722
1.6904,18.8442,18.8442,0.131975,2.48697,34.9614,24.0105,0.131975,0.325515
1.6906,19.7761,19.7761,2,39.5522,34.9614,24.1389,2.0136,0.275152
1.6908,16.4144,16.4144,2,32.8288,34.9614,24.1394,2.0058,0.266667
1.691,18.143,18.143,1.55405,28.1952,34.9614,24.1079,1.55405,0.273333
1.6912,14.9602,14.9602,2,29.9204,34.9614,24.1697,2.463,0.356722
1.6914,20.7168,20.7168,0.637143,13.1996,34.9614,24.0448,0.637143,0.189176
1.6916,18.7004,18.7004,2,37.4009,34.9614,24.157,2.27501,0.276761
1.6918,12.8123,12.8123,2,25.6247,34.9614,24.1454,2.09566,0.354273
1.692,20.0296,20.0296,0.865066,17.3269,34.9614,24.0603,0.865066,0.273333
1.6922,20.1234,20.1234,1.6866,33.94,34.9614,24.1169,1.6866,0.206722
1.6924,14.4761,14.4761,2,28.9521,34.9614,24.1726,2.4989,0.333325
1.6926,18.2152,18.2152,0.892911,16.2646,34.9614,24.0628,0.892911,0.271898
1.6928,19.6439,19.6439,1.94433,38.1942,34.9614,24.1344,1.94433,0.249021
1.693,16.3859,16.3859,2,32.7718,34.9614,24.1429,2.05706,0.273333
1.6932,18.9156,18.9156,1.40981,26.6673,34.9614,24.098,1.40981,0.249024
1.6934,16.6428,16.6428,2,33.2856,34.9614,24.1654,2.39463,0.310632
1.6936,16.8228,16.8228,1.36553,22.972,34.9614,24.0954,1.36553,0.278986
1.6938,20.3213,20.3213,1.54405,31.3772,34.9614,24.107,1.54405,0.218155
1.694,17.0796,17.0796,2,34.1591,34.9614,24.1559,2.25001,0.273333
1.6942,15.9115,15.9115,1.64091,26.1093,34.9614,24.1143,1.64091,0.304264
1.6944,18.1779,18.1779,1.82216,33.1231,34.9614,24.1259,1.82216,0.303285
1.6946,17.3006,17.3006,1.96394,33.9773,34.9614,24.1361,1.96394,0.278569
1.6948,18.53,18.53,1.62311,30.0763,34.9614,24.1128,1.62311,0.250501
1.695,17.7372,17.7372,2,35.4744,34.9614,24.1438,2.0773,0.273333
1.6952,18.5254,18.5254,1.56515,28.9951,34.9614,24.1089,1.56515,0.236755
1.6954,17.1419,17.1419,2,34.2839,34.9614,24.1525,2.20318,0.293131
1.6956,17.2404,17.2404,1.55071,26.7348,34.9614,24.108,1.55071,0.272808
1.6958,17.3518,17.3518,2,34.7036,34.9614,24.1462,2.11377,0.30895
1.696,17.2936,17.2936,1.64595,28.4644,34.9614,24.1145,1.64595,0.273333
1.6962,18.1008,18.1008,1.9408,35.13,34.9614,24.1343,1.9408,0.281695
1.6964,16.3025,16.3025,1.97562,32.2076,34.9614,24.137,1.97562,0.298048
1.6966,18.1111,18.1111,1.57365,28.5005,34.9614,24.1092,1.57365,0.277994
1.6968,20.1081,20.1081,1.56039,31.3765,34.9614,24.1083,1.56039,0.19856
1.697,17.1083,17.1083,2,34.2166,34.9614,24.1549,2.23713,0.273333
1.6972,17.6431,17.6431,1.4722,25.9742,34.9614,24.1026,1.4722,0.260497
1.6974,17.4993,17.4993,2,34.9986,34.9614,24.1508,2.18355,0.303279
1.6976,16.9067,16.9067,1.63624,27.6635,34.9614,24.1139,1.63624,0.276434
1.6978,19.7357,19.7357,1.62551,32.0806,34.9614,24.1127,1.62551,0.235078
1.698,17.1245,17.1245,2,34.2491,34.9614,24.152,2.19379,0.273333
1.6982,18.2932,18.2932,1.43854,26.3156,34.9614,24.1002,1.43854,0.245906
1.6984,17.3433,17.3433,2,34.6867,34.9614,24.1558,2.25585,0.29918
1.6986,16.9727,16.9727,1.55049,26.3159,34.9614,24.1081,1.55049,0.272868
1.6988,17.6142,17.6142,2,35.2285,34.9614,24.1422,2.05912,0.306356
1.699,17.2655,17.2655,1.72124,29.7181,34.9614,24.1196,1.72124,0.273333
1.6992,18.2616,18.2616,1.85504,33.876,34.9614,24.1286,1.85504,0.273333
1.6994,5.68967,5.68967,2,11.3793,34.9614,24.2121,3.22487,0.566667
1.6996,14.7632,14.7632,0.0102142,0.150794,34.9614,24.0032,0.0102142,0.416667
1.6998,20.728,20.728,1.51965,31.4993,34.9614,24.1049,1.51965,0.266667
1.7,20.9421,20.9421,1.07756,22.5663,34.9614,24.0752,1.07756,0.116667
1.7002,17.9255,17.9255,2,35.8509,34.9614,24.1602,2.31691,0.273333
1.7004,10.6706,10.6706,2,21.3412,34.9614,24.1522,2.21079,0.416667
1.7006,16.1495,16.1495,0.9765,15.77,34.9614,24.0679,0.9765,0.405602
1.7008,19.7056,19.7056,1.93804,38.1901,34.9614,24.1337,1.93804,0.27776
1.701,16.6034,16.6034,2,33.2069,34.9614,24.1416,2.03751,0.266667
1.7012,17.9616,17.9616,1.56557,28.12,34.9614,24.1088,1.56557,0.273333
1.7014,18.3938,18.3938,1.9905,36.6128,34.9614,24.1379,1.9905,0.266667
1.7016,14.4264,14.4264,2,28.8528,34.9614,24.1498,2.15969,0.337964
1.7018,18.7497,18.7497,1.14442,21.4575,34.9614,24.0797,1.14442,0.280409
1.702,15.9577,15.9577,2,31.9155,34.9614,24.1838,2.66928,0.347818
1.7022,16.7824,16.7824,1.04565,17.5486,34.9614,24.0736,1.04565,0.273333
1.7024,20.7712,20.7712,1.34285,27.8925,34.9614,24.0932,1.34285,0.198654
1.7026,16.9328,16.9328,2,33.8657,34.9614,24.1647,2.38138,0.286056
1.7028,17.0981,17.0981,1.3829,23.645,34.9614,24.0966,1.3829,0.268327
1.703,19.401,19.401,1.86425,36.1682,34.9614,24.129,1.86425,0.256631
1.7032,16.7161,16.7161,2,33.4322,34.9614,24.1436,2.06975,0.273333
1.7034,20.001,20.001,1.25399,25.081,34.9614,24.0873,1.25399,0.207343
1.7036,18.8312,18.8312,2,37.6625,34.9614,24.1422,2.05314,0.24112
1.7038,16.9221,16.9221,1.86269,31.5206,34.9614,24.1295,1.86269,0.263847
1.704,19.898,19.898,1.44036,28.6602,34.9614,24.1,1.44036,0.21775
1.7042,17.4696,17.4696,2,34.9393,34.9614,24.1558,2.25109,0.273333
1.7044,13.5425,13.5425,1.92658,26.0906,34.9614,24.1336,1.92658,0.357343
1.7046,20.7016,20.7016,0.939203,19.443,34.9614,24.0653,0.939203,0.24253
1.7048,17.5787,17.5787,2,35.1575,34.9614,24.1691,2.45002,0.294765
1.705,13.2073,13.2073,1.78829,23.6184,34.9614,24.1244,1.78829,0.351102
1.7052,20.3066,20.3066,1.11447,22.6312,34.9614,24.0773,1.11447,0.273333
1.7054,15.1555,15.1555,2,30.3109,34.9614,24.1924,2.79365,0.352649
1.7056,16.9735,16.9735,0.823923,13.9849,34.9614,24.0584,0.823923,0.273492
1.7058,19.4619,19.4619,2,38.9239,34.9614,24.1426,2.06524,0.279885
1.706,16.5763,16.5763,1.93064,32.0027,34.9614,24.1343,1.93064,0.263027
1.7062,18.2193,18.2193,1.62595,29.6237,34.9614,24.1128,1.62595,0.273333
1.7064,19.9413,19.9413,1.60033,31.9127,34.9614,24.1111,1.60033,0.202649
1.7066,17.7742,17.7742,2,35.5483,34.9614,24.1462,2.10828,0.254366
1.7068,17.2909,17.2909,1.68925,29.2088,34.9614,24.1175,1.68925,0.26747
1.707,19.8655,19.8655,1.57444,31.277,34.9614,24.1092,1.57444,0.220051
1.7072,17.1793,17.1793,2,34.3586,34.9614,24.1535,2.21654,0.273333
1.7074,14.2685,14.2685,1.85382,26.4511,34.9614,24.1289,1.85382,0.345923
1.7076,19.6416,19.6416,1.28126,25.1661,34.9614,24.0888,1.28126,0.275397
1.7078,17.3044,17.3044,2,34.6087,34.9614,24.1639,2.36896,0.290997
1.708,16.3543,16.3543,1.50696,24.6453,34.9614,24.1052,1.50696,0.281679
1.7082,19.1589,19.1589,1.81122,34.7009,34.9614,24.1252,1.81122,0.273333
1.7084,16.0234,16.0234,2,32.0467,34.9614,24.1514,2.18516,0.29782
1.7086,18.1379,18.1379,1.3533,24.5461,34.9614,24.0943,1.3533,0.268861
1.7088,17.9328,17.9328,2,35.8655,34.9614,24.1528,2.21253,0.289658
1.709,15.6125,15.6125,1.79094,27.9611,34.9614,24.1246,1.79094,0.300594
1.7092,19.0755,19.0755,1.54472,29.4663,34.9614,24.107,1.54472,0.273333
1.7094,17.6146,17.6146,2,35.2292,34.9614,24.1497,2.16315,0.273333
1.7096,5.27235,5.27235,2,10.5447,34.9614,24.193,2.91482,0.566667
1.7098,15.7549,15.7549,0.0553776,0.872467,34.9614,24.006,0.0553776,0.416667
1.71,20.5822,20.5822,1.6143,33.2258,34.9614,24.1114,1.6143,0.266667
1.7102,20.8976,20.8976,1.09619,22.9077,34.9614,24.0765,1.09619,0.116667
1.7104,17.9039,17.9039,2,35.8077,34.9614,24.1599,2.31271,0.273333
1.7106,10.7037,10.7037,2,21.4074,34.9614,24.1526,2.2086,0.416667
1.7108,18.7547,18.7547,0.702958,13.1838,34.9614,24.0493,0.702958,0.338712
1.711,19.0159,19.0159,2,38.0318,34.9614,24.1525,2.20793,0.27838
1.7112,16.3174,16.3174,1.8128,29.5803,34.9614,24.1262,1.8128,0.266667
1.7114,18.6333,18.6333,1.65123,30.7678,34.9614,24.1145,1.65123,0.273333
1.7116,17.8575,17.8575,2,35.715,34.9614,24.1415,2.04297,0.266667
1.7118,19.4105,19.4105,1.46738,28.4826,34.9614,24.1021,1.46738,0.209524
1.712,17.3494,17.3494,2,34.6988,34.9614,24.1561,2.25572,0.281004
1.7122,13.783,13.783,1.88631,25.9991,34.9614,24.1308,1.88631,0.352651
1.7124,19.8951,19.8951,1.16463,23.1703,34.9614,24.0808,1.16463,0.273333
1.7126,20.0889,20.0889,1.64756,33.0976,34.9614,24.1143,1.64756,0.193997
1.7128,18.3791,18.3791,1.97169,36.238,34.9614,24.1368,1.97169,0.231725
1.713,16.9362,16.9362,1.89813,32.1471,34.9614,24.1318,1.89813,0.275332
1.7132,20.2041,20.2041,1.33812,27.0355,34.9614,24.093,1.33812,0.202651
1.7134,17.5803,17.5803,2,35.1606,34.9614,24.1578,2.28169,0.273333
1.7136,13.9158,13.9158,1.86801,25.9949,34.9614,24.1298,1.86801,0.343997
1.7138,15.8793,15.8793,1.67094,26.5332,34.9614,24.1152,1.67094,0.381725
1.714,19.2149,19.2149,1.64317,31.5733,34.9614,24.1137,1.64317,0.271044
1.7142,17.8138,17.8138,2,35.6275,34.9614,24.1434,2.06958,0.260032
1.7144,17.125,17.125,1.74533,29.8888,34.9614,24.1215,1.74533,0.273333
1.7146,20.0179,20.0179,1.49262,29.8791,34.9614,24.1036,1.49262,0.214143
1.7148,12.2547,12.2547,2,24.5095,34.9614,24.1999,2.91179,0.40359
1.715,18.6589,18.6589,0.225955,4.21607,34.9614,24.0171,0.225955,0.270515
1.7152,19.1015,19.1015,2,38.203,34.9614,24.1578,2.29195,0.302525
1.7154,15.7757,15.7757,1.80233,28.4329,34.9614,24.1257,1.80233,0.273333
1.7156,18.7419,18.7419,1.59398,29.8741,34.9614,24.1104,1.59398,0.279818
1.7158,18.3628,18.3628,1.99854,36.6987,34.9614,24.1385,1.99854,0.25359
1.716,17.0711,17.0711,1.85827,31.7226,34.9614,24.1291,1.85827,0.27043
1.7162,16.8878,16.8878,1.89167,31.9462,34.9614,24.131,1.89167,0.304902
1.7164,18.103,18.103,1.70208,30.8129,34.9614,24.1182,1.70208,0.273333
1.7166,16.4584,16.4584,2,32.9168,34.9614,24.1496,2.15974,0.309356
1.7168,14.7558,14.7558,1.78395,26.3236,34.9614,24.1237,1.78395,0.349277
1.717,19.4748,19.4748,1.41018,27.463,34.9614,24.0977,1.41018,0.276177
1.7172,17.7629,17.7629,2,35.5258,34.9614,24.1536,2.21876,0.271715
1.7174,16.7868,16.7868,1.64569,27.6259,34.9614,24.1146,1.64569,0.273333
1.7176,18.5886,18.5886,1.83224,34.0588,34.9614,24.1268,1.83224,0.276178
1.7178,16.6466,16.6466,2,33.2932,34.9614,24.1431,2.06126,0.288598
1.718,18.1449,18.1449,1.52673,27.7024,34.9614,24.1062,1.52673,0.266042
1.7182,18.3229,18.3229,2,36.6458,34.9614,24.1409,2.03419,0.2679
1.7184,16.9019,16.9019,1.84384,31.1645,34.9614,24.1281,1.84384,0.273333
1.7186,18.7023,18.7023,1.66462,31.1322,34.9614,24.1155,1.66462,0.259267
1.7188,18.5,18.5,1.9293,35.692,34.9614,24.1338,1.9293,0.24582
1.719,17.2246,17.2246,1.90754,32.8566,34.9614,24.1326,1.90754,0.26868
1.7192,17.2239,17.2239,1.82452,31.4254,34.9614,24.1265,1.82452,0.290836
1.7194,18.0706,18.0706,1.79388,32.4165,34.9614,24.1244,1.79388,0.273333
1.7196,17.6319,17.6319,1.93895,34.1875,34.9614,24.1344,1.93895,0.273333
1.7198,5.88643,5.88643,2,11.7729,34.9614,24.2024,3.06691,0.566667
1.72,15.3567,15.3567,0.0308507,0.473764,34.9614,24.0045,0.0308507,0.416667
1.7202,20.6431,20.6431,1.57597,32.533,34.9614,24.1087,1.57597,0.266667
1.7204,20.915,20.915,1.08953,22.7875,34.9614,24.076,1.08953,0.116667
1.7206,17.9081,17.9081,2,35.8162,34.9614,24.16,2.31536,0.273333
1.7208,8.57973,8.57973,2,17.1595,34.9614,24.1666,2.4348,0.469655
1.721,20.0281,20.0281,0.221931,4.44485,34.9614,24.0163,0.221931,0.302932
1.7212,19.5156,19.5156,2,39.0311,34.9614,24.1443,2.09268,0.273405
1.7214,20.1952,20.1952,1.31367,26.5299,34.9614,24.0916,1.31367,0.149309
1.7216,17.6349,17.6349,2,35.2698,34.9614,24.1582,2.28477,0.273333
1.7218,14.8592,14.8592,1.77432,26.3649,34.9614,24.1234,1.77432,0.319655
1.722,20.696,20.696,1.13948,23.5827,34.9614,24.0791,1.13948,0.223325
1.7222,17.7456,17.7456,2,35.4912,34.9614,24.1611,2.33034,0.276642
1.7224,15.9477,15.9477,1.63128,26.0152,34.9614,24.1138,1.63128,0.28758
1.7226,19.1706,19.1706,1.6869,32.3389,34.9614,24.1167,1.6869,0.273333
1.7228,20.1424,20.1424,1.50029,30.2195,34.9614,24.1043,1.50029,0.175102
1.723,15.989,15.989,2,31.978,34.9614,24.1685,2.43871,0.306393
1.7232,17.3292,17.3292,1.20628,20.9039,34.9614,24.0844,1.20628,0.274154
1.7234,18.5092,18.5092,2,37.0185,34.9614,24.15,2.17501,0.293155
1.7236,16.431,16.431,1.78918,29.398,34.9614,24.1245,1.78918,0.273333
1.7238,20.41,20.41,1.31441,26.8272,34.9614,24.0913,1.31441,0.206621
1.724,17.0196,17.0196,2,34.0391,34.9614,24.1651,2.38771,0.289006
1.7242,16.9096,16.9096,1.40418,23.7441,34.9614,24.0981,1.40418,0.271135
1.7244,19.3483,19.3483,1.8597,35.982,34.9614,24.1286,1.8597,0.260984
1.7246,16.734,16.734,2,33.4681,34.9614,24.1437,2.06919,0.273333
1.7248,17.1348,17.1348,1.64353,28.1616,34.9614,24.1142,1.64353,0.2905
1.725,19.2236,19.2236,1.74662,33.5763,34.9614,24.121,1.74662,0.249745
1.7252,17.1325,17.1325,2,34.2651,34.9614,24.1455,2.09711,0.271805
1.7254,16.2036,16.2036,1.75718,28.4728,34.9614,24.1221,1.75718,0.30618
1.7256,18.8087,18.8087,1.66272,31.2736,34.9614,24.1152,1.66272,0.273333
1.7258,15.4668,15.4668,2,30.9337,34.9614,24.1624,2.35013,0.326809
1.726,18.5711,18.5711,1.09801,20.3913,34.9614,24.0768,1.09801,0.255967
1.7262,18.6079,18.6079,2,37.2159,34.9614,24.1522,2.20146,0.275284
1.7264,15.009,15.009,1.92363,28.8719,34.9614,24.1338,1.92363,0.3055
1.7266,19.1629,19.1629,1.36057,26.0725,34.9614,24.0944,1.36057,0.273333
1.7268,16.51,16.51,2,33.02,34.9614,24.169,2.44818,0.313815
1.727,16.7668,16.7668,1.30936,21.9538,34.9614,24.0916,1.30936,0.279185
1.7272,19.188,19.188,1.9503,37.4222,34.9614,24.1347,1.9503,0.274484
1.7274,17.6334,17.6334,1.8757,33.075,34.9614,24.1303,1.8757,0.246153
1.7276,17.6972,17.6972,1.82925,32.3727,34.9614,24.1269,1.82925,0.273333
1.7278,20.1427,20.1427,1.42833,28.7703,34.9614,24.0992,1.42833,0.194007
1.728,17.0427,17.0427,2,34.0854,34.9614,24.1607,2.32316,0.283394
1.7282,16.9847,16.9847,1.45667,24.741,34.9614,24.1016,1.45667,0.273
1.7284,16.9268,16.9268,2,33.8536,34.9614,24.1535,2.22722,0.33043
1.7286,17.3008,17.3008,1.50154,25.9779,34.9614,24.1046,1.50154,0.273333
1.7288,19.2652,19.2652,1.8349,35.3498,34.9614,24.127,1.8349,0.252469
1.729,18.7164,18.7164,1.79645,33.6232,34.9614,24.1248,1.79645,0.22118
1.7292,17.1165,17.1165,2,34.2329,34.9614,24.1414,2.03906,0.276902
1.7294,16.8977,16.8977,1.73481,29.3143,34.9614,24.1205,1.73481,0.292369
1.7296,18.4421,18.4421,1.7891,32.9946,34.9614,24.1239,1.7891,0.273333
1.7298,17.4185,17.4185,1.9905,34.6714,34.9614,24.138,1.9905,0.273333
1.73,5.88295,5.88295,2,11.7659,34.9614,24.1972,2.99527,0.566667
1.7302,15.5955,15.5955,0.0455758,0.710779,34.9614,24.0054,0.0455758,0.416667
1.7304,20.6062,20.6062,1.5994,32.9576,34.9614,24.1104,1.5994,0.266667
1.7306,20.9035,20.9035,1.09437,22.876,34.9614,24.0764,1.09437,0.116667
1.7308,17.9034,17.9034,2,35.8067,34.9614,24.1601,2.31335,0.273333
1.731,10.7077,10.7077,2,21.4154,34.9614,24.1522,2.20858,0.416667
1.7312,16.6942,16.6942,0.924394,15.432,34.9614,24.0644,0.924394,0.391392
1.7314,19.7532,19.7532,1.92824,38.0891,34.9614,24.1331,1.92824,0.267135
1.7316,16.6239,16.6239,2,33.2478,34.9614,24.142,2.04454,0.266667
1.7318,17.9277,17.9277,1.56544,28.0648,34.9614,24.1088,1.56544,0.273333
1.732,18.4081,18.4081,1.98582,36.5551,34.9614,24.1375,1.98582,0.266667
1.7322,14.8286,14.8286,2,29.6571,34.9614,24.1472,2.12194,0.327815
1.7324,18.796,18.796,1.21388,22.8162,34.9614,24.0845,1.21388,0.274842
1.7326,15.7611,15.7611,2,31.5222,34.9614,24.1827,2.65205,0.347927
1.7328,16.957,16.957,1.02202,17.3305,34.9614,24.0719,1.02202,0.273333
1.733,20.8149,20.8149,1.31037,27.2753,34.9614,24.0909,1.31037,0.19325
1.7332,18.3769,18.3769,2,36.7538,34.9614,24.147,2.1208,0.245372
1.7334,16.495,16.495,1.81712,29.9734,34.9614,24.1264,1.81712,0.277243
1.7336,20.5299,20.5299,1.257,25.8062,34.9614,24.0874,1.257,0.197927
1.7338,17.6556,17.6556,2,35.3112,34.9614,24.159,2.29972,0.273333
1.734,20.0556,20.0556,1.13865,22.8363,34.9614,24.0795,1.13865,0.17637
1.7342,19.0981,19.0981,2,38.1961,34.9614,24.1397,2.01854,0.237533
1.7344,16.5124,16.5124,1.95555,32.2907,34.9614,24.1359,1.95555,0.272521
1.7346,15.8253,15.8253,1.86505,29.5151,34.9614,24.1292,1.86505,0.334669
1.7348,18.8052,18.8052,1.53823,28.9267,34.9614,24.1067,1.53823,0.273333
1.735,15.7997,15.7997,2,31.5994,34.9614,24.1663,2.40939,0.32637
1.7352,17.2622,17.2622,1.22122,21.081,34.9614,24.0854,1.22122,0.280797
1.7354,19.0614,19.0614,2,38.1228,34.9614,24.1408,2.03813,0.274074
1.7356,16.3808,16.3808,1.95223,31.9792,34.9614,24.1357,1.95223,0.275264
1.7358,18.2837,18.2837,1.58121,28.9105,34.9614,24.1098,1.58121,0.273333
1.736,18.5387,18.5387,1.96454,36.42,34.9614,24.1361,1.96454,0.255903
1.7362,19.0514,19.0514,1.62673,30.9915,34.9614,24.1131,1.62673,0.214423
1.7364,17.4043,17.4043,2,34.8087,34.9614,24.1481,2.13892,0.274617
1.7366,18.7061,18.7061,1.45967,27.3048,34.9614,24.1016,1.45967,0.233069
1.7368,17.9769,17.9769,2,35.9538,34.9614,24.1487,2.14999,0.273333
1.737,18.4552,18.4552,1.53274,28.2871,34.9614,24.1067,1.53274,0.230327
1.7372,19.2511,19.2511,1.8451,35.5203,34.9614,24.1279,1.8451,0.231475
1.7374,16.812,16.812,2,33.6239,34.9614,24.1435,2.06889,0.274541
1.7376,17.6301,17.6301,1.598,28.1729,34.9614,24.1111,1.598,0.276547
1.7378,18.2882,18.2882,1.96983,36.0246,34.9614,24.1363,1.96983,0.273333
1.738,18.7659,18.7659,1.65436,31.0455,34.9614,24.115,1.65436,0.226698
1.7382,17.968,17.968,2,35.936,34.9614,24.1406,2.02893,0.261222
1.7384,17.1549,17.1549,1.79021,30.711,34.9614,24.1244,1.79021,0.272543
1.7386,19.7563,19.7563,1.5338,30.3023,34.9614,24.1065,1.5338,0.222571
1.7388,17.3265,17.3265,2,34.6531,34.9614,24.1536,2.21937,0.273333
1.739,16.5676,16.5676,1.62426,26.9101,34.9614,24.1131,1.62426,0.28576
1.7392,19.1602,19.1602,1.73873,33.3145,34.9614,24.1205,1.73873,0.263201
1.7394,17.0642,17.0642,2,34.1283,34.9614,24.1464,2.11093,0.275519
1.7396,17.8355,17.8355,1.55901,27.8058,34.9614,24.1085,1.55901,0.264353
1.7398,18.2479,18.2479,2,36.4958,34.9614,24.1393,2.01354,0.273333
1.74,17.0048,17.0048,1.84248,31.331,34.9614,24.128,1.84248,0.273333
1.7402,6.53477,6.53477,2,13.0695,34.9614,24.1999,3.02774,0.566667
1.7404,15.5403,15.5403,0.0422853,0.657128,34.9614,24.0052,0.0422853,0.416667
1.7406,20.616,20.616,1.59267,32.8344,34.9614,24.1099,1.59267,0.266667
1.7408,20.9057,20.9057,1.09352,22.8608,34.9614,24.0763,1.09352,0.116667
1.741,17.8995,17.8995,2,35.7989,34.9614,24.1602,2.31409,0.273333
1.7412,8.91771,8.91771,2,17.8354,34.9614,24.1645,2.39956,0.461585
1.7414,19.5257,19.5257,0.248417,4.85052,34.9614,24.0182,0.248417,0.334674
1.7416,19.6619,19.6619,2,39.3237,34.9614,24.1403,2.03313,0.268456
1.7418,16.409,16.409,1.9855,32.58,34.9614,24.1382,1.9855,0.266667
1.742,18.1933,18.1933,1.56631,28.4963,34.9614,24.1088,1.56631,0.273333
1.7422,16.6415,16.6415,2,33.2829,34.9614,24.1559,2.25307,0.311585
1.7424,20.3652,20.3652,1.03015,20.9792,34.9614,24.0719,1.03015,0.184674
1.7426,18.019,18.019,2,36.038,34.9614,24.1608,2.32731,0.277833
1.7428,13.3996,13.3996,1.92503,25.7947,34.9614,24.134,1.92503,0.346772
1.743,20.0181,20.0181,1.07295,21.4784,34.9614,24.0745,1.07295,0.273333
1.7432,20.2661,20.2661,1.5752,31.9231,34.9614,24.1094,1.5752,0.187941
1.7434,14.6515,14.6515,2,29.303,34.9614,24.1769,2.55765,0.334674
1.7436,17.7086,17.7086,0.911577,16.1428,34.9614,24.0641,0.911577,0.278416
1.7438,20.2609,20.2609,1.66165,33.6665,34.9614,24.115,1.66165,0.222928
1.744,16.8098,16.8098,2,33.6196,34.9614,24.1537,2.2182,0.273333
1.7442,14.8328,14.8328,1.75737,26.0667,34.9614,24.122,1.75737,0.337941
1.7444,16.3701,16.3701,1.82038,29.7998,34.9614,24.1255,1.82038,0.361202
1.7446,18.4654,18.4654,1.67282,30.8894,34.9614,24.1159,1.67282,0.276735
1.7448,16.5183,16.5183,2,33.0367,34.9614,24.1522,2.19964,0.304172
1.745,17.6313,17.6313,1.45129,25.5881,34.9614,24.1011,1.45129,0.273333
1.7452,16.2638,16.2638,2,32.5275,34.9614,24.1628,2.35934,0.337698
1.7454,17.8428,17.8428,1.25344,22.3649,34.9614,24.0876,1.25344,0.261205
1.7456,18.7918,18.7918,2,37.5837,34.9614,24.1446,2.0931,0.272005
1.7458,14.7791,14.7791,2,29.5581,34.9614,24.143,2.06126,0.316057
1.746,19.0135,19.0135,1.23616,23.5037,34.9614,24.086,1.23616,0.273333
1.7462,20.0403,20.0403,1.67364,33.5402,34.9614,24.1161,1.67364,0.202747
1.7464,18.3204,18.3204,1.96966,36.0851,34.9614,24.1367,1.96966,0.232546
1.7466,17.1672,17.1672,1.86732,32.0568,34.9614,24.1297,1.86732,0.270297
1.7468,18.962,18.962,1.62747,30.8601,34.9614,24.113,1.62747,0.245519
1.747,17.5066,17.5066,2,35.0132,34.9614,24.1469,2.121,0.273333
1.7472,14.033,14.033,1.99994,28.0652,34.9614,24.1385,1.99994,0.352747
1.7474,20.3318,20.3318,1.01149,20.5654,34.9614,24.0704,1.01149,0.246327
1.7476,18.0843,18.0843,2,36.1686,34.9614,24.1602,2.3193,0.277372
1.7478,16.7675,16.7675,1.5883,26.6318,34.9614,24.1108,1.5883,0.262298
1.748,18.8012,18.8012,1.84231,34.6376,34.9614,24.1274,1.84231,0.273333
1.7482,14.5673,14.5673,2,29.1347,34.9614,24.1596,2.30586,0.337867
1.7484,19.3427,19.3427,0.951916,18.4127,34.9614,24.0665,0.951916,0.252118
1.7486,18.5044,18.5044,2,37.0087,34.9614,24.1565,2.26391,0.27665
1.7488,16.5348,16.5348,1.69635,28.0489,34.9614,24.1183,1.69635,0.26518
1.749,18.7337,18.7337,1.7522,32.8252,34.9614,24.1213,1.7522,0.273333
1.7492,19.9572,19.9572,1.54314,30.7968,34.9614,24.1072,1.54314,0.187867
1.7494,17.4765,17.4765,2,34.9531,34.9614,24.1516,2.18903,0.265688
1.7496,17.4281,17.4281,1.57634,27.4726,34.9614,24.1098,1.57634,0.263231
1.7498,19.4183,19.4183,1.76052,34.1863,34.9614,24.122,1.76052,0.240917
1.75,16.9547,16.9547,2,33.9094,34.9614,24.147,2.11992,0.273333
1.7502,17.5445,17.5445,1.57472,27.6277,34.9614,24.1095,1.57472,0.273333
1.7504,6.8909,6.8909,2,13.7818,34.9614,24.2161,3.29263,0.566667
1.7506,14.5843,14.5843,0.00483146,0.0704633,34.9614,24.0029,0.00483146,0.416667
1.7508,20.7561,20.7561,1.50029,31.1403,34.9614,24.1035,1.50029,0.266667
1.751,20.9513,20.9513,1.0733,22.487,34.9614,24.0749,1.0733,0.116667
1.7512,17.9399,17.9399,2,35.8797,34.9614,24.1599,2.31399,0.273333
1.7514,10.6826,10.6826,2,21.3652,34.9614,24.1525,2.2132,0.416667
1.7516,16.0295,16.0295,0.986362,15.8108,34.9614,24.0686,0.986362,0.408264
1.7518,19.7592,19.7592,1.91418,37.8228,34.9614,24.132,1.91418,0.277237
1.752,16.6695,16.6695,2,33.3391,34.9614,24.1424,2.0489,0.266667
1.7522,17.8823,17.8823,1.57116,28.096,34.9614,24.1092,1.57116,0.273333
1.7524,18.4238,18.4238,1.97849,36.4514,34.9614,24.1369,1.97849,0.266667
1.7526,15.3747,15.3747,2,30.7494,34.9614,24.1434,2.06832,0.314315
1.7528,18.3919,18.3919,1.3648,25.1012,34.9614,24.0949,1.3648,0.280018
1.753,15.4677,15.4677,2,30.9355,34.9614,24.1772,2.57005,0.352098
1.7532,17.3442,17.3442,1.02592,17.7938,34.9614,24.0721,1.02592,0.273333
1.7534,20.6268,20.6268,1.43241,29.5461,34.9614,24.0994,1.43241,0.200496
1.7536,16.8107,16.8107,2,33.6215,34.9614,24.1628,2.35386,0.284998
1.7538,16.8568,16.8568,1.41942,23.9268,34.9614,24.0991,1.41942,0.278233
1.754,19.312,19.312,1.85852,35.8917,34.9614,24.1285,1.85852,0.262687
1.7542,16.768,16.768,2,33.5359,34.9614,24.1434,2.06447,0.273333
1.7544,17.9209,17.9209,1.56378,28.0243,34.9614,24.1087,1.56378,0.270111
1.7546,18.4867,18.4867,1.97328,36.4793,34.9614,24.1367,1.97328,0.264354
1.7548,17.1139,17.1139,1.87985,32.1716,34.9614,24.1306,1.87985,0.26907
1.755,19.2162,19.2162,1.57279,30.2231,34.9614,24.1092,1.57279,0.237654
1.7552,17.4801,17.4801,2,34.9603,34.9614,24.1502,2.16707,0.273333
1.7554,15.8363,15.8363,1.76601,27.9671,34.9614,24.1228,1.76601,0.305223
1.7556,19.3267,19.3267,1.54497,29.8593,34.9614,24.107,1.54497,0.262894
1.7558,17.194,17.194,2,34.388,34.9614,24.1544,2.22911,0.281562
1.756,18.3207,18.3207,1.40995,25.8312,34.9614,24.0983,1.40995,0.241893
1.7562,18.2669,18.2669,2,36.5338,34.9614,24.1466,2.12073,0.273333
1.7564,15.616,15.616,1.90235,29.707,34.9614,24.1322,1.90235,0.301072
1.7566,18.9919,18.9919,1.46238,27.7733,34.9614,24.1015,1.46238,0.26944
1.7568,17.6658,17.6658,2,35.3317,34.9614,24.1525,2.20286,0.278045
1.757,16.6497,16.6497,1.66605,27.7393,34.9614,24.116,1.66605,0.2792
1.7572,18.722,18.722,1.78697,33.4557,34.9614,24.1237,1.78697,0.273333
1.7574,19.0435,19.0435,1.75217,33.3675,34.9614,24.1216,1.75217,0.221466
1.7576,16.9287,16.9287,2,33.8575,34.9614,24.1463,2.1111,0.279854
1.7578,17.6292,17.6292,1.56994,27.6768,34.9614,24.1092,1.56994,0.271905
1.758,18.9172,18.9172,1.87779,35.5225,34.9614,24.13,1.87779,0.255476
1.7582,16.9283,16.9283,2,33.8565,34.9614,24.1394,2.00958,0.273333
1.7584,19.6509,19.6509,1.38284,27.1739,34.9614,24.0961,1.38284,0.219453
1.7586,17.8361,17.8361,2,35.6721,34.9614,24.1535,2.2182,0.269278
1.7588,16.3375,16.3375,1.70069,27.7849,34.9614,24.1184,1.70069,0.28346
1.759,18.6534,18.6534,1.74293,32.5116,34.9614,24.1208,1.74293,0.278726
1.7592,17.4037,17.4037,2,34.8075,34.9614,24.1415,2.04066,0.273333
1.7594,17.2714,17.2714,1.71567,29.6321,34.9614,24.1192,1.71567,0.278119
1.7596,18.404,18.404,1.83968,33.8574,34.9614,24.1274,1.83968,0.269241
1.7598,17.0493,17.0493,1.99753,34.0565,34.9614,24.1386,1.99753,0.280269
1.76,17.2438,17.2438,1.72463,29.739,34.9614,24.1197,1.72463,0.28716
1.7602,18.2643,18.2643,1.85121,33.8111,34.9614,24.1282,1.85121,0.273333
1.7604,17.3779,17.3779,1.93753,33.6703,34.9614,24.1344,1.93753,0.273333
1.7606,6.05705,6.05705,2,12.1141,34.9614,24.1996,3.02037,0.566667
1.7608,15.5346,15.5346,0.0418661,0.650374,34.9614,24.0051,0.0418661,0.416667
1.761,20.616,20.616,1.59315,32.8445,34.9614,24.1099,1.59315,0.266667
1.7612,20.9073,20.9073,1.09237,22.8385,34.9614,24.0762,1.09237,0.116667
1.7614,17.9095,17.9095,2,35.8189,34.9614,24.1599,2.31126,0.273333
1.7616,4.85237,4.85237,2,9.70474,34.9614,24.1891,2.84956,0.563452
1.7618,17.7821,17.7821,0,0,34.9614,24.0015,-1.29871e-07,0.266667
1.762,20.1196,20.1196,1.87359,37.696,34.9614,24.1292,1.87359,0.273959
1.7622,16.604,16.604,2,33.2081,34.9614,24.1456,2.09787,0.266667
1.7624,17.8155,17.8155,1.52791,27.2205,34.9614,24.1063,1.52791,0.273333
1.7626,6.9461,6.9461,2,13.8922,34.9614,24.2212,3.35356,0.564381
1.7628,18.1837,18.1837,0,0,34.9614,24.0005,-4.31809e-08,0.201523
1.763,19.9847,19.9847,1.9414,38.7983,34.9614,24.1338,1.9414,0.277465
1.7632,13.1429,13.1429,2,26.2858,34.9614,24.1692,2.44224,0.350864
1.7634,19.1254,19.1254,0.703994,13.4642,34.9614,24.0496,0.703994,0.273333
1.7636,14.3202,14.3202,2,28.6404,34.9614,24.2171,3.17881,0.414381
1.7638,17.0996,17.0996,0.362076,6.19135,34.9614,24.0269,0.362076,0.25903
1.764,19.8561,19.8561,1.98245,39.3636,34.9614,24.1367,1.98245,0.278765
1.7642,16.4299,16.4299,2,32.8597,34.9614,24.141,2.02881,0.266987
1.7644,18.0713,18.0713,1.54298,27.8836,34.9614,24.1072,1.54298,0.273333
1.7646,17.0853,17.0853,2,34.1707,34.9614,24.1528,2.20825,0.303368
1.7648,17.7779,17.7779,1.4808,26.3255,34.9614,24.1032,1.4808,0.259298
1.765,18.4065,18.4065,2,36.813,34.9614,24.141,2.03759,0.274045
1.7652,18.3802,18.3802,1.66485,30.6003,34.9614,24.1158,1.66485,0.232411
1.7654,17.7296,17.7296,2,35.4591,34.9614,24.1413,2.03992,0.273333
1.7656,18.4154,18.4154,1.60992,29.6474,34.9614,24.1119,1.60992,0.242205
1.7658,18.2804,18.2804,1.99418,36.4542,34.9614,24.1382,1.99418,0.260213
1.766,17.1263,17.1263,1.84711,31.6341,34.9614,24.1283,1.84711,0.27032
1.7662,17.761,17.761,1.80675,32.0898,34.9614,24.1252,1.80675,0.281919
1.7664,17.7809,17.7809,1.88426,33.5038,34.9614,24.1308,1.88426,0.273333
1.7666,17.7422,17.7422,1.8273,32.4202,34.9614,24.1268,1.8273,0.269278
1.7668,17.2546,17.2546,1.93375,33.3662,34.9614,24.134,1.93375,0.286436
1.767,17.801,17.801,1.73687,30.918,34.9614,24.1205,1.73687,0.273128
1.7672,19.2203,19.2203,1.71668,32.9951,34.9614,24.1191,1.71668,0.233578
1.7674,17.1686,17.1686,2,34.3372,34.9614,24.1464,2.11243,0.273333
1.7676,17.0769,17.0769,1.65413,28.2475,34.9614,24.115,1.65413,0.282332
1.7678,19.2402,19.2402,1.73285,33.3404,34.9614,24.1201,1.73285,0.249701
1.768,17.0091,17.0091,2,34.0181,34.9614,24.1474,2.12636,0.276404
1.7682,18.6983,18.6983,1.43706,26.8705,34.9614,24.1,1.43706,0.240617
1.7684,18.0255,18.0255,2,36.0511,34.9614,24.1489,2.15357,0.273333
1.7686,18.8416,18.8416,1.48103,27.905,34.9614,24.1031,1.48103,0.218371
1.7688,17.2954,17.2954,2,34.5908,34.9614,24.1556,2.25034,0.289413
1.769,16.9238,16.9238,1.55603,26.3339,34.9614,24.1084,1.55603,0.275086
1.7692,18.5902,18.5902,1.90816,35.4731,34.9614,24.132,1.90816,0.278762
1.7694,17.0499,17.0499,1.95249,33.2899,34.9614,24.1355,1.95249,0.273333
1.7696,19.5059,19.5059,1.46236,28.5246,34.9614,24.1016,1.46236,0.225394
1.7698,17.9873,17.9873,2,35.9746,34.9614,24.1488,2.14783,0.261969
1.77,16.9231,16.9231,1.71395,29.0053,34.9614,24.1193,1.71395,0.271012
1.7702,20.0718,20.0718,1.48664,29.8395,34.9614,24.1032,1.48664,0.216679
1.7704,17.3023,17.3023,2,34.6046,34.9614,24.1559,2.24884,0.273333
1.7706,16.9919,16.9919,1.5503,26.3425,34.9614,24.108,1.5503,0.273333
1.7708,7.32317,7.32317,2,14.6463,34.9614,24.2117,3.21406,0.566667
1.771,14.8362,14.8362,0.0124772,0.185114,34.9614,24.0034,0.0124772,0.416667
1.7712,20.717,20.717,1.52705,31.6358,34.9614,24.1054,1.52705,0.266667
1.7714,20.9373,20.9373,1.08017,22.6159,34.9614,24.0754,1.08017,0.116667
1.7716,17.921,17.921,2,35.8421,34.9614,24.1599,2.314,0.273333
1.7718,10.7167,10.7167,2,21.4333,34.9614,24.1522,2.21042,0.416667
1.772,17.7033,17.7033,0.81664,14.4572,34.9614,24.0571,0.81664,0.365686
1.7722,19.2881,19.2881,2,38.5762,34.9614,24.1458,2.11374,0.275784
1.7724,17.4489,17.4489,1.77992,31.0576,34.9614,24.1239,1.77992,0.239693
1.7726,18.02,18.02,1.85371,33.4039,34.9614,24.1285,1.85371,0.273333
1.7728,17.6416,17.6416,1.88483,33.2514,34.9614,24.1307,1.88483,0.269818
1.773,17.3783,17.3783,1.86156,32.3507,34.9614,24.1291,1.86156,0.281221
1.7732,17.7723,17.7723,1.81431,32.2443,34.9614,24.1258,1.81431,0.276541
1.7734,15.9898,15.9898,2,31.9797,34.9614,24.1448,2.09192,0.31962
1.7736,18.2215,18.2215,1.42808,26.0218,34.9614,24.0993,1.42808,0.273333
1.7738,20.197,20.197,1.56948,31.6988,34.9614,24.1089,1.56948,0.197678
1.774,12.1012,12.1012,2,24.2024,34.9614,24.1973,2.87091,0.399717
1.7742,18.8613,18.8613,0.223796,4.22108,34.9614,24.0168,0.223796,0.2701
1.7744,21.1162,21.1162,1.1039,23.3102,34.9614,24.0767,1.1039,0.182694
1.7746,17.8401,17.8401,2,35.6802,34.9614,24.1603,2.31778,0.273333
1.7748,18.4282,18.4282,1.37942,25.4203,34.9614,24.0963,1.37942,0.22262
1.775,18.9739,18.9739,1.98908,37.7405,34.9614,24.1377,1.98908,0.249717
1.7752,16.6456,16.6456,1.95626,32.563,34.9614,24.136,1.95626,0.273334
1.7754,16.4152,16.4152,1.81465,29.7878,34.9614,24.1258,1.81465,0.31772
1.7756,18.5656,18.5656,1.66726,30.9537,34.9614,24.1155,1.66726,0.273333
1.7758,17.8185,17.8185,2,35.6371,34.9614,24.1409,2.03457,0.267645
1.776,19.8434,19.8434,1.38621,27.5072,34.9614,24.0964,1.38621,0.195122
1.7762,17.7436,17.7436,2,35.4871,34.9614,24.1547,2.23403,0.269475
1.7764,16.3745,16.3745,1.67254,27.3871,34.9614,24.1165,1.67254,0.282903
1.7766,18.8708,18.8708,1.73612,32.7621,34.9614,24.1202,1.73612,0.273333
1.7768,18.1702,18.1702,1.94125,35.2729,34.9614,24.1347,1.94125,0.249166
1.777,14.5439,14.5439,2,29.0877,34.9614,24.1503,2.17181,0.341228
1.7772,18.926,18.926,1.12403,21.2735,34.9614,24.0783,1.12403,0.272825
1.7774,20.3477,20.3477,1.5472,31.4821,34.9614,24.1074,1.5472,0.192055
1.7776,17.0612,17.0612,2,34.1223,34.9614,24.1558,2.24991,0.273333
1.7778,19.3749,19.3749,1.24412,24.1048,34.9614,24.0868,1.24412,0.212576
1.778,20.1682,20.1682,1.60349,32.3394,34.9614,24.1113,1.60349,0.191228
1.7782,16.9663,16.9663,2,33.9326,34.9614,24.1546,2.23107,0.273755
1.7784,18.5519,18.5519,1.35941,25.2197,34.9614,24.0948,1.35941,0.239
1.7786,18.2414,18.2414,2,36.4827,34.9614,24.1492,2.15771,0.273333
1.7788,18.2965,18.2965,1.56474,28.6292,34.9614,24.109,1.56474,0.229985
1.779,17.7804,17.7804,2,35.5607,34.9614,24.1454,2.10188,0.279349
1.7792,17.1699,17.1699,1.71146,29.3856,34.9614,24.119,1.71146,0.270845
1.7794,17.4667,17.4667,1.96042,34.2422,34.9614,24.1358,1.96042,0.297299
1.7796,17.5997,17.5997,1.75606,30.9062,34.9614,24.1219,1.75606,0.273333
1.7798,16.736,16.736,2,33.472,34.9614,24.1415,2.04434,0.306547
1.78,16.649,16.649,1.71947,28.6275,34.9614,24.1194,1.71947,0.30456
1.7802,18.7643,18.7643,1.73823,32.6166,34.9614,24.1204,1.73823,0.269088
1.7804,19.8114,19.8114,1.59442,31.5876,34.9614,24.1108,1.59442,0.194323
1.7806,17.165,17.165,2,34.33,34.9614,24.153,2.20873,0.273333
1.7808,17.1878,17.1878,1.55365,26.7039,34.9614,24.1082,1.55365,0.273333
1.781,7.16934,7.16934,2,14.3387,34.9614,24.2137,3.24545,0.566667
1.7812,14.7458,14.7458,0.00972824,0.143451,34.9614,24.0032,0.00972824,0.416667
1.7814,20.7308,20.7308,1.51742,31.4573,34.9614,24.1047,1.51742,0.266667
1.7816,20.9446,20.9446,1.07636,22.5439,34.9614,24.0751,1.07636,0.116667
1.7818,17.9244,17.9244,2,35.8487,34.9614,24.16,2.31474,0.273333
1.782,10.6915,10.6915,2,21.3829,34.9614,24.1527,2.21058,0.416667
1.7822,16.1674,16.1674,0.97623,15.7832,34.9614,24.0679,0.97623,0.40478
1.7824,19.8368,19.8368,1.88636,37.4193,34.9614,24.1302,1.88636,0.27098
1.7826,16.6879,16.6879,2,33.3759,34.9614,24.1435,2.06686,0.266667
1.7828,17.8314,17.8314,1.56279,27.8668,34.9614,24.1086,1.56279,0.273333
1.783,17.8103,17.8103,2,35.6206,34.9614,24.1438,2.07732,0.285906
1.7832,14.6716,14.6716,2,29.3431,34.9614,24.139,2.0016,0.335252
1.7834,19.1939,19.1939,1.25494,24.0873,34.9614,24.0872,1.25494,0.273219
1.7836,15.5543,15.5543,2,31.1086,34.9614,24.1833,2.65766,0.345442
1.7838,17.0818,17.0818,0.984118,16.8105,34.9614,24.0693,0.984118,0.273333
1.784,20.4533,20.4533,1.55445,31.7937,34.9614,24.1077,1.55445,0.218074
1.7842,12.678,12.678,2,25.356,34.9614,24.1937,2.81946,0.384033
1.7844,18.4701,18.4701,0.377818,6.97835,34.9614,24.0275,0.377818,0.274383
1.7846,19.199,19.199,2,38.398,34.9614,24.1535,2.22744,0.291971
1.7848,15.9127,15.9127,1.85208,29.4716,34.9614,24.129,1.85208,0.273333
1.785,19.2849,19.2849,1.48854,28.7063,34.9614,24.1033,1.48854,0.258008
1.7852,12.9643,12.9643,2,25.9286,34.9614,24.1926,2.8104,0.394711
1.7854,18.3324,18.3324,0.430152,7.88571,34.9614,24.0311,0.430152,0.273609
1.7856,20.1182,20.1182,1.8003,36.2188,34.9614,24.1244,1.8003,0.245745
1.7858,16.5257,16.5257,2,33.0514,34.9614,24.1499,2.16061,0.273333
1.786,16.3334,16.3334,1.62396,26.5248,34.9614,24.1129,1.62396,0.308419
1.7862,19.7805,19.7805,1.59352,31.5206,34.9614,24.1104,1.59352,0.244711
1.7864,17.186,17.186,2,34.372,34.9614,24.1529,2.20773,0.273133
1.7866,14.4111,14.4111,1.85154,26.6828,34.9614,24.1285,1.85154,0.343021
1.7868,19.6296,19.6296,1.29658,25.4514,34.9614,24.0899,1.29658,0.273333
1.787,16.7601,16.7601,2,33.5202,34.9614,24.1692,2.45056,0.305149
1.7872,18.815,18.815,1.11315,20.9439,34.9614,24.0779,1.11315,0.221639
1.7874,18.4714,18.4714,2,36.9428,34.9614,24.1536,2.22378,0.275462
1.7876,19.2994,19.2994,1.38989,26.824,34.9614,24.0969,1.38989,0.193021
1.7878,17.8319,17.8319,2,35.6638,34.9614,24.1535,2.21805,0.273333
1.788,16.5273,16.5273,1.68071,27.7776,34.9614,24.1171,1.68071,0.278678
1.7882,19.1128,19.1128,1.7027,32.5434,34.9614,24.1179,1.7027,0.262313
1.7884,17.2673,17.2673,2,34.5346,34.9614,24.146,2.10635,0.273083
1.7886,20.0159,20.0159,1.26296,25.2792,34.9614,24.0879,1.26296,0.194753
1.7888,17.8046,17.8046,2,35.6091,34.9614,24.1575,2.27794,0.273333
1.789,18.0381,18.0381,1.45778,26.2956,34.9614,24.1017,1.45778,0.236419
1.7892,19.0892,19.0892,1.91865,36.6256,34.9614,24.1328,1.91865,0.247985
1.7894,16.7064,16.7064,2,33.4128,34.9614,24.1399,2.01552,0.274492
1.7896,17.1593,17.1593,1.68622,28.9344,34.9614,24.1171,1.68622,0.293576
1.7898,18.3892,18.3892,1.85637,34.1371,34.9614,24.1286,1.85637,0.273333
1.79,18.5281,18.5281,1.78286,33.033,34.9614,24.1238,1.78286,0.238856
1.7902,19.4448,19.4448,1.66459,32.3677,34.9614,24.1156,1.66459,0.210718
1.7904,17.1133,17.1133,2,34.2265,34.9614,24.1498,2.16314,0.275079
1.7906,15.1682,15.1682,1.80539,27.3847,34.9614,24.1254,1.80539,0.328062
1.7908,19.298,19.298,1.45776,28.1319,34.9614,24.101,1.45776,0.273333
1.791,17.6874,17.6874,2,35.3747,34.9614,24.1528,2.20638,0.273333
1.7912,5.13559,5.13559,2,10.2712,34.9614,24.1919,2.8985,0.566667
1.7914,15.7793,15.7793,0.0568761,0.897463,34.9614,24.0061,0.0568761,0.416667
1.7916,20.5785,20.5785,1.61672,33.2696,34.9614,24.1115,1.61672,0.266667
1.7918,20.8941,20.8941,1.09798,22.9413,34.9614,24.0766,1.09798,0.116667
1.792,17.8868,17.8868,2,35.7737,34.9614,24.1603,2.31659,0.273333
1.7922,4.73838,4.73838,2,9.47675,34.9614,24.1885,2.85354,0.565904
1.7924,17.6977,17.6977,0,0,34.9614,24.0014,-4.36841e-07,0.266667
1.7926,20.1718,20.1718,1.8454,37.225,34.9614,24.1273,1.8454,0.271737
1.7928,16.6354,16.6354,2,33.2707,34.9614,24.1468,2.11469,0.266667
1.793,17.7558,17.7558,1.52418,27.0629,34.9614,24.106,1.52418,0.273333
1.7932,12.9193,12.9193,2,25.8385,34.9614,24.1845,2.69144,0.415904
1.7934,20.9023,20.9023,0.207071,4.32826,34.9614,24.0152,0.207071,0.204974
1.7936,19.3429,19.3429,2,38.6857,34.9614,24.1484,2.15206,0.276895
1.7938,12.7718,12.7718,2,25.5436,34.9614,24.1572,2.26481,0.354231
1.794,19.7342,19.7342,0.752419,14.8484,34.9614,24.0527,0.752419,0.273333
1.7942,19.008,19.008,2,38.0161,34.9614,24.1498,2.16912,0.265904
1.7944,13.5307,13.5307,2,27.0614,34.9614,24.1487,2.14318,0.339202
1.7946,19.3869,19.3869,0.986575,19.1266,34.9614,24.0688,0.986575,0.278418
1.7948,20.1132,20.1132,1.68304,33.8513,34.9614,24.1167,1.68304,0.206705
1.795,16.8251,16.8251,2,33.6502,34.9614,24.1526,2.19984,0.273333
1.7952,19.8172,19.8172,1.19457,23.6731,34.9614,24.0833,1.19457,0.205161
1.7954,20.1625,20.1625,1.60839,32.4292,34.9614,24.1117,1.60839,0.189202
1.7956,17.1235,17.1235,2,34.2471,34.9614,24.1528,2.2029,0.269222
1.7958,19.1536,19.1536,1.32111,25.3041,34.9614,24.0921,1.32111,0.220862
1.796,18.03,18.03,2,36.06,34.9614,24.1536,2.21857,0.273333
1.7962,13.6367,13.6367,2,27.2733,34.9614,24.1389,2.00281,0.348209
1.7964,17.4912,17.4912,1.34236,23.4795,34.9614,24.0931,1.34236,0.336517
1.7966,18.6206,18.6206,2,37.2412,34.9614,24.1435,2.07569,0.279506
1.7968,16.0441,16.0441,1.92694,30.9161,34.9614,24.134,1.92694,0.287992
1.797,18.5421,18.5421,1.53855,28.528,34.9614,24.1068,1.53855,0.273333
1.7972,19.6055,19.6055,1.74471,34.2059,34.9614,24.121,1.74471,0.215684
1.7974,19.1588,19.1588,1.76365,33.7894,34.9614,24.1225,1.76365,0.206832
1.7976,17.0087,17.0087,2,34.0175,34.9614,24.1455,2.09835,0.275019
1.7978,18.3966,18.3966,1.50032,27.6008,34.9614,24.1044,1.50032,0.251064
1.798,18.0494,18.0494,2,36.0989,34.9614,24.1458,2.10684,0.273333
1.7982,15.1122,15.1122,1.95041,29.4749,34.9614,24.1355,1.95041,0.318173
1.7984,21.248,21.248,0.792104,16.8306,34.9614,24.0553,0.792104,0.173402
1.7986,18.2297,18.2297,2,36.4593,34.9614,24.1619,2.34406,0.280061
1.7988,16.601,16.601,1.5951,26.4802,34.9614,24.1113,1.5951,0.262305
1.799,18.8797,18.8797,1.81301,34.229,34.9614,24.1254,1.81301,0.273333
1.7992,16.1416,16.1416,2,32.2832,34.9614,24.1494,2.15404,0.298883
1.7994,15.9919,15.9919,1.62302,25.9552,34.9614,24.1128,1.62302,0.323402
1.7996,19.2318,19.2318,1.68609,32.4267,34.9614,24.1166,1.68609,0.271129
1.7998,17.8312,17.8312,2,35.6624,34.9614,24.1414,2.03869,0.25679
1.8,17.1881,17.1881,1.76871,30.4009,34.9614,24.1229,1.76871,0.273333
1.8002,18.2569,18.2569,1.81054,33.0547,34.9614,24.1254,1.81054,0.271912
1.8004,19.6197,19.6197,1.59938,31.3793,34.9614,24.1111,1.59938,0.20723
1.8006,16.884,16.884,2,33.7679,34.9614,24.1556,2.24441,0.28298
1.8008,17.4035,17.4035,1.46885,25.5631,34.9614,24.1024,1.46885,0.269999
1.801,18.6501,18.6501,1.98829,37.0819,34.9614,24.1375,1.98829,0.273333
1.8012,16.8403,16.8403,1.917,32.283,34.9614,24.1332,1.917,0.273333
1.8014,6.44671,6.44671,2,12.8934,34.9614,24.1948,2.94776,0.566667
1.8016,15.8174,15.8174,0.0593253,0.938371,34.9614,24.0062,0.0593253,0.416667
1.8018,20.5727,20.5727,1.61941,33.3158,34.9614,24.1118,1.61941,0.266667
1.802,20.8955,20.8955,1.09738,22.9303,34.9614,24.0766,1.09738,0.116667
1.8022,17.8969,17.8969,2,35.7939,34.9614,24.1601,2.31339,0.273333
1.8024,10.7155,10.7155,2,21.431,34.9614,24.1524,2.20644,0.416667
1.8026,19.7966,19.7966,0.579362,11.4694,34.9614,24.0407,0.579362,0.309262
1.8028,19.0261,19.0261,2,38.0522,34.9614,24.1524,2.2056,0.27478
1.803,16.3159,16.3159,1.8137,29.5922,34.9614,24.1263,1.8137,0.266667
1.8032,18.6277,18.6277,1.65307,30.7929,34.9614,24.1145,1.65307,0.273333
1.8034,17.1515,17.1515,2,34.3029,34.9614,24.1485,2.14246,0.286352
1.8036,19.3851,19.3851,1.34079,25.9914,34.9614,24.0934,1.34079,0.217204
1.8038,17.7913,17.7913,2,35.5825,34.9614,24.1559,2.25125,0.276065
1.804,13.5818,13.5818,1.94991,26.4833,34.9614,24.1353,1.94991,0.350755
1.8042,19.8875,19.8875,1.09192,21.7155,34.9614,24.0758,1.09192,0.273333
1.8044,19.7375,19.7375,1.81572,35.8378,34.9614,24.1258,1.81572,0.215135
1.8046,17.66,17.66,1.9866,35.0835,34.9614,24.138,1.9866,0.246724
1.8048,17.5777,17.5777,1.75493,30.8476,34.9614,24.1218,1.75493,0.269365
1.805,20.1129,20.1129,1.4721,29.6082,34.9614,24.1022,1.4721,0.200755
1.8052,17.3106,17.3106,2,34.6212,34.9614,24.1562,2.25657,0.273333
1.8054,19.2315,19.2315,1.28222,24.6589,34.9614,24.0894,1.28222,0.212432
1.8056,17.9126,17.9126,2,35.8251,34.9614,24.1564,2.26253,0.278071
1.8058,16.5083,16.5083,1.64815,27.2082,34.9614,24.1148,1.64815,0.275319
1.806,21.1902,21.1902,0.936542,19.8455,34.9614,24.0653,0.936542,0.15307
1.8062,18.1591,18.1591,2,36.3181,34.9614,24.1599,2.31071,0.273333
1.8064,15.0983,15.0983,1.77696,26.8291,34.9614,24.1239,1.77696,0.303543
1.8066,19.0362,19.0362,1.51481,28.8362,34.9614,24.1049,1.51481,0.284531
1.8068,17.6459,17.6459,2,35.2917,34.9614,24.1505,2.17375,0.274726
1.807,17.1379,17.1379,1.63583,28.0347,34.9614,24.1139,1.63583,0.269012
1.8072,18.5011,18.5011,1.88032,34.7878,34.9614,24.1301,1.88032,0.273333
1.8074,20.5873,20.5873,1.24434,25.6177,34.9614,24.0867,1.24434,0.153543
1.8076,17.426,17.426,2,34.852,34.9614,24.1624,2.3492,0.280426
1.8078,16.6374,16.6374,1.50887,25.1036,34.9614,24.1053,1.50887,0.274061
1.808,17.0626,17.0626,2,34.1253,34.9614,24.1477,2.13777,0.329287
1.8082,17.4311,17.4311,1.58038,27.5479,34.9614,24.11,1.58038,0.273333
1.8084,18.981,18.981,1.8498,35.111,34.9614,24.128,1.8498,0.255963
1.8086,17.209,17.209,1.99845,34.3914,34.9614,24.1387,1.99845,0.266866
1.8088,17.6927,17.6927,1.69001,29.9008,34.9614,24.1174,1.69001,0.272953
1.809,20.0876,20.0876,1.51613,30.4555,34.9614,24.1053,1.51613,0.202421
1.8092,17.2321,17.2321,2,34.4641,34.9614,24.1554,2.24346,0.273333
1.8094,14.6347,14.6347,1.79648,26.2909,34.9614,24.1251,1.79648,0.334299
1.8096,18.916,18.916,1.46859,27.7798,34.9614,24.1017,1.46859,0.29467
1.8098,17.8456,17.8456,2,35.6913,34.9614,24.1503,2.17011,0.273716
1.81,13.7729,13.7729,2,27.5457,34.9614,24.1395,2.01397,0.350923
1.8102,19.6721,19.6721,1.08682,21.38,34.9614,24.0755,1.08682,0.273333
1.8104,20.3711,20.3711,1.52373,31.0401,34.9614,24.1058,1.52373,0.184299
1.8106,17.1645,17.1645,2,34.3289,34.9614,24.1558,2.24847,0.27138
1.8108,17.0608,17.0608,1.5283,26.074,34.9614,24.1065,1.5283,0.273957
1.811,20.4439,20.4439,1.43197,29.275,34.9614,24.0994,1.43197,0.200923
1.8112,17.2876,17.2876,2,34.5752,34.9614,24.1577,2.27837,0.273333
1.8114,16.9393,16.9393,1.52906,25.9012,34.9614,24.1066,1.52906,0.273333
1.8116,7.40544,7.40544,2,14.8109,34.9614,24.212,3.22201,0.566667
1.8118,14.7942,14.7942,0.0111583,0.165077,34.9614,24.0033,0.0111583,0.416667
1.812,20.7242,20.7242,1.52212,31.5447,34.9614,24.105,1.52212,0.266667
1.8122,20.9389,20.9389,1.07958,22.6052,34.9614,24.0753,1.07958,0.116667
1.8124,17.928,17.928,2,35.856,34.9614,24.1601,2.31671,0.273333
1.8126,10.6728,10.6728,2,21.3457,34.9614,24.1528,2.21351,0.416667
1.8128,16.2214,16.2214,0.966311,15.6749,34.9614,24.0673,0.966311,0.403751
1.813,19.8899,19.8899,1.86604,37.1153,34.9614,24.1288,1.86604,0.267499
1.8132,16.7108,16.7108,2,33.4215,34.9614,24.1448,2.08343,0.266667
1.8134,17.7806,17.7806,1.55599,27.6664,34.9614,24.1082,1.55599,0.273333
1.8136,18.511,18.511,1.96893,36.4468,34.9614,24.1363,1.96893,0.266667
1.8138,15.6704,15.6704,2,31.3409,34.9614,24.1424,2.04979,0.306149
1.814,18.3313,18.3313,1.41945,26.0205,34.9614,24.0986,1.41945,0.27793
1.8142,15.5764,15.5764,2,31.1528,34.9614,24.173,2.50798,0.346618
1.8144,17.4416,17.4416,1.08612,18.9438,34.9614,24.0762,1.08612,0.273333
1.8146,20.6785,20.6785,1.3863,28.6666,34.9614,24.0962,1.3863,0.193037
1.8148,12.417,12.417,2,24.834,34.9614,24.2045,2.97881,0.400154
1.815,17.9867,17.9867,0.249718,4.4916,34.9614,24.0189,0.249718,0.280707
1.8152,21.0255,21.0255,1.19473,25.1197,34.9614,24.0829,1.19473,0.196618
1.8154,17.6575,17.6575,2,35.3151,34.9614,24.1604,2.31973,0.273333
1.8156,18.7881,18.7881,1.31804,24.7635,34.9614,24.092,1.31804,0.215817
1.8158,18.8942,18.8942,2,37.7884,34.9614,24.1407,2.03319,0.250154
1.816,16.3918,16.3918,1.9424,31.8395,34.9614,24.135,1.9424,0.277965
1.8162,18.989,18.989,1.49755,28.4368,34.9614,24.104,1.49755,0.253718
1.8164,17.762,17.762,2,35.524,34.9614,24.15,2.16713,0.273333
1.8166,18.4897,18.4897,1.49552,27.6517,34.9614,24.1042,1.49552,0.231946
1.8168,19.7847,19.7847,1.70584,33.7496,34.9614,24.1183,1.70584,0.210915
1.817,17.0733,17.0733,2,34.1467,34.9614,24.149,2.1472,0.268892
1.8172,16.2938,16.2938,1.69442,27.6086,34.9614,24.1178,1.69442,0.30147
1.8174,18.8702,18.8702,1.71327,32.3297,34.9614,24.1186,1.71327,0.273333
1.8176,17.9655,17.9655,1.9896,35.7441,34.9614,24.138,1.9896,0.256446
1.8178,14.242,14.242,2,28.4841,34.9614,24.1482,2.14274,0.348882
1.818,18.8399,18.8399,1.12718,21.2361,34.9614,24.0785,1.12718,0.281828
1.8182,20.0632,20.0632,1.69132,33.9333,34.9614,24.1172,1.69132,0.208798
1.8184,16.8043,16.8043,2,33.6086,34.9614,24.1524,2.19864,0.273333
1.8186,18.7281,18.7281,1.35145,25.3101,34.9614,24.0942,1.35145,0.239051
1.8188,17.018,17.018,2,34.036,34.9614,24.164,2.37628,0.306667
1.819,16.5722,16.5722,1.44799,23.9964,34.9614,24.1011,1.44799,0.28022
1.8192,19.184,19.184,1.85748,35.6339,34.9614,24.1284,1.85748,0.271321
1.8194,16.839,16.839,2,33.678,34.9614,24.1421,2.04775,0.273333
1.8196,17.2451,17.2451,1.66265,28.6726,34.9614,24.1155,1.66265,0.287661
1.8198,19.3258,19.3258,1.71825,33.2067,34.9614,24.1191,1.71825,0.243193
1.82,17.0314,17.0314,2,34.0628,34.9614,24.1478,2.13249,0.274872
1.8202,17.1115,17.1115,1.61894,27.7024,34.9614,24.1126,1.61894,0.282215
1.8204,18.5505,18.5505,1.88098,34.893,34.9614,24.1302,1.88098,0.273333
1.8206,20.6715,20.6715,1.20367,24.8816,34.9614,24.0839,1.20367,0.147571
1.8208,18.4586,18.4586,2,36.9172,34.9614,24.1488,2.14983,0.250604
1.821,16.2478,16.2478,1.82879,29.7138,34.9614,24.1272,1.82879,0.280474
1.8212,19.4499,19.4499,1.50633,29.2981,34.9614,24.1045,1.50633,0.248001
1.8214,17.5241,17.5241,2,35.0481,34.9614,24.1526,2.20541,0.273333
1.8216,16.949,16.949,1.61336,27.3449,34.9614,24.1124,1.61336,0.273333
1.8218,7.1731,7.1731,2,14.3462,34.9614,24.2089,3.17021,0.566667
1.822,15.0107,15.0107,0.0177559,0.26653,34.9614,24.0037,0.0177559,0.416667
1.8222,20.6911,20.6911,1.54428,31.9528,34.9614,24.1066,1.54428,0.266667
1.8224,20.93,20.93,1.08281,22.6632,34.9614,24.0756,1.08281,0.116667
1.8226,17.9162,17.9162,2,35.8323,34.9614,24.16,2.31511,0.273333
1.8228,10.7027,10.7027,2,21.4055,34.9614,24.1522,2.21012,0.416667
1.823,20.9909,20.9909,0.379727,7.9708,34.9614,24.0269,0.379727,0.266667
1.8232,19.2603,19.2603,2,38.5207,34.9614,24.1481,2.14605,0.269427
1.8234,17.8457,17.8457,1.69903,30.3204,34.9614,24.1183,1.69903,0.226963
1.8236,17.962,17.962,1.95219,35.0654,34.9614,24.1354,1.95219,0.273333
1.8238,17.5691,17.5691,1.80771,31.7598,34.9614,24.1255,1.80771,0.266667
1.824,12.3444,12.3444,2,24.6888,34.9614,24.1702,2.47648,0.414551
1.8242,19.3791,19.3791,0.557781,10.8093,34.9614,24.0395,0.557781,0.277278
1.8244,16.8276,16.8276,2,33.6551,34.9614,24.1923,2.7991,0.352587
1.8246,15.8776,15.8776,1.10817,17.5951,34.9614,24.0782,1.10817,0.273333
1.8248,21.0218,21.0218,1.16238,24.4353,34.9614,24.0807,1.16238,0.19332
1.825,9.60341,9.60341,2,19.2068,34.9614,24.2354,3.4861,0.483135
1.8252,17.236,17.236,0,0,34.9614,24.0013,-3.74003e-07,0.278962
1.8254,21.1528,21.1528,1.10743,23.4252,34.9614,24.0769,1.10743,0.202587
1.8256,17.8177,17.8177,2,35.6354,34.9614,24.1605,2.32132,0.273333
1.8258,14.2256,14.2256,1.8239,25.9461,34.9614,24.1269,1.8239,0.330176
1.826,16.0718,16.0718,1.72698,27.7557,34.9614,24.1191,1.72698,0.37463
1.8262,19.122,19.122,1.62953,31.1598,34.9614,24.1129,1.62953,0.267685
1.8264,18.1965,18.1965,2,36.393,34.9614,24.1396,2.01333,0.250841
1.8266,17.0338,17.0338,1.83765,31.3021,34.9614,24.1276,1.83765,0.273333
1.8268,18.559,18.559,1.70236,31.5941,34.9614,24.1181,1.70236,0.26149
1.827,16.0621,16.0621,2,32.1241,34.9614,24.1546,2.23585,0.312449
1.8272,17.9407,17.9407,1.33507,23.952,34.9614,24.0931,1.33507,0.270168
1.8274,18.0712,18.0712,2,36.1424,34.9614,24.1516,2.19511,0.289484
1.8276,16.6479,16.6479,1.709,28.4511,34.9614,24.119,1.709,0.273333
1.8278,19.9182,19.9182,1.51949,30.2654,34.9614,24.1054,1.51949,0.229075
1.828,17.0249,17.0249,2,34.0498,34.9614,24.1574,2.27459,0.280473
1.8282,17.0068,17.0068,1.49771,25.4712,34.9614,24.1044,1.49771,0.27608
1.8284,18.032,18.032,2,36.0641,34.9614,24.1416,2.04815,0.297085
1.8286,17.03,17.03,1.79368,30.5465,34.9614,24.1247,1.79368,0.273333
1.8288,17.1787,17.1787,1.91293,32.8616,34.9614,24.1324,1.91293,0.302106
1.829,18.6401,18.6401,1.63955,30.5614,34.9614,24.1138,1.63955,0.252256
1.8292,17.9451,17.9451,2,35.8902,34.9614,24.1412,2.03728,0.26472
1.8294,19.4356,19.4356,1.47298,28.6284,34.9614,24.1025,1.47298,0.207763
1.8296,17.591,17.591,2,35.182,34.9614,24.1533,2.21345,0.273333
1.8298,15.3073,15.3073,1.79263,27.4403,34.9614,24.1246,1.79263,0.313402
1.83,20.1346,20.1346,1.32379,26.654,34.9614,24.0918,1.32379,0.24146
1.8302,17.9738,17.9738,2,35.9475,34.9614,24.1533,2.21515,0.263382
1.8304,18.7972,18.7972,1.4323,26.9232,34.9614,24.0998,1.4323,0.216545
1.8306,17.9898,17.9898,2,35.9796,34.9614,24.1498,2.16303,0.273333
1.8308,17.3183,17.3183,1.65719,28.6997,34.9614,24.1154,1.65719,0.259617
1.831,18.6623,18.6623,1.84682,34.4659,34.9614,24.1279,1.84682,0.264084
1.8312,16.9374,16.9374,2,33.8748,34.9614,24.1402,2.01951,0.27883
1.8314,18.9741,18.9741,1.48462,28.1693,34.9614,24.1032,1.48462,0.240478
1.8316,17.7946,17.7946,2,35.5892,34.9614,24.1501,2.16926,0.273333
1.8318,16.8646,16.8646,1.68106,28.3505,34.9614,24.117,1.68106,0.273333
1.832,7.05547,7.05547,2,14.1109,34.9614,24.2048,3.10408,0.566667
1.8322,15.2621,15.2621,0.0254071,0.387766,34.9614,24.0041,0.0254071,0.416667
1.8324,20.656,20.656,1.56718,32.3716,34.9614,24.1081,1.56718,0.266667
1.8326,20.9165,20.9165,1.08933,22.785,34.9614,24.076,1.08933,0.116667
1.8328,17.9121,17.9121,2,35.8241,34.9614,24.16,2.31565,0.273333
1.833,10.6627,10.6627,2,21.3253,34.9614,24.1528,2.21385,0.417845
1.8332,15.9384,15.9384,0.993799,15.8395,34.9614,24.0691,0.993799,0.410853
1.8334,19.74,19.74,1.9192,37.8849,34.9614,24.1323,1.9192,0.279614
1.8336,16.6551,16.6551,2,33.3102,34.9614,24.1423,2.04717,0.266667
1.8338,17.9,17.9,1.56888,28.0829,34.9614,24.109,1.56888,0.273333
1.834,18.3818,18.3818,1.98612,36.5085,34.9614,24.1376,1.98612,0.267846
1.8342,17.4643,17.4643,1.82285,31.8348,34.9614,24.1266,1.82285,0.260853
1.8344,17.5262,17.5262,1.88366,33.0134,34.9614,24.1305,1.88366,0.2839
1.8346,15.0091,15.0091,2,30.0183,34.9614,24.1463,2.11607,0.343337
1.8348,18.7519,18.7519,1.24142,23.279,34.9614,24.0864,1.24142,0.273333
1.835,20.1351,20.1351,1.63612,32.9434,34.9614,24.1135,1.63612,0.200883
1.8352,19.5606,19.5606,1.70241,33.3003,34.9614,24.1183,1.70241,0.19119
1.8354,16.6563,16.6563,2,33.3127,34.9614,24.1526,2.20194,0.283018
1.8356,18.6402,18.6402,1.3441,25.0543,34.9614,24.0937,1.3441,0.243559
1.8358,18.2239,18.2239,2,36.4477,34.9614,24.15,2.17047,0.273333
1.836,16.5679,16.5679,1.75407,29.0612,34.9614,24.1221,1.75407,0.274611
1.8362,17.9478,17.9478,1.81486,32.5727,34.9614,24.1256,1.81486,0.291732
1.8364,17.654,17.654,1.90928,33.7064,34.9614,24.1324,1.90928,0.273352
1.8366,18.7951,18.7951,1.65512,31.1081,34.9614,24.1149,1.65512,0.240045
1.8368,17.5175,17.5175,2,35.0351,34.9614,24.1451,2.09487,0.273333
1.837,16.0637,16.0637,1.81099,29.0911,34.9614,24.1258,1.81099,0.303398
1.8372,16.3956,16.3956,1.89183,31.0177,34.9614,24.1308,1.89183,0.336955
1.8374,18.5833,18.5833,1.59628,29.6642,34.9614,24.1107,1.59628,0.26849
1.8376,18.587,18.587,1.95521,36.3415,34.9614,24.1355,1.95521,0.248921
1.8378,16.9418,16.9418,1.92858,32.6736,34.9614,24.1339,1.92858,0.273333
1.838,19.2522,19.2522,1.51566,29.1797,34.9614,24.1053,1.51566,0.236944
1.8382,16.0598,16.0598,2,32.1196,34.9614,24.1665,2.40823,0.314597
1.8384,17.3913,17.3913,1.23641,21.5029,34.9614,24.0865,1.23641,0.273407
1.8386,19.0169,19.0169,2,38.0338,34.9614,24.1411,2.04287,0.272538
1.8388,16.479,16.479,1.934,31.8705,34.9614,24.1344,1.934,0.273333
1.839,20.1462,20.1462,1.3019,26.2282,34.9614,24.0905,1.3019,0.212254
1.8392,17.5544,17.5544,2,35.1089,34.9614,24.1594,2.30486,0.276885
1.8394,16.7487,16.7487,1.55269,26.0055,34.9614,24.1083,1.55269,0.271854
1.8396,19.367,19.367,1.75641,34.0165,34.9614,24.1216,1.75641,0.256267
1.8398,16.9771,16.9771,2,33.9542,34.9614,24.1466,2.11443,0.273333
1.84,18.527,18.527,1.4644,27.131,34.9614,24.1019,1.4644,0.246867
1.8402,17.7618,17.7618,2,35.5236,34.9614,24.1507,2.17896,0.282187
1.8404,16.9828,16.9828,1.66085,28.2059,34.9614,24.1156,1.66085,0.27112
1.8406,18.6594,18.6594,1.82265,34.0096,34.9614,24.1262,1.82265,0.269964
1.8408,17.2096,17.2096,2,34.4191,34.9614,24.1391,2.0052,0.273333
1.841,16.2655,16.2655,1.84201,29.9612,34.9614,24.1278,1.84201,0.309164
1.8412,18.0793,18.0793,1.69356,30.6184,34.9614,24.1173,1.69356,0.287763
1.8414,17.9646,17.9646,1.97049,35.399,34.9614,24.1365,1.97049,0.270079
1.8416,18.0129,18.0129,1.73845,31.3147,34.9614,24.1208,1.73845,0.253832
1.8418,17.7784,17.7784,1.95717,34.7953,34.9614,24.1356,1.95717,0.273333
1.842,17.4101,17.4101,1.8063,31.4478,34.9614,24.1254,1.8063,0.273333
1.8422,6.36201,6.36201,2,12.724,34.9614,24.2056,3.11581,0.566667
1.8424,15.2226,15.2226,0.0241613,0.367797,34.9614,24.004,0.0241613,0.416667
1.8426,20.6615,20.6615,1.56369,32.3083,34.9614,24.1079,1.56369,0.266667
1.8428,20.9202,20.9202,1.08733,22.7472,34.9614,24.0759,1.08733,0.116667
1.843,17.9156,17.9156,2,35.8313,34.9614,24.16,2.31488,0.273333
1.8432,10.7092,10.7092,2,21.4184,34.9614,24.1523,2.20858,0.416667
1.8434,19.2225,19.2225,0.649625,12.4874,34.9614,24.0456,0.649625,0.325861
1.8436,19.1798,19.1798,2,38.3596,34.9614,24.1486,2.15079,0.269683
1.8438,16.379,16.379,1.86672,30.575,34.9614,24.1299,1.86672,0.266667
1.844,18.4738,18.4738,1.63071,30.1253,34.9614,24.1131,1.63071,0.273333
1.8442,17.9894,17.9894,2,35.9789,34.9614,24.1406,2.02971,0.266667
1.8444,19.4111,19.4111,1.48594,28.8438,34.9614,24.1034,1.48594,0.208186
1.8446,17.6372,17.6372,2,35.2745,34.9614,24.1521,2.1984,0.271861
1.8448,14.0106,14.0106,1.94544,27.2567,34.9614,24.135,1.94544,0.346434
1.845,19.6735,19.6735,1.17073,23.0323,34.9614,24.0813,1.17073,0.273333
1.8452,20.0827,20.0827,1.65347,33.2061,34.9614,24.1147,1.65347,0.196087
1.8454,15.3638,15.3638,2,30.7277,34.9614,24.1673,2.41476,0.313386
1.8456,17.8547,17.8547,1.10574,19.7427,34.9614,24.0774,1.10574,0.272268
1.8458,20.5226,20.5226,1.47489,30.2686,34.9614,24.1023,1.47489,0.196434
1.846,17.1586,17.1586,2,34.3172,34.9614,24.1574,2.27308,0.273333
1.8462,14.1349,14.1349,1.8126,25.6209,34.9614,24.1259,1.8126,0.346087
1.8464,17.8356,17.8356,1.53515,27.3804,34.9614,24.1061,1.53515,0.331513
1.8466,18.2791,18.2791,2,36.5583,34.9614,24.1402,2.02497,0.273965
1.8468,20.781,20.781,1.09728,22.8026,34.9614,24.0765,1.09728,0.14033
1.847,17.929,17.929,2,35.8579,34.9614,24.1597,2.30846,0.273333
1.8472,14.4757,14.4757,1.8201,26.3471,34.9614,24.1268,1.8201,0.322429
1.8474,20.0307,20.0307,1.25769,25.1923,34.9614,24.0872,1.25769,0.259587
1.8476,18.0407,18.0407,2,36.0813,34.9614,24.1546,2.23548,0.266358
1.8478,19.8879,19.8879,1.24732,24.8065,34.9614,24.087,1.24732,0.179343
1.848,17.8958,17.8958,2,35.7916,34.9614,24.1571,2.27161,0.273333
1.8482,19.7907,19.7907,1.22879,24.3186,34.9614,24.0857,1.22879,0.183431
1.8484,17.6231,17.6231,2,35.2461,34.9614,24.1614,2.33445,0.283294
1.8486,17.0019,17.0019,1.50342,25.5609,34.9614,24.1049,1.50342,0.262986
1.8488,20.2144,20.2144,1.54201,31.1708,34.9614,24.1069,1.54201,0.216282
1.849,17.1167,17.1167,2,34.2335,34.9614,24.1556,2.24631,0.273333
1.8492,14.7303,14.7303,1.77129,26.0915,34.9614,24.1231,1.77129,0.333431
1.8494,16.6803,16.6803,1.76076,29.3701,34.9614,24.1215,1.76076,0.354225
1.8496,18.3135,18.3135,1.76946,32.4051,34.9614,24.1226,1.76946,0.279325
1.8498,18.6838,18.6838,1.81362,33.8853,34.9614,24.1259,1.81362,0.240503
1.85,17.2233,17.2233,2,34.4467,34.9614,24.1394,2.01033,0.273333
1.8502,16.019,16.019,1.86456,29.8684,34.9614,24.1295,1.86456,0.314931
1.8504,17.7992,17.7992,1.68144,29.9284,34.9614,24.1165,1.68144,0.297836
1.8506,17.9605,17.9605,1.96528,35.2974,34.9614,24.1362,1.96528,0.275282
1.8508,15.544,15.544,2,31.0879,34.9614,24.1401,2.02223,0.31768
1.851,18.6398,18.6398,1.39473,25.9975,34.9614,24.0969,1.39473,0.273333
1.8512,19.5343,19.5343,1.82401,35.6308,34.9614,24.1264,1.82401,0.224022
1.8514,17.3232,17.3232,2,34.6463,34.9614,24.1406,2.0237,0.257703
1.8516,17.9141,17.9141,1.65236,29.6006,34.9614,24.1148,1.65236,0.263476
1.8518,18.211,18.211,1.95385,35.5816,34.9614,24.1353,1.95385,0.267864
1.852,17.1724,17.1724,1.87343,32.1713,34.9614,24.1302,1.87343,0.273333
1.8522,17.9855,17.9855,1.75668,31.5948,34.9614,24.1218,1.75668,0.273333
1.8524,6.13804,6.13804,2,12.2761,34.9614,24.2141,3.24513,0.566667
1.8526,14.7443,14.7443,0.00964715,0.142241,34.9614,24.0032,0.00964715,0.416667
1.8528,20.731,20.731,1.51764,31.4622,34.9614,24.1047,1.51764,0.266667
1.853,20.9426,20.9426,1.07762,22.5682,34.9614,24.0752,1.07762,0.116667
1.8532,17.9214,17.9214,2,35.8427,34.9614,24.16,2.31513,0.273333
1.8534,10.695,10.695,2,21.3899,34.9614,24.1522,2.20939,0.416667
1.8536,20.7788,20.7788,0.423706,8.80412,34.9614,24.0299,0.423706,0.275948
1.8538,19.286,19.286,2,38.572,34.9614,24.1472,2.12972,0.26707
1.854,18.9974,18.9974,1.55147,29.474,34.9614,24.1081,1.55147,0.19497
1.8542,17.6441,17.6441,2,35.2881,34.9614,24.149,2.15186,0.273333
1.8544,15.7786,15.7786,1.79829,28.3744,34.9614,24.1252,1.79829,0.304758
1.8546,13.5426,13.5426,2,27.0852,34.9614,24.1499,2.18089,0.41433
1.8548,19.5988,19.5988,0.925925,18.1471,34.9614,24.0646,0.925925,0.26947
1.855,18.2053,18.2053,2,36.4105,34.9614,24.1619,2.34454,0.285838
1.8552,16.1869,16.1869,1.63529,26.4704,34.9614,24.1141,1.63529,0.273333
1.8554,20.6568,20.6568,1.2793,26.4263,34.9614,24.0888,1.2793,0.202277
1.8556,14.1841,14.1841,2,28.3682,34.9614,24.1944,2.82226,0.363438
1.8558,17.5249,17.5249,0.634684,11.1228,34.9614,24.0453,0.634684,0.273743
1.856,21.0982,21.0982,1.10564,23.3269,34.9614,24.0769,1.10564,0.177235
1.8562,17.8342,17.8342,2,35.6684,34.9614,24.1602,2.31742,0.273333
1.8564,19.3011,19.3011,1.26573,24.43,34.9614,24.0883,1.26573,0.198067
1.8566,19.712,19.712,1.79309,35.3455,34.9614,24.1243,1.79309,0.213438
1.8568,16.7256,16.7256,2,33.4512,34.9614,24.1479,2.13165,0.273429
1.857,19.4497,19.4497,1.3009,25.3021,34.9614,24.0906,1.3009,0.222843
1.8572,17.937,17.937,2,35.874,34.9614,24.1553,2.24505,0.273333
1.8574,17.6469,17.6469,1.54205,27.2124,34.9614,24.1075,1.54205,0.246705
1.8576,19.6416,19.6416,1.72736,33.9282,34.9614,24.1197,1.72736,0.229579
1.8578,17.0779,17.0779,2,34.1559,34.9614,24.1476,2.12833,0.269113
1.858,15.8297,15.8297,1.76356,27.9166,34.9614,24.1225,1.76356,0.314313
1.8582,19.0086,19.0086,1.59759,30.3679,34.9614,24.1107,1.59759,0.273333
1.8584,17.5948,17.5948,2,35.1896,34.9614,24.1475,2.1305,0.272099
1.8586,15.463,15.463,1.85019,28.6094,34.9614,24.1287,1.85019,0.315153
1.8588,19.1098,19.1098,1.47456,28.1784,34.9614,24.1022,1.47456,0.271517
1.859,15.2406,15.2406,2,30.4812,34.9614,24.175,2.53792,0.340191
1.8592,17.5733,17.5733,1.0074,17.7033,34.9614,24.0708,1.0074,0.273333
1.8594,19.9921,19.9921,1.78285,35.6429,34.9614,24.1233,1.78285,0.236262
1.8596,19.6779,19.6779,1.61002,31.6818,34.9614,24.112,1.61002,0.180535
1.8598,17.0763,17.0763,2,34.1527,34.9614,24.1531,2.21025,0.275931
1.86,19.9168,19.9168,1.18906,23.6822,34.9614,24.0829,1.18906,0.196433
1.8602,17.9904,17.9904,2,35.9808,34.9614,24.1574,2.27727,0.273333
1.8604,19.1557,19.1557,1.33379,25.5497,34.9614,24.093,1.33379,0.202263
1.8606,18.2186,18.2186,2,36.4373,34.9614,24.1504,2.17518,0.266697
1.8608,16.8127,16.8127,1.72273,28.9638,34.9614,24.1199,1.72273,0.268339
1.861,20.9526,20.9526,1.09016,22.8417,34.9614,24.0759,1.09016,0.165592
1.8612,17.9045,17.9045,2,35.809,34.9614,24.1602,2.31375,0.273333
1.8614,17.3048,17.3048,1.5171,26.2531,34.9614,24.1058,1.5171,0.251774
1.8616,17.2469,17.2469,2,34.4938,34.9614,24.1493,2.15996,0.31277
1.8618,16.9929,16.9929,1.62536,27.6195,34.9614,24.1131,1.62536,0.280108
1.862,17.9327,17.9327,1.95754,35.104,34.9614,24.1355,1.95754,0.292868
1.8622,17.3193,17.3193,1.83182,31.7258,34.9614,24.1272,1.83182,0.273333
1.8624,17.9898,17.9898,1.80343,32.4434,34.9614,24.125,1.80343,0.273333
1.8626,6.00602,6.00602,2,12.012,34.9614,24.2118,3.20967,0.566667
1.8628,14.8607,14.8607,0.0131753,0.195794,34.9614,24.0034,0.0131753,0.416667
1.863,20.7149,20.7149,1.52772,31.6466,34.9614,24.1054,1.52772,0.266667
1.8632,20.9374,20.9374,1.08006,22.6137,34.9614,24.0754,1.08006,0.116667
1.8634,17.9274,17.9274,2,35.8547,34.9614,24.1602,2.31405,0.273333
1.8636,10.7034,10.7034,2,21.4068,34.9614,24.1527,2.21181,0.416667
1.8638,20.9893,20.9893,0.379233,7.95983,34.9614,24.0268,0.379233,0.266667
1.864,19.1419,19.1419,2,38.2839,34.9614,24.1511,2.18959,0.274201
1.8642,16.2831,16.2831,1.84006,29.9618,34.9614,24.1281,1.84006,0.266667
1.8644,18.5905,18.5905,1.6326,30.3509,34.9614,24.1132,1.6326,0.273333
1.8646,17.9134,17.9134,2,35.8267,34.9614,24.1417,2.0451,0.266667
1.8648,11.4143,11.4143,2,22.8286,34.9614,24.1639,2.38625,0.416667
1.865,20.0801,20.0801,0.453128,9.09886,34.9614,24.0321,0.453128,0.277874
1.8652,17.1933,17.1933,2,34.3866,34.9614,24.1881,2.7384,0.342203
1.8654,15.8122,15.8122,1.21068,19.1435,34.9614,24.0852,1.21068,0.273333
1.8656,20.9858,20.9858,1.18004,24.7641,34.9614,24.0819,1.18004,0.195199
1.8658,10.5185,10.5185,2,21.037,34.9614,24.2283,3.36029,0.459979
1.866,17.7883,17.7883,0,0,34.9614,24.0018,-3.35857e-07,0.274686
1.8662,18.6629,18.6629,2,37.3257,34.9614,24.1732,2.52891,0.342267
1.8664,15.4325,15.4325,1.59018,24.5404,34.9614,24.1112,1.59018,0.273333
1.8666,18.9445,18.9445,1.71679,32.5237,34.9614,24.1186,1.71679,0.292082
1.8668,15.9083,15.9083,2,31.8165,34.9614,24.1569,2.26469,0.309979
1.867,17.9071,17.9071,1.29538,23.1964,34.9614,24.0904,1.29538,0.27162
1.8672,18.8366,18.8366,2,37.6733,34.9614,24.1425,2.0622,0.267387
1.8674,16.5179,16.5179,1.89953,31.3762,34.9614,24.1321,1.89953,0.273333
1.8676,16.9799,16.9799,1.79095,30.4101,34.9614,24.1241,1.79095,0.30889
1.8678,20.1022,20.1022,1.43473,28.8413,34.9614,24.0996,1.43473,0.211092
1.868,17.4063,17.4063,2,34.8127,34.9614,24.1565,2.26156,0.273445
1.8682,18.1777,18.1777,1.41746,25.7662,34.9614,24.0989,1.41746,0.240067
1.8684,18.327,18.327,2,36.654,34.9614,24.1455,2.10406,0.273333
1.8686,18.5953,18.5953,1.577,29.3247,34.9614,24.1098,1.577,0.223308
1.8688,17.685,17.685,2,35.37,34.9614,24.1466,2.11848,0.27674
1.869,17.009,17.009,1.70225,28.9536,34.9614,24.1184,1.70225,0.274985
1.8692,18.499,18.499,1.81751,33.6221,34.9614,24.1259,1.81751,0.271754
1.8694,17.3121,17.3121,1.98493,34.3634,34.9614,24.1377,1.98493,0.273333
1.8696,16.9082,16.9082,1.79799,30.4008,34.9614,24.1248,1.79799,0.292294
1.8698,17.0467,17.0467,1.91172,32.5885,34.9614,24.1324,1.91172,0.307254
1.87,17.9252,17.9252,1.72106,30.8504,34.9614,24.1194,1.72106,0.274422
1.8702,17.382,17.382,2,34.7641,34.9614,24.1397,2.01781,0.286537
1.8704,17.5086,17.5086,1.70787,29.9024,34.9614,24.1188,1.70787,0.273333
1.8706,17.2241,17.2241,2,34.4482,34.9614,24.1397,2.01874,0.298507
1.8708,18.3797,18.3797,1.58871,29.1999,34.9614,24.1104,1.58871,0.252481
1.871,17.9293,17.9293,2,35.8587,34.9614,24.143,2.06652,0.272141
1.8712,17.9019,17.9019,1.66728,29.8476,34.9614,24.1159,1.66728,0.25143
1.8714,17.999,17.999,1.97695,35.5832,34.9614,24.1369,1.97695,0.273333
1.8716,17.5153,17.5153,1.79632,31.463,34.9614,24.1248,1.79632,0.266136
1.8718,19.2103,19.2103,1.6639,31.9641,34.9614,24.1154,1.6639,0.235638
1.872,17.2762,17.2762,2,34.5523,34.9614,24.148,2.13662,0.273606
1.8722,16.4681,16.4681,1.70562,28.0883,34.9614,24.1186,1.70562,0.294394
1.8724,18.7506,18.7506,1.73744,32.578,34.9614,24.1203,1.73744,0.273333
1.8726,17.3587,17.3587,2,34.7175,34.9614,24.1423,2.05276,0.273333
1.8728,5.75278,5.75278,2,11.5056,34.9614,24.1946,2.94197,0.566667
1.873,15.7606,15.7606,0.0557279,0.878304,34.9614,24.006,0.0557279,0.416667
1.8732,20.5817,20.5817,1.61457,33.2306,34.9614,24.1114,1.61457,0.266667
1.8734,20.8983,20.8983,1.09577,22.8997,34.9614,24.0765,1.09577,0.116667
1.8736,17.9034,17.9034,2,35.8068,34.9614,24.1599,2.31335,0.273333
1.8738,10.7077,10.7077,2,21.4153,34.9614,24.1522,2.20859,0.416667
1.874,20.9881,20.9881,0.381525,8.00748,34.9614,24.027,0.381525,0.266667
1.8742,19.009,19.009,2,38.0179,34.9614,24.1543,2.23682,0.279638
1.8744,16.2611,16.2611,1.79237,29.1459,34.9614,24.1248,1.79237,0.266667
1.8746,18.7012,18.7012,1.65306,30.9142,34.9614,24.1145,1.65306,0.273333
1.8748,15.3815,15.3815,2,30.7631,34.9614,24.1636,2.36565,0.330969
1.875,12.9116,12.9116,1.66813,21.5383,34.9614,24.1155,1.66813,0.3993
1.8752,20.5155,20.5155,1.13354,23.2552,34.9614,24.0785,1.13354,0.275619
1.8754,15.4561,15.4561,2,30.9121,34.9614,24.1886,2.73528,0.341875
1.8756,16.9404,16.9404,0.914142,15.486,34.9614,24.0646,0.914142,0.273333
1.8758,20.531,20.531,1.52056,31.2186,34.9614,24.1053,1.52056,0.217784
1.876,17.2896,17.2896,2,34.5793,34.9614,24.1544,2.22673,0.266794
1.8762,17.1488,17.1488,1.55352,26.6409,34.9614,24.1082,1.55352,0.271031
1.8764,18.5863,18.5863,1.92723,35.8201,34.9614,24.1333,1.92723,0.275092
1.8766,17.0054,17.0054,1.93981,32.9872,34.9614,24.1347,1.93981,0.273333
1.8768,19.8241,19.8241,1.40607,27.8741,34.9614,24.0977,1.40607,0.215342
1.877,19.556,19.556,1.79355,35.0746,34.9614,24.1244,1.79355,0.207109
1.8772,16.404,16.404,2,32.8081,34.9614,24.1502,2.16761,0.283748
1.8774,19.0195,19.0195,1.3012,24.7482,34.9614,24.0907,1.3012,0.239111
1.8776,18.1205,18.1205,2,36.2409,34.9614,24.1532,2.21318,0.273333
1.8778,18.4244,18.4244,1.49405,27.5269,34.9614,24.1041,1.49405,0.224738
1.878,20.2391,20.2391,1.53032,30.9723,34.9614,24.1062,1.53032,0.189521
1.8782,17.3074,17.3074,2,34.6149,34.9614,24.1541,2.22206,0.268667
1.8784,14.8857,14.8857,1.79754,26.7577,34.9614,24.1249,1.79754,0.328355
1.8786,19.468,19.468,1.41357,27.5194,34.9614,24.098,1.41357,0.273333
1.8788,16.6837,16.6837,2,33.3674,34.9614,24.1651,2.38967,0.301806
1.879,16.6808,16.6808,1.39153,23.2118,34.9614,24.0972,1.39153,0.282259
1.8792,18.9356,18.9356,1.95099,36.9433,34.9614,24.1347,1.95099,0.28079
1.8794,18.3649,18.3649,1.76223,32.3632,34.9614,24.1225,1.76223,0.22963
1.8796,17.5273,17.5273,1.99392,34.948,34.9614,24.1384,1.99392,0.273333
1.8798,16.8623,16.8623,1.81865,30.6665,34.9614,24.1262,1.81865,0.28962
1.88,19.1019,19.1019,1.62258,30.9944,34.9614,24.1125,1.62258,0.249417
1.8802,17.0739,17.0739,2,34.1477,34.9614,24.1515,2.18857,0.283263
1.8804,17.5523,17.5523,1.52314,26.7345,34.9614,24.1061,1.52314,0.266879
1.8806,18.4784,18.4784,1.98656,36.7086,34.9614,24.1375,1.98656,0.273333
1.8808,18.4183,18.4183,1.70671,31.4347,34.9614,24.1186,1.70671,0.233198
1.881,17.7723,17.7723,2,35.5447,34.9614,24.139,2.00606,0.269019
1.8812,17.4115,17.4115,1.76453,30.7232,34.9614,24.1226,1.76453,0.270465
1.8814,16.7261,16.7261,2,33.4521,34.9614,24.14,2.02224,0.309562
1.8816,17.9134,17.9134,1.59673,28.6028,34.9614,24.1109,1.59673,0.273333
1.8818,18.4302,18.4302,1.9598,36.1196,34.9614,24.1358,1.9598,0.264437
1.882,16.7982,16.7982,1.92846,32.3947,34.9614,24.1339,1.92846,0.279311
1.8822,17.8527,17.8527,1.69421,30.2462,34.9614,24.1176,1.69421,0.279518
1.8824,17.8088,17.8088,1.97922,35.2475,34.9614,24.1371,1.97922,0.277876
1.8826,17.3483,17.3483,1.79928,31.2144,34.9614,24.125,1.79928,0.273333
1.8828,18.0454,18.0454,1.82731,32.9746,34.9614,24.1267,1.82731,0.273333
1.883,5.89535,5.89535,2,11.7907,34.9614,24.2115,3.2061,0.566667
1.8832,14.8629,14.8629,0.0132338,0.196693,34.9614,24.0034,0.0132338,0.416667
1.8834,20.7132,20.7132,1.5297,31.685,34.9614,24.1055,1.5297,0.266667
1.8836,20.9378,20.9378,1.07965,22.6054,34.9614,24.0753,1.07965,0.116667
1.8838,17.928,17.928,2,35.8561,34.9614,24.1603,2.31702,0.273333
1.884,10.6886,10.6886,2,21.3773,34.9614,24.1525,2.20719,0.416667
1.8842,20.9991,20.9991,0.37842,7.94647,34.9614,24.0268,0.37842,0.266667
1.8844,19.0158,19.0158,2,38.0317,34.9614,24.1542,2.23599,0.27954
1.8846,16.2513,16.2513,1.79522,29.1746,34.9614,24.125,1.79522,0.266667
1.8848,18.7031,18.7031,1.65103,30.8794,34.9614,24.1144,1.65103,0.273333
1.885,15.3553,15.3553,2,30.7107,34.9614,24.1639,2.36852,0.331987
1.8852,12.2205,12.2205,1.73425,21.1933,34.9614,24.1199,1.73425,0.416667
1.8854,20.6956,20.6956,0.977965,20.2396,34.9614,24.0678,0.977965,0.276731
1.8856,15.6215,15.6215,2,31.2429,34.9614,24.1922,2.78996,0.346165
1.8858,16.6978,16.6978,0.906522,15.1369,34.9614,24.0641,0.906522,0.273333
1.886,20.3359,20.3359,1.6466,33.4851,34.9614,24.1139,1.6466,0.235075
1.8862,17.0719,17.0719,2,34.1438,34.9614,24.152,2.19027,0.266667
1.8864,17.3141,17.3141,1.54789,26.8003,34.9614,24.1078,1.54789,0.272811
1.8866,19.1176,19.1176,1.83903,35.1579,34.9614,24.1273,1.83903,0.255145
1.8868,16.9196,16.9196,2,33.8392,34.9614,24.1424,2.05293,0.273333
1.887,19.843,19.843,1.31088,26.0118,34.9614,24.0912,1.31088,0.210425
1.8872,19.8875,19.8875,1.70139,33.8364,34.9614,24.1181,1.70139,0.197047
1.8874,16.5854,16.5854,2,33.1707,34.9614,24.1536,2.21663,0.280792
1.8876,19.2387,19.2387,1.24729,23.9963,34.9614,24.0869,1.24729,0.22683
1.8878,18.1294,18.1294,2,36.2589,34.9614,24.1546,2.23586,0.273333
1.888,14.5537,14.5537,1.89878,27.6342,34.9614,24.132,1.89878,0.322102
1.8882,16.7531,16.7531,1.61783,27.1037,34.9614,24.1121,1.61783,0.347047
1.8884,18.4893,18.4893,1.86662,34.5125,34.9614,24.1291,1.86662,0.281085
1.8886,16.6359,16.6359,2,33.2717,34.9614,24.1406,2.02766,0.288145
1.8888,17.9563,17.9563,1.57814,28.3375,34.9614,24.1096,1.57814,0.273333
1.889,20.1363,20.1363,1.54826,31.1762,34.9614,24.1075,1.54826,0.19969
1.8892,14.7885,14.7885,2,29.5771,34.9614,24.1767,2.56093,0.334544
1.8894,17.6673,17.6673,0.929944,16.4296,34.9614,24.0654,0.929944,0.277295
1.8896,18.7844,18.7844,2,37.5687,34.9614,24.1543,2.23822,0.291246
1.8898,16.1109,16.1109,1.7882,28.8095,34.9614,24.1246,1.7882,0.273333
1.89,19.6941,19.6941,1.48304,29.207,34.9614,24.1029,1.48304,0.244082
1.8902,17.5826,17.5826,2,35.1651,34.9614,24.1528,2.20715,0.27003
1.8904,16.9778,16.9778,1.61606,27.4372,34.9614,24.1125,1.61606,0.271678
1.8906,18.3091,18.3091,1.91169,35.0012,34.9614,24.1322,1.91169,0.282895
1.8908,17.2043,17.2043,1.91217,32.8976,34.9614,24.1327,1.91217,0.273333
1.891,17.1125,17.1125,1.83141,31.34,34.9614,24.127,1.83141,0.2936
1.8912,19.2395,19.2395,1.60634,30.9051,34.9614,24.1115,1.60634,0.239727
1.8914,17.4375,17.4375,2,34.8749,34.9614,24.149,2.15202,0.272452
1.8916,17.1798,17.1798,1.63272,28.0498,34.9614,24.1136,1.63272,0.27289
1.8918,18.4844,18.4844,1.88459,34.8356,34.9614,24.1305,1.88459,0.273333
1.892,19.0312,19.0312,1.68302,32.03,34.9614,24.1169,1.68302,0.220248
1.8922,17.8224,17.8224,2,35.6448,34.9614,24.1411,2.03492,0.259958
1.8924,17.1007,17.1007,1.78015,30.4418,34.9614,24.1237,1.78015,0.275998
1.8926,17.5929,17.5929,1.88014,33.0771,34.9614,24.1302,1.88014,0.290541
1.8928,17.7124,17.7124,1.82136,32.2608,34.9614,24.1263,1.82136,0.273333
1.893,17.7777,17.7777,1.86958,33.2368,34.9614,24.1298,1.86958,0.273333
1.8932,5.9704,5.9704,2,11.9408,34.9614,24.2071,3.13483,0.566667
1.8934,15.123,15.123,0.0211436,0.319754,34.9614,24.0039,0.0211436,0.416667
1.8936,20.6745,20.6745,1.55593,32.168,34.9614,24.1073,1.55593,0.266667
1.8938,20.924,20.924,1.08568,22.7167,34.9614,24.0758,1.08568,0.116667
1.894,17.9143,17.9143,2,35.8286,34.9614,24.16,2.31466,0.273333
1.8942,8.45033,8.45033,2,16.9007,34.9614,24.167,2.45184,0.47254
1.8944,19.6042,19.6042,0.224648,4.40404,34.9614,24.0166,0.224648,0.323648
1.8946,19.6697,19.6697,2,39.3393,34.9614,24.1402,2.03299,0.269023
1.8948,18.2254,18.2254,1.75337,31.9559,34.9614,24.122,1.75337,0.218321
1.895,17.6292,17.6292,1.97784,34.8676,34.9614,24.137,1.97784,0.273333
1.8952,14.2202,14.2202,2,28.4404,34.9614,24.1473,2.12564,0.355681
1.8954,21.0607,21.0607,0.734361,15.4662,34.9614,24.0513,0.734361,0.200968
1.8956,18.656,18.656,2,37.3121,34.9614,24.1556,2.25126,0.270234
1.8958,12.8681,12.8681,2,25.7362,34.9614,24.1463,2.11053,0.3555
1.896,19.9802,19.9802,0.866761,17.3181,34.9614,24.0604,0.866761,0.273333
1.8962,20.0745,20.0745,1.71263,34.3802,34.9614,24.1187,1.71263,0.209782
1.8964,13.724,13.724,2,27.4479,34.9614,24.1774,2.56596,0.350968
1.8966,18.3863,18.3863,0.734773,13.5098,34.9614,24.0519,0.734773,0.275983
1.8968,20.5211,20.5211,1.51594,31.1088,34.9614,24.1051,1.51594,0.2055
1.897,17.0517,17.0517,2,34.1034,34.9614,24.1569,2.26566,0.273333
1.8972,20.3201,20.3201,1.06243,21.5887,34.9614,24.0742,1.06243,0.178441
1.8974,15.8903,15.8903,2,31.7806,34.9614,24.1865,2.71027,0.336668
1.8976,16.7346,16.7346,1.00409,16.803,34.9614,24.0708,1.00409,0.273147
1.8978,19.5432,19.5432,1.98459,38.7853,34.9614,24.137,1.98459,0.273215
1.898,16.3284,16.3284,2,32.6567,34.9614,24.1409,2.02867,0.273333
1.8982,17.2329,17.2329,1.62899,28.0721,34.9614,24.1131,1.62899,0.29732
1.8984,17.704,17.704,2,35.408,34.9614,24.1385,2.00288,0.294862
1.8986,17.4597,17.4597,1.75687,30.6744,34.9614,24.122,1.75687,0.270832
1.8988,19.3377,19.3377,1.66217,32.1425,34.9614,24.1153,1.66217,0.23434
1.899,17.2239,17.2239,2,34.4478,34.9614,24.1487,2.14704,0.273333
1.8992,15.6999,15.6999,1.77258,27.8293,34.9614,24.1232,1.77258,0.313811
1.8994,20.0425,20.0425,1.38827,27.8244,34.9614,24.0963,1.38827,0.238959
1.8996,17.509,17.509,2,35.018,34.9614,24.1572,2.26964,0.27413
1.8998,17.1783,17.1783,1.53223,26.3211,34.9614,24.1068,1.53223,0.263842
1.9,18.6671,18.6671,1.92923,36.0131,34.9614,24.1334,1.92923,0.273333
1.9002,16.0995,16.0995,2,32.1991,34.9614,24.1422,2.04983,0.29499
1.9004,17.851,17.851,1.51729,27.0852,34.9614,24.1054,1.51729,0.283839
1.9006,18.4674,18.4674,2,36.9348,34.9614,24.139,2.00671,0.268924
1.9008,17.7542,17.7542,1.77718,31.5523,34.9614,24.1235,1.77718,0.250503
1.901,17.8375,17.8375,1.89974,33.8865,34.9614,24.1318,1.89974,0.273333
1.9012,17.9431,17.9431,1.79637,32.2324,34.9614,24.1248,1.79637,0.261879
1.9014,16.8229,16.8229,2,33.6459,34.9614,24.1404,2.02604,0.296403
1.9016,18.0257,18.0257,1.59104,28.6797,34.9614,24.1106,1.59104,0.268931
1.9018,19.5787,19.5787,1.72394,33.7523,34.9614,24.1195,1.72394,0.223151
1.902,16.9797,16.9797,2,33.9594,34.9614,24.1486,2.14327,0.273333
1.9022,17.7581,17.7581,1.53253,27.2149,34.9614,24.1067,1.53253,0.265617
1.9024,18.4599,18.4599,1.9937,36.8035,34.9614,24.138,1.9937,0.269761
1.9026,16.9026,16.9026,1.89007,31.9471,34.9614,24.1313,1.89007,0.273732
1.9028,19.6872,19.6872,1.46541,28.8498,34.9614,24.1018,1.46541,0.22456
1.903,17.505,17.505,2,35.01,34.9614,24.1544,2.23168,0.273333
1.9032,16.9096,16.9096,1.5942,26.9574,34.9614,24.1111,1.5942,0.273333
1.9034,7.24748,7.24748,2,14.495,34.9614,24.2085,3.17501,0.566667
1.9036,14.9788,14.9788,0.0167182,0.250419,34.9614,24.0036,0.0167182,0.416667
1.9038,20.697,20.697,1.54029,31.8794,34.9614,24.1063,1.54029,0.266667
1.904,20.9312,20.9312,1.08306,22.6698,34.9614,24.0756,1.08306,0.116667
1.9042,17.9125,17.9125,2,35.8249,34.9614,24.1603,2.31556,0.273333
1.9044,10.7093,10.7093,2,21.4186,34.9614,24.1524,2.20549,0.416667
1.9046,17.5504,17.5504,0.837435,14.6973,34.9614,24.0585,0.837435,0.37003
1.9048,19.4808,19.4808,2,38.9617,34.9614,24.1411,2.04188,0.268739
1.905,16.4853,16.4853,1.95893,32.2935,34.9614,24.1362,1.95893,0.266667
1.9052,18.2051,18.2051,1.59522,29.0412,34.9614,24.1107,1.59522,0.273333
1.9054,18.1973,18.1973,2,36.3945,34.9614,24.1394,2.01348,0.266667
1.9056,15.3821,15.3821,2,30.7642,34.9614,24.14,2.01899,0.315475
1.9058,18.6871,18.6871,1.37453,25.686,34.9614,24.0955,1.37453,0.27495
1.906,15.5108,15.5108,2,31.0216,34.9614,24.1772,2.56849,0.345756
1.9062,17.336,17.336,1.03376,17.9212,34.9614,24.0726,1.03376,0.273333
1.9064,20.5801,20.5801,1.46219,30.092,34.9614,24.1014,1.46219,0.203617
1.9066,17.1923,17.1923,2,34.3846,34.9614,24.1576,2.27663,0.272774
1.9068,16.8672,16.8672,1.52764,25.767,34.9614,24.1065,1.52764,0.276562
1.907,20.5911,20.5911,1.35873,27.9778,34.9614,24.0943,1.35873,0.195756
1.9072,17.4104,17.4104,2,34.8208,34.9614,24.1588,2.29502,0.273333
1.9074,14.7556,14.7556,1.75594,25.9098,34.9614,24.1222,1.75594,0.324981
1.9076,15.6993,15.6993,1.88322,29.5652,34.9614,24.13,1.88322,0.379889
1.9078,18.9299,18.9299,1.49411,28.2834,34.9614,24.1036,1.49411,0.27085
1.908,17.0547,17.0547,2,34.1094,34.9614,24.1576,2.27745,0.294012
1.9082,17.07,17.07,1.49011,25.4362,34.9614,24.1039,1.49011,0.273333
1.9084,17.6813,17.6813,2,35.3625,34.9614,24.1456,2.10946,0.3066
1.9086,15.4945,15.4945,1.87183,29.0031,34.9614,24.13,1.87183,0.314092
1.9088,19.0349,19.0349,1.46928,27.9676,34.9614,24.1019,1.46928,0.271816
1.909,15.5471,15.5471,2,31.0941,34.9614,24.1726,2.50265,0.334016
1.9092,17.4796,17.4796,1.0838,18.9443,34.9614,24.076,1.0838,0.273333
1.9094,19.9073,19.9073,1.80475,35.9277,34.9614,24.1248,1.80475,0.238993
1.9096,12.624,12.624,2,25.248,34.9614,24.1804,2.61225,0.374033
1.9098,18.9214,18.9214,0.511392,9.67626,34.9614,24.0365,0.511392,0.276372
1.91,20.9062,20.9062,1.25359,26.2077,34.9614,24.0871,1.25359,0.184016
1.9102,17.5531,17.5531,2,35.1061,34.9614,24.1601,2.31406,0.273333
1.9104,17.7109,17.7109,1.43811,25.4702,34.9614,24.1004,1.43811,0.247079
1.9106,19.7229,19.7229,1.75177,34.5499,34.9614,24.1214,1.75177,0.229487
1.9108,16.8368,16.8368,2,33.6737,34.9614,24.1488,2.14607,0.27307
1.911,15.9526,15.9526,1.707,27.2311,34.9614,24.1186,1.707,0.313804
1.9112,19.0443,19.0443,1.64784,31.382,34.9614,24.1141,1.64784,0.273333
1.9114,16.9948,16.9948,2,33.9896,34.9614,24.1513,2.1825,0.284814
1.9116,13.1444,13.1444,1.9854,26.0968,34.9614,24.1373,1.9854,0.379487
1.9118,20.0816,20.0816,0.986104,19.8026,34.9614,24.0686,0.986104,0.272139
1.912,17.8475,17.8475,2,35.6951,34.9614,24.165,2.38977,0.288624
1.9122,16.3153,16.3153,1.54843,25.263,34.9614,24.1081,1.54843,0.273333
1.9124,18.4576,18.4576,1.89673,35.0092,34.9614,24.131,1.89673,0.293693
1.9126,15.8076,15.8076,2,31.6152,34.9614,24.1452,2.09583,0.307965
1.9128,18.2781,18.2781,1.39741,25.542,34.9614,24.0972,1.39741,0.27414
1.913,18.6353,18.6353,2,37.2705,34.9614,24.1421,2.05462,0.263159
1.9132,16.6605,16.6605,1.8803,31.3267,34.9614,24.1308,1.8803,0.273333
1.9134,18.2842,18.2842,1.67162,30.5643,34.9614,24.116,1.67162,0.273333
1.9136,6.1862,6.1862,2,12.3724,34.9614,24.2203,3.34481,0.566667
1.9138,14.3879,14.3879,0,0,34.9614,24.0026,-3.22178e-07,0.416667
1.914,20.7825,20.7825,1.48151,30.7896,34.9614,24.1023,1.48151,0.266667
1.9142,20.9611,20.9611,1.06861,22.3992,34.9614,24.0746,1.06861,0.116667
1.9144,17.9403,17.9403,2,35.8807,34.9614,24.1599,2.31379,0.273333
1.9146,10.6936,10.6936,2,21.3872,34.9614,24.1527,2.21195,0.416667
1.9148,19.0701,19.0701,0.661817,12.6209,34.9614,24.0464,0.661817,0.330042
1.915,18.9645,18.9645,2,37.929,34.9614,24.1537,2.22524,0.279289
1.9152,16.3069,16.3069,1.79421,29.2579,34.9614,24.125,1.79421,0.266667
1.9154,18.6717,18.6717,1.66093,31.0123,34.9614,24.1151,1.66093,0.273333
1.9156,16.5814,16.5814,2,33.1628,34.9614,24.1531,2.21245,0.299992
1.9158,17.1684,17.1684,1.49297,25.632,34.9614,24.104,1.49297,0.283185
1.916,18.4587,18.4587,1.99396,36.806,34.9614,24.1379,1.99396,0.282233
1.9162,13.8877,13.8877,2,27.7753,34.9614,24.1535,2.21876,0.35058
1.9164,19.1853,19.1853,0.978856,18.7797,34.9614,24.0683,0.978856,0.273333
1.9166,19.5115,19.5115,1.94813,38.0109,34.9614,24.1348,1.94813,0.238292
1.9168,15.1555,15.1555,2,30.3109,34.9614,24.152,2.19138,0.306089
1.917,18.4289,18.4289,1.22542,22.5831,34.9614,24.0854,1.22542,0.274929
1.9172,20.2363,20.2363,1.59705,32.3183,34.9614,24.1108,1.59705,0.20058
1.9174,16.9809,16.9809,2,33.9619,34.9614,24.155,2.23839,0.273333
1.9176,18.4337,18.4337,1.36822,25.2214,34.9614,24.0954,1.36822,0.241632
1.9178,16.9323,16.9323,2,33.8645,34.9614,24.1637,2.37002,0.312387
1.918,16.9504,16.9504,1.40662,23.8428,34.9614,24.0982,1.40662,0.272845
1.9182,19.5589,19.5589,1.80475,35.2989,34.9614,24.1249,1.80475,0.251703
1.9184,16.7739,16.7739,2,33.5477,34.9614,24.1466,2.11312,0.273333
1.9186,16.6137,16.6137,1.66037,27.585,34.9614,24.1154,1.66037,0.300041
1.9188,18.9253,18.9253,1.75654,33.243,34.9614,24.1216,1.75654,0.26814
1.919,17.0799,17.0799,2,34.1599,34.9614,24.1446,2.08596,0.277279
1.9192,16.7946,16.7946,1.69961,28.5444,34.9614,24.1181,1.69961,0.292469
1.9194,18.5767,18.5767,1.79289,33.3059,34.9614,24.1241,1.79289,0.273333
1.9196,16.3782,16.3782,2,32.7563,34.9614,24.1473,2.12607,0.298391
1.9198,18.782,18.782,1.36814,25.6964,34.9614,24.0952,1.36814,0.24909
1.92,17.9767,17.9767,2,35.9535,34.9614,24.1524,2.20543,0.27754
1.9202,18.0076,18.0076,1.54158,27.7602,34.9614,24.1074,1.54158,0.239323
1.9204,18.1878,18.1878,2,36.3755,34.9614,24.1413,2.04247,0.273333
1.9206,20.2551,20.2551,1.29057,26.1406,34.9614,24.0899,1.29057,0.170756
1.9208,17.169,17.169,2,34.338,34.9614,24.1643,2.37735,0.287295
1.921,16.7402,16.7402,1.44487,24.1874,34.9614,24.1009,1.44487,0.273785
1.9212,19.2101,19.2101,1.8617,35.7634,34.9614,24.1287,1.8617,0.267438
1.9214,16.8245,16.8245,2,33.6491,34.9614,24.1423,2.05013,0.273333
1.9216,17.001,17.001,1.6841,28.6314,34.9614,24.117,1.6841,0.293658
1.9218,19.6601,19.6601,1.61817,31.8133,34.9614,24.1122,1.61817,0.234147
1.922,16.9651,16.9651,2,33.9302,34.9614,24.1536,2.21767,0.279114
1.9222,16.8057,16.8057,1.56621,26.3213,34.9614,24.1091,1.56621,0.285889
1.9224,18.8151,18.8151,1.85752,34.9495,34.9614,24.1286,1.85752,0.273333
1.9226,17.5933,17.5933,1.93656,34.0704,34.9614,24.1344,1.93656,0.258711
1.9228,17.0217,17.0217,1.8531,31.543,34.9614,24.1287,1.8531,0.288077
1.923,18.0038,18.0038,1.7612,31.7083,34.9614,24.1221,1.7612,0.276562
1.9232,17.4061,17.4061,1.98835,34.6095,34.9614,24.1379,1.98835,0.282558
1.9234,17.5696,17.5696,1.72921,30.3814,34.9614,24.1201,1.72921,0.273333
1.9236,18.0653,18.0653,1.89986,34.3215,34.9614,24.1316,1.89986,0.273333
1.9238,5.70359,5.70359,2,11.4072,34.9614,24.2088,3.15701,0.566667
1.924,15,15,0.0174372,0.261559,34.9614,24.0036,0.0174372,0.416667
1.9242,20.6935,20.6935,1.54216,31.9127,34.9614,24.1064,1.54216,0.266667
1.9244,20.9305,20.9305,1.08313,22.6705,34.9614,24.0756,1.08313,0.116667
1.9246,17.9105,17.9105,2,35.8209,34.9614,24.1603,2.31736,0.273333
1.9248,10.6999,10.6999,2,21.3998,34.9614,24.1524,2.20613,0.416667
1.925,18.8622,18.8622,0.692703,13.0659,34.9614,24.0486,0.692703,0.335983
1.9252,18.9762,18.9762,2,37.9523,34.9614,24.1533,2.22049,0.279355
1.9254,16.3026,16.3026,1.79843,29.3192,34.9614,24.1253,1.79843,0.266667
1.9256,18.6667,18.6667,1.65666,30.9245,34.9614,24.1148,1.65666,0.273333
1.9258,17.8289,17.8289,2,35.6578,34.9614,24.1415,2.04295,0.266667
1.926,20.0592,20.0592,1.33083,26.6953,34.9614,24.0926,1.33083,0.185983
1.9262,17.2186,17.2186,2,34.4372,34.9614,24.1625,2.35097,0.285539
1.9264,13.6985,13.6985,1.79186,24.5458,34.9614,24.1246,1.79186,0.350733
1.9266,20.0792,20.0792,1.2013,24.1212,34.9614,24.0833,1.2013,0.273333
1.9268,19.832,19.832,1.74512,34.6093,34.9614,24.121,1.74512,0.203171
1.927,14.3406,14.3406,2,28.6811,34.9614,24.1705,2.46269,0.335983
1.9272,18.3265,18.3265,0.900757,16.5077,34.9614,24.0632,0.900757,0.273631
1.9274,19.7319,19.7319,1.90208,37.5318,34.9614,24.1316,1.90208,0.24294
1.9276,16.4316,16.4316,2,32.8633,34.9614,24.145,2.08637,0.273333
1.9278,19.1978,19.1978,1.35009,25.9188,34.9614,24.0939,1.35009,0.238333
1.928,15.8488,15.8488,2,31.6977,34.9614,24.176,2.54917,0.331826
1.9282,17.2174,17.2174,1.09847,18.9128,34.9614,24.0771,1.09847,0.272038
1.9284,20.0397,20.0397,1.74637,34.9966,34.9614,24.1208,1.74637,0.23635
1.9286,16.6879,16.6879,2,33.3759,34.9614,24.1508,2.17479,0.273333
1.9288,16.0024,16.0024,1.66129,26.5845,34.9614,24.1155,1.66129,0.313169
1.929,20.368,20.368,1.38075,28.1232,34.9614,24.0958,1.38075,0.222227
1.9292,17.3149,17.3149,2,34.6299,34.9614,24.1594,2.30391,0.276688
1.9294,17.2854,17.2854,1.46896,25.3916,34.9614,24.1025,1.46896,0.262101
1.9296,18.7132,18.7132,1.97067,36.8775,34.9614,24.1362,1.97067,0.273333
1.9298,17.2942,17.2942,1.87739,32.4681,34.9614,24.1305,1.87739,0.261012
1.93,14.0279,14.0279,2,28.0558,34.9614,24.1522,2.20654,0.372227
1.9302,18.812,18.812,1.05067,19.7652,34.9614,24.0733,1.05067,0.282322
1.9304,18.9475,18.9475,2,37.895,34.9614,24.1467,2.12311,0.261924
1.9306,16.3016,16.3016,1.88027,30.6515,34.9614,24.1308,1.88027,0.273333
1.9308,19.8066,19.8066,1.4048,27.8244,34.9614,24.0975,1.4048,0.231823
1.931,16.0773,16.0773,2,32.1547,34.9614,24.1719,2.48711,0.314543
1.9312,17.3136,17.3136,1.173,20.3088,34.9614,24.0822,1.173,0.270003
1.9314,18.9397,18.9397,2,37.8794,34.9614,24.1447,2.09376,0.279952
1.9316,16.3934,16.3934,1.89616,31.0846,34.9614,24.132,1.89616,0.273333
1.9318,19.3167,19.3167,1.48699,28.7237,34.9614,24.1032,1.48699,0.246064
1.932,18.1749,18.1749,2,36.3498,34.9614,24.1457,2.10161,0.257065
1.9322,16.3798,16.3798,1.82939,29.965,34.9614,24.1272,1.82939,0.28479
1.9324,18.2883,18.2883,1.68876,30.8845,34.9614,24.1172,1.68876,0.281012
1.9326,17.7385,17.7385,2,35.477,34.9614,24.1399,2.01829,0.273333
1.9328,16.959,16.959,1.8021,30.5618,34.9614,24.1252,1.8021,0.282037
1.933,13.9903,13.9903,2,27.9805,34.9614,24.1546,2.24576,0.383795
1.9332,19.0261,19.0261,0.983435,18.7109,34.9614,24.0687,0.983435,0.274497
1.9334,18.7174,18.7174,2,37.4348,34.9614,24.1522,2.20409,0.271122
1.9336,16.2493,16.2493,1.80077,29.2613,34.9614,24.1254,1.80077,0.273333
1.9338,18.6853,18.6853,1.64682,30.7713,34.9614,24.1141,1.64682,0.273333
1.934,5.99451,5.99451,2,11.989,34.9614,24.2252,3.41986,0.566667
1.9342,14.0992,14.0992,0,0,34.9614,24.0022,-1.41377e-07,0.416667
1.9344,20.8233,20.8233,1.45176,30.2304,34.9614,24.1002,1.45176,0.266667
1.9346,20.9761,20.9761,1.06158,22.2677,34.9614,24.0741,1.06158,0.116667
1.9348,17.9568,17.9568,2,35.9136,34.9614,24.1599,2.31355,0.273333
1.935,10.6757,10.6757,2,21.3515,34.9614,24.1526,2.21717,0.416667
1.9352,19.509,19.509,0.603768,11.7789,34.9614,24.0424,0.603768,0.317853
1.9354,18.9701,18.9701,2,37.9403,34.9614,24.1537,2.22726,0.277966
1.9356,16.8107,16.8107,1.73822,29.2207,34.9614,24.1211,1.73822,0.253866
1.9358,18.4938,18.4938,1.77283,32.7863,34.9614,24.1228,1.77283,0.273333
1.936,17.6734,17.6734,1.97212,34.854,34.9614,24.1367,1.97212,0.266667
1.9362,18.2198,18.2198,1.68643,30.7264,34.9614,24.1171,1.68643,0.25269
1.9364,17.6134,17.6134,2,35.2268,34.9614,24.1409,2.03388,0.277692
1.9366,15.0388,15.0388,1.98379,29.8338,34.9614,24.1375,1.98379,0.331471
1.9368,19.0252,19.0252,1.32988,25.3011,34.9614,24.0924,1.32988,0.273333
1.937,20.0483,20.0483,1.64627,33.0049,34.9614,24.1142,1.64627,0.197802
1.9372,18.2262,18.2262,2,36.4524,34.9614,24.1388,2.00126,0.237307
1.9374,16.9762,16.9762,1.8576,31.535,34.9614,24.129,1.8576,0.275068
1.9376,20.6208,20.6208,1.21685,25.0924,34.9614,24.0847,1.21685,0.181471
1.9378,17.7122,17.7122,2,35.4245,34.9614,24.1594,2.30517,0.273333
1.938,15.5847,15.5847,1.68941,26.329,34.9614,24.1177,1.68941,0.298882
1.9382,20.0354,20.0354,1.44211,28.8931,34.9614,24.0999,1.44211,0.245383
1.9384,17.4524,17.4524,2,34.9048,34.9614,24.1559,2.25188,0.272212
1.9386,14.5897,14.5897,1.81612,26.4966,34.9614,24.1263,1.81612,0.331471
1.9388,19.5908,19.5908,1.34875,26.4231,34.9614,24.0935,1.34875,0.273333
1.939,17.1316,17.1316,2,34.2633,34.9614,24.1634,2.36183,0.292092
1.9392,16.7247,16.7247,1.46042,24.4252,34.9614,24.102,1.46042,0.275824
1.9394,18.9067,18.9067,1.91286,36.1659,34.9614,24.1322,1.91286,0.277382
1.9396,17.0615,17.0615,1.96482,33.5227,34.9614,24.1364,1.96482,0.268003
1.9398,17.8439,17.8439,1.68729,30.1078,34.9614,24.1171,1.68729,0.273333
1.94,19.7962,19.7962,1.61142,31.8999,34.9614,24.1118,1.61142,0.212987
1.9402,17.0532,17.0532,2,34.1064,34.9614,24.1533,2.21313,0.27566
1.9404,16.9984,16.9984,1.55677,26.4627,34.9614,24.1084,1.55677,0.279595
1.9406,19.5854,19.5854,1.71531,33.5951,34.9614,24.1188,1.71531,0.243158
1.9408,16.9641,16.9641,2,33.9283,34.9614,24.1491,2.15179,0.273333
1.941,19.343,19.343,1.32241,25.5795,34.9614,24.0921,1.32241,0.220976
1.9412,18.9192,18.9192,2,37.8383,34.9614,24.1398,2.0182,0.241568
1.9414,16.6517,16.6517,1.92695,32.0869,34.9614,24.134,1.92695,0.271593
1.9416,19.1015,19.1015,1.51681,28.9733,34.9614,24.1053,1.51681,0.246553
1.9418,17.6602,17.6602,2,35.3203,34.9614,24.1505,2.1732,0.273333
1.942,16.9508,16.9508,1.65758,28.0972,34.9614,24.1154,1.65758,0.273607
1.9422,19.8674,19.8674,1.57865,31.3636,34.9614,24.1094,1.57865,0.227818
1.9424,16.8722,16.8722,2,33.7444,34.9614,24.1565,2.2605,0.281418
1.9426,17.5787,17.5787,1.43458,25.2181,34.9614,24.1,1.43458,0.264915
1.9428,18.6152,18.6152,2,37.2304,34.9614,24.1399,2.02135,0.273333
1.943,16.133,16.133,1.96332,31.6743,34.9614,24.1363,1.96332,0.289332
1.9432,18.3173,18.3173,1.54469,28.2945,34.9614,24.1072,1.54469,0.276038
1.9434,17.7571,17.7571,2,35.5142,34.9614,24.1467,2.12134,0.280866
1.9436,17.3486,17.3486,1.66967,28.9665,34.9614,24.1161,1.66967,0.26509
1.9438,18.3153,18.3153,1.89357,34.6814,34.9614,24.1311,1.89357,0.273333
1.944,17.2355,17.2355,1.92127,33.1142,34.9614,24.1333,1.92127,0.273333
1.9442,6.18866,6.18866,2,12.3773,34.9614,24.1989,3.01076,0.566667
1.9444,15.5829,15.5829,0.0448136,0.698327,34.9614,24.0053,0.0448136,0.416667
1.9446,20.6085,20.6085,1.59814,32.9353,34.9614,24.1103,1.59814,0.266667
1.9448,20.9041,20.9041,1.09401,22.8693,34.9614,24.0763,1.09401,0.116667
1.945,17.9028,17.9028,2,35.8056,34.9614,24.1599,2.3136,0.273333
1.9452,9.84177,9.84177,2,19.6835,34.9614,24.1583,2.30096,0.438383
1.9454,20.9606,20.9606,0.279033,5.8487,34.9614,24.02,0.279033,0.266667
1.9456,19.3076,19.3076,2,38.6152,34.9614,24.1484,2.15061,0.273817
1.9458,20.2585,20.2585,1.26201,25.5665,34.9614,24.088,1.26201,0.146839
1.946,17.7201,17.7201,2,35.4402,34.9614,24.1584,2.29043,0.273333
1.9462,16.0287,16.0287,1.65334,26.5009,34.9614,24.1152,1.65334,0.288382
1.9464,17.2452,17.2452,1.9386,33.4315,34.9614,24.1339,1.9386,0.325946
1.9466,17.6497,17.6497,1.74892,30.8679,34.9614,24.1214,1.74892,0.277009
1.9468,17.1061,17.1061,2,34.2122,34.9614,24.1392,2.01072,0.296839
1.947,17.7045,17.7045,1.66732,29.5191,34.9614,24.1158,1.66732,0.273333
1.9472,20.3721,20.3721,1.41766,28.8807,34.9614,24.0985,1.41766,0.188161
1.9474,17.2191,17.2191,2,34.4383,34.9614,24.159,2.29812,0.276864
1.9476,17.018,17.018,1.49477,25.438,34.9614,24.1043,1.49477,0.271202
1.9478,16.9652,16.9652,2,33.9303,34.9614,24.1511,2.19164,0.326791
1.948,17.3496,17.3496,1.53044,26.5527,34.9614,24.1066,1.53044,0.273333
1.9482,18.9511,18.9511,1.88759,35.7719,34.9614,24.1306,1.88759,0.261225
1.9484,15.7663,15.7663,2,31.5327,34.9614,24.1483,2.14004,0.302433
1.9486,18.2013,18.2013,1.36061,24.7649,34.9614,24.0947,1.36061,0.274151
1.9488,17.3752,17.3752,2,34.7504,34.9614,24.159,2.30199,0.30425
1.949,16.8151,16.8151,1.52678,25.673,34.9614,24.1065,1.52678,0.273333
1.9492,17.4928,17.4928,2,34.9857,34.9614,24.1438,2.08417,0.313793
1.9494,16.5783,16.5783,1.76387,29.2419,34.9614,24.1226,1.76387,0.291584
1.9496,18.5391,18.5391,1.72874,32.0493,34.9614,24.1197,1.72874,0.27449
1.9498,17.0304,17.0304,2,34.0608,34.9614,24.1451,2.09409,0.285853
1.95,17.559,17.559,1.60101,28.1121,34.9614,24.1113,1.60101,0.273333
1.9502,20.7972,20.7972,1.21554,25.2798,34.9614,24.0846,1.21554,0.165501
1.9504,17.7639,17.7639,2,35.5278,34.9614,24.1587,2.29335,0.270761
1.9506,16.5814,16.5814,1.59838,26.5034,34.9614,24.1115,1.59838,0.274028
1.9508,18.7759,18.7759,1.82606,34.2859,34.9614,24.1263,1.82606,0.276709
1.951,17.132,17.132,2,34.264,34.9614,24.1401,2.01869,0.273333
1.9512,21.21,21.21,0.83419,17.6931,34.9614,24.0583,0.83419,0.130824
1.9514,18.7268,18.7268,2,37.4537,34.9614,24.1519,2.19754,0.260643
1.9516,16.2367,16.2367,1.80843,29.3631,34.9614,24.1259,1.80843,0.273876
1.9518,18.8835,18.8835,1.61278,30.455,34.9614,24.1118,1.61278,0.26743
1.952,17.5673,17.5673,2,35.1346,34.9614,24.1468,2.12052,0.273333
1.9522,16.8616,16.8616,1.70653,28.7748,34.9614,24.1187,1.70653,0.280824
1.9524,18.5141,18.5141,1.803,33.3809,34.9614,24.1248,1.803,0.273729
1.9526,17.3392,17.3392,1.99557,34.6017,34.9614,24.1383,1.99557,0.273595
1.9528,17.6427,17.6427,1.70872,30.1465,34.9614,24.1186,1.70872,0.271885
1.953,18.0619,18.0619,1.92126,34.7016,34.9614,24.133,1.92126,0.273333
1.9532,14.6598,14.6598,2,29.3196,34.9614,24.1503,2.16837,0.341662
1.9534,19.2442,19.2442,1.09803,21.1308,34.9614,24.0765,1.09803,0.261915
1.9536,18.367,18.367,2,36.7341,34.9614,24.1554,2.24768,0.274147
1.9538,16.2349,16.2349,1.73233,28.1241,34.9614,24.1207,1.73233,0.27585
1.954,18.8381,18.8381,1.68256,31.6963,34.9614,24.1165,1.68256,0.273333
1.9542,17.4298,17.4298,2,34.8596,34.9614,24.1447,2.08824,0.273333
1.9544,5.6083,5.6083,2,11.2166,34.9614,24.1942,2.93325,0.566667
1.9546,15.7627,15.7627,0.05589,0.880979,34.9614,24.006,0.05589,0.416667
1.9548,20.5822,20.5822,1.6143,33.2259,34.9614,24.1114,1.6143,0.266667
1.955,20.8976,20.8976,1.09629,22.9097,34.9614,24.0765,1.09629,0.116667
1.9552,17.897,17.897,2,35.794,34.9614,24.16,2.31519,0.273333
1.9554,10.7149,10.7149,2,21.4299,34.9614,24.1526,2.20914,0.416667
1.9556,20.9893,20.9893,0.382593,8.03037,34.9614,24.0271,0.382593,0.266667
1.9558,19.055,19.055,2,38.1101,34.9614,24.1533,2.21991,0.277588
1.956,16.269,16.269,1.80705,29.3988,34.9614,24.1259,1.80705,0.266667
1.9562,18.6677,18.6677,1.64624,30.7315,34.9614,24.1141,1.64624,0.273333
1.9564,15.1389,15.1389,2,30.2777,34.9614,24.1654,2.39631,0.33806
1.9566,12.2828,12.2828,1.67683,20.5961,34.9614,24.116,1.67683,0.416667
1.9568,20.7416,20.7416,1.01299,21.011,34.9614,24.0702,1.01299,0.27593
1.957,15.2822,15.2822,2,30.5645,34.9614,24.1945,2.82526,0.352769
1.9572,16.8181,16.8181,0.821847,13.8219,34.9614,24.0583,0.821847,0.273333
1.9574,20.7473,20.7473,1.38757,28.7884,34.9614,24.0962,1.38757,0.207687
1.9576,15.184,15.184,2,30.368,34.9614,24.1808,2.61637,0.32962
1.9578,17.4167,17.4167,0.945463,16.4669,34.9614,24.0666,0.945463,0.273543
1.958,19.73,19.73,1.91661,37.8148,34.9614,24.1324,1.91661,0.254656
1.9582,16.4142,16.4142,2,32.8284,34.9614,24.1443,2.07872,0.273333
1.9584,19.9956,19.9956,1.22353,24.4653,34.9614,24.0852,1.22353,0.212498
1.9586,17.5005,17.5005,2,35.0011,34.9614,24.1628,2.35571,0.284886
1.9588,16.5931,16.5931,1.51882,25.202,34.9614,24.106,1.51882,0.273588
1.959,20.0504,20.0504,1.58727,31.8254,34.9614,24.11,1.58727,0.232438
1.9592,17.072,17.072,2,34.1439,34.9614,24.1544,2.22625,0.273333
1.9594,14.8758,14.8758,1.77135,26.3503,34.9614,24.1231,1.77135,0.331712
1.9596,20.3136,20.3136,1.26157,25.6271,34.9614,24.0875,1.26157,0.242667
1.9598,17.5609,17.5609,2,35.1219,34.9614,24.1606,2.32027,0.277643
1.96,16.7508,16.7508,1.53732,25.7514,34.9614,24.1072,1.53732,0.270662
1.9602,18.899,18.899,1.86037,35.1592,34.9614,24.1287,1.86037,0.273333
1.9604,13.567,13.567,2,27.134,34.9614,24.1663,2.40464,0.360081
1.9606,19.7898,19.7898,0.701405,13.8806,34.9614,24.0493,0.701405,0.249525
1.9608,18.8789,18.8789,2,37.7579,34.9614,24.1534,2.22257,0.273238
1.961,15.442,15.442,1.88249,29.0695,34.9614,24.1311,1.88249,0.289621
1.9612,19.0007,19.0007,1.45968,27.735,34.9614,24.1012,1.45968,0.273333
1.9614,19.667,19.667,1.75319,34.48,34.9614,24.1216,1.75319,0.210081
1.9616,16.1755,16.1755,2,32.3511,34.9614,24.1544,2.22871,0.290833
1.9618,17.8369,17.8369,1.36417,24.3326,34.9614,24.0951,1.36417,0.271192
1.962,19.5385,19.5385,1.84289,36.0073,34.9614,24.1276,1.84289,0.238449
1.9622,16.7054,16.7054,2,33.4108,34.9614,24.1451,2.09215,0.273333
1.9624,21.248,21.248,0.778724,16.5463,34.9614,24.0545,0.778724,0.135249
1.9626,17.8149,17.8149,2,35.6298,34.9614,24.1688,2.44768,0.293953
1.9628,16.1484,16.1484,1.50927,24.3723,34.9614,24.1055,1.50927,0.274198
1.963,20.353,20.353,1.46787,29.8755,34.9614,24.1017,1.46787,0.225299
1.9632,17.2378,17.2378,2,34.4755,34.9614,24.1571,2.26838,0.273333
1.9634,16.5193,16.5193,1.57661,26.0446,34.9614,24.1099,1.57661,0.285249
1.9636,18.3398,18.3398,1.90725,34.9786,34.9614,24.1318,1.90725,0.292232
1.9638,17.1639,17.1639,1.91909,32.939,34.9614,24.1332,1.91909,0.274258
1.964,19.3174,19.3174,1.52923,29.5408,34.9614,24.1062,1.52923,0.231431
1.9642,17.5404,17.5404,2,35.0808,34.9614,24.1516,2.18834,0.273333
1.9644,17.0008,17.0008,1.62888,27.6922,34.9614,24.1134,1.62888,0.273333
1.9646,7.10216,7.10216,2,14.2043,34.9614,24.2086,3.16321,0.566667
1.9648,15.0452,15.0452,0.0188166,0.2831,34.9614,24.0037,0.0188166,0.416667
1.965,20.6867,20.6867,1.5471,32.0045,34.9614,24.1067,1.5471,0.266667
1.9652,20.9297,20.9297,1.0831,22.6689,34.9614,24.0756,1.0831,0.116667
1.9654,17.9204,17.9204,2,35.8409,34.9614,24.1601,2.31322,0.273333
1.9656,10.7053,10.7053,2,21.4106,34.9614,24.1527,2.2121,0.416667
1.9658,20.9899,20.9899,0.379583,7.96742,34.9614,24.0268,0.379583,0.266667
1.966,19.0053,19.0053,2,38.0107,34.9614,24.1544,2.23881,0.279827
1.9662,16.2477,16.2477,1.79355,29.1409,34.9614,24.1249,1.79355,0.266667
1.9664,18.7075,18.7075,1.64967,30.8612,34.9614,24.1143,1.64967,0.273333
1.9666,16.8324,16.8324,2,33.6647,34.9614,24.1517,2.18948,0.293799
1.9668,17.7495,17.7495,1.47412,26.1649,34.9614,24.1027,1.47412,0.265336
1.967,18.3098,18.3098,2,36.6197,34.9614,24.1422,2.05691,0.277775
1.9672,13.7507,13.7507,2,27.5014,34.9614,24.15,2.16334,0.351591
1.9674,19.3898,19.3898,0.989924,19.1944,34.9614,24.069,0.989924,0.273333
1.9676,20.0573,20.0573,1.70952,34.2885,34.9614,24.1185,1.70952,0.209445
1.9678,16.9671,16.9671,2,33.9342,34.9614,24.1499,2.16266,0.268352
1.968,17.3663,17.3663,1.5578,27.0533,34.9614,24.1084,1.5578,0.274649
1.9682,18.4641,18.4641,1.95326,36.0652,34.9614,24.1351,1.95326,0.274857
1.9684,17.0189,17.0189,1.91037,32.5124,34.9614,24.1327,1.91037,0.273333
1.9686,16.547,16.547,1.87918,31.0948,34.9614,24.1304,1.87918,0.3111
1.9688,18.2175,18.2175,1.6703,30.4287,34.9614,24.1158,1.6703,0.276912
1.969,17.7701,17.7701,2,35.5402,34.9614,24.1402,2.02494,0.274439
1.9692,18.6626,18.6626,1.59175,29.7063,34.9614,24.1107,1.59175,0.235277
1.9694,17.7247,17.7247,2,35.4494,34.9614,24.1457,2.10451,0.273333
1.9696,15.3309,15.3309,1.90279,29.1716,34.9614,24.1321,1.90279,0.318024
1.9698,18.9128,18.9128,1.4457,27.3422,34.9614,24.1003,1.4457,0.276595
1.97,17.8182,17.8182,2,35.6364,34.9614,24.1515,2.18965,0.275423
1.9702,18.5243,18.5243,1.4759,27.3401,34.9614,24.1028,1.4759,0.22861
1.9704,18.0453,18.0453,2,36.0905,34.9614,24.1471,2.12633,0.273333
1.9706,17.5562,17.5562,1.66638,29.2552,34.9614,24.116,1.66638,0.254843
1.9708,18.2714,18.2714,1.9176,35.0372,34.9614,24.1328,1.9176,0.271245
1.971,17.0786,17.0786,1.91826,32.7612,34.9614,24.1332,1.91826,0.277088
1.9712,19.462,19.462,1.49875,29.1686,34.9614,24.1041,1.49875,0.228361
1.9714,17.5278,17.5278,2,35.0556,34.9614,24.1529,2.20979,0.273333
1.9716,18.8247,18.8247,1.39574,26.2744,34.9614,24.0973,1.39574,0.223438
1.9718,17.8923,17.8923,2,35.7845,34.9614,24.1525,2.20376,0.277755
1.972,16.6012,16.6012,1.69329,28.1106,34.9614,24.1179,1.69329,0.276857
1.9722,19.4631,19.4631,1.63251,31.7737,34.9614,24.1131,1.63251,0.248552
1.9724,17.2347,17.2347,2,34.4694,34.9614,24.1502,2.1684,0.273333
1.9726,17.7831,17.7831,1.5303,27.2134,34.9614,24.1065,1.5303,0.25911
1.9728,18.1513,18.1513,2,36.3026,34.9614,24.1416,2.04792,0.279054
1.973,16.9662,16.9662,1.81037,30.7153,34.9614,24.1258,1.81037,0.273432
1.9732,19.2865,19.2865,1.60416,30.9386,34.9614,24.1113,1.60416,0.241898
1.9734,17.3725,17.3725,2,34.745,34.9614,24.1498,2.16376,0.273333
1.9736,17.7443,17.7443,1.55173,27.5343,34.9614,24.108,1.55173,0.258477
1.9738,18.3903,18.3903,1.99118,36.6184,34.9614,24.1378,1.99118,0.271238
1.974,16.8746,16.8746,1.88764,31.8531,34.9614,24.1311,1.88764,0.275703
1.9742,17.5521,17.5521,1.77107,31.086,34.9614,24.1228,1.77107,0.288979
1.9744,17.9861,17.9861,1.87359,33.6987,34.9614,24.1298,1.87359,0.273333
1.9746,17.4823,17.4823,1.88545,32.9621,34.9614,24.1308,1.88545,0.273333
1.9748,6.0995,6.0995,2,12.199,34.9614,24.2032,3.07695,0.566667
1.975,15.3367,15.3367,0.0296885,0.455324,34.9614,24.0044,0.0296885,0.416667
1.9752,20.6454,20.6454,1.57449,32.5059,34.9614,24.1086,1.57449,0.266667
1.9754,20.9153,20.9153,1.08947,22.7866,34.9614,24.076,1.08947,0.116667
1.9756,17.9167,17.9167,2,35.8335,34.9614,24.1601,2.31368,0.273333
1.9758,10.7065,10.7065,2,21.413,34.9614,24.1526,2.21032,0.416667
1.976,15.8618,15.8618,1.00979,16.0171,34.9614,24.0701,1.00979,0.412323
1.9762,19.8017,19.8017,1.88985,37.4222,34.9614,24.1303,1.88985,0.277607
1.9764,16.6919,16.6919,2,33.3838,34.9614,24.1432,2.06283,0.266667
1.9766,17.8477,17.8477,1.567,27.9674,34.9614,24.1089,1.567,0.273333
1.9768,16.8689,16.8689,2,33.7377,34.9614,24.1522,2.20328,0.311027
1.977,17.4522,17.4522,1.49966,26.1724,34.9614,24.1045,1.49966,0.27156
1.9772,18.2645,18.2645,2,36.529,34.9614,24.1407,2.03571,0.282689
1.9774,14.214,14.214,2,28.4279,34.9614,24.1476,2.12811,0.341989
1.9776,19.1981,19.1981,1.0952,21.0258,34.9614,24.0763,1.0952,0.273333
1.9778,19.6831,19.6831,1.85318,36.4764,34.9614,24.1284,1.85318,0.224327
1.978,19.0414,19.0414,1.72806,32.9046,34.9614,24.1201,1.72806,0.203839
1.9782,17.3944,17.3944,2,34.7888,34.9614,24.1435,2.06988,0.268312
1.9784,20.0716,20.0716,1.2848,25.788,34.9614,24.0894,1.2848,0.191989
1.9786,17.7447,17.7447,2,35.4894,34.9614,24.1578,2.28117,0.273333
1.9788,18.1043,18.1043,1.44276,26.1201,34.9614,24.1006,1.44276,0.235492
1.979,20.0001,20.0001,1.64905,32.9811,34.9614,24.1144,1.64905,0.20954
1.9792,16.9781,16.9781,2,33.9563,34.9614,24.1525,2.19891,0.27231
1.9794,14.599,14.599,1.8175,26.5338,34.9614,24.1261,1.8175,0.341989
1.9796,19.584,19.584,1.35059,26.45,34.9614,24.0936,1.35059,0.273333
1.9798,16.6989,16.6989,2,33.3978,34.9614,24.1678,2.42704,0.303794
1.98,18.7494,18.7494,1.13698,21.3178,34.9614,24.0795,1.13698,0.225955
1.9802,18.0419,18.0419,2,36.0838,34.9614,24.1597,2.3114,0.289066
1.9804,15.3712,15.3712,1.73543,26.6755,34.9614,24.1209,1.73543,0.298656
1.9806,19.3082,19.3082,1.53274,29.5944,34.9614,24.1061,1.53274,0.273333
1.9808,19.0696,19.0696,1.88828,36.0088,34.9614,24.1309,1.88828,0.225269
1.981,16.013,16.013,2,32.0261,34.9614,24.1471,2.11842,0.294265
1.9812,17.7547,17.7547,1.4565,25.8598,34.9614,24.1013,1.4565,0.283205
1.9814,20.6112,20.6112,1.35831,27.9965,34.9614,24.0944,1.35831,0.179587
1.9816,17.4042,17.4042,2,34.8084,34.9614,24.159,2.29626,0.273333
1.9818,19.4874,19.4874,1.22086,23.7915,34.9614,24.0852,1.22086,0.200617
1.982,19.9459,19.9459,1.70729,34.0535,34.9614,24.1184,1.70729,0.202503
1.9822,17.0931,17.0931,2,34.1861,34.9614,24.1488,2.14387,0.266369
1.9824,15.1609,15.1609,1.82136,27.6135,34.9614,24.1264,1.82136,0.329587
1.9826,19.2749,19.2749,1.44869,27.9233,34.9614,24.1004,1.44869,0.273333
1.9828,15.6612,15.6612,2,31.3223,34.9614,24.1734,2.50999,0.329219
1.983,17.3686,17.3686,1.10084,19.1201,34.9614,24.0772,1.10084,0.273622
1.9832,18.6735,18.6735,2,37.3471,34.9614,24.1513,2.19282,0.291873
1.9834,16.635,16.635,1.76368,29.3389,34.9614,24.1228,1.76368,0.264789
1.9836,18.5458,18.5458,1.73063,32.0959,34.9614,24.1199,1.73063,0.273333
1.9838,17.7155,17.7155,2,35.4311,34.9614,24.1387,2.00153,0.267103
1.984,16.4632,16.4632,1.86957,30.779,34.9614,24.1297,1.86957,0.29635
1.9842,18.2991,18.2991,1.66318,30.4346,34.9614,24.1153,1.66318,0.276906
1.9844,18.5973,18.5973,1.90187,35.3695,34.9614,24.1318,1.90187,0.24939
1.9846,17.0653,17.0653,1.95717,33.3998,34.9614,24.1358,1.95717,0.273333
1.9848,17.8598,17.8598,1.69266,30.2305,34.9614,24.1176,1.69266,0.273333
1.985,6.38144,6.38144,2,12.7629,34.9614,24.2153,3.26608,0.566667
1.9852,14.6889,14.6889,0.00795787,0.116892,34.9614,24.0031,0.00795787,0.416667
1.9854,20.7408,20.7408,1.51081,31.3355,34.9614,24.1043,1.51081,0.266667
1.9856,20.9453,20.9453,1.07682,22.5544,34.9614,24.0751,1.07682,0.116667
1.9858,17.9265,17.9265,2,35.853,34.9614,24.1601,2.31559,0.273333
1.986,10.6848,10.6848,2,21.3696,34.9614,24.1528,2.21051,0.416667
1.9862,20.9953,20.9953,0.375478,7.88325,34.9614,24.0266,0.375478,0.266667
1.9864,19.0343,19.0343,2,38.0687,34.9614,24.1538,2.22677,0.278876
1.9866,16.2462,16.2462,1.80363,29.3022,34.9614,24.1257,1.80363,0.266667
1.9868,18.6842,18.6842,1.64402,30.7172,34.9614,24.1139,1.64402,0.273333
1.987,17.8462,17.8462,2,35.6923,34.9614,24.1421,2.05114,0.266667
1.9872,18.1143,18.1143,1.64734,29.8404,34.9614,24.1146,1.64734,0.247693
1.9874,17.5062,17.5062,2,35.0124,34.9614,24.1435,2.07283,0.284772
1.9876,14.4305,14.4305,2,28.861,34.9614,24.1387,2.00279,0.346198
1.9878,19.3326,19.3326,1.21156,23.4226,34.9614,24.0842,1.21156,0.273333
1.988,20.0294,20.0294,1.67603,33.57,34.9614,24.1163,1.67603,0.200544
1.9882,16.6285,16.6285,2,33.2569,34.9614,24.1547,2.2323,0.279515
1.9884,17.2914,17.2914,1.46634,25.3551,34.9614,24.1022,1.46634,0.277672
1.9886,15.6787,15.6787,2,31.3574,34.9614,24.1649,2.39122,0.357132
1.9888,17.6684,17.6684,1.18147,20.8747,34.9614,24.0826,1.18147,0.273333
1.989,16.3763,16.3763,2,32.7526,34.9614,24.1756,2.55649,0.350544
1.9892,17.9135,17.9135,1.07829,19.3159,34.9614,24.0757,1.07829,0.24523
1.9894,19.1173,19.1173,2,38.2347,34.9614,24.1438,2.08102,0.267453
1.9896,18.7729,18.7729,1.61541,30.3259,34.9614,24.1124,1.61541,0.207133
1.9898,17.6161,17.6161,2,35.2322,34.9614,24.1459,2.10684,0.273333
1.99,14.605,14.605,1.96656,28.7216,34.9614,24.1363,1.96656,0.337767
1.9902,20.3507,20.3507,1.08532,22.087,34.9614,24.0754,1.08532,0.236904
1.9904,18.2076,18.2076,2,36.4151,34.9614,24.1563,2.26152,0.268395
1.9906,20.6866,20.6866,1.02667,21.2383,34.9614,24.0717,1.02667,0.139231
1.9908,18.0833,18.0833,2,36.1666,34.9614,24.1597,2.30734,0.273333
1.991,19.5084,19.5084,1.26396,24.6579,34.9614,24.0882,1.26396,0.187767
1.9912,17.5237,17.5237,2,35.0473,34.9614,24.1618,2.34205,0.287214
1.9914,16.0787,16.0787,1.58477,25.481,34.9614,24.1105,1.58477,0.287059
1.9916,19.5652,19.5652,1.65571,32.3943,34.9614,24.1146,1.65571,0.259633
1.9918,17.1294,17.1294,2,34.2589,34.9614,24.1502,2.1684,0.273333
1.992,18.541,18.541,1.43096,26.5314,34.9614,24.0997,1.43096,0.24044
1.9922,18.5494,18.5494,2,37.0989,34.9614,24.1422,2.05523,0.259874
1.9924,16.3657,16.3657,1.90341,31.1506,34.9614,24.1323,1.90341,0.282193
1.9926,19.3027,19.3027,1.48169,28.6005,34.9614,24.1029,1.48169,0.24684
1.9928,17.6414,17.6414,2,35.2828,34.9614,24.1521,2.19839,0.273333
1.993,15.4493,15.4493,1.79314,27.7028,34.9614,24.1247,1.79314,0.310258
1.9932,19.6595,19.6595,1.43358,28.1834,34.9614,24.0994,1.43358,0.257066
1.9934,18.0583,18.0583,2,36.1166,34.9614,24.1488,2.14873,0.259287
1.9936,18.0091,18.0091,1.59432,28.7122,34.9614,24.111,1.59432,0.241027
1.9938,18.0844,18.0844,2,36.1689,34.9614,24.1398,2.02036,0.273333
1.994,20.184,20.184,1.32269,26.6972,34.9614,24.0921,1.32269,0.176881
1.9942,17.3973,17.3973,2,34.7946,34.9614,24.1606,2.32204,0.279806
1.9944,15.96,15.96,1.60316,25.5865,34.9614,24.1118,1.60316,0.29335
1.9946,19.848,19.848,1.56938,31.149,34.9614,24.1087,1.56938,0.250073
1.9948,17.2112,17.2112,2,34.4223,34.9614,24.1534,2.21502,0.273333
1.995,17.1439,17.1439,1.55719,26.6964,34.9614,24.1085,1.55719,0.273333
1.9952,7.18386,7.18386,2,14.3677,34.9614,24.2133,3.23818,0.566667
1.9954,14.7704,14.7704,0.0104264,0.154002,34.9614,24.0032,0.0104264,0.416667
1.9956,20.7266,20.7266,1.52049,31.5147,34.9614,24.1049,1.52049,0.266667
1.9958,20.9402,20.9402,1.07865,22.5871,34.9614,24.0753,1.07865,0.116667
1.996,17.9255,17.9255,2,35.8509,34.9614,24.1602,2.31549,0.273333
1.9962,10.6893,10.6893,2,21.3787,34.9614,24.1522,2.20949,0.416667
1.9964,20.996,20.996,0.377297,7.92171,34.9614,24.0267,0.377297,0.266667
1.9966,19.1212,19.1212,2,38.2425,34.9614,24.1517,2.19789,0.275155
1.9968,20.3596,20.3596,1.20074,24.4466,34.9614,24.0838,1.20074,0.142947
1.997,17.8221,17.8221,2,35.6443,34.9614,24.159,2.29675,0.273333
1.9972,16.8087,16.8087,1.5771,26.5091,34.9614,24.11,1.5771,0.266667
1.9974,20.1176,20.1176,1.54115,31.0044,34.9614,24.1068,1.54115,0.222375
1.9976,16.9875,16.9875,2,33.975,34.9614,24.157,2.26629,0.277919
1.9978,19.0445,19.0445,1.26743,24.1376,34.9614,24.0884,1.26743,0.222694
1.998,18.1856,18.1856,2,36.3711,34.9614,24.1531,2.21487,0.273333
1.9982,19.4575,19.4575,1.35054,26.2781,34.9614,24.0941,1.35054,0.192872
1.9984,18.4192,18.4192,2,36.8383,34.9614,24.1469,2.12184,0.255533
1.9986,16.7451,16.7451,1.79425,30.0448,34.9614,24.1248,1.79425,0.270166
1.9988,18.6993,18.6993,1.6944,31.6841,34.9614,24.1174,1.6944,0.265097
1.999,17.4864,17.4864,2,34.9728,34.9614,24.1432,2.06802,0.273333
1.9992,20.1302,20.1302,1.27703,25.7068,34.9614,24.0889,1.27703,0.187791
1.9994,16.8675,16.8675,2,33.7349,34.9614,24.1683,2.4372,0.298167
1.9996,16.836,16.836,1.35061,22.7389,34.9614,24.0944,1.35061,0.272052
1.9998,18.383,18.383,2,36.7661,34.9614,24.1442,2.0903,0.29797
2,16.742,16.742,1.81812,30.4388,34.9614,24.1264,1.81812,0.273333
