Time(s),V_pv_instant(V),V_mppt(V),I_pv(A),P_pv(W),P_ref(W),V_out(V),I_L(A),Duty
0.0002,20.7162,20.7162,2.67591,55.4348,85.0695,24.1835,2.67591,0.3
0.0004,11.9943,11.9943,5,59.9717,85.0695,24.4366,6.7113,0.566667
0.0006,11.553,11.553,3.17494,36.6802,85.0695,24.2164,3.17494,0.416667
0.0008,20.1917,20.1917,3.35422,67.7272,85.0695,24.2308,3.35422,0.266667
0.001,20.6594,20.6594,2.59762,53.6652,85.0695,24.18,2.59762,0.116667
0.0012,12.2196,12.2196,5,61.0979,85.0695,24.4327,6.70762,0.566667
0.0014,11.4005,11.4005,3.21766,36.683,85.0695,24.2198,3.21766,0.416667
0.0016,20.2039,20.2039,3.33934,67.4676,85.0695,24.2282,3.33934,0.266667
0.0018,19.1775,19.1775,4.27139,81.9144,85.0695,24.2929,4.27139,0.266667
0.002,18.4148,18.4148,4.59099,84.5421,85.0695,24.3144,4.59099,0.266667
0.0022,13.0866,13.0866,5,65.4329,85.0695,24.3719,5.52772,0.416667
0.0024,19.2316,19.2316,3.49637,67.2408,85.0695,24.2403,3.49637,0.266667
0.0026,19.9814,19.9814,3.49869,69.909,85.0695,24.2383,3.49869,0.191667
0.0028,19.0588,19.0588,4.34113,82.7366,85.0695,24.2977,4.34113,0.266667
0.003,16.2979,16.2979,5,81.4896,85.0695,24.349,5.184,0.341667
0.0032,18.2756,18.2756,4.24284,77.5402,85.0695,24.2896,4.24284,0.266667
0.0034,19.6401,19.6401,3.799,74.6129,85.0695,24.2607,3.799,0.191667
0.0036,18.3936,18.3936,4.6966,86.3875,85.0695,24.3209,4.6966,0.291009
0.0038,18.0865,18.0865,4.6006,83.2089,85.0695,24.3152,4.6006,0.266667
0.004,17.339,17.339,4.84988,84.0919,85.0695,24.333,4.84988,0.302803
0.0042,19.4877,19.4877,3.87403,75.4961,85.0695,24.2641,3.87403,0.191667
0.0044,17.726,17.726,4.95824,87.8897,85.0695,24.3401,4.95824,0.317756
0.0046,16.9255,16.9255,4.72235,79.9284,85.0695,24.3246,4.72235,0.30142
0.0048,18.5132,18.5132,4.45559,82.4874,85.0695,24.3067,4.45559,0.266667
0.005,18.9723,18.9723,4.27413,81.09,85.0695,24.2947,4.27413,0.231418
0.0052,16.4612,16.4612,5,82.3061,85.0695,24.3551,5.18511,0.341667
0.0054,15.9566,15.9566,4.59648,73.3444,85.0695,24.3153,4.59648,0.332868
0.0056,18.5751,18.5751,4.47711,83.1626,85.0695,24.3076,4.47711,0.284999
0.0058,18.2766,18.2766,4.60497,84.1633,85.0695,24.3169,4.60497,0.266667
0.006,18.3974,18.3974,4.52275,83.2067,85.0695,24.3115,4.52275,0.25856
0.0062,19.4829,19.4829,3.90177,76.0179,85.0695,24.2694,3.90177,0.191667
0.0064,18.8106,18.8106,4.44846,83.6782,85.0695,24.3061,4.44846,0.262219
0.0066,18.7404,18.7404,4.39395,82.3445,85.0695,24.3028,4.39395,0.24281
0.0068,18.3526,18.3526,4.59336,84.2999,85.0695,24.3162,4.59336,0.266667
0.007,17.9482,17.9482,4.68441,84.0766,85.0695,24.3223,4.68441,0.278312
0.0072,19.0128,19.0128,4.21273,80.0958,85.0695,24.2907,4.21273,0.223697
0.0074,16.7458,16.7458,5,83.7288,85.0695,24.3525,5.14546,0.33634
0.0076,15.453,15.453,4.71832,72.9121,85.0695,24.3236,4.71832,0.345094
0.0078,18.9776,18.9776,4.24628,80.5843,85.0695,24.2923,4.24628,0.266667
0.008,18.1747,18.1747,4.69946,85.4113,85.0695,24.3231,4.69946,0.281198
0.0082,15.9366,15.9366,5,79.683,85.0695,24.3464,5.05932,0.339154
0.0084,18.9449,18.9449,4.11805,78.016,85.0695,24.2838,4.11805,0.248211
0.0086,19.2136,19.2136,4.15713,79.8735,85.0695,24.2866,4.15713,0.226955
0.0088,18.528,18.528,4.56059,84.4985,85.0695,24.3138,4.56059,0.266667
0.009,18.3717,18.3717,4.54355,83.4728,85.0695,24.3129,4.54355,0.259603
0.0092,18.0203,18.0203,4.67918,84.3204,85.0695,24.3219,4.67918,0.277451
0.0094,15.1966,15.1966,5,75.9831,85.0695,24.3541,5.18027,0.362515
0.0096,18.6184,18.6184,4.09467,76.2361,85.0695,24.2817,4.09467,0.2725
0.0098,18.6597,18.6597,4.51376,84.2253,85.0695,24.3106,4.51376,0.266667
0.01,17.5944,17.5944,4.8167,84.747,85.0695,24.3311,4.8167,0.293145
0.0102,18.1929,18.1929,4.52562,82.3344,85.0695,24.3116,4.52562,0.266667
0.0104,18.2856,18.2856,4.59714,84.0614,85.0695,24.3114,4.59714,0.268333
0.0106,18.2171,18.2171,4.59585,83.723,85.0695,24.3124,4.59585,0.266667
0.0108,18.2802,18.2802,4.5746,83.6245,85.0695,24.3113,4.5746,0.265
0.011,18.2509,18.2509,4.59365,83.8384,85.0695,24.3116,4.59365,0.266667
0.0112,18.236,18.236,4.58978,83.6994,85.0695,24.3119,4.58978,0.268333
0.0114,18.1718,18.1718,4.61224,83.8126,85.0695,24.3166,4.61224,0.27
0.0116,18.1234,18.1234,4.6238,83.7989,85.0695,24.3165,4.6238,0.271667
0.0118,18.0857,18.0857,4.63226,83.7774,85.0695,24.3135,4.63226,0.273333
0.012,18.0512,18.0512,4.64386,83.8272,85.0695,24.3186,4.64386,0.275
0.0122,18.084,18.084,4.63189,83.7631,85.0695,24.3124,4.63189,0.273333
0.0124,18.1295,18.1295,4.61645,83.6939,85.0695,24.3173,4.61645,0.271667
0.0126,18.0969,18.0969,4.63311,83.8447,85.0695,24.3149,4.63311,0.273333
0.0128,18.0452,18.0452,4.64643,83.8456,85.0695,24.3166,4.64643,0.275
0.013,18.089,18.089,4.62585,83.6768,85.0695,24.3144,4.62585,0.273333
0.0132,18.1481,18.1481,4.61195,83.6983,85.0695,24.3135,4.61195,0.271667
0.0134,18.0848,18.0848,4.6364,83.8482,85.0695,24.3158,4.6364,0.273333
0.0136,18.0357,18.0357,4.64626,83.7983,85.0695,24.3162,4.64626,0.275
0.0138,18.0877,18.0877,4.63029,83.7513,85.0695,24.3143,4.63029,0.273333
0.014,18.1306,18.1306,4.61899,83.7452,85.0695,24.3164,4.61899,0.271667
0.0142,18.0975,18.0975,4.63474,83.8773,85.0695,24.3168,4.63474,0.273333
0.0144,18.0381,18.0381,4.64789,83.8394,85.0695,24.3166,4.64789,0.275
0.0146,18.094,18.094,4.6261,83.7048,85.0695,24.312,4.6261,0.273333
0.0148,18.1356,18.1356,4.61628,83.7191,85.0695,24.317,4.61628,0.271667
0.015,18.0939,18.0939,4.63664,83.8951,85.0695,24.3154,4.63664,0.273333
0.0152,18.035,18.035,4.64574,83.7859,85.0695,24.3159,4.64574,0.275
0.0154,18.091,18.091,4.62739,83.714,85.0695,24.3131,4.62739,0.273333
0.0156,18.1345,18.1345,4.61678,83.7232,85.0695,24.3134,4.61678,0.271667
0.0158,18.0866,18.0866,4.63487,83.829,85.0695,24.3181,4.63487,0.273333
0.016,18.0384,18.0384,4.6462,83.8101,85.0695,24.3187,4.6462,0.275
0.0162,18.0873,18.0873,4.62921,83.7299,85.0695,24.3137,4.62921,0.273333
0.0164,18.1312,18.1312,4.61619,83.6969,85.0695,24.3161,4.61619,0.271667
0.0166,18.0942,18.0942,4.63608,83.8862,85.0695,24.3175,4.63608,0.273333
0.0168,18.0318,18.0318,4.64709,83.7954,85.0695,24.316,4.64709,0.275
0.017,18.0812,18.0812,4.62896,83.6971,85.0695,24.3144,4.62896,0.273333
0.0172,18.1345,18.1345,4.61805,83.746,85.0695,24.314,4.61805,0.271667
0.0174,18.0922,18.0922,4.63172,83.798,85.0695,24.3151,4.63172,0.273333
0.0176,18.0378,18.0378,4.64631,83.8094,85.0695,24.3197,4.64631,0.275
0.0178,18.0874,18.0874,4.62917,83.7295,85.0695,24.3137,4.62917,0.273333
0.018,18.1312,18.1312,4.6162,83.6972,85.0695,24.3161,4.6162,0.271667
0.0182,18.0942,18.0942,4.6355,83.8755,85.0695,24.3189,4.6355,0.273333
0.0184,18.0371,18.0371,4.64436,83.7705,85.0695,24.3196,4.64436,0.275
0.0186,18.0888,18.0888,4.62615,83.6813,85.0695,24.3181,4.62615,0.273333
0.0188,18.129,18.129,4.61769,83.7139,85.0695,24.3177,4.61769,0.271667
0.019,18.0927,18.0927,4.63256,83.8157,85.0695,24.3187,4.63256,0.273333
0.0192,18.0396,18.0396,4.64528,83.7988,85.0695,24.3195,4.64528,0.275
0.0194,18.0958,18.0958,4.62492,83.6918,85.0695,24.3181,4.62492,0.273333
0.0196,18.1284,18.1284,4.61823,83.721,85.0695,24.3178,4.61823,0.271667
0.0198,18.0922,18.0922,4.63253,83.8128,85.0695,24.3187,4.63253,0.273333
0.02,18.0394,18.0394,4.64493,83.7919,85.0695,24.3197,4.64493,0.275
0.0202,18.0846,18.0846,4.62559,83.6518,85.0695,24.3182,4.62559,0.273333
0.0204,18.1402,18.1402,4.61239,83.6696,85.0695,24.3173,4.61239,0.271667
0.0206,18.0855,18.0855,4.6379,83.8788,85.0695,24.3191,4.6379,0.273333
0.0208,18.0339,18.0339,4.64577,83.7816,85.0695,24.3197,4.64577,0.275
0.021,18.0909,18.0909,4.62497,83.67,85.0695,24.3181,4.62497,0.273333
0.0212,18.1399,18.1399,4.61266,83.6732,85.0695,24.3173,4.61266,0.271667
0.0214,18.0853,18.0853,4.63789,83.8775,85.0695,24.3191,4.63789,0.273333
0.0216,18.034,18.034,4.64575,83.7817,85.0695,24.3197,4.64575,0.275
0.0218,18.0909,18.0909,4.62498,83.6701,85.0695,24.3181,4.62498,0.273333
0.022,18.1399,18.1399,4.61266,83.6731,85.0695,24.3173,4.61266,0.271667
0.0222,18.0853,18.0853,4.63789,83.8775,85.0695,24.3191,4.63789,0.273333
0.0224,18.034,18.034,4.64575,83.7817,85.0695,24.3197,4.64575,0.275
0.0226,18.0909,18.0909,4.62498,83.6701,85.0695,24.3181,4.62498,0.273333
0.0228,18.1399,18.1399,4.61266,83.6731,85.0695,24.3173,4.61266,0.271667
0.023,18.0853,18.0853,4.63789,83.8775,85.0695,24.3191,4.63789,0.273333
0.0232,18.034,18.034,4.64575,83.7817,85.0695,24.3197,4.64575,0.275
0.0234,18.0909,18.0909,4.62498,83.6701,85.0695,24.3181,4.62498,0.273333
0.0236,18.1399,18.1399,4.61266,83.6731,85.0695,24.3173,4.61266,0.271667
0.0238,18.0853,18.0853,4.63789,83.8775,85.0695,24.3191,4.63789,0.273333
0.024,18.034,18.034,4.64575,83.7817,85.0695,24.3197,4.64575,0.275
0.0242,18.0909,18.0909,4.62498,83.6701,85.0695,24.3181,4.62498,0.273333
0.0244,18.1399,18.1399,4.61266,83.6731,85.0695,24.3173,4.61266,0.271667
0.0246,18.0853,18.0853,4.63789,83.8775,85.0695,24.3191,4.63789,0.273333
0.0248,18.034,18.034,4.64575,83.7817,85.0695,24.3197,4.64575,0.275
0.025,18.0909,18.0909,4.62498,83.6701,85.0695,24.3181,4.62498,0.273333
0.0252,18.1399,18.1399,4.61266,83.6731,85.0695,24.3173,4.61266,0.271667
0.0254,18.0853,18.0853,4.63789,83.8775,85.0695,24.3191,4.63789,0.273333
0.0256,18.034,18.034,4.64575,83.7817,85.0695,24.3197,4.64575,0.275
0.0258,18.0909,18.0909,4.62498,83.6701,85.0695,24.3181,4.62498,0.273333
0.026,18.1399,18.1399,4.61266,83.6731,85.0695,24.3173,4.61266,0.271667
0.0262,18.0853,18.0853,4.63789,83.8775,85.0695,24.3191,4.63789,0.273333
0.0264,18.034,18.034,4.64575,83.7817,85.0695,24.3197,4.64575,0.275
0.0266,18.0909,18.0909,4.62498,83.6701,85.0695,24.3181,4.62498,0.273333
0.0268,18.1399,18.1399,4.61266,83.6731,85.0695,24.3173,4.61266,0.271667
0.027,18.0853,18.0853,4.63789,83.8775,85.0695,24.3191,4.63789,0.273333
0.0272,18.034,18.034,4.64575,83.7817,85.0695,24.3197,4.64575,0.275
0.0274,18.0909,18.0909,4.62498,83.6701,85.0695,24.3181,4.62498,0.273333
0.0276,18.1399,18.1399,4.61266,83.6731,85.0695,24.3173,4.61266,0.271667
0.0278,18.0853,18.0853,4.63789,83.8775,85.0695,24.3191,4.63789,0.273333
0.028,18.034,18.034,4.64575,83.7817,85.0695,24.3197,4.64575,0.275
0.0282,18.0909,18.0909,4.62498,83.6701,85.0695,24.3181,4.62498,0.273333
0.0284,18.1399,18.1399,4.61266,83.6731,85.0695,24.3173,4.61266,0.271667
0.0286,18.0853,18.0853,4.63789,83.8775,85.0695,24.3191,4.63789,0.273333
0.0288,18.034,18.034,4.64575,83.7817,85.0695,24.3197,4.64575,0.275
0.029,18.0909,18.0909,4.62498,83.6701,85.0695,24.3181,4.62498,0.273333
0.0292,18.1399,18.1399,4.61266,83.6731,85.0695,24.3173,4.61266,0.271667
0.0294,18.0853,18.0853,4.63789,83.8775,85.0695,24.3191,4.63789,0.273333
0.0296,18.034,18.034,4.64575,83.7817,85.0695,24.3197,4.64575,0.275
0.0298,18.0909,18.0909,4.62498,83.6701,85.0695,24.3181,4.62498,0.273333
0.03,18.1399,18.1399,4.61266,83.6731,85.0695,24.3173,4.61266,0.271667
0.0302,18.0853,18.0853,4.63789,83.8775,85.0695,24.3191,4.63789,0.273333
0.0304,18.034,18.034,4.64575,83.7817,85.0695,24.3197,4.64575,0.275
0.0306,18.0909,18.0909,4.62498,83.6701,85.0695,24.3181,4.62498,0.273333
0.0308,18.1399,18.1399,4.61266,83.6731,85.0695,24.3173,4.61266,0.271667
0.031,18.0853,18.0853,4.63789,83.8775,85.0695,24.3191,4.63789,0.273333
0.0312,18.034,18.034,4.64575,83.7817,85.0695,24.3197,4.64575,0.275
0.0314,18.0909,18.0909,4.62498,83.6701,85.0695,24.3181,4.62498,0.273333
0.0316,18.1399,18.1399,4.61266,83.6731,85.0695,24.3173,4.61266,0.271667
0.0318,18.0853,18.0853,4.63789,83.8775,85.0695,24.3191,4.63789,0.273333
0.032,18.034,18.034,4.64575,83.7817,85.0695,24.3197,4.64575,0.275
0.0322,18.0909,18.0909,4.62498,83.6701,85.0695,24.3181,4.62498,0.273333
0.0324,18.1399,18.1399,4.61266,83.6731,85.0695,24.3173,4.61266,0.271667
0.0326,18.0853,18.0853,4.63789,83.8775,85.0695,24.3191,4.63789,0.273333
0.0328,18.034,18.034,4.64575,83.7817,85.0695,24.3197,4.64575,0.275
0.033,18.0909,18.0909,4.62498,83.6701,85.0695,24.3181,4.62498,0.273333
0.0332,18.1399,18.1399,4.61266,83.6731,85.0695,24.3173,4.61266,0.271667
0.0334,18.0853,18.0853,4.63789,83.8775,85.0695,24.3191,4.63789,0.273333
0.0336,18.034,18.034,4.64575,83.7817,85.0695,24.3197,4.64575,0.275
0.0338,18.0909,18.0909,4.62498,83.6701,85.0695,24.3181,4.62498,0.273333
0.034,18.1399,18.1399,4.61266,83.6731,85.0695,24.3173,4.61266,0.271667
0.0342,18.0853,18.0853,4.63789,83.8775,85.0695,24.3191,4.63789,0.273333
0.0344,18.034,18.034,4.64575,83.7817,85.0695,24.3197,4.64575,0.275
0.0346,18.0909,18.0909,4.62498,83.6701,85.0695,24.3181,4.62498,0.273333
0.0348,18.1399,18.1399,4.61266,83.6731,85.0695,24.3173,4.61266,0.271667
0.035,18.0853,18.0853,4.63789,83.8775,85.0695,24.3191,4.63789,0.273333
0.0352,18.034,18.034,4.64575,83.7817,85.0695,24.3197,4.64575,0.275
0.0354,18.0909,18.0909,4.62498,83.6701,85.0695,24.3181,4.62498,0.273333
0.0356,18.1399,18.1399,4.61266,83.6731,85.0695,24.3173,4.61266,0.271667
0.0358,18.0853,18.0853,4.63789,83.8775,85.0695,24.3191,4.63789,0.273333
0.036,18.034,18.034,4.64575,83.7817,85.0695,24.3197,4.64575,0.275
0.0362,18.0909,18.0909,4.62498,83.6701,85.0695,24.3181,4.62498,0.273333
0.0364,18.1399,18.1399,4.61266,83.6731,85.0695,24.3173,4.61266,0.271667
0.0366,18.0853,18.0853,4.63789,83.8775,85.0695,24.3191,4.63789,0.273333
0.0368,18.034,18.034,4.64575,83.7817,85.0695,24.3197,4.64575,0.275
0.037,18.0909,18.0909,4.62498,83.6701,85.0695,24.3181,4.62498,0.273333
0.0372,18.1399,18.1399,4.61266,83.6731,85.0695,24.3173,4.61266,0.271667
0.0374,18.0853,18.0853,4.63789,83.8775,85.0695,24.3191,4.63789,0.273333
0.0376,18.034,18.034,4.64575,83.7817,85.0695,24.3197,4.64575,0.275
0.0378,18.0909,18.0909,4.62498,83.6701,85.0695,24.3181,4.62498,0.273333
0.038,18.1399,18.1399,4.61266,83.6731,85.0695,24.3173,4.61266,0.271667
0.0382,18.0853,18.0853,4.63789,83.8775,85.0695,24.3191,4.63789,0.273333
0.0384,18.034,18.034,4.64575,83.7817,85.0695,24.3197,4.64575,0.275
0.0386,18.0909,18.0909,4.62498,83.6701,85.0695,24.3181,4.62498,0.273333
0.0388,18.1399,18.1399,4.61266,83.6731,85.0695,24.3173,4.61266,0.271667
0.039,18.0853,18.0853,4.63789,83.8775,85.0695,24.3191,4.63789,0.273333
0.0392,18.034,18.034,4.64575,83.7817,85.0695,24.3197,4.64575,0.275
0.0394,18.0909,18.0909,4.62498,83.6701,85.0695,24.3181,4.62498,0.273333
0.0396,18.1399,18.1399,4.61266,83.6731,85.0695,24.3173,4.61266,0.271667
0.0398,18.0853,18.0853,4.63789,83.8775,85.0695,24.3191,4.63789,0.273333
0.04,18.034,18.034,4.64575,83.7817,85.0695,24.3197,4.64575,0.275
0.0402,18.0909,18.0909,4.62498,83.6701,85.0695,24.3181,4.62498,0.273333
0.0404,18.1399,18.1399,4.61266,83.6731,85.0695,24.3173,4.61266,0.271667
0.0406,18.0853,18.0853,4.63789,83.8775,85.0695,24.3191,4.63789,0.273333
0.0408,18.034,18.034,4.64575,83.7817,85.0695,24.3197,4.64575,0.275
0.041,18.0909,18.0909,4.62498,83.6701,85.0695,24.3181,4.62498,0.273333
0.0412,18.1399,18.1399,4.61266,83.6731,85.0695,24.3173,4.61266,0.271667
0.0414,18.0853,18.0853,4.63789,83.8775,85.0695,24.3191,4.63789,0.273333
0.0416,18.034,18.034,4.64575,83.7817,85.0695,24.3197,4.64575,0.275
0.0418,18.0909,18.0909,4.62498,83.6701,85.0695,24.3181,4.62498,0.273333
0.042,18.1399,18.1399,4.61266,83.6731,85.0695,24.3173,4.61266,0.271667
0.0422,18.0853,18.0853,4.63789,83.8775,85.0695,24.3191,4.63789,0.273333
0.0424,18.034,18.034,4.64575,83.7817,85.0695,24.3197,4.64575,0.275
0.0426,18.0909,18.0909,4.62498,83.6701,85.0695,24.3181,4.62498,0.273333
0.0428,18.1399,18.1399,4.61266,83.6731,85.0695,24.3173,4.61266,0.271667
0.043,18.0853,18.0853,4.63789,83.8775,85.0695,24.3191,4.63789,0.273333
0.0432,18.034,18.034,4.64575,83.7817,85.0695,24.3197,4.64575,0.275
0.0434,18.0909,18.0909,4.62498,83.6701,85.0695,24.3181,4.62498,0.273333
0.0436,18.1399,18.1399,4.61266,83.6731,85.0695,24.3173,4.61266,0.271667
0.0438,18.0853,18.0853,4.63789,83.8775,85.0695,24.3191,4.63789,0.273333
0.044,18.034,18.034,4.64575,83.7817,85.0695,24.3197,4.64575,0.275
0.0442,18.0909,18.0909,4.62498,83.6701,85.0695,24.3181,4.62498,0.273333
0.0444,18.1399,18.1399,4.61266,83.6731,85.0695,24.3173,4.61266,0.271667
0.0446,18.0853,18.0853,4.63789,83.8775,85.0695,24.3191,4.63789,0.273333
0.0448,18.034,18.034,4.64575,83.7817,85.0695,24.3197,4.64575,0.275
0.045,18.0909,18.0909,4.62498,83.6701,85.0695,24.3181,4.62498,0.273333
0.0452,18.1399,18.1399,4.61266,83.6731,85.0695,24.3173,4.61266,0.271667
0.0454,18.0853,18.0853,4.63789,83.8775,85.0695,24.3191,4.63789,0.273333
0.0456,18.034,18.034,4.64575,83.7817,85.0695,24.3197,4.64575,0.275
0.0458,18.0909,18.0909,4.62498,83.6701,85.0695,24.3181,4.62498,0.273333
0.046,18.1399,18.1399,4.61266,83.6731,85.0695,24.3173,4.61266,0.271667
0.0462,18.0853,18.0853,4.63789,83.8775,85.0695,24.3191,4.63789,0.273333
0.0464,18.034,18.034,4.64575,83.7817,85.0695,24.3197,4.64575,0.275
0.0466,18.0909,18.0909,4.62498,83.6701,85.0695,24.3181,4.62498,0.273333
0.0468,18.1399,18.1399,4.61266,83.6731,85.0695,24.3173,4.61266,0.271667
0.047,18.0853,18.0853,4.63789,83.8775,85.0695,24.3191,4.63789,0.273333
0.0472,18.034,18.034,4.64575,83.7817,85.0695,24.3197,4.64575,0.275
0.0474,18.0909,18.0909,4.62498,83.6701,85.0695,24.3181,4.62498,0.273333
0.0476,18.1399,18.1399,4.61266,83.6731,85.0695,24.3173,4.61266,0.271667
0.0478,18.0853,18.0853,4.63789,83.8775,85.0695,24.3191,4.63789,0.273333
0.048,18.034,18.034,4.64575,83.7817,85.0695,24.3197,4.64575,0.275
0.0482,18.0909,18.0909,4.62498,83.6701,85.0695,24.3181,4.62498,0.273333
0.0484,18.1399,18.1399,4.61266,83.6731,85.0695,24.3173,4.61266,0.271667
0.0486,18.0853,18.0853,4.63789,83.8775,85.0695,24.3191,4.63789,0.273333
0.0488,18.034,18.034,4.64575,83.7817,85.0695,24.3197,4.64575,0.275
0.049,18.0909,18.0909,4.62498,83.6701,85.0695,24.3181,4.62498,0.273333
0.0492,18.1399,18.1399,4.61266,83.6731,85.0695,24.3173,4.61266,0.271667
0.0494,18.0853,18.0853,4.63789,83.8775,85.0695,24.3191,4.63789,0.273333
0.0496,18.034,18.034,4.64575,83.7817,85.0695,24.3197,4.64575,0.275
0.0498,18.0909,18.0909,4.62498,83.6701,85.0695,24.3181,4.62498,0.273333
0.05,18.1399,18.1399,4.61266,83.6731,85.0695,24.3173,4.61266,0.271667
0.0502,18.0853,18.0853,4.63789,83.8775,85.0695,24.3191,4.63789,0.273333
0.0504,18.034,18.034,4.64575,83.7817,85.0695,24.3197,4.64575,0.275
0.0506,18.0909,18.0909,4.62498,83.6701,85.0695,24.3181,4.62498,0.273333
0.0508,18.1399,18.1399,4.61266,83.6731,85.0695,24.3173,4.61266,0.271667
0.051,18.0853,18.0853,4.63789,83.8775,85.0695,24.3191,4.63789,0.273333
0.0512,18.034,18.034,4.64575,83.7817,85.0695,24.3197,4.64575,0.275
0.0514,18.0909,18.0909,4.62498,83.6701,85.0695,24.3181,4.62498,0.273333
0.0516,18.1399,18.1399,4.61266,83.6731,85.0695,24.3173,4.61266,0.271667
0.0518,18.0853,18.0853,4.63789,83.8775,85.0695,24.3191,4.63789,0.273333
0.052,18.034,18.034,4.64575,83.7817,85.0695,24.3197,4.64575,0.275
0.0522,18.0909,18.0909,4.62498,83.6701,85.0695,24.3181,4.62498,0.273333
0.0524,18.1399,18.1399,4.61266,83.6731,85.0695,24.3173,4.61266,0.271667
0.0526,18.0853,18.0853,4.63789,83.8775,85.0695,24.3191,4.63789,0.273333
0.0528,18.034,18.034,4.64575,83.7817,85.0695,24.3197,4.64575,0.275
0.053,18.0909,18.0909,4.62498,83.6701,85.0695,24.3181,4.62498,0.273333
0.0532,18.1399,18.1399,4.61266,83.6731,85.0695,24.3173,4.61266,0.271667
0.0534,18.0853,18.0853,4.63789,83.8775,85.0695,24.3191,4.63789,0.273333
0.0536,18.034,18.034,4.64575,83.7817,85.0695,24.3197,4.64575,0.275
0.0538,18.0909,18.0909,4.62498,83.6701,85.0695,24.3181,4.62498,0.273333
0.054,18.1399,18.1399,4.61266,83.6731,85.0695,24.3173,4.61266,0.271667
0.0542,18.0853,18.0853,4.63789,83.8775,85.0695,24.3191,4.63789,0.273333
0.0544,18.034,18.034,4.64575,83.7817,85.0695,24.3197,4.64575,0.275
0.0546,18.0909,18.0909,4.62498,83.6701,85.0695,24.3181,4.62498,0.273333
0.0548,18.1399,18.1399,4.61266,83.6731,85.0695,24.3173,4.61266,0.271667
0.055,18.0853,18.0853,4.63789,83.8775,85.0695,24.3191,4.63789,0.273333
0.0552,18.034,18.034,4.64575,83.7817,85.0695,24.3197,4.64575,0.275
0.0554,18.0909,18.0909,4.62498,83.6701,85.0695,24.3181,4.62498,0.273333
0.0556,18.1399,18.1399,4.61266,83.6731,85.0695,24.3173,4.61266,0.271667
0.0558,18.0853,18.0853,4.63789,83.8775,85.0695,24.3191,4.63789,0.273333
0.056,18.034,18.034,4.64575,83.7817,85.0695,24.3197,4.64575,0.275
0.0562,18.0909,18.0909,4.62498,83.6701,85.0695,24.3181,4.62498,0.273333
0.0564,18.1399,18.1399,4.61266,83.6731,85.0695,24.3173,4.61266,0.271667
0.0566,18.0853,18.0853,4.63789,83.8775,85.0695,24.3191,4.63789,0.273333
0.0568,18.034,18.034,4.64575,83.7817,85.0695,24.3197,4.64575,0.275
0.057,18.0909,18.0909,4.62498,83.6701,85.0695,24.3181,4.62498,0.273333
0.0572,18.1399,18.1399,4.61266,83.6731,85.0695,24.3173,4.61266,0.271667
0.0574,18.0853,18.0853,4.63789,83.8775,85.0695,24.3191,4.63789,0.273333
0.0576,18.034,18.034,4.64575,83.7817,85.0695,24.3197,4.64575,0.275
0.0578,18.0909,18.0909,4.62498,83.6701,85.0695,24.3181,4.62498,0.273333
0.058,18.1399,18.1399,4.61266,83.6731,85.0695,24.3173,4.61266,0.271667
0.0582,18.0853,18.0853,4.63789,83.8775,85.0695,24.3191,4.63789,0.273333
0.0584,18.034,18.034,4.64575,83.7817,85.0695,24.3197,4.64575,0.275
0.0586,18.0909,18.0909,4.62498,83.6701,85.0695,24.3181,4.62498,0.273333
0.0588,18.1399,18.1399,4.61266,83.6731,85.0695,24.3173,4.61266,0.271667
0.059,18.0853,18.0853,4.63789,83.8775,85.0695,24.3191,4.63789,0.273333
0.0592,18.034,18.034,4.64575,83.7817,85.0695,24.3197,4.64575,0.275
0.0594,18.0909,18.0909,4.62498,83.6701,85.0695,24.3181,4.62498,0.273333
0.0596,18.1399,18.1399,4.61266,83.6731,85.0695,24.3173,4.61266,0.271667
0.0598,18.0853,18.0853,4.63789,83.8775,85.0695,24.3191,4.63789,0.273333
0.06,18.034,18.034,4.64575,83.7817,85.0695,24.3197,4.64575,0.275
0.0602,18.0909,18.0909,4.62498,83.6701,85.0695,24.3181,4.62498,0.273333
0.0604,18.1399,18.1399,4.61266,83.6731,85.0695,24.3173,4.61266,0.271667
0.0606,18.0853,18.0853,4.63789,83.8775,85.0695,24.3191,4.63789,0.273333
0.0608,18.034,18.034,4.64575,83.7817,85.0695,24.3197,4.64575,0.275
0.061,18.0909,18.0909,4.62498,83.6701,85.0695,24.3181,4.62498,0.273333
0.0612,18.1399,18.1399,4.61266,83.6731,85.0695,24.3173,4.61266,0.271667
0.0614,18.0853,18.0853,4.63789,83.8775,85.0695,24.3191,4.63789,0.273333
0.0616,18.034,18.034,4.64575,83.7817,85.0695,24.3197,4.64575,0.275
0.0618,18.0909,18.0909,4.62498,83.6701,85.0695,24.3181,4.62498,0.273333
0.062,18.1399,18.1399,4.61266,83.6731,85.0695,24.3173,4.61266,0.271667
0.0622,18.0853,18.0853,4.63789,83.8775,85.0695,24.3191,4.63789,0.273333
0.0624,18.034,18.034,4.64575,83.7817,85.0695,24.3197,4.64575,0.275
0.0626,18.0909,18.0909,4.62498,83.6701,85.0695,24.3181,4.62498,0.273333
0.0628,18.1399,18.1399,4.61266,83.6731,85.0695,24.3173,4.61266,0.271667
0.063,18.0853,18.0853,4.63789,83.8775,85.0695,24.3191,4.63789,0.273333
0.0632,18.034,18.034,4.64575,83.7817,85.0695,24.3197,4.64575,0.275
0.0634,18.0909,18.0909,4.62498,83.6701,85.0695,24.3181,4.62498,0.273333
0.0636,18.1399,18.1399,4.61266,83.6731,85.0695,24.3173,4.61266,0.271667
0.0638,18.0853,18.0853,4.63789,83.8775,85.0695,24.3191,4.63789,0.273333
0.064,18.034,18.034,4.64575,83.7817,85.0695,24.3197,4.64575,0.275
0.0642,18.0909,18.0909,4.62498,83.6701,85.0695,24.3181,4.62498,0.273333
0.0644,18.1399,18.1399,4.61266,83.6731,85.0695,24.3173,4.61266,0.271667
0.0646,18.0853,18.0853,4.63789,83.8775,85.0695,24.3191,4.63789,0.273333
0.0648,18.034,18.034,4.64575,83.7817,85.0695,24.3197,4.64575,0.275
0.065,18.0909,18.0909,4.62498,83.6701,85.0695,24.3181,4.62498,0.273333
0.0652,18.1399,18.1399,4.61266,83.6731,85.0695,24.3173,4.61266,0.271667
0.0654,18.0853,18.0853,4.63789,83.8775,85.0695,24.3191,4.63789,0.273333
0.0656,18.034,18.034,4.64575,83.7817,85.0695,24.3197,4.64575,0.275
0.0658,18.0909,18.0909,4.62498,83.6701,85.0695,24.3181,4.62498,0.273333
0.066,18.1399,18.1399,4.61266,83.6731,85.0695,24.3173,4.61266,0.271667
0.0662,18.0853,18.0853,4.63789,83.8775,85.0695,24.3191,4.63789,0.273333
0.0664,18.034,18.034,4.64575,83.7817,85.0695,24.3197,4.64575,0.275
0.0666,18.0909,18.0909,4.62498,83.6701,85.0695,24.3181,4.62498,0.273333
0.0668,18.1399,18.1399,4.61266,83.6731,85.0695,24.3173,4.61266,0.271667
0.067,18.0853,18.0853,4.63789,83.8775,85.0695,24.3191,4.63789,0.273333
0.0672,18.034,18.034,4.64575,83.7817,85.0695,24.3197,4.64575,0.275
0.0674,18.0909,18.0909,4.62498,83.6701,85.0695,24.3181,4.62498,0.273333
0.0676,18.1399,18.1399,4.61266,83.6731,85.0695,24.3173,4.61266,0.271667
0.0678,18.0853,18.0853,4.63789,83.8775,85.0695,24.3191,4.63789,0.273333
0.068,18.034,18.034,4.64575,83.7817,85.0695,24.3197,4.64575,0.275
0.0682,18.0909,18.0909,4.62498,83.6701,85.0695,24.3181,4.62498,0.273333
0.0684,18.1399,18.1399,4.61266,83.6731,85.0695,24.3173,4.61266,0.271667
0.0686,18.0853,18.0853,4.63789,83.8775,85.0695,24.3191,4.63789,0.273333
0.0688,18.034,18.034,4.64575,83.7817,85.0695,24.3197,4.64575,0.275
0.069,18.0909,18.0909,4.62498,83.6701,85.0695,24.3181,4.62498,0.273333
0.0692,18.1399,18.1399,4.61266,83.6731,85.0695,24.3173,4.61266,0.271667
0.0694,18.0853,18.0853,4.63789,83.8775,85.0695,24.3191,4.63789,0.273333
0.0696,18.034,18.034,4.64575,83.7817,85.0695,24.3197,4.64575,0.275
0.0698,18.0909,18.0909,4.62498,83.6701,85.0695,24.3181,4.62498,0.273333
0.07,18.1399,18.1399,4.61266,83.6731,85.0695,24.3173,4.61266,0.271667
0.0702,18.0853,18.0853,4.63789,83.8775,85.0695,24.3191,4.63789,0.273333
0.0704,18.034,18.034,4.64575,83.7817,85.0695,24.3197,4.64575,0.275
0.0706,18.0909,18.0909,4.62498,83.6701,85.0695,24.3181,4.62498,0.273333
0.0708,18.1399,18.1399,4.61266,83.6731,85.0695,24.3173,4.61266,0.271667
0.071,18.0853,18.0853,4.63789,83.8775,85.0695,24.3191,4.63789,0.273333
0.0712,18.034,18.034,4.64575,83.7817,85.0695,24.3197,4.64575,0.275
0.0714,18.0909,18.0909,4.62498,83.6701,85.0695,24.3181,4.62498,0.273333
0.0716,18.1399,18.1399,4.61266,83.6731,85.0695,24.3173,4.61266,0.271667
0.0718,18.0853,18.0853,4.63789,83.8775,85.0695,24.3191,4.63789,0.273333
0.072,18.0341,18.0341,4.64576,83.7818,85.0695,24.3197,4.64576,0.275
0.0722,18.0887,18.0887,4.62912,83.7349,85.0695,24.3137,4.62912,0.273333
0.0724,18.1309,18.1309,4.61631,83.6977,85.0695,24.3161,4.61631,0.271667
0.0726,18.0986,18.0986,4.63406,83.87,85.0695,24.3186,4.63406,0.273333
0.0728,18.0385,18.0385,4.64802,83.8432,85.0695,24.3177,4.64802,0.275
0.073,18.0939,18.0939,4.62612,83.7045,85.0695,24.312,4.62612,0.273333
0.0732,18.1357,18.1357,4.61588,83.7123,85.0695,24.317,4.61588,0.271667
0.0734,18.0967,18.0967,4.63666,83.908,85.0695,24.3183,4.63666,0.273333
0.0736,18.0297,18.0297,4.64648,83.7747,85.0695,24.3182,4.64648,0.275
0.0738,18.0918,18.0918,4.62695,83.7099,85.0695,24.313,4.62695,0.273333
0.074,18.1395,18.1395,4.61389,83.6936,85.0695,24.3138,4.61389,0.271667
0.0742,18.0965,18.0965,4.63606,83.8963,85.0695,24.3158,4.63606,0.273333
0.0744,18.0346,18.0346,4.6465,83.7977,85.0695,24.3195,4.6465,0.275
0.0746,18.0916,18.0916,4.62631,83.6974,85.0695,24.3145,4.62631,0.273333
0.0748,18.1356,18.1356,4.61618,83.7173,85.0695,24.317,4.61618,0.271667
0.075,18.101,18.101,4.63293,83.8606,85.0695,24.3148,4.63293,0.273333
0.0752,18.0483,18.0483,4.64481,83.8311,85.0695,24.3157,4.64481,0.275
0.0754,18.0899,18.0899,4.62611,83.686,85.0695,24.3144,4.62611,0.273333
0.0756,18.1427,18.1427,4.61362,83.7033,85.0695,24.3159,4.61362,0.271667
0.0758,18.0814,18.0814,4.63779,83.8577,85.0695,24.3153,4.63779,0.273333
0.076,18.0292,18.0292,4.64566,83.7577,85.0695,24.3195,4.64566,0.275
0.0762,18.0962,18.0962,4.62435,83.683,85.0695,24.3156,4.62435,0.273333
0.0764,18.1369,18.1369,4.61472,83.6969,85.0695,24.3155,4.61472,0.271667
0.0766,18.0963,18.0963,4.63588,83.8921,85.0695,24.3158,4.63588,0.273333
0.0768,18.0414,18.0414,4.64563,83.8138,85.0695,24.3165,4.64563,0.275
0.077,18.0923,18.0923,4.62537,83.6835,85.0695,24.3146,4.62537,0.273333
0.0772,18.1276,18.1276,4.62124,83.772,85.0695,24.3172,4.62124,0.271667
0.0774,18.0772,18.0772,4.63616,83.8087,85.0695,24.3141,4.63616,0.273333
0.0776,18.0498,18.0498,4.64209,83.7891,85.0695,24.3156,4.64209,0.275
0.0778,18.0957,18.0957,4.6272,83.7322,85.0695,24.3148,4.6272,0.273333
0.078,18.1313,18.1313,4.61773,83.7252,85.0695,24.3169,4.61773,0.271667
0.0782,18.0939,18.0939,4.63509,83.8668,85.0695,24.3159,4.63509,0.273333
0.0784,18.0371,18.0371,4.64796,83.8356,85.0695,24.3161,4.64796,0.275
0.0786,18.0795,18.0795,4.62903,83.6907,85.0695,24.3144,4.62903,0.273333
0.0788,18.1357,18.1357,4.61778,83.7466,85.0695,24.314,4.61778,0.271667
0.079,18.0966,18.0966,4.63554,83.8875,85.0695,24.3149,4.63554,0.273333
0.0792,18.0417,18.0417,4.64491,83.8021,85.0695,24.3161,4.64491,0.275
0.0794,18.0863,18.0863,4.62779,83.6996,85.0695,24.3135,4.62779,0.273333
0.0796,18.1401,18.1401,4.61382,83.6953,85.0695,24.3138,4.61382,0.271667
0.0798,18.0964,18.0964,4.63611,83.8967,85.0695,24.3158,4.63611,0.273333
0.08,18.0348,18.0348,4.64619,83.793,85.0695,24.3195,4.64619,0.275
0.0802,18.088,18.088,4.62917,83.7325,85.0695,24.3137,4.62917,0.273333
0.0804,18.131,18.131,4.61625,83.6973,85.0695,24.3161,4.61625,0.271667
0.0806,18.0942,18.0942,4.63607,83.8859,85.0695,24.3175,4.63607,0.273333
0.0808,18.0318,18.0318,4.64709,83.7954,85.0695,24.316,4.64709,0.275
0.081,18.0812,18.0812,4.62896,83.6972,85.0695,24.3144,4.62896,0.273333
0.0812,18.1345,18.1345,4.61805,83.746,85.0695,24.314,4.61805,0.271667
0.0814,18.0922,18.0922,4.63172,83.798,85.0695,24.3151,4.63172,0.273333
0.0816,18.0378,18.0378,4.64761,83.833,85.0695,24.3166,4.64761,0.275
0.0818,18.0942,18.0942,4.62445,83.6757,85.0695,24.3143,4.62445,0.273333
0.082,18.1372,18.1372,4.61458,83.6957,85.0695,24.3155,4.61458,0.271667
0.0822,18.0964,18.0964,4.63589,83.8929,85.0695,24.3158,4.63589,0.273333
0.0824,18.04,18.04,4.64416,83.7805,85.0695,24.3193,4.64416,0.275
0.0826,18.0895,18.0895,4.6278,83.7144,85.0695,24.3171,4.6278,0.273333
0.0828,18.1348,18.1348,4.61666,83.7221,85.0695,24.3134,4.61666,0.271667
0.083,18.0867,18.0867,4.63489,83.8297,85.0695,24.3181,4.63489,0.273333
0.0832,18.0326,18.0326,4.64774,83.8109,85.0695,24.3182,4.64774,0.275
0.0834,18.0803,18.0803,4.62903,83.6943,85.0695,24.3144,4.62903,0.273333
0.0836,18.1327,18.1327,4.61955,83.7651,85.0695,24.3116,4.61955,0.271667
0.0838,18.0799,18.0799,4.63787,83.8522,85.0695,24.3178,4.63787,0.273333
0.084,18.0394,18.0394,4.64641,83.8182,85.0695,24.316,4.64641,0.275
0.0842,18.0903,18.0903,4.6252,83.671,85.0695,24.3153,4.6252,0.273333
0.0844,18.1389,18.1389,4.61388,83.6907,85.0695,24.3155,4.61388,0.271667
0.0846,18.098,18.098,4.63261,83.841,85.0695,24.315,4.63261,0.273333
0.0848,18.0367,18.0367,4.64801,83.8346,85.0695,24.3134,4.64801,0.275
0.085,18.0749,18.0749,4.6261,83.6162,85.0695,24.3145,4.6261,0.273333
0.0852,18.1442,18.1442,4.61666,83.7656,85.0695,24.3141,4.61666,0.271667
0.0854,18.0967,18.0967,4.63632,83.9021,85.0695,24.3182,4.63632,0.273333
0.0856,18.0288,18.0288,4.64825,83.8022,85.0695,24.3182,4.64825,0.275
0.0858,18.0541,18.0541,4.63039,83.5978,85.0695,24.3149,4.63039,0.273333
0.086,18.1327,18.1327,4.61532,83.688,85.0695,24.3139,4.61532,0.271667
0.0862,18.177,18.177,4.60789,83.7579,85.0695,24.3134,4.60789,0.27
0.0864,18.1257,18.1257,4.62348,83.804,85.0695,24.3166,4.62348,0.271667
0.0866,18.0828,18.0828,4.63338,83.7845,85.0695,24.3152,4.63338,0.273333
0.0868,18.0493,18.0493,4.64264,83.7964,85.0695,24.3194,4.64264,0.275
0.087,18.0939,18.0939,4.62812,83.741,85.0695,24.3143,4.62812,0.273333
0.0872,18.1385,18.1385,4.61421,83.6949,85.0695,24.3138,4.61421,0.271667
0.0874,18.0936,18.0936,4.63337,83.8343,85.0695,24.3149,4.63337,0.273333
0.0876,18.0447,18.0447,4.64597,83.835,85.0695,24.3176,4.64597,0.275
0.0878,18.0897,18.0897,4.62581,83.6797,85.0695,24.3144,4.62581,0.273333
0.088,18.1353,18.1353,4.6184,83.7561,85.0695,24.3156,4.6184,0.271667
0.0882,18.0936,18.0936,4.63583,83.8787,85.0695,24.3154,4.63583,0.273333
0.0884,18.0408,18.0408,4.64395,83.7805,85.0695,24.3193,4.64395,0.275
0.0886,18.0866,18.0866,4.6293,83.7282,85.0695,24.3147,4.6293,0.273333
0.0888,18.1313,18.1313,4.61614,83.6966,85.0695,24.3161,4.61614,0.271667
0.089,18.0973,18.0973,4.63318,83.8482,85.0695,24.3149,4.63318,0.273333
0.0892,18.0476,18.0476,4.64313,83.7976,85.0695,24.3193,4.64313,0.275
0.0894,18.0938,18.0938,4.62799,83.7381,85.0695,24.3143,4.62799,0.273333
0.0896,18.1379,18.1379,4.61439,83.6954,85.0695,24.3138,4.61439,0.271667
0.0898,18.0935,18.0935,4.63333,83.8333,85.0695,24.3149,4.63333,0.273333
0.09,18.0447,18.0447,4.64596,83.8352,85.0695,24.3176,4.64596,0.275
0.0902,18.0897,18.0897,4.62582,83.6798,85.0695,24.3144,4.62582,0.273333
0.0904,18.1353,18.1353,4.6184,83.7561,85.0695,24.3156,4.6184,0.271667
0.0906,18.0936,18.0936,4.63583,83.8787,85.0695,24.3154,4.63583,0.273333
0.0908,18.0408,18.0408,4.64395,83.7805,85.0695,24.3193,4.64395,0.275
0.091,18.0866,18.0866,4.6293,83.7282,85.0695,24.3147,4.6293,0.273333
0.0912,18.1313,18.1313,4.61614,83.6966,85.0695,24.3161,4.61614,0.271667
0.0914,18.0973,18.0973,4.63318,83.8482,85.0695,24.3149,4.63318,0.273333
0.0916,18.0476,18.0476,4.64313,83.7976,85.0695,24.3193,4.64313,0.275
0.0918,18.0938,18.0938,4.62799,83.7381,85.0695,24.3143,4.62799,0.273333
0.092,18.1379,18.1379,4.61439,83.6954,85.0695,24.3138,4.61439,0.271667
0.0922,18.0935,18.0935,4.63333,83.8333,85.0695,24.3149,4.63333,0.273333
0.0924,18.0447,18.0447,4.64596,83.8352,85.0695,24.3176,4.64596,0.275
0.0926,18.0897,18.0897,4.62582,83.6798,85.0695,24.3144,4.62582,0.273333
0.0928,18.1353,18.1353,4.6184,83.7561,85.0695,24.3156,4.6184,0.271667
0.093,18.0936,18.0936,4.63583,83.8787,85.0695,24.3154,4.63583,0.273333
0.0932,18.0408,18.0408,4.64395,83.7805,85.0695,24.3193,4.64395,0.275
0.0934,18.0866,18.0866,4.6293,83.7282,85.0695,24.3147,4.6293,0.273333
0.0936,18.1313,18.1313,4.61614,83.6966,85.0695,24.3161,4.61614,0.271667
0.0938,18.0973,18.0973,4.63318,83.8482,85.0695,24.3149,4.63318,0.273333
0.094,18.0476,18.0476,4.64313,83.7976,85.0695,24.3193,4.64313,0.275
0.0942,18.0938,18.0938,4.62799,83.7381,85.0695,24.3143,4.62799,0.273333
0.0944,18.1379,18.1379,4.61439,83.6954,85.0695,24.3138,4.61439,0.271667
0.0946,18.0935,18.0935,4.63333,83.8333,85.0695,24.3149,4.63333,0.273333
0.0948,18.0447,18.0447,4.64596,83.8352,85.0695,24.3176,4.64596,0.275
0.095,18.0897,18.0897,4.62582,83.6798,85.0695,24.3144,4.62582,0.273333
0.0952,18.1353,18.1353,4.6184,83.7561,85.0695,24.3156,4.6184,0.271667
0.0954,18.0936,18.0936,4.63583,83.8787,85.0695,24.3154,4.63583,0.273333
0.0956,18.0408,18.0408,4.64395,83.7805,85.0695,24.3193,4.64395,0.275
0.0958,18.0866,18.0866,4.6293,83.7282,85.0695,24.3147,4.6293,0.273333
0.096,18.1313,18.1313,4.61614,83.6966,85.0695,24.3161,4.61614,0.271667
0.0962,18.0973,18.0973,4.63318,83.8482,85.0695,24.3149,4.63318,0.273333
0.0964,18.0476,18.0476,4.64313,83.7976,85.0695,24.3193,4.64313,0.275
0.0966,18.0938,18.0938,4.62799,83.7381,85.0695,24.3143,4.62799,0.273333
0.0968,18.1379,18.1379,4.61439,83.6954,85.0695,24.3138,4.61439,0.271667
0.097,18.0935,18.0935,4.63333,83.8333,85.0695,24.3149,4.63333,0.273333
0.0972,18.0447,18.0447,4.64596,83.8352,85.0695,24.3176,4.64596,0.275
0.0974,18.0897,18.0897,4.62582,83.6798,85.0695,24.3144,4.62582,0.273333
0.0976,18.1353,18.1353,4.6184,83.7561,85.0695,24.3156,4.6184,0.271667
0.0978,18.0936,18.0936,4.63583,83.8787,85.0695,24.3154,4.63583,0.273333
0.098,18.0408,18.0408,4.64395,83.7805,85.0695,24.3193,4.64395,0.275
0.0982,18.0866,18.0866,4.6293,83.7282,85.0695,24.3147,4.6293,0.273333
0.0984,18.1313,18.1313,4.61614,83.6966,85.0695,24.3161,4.61614,0.271667
0.0986,18.0973,18.0973,4.63318,83.8482,85.0695,24.3149,4.63318,0.273333
0.0988,18.0476,18.0476,4.64313,83.7976,85.0695,24.3193,4.64313,0.275
0.099,18.0938,18.0938,4.62799,83.7381,85.0695,24.3143,4.62799,0.273333
0.0992,18.1379,18.1379,4.61439,83.6954,85.0695,24.3138,4.61439,0.271667
0.0994,18.0935,18.0935,4.63333,83.8333,85.0695,24.3149,4.63333,0.273333
0.0996,18.0447,18.0447,4.64596,83.8352,85.0695,24.3176,4.64596,0.275
0.0998,18.0897,18.0897,4.62582,83.6798,85.0695,24.3144,4.62582,0.273333
0.1,18.1353,18.1353,4.6184,83.7561,85.0695,24.3156,4.6184,0.271667
0.1002,18.0936,18.0936,4.63583,83.8787,85.0695,24.3154,4.63583,0.273333
0.1004,18.0408,18.0408,4.64395,83.7805,85.0695,24.3193,4.64395,0.275
0.1006,18.0866,18.0866,4.6293,83.7282,85.0695,24.3147,4.6293,0.273333
0.1008,18.1313,18.1313,4.61614,83.6966,85.0695,24.3161,4.61614,0.271667
0.101,18.0973,18.0973,4.63318,83.8482,85.0695,24.3149,4.63318,0.273333
0.1012,18.0476,18.0476,4.64313,83.7976,85.0695,24.3193,4.64313,0.275
0.1014,18.0938,18.0938,4.62799,83.7381,85.0695,24.3143,4.62799,0.273333
0.1016,18.1379,18.1379,4.61439,83.6954,85.0695,24.3138,4.61439,0.271667
0.1018,18.0935,18.0935,4.63333,83.8333,85.0695,24.3149,4.63333,0.273333
0.102,18.0447,18.0447,4.64596,83.8352,85.0695,24.3176,4.64596,0.275
0.1022,18.0897,18.0897,4.62582,83.6798,85.0695,24.3144,4.62582,0.273333
0.1024,18.1353,18.1353,4.6184,83.7561,85.0695,24.3156,4.6184,0.271667
0.1026,18.0936,18.0936,4.63583,83.8787,85.0695,24.3154,4.63583,0.273333
0.1028,18.0408,18.0408,4.64395,83.7805,85.0695,24.3193,4.64395,0.275
0.103,18.0866,18.0866,4.6293,83.7282,85.0695,24.3147,4.6293,0.273333
0.1032,18.1313,18.1313,4.61614,83.6966,85.0695,24.3161,4.61614,0.271667
0.1034,18.0973,18.0973,4.63318,83.8482,85.0695,24.3149,4.63318,0.273333
0.1036,18.0476,18.0476,4.64313,83.7976,85.0695,24.3193,4.64313,0.275
0.1038,18.0938,18.0938,4.62799,83.7381,85.0695,24.3143,4.62799,0.273333
0.104,18.1379,18.1379,4.61439,83.6954,85.0695,24.3138,4.61439,0.271667
0.1042,18.0935,18.0935,4.63333,83.8333,85.0695,24.3149,4.63333,0.273333
0.1044,18.0447,18.0447,4.64596,83.8352,85.0695,24.3176,4.64596,0.275
0.1046,18.0897,18.0897,4.62582,83.6798,85.0695,24.3144,4.62582,0.273333
0.1048,18.1353,18.1353,4.6184,83.7561,85.0695,24.3156,4.6184,0.271667
0.105,18.0936,18.0936,4.63583,83.8787,85.0695,24.3154,4.63583,0.273333
0.1052,18.0408,18.0408,4.64395,83.7805,85.0695,24.3193,4.64395,0.275
0.1054,18.0866,18.0866,4.6293,83.7282,85.0695,24.3147,4.6293,0.273333
0.1056,18.1313,18.1313,4.61614,83.6966,85.0695,24.3161,4.61614,0.271667
0.1058,18.0973,18.0973,4.63318,83.8482,85.0695,24.3149,4.63318,0.273333
0.106,18.0476,18.0476,4.64313,83.7976,85.0695,24.3193,4.64313,0.275
0.1062,18.0938,18.0938,4.62799,83.7381,85.0695,24.3143,4.62799,0.273333
0.1064,18.1379,18.1379,4.61439,83.6954,85.0695,24.3138,4.61439,0.271667
0.1066,18.0935,18.0935,4.63333,83.8333,85.0695,24.3149,4.63333,0.273333
0.1068,18.0447,18.0447,4.64596,83.8352,85.0695,24.3176,4.64596,0.275
0.107,18.0897,18.0897,4.62582,83.6798,85.0695,24.3144,4.62582,0.273333
0.1072,18.1353,18.1353,4.6184,83.7561,85.0695,24.3156,4.6184,0.271667
0.1074,18.0936,18.0936,4.63583,83.8787,85.0695,24.3154,4.63583,0.273333
0.1076,18.0408,18.0408,4.64395,83.7805,85.0695,24.3193,4.64395,0.275
0.1078,18.0866,18.0866,4.6293,83.7282,85.0695,24.3147,4.6293,0.273333
0.108,18.1313,18.1313,4.61614,83.6966,85.0695,24.3161,4.61614,0.271667
0.1082,18.0973,18.0973,4.63318,83.8482,85.0695,24.3149,4.63318,0.273333
0.1084,18.0476,18.0476,4.64313,83.7976,85.0695,24.3193,4.64313,0.275
0.1086,18.0938,18.0938,4.62799,83.7381,85.0695,24.3143,4.62799,0.273333
0.1088,18.1379,18.1379,4.61439,83.6954,85.0695,24.3138,4.61439,0.271667
0.109,18.0935,18.0935,4.63333,83.8333,85.0695,24.3149,4.63333,0.273333
0.1092,18.0447,18.0447,4.64596,83.8352,85.0695,24.3176,4.64596,0.275
0.1094,18.0897,18.0897,4.62582,83.6798,85.0695,24.3144,4.62582,0.273333
0.1096,18.1353,18.1353,4.6184,83.7561,85.0695,24.3156,4.6184,0.271667
0.1098,18.0936,18.0936,4.63583,83.8787,85.0695,24.3154,4.63583,0.273333
0.11,18.0408,18.0408,4.64395,83.7805,85.0695,24.3193,4.64395,0.275
0.1102,18.0866,18.0866,4.6293,83.7282,85.0695,24.3147,4.6293,0.273333
0.1104,18.1313,18.1313,4.61614,83.6966,85.0695,24.3161,4.61614,0.271667
0.1106,18.0973,18.0973,4.63318,83.8482,85.0695,24.3149,4.63318,0.273333
0.1108,18.0476,18.0476,4.64313,83.7976,85.0695,24.3193,4.64313,0.275
0.111,18.0938,18.0938,4.62799,83.7381,85.0695,24.3143,4.62799,0.273333
0.1112,18.1379,18.1379,4.61439,83.6954,85.0695,24.3138,4.61439,0.271667
0.1114,18.0935,18.0935,4.63333,83.8333,85.0695,24.3149,4.63333,0.273333
0.1116,18.0447,18.0447,4.64596,83.8352,85.0695,24.3176,4.64596,0.275
0.1118,18.0897,18.0897,4.62582,83.6798,85.0695,24.3144,4.62582,0.273333
0.112,18.1353,18.1353,4.6184,83.7561,85.0695,24.3156,4.6184,0.271667
0.1122,18.0936,18.0936,4.63583,83.8787,85.0695,24.3154,4.63583,0.273333
0.1124,18.0408,18.0408,4.64395,83.7805,85.0695,24.3193,4.64395,0.275
0.1126,18.0866,18.0866,4.6293,83.7282,85.0695,24.3147,4.6293,0.273333
0.1128,18.1313,18.1313,4.61614,83.6966,85.0695,24.3161,4.61614,0.271667
0.113,18.0973,18.0973,4.63318,83.8482,85.0695,24.3149,4.63318,0.273333
0.1132,18.0476,18.0476,4.64313,83.7976,85.0695,24.3193,4.64313,0.275
0.1134,18.0938,18.0938,4.62799,83.7381,85.0695,24.3143,4.62799,0.273333
0.1136,18.1379,18.1379,4.61439,83.6954,85.0695,24.3138,4.61439,0.271667
0.1138,18.0935,18.0935,4.63333,83.8333,85.0695,24.3149,4.63333,0.273333
0.114,18.0447,18.0447,4.64596,83.8352,85.0695,24.3176,4.64596,0.275
0.1142,18.0897,18.0897,4.62582,83.6798,85.0695,24.3144,4.62582,0.273333
0.1144,18.1353,18.1353,4.6184,83.7561,85.0695,24.3156,4.6184,0.271667
0.1146,18.0936,18.0936,4.63583,83.8787,85.0695,24.3154,4.63583,0.273333
0.1148,18.0408,18.0408,4.64395,83.7805,85.0695,24.3193,4.64395,0.275
0.115,18.0866,18.0866,4.6293,83.7282,85.0695,24.3147,4.6293,0.273333
0.1152,18.1313,18.1313,4.61614,83.6966,85.0695,24.3161,4.61614,0.271667
0.1154,18.0973,18.0973,4.63318,83.8482,85.0695,24.3149,4.63318,0.273333
0.1156,18.0476,18.0476,4.64313,83.7976,85.0695,24.3193,4.64313,0.275
0.1158,18.0938,18.0938,4.62799,83.7381,85.0695,24.3143,4.62799,0.273333
0.116,18.1379,18.1379,4.61439,83.6954,85.0695,24.3138,4.61439,0.271667
0.1162,18.0935,18.0935,4.63333,83.8333,85.0695,24.3149,4.63333,0.273333
0.1164,18.0447,18.0447,4.64596,83.8352,85.0695,24.3176,4.64596,0.275
0.1166,18.0897,18.0897,4.62582,83.6798,85.0695,24.3144,4.62582,0.273333
0.1168,18.1353,18.1353,4.6184,83.7561,85.0695,24.3156,4.6184,0.271667
0.117,18.0936,18.0936,4.63583,83.8787,85.0695,24.3154,4.63583,0.273333
0.1172,18.0408,18.0408,4.64395,83.7805,85.0695,24.3193,4.64395,0.275
0.1174,18.0866,18.0866,4.6293,83.7282,85.0695,24.3147,4.6293,0.273333
0.1176,18.1313,18.1313,4.61614,83.6966,85.0695,24.3161,4.61614,0.271667
0.1178,18.0973,18.0973,4.63318,83.8482,85.0695,24.3149,4.63318,0.273333
0.118,18.0476,18.0476,4.64313,83.7976,85.0695,24.3193,4.64313,0.275
0.1182,18.0938,18.0938,4.62799,83.7381,85.0695,24.3143,4.62799,0.273333
0.1184,18.1379,18.1379,4.61439,83.6954,85.0695,24.3138,4.61439,0.271667
0.1186,18.0935,18.0935,4.63333,83.8333,85.0695,24.3149,4.63333,0.273333
0.1188,18.0447,18.0447,4.64596,83.8352,85.0695,24.3176,4.64596,0.275
0.119,18.0897,18.0897,4.62582,83.6798,85.0695,24.3144,4.62582,0.273333
0.1192,18.1353,18.1353,4.6184,83.7561,85.0695,24.3156,4.6184,0.271667
0.1194,18.0936,18.0936,4.63583,83.8787,85.0695,24.3154,4.63583,0.273333
0.1196,18.0408,18.0408,4.64395,83.7805,85.0695,24.3193,4.64395,0.275
0.1198,18.0866,18.0866,4.6293,83.7282,85.0695,24.3147,4.6293,0.273333
0.12,18.1313,18.1313,4.61614,83.6966,85.0695,24.3161,4.61614,0.271667
0.1202,18.0973,18.0973,4.63318,83.8482,85.0695,24.3149,4.63318,0.273333
0.1204,18.0476,18.0476,4.64313,83.7976,85.0695,24.3193,4.64313,0.275
0.1206,18.0938,18.0938,4.62799,83.7381,85.0695,24.3143,4.62799,0.273333
0.1208,18.1379,18.1379,4.61439,83.6954,85.0695,24.3138,4.61439,0.271667
0.121,18.0935,18.0935,4.63333,83.8333,85.0695,24.3149,4.63333,0.273333
0.1212,18.0447,18.0447,4.64596,83.8352,85.0695,24.3176,4.64596,0.275
0.1214,18.0897,18.0897,4.62582,83.6798,85.0695,24.3144,4.62582,0.273333
0.1216,18.1353,18.1353,4.6184,83.7561,85.0695,24.3156,4.6184,0.271667
0.1218,18.0936,18.0936,4.63583,83.8787,85.0695,24.3154,4.63583,0.273333
0.122,18.0408,18.0408,4.64395,83.7805,85.0695,24.3193,4.64395,0.275
0.1222,18.0866,18.0866,4.6293,83.7282,85.0695,24.3147,4.6293,0.273333
0.1224,18.1313,18.1313,4.61614,83.6966,85.0695,24.3161,4.61614,0.271667
0.1226,18.0973,18.0973,4.63318,83.8482,85.0695,24.3149,4.63318,0.273333
0.1228,18.0476,18.0476,4.64313,83.7976,85.0695,24.3193,4.64313,0.275
0.123,18.0938,18.0938,4.62799,83.7381,85.0695,24.3143,4.62799,0.273333
0.1232,18.1379,18.1379,4.61439,83.6954,85.0695,24.3138,4.61439,0.271667
0.1234,18.0935,18.0935,4.63333,83.8333,85.0695,24.3149,4.63333,0.273333
0.1236,18.0447,18.0447,4.64596,83.8352,85.0695,24.3176,4.64596,0.275
0.1238,18.0897,18.0897,4.62582,83.6798,85.0695,24.3144,4.62582,0.273333
0.124,18.1353,18.1353,4.6184,83.7561,85.0695,24.3156,4.6184,0.271667
0.1242,18.0936,18.0936,4.63583,83.8787,85.0695,24.3154,4.63583,0.273333
0.1244,18.0408,18.0408,4.64395,83.7805,85.0695,24.3193,4.64395,0.275
0.1246,18.0866,18.0866,4.6293,83.7282,85.0695,24.3147,4.6293,0.273333
0.1248,18.1313,18.1313,4.61614,83.6966,85.0695,24.3161,4.61614,0.271667
0.125,18.0973,18.0973,4.63318,83.8482,85.0695,24.3149,4.63318,0.273333
0.1252,18.0476,18.0476,4.64313,83.7976,85.0695,24.3193,4.64313,0.275
0.1254,18.0938,18.0938,4.62799,83.7381,85.0695,24.3143,4.62799,0.273333
0.1256,18.1379,18.1379,4.61439,83.6954,85.0695,24.3138,4.61439,0.271667
0.1258,18.0935,18.0935,4.63333,83.8333,85.0695,24.3149,4.63333,0.273333
0.126,18.0447,18.0447,4.64596,83.8352,85.0695,24.3176,4.64596,0.275
0.1262,18.0897,18.0897,4.62582,83.6798,85.0695,24.3144,4.62582,0.273333
0.1264,18.1353,18.1353,4.6184,83.7561,85.0695,24.3156,4.6184,0.271667
0.1266,18.0936,18.0936,4.63583,83.8787,85.0695,24.3154,4.63583,0.273333
0.1268,18.0408,18.0408,4.64395,83.7805,85.0695,24.3193,4.64395,0.275
0.127,18.0866,18.0866,4.6293,83.7282,85.0695,24.3147,4.6293,0.273333
0.1272,18.1313,18.1313,4.61614,83.6966,85.0695,24.3161,4.61614,0.271667
0.1274,18.0973,18.0973,4.63318,83.8482,85.0695,24.3149,4.63318,0.273333
0.1276,18.0476,18.0476,4.64313,83.7976,85.0695,24.3193,4.64313,0.275
0.1278,18.0938,18.0938,4.62799,83.7381,85.0695,24.3143,4.62799,0.273333
0.128,18.1379,18.1379,4.61439,83.6954,85.0695,24.3138,4.61439,0.271667
0.1282,18.0935,18.0935,4.63333,83.8333,85.0695,24.3149,4.63333,0.273333
0.1284,18.0447,18.0447,4.64596,83.8352,85.0695,24.3176,4.64596,0.275
0.1286,18.0897,18.0897,4.62582,83.6798,85.0695,24.3144,4.62582,0.273333
0.1288,18.1353,18.1353,4.6184,83.7561,85.0695,24.3156,4.6184,0.271667
0.129,18.0936,18.0936,4.63583,83.8787,85.0695,24.3154,4.63583,0.273333
0.1292,18.0408,18.0408,4.64395,83.7805,85.0695,24.3193,4.64395,0.275
0.1294,18.0866,18.0866,4.6293,83.7282,85.0695,24.3147,4.6293,0.273333
0.1296,18.1313,18.1313,4.61614,83.6966,85.0695,24.3161,4.61614,0.271667
0.1298,18.0973,18.0973,4.63318,83.8482,85.0695,24.3149,4.63318,0.273333
0.13,18.0476,18.0476,4.64313,83.7976,85.0695,24.3193,4.64313,0.275
0.1302,18.0938,18.0938,4.62799,83.7381,85.0695,24.3143,4.62799,0.273333
0.1304,18.1379,18.1379,4.61439,83.6954,85.0695,24.3138,4.61439,0.271667
0.1306,18.0935,18.0935,4.63333,83.8333,85.0695,24.3149,4.63333,0.273333
0.1308,18.0447,18.0447,4.64596,83.8352,85.0695,24.3176,4.64596,0.275
0.131,18.0897,18.0897,4.62582,83.6798,85.0695,24.3144,4.62582,0.273333
0.1312,18.1353,18.1353,4.6184,83.7561,85.0695,24.3156,4.6184,0.271667
0.1314,18.0936,18.0936,4.63583,83.8787,85.0695,24.3154,4.63583,0.273333
0.1316,18.0408,18.0408,4.64395,83.7805,85.0695,24.3193,4.64395,0.275
0.1318,18.0866,18.0866,4.6293,83.7282,85.0695,24.3147,4.6293,0.273333
0.132,18.1313,18.1313,4.61614,83.6966,85.0695,24.3161,4.61614,0.271667
0.1322,18.0973,18.0973,4.63318,83.8482,85.0695,24.3149,4.63318,0.273333
0.1324,18.0476,18.0476,4.64313,83.7976,85.0695,24.3193,4.64313,0.275
0.1326,18.0938,18.0938,4.62799,83.7381,85.0695,24.3143,4.62799,0.273333
0.1328,18.1379,18.1379,4.61439,83.6954,85.0695,24.3138,4.61439,0.271667
0.133,18.0935,18.0935,4.63333,83.8333,85.0695,24.3149,4.63333,0.273333
0.1332,18.0447,18.0447,4.64596,83.8352,85.0695,24.3176,4.64596,0.275
0.1334,18.0897,18.0897,4.62582,83.6798,85.0695,24.3144,4.62582,0.273333
0.1336,18.1353,18.1353,4.6184,83.7561,85.0695,24.3156,4.6184,0.271667
0.1338,18.0936,18.0936,4.63583,83.8787,85.0695,24.3154,4.63583,0.273333
0.134,18.0408,18.0408,4.64395,83.7805,85.0695,24.3193,4.64395,0.275
0.1342,18.0866,18.0866,4.6293,83.7282,85.0695,24.3147,4.6293,0.273333
0.1344,18.1313,18.1313,4.61614,83.6966,85.0695,24.3161,4.61614,0.271667
0.1346,18.0973,18.0973,4.63318,83.8482,85.0695,24.3149,4.63318,0.273333
0.1348,18.0476,18.0476,4.64313,83.7976,85.0695,24.3193,4.64313,0.275
0.135,18.0938,18.0938,4.62799,83.7381,85.0695,24.3143,4.62799,0.273333
0.1352,18.1379,18.1379,4.61439,83.6954,85.0695,24.3138,4.61439,0.271667
0.1354,18.0935,18.0935,4.63333,83.8333,85.0695,24.3149,4.63333,0.273333
0.1356,18.0447,18.0447,4.64596,83.8352,85.0695,24.3176,4.64596,0.275
0.1358,18.0897,18.0897,4.62582,83.6798,85.0695,24.3144,4.62582,0.273333
0.136,18.1353,18.1353,4.6184,83.7561,85.0695,24.3156,4.6184,0.271667
0.1362,18.0936,18.0936,4.63583,83.8787,85.0695,24.3154,4.63583,0.273333
0.1364,18.0408,18.0408,4.64395,83.7805,85.0695,24.3193,4.64395,0.275
0.1366,18.0866,18.0866,4.6293,83.7282,85.0695,24.3147,4.6293,0.273333
0.1368,18.1313,18.1313,4.61614,83.6966,85.0695,24.3161,4.61614,0.271667
0.137,18.0973,18.0973,4.63318,83.8482,85.0695,24.3149,4.63318,0.273333
0.1372,18.0476,18.0476,4.64313,83.7976,85.0695,24.3193,4.64313,0.275
0.1374,18.0938,18.0938,4.62799,83.7381,85.0695,24.3143,4.62799,0.273333
0.1376,18.1379,18.1379,4.61439,83.6954,85.0695,24.3138,4.61439,0.271667
0.1378,18.0935,18.0935,4.63333,83.8333,85.0695,24.3149,4.63333,0.273333
0.138,18.0447,18.0447,4.64596,83.8352,85.0695,24.3176,4.64596,0.275
0.1382,18.0897,18.0897,4.62582,83.6798,85.0695,24.3144,4.62582,0.273333
0.1384,18.1353,18.1353,4.6184,83.7561,85.0695,24.3156,4.6184,0.271667
0.1386,18.0936,18.0936,4.63583,83.8787,85.0695,24.3154,4.63583,0.273333
0.1388,18.0408,18.0408,4.64395,83.7805,85.0695,24.3193,4.64395,0.275
0.139,18.0866,18.0866,4.6293,83.7282,85.0695,24.3147,4.6293,0.273333
0.1392,18.1313,18.1313,4.61614,83.6966,85.0695,24.3161,4.61614,0.271667
0.1394,18.0973,18.0973,4.63318,83.8482,85.0695,24.3149,4.63318,0.273333
0.1396,18.0476,18.0476,4.64313,83.7976,85.0695,24.3193,4.64313,0.275
0.1398,18.0938,18.0938,4.62799,83.7381,85.0695,24.3143,4.62799,0.273333
0.14,18.1379,18.1379,4.61439,83.6954,85.0695,24.3138,4.61439,0.271667
0.1402,18.0935,18.0935,4.63333,83.8333,85.0695,24.3149,4.63333,0.273333
0.1404,18.0447,18.0447,4.64596,83.8352,85.0695,24.3176,4.64596,0.275
0.1406,18.0897,18.0897,4.62582,83.6798,85.0695,24.3144,4.62582,0.273333
0.1408,18.1353,18.1353,4.6184,83.7561,85.0695,24.3156,4.6184,0.271667
0.141,18.0936,18.0936,4.63583,83.8787,85.0695,24.3154,4.63583,0.273333
0.1412,18.0408,18.0408,4.64395,83.7805,85.0695,24.3193,4.64395,0.275
0.1414,18.0866,18.0866,4.6293,83.7282,85.0695,24.3147,4.6293,0.273333
0.1416,18.1313,18.1313,4.61614,83.6966,85.0695,24.3161,4.61614,0.271667
0.1418,18.0973,18.0973,4.63318,83.8482,85.0695,24.3149,4.63318,0.273333
0.142,18.0476,18.0476,4.64313,83.7976,85.0695,24.3193,4.64313,0.275
0.1422,18.0938,18.0938,4.62799,83.7381,85.0695,24.3143,4.62799,0.273333
0.1424,18.1379,18.1379,4.61439,83.6954,85.0695,24.3138,4.61439,0.271667
0.1426,18.0935,18.0935,4.63333,83.8333,85.0695,24.3149,4.63333,0.273333
0.1428,18.0447,18.0447,4.64596,83.8352,85.0695,24.3176,4.64596,0.275
0.143,18.0897,18.0897,4.62582,83.6798,85.0695,24.3144,4.62582,0.273333
0.1432,18.1353,18.1353,4.6184,83.7561,85.0695,24.3156,4.6184,0.271667
0.1434,18.0936,18.0936,4.63583,83.8787,85.0695,24.3154,4.63583,0.273333
0.1436,18.0408,18.0408,4.64395,83.7805,85.0695,24.3193,4.64395,0.275
0.1438,18.0866,18.0866,4.6293,83.7282,85.0695,24.3147,4.6293,0.273333
0.144,18.1313,18.1313,4.61614,83.6966,85.0695,24.3161,4.61614,0.271667
0.1442,18.0973,18.0973,4.63318,83.8482,85.0695,24.3149,4.63318,0.273333
0.1444,18.0476,18.0476,4.64313,83.7976,85.0695,24.3193,4.64313,0.275
0.1446,18.0938,18.0938,4.62799,83.7381,85.0695,24.3143,4.62799,0.273333
0.1448,18.1379,18.1379,4.61439,83.6954,85.0695,24.3138,4.61439,0.271667
0.145,18.0935,18.0935,4.63333,83.8333,85.0695,24.3149,4.63333,0.273333
0.1452,18.0447,18.0447,4.64596,83.8352,85.0695,24.3176,4.64596,0.275
0.1454,18.0897,18.0897,4.62582,83.6798,85.0695,24.3144,4.62582,0.273333
0.1456,18.1353,18.1353,4.6184,83.7561,85.0695,24.3156,4.6184,0.271667
0.1458,18.0936,18.0936,4.63583,83.8787,85.0695,24.3154,4.63583,0.273333
0.146,18.0408,18.0408,4.64395,83.7805,85.0695,24.3193,4.64395,0.275
0.1462,18.0866,18.0866,4.6293,83.7282,85.0695,24.3147,4.6293,0.273333
0.1464,18.1313,18.1313,4.61614,83.6966,85.0695,24.3161,4.61614,0.271667
0.1466,18.0973,18.0973,4.63318,83.8482,85.0695,24.3149,4.63318,0.273333
0.1468,18.0476,18.0476,4.64313,83.7976,85.0695,24.3193,4.64313,0.275
0.147,18.0938,18.0938,4.62799,83.7381,85.0695,24.3143,4.62799,0.273333
0.1472,18.1379,18.1379,4.61439,83.6954,85.0695,24.3138,4.61439,0.271667
0.1474,18.0935,18.0935,4.63333,83.8333,85.0695,24.3149,4.63333,0.273333
0.1476,18.0447,18.0447,4.64596,83.8352,85.0695,24.3176,4.64596,0.275
0.1478,18.0897,18.0897,4.62582,83.6798,85.0695,24.3144,4.62582,0.273333
0.148,18.1353,18.1353,4.6184,83.7561,85.0695,24.3156,4.6184,0.271667
0.1482,18.0936,18.0936,4.63583,83.8787,85.0695,24.3154,4.63583,0.273333
0.1484,18.0408,18.0408,4.64395,83.7805,85.0695,24.3193,4.64395,0.275
0.1486,18.0866,18.0866,4.6293,83.7282,85.0695,24.3147,4.6293,0.273333
0.1488,18.1313,18.1313,4.61614,83.6966,85.0695,24.3161,4.61614,0.271667
0.149,18.0973,18.0973,4.63318,83.8482,85.0695,24.3149,4.63318,0.273333
0.1492,18.0476,18.0476,4.64313,83.7976,85.0695,24.3193,4.64313,0.275
0.1494,18.0938,18.0938,4.62799,83.7381,85.0695,24.3143,4.62799,0.273333
0.1496,18.1379,18.1379,4.61439,83.6954,85.0695,24.3138,4.61439,0.271667
0.1498,18.0935,18.0935,4.63333,83.8333,85.0695,24.3149,4.63333,0.273333
0.15,18.0447,18.0447,4.64596,83.8352,85.0695,24.3176,4.64596,0.275
0.1502,18.0897,18.0897,4.62582,83.6798,85.0695,24.3144,4.62582,0.273333
0.1504,18.1353,18.1353,4.6184,83.7561,85.0695,24.3156,4.6184,0.271667
0.1506,18.0936,18.0936,4.63583,83.8787,85.0695,24.3154,4.63583,0.273333
0.1508,18.0408,18.0408,4.64395,83.7805,85.0695,24.3193,4.64395,0.275
0.151,18.0866,18.0866,4.6293,83.7282,85.0695,24.3147,4.6293,0.273333
0.1512,18.1313,18.1313,4.61614,83.6966,85.0695,24.3161,4.61614,0.271667
0.1514,18.0973,18.0973,4.63318,83.8482,85.0695,24.3149,4.63318,0.273333
0.1516,18.0476,18.0476,4.64313,83.7976,85.0695,24.3193,4.64313,0.275
0.1518,18.0938,18.0938,4.62799,83.7381,85.0695,24.3143,4.62799,0.273333
0.152,18.1379,18.1379,4.61439,83.6954,85.0695,24.3138,4.61439,0.271667
0.1522,18.0935,18.0935,4.63333,83.8333,85.0695,24.3149,4.63333,0.273333
0.1524,18.0447,18.0447,4.64596,83.8352,85.0695,24.3176,4.64596,0.275
0.1526,18.0897,18.0897,4.62582,83.6798,85.0695,24.3144,4.62582,0.273333
0.1528,18.1353,18.1353,4.6184,83.7561,85.0695,24.3156,4.6184,0.271667
0.153,18.0936,18.0936,4.63583,83.8787,85.0695,24.3154,4.63583,0.273333
0.1532,18.0408,18.0408,4.64395,83.7805,85.0695,24.3193,4.64395,0.275
0.1534,18.0866,18.0866,4.6293,83.7282,85.0695,24.3147,4.6293,0.273333
0.1536,18.1313,18.1313,4.61614,83.6966,85.0695,24.3161,4.61614,0.271667
0.1538,18.0973,18.0973,4.63318,83.8482,85.0695,24.3149,4.63318,0.273333
0.154,18.0476,18.0476,4.64313,83.7976,85.0695,24.3193,4.64313,0.275
0.1542,18.0938,18.0938,4.62799,83.7381,85.0695,24.3143,4.62799,0.273333
0.1544,18.1379,18.1379,4.61439,83.6954,85.0695,24.3138,4.61439,0.271667
0.1546,18.0935,18.0935,4.63333,83.8333,85.0695,24.3149,4.63333,0.273333
0.1548,18.0447,18.0447,4.64596,83.8352,85.0695,24.3176,4.64596,0.275
0.155,18.0897,18.0897,4.62582,83.6798,85.0695,24.3144,4.62582,0.273333
0.1552,18.1353,18.1353,4.6184,83.7561,85.0695,24.3156,4.6184,0.271667
0.1554,18.0936,18.0936,4.63583,83.8787,85.0695,24.3154,4.63583,0.273333
0.1556,18.0408,18.0408,4.64395,83.7805,85.0695,24.3193,4.64395,0.275
0.1558,18.0866,18.0866,4.6293,83.7282,85.0695,24.3147,4.6293,0.273333
0.156,18.1313,18.1313,4.61614,83.6966,85.0695,24.3161,4.61614,0.271667
0.1562,18.0973,18.0973,4.63318,83.8482,85.0695,24.3149,4.63318,0.273333
0.1564,18.0476,18.0476,4.64313,83.7976,85.0695,24.3193,4.64313,0.275
0.1566,18.0938,18.0938,4.62799,83.7381,85.0695,24.3143,4.62799,0.273333
0.1568,18.1379,18.1379,4.61439,83.6954,85.0695,24.3138,4.61439,0.271667
0.157,18.0935,18.0935,4.63333,83.8333,85.0695,24.3149,4.63333,0.273333
0.1572,18.0447,18.0447,4.64596,83.8352,85.0695,24.3176,4.64596,0.275
0.1574,18.0897,18.0897,4.62582,83.6798,85.0695,24.3144,4.62582,0.273333
0.1576,18.1353,18.1353,4.6184,83.7561,85.0695,24.3156,4.6184,0.271667
0.1578,18.0936,18.0936,4.63583,83.8787,85.0695,24.3154,4.63583,0.273333
0.158,18.0408,18.0408,4.64395,83.7805,85.0695,24.3193,4.64395,0.275
0.1582,18.0866,18.0866,4.6293,83.7282,85.0695,24.3147,4.6293,0.273333
0.1584,18.1313,18.1313,4.61614,83.6966,85.0695,24.3161,4.61614,0.271667
0.1586,18.0973,18.0973,4.63318,83.8482,85.0695,24.3149,4.63318,0.273333
0.1588,18.0476,18.0476,4.64313,83.7976,85.0695,24.3193,4.64313,0.275
0.159,18.0938,18.0938,4.62799,83.7381,85.0695,24.3143,4.62799,0.273333
0.1592,18.1379,18.1379,4.61439,83.6954,85.0695,24.3138,4.61439,0.271667
0.1594,18.0935,18.0935,4.63333,83.8333,85.0695,24.3149,4.63333,0.273333
0.1596,18.0447,18.0447,4.64596,83.8352,85.0695,24.3176,4.64596,0.275
0.1598,18.0897,18.0897,4.62582,83.6798,85.0695,24.3144,4.62582,0.273333
0.16,18.1353,18.1353,4.6184,83.7561,85.0695,24.3156,4.6184,0.271667
0.1602,18.0936,18.0936,4.63583,83.8787,85.0695,24.3154,4.63583,0.273333
0.1604,18.0408,18.0408,4.64395,83.7805,85.0695,24.3193,4.64395,0.275
0.1606,18.0866,18.0866,4.6293,83.7282,85.0695,24.3147,4.6293,0.273333
0.1608,18.1313,18.1313,4.61614,83.6966,85.0695,24.3161,4.61614,0.271667
0.161,18.0973,18.0973,4.63318,83.8482,85.0695,24.3149,4.63318,0.273333
0.1612,18.0476,18.0476,4.64313,83.7976,85.0695,24.3193,4.64313,0.275
0.1614,18.0938,18.0938,4.62799,83.7381,85.0695,24.3143,4.62799,0.273333
0.1616,18.1379,18.1379,4.61439,83.6954,85.0695,24.3138,4.61439,0.271667
0.1618,18.0935,18.0935,4.63333,83.8333,85.0695,24.3149,4.63333,0.273333
0.162,18.0447,18.0447,4.64596,83.8352,85.0695,24.3176,4.64596,0.275
0.1622,18.0897,18.0897,4.62582,83.6798,85.0695,24.3144,4.62582,0.273333
0.1624,18.1353,18.1353,4.6184,83.7561,85.0695,24.3156,4.6184,0.271667
0.1626,18.0936,18.0936,4.63583,83.8787,85.0695,24.3154,4.63583,0.273333
0.1628,18.0408,18.0408,4.64395,83.7805,85.0695,24.3193,4.64395,0.275
0.163,18.0866,18.0866,4.6293,83.7282,85.0695,24.3147,4.6293,0.273333
0.1632,18.1313,18.1313,4.61614,83.6966,85.0695,24.3161,4.61614,0.271667
0.1634,18.0973,18.0973,4.63318,83.8482,85.0695,24.3149,4.63318,0.273333
0.1636,18.0476,18.0476,4.64313,83.7976,85.0695,24.3193,4.64313,0.275
0.1638,18.0938,18.0938,4.62799,83.7381,85.0695,24.3143,4.62799,0.273333
0.164,18.1379,18.1379,4.61439,83.6954,85.0695,24.3138,4.61439,0.271667
0.1642,18.0935,18.0935,4.63333,83.8333,85.0695,24.3149,4.63333,0.273333
0.1644,18.0447,18.0447,4.64596,83.8352,85.0695,24.3176,4.64596,0.275
0.1646,18.0897,18.0897,4.62582,83.6798,85.0695,24.3144,4.62582,0.273333
0.1648,18.1353,18.1353,4.6184,83.7561,85.0695,24.3156,4.6184,0.271667
0.165,18.0936,18.0936,4.63583,83.8787,85.0695,24.3154,4.63583,0.273333
0.1652,18.0408,18.0408,4.64395,83.7805,85.0695,24.3193,4.64395,0.275
0.1654,18.0866,18.0866,4.6293,83.7282,85.0695,24.3147,4.6293,0.273333
0.1656,18.1313,18.1313,4.61614,83.6966,85.0695,24.3161,4.61614,0.271667
0.1658,18.0973,18.0973,4.63318,83.8482,85.0695,24.3149,4.63318,0.273333
0.166,18.0476,18.0476,4.64313,83.7976,85.0695,24.3193,4.64313,0.275
0.1662,18.0938,18.0938,4.62799,83.7381,85.0695,24.3143,4.62799,0.273333
0.1664,18.1379,18.1379,4.61439,83.6954,85.0695,24.3138,4.61439,0.271667
0.1666,18.0935,18.0935,4.63333,83.8333,85.0695,24.3149,4.63333,0.273333
0.1668,18.0447,18.0447,4.64596,83.8352,85.0695,24.3176,4.64596,0.275
0.167,18.0897,18.0897,4.62582,83.6798,85.0695,24.3144,4.62582,0.273333
0.1672,18.1353,18.1353,4.6184,83.7561,85.0695,24.3156,4.6184,0.271667
0.1674,18.0936,18.0936,4.63583,83.8787,85.0695,24.3154,4.63583,0.273333
0.1676,18.0408,18.0408,4.64395,83.7805,85.0695,24.3193,4.64395,0.275
0.1678,18.0866,18.0866,4.6293,83.7282,85.0695,24.3147,4.6293,0.273333
0.168,18.1313,18.1313,4.61614,83.6966,85.0695,24.3161,4.61614,0.271667
0.1682,18.0973,18.0973,4.63318,83.8482,85.0695,24.3149,4.63318,0.273333
0.1684,18.0476,18.0476,4.64313,83.7976,85.0695,24.3193,4.64313,0.275
0.1686,18.0938,18.0938,4.62799,83.7381,85.0695,24.3143,4.62799,0.273333
0.1688,18.1379,18.1379,4.61439,83.6954,85.0695,24.3138,4.61439,0.271667
0.169,18.0935,18.0935,4.63333,83.8333,85.0695,24.3149,4.63333,0.273333
0.1692,18.0447,18.0447,4.64596,83.8352,85.0695,24.3176,4.64596,0.275
0.1694,18.0897,18.0897,4.62582,83.6798,85.0695,24.3144,4.62582,0.273333
0.1696,18.1353,18.1353,4.6184,83.7561,85.0695,24.3156,4.6184,0.271667
0.1698,18.0936,18.0936,4.63583,83.8787,85.0695,24.3154,4.63583,0.273333
0.17,18.0408,18.0408,4.64395,83.7805,85.0695,24.3193,4.64395,0.275
0.1702,18.0866,18.0866,4.6293,83.7282,85.0695,24.3147,4.6293,0.273333
0.1704,18.1313,18.1313,4.61614,83.6966,85.0695,24.3161,4.61614,0.271667
0.1706,18.0973,18.0973,4.63318,83.8482,85.0695,24.3149,4.63318,0.273333
0.1708,18.0476,18.0476,4.64313,83.7976,85.0695,24.3193,4.64313,0.275
0.171,18.0938,18.0938,4.62799,83.7381,85.0695,24.3143,4.62799,0.273333
0.1712,18.1379,18.1379,4.61439,83.6954,85.0695,24.3138,4.61439,0.271667
0.1714,18.0935,18.0935,4.63333,83.8333,85.0695,24.3149,4.63333,0.273333
0.1716,18.0447,18.0447,4.64596,83.8352,85.0695,24.3176,4.64596,0.275
0.1718,18.0897,18.0897,4.62582,83.6798,85.0695,24.3144,4.62582,0.273333
0.172,18.1353,18.1353,4.6184,83.7561,85.0695,24.3156,4.6184,0.271667
0.1722,18.0936,18.0936,4.63583,83.8787,85.0695,24.3154,4.63583,0.273333
0.1724,18.0408,18.0408,4.64395,83.7805,85.0695,24.3193,4.64395,0.275
0.1726,18.0866,18.0866,4.6293,83.7282,85.0695,24.3147,4.6293,0.273333
0.1728,18.1313,18.1313,4.61614,83.6966,85.0695,24.3161,4.61614,0.271667
0.173,18.0973,18.0973,4.63318,83.8482,85.0695,24.3149,4.63318,0.273333
0.1732,18.0476,18.0476,4.64313,83.7976,85.0695,24.3193,4.64313,0.275
0.1734,18.0938,18.0938,4.62799,83.7381,85.0695,24.3143,4.62799,0.273333
0.1736,18.1379,18.1379,4.61439,83.6954,85.0695,24.3138,4.61439,0.271667
0.1738,18.0935,18.0935,4.63333,83.8333,85.0695,24.3149,4.63333,0.273333
0.174,18.0447,18.0447,4.64596,83.8352,85.0695,24.3176,4.64596,0.275
0.1742,18.0897,18.0897,4.62582,83.6798,85.0695,24.3144,4.62582,0.273333
0.1744,18.1353,18.1353,4.6184,83.7561,85.0695,24.3156,4.6184,0.271667
0.1746,18.0936,18.0936,4.63583,83.8787,85.0695,24.3154,4.63583,0.273333
0.1748,18.0408,18.0408,4.64395,83.7805,85.0695,24.3193,4.64395,0.275
0.175,18.0866,18.0866,4.6293,83.7282,85.0695,24.3147,4.6293,0.273333
0.1752,18.1313,18.1313,4.61614,83.6966,85.0695,24.3161,4.61614,0.271667
0.1754,18.0973,18.0973,4.63318,83.8482,85.0695,24.3149,4.63318,0.273333
0.1756,18.0476,18.0476,4.64313,83.7976,85.0695,24.3193,4.64313,0.275
0.1758,18.0938,18.0938,4.62799,83.7381,85.0695,24.3143,4.62799,0.273333
0.176,18.1379,18.1379,4.61439,83.6954,85.0695,24.3138,4.61439,0.271667
0.1762,18.0935,18.0935,4.63333,83.8333,85.0695,24.3149,4.63333,0.273333
0.1764,18.0447,18.0447,4.64596,83.8352,85.0695,24.3176,4.64596,0.275
0.1766,18.0897,18.0897,4.62582,83.6798,85.0695,24.3144,4.62582,0.273333
0.1768,18.1353,18.1353,4.6184,83.7561,85.0695,24.3156,4.6184,0.271667
0.177,18.0936,18.0936,4.63583,83.8787,85.0695,24.3154,4.63583,0.273333
0.1772,18.0408,18.0408,4.64395,83.7805,85.0695,24.3193,4.64395,0.275
0.1774,18.0866,18.0866,4.6293,83.7282,85.0695,24.3147,4.6293,0.273333
0.1776,18.1313,18.1313,4.61614,83.6966,85.0695,24.3161,4.61614,0.271667
0.1778,18.0973,18.0973,4.63318,83.8482,85.0695,24.3149,4.63318,0.273333
0.178,18.0476,18.0476,4.64313,83.7976,85.0695,24.3193,4.64313,0.275
0.1782,18.0938,18.0938,4.62799,83.7381,85.0695,24.3143,4.62799,0.273333
0.1784,18.1379,18.1379,4.61439,83.6954,85.0695,24.3138,4.61439,0.271667
0.1786,18.0935,18.0935,4.63333,83.8333,85.0695,24.3149,4.63333,0.273333
0.1788,18.0447,18.0447,4.64596,83.8352,85.0695,24.3176,4.64596,0.275
0.179,18.0897,18.0897,4.62582,83.6798,85.0695,24.3144,4.62582,0.273333
0.1792,18.1353,18.1353,4.6184,83.7561,85.0695,24.3156,4.6184,0.271667
0.1794,18.0936,18.0936,4.63583,83.8787,85.0695,24.3154,4.63583,0.273333
0.1796,18.0408,18.0408,4.64395,83.7805,85.0695,24.3193,4.64395,0.275
0.1798,18.0866,18.0866,4.6293,83.7282,85.0695,24.3147,4.6293,0.273333
0.18,18.1313,18.1313,4.61614,83.6966,85.0695,24.3161,4.61614,0.271667
0.1802,18.0973,18.0973,4.63318,83.8482,85.0695,24.3149,4.63318,0.273333
0.1804,18.0476,18.0476,4.64313,83.7976,85.0695,24.3193,4.64313,0.275
0.1806,18.0938,18.0938,4.62799,83.7381,85.0695,24.3143,4.62799,0.273333
0.1808,18.1379,18.1379,4.61439,83.6954,85.0695,24.3138,4.61439,0.271667
0.181,18.0935,18.0935,4.63333,83.8333,85.0695,24.3149,4.63333,0.273333
0.1812,18.0447,18.0447,4.64596,83.8352,85.0695,24.3176,4.64596,0.275
0.1814,18.0897,18.0897,4.62582,83.6798,85.0695,24.3144,4.62582,0.273333
0.1816,18.1353,18.1353,4.6184,83.7561,85.0695,24.3156,4.6184,0.271667
0.1818,18.0936,18.0936,4.63583,83.8787,85.0695,24.3154,4.63583,0.273333
0.182,18.0408,18.0408,4.64395,83.7805,85.0695,24.3193,4.64395,0.275
0.1822,18.0866,18.0866,4.6293,83.7282,85.0695,24.3147,4.6293,0.273333
0.1824,18.1313,18.1313,4.61614,83.6966,85.0695,24.3161,4.61614,0.271667
0.1826,18.0973,18.0973,4.63318,83.8482,85.0695,24.3149,4.63318,0.273333
0.1828,18.0476,18.0476,4.64313,83.7976,85.0695,24.3193,4.64313,0.275
0.183,18.0938,18.0938,4.62799,83.7381,85.0695,24.3143,4.62799,0.273333
0.1832,18.1379,18.1379,4.61439,83.6954,85.0695,24.3138,4.61439,0.271667
0.1834,18.0935,18.0935,4.63333,83.8333,85.0695,24.3149,4.63333,0.273333
0.1836,18.0447,18.0447,4.64596,83.8352,85.0695,24.3176,4.64596,0.275
0.1838,18.0897,18.0897,4.62582,83.6798,85.0695,24.3144,4.62582,0.273333
0.184,18.1353,18.1353,4.6184,83.7561,85.0695,24.3156,4.6184,0.271667
0.1842,18.0936,18.0936,4.63583,83.8787,85.0695,24.3154,4.63583,0.273333
0.1844,18.0408,18.0408,4.64395,83.7805,85.0695,24.3193,4.64395,0.275
0.1846,18.0866,18.0866,4.6293,83.7282,85.0695,24.3147,4.6293,0.273333
0.1848,18.1313,18.1313,4.61614,83.6966,85.0695,24.3161,4.61614,0.271667
0.185,18.0973,18.0973,4.63318,83.8482,85.0695,24.3149,4.63318,0.273333
0.1852,18.0476,18.0476,4.64313,83.7976,85.0695,24.3193,4.64313,0.275
0.1854,18.0938,18.0938,4.62799,83.7381,85.0695,24.3143,4.62799,0.273333
0.1856,18.1379,18.1379,4.61439,83.6954,85.0695,24.3138,4.61439,0.271667
0.1858,18.0935,18.0935,4.63333,83.8333,85.0695,24.3149,4.63333,0.273333
0.186,18.0447,18.0447,4.64596,83.8352,85.0695,24.3176,4.64596,0.275
0.1862,18.0897,18.0897,4.62582,83.6798,85.0695,24.3144,4.62582,0.273333
0.1864,18.1353,18.1353,4.6184,83.7561,85.0695,24.3156,4.6184,0.271667
0.1866,18.0936,18.0936,4.63583,83.8787,85.0695,24.3154,4.63583,0.273333
0.1868,18.0408,18.0408,4.64395,83.7805,85.0695,24.3193,4.64395,0.275
0.187,18.0866,18.0866,4.6293,83.7282,85.0695,24.3147,4.6293,0.273333
0.1872,18.1313,18.1313,4.61614,83.6966,85.0695,24.3161,4.61614,0.271667
0.1874,18.0973,18.0973,4.63318,83.8482,85.0695,24.3149,4.63318,0.273333
0.1876,18.0476,18.0476,4.64313,83.7976,85.0695,24.3193,4.64313,0.275
0.1878,18.0938,18.0938,4.62799,83.7381,85.0695,24.3143,4.62799,0.273333
0.188,18.1379,18.1379,4.61439,83.6954,85.0695,24.3138,4.61439,0.271667
0.1882,18.0935,18.0935,4.63333,83.8333,85.0695,24.3149,4.63333,0.273333
0.1884,18.0447,18.0447,4.64596,83.8352,85.0695,24.3176,4.64596,0.275
0.1886,18.0897,18.0897,4.62582,83.6798,85.0695,24.3144,4.62582,0.273333
0.1888,18.1353,18.1353,4.6184,83.7561,85.0695,24.3156,4.6184,0.271667
0.189,18.0936,18.0936,4.63583,83.8787,85.0695,24.3154,4.63583,0.273333
0.1892,18.0408,18.0408,4.64395,83.7805,85.0695,24.3193,4.64395,0.275
0.1894,18.0866,18.0866,4.6293,83.7282,85.0695,24.3147,4.6293,0.273333
0.1896,18.1313,18.1313,4.61614,83.6966,85.0695,24.3161,4.61614,0.271667
0.1898,18.0973,18.0973,4.63318,83.8482,85.0695,24.3149,4.63318,0.273333
0.19,18.0476,18.0476,4.64313,83.7976,85.0695,24.3193,4.64313,0.275
0.1902,18.0938,18.0938,4.62799,83.7381,85.0695,24.3143,4.62799,0.273333
0.1904,18.1379,18.1379,4.61439,83.6954,85.0695,24.3138,4.61439,0.271667
0.1906,18.0935,18.0935,4.63333,83.8333,85.0695,24.3149,4.63333,0.273333
0.1908,18.0447,18.0447,4.64596,83.8352,85.0695,24.3176,4.64596,0.275
0.191,18.0897,18.0897,4.62582,83.6798,85.0695,24.3144,4.62582,0.273333
0.1912,18.1353,18.1353,4.6184,83.7561,85.0695,24.3156,4.6184,0.271667
0.1914,18.0936,18.0936,4.63583,83.8787,85.0695,24.3154,4.63583,0.273333
0.1916,18.0408,18.0408,4.64395,83.7805,85.0695,24.3193,4.64395,0.275
0.1918,18.0866,18.0866,4.6293,83.7282,85.0695,24.3147,4.6293,0.273333
0.192,18.1313,18.1313,4.61614,83.6966,85.0695,24.3161,4.61614,0.271667
0.1922,18.0973,18.0973,4.63318,83.8482,85.0695,24.3149,4.63318,0.273333
0.1924,18.0476,18.0476,4.64313,83.7976,85.0695,24.3193,4.64313,0.275
0.1926,18.0938,18.0938,4.62799,83.7381,85.0695,24.3143,4.62799,0.273333
0.1928,18.1379,18.1379,4.61439,83.6954,85.0695,24.3138,4.61439,0.271667
0.193,18.0935,18.0935,4.63333,83.8333,85.0695,24.3149,4.63333,0.273333
0.1932,18.0447,18.0447,4.64596,83.8352,85.0695,24.3176,4.64596,0.275
0.1934,18.0897,18.0897,4.62582,83.6798,85.0695,24.3144,4.62582,0.273333
0.1936,18.1353,18.1353,4.6184,83.7561,85.0695,24.3156,4.6184,0.271667
0.1938,18.0936,18.0936,4.63583,83.8787,85.0695,24.3154,4.63583,0.273333
0.194,18.0408,18.0408,4.64395,83.7805,85.0695,24.3193,4.64395,0.275
0.1942,18.0866,18.0866,4.6293,83.7282,85.0695,24.3147,4.6293,0.273333
0.1944,18.1313,18.1313,4.61614,83.6966,85.0695,24.3161,4.61614,0.271667
0.1946,18.0973,18.0973,4.63318,83.8482,85.0695,24.3149,4.63318,0.273333
0.1948,18.0476,18.0476,4.64313,83.7976,85.0695,24.3193,4.64313,0.275
0.195,18.0938,18.0938,4.62799,83.7381,85.0695,24.3143,4.62799,0.273333
0.1952,18.1379,18.1379,4.61439,83.6954,85.0695,24.3138,4.61439,0.271667
0.1954,18.0935,18.0935,4.63333,83.8333,85.0695,24.3149,4.63333,0.273333
0.1956,18.0447,18.0447,4.64596,83.8352,85.0695,24.3176,4.64596,0.275
0.1958,18.0897,18.0897,4.62582,83.6798,85.0695,24.3144,4.62582,0.273333
0.196,18.1353,18.1353,4.6184,83.7561,85.0695,24.3156,4.6184,0.271667
0.1962,18.0936,18.0936,4.63583,83.8787,85.0695,24.3154,4.63583,0.273333
0.1964,18.0408,18.0408,4.64395,83.7805,85.0695,24.3193,4.64395,0.275
0.1966,18.0866,18.0866,4.6293,83.7282,85.0695,24.3147,4.6293,0.273333
0.1968,18.1313,18.1313,4.61614,83.6966,85.0695,24.3161,4.61614,0.271667
0.197,18.0973,18.0973,4.63318,83.8482,85.0695,24.3149,4.63318,0.273333
0.1972,18.0476,18.0476,4.64313,83.7976,85.0695,24.3193,4.64313,0.275
0.1974,18.0938,18.0938,4.62799,83.7381,85.0695,24.3143,4.62799,0.273333
0.1976,18.1379,18.1379,4.61439,83.6954,85.0695,24.3138,4.61439,0.271667
0.1978,18.0935,18.0935,4.63333,83.8333,85.0695,24.3149,4.63333,0.273333
0.198,18.0447,18.0447,4.64596,83.8352,85.0695,24.3176,4.64596,0.275
0.1982,18.0897,18.0897,4.62582,83.6798,85.0695,24.3144,4.62582,0.273333
0.1984,18.1353,18.1353,4.6184,83.7561,85.0695,24.3156,4.6184,0.271667
0.1986,18.0936,18.0936,4.63583,83.8787,85.0695,24.3154,4.63583,0.273333
0.1988,18.0408,18.0408,4.64395,83.7805,85.0695,24.3193,4.64395,0.275
0.199,18.0866,18.0866,4.6293,83.7282,85.0695,24.3147,4.6293,0.273333
0.1992,18.1313,18.1313,4.61614,83.6966,85.0695,24.3161,4.61614,0.271667
0.1994,18.0973,18.0973,4.63318,83.8482,85.0695,24.3149,4.63318,0.273333
0.1996,18.0476,18.0476,4.64313,83.7976,85.0695,24.3193,4.64313,0.275
0.1998,18.0938,18.0938,4.62799,83.7381,85.0695,24.3143,4.62799,0.273333
0.2,18.1379,18.1379,4.61439,83.6954,85.0695,24.3138,4.61439,0.271667
0.2002,18.0935,18.0935,4.63333,83.8333,85.0695,24.3149,4.63333,0.273333
0.2004,18.0447,18.0447,4.64596,83.8352,85.0695,24.3176,4.64596,0.275
0.2006,18.0897,18.0897,4.62582,83.6798,85.0695,24.3144,4.62582,0.273333
0.2008,18.1353,18.1353,4.6184,83.7561,85.0695,24.3156,4.6184,0.271667
0.201,18.0936,18.0936,4.63583,83.8787,85.0695,24.3154,4.63583,0.273333
0.2012,18.0408,18.0408,4.64395,83.7805,85.0695,24.3193,4.64395,0.275
0.2014,18.0866,18.0866,4.6293,83.7282,85.0695,24.3147,4.6293,0.273333
0.2016,18.1313,18.1313,4.61614,83.6966,85.0695,24.3161,4.61614,0.271667
0.2018,18.0973,18.0973,4.63318,83.8482,85.0695,24.3149,4.63318,0.273333
0.202,18.0476,18.0476,4.64313,83.7976,85.0695,24.3193,4.64313,0.275
0.2022,18.0938,18.0938,4.62799,83.7381,85.0695,24.3143,4.62799,0.273333
0.2024,18.1379,18.1379,4.61439,83.6954,85.0695,24.3138,4.61439,0.271667
0.2026,18.0935,18.0935,4.63333,83.8333,85.0695,24.3149,4.63333,0.273333
0.2028,18.0447,18.0447,4.64596,83.8352,85.0695,24.3176,4.64596,0.275
0.203,18.0897,18.0897,4.62582,83.6798,85.0695,24.3144,4.62582,0.273333
0.2032,18.1353,18.1353,4.6184,83.7561,85.0695,24.3156,4.6184,0.271667
0.2034,18.0936,18.0936,4.63583,83.8787,85.0695,24.3154,4.63583,0.273333
0.2036,18.0408,18.0408,4.64395,83.7805,85.0695,24.3193,4.64395,0.275
0.2038,18.0866,18.0866,4.6293,83.7282,85.0695,24.3147,4.6293,0.273333
0.204,18.1313,18.1313,4.61614,83.6966,85.0695,24.3161,4.61614,0.271667
0.2042,18.0973,18.0973,4.63318,83.8482,85.0695,24.3149,4.63318,0.273333
0.2044,18.0476,18.0476,4.64313,83.7976,85.0695,24.3193,4.64313,0.275
0.2046,18.0938,18.0938,4.62799,83.7381,85.0695,24.3143,4.62799,0.273333
0.2048,18.1379,18.1379,4.61439,83.6954,85.0695,24.3138,4.61439,0.271667
0.205,18.0935,18.0935,4.63333,83.8333,85.0695,24.3149,4.63333,0.273333
0.2052,18.0447,18.0447,4.64596,83.8352,85.0695,24.3176,4.64596,0.275
0.2054,18.0897,18.0897,4.62582,83.6798,85.0695,24.3144,4.62582,0.273333
0.2056,18.1353,18.1353,4.6184,83.7561,85.0695,24.3156,4.6184,0.271667
0.2058,18.0936,18.0936,4.63583,83.8787,85.0695,24.3154,4.63583,0.273333
0.206,18.0408,18.0408,4.64395,83.7805,85.0695,24.3193,4.64395,0.275
0.2062,18.0866,18.0866,4.6293,83.7282,85.0695,24.3147,4.6293,0.273333
0.2064,18.1313,18.1313,4.61614,83.6966,85.0695,24.3161,4.61614,0.271667
0.2066,18.0973,18.0973,4.63318,83.8482,85.0695,24.3149,4.63318,0.273333
0.2068,18.0476,18.0476,4.64313,83.7976,85.0695,24.3193,4.64313,0.275
0.207,18.0938,18.0938,4.62799,83.7381,85.0695,24.3143,4.62799,0.273333
0.2072,18.1379,18.1379,4.61439,83.6954,85.0695,24.3138,4.61439,0.271667
0.2074,18.0935,18.0935,4.63333,83.8333,85.0695,24.3149,4.63333,0.273333
0.2076,18.0447,18.0447,4.64596,83.8352,85.0695,24.3176,4.64596,0.275
0.2078,18.0897,18.0897,4.62582,83.6798,85.0695,24.3144,4.62582,0.273333
0.208,18.1353,18.1353,4.6184,83.7561,85.0695,24.3156,4.6184,0.271667
0.2082,18.0936,18.0936,4.63583,83.8787,85.0695,24.3154,4.63583,0.273333
0.2084,18.0408,18.0408,4.64395,83.7805,85.0695,24.3193,4.64395,0.275
0.2086,18.0866,18.0866,4.6293,83.7282,85.0695,24.3147,4.6293,0.273333
0.2088,18.1313,18.1313,4.61614,83.6966,85.0695,24.3161,4.61614,0.271667
0.209,18.0973,18.0973,4.63318,83.8482,85.0695,24.3149,4.63318,0.273333
0.2092,18.0476,18.0476,4.64313,83.7976,85.0695,24.3193,4.64313,0.275
0.2094,18.0938,18.0938,4.62799,83.7381,85.0695,24.3143,4.62799,0.273333
0.2096,18.1379,18.1379,4.61439,83.6954,85.0695,24.3138,4.61439,0.271667
0.2098,18.0935,18.0935,4.63333,83.8333,85.0695,24.3149,4.63333,0.273333
0.21,18.0447,18.0447,4.64596,83.8352,85.0695,24.3176,4.64596,0.275
0.2102,18.0897,18.0897,4.62582,83.6798,85.0695,24.3144,4.62582,0.273333
0.2104,18.1353,18.1353,4.6184,83.7561,85.0695,24.3156,4.6184,0.271667
0.2106,18.0936,18.0936,4.63583,83.8787,85.0695,24.3154,4.63583,0.273333
0.2108,18.0408,18.0408,4.64395,83.7805,85.0695,24.3193,4.64395,0.275
0.211,18.0866,18.0866,4.6293,83.7282,85.0695,24.3147,4.6293,0.273333
0.2112,18.1313,18.1313,4.61614,83.6966,85.0695,24.3161,4.61614,0.271667
0.2114,18.0973,18.0973,4.63318,83.8482,85.0695,24.3149,4.63318,0.273333
0.2116,18.0476,18.0476,4.64313,83.7976,85.0695,24.3193,4.64313,0.275
0.2118,18.0938,18.0938,4.62799,83.7381,85.0695,24.3143,4.62799,0.273333
0.212,18.1379,18.1379,4.61439,83.6954,85.0695,24.3138,4.61439,0.271667
0.2122,18.0935,18.0935,4.63333,83.8333,85.0695,24.3149,4.63333,0.273333
0.2124,18.0447,18.0447,4.64596,83.8352,85.0695,24.3176,4.64596,0.275
0.2126,18.0897,18.0897,4.62582,83.6798,85.0695,24.3144,4.62582,0.273333
0.2128,18.1353,18.1353,4.6184,83.7561,85.0695,24.3156,4.6184,0.271667
0.213,18.0936,18.0936,4.63583,83.8787,85.0695,24.3154,4.63583,0.273333
0.2132,18.0408,18.0408,4.64395,83.7805,85.0695,24.3193,4.64395,0.275
0.2134,18.0866,18.0866,4.6293,83.7282,85.0695,24.3147,4.6293,0.273333
0.2136,18.1313,18.1313,4.61614,83.6966,85.0695,24.3161,4.61614,0.271667
0.2138,18.0973,18.0973,4.63318,83.8482,85.0695,24.3149,4.63318,0.273333
0.214,18.0476,18.0476,4.64313,83.7976,85.0695,24.3193,4.64313,0.275
0.2142,18.0938,18.0938,4.62799,83.7381,85.0695,24.3143,4.62799,0.273333
0.2144,18.1379,18.1379,4.61439,83.6954,85.0695,24.3138,4.61439,0.271667
0.2146,18.0935,18.0935,4.63333,83.8333,85.0695,24.3149,4.63333,0.273333
0.2148,18.0447,18.0447,4.64596,83.8352,85.0695,24.3176,4.64596,0.275
0.215,18.0897,18.0897,4.62582,83.6798,85.0695,24.3144,4.62582,0.273333
0.2152,18.1353,18.1353,4.6184,83.7561,85.0695,24.3156,4.6184,0.271667
0.2154,18.0936,18.0936,4.63583,83.8787,85.0695,24.3154,4.63583,0.273333
0.2156,18.0408,18.0408,4.64395,83.7805,85.0695,24.3193,4.64395,0.275
0.2158,18.0866,18.0866,4.6293,83.7282,85.0695,24.3147,4.6293,0.273333
0.216,18.1313,18.1313,4.61614,83.6966,85.0695,24.3161,4.61614,0.271667
0.2162,18.0973,18.0973,4.63318,83.8482,85.0695,24.3149,4.63318,0.273333
0.2164,18.0476,18.0476,4.64313,83.7976,85.0695,24.3193,4.64313,0.275
0.2166,18.0938,18.0938,4.62799,83.7381,85.0695,24.3143,4.62799,0.273333
0.2168,18.1379,18.1379,4.61439,83.6954,85.0695,24.3138,4.61439,0.271667
0.217,18.0935,18.0935,4.63333,83.8333,85.0695,24.3149,4.63333,0.273333
0.2172,18.0447,18.0447,4.64596,83.8352,85.0695,24.3176,4.64596,0.275
0.2174,18.0897,18.0897,4.62582,83.6798,85.0695,24.3144,4.62582,0.273333
0.2176,18.1353,18.1353,4.6184,83.7561,85.0695,24.3156,4.6184,0.271667
0.2178,18.0936,18.0936,4.63583,83.8787,85.0695,24.3154,4.63583,0.273333
0.218,18.0408,18.0408,4.64395,83.7805,85.0695,24.3193,4.64395,0.275
0.2182,18.0866,18.0866,4.6293,83.7282,85.0695,24.3147,4.6293,0.273333
0.2184,18.1313,18.1313,4.61614,83.6966,85.0695,24.3161,4.61614,0.271667
0.2186,18.0973,18.0973,4.63318,83.8482,85.0695,24.3149,4.63318,0.273333
0.2188,18.0476,18.0476,4.64313,83.7976,85.0695,24.3193,4.64313,0.275
0.219,18.0938,18.0938,4.62799,83.7381,85.0695,24.3143,4.62799,0.273333
0.2192,18.1379,18.1379,4.61439,83.6954,85.0695,24.3138,4.61439,0.271667
0.2194,18.0935,18.0935,4.63333,83.8333,85.0695,24.3149,4.63333,0.273333
0.2196,18.0447,18.0447,4.64596,83.8352,85.0695,24.3176,4.64596,0.275
0.2198,18.0897,18.0897,4.62582,83.6798,85.0695,24.3144,4.62582,0.273333
0.22,18.1353,18.1353,4.6184,83.7561,85.0695,24.3156,4.6184,0.271667
0.2202,18.0936,18.0936,4.63583,83.8787,85.0695,24.3154,4.63583,0.273333
0.2204,18.0408,18.0408,4.64395,83.7805,85.0695,24.3193,4.64395,0.275
0.2206,18.0866,18.0866,4.6293,83.7282,85.0695,24.3147,4.6293,0.273333
0.2208,18.1313,18.1313,4.61614,83.6966,85.0695,24.3161,4.61614,0.271667
0.221,18.0973,18.0973,4.63318,83.8482,85.0695,24.3149,4.63318,0.273333
0.2212,18.0476,18.0476,4.64313,83.7976,85.0695,24.3193,4.64313,0.275
0.2214,18.0938,18.0938,4.62799,83.7381,85.0695,24.3143,4.62799,0.273333
0.2216,18.1379,18.1379,4.61439,83.6954,85.0695,24.3138,4.61439,0.271667
0.2218,18.0935,18.0935,4.63333,83.8333,85.0695,24.3149,4.63333,0.273333
0.222,18.0447,18.0447,4.64596,83.8352,85.0695,24.3176,4.64596,0.275
0.2222,18.0897,18.0897,4.62582,83.6798,85.0695,24.3144,4.62582,0.273333
0.2224,18.1353,18.1353,4.6184,83.7561,85.0695,24.3156,4.6184,0.271667
0.2226,18.0936,18.0936,4.63583,83.8787,85.0695,24.3154,4.63583,0.273333
0.2228,18.0408,18.0408,4.64395,83.7805,85.0695,24.3193,4.64395,0.275
0.223,18.0866,18.0866,4.6293,83.7282,85.0695,24.3147,4.6293,0.273333
0.2232,18.1313,18.1313,4.61614,83.6966,85.0695,24.3161,4.61614,0.271667
0.2234,18.0973,18.0973,4.63318,83.8482,85.0695,24.3149,4.63318,0.273333
0.2236,18.0476,18.0476,4.64313,83.7976,85.0695,24.3193,4.64313,0.275
0.2238,18.0938,18.0938,4.62799,83.7381,85.0695,24.3143,4.62799,0.273333
0.224,18.1379,18.1379,4.61439,83.6954,85.0695,24.3138,4.61439,0.271667
0.2242,18.0935,18.0935,4.63333,83.8333,85.0695,24.3149,4.63333,0.273333
0.2244,18.0447,18.0447,4.64596,83.8352,85.0695,24.3176,4.64596,0.275
0.2246,18.0897,18.0897,4.62582,83.6798,85.0695,24.3144,4.62582,0.273333
0.2248,18.1353,18.1353,4.6184,83.7561,85.0695,24.3156,4.6184,0.271667
0.225,18.0936,18.0936,4.63583,83.8787,85.0695,24.3154,4.63583,0.273333
0.2252,18.0408,18.0408,4.64395,83.7805,85.0695,24.3193,4.64395,0.275
0.2254,18.0866,18.0866,4.6293,83.7282,85.0695,24.3147,4.6293,0.273333
0.2256,18.1313,18.1313,4.61614,83.6966,85.0695,24.3161,4.61614,0.271667
0.2258,18.0973,18.0973,4.63318,83.8482,85.0695,24.3149,4.63318,0.273333
0.226,18.0476,18.0476,4.64313,83.7976,85.0695,24.3193,4.64313,0.275
0.2262,18.0938,18.0938,4.62799,83.7381,85.0695,24.3143,4.62799,0.273333
0.2264,18.1379,18.1379,4.61439,83.6954,85.0695,24.3138,4.61439,0.271667
0.2266,18.0935,18.0935,4.63333,83.8333,85.0695,24.3149,4.63333,0.273333
0.2268,18.0447,18.0447,4.64596,83.8352,85.0695,24.3176,4.64596,0.275
0.227,18.0897,18.0897,4.62582,83.6798,85.0695,24.3144,4.62582,0.273333
0.2272,18.1353,18.1353,4.6184,83.7561,85.0695,24.3156,4.6184,0.271667
0.2274,18.0936,18.0936,4.63583,83.8787,85.0695,24.3154,4.63583,0.273333
0.2276,18.0408,18.0408,4.64395,83.7805,85.0695,24.3193,4.64395,0.275
0.2278,18.0866,18.0866,4.6293,83.7282,85.0695,24.3147,4.6293,0.273333
0.228,18.1313,18.1313,4.61614,83.6966,85.0695,24.3161,4.61614,0.271667
0.2282,18.0973,18.0973,4.63318,83.8482,85.0695,24.3149,4.63318,0.273333
0.2284,18.0476,18.0476,4.64313,83.7976,85.0695,24.3193,4.64313,0.275
0.2286,18.0938,18.0938,4.62799,83.7381,85.0695,24.3143,4.62799,0.273333
0.2288,18.1379,18.1379,4.61439,83.6954,85.0695,24.3138,4.61439,0.271667
0.229,18.0935,18.0935,4.63333,83.8333,85.0695,24.3149,4.63333,0.273333
0.2292,18.0447,18.0447,4.64596,83.8352,85.0695,24.3176,4.64596,0.275
0.2294,18.0897,18.0897,4.62582,83.6798,85.0695,24.3144,4.62582,0.273333
0.2296,18.1353,18.1353,4.6184,83.7561,85.0695,24.3156,4.6184,0.271667
0.2298,18.0936,18.0936,4.63583,83.8787,85.0695,24.3154,4.63583,0.273333
0.23,18.0408,18.0408,4.64395,83.7805,85.0695,24.3193,4.64395,0.275
0.2302,18.0866,18.0866,4.6293,83.7282,85.0695,24.3147,4.6293,0.273333
0.2304,18.1313,18.1313,4.61614,83.6966,85.0695,24.3161,4.61614,0.271667
0.2306,18.0973,18.0973,4.63318,83.8482,85.0695,24.3149,4.63318,0.273333
0.2308,18.0476,18.0476,4.64313,83.7976,85.0695,24.3193,4.64313,0.275
0.231,18.0938,18.0938,4.62799,83.7381,85.0695,24.3143,4.62799,0.273333
0.2312,18.1379,18.1379,4.61439,83.6954,85.0695,24.3138,4.61439,0.271667
0.2314,18.0935,18.0935,4.63333,83.8333,85.0695,24.3149,4.63333,0.273333
0.2316,18.0447,18.0447,4.64596,83.8352,85.0695,24.3176,4.64596,0.275
0.2318,18.0897,18.0897,4.62582,83.6798,85.0695,24.3144,4.62582,0.273333
0.232,18.1353,18.1353,4.6184,83.7561,85.0695,24.3156,4.6184,0.271667
0.2322,18.0936,18.0936,4.63583,83.8787,85.0695,24.3154,4.63583,0.273333
0.2324,18.0408,18.0408,4.64395,83.7805,85.0695,24.3193,4.64395,0.275
0.2326,18.0866,18.0866,4.6293,83.7282,85.0695,24.3147,4.6293,0.273333
0.2328,18.1313,18.1313,4.61614,83.6966,85.0695,24.3161,4.61614,0.271667
0.233,18.0973,18.0973,4.63318,83.8482,85.0695,24.3149,4.63318,0.273333
0.2332,18.0476,18.0476,4.64313,83.7976,85.0695,24.3193,4.64313,0.275
0.2334,18.0938,18.0938,4.62799,83.7381,85.0695,24.3143,4.62799,0.273333
0.2336,18.1379,18.1379,4.61439,83.6954,85.0695,24.3138,4.61439,0.271667
0.2338,18.0935,18.0935,4.63333,83.8333,85.0695,24.3149,4.63333,0.273333
0.234,18.0447,18.0447,4.64596,83.8352,85.0695,24.3176,4.64596,0.275
0.2342,18.0897,18.0897,4.62582,83.6798,85.0695,24.3144,4.62582,0.273333
0.2344,18.1353,18.1353,4.6184,83.7561,85.0695,24.3156,4.6184,0.271667
0.2346,18.0936,18.0936,4.63583,83.8787,85.0695,24.3154,4.63583,0.273333
0.2348,18.0408,18.0408,4.64395,83.7805,85.0695,24.3193,4.64395,0.275
0.235,18.0866,18.0866,4.6293,83.7282,85.0695,24.3147,4.6293,0.273333
0.2352,18.1313,18.1313,4.61614,83.6966,85.0695,24.3161,4.61614,0.271667
0.2354,18.0973,18.0973,4.63318,83.8482,85.0695,24.3149,4.63318,0.273333
0.2356,18.0476,18.0476,4.64313,83.7976,85.0695,24.3193,4.64313,0.275
0.2358,18.0938,18.0938,4.62799,83.7381,85.0695,24.3143,4.62799,0.273333
0.236,18.1379,18.1379,4.61439,83.6954,85.0695,24.3138,4.61439,0.271667
0.2362,18.0935,18.0935,4.63333,83.8333,85.0695,24.3149,4.63333,0.273333
0.2364,18.0447,18.0447,4.64596,83.8352,85.0695,24.3176,4.64596,0.275
0.2366,18.0897,18.0897,4.62582,83.6798,85.0695,24.3144,4.62582,0.273333
0.2368,18.1353,18.1353,4.6184,83.7561,85.0695,24.3156,4.6184,0.271667
0.237,18.0936,18.0936,4.63583,83.8787,85.0695,24.3154,4.63583,0.273333
0.2372,18.0408,18.0408,4.64395,83.7805,85.0695,24.3193,4.64395,0.275
0.2374,18.0866,18.0866,4.6293,83.7282,85.0695,24.3147,4.6293,0.273333
0.2376,18.1313,18.1313,4.61614,83.6966,85.0695,24.3161,4.61614,0.271667
0.2378,18.0973,18.0973,4.63318,83.8482,85.0695,24.3149,4.63318,0.273333
0.238,18.0476,18.0476,4.64313,83.7976,85.0695,24.3193,4.64313,0.275
0.2382,18.0938,18.0938,4.62799,83.7381,85.0695,24.3143,4.62799,0.273333
0.2384,18.1379,18.1379,4.61439,83.6954,85.0695,24.3138,4.61439,0.271667
0.2386,18.0935,18.0935,4.63333,83.8333,85.0695,24.3149,4.63333,0.273333
0.2388,18.0447,18.0447,4.64596,83.8352,85.0695,24.3176,4.64596,0.275
0.239,18.0897,18.0897,4.62582,83.6798,85.0695,24.3144,4.62582,0.273333
0.2392,18.1353,18.1353,4.6184,83.7561,85.0695,24.3156,4.6184,0.271667
0.2394,18.0936,18.0936,4.63583,83.8787,85.0695,24.3154,4.63583,0.273333
0.2396,18.0408,18.0408,4.64395,83.7805,85.0695,24.3193,4.64395,0.275
0.2398,18.0866,18.0866,4.6293,83.7282,85.0695,24.3147,4.6293,0.273333
0.24,18.1313,18.1313,4.61614,83.6966,85.0695,24.3161,4.61614,0.271667
0.2402,18.0973,18.0973,4.63318,83.8482,85.0695,24.3149,4.63318,0.273333
0.2404,18.0476,18.0476,4.64313,83.7976,85.0695,24.3193,4.64313,0.275
0.2406,18.0938,18.0938,4.62799,83.7381,85.0695,24.3143,4.62799,0.273333
0.2408,18.1379,18.1379,4.61439,83.6954,85.0695,24.3138,4.61439,0.271667
0.241,18.0935,18.0935,4.63333,83.8333,85.0695,24.3149,4.63333,0.273333
0.2412,18.0447,18.0447,4.64596,83.8352,85.0695,24.3176,4.64596,0.275
0.2414,18.0897,18.0897,4.62582,83.6798,85.0695,24.3144,4.62582,0.273333
0.2416,18.1353,18.1353,4.6184,83.7561,85.0695,24.3156,4.6184,0.271667
0.2418,18.0936,18.0936,4.63583,83.8787,85.0695,24.3154,4.63583,0.273333
0.242,18.0408,18.0408,4.64395,83.7805,85.0695,24.3193,4.64395,0.275
0.2422,18.0866,18.0866,4.6293,83.7282,85.0695,24.3147,4.6293,0.273333
0.2424,18.1313,18.1313,4.61614,83.6966,85.0695,24.3161,4.61614,0.271667
0.2426,18.0973,18.0973,4.63318,83.8482,85.0695,24.3149,4.63318,0.273333
0.2428,18.0476,18.0476,4.64313,83.7976,85.0695,24.3193,4.64313,0.275
0.243,18.0938,18.0938,4.62799,83.7381,85.0695,24.3143,4.62799,0.273333
0.2432,18.1379,18.1379,4.61439,83.6954,85.0695,24.3138,4.61439,0.271667
0.2434,18.0935,18.0935,4.63333,83.8333,85.0695,24.3149,4.63333,0.273333
0.2436,18.0447,18.0447,4.64596,83.8352,85.0695,24.3176,4.64596,0.275
0.2438,18.0897,18.0897,4.62582,83.6798,85.0695,24.3144,4.62582,0.273333
0.244,18.1353,18.1353,4.6184,83.7561,85.0695,24.3156,4.6184,0.271667
0.2442,18.0936,18.0936,4.63583,83.8787,85.0695,24.3154,4.63583,0.273333
0.2444,18.0408,18.0408,4.64395,83.7805,85.0695,24.3193,4.64395,0.275
0.2446,18.0866,18.0866,4.6293,83.7282,85.0695,24.3147,4.6293,0.273333
0.2448,18.1313,18.1313,4.61614,83.6966,85.0695,24.3161,4.61614,0.271667
0.245,18.0973,18.0973,4.63318,83.8482,85.0695,24.3149,4.63318,0.273333
0.2452,18.0476,18.0476,4.64313,83.7976,85.0695,24.3193,4.64313,0.275
0.2454,18.0938,18.0938,4.62799,83.7381,85.0695,24.3143,4.62799,0.273333
0.2456,18.1379,18.1379,4.61439,83.6954,85.0695,24.3138,4.61439,0.271667
0.2458,18.0935,18.0935,4.63333,83.8333,85.0695,24.3149,4.63333,0.273333
0.246,18.0447,18.0447,4.64596,83.8352,85.0695,24.3176,4.64596,0.275
0.2462,18.0897,18.0897,4.62582,83.6798,85.0695,24.3144,4.62582,0.273333
0.2464,18.1353,18.1353,4.6184,83.7561,85.0695,24.3156,4.6184,0.271667
0.2466,18.0936,18.0936,4.63583,83.8787,85.0695,24.3154,4.63583,0.273333
0.2468,18.0408,18.0408,4.64395,83.7805,85.0695,24.3193,4.64395,0.275
0.247,18.0866,18.0866,4.6293,83.7282,85.0695,24.3147,4.6293,0.273333
0.2472,18.1313,18.1313,4.61614,83.6966,85.0695,24.3161,4.61614,0.271667
0.2474,18.0973,18.0973,4.63318,83.8482,85.0695,24.3149,4.63318,0.273333
0.2476,18.0476,18.0476,4.64313,83.7976,85.0695,24.3193,4.64313,0.275
0.2478,18.0938,18.0938,4.62799,83.7381,85.0695,24.3143,4.62799,0.273333
0.248,18.1379,18.1379,4.61439,83.6954,85.0695,24.3138,4.61439,0.271667
0.2482,18.0935,18.0935,4.63333,83.8333,85.0695,24.3149,4.63333,0.273333
0.2484,18.0447,18.0447,4.64596,83.8352,85.0695,24.3176,4.64596,0.275
0.2486,18.0897,18.0897,4.62582,83.6798,85.0695,24.3144,4.62582,0.273333
0.2488,18.1353,18.1353,4.6184,83.7561,85.0695,24.3156,4.6184,0.271667
0.249,18.0936,18.0936,4.63583,83.8787,85.0695,24.3154,4.63583,0.273333
0.2492,18.0408,18.0408,4.64395,83.7805,85.0695,24.3193,4.64395,0.275
0.2494,18.0866,18.0866,4.6293,83.7282,85.0695,24.3147,4.6293,0.273333
0.2496,18.1313,18.1313,4.61614,83.6966,85.0695,24.3161,4.61614,0.271667
0.2498,18.0973,18.0973,4.63318,83.8482,85.0695,24.3149,4.63318,0.273333
0.25,18.0476,18.0476,4.64313,83.7976,85.0695,24.3193,4.64313,0.275
0.2502,18.0938,18.0938,4.62799,83.7381,85.0695,24.3143,4.62799,0.273333
0.2504,18.1379,18.1379,4.61439,83.6954,85.0695,24.3138,4.61439,0.271667
0.2506,18.0935,18.0935,4.63333,83.8333,85.0695,24.3149,4.63333,0.273333
0.2508,18.0447,18.0447,4.64596,83.8352,85.0695,24.3176,4.64596,0.275
0.251,18.0897,18.0897,4.62582,83.6798,85.0695,24.3144,4.62582,0.273333
0.2512,18.1353,18.1353,4.6184,83.7561,85.0695,24.3156,4.6184,0.271667
0.2514,18.0936,18.0936,4.63583,83.8787,85.0695,24.3154,4.63583,0.273333
0.2516,18.0408,18.0408,4.64395,83.7805,85.0695,24.3193,4.64395,0.275
0.2518,18.0866,18.0866,4.6293,83.7282,85.0695,24.3147,4.6293,0.273333
0.252,18.1313,18.1313,4.61614,83.6966,85.0695,24.3161,4.61614,0.271667
0.2522,18.0973,18.0973,4.63318,83.8482,85.0695,24.3149,4.63318,0.273333
0.2524,18.0476,18.0476,4.64313,83.7976,85.0695,24.3193,4.64313,0.275
0.2526,18.0938,18.0938,4.62799,83.7381,85.0695,24.3143,4.62799,0.273333
0.2528,18.1379,18.1379,4.61439,83.6954,85.0695,24.3138,4.61439,0.271667
0.253,18.0935,18.0935,4.63333,83.8333,85.0695,24.3149,4.63333,0.273333
0.2532,18.0447,18.0447,4.64596,83.8352,85.0695,24.3176,4.64596,0.275
0.2534,18.0897,18.0897,4.62582,83.6798,85.0695,24.3144,4.62582,0.273333
0.2536,18.1353,18.1353,4.6184,83.7561,85.0695,24.3156,4.6184,0.271667
0.2538,18.0936,18.0936,4.63583,83.8787,85.0695,24.3154,4.63583,0.273333
0.254,18.0408,18.0408,4.64395,83.7805,85.0695,24.3193,4.64395,0.275
0.2542,18.0866,18.0866,4.6293,83.7282,85.0695,24.3147,4.6293,0.273333
0.2544,18.1313,18.1313,4.61614,83.6966,85.0695,24.3161,4.61614,0.271667
0.2546,18.0973,18.0973,4.63318,83.8482,85.0695,24.3149,4.63318,0.273333
0.2548,18.0476,18.0476,4.64313,83.7976,85.0695,24.3193,4.64313,0.275
0.255,18.0938,18.0938,4.62799,83.7381,85.0695,24.3143,4.62799,0.273333
0.2552,18.1379,18.1379,4.61439,83.6954,85.0695,24.3138,4.61439,0.271667
0.2554,18.0935,18.0935,4.63333,83.8333,85.0695,24.3149,4.63333,0.273333
0.2556,18.0447,18.0447,4.64596,83.8352,85.0695,24.3176,4.64596,0.275
0.2558,18.0897,18.0897,4.62582,83.6798,85.0695,24.3144,4.62582,0.273333
0.256,18.1353,18.1353,4.6184,83.7561,85.0695,24.3156,4.6184,0.271667
0.2562,18.0936,18.0936,4.63583,83.8787,85.0695,24.3154,4.63583,0.273333
0.2564,18.0408,18.0408,4.64395,83.7805,85.0695,24.3193,4.64395,0.275
0.2566,18.0866,18.0866,4.6293,83.7282,85.0695,24.3147,4.6293,0.273333
0.2568,18.1313,18.1313,4.61614,83.6966,85.0695,24.3161,4.61614,0.271667
0.257,18.0973,18.0973,4.63318,83.8482,85.0695,24.3149,4.63318,0.273333
0.2572,18.0476,18.0476,4.64313,83.7976,85.0695,24.3193,4.64313,0.275
0.2574,18.0938,18.0938,4.62799,83.7381,85.0695,24.3143,4.62799,0.273333
0.2576,18.1379,18.1379,4.61439,83.6954,85.0695,24.3138,4.61439,0.271667
0.2578,18.0935,18.0935,4.63333,83.8333,85.0695,24.3149,4.63333,0.273333
0.258,18.0447,18.0447,4.64596,83.8352,85.0695,24.3176,4.64596,0.275
0.2582,18.0897,18.0897,4.62582,83.6798,85.0695,24.3144,4.62582,0.273333
0.2584,18.1353,18.1353,4.6184,83.7561,85.0695,24.3156,4.6184,0.271667
0.2586,18.0936,18.0936,4.63583,83.8787,85.0695,24.3154,4.63583,0.273333
0.2588,18.0408,18.0408,4.64395,83.7805,85.0695,24.3193,4.64395,0.275
0.259,18.0866,18.0866,4.6293,83.7282,85.0695,24.3147,4.6293,0.273333
0.2592,18.1313,18.1313,4.61614,83.6966,85.0695,24.3161,4.61614,0.271667
0.2594,18.0973,18.0973,4.63318,83.8482,85.0695,24.3149,4.63318,0.273333
0.2596,18.0476,18.0476,4.64313,83.7976,85.0695,24.3193,4.64313,0.275
0.2598,18.0938,18.0938,4.62799,83.7381,85.0695,24.3143,4.62799,0.273333
0.26,18.1379,18.1379,4.61439,83.6954,85.0695,24.3138,4.61439,0.271667
0.2602,18.0935,18.0935,4.63333,83.8333,85.0695,24.3149,4.63333,0.273333
0.2604,18.0447,18.0447,4.64596,83.8352,85.0695,24.3176,4.64596,0.275
0.2606,18.0897,18.0897,4.62582,83.6798,85.0695,24.3144,4.62582,0.273333
0.2608,18.1353,18.1353,4.6184,83.7561,85.0695,24.3156,4.6184,0.271667
0.261,18.0936,18.0936,4.63583,83.8787,85.0695,24.3154,4.63583,0.273333
0.2612,18.0408,18.0408,4.64395,83.7805,85.0695,24.3193,4.64395,0.275
0.2614,18.0866,18.0866,4.6293,83.7282,85.0695,24.3147,4.6293,0.273333
0.2616,18.1313,18.1313,4.61614,83.6966,85.0695,24.3161,4.61614,0.271667
0.2618,18.0973,18.0973,4.63318,83.8482,85.0695,24.3149,4.63318,0.273333
0.262,18.0476,18.0476,4.64313,83.7976,85.0695,24.3193,4.64313,0.275
0.2622,18.0938,18.0938,4.62799,83.7381,85.0695,24.3143,4.62799,0.273333
0.2624,18.1379,18.1379,4.61439,83.6954,85.0695,24.3138,4.61439,0.271667
0.2626,18.0935,18.0935,4.63333,83.8333,85.0695,24.3149,4.63333,0.273333
0.2628,18.0447,18.0447,4.64596,83.8352,85.0695,24.3176,4.64596,0.275
0.263,18.0897,18.0897,4.62582,83.6798,85.0695,24.3144,4.62582,0.273333
0.2632,18.1353,18.1353,4.6184,83.7561,85.0695,24.3156,4.6184,0.271667
0.2634,18.0936,18.0936,4.63583,83.8787,85.0695,24.3154,4.63583,0.273333
0.2636,18.0408,18.0408,4.64395,83.7805,85.0695,24.3193,4.64395,0.275
0.2638,18.0866,18.0866,4.6293,83.7282,85.0695,24.3147,4.6293,0.273333
0.264,18.1313,18.1313,4.61614,83.6966,85.0695,24.3161,4.61614,0.271667
0.2642,18.0973,18.0973,4.63318,83.8482,85.0695,24.3149,4.63318,0.273333
0.2644,18.0476,18.0476,4.64313,83.7976,85.0695,24.3193,4.64313,0.275
0.2646,18.0938,18.0938,4.62799,83.7381,85.0695,24.3143,4.62799,0.273333
0.2648,18.1379,18.1379,4.61439,83.6954,85.0695,24.3138,4.61439,0.271667
0.265,18.0935,18.0935,4.63333,83.8333,85.0695,24.3149,4.63333,0.273333
0.2652,18.0447,18.0447,4.64596,83.8352,85.0695,24.3176,4.64596,0.275
0.2654,18.0897,18.0897,4.62582,83.6798,85.0695,24.3144,4.62582,0.273333
0.2656,18.1353,18.1353,4.6184,83.7561,85.0695,24.3156,4.6184,0.271667
0.2658,18.0936,18.0936,4.63583,83.8787,85.0695,24.3154,4.63583,0.273333
0.266,18.0408,18.0408,4.64395,83.7805,85.0695,24.3193,4.64395,0.275
0.2662,18.0866,18.0866,4.6293,83.7282,85.0695,24.3147,4.6293,0.273333
0.2664,18.1313,18.1313,4.61614,83.6966,85.0695,24.3161,4.61614,0.271667
0.2666,18.0973,18.0973,4.63318,83.8482,85.0695,24.3149,4.63318,0.273333
0.2668,18.0476,18.0476,4.64313,83.7976,85.0695,24.3193,4.64313,0.275
0.267,18.0938,18.0938,4.62799,83.7381,85.0695,24.3143,4.62799,0.273333
0.2672,18.1379,18.1379,4.61439,83.6954,85.0695,24.3138,4.61439,0.271667
0.2674,18.0935,18.0935,4.63333,83.8333,85.0695,24.3149,4.63333,0.273333
0.2676,18.0447,18.0447,4.64596,83.8352,85.0695,24.3176,4.64596,0.275
0.2678,18.0897,18.0897,4.62582,83.6798,85.0695,24.3144,4.62582,0.273333
0.268,18.1353,18.1353,4.6184,83.7561,85.0695,24.3156,4.6184,0.271667
0.2682,18.0936,18.0936,4.63583,83.8787,85.0695,24.3154,4.63583,0.273333
0.2684,18.0408,18.0408,4.64395,83.7805,85.0695,24.3193,4.64395,0.275
0.2686,18.0866,18.0866,4.6293,83.7282,85.0695,24.3147,4.6293,0.273333
0.2688,18.1313,18.1313,4.61614,83.6966,85.0695,24.3161,4.61614,0.271667
0.269,18.0973,18.0973,4.63318,83.8482,85.0695,24.3149,4.63318,0.273333
0.2692,18.0476,18.0476,4.64313,83.7976,85.0695,24.3193,4.64313,0.275
0.2694,18.0938,18.0938,4.62799,83.7381,85.0695,24.3143,4.62799,0.273333
0.2696,18.1379,18.1379,4.61439,83.6954,85.0695,24.3138,4.61439,0.271667
0.2698,18.0935,18.0935,4.63333,83.8333,85.0695,24.3149,4.63333,0.273333
0.27,18.0447,18.0447,4.64596,83.8352,85.0695,24.3176,4.64596,0.275
0.2702,18.0897,18.0897,4.62582,83.6798,85.0695,24.3144,4.62582,0.273333
0.2704,18.1353,18.1353,4.6184,83.7561,85.0695,24.3156,4.6184,0.271667
0.2706,18.0936,18.0936,4.63583,83.8787,85.0695,24.3154,4.63583,0.273333
0.2708,18.0408,18.0408,4.64395,83.7805,85.0695,24.3193,4.64395,0.275
0.271,18.0866,18.0866,4.6293,83.7282,85.0695,24.3147,4.6293,0.273333
0.2712,18.1313,18.1313,4.61614,83.6966,85.0695,24.3161,4.61614,0.271667
0.2714,18.0973,18.0973,4.63318,83.8482,85.0695,24.3149,4.63318,0.273333
0.2716,18.0476,18.0476,4.64313,83.7976,85.0695,24.3193,4.64313,0.275
0.2718,18.0938,18.0938,4.62799,83.7381,85.0695,24.3143,4.62799,0.273333
0.272,18.1379,18.1379,4.61439,83.6954,85.0695,24.3138,4.61439,0.271667
0.2722,18.0935,18.0935,4.63333,83.8333,85.0695,24.3149,4.63333,0.273333
0.2724,18.0447,18.0447,4.64596,83.8352,85.0695,24.3176,4.64596,0.275
0.2726,18.0897,18.0897,4.62582,83.6798,85.0695,24.3144,4.62582,0.273333
0.2728,18.1353,18.1353,4.6184,83.7561,85.0695,24.3156,4.6184,0.271667
0.273,18.0936,18.0936,4.63583,83.8787,85.0695,24.3154,4.63583,0.273333
0.2732,18.0408,18.0408,4.64395,83.7805,85.0695,24.3193,4.64395,0.275
0.2734,18.0866,18.0866,4.6293,83.7282,85.0695,24.3147,4.6293,0.273333
0.2736,18.1313,18.1313,4.61614,83.6966,85.0695,24.3161,4.61614,0.271667
0.2738,18.0973,18.0973,4.63318,83.8482,85.0695,24.3149,4.63318,0.273333
0.274,18.0476,18.0476,4.64313,83.7976,85.0695,24.3193,4.64313,0.275
0.2742,18.0938,18.0938,4.62799,83.7381,85.0695,24.3143,4.62799,0.273333
0.2744,18.1379,18.1379,4.61439,83.6954,85.0695,24.3138,4.61439,0.271667
0.2746,18.0935,18.0935,4.63333,83.8333,85.0695,24.3149,4.63333,0.273333
0.2748,18.0447,18.0447,4.64596,83.8352,85.0695,24.3176,4.64596,0.275
0.275,18.0897,18.0897,4.62582,83.6798,85.0695,24.3144,4.62582,0.273333
0.2752,18.1353,18.1353,4.6184,83.7561,85.0695,24.3156,4.6184,0.271667
0.2754,18.0936,18.0936,4.63583,83.8787,85.0695,24.3154,4.63583,0.273333
0.2756,18.0408,18.0408,4.64395,83.7805,85.0695,24.3193,4.64395,0.275
0.2758,18.0866,18.0866,4.6293,83.7282,85.0695,24.3147,4.6293,0.273333
0.276,18.1313,18.1313,4.61614,83.6966,85.0695,24.3161,4.61614,0.271667
0.2762,18.0973,18.0973,4.63318,83.8482,85.0695,24.3149,4.63318,0.273333
0.2764,18.0476,18.0476,4.64313,83.7976,85.0695,24.3193,4.64313,0.275
0.2766,18.0938,18.0938,4.62799,83.7381,85.0695,24.3143,4.62799,0.273333
0.2768,18.1379,18.1379,4.61439,83.6954,85.0695,24.3138,4.61439,0.271667
0.277,18.0935,18.0935,4.63333,83.8333,85.0695,24.3149,4.63333,0.273333
0.2772,18.0447,18.0447,4.64596,83.8352,85.0695,24.3176,4.64596,0.275
0.2774,18.0897,18.0897,4.62582,83.6798,85.0695,24.3144,4.62582,0.273333
0.2776,18.1353,18.1353,4.6184,83.7561,85.0695,24.3156,4.6184,0.271667
0.2778,18.0936,18.0936,4.63583,83.8787,85.0695,24.3154,4.63583,0.273333
0.278,18.0408,18.0408,4.64395,83.7805,85.0695,24.3193,4.64395,0.275
0.2782,18.0866,18.0866,4.6293,83.7282,85.0695,24.3147,4.6293,0.273333
0.2784,18.1313,18.1313,4.61614,83.6966,85.0695,24.3161,4.61614,0.271667
0.2786,18.0973,18.0973,4.63318,83.8482,85.0695,24.3149,4.63318,0.273333
0.2788,18.0476,18.0476,4.64313,83.7976,85.0695,24.3193,4.64313,0.275
0.279,18.0938,18.0938,4.62799,83.7381,85.0695,24.3143,4.62799,0.273333
0.2792,18.1379,18.1379,4.61439,83.6954,85.0695,24.3138,4.61439,0.271667
0.2794,18.0935,18.0935,4.63333,83.8333,85.0695,24.3149,4.63333,0.273333
0.2796,18.0447,18.0447,4.64596,83.8352,85.0695,24.3176,4.64596,0.275
0.2798,18.0897,18.0897,4.62582,83.6798,85.0695,24.3144,4.62582,0.273333
0.28,18.1353,18.1353,4.6184,83.7561,85.0695,24.3156,4.6184,0.271667
0.2802,18.0936,18.0936,4.63583,83.8787,85.0695,24.3154,4.63583,0.273333
0.2804,18.0408,18.0408,4.64395,83.7805,85.0695,24.3193,4.64395,0.275
0.2806,18.0866,18.0866,4.6293,83.7282,85.0695,24.3147,4.6293,0.273333
0.2808,18.1313,18.1313,4.61614,83.6966,85.0695,24.3161,4.61614,0.271667
0.281,18.0973,18.0973,4.63318,83.8482,85.0695,24.3149,4.63318,0.273333
0.2812,18.0476,18.0476,4.64313,83.7976,85.0695,24.3193,4.64313,0.275
0.2814,18.0938,18.0938,4.62799,83.7381,85.0695,24.3143,4.62799,0.273333
0.2816,18.1379,18.1379,4.61439,83.6954,85.0695,24.3138,4.61439,0.271667
0.2818,18.0935,18.0935,4.63333,83.8333,85.0695,24.3149,4.63333,0.273333
0.282,18.0447,18.0447,4.64596,83.8352,85.0695,24.3176,4.64596,0.275
0.2822,18.0897,18.0897,4.62582,83.6798,85.0695,24.3144,4.62582,0.273333
0.2824,18.1353,18.1353,4.6184,83.7561,85.0695,24.3156,4.6184,0.271667
0.2826,18.0936,18.0936,4.63583,83.8787,85.0695,24.3154,4.63583,0.273333
0.2828,18.0408,18.0408,4.64395,83.7805,85.0695,24.3193,4.64395,0.275
0.283,18.0866,18.0866,4.6293,83.7282,85.0695,24.3147,4.6293,0.273333
0.2832,18.1313,18.1313,4.61614,83.6966,85.0695,24.3161,4.61614,0.271667
0.2834,18.0973,18.0973,4.63318,83.8482,85.0695,24.3149,4.63318,0.273333
0.2836,18.0476,18.0476,4.64313,83.7976,85.0695,24.3193,4.64313,0.275
0.2838,18.0938,18.0938,4.62799,83.7381,85.0695,24.3143,4.62799,0.273333
0.284,18.1379,18.1379,4.61439,83.6954,85.0695,24.3138,4.61439,0.271667
0.2842,18.0935,18.0935,4.63333,83.8333,85.0695,24.3149,4.63333,0.273333
0.2844,18.0447,18.0447,4.64596,83.8352,85.0695,24.3176,4.64596,0.275
0.2846,18.0897,18.0897,4.62582,83.6798,85.0695,24.3144,4.62582,0.273333
0.2848,18.1353,18.1353,4.6184,83.7561,85.0695,24.3156,4.6184,0.271667
0.285,18.0936,18.0936,4.63583,83.8787,85.0695,24.3154,4.63583,0.273333
0.2852,18.0408,18.0408,4.64395,83.7805,85.0695,24.3193,4.64395,0.275
0.2854,18.0866,18.0866,4.6293,83.7282,85.0695,24.3147,4.6293,0.273333
0.2856,18.1313,18.1313,4.61614,83.6966,85.0695,24.3161,4.61614,0.271667
0.2858,18.0973,18.0973,4.63318,83.8482,85.0695,24.3149,4.63318,0.273333
0.286,18.0476,18.0476,4.64313,83.7976,85.0695,24.3193,4.64313,0.275
0.2862,18.0938,18.0938,4.62799,83.7381,85.0695,24.3143,4.62799,0.273333
0.2864,18.1379,18.1379,4.61439,83.6954,85.0695,24.3138,4.61439,0.271667
0.2866,18.0935,18.0935,4.63333,83.8333,85.0695,24.3149,4.63333,0.273333
0.2868,18.0447,18.0447,4.64596,83.8352,85.0695,24.3176,4.64596,0.275
0.287,18.0897,18.0897,4.62582,83.6798,85.0695,24.3144,4.62582,0.273333
0.2872,18.1353,18.1353,4.6184,83.7561,85.0695,24.3156,4.6184,0.271667
0.2874,18.0936,18.0936,4.63583,83.8787,85.0695,24.3154,4.63583,0.273333
0.2876,18.0408,18.0408,4.64395,83.7805,85.0695,24.3193,4.64395,0.275
0.2878,18.0866,18.0866,4.6293,83.7282,85.0695,24.3147,4.6293,0.273333
0.288,18.1313,18.1313,4.61614,83.6966,85.0695,24.3161,4.61614,0.271667
0.2882,18.0973,18.0973,4.63318,83.8482,85.0695,24.3149,4.63318,0.273333
0.2884,18.0476,18.0476,4.64313,83.7976,85.0695,24.3193,4.64313,0.275
0.2886,18.0938,18.0938,4.62799,83.7381,85.0695,24.3143,4.62799,0.273333
0.2888,18.1379,18.1379,4.61439,83.6954,85.0695,24.3138,4.61439,0.271667
0.289,18.0935,18.0935,4.63333,83.8333,85.0695,24.3149,4.63333,0.273333
0.2892,18.0447,18.0447,4.64596,83.8352,85.0695,24.3176,4.64596,0.275
0.2894,18.0897,18.0897,4.62582,83.6798,85.0695,24.3144,4.62582,0.273333
0.2896,18.1353,18.1353,4.6184,83.7561,85.0695,24.3156,4.6184,0.271667
0.2898,18.0936,18.0936,4.63583,83.8787,85.0695,24.3154,4.63583,0.273333
0.29,18.0408,18.0408,4.64395,83.7805,85.0695,24.3193,4.64395,0.275
0.2902,18.0866,18.0866,4.6293,83.7282,85.0695,24.3147,4.6293,0.273333
0.2904,18.1313,18.1313,4.61614,83.6966,85.0695,24.3161,4.61614,0.271667
0.2906,18.0973,18.0973,4.63318,83.8482,85.0695,24.3149,4.63318,0.273333
0.2908,18.0476,18.0476,4.64313,83.7976,85.0695,24.3193,4.64313,0.275
0.291,18.0938,18.0938,4.62799,83.7381,85.0695,24.3143,4.62799,0.273333
0.2912,18.1379,18.1379,4.61439,83.6954,85.0695,24.3138,4.61439,0.271667
0.2914,18.0935,18.0935,4.63333,83.8333,85.0695,24.3149,4.63333,0.273333
0.2916,18.0447,18.0447,4.64596,83.8352,85.0695,24.3176,4.64596,0.275
0.2918,18.0897,18.0897,4.62582,83.6798,85.0695,24.3144,4.62582,0.273333
0.292,18.1353,18.1353,4.6184,83.7561,85.0695,24.3156,4.6184,0.271667
0.2922,18.0936,18.0936,4.63583,83.8787,85.0695,24.3154,4.63583,0.273333
0.2924,18.0408,18.0408,4.64395,83.7805,85.0695,24.3193,4.64395,0.275
0.2926,18.0866,18.0866,4.6293,83.7282,85.0695,24.3147,4.6293,0.273333
0.2928,18.1313,18.1313,4.61614,83.6966,85.0695,24.3161,4.61614,0.271667
0.293,18.0973,18.0973,4.63318,83.8482,85.0695,24.3149,4.63318,0.273333
0.2932,18.0476,18.0476,4.64313,83.7976,85.0695,24.3193,4.64313,0.275
0.2934,18.0938,18.0938,4.62799,83.7381,85.0695,24.3143,4.62799,0.273333
0.2936,18.1379,18.1379,4.61439,83.6954,85.0695,24.3138,4.61439,0.271667
0.2938,18.0935,18.0935,4.63333,83.8333,85.0695,24.3149,4.63333,0.273333
0.294,18.0447,18.0447,4.64596,83.8352,85.0695,24.3176,4.64596,0.275
0.2942,18.0897,18.0897,4.62582,83.6798,85.0695,24.3144,4.62582,0.273333
0.2944,18.1353,18.1353,4.6184,83.7561,85.0695,24.3156,4.6184,0.271667
0.2946,18.0936,18.0936,4.63583,83.8787,85.0695,24.3154,4.63583,0.273333
0.2948,18.0408,18.0408,4.64395,83.7805,85.0695,24.3193,4.64395,0.275
0.295,18.0866,18.0866,4.6293,83.7282,85.0695,24.3147,4.6293,0.273333
0.2952,18.1313,18.1313,4.61614,83.6966,85.0695,24.3161,4.61614,0.271667
0.2954,18.0973,18.0973,4.63318,83.8482,85.0695,24.3149,4.63318,0.273333
0.2956,18.0476,18.0476,4.64313,83.7976,85.0695,24.3193,4.64313,0.275
0.2958,18.0938,18.0938,4.62799,83.7381,85.0695,24.3143,4.62799,0.273333
0.296,18.1379,18.1379,4.61291,83.6685,85.0695,24.3173,4.61291,0.271667
0.2962,18.0901,18.0901,4.6319,83.7913,85.0695,24.3188,4.6319,0.273333
0.2964,18.0438,18.0438,4.64462,83.8067,85.0695,24.3197,4.64462,0.275
0.2966,18.0852,18.0852,4.62656,83.6724,85.0695,24.3184,4.62656,0.273333
0.2968,18.1397,18.1397,4.61224,83.6647,85.0695,24.3173,4.61224,0.271667
0.297,18.0977,18.0977,4.62907,83.7753,85.0695,24.3184,4.62907,0.273333
0.2972,18.0492,18.0492,4.64354,83.8123,85.0695,24.3194,4.64354,0.275
0.2974,18.095,18.095,4.62571,83.7024,85.0695,24.3182,4.62571,0.273333
0.2976,18.1301,18.1301,4.61629,83.694,85.0695,24.3178,4.61629,0.271667
0.2978,18.0891,18.0891,4.63837,83.9039,85.0695,24.3192,4.63837,0.273333
0.298,18.0387,18.0387,4.64099,83.7174,85.0695,24.3194,4.64099,0.275
0.2982,18.0938,18.0938,4.62516,83.6868,85.0695,24.3182,4.62516,0.273333
0.2984,18.1294,18.1294,4.61735,83.7099,85.0695,24.3178,4.61735,0.271667
0.2986,18.0843,18.0843,4.63753,83.8664,85.0695,24.3191,4.63753,0.273333
0.2988,18.0402,18.0402,4.64471,83.7915,85.0695,24.3196,4.64471,0.275
0.299,18.0943,18.0943,4.62594,83.7031,85.0695,24.3183,4.62594,0.273333
0.2992,18.1301,18.1301,4.61623,83.6928,85.0695,24.3178,4.61623,0.271667
0.2994,18.0892,18.0892,4.63837,83.9042,85.0695,24.3192,4.63837,0.273333
0.2996,18.0387,18.0387,4.64099,83.7174,85.0695,24.3194,4.64099,0.275
0.2998,18.0938,18.0938,4.62515,83.6867,85.0695,24.3182,4.62515,0.273333
0.3,18.1294,18.1294,4.61735,83.7099,85.0695,24.3178,4.61735,0.271667
0.3002,18.0843,18.0843,4.63753,83.8664,85.0695,24.3191,4.63753,0.273333
0.3004,18.0402,18.0402,4.64471,83.7915,85.0695,24.3196,4.64471,0.275
0.3006,18.0943,18.0943,4.62594,83.7031,85.0695,24.3183,4.62594,0.273333
0.3008,18.1301,18.1301,4.61623,83.6928,85.0695,24.3178,4.61623,0.271667
0.301,18.0892,18.0892,4.63837,83.9042,85.0695,24.3192,4.63837,0.273333
0.3012,18.0387,18.0387,4.64099,83.7174,85.0695,24.3194,4.64099,0.275
0.3014,18.0938,18.0938,4.62515,83.6867,85.0695,24.3182,4.62515,0.273333
0.3016,18.1294,18.1294,4.61735,83.7099,85.0695,24.3178,4.61735,0.271667
0.3018,18.0843,18.0843,4.63753,83.8664,85.0695,24.3191,4.63753,0.273333
0.302,18.0402,18.0402,4.64471,83.7915,85.0695,24.3196,4.64471,0.275
0.3022,18.0943,18.0943,4.62594,83.7031,85.0695,24.3183,4.62594,0.273333
0.3024,18.1301,18.1301,4.61623,83.6928,85.0695,24.3178,4.61623,0.271667
0.3026,18.0892,18.0892,4.63837,83.9042,85.0695,24.3192,4.63837,0.273333
0.3028,18.0387,18.0387,4.64099,83.7174,85.0695,24.3194,4.64099,0.275
0.303,18.0938,18.0938,4.62515,83.6867,85.0695,24.3182,4.62515,0.273333
0.3032,18.1294,18.1294,4.61735,83.7099,85.0695,24.3178,4.61735,0.271667
0.3034,18.0843,18.0843,4.63753,83.8664,85.0695,24.3191,4.63753,0.273333
0.3036,18.0402,18.0402,4.64471,83.7915,85.0695,24.3196,4.64471,0.275
0.3038,18.0943,18.0943,4.62594,83.7031,85.0695,24.3183,4.62594,0.273333
0.304,18.1301,18.1301,4.61623,83.6928,85.0695,24.3178,4.61623,0.271667
0.3042,18.0892,18.0892,4.63837,83.9042,85.0695,24.3192,4.63837,0.273333
0.3044,18.0387,18.0387,4.64099,83.7174,85.0695,24.3194,4.64099,0.275
0.3046,18.0938,18.0938,4.62515,83.6867,85.0695,24.3182,4.62515,0.273333
0.3048,18.1294,18.1294,4.61735,83.7099,85.0695,24.3178,4.61735,0.271667
0.305,18.0843,18.0843,4.63753,83.8664,85.0695,24.3191,4.63753,0.273333
0.3052,18.0402,18.0402,4.64471,83.7915,85.0695,24.3196,4.64471,0.275
0.3054,18.0943,18.0943,4.62594,83.7031,85.0695,24.3183,4.62594,0.273333
0.3056,18.1301,18.1301,4.61623,83.6928,85.0695,24.3178,4.61623,0.271667
0.3058,18.0892,18.0892,4.63837,83.9042,85.0695,24.3192,4.63837,0.273333
0.306,18.0387,18.0387,4.64099,83.7174,85.0695,24.3194,4.64099,0.275
0.3062,18.0938,18.0938,4.62515,83.6867,85.0695,24.3182,4.62515,0.273333
0.3064,18.1294,18.1294,4.61735,83.7099,85.0695,24.3178,4.61735,0.271667
0.3066,18.0843,18.0843,4.63753,83.8664,85.0695,24.3191,4.63753,0.273333
0.3068,18.0402,18.0402,4.64471,83.7915,85.0695,24.3196,4.64471,0.275
0.307,18.0943,18.0943,4.62594,83.7031,85.0695,24.3183,4.62594,0.273333
0.3072,18.1301,18.1301,4.61623,83.6928,85.0695,24.3178,4.61623,0.271667
0.3074,18.0892,18.0892,4.63837,83.9042,85.0695,24.3192,4.63837,0.273333
0.3076,18.0387,18.0387,4.64099,83.7174,85.0695,24.3194,4.64099,0.275
0.3078,18.0938,18.0938,4.62515,83.6867,85.0695,24.3182,4.62515,0.273333
0.308,18.1294,18.1294,4.61735,83.7099,85.0695,24.3178,4.61735,0.271667
0.3082,18.0843,18.0843,4.63753,83.8664,85.0695,24.3191,4.63753,0.273333
0.3084,18.0402,18.0402,4.64471,83.7915,85.0695,24.3196,4.64471,0.275
0.3086,18.0943,18.0943,4.62594,83.7031,85.0695,24.3183,4.62594,0.273333
0.3088,18.1301,18.1301,4.61623,83.6928,85.0695,24.3178,4.61623,0.271667
0.309,18.0892,18.0892,4.63837,83.9042,85.0695,24.3192,4.63837,0.273333
0.3092,18.0387,18.0387,4.64099,83.7174,85.0695,24.3194,4.64099,0.275
0.3094,18.0938,18.0938,4.62515,83.6867,85.0695,24.3182,4.62515,0.273333
0.3096,18.1294,18.1294,4.61735,83.7099,85.0695,24.3178,4.61735,0.271667
0.3098,18.0843,18.0843,4.63753,83.8664,85.0695,24.3191,4.63753,0.273333
0.31,18.0402,18.0402,4.64471,83.7915,85.0695,24.3196,4.64471,0.275
0.3102,18.0943,18.0943,4.62594,83.7031,85.0695,24.3183,4.62594,0.273333
0.3104,18.1301,18.1301,4.61623,83.6928,85.0695,24.3178,4.61623,0.271667
0.3106,18.0892,18.0892,4.63837,83.9042,85.0695,24.3192,4.63837,0.273333
0.3108,18.0387,18.0387,4.64099,83.7174,85.0695,24.3194,4.64099,0.275
0.311,18.0938,18.0938,4.62515,83.6867,85.0695,24.3182,4.62515,0.273333
0.3112,18.1294,18.1294,4.61735,83.7099,85.0695,24.3178,4.61735,0.271667
0.3114,18.0843,18.0843,4.63753,83.8664,85.0695,24.3191,4.63753,0.273333
0.3116,18.0402,18.0402,4.64471,83.7915,85.0695,24.3196,4.64471,0.275
0.3118,18.0943,18.0943,4.62594,83.7031,85.0695,24.3183,4.62594,0.273333
0.312,18.1301,18.1301,4.61623,83.6928,85.0695,24.3178,4.61623,0.271667
0.3122,18.0892,18.0892,4.63837,83.9042,85.0695,24.3192,4.63837,0.273333
0.3124,18.0387,18.0387,4.64099,83.7174,85.0695,24.3194,4.64099,0.275
0.3126,18.0938,18.0938,4.62515,83.6867,85.0695,24.3182,4.62515,0.273333
0.3128,18.1294,18.1294,4.61735,83.7099,85.0695,24.3178,4.61735,0.271667
0.313,18.0843,18.0843,4.63753,83.8664,85.0695,24.3191,4.63753,0.273333
0.3132,18.0402,18.0402,4.64471,83.7915,85.0695,24.3196,4.64471,0.275
0.3134,18.0943,18.0943,4.62594,83.7031,85.0695,24.3183,4.62594,0.273333
0.3136,18.1301,18.1301,4.61623,83.6928,85.0695,24.3178,4.61623,0.271667
0.3138,18.0892,18.0892,4.63837,83.9042,85.0695,24.3192,4.63837,0.273333
0.314,18.0387,18.0387,4.64099,83.7174,85.0695,24.3194,4.64099,0.275
0.3142,18.0938,18.0938,4.62515,83.6867,85.0695,24.3182,4.62515,0.273333
0.3144,18.1294,18.1294,4.61735,83.7099,85.0695,24.3178,4.61735,0.271667
0.3146,18.0843,18.0843,4.63753,83.8664,85.0695,24.3191,4.63753,0.273333
0.3148,18.0402,18.0402,4.64471,83.7915,85.0695,24.3196,4.64471,0.275
0.315,18.0943,18.0943,4.62594,83.7031,85.0695,24.3183,4.62594,0.273333
0.3152,18.1301,18.1301,4.61623,83.6928,85.0695,24.3178,4.61623,0.271667
0.3154,18.0892,18.0892,4.63837,83.9042,85.0695,24.3192,4.63837,0.273333
0.3156,18.0387,18.0387,4.64099,83.7174,85.0695,24.3194,4.64099,0.275
0.3158,18.0938,18.0938,4.62515,83.6867,85.0695,24.3182,4.62515,0.273333
0.316,18.1294,18.1294,4.61735,83.7099,85.0695,24.3178,4.61735,0.271667
0.3162,18.0843,18.0843,4.63753,83.8664,85.0695,24.3191,4.63753,0.273333
0.3164,18.0402,18.0402,4.64471,83.7915,85.0695,24.3196,4.64471,0.275
0.3166,18.0943,18.0943,4.62594,83.7031,85.0695,24.3183,4.62594,0.273333
0.3168,18.1301,18.1301,4.61623,83.6928,85.0695,24.3178,4.61623,0.271667
0.317,18.0892,18.0892,4.63837,83.9042,85.0695,24.3192,4.63837,0.273333
0.3172,18.0387,18.0387,4.64099,83.7174,85.0695,24.3194,4.64099,0.275
0.3174,18.0938,18.0938,4.62515,83.6867,85.0695,24.3182,4.62515,0.273333
0.3176,18.1294,18.1294,4.61735,83.7099,85.0695,24.3178,4.61735,0.271667
0.3178,18.0843,18.0843,4.63753,83.8664,85.0695,24.3191,4.63753,0.273333
0.318,18.0402,18.0402,4.64471,83.7915,85.0695,24.3196,4.64471,0.275
0.3182,18.0943,18.0943,4.62594,83.7031,85.0695,24.3183,4.62594,0.273333
0.3184,18.1301,18.1301,4.61623,83.6928,85.0695,24.3178,4.61623,0.271667
0.3186,18.0892,18.0892,4.63837,83.9042,85.0695,24.3192,4.63837,0.273333
0.3188,18.0387,18.0387,4.64099,83.7174,85.0695,24.3194,4.64099,0.275
0.319,18.0938,18.0938,4.62515,83.6867,85.0695,24.3182,4.62515,0.273333
0.3192,18.1294,18.1294,4.61735,83.7099,85.0695,24.3178,4.61735,0.271667
0.3194,18.0843,18.0843,4.63753,83.8664,85.0695,24.3191,4.63753,0.273333
0.3196,18.0402,18.0402,4.64471,83.7915,85.0695,24.3196,4.64471,0.275
0.3198,18.0943,18.0943,4.62594,83.7031,85.0695,24.3183,4.62594,0.273333
0.32,18.1301,18.1301,4.61623,83.6928,85.0695,24.3178,4.61623,0.271667
0.3202,18.0892,18.0892,4.63837,83.9042,85.0695,24.3192,4.63837,0.273333
0.3204,18.0387,18.0387,4.64099,83.7174,85.0695,24.3194,4.64099,0.275
0.3206,18.0938,18.0938,4.62515,83.6867,85.0695,24.3182,4.62515,0.273333
0.3208,18.1294,18.1294,4.61735,83.7099,85.0695,24.3178,4.61735,0.271667
0.321,18.0843,18.0843,4.63753,83.8664,85.0695,24.3191,4.63753,0.273333
0.3212,18.0402,18.0402,4.64471,83.7915,85.0695,24.3196,4.64471,0.275
0.3214,18.0943,18.0943,4.62594,83.7031,85.0695,24.3183,4.62594,0.273333
0.3216,18.1301,18.1301,4.61623,83.6928,85.0695,24.3178,4.61623,0.271667
0.3218,18.0892,18.0892,4.63837,83.9042,85.0695,24.3192,4.63837,0.273333
0.322,18.0387,18.0387,4.64099,83.7174,85.0695,24.3194,4.64099,0.275
0.3222,18.0938,18.0938,4.62515,83.6867,85.0695,24.3182,4.62515,0.273333
0.3224,18.1294,18.1294,4.61735,83.7099,85.0695,24.3178,4.61735,0.271667
0.3226,18.0843,18.0843,4.63753,83.8664,85.0695,24.3191,4.63753,0.273333
0.3228,18.0402,18.0402,4.64471,83.7915,85.0695,24.3196,4.64471,0.275
0.323,18.0943,18.0943,4.62594,83.7031,85.0695,24.3183,4.62594,0.273333
0.3232,18.1301,18.1301,4.61623,83.6928,85.0695,24.3178,4.61623,0.271667
0.3234,18.0892,18.0892,4.63837,83.9042,85.0695,24.3192,4.63837,0.273333
0.3236,18.0387,18.0387,4.64099,83.7174,85.0695,24.3194,4.64099,0.275
0.3238,18.0938,18.0938,4.62515,83.6867,85.0695,24.3182,4.62515,0.273333
0.324,18.1294,18.1294,4.61735,83.7099,85.0695,24.3178,4.61735,0.271667
0.3242,18.0843,18.0843,4.63753,83.8664,85.0695,24.3191,4.63753,0.273333
0.3244,18.0402,18.0402,4.64471,83.7915,85.0695,24.3196,4.64471,0.275
0.3246,18.0943,18.0943,4.62594,83.7031,85.0695,24.3183,4.62594,0.273333
0.3248,18.1301,18.1301,4.61623,83.6928,85.0695,24.3178,4.61623,0.271667
0.325,18.0892,18.0892,4.63837,83.9042,85.0695,24.3192,4.63837,0.273333
0.3252,18.0387,18.0387,4.64099,83.7174,85.0695,24.3194,4.64099,0.275
0.3254,18.0938,18.0938,4.62515,83.6867,85.0695,24.3182,4.62515,0.273333
0.3256,18.1294,18.1294,4.61735,83.7099,85.0695,24.3178,4.61735,0.271667
0.3258,18.0843,18.0843,4.63753,83.8664,85.0695,24.3191,4.63753,0.273333
0.326,18.0402,18.0402,4.64471,83.7915,85.0695,24.3196,4.64471,0.275
0.3262,18.0943,18.0943,4.62594,83.7031,85.0695,24.3183,4.62594,0.273333
0.3264,18.1301,18.1301,4.61623,83.6928,85.0695,24.3178,4.61623,0.271667
0.3266,18.0892,18.0892,4.63837,83.9042,85.0695,24.3192,4.63837,0.273333
0.3268,18.0387,18.0387,4.64099,83.7174,85.0695,24.3194,4.64099,0.275
0.327,18.0938,18.0938,4.62515,83.6867,85.0695,24.3182,4.62515,0.273333
0.3272,18.1294,18.1294,4.61735,83.7099,85.0695,24.3178,4.61735,0.271667
0.3274,18.0843,18.0843,4.63753,83.8664,85.0695,24.3191,4.63753,0.273333
0.3276,18.0402,18.0402,4.64471,83.7915,85.0695,24.3196,4.64471,0.275
0.3278,18.0943,18.0943,4.62594,83.7031,85.0695,24.3183,4.62594,0.273333
0.328,18.1301,18.1301,4.61623,83.6928,85.0695,24.3178,4.61623,0.271667
0.3282,18.0892,18.0892,4.63837,83.9042,85.0695,24.3192,4.63837,0.273333
0.3284,18.0387,18.0387,4.64099,83.7174,85.0695,24.3194,4.64099,0.275
0.3286,18.0938,18.0938,4.62515,83.6867,85.0695,24.3182,4.62515,0.273333
0.3288,18.1294,18.1294,4.61735,83.7099,85.0695,24.3178,4.61735,0.271667
0.329,18.0843,18.0843,4.63753,83.8664,85.0695,24.3191,4.63753,0.273333
0.3292,18.0402,18.0402,4.64471,83.7915,85.0695,24.3196,4.64471,0.275
0.3294,18.0943,18.0943,4.62594,83.7031,85.0695,24.3183,4.62594,0.273333
0.3296,18.1301,18.1301,4.61623,83.6928,85.0695,24.3178,4.61623,0.271667
0.3298,18.0892,18.0892,4.63837,83.9042,85.0695,24.3192,4.63837,0.273333
0.33,18.0387,18.0387,4.64099,83.7174,85.0695,24.3194,4.64099,0.275
0.3302,18.0938,18.0938,4.62515,83.6867,85.0695,24.3182,4.62515,0.273333
0.3304,18.1294,18.1294,4.61735,83.7099,85.0695,24.3178,4.61735,0.271667
0.3306,18.0843,18.0843,4.63753,83.8664,85.0695,24.3191,4.63753,0.273333
0.3308,18.0402,18.0402,4.64471,83.7915,85.0695,24.3196,4.64471,0.275
0.331,18.0943,18.0943,4.62594,83.7031,85.0695,24.3183,4.62594,0.273333
0.3312,18.1301,18.1301,4.61623,83.6928,85.0695,24.3178,4.61623,0.271667
0.3314,18.0892,18.0892,4.63837,83.9042,85.0695,24.3192,4.63837,0.273333
0.3316,18.0387,18.0387,4.64099,83.7174,85.0695,24.3194,4.64099,0.275
0.3318,18.0938,18.0938,4.62515,83.6867,85.0695,24.3182,4.62515,0.273333
0.332,18.1294,18.1294,4.61735,83.7099,85.0695,24.3178,4.61735,0.271667
0.3322,18.0843,18.0843,4.63753,83.8664,85.0695,24.3191,4.63753,0.273333
0.3324,18.0402,18.0402,4.64471,83.7915,85.0695,24.3196,4.64471,0.275
0.3326,18.0943,18.0943,4.62594,83.7031,85.0695,24.3183,4.62594,0.273333
0.3328,18.1301,18.1301,4.61623,83.6928,85.0695,24.3178,4.61623,0.271667
0.333,18.0892,18.0892,4.63837,83.9042,85.0695,24.3192,4.63837,0.273333
0.3332,18.0387,18.0387,4.64099,83.7174,85.0695,24.3194,4.64099,0.275
0.3334,18.0938,18.0938,4.62515,83.6867,85.0695,24.3182,4.62515,0.273333
0.3336,18.1294,18.1294,4.61735,83.7099,85.0695,24.3178,4.61735,0.271667
0.3338,18.0843,18.0843,4.63753,83.8664,85.0695,24.3191,4.63753,0.273333
0.334,18.0402,18.0402,4.64471,83.7915,85.0695,24.3196,4.64471,0.275
0.3342,18.0943,18.0943,4.62594,83.7031,85.0695,24.3183,4.62594,0.273333
0.3344,18.1301,18.1301,4.61623,83.6928,85.0695,24.3178,4.61623,0.271667
0.3346,18.0892,18.0892,4.63837,83.9042,85.0695,24.3192,4.63837,0.273333
0.3348,18.0387,18.0387,4.64099,83.7174,85.0695,24.3194,4.64099,0.275
0.335,18.0938,18.0938,4.62515,83.6867,85.0695,24.3182,4.62515,0.273333
0.3352,18.1294,18.1294,4.61735,83.7099,85.0695,24.3178,4.61735,0.271667
0.3354,18.0843,18.0843,4.63753,83.8664,85.0695,24.3191,4.63753,0.273333
0.3356,18.0402,18.0402,4.64471,83.7915,85.0695,24.3196,4.64471,0.275
0.3358,18.0943,18.0943,4.62594,83.7031,85.0695,24.3183,4.62594,0.273333
0.336,18.1301,18.1301,4.61623,83.6928,85.0695,24.3178,4.61623,0.271667
0.3362,18.0892,18.0892,4.63837,83.9042,85.0695,24.3192,4.63837,0.273333
0.3364,18.0387,18.0387,4.64099,83.7174,85.0695,24.3194,4.64099,0.275
0.3366,18.0938,18.0938,4.62515,83.6867,85.0695,24.3182,4.62515,0.273333
0.3368,18.1294,18.1294,4.61735,83.7099,85.0695,24.3178,4.61735,0.271667
0.337,18.0843,18.0843,4.63753,83.8664,85.0695,24.3191,4.63753,0.273333
0.3372,18.0402,18.0402,4.64471,83.7915,85.0695,24.3196,4.64471,0.275
0.3374,18.0943,18.0943,4.62594,83.7031,85.0695,24.3183,4.62594,0.273333
0.3376,18.1301,18.1301,4.61623,83.6928,85.0695,24.3178,4.61623,0.271667
0.3378,18.0892,18.0892,4.63837,83.9042,85.0695,24.3192,4.63837,0.273333
0.338,18.0387,18.0387,4.64099,83.7174,85.0695,24.3194,4.64099,0.275
0.3382,18.0938,18.0938,4.62515,83.6867,85.0695,24.3182,4.62515,0.273333
0.3384,18.1294,18.1294,4.61735,83.7099,85.0695,24.3178,4.61735,0.271667
0.3386,18.0843,18.0843,4.63753,83.8664,85.0695,24.3191,4.63753,0.273333
0.3388,18.0402,18.0402,4.64471,83.7915,85.0695,24.3196,4.64471,0.275
0.339,18.0943,18.0943,4.62594,83.7031,85.0695,24.3183,4.62594,0.273333
0.3392,18.1301,18.1301,4.61623,83.6928,85.0695,24.3178,4.61623,0.271667
0.3394,18.0892,18.0892,4.63837,83.9042,85.0695,24.3192,4.63837,0.273333
0.3396,18.0387,18.0387,4.64099,83.7174,85.0695,24.3194,4.64099,0.275
0.3398,18.0938,18.0938,4.62515,83.6867,85.0695,24.3182,4.62515,0.273333
0.34,18.1294,18.1294,4.61735,83.7099,85.0695,24.3178,4.61735,0.271667
0.3402,18.0843,18.0843,4.63753,83.8664,85.0695,24.3191,4.63753,0.273333
0.3404,18.0402,18.0402,4.64471,83.7915,85.0695,24.3196,4.64471,0.275
0.3406,18.0943,18.0943,4.62594,83.7031,85.0695,24.3183,4.62594,0.273333
0.3408,18.1301,18.1301,4.61623,83.6928,85.0695,24.3178,4.61623,0.271667
0.341,18.0892,18.0892,4.63837,83.9042,85.0695,24.3192,4.63837,0.273333
0.3412,18.0387,18.0387,4.64099,83.7174,85.0695,24.3194,4.64099,0.275
0.3414,18.0938,18.0938,4.62515,83.6867,85.0695,24.3182,4.62515,0.273333
0.3416,18.1294,18.1294,4.61735,83.7099,85.0695,24.3178,4.61735,0.271667
0.3418,18.0843,18.0843,4.63753,83.8664,85.0695,24.3191,4.63753,0.273333
0.342,18.0402,18.0402,4.64471,83.7915,85.0695,24.3196,4.64471,0.275
0.3422,18.0943,18.0943,4.62594,83.7031,85.0695,24.3183,4.62594,0.273333
0.3424,18.1301,18.1301,4.61623,83.6928,85.0695,24.3178,4.61623,0.271667
0.3426,18.0892,18.0892,4.63837,83.9042,85.0695,24.3192,4.63837,0.273333
0.3428,18.0387,18.0387,4.64099,83.7174,85.0695,24.3194,4.64099,0.275
0.343,18.0938,18.0938,4.62515,83.6867,85.0695,24.3182,4.62515,0.273333
0.3432,18.1294,18.1294,4.61735,83.7099,85.0695,24.3178,4.61735,0.271667
0.3434,18.0843,18.0843,4.63753,83.8664,85.0695,24.3191,4.63753,0.273333
0.3436,18.0402,18.0402,4.64471,83.7915,85.0695,24.3196,4.64471,0.275
0.3438,18.0943,18.0943,4.62594,83.7031,85.0695,24.3183,4.62594,0.273333
0.344,18.1301,18.1301,4.61623,83.6928,85.0695,24.3178,4.61623,0.271667
0.3442,18.0892,18.0892,4.63837,83.9042,85.0695,24.3192,4.63837,0.273333
0.3444,18.0387,18.0387,4.64099,83.7174,85.0695,24.3194,4.64099,0.275
0.3446,18.0938,18.0938,4.62515,83.6867,85.0695,24.3182,4.62515,0.273333
0.3448,18.1294,18.1294,4.61735,83.7099,85.0695,24.3178,4.61735,0.271667
0.345,18.0843,18.0843,4.63753,83.8664,85.0695,24.3191,4.63753,0.273333
0.3452,18.0402,18.0402,4.64471,83.7915,85.0695,24.3196,4.64471,0.275
0.3454,18.0943,18.0943,4.62594,83.7031,85.0695,24.3183,4.62594,0.273333
0.3456,18.1301,18.1301,4.61623,83.6928,85.0695,24.3178,4.61623,0.271667
0.3458,18.0892,18.0892,4.63837,83.9042,85.0695,24.3192,4.63837,0.273333
0.346,18.0387,18.0387,4.64099,83.7174,85.0695,24.3194,4.64099,0.275
0.3462,18.0938,18.0938,4.62515,83.6867,85.0695,24.3182,4.62515,0.273333
0.3464,18.1294,18.1294,4.61735,83.7099,85.0695,24.3178,4.61735,0.271667
0.3466,18.0843,18.0843,4.63753,83.8664,85.0695,24.3191,4.63753,0.273333
0.3468,18.0402,18.0402,4.64471,83.7915,85.0695,24.3196,4.64471,0.275
0.347,18.0943,18.0943,4.62594,83.7031,85.0695,24.3183,4.62594,0.273333
0.3472,18.1301,18.1301,4.61623,83.6928,85.0695,24.3178,4.61623,0.271667
0.3474,18.0892,18.0892,4.63837,83.9042,85.0695,24.3192,4.63837,0.273333
0.3476,18.0387,18.0387,4.64099,83.7174,85.0695,24.3194,4.64099,0.275
0.3478,18.0938,18.0938,4.62515,83.6867,85.0695,24.3182,4.62515,0.273333
0.348,18.1294,18.1294,4.61735,83.7099,85.0695,24.3178,4.61735,0.271667
0.3482,18.0843,18.0843,4.63753,83.8664,85.0695,24.3191,4.63753,0.273333
0.3484,18.0402,18.0402,4.64471,83.7915,85.0695,24.3196,4.64471,0.275
0.3486,18.0943,18.0943,4.62594,83.7031,85.0695,24.3183,4.62594,0.273333
0.3488,18.1301,18.1301,4.61623,83.6928,85.0695,24.3178,4.61623,0.271667
0.349,18.0892,18.0892,4.63837,83.9042,85.0695,24.3192,4.63837,0.273333
0.3492,18.0387,18.0387,4.64099,83.7174,85.0695,24.3194,4.64099,0.275
0.3494,18.0938,18.0938,4.62515,83.6867,85.0695,24.3182,4.62515,0.273333
0.3496,18.1294,18.1294,4.61735,83.7099,85.0695,24.3178,4.61735,0.271667
0.3498,18.0843,18.0843,4.63753,83.8664,85.0695,24.3191,4.63753,0.273333
0.35,18.0402,18.0402,4.64471,83.7915,85.0695,24.3196,4.64471,0.275
0.3502,18.0943,18.0943,4.62594,83.7031,85.0695,24.3183,4.62594,0.273333
0.3504,18.1301,18.1301,4.61623,83.6928,85.0695,24.3178,4.61623,0.271667
0.3506,18.0892,18.0892,4.63837,83.9042,85.0695,24.3192,4.63837,0.273333
0.3508,18.0387,18.0387,4.64099,83.7174,85.0695,24.3194,4.64099,0.275
0.351,18.0938,18.0938,4.62515,83.6867,85.0695,24.3182,4.62515,0.273333
0.3512,18.1294,18.1294,4.61735,83.7099,85.0695,24.3178,4.61735,0.271667
0.3514,18.0843,18.0843,4.63753,83.8664,85.0695,24.3191,4.63753,0.273333
0.3516,18.0402,18.0402,4.64471,83.7915,85.0695,24.3196,4.64471,0.275
0.3518,18.0943,18.0943,4.62594,83.7031,85.0695,24.3183,4.62594,0.273333
0.352,18.1301,18.1301,4.61623,83.6928,85.0695,24.3178,4.61623,0.271667
0.3522,18.0892,18.0892,4.63837,83.9042,85.0695,24.3192,4.63837,0.273333
0.3524,18.0387,18.0387,4.64099,83.7174,85.0695,24.3194,4.64099,0.275
0.3526,18.0938,18.0938,4.62515,83.6867,85.0695,24.3182,4.62515,0.273333
0.3528,18.1294,18.1294,4.61735,83.7099,85.0695,24.3178,4.61735,0.271667
0.353,18.0843,18.0843,4.63753,83.8664,85.0695,24.3191,4.63753,0.273333
0.3532,18.0402,18.0402,4.64471,83.7915,85.0695,24.3196,4.64471,0.275
0.3534,18.0943,18.0943,4.62594,83.7031,85.0695,24.3183,4.62594,0.273333
0.3536,18.1301,18.1301,4.61623,83.6928,85.0695,24.3178,4.61623,0.271667
0.3538,18.0892,18.0892,4.63837,83.9042,85.0695,24.3192,4.63837,0.273333
0.354,18.0387,18.0387,4.64099,83.7174,85.0695,24.3194,4.64099,0.275
0.3542,18.0938,18.0938,4.62515,83.6867,85.0695,24.3182,4.62515,0.273333
0.3544,18.1294,18.1294,4.61735,83.7099,85.0695,24.3178,4.61735,0.271667
0.3546,18.0843,18.0843,4.63753,83.8664,85.0695,24.3191,4.63753,0.273333
0.3548,18.0402,18.0402,4.64471,83.7915,85.0695,24.3196,4.64471,0.275
0.355,18.0943,18.0943,4.62594,83.7031,85.0695,24.3183,4.62594,0.273333
0.3552,18.1301,18.1301,4.61623,83.6928,85.0695,24.3178,4.61623,0.271667
0.3554,18.0892,18.0892,4.63837,83.9042,85.0695,24.3192,4.63837,0.273333
0.3556,18.0387,18.0387,4.64099,83.7174,85.0695,24.3194,4.64099,0.275
0.3558,18.0938,18.0938,4.62515,83.6867,85.0695,24.3182,4.62515,0.273333
0.356,18.1294,18.1294,4.61735,83.7099,85.0695,24.3178,4.61735,0.271667
0.3562,18.0843,18.0843,4.63753,83.8664,85.0695,24.3191,4.63753,0.273333
0.3564,18.0402,18.0402,4.64471,83.7915,85.0695,24.3196,4.64471,0.275
0.3566,18.0943,18.0943,4.62594,83.7031,85.0695,24.3183,4.62594,0.273333
0.3568,18.1301,18.1301,4.61623,83.6928,85.0695,24.3178,4.61623,0.271667
0.357,18.0892,18.0892,4.63837,83.9042,85.0695,24.3192,4.63837,0.273333
0.3572,18.0387,18.0387,4.64099,83.7174,85.0695,24.3194,4.64099,0.275
0.3574,18.0938,18.0938,4.62515,83.6867,85.0695,24.3182,4.62515,0.273333
0.3576,18.1294,18.1294,4.61735,83.7099,85.0695,24.3178,4.61735,0.271667
0.3578,18.0843,18.0843,4.63753,83.8664,85.0695,24.3191,4.63753,0.273333
0.358,18.0402,18.0402,4.64471,83.7915,85.0695,24.3196,4.64471,0.275
0.3582,18.0943,18.0943,4.62594,83.7031,85.0695,24.3183,4.62594,0.273333
0.3584,18.1301,18.1301,4.61623,83.6928,85.0695,24.3178,4.61623,0.271667
0.3586,18.0892,18.0892,4.63837,83.9042,85.0695,24.3192,4.63837,0.273333
0.3588,18.0387,18.0387,4.64099,83.7174,85.0695,24.3194,4.64099,0.275
0.359,18.0938,18.0938,4.62515,83.6867,85.0695,24.3182,4.62515,0.273333
0.3592,18.1294,18.1294,4.61735,83.7099,85.0695,24.3178,4.61735,0.271667
0.3594,18.0843,18.0843,4.63753,83.8664,85.0695,24.3191,4.63753,0.273333
0.3596,18.0402,18.0402,4.64471,83.7915,85.0695,24.3196,4.64471,0.275
0.3598,18.0943,18.0943,4.62594,83.7031,85.0695,24.3183,4.62594,0.273333
0.36,18.1301,18.1301,4.61623,83.6928,85.0695,24.3178,4.61623,0.271667
0.3602,18.0892,18.0892,4.63837,83.9042,85.0695,24.3192,4.63837,0.273333
0.3604,18.0387,18.0387,4.64099,83.7174,85.0695,24.3194,4.64099,0.275
0.3606,18.0938,18.0938,4.62515,83.6867,85.0695,24.3182,4.62515,0.273333
0.3608,18.1294,18.1294,4.61735,83.7099,85.0695,24.3178,4.61735,0.271667
0.361,18.0843,18.0843,4.63753,83.8664,85.0695,24.3191,4.63753,0.273333
0.3612,18.0402,18.0402,4.64471,83.7915,85.0695,24.3196,4.64471,0.275
0.3614,18.0943,18.0943,4.62594,83.7031,85.0695,24.3183,4.62594,0.273333
0.3616,18.1301,18.1301,4.61623,83.6928,85.0695,24.3178,4.61623,0.271667
0.3618,18.0892,18.0892,4.63837,83.9042,85.0695,24.3192,4.63837,0.273333
0.362,18.0387,18.0387,4.64099,83.7174,85.0695,24.3194,4.64099,0.275
0.3622,18.0938,18.0938,4.62515,83.6867,85.0695,24.3182,4.62515,0.273333
0.3624,18.1294,18.1294,4.61735,83.7099,85.0695,24.3178,4.61735,0.271667
0.3626,18.0843,18.0843,4.63753,83.8664,85.0695,24.3191,4.63753,0.273333
0.3628,18.0402,18.0402,4.64471,83.7915,85.0695,24.3196,4.64471,0.275
0.363,18.0943,18.0943,4.62594,83.7031,85.0695,24.3183,4.62594,0.273333
0.3632,18.1301,18.1301,4.61623,83.6928,85.0695,24.3178,4.61623,0.271667
0.3634,18.0892,18.0892,4.63837,83.9042,85.0695,24.3192,4.63837,0.273333
0.3636,18.0387,18.0387,4.64099,83.7174,85.0695,24.3194,4.64099,0.275
0.3638,18.0938,18.0938,4.62515,83.6867,85.0695,24.3182,4.62515,0.273333
0.364,18.1294,18.1294,4.61735,83.7099,85.0695,24.3178,4.61735,0.271667
0.3642,18.0843,18.0843,4.63753,83.8664,85.0695,24.3191,4.63753,0.273333
0.3644,18.0402,18.0402,4.64471,83.7915,85.0695,24.3196,4.64471,0.275
0.3646,18.0943,18.0943,4.62594,83.7031,85.0695,24.3183,4.62594,0.273333
0.3648,18.1301,18.1301,4.61623,83.6928,85.0695,24.3178,4.61623,0.271667
0.365,18.0892,18.0892,4.63837,83.9042,85.0695,24.3192,4.63837,0.273333
0.3652,18.0387,18.0387,4.64099,83.7174,85.0695,24.3194,4.64099,0.275
0.3654,18.0938,18.0938,4.62515,83.6867,85.0695,24.3182,4.62515,0.273333
0.3656,18.1294,18.1294,4.61735,83.7099,85.0695,24.3178,4.61735,0.271667
0.3658,18.0843,18.0843,4.63753,83.8664,85.0695,24.3191,4.63753,0.273333
0.366,18.0402,18.0402,4.64471,83.7915,85.0695,24.3196,4.64471,0.275
0.3662,18.0943,18.0943,4.62594,83.7031,85.0695,24.3183,4.62594,0.273333
0.3664,18.1301,18.1301,4.61623,83.6928,85.0695,24.3178,4.61623,0.271667
0.3666,18.0892,18.0892,4.63837,83.9042,85.0695,24.3192,4.63837,0.273333
0.3668,18.0387,18.0387,4.64099,83.7174,85.0695,24.3194,4.64099,0.275
0.367,18.0938,18.0938,4.62515,83.6867,85.0695,24.3182,4.62515,0.273333
0.3672,18.1294,18.1294,4.61735,83.7099,85.0695,24.3178,4.61735,0.271667
0.3674,18.0843,18.0843,4.63753,83.8664,85.0695,24.3191,4.63753,0.273333
0.3676,18.0402,18.0402,4.64471,83.7915,85.0695,24.3196,4.64471,0.275
0.3678,18.0943,18.0943,4.62594,83.7031,85.0695,24.3183,4.62594,0.273333
0.368,18.1301,18.1301,4.61623,83.6928,85.0695,24.3178,4.61623,0.271667
0.3682,18.0892,18.0892,4.63837,83.9042,85.0695,24.3192,4.63837,0.273333
0.3684,18.0387,18.0387,4.64099,83.7174,85.0695,24.3194,4.64099,0.275
0.3686,18.0938,18.0938,4.62515,83.6867,85.0695,24.3182,4.62515,0.273333
0.3688,18.1294,18.1294,4.61735,83.7099,85.0695,24.3178,4.61735,0.271667
0.369,18.0843,18.0843,4.63753,83.8664,85.0695,24.3191,4.63753,0.273333
0.3692,18.0402,18.0402,4.64471,83.7915,85.0695,24.3196,4.64471,0.275
0.3694,18.0943,18.0943,4.62594,83.7031,85.0695,24.3183,4.62594,0.273333
0.3696,18.1301,18.1301,4.61623,83.6928,85.0695,24.3178,4.61623,0.271667
0.3698,18.0892,18.0892,4.63837,83.9042,85.0695,24.3192,4.63837,0.273333
0.37,18.0387,18.0387,4.64099,83.7174,85.0695,24.3194,4.64099,0.275
0.3702,18.0938,18.0938,4.62515,83.6867,85.0695,24.3182,4.62515,0.273333
0.3704,18.1294,18.1294,4.61735,83.7099,85.0695,24.3178,4.61735,0.271667
0.3706,18.0843,18.0843,4.63753,83.8664,85.0695,24.3191,4.63753,0.273333
0.3708,18.0402,18.0402,4.64471,83.7915,85.0695,24.3196,4.64471,0.275
0.371,18.0943,18.0943,4.62594,83.7031,85.0695,24.3183,4.62594,0.273333
0.3712,18.1301,18.1301,4.61623,83.6928,85.0695,24.3178,4.61623,0.271667
0.3714,18.0892,18.0892,4.63837,83.9042,85.0695,24.3192,4.63837,0.273333
0.3716,18.0387,18.0387,4.64099,83.7174,85.0695,24.3194,4.64099,0.275
0.3718,18.0938,18.0938,4.62515,83.6867,85.0695,24.3182,4.62515,0.273333
0.372,18.1294,18.1294,4.61735,83.7099,85.0695,24.3178,4.61735,0.271667
0.3722,18.0843,18.0843,4.63753,83.8664,85.0695,24.3191,4.63753,0.273333
0.3724,18.0402,18.0402,4.64471,83.7915,85.0695,24.3196,4.64471,0.275
0.3726,18.0943,18.0943,4.62594,83.7031,85.0695,24.3183,4.62594,0.273333
0.3728,18.1301,18.1301,4.61623,83.6928,85.0695,24.3178,4.61623,0.271667
0.373,18.0892,18.0892,4.63837,83.9042,85.0695,24.3192,4.63837,0.273333
0.3732,18.0387,18.0387,4.64099,83.7174,85.0695,24.3194,4.64099,0.275
0.3734,18.0938,18.0938,4.62515,83.6867,85.0695,24.3182,4.62515,0.273333
0.3736,18.1294,18.1294,4.61735,83.7099,85.0695,24.3178,4.61735,0.271667
0.3738,18.0843,18.0843,4.63753,83.8664,85.0695,24.3191,4.63753,0.273333
0.374,18.0402,18.0402,4.64471,83.7915,85.0695,24.3196,4.64471,0.275
0.3742,18.0943,18.0943,4.62594,83.7031,85.0695,24.3183,4.62594,0.273333
0.3744,18.1301,18.1301,4.61623,83.6928,85.0695,24.3178,4.61623,0.271667
0.3746,18.0892,18.0892,4.63837,83.9042,85.0695,24.3192,4.63837,0.273333
0.3748,18.0387,18.0387,4.64099,83.7174,85.0695,24.3194,4.64099,0.275
0.375,18.0938,18.0938,4.62515,83.6867,85.0695,24.3182,4.62515,0.273333
0.3752,18.1294,18.1294,4.61735,83.7099,85.0695,24.3178,4.61735,0.271667
0.3754,18.0843,18.0843,4.63753,83.8664,85.0695,24.3191,4.63753,0.273333
0.3756,18.0402,18.0402,4.64471,83.7915,85.0695,24.3196,4.64471,0.275
0.3758,18.0943,18.0943,4.62594,83.7031,85.0695,24.3183,4.62594,0.273333
0.376,18.1301,18.1301,4.61623,83.6928,85.0695,24.3178,4.61623,0.271667
0.3762,18.0892,18.0892,4.63837,83.9042,85.0695,24.3192,4.63837,0.273333
0.3764,18.0387,18.0387,4.64099,83.7174,85.0695,24.3194,4.64099,0.275
0.3766,18.0938,18.0938,4.62515,83.6867,85.0695,24.3182,4.62515,0.273333
0.3768,18.1294,18.1294,4.61735,83.7099,85.0695,24.3178,4.61735,0.271667
0.377,18.0843,18.0843,4.63753,83.8664,85.0695,24.3191,4.63753,0.273333
0.3772,18.0402,18.0402,4.64471,83.7915,85.0695,24.3196,4.64471,0.275
0.3774,18.0943,18.0943,4.62594,83.7031,85.0695,24.3183,4.62594,0.273333
0.3776,18.1301,18.1301,4.61623,83.6928,85.0695,24.3178,4.61623,0.271667
0.3778,18.0892,18.0892,4.63837,83.9042,85.0695,24.3192,4.63837,0.273333
0.378,18.0387,18.0387,4.64099,83.7174,85.0695,24.3194,4.64099,0.275
0.3782,18.0938,18.0938,4.62515,83.6867,85.0695,24.3182,4.62515,0.273333
0.3784,18.1294,18.1294,4.61735,83.7099,85.0695,24.3178,4.61735,0.271667
0.3786,18.0843,18.0843,4.63753,83.8664,85.0695,24.3191,4.63753,0.273333
0.3788,18.0402,18.0402,4.64471,83.7915,85.0695,24.3196,4.64471,0.275
0.379,18.0943,18.0943,4.62594,83.7031,85.0695,24.3183,4.62594,0.273333
0.3792,18.1301,18.1301,4.61623,83.6928,85.0695,24.3178,4.61623,0.271667
0.3794,18.0892,18.0892,4.63837,83.9042,85.0695,24.3192,4.63837,0.273333
0.3796,18.0387,18.0387,4.64099,83.7174,85.0695,24.3194,4.64099,0.275
0.3798,18.0938,18.0938,4.62515,83.6867,85.0695,24.3182,4.62515,0.273333
0.38,18.1294,18.1294,4.61735,83.7099,85.0695,24.3178,4.61735,0.271667
0.3802,18.0843,18.0843,4.63753,83.8664,85.0695,24.3191,4.63753,0.273333
0.3804,18.0402,18.0402,4.64471,83.7915,85.0695,24.3196,4.64471,0.275
0.3806,18.0943,18.0943,4.62594,83.7031,85.0695,24.3183,4.62594,0.273333
0.3808,18.1301,18.1301,4.61623,83.6928,85.0695,24.3178,4.61623,0.271667
0.381,18.0892,18.0892,4.63837,83.9042,85.0695,24.3192,4.63837,0.273333
0.3812,18.0387,18.0387,4.64099,83.7174,85.0695,24.3194,4.64099,0.275
0.3814,18.0938,18.0938,4.62515,83.6867,85.0695,24.3182,4.62515,0.273333
0.3816,18.1294,18.1294,4.61735,83.7099,85.0695,24.3178,4.61735,0.271667
0.3818,18.0843,18.0843,4.63753,83.8664,85.0695,24.3191,4.63753,0.273333
0.382,18.0402,18.0402,4.64471,83.7915,85.0695,24.3196,4.64471,0.275
0.3822,18.0943,18.0943,4.62594,83.7031,85.0695,24.3183,4.62594,0.273333
0.3824,18.1301,18.1301,4.61623,83.6928,85.0695,24.3178,4.61623,0.271667
0.3826,18.0892,18.0892,4.63837,83.9042,85.0695,24.3192,4.63837,0.273333
0.3828,18.0387,18.0387,4.64099,83.7174,85.0695,24.3194,4.64099,0.275
0.383,18.0938,18.0938,4.62515,83.6867,85.0695,24.3182,4.62515,0.273333
0.3832,18.1294,18.1294,4.61735,83.7099,85.0695,24.3178,4.61735,0.271667
0.3834,18.0843,18.0843,4.63753,83.8664,85.0695,24.3191,4.63753,0.273333
0.3836,18.0402,18.0402,4.64471,83.7915,85.0695,24.3196,4.64471,0.275
0.3838,18.0943,18.0943,4.62594,83.7031,85.0695,24.3183,4.62594,0.273333
0.384,18.1301,18.1301,4.61623,83.6928,85.0695,24.3178,4.61623,0.271667
0.3842,18.0892,18.0892,4.63837,83.9042,85.0695,24.3192,4.63837,0.273333
0.3844,18.0387,18.0387,4.64099,83.7174,85.0695,24.3194,4.64099,0.275
0.3846,18.0938,18.0938,4.62515,83.6867,85.0695,24.3182,4.62515,0.273333
0.3848,18.1294,18.1294,4.61735,83.7099,85.0695,24.3178,4.61735,0.271667
0.385,18.0843,18.0843,4.63753,83.8664,85.0695,24.3191,4.63753,0.273333
0.3852,18.0402,18.0402,4.64471,83.7915,85.0695,24.3196,4.64471,0.275
0.3854,18.0943,18.0943,4.62594,83.7031,85.0695,24.3183,4.62594,0.273333
0.3856,18.1301,18.1301,4.61623,83.6928,85.0695,24.3178,4.61623,0.271667
0.3858,18.0892,18.0892,4.63837,83.9042,85.0695,24.3192,4.63837,0.273333
0.386,18.0387,18.0387,4.64099,83.7174,85.0695,24.3194,4.64099,0.275
0.3862,18.0938,18.0938,4.62515,83.6867,85.0695,24.3182,4.62515,0.273333
0.3864,18.1294,18.1294,4.61735,83.7099,85.0695,24.3178,4.61735,0.271667
0.3866,18.0843,18.0843,4.63753,83.8664,85.0695,24.3191,4.63753,0.273333
0.3868,18.0402,18.0402,4.64471,83.7915,85.0695,24.3196,4.64471,0.275
0.387,18.0943,18.0943,4.62594,83.7031,85.0695,24.3183,4.62594,0.273333
0.3872,18.1301,18.1301,4.61623,83.6928,85.0695,24.3178,4.61623,0.271667
0.3874,18.0892,18.0892,4.63837,83.9042,85.0695,24.3192,4.63837,0.273333
0.3876,18.0387,18.0387,4.64099,83.7174,85.0695,24.3194,4.64099,0.275
0.3878,18.0938,18.0938,4.62515,83.6867,85.0695,24.3182,4.62515,0.273333
0.388,18.1294,18.1294,4.61735,83.7099,85.0695,24.3178,4.61735,0.271667
0.3882,18.0843,18.0843,4.63753,83.8664,85.0695,24.3191,4.63753,0.273333
0.3884,18.0402,18.0402,4.64471,83.7915,85.0695,24.3196,4.64471,0.275
0.3886,18.0943,18.0943,4.62594,83.7031,85.0695,24.3183,4.62594,0.273333
0.3888,18.1301,18.1301,4.61623,83.6928,85.0695,24.3178,4.61623,0.271667
0.389,18.0892,18.0892,4.63837,83.9042,85.0695,24.3192,4.63837,0.273333
0.3892,18.0387,18.0387,4.64099,83.7174,85.0695,24.3194,4.64099,0.275
0.3894,18.0938,18.0938,4.62515,83.6867,85.0695,24.3182,4.62515,0.273333
0.3896,18.1294,18.1294,4.61735,83.7099,85.0695,24.3178,4.61735,0.271667
0.3898,18.0843,18.0843,4.63753,83.8664,85.0695,24.3191,4.63753,0.273333
0.39,18.0402,18.0402,4.64471,83.7915,85.0695,24.3196,4.64471,0.275
0.3902,18.0943,18.0943,4.62594,83.7031,85.0695,24.3183,4.62594,0.273333
0.3904,18.1301,18.1301,4.61623,83.6928,85.0695,24.3178,4.61623,0.271667
0.3906,18.0892,18.0892,4.63837,83.9042,85.0695,24.3192,4.63837,0.273333
0.3908,18.0387,18.0387,4.64099,83.7174,85.0695,24.3194,4.64099,0.275
0.391,18.0938,18.0938,4.62515,83.6867,85.0695,24.3182,4.62515,0.273333
0.3912,18.1294,18.1294,4.61735,83.7099,85.0695,24.3178,4.61735,0.271667
0.3914,18.0843,18.0843,4.63753,83.8664,85.0695,24.3191,4.63753,0.273333
0.3916,18.0402,18.0402,4.64471,83.7915,85.0695,24.3196,4.64471,0.275
0.3918,18.0943,18.0943,4.62594,83.7031,85.0695,24.3183,4.62594,0.273333
0.392,18.1301,18.1301,4.61623,83.6928,85.0695,24.3178,4.61623,0.271667
0.3922,18.0892,18.0892,4.63837,83.9042,85.0695,24.3192,4.63837,0.273333
0.3924,18.0387,18.0387,4.64099,83.7174,85.0695,24.3194,4.64099,0.275
0.3926,18.0938,18.0938,4.62515,83.6867,85.0695,24.3182,4.62515,0.273333
0.3928,18.1294,18.1294,4.61735,83.7099,85.0695,24.3178,4.61735,0.271667
0.393,18.0843,18.0843,4.63753,83.8664,85.0695,24.3191,4.63753,0.273333
0.3932,18.0402,18.0402,4.64471,83.7915,85.0695,24.3196,4.64471,0.275
0.3934,18.0943,18.0943,4.62594,83.7031,85.0695,24.3183,4.62594,0.273333
0.3936,18.1301,18.1301,4.61623,83.6928,85.0695,24.3178,4.61623,0.271667
0.3938,18.0892,18.0892,4.63837,83.9042,85.0695,24.3192,4.63837,0.273333
0.394,18.0387,18.0387,4.64099,83.7174,85.0695,24.3194,4.64099,0.275
0.3942,18.0938,18.0938,4.62515,83.6867,85.0695,24.3182,4.62515,0.273333
0.3944,18.1294,18.1294,4.61735,83.7099,85.0695,24.3178,4.61735,0.271667
0.3946,18.0843,18.0843,4.63753,83.8664,85.0695,24.3191,4.63753,0.273333
0.3948,18.0402,18.0402,4.64471,83.7915,85.0695,24.3196,4.64471,0.275
0.395,18.0943,18.0943,4.62594,83.7031,85.0695,24.3183,4.62594,0.273333
0.3952,18.1301,18.1301,4.61623,83.6928,85.0695,24.3178,4.61623,0.271667
0.3954,18.0892,18.0892,4.63837,83.9042,85.0695,24.3192,4.63837,0.273333
0.3956,18.0387,18.0387,4.64099,83.7174,85.0695,24.3194,4.64099,0.275
0.3958,18.0938,18.0938,4.62515,83.6867,85.0695,24.3182,4.62515,0.273333
0.396,18.1294,18.1294,4.61735,83.7099,85.0695,24.3178,4.61735,0.271667
0.3962,18.0843,18.0843,4.63753,83.8664,85.0695,24.3191,4.63753,0.273333
0.3964,18.0402,18.0402,4.64471,83.7915,85.0695,24.3196,4.64471,0.275
0.3966,18.0943,18.0943,4.62594,83.7031,85.0695,24.3183,4.62594,0.273333
0.3968,18.1301,18.1301,4.61623,83.6928,85.0695,24.3178,4.61623,0.271667
0.397,18.0892,18.0892,4.63837,83.9042,85.0695,24.3192,4.63837,0.273333
0.3972,18.0387,18.0387,4.64099,83.7174,85.0695,24.3194,4.64099,0.275
0.3974,18.0938,18.0938,4.62515,83.6867,85.0695,24.3182,4.62515,0.273333
0.3976,18.1294,18.1294,4.61735,83.7099,85.0695,24.3178,4.61735,0.271667
0.3978,18.0843,18.0843,4.63753,83.8664,85.0695,24.3191,4.63753,0.273333
0.398,18.0402,18.0402,4.64471,83.7915,85.0695,24.3196,4.64471,0.275
0.3982,18.0943,18.0943,4.62594,83.7031,85.0695,24.3183,4.62594,0.273333
0.3984,18.1301,18.1301,4.61623,83.6928,85.0695,24.3178,4.61623,0.271667
0.3986,18.0892,18.0892,4.63837,83.9042,85.0695,24.3192,4.63837,0.273333
0.3988,18.0387,18.0387,4.64099,83.7174,85.0695,24.3194,4.64099,0.275
0.399,18.0938,18.0938,4.62515,83.6867,85.0695,24.3182,4.62515,0.273333
0.3992,18.1294,18.1294,4.61735,83.7099,85.0695,24.3178,4.61735,0.271667
0.3994,18.0843,18.0843,4.63753,83.8664,85.0695,24.3191,4.63753,0.273333
0.3996,18.0402,18.0402,4.64471,83.7915,85.0695,24.3196,4.64471,0.275
0.3998,18.0943,18.0943,4.62594,83.7031,85.0695,24.3183,4.62594,0.273333
0.4,18.1301,18.1301,4.61623,83.6928,85.0695,24.3178,4.61623,0.271667
0.4002,18.0892,18.0892,4.63837,83.9042,85.0695,24.3192,4.63837,0.273333
0.4004,18.0387,18.0387,4.64099,83.7174,85.0695,24.3194,4.64099,0.275
0.4006,18.0938,18.0938,4.62515,83.6867,85.0695,24.3182,4.62515,0.273333
0.4008,18.1294,18.1294,4.61735,83.7099,85.0695,24.3178,4.61735,0.271667
0.401,18.0843,18.0843,4.63753,83.8664,85.0695,24.3191,4.63753,0.273333
0.4012,18.0402,18.0402,4.64471,83.7915,85.0695,24.3196,4.64471,0.275
0.4014,18.0943,18.0943,4.62594,83.7031,85.0695,24.3183,4.62594,0.273333
0.4016,18.1301,18.1301,4.61623,83.6928,85.0695,24.3178,4.61623,0.271667
0.4018,18.0892,18.0892,4.63837,83.9042,85.0695,24.3192,4.63837,0.273333
0.402,18.0387,18.0387,4.64099,83.7174,85.0695,24.3194,4.64099,0.275
0.4022,18.0938,18.0938,4.62515,83.6867,85.0695,24.3182,4.62515,0.273333
0.4024,18.1294,18.1294,4.61735,83.7099,85.0695,24.3178,4.61735,0.271667
0.4026,18.0843,18.0843,4.63753,83.8664,85.0695,24.3191,4.63753,0.273333
0.4028,18.0402,18.0402,4.64471,83.7915,85.0695,24.3196,4.64471,0.275
0.403,18.0943,18.0943,4.62594,83.7031,85.0695,24.3183,4.62594,0.273333
0.4032,18.1301,18.1301,4.61623,83.6928,85.0695,24.3178,4.61623,0.271667
0.4034,18.0892,18.0892,4.63837,83.9042,85.0695,24.3192,4.63837,0.273333
0.4036,18.0387,18.0387,4.64099,83.7174,85.0695,24.3194,4.64099,0.275
0.4038,18.0938,18.0938,4.62515,83.6867,85.0695,24.3182,4.62515,0.273333
0.404,18.1294,18.1294,4.61735,83.7099,85.0695,24.3178,4.61735,0.271667
0.4042,18.0843,18.0843,4.63753,83.8664,85.0695,24.3191,4.63753,0.273333
0.4044,18.0402,18.0402,4.64471,83.7915,85.0695,24.3196,4.64471,0.275
0.4046,18.0943,18.0943,4.62594,83.7031,85.0695,24.3183,4.62594,0.273333
0.4048,18.1301,18.1301,4.61623,83.6928,85.0695,24.3178,4.61623,0.271667
0.405,18.0892,18.0892,4.63837,83.9042,85.0695,24.3192,4.63837,0.273333
0.4052,18.0387,18.0387,4.64099,83.7174,85.0695,24.3194,4.64099,0.275
0.4054,18.0938,18.0938,4.62515,83.6867,85.0695,24.3182,4.62515,0.273333
0.4056,18.1294,18.1294,4.61735,83.7099,85.0695,24.3178,4.61735,0.271667
0.4058,18.0843,18.0843,4.63753,83.8664,85.0695,24.3191,4.63753,0.273333
0.406,18.0402,18.0402,4.64471,83.7915,85.0695,24.3196,4.64471,0.275
0.4062,18.0943,18.0943,4.62594,83.7031,85.0695,24.3183,4.62594,0.273333
0.4064,18.1301,18.1301,4.61623,83.6928,85.0695,24.3178,4.61623,0.271667
0.4066,18.0892,18.0892,4.63837,83.9042,85.0695,24.3192,4.63837,0.273333
0.4068,18.0387,18.0387,4.64099,83.7174,85.0695,24.3194,4.64099,0.275
0.407,18.0938,18.0938,4.62515,83.6867,85.0695,24.3182,4.62515,0.273333
0.4072,18.1294,18.1294,4.61735,83.7099,85.0695,24.3178,4.61735,0.271667
0.4074,18.0843,18.0843,4.63753,83.8664,85.0695,24.3191,4.63753,0.273333
0.4076,18.0402,18.0402,4.64471,83.7915,85.0695,24.3196,4.64471,0.275
0.4078,18.0943,18.0943,4.62594,83.7031,85.0695,24.3183,4.62594,0.273333
0.408,18.1301,18.1301,4.61623,83.6928,85.0695,24.3178,4.61623,0.271667
0.4082,18.0892,18.0892,4.63837,83.9042,85.0695,24.3192,4.63837,0.273333
0.4084,18.0387,18.0387,4.64099,83.7174,85.0695,24.3194,4.64099,0.275
0.4086,18.0938,18.0938,4.62515,83.6867,85.0695,24.3182,4.62515,0.273333
0.4088,18.1294,18.1294,4.61735,83.7099,85.0695,24.3178,4.61735,0.271667
0.409,18.0843,18.0843,4.63753,83.8664,85.0695,24.3191,4.63753,0.273333
0.4092,18.0402,18.0402,4.64471,83.7915,85.0695,24.3196,4.64471,0.275
0.4094,18.0943,18.0943,4.62594,83.7031,85.0695,24.3183,4.62594,0.273333
0.4096,18.1301,18.1301,4.61623,83.6928,85.0695,24.3178,4.61623,0.271667
0.4098,18.0892,18.0892,4.63837,83.9042,85.0695,24.3192,4.63837,0.273333
0.41,18.0387,18.0387,4.64099,83.7174,85.0695,24.3194,4.64099,0.275
0.4102,18.0938,18.0938,4.62515,83.6867,85.0695,24.3182,4.62515,0.273333
0.4104,18.1294,18.1294,4.61735,83.7099,85.0695,24.3178,4.61735,0.271667
0.4106,18.0843,18.0843,4.63753,83.8664,85.0695,24.3191,4.63753,0.273333
0.4108,18.0402,18.0402,4.64471,83.7915,85.0695,24.3196,4.64471,0.275
0.411,18.0943,18.0943,4.62594,83.7031,85.0695,24.3183,4.62594,0.273333
0.4112,18.1301,18.1301,4.61623,83.6928,85.0695,24.3178,4.61623,0.271667
0.4114,18.0892,18.0892,4.63837,83.9042,85.0695,24.3192,4.63837,0.273333
0.4116,18.0387,18.0387,4.64099,83.7174,85.0695,24.3194,4.64099,0.275
0.4118,18.0938,18.0938,4.62515,83.6867,85.0695,24.3182,4.62515,0.273333
0.412,18.1294,18.1294,4.61735,83.7099,85.0695,24.3178,4.61735,0.271667
0.4122,18.0843,18.0843,4.63753,83.8664,85.0695,24.3191,4.63753,0.273333
0.4124,18.0402,18.0402,4.64471,83.7915,85.0695,24.3196,4.64471,0.275
0.4126,18.0943,18.0943,4.62594,83.7031,85.0695,24.3183,4.62594,0.273333
0.4128,18.1301,18.1301,4.61623,83.6928,85.0695,24.3178,4.61623,0.271667
0.413,18.0892,18.0892,4.63837,83.9042,85.0695,24.3192,4.63837,0.273333
0.4132,18.0387,18.0387,4.64099,83.7174,85.0695,24.3194,4.64099,0.275
0.4134,18.0938,18.0938,4.62515,83.6867,85.0695,24.3182,4.62515,0.273333
0.4136,18.1294,18.1294,4.61735,83.7099,85.0695,24.3178,4.61735,0.271667
0.4138,18.0843,18.0843,4.63753,83.8664,85.0695,24.3191,4.63753,0.273333
0.414,18.0402,18.0402,4.64471,83.7915,85.0695,24.3196,4.64471,0.275
0.4142,18.0943,18.0943,4.62594,83.7031,85.0695,24.3183,4.62594,0.273333
0.4144,18.1301,18.1301,4.61623,83.6928,85.0695,24.3178,4.61623,0.271667
0.4146,18.0892,18.0892,4.63837,83.9042,85.0695,24.3192,4.63837,0.273333
0.4148,18.0387,18.0387,4.64099,83.7174,85.0695,24.3194,4.64099,0.275
0.415,18.0938,18.0938,4.62515,83.6867,85.0695,24.3182,4.62515,0.273333
0.4152,18.1294,18.1294,4.61735,83.7099,85.0695,24.3178,4.61735,0.271667
0.4154,18.0843,18.0843,4.63753,83.8664,85.0695,24.3191,4.63753,0.273333
0.4156,18.0402,18.0402,4.64471,83.7915,85.0695,24.3196,4.64471,0.275
0.4158,18.0943,18.0943,4.62594,83.7031,85.0695,24.3183,4.62594,0.273333
0.416,18.1301,18.1301,4.61623,83.6928,85.0695,24.3178,4.61623,0.271667
0.4162,18.0892,18.0892,4.63837,83.9042,85.0695,24.3192,4.63837,0.273333
0.4164,18.0387,18.0387,4.64099,83.7174,85.0695,24.3194,4.64099,0.275
0.4166,18.0938,18.0938,4.62515,83.6867,85.0695,24.3182,4.62515,0.273333
0.4168,18.1294,18.1294,4.61735,83.7099,85.0695,24.3178,4.61735,0.271667
0.417,18.0843,18.0843,4.63753,83.8664,85.0695,24.3191,4.63753,0.273333
0.4172,18.0402,18.0402,4.64471,83.7915,85.0695,24.3196,4.64471,0.275
0.4174,18.0943,18.0943,4.62594,83.7031,85.0695,24.3183,4.62594,0.273333
0.4176,18.1301,18.1301,4.61623,83.6928,85.0695,24.3178,4.61623,0.271667
0.4178,18.0892,18.0892,4.63837,83.9042,85.0695,24.3192,4.63837,0.273333
0.418,18.0387,18.0387,4.64099,83.7174,85.0695,24.3194,4.64099,0.275
0.4182,18.0938,18.0938,4.62515,83.6867,85.0695,24.3182,4.62515,0.273333
0.4184,18.1294,18.1294,4.61735,83.7099,85.0695,24.3178,4.61735,0.271667
0.4186,18.0843,18.0843,4.63753,83.8664,85.0695,24.3191,4.63753,0.273333
0.4188,18.0402,18.0402,4.64471,83.7915,85.0695,24.3196,4.64471,0.275
0.419,18.0943,18.0943,4.62594,83.7031,85.0695,24.3183,4.62594,0.273333
0.4192,18.1301,18.1301,4.61623,83.6928,85.0695,24.3178,4.61623,0.271667
0.4194,18.0892,18.0892,4.63837,83.9042,85.0695,24.3192,4.63837,0.273333
0.4196,18.0387,18.0387,4.64099,83.7174,85.0695,24.3194,4.64099,0.275
0.4198,18.0938,18.0938,4.62515,83.6867,85.0695,24.3182,4.62515,0.273333
0.42,18.1294,18.1294,4.61735,83.7099,85.0695,24.3178,4.61735,0.271667
0.4202,18.0843,18.0843,4.63753,83.8664,85.0695,24.3191,4.63753,0.273333
0.4204,18.0402,18.0402,4.64471,83.7915,85.0695,24.3196,4.64471,0.275
0.4206,18.0943,18.0943,4.62594,83.7031,85.0695,24.3183,4.62594,0.273333
0.4208,18.1301,18.1301,4.61623,83.6928,85.0695,24.3178,4.61623,0.271667
0.421,18.0892,18.0892,4.63837,83.9042,85.0695,24.3192,4.63837,0.273333
0.4212,18.0387,18.0387,4.64099,83.7174,85.0695,24.3194,4.64099,0.275
0.4214,18.0938,18.0938,4.62515,83.6867,85.0695,24.3182,4.62515,0.273333
0.4216,18.1294,18.1294,4.61735,83.7099,85.0695,24.3178,4.61735,0.271667
0.4218,18.0843,18.0843,4.63753,83.8664,85.0695,24.3191,4.63753,0.273333
0.422,18.0402,18.0402,4.64471,83.7915,85.0695,24.3196,4.64471,0.275
0.4222,18.0943,18.0943,4.62594,83.7031,85.0695,24.3183,4.62594,0.273333
0.4224,18.1301,18.1301,4.61623,83.6928,85.0695,24.3178,4.61623,0.271667
0.4226,18.0892,18.0892,4.63837,83.9042,85.0695,24.3192,4.63837,0.273333
0.4228,18.0387,18.0387,4.64099,83.7174,85.0695,24.3194,4.64099,0.275
0.423,18.0938,18.0938,4.62515,83.6867,85.0695,24.3182,4.62515,0.273333
0.4232,18.1294,18.1294,4.61735,83.7099,85.0695,24.3178,4.61735,0.271667
0.4234,18.0843,18.0843,4.63753,83.8664,85.0695,24.3191,4.63753,0.273333
0.4236,18.0402,18.0402,4.64471,83.7915,85.0695,24.3196,4.64471,0.275
0.4238,18.0943,18.0943,4.62594,83.7031,85.0695,24.3183,4.62594,0.273333
0.424,18.1301,18.1301,4.61623,83.6928,85.0695,24.3178,4.61623,0.271667
0.4242,18.0892,18.0892,4.63837,83.9042,85.0695,24.3192,4.63837,0.273333
0.4244,18.0387,18.0387,4.64099,83.7174,85.0695,24.3194,4.64099,0.275
0.4246,18.0938,18.0938,4.62515,83.6867,85.0695,24.3182,4.62515,0.273333
0.4248,18.1294,18.1294,4.61735,83.7099,85.0695,24.3178,4.61735,0.271667
0.425,18.0843,18.0843,4.63753,83.8664,85.0695,24.3191,4.63753,0.273333
0.4252,18.0402,18.0402,4.64471,83.7915,85.0695,24.3196,4.64471,0.275
0.4254,18.0943,18.0943,4.62594,83.7031,85.0695,24.3183,4.62594,0.273333
0.4256,18.1301,18.1301,4.61623,83.6928,85.0695,24.3178,4.61623,0.271667
0.4258,18.0892,18.0892,4.63837,83.9042,85.0695,24.3192,4.63837,0.273333
0.426,18.0387,18.0387,4.64099,83.7174,85.0695,24.3194,4.64099,0.275
0.4262,18.0938,18.0938,4.62515,83.6867,85.0695,24.3182,4.62515,0.273333
0.4264,18.1294,18.1294,4.61735,83.7099,85.0695,24.3178,4.61735,0.271667
0.4266,18.0843,18.0843,4.63753,83.8664,85.0695,24.3191,4.63753,0.273333
0.4268,18.0402,18.0402,4.64471,83.7915,85.0695,24.3196,4.64471,0.275
0.427,18.0943,18.0943,4.62594,83.7031,85.0695,24.3183,4.62594,0.273333
0.4272,18.1301,18.1301,4.61623,83.6928,85.0695,24.3178,4.61623,0.271667
0.4274,18.0892,18.0892,4.63837,83.9042,85.0695,24.3192,4.63837,0.273333
0.4276,18.0387,18.0387,4.64099,83.7174,85.0695,24.3194,4.64099,0.275
0.4278,18.0938,18.0938,4.62515,83.6867,85.0695,24.3182,4.62515,0.273333
0.428,18.1294,18.1294,4.61735,83.7099,85.0695,24.3178,4.61735,0.271667
0.4282,18.0843,18.0843,4.63753,83.8664,85.0695,24.3191,4.63753,0.273333
0.4284,18.0402,18.0402,4.64471,83.7915,85.0695,24.3196,4.64471,0.275
0.4286,18.0943,18.0943,4.62594,83.7031,85.0695,24.3183,4.62594,0.273333
0.4288,18.1301,18.1301,4.61623,83.6928,85.0695,24.3178,4.61623,0.271667
0.429,18.0892,18.0892,4.63837,83.9042,85.0695,24.3192,4.63837,0.273333
0.4292,18.0387,18.0387,4.64099,83.7174,85.0695,24.3194,4.64099,0.275
0.4294,18.0938,18.0938,4.62515,83.6867,85.0695,24.3182,4.62515,0.273333
0.4296,18.1294,18.1294,4.61735,83.7099,85.0695,24.3178,4.61735,0.271667
0.4298,18.0843,18.0843,4.63753,83.8664,85.0695,24.3191,4.63753,0.273333
0.43,18.0402,18.0402,4.64471,83.7915,85.0695,24.3196,4.64471,0.275
0.4302,18.0943,18.0943,4.62594,83.7031,85.0695,24.3183,4.62594,0.273333
0.4304,18.1301,18.1301,4.61623,83.6928,85.0695,24.3178,4.61623,0.271667
0.4306,18.0892,18.0892,4.63837,83.9042,85.0695,24.3192,4.63837,0.273333
0.4308,18.0387,18.0387,4.64099,83.7174,85.0695,24.3194,4.64099,0.275
0.431,18.0938,18.0938,4.62515,83.6867,85.0695,24.3182,4.62515,0.273333
0.4312,18.1294,18.1294,4.61735,83.7099,85.0695,24.3178,4.61735,0.271667
0.4314,18.0843,18.0843,4.63753,83.8664,85.0695,24.3191,4.63753,0.273333
0.4316,18.0402,18.0402,4.64471,83.7915,85.0695,24.3196,4.64471,0.275
0.4318,18.0943,18.0943,4.62594,83.7031,85.0695,24.3183,4.62594,0.273333
0.432,18.1301,18.1301,4.61623,83.6928,85.0695,24.3178,4.61623,0.271667
0.4322,18.0892,18.0892,4.63837,83.9042,85.0695,24.3192,4.63837,0.273333
0.4324,18.0387,18.0387,4.64099,83.7174,85.0695,24.3194,4.64099,0.275
0.4326,18.0938,18.0938,4.62515,83.6867,85.0695,24.3182,4.62515,0.273333
0.4328,18.1294,18.1294,4.61735,83.7099,85.0695,24.3178,4.61735,0.271667
0.433,18.0843,18.0843,4.63753,83.8664,85.0695,24.3191,4.63753,0.273333
0.4332,18.0402,18.0402,4.64471,83.7915,85.0695,24.3196,4.64471,0.275
0.4334,18.0943,18.0943,4.62594,83.7031,85.0695,24.3183,4.62594,0.273333
0.4336,18.1301,18.1301,4.61623,83.6928,85.0695,24.3178,4.61623,0.271667
0.4338,18.0892,18.0892,4.63837,83.9042,85.0695,24.3192,4.63837,0.273333
0.434,18.0387,18.0387,4.64099,83.7174,85.0695,24.3194,4.64099,0.275
0.4342,18.0938,18.0938,4.62515,83.6867,85.0695,24.3182,4.62515,0.273333
0.4344,18.1294,18.1294,4.61735,83.7099,85.0695,24.3178,4.61735,0.271667
0.4346,18.0843,18.0843,4.63753,83.8664,85.0695,24.3191,4.63753,0.273333
0.4348,18.0402,18.0402,4.64471,83.7915,85.0695,24.3196,4.64471,0.275
0.435,18.0943,18.0943,4.62594,83.7031,85.0695,24.3183,4.62594,0.273333
0.4352,18.1301,18.1301,4.61623,83.6928,85.0695,24.3178,4.61623,0.271667
0.4354,18.0892,18.0892,4.63837,83.9042,85.0695,24.3192,4.63837,0.273333
0.4356,18.0387,18.0387,4.64099,83.7174,85.0695,24.3194,4.64099,0.275
0.4358,18.0938,18.0938,4.62515,83.6867,85.0695,24.3182,4.62515,0.273333
0.436,18.1294,18.1294,4.61735,83.7099,85.0695,24.3178,4.61735,0.271667
0.4362,18.0843,18.0843,4.63753,83.8664,85.0695,24.3191,4.63753,0.273333
0.4364,18.0402,18.0402,4.64471,83.7915,85.0695,24.3196,4.64471,0.275
0.4366,18.0943,18.0943,4.62594,83.7031,85.0695,24.3183,4.62594,0.273333
0.4368,18.1301,18.1301,4.61623,83.6928,85.0695,24.3178,4.61623,0.271667
0.437,18.0892,18.0892,4.63837,83.9042,85.0695,24.3192,4.63837,0.273333
0.4372,18.0387,18.0387,4.64099,83.7174,85.0695,24.3194,4.64099,0.275
0.4374,18.0938,18.0938,4.62515,83.6867,85.0695,24.3182,4.62515,0.273333
0.4376,18.1294,18.1294,4.61735,83.7099,85.0695,24.3178,4.61735,0.271667
0.4378,18.0843,18.0843,4.63753,83.8664,85.0695,24.3191,4.63753,0.273333
0.438,18.0402,18.0402,4.64471,83.7915,85.0695,24.3196,4.64471,0.275
0.4382,18.0943,18.0943,4.62594,83.7031,85.0695,24.3183,4.62594,0.273333
0.4384,18.1301,18.1301,4.61623,83.6928,85.0695,24.3178,4.61623,0.271667
0.4386,18.0892,18.0892,4.63837,83.9042,85.0695,24.3192,4.63837,0.273333
0.4388,18.0387,18.0387,4.64099,83.7174,85.0695,24.3194,4.64099,0.275
0.439,18.0938,18.0938,4.62515,83.6867,85.0695,24.3182,4.62515,0.273333
0.4392,18.1294,18.1294,4.61735,83.7099,85.0695,24.3178,4.61735,0.271667
0.4394,18.0843,18.0843,4.63753,83.8664,85.0695,24.3191,4.63753,0.273333
0.4396,18.0402,18.0402,4.64471,83.7915,85.0695,24.3196,4.64471,0.275
0.4398,18.0943,18.0943,4.62594,83.7031,85.0695,24.3183,4.62594,0.273333
0.44,18.1301,18.1301,4.61623,83.6928,85.0695,24.3178,4.61623,0.271667
0.4402,18.0892,18.0892,4.63837,83.9042,85.0695,24.3192,4.63837,0.273333
0.4404,18.0387,18.0387,4.64099,83.7174,85.0695,24.3194,4.64099,0.275
0.4406,18.0938,18.0938,4.62515,83.6867,85.0695,24.3182,4.62515,0.273333
0.4408,18.1294,18.1294,4.61735,83.7099,85.0695,24.3178,4.61735,0.271667
0.441,18.0843,18.0843,4.63753,83.8664,85.0695,24.3191,4.63753,0.273333
0.4412,18.0402,18.0402,4.64471,83.7915,85.0695,24.3196,4.64471,0.275
0.4414,18.0943,18.0943,4.62594,83.7031,85.0695,24.3183,4.62594,0.273333
0.4416,18.1301,18.1301,4.61623,83.6928,85.0695,24.3178,4.61623,0.271667
0.4418,18.0892,18.0892,4.63837,83.9042,85.0695,24.3192,4.63837,0.273333
0.442,18.0387,18.0387,4.64099,83.7174,85.0695,24.3194,4.64099,0.275
0.4422,18.0938,18.0938,4.62515,83.6867,85.0695,24.3182,4.62515,0.273333
0.4424,18.1294,18.1294,4.61735,83.7099,85.0695,24.3178,4.61735,0.271667
0.4426,18.0843,18.0843,4.63753,83.8664,85.0695,24.3191,4.63753,0.273333
0.4428,18.0402,18.0402,4.64471,83.7915,85.0695,24.3196,4.64471,0.275
0.443,18.0943,18.0943,4.62594,83.7031,85.0695,24.3183,4.62594,0.273333
0.4432,18.1301,18.1301,4.61623,83.6928,85.0695,24.3178,4.61623,0.271667
0.4434,18.0892,18.0892,4.63837,83.9042,85.0695,24.3192,4.63837,0.273333
0.4436,18.0387,18.0387,4.64099,83.7174,85.0695,24.3194,4.64099,0.275
0.4438,18.0938,18.0938,4.62515,83.6867,85.0695,24.3182,4.62515,0.273333
0.444,18.1294,18.1294,4.61735,83.7099,85.0695,24.3178,4.61735,0.271667
0.4442,18.0843,18.0843,4.63753,83.8664,85.0695,24.3191,4.63753,0.273333
0.4444,18.0402,18.0402,4.64471,83.7915,85.0695,24.3196,4.64471,0.275
0.4446,18.0943,18.0943,4.62594,83.7031,85.0695,24.3183,4.62594,0.273333
0.4448,18.1301,18.1301,4.61623,83.6928,85.0695,24.3178,4.61623,0.271667
0.445,18.0892,18.0892,4.63837,83.9042,85.0695,24.3192,4.63837,0.273333
0.4452,18.0387,18.0387,4.64099,83.7174,85.0695,24.3194,4.64099,0.275
0.4454,18.0938,18.0938,4.62515,83.6867,85.0695,24.3182,4.62515,0.273333
0.4456,18.1294,18.1294,4.61735,83.7099,85.0695,24.3178,4.61735,0.271667
0.4458,18.0843,18.0843,4.63753,83.8664,85.0695,24.3191,4.63753,0.273333
0.446,18.0402,18.0402,4.64471,83.7915,85.0695,24.3196,4.64471,0.275
0.4462,18.0943,18.0943,4.62594,83.7031,85.0695,24.3183,4.62594,0.273333
0.4464,18.1301,18.1301,4.61623,83.6928,85.0695,24.3178,4.61623,0.271667
0.4466,18.0892,18.0892,4.63837,83.9042,85.0695,24.3192,4.63837,0.273333
0.4468,18.0387,18.0387,4.64099,83.7174,85.0695,24.3194,4.64099,0.275
0.447,18.0938,18.0938,4.62515,83.6867,85.0695,24.3182,4.62515,0.273333
0.4472,18.1294,18.1294,4.61735,83.7099,85.0695,24.3178,4.61735,0.271667
0.4474,18.0843,18.0843,4.63753,83.8664,85.0695,24.3191,4.63753,0.273333
0.4476,18.0402,18.0402,4.64471,83.7915,85.0695,24.3196,4.64471,0.275
0.4478,18.0943,18.0943,4.62594,83.7031,85.0695,24.3183,4.62594,0.273333
0.448,18.1301,18.1301,4.61623,83.6928,85.0695,24.3178,4.61623,0.271667
0.4482,18.0892,18.0892,4.63837,83.9042,85.0695,24.3192,4.63837,0.273333
0.4484,18.0387,18.0387,4.64099,83.7174,85.0695,24.3194,4.64099,0.275
0.4486,18.0938,18.0938,4.62515,83.6867,85.0695,24.3182,4.62515,0.273333
0.4488,18.1294,18.1294,4.61735,83.7099,85.0695,24.3178,4.61735,0.271667
0.449,18.0843,18.0843,4.63753,83.8664,85.0695,24.3191,4.63753,0.273333
0.4492,18.0402,18.0402,4.64471,83.7915,85.0695,24.3196,4.64471,0.275
0.4494,18.0943,18.0943,4.62594,83.7031,85.0695,24.3183,4.62594,0.273333
0.4496,18.1301,18.1301,4.61623,83.6928,85.0695,24.3178,4.61623,0.271667
0.4498,18.0892,18.0892,4.63837,83.9042,85.0695,24.3192,4.63837,0.273333
0.45,18.0387,18.0387,4.64099,83.7174,85.0695,24.3194,4.64099,0.275
0.4502,18.0938,18.0938,4.62515,83.6867,85.0695,24.3182,4.62515,0.273333
0.4504,18.1294,18.1294,4.61735,83.7099,85.0695,24.3178,4.61735,0.271667
0.4506,18.0843,18.0843,4.63753,83.8664,85.0695,24.3191,4.63753,0.273333
0.4508,18.0402,18.0402,4.64471,83.7915,85.0695,24.3196,4.64471,0.275
0.451,18.0943,18.0943,4.62594,83.7031,85.0695,24.3183,4.62594,0.273333
0.4512,18.1301,18.1301,4.61623,83.6928,85.0695,24.3178,4.61623,0.271667
0.4514,18.0892,18.0892,4.63837,83.9042,85.0695,24.3192,4.63837,0.273333
0.4516,18.0387,18.0387,4.64099,83.7174,85.0695,24.3194,4.64099,0.275
0.4518,18.0938,18.0938,4.62515,83.6867,85.0695,24.3182,4.62515,0.273333
0.452,18.1294,18.1294,4.61735,83.7099,85.0695,24.3178,4.61735,0.271667
0.4522,18.0843,18.0843,4.63753,83.8664,85.0695,24.3191,4.63753,0.273333
0.4524,18.0402,18.0402,4.64471,83.7915,85.0695,24.3196,4.64471,0.275
0.4526,18.0943,18.0943,4.62594,83.7031,85.0695,24.3183,4.62594,0.273333
0.4528,18.1301,18.1301,4.61623,83.6928,85.0695,24.3178,4.61623,0.271667
0.453,18.0892,18.0892,4.63837,83.9042,85.0695,24.3192,4.63837,0.273333
0.4532,18.0387,18.0387,4.64099,83.7174,85.0695,24.3194,4.64099,0.275
0.4534,18.0938,18.0938,4.62515,83.6867,85.0695,24.3182,4.62515,0.273333
0.4536,18.1294,18.1294,4.61735,83.7099,85.0695,24.3178,4.61735,0.271667
0.4538,18.0843,18.0843,4.63753,83.8664,85.0695,24.3191,4.63753,0.273333
0.454,18.0402,18.0402,4.64471,83.7915,85.0695,24.3196,4.64471,0.275
0.4542,18.0943,18.0943,4.62594,83.7031,85.0695,24.3183,4.62594,0.273333
0.4544,18.1301,18.1301,4.61623,83.6928,85.0695,24.3178,4.61623,0.271667
0.4546,18.0892,18.0892,4.63837,83.9042,85.0695,24.3192,4.63837,0.273333
0.4548,18.0387,18.0387,4.64099,83.7174,85.0695,24.3194,4.64099,0.275
0.455,18.0938,18.0938,4.62515,83.6867,85.0695,24.3182,4.62515,0.273333
0.4552,18.1294,18.1294,4.61735,83.7099,85.0695,24.3178,4.61735,0.271667
0.4554,18.0843,18.0843,4.63753,83.8664,85.0695,24.3191,4.63753,0.273333
0.4556,18.0402,18.0402,4.64471,83.7915,85.0695,24.3196,4.64471,0.275
0.4558,18.0943,18.0943,4.62594,83.7031,85.0695,24.3183,4.62594,0.273333
0.456,18.1301,18.1301,4.61623,83.6928,85.0695,24.3178,4.61623,0.271667
0.4562,18.0892,18.0892,4.63837,83.9042,85.0695,24.3192,4.63837,0.273333
0.4564,18.0387,18.0387,4.64099,83.7174,85.0695,24.3194,4.64099,0.275
0.4566,18.0938,18.0938,4.62515,83.6867,85.0695,24.3182,4.62515,0.273333
0.4568,18.1294,18.1294,4.61735,83.7099,85.0695,24.3178,4.61735,0.271667
0.457,18.0843,18.0843,4.63753,83.8664,85.0695,24.3191,4.63753,0.273333
0.4572,18.0402,18.0402,4.64471,83.7915,85.0695,24.3196,4.64471,0.275
0.4574,18.0943,18.0943,4.62594,83.7031,85.0695,24.3183,4.62594,0.273333
0.4576,18.1301,18.1301,4.61623,83.6928,85.0695,24.3178,4.61623,0.271667
0.4578,18.0892,18.0892,4.63837,83.9042,85.0695,24.3192,4.63837,0.273333
0.458,18.0387,18.0387,4.64099,83.7174,85.0695,24.3194,4.64099,0.275
0.4582,18.0938,18.0938,4.62515,83.6867,85.0695,24.3182,4.62515,0.273333
0.4584,18.1294,18.1294,4.61735,83.7099,85.0695,24.3178,4.61735,0.271667
0.4586,18.0843,18.0843,4.63753,83.8664,85.0695,24.3191,4.63753,0.273333
0.4588,18.0402,18.0402,4.64471,83.7915,85.0695,24.3196,4.64471,0.275
0.459,18.0943,18.0943,4.62594,83.7031,85.0695,24.3183,4.62594,0.273333
0.4592,18.1301,18.1301,4.61623,83.6928,85.0695,24.3178,4.61623,0.271667
0.4594,18.0892,18.0892,4.63837,83.9042,85.0695,24.3192,4.63837,0.273333
0.4596,18.0387,18.0387,4.64099,83.7174,85.0695,24.3194,4.64099,0.275
0.4598,18.0938,18.0938,4.62515,83.6867,85.0695,24.3182,4.62515,0.273333
0.46,18.1294,18.1294,4.61735,83.7099,85.0695,24.3178,4.61735,0.271667
0.4602,18.0843,18.0843,4.63753,83.8664,85.0695,24.3191,4.63753,0.273333
0.4604,18.0402,18.0402,4.64471,83.7915,85.0695,24.3196,4.64471,0.275
0.4606,18.0943,18.0943,4.62594,83.7031,85.0695,24.3183,4.62594,0.273333
0.4608,18.1301,18.1301,4.61623,83.6928,85.0695,24.3178,4.61623,0.271667
0.461,18.0892,18.0892,4.63837,83.9042,85.0695,24.3192,4.63837,0.273333
0.4612,18.0387,18.0387,4.64099,83.7174,85.0695,24.3194,4.64099,0.275
0.4614,18.0938,18.0938,4.62515,83.6867,85.0695,24.3182,4.62515,0.273333
0.4616,18.1294,18.1294,4.61735,83.7099,85.0695,24.3178,4.61735,0.271667
0.4618,18.0843,18.0843,4.63753,83.8664,85.0695,24.3191,4.63753,0.273333
0.462,18.0402,18.0402,4.64471,83.7915,85.0695,24.3196,4.64471,0.275
0.4622,18.0943,18.0943,4.62594,83.7031,85.0695,24.3183,4.62594,0.273333
0.4624,18.1301,18.1301,4.61623,83.6928,85.0695,24.3178,4.61623,0.271667
0.4626,18.0892,18.0892,4.63837,83.9042,85.0695,24.3192,4.63837,0.273333
0.4628,18.0387,18.0387,4.64099,83.7174,85.0695,24.3194,4.64099,0.275
0.463,18.0938,18.0938,4.62515,83.6867,85.0695,24.3182,4.62515,0.273333
0.4632,18.1294,18.1294,4.61735,83.7099,85.0695,24.3178,4.61735,0.271667
0.4634,18.0843,18.0843,4.63753,83.8664,85.0695,24.3191,4.63753,0.273333
0.4636,18.0402,18.0402,4.64471,83.7915,85.0695,24.3196,4.64471,0.275
0.4638,18.0943,18.0943,4.62594,83.7031,85.0695,24.3183,4.62594,0.273333
0.464,18.1301,18.1301,4.61623,83.6928,85.0695,24.3178,4.61623,0.271667
0.4642,18.0892,18.0892,4.63837,83.9042,85.0695,24.3192,4.63837,0.273333
0.4644,18.0387,18.0387,4.64099,83.7174,85.0695,24.3194,4.64099,0.275
0.4646,18.0938,18.0938,4.62515,83.6867,85.0695,24.3182,4.62515,0.273333
0.4648,18.1294,18.1294,4.61735,83.7099,85.0695,24.3178,4.61735,0.271667
0.465,18.0843,18.0843,4.63753,83.8664,85.0695,24.3191,4.63753,0.273333
0.4652,18.0402,18.0402,4.64471,83.7915,85.0695,24.3196,4.64471,0.275
0.4654,18.0943,18.0943,4.62594,83.7031,85.0695,24.3183,4.62594,0.273333
0.4656,18.1301,18.1301,4.61623,83.6928,85.0695,24.3178,4.61623,0.271667
0.4658,18.0892,18.0892,4.63837,83.9042,85.0695,24.3192,4.63837,0.273333
0.466,18.0387,18.0387,4.64099,83.7174,85.0695,24.3194,4.64099,0.275
0.4662,18.0938,18.0938,4.62515,83.6867,85.0695,24.3182,4.62515,0.273333
0.4664,18.1294,18.1294,4.61735,83.7099,85.0695,24.3178,4.61735,0.271667
0.4666,18.0843,18.0843,4.63753,83.8664,85.0695,24.3191,4.63753,0.273333
0.4668,18.0402,18.0402,4.64471,83.7915,85.0695,24.3196,4.64471,0.275
0.467,18.0943,18.0943,4.62594,83.7031,85.0695,24.3183,4.62594,0.273333
0.4672,18.1301,18.1301,4.61623,83.6928,85.0695,24.3178,4.61623,0.271667
0.4674,18.0892,18.0892,4.63837,83.9042,85.0695,24.3192,4.63837,0.273333
0.4676,18.0387,18.0387,4.64099,83.7174,85.0695,24.3194,4.64099,0.275
0.4678,18.0938,18.0938,4.62515,83.6867,85.0695,24.3182,4.62515,0.273333
0.468,18.1294,18.1294,4.61735,83.7099,85.0695,24.3178,4.61735,0.271667
0.4682,18.0843,18.0843,4.63753,83.8664,85.0695,24.3191,4.63753,0.273333
0.4684,18.0402,18.0402,4.64471,83.7915,85.0695,24.3196,4.64471,0.275
0.4686,18.0943,18.0943,4.62594,83.7031,85.0695,24.3183,4.62594,0.273333
0.4688,18.1301,18.1301,4.61623,83.6928,85.0695,24.3178,4.61623,0.271667
0.469,18.0892,18.0892,4.63837,83.9042,85.0695,24.3192,4.63837,0.273333
0.4692,18.0387,18.0387,4.64099,83.7174,85.0695,24.3194,4.64099,0.275
0.4694,18.0938,18.0938,4.62515,83.6867,85.0695,24.3182,4.62515,0.273333
0.4696,18.1294,18.1294,4.61735,83.7099,85.0695,24.3178,4.61735,0.271667
0.4698,18.0843,18.0843,4.63753,83.8664,85.0695,24.3191,4.63753,0.273333
0.47,18.0402,18.0402,4.64471,83.7915,85.0695,24.3196,4.64471,0.275
0.4702,18.0943,18.0943,4.62594,83.7031,85.0695,24.3183,4.62594,0.273333
0.4704,18.1301,18.1301,4.61623,83.6928,85.0695,24.3178,4.61623,0.271667
0.4706,18.0892,18.0892,4.63837,83.9042,85.0695,24.3192,4.63837,0.273333
0.4708,18.0387,18.0387,4.64099,83.7174,85.0695,24.3194,4.64099,0.275
0.471,18.0938,18.0938,4.62515,83.6867,85.0695,24.3182,4.62515,0.273333
0.4712,18.1294,18.1294,4.61735,83.7099,85.0695,24.3178,4.61735,0.271667
0.4714,18.0843,18.0843,4.63753,83.8664,85.0695,24.3191,4.63753,0.273333
0.4716,18.0402,18.0402,4.64471,83.7915,85.0695,24.3196,4.64471,0.275
0.4718,18.0943,18.0943,4.62594,83.7031,85.0695,24.3183,4.62594,0.273333
0.472,18.1301,18.1301,4.61623,83.6928,85.0695,24.3178,4.61623,0.271667
0.4722,18.0892,18.0892,4.63837,83.9042,85.0695,24.3192,4.63837,0.273333
0.4724,18.0387,18.0387,4.64099,83.7174,85.0695,24.3194,4.64099,0.275
0.4726,18.0938,18.0938,4.62515,83.6867,85.0695,24.3182,4.62515,0.273333
0.4728,18.1294,18.1294,4.61735,83.7099,85.0695,24.3178,4.61735,0.271667
0.473,18.0843,18.0843,4.63753,83.8664,85.0695,24.3191,4.63753,0.273333
0.4732,18.0402,18.0402,4.64471,83.7915,85.0695,24.3196,4.64471,0.275
0.4734,18.0943,18.0943,4.62594,83.7031,85.0695,24.3183,4.62594,0.273333
0.4736,18.1301,18.1301,4.61623,83.6928,85.0695,24.3178,4.61623,0.271667
0.4738,18.0892,18.0892,4.63837,83.9042,85.0695,24.3192,4.63837,0.273333
0.474,18.0387,18.0387,4.64099,83.7174,85.0695,24.3194,4.64099,0.275
0.4742,18.0938,18.0938,4.62515,83.6867,85.0695,24.3182,4.62515,0.273333
0.4744,18.1294,18.1294,4.61735,83.7099,85.0695,24.3178,4.61735,0.271667
0.4746,18.0843,18.0843,4.63753,83.8664,85.0695,24.3191,4.63753,0.273333
0.4748,18.0402,18.0402,4.64471,83.7915,85.0695,24.3196,4.64471,0.275
0.475,18.0943,18.0943,4.62594,83.7031,85.0695,24.3183,4.62594,0.273333
0.4752,18.1301,18.1301,4.61623,83.6928,85.0695,24.3178,4.61623,0.271667
0.4754,18.0892,18.0892,4.63837,83.9042,85.0695,24.3192,4.63837,0.273333
0.4756,18.0387,18.0387,4.64099,83.7174,85.0695,24.3194,4.64099,0.275
0.4758,18.0938,18.0938,4.62515,83.6867,85.0695,24.3182,4.62515,0.273333
0.476,18.1294,18.1294,4.61735,83.7099,85.0695,24.3178,4.61735,0.271667
0.4762,18.0843,18.0843,4.63753,83.8664,85.0695,24.3191,4.63753,0.273333
0.4764,18.0402,18.0402,4.64471,83.7915,85.0695,24.3196,4.64471,0.275
0.4766,18.0943,18.0943,4.62594,83.7031,85.0695,24.3183,4.62594,0.273333
0.4768,18.1301,18.1301,4.61623,83.6928,85.0695,24.3178,4.61623,0.271667
0.477,18.0892,18.0892,4.63837,83.9042,85.0695,24.3192,4.63837,0.273333
0.4772,18.0387,18.0387,4.64099,83.7174,85.0695,24.3194,4.64099,0.275
0.4774,18.0938,18.0938,4.62515,83.6867,85.0695,24.3182,4.62515,0.273333
0.4776,18.1294,18.1294,4.61735,83.7099,85.0695,24.3178,4.61735,0.271667
0.4778,18.0843,18.0843,4.63753,83.8664,85.0695,24.3191,4.63753,0.273333
0.478,18.0402,18.0402,4.64471,83.7915,85.0695,24.3196,4.64471,0.275
0.4782,18.0943,18.0943,4.62594,83.7031,85.0695,24.3183,4.62594,0.273333
0.4784,18.1301,18.1301,4.61623,83.6928,85.0695,24.3178,4.61623,0.271667
0.4786,18.0892,18.0892,4.63837,83.9042,85.0695,24.3192,4.63837,0.273333
0.4788,18.0387,18.0387,4.64099,83.7174,85.0695,24.3194,4.64099,0.275
0.479,18.0938,18.0938,4.62515,83.6867,85.0695,24.3182,4.62515,0.273333
0.4792,18.1294,18.1294,4.61735,83.7099,85.0695,24.3178,4.61735,0.271667
0.4794,18.0843,18.0843,4.63753,83.8664,85.0695,24.3191,4.63753,0.273333
0.4796,18.0402,18.0402,4.64471,83.7915,85.0695,24.3196,4.64471,0.275
0.4798,18.0943,18.0943,4.62594,83.7031,85.0695,24.3183,4.62594,0.273333
0.48,18.1301,18.1301,4.61623,83.6928,85.0695,24.3178,4.61623,0.271667
0.4802,18.0892,18.0892,4.63837,83.9042,85.0695,24.3192,4.63837,0.273333
0.4804,18.0387,18.0387,4.64099,83.7174,85.0695,24.3194,4.64099,0.275
0.4806,18.0938,18.0938,4.62515,83.6867,85.0695,24.3182,4.62515,0.273333
0.4808,18.1294,18.1294,4.61735,83.7099,85.0695,24.3178,4.61735,0.271667
0.481,18.0843,18.0843,4.63753,83.8664,85.0695,24.3191,4.63753,0.273333
0.4812,18.0402,18.0402,4.64471,83.7915,85.0695,24.3196,4.64471,0.275
0.4814,18.0943,18.0943,4.62594,83.7031,85.0695,24.3183,4.62594,0.273333
0.4816,18.1301,18.1301,4.61623,83.6928,85.0695,24.3178,4.61623,0.271667
0.4818,18.0892,18.0892,4.63837,83.9042,85.0695,24.3192,4.63837,0.273333
0.482,18.0387,18.0387,4.64099,83.7174,85.0695,24.3194,4.64099,0.275
0.4822,18.0938,18.0938,4.62515,83.6867,85.0695,24.3182,4.62515,0.273333
0.4824,18.1294,18.1294,4.61735,83.7099,85.0695,24.3178,4.61735,0.271667
0.4826,18.0843,18.0843,4.63753,83.8664,85.0695,24.3191,4.63753,0.273333
0.4828,18.0402,18.0402,4.64471,83.7915,85.0695,24.3196,4.64471,0.275
0.483,18.0943,18.0943,4.62594,83.7031,85.0695,24.3183,4.62594,0.273333
0.4832,18.1301,18.1301,4.61623,83.6928,85.0695,24.3178,4.61623,0.271667
0.4834,18.0892,18.0892,4.63837,83.9042,85.0695,24.3192,4.63837,0.273333
0.4836,18.0387,18.0387,4.64099,83.7174,85.0695,24.3194,4.64099,0.275
0.4838,18.0938,18.0938,4.62515,83.6867,85.0695,24.3182,4.62515,0.273333
0.484,18.1294,18.1294,4.61735,83.7099,85.0695,24.3178,4.61735,0.271667
0.4842,18.0843,18.0843,4.63753,83.8664,85.0695,24.3191,4.63753,0.273333
0.4844,18.0402,18.0402,4.64471,83.7915,85.0695,24.3196,4.64471,0.275
0.4846,18.0943,18.0943,4.62594,83.7031,85.0695,24.3183,4.62594,0.273333
0.4848,18.1301,18.1301,4.61623,83.6928,85.0695,24.3178,4.61623,0.271667
0.485,18.0892,18.0892,4.63837,83.9042,85.0695,24.3192,4.63837,0.273333
0.4852,18.0387,18.0387,4.64099,83.7174,85.0695,24.3194,4.64099,0.275
0.4854,18.0938,18.0938,4.62515,83.6867,85.0695,24.3182,4.62515,0.273333
0.4856,18.1294,18.1294,4.61735,83.7099,85.0695,24.3178,4.61735,0.271667
0.4858,18.0843,18.0843,4.63753,83.8664,85.0695,24.3191,4.63753,0.273333
0.486,18.0402,18.0402,4.64471,83.7915,85.0695,24.3196,4.64471,0.275
0.4862,18.0943,18.0943,4.62594,83.7031,85.0695,24.3183,4.62594,0.273333
0.4864,18.1301,18.1301,4.61623,83.6928,85.0695,24.3178,4.61623,0.271667
0.4866,18.0892,18.0892,4.63837,83.9042,85.0695,24.3192,4.63837,0.273333
0.4868,18.0387,18.0387,4.64099,83.7174,85.0695,24.3194,4.64099,0.275
0.487,18.0938,18.0938,4.62515,83.6867,85.0695,24.3182,4.62515,0.273333
0.4872,18.1294,18.1294,4.61735,83.7099,85.0695,24.3178,4.61735,0.271667
0.4874,18.0843,18.0843,4.63753,83.8664,85.0695,24.3191,4.63753,0.273333
0.4876,18.0402,18.0402,4.64471,83.7915,85.0695,24.3196,4.64471,0.275
0.4878,18.0943,18.0943,4.62594,83.7031,85.0695,24.3183,4.62594,0.273333
0.488,18.1301,18.1301,4.61623,83.6928,85.0695,24.3178,4.61623,0.271667
0.4882,18.0892,18.0892,4.63837,83.9042,85.0695,24.3192,4.63837,0.273333
0.4884,18.0387,18.0387,4.64099,83.7174,85.0695,24.3194,4.64099,0.275
0.4886,18.0938,18.0938,4.62515,83.6867,85.0695,24.3182,4.62515,0.273333
0.4888,18.1294,18.1294,4.61735,83.7099,85.0695,24.3178,4.61735,0.271667
0.489,18.0843,18.0843,4.63753,83.8664,85.0695,24.3191,4.63753,0.273333
0.4892,18.0402,18.0402,4.64471,83.7915,85.0695,24.3196,4.64471,0.275
0.4894,18.0943,18.0943,4.62594,83.7031,85.0695,24.3183,4.62594,0.273333
0.4896,18.1301,18.1301,4.61623,83.6928,85.0695,24.3178,4.61623,0.271667
0.4898,18.0892,18.0892,4.63837,83.9042,85.0695,24.3192,4.63837,0.273333
0.49,18.0387,18.0387,4.64099,83.7174,85.0695,24.3194,4.64099,0.275
0.4902,18.0938,18.0938,4.62515,83.6867,85.0695,24.3182,4.62515,0.273333
0.4904,18.1294,18.1294,4.61735,83.7099,85.0695,24.3178,4.61735,0.271667
0.4906,18.0843,18.0843,4.63753,83.8664,85.0695,24.3191,4.63753,0.273333
0.4908,18.0402,18.0402,4.64471,83.7915,85.0695,24.3196,4.64471,0.275
0.491,18.0943,18.0943,4.62594,83.7031,85.0695,24.3183,4.62594,0.273333
0.4912,18.1301,18.1301,4.61623,83.6928,85.0695,24.3178,4.61623,0.271667
0.4914,18.0892,18.0892,4.63837,83.9042,85.0695,24.3192,4.63837,0.273333
0.4916,18.0387,18.0387,4.64099,83.7174,85.0695,24.3194,4.64099,0.275
0.4918,18.0938,18.0938,4.62515,83.6867,85.0695,24.3182,4.62515,0.273333
0.492,18.1294,18.1294,4.61735,83.7099,85.0695,24.3178,4.61735,0.271667
0.4922,18.0843,18.0843,4.63753,83.8664,85.0695,24.3191,4.63753,0.273333
0.4924,18.0402,18.0402,4.64471,83.7915,85.0695,24.3196,4.64471,0.275
0.4926,18.0943,18.0943,4.62594,83.7031,85.0695,24.3183,4.62594,0.273333
0.4928,18.1301,18.1301,4.61623,83.6928,85.0695,24.3178,4.61623,0.271667
0.493,18.0892,18.0892,4.63837,83.9042,85.0695,24.3192,4.63837,0.273333
0.4932,18.0387,18.0387,4.64099,83.7174,85.0695,24.3194,4.64099,0.275
0.4934,18.0938,18.0938,4.62515,83.6867,85.0695,24.3182,4.62515,0.273333
0.4936,18.1294,18.1294,4.61735,83.7099,85.0695,24.3178,4.61735,0.271667
0.4938,18.0843,18.0843,4.63753,83.8664,85.0695,24.3191,4.63753,0.273333
0.494,18.0402,18.0402,4.64471,83.7915,85.0695,24.3196,4.64471,0.275
0.4942,18.0943,18.0943,4.62594,83.7031,85.0695,24.3183,4.62594,0.273333
0.4944,18.1301,18.1301,4.61623,83.6928,85.0695,24.3178,4.61623,0.271667
0.4946,18.0892,18.0892,4.63837,83.9042,85.0695,24.3192,4.63837,0.273333
0.4948,18.0387,18.0387,4.64099,83.7174,85.0695,24.3194,4.64099,0.275
0.495,18.0938,18.0938,4.62515,83.6867,85.0695,24.3182,4.62515,0.273333
0.4952,18.1294,18.1294,4.61735,83.7099,85.0695,24.3178,4.61735,0.271667
0.4954,18.0843,18.0843,4.63753,83.8664,85.0695,24.3191,4.63753,0.273333
0.4956,18.0402,18.0402,4.64471,83.7915,85.0695,24.3196,4.64471,0.275
0.4958,18.0943,18.0943,4.62594,83.7031,85.0695,24.3183,4.62594,0.273333
0.496,18.1301,18.1301,4.61623,83.6928,85.0695,24.3178,4.61623,0.271667
0.4962,18.0892,18.0892,4.63837,83.9042,85.0695,24.3192,4.63837,0.273333
0.4964,18.0387,18.0387,4.64099,83.7174,85.0695,24.3194,4.64099,0.275
0.4966,18.0938,18.0938,4.62515,83.6867,85.0695,24.3182,4.62515,0.273333
0.4968,18.1294,18.1294,4.61735,83.7099,85.0695,24.3178,4.61735,0.271667
0.497,18.0843,18.0843,4.63753,83.8664,85.0695,24.3191,4.63753,0.273333
0.4972,18.0402,18.0402,4.64471,83.7915,85.0695,24.3196,4.64471,0.275
0.4974,18.0943,18.0943,4.62594,83.7031,85.0695,24.3183,4.62594,0.273333
0.4976,18.1301,18.1301,4.61623,83.6928,85.0695,24.3178,4.61623,0.271667
0.4978,18.0892,18.0892,4.63837,83.9042,85.0695,24.3192,4.63837,0.273333
0.498,18.0387,18.0387,4.64099,83.7174,85.0695,24.3194,4.64099,0.275
0.4982,18.0938,18.0938,4.62515,83.6867,85.0695,24.3182,4.62515,0.273333
0.4984,18.1294,18.1294,4.61735,83.7099,85.0695,24.3178,4.61735,0.271667
0.4986,18.0843,18.0843,4.63753,83.8664,85.0695,24.3191,4.63753,0.273333
0.4988,18.0402,18.0402,4.64471,83.7915,85.0695,24.3196,4.64471,0.275
0.499,18.0943,18.0943,4.62594,83.7031,85.0695,24.3183,4.62594,0.273333
0.4992,18.1301,18.1301,4.61623,83.6928,85.0695,24.3178,4.61623,0.271667
0.4994,18.0892,18.0892,4.63837,83.9042,85.0695,24.3192,4.63837,0.273333
0.4996,18.0387,18.0387,4.64099,83.7174,85.0695,24.3194,4.64099,0.275
0.4998,18.0938,18.0938,4.62515,83.6867,85.0695,24.3182,4.62515,0.273333
0.5,18.1294,18.1294,4.61735,83.7099,85.0695,24.3178,4.61735,0.271667
0.5002,18.0843,18.0843,4.63753,83.8664,85.0695,24.3191,4.63753,0.273333
0.5004,18.0402,18.0402,4.64471,83.7915,85.0695,24.3196,4.64471,0.275
0.5006,18.0943,18.0943,4.62594,83.7031,85.0695,24.3183,4.62594,0.273333
0.5008,18.1301,18.1301,4.61623,83.6928,85.0695,24.3178,4.61623,0.271667
0.501,18.0892,18.0892,4.63837,83.9042,85.0695,24.3192,4.63837,0.273333
0.5012,18.0387,18.0387,4.64099,83.7174,85.0695,24.3194,4.64099,0.275
0.5014,18.0938,18.0938,4.62515,83.6867,85.0695,24.3182,4.62515,0.273333
0.5016,18.1294,18.1294,4.61735,83.7099,85.0695,24.3178,4.61735,0.271667
0.5018,18.0843,18.0843,4.63753,83.8664,85.0695,24.3191,4.63753,0.273333
0.502,18.0402,18.0402,4.64471,83.7915,85.0695,24.3196,4.64471,0.275
0.5022,18.0943,18.0943,4.62594,83.7031,85.0695,24.3183,4.62594,0.273333
0.5024,18.1301,18.1301,4.61623,83.6928,85.0695,24.3178,4.61623,0.271667
0.5026,18.0892,18.0892,4.63837,83.9042,85.0695,24.3192,4.63837,0.273333
0.5028,18.0387,18.0387,4.64099,83.7174,85.0695,24.3194,4.64099,0.275
0.503,18.0938,18.0938,4.62515,83.6867,85.0695,24.3182,4.62515,0.273333
0.5032,18.1294,18.1294,4.61735,83.7099,85.0695,24.3178,4.61735,0.271667
0.5034,18.0843,18.0843,4.63753,83.8664,85.0695,24.3191,4.63753,0.273333
0.5036,18.0402,18.0402,4.64471,83.7915,85.0695,24.3196,4.64471,0.275
0.5038,18.0943,18.0943,4.62594,83.7031,85.0695,24.3183,4.62594,0.273333
0.504,18.1301,18.1301,4.61623,83.6928,85.0695,24.3178,4.61623,0.271667
0.5042,18.0892,18.0892,4.63837,83.9042,85.0695,24.3192,4.63837,0.273333
0.5044,18.0387,18.0387,4.64099,83.7174,85.0695,24.3194,4.64099,0.275
0.5046,18.0938,18.0938,4.62515,83.6867,85.0695,24.3182,4.62515,0.273333
0.5048,18.1294,18.1294,4.61735,83.7099,85.0695,24.3178,4.61735,0.271667
0.505,18.0843,18.0843,4.63753,83.8664,85.0695,24.3191,4.63753,0.273333
0.5052,18.0402,18.0402,4.64471,83.7915,85.0695,24.3196,4.64471,0.275
0.5054,18.0943,18.0943,4.62594,83.7031,85.0695,24.3183,4.62594,0.273333
0.5056,18.1301,18.1301,4.61623,83.6928,85.0695,24.3178,4.61623,0.271667
0.5058,18.0892,18.0892,4.63837,83.9042,85.0695,24.3192,4.63837,0.273333
0.506,18.0387,18.0387,4.64099,83.7174,85.0695,24.3194,4.64099,0.275
0.5062,18.0938,18.0938,4.62515,83.6867,85.0695,24.3182,4.62515,0.273333
0.5064,18.1294,18.1294,4.61735,83.7099,85.0695,24.3178,4.61735,0.271667
0.5066,18.0843,18.0843,4.63753,83.8664,85.0695,24.3191,4.63753,0.273333
0.5068,18.0402,18.0402,4.64471,83.7915,85.0695,24.3196,4.64471,0.275
0.507,18.0943,18.0943,4.62594,83.7031,85.0695,24.3183,4.62594,0.273333
0.5072,18.1301,18.1301,4.61623,83.6928,85.0695,24.3178,4.61623,0.271667
0.5074,18.0892,18.0892,4.63837,83.9042,85.0695,24.3192,4.63837,0.273333
0.5076,18.0387,18.0387,4.64099,83.7174,85.0695,24.3194,4.64099,0.275
0.5078,18.0938,18.0938,4.62515,83.6867,85.0695,24.3182,4.62515,0.273333
0.508,18.1294,18.1294,4.61735,83.7099,85.0695,24.3178,4.61735,0.271667
0.5082,18.0843,18.0843,4.63753,83.8664,85.0695,24.3191,4.63753,0.273333
0.5084,18.0402,18.0402,4.64471,83.7915,85.0695,24.3196,4.64471,0.275
0.5086,18.0943,18.0943,4.62594,83.7031,85.0695,24.3183,4.62594,0.273333
0.5088,18.1301,18.1301,4.61623,83.6928,85.0695,24.3178,4.61623,0.271667
0.509,18.0892,18.0892,4.63837,83.9042,85.0695,24.3192,4.63837,0.273333
0.5092,18.0387,18.0387,4.64099,83.7174,85.0695,24.3194,4.64099,0.275
0.5094,18.0938,18.0938,4.62515,83.6867,85.0695,24.3182,4.62515,0.273333
0.5096,18.1294,18.1294,4.61735,83.7099,85.0695,24.3178,4.61735,0.271667
0.5098,18.0843,18.0843,4.63753,83.8664,85.0695,24.3191,4.63753,0.273333
0.51,18.0402,18.0402,4.64471,83.7915,85.0695,24.3196,4.64471,0.275
0.5102,18.0943,18.0943,4.62594,83.7031,85.0695,24.3183,4.62594,0.273333
0.5104,18.1301,18.1301,4.61623,83.6928,85.0695,24.3178,4.61623,0.271667
0.5106,18.0892,18.0892,4.63837,83.9042,85.0695,24.3192,4.63837,0.273333
0.5108,18.0387,18.0387,4.64099,83.7174,85.0695,24.3194,4.64099,0.275
0.511,18.0938,18.0938,4.62515,83.6867,85.0695,24.3182,4.62515,0.273333
0.5112,18.1294,18.1294,4.61735,83.7099,85.0695,24.3178,4.61735,0.271667
0.5114,18.0843,18.0843,4.63753,83.8664,85.0695,24.3191,4.63753,0.273333
0.5116,18.0402,18.0402,4.64471,83.7915,85.0695,24.3196,4.64471,0.275
0.5118,18.0943,18.0943,4.62594,83.7031,85.0695,24.3183,4.62594,0.273333
0.512,18.1301,18.1301,4.61623,83.6928,85.0695,24.3178,4.61623,0.271667
0.5122,18.0892,18.0892,4.63837,83.9042,85.0695,24.3192,4.63837,0.273333
0.5124,18.0387,18.0387,4.64099,83.7174,85.0695,24.3194,4.64099,0.275
0.5126,18.0938,18.0938,4.62515,83.6867,85.0695,24.3182,4.62515,0.273333
0.5128,18.1294,18.1294,4.61735,83.7099,85.0695,24.3178,4.61735,0.271667
0.513,18.0843,18.0843,4.63753,83.8664,85.0695,24.3191,4.63753,0.273333
0.5132,18.0402,18.0402,4.64471,83.7915,85.0695,24.3196,4.64471,0.275
0.5134,18.0943,18.0943,4.62594,83.7031,85.0695,24.3183,4.62594,0.273333
0.5136,18.1301,18.1301,4.61623,83.6928,85.0695,24.3178,4.61623,0.271667
0.5138,18.0892,18.0892,4.63837,83.9042,85.0695,24.3192,4.63837,0.273333
0.514,18.0387,18.0387,4.64099,83.7174,85.0695,24.3194,4.64099,0.275
0.5142,18.0938,18.0938,4.62515,83.6867,85.0695,24.3182,4.62515,0.273333
0.5144,18.1294,18.1294,4.61735,83.7099,85.0695,24.3178,4.61735,0.271667
0.5146,18.0843,18.0843,4.63753,83.8664,85.0695,24.3191,4.63753,0.273333
0.5148,18.0402,18.0402,4.64471,83.7915,85.0695,24.3196,4.64471,0.275
0.515,18.0943,18.0943,4.62594,83.7031,85.0695,24.3183,4.62594,0.273333
0.5152,18.1301,18.1301,4.61623,83.6928,85.0695,24.3178,4.61623,0.271667
0.5154,18.0892,18.0892,4.63837,83.9042,85.0695,24.3192,4.63837,0.273333
0.5156,18.0387,18.0387,4.64099,83.7174,85.0695,24.3194,4.64099,0.275
0.5158,18.0938,18.0938,4.62515,83.6867,85.0695,24.3182,4.62515,0.273333
0.516,18.1294,18.1294,4.61735,83.7099,85.0695,24.3178,4.61735,0.271667
0.5162,18.0843,18.0843,4.63753,83.8664,85.0695,24.3191,4.63753,0.273333
0.5164,18.0402,18.0402,4.64471,83.7915,85.0695,24.3196,4.64471,0.275
0.5166,18.0943,18.0943,4.62594,83.7031,85.0695,24.3183,4.62594,0.273333
0.5168,18.1301,18.1301,4.61623,83.6928,85.0695,24.3178,4.61623,0.271667
0.517,18.0892,18.0892,4.63837,83.9042,85.0695,24.3192,4.63837,0.273333
0.5172,18.0387,18.0387,4.64099,83.7174,85.0695,24.3194,4.64099,0.275
0.5174,18.0938,18.0938,4.62515,83.6867,85.0695,24.3182,4.62515,0.273333
0.5176,18.1294,18.1294,4.61735,83.7099,85.0695,24.3178,4.61735,0.271667
0.5178,18.0843,18.0843,4.63753,83.8664,85.0695,24.3191,4.63753,0.273333
0.518,18.0402,18.0402,4.64471,83.7915,85.0695,24.3196,4.64471,0.275
0.5182,18.0943,18.0943,4.62594,83.7031,85.0695,24.3183,4.62594,0.273333
0.5184,18.1301,18.1301,4.61623,83.6928,85.0695,24.3178,4.61623,0.271667
0.5186,18.0892,18.0892,4.63837,83.9042,85.0695,24.3192,4.63837,0.273333
0.5188,18.0387,18.0387,4.64099,83.7174,85.0695,24.3194,4.64099,0.275
0.519,18.0938,18.0938,4.62515,83.6867,85.0695,24.3182,4.62515,0.273333
0.5192,18.1294,18.1294,4.61735,83.7099,85.0695,24.3178,4.61735,0.271667
0.5194,18.0843,18.0843,4.63753,83.8664,85.0695,24.3191,4.63753,0.273333
0.5196,18.0402,18.0402,4.64471,83.7915,85.0695,24.3196,4.64471,0.275
0.5198,18.0943,18.0943,4.62594,83.7031,85.0695,24.3183,4.62594,0.273333
0.52,18.1301,18.1301,4.61623,83.6928,85.0695,24.3178,4.61623,0.271667
0.5202,18.0892,18.0892,4.63837,83.9042,85.0695,24.3192,4.63837,0.273333
0.5204,18.0387,18.0387,4.64099,83.7174,85.0695,24.3194,4.64099,0.275
0.5206,18.0938,18.0938,4.62515,83.6867,85.0695,24.3182,4.62515,0.273333
0.5208,18.1294,18.1294,4.61735,83.7099,85.0695,24.3178,4.61735,0.271667
0.521,18.0843,18.0843,4.63753,83.8664,85.0695,24.3191,4.63753,0.273333
0.5212,18.0402,18.0402,4.64471,83.7915,85.0695,24.3196,4.64471,0.275
0.5214,18.0943,18.0943,4.62594,83.7031,85.0695,24.3183,4.62594,0.273333
0.5216,18.1301,18.1301,4.61623,83.6928,85.0695,24.3178,4.61623,0.271667
0.5218,18.0892,18.0892,4.63837,83.9042,85.0695,24.3192,4.63837,0.273333
0.522,18.0387,18.0387,4.64099,83.7174,85.0695,24.3194,4.64099,0.275
0.5222,18.0938,18.0938,4.62515,83.6867,85.0695,24.3182,4.62515,0.273333
0.5224,18.1294,18.1294,4.61735,83.7099,85.0695,24.3178,4.61735,0.271667
0.5226,18.0843,18.0843,4.63753,83.8664,85.0695,24.3191,4.63753,0.273333
0.5228,18.0402,18.0402,4.64471,83.7915,85.0695,24.3196,4.64471,0.275
0.523,18.0943,18.0943,4.62594,83.7031,85.0695,24.3183,4.62594,0.273333
0.5232,18.1301,18.1301,4.61623,83.6928,85.0695,24.3178,4.61623,0.271667
0.5234,18.0892,18.0892,4.63837,83.9042,85.0695,24.3192,4.63837,0.273333
0.5236,18.0387,18.0387,4.64099,83.7174,85.0695,24.3194,4.64099,0.275
0.5238,18.0938,18.0938,4.62515,83.6867,85.0695,24.3182,4.62515,0.273333
0.524,18.1294,18.1294,4.61735,83.7099,85.0695,24.3178,4.61735,0.271667
0.5242,18.0843,18.0843,4.63753,83.8664,85.0695,24.3191,4.63753,0.273333
0.5244,18.0402,18.0402,4.64471,83.7915,85.0695,24.3196,4.64471,0.275
0.5246,18.0943,18.0943,4.62594,83.7031,85.0695,24.3183,4.62594,0.273333
0.5248,18.1301,18.1301,4.61623,83.6928,85.0695,24.3178,4.61623,0.271667
0.525,18.0892,18.0892,4.63837,83.9042,85.0695,24.3192,4.63837,0.273333
0.5252,18.0387,18.0387,4.64099,83.7174,85.0695,24.3194,4.64099,0.275
0.5254,18.0938,18.0938,4.62515,83.6867,85.0695,24.3182,4.62515,0.273333
0.5256,18.1294,18.1294,4.61735,83.7099,85.0695,24.3178,4.61735,0.271667
0.5258,18.0843,18.0843,4.63753,83.8664,85.0695,24.3191,4.63753,0.273333
0.526,18.0402,18.0402,4.64471,83.7915,85.0695,24.3196,4.64471,0.275
0.5262,18.0943,18.0943,4.62594,83.7031,85.0695,24.3183,4.62594,0.273333
0.5264,18.1301,18.1301,4.61623,83.6928,85.0695,24.3178,4.61623,0.271667
0.5266,18.0892,18.0892,4.63837,83.9042,85.0695,24.3192,4.63837,0.273333
0.5268,18.0387,18.0387,4.64099,83.7174,85.0695,24.3194,4.64099,0.275
0.527,18.0938,18.0938,4.62515,83.6867,85.0695,24.3182,4.62515,0.273333
0.5272,18.1294,18.1294,4.61735,83.7099,85.0695,24.3178,4.61735,0.271667
0.5274,18.0843,18.0843,4.63753,83.8664,85.0695,24.3191,4.63753,0.273333
0.5276,18.0402,18.0402,4.64471,83.7915,85.0695,24.3196,4.64471,0.275
0.5278,18.0943,18.0943,4.62594,83.7031,85.0695,24.3183,4.62594,0.273333
0.528,18.1301,18.1301,4.61623,83.6928,85.0695,24.3178,4.61623,0.271667
0.5282,18.0892,18.0892,4.63837,83.9042,85.0695,24.3192,4.63837,0.273333
0.5284,18.0387,18.0387,4.64099,83.7174,85.0695,24.3194,4.64099,0.275
0.5286,18.0938,18.0938,4.62515,83.6867,85.0695,24.3182,4.62515,0.273333
0.5288,18.1294,18.1294,4.61735,83.7099,85.0695,24.3178,4.61735,0.271667
0.529,18.0843,18.0843,4.63753,83.8664,85.0695,24.3191,4.63753,0.273333
0.5292,18.0402,18.0402,4.64471,83.7915,85.0695,24.3196,4.64471,0.275
0.5294,18.0943,18.0943,4.62594,83.7031,85.0695,24.3183,4.62594,0.273333
0.5296,18.1301,18.1301,4.61623,83.6928,85.0695,24.3178,4.61623,0.271667
0.5298,18.0892,18.0892,4.63837,83.9042,85.0695,24.3192,4.63837,0.273333
0.53,18.0387,18.0387,4.64099,83.7174,85.0695,24.3194,4.64099,0.275
0.5302,18.0938,18.0938,4.62515,83.6867,85.0695,24.3182,4.62515,0.273333
0.5304,18.1294,18.1294,4.61735,83.7099,85.0695,24.3178,4.61735,0.271667
0.5306,18.0843,18.0843,4.63753,83.8664,85.0695,24.3191,4.63753,0.273333
0.5308,18.0402,18.0402,4.64471,83.7915,85.0695,24.3196,4.64471,0.275
0.531,18.0943,18.0943,4.62594,83.7031,85.0695,24.3183,4.62594,0.273333
0.5312,18.1301,18.1301,4.61623,83.6928,85.0695,24.3178,4.61623,0.271667
0.5314,18.0892,18.0892,4.63837,83.9042,85.0695,24.3192,4.63837,0.273333
0.5316,18.0387,18.0387,4.64099,83.7174,85.0695,24.3194,4.64099,0.275
0.5318,18.0938,18.0938,4.62515,83.6867,85.0695,24.3182,4.62515,0.273333
0.532,18.1294,18.1294,4.61735,83.7099,85.0695,24.3178,4.61735,0.271667
0.5322,18.0843,18.0843,4.63753,83.8664,85.0695,24.3191,4.63753,0.273333
0.5324,18.0402,18.0402,4.64471,83.7915,85.0695,24.3196,4.64471,0.275
0.5326,18.0943,18.0943,4.62594,83.7031,85.0695,24.3183,4.62594,0.273333
0.5328,18.1301,18.1301,4.61623,83.6928,85.0695,24.3178,4.61623,0.271667
0.533,18.0892,18.0892,4.63837,83.9042,85.0695,24.3192,4.63837,0.273333
0.5332,18.0387,18.0387,4.64099,83.7174,85.0695,24.3194,4.64099,0.275
0.5334,18.0938,18.0938,4.62515,83.6867,85.0695,24.3182,4.62515,0.273333
0.5336,18.1294,18.1294,4.61735,83.7099,85.0695,24.3178,4.61735,0.271667
0.5338,18.0843,18.0843,4.63753,83.8664,85.0695,24.3191,4.63753,0.273333
0.534,18.0402,18.0402,4.64471,83.7915,85.0695,24.3196,4.64471,0.275
0.5342,18.0943,18.0943,4.62594,83.7031,85.0695,24.3183,4.62594,0.273333
0.5344,18.1301,18.1301,4.61623,83.6928,85.0695,24.3178,4.61623,0.271667
0.5346,18.0892,18.0892,4.63837,83.9042,85.0695,24.3192,4.63837,0.273333
0.5348,18.0387,18.0387,4.64099,83.7174,85.0695,24.3194,4.64099,0.275
0.535,18.0938,18.0938,4.62515,83.6867,85.0695,24.3182,4.62515,0.273333
0.5352,18.1294,18.1294,4.61735,83.7099,85.0695,24.3178,4.61735,0.271667
0.5354,18.0843,18.0843,4.63753,83.8664,85.0695,24.3191,4.63753,0.273333
0.5356,18.0402,18.0402,4.64471,83.7915,85.0695,24.3196,4.64471,0.275
0.5358,18.0943,18.0943,4.62594,83.7031,85.0695,24.3183,4.62594,0.273333
0.536,18.1301,18.1301,4.61623,83.6928,85.0695,24.3178,4.61623,0.271667
0.5362,18.0892,18.0892,4.63837,83.9042,85.0695,24.3192,4.63837,0.273333
0.5364,18.0387,18.0387,4.64099,83.7174,85.0695,24.3194,4.64099,0.275
0.5366,18.0938,18.0938,4.62515,83.6867,85.0695,24.3182,4.62515,0.273333
0.5368,18.1294,18.1294,4.61735,83.7099,85.0695,24.3178,4.61735,0.271667
0.537,18.0843,18.0843,4.63753,83.8664,85.0695,24.3191,4.63753,0.273333
0.5372,18.0402,18.0402,4.64471,83.7915,85.0695,24.3196,4.64471,0.275
0.5374,18.0943,18.0943,4.62594,83.7031,85.0695,24.3183,4.62594,0.273333
0.5376,18.1301,18.1301,4.61623,83.6928,85.0695,24.3178,4.61623,0.271667
0.5378,18.0892,18.0892,4.63837,83.9042,85.0695,24.3192,4.63837,0.273333
0.538,18.0387,18.0387,4.64099,83.7174,85.0695,24.3194,4.64099,0.275
0.5382,18.0938,18.0938,4.62515,83.6867,85.0695,24.3182,4.62515,0.273333
0.5384,18.1294,18.1294,4.61735,83.7099,85.0695,24.3178,4.61735,0.271667
0.5386,18.0843,18.0843,4.63753,83.8664,85.0695,24.3191,4.63753,0.273333
0.5388,18.0402,18.0402,4.64471,83.7915,85.0695,24.3196,4.64471,0.275
0.539,18.0943,18.0943,4.62594,83.7031,85.0695,24.3183,4.62594,0.273333
0.5392,18.1301,18.1301,4.61623,83.6928,85.0695,24.3178,4.61623,0.271667
0.5394,18.0892,18.0892,4.63837,83.9042,85.0695,24.3192,4.63837,0.273333
0.5396,18.0387,18.0387,4.64099,83.7174,85.0695,24.3194,4.64099,0.275
0.5398,18.0938,18.0938,4.62515,83.6867,85.0695,24.3182,4.62515,0.273333
0.54,18.1294,18.1294,4.61735,83.7099,85.0695,24.3178,4.61735,0.271667
0.5402,18.0843,18.0843,4.63753,83.8664,85.0695,24.3191,4.63753,0.273333
0.5404,18.0402,18.0402,4.64471,83.7915,85.0695,24.3196,4.64471,0.275
0.5406,18.0943,18.0943,4.62594,83.7031,85.0695,24.3183,4.62594,0.273333
0.5408,18.1301,18.1301,4.61623,83.6928,85.0695,24.3178,4.61623,0.271667
0.541,18.0892,18.0892,4.63837,83.9042,85.0695,24.3192,4.63837,0.273333
0.5412,18.0387,18.0387,4.64099,83.7174,85.0695,24.3194,4.64099,0.275
0.5414,18.0938,18.0938,4.62515,83.6867,85.0695,24.3182,4.62515,0.273333
0.5416,18.1294,18.1294,4.61735,83.7099,85.0695,24.3178,4.61735,0.271667
0.5418,18.0843,18.0843,4.63753,83.8664,85.0695,24.3191,4.63753,0.273333
0.542,18.0402,18.0402,4.64471,83.7915,85.0695,24.3196,4.64471,0.275
0.5422,18.0943,18.0943,4.62594,83.7031,85.0695,24.3183,4.62594,0.273333
0.5424,18.1301,18.1301,4.61623,83.6928,85.0695,24.3178,4.61623,0.271667
0.5426,18.0892,18.0892,4.63837,83.9042,85.0695,24.3192,4.63837,0.273333
0.5428,18.0387,18.0387,4.64099,83.7174,85.0695,24.3194,4.64099,0.275
0.543,18.0938,18.0938,4.62515,83.6867,85.0695,24.3182,4.62515,0.273333
0.5432,18.1294,18.1294,4.61735,83.7099,85.0695,24.3178,4.61735,0.271667
0.5434,18.0843,18.0843,4.63753,83.8664,85.0695,24.3191,4.63753,0.273333
0.5436,18.0402,18.0402,4.64471,83.7915,85.0695,24.3196,4.64471,0.275
0.5438,18.0943,18.0943,4.62594,83.7031,85.0695,24.3183,4.62594,0.273333
0.544,18.1301,18.1301,4.61623,83.6928,85.0695,24.3178,4.61623,0.271667
0.5442,18.0892,18.0892,4.63837,83.9042,85.0695,24.3192,4.63837,0.273333
0.5444,18.0387,18.0387,4.64099,83.7174,85.0695,24.3194,4.64099,0.275
0.5446,18.0938,18.0938,4.62515,83.6867,85.0695,24.3182,4.62515,0.273333
0.5448,18.1294,18.1294,4.61735,83.7099,85.0695,24.3178,4.61735,0.271667
0.545,18.0843,18.0843,4.63753,83.8664,85.0695,24.3191,4.63753,0.273333
0.5452,18.0402,18.0402,4.64471,83.7915,85.0695,24.3196,4.64471,0.275
0.5454,18.0943,18.0943,4.62594,83.7031,85.0695,24.3183,4.62594,0.273333
0.5456,18.1301,18.1301,4.61623,83.6928,85.0695,24.3178,4.61623,0.271667
0.5458,18.0892,18.0892,4.63837,83.9042,85.0695,24.3192,4.63837,0.273333
0.546,18.0387,18.0387,4.64099,83.7174,85.0695,24.3194,4.64099,0.275
0.5462,18.0938,18.0938,4.62515,83.6867,85.0695,24.3182,4.62515,0.273333
0.5464,18.1294,18.1294,4.61735,83.7099,85.0695,24.3178,4.61735,0.271667
0.5466,18.0843,18.0843,4.63753,83.8664,85.0695,24.3191,4.63753,0.273333
0.5468,18.0402,18.0402,4.64471,83.7915,85.0695,24.3196,4.64471,0.275
0.547,18.0943,18.0943,4.62594,83.7031,85.0695,24.3183,4.62594,0.273333
0.5472,18.1301,18.1301,4.61623,83.6928,85.0695,24.3178,4.61623,0.271667
0.5474,18.0892,18.0892,4.63837,83.9042,85.0695,24.3192,4.63837,0.273333
0.5476,18.0387,18.0387,4.64099,83.7174,85.0695,24.3194,4.64099,0.275
0.5478,18.0938,18.0938,4.62515,83.6867,85.0695,24.3182,4.62515,0.273333
0.548,18.1294,18.1294,4.61735,83.7099,85.0695,24.3178,4.61735,0.271667
0.5482,18.0843,18.0843,4.63753,83.8664,85.0695,24.3191,4.63753,0.273333
0.5484,18.0402,18.0402,4.64471,83.7915,85.0695,24.3196,4.64471,0.275
0.5486,18.0943,18.0943,4.62594,83.7031,85.0695,24.3183,4.62594,0.273333
0.5488,18.1301,18.1301,4.61623,83.6928,85.0695,24.3178,4.61623,0.271667
0.549,18.0892,18.0892,4.63837,83.9042,85.0695,24.3192,4.63837,0.273333
0.5492,18.0387,18.0387,4.64099,83.7174,85.0695,24.3194,4.64099,0.275
0.5494,18.0938,18.0938,4.62515,83.6867,85.0695,24.3182,4.62515,0.273333
0.5496,18.1294,18.1294,4.61735,83.7099,85.0695,24.3178,4.61735,0.271667
0.5498,18.0843,18.0843,4.63753,83.8664,85.0695,24.3191,4.63753,0.273333
0.55,18.0402,18.0402,4.64471,83.7915,85.0695,24.3196,4.64471,0.275
0.5502,18.0943,18.0943,4.62594,83.7031,85.0695,24.3183,4.62594,0.273333
0.5504,18.1301,18.1301,4.61623,83.6928,85.0695,24.3178,4.61623,0.271667
0.5506,18.0892,18.0892,4.63837,83.9042,85.0695,24.3192,4.63837,0.273333
0.5508,18.0387,18.0387,4.64099,83.7174,85.0695,24.3194,4.64099,0.275
0.551,18.0938,18.0938,4.62515,83.6867,85.0695,24.3182,4.62515,0.273333
0.5512,18.1294,18.1294,4.61735,83.7099,85.0695,24.3178,4.61735,0.271667
0.5514,18.0843,18.0843,4.63753,83.8664,85.0695,24.3191,4.63753,0.273333
0.5516,18.0402,18.0402,4.64471,83.7915,85.0695,24.3196,4.64471,0.275
0.5518,18.0943,18.0943,4.62594,83.7031,85.0695,24.3183,4.62594,0.273333
0.552,18.1301,18.1301,4.61623,83.6928,85.0695,24.3178,4.61623,0.271667
0.5522,18.0892,18.0892,4.63837,83.9042,85.0695,24.3192,4.63837,0.273333
0.5524,18.0387,18.0387,4.64099,83.7174,85.0695,24.3194,4.64099,0.275
0.5526,18.0938,18.0938,4.62515,83.6867,85.0695,24.3182,4.62515,0.273333
0.5528,18.1294,18.1294,4.61735,83.7099,85.0695,24.3178,4.61735,0.271667
0.553,18.0843,18.0843,4.63753,83.8664,85.0695,24.3191,4.63753,0.273333
0.5532,18.0402,18.0402,4.64471,83.7915,85.0695,24.3196,4.64471,0.275
0.5534,18.0943,18.0943,4.62594,83.7031,85.0695,24.3183,4.62594,0.273333
0.5536,18.1301,18.1301,4.61623,83.6928,85.0695,24.3178,4.61623,0.271667
0.5538,18.0892,18.0892,4.63837,83.9042,85.0695,24.3192,4.63837,0.273333
0.554,18.0387,18.0387,4.64099,83.7174,85.0695,24.3194,4.64099,0.275
0.5542,18.0938,18.0938,4.62515,83.6867,85.0695,24.3182,4.62515,0.273333
0.5544,18.1294,18.1294,4.61735,83.7099,85.0695,24.3178,4.61735,0.271667
0.5546,18.0843,18.0843,4.63753,83.8664,85.0695,24.3191,4.63753,0.273333
0.5548,18.0402,18.0402,4.64471,83.7915,85.0695,24.3196,4.64471,0.275
0.555,18.0943,18.0943,4.62594,83.7031,85.0695,24.3183,4.62594,0.273333
0.5552,18.1301,18.1301,4.61623,83.6928,85.0695,24.3178,4.61623,0.271667
0.5554,18.0892,18.0892,4.63837,83.9042,85.0695,24.3192,4.63837,0.273333
0.5556,18.0387,18.0387,4.64099,83.7174,85.0695,24.3194,4.64099,0.275
0.5558,18.0938,18.0938,4.62515,83.6867,85.0695,24.3182,4.62515,0.273333
0.556,18.1294,18.1294,4.61735,83.7099,85.0695,24.3178,4.61735,0.271667
0.5562,18.0843,18.0843,4.63753,83.8664,85.0695,24.3191,4.63753,0.273333
0.5564,18.0402,18.0402,4.64471,83.7915,85.0695,24.3196,4.64471,0.275
0.5566,18.0943,18.0943,4.62594,83.7031,85.0695,24.3183,4.62594,0.273333
0.5568,18.1301,18.1301,4.61623,83.6928,85.0695,24.3178,4.61623,0.271667
0.557,18.0892,18.0892,4.63837,83.9042,85.0695,24.3192,4.63837,0.273333
0.5572,18.0387,18.0387,4.64099,83.7174,85.0695,24.3194,4.64099,0.275
0.5574,18.0938,18.0938,4.62515,83.6867,85.0695,24.3182,4.62515,0.273333
0.5576,18.1294,18.1294,4.61735,83.7099,85.0695,24.3178,4.61735,0.271667
0.5578,18.0843,18.0843,4.63753,83.8664,85.0695,24.3191,4.63753,0.273333
0.558,18.0402,18.0402,4.64471,83.7915,85.0695,24.3196,4.64471,0.275
0.5582,18.0943,18.0943,4.62594,83.7031,85.0695,24.3183,4.62594,0.273333
0.5584,18.1301,18.1301,4.61623,83.6928,85.0695,24.3178,4.61623,0.271667
0.5586,18.0892,18.0892,4.63837,83.9042,85.0695,24.3192,4.63837,0.273333
0.5588,18.0387,18.0387,4.64099,83.7174,85.0695,24.3194,4.64099,0.275
0.559,18.0938,18.0938,4.62515,83.6867,85.0695,24.3182,4.62515,0.273333
0.5592,18.1294,18.1294,4.61735,83.7099,85.0695,24.3178,4.61735,0.271667
0.5594,18.0843,18.0843,4.63753,83.8664,85.0695,24.3191,4.63753,0.273333
0.5596,18.0402,18.0402,4.64471,83.7915,85.0695,24.3196,4.64471,0.275
0.5598,18.0943,18.0943,4.62594,83.7031,85.0695,24.3183,4.62594,0.273333
0.56,18.1301,18.1301,4.61623,83.6928,85.0695,24.3178,4.61623,0.271667
0.5602,18.0892,18.0892,4.63837,83.9042,85.0695,24.3192,4.63837,0.273333
0.5604,18.0387,18.0387,4.64099,83.7174,85.0695,24.3194,4.64099,0.275
0.5606,18.0938,18.0938,4.62515,83.6867,85.0695,24.3182,4.62515,0.273333
0.5608,18.1294,18.1294,4.61735,83.7099,85.0695,24.3178,4.61735,0.271667
0.561,18.0843,18.0843,4.63753,83.8664,85.0695,24.3191,4.63753,0.273333
0.5612,18.0402,18.0402,4.64471,83.7915,85.0695,24.3196,4.64471,0.275
0.5614,18.0943,18.0943,4.62594,83.7031,85.0695,24.3183,4.62594,0.273333
0.5616,18.1301,18.1301,4.61623,83.6928,85.0695,24.3178,4.61623,0.271667
0.5618,18.0892,18.0892,4.63837,83.9042,85.0695,24.3192,4.63837,0.273333
0.562,18.0387,18.0387,4.64099,83.7174,85.0695,24.3194,4.64099,0.275
0.5622,18.0938,18.0938,4.62515,83.6867,85.0695,24.3182,4.62515,0.273333
0.5624,18.1294,18.1294,4.61735,83.7099,85.0695,24.3178,4.61735,0.271667
0.5626,18.0843,18.0843,4.63753,83.8664,85.0695,24.3191,4.63753,0.273333
0.5628,18.0402,18.0402,4.64471,83.7915,85.0695,24.3196,4.64471,0.275
0.563,18.0943,18.0943,4.62594,83.7031,85.0695,24.3183,4.62594,0.273333
0.5632,18.1301,18.1301,4.61623,83.6928,85.0695,24.3178,4.61623,0.271667
0.5634,18.0892,18.0892,4.63837,83.9042,85.0695,24.3192,4.63837,0.273333
0.5636,18.0387,18.0387,4.64099,83.7174,85.0695,24.3194,4.64099,0.275
0.5638,18.0938,18.0938,4.62515,83.6867,85.0695,24.3182,4.62515,0.273333
0.564,18.1294,18.1294,4.61735,83.7099,85.0695,24.3178,4.61735,0.271667
0.5642,18.0843,18.0843,4.63753,83.8664,85.0695,24.3191,4.63753,0.273333
0.5644,18.0402,18.0402,4.64471,83.7915,85.0695,24.3196,4.64471,0.275
0.5646,18.0943,18.0943,4.62594,83.7031,85.0695,24.3183,4.62594,0.273333
0.5648,18.1301,18.1301,4.61623,83.6928,85.0695,24.3178,4.61623,0.271667
0.565,18.0892,18.0892,4.63837,83.9042,85.0695,24.3192,4.63837,0.273333
0.5652,18.0387,18.0387,4.64099,83.7174,85.0695,24.3194,4.64099,0.275
0.5654,18.0938,18.0938,4.62515,83.6867,85.0695,24.3182,4.62515,0.273333
0.5656,18.1294,18.1294,4.61735,83.7099,85.0695,24.3178,4.61735,0.271667
0.5658,18.0843,18.0843,4.63753,83.8664,85.0695,24.3191,4.63753,0.273333
0.566,18.0402,18.0402,4.64471,83.7915,85.0695,24.3196,4.64471,0.275
0.5662,18.0943,18.0943,4.62594,83.7031,85.0695,24.3183,4.62594,0.273333
0.5664,18.1301,18.1301,4.61623,83.6928,85.0695,24.3178,4.61623,0.271667
0.5666,18.0892,18.0892,4.63837,83.9042,85.0695,24.3192,4.63837,0.273333
0.5668,18.0387,18.0387,4.64099,83.7174,85.0695,24.3194,4.64099,0.275
0.567,18.0938,18.0938,4.62515,83.6867,85.0695,24.3182,4.62515,0.273333
0.5672,18.1294,18.1294,4.61735,83.7099,85.0695,24.3178,4.61735,0.271667
0.5674,18.0843,18.0843,4.63753,83.8664,85.0695,24.3191,4.63753,0.273333
0.5676,18.0402,18.0402,4.64471,83.7915,85.0695,24.3196,4.64471,0.275
0.5678,18.0943,18.0943,4.62594,83.7031,85.0695,24.3183,4.62594,0.273333
0.568,18.1301,18.1301,4.61623,83.6928,85.0695,24.3178,4.61623,0.271667
0.5682,18.0892,18.0892,4.63837,83.9042,85.0695,24.3192,4.63837,0.273333
0.5684,18.0387,18.0387,4.64099,83.7174,85.0695,24.3194,4.64099,0.275
0.5686,18.0938,18.0938,4.62515,83.6867,85.0695,24.3182,4.62515,0.273333
0.5688,18.1294,18.1294,4.61735,83.7099,85.0695,24.3178,4.61735,0.271667
0.569,18.0843,18.0843,4.63753,83.8664,85.0695,24.3191,4.63753,0.273333
0.5692,18.0402,18.0402,4.64471,83.7915,85.0695,24.3196,4.64471,0.275
0.5694,18.0943,18.0943,4.62594,83.7031,85.0695,24.3183,4.62594,0.273333
0.5696,18.1301,18.1301,4.61623,83.6928,85.0695,24.3178,4.61623,0.271667
0.5698,18.0892,18.0892,4.63837,83.9042,85.0695,24.3192,4.63837,0.273333
0.57,18.0387,18.0387,4.64099,83.7174,85.0695,24.3194,4.64099,0.275
0.5702,18.0938,18.0938,4.62515,83.6867,85.0695,24.3182,4.62515,0.273333
0.5704,18.1294,18.1294,4.61735,83.7099,85.0695,24.3178,4.61735,0.271667
0.5706,18.0843,18.0843,4.63753,83.8664,85.0695,24.3191,4.63753,0.273333
0.5708,18.0402,18.0402,4.64471,83.7915,85.0695,24.3196,4.64471,0.275
0.571,18.0943,18.0943,4.62594,83.7031,85.0695,24.3183,4.62594,0.273333
0.5712,18.1301,18.1301,4.61623,83.6928,85.0695,24.3178,4.61623,0.271667
0.5714,18.0892,18.0892,4.63837,83.9042,85.0695,24.3192,4.63837,0.273333
0.5716,18.0387,18.0387,4.64099,83.7174,85.0695,24.3194,4.64099,0.275
0.5718,18.0938,18.0938,4.62515,83.6867,85.0695,24.3182,4.62515,0.273333
0.572,18.1294,18.1294,4.61735,83.7099,85.0695,24.3178,4.61735,0.271667
0.5722,18.0843,18.0843,4.63753,83.8664,85.0695,24.3191,4.63753,0.273333
0.5724,18.0402,18.0402,4.64471,83.7915,85.0695,24.3196,4.64471,0.275
0.5726,18.0943,18.0943,4.62594,83.7031,85.0695,24.3183,4.62594,0.273333
0.5728,18.1301,18.1301,4.61623,83.6928,85.0695,24.3178,4.61623,0.271667
0.573,18.0892,18.0892,4.63837,83.9042,85.0695,24.3192,4.63837,0.273333
0.5732,18.0387,18.0387,4.64099,83.7174,85.0695,24.3194,4.64099,0.275
0.5734,18.0938,18.0938,4.62515,83.6867,85.0695,24.3182,4.62515,0.273333
0.5736,18.1294,18.1294,4.61735,83.7099,85.0695,24.3178,4.61735,0.271667
0.5738,18.0843,18.0843,4.63753,83.8664,85.0695,24.3191,4.63753,0.273333
0.574,18.0402,18.0402,4.64471,83.7915,85.0695,24.3196,4.64471,0.275
0.5742,18.0943,18.0943,4.62594,83.7031,85.0695,24.3183,4.62594,0.273333
0.5744,18.1301,18.1301,4.61623,83.6928,85.0695,24.3178,4.61623,0.271667
0.5746,18.0892,18.0892,4.63837,83.9042,85.0695,24.3192,4.63837,0.273333
0.5748,18.0387,18.0387,4.64099,83.7174,85.0695,24.3194,4.64099,0.275
0.575,18.0938,18.0938,4.62515,83.6867,85.0695,24.3182,4.62515,0.273333
0.5752,18.1294,18.1294,4.61735,83.7099,85.0695,24.3178,4.61735,0.271667
0.5754,18.0843,18.0843,4.63753,83.8664,85.0695,24.3191,4.63753,0.273333
0.5756,18.0402,18.0402,4.64471,83.7915,85.0695,24.3196,4.64471,0.275
0.5758,18.0943,18.0943,4.62594,83.7031,85.0695,24.3183,4.62594,0.273333
0.576,18.1301,18.1301,4.61623,83.6928,85.0695,24.3178,4.61623,0.271667
0.5762,18.0892,18.0892,4.63837,83.9042,85.0695,24.3192,4.63837,0.273333
0.5764,18.0387,18.0387,4.64099,83.7174,85.0695,24.3194,4.64099,0.275
0.5766,18.0938,18.0938,4.62515,83.6867,85.0695,24.3182,4.62515,0.273333
0.5768,18.1294,18.1294,4.61735,83.7099,85.0695,24.3178,4.61735,0.271667
0.577,18.0843,18.0843,4.63753,83.8664,85.0695,24.3191,4.63753,0.273333
0.5772,18.0402,18.0402,4.64471,83.7915,85.0695,24.3196,4.64471,0.275
0.5774,18.0943,18.0943,4.62594,83.7031,85.0695,24.3183,4.62594,0.273333
0.5776,18.1301,18.1301,4.61623,83.6928,85.0695,24.3178,4.61623,0.271667
0.5778,18.0892,18.0892,4.63837,83.9042,85.0695,24.3192,4.63837,0.273333
0.578,18.0387,18.0387,4.64099,83.7174,85.0695,24.3194,4.64099,0.275
0.5782,18.0938,18.0938,4.62515,83.6867,85.0695,24.3182,4.62515,0.273333
0.5784,18.1294,18.1294,4.61735,83.7099,85.0695,24.3178,4.61735,0.271667
0.5786,18.0843,18.0843,4.63753,83.8664,85.0695,24.3191,4.63753,0.273333
0.5788,18.0402,18.0402,4.64471,83.7915,85.0695,24.3196,4.64471,0.275
0.579,18.0943,18.0943,4.62594,83.7031,85.0695,24.3183,4.62594,0.273333
0.5792,18.1301,18.1301,4.61623,83.6928,85.0695,24.3178,4.61623,0.271667
0.5794,18.0892,18.0892,4.63837,83.9042,85.0695,24.3192,4.63837,0.273333
0.5796,18.0387,18.0387,4.64099,83.7174,85.0695,24.3194,4.64099,0.275
0.5798,18.0938,18.0938,4.62515,83.6867,85.0695,24.3182,4.62515,0.273333
0.58,18.1294,18.1294,4.61735,83.7099,85.0695,24.3178,4.61735,0.271667
0.5802,18.0843,18.0843,4.63753,83.8664,85.0695,24.3191,4.63753,0.273333
0.5804,18.0402,18.0402,4.64471,83.7915,85.0695,24.3196,4.64471,0.275
0.5806,18.0943,18.0943,4.62594,83.7031,85.0695,24.3183,4.62594,0.273333
0.5808,18.1301,18.1301,4.61623,83.6928,85.0695,24.3178,4.61623,0.271667
0.581,18.0892,18.0892,4.63837,83.9042,85.0695,24.3192,4.63837,0.273333
0.5812,18.0387,18.0387,4.64099,83.7174,85.0695,24.3194,4.64099,0.275
0.5814,18.0938,18.0938,4.62515,83.6867,85.0695,24.3182,4.62515,0.273333
0.5816,18.1294,18.1294,4.61735,83.7099,85.0695,24.3178,4.61735,0.271667
0.5818,18.0843,18.0843,4.63753,83.8664,85.0695,24.3191,4.63753,0.273333
0.582,18.0402,18.0402,4.64471,83.7915,85.0695,24.3196,4.64471,0.275
0.5822,18.0943,18.0943,4.62594,83.7031,85.0695,24.3183,4.62594,0.273333
0.5824,18.1301,18.1301,4.61623,83.6928,85.0695,24.3178,4.61623,0.271667
0.5826,18.0892,18.0892,4.63837,83.9042,85.0695,24.3192,4.63837,0.273333
0.5828,18.0387,18.0387,4.64099,83.7174,85.0695,24.3194,4.64099,0.275
0.583,18.0938,18.0938,4.62515,83.6867,85.0695,24.3182,4.62515,0.273333
0.5832,18.1294,18.1294,4.61735,83.7099,85.0695,24.3178,4.61735,0.271667
0.5834,18.0843,18.0843,4.63753,83.8664,85.0695,24.3191,4.63753,0.273333
0.5836,18.0402,18.0402,4.64471,83.7915,85.0695,24.3196,4.64471,0.275
0.5838,18.0943,18.0943,4.62594,83.7031,85.0695,24.3183,4.62594,0.273333
0.584,18.1301,18.1301,4.61623,83.6928,85.0695,24.3178,4.61623,0.271667
0.5842,18.0892,18.0892,4.63837,83.9042,85.0695,24.3192,4.63837,0.273333
0.5844,18.0387,18.0387,4.64099,83.7174,85.0695,24.3194,4.64099,0.275
0.5846,18.0938,18.0938,4.62515,83.6867,85.0695,24.3182,4.62515,0.273333
0.5848,18.1294,18.1294,4.61735,83.7099,85.0695,24.3178,4.61735,0.271667
0.585,18.0843,18.0843,4.63753,83.8664,85.0695,24.3191,4.63753,0.273333
0.5852,18.0402,18.0402,4.64471,83.7915,85.0695,24.3196,4.64471,0.275
0.5854,18.0943,18.0943,4.62594,83.7031,85.0695,24.3183,4.62594,0.273333
0.5856,18.1301,18.1301,4.61623,83.6928,85.0695,24.3178,4.61623,0.271667
0.5858,18.0892,18.0892,4.63837,83.9042,85.0695,24.3192,4.63837,0.273333
0.586,18.0387,18.0387,4.64099,83.7174,85.0695,24.3194,4.64099,0.275
0.5862,18.0938,18.0938,4.62515,83.6867,85.0695,24.3182,4.62515,0.273333
0.5864,18.1294,18.1294,4.61735,83.7099,85.0695,24.3178,4.61735,0.271667
0.5866,18.0843,18.0843,4.63753,83.8664,85.0695,24.3191,4.63753,0.273333
0.5868,18.0402,18.0402,4.64471,83.7915,85.0695,24.3196,4.64471,0.275
0.587,18.0943,18.0943,4.62594,83.7031,85.0695,24.3183,4.62594,0.273333
0.5872,18.1301,18.1301,4.61623,83.6928,85.0695,24.3178,4.61623,0.271667
0.5874,18.0892,18.0892,4.63837,83.9042,85.0695,24.3192,4.63837,0.273333
0.5876,18.0387,18.0387,4.64099,83.7174,85.0695,24.3194,4.64099,0.275
0.5878,18.0938,18.0938,4.62515,83.6867,85.0695,24.3182,4.62515,0.273333
0.588,18.1294,18.1294,4.61735,83.7099,85.0695,24.3178,4.61735,0.271667
0.5882,18.0843,18.0843,4.63753,83.8664,85.0695,24.3191,4.63753,0.273333
0.5884,18.0402,18.0402,4.64471,83.7915,85.0695,24.3196,4.64471,0.275
0.5886,18.0943,18.0943,4.62594,83.7031,85.0695,24.3183,4.62594,0.273333
0.5888,18.1301,18.1301,4.61623,83.6928,85.0695,24.3178,4.61623,0.271667
0.589,18.0892,18.0892,4.63837,83.9042,85.0695,24.3192,4.63837,0.273333
0.5892,18.0387,18.0387,4.64099,83.7174,85.0695,24.3194,4.64099,0.275
0.5894,18.0938,18.0938,4.62515,83.6867,85.0695,24.3182,4.62515,0.273333
0.5896,18.1294,18.1294,4.61735,83.7099,85.0695,24.3178,4.61735,0.271667
0.5898,18.0843,18.0843,4.63753,83.8664,85.0695,24.3191,4.63753,0.273333
0.59,18.0402,18.0402,4.64471,83.7915,85.0695,24.3196,4.64471,0.275
0.5902,18.0943,18.0943,4.62594,83.7031,85.0695,24.3183,4.62594,0.273333
0.5904,18.1301,18.1301,4.61623,83.6928,85.0695,24.3178,4.61623,0.271667
0.5906,18.0892,18.0892,4.63837,83.9042,85.0695,24.3192,4.63837,0.273333
0.5908,18.0387,18.0387,4.64099,83.7174,85.0695,24.3194,4.64099,0.275
0.591,18.0938,18.0938,4.62515,83.6867,85.0695,24.3182,4.62515,0.273333
0.5912,18.1294,18.1294,4.61735,83.7099,85.0695,24.3178,4.61735,0.271667
0.5914,18.0843,18.0843,4.63753,83.8664,85.0695,24.3191,4.63753,0.273333
0.5916,18.0402,18.0402,4.64471,83.7915,85.0695,24.3196,4.64471,0.275
0.5918,18.0943,18.0943,4.62594,83.7031,85.0695,24.3183,4.62594,0.273333
0.592,18.1301,18.1301,4.61623,83.6928,85.0695,24.3178,4.61623,0.271667
0.5922,18.0892,18.0892,4.63837,83.9042,85.0695,24.3192,4.63837,0.273333
0.5924,18.0387,18.0387,4.64099,83.7174,85.0695,24.3194,4.64099,0.275
0.5926,18.0938,18.0938,4.62515,83.6867,85.0695,24.3182,4.62515,0.273333
0.5928,18.1294,18.1294,4.61735,83.7099,85.0695,24.3178,4.61735,0.271667
0.593,18.0843,18.0843,4.63753,83.8664,85.0695,24.3191,4.63753,0.273333
0.5932,18.0402,18.0402,4.64471,83.7915,85.0695,24.3196,4.64471,0.275
0.5934,18.0943,18.0943,4.62594,83.7031,85.0695,24.3183,4.62594,0.273333
0.5936,18.1301,18.1301,4.61623,83.6928,85.0695,24.3178,4.61623,0.271667
0.5938,18.0892,18.0892,4.63837,83.9042,85.0695,24.3192,4.63837,0.273333
0.594,18.0387,18.0387,4.64099,83.7174,85.0695,24.3194,4.64099,0.275
0.5942,18.0938,18.0938,4.62515,83.6867,85.0695,24.3182,4.62515,0.273333
0.5944,18.1294,18.1294,4.61735,83.7099,85.0695,24.3178,4.61735,0.271667
0.5946,18.0843,18.0843,4.63753,83.8664,85.0695,24.3191,4.63753,0.273333
0.5948,18.0402,18.0402,4.64471,83.7915,85.0695,24.3196,4.64471,0.275
0.595,18.0943,18.0943,4.62594,83.7031,85.0695,24.3183,4.62594,0.273333
0.5952,18.1301,18.1301,4.61623,83.6928,85.0695,24.3178,4.61623,0.271667
0.5954,18.0892,18.0892,4.63837,83.9042,85.0695,24.3192,4.63837,0.273333
0.5956,18.0387,18.0387,4.64099,83.7174,85.0695,24.3194,4.64099,0.275
0.5958,18.0938,18.0938,4.62515,83.6867,85.0695,24.3182,4.62515,0.273333
0.596,18.1294,18.1294,4.61735,83.7099,85.0695,24.3178,4.61735,0.271667
0.5962,18.0843,18.0843,4.63753,83.8664,85.0695,24.3191,4.63753,0.273333
0.5964,18.0402,18.0402,4.64471,83.7915,85.0695,24.3196,4.64471,0.275
0.5966,18.0943,18.0943,4.62594,83.7031,85.0695,24.3183,4.62594,0.273333
0.5968,18.1301,18.1301,4.61623,83.6928,85.0695,24.3178,4.61623,0.271667
0.597,18.0892,18.0892,4.63837,83.9042,85.0695,24.3192,4.63837,0.273333
0.5972,18.0387,18.0387,4.64099,83.7174,85.0695,24.3194,4.64099,0.275
0.5974,18.0938,18.0938,4.62515,83.6867,85.0695,24.3182,4.62515,0.273333
0.5976,18.1294,18.1294,4.61735,83.7099,85.0695,24.3178,4.61735,0.271667
0.5978,18.0843,18.0843,4.63753,83.8664,85.0695,24.3191,4.63753,0.273333
0.598,18.0402,18.0402,4.64471,83.7915,85.0695,24.3196,4.64471,0.275
0.5982,18.0943,18.0943,4.62594,83.7031,85.0695,24.3183,4.62594,0.273333
0.5984,18.1301,18.1301,4.61623,83.6928,85.0695,24.3178,4.61623,0.271667
0.5986,18.0892,18.0892,4.63837,83.9042,85.0695,24.3192,4.63837,0.273333
0.5988,18.0387,18.0387,4.64099,83.7174,85.0695,24.3194,4.64099,0.275
0.599,18.0938,18.0938,4.62515,83.6867,85.0695,24.3182,4.62515,0.273333
0.5992,18.1294,18.1294,4.61735,83.7099,85.0695,24.3178,4.61735,0.271667
0.5994,18.0843,18.0843,4.63753,83.8664,85.0695,24.3191,4.63753,0.273333
0.5996,18.0402,18.0402,4.64471,83.7915,85.0695,24.3196,4.64471,0.275
0.5998,18.0943,18.0943,4.62594,83.7031,85.0695,24.3183,4.62594,0.273333
0.6,18.1301,18.1301,4.61623,83.6928,85.0695,24.3178,4.61623,0.271667
0.6002,18.0892,18.0892,4.63837,83.9042,85.0695,24.3192,4.63837,0.273333
0.6004,18.0387,18.0387,4.64099,83.7174,85.0695,24.3194,4.64099,0.275
0.6006,18.0938,18.0938,4.62515,83.6867,85.0695,24.3182,4.62515,0.273333
0.6008,18.1294,18.1294,4.61735,83.7099,85.0695,24.3178,4.61735,0.271667
0.601,18.0843,18.0843,4.63753,83.8664,85.0695,24.3191,4.63753,0.273333
0.6012,18.0402,18.0402,4.64471,83.7915,85.0695,24.3196,4.64471,0.275
0.6014,18.0943,18.0943,4.62594,83.7031,85.0695,24.3183,4.62594,0.273333
0.6016,18.1301,18.1301,4.61623,83.6928,85.0695,24.3178,4.61623,0.271667
0.6018,18.0892,18.0892,4.63837,83.9042,85.0695,24.3192,4.63837,0.273333
0.602,18.0387,18.0387,4.64099,83.7174,85.0695,24.3194,4.64099,0.275
0.6022,18.0938,18.0938,4.62515,83.6867,85.0695,24.3182,4.62515,0.273333
0.6024,18.1294,18.1294,4.61735,83.7099,85.0695,24.3178,4.61735,0.271667
0.6026,18.0843,18.0843,4.63753,83.8664,85.0695,24.3191,4.63753,0.273333
0.6028,18.0402,18.0402,4.64471,83.7915,85.0695,24.3196,4.64471,0.275
0.603,18.0943,18.0943,4.62594,83.7031,85.0695,24.3183,4.62594,0.273333
0.6032,18.1301,18.1301,4.61623,83.6928,85.0695,24.3178,4.61623,0.271667
0.6034,18.0892,18.0892,4.63837,83.9042,85.0695,24.3192,4.63837,0.273333
0.6036,18.0387,18.0387,4.64099,83.7174,85.0695,24.3194,4.64099,0.275
0.6038,18.0938,18.0938,4.62515,83.6867,85.0695,24.3182,4.62515,0.273333
0.604,18.1294,18.1294,4.61735,83.7099,85.0695,24.3178,4.61735,0.271667
0.6042,18.0843,18.0843,4.63753,83.8664,85.0695,24.3191,4.63753,0.273333
0.6044,18.0402,18.0402,4.64471,83.7915,85.0695,24.3196,4.64471,0.275
0.6046,18.0943,18.0943,4.62594,83.7031,85.0695,24.3183,4.62594,0.273333
0.6048,18.1301,18.1301,4.61623,83.6928,85.0695,24.3178,4.61623,0.271667
0.605,18.0892,18.0892,4.63837,83.9042,85.0695,24.3192,4.63837,0.273333
0.6052,18.0387,18.0387,4.64099,83.7174,85.0695,24.3194,4.64099,0.275
0.6054,18.0938,18.0938,4.62515,83.6867,85.0695,24.3182,4.62515,0.273333
0.6056,18.1294,18.1294,4.61735,83.7099,85.0695,24.3178,4.61735,0.271667
0.6058,18.0843,18.0843,4.63753,83.8664,85.0695,24.3191,4.63753,0.273333
0.606,18.0402,18.0402,4.64471,83.7915,85.0695,24.3196,4.64471,0.275
0.6062,18.0943,18.0943,4.62594,83.7031,85.0695,24.3183,4.62594,0.273333
0.6064,18.1301,18.1301,4.61623,83.6928,85.0695,24.3178,4.61623,0.271667
0.6066,18.0892,18.0892,4.63837,83.9042,85.0695,24.3192,4.63837,0.273333
0.6068,18.0387,18.0387,4.64099,83.7174,85.0695,24.3194,4.64099,0.275
0.607,18.0938,18.0938,4.62515,83.6867,85.0695,24.3182,4.62515,0.273333
0.6072,18.1294,18.1294,4.61735,83.7099,85.0695,24.3178,4.61735,0.271667
0.6074,18.0843,18.0843,4.63753,83.8664,85.0695,24.3191,4.63753,0.273333
0.6076,18.0402,18.0402,4.64471,83.7915,85.0695,24.3196,4.64471,0.275
0.6078,18.0943,18.0943,4.62594,83.7031,85.0695,24.3183,4.62594,0.273333
0.608,18.1301,18.1301,4.61623,83.6928,85.0695,24.3178,4.61623,0.271667
0.6082,18.0892,18.0892,4.63837,83.9042,85.0695,24.3192,4.63837,0.273333
0.6084,18.0387,18.0387,4.64099,83.7174,85.0695,24.3194,4.64099,0.275
0.6086,18.0938,18.0938,4.62515,83.6867,85.0695,24.3182,4.62515,0.273333
0.6088,18.1294,18.1294,4.61735,83.7099,85.0695,24.3178,4.61735,0.271667
0.609,18.0843,18.0843,4.63753,83.8664,85.0695,24.3191,4.63753,0.273333
0.6092,18.0402,18.0402,4.64471,83.7915,85.0695,24.3196,4.64471,0.275
0.6094,18.0943,18.0943,4.62594,83.7031,85.0695,24.3183,4.62594,0.273333
0.6096,18.1301,18.1301,4.61623,83.6928,85.0695,24.3178,4.61623,0.271667
0.6098,18.0892,18.0892,4.63837,83.9042,85.0695,24.3192,4.63837,0.273333
0.61,18.0387,18.0387,4.64099,83.7174,85.0695,24.3194,4.64099,0.275
0.6102,18.0938,18.0938,4.62515,83.6867,85.0695,24.3182,4.62515,0.273333
0.6104,18.1294,18.1294,4.61735,83.7099,85.0695,24.3178,4.61735,0.271667
0.6106,18.0843,18.0843,4.63753,83.8664,85.0695,24.3191,4.63753,0.273333
0.6108,18.0402,18.0402,4.64471,83.7915,85.0695,24.3196,4.64471,0.275
0.611,18.0943,18.0943,4.62594,83.7031,85.0695,24.3183,4.62594,0.273333
0.6112,18.1301,18.1301,4.61623,83.6928,85.0695,24.3178,4.61623,0.271667
0.6114,18.0892,18.0892,4.63837,83.9042,85.0695,24.3192,4.63837,0.273333
0.6116,18.0387,18.0387,4.64099,83.7174,85.0695,24.3194,4.64099,0.275
0.6118,18.0938,18.0938,4.62515,83.6867,85.0695,24.3182,4.62515,0.273333
0.612,18.1294,18.1294,4.61735,83.7099,85.0695,24.3178,4.61735,0.271667
0.6122,18.0843,18.0843,4.63753,83.8664,85.0695,24.3191,4.63753,0.273333
0.6124,18.0402,18.0402,4.64471,83.7915,85.0695,24.3196,4.64471,0.275
0.6126,18.0943,18.0943,4.62594,83.7031,85.0695,24.3183,4.62594,0.273333
0.6128,18.1301,18.1301,4.61623,83.6928,85.0695,24.3178,4.61623,0.271667
0.613,18.0892,18.0892,4.63837,83.9042,85.0695,24.3192,4.63837,0.273333
0.6132,18.0387,18.0387,4.64099,83.7174,85.0695,24.3194,4.64099,0.275
0.6134,18.0938,18.0938,4.62515,83.6867,85.0695,24.3182,4.62515,0.273333
0.6136,18.1294,18.1294,4.61735,83.7099,85.0695,24.3178,4.61735,0.271667
0.6138,18.0843,18.0843,4.63753,83.8664,85.0695,24.3191,4.63753,0.273333
0.614,18.0402,18.0402,4.64471,83.7915,85.0695,24.3196,4.64471,0.275
0.6142,18.0943,18.0943,4.62594,83.7031,85.0695,24.3183,4.62594,0.273333
0.6144,18.1301,18.1301,4.61623,83.6928,85.0695,24.3178,4.61623,0.271667
0.6146,18.0892,18.0892,4.63837,83.9042,85.0695,24.3192,4.63837,0.273333
0.6148,18.0387,18.0387,4.64099,83.7174,85.0695,24.3194,4.64099,0.275
0.615,18.0938,18.0938,4.62515,83.6867,85.0695,24.3182,4.62515,0.273333
0.6152,18.1294,18.1294,4.61735,83.7099,85.0695,24.3178,4.61735,0.271667
0.6154,18.0843,18.0843,4.63753,83.8664,85.0695,24.3191,4.63753,0.273333
0.6156,18.0402,18.0402,4.64471,83.7915,85.0695,24.3196,4.64471,0.275
0.6158,18.0943,18.0943,4.62594,83.7031,85.0695,24.3183,4.62594,0.273333
0.616,18.1301,18.1301,4.61623,83.6928,85.0695,24.3178,4.61623,0.271667
0.6162,18.0892,18.0892,4.63837,83.9042,85.0695,24.3192,4.63837,0.273333
0.6164,18.0387,18.0387,4.64099,83.7174,85.0695,24.3194,4.64099,0.275
0.6166,18.0938,18.0938,4.62515,83.6867,85.0695,24.3182,4.62515,0.273333
0.6168,18.1294,18.1294,4.61735,83.7099,85.0695,24.3178,4.61735,0.271667
0.617,18.0843,18.0843,4.63753,83.8664,85.0695,24.3191,4.63753,0.273333
0.6172,18.0402,18.0402,4.64471,83.7915,85.0695,24.3196,4.64471,0.275
0.6174,18.0943,18.0943,4.62594,83.7031,85.0695,24.3183,4.62594,0.273333
0.6176,18.1301,18.1301,4.61623,83.6928,85.0695,24.3178,4.61623,0.271667
0.6178,18.0892,18.0892,4.63837,83.9042,85.0695,24.3192,4.63837,0.273333
0.618,18.0387,18.0387,4.64099,83.7174,85.0695,24.3194,4.64099,0.275
0.6182,18.0938,18.0938,4.62515,83.6867,85.0695,24.3182,4.62515,0.273333
0.6184,18.1294,18.1294,4.61735,83.7099,85.0695,24.3178,4.61735,0.271667
0.6186,18.0843,18.0843,4.63753,83.8664,85.0695,24.3191,4.63753,0.273333
0.6188,18.0402,18.0402,4.64471,83.7915,85.0695,24.3196,4.64471,0.275
0.619,18.0943,18.0943,4.62594,83.7031,85.0695,24.3183,4.62594,0.273333
0.6192,18.1301,18.1301,4.61623,83.6928,85.0695,24.3178,4.61623,0.271667
0.6194,18.0892,18.0892,4.63837,83.9042,85.0695,24.3192,4.63837,0.273333
0.6196,18.0387,18.0387,4.64099,83.7174,85.0695,24.3194,4.64099,0.275
0.6198,18.0938,18.0938,4.62515,83.6867,85.0695,24.3182,4.62515,0.273333
0.62,18.1294,18.1294,4.61735,83.7099,85.0695,24.3178,4.61735,0.271667
0.6202,18.0843,18.0843,4.63753,83.8664,85.0695,24.3191,4.63753,0.273333
0.6204,18.0402,18.0402,4.64471,83.7915,85.0695,24.3196,4.64471,0.275
0.6206,18.0943,18.0943,4.62594,83.7031,85.0695,24.3183,4.62594,0.273333
0.6208,18.1301,18.1301,4.61623,83.6928,85.0695,24.3178,4.61623,0.271667
0.621,18.0892,18.0892,4.63837,83.9042,85.0695,24.3192,4.63837,0.273333
0.6212,18.0387,18.0387,4.64099,83.7174,85.0695,24.3194,4.64099,0.275
0.6214,18.0938,18.0938,4.62515,83.6867,85.0695,24.3182,4.62515,0.273333
0.6216,18.1294,18.1294,4.61735,83.7099,85.0695,24.3178,4.61735,0.271667
0.6218,18.0843,18.0843,4.63753,83.8664,85.0695,24.3191,4.63753,0.273333
0.622,18.0402,18.0402,4.64471,83.7915,85.0695,24.3196,4.64471,0.275
0.6222,18.0943,18.0943,4.62594,83.7031,85.0695,24.3183,4.62594,0.273333
0.6224,18.1301,18.1301,4.61623,83.6928,85.0695,24.3178,4.61623,0.271667
0.6226,18.0892,18.0892,4.63837,83.9042,85.0695,24.3192,4.63837,0.273333
0.6228,18.0387,18.0387,4.64099,83.7174,85.0695,24.3194,4.64099,0.275
0.623,18.0938,18.0938,4.62515,83.6867,85.0695,24.3182,4.62515,0.273333
0.6232,18.1294,18.1294,4.61735,83.7099,85.0695,24.3178,4.61735,0.271667
0.6234,18.0843,18.0843,4.63753,83.8664,85.0695,24.3191,4.63753,0.273333
0.6236,18.0402,18.0402,4.64471,83.7915,85.0695,24.3196,4.64471,0.275
0.6238,18.0943,18.0943,4.62594,83.7031,85.0695,24.3183,4.62594,0.273333
0.624,18.1301,18.1301,4.61623,83.6928,85.0695,24.3178,4.61623,0.271667
0.6242,18.0892,18.0892,4.63837,83.9042,85.0695,24.3192,4.63837,0.273333
0.6244,18.0387,18.0387,4.64099,83.7174,85.0695,24.3194,4.64099,0.275
0.6246,18.0938,18.0938,4.62515,83.6867,85.0695,24.3182,4.62515,0.273333
0.6248,18.1294,18.1294,4.61735,83.7099,85.0695,24.3178,4.61735,0.271667
0.625,18.0843,18.0843,4.63753,83.8664,85.0695,24.3191,4.63753,0.273333
0.6252,18.0402,18.0402,4.64471,83.7915,85.0695,24.3196,4.64471,0.275
0.6254,18.0943,18.0943,4.62594,83.7031,85.0695,24.3183,4.62594,0.273333
0.6256,18.1301,18.1301,4.61623,83.6928,85.0695,24.3178,4.61623,0.271667
0.6258,18.0892,18.0892,4.63837,83.9042,85.0695,24.3192,4.63837,0.273333
0.626,18.0387,18.0387,4.64099,83.7174,85.0695,24.3194,4.64099,0.275
0.6262,18.0938,18.0938,4.62515,83.6867,85.0695,24.3182,4.62515,0.273333
0.6264,18.1294,18.1294,4.61735,83.7099,85.0695,24.3178,4.61735,0.271667
0.6266,18.0843,18.0843,4.63753,83.8664,85.0695,24.3191,4.63753,0.273333
0.6268,18.0402,18.0402,4.64471,83.7915,85.0695,24.3196,4.64471,0.275
0.627,18.0943,18.0943,4.62594,83.7031,85.0695,24.3183,4.62594,0.273333
0.6272,18.1301,18.1301,4.61623,83.6928,85.0695,24.3178,4.61623,0.271667
0.6274,18.0892,18.0892,4.63837,83.9042,85.0695,24.3192,4.63837,0.273333
0.6276,18.0387,18.0387,4.64099,83.7174,85.0695,24.3194,4.64099,0.275
0.6278,18.0938,18.0938,4.62515,83.6867,85.0695,24.3182,4.62515,0.273333
0.628,18.1294,18.1294,4.61735,83.7099,85.0695,24.3178,4.61735,0.271667
0.6282,18.0843,18.0843,4.63753,83.8664,85.0695,24.3191,4.63753,0.273333
0.6284,18.0402,18.0402,4.64471,83.7915,85.0695,24.3196,4.64471,0.275
0.6286,18.0943,18.0943,4.62594,83.7031,85.0695,24.3183,4.62594,0.273333
0.6288,18.1301,18.1301,4.61623,83.6928,85.0695,24.3178,4.61623,0.271667
0.629,18.0892,18.0892,4.63837,83.9042,85.0695,24.3192,4.63837,0.273333
0.6292,18.0387,18.0387,4.64099,83.7174,85.0695,24.3194,4.64099,0.275
0.6294,18.0938,18.0938,4.62515,83.6867,85.0695,24.3182,4.62515,0.273333
0.6296,18.1294,18.1294,4.61735,83.7099,85.0695,24.3178,4.61735,0.271667
0.6298,18.0843,18.0843,4.63753,83.8664,85.0695,24.3191,4.63753,0.273333
0.63,18.0402,18.0402,4.64471,83.7915,85.0695,24.3196,4.64471,0.275
0.6302,18.0943,18.0943,4.62594,83.7031,85.0695,24.3183,4.62594,0.273333
0.6304,18.1301,18.1301,4.61623,83.6928,85.0695,24.3178,4.61623,0.271667
0.6306,18.0892,18.0892,4.63837,83.9042,85.0695,24.3192,4.63837,0.273333
0.6308,18.0387,18.0387,4.64099,83.7174,85.0695,24.3194,4.64099,0.275
0.631,18.0938,18.0938,4.62515,83.6867,85.0695,24.3182,4.62515,0.273333
0.6312,18.1294,18.1294,4.61735,83.7099,85.0695,24.3178,4.61735,0.271667
0.6314,18.0843,18.0843,4.63753,83.8664,85.0695,24.3191,4.63753,0.273333
0.6316,18.0402,18.0402,4.64471,83.7915,85.0695,24.3196,4.64471,0.275
0.6318,18.0943,18.0943,4.62594,83.7031,85.0695,24.3183,4.62594,0.273333
0.632,18.1301,18.1301,4.61623,83.6928,85.0695,24.3178,4.61623,0.271667
0.6322,18.0892,18.0892,4.63837,83.9042,85.0695,24.3192,4.63837,0.273333
0.6324,18.0387,18.0387,4.64099,83.7174,85.0695,24.3194,4.64099,0.275
0.6326,18.0938,18.0938,4.62515,83.6867,85.0695,24.3182,4.62515,0.273333
0.6328,18.1294,18.1294,4.61735,83.7099,85.0695,24.3178,4.61735,0.271667
0.633,18.0843,18.0843,4.63753,83.8664,85.0695,24.3191,4.63753,0.273333
0.6332,18.0402,18.0402,4.64471,83.7915,85.0695,24.3196,4.64471,0.275
0.6334,18.0943,18.0943,4.62594,83.7031,85.0695,24.3183,4.62594,0.273333
0.6336,18.1301,18.1301,4.61623,83.6928,85.0695,24.3178,4.61623,0.271667
0.6338,18.0892,18.0892,4.63837,83.9042,85.0695,24.3192,4.63837,0.273333
0.634,18.0387,18.0387,4.64099,83.7174,85.0695,24.3194,4.64099,0.275
0.6342,18.0938,18.0938,4.62515,83.6867,85.0695,24.3182,4.62515,0.273333
0.6344,18.1294,18.1294,4.61735,83.7099,85.0695,24.3178,4.61735,0.271667
0.6346,18.0843,18.0843,4.63753,83.8664,85.0695,24.3191,4.63753,0.273333
0.6348,18.0402,18.0402,4.64471,83.7915,85.0695,24.3196,4.64471,0.275
0.635,18.0943,18.0943,4.62594,83.7031,85.0695,24.3183,4.62594,0.273333
0.6352,18.1301,18.1301,4.61623,83.6928,85.0695,24.3178,4.61623,0.271667
0.6354,18.0892,18.0892,4.63837,83.9042,85.0695,24.3192,4.63837,0.273333
0.6356,18.0387,18.0387,4.64099,83.7174,85.0695,24.3194,4.64099,0.275
0.6358,18.0938,18.0938,4.62515,83.6867,85.0695,24.3182,4.62515,0.273333
0.636,18.1294,18.1294,4.61735,83.7099,85.0695,24.3178,4.61735,0.271667
0.6362,18.0843,18.0843,4.63753,83.8664,85.0695,24.3191,4.63753,0.273333
0.6364,18.0402,18.0402,4.64471,83.7915,85.0695,24.3196,4.64471,0.275
0.6366,18.0943,18.0943,4.62594,83.7031,85.0695,24.3183,4.62594,0.273333
0.6368,18.1301,18.1301,4.61623,83.6928,85.0695,24.3178,4.61623,0.271667
0.637,18.0892,18.0892,4.63837,83.9042,85.0695,24.3192,4.63837,0.273333
0.6372,18.0387,18.0387,4.64099,83.7174,85.0695,24.3194,4.64099,0.275
0.6374,18.0938,18.0938,4.62515,83.6867,85.0695,24.3182,4.62515,0.273333
0.6376,18.1294,18.1294,4.61735,83.7099,85.0695,24.3178,4.61735,0.271667
0.6378,18.0843,18.0843,4.63753,83.8664,85.0695,24.3191,4.63753,0.273333
0.638,18.0402,18.0402,4.64471,83.7915,85.0695,24.3196,4.64471,0.275
0.6382,18.0943,18.0943,4.62594,83.7031,85.0695,24.3183,4.62594,0.273333
0.6384,18.1301,18.1301,4.61623,83.6928,85.0695,24.3178,4.61623,0.271667
0.6386,18.0892,18.0892,4.63837,83.9042,85.0695,24.3192,4.63837,0.273333
0.6388,18.0387,18.0387,4.64099,83.7174,85.0695,24.3194,4.64099,0.275
0.639,18.0938,18.0938,4.62515,83.6867,85.0695,24.3182,4.62515,0.273333
0.6392,18.1294,18.1294,4.61735,83.7099,85.0695,24.3178,4.61735,0.271667
0.6394,18.0843,18.0843,4.63753,83.8664,85.0695,24.3191,4.63753,0.273333
0.6396,18.0402,18.0402,4.64471,83.7915,85.0695,24.3196,4.64471,0.275
0.6398,18.0943,18.0943,4.62594,83.7031,85.0695,24.3183,4.62594,0.273333
0.64,18.1301,18.1301,4.61623,83.6928,85.0695,24.3178,4.61623,0.271667
0.6402,18.0892,18.0892,4.63837,83.9042,85.0695,24.3192,4.63837,0.273333
0.6404,18.0387,18.0387,4.64099,83.7174,85.0695,24.3194,4.64099,0.275
0.6406,18.0938,18.0938,4.62515,83.6867,85.0695,24.3182,4.62515,0.273333
0.6408,18.1294,18.1294,4.61735,83.7099,85.0695,24.3178,4.61735,0.271667
0.641,18.0843,18.0843,4.63753,83.8664,85.0695,24.3191,4.63753,0.273333
0.6412,18.0402,18.0402,4.64471,83.7915,85.0695,24.3196,4.64471,0.275
0.6414,18.0943,18.0943,4.62594,83.7031,85.0695,24.3183,4.62594,0.273333
0.6416,18.1301,18.1301,4.61623,83.6928,85.0695,24.3178,4.61623,0.271667
0.6418,18.0892,18.0892,4.63837,83.9042,85.0695,24.3192,4.63837,0.273333
0.642,18.0387,18.0387,4.64099,83.7174,85.0695,24.3194,4.64099,0.275
0.6422,18.0938,18.0938,4.62515,83.6867,85.0695,24.3182,4.62515,0.273333
0.6424,18.1294,18.1294,4.61735,83.7099,85.0695,24.3178,4.61735,0.271667
0.6426,18.0843,18.0843,4.63753,83.8664,85.0695,24.3191,4.63753,0.273333
0.6428,18.0402,18.0402,4.64471,83.7915,85.0695,24.3196,4.64471,0.275
0.643,18.0943,18.0943,4.62594,83.7031,85.0695,24.3183,4.62594,0.273333
0.6432,18.1301,18.1301,4.61623,83.6928,85.0695,24.3178,4.61623,0.271667
0.6434,18.0892,18.0892,4.63837,83.9042,85.0695,24.3192,4.63837,0.273333
0.6436,18.0387,18.0387,4.64099,83.7174,85.0695,24.3194,4.64099,0.275
0.6438,18.0938,18.0938,4.62515,83.6867,85.0695,24.3182,4.62515,0.273333
0.644,18.1294,18.1294,4.61735,83.7099,85.0695,24.3178,4.61735,0.271667
0.6442,18.0843,18.0843,4.63753,83.8664,85.0695,24.3191,4.63753,0.273333
0.6444,18.0402,18.0402,4.64471,83.7915,85.0695,24.3196,4.64471,0.275
0.6446,18.0943,18.0943,4.62594,83.7031,85.0695,24.3183,4.62594,0.273333
0.6448,18.1301,18.1301,4.61623,83.6928,85.0695,24.3178,4.61623,0.271667
0.645,18.0892,18.0892,4.63837,83.9042,85.0695,24.3192,4.63837,0.273333
0.6452,18.0387,18.0387,4.64099,83.7174,85.0695,24.3194,4.64099,0.275
0.6454,18.0938,18.0938,4.62515,83.6867,85.0695,24.3182,4.62515,0.273333
0.6456,18.1294,18.1294,4.61735,83.7099,85.0695,24.3178,4.61735,0.271667
0.6458,18.0843,18.0843,4.63753,83.8664,85.0695,24.3191,4.63753,0.273333
0.646,18.0402,18.0402,4.64471,83.7915,85.0695,24.3196,4.64471,0.275
0.6462,18.0943,18.0943,4.62594,83.7031,85.0695,24.3183,4.62594,0.273333
0.6464,18.1301,18.1301,4.61623,83.6928,85.0695,24.3178,4.61623,0.271667
0.6466,18.0892,18.0892,4.63837,83.9042,85.0695,24.3192,4.63837,0.273333
0.6468,18.0387,18.0387,4.64099,83.7174,85.0695,24.3194,4.64099,0.275
0.647,18.0938,18.0938,4.62515,83.6867,85.0695,24.3182,4.62515,0.273333
0.6472,18.1294,18.1294,4.61735,83.7099,85.0695,24.3178,4.61735,0.271667
0.6474,18.0843,18.0843,4.63753,83.8664,85.0695,24.3191,4.63753,0.273333
0.6476,18.0402,18.0402,4.64471,83.7915,85.0695,24.3196,4.64471,0.275
0.6478,18.0943,18.0943,4.62594,83.7031,85.0695,24.3183,4.62594,0.273333
0.648,18.1301,18.1301,4.61623,83.6928,85.0695,24.3178,4.61623,0.271667
0.6482,18.0892,18.0892,4.63837,83.9042,85.0695,24.3192,4.63837,0.273333
0.6484,18.0387,18.0387,4.64099,83.7174,85.0695,24.3194,4.64099,0.275
0.6486,18.0938,18.0938,4.62515,83.6867,85.0695,24.3182,4.62515,0.273333
0.6488,18.1294,18.1294,4.61735,83.7099,85.0695,24.3178,4.61735,0.271667
0.649,18.0843,18.0843,4.63753,83.8664,85.0695,24.3191,4.63753,0.273333
0.6492,18.0402,18.0402,4.64471,83.7915,85.0695,24.3196,4.64471,0.275
0.6494,18.0943,18.0943,4.62594,83.7031,85.0695,24.3183,4.62594,0.273333
0.6496,18.1301,18.1301,4.61623,83.6928,85.0695,24.3178,4.61623,0.271667
0.6498,18.0892,18.0892,4.63837,83.9042,85.0695,24.3192,4.63837,0.273333
0.65,18.0387,18.0387,4.64099,83.7174,85.0695,24.3194,4.64099,0.275
0.6502,18.0938,18.0938,4.62515,83.6867,85.0695,24.3182,4.62515,0.273333
0.6504,18.1294,18.1294,4.61735,83.7099,85.0695,24.3178,4.61735,0.271667
0.6506,18.0843,18.0843,4.63753,83.8664,85.0695,24.3191,4.63753,0.273333
0.6508,18.0402,18.0402,4.64471,83.7915,85.0695,24.3196,4.64471,0.275
0.651,18.0943,18.0943,4.62594,83.7031,85.0695,24.3183,4.62594,0.273333
0.6512,18.1301,18.1301,4.61623,83.6928,85.0695,24.3178,4.61623,0.271667
0.6514,18.0892,18.0892,4.63837,83.9042,85.0695,24.3192,4.63837,0.273333
0.6516,18.0387,18.0387,4.64099,83.7174,85.0695,24.3194,4.64099,0.275
0.6518,18.0938,18.0938,4.62515,83.6867,85.0695,24.3182,4.62515,0.273333
0.652,18.1294,18.1294,4.61735,83.7099,85.0695,24.3178,4.61735,0.271667
0.6522,18.0843,18.0843,4.63753,83.8664,85.0695,24.3191,4.63753,0.273333
0.6524,18.0402,18.0402,4.64471,83.7915,85.0695,24.3196,4.64471,0.275
0.6526,18.0943,18.0943,4.62594,83.7031,85.0695,24.3183,4.62594,0.273333
0.6528,18.1301,18.1301,4.61623,83.6928,85.0695,24.3178,4.61623,0.271667
0.653,18.0892,18.0892,4.63837,83.9042,85.0695,24.3192,4.63837,0.273333
0.6532,18.0387,18.0387,4.64099,83.7174,85.0695,24.3194,4.64099,0.275
0.6534,18.0938,18.0938,4.62515,83.6867,85.0695,24.3182,4.62515,0.273333
0.6536,18.1294,18.1294,4.61735,83.7099,85.0695,24.3178,4.61735,0.271667
0.6538,18.0843,18.0843,4.63753,83.8664,85.0695,24.3191,4.63753,0.273333
0.654,18.0402,18.0402,4.64471,83.7915,85.0695,24.3196,4.64471,0.275
0.6542,18.0943,18.0943,4.62594,83.7031,85.0695,24.3183,4.62594,0.273333
0.6544,18.1301,18.1301,4.61623,83.6928,85.0695,24.3178,4.61623,0.271667
0.6546,18.0892,18.0892,4.63837,83.9042,85.0695,24.3192,4.63837,0.273333
0.6548,18.0387,18.0387,4.64099,83.7174,85.0695,24.3194,4.64099,0.275
0.655,18.0938,18.0938,4.62515,83.6867,85.0695,24.3182,4.62515,0.273333
0.6552,18.1294,18.1294,4.61735,83.7099,85.0695,24.3178,4.61735,0.271667
0.6554,18.0843,18.0843,4.63753,83.8664,85.0695,24.3191,4.63753,0.273333
0.6556,18.0402,18.0402,4.64471,83.7915,85.0695,24.3196,4.64471,0.275
0.6558,18.0943,18.0943,4.62594,83.7031,85.0695,24.3183,4.62594,0.273333
0.656,18.1301,18.1301,4.61623,83.6928,85.0695,24.3178,4.61623,0.271667
0.6562,18.0892,18.0892,4.63837,83.9042,85.0695,24.3192,4.63837,0.273333
0.6564,18.0387,18.0387,4.64099,83.7174,85.0695,24.3194,4.64099,0.275
0.6566,18.0938,18.0938,4.62515,83.6867,85.0695,24.3182,4.62515,0.273333
0.6568,18.1294,18.1294,4.61735,83.7099,85.0695,24.3178,4.61735,0.271667
0.657,18.0843,18.0843,4.63753,83.8664,85.0695,24.3191,4.63753,0.273333
0.6572,18.0402,18.0402,4.64471,83.7915,85.0695,24.3196,4.64471,0.275
0.6574,18.0943,18.0943,4.62594,83.7031,85.0695,24.3183,4.62594,0.273333
0.6576,18.1301,18.1301,4.61623,83.6928,85.0695,24.3178,4.61623,0.271667
0.6578,18.0892,18.0892,4.63837,83.9042,85.0695,24.3192,4.63837,0.273333
0.658,18.0387,18.0387,4.64099,83.7174,85.0695,24.3194,4.64099,0.275
0.6582,18.0938,18.0938,4.62515,83.6867,85.0695,24.3182,4.62515,0.273333
0.6584,18.1294,18.1294,4.61735,83.7099,85.0695,24.3178,4.61735,0.271667
0.6586,18.0843,18.0843,4.63753,83.8664,85.0695,24.3191,4.63753,0.273333
0.6588,18.0402,18.0402,4.64471,83.7915,85.0695,24.3196,4.64471,0.275
0.659,18.0943,18.0943,4.62594,83.7031,85.0695,24.3183,4.62594,0.273333
0.6592,18.1301,18.1301,4.61623,83.6928,85.0695,24.3178,4.61623,0.271667
0.6594,18.0892,18.0892,4.63837,83.9042,85.0695,24.3192,4.63837,0.273333
0.6596,18.0387,18.0387,4.64099,83.7174,85.0695,24.3194,4.64099,0.275
0.6598,18.0938,18.0938,4.62515,83.6867,85.0695,24.3182,4.62515,0.273333
0.66,18.1294,18.1294,4.61735,83.7099,85.0695,24.3178,4.61735,0.271667
0.6602,18.0843,18.0843,4.63753,83.8664,85.0695,24.3191,4.63753,0.273333
0.6604,18.0402,18.0402,4.64471,83.7915,85.0695,24.3196,4.64471,0.275
0.6606,18.0943,18.0943,4.62594,83.7031,85.0695,24.3183,4.62594,0.273333
0.6608,18.1301,18.1301,4.61623,83.6928,85.0695,24.3178,4.61623,0.271667
0.661,18.0892,18.0892,4.63837,83.9042,85.0695,24.3192,4.63837,0.273333
0.6612,18.0387,18.0387,4.64099,83.7174,85.0695,24.3194,4.64099,0.275
0.6614,18.0938,18.0938,4.62515,83.6867,85.0695,24.3182,4.62515,0.273333
0.6616,18.1294,18.1294,4.61735,83.7099,85.0695,24.3178,4.61735,0.271667
0.6618,18.0843,18.0843,4.63753,83.8664,85.0695,24.3191,4.63753,0.273333
0.662,18.0402,18.0402,4.64471,83.7915,85.0695,24.3196,4.64471,0.275
0.6622,18.0943,18.0943,4.62594,83.7031,85.0695,24.3183,4.62594,0.273333
0.6624,18.1301,18.1301,4.61623,83.6928,85.0695,24.3178,4.61623,0.271667
0.6626,18.0892,18.0892,4.63837,83.9042,85.0695,24.3192,4.63837,0.273333
0.6628,18.0387,18.0387,4.64099,83.7174,85.0695,24.3194,4.64099,0.275
0.663,18.0938,18.0938,4.62515,83.6867,85.0695,24.3182,4.62515,0.273333
0.6632,18.1294,18.1294,4.61735,83.7099,85.0695,24.3178,4.61735,0.271667
0.6634,18.0843,18.0843,4.63753,83.8664,85.0695,24.3191,4.63753,0.273333
0.6636,18.0402,18.0402,4.64471,83.7915,85.0695,24.3196,4.64471,0.275
0.6638,18.0943,18.0943,4.62594,83.7031,85.0695,24.3183,4.62594,0.273333
0.664,18.1301,18.1301,4.61623,83.6928,85.0695,24.3178,4.61623,0.271667
0.6642,18.0892,18.0892,4.63837,83.9042,85.0695,24.3192,4.63837,0.273333
0.6644,18.0387,18.0387,4.64099,83.7174,85.0695,24.3194,4.64099,0.275
0.6646,18.0938,18.0938,4.62515,83.6867,85.0695,24.3182,4.62515,0.273333
0.6648,18.1294,18.1294,4.61735,83.7099,85.0695,24.3178,4.61735,0.271667
0.665,18.0843,18.0843,4.63753,83.8664,85.0695,24.3191,4.63753,0.273333
0.6652,18.0402,18.0402,4.64471,83.7915,85.0695,24.3196,4.64471,0.275
0.6654,18.0943,18.0943,4.62594,83.7031,85.0695,24.3183,4.62594,0.273333
0.6656,18.1301,18.1301,4.61623,83.6928,85.0695,24.3178,4.61623,0.271667
0.6658,18.0892,18.0892,4.63837,83.9042,85.0695,24.3192,4.63837,0.273333
0.666,18.0387,18.0387,4.64099,83.7174,85.0695,24.3194,4.64099,0.275
0.6662,18.0938,18.0938,4.62515,83.6867,85.0695,24.3182,4.62515,0.273333
0.6664,18.1294,18.1294,4.61735,83.7099,85.0695,24.3178,4.61735,0.271667
0.6666,18.0843,18.0843,4.63753,83.8664,85.0695,24.3191,4.63753,0.273333
0.6668,18.0402,18.0402,4.64471,83.7915,85.0695,24.3196,4.64471,0.275
0.667,18.0943,18.0943,4.62594,83.7031,85.0695,24.3183,4.62594,0.273333
0.6672,18.1301,18.1301,4.61623,83.6928,85.0695,24.3178,4.61623,0.271667
0.6674,18.0892,18.0892,4.63837,83.9042,85.0695,24.3192,4.63837,0.273333
0.6676,18.0387,18.0387,4.64099,83.7174,85.0695,24.3194,4.64099,0.275
0.6678,18.0938,18.0938,4.62515,83.6867,85.0695,24.3182,4.62515,0.273333
0.668,18.1294,18.1294,4.61735,83.7099,85.0695,24.3178,4.61735,0.271667
0.6682,18.0843,18.0843,4.63753,83.8664,85.0695,24.3191,4.63753,0.273333
0.6684,18.0402,18.0402,4.64471,83.7915,85.0695,24.3196,4.64471,0.275
0.6686,18.0943,18.0943,4.62594,83.7031,85.0695,24.3183,4.62594,0.273333
0.6688,18.1301,18.1301,4.61623,83.6928,85.0695,24.3178,4.61623,0.271667
0.669,18.0892,18.0892,4.63837,83.9042,85.0695,24.3192,4.63837,0.273333
0.6692,18.0387,18.0387,4.64099,83.7174,85.0695,24.3194,4.64099,0.275
0.6694,18.0938,18.0938,4.62515,83.6867,85.0695,24.3182,4.62515,0.273333
0.6696,18.1294,18.1294,4.61735,83.7099,85.0695,24.3178,4.61735,0.271667
0.6698,18.0843,18.0843,4.63753,83.8664,85.0695,24.3191,4.63753,0.273333
0.67,18.0402,18.0402,4.64471,83.7915,85.0695,24.3196,4.64471,0.275
0.6702,18.0943,18.0943,4.62594,83.7031,85.0695,24.3183,4.62594,0.273333
0.6704,18.1301,18.1301,4.61623,83.6928,85.0695,24.3178,4.61623,0.271667
0.6706,18.0892,18.0892,4.63837,83.9042,85.0695,24.3192,4.63837,0.273333
0.6708,18.0387,18.0387,4.64099,83.7174,85.0695,24.3194,4.64099,0.275
0.671,18.0938,18.0938,4.62515,83.6867,85.0695,24.3182,4.62515,0.273333
0.6712,18.1294,18.1294,4.61735,83.7099,85.0695,24.3178,4.61735,0.271667
0.6714,18.0843,18.0843,4.63753,83.8664,85.0695,24.3191,4.63753,0.273333
0.6716,18.0402,18.0402,4.64471,83.7915,85.0695,24.3196,4.64471,0.275
0.6718,18.0943,18.0943,4.62594,83.7031,85.0695,24.3183,4.62594,0.273333
0.672,18.1301,18.1301,4.61623,83.6928,85.0695,24.3178,4.61623,0.271667
0.6722,18.0892,18.0892,4.63837,83.9042,85.0695,24.3192,4.63837,0.273333
0.6724,18.0387,18.0387,4.64099,83.7174,85.0695,24.3194,4.64099,0.275
0.6726,18.0938,18.0938,4.62515,83.6867,85.0695,24.3182,4.62515,0.273333
0.6728,18.1294,18.1294,4.61735,83.7099,85.0695,24.3178,4.61735,0.271667
0.673,18.0843,18.0843,4.63753,83.8664,85.0695,24.3191,4.63753,0.273333
0.6732,18.0402,18.0402,4.64471,83.7915,85.0695,24.3196,4.64471,0.275
0.6734,18.0943,18.0943,4.62594,83.7031,85.0695,24.3183,4.62594,0.273333
0.6736,18.1301,18.1301,4.61623,83.6928,85.0695,24.3178,4.61623,0.271667
0.6738,18.0892,18.0892,4.63837,83.9042,85.0695,24.3192,4.63837,0.273333
0.674,18.0387,18.0387,4.64099,83.7174,85.0695,24.3194,4.64099,0.275
0.6742,18.0938,18.0938,4.62515,83.6867,85.0695,24.3182,4.62515,0.273333
0.6744,18.1294,18.1294,4.61735,83.7099,85.0695,24.3178,4.61735,0.271667
0.6746,18.0843,18.0843,4.63753,83.8664,85.0695,24.3191,4.63753,0.273333
0.6748,18.0402,18.0402,4.64471,83.7915,85.0695,24.3196,4.64471,0.275
0.675,18.0943,18.0943,4.62594,83.7031,85.0695,24.3183,4.62594,0.273333
0.6752,18.1301,18.1301,4.61623,83.6928,85.0695,24.3178,4.61623,0.271667
0.6754,18.0892,18.0892,4.63837,83.9042,85.0695,24.3192,4.63837,0.273333
0.6756,18.0387,18.0387,4.64099,83.7174,85.0695,24.3194,4.64099,0.275
0.6758,18.0938,18.0938,4.62515,83.6867,85.0695,24.3182,4.62515,0.273333
0.676,18.1294,18.1294,4.61735,83.7099,85.0695,24.3178,4.61735,0.271667
0.6762,18.0843,18.0843,4.63753,83.8664,85.0695,24.3191,4.63753,0.273333
0.6764,18.0402,18.0402,4.64471,83.7915,85.0695,24.3196,4.64471,0.275
0.6766,18.0943,18.0943,4.62594,83.7031,85.0695,24.3183,4.62594,0.273333
0.6768,18.1301,18.1301,4.61623,83.6928,85.0695,24.3178,4.61623,0.271667
0.677,18.0892,18.0892,4.63837,83.9042,85.0695,24.3192,4.63837,0.273333
0.6772,18.0387,18.0387,4.64099,83.7174,85.0695,24.3194,4.64099,0.275
0.6774,18.0938,18.0938,4.62515,83.6867,85.0695,24.3182,4.62515,0.273333
0.6776,18.1294,18.1294,4.61735,83.7099,85.0695,24.3178,4.61735,0.271667
0.6778,18.0843,18.0843,4.63753,83.8664,85.0695,24.3191,4.63753,0.273333
0.678,18.0402,18.0402,4.64471,83.7915,85.0695,24.3196,4.64471,0.275
0.6782,18.0943,18.0943,4.62594,83.7031,85.0695,24.3183,4.62594,0.273333
0.6784,18.1301,18.1301,4.61623,83.6928,85.0695,24.3178,4.61623,0.271667
0.6786,18.0892,18.0892,4.63837,83.9042,85.0695,24.3192,4.63837,0.273333
0.6788,18.0387,18.0387,4.64099,83.7174,85.0695,24.3194,4.64099,0.275
0.679,18.0938,18.0938,4.62515,83.6867,85.0695,24.3182,4.62515,0.273333
0.6792,18.1294,18.1294,4.61735,83.7099,85.0695,24.3178,4.61735,0.271667
0.6794,18.0843,18.0843,4.63753,83.8664,85.0695,24.3191,4.63753,0.273333
0.6796,18.0402,18.0402,4.64471,83.7915,85.0695,24.3196,4.64471,0.275
0.6798,18.0943,18.0943,4.62594,83.7031,85.0695,24.3183,4.62594,0.273333
0.68,18.1301,18.1301,4.61623,83.6928,85.0695,24.3178,4.61623,0.271667
0.6802,18.0892,18.0892,4.63837,83.9042,85.0695,24.3192,4.63837,0.273333
0.6804,18.0387,18.0387,4.64099,83.7174,85.0695,24.3194,4.64099,0.275
0.6806,18.0938,18.0938,4.62515,83.6867,85.0695,24.3182,4.62515,0.273333
0.6808,18.1294,18.1294,4.61735,83.7099,85.0695,24.3178,4.61735,0.271667
0.681,18.0843,18.0843,4.63753,83.8664,85.0695,24.3191,4.63753,0.273333
0.6812,18.0402,18.0402,4.64471,83.7915,85.0695,24.3196,4.64471,0.275
0.6814,18.0943,18.0943,4.62594,83.7031,85.0695,24.3183,4.62594,0.273333
0.6816,18.1301,18.1301,4.61623,83.6928,85.0695,24.3178,4.61623,0.271667
0.6818,18.0892,18.0892,4.63837,83.9042,85.0695,24.3192,4.63837,0.273333
0.682,18.0387,18.0387,4.64099,83.7174,85.0695,24.3194,4.64099,0.275
0.6822,18.0938,18.0938,4.62515,83.6867,85.0695,24.3182,4.62515,0.273333
0.6824,18.1294,18.1294,4.61735,83.7099,85.0695,24.3178,4.61735,0.271667
0.6826,18.0843,18.0843,4.63753,83.8664,85.0695,24.3191,4.63753,0.273333
0.6828,18.0402,18.0402,4.64471,83.7915,85.0695,24.3196,4.64471,0.275
0.683,18.0943,18.0943,4.62594,83.7031,85.0695,24.3183,4.62594,0.273333
0.6832,18.1301,18.1301,4.61623,83.6928,85.0695,24.3178,4.61623,0.271667
0.6834,18.0892,18.0892,4.63837,83.9042,85.0695,24.3192,4.63837,0.273333
0.6836,18.0387,18.0387,4.64099,83.7174,85.0695,24.3194,4.64099,0.275
0.6838,18.0938,18.0938,4.62515,83.6867,85.0695,24.3182,4.62515,0.273333
0.684,18.1294,18.1294,4.61735,83.7099,85.0695,24.3178,4.61735,0.271667
0.6842,18.0843,18.0843,4.63753,83.8664,85.0695,24.3191,4.63753,0.273333
0.6844,18.0402,18.0402,4.64471,83.7915,85.0695,24.3196,4.64471,0.275
0.6846,18.0943,18.0943,4.62594,83.7031,85.0695,24.3183,4.62594,0.273333
0.6848,18.1301,18.1301,4.61623,83.6928,85.0695,24.3178,4.61623,0.271667
0.685,18.0892,18.0892,4.63837,83.9042,85.0695,24.3192,4.63837,0.273333
0.6852,18.0387,18.0387,4.64099,83.7174,85.0695,24.3194,4.64099,0.275
0.6854,18.0938,18.0938,4.62515,83.6867,85.0695,24.3182,4.62515,0.273333
0.6856,18.1294,18.1294,4.61735,83.7099,85.0695,24.3178,4.61735,0.271667
0.6858,18.0843,18.0843,4.63753,83.8664,85.0695,24.3191,4.63753,0.273333
0.686,18.0402,18.0402,4.64471,83.7915,85.0695,24.3196,4.64471,0.275
0.6862,18.0943,18.0943,4.62594,83.7031,85.0695,24.3183,4.62594,0.273333
0.6864,18.1301,18.1301,4.61623,83.6928,85.0695,24.3178,4.61623,0.271667
0.6866,18.0892,18.0892,4.63837,83.9042,85.0695,24.3192,4.63837,0.273333
0.6868,18.0387,18.0387,4.64099,83.7174,85.0695,24.3194,4.64099,0.275
0.687,18.0938,18.0938,4.62515,83.6867,85.0695,24.3182,4.62515,0.273333
0.6872,18.1294,18.1294,4.61735,83.7099,85.0695,24.3178,4.61735,0.271667
0.6874,18.0843,18.0843,4.63753,83.8664,85.0695,24.3191,4.63753,0.273333
0.6876,18.0402,18.0402,4.64471,83.7915,85.0695,24.3196,4.64471,0.275
0.6878,18.0943,18.0943,4.62594,83.7031,85.0695,24.3183,4.62594,0.273333
0.688,18.1301,18.1301,4.61623,83.6928,85.0695,24.3178,4.61623,0.271667
0.6882,18.0892,18.0892,4.63837,83.9042,85.0695,24.3192,4.63837,0.273333
0.6884,18.0387,18.0387,4.64099,83.7174,85.0695,24.3194,4.64099,0.275
0.6886,18.0938,18.0938,4.62515,83.6867,85.0695,24.3182,4.62515,0.273333
0.6888,18.1294,18.1294,4.61735,83.7099,85.0695,24.3178,4.61735,0.271667
0.689,18.0843,18.0843,4.63753,83.8664,85.0695,24.3191,4.63753,0.273333
0.6892,18.0402,18.0402,4.64471,83.7915,85.0695,24.3196,4.64471,0.275
0.6894,18.0943,18.0943,4.62594,83.7031,85.0695,24.3183,4.62594,0.273333
0.6896,18.1301,18.1301,4.61623,83.6928,85.0695,24.3178,4.61623,0.271667
0.6898,18.0892,18.0892,4.63837,83.9042,85.0695,24.3192,4.63837,0.273333
0.69,18.0387,18.0387,4.64099,83.7174,85.0695,24.3194,4.64099,0.275
0.6902,18.0938,18.0938,4.62515,83.6867,85.0695,24.3182,4.62515,0.273333
0.6904,18.1294,18.1294,4.61735,83.7099,85.0695,24.3178,4.61735,0.271667
0.6906,18.0843,18.0843,4.63753,83.8664,85.0695,24.3191,4.63753,0.273333
0.6908,18.0402,18.0402,4.64471,83.7915,85.0695,24.3196,4.64471,0.275
0.691,18.0943,18.0943,4.62594,83.7031,85.0695,24.3183,4.62594,0.273333
0.6912,18.1301,18.1301,4.61623,83.6928,85.0695,24.3178,4.61623,0.271667
0.6914,18.0892,18.0892,4.63837,83.9042,85.0695,24.3192,4.63837,0.273333
0.6916,18.0387,18.0387,4.64099,83.7174,85.0695,24.3194,4.64099,0.275
0.6918,18.0938,18.0938,4.62515,83.6867,85.0695,24.3182,4.62515,0.273333
0.692,18.1294,18.1294,4.61735,83.7099,85.0695,24.3178,4.61735,0.271667
0.6922,18.0843,18.0843,4.63753,83.8664,85.0695,24.3191,4.63753,0.273333
0.6924,18.0402,18.0402,4.64471,83.7915,85.0695,24.3196,4.64471,0.275
0.6926,18.0943,18.0943,4.62594,83.7031,85.0695,24.3183,4.62594,0.273333
0.6928,18.1301,18.1301,4.61623,83.6928,85.0695,24.3178,4.61623,0.271667
0.693,18.0892,18.0892,4.63837,83.9042,85.0695,24.3192,4.63837,0.273333
0.6932,18.0387,18.0387,4.64099,83.7174,85.0695,24.3194,4.64099,0.275
0.6934,18.0938,18.0938,4.62515,83.6867,85.0695,24.3182,4.62515,0.273333
0.6936,18.1294,18.1294,4.61735,83.7099,85.0695,24.3178,4.61735,0.271667
0.6938,18.0843,18.0843,4.63753,83.8664,85.0695,24.3191,4.63753,0.273333
0.694,18.0402,18.0402,4.64471,83.7915,85.0695,24.3196,4.64471,0.275
0.6942,18.0943,18.0943,4.62594,83.7031,85.0695,24.3183,4.62594,0.273333
0.6944,18.1301,18.1301,4.61623,83.6928,85.0695,24.3178,4.61623,0.271667
0.6946,18.0892,18.0892,4.63837,83.9042,85.0695,24.3192,4.63837,0.273333
0.6948,18.0387,18.0387,4.64099,83.7174,85.0695,24.3194,4.64099,0.275
0.695,18.0938,18.0938,4.62515,83.6867,85.0695,24.3182,4.62515,0.273333
0.6952,18.1294,18.1294,4.61735,83.7099,85.0695,24.3178,4.61735,0.271667
0.6954,18.0843,18.0843,4.63753,83.8664,85.0695,24.3191,4.63753,0.273333
0.6956,18.0402,18.0402,4.64471,83.7915,85.0695,24.3196,4.64471,0.275
0.6958,18.0943,18.0943,4.62594,83.7031,85.0695,24.3183,4.62594,0.273333
0.696,18.1301,18.1301,4.61623,83.6928,85.0695,24.3178,4.61623,0.271667
0.6962,18.0892,18.0892,4.63837,83.9042,85.0695,24.3192,4.63837,0.273333
0.6964,18.0387,18.0387,4.64099,83.7174,85.0695,24.3194,4.64099,0.275
0.6966,18.0938,18.0938,4.62515,83.6867,85.0695,24.3182,4.62515,0.273333
0.6968,18.1294,18.1294,4.61735,83.7099,85.0695,24.3178,4.61735,0.271667
0.697,18.0843,18.0843,4.63753,83.8664,85.0695,24.3191,4.63753,0.273333
0.6972,18.0402,18.0402,4.64471,83.7915,85.0695,24.3196,4.64471,0.275
0.6974,18.0943,18.0943,4.62594,83.7031,85.0695,24.3183,4.62594,0.273333
0.6976,18.1301,18.1301,4.61623,83.6928,85.0695,24.3178,4.61623,0.271667
0.6978,18.0892,18.0892,4.63837,83.9042,85.0695,24.3192,4.63837,0.273333
0.698,18.0387,18.0387,4.64099,83.7174,85.0695,24.3194,4.64099,0.275
0.6982,18.0938,18.0938,4.62515,83.6867,85.0695,24.3182,4.62515,0.273333
0.6984,18.1294,18.1294,4.61735,83.7099,85.0695,24.3178,4.61735,0.271667
0.6986,18.0843,18.0843,4.63753,83.8664,85.0695,24.3191,4.63753,0.273333
0.6988,18.0402,18.0402,4.64471,83.7915,85.0695,24.3196,4.64471,0.275
0.699,18.0943,18.0943,4.62594,83.7031,85.0695,24.3183,4.62594,0.273333
0.6992,18.1301,18.1301,4.61623,83.6928,85.0695,24.3178,4.61623,0.271667
0.6994,18.0892,18.0892,4.63837,83.9042,85.0695,24.3192,4.63837,0.273333
0.6996,18.0387,18.0387,4.64099,83.7174,85.0695,24.3194,4.64099,0.275
0.6998,18.0938,18.0938,4.62515,83.6867,85.0695,24.3182,4.62515,0.273333
0.7,18.1294,18.1294,4.61735,83.7099,85.0695,24.3178,4.61735,0.271667
0.7002,18.0843,18.0843,4.63753,83.8664,85.0695,24.3191,4.63753,0.273333
0.7004,18.0402,18.0402,4.64471,83.7915,85.0695,24.3196,4.64471,0.275
0.7006,18.0943,18.0943,4.62594,83.7031,85.0695,24.3183,4.62594,0.273333
0.7008,18.1301,18.1301,4.61623,83.6928,85.0695,24.3178,4.61623,0.271667
0.701,18.0892,18.0892,4.63837,83.9042,85.0695,24.3192,4.63837,0.273333
0.7012,18.0387,18.0387,4.64099,83.7174,85.0695,24.3194,4.64099,0.275
0.7014,18.0938,18.0938,4.62515,83.6867,85.0695,24.3182,4.62515,0.273333
0.7016,18.1294,18.1294,4.61735,83.7099,85.0695,24.3178,4.61735,0.271667
0.7018,18.0843,18.0843,4.63753,83.8664,85.0695,24.3191,4.63753,0.273333
0.702,18.0402,18.0402,4.64471,83.7915,85.0695,24.3196,4.64471,0.275
0.7022,18.0943,18.0943,4.62594,83.7031,85.0695,24.3183,4.62594,0.273333
0.7024,18.1301,18.1301,4.61623,83.6928,85.0695,24.3178,4.61623,0.271667
0.7026,18.0892,18.0892,4.63837,83.9042,85.0695,24.3192,4.63837,0.273333
0.7028,18.0387,18.0387,4.64099,83.7174,85.0695,24.3194,4.64099,0.275
0.703,18.0938,18.0938,4.62515,83.6867,85.0695,24.3182,4.62515,0.273333
0.7032,18.1294,18.1294,4.61735,83.7099,85.0695,24.3178,4.61735,0.271667
0.7034,18.0843,18.0843,4.63753,83.8664,85.0695,24.3191,4.63753,0.273333
0.7036,18.0402,18.0402,4.64471,83.7915,85.0695,24.3196,4.64471,0.275
0.7038,18.0943,18.0943,4.62594,83.7031,85.0695,24.3183,4.62594,0.273333
0.704,18.1301,18.1301,4.61623,83.6928,85.0695,24.3178,4.61623,0.271667
0.7042,18.0892,18.0892,4.63837,83.9042,85.0695,24.3192,4.63837,0.273333
0.7044,18.0387,18.0387,4.64099,83.7174,85.0695,24.3194,4.64099,0.275
0.7046,18.0938,18.0938,4.62515,83.6867,85.0695,24.3182,4.62515,0.273333
0.7048,18.1294,18.1294,4.61735,83.7099,85.0695,24.3178,4.61735,0.271667
0.705,18.0843,18.0843,4.63753,83.8664,85.0695,24.3191,4.63753,0.273333
0.7052,18.0402,18.0402,4.64471,83.7915,85.0695,24.3196,4.64471,0.275
0.7054,18.0943,18.0943,4.62594,83.7031,85.0695,24.3183,4.62594,0.273333
0.7056,18.1301,18.1301,4.61623,83.6928,85.0695,24.3178,4.61623,0.271667
0.7058,18.0892,18.0892,4.63837,83.9042,85.0695,24.3192,4.63837,0.273333
0.706,18.0387,18.0387,4.64099,83.7174,85.0695,24.3194,4.64099,0.275
0.7062,18.0938,18.0938,4.62515,83.6867,85.0695,24.3182,4.62515,0.273333
0.7064,18.1294,18.1294,4.61735,83.7099,85.0695,24.3178,4.61735,0.271667
0.7066,18.0843,18.0843,4.63753,83.8664,85.0695,24.3191,4.63753,0.273333
0.7068,18.0402,18.0402,4.64471,83.7915,85.0695,24.3196,4.64471,0.275
0.707,18.0943,18.0943,4.62594,83.7031,85.0695,24.3183,4.62594,0.273333
0.7072,18.1301,18.1301,4.61623,83.6928,85.0695,24.3178,4.61623,0.271667
0.7074,18.0892,18.0892,4.63837,83.9042,85.0695,24.3192,4.63837,0.273333
0.7076,18.0387,18.0387,4.64099,83.7174,85.0695,24.3194,4.64099,0.275
0.7078,18.0938,18.0938,4.62515,83.6867,85.0695,24.3182,4.62515,0.273333
0.708,18.1294,18.1294,4.61735,83.7099,85.0695,24.3178,4.61735,0.271667
0.7082,18.0843,18.0843,4.63753,83.8664,85.0695,24.3191,4.63753,0.273333
0.7084,18.0402,18.0402,4.64471,83.7915,85.0695,24.3196,4.64471,0.275
0.7086,18.0943,18.0943,4.62594,83.7031,85.0695,24.3183,4.62594,0.273333
0.7088,18.1301,18.1301,4.61623,83.6928,85.0695,24.3178,4.61623,0.271667
0.709,18.0892,18.0892,4.63837,83.9042,85.0695,24.3192,4.63837,0.273333
0.7092,18.0387,18.0387,4.64099,83.7174,85.0695,24.3194,4.64099,0.275
0.7094,18.0938,18.0938,4.62515,83.6867,85.0695,24.3182,4.62515,0.273333
0.7096,18.1294,18.1294,4.61735,83.7099,85.0695,24.3178,4.61735,0.271667
0.7098,18.0843,18.0843,4.63753,83.8664,85.0695,24.3191,4.63753,0.273333
0.71,18.0402,18.0402,4.64471,83.7915,85.0695,24.3196,4.64471,0.275
0.7102,18.0943,18.0943,4.62594,83.7031,85.0695,24.3183,4.62594,0.273333
0.7104,18.1301,18.1301,4.61623,83.6928,85.0695,24.3178,4.61623,0.271667
0.7106,18.0892,18.0892,4.63837,83.9042,85.0695,24.3192,4.63837,0.273333
0.7108,18.0387,18.0387,4.64099,83.7174,85.0695,24.3194,4.64099,0.275
0.711,18.0938,18.0938,4.62515,83.6867,85.0695,24.3182,4.62515,0.273333
0.7112,18.1294,18.1294,4.61735,83.7099,85.0695,24.3178,4.61735,0.271667
0.7114,18.0843,18.0843,4.63753,83.8664,85.0695,24.3191,4.63753,0.273333
0.7116,18.0402,18.0402,4.64471,83.7915,85.0695,24.3196,4.64471,0.275
0.7118,18.0943,18.0943,4.62594,83.7031,85.0695,24.3183,4.62594,0.273333
0.712,18.1301,18.1301,4.61623,83.6928,85.0695,24.3178,4.61623,0.271667
0.7122,18.0892,18.0892,4.63837,83.9042,85.0695,24.3192,4.63837,0.273333
0.7124,18.0387,18.0387,4.64099,83.7174,85.0695,24.3194,4.64099,0.275
0.7126,18.0938,18.0938,4.62515,83.6867,85.0695,24.3182,4.62515,0.273333
0.7128,18.1294,18.1294,4.61735,83.7099,85.0695,24.3178,4.61735,0.271667
0.713,18.0843,18.0843,4.63753,83.8664,85.0695,24.3191,4.63753,0.273333
0.7132,18.0402,18.0402,4.64471,83.7915,85.0695,24.3196,4.64471,0.275
0.7134,18.0943,18.0943,4.62594,83.7031,85.0695,24.3183,4.62594,0.273333
0.7136,18.1301,18.1301,4.61623,83.6928,85.0695,24.3178,4.61623,0.271667
0.7138,18.0892,18.0892,4.63837,83.9042,85.0695,24.3192,4.63837,0.273333
0.714,18.0387,18.0387,4.64099,83.7174,85.0695,24.3194,4.64099,0.275
0.7142,18.0938,18.0938,4.62515,83.6867,85.0695,24.3182,4.62515,0.273333
0.7144,18.1294,18.1294,4.61735,83.7099,85.0695,24.3178,4.61735,0.271667
0.7146,18.0843,18.0843,4.63753,83.8664,85.0695,24.3191,4.63753,0.273333
0.7148,18.0402,18.0402,4.64471,83.7915,85.0695,24.3196,4.64471,0.275
0.715,18.0943,18.0943,4.62594,83.7031,85.0695,24.3183,4.62594,0.273333
0.7152,18.1301,18.1301,4.61623,83.6928,85.0695,24.3178,4.61623,0.271667
0.7154,18.0892,18.0892,4.63837,83.9042,85.0695,24.3192,4.63837,0.273333
0.7156,18.0387,18.0387,4.64099,83.7174,85.0695,24.3194,4.64099,0.275
0.7158,18.0938,18.0938,4.62515,83.6867,85.0695,24.3182,4.62515,0.273333
0.716,18.1294,18.1294,4.61735,83.7099,85.0695,24.3178,4.61735,0.271667
0.7162,18.0843,18.0843,4.63753,83.8664,85.0695,24.3191,4.63753,0.273333
0.7164,18.0402,18.0402,4.64471,83.7915,85.0695,24.3196,4.64471,0.275
0.7166,18.0943,18.0943,4.62594,83.7031,85.0695,24.3183,4.62594,0.273333
0.7168,18.1301,18.1301,4.61623,83.6928,85.0695,24.3178,4.61623,0.271667
0.717,18.0892,18.0892,4.63837,83.9042,85.0695,24.3192,4.63837,0.273333
0.7172,18.0387,18.0387,4.64099,83.7174,85.0695,24.3194,4.64099,0.275
0.7174,18.0938,18.0938,4.62515,83.6867,85.0695,24.3182,4.62515,0.273333
0.7176,18.1294,18.1294,4.61735,83.7099,85.0695,24.3178,4.61735,0.271667
0.7178,18.0843,18.0843,4.63753,83.8664,85.0695,24.3191,4.63753,0.273333
0.718,18.0402,18.0402,4.64471,83.7915,85.0695,24.3196,4.64471,0.275
0.7182,18.0943,18.0943,4.62594,83.7031,85.0695,24.3183,4.62594,0.273333
0.7184,18.1301,18.1301,4.61623,83.6928,85.0695,24.3178,4.61623,0.271667
0.7186,18.0892,18.0892,4.63837,83.9042,85.0695,24.3192,4.63837,0.273333
0.7188,18.0387,18.0387,4.64099,83.7174,85.0695,24.3194,4.64099,0.275
0.719,18.0938,18.0938,4.62515,83.6867,85.0695,24.3182,4.62515,0.273333
0.7192,18.1294,18.1294,4.61735,83.7099,85.0695,24.3178,4.61735,0.271667
0.7194,18.0843,18.0843,4.63753,83.8664,85.0695,24.3191,4.63753,0.273333
0.7196,18.0402,18.0402,4.64471,83.7915,85.0695,24.3196,4.64471,0.275
0.7198,18.0943,18.0943,4.62594,83.7031,85.0695,24.3183,4.62594,0.273333
0.72,18.1301,18.1301,4.61623,83.6928,85.0695,24.3178,4.61623,0.271667
0.7202,18.0892,18.0892,4.63837,83.9042,85.0695,24.3192,4.63837,0.273333
0.7204,18.0387,18.0387,4.64099,83.7174,85.0695,24.3194,4.64099,0.275
0.7206,18.0938,18.0938,4.62515,83.6867,85.0695,24.3182,4.62515,0.273333
0.7208,18.1294,18.1294,4.61735,83.7099,85.0695,24.3178,4.61735,0.271667
0.721,18.0843,18.0843,4.63753,83.8664,85.0695,24.3191,4.63753,0.273333
0.7212,18.0402,18.0402,4.64471,83.7915,85.0695,24.3196,4.64471,0.275
0.7214,18.0943,18.0943,4.62594,83.7031,85.0695,24.3183,4.62594,0.273333
0.7216,18.1301,18.1301,4.61623,83.6928,85.0695,24.3178,4.61623,0.271667
0.7218,18.0892,18.0892,4.63837,83.9042,85.0695,24.3192,4.63837,0.273333
0.722,18.0387,18.0387,4.64099,83.7174,85.0695,24.3194,4.64099,0.275
0.7222,18.0938,18.0938,4.62515,83.6867,85.0695,24.3182,4.62515,0.273333
0.7224,18.1294,18.1294,4.61735,83.7099,85.0695,24.3178,4.61735,0.271667
0.7226,18.0843,18.0843,4.63753,83.8664,85.0695,24.3191,4.63753,0.273333
0.7228,18.0402,18.0402,4.64471,83.7915,85.0695,24.3196,4.64471,0.275
0.723,18.0943,18.0943,4.62594,83.7031,85.0695,24.3183,4.62594,0.273333
0.7232,18.1301,18.1301,4.61623,83.6928,85.0695,24.3178,4.61623,0.271667
0.7234,18.0892,18.0892,4.63837,83.9042,85.0695,24.3192,4.63837,0.273333
0.7236,18.0387,18.0387,4.64099,83.7174,85.0695,24.3194,4.64099,0.275
0.7238,18.0938,18.0938,4.62515,83.6867,85.0695,24.3182,4.62515,0.273333
0.724,18.1294,18.1294,4.61735,83.7099,85.0695,24.3178,4.61735,0.271667
0.7242,18.0843,18.0843,4.63753,83.8664,85.0695,24.3191,4.63753,0.273333
0.7244,18.0402,18.0402,4.64471,83.7915,85.0695,24.3196,4.64471,0.275
0.7246,18.0943,18.0943,4.62594,83.7031,85.0695,24.3183,4.62594,0.273333
0.7248,18.1301,18.1301,4.61623,83.6928,85.0695,24.3178,4.61623,0.271667
0.725,18.0892,18.0892,4.63837,83.9042,85.0695,24.3192,4.63837,0.273333
0.7252,18.0387,18.0387,4.64099,83.7174,85.0695,24.3194,4.64099,0.275
0.7254,18.0938,18.0938,4.62515,83.6867,85.0695,24.3182,4.62515,0.273333
0.7256,18.1294,18.1294,4.61735,83.7099,85.0695,24.3178,4.61735,0.271667
0.7258,18.0843,18.0843,4.63753,83.8664,85.0695,24.3191,4.63753,0.273333
0.726,18.0402,18.0402,4.64471,83.7915,85.0695,24.3196,4.64471,0.275
0.7262,18.0943,18.0943,4.62594,83.7031,85.0695,24.3183,4.62594,0.273333
0.7264,18.1301,18.1301,4.61623,83.6928,85.0695,24.3178,4.61623,0.271667
0.7266,18.0892,18.0892,4.63837,83.9042,85.0695,24.3192,4.63837,0.273333
0.7268,18.0387,18.0387,4.64099,83.7174,85.0695,24.3194,4.64099,0.275
0.727,18.0938,18.0938,4.62515,83.6867,85.0695,24.3182,4.62515,0.273333
0.7272,18.1294,18.1294,4.61735,83.7099,85.0695,24.3178,4.61735,0.271667
0.7274,18.0843,18.0843,4.63753,83.8664,85.0695,24.3191,4.63753,0.273333
0.7276,18.0402,18.0402,4.64471,83.7915,85.0695,24.3196,4.64471,0.275
0.7278,18.0943,18.0943,4.62594,83.7031,85.0695,24.3183,4.62594,0.273333
0.728,18.1301,18.1301,4.61623,83.6928,85.0695,24.3178,4.61623,0.271667
0.7282,18.0892,18.0892,4.63837,83.9042,85.0695,24.3192,4.63837,0.273333
0.7284,18.0387,18.0387,4.64099,83.7174,85.0695,24.3194,4.64099,0.275
0.7286,18.0938,18.0938,4.62515,83.6867,85.0695,24.3182,4.62515,0.273333
0.7288,18.1294,18.1294,4.61735,83.7099,85.0695,24.3178,4.61735,0.271667
0.729,18.0843,18.0843,4.63753,83.8664,85.0695,24.3191,4.63753,0.273333
0.7292,18.0402,18.0402,4.64471,83.7915,85.0695,24.3196,4.64471,0.275
0.7294,18.0943,18.0943,4.62594,83.7031,85.0695,24.3183,4.62594,0.273333
0.7296,18.1301,18.1301,4.61623,83.6928,85.0695,24.3178,4.61623,0.271667
0.7298,18.0892,18.0892,4.63837,83.9042,85.0695,24.3192,4.63837,0.273333
0.73,18.0387,18.0387,4.64099,83.7174,85.0695,24.3194,4.64099,0.275
0.7302,18.0938,18.0938,4.62515,83.6867,85.0695,24.3182,4.62515,0.273333
0.7304,18.1294,18.1294,4.61735,83.7099,85.0695,24.3178,4.61735,0.271667
0.7306,18.0843,18.0843,4.63753,83.8664,85.0695,24.3191,4.63753,0.273333
0.7308,18.0402,18.0402,4.64471,83.7915,85.0695,24.3196,4.64471,0.275
0.731,18.0943,18.0943,4.62594,83.7031,85.0695,24.3183,4.62594,0.273333
0.7312,18.1301,18.1301,4.61623,83.6928,85.0695,24.3178,4.61623,0.271667
0.7314,18.0892,18.0892,4.63837,83.9042,85.0695,24.3192,4.63837,0.273333
0.7316,18.0387,18.0387,4.64099,83.7174,85.0695,24.3194,4.64099,0.275
0.7318,18.0938,18.0938,4.62515,83.6867,85.0695,24.3182,4.62515,0.273333
0.732,18.1294,18.1294,4.61735,83.7099,85.0695,24.3178,4.61735,0.271667
0.7322,18.0843,18.0843,4.63753,83.8664,85.0695,24.3191,4.63753,0.273333
0.7324,18.0402,18.0402,4.64471,83.7915,85.0695,24.3196,4.64471,0.275
0.7326,18.0943,18.0943,4.62594,83.7031,85.0695,24.3183,4.62594,0.273333
0.7328,18.1301,18.1301,4.61623,83.6928,85.0695,24.3178,4.61623,0.271667
0.733,18.0892,18.0892,4.63837,83.9042,85.0695,24.3192,4.63837,0.273333
0.7332,18.0387,18.0387,4.64099,83.7174,85.0695,24.3194,4.64099,0.275
0.7334,18.0938,18.0938,4.62515,83.6867,85.0695,24.3182,4.62515,0.273333
0.7336,18.1294,18.1294,4.61735,83.7099,85.0695,24.3178,4.61735,0.271667
0.7338,18.0843,18.0843,4.63753,83.8664,85.0695,24.3191,4.63753,0.273333
0.734,18.0402,18.0402,4.64471,83.7915,85.0695,24.3196,4.64471,0.275
0.7342,18.0943,18.0943,4.62594,83.7031,85.0695,24.3183,4.62594,0.273333
0.7344,18.1301,18.1301,4.61623,83.6928,85.0695,24.3178,4.61623,0.271667
0.7346,18.0892,18.0892,4.63837,83.9042,85.0695,24.3192,4.63837,0.273333
0.7348,18.0387,18.0387,4.64099,83.7174,85.0695,24.3194,4.64099,0.275
0.735,18.0938,18.0938,4.62515,83.6867,85.0695,24.3182,4.62515,0.273333
0.7352,18.1294,18.1294,4.61735,83.7099,85.0695,24.3178,4.61735,0.271667
0.7354,18.0843,18.0843,4.63753,83.8664,85.0695,24.3191,4.63753,0.273333
0.7356,18.0402,18.0402,4.64471,83.7915,85.0695,24.3196,4.64471,0.275
0.7358,18.0943,18.0943,4.62594,83.7031,85.0695,24.3183,4.62594,0.273333
0.736,18.1301,18.1301,4.61623,83.6928,85.0695,24.3178,4.61623,0.271667
0.7362,18.0892,18.0892,4.63837,83.9042,85.0695,24.3192,4.63837,0.273333
0.7364,18.0387,18.0387,4.64099,83.7174,85.0695,24.3194,4.64099,0.275
0.7366,18.0938,18.0938,4.62515,83.6867,85.0695,24.3182,4.62515,0.273333
0.7368,18.1294,18.1294,4.61735,83.7099,85.0695,24.3178,4.61735,0.271667
0.737,18.0843,18.0843,4.63753,83.8664,85.0695,24.3191,4.63753,0.273333
0.7372,18.0402,18.0402,4.64471,83.7915,85.0695,24.3196,4.64471,0.275
0.7374,18.0943,18.0943,4.62594,83.7031,85.0695,24.3183,4.62594,0.273333
0.7376,18.1301,18.1301,4.61623,83.6928,85.0695,24.3178,4.61623,0.271667
0.7378,18.0892,18.0892,4.63837,83.9042,85.0695,24.3192,4.63837,0.273333
0.738,18.0387,18.0387,4.64099,83.7174,85.0695,24.3194,4.64099,0.275
0.7382,18.0938,18.0938,4.62515,83.6867,85.0695,24.3182,4.62515,0.273333
0.7384,18.1294,18.1294,4.61735,83.7099,85.0695,24.3178,4.61735,0.271667
0.7386,18.0843,18.0843,4.63753,83.8664,85.0695,24.3191,4.63753,0.273333
0.7388,18.0402,18.0402,4.64471,83.7915,85.0695,24.3196,4.64471,0.275
0.739,18.0943,18.0943,4.62594,83.7031,85.0695,24.3183,4.62594,0.273333
0.7392,18.1301,18.1301,4.61623,83.6928,85.0695,24.3178,4.61623,0.271667
0.7394,18.0892,18.0892,4.63837,83.9042,85.0695,24.3192,4.63837,0.273333
0.7396,18.0387,18.0387,4.64099,83.7174,85.0695,24.3194,4.64099,0.275
0.7398,18.0938,18.0938,4.62515,83.6867,85.0695,24.3182,4.62515,0.273333
0.74,18.1294,18.1294,4.61735,83.7099,85.0695,24.3178,4.61735,0.271667
0.7402,18.0843,18.0843,4.63753,83.8664,85.0695,24.3191,4.63753,0.273333
0.7404,18.0402,18.0402,4.64471,83.7915,85.0695,24.3196,4.64471,0.275
0.7406,18.0943,18.0943,4.62594,83.7031,85.0695,24.3183,4.62594,0.273333
0.7408,18.1301,18.1301,4.61623,83.6928,85.0695,24.3178,4.61623,0.271667
0.741,18.0892,18.0892,4.63837,83.9042,85.0695,24.3192,4.63837,0.273333
0.7412,18.0387,18.0387,4.64099,83.7174,85.0695,24.3194,4.64099,0.275
0.7414,18.0938,18.0938,4.62515,83.6867,85.0695,24.3182,4.62515,0.273333
0.7416,18.1294,18.1294,4.61735,83.7099,85.0695,24.3178,4.61735,0.271667
0.7418,18.0843,18.0843,4.63753,83.8664,85.0695,24.3191,4.63753,0.273333
0.742,18.0402,18.0402,4.64471,83.7915,85.0695,24.3196,4.64471,0.275
0.7422,18.0943,18.0943,4.62594,83.7031,85.0695,24.3183,4.62594,0.273333
0.7424,18.1301,18.1301,4.61623,83.6928,85.0695,24.3178,4.61623,0.271667
0.7426,18.0892,18.0892,4.63837,83.9042,85.0695,24.3192,4.63837,0.273333
0.7428,18.0387,18.0387,4.64099,83.7174,85.0695,24.3194,4.64099,0.275
0.743,18.0938,18.0938,4.62515,83.6867,85.0695,24.3182,4.62515,0.273333
0.7432,18.1294,18.1294,4.61735,83.7099,85.0695,24.3178,4.61735,0.271667
0.7434,18.0843,18.0843,4.63753,83.8664,85.0695,24.3191,4.63753,0.273333
0.7436,18.0402,18.0402,4.64471,83.7915,85.0695,24.3196,4.64471,0.275
0.7438,18.0943,18.0943,4.62594,83.7031,85.0695,24.3183,4.62594,0.273333
0.744,18.1301,18.1301,4.61623,83.6928,85.0695,24.3178,4.61623,0.271667
0.7442,18.0892,18.0892,4.63837,83.9042,85.0695,24.3192,4.63837,0.273333
0.7444,18.0387,18.0387,4.64099,83.7174,85.0695,24.3194,4.64099,0.275
0.7446,18.0938,18.0938,4.62515,83.6867,85.0695,24.3182,4.62515,0.273333
0.7448,18.1294,18.1294,4.61735,83.7099,85.0695,24.3178,4.61735,0.271667
0.745,18.0843,18.0843,4.63753,83.8664,85.0695,24.3191,4.63753,0.273333
0.7452,18.0402,18.0402,4.64471,83.7915,85.0695,24.3196,4.64471,0.275
0.7454,18.0943,18.0943,4.62594,83.7031,85.0695,24.3183,4.62594,0.273333
0.7456,18.1301,18.1301,4.61623,83.6928,85.0695,24.3178,4.61623,0.271667
0.7458,18.0892,18.0892,4.63837,83.9042,85.0695,24.3192,4.63837,0.273333
0.746,18.0387,18.0387,4.64099,83.7174,85.0695,24.3194,4.64099,0.275
0.7462,18.0938,18.0938,4.62515,83.6867,85.0695,24.3182,4.62515,0.273333
0.7464,18.1294,18.1294,4.61735,83.7099,85.0695,24.3178,4.61735,0.271667
0.7466,18.0843,18.0843,4.63753,83.8664,85.0695,24.3191,4.63753,0.273333
0.7468,18.0402,18.0402,4.64471,83.7915,85.0695,24.3196,4.64471,0.275
0.747,18.0943,18.0943,4.62594,83.7031,85.0695,24.3183,4.62594,0.273333
0.7472,18.1301,18.1301,4.61623,83.6928,85.0695,24.3178,4.61623,0.271667
0.7474,18.0892,18.0892,4.63837,83.9042,85.0695,24.3192,4.63837,0.273333
0.7476,18.0387,18.0387,4.64099,83.7174,85.0695,24.3194,4.64099,0.275
0.7478,18.0938,18.0938,4.62515,83.6867,85.0695,24.3182,4.62515,0.273333
0.748,18.1294,18.1294,4.61735,83.7099,85.0695,24.3178,4.61735,0.271667
0.7482,18.0843,18.0843,4.63753,83.8664,85.0695,24.3191,4.63753,0.273333
0.7484,18.0402,18.0402,4.64471,83.7915,85.0695,24.3196,4.64471,0.275
0.7486,18.0943,18.0943,4.62594,83.7031,85.0695,24.3183,4.62594,0.273333
0.7488,18.1301,18.1301,4.61623,83.6928,85.0695,24.3178,4.61623,0.271667
0.749,18.0892,18.0892,4.63837,83.9042,85.0695,24.3192,4.63837,0.273333
0.7492,18.0387,18.0387,4.64099,83.7174,85.0695,24.3194,4.64099,0.275
0.7494,18.0938,18.0938,4.62515,83.6867,85.0695,24.3182,4.62515,0.273333
0.7496,18.1294,18.1294,4.61735,83.7099,85.0695,24.3178,4.61735,0.271667
0.7498,18.0843,18.0843,4.63753,83.8664,85.0695,24.3191,4.63753,0.273333
0.75,18.0402,18.0402,4.64471,83.7915,85.0695,24.3196,4.64471,0.275
0.7502,18.0943,18.0943,4.62594,83.7031,85.0695,24.3183,4.62594,0.273333
0.7504,18.1301,18.1301,4.61623,83.6928,85.0695,24.3178,4.61623,0.271667
0.7506,18.0892,18.0892,4.63837,83.9042,85.0695,24.3192,4.63837,0.273333
0.7508,18.0387,18.0387,4.64099,83.7174,85.0695,24.3194,4.64099,0.275
0.751,18.0938,18.0938,4.62515,83.6867,85.0695,24.3182,4.62515,0.273333
0.7512,18.1294,18.1294,4.61735,83.7099,85.0695,24.3178,4.61735,0.271667
0.7514,18.0843,18.0843,4.63753,83.8664,85.0695,24.3191,4.63753,0.273333
0.7516,18.0402,18.0402,4.64471,83.7915,85.0695,24.3196,4.64471,0.275
0.7518,18.0943,18.0943,4.62594,83.7031,85.0695,24.3183,4.62594,0.273333
0.752,18.1301,18.1301,4.61623,83.6928,85.0695,24.3178,4.61623,0.271667
0.7522,18.0892,18.0892,4.63837,83.9042,85.0695,24.3192,4.63837,0.273333
0.7524,18.0387,18.0387,4.64099,83.7174,85.0695,24.3194,4.64099,0.275
0.7526,18.0938,18.0938,4.62515,83.6867,85.0695,24.3182,4.62515,0.273333
0.7528,18.1294,18.1294,4.61735,83.7099,85.0695,24.3178,4.61735,0.271667
0.753,18.0843,18.0843,4.63753,83.8664,85.0695,24.3191,4.63753,0.273333
0.7532,18.0402,18.0402,4.64471,83.7915,85.0695,24.3196,4.64471,0.275
0.7534,18.0943,18.0943,4.62594,83.7031,85.0695,24.3183,4.62594,0.273333
0.7536,18.1301,18.1301,4.61623,83.6928,85.0695,24.3178,4.61623,0.271667
0.7538,18.0892,18.0892,4.63837,83.9042,85.0695,24.3192,4.63837,0.273333
0.754,18.0387,18.0387,4.64099,83.7174,85.0695,24.3194,4.64099,0.275
0.7542,18.0938,18.0938,4.62515,83.6867,85.0695,24.3182,4.62515,0.273333
0.7544,18.1294,18.1294,4.61735,83.7099,85.0695,24.3178,4.61735,0.271667
0.7546,18.0843,18.0843,4.63753,83.8664,85.0695,24.3191,4.63753,0.273333
0.7548,18.0402,18.0402,4.64471,83.7915,85.0695,24.3196,4.64471,0.275
0.755,18.0943,18.0943,4.62594,83.7031,85.0695,24.3183,4.62594,0.273333
0.7552,18.1301,18.1301,4.61623,83.6928,85.0695,24.3178,4.61623,0.271667
0.7554,18.0892,18.0892,4.63837,83.9042,85.0695,24.3192,4.63837,0.273333
0.7556,18.0387,18.0387,4.64099,83.7174,85.0695,24.3194,4.64099,0.275
0.7558,18.0938,18.0938,4.62515,83.6867,85.0695,24.3182,4.62515,0.273333
0.756,18.1294,18.1294,4.61735,83.7099,85.0695,24.3178,4.61735,0.271667
0.7562,18.0843,18.0843,4.63753,83.8664,85.0695,24.3191,4.63753,0.273333
0.7564,18.0402,18.0402,4.64471,83.7915,85.0695,24.3196,4.64471,0.275
0.7566,18.0943,18.0943,4.62594,83.7031,85.0695,24.3183,4.62594,0.273333
0.7568,18.1301,18.1301,4.61623,83.6928,85.0695,24.3178,4.61623,0.271667
0.757,18.0892,18.0892,4.63837,83.9042,85.0695,24.3192,4.63837,0.273333
0.7572,18.0387,18.0387,4.64099,83.7174,85.0695,24.3194,4.64099,0.275
0.7574,18.0938,18.0938,4.62515,83.6867,85.0695,24.3182,4.62515,0.273333
0.7576,18.1294,18.1294,4.61735,83.7099,85.0695,24.3178,4.61735,0.271667
0.7578,18.0843,18.0843,4.63753,83.8664,85.0695,24.3191,4.63753,0.273333
0.758,18.0402,18.0402,4.64471,83.7915,85.0695,24.3196,4.64471,0.275
0.7582,18.0943,18.0943,4.62594,83.7031,85.0695,24.3183,4.62594,0.273333
0.7584,18.1301,18.1301,4.61623,83.6928,85.0695,24.3178,4.61623,0.271667
0.7586,18.0892,18.0892,4.63837,83.9042,85.0695,24.3192,4.63837,0.273333
0.7588,18.0387,18.0387,4.64099,83.7174,85.0695,24.3194,4.64099,0.275
0.759,18.0938,18.0938,4.62515,83.6867,85.0695,24.3182,4.62515,0.273333
0.7592,18.1294,18.1294,4.61735,83.7099,85.0695,24.3178,4.61735,0.271667
0.7594,18.0843,18.0843,4.63753,83.8664,85.0695,24.3191,4.63753,0.273333
0.7596,18.0402,18.0402,4.64471,83.7915,85.0695,24.3196,4.64471,0.275
0.7598,18.0943,18.0943,4.62594,83.7031,85.0695,24.3183,4.62594,0.273333
0.76,18.1301,18.1301,4.61623,83.6928,85.0695,24.3178,4.61623,0.271667
0.7602,18.0892,18.0892,4.63837,83.9042,85.0695,24.3192,4.63837,0.273333
0.7604,18.0387,18.0387,4.64099,83.7174,85.0695,24.3194,4.64099,0.275
0.7606,18.0938,18.0938,4.62515,83.6867,85.0695,24.3182,4.62515,0.273333
0.7608,18.1294,18.1294,4.61735,83.7099,85.0695,24.3178,4.61735,0.271667
0.761,18.0843,18.0843,4.63753,83.8664,85.0695,24.3191,4.63753,0.273333
0.7612,18.0402,18.0402,4.64471,83.7915,85.0695,24.3196,4.64471,0.275
0.7614,18.0943,18.0943,4.62594,83.7031,85.0695,24.3183,4.62594,0.273333
0.7616,18.1301,18.1301,4.61623,83.6928,85.0695,24.3178,4.61623,0.271667
0.7618,18.0892,18.0892,4.63837,83.9042,85.0695,24.3192,4.63837,0.273333
0.762,18.0387,18.0387,4.64099,83.7174,85.0695,24.3194,4.64099,0.275
0.7622,18.0938,18.0938,4.62515,83.6867,85.0695,24.3182,4.62515,0.273333
0.7624,18.1294,18.1294,4.61735,83.7099,85.0695,24.3178,4.61735,0.271667
0.7626,18.0843,18.0843,4.63753,83.8664,85.0695,24.3191,4.63753,0.273333
0.7628,18.0402,18.0402,4.64471,83.7915,85.0695,24.3196,4.64471,0.275
0.763,18.0943,18.0943,4.62594,83.7031,85.0695,24.3183,4.62594,0.273333
0.7632,18.1301,18.1301,4.61623,83.6928,85.0695,24.3178,4.61623,0.271667
0.7634,18.0892,18.0892,4.63837,83.9042,85.0695,24.3192,4.63837,0.273333
0.7636,18.0387,18.0387,4.64099,83.7174,85.0695,24.3194,4.64099,0.275
0.7638,18.0938,18.0938,4.62515,83.6867,85.0695,24.3182,4.62515,0.273333
0.764,18.1294,18.1294,4.61735,83.7099,85.0695,24.3178,4.61735,0.271667
0.7642,18.0843,18.0843,4.63753,83.8664,85.0695,24.3191,4.63753,0.273333
0.7644,18.0402,18.0402,4.64471,83.7915,85.0695,24.3196,4.64471,0.275
0.7646,18.0943,18.0943,4.62594,83.7031,85.0695,24.3183,4.62594,0.273333
0.7648,18.1301,18.1301,4.61623,83.6928,85.0695,24.3178,4.61623,0.271667
0.765,18.0892,18.0892,4.63837,83.9042,85.0695,24.3192,4.63837,0.273333
0.7652,18.0387,18.0387,4.64099,83.7174,85.0695,24.3194,4.64099,0.275
0.7654,18.0938,18.0938,4.62515,83.6867,85.0695,24.3182,4.62515,0.273333
0.7656,18.1294,18.1294,4.61735,83.7099,85.0695,24.3178,4.61735,0.271667
0.7658,18.0843,18.0843,4.63753,83.8664,85.0695,24.3191,4.63753,0.273333
0.766,18.0402,18.0402,4.64471,83.7915,85.0695,24.3196,4.64471,0.275
0.7662,18.0943,18.0943,4.62594,83.7031,85.0695,24.3183,4.62594,0.273333
0.7664,18.1301,18.1301,4.61623,83.6928,85.0695,24.3178,4.61623,0.271667
0.7666,18.0892,18.0892,4.63837,83.9042,85.0695,24.3192,4.63837,0.273333
0.7668,18.0387,18.0387,4.64099,83.7174,85.0695,24.3194,4.64099,0.275
0.767,18.0938,18.0938,4.62515,83.6867,85.0695,24.3182,4.62515,0.273333
0.7672,18.1294,18.1294,4.61735,83.7099,85.0695,24.3178,4.61735,0.271667
0.7674,18.0843,18.0843,4.63753,83.8664,85.0695,24.3191,4.63753,0.273333
0.7676,18.0402,18.0402,4.64471,83.7915,85.0695,24.3196,4.64471,0.275
0.7678,18.0943,18.0943,4.62594,83.7031,85.0695,24.3183,4.62594,0.273333
0.768,18.1301,18.1301,4.61623,83.6928,85.0695,24.3178,4.61623,0.271667
0.7682,18.0892,18.0892,4.63837,83.9042,85.0695,24.3192,4.63837,0.273333
0.7684,18.0387,18.0387,4.64099,83.7174,85.0695,24.3194,4.64099,0.275
0.7686,18.0938,18.0938,4.62515,83.6867,85.0695,24.3182,4.62515,0.273333
0.7688,18.1294,18.1294,4.61735,83.7099,85.0695,24.3178,4.61735,0.271667
0.769,18.0843,18.0843,4.63753,83.8664,85.0695,24.3191,4.63753,0.273333
0.7692,18.0402,18.0402,4.64471,83.7915,85.0695,24.3196,4.64471,0.275
0.7694,18.0943,18.0943,4.62594,83.7031,85.0695,24.3183,4.62594,0.273333
0.7696,18.1301,18.1301,4.61623,83.6928,85.0695,24.3178,4.61623,0.271667
0.7698,18.0892,18.0892,4.63837,83.9042,85.0695,24.3192,4.63837,0.273333
0.77,18.0387,18.0387,4.64099,83.7174,85.0695,24.3194,4.64099,0.275
0.7702,18.0938,18.0938,4.62515,83.6867,85.0695,24.3182,4.62515,0.273333
0.7704,18.1294,18.1294,4.61735,83.7099,85.0695,24.3178,4.61735,0.271667
0.7706,18.0843,18.0843,4.63753,83.8664,85.0695,24.3191,4.63753,0.273333
0.7708,18.0402,18.0402,4.64471,83.7915,85.0695,24.3196,4.64471,0.275
0.771,18.0943,18.0943,4.62594,83.7031,85.0695,24.3183,4.62594,0.273333
0.7712,18.1301,18.1301,4.61623,83.6928,85.0695,24.3178,4.61623,0.271667
0.7714,18.0892,18.0892,4.63837,83.9042,85.0695,24.3192,4.63837,0.273333
0.7716,18.0387,18.0387,4.64099,83.7174,85.0695,24.3194,4.64099,0.275
0.7718,18.0938,18.0938,4.62515,83.6867,85.0695,24.3182,4.62515,0.273333
0.772,18.1294,18.1294,4.61735,83.7099,85.0695,24.3178,4.61735,0.271667
0.7722,18.0843,18.0843,4.63753,83.8664,85.0695,24.3191,4.63753,0.273333
0.7724,18.0402,18.0402,4.64471,83.7915,85.0695,24.3196,4.64471,0.275
0.7726,18.0943,18.0943,4.62594,83.7031,85.0695,24.3183,4.62594,0.273333
0.7728,18.1301,18.1301,4.61623,83.6928,85.0695,24.3178,4.61623,0.271667
0.773,18.0892,18.0892,4.63837,83.9042,85.0695,24.3192,4.63837,0.273333
0.7732,18.0387,18.0387,4.64099,83.7174,85.0695,24.3194,4.64099,0.275
0.7734,18.0938,18.0938,4.62515,83.6867,85.0695,24.3182,4.62515,0.273333
0.7736,18.1294,18.1294,4.61735,83.7099,85.0695,24.3178,4.61735,0.271667
0.7738,18.0843,18.0843,4.63753,83.8664,85.0695,24.3191,4.63753,0.273333
0.774,18.0402,18.0402,4.64471,83.7915,85.0695,24.3196,4.64471,0.275
0.7742,18.0943,18.0943,4.62594,83.7031,85.0695,24.3183,4.62594,0.273333
0.7744,18.1301,18.1301,4.61623,83.6928,85.0695,24.3178,4.61623,0.271667
0.7746,18.0892,18.0892,4.63837,83.9042,85.0695,24.3192,4.63837,0.273333
0.7748,18.0387,18.0387,4.64099,83.7174,85.0695,24.3194,4.64099,0.275
0.775,18.0938,18.0938,4.62515,83.6867,85.0695,24.3182,4.62515,0.273333
0.7752,18.1294,18.1294,4.61735,83.7099,85.0695,24.3178,4.61735,0.271667
0.7754,18.0843,18.0843,4.63753,83.8664,85.0695,24.3191,4.63753,0.273333
0.7756,18.0402,18.0402,4.64471,83.7915,85.0695,24.3196,4.64471,0.275
0.7758,18.0943,18.0943,4.62594,83.7031,85.0695,24.3183,4.62594,0.273333
0.776,18.1301,18.1301,4.61623,83.6928,85.0695,24.3178,4.61623,0.271667
0.7762,18.0892,18.0892,4.63837,83.9042,85.0695,24.3192,4.63837,0.273333
0.7764,18.0387,18.0387,4.64099,83.7174,85.0695,24.3194,4.64099,0.275
0.7766,18.0938,18.0938,4.62515,83.6867,85.0695,24.3182,4.62515,0.273333
0.7768,18.1294,18.1294,4.61735,83.7099,85.0695,24.3178,4.61735,0.271667
0.777,18.0843,18.0843,4.63753,83.8664,85.0695,24.3191,4.63753,0.273333
0.7772,18.0402,18.0402,4.64471,83.7915,85.0695,24.3196,4.64471,0.275
0.7774,18.0943,18.0943,4.62594,83.7031,85.0695,24.3183,4.62594,0.273333
0.7776,18.1301,18.1301,4.61623,83.6928,85.0695,24.3178,4.61623,0.271667
0.7778,18.0892,18.0892,4.63837,83.9042,85.0695,24.3192,4.63837,0.273333
0.778,18.0387,18.0387,4.64099,83.7174,85.0695,24.3194,4.64099,0.275
0.7782,18.0938,18.0938,4.62515,83.6867,85.0695,24.3182,4.62515,0.273333
0.7784,18.1294,18.1294,4.61735,83.7099,85.0695,24.3178,4.61735,0.271667
0.7786,18.0843,18.0843,4.63753,83.8664,85.0695,24.3191,4.63753,0.273333
0.7788,18.0402,18.0402,4.64471,83.7915,85.0695,24.3196,4.64471,0.275
0.779,18.0943,18.0943,4.62594,83.7031,85.0695,24.3183,4.62594,0.273333
0.7792,18.1301,18.1301,4.61623,83.6928,85.0695,24.3178,4.61623,0.271667
0.7794,18.0892,18.0892,4.63837,83.9042,85.0695,24.3192,4.63837,0.273333
0.7796,18.0387,18.0387,4.64099,83.7174,85.0695,24.3194,4.64099,0.275
0.7798,18.0938,18.0938,4.62515,83.6867,85.0695,24.3182,4.62515,0.273333
0.78,18.1294,18.1294,4.61735,83.7099,85.0695,24.3178,4.61735,0.271667
0.7802,18.0843,18.0843,4.63753,83.8664,85.0695,24.3191,4.63753,0.273333
0.7804,18.0402,18.0402,4.64471,83.7915,85.0695,24.3196,4.64471,0.275
0.7806,18.0943,18.0943,4.62594,83.7031,85.0695,24.3183,4.62594,0.273333
0.7808,18.1301,18.1301,4.61623,83.6928,85.0695,24.3178,4.61623,0.271667
0.781,18.0892,18.0892,4.63837,83.9042,85.0695,24.3192,4.63837,0.273333
0.7812,18.0387,18.0387,4.64099,83.7174,85.0695,24.3194,4.64099,0.275
0.7814,18.0938,18.0938,4.62515,83.6867,85.0695,24.3182,4.62515,0.273333
0.7816,18.1294,18.1294,4.61735,83.7099,85.0695,24.3178,4.61735,0.271667
0.7818,18.0843,18.0843,4.63753,83.8664,85.0695,24.3191,4.63753,0.273333
0.782,18.0402,18.0402,4.64471,83.7915,85.0695,24.3196,4.64471,0.275
0.7822,18.0943,18.0943,4.62594,83.7031,85.0695,24.3183,4.62594,0.273333
0.7824,18.1301,18.1301,4.61623,83.6928,85.0695,24.3178,4.61623,0.271667
0.7826,18.0892,18.0892,4.63837,83.9042,85.0695,24.3192,4.63837,0.273333
0.7828,18.0387,18.0387,4.64099,83.7174,85.0695,24.3194,4.64099,0.275
0.783,18.0938,18.0938,4.62515,83.6867,85.0695,24.3182,4.62515,0.273333
0.7832,18.1294,18.1294,4.61735,83.7099,85.0695,24.3178,4.61735,0.271667
0.7834,18.0843,18.0843,4.63753,83.8664,85.0695,24.3191,4.63753,0.273333
0.7836,18.0402,18.0402,4.64471,83.7915,85.0695,24.3196,4.64471,0.275
0.7838,18.0943,18.0943,4.62594,83.7031,85.0695,24.3183,4.62594,0.273333
0.784,18.1301,18.1301,4.61623,83.6928,85.0695,24.3178,4.61623,0.271667
0.7842,18.0892,18.0892,4.63837,83.9042,85.0695,24.3192,4.63837,0.273333
0.7844,18.0387,18.0387,4.64099,83.7174,85.0695,24.3194,4.64099,0.275
0.7846,18.0938,18.0938,4.62515,83.6867,85.0695,24.3182,4.62515,0.273333
0.7848,18.1294,18.1294,4.61735,83.7099,85.0695,24.3178,4.61735,0.271667
0.785,18.0843,18.0843,4.63753,83.8664,85.0695,24.3191,4.63753,0.273333
0.7852,18.0402,18.0402,4.64471,83.7915,85.0695,24.3196,4.64471,0.275
0.7854,18.0943,18.0943,4.62594,83.7031,85.0695,24.3183,4.62594,0.273333
0.7856,18.1301,18.1301,4.61623,83.6928,85.0695,24.3178,4.61623,0.271667
0.7858,18.0892,18.0892,4.63837,83.9042,85.0695,24.3192,4.63837,0.273333
0.786,18.0387,18.0387,4.64099,83.7174,85.0695,24.3194,4.64099,0.275
0.7862,18.0938,18.0938,4.62515,83.6867,85.0695,24.3182,4.62515,0.273333
0.7864,18.1294,18.1294,4.61735,83.7099,85.0695,24.3178,4.61735,0.271667
0.7866,18.0843,18.0843,4.63753,83.8664,85.0695,24.3191,4.63753,0.273333
0.7868,18.0402,18.0402,4.64471,83.7915,85.0695,24.3196,4.64471,0.275
0.787,18.0943,18.0943,4.62594,83.7031,85.0695,24.3183,4.62594,0.273333
0.7872,18.1301,18.1301,4.61623,83.6928,85.0695,24.3178,4.61623,0.271667
0.7874,18.0892,18.0892,4.63837,83.9042,85.0695,24.3192,4.63837,0.273333
0.7876,18.0387,18.0387,4.64099,83.7174,85.0695,24.3194,4.64099,0.275
0.7878,18.0938,18.0938,4.62515,83.6867,85.0695,24.3182,4.62515,0.273333
0.788,18.1294,18.1294,4.61735,83.7099,85.0695,24.3178,4.61735,0.271667
0.7882,18.0843,18.0843,4.63753,83.8664,85.0695,24.3191,4.63753,0.273333
0.7884,18.0402,18.0402,4.64471,83.7915,85.0695,24.3196,4.64471,0.275
0.7886,18.0943,18.0943,4.62594,83.7031,85.0695,24.3183,4.62594,0.273333
0.7888,18.1301,18.1301,4.61623,83.6928,85.0695,24.3178,4.61623,0.271667
0.789,18.0892,18.0892,4.63837,83.9042,85.0695,24.3192,4.63837,0.273333
0.7892,18.0387,18.0387,4.64099,83.7174,85.0695,24.3194,4.64099,0.275
0.7894,18.0938,18.0938,4.62515,83.6867,85.0695,24.3182,4.62515,0.273333
0.7896,18.1294,18.1294,4.61735,83.7099,85.0695,24.3178,4.61735,0.271667
0.7898,18.0843,18.0843,4.63753,83.8664,85.0695,24.3191,4.63753,0.273333
0.79,18.0402,18.0402,4.64471,83.7915,85.0695,24.3196,4.64471,0.275
0.7902,18.0943,18.0943,4.62594,83.7031,85.0695,24.3183,4.62594,0.273333
0.7904,18.1301,18.1301,4.61623,83.6928,85.0695,24.3178,4.61623,0.271667
0.7906,18.0892,18.0892,4.63837,83.9042,85.0695,24.3192,4.63837,0.273333
0.7908,18.0387,18.0387,4.64099,83.7174,85.0695,24.3194,4.64099,0.275
0.791,18.0938,18.0938,4.62515,83.6867,85.0695,24.3182,4.62515,0.273333
0.7912,18.1294,18.1294,4.61735,83.7099,85.0695,24.3178,4.61735,0.271667
0.7914,18.0843,18.0843,4.63753,83.8664,85.0695,24.3191,4.63753,0.273333
0.7916,18.0402,18.0402,4.64471,83.7915,85.0695,24.3196,4.64471,0.275
0.7918,18.0943,18.0943,4.62594,83.7031,85.0695,24.3183,4.62594,0.273333
0.792,18.1301,18.1301,4.61623,83.6928,85.0695,24.3178,4.61623,0.271667
0.7922,18.0892,18.0892,4.63837,83.9042,85.0695,24.3192,4.63837,0.273333
0.7924,18.0387,18.0387,4.64099,83.7174,85.0695,24.3194,4.64099,0.275
0.7926,18.0938,18.0938,4.62515,83.6867,85.0695,24.3182,4.62515,0.273333
0.7928,18.1294,18.1294,4.61735,83.7099,85.0695,24.3178,4.61735,0.271667
0.793,18.0843,18.0843,4.63753,83.8664,85.0695,24.3191,4.63753,0.273333
0.7932,18.0402,18.0402,4.64471,83.7915,85.0695,24.3196,4.64471,0.275
0.7934,18.0943,18.0943,4.62594,83.7031,85.0695,24.3183,4.62594,0.273333
0.7936,18.1301,18.1301,4.61623,83.6928,85.0695,24.3178,4.61623,0.271667
0.7938,18.0892,18.0892,4.63837,83.9042,85.0695,24.3192,4.63837,0.273333
0.794,18.0387,18.0387,4.64099,83.7174,85.0695,24.3194,4.64099,0.275
0.7942,18.0938,18.0938,4.62515,83.6867,85.0695,24.3182,4.62515,0.273333
0.7944,18.1294,18.1294,4.61735,83.7099,85.0695,24.3178,4.61735,0.271667
0.7946,18.0843,18.0843,4.63753,83.8664,85.0695,24.3191,4.63753,0.273333
0.7948,18.0402,18.0402,4.64471,83.7915,85.0695,24.3196,4.64471,0.275
0.795,18.0943,18.0943,4.62594,83.7031,85.0695,24.3183,4.62594,0.273333
0.7952,18.1301,18.1301,4.61623,83.6928,85.0695,24.3178,4.61623,0.271667
0.7954,18.0892,18.0892,4.63837,83.9042,85.0695,24.3192,4.63837,0.273333
0.7956,18.0387,18.0387,4.64099,83.7174,85.0695,24.3194,4.64099,0.275
0.7958,18.0938,18.0938,4.62515,83.6867,85.0695,24.3182,4.62515,0.273333
0.796,18.1294,18.1294,4.61735,83.7099,85.0695,24.3178,4.61735,0.271667
0.7962,18.0843,18.0843,4.63753,83.8664,85.0695,24.3191,4.63753,0.273333
0.7964,18.0402,18.0402,4.64471,83.7915,85.0695,24.3196,4.64471,0.275
0.7966,18.0943,18.0943,4.62594,83.7031,85.0695,24.3183,4.62594,0.273333
0.7968,18.1301,18.1301,4.61623,83.6928,85.0695,24.3178,4.61623,0.271667
0.797,18.0892,18.0892,4.63837,83.9042,85.0695,24.3192,4.63837,0.273333
0.7972,18.0387,18.0387,4.64099,83.7174,85.0695,24.3194,4.64099,0.275
0.7974,18.0938,18.0938,4.62515,83.6867,85.0695,24.3182,4.62515,0.273333
0.7976,18.1294,18.1294,4.61735,83.7099,85.0695,24.3178,4.61735,0.271667
0.7978,18.0843,18.0843,4.63753,83.8664,85.0695,24.3191,4.63753,0.273333
0.798,18.0402,18.0402,4.64471,83.7915,85.0695,24.3196,4.64471,0.275
0.7982,18.0943,18.0943,4.62594,83.7031,85.0695,24.3183,4.62594,0.273333
0.7984,18.1301,18.1301,4.61623,83.6928,85.0695,24.3178,4.61623,0.271667
0.7986,18.0892,18.0892,4.63837,83.9042,85.0695,24.3192,4.63837,0.273333
0.7988,18.0387,18.0387,4.64099,83.7174,85.0695,24.3194,4.64099,0.275
0.799,18.0938,18.0938,4.62515,83.6867,85.0695,24.3182,4.62515,0.273333
0.7992,18.1294,18.1294,4.61735,83.7099,85.0695,24.3178,4.61735,0.271667
0.7994,18.0843,18.0843,4.63753,83.8664,85.0695,24.3191,4.63753,0.273333
0.7996,18.0402,18.0402,4.64471,83.7915,85.0695,24.3196,4.64471,0.275
0.7998,18.0943,18.0943,4.62594,83.7031,85.0695,24.3183,4.62594,0.273333
0.8,18.1301,18.1301,4.61623,83.6928,85.0695,24.3178,4.61623,0.271667
0.8002,18.0892,18.0892,4.63837,83.9042,85.0695,24.3192,4.63837,0.273333
0.8004,18.0387,18.0387,4.64099,83.7174,85.0695,24.3194,4.64099,0.275
0.8006,18.0938,18.0938,4.62515,83.6867,85.0695,24.3182,4.62515,0.273333
0.8008,18.1294,18.1294,4.61735,83.7099,85.0695,24.3178,4.61735,0.271667
0.801,18.0843,18.0843,4.63753,83.8664,85.0695,24.3191,4.63753,0.273333
0.8012,18.0402,18.0402,4.64471,83.7915,85.0695,24.3196,4.64471,0.275
0.8014,18.0943,18.0943,4.62594,83.7031,85.0695,24.3183,4.62594,0.273333
0.8016,18.1301,18.1301,4.61623,83.6928,85.0695,24.3178,4.61623,0.271667
0.8018,18.0892,18.0892,4.63837,83.9042,85.0695,24.3192,4.63837,0.273333
0.802,18.0387,18.0387,4.64099,83.7174,85.0695,24.3194,4.64099,0.275
0.8022,18.0938,18.0938,4.62515,83.6867,85.0695,24.3182,4.62515,0.273333
0.8024,18.1294,18.1294,4.61735,83.7099,85.0695,24.3178,4.61735,0.271667
0.8026,18.0843,18.0843,4.63753,83.8664,85.0695,24.3191,4.63753,0.273333
0.8028,18.0402,18.0402,4.64471,83.7915,85.0695,24.3196,4.64471,0.275
0.803,18.0943,18.0943,4.62594,83.7031,85.0695,24.3183,4.62594,0.273333
0.8032,18.1301,18.1301,4.61623,83.6928,85.0695,24.3178,4.61623,0.271667
0.8034,18.0892,18.0892,4.63837,83.9042,85.0695,24.3192,4.63837,0.273333
0.8036,18.0387,18.0387,4.64099,83.7174,85.0695,24.3194,4.64099,0.275
0.8038,18.0938,18.0938,4.62515,83.6867,85.0695,24.3182,4.62515,0.273333
0.804,18.1294,18.1294,4.61735,83.7099,85.0695,24.3178,4.61735,0.271667
0.8042,18.0843,18.0843,4.63753,83.8664,85.0695,24.3191,4.63753,0.273333
0.8044,18.0402,18.0402,4.64471,83.7915,85.0695,24.3196,4.64471,0.275
0.8046,18.0943,18.0943,4.62594,83.7031,85.0695,24.3183,4.62594,0.273333
0.8048,18.1301,18.1301,4.61623,83.6928,85.0695,24.3178,4.61623,0.271667
0.805,18.0892,18.0892,4.63837,83.9042,85.0695,24.3192,4.63837,0.273333
0.8052,18.0387,18.0387,4.64099,83.7174,85.0695,24.3194,4.64099,0.275
0.8054,18.0938,18.0938,4.62515,83.6867,85.0695,24.3182,4.62515,0.273333
0.8056,18.1294,18.1294,4.61735,83.7099,85.0695,24.3178,4.61735,0.271667
0.8058,18.0843,18.0843,4.63753,83.8664,85.0695,24.3191,4.63753,0.273333
0.806,18.0402,18.0402,4.64471,83.7915,85.0695,24.3196,4.64471,0.275
0.8062,18.0943,18.0943,4.62594,83.7031,85.0695,24.3183,4.62594,0.273333
0.8064,18.1301,18.1301,4.61623,83.6928,85.0695,24.3178,4.61623,0.271667
0.8066,18.0892,18.0892,4.63837,83.9042,85.0695,24.3192,4.63837,0.273333
0.8068,18.0387,18.0387,4.64099,83.7174,85.0695,24.3194,4.64099,0.275
0.807,18.0938,18.0938,4.62515,83.6867,85.0695,24.3182,4.62515,0.273333
0.8072,18.1294,18.1294,4.61735,83.7099,85.0695,24.3178,4.61735,0.271667
0.8074,18.0843,18.0843,4.63753,83.8664,85.0695,24.3191,4.63753,0.273333
0.8076,18.0402,18.0402,4.64471,83.7915,85.0695,24.3196,4.64471,0.275
0.8078,18.0943,18.0943,4.62594,83.7031,85.0695,24.3183,4.62594,0.273333
0.808,18.1301,18.1301,4.61623,83.6928,85.0695,24.3178,4.61623,0.271667
0.8082,18.0892,18.0892,4.63837,83.9042,85.0695,24.3192,4.63837,0.273333
0.8084,18.0387,18.0387,4.64099,83.7174,85.0695,24.3194,4.64099,0.275
0.8086,18.0938,18.0938,4.62515,83.6867,85.0695,24.3182,4.62515,0.273333
0.8088,18.1294,18.1294,4.61735,83.7099,85.0695,24.3178,4.61735,0.271667
0.809,18.0843,18.0843,4.63753,83.8664,85.0695,24.3191,4.63753,0.273333
0.8092,18.0402,18.0402,4.64471,83.7915,85.0695,24.3196,4.64471,0.275
0.8094,18.0943,18.0943,4.62594,83.7031,85.0695,24.3183,4.62594,0.273333
0.8096,18.1301,18.1301,4.61623,83.6928,85.0695,24.3178,4.61623,0.271667
0.8098,18.0892,18.0892,4.63837,83.9042,85.0695,24.3192,4.63837,0.273333
0.81,18.0387,18.0387,4.64099,83.7174,85.0695,24.3194,4.64099,0.275
0.8102,18.0938,18.0938,4.62515,83.6867,85.0695,24.3182,4.62515,0.273333
0.8104,18.1294,18.1294,4.61735,83.7099,85.0695,24.3178,4.61735,0.271667
0.8106,18.0843,18.0843,4.63753,83.8664,85.0695,24.3191,4.63753,0.273333
0.8108,18.0402,18.0402,4.64471,83.7915,85.0695,24.3196,4.64471,0.275
0.811,18.0943,18.0943,4.62594,83.7031,85.0695,24.3183,4.62594,0.273333
0.8112,18.1301,18.1301,4.61623,83.6928,85.0695,24.3178,4.61623,0.271667
0.8114,18.0892,18.0892,4.63837,83.9042,85.0695,24.3192,4.63837,0.273333
0.8116,18.0387,18.0387,4.64099,83.7174,85.0695,24.3194,4.64099,0.275
0.8118,18.0938,18.0938,4.62515,83.6867,85.0695,24.3182,4.62515,0.273333
0.812,18.1294,18.1294,4.61735,83.7099,85.0695,24.3178,4.61735,0.271667
0.8122,18.0843,18.0843,4.63753,83.8664,85.0695,24.3191,4.63753,0.273333
0.8124,18.0402,18.0402,4.64471,83.7915,85.0695,24.3196,4.64471,0.275
0.8126,18.0943,18.0943,4.62594,83.7031,85.0695,24.3183,4.62594,0.273333
0.8128,18.1301,18.1301,4.61623,83.6928,85.0695,24.3178,4.61623,0.271667
0.813,18.0892,18.0892,4.63837,83.9042,85.0695,24.3192,4.63837,0.273333
0.8132,18.0387,18.0387,4.64099,83.7174,85.0695,24.3194,4.64099,0.275
0.8134,18.0938,18.0938,4.62515,83.6867,85.0695,24.3182,4.62515,0.273333
0.8136,18.1294,18.1294,4.61735,83.7099,85.0695,24.3178,4.61735,0.271667
0.8138,18.0843,18.0843,4.63753,83.8664,85.0695,24.3191,4.63753,0.273333
0.814,18.0402,18.0402,4.64471,83.7915,85.0695,24.3196,4.64471,0.275
0.8142,18.0943,18.0943,4.62594,83.7031,85.0695,24.3183,4.62594,0.273333
0.8144,18.1301,18.1301,4.61623,83.6928,85.0695,24.3178,4.61623,0.271667
0.8146,18.0892,18.0892,4.63837,83.9042,85.0695,24.3192,4.63837,0.273333
0.8148,18.0387,18.0387,4.64099,83.7174,85.0695,24.3194,4.64099,0.275
0.815,18.0938,18.0938,4.62515,83.6867,85.0695,24.3182,4.62515,0.273333
0.8152,18.1294,18.1294,4.61735,83.7099,85.0695,24.3178,4.61735,0.271667
0.8154,18.0843,18.0843,4.63753,83.8664,85.0695,24.3191,4.63753,0.273333
0.8156,18.0402,18.0402,4.64471,83.7915,85.0695,24.3196,4.64471,0.275
0.8158,18.0943,18.0943,4.62594,83.7031,85.0695,24.3183,4.62594,0.273333
0.816,18.1301,18.1301,4.61623,83.6928,85.0695,24.3178,4.61623,0.271667
0.8162,18.0892,18.0892,4.63837,83.9042,85.0695,24.3192,4.63837,0.273333
0.8164,18.0387,18.0387,4.64099,83.7174,85.0695,24.3194,4.64099,0.275
0.8166,18.0938,18.0938,4.62515,83.6867,85.0695,24.3182,4.62515,0.273333
0.8168,18.1294,18.1294,4.61735,83.7099,85.0695,24.3178,4.61735,0.271667
0.817,18.0843,18.0843,4.63753,83.8664,85.0695,24.3191,4.63753,0.273333
0.8172,18.0402,18.0402,4.64471,83.7915,85.0695,24.3196,4.64471,0.275
0.8174,18.0943,18.0943,4.62594,83.7031,85.0695,24.3183,4.62594,0.273333
0.8176,18.1301,18.1301,4.61623,83.6928,85.0695,24.3178,4.61623,0.271667
0.8178,18.0892,18.0892,4.63837,83.9042,85.0695,24.3192,4.63837,0.273333
0.818,18.0387,18.0387,4.64099,83.7174,85.0695,24.3194,4.64099,0.275
0.8182,18.0938,18.0938,4.62515,83.6867,85.0695,24.3182,4.62515,0.273333
0.8184,18.1294,18.1294,4.61735,83.7099,85.0695,24.3178,4.61735,0.271667
0.8186,18.0843,18.0843,4.63753,83.8664,85.0695,24.3191,4.63753,0.273333
0.8188,18.0402,18.0402,4.64471,83.7915,85.0695,24.3196,4.64471,0.275
0.819,18.0943,18.0943,4.62594,83.7031,85.0695,24.3183,4.62594,0.273333
0.8192,18.1301,18.1301,4.61623,83.6928,85.0695,24.3178,4.61623,0.271667
0.8194,18.0892,18.0892,4.63837,83.9042,85.0695,24.3192,4.63837,0.273333
0.8196,18.0387,18.0387,4.64099,83.7174,85.0695,24.3194,4.64099,0.275
0.8198,18.0938,18.0938,4.62515,83.6867,85.0695,24.3182,4.62515,0.273333
0.82,18.1294,18.1294,4.61735,83.7099,85.0695,24.3178,4.61735,0.271667
0.8202,18.0843,18.0843,4.63753,83.8664,85.0695,24.3191,4.63753,0.273333
0.8204,18.0402,18.0402,4.64471,83.7915,85.0695,24.3196,4.64471,0.275
0.8206,18.0943,18.0943,4.62594,83.7031,85.0695,24.3183,4.62594,0.273333
0.8208,18.1301,18.1301,4.61623,83.6928,85.0695,24.3178,4.61623,0.271667
0.821,18.0892,18.0892,4.63837,83.9042,85.0695,24.3192,4.63837,0.273333
0.8212,18.0387,18.0387,4.64099,83.7174,85.0695,24.3194,4.64099,0.275
0.8214,18.0938,18.0938,4.62515,83.6867,85.0695,24.3182,4.62515,0.273333
0.8216,18.1294,18.1294,4.61735,83.7099,85.0695,24.3178,4.61735,0.271667
0.8218,18.0843,18.0843,4.63753,83.8664,85.0695,24.3191,4.63753,0.273333
0.822,18.0402,18.0402,4.64471,83.7915,85.0695,24.3196,4.64471,0.275
0.8222,18.0943,18.0943,4.62594,83.7031,85.0695,24.3183,4.62594,0.273333
0.8224,18.1301,18.1301,4.61623,83.6928,85.0695,24.3178,4.61623,0.271667
0.8226,18.0892,18.0892,4.63837,83.9042,85.0695,24.3192,4.63837,0.273333
0.8228,18.0387,18.0387,4.64099,83.7174,85.0695,24.3194,4.64099,0.275
0.823,18.0938,18.0938,4.62515,83.6867,85.0695,24.3182,4.62515,0.273333
0.8232,18.1294,18.1294,4.61735,83.7099,85.0695,24.3178,4.61735,0.271667
0.8234,18.0843,18.0843,4.63753,83.8664,85.0695,24.3191,4.63753,0.273333
0.8236,18.0402,18.0402,4.64471,83.7915,85.0695,24.3196,4.64471,0.275
0.8238,18.0943,18.0943,4.62594,83.7031,85.0695,24.3183,4.62594,0.273333
0.824,18.1301,18.1301,4.61623,83.6928,85.0695,24.3178,4.61623,0.271667
0.8242,18.0892,18.0892,4.63837,83.9042,85.0695,24.3192,4.63837,0.273333
0.8244,18.0387,18.0387,4.64099,83.7174,85.0695,24.3194,4.64099,0.275
0.8246,18.0938,18.0938,4.62515,83.6867,85.0695,24.3182,4.62515,0.273333
0.8248,18.1294,18.1294,4.61735,83.7099,85.0695,24.3178,4.61735,0.271667
0.825,18.0843,18.0843,4.63753,83.8664,85.0695,24.3191,4.63753,0.273333
0.8252,18.0402,18.0402,4.64471,83.7915,85.0695,24.3196,4.64471,0.275
0.8254,18.0943,18.0943,4.62594,83.7031,85.0695,24.3183,4.62594,0.273333
0.8256,18.1301,18.1301,4.61623,83.6928,85.0695,24.3178,4.61623,0.271667
0.8258,18.0892,18.0892,4.63837,83.9042,85.0695,24.3192,4.63837,0.273333
0.826,18.0387,18.0387,4.64099,83.7174,85.0695,24.3194,4.64099,0.275
0.8262,18.0938,18.0938,4.62515,83.6867,85.0695,24.3182,4.62515,0.273333
0.8264,18.1294,18.1294,4.61735,83.7099,85.0695,24.3178,4.61735,0.271667
0.8266,18.0843,18.0843,4.63753,83.8664,85.0695,24.3191,4.63753,0.273333
0.8268,18.0402,18.0402,4.64471,83.7915,85.0695,24.3196,4.64471,0.275
0.827,18.0943,18.0943,4.62594,83.7031,85.0695,24.3183,4.62594,0.273333
0.8272,18.1301,18.1301,4.61623,83.6928,85.0695,24.3178,4.61623,0.271667
0.8274,18.0892,18.0892,4.63837,83.9042,85.0695,24.3192,4.63837,0.273333
0.8276,18.0387,18.0387,4.64099,83.7174,85.0695,24.3194,4.64099,0.275
0.8278,18.0938,18.0938,4.62515,83.6867,85.0695,24.3182,4.62515,0.273333
0.828,18.1294,18.1294,4.61735,83.7099,85.0695,24.3178,4.61735,0.271667
0.8282,18.0843,18.0843,4.63753,83.8664,85.0695,24.3191,4.63753,0.273333
0.8284,18.0402,18.0402,4.64471,83.7915,85.0695,24.3196,4.64471,0.275
0.8286,18.0943,18.0943,4.62594,83.7031,85.0695,24.3183,4.62594,0.273333
0.8288,18.1301,18.1301,4.61623,83.6928,85.0695,24.3178,4.61623,0.271667
0.829,18.0892,18.0892,4.63837,83.9042,85.0695,24.3192,4.63837,0.273333
0.8292,18.0387,18.0387,4.64099,83.7174,85.0695,24.3194,4.64099,0.275
0.8294,18.0938,18.0938,4.62515,83.6867,85.0695,24.3182,4.62515,0.273333
0.8296,18.1294,18.1294,4.61735,83.7099,85.0695,24.3178,4.61735,0.271667
0.8298,18.0843,18.0843,4.63753,83.8664,85.0695,24.3191,4.63753,0.273333
0.83,18.0402,18.0402,4.64471,83.7915,85.0695,24.3196,4.64471,0.275
0.8302,18.0943,18.0943,4.62594,83.7031,85.0695,24.3183,4.62594,0.273333
0.8304,18.1301,18.1301,4.61623,83.6928,85.0695,24.3178,4.61623,0.271667
0.8306,18.0892,18.0892,4.63837,83.9042,85.0695,24.3192,4.63837,0.273333
0.8308,18.0387,18.0387,4.64099,83.7174,85.0695,24.3194,4.64099,0.275
0.831,18.0938,18.0938,4.62515,83.6867,85.0695,24.3182,4.62515,0.273333
0.8312,18.1294,18.1294,4.61735,83.7099,85.0695,24.3178,4.61735,0.271667
0.8314,18.0843,18.0843,4.63753,83.8664,85.0695,24.3191,4.63753,0.273333
0.8316,18.0402,18.0402,4.64471,83.7915,85.0695,24.3196,4.64471,0.275
0.8318,18.0943,18.0943,4.62594,83.7031,85.0695,24.3183,4.62594,0.273333
0.832,18.1301,18.1301,4.61623,83.6928,85.0695,24.3178,4.61623,0.271667
0.8322,18.0892,18.0892,4.63837,83.9042,85.0695,24.3192,4.63837,0.273333
0.8324,18.0387,18.0387,4.64099,83.7174,85.0695,24.3194,4.64099,0.275
0.8326,18.0938,18.0938,4.62515,83.6867,85.0695,24.3182,4.62515,0.273333
0.8328,18.1294,18.1294,4.61735,83.7099,85.0695,24.3178,4.61735,0.271667
0.833,18.0843,18.0843,4.63753,83.8664,85.0695,24.3191,4.63753,0.273333
0.8332,18.0402,18.0402,4.64471,83.7915,85.0695,24.3196,4.64471,0.275
0.8334,18.0943,18.0943,4.62594,83.7031,85.0695,24.3183,4.62594,0.273333
0.8336,18.1301,18.1301,4.61623,83.6928,85.0695,24.3178,4.61623,0.271667
0.8338,18.0892,18.0892,4.63837,83.9042,85.0695,24.3192,4.63837,0.273333
0.834,18.0387,18.0387,4.64099,83.7174,85.0695,24.3194,4.64099,0.275
0.8342,18.0938,18.0938,4.62515,83.6867,85.0695,24.3182,4.62515,0.273333
0.8344,18.1294,18.1294,4.61735,83.7099,85.0695,24.3178,4.61735,0.271667
0.8346,18.0843,18.0843,4.63753,83.8664,85.0695,24.3191,4.63753,0.273333
0.8348,18.0402,18.0402,4.64471,83.7915,85.0695,24.3196,4.64471,0.275
0.835,18.0943,18.0943,4.62594,83.7031,85.0695,24.3183,4.62594,0.273333
0.8352,18.1301,18.1301,4.61623,83.6928,85.0695,24.3178,4.61623,0.271667
0.8354,18.0892,18.0892,4.63837,83.9042,85.0695,24.3192,4.63837,0.273333
0.8356,18.0387,18.0387,4.64099,83.7174,85.0695,24.3194,4.64099,0.275
0.8358,18.0938,18.0938,4.62515,83.6867,85.0695,24.3182,4.62515,0.273333
0.836,18.1294,18.1294,4.61735,83.7099,85.0695,24.3178,4.61735,0.271667
0.8362,18.0843,18.0843,4.63753,83.8664,85.0695,24.3191,4.63753,0.273333
0.8364,18.0402,18.0402,4.64471,83.7915,85.0695,24.3196,4.64471,0.275
0.8366,18.0943,18.0943,4.62594,83.7031,85.0695,24.3183,4.62594,0.273333
0.8368,18.1301,18.1301,4.61623,83.6928,85.0695,24.3178,4.61623,0.271667
0.837,18.0892,18.0892,4.63837,83.9042,85.0695,24.3192,4.63837,0.273333
0.8372,18.0387,18.0387,4.64099,83.7174,85.0695,24.3194,4.64099,0.275
0.8374,18.0938,18.0938,4.62515,83.6867,85.0695,24.3182,4.62515,0.273333
0.8376,18.1294,18.1294,4.61735,83.7099,85.0695,24.3178,4.61735,0.271667
0.8378,18.0843,18.0843,4.63753,83.8664,85.0695,24.3191,4.63753,0.273333
0.838,18.0402,18.0402,4.64471,83.7915,85.0695,24.3196,4.64471,0.275
0.8382,18.0943,18.0943,4.62594,83.7031,85.0695,24.3183,4.62594,0.273333
0.8384,18.1301,18.1301,4.61623,83.6928,85.0695,24.3178,4.61623,0.271667
0.8386,18.0892,18.0892,4.63837,83.9042,85.0695,24.3192,4.63837,0.273333
0.8388,18.0387,18.0387,4.64099,83.7174,85.0695,24.3194,4.64099,0.275
0.839,18.0938,18.0938,4.62515,83.6867,85.0695,24.3182,4.62515,0.273333
0.8392,18.1294,18.1294,4.61735,83.7099,85.0695,24.3178,4.61735,0.271667
0.8394,18.0843,18.0843,4.63753,83.8664,85.0695,24.3191,4.63753,0.273333
0.8396,18.0402,18.0402,4.64471,83.7915,85.0695,24.3196,4.64471,0.275
0.8398,18.0943,18.0943,4.62594,83.7031,85.0695,24.3183,4.62594,0.273333
0.84,18.1301,18.1301,4.61623,83.6928,85.0695,24.3178,4.61623,0.271667
0.8402,18.0892,18.0892,4.63837,83.9042,85.0695,24.3192,4.63837,0.273333
0.8404,18.0387,18.0387,4.64099,83.7174,85.0695,24.3194,4.64099,0.275
0.8406,18.0938,18.0938,4.62515,83.6867,85.0695,24.3182,4.62515,0.273333
0.8408,18.1294,18.1294,4.61735,83.7099,85.0695,24.3178,4.61735,0.271667
0.841,18.0843,18.0843,4.63753,83.8664,85.0695,24.3191,4.63753,0.273333
0.8412,18.0402,18.0402,4.64471,83.7915,85.0695,24.3196,4.64471,0.275
0.8414,18.0943,18.0943,4.62594,83.7031,85.0695,24.3183,4.62594,0.273333
0.8416,18.1301,18.1301,4.61623,83.6928,85.0695,24.3178,4.61623,0.271667
0.8418,18.0892,18.0892,4.63837,83.9042,85.0695,24.3192,4.63837,0.273333
0.842,18.0387,18.0387,4.64099,83.7174,85.0695,24.3194,4.64099,0.275
0.8422,18.0938,18.0938,4.62515,83.6867,85.0695,24.3182,4.62515,0.273333
0.8424,18.1294,18.1294,4.61735,83.7099,85.0695,24.3178,4.61735,0.271667
0.8426,18.0843,18.0843,4.63753,83.8664,85.0695,24.3191,4.63753,0.273333
0.8428,18.0402,18.0402,4.64471,83.7915,85.0695,24.3196,4.64471,0.275
0.843,18.0943,18.0943,4.62594,83.7031,85.0695,24.3183,4.62594,0.273333
0.8432,18.1301,18.1301,4.61623,83.6928,85.0695,24.3178,4.61623,0.271667
0.8434,18.0892,18.0892,4.63837,83.9042,85.0695,24.3192,4.63837,0.273333
0.8436,18.0387,18.0387,4.64099,83.7174,85.0695,24.3194,4.64099,0.275
0.8438,18.0938,18.0938,4.62515,83.6867,85.0695,24.3182,4.62515,0.273333
0.844,18.1294,18.1294,4.61735,83.7099,85.0695,24.3178,4.61735,0.271667
0.8442,18.0843,18.0843,4.63753,83.8664,85.0695,24.3191,4.63753,0.273333
0.8444,18.0402,18.0402,4.64471,83.7915,85.0695,24.3196,4.64471,0.275
0.8446,18.0943,18.0943,4.62594,83.7031,85.0695,24.3183,4.62594,0.273333
0.8448,18.1301,18.1301,4.61623,83.6928,85.0695,24.3178,4.61623,0.271667
0.845,18.0892,18.0892,4.63837,83.9042,85.0695,24.3192,4.63837,0.273333
0.8452,18.0387,18.0387,4.64099,83.7174,85.0695,24.3194,4.64099,0.275
0.8454,18.0938,18.0938,4.62515,83.6867,85.0695,24.3182,4.62515,0.273333
0.8456,18.1294,18.1294,4.61735,83.7099,85.0695,24.3178,4.61735,0.271667
0.8458,18.0843,18.0843,4.63753,83.8664,85.0695,24.3191,4.63753,0.273333
0.846,18.0402,18.0402,4.64471,83.7915,85.0695,24.3196,4.64471,0.275
0.8462,18.0943,18.0943,4.62594,83.7031,85.0695,24.3183,4.62594,0.273333
0.8464,18.1301,18.1301,4.61623,83.6928,85.0695,24.3178,4.61623,0.271667
0.8466,18.0892,18.0892,4.63837,83.9042,85.0695,24.3192,4.63837,0.273333
0.8468,18.0387,18.0387,4.64099,83.7174,85.0695,24.3194,4.64099,0.275
0.847,18.0938,18.0938,4.62515,83.6867,85.0695,24.3182,4.62515,0.273333
0.8472,18.1294,18.1294,4.61735,83.7099,85.0695,24.3178,4.61735,0.271667
0.8474,18.0843,18.0843,4.63753,83.8664,85.0695,24.3191,4.63753,0.273333
0.8476,18.0402,18.0402,4.64471,83.7915,85.0695,24.3196,4.64471,0.275
0.8478,18.0943,18.0943,4.62594,83.7031,85.0695,24.3183,4.62594,0.273333
0.848,18.1301,18.1301,4.61623,83.6928,85.0695,24.3178,4.61623,0.271667
0.8482,18.0892,18.0892,4.63837,83.9042,85.0695,24.3192,4.63837,0.273333
0.8484,18.0387,18.0387,4.64099,83.7174,85.0695,24.3194,4.64099,0.275
0.8486,18.0938,18.0938,4.62515,83.6867,85.0695,24.3182,4.62515,0.273333
0.8488,18.1294,18.1294,4.61735,83.7099,85.0695,24.3178,4.61735,0.271667
0.849,18.0843,18.0843,4.63753,83.8664,85.0695,24.3191,4.63753,0.273333
0.8492,18.0402,18.0402,4.64471,83.7915,85.0695,24.3196,4.64471,0.275
0.8494,18.0943,18.0943,4.62594,83.7031,85.0695,24.3183,4.62594,0.273333
0.8496,18.1301,18.1301,4.61623,83.6928,85.0695,24.3178,4.61623,0.271667
0.8498,18.0892,18.0892,4.63837,83.9042,85.0695,24.3192,4.63837,0.273333
0.85,18.0387,18.0387,4.64099,83.7174,85.0695,24.3194,4.64099,0.275
0.8502,18.0938,18.0938,4.62515,83.6867,85.0695,24.3182,4.62515,0.273333
0.8504,18.1294,18.1294,4.61735,83.7099,85.0695,24.3178,4.61735,0.271667
0.8506,18.0843,18.0843,4.63753,83.8664,85.0695,24.3191,4.63753,0.273333
0.8508,18.0402,18.0402,4.64471,83.7915,85.0695,24.3196,4.64471,0.275
0.851,18.0943,18.0943,4.62594,83.7031,85.0695,24.3183,4.62594,0.273333
0.8512,18.1301,18.1301,4.61623,83.6928,85.0695,24.3178,4.61623,0.271667
0.8514,18.0892,18.0892,4.63837,83.9042,85.0695,24.3192,4.63837,0.273333
0.8516,18.0387,18.0387,4.64099,83.7174,85.0695,24.3194,4.64099,0.275
0.8518,18.0938,18.0938,4.62515,83.6867,85.0695,24.3182,4.62515,0.273333
0.852,18.1294,18.1294,4.61735,83.7099,85.0695,24.3178,4.61735,0.271667
0.8522,18.0843,18.0843,4.63753,83.8664,85.0695,24.3191,4.63753,0.273333
0.8524,18.0402,18.0402,4.64471,83.7915,85.0695,24.3196,4.64471,0.275
0.8526,18.0943,18.0943,4.62594,83.7031,85.0695,24.3183,4.62594,0.273333
0.8528,18.1301,18.1301,4.61623,83.6928,85.0695,24.3178,4.61623,0.271667
0.853,18.0892,18.0892,4.63837,83.9042,85.0695,24.3192,4.63837,0.273333
0.8532,18.0387,18.0387,4.64099,83.7174,85.0695,24.3194,4.64099,0.275
0.8534,18.0938,18.0938,4.62515,83.6867,85.0695,24.3182,4.62515,0.273333
0.8536,18.1294,18.1294,4.61735,83.7099,85.0695,24.3178,4.61735,0.271667
0.8538,18.0843,18.0843,4.63753,83.8664,85.0695,24.3191,4.63753,0.273333
0.854,18.0402,18.0402,4.64471,83.7915,85.0695,24.3196,4.64471,0.275
0.8542,18.0943,18.0943,4.62594,83.7031,85.0695,24.3183,4.62594,0.273333
0.8544,18.1301,18.1301,4.61623,83.6928,85.0695,24.3178,4.61623,0.271667
0.8546,18.0892,18.0892,4.63837,83.9042,85.0695,24.3192,4.63837,0.273333
0.8548,18.0387,18.0387,4.64099,83.7174,85.0695,24.3194,4.64099,0.275
0.855,18.0938,18.0938,4.62515,83.6867,85.0695,24.3182,4.62515,0.273333
0.8552,18.1294,18.1294,4.61735,83.7099,85.0695,24.3178,4.61735,0.271667
0.8554,18.0843,18.0843,4.63753,83.8664,85.0695,24.3191,4.63753,0.273333
0.8556,18.0402,18.0402,4.64471,83.7915,85.0695,24.3196,4.64471,0.275
0.8558,18.0943,18.0943,4.62594,83.7031,85.0695,24.3183,4.62594,0.273333
0.856,18.1301,18.1301,4.61623,83.6928,85.0695,24.3178,4.61623,0.271667
0.8562,18.0892,18.0892,4.63837,83.9042,85.0695,24.3192,4.63837,0.273333
0.8564,18.0387,18.0387,4.64099,83.7174,85.0695,24.3194,4.64099,0.275
0.8566,18.0938,18.0938,4.62515,83.6867,85.0695,24.3182,4.62515,0.273333
0.8568,18.1294,18.1294,4.61735,83.7099,85.0695,24.3178,4.61735,0.271667
0.857,18.0843,18.0843,4.63753,83.8664,85.0695,24.3191,4.63753,0.273333
0.8572,18.0402,18.0402,4.64471,83.7915,85.0695,24.3196,4.64471,0.275
0.8574,18.0943,18.0943,4.62594,83.7031,85.0695,24.3183,4.62594,0.273333
0.8576,18.1301,18.1301,4.61623,83.6928,85.0695,24.3178,4.61623,0.271667
0.8578,18.0892,18.0892,4.63837,83.9042,85.0695,24.3192,4.63837,0.273333
0.858,18.0387,18.0387,4.64099,83.7174,85.0695,24.3194,4.64099,0.275
0.8582,18.0938,18.0938,4.62515,83.6867,85.0695,24.3182,4.62515,0.273333
0.8584,18.1294,18.1294,4.61735,83.7099,85.0695,24.3178,4.61735,0.271667
0.8586,18.0843,18.0843,4.63753,83.8664,85.0695,24.3191,4.63753,0.273333
0.8588,18.0402,18.0402,4.64471,83.7915,85.0695,24.3196,4.64471,0.275
0.859,18.0943,18.0943,4.62594,83.7031,85.0695,24.3183,4.62594,0.273333
0.8592,18.1301,18.1301,4.61623,83.6928,85.0695,24.3178,4.61623,0.271667
0.8594,18.0892,18.0892,4.63837,83.9042,85.0695,24.3192,4.63837,0.273333
0.8596,18.0387,18.0387,4.64099,83.7174,85.0695,24.3194,4.64099,0.275
0.8598,18.0938,18.0938,4.62515,83.6867,85.0695,24.3182,4.62515,0.273333
0.86,18.1294,18.1294,4.61735,83.7099,85.0695,24.3178,4.61735,0.271667
0.8602,18.0843,18.0843,4.63753,83.8664,85.0695,24.3191,4.63753,0.273333
0.8604,18.0402,18.0402,4.64471,83.7915,85.0695,24.3196,4.64471,0.275
0.8606,18.0943,18.0943,4.62594,83.7031,85.0695,24.3183,4.62594,0.273333
0.8608,18.1301,18.1301,4.61623,83.6928,85.0695,24.3178,4.61623,0.271667
0.861,18.0892,18.0892,4.63837,83.9042,85.0695,24.3192,4.63837,0.273333
0.8612,18.0387,18.0387,4.64099,83.7174,85.0695,24.3194,4.64099,0.275
0.8614,18.0938,18.0938,4.62515,83.6867,85.0695,24.3182,4.62515,0.273333
0.8616,18.1294,18.1294,4.61735,83.7099,85.0695,24.3178,4.61735,0.271667
0.8618,18.0843,18.0843,4.63753,83.8664,85.0695,24.3191,4.63753,0.273333
0.862,18.0402,18.0402,4.64471,83.7915,85.0695,24.3196,4.64471,0.275
0.8622,18.0943,18.0943,4.62594,83.7031,85.0695,24.3183,4.62594,0.273333
0.8624,18.1301,18.1301,4.61623,83.6928,85.0695,24.3178,4.61623,0.271667
0.8626,18.0892,18.0892,4.63837,83.9042,85.0695,24.3192,4.63837,0.273333
0.8628,18.0387,18.0387,4.64099,83.7174,85.0695,24.3194,4.64099,0.275
0.863,18.0938,18.0938,4.62515,83.6867,85.0695,24.3182,4.62515,0.273333
0.8632,18.1294,18.1294,4.61735,83.7099,85.0695,24.3178,4.61735,0.271667
0.8634,18.0843,18.0843,4.63753,83.8664,85.0695,24.3191,4.63753,0.273333
0.8636,18.0402,18.0402,4.64471,83.7915,85.0695,24.3196,4.64471,0.275
0.8638,18.0943,18.0943,4.62594,83.7031,85.0695,24.3183,4.62594,0.273333
0.864,18.1301,18.1301,4.61623,83.6928,85.0695,24.3178,4.61623,0.271667
0.8642,18.0892,18.0892,4.63837,83.9042,85.0695,24.3192,4.63837,0.273333
0.8644,18.0387,18.0387,4.64099,83.7174,85.0695,24.3194,4.64099,0.275
0.8646,18.0938,18.0938,4.62515,83.6867,85.0695,24.3182,4.62515,0.273333
0.8648,18.1294,18.1294,4.61735,83.7099,85.0695,24.3178,4.61735,0.271667
0.865,18.0843,18.0843,4.63753,83.8664,85.0695,24.3191,4.63753,0.273333
0.8652,18.0402,18.0402,4.64471,83.7915,85.0695,24.3196,4.64471,0.275
0.8654,18.0943,18.0943,4.62594,83.7031,85.0695,24.3183,4.62594,0.273333
0.8656,18.1301,18.1301,4.61623,83.6928,85.0695,24.3178,4.61623,0.271667
0.8658,18.0892,18.0892,4.63837,83.9042,85.0695,24.3192,4.63837,0.273333
0.866,18.0387,18.0387,4.64099,83.7174,85.0695,24.3194,4.64099,0.275
0.8662,18.0938,18.0938,4.62515,83.6867,85.0695,24.3182,4.62515,0.273333
0.8664,18.1294,18.1294,4.61735,83.7099,85.0695,24.3178,4.61735,0.271667
0.8666,18.0843,18.0843,4.63753,83.8664,85.0695,24.3191,4.63753,0.273333
0.8668,18.0402,18.0402,4.64471,83.7915,85.0695,24.3196,4.64471,0.275
0.867,18.0943,18.0943,4.62594,83.7031,85.0695,24.3183,4.62594,0.273333
0.8672,18.1301,18.1301,4.61623,83.6928,85.0695,24.3178,4.61623,0.271667
0.8674,18.0892,18.0892,4.63837,83.9042,85.0695,24.3192,4.63837,0.273333
0.8676,18.0387,18.0387,4.64099,83.7174,85.0695,24.3194,4.64099,0.275
0.8678,18.0938,18.0938,4.62515,83.6867,85.0695,24.3182,4.62515,0.273333
0.868,18.1294,18.1294,4.61735,83.7099,85.0695,24.3178,4.61735,0.271667
0.8682,18.0843,18.0843,4.63753,83.8664,85.0695,24.3191,4.63753,0.273333
0.8684,18.0402,18.0402,4.64471,83.7915,85.0695,24.3196,4.64471,0.275
0.8686,18.0943,18.0943,4.62594,83.7031,85.0695,24.3183,4.62594,0.273333
0.8688,18.1301,18.1301,4.61623,83.6928,85.0695,24.3178,4.61623,0.271667
0.869,18.0892,18.0892,4.63837,83.9042,85.0695,24.3192,4.63837,0.273333
0.8692,18.0387,18.0387,4.64099,83.7174,85.0695,24.3194,4.64099,0.275
0.8694,18.0938,18.0938,4.62515,83.6867,85.0695,24.3182,4.62515,0.273333
0.8696,18.1294,18.1294,4.61735,83.7099,85.0695,24.3178,4.61735,0.271667
0.8698,18.0843,18.0843,4.63753,83.8664,85.0695,24.3191,4.63753,0.273333
0.87,18.0402,18.0402,4.64471,83.7915,85.0695,24.3196,4.64471,0.275
0.8702,18.0943,18.0943,4.62594,83.7031,85.0695,24.3183,4.62594,0.273333
0.8704,18.1301,18.1301,4.61623,83.6928,85.0695,24.3178,4.61623,0.271667
0.8706,18.0892,18.0892,4.63837,83.9042,85.0695,24.3192,4.63837,0.273333
0.8708,18.0387,18.0387,4.64099,83.7174,85.0695,24.3194,4.64099,0.275
0.871,18.0938,18.0938,4.62515,83.6867,85.0695,24.3182,4.62515,0.273333
0.8712,18.1294,18.1294,4.61735,83.7099,85.0695,24.3178,4.61735,0.271667
0.8714,18.0843,18.0843,4.63753,83.8664,85.0695,24.3191,4.63753,0.273333
0.8716,18.0402,18.0402,4.64471,83.7915,85.0695,24.3196,4.64471,0.275
0.8718,18.0943,18.0943,4.62594,83.7031,85.0695,24.3183,4.62594,0.273333
0.872,18.1301,18.1301,4.61623,83.6928,85.0695,24.3178,4.61623,0.271667
0.8722,18.0892,18.0892,4.63837,83.9042,85.0695,24.3192,4.63837,0.273333
0.8724,18.0387,18.0387,4.64099,83.7174,85.0695,24.3194,4.64099,0.275
0.8726,18.0938,18.0938,4.62515,83.6867,85.0695,24.3182,4.62515,0.273333
0.8728,18.1294,18.1294,4.61735,83.7099,85.0695,24.3178,4.61735,0.271667
0.873,18.0843,18.0843,4.63753,83.8664,85.0695,24.3191,4.63753,0.273333
0.8732,18.0402,18.0402,4.64471,83.7915,85.0695,24.3196,4.64471,0.275
0.8734,18.0943,18.0943,4.62594,83.7031,85.0695,24.3183,4.62594,0.273333
0.8736,18.1301,18.1301,4.61623,83.6928,85.0695,24.3178,4.61623,0.271667
0.8738,18.0892,18.0892,4.63837,83.9042,85.0695,24.3192,4.63837,0.273333
0.874,18.0387,18.0387,4.64099,83.7174,85.0695,24.3194,4.64099,0.275
0.8742,18.0938,18.0938,4.62515,83.6867,85.0695,24.3182,4.62515,0.273333
0.8744,18.1294,18.1294,4.61735,83.7099,85.0695,24.3178,4.61735,0.271667
0.8746,18.0843,18.0843,4.63753,83.8664,85.0695,24.3191,4.63753,0.273333
0.8748,18.0402,18.0402,4.64471,83.7915,85.0695,24.3196,4.64471,0.275
0.875,18.0943,18.0943,4.62594,83.7031,85.0695,24.3183,4.62594,0.273333
0.8752,18.1301,18.1301,4.61623,83.6928,85.0695,24.3178,4.61623,0.271667
0.8754,18.0892,18.0892,4.63837,83.9042,85.0695,24.3192,4.63837,0.273333
0.8756,18.0387,18.0387,4.64099,83.7174,85.0695,24.3194,4.64099,0.275
0.8758,18.0938,18.0938,4.62515,83.6867,85.0695,24.3182,4.62515,0.273333
0.876,18.1294,18.1294,4.61735,83.7099,85.0695,24.3178,4.61735,0.271667
0.8762,18.0843,18.0843,4.63753,83.8664,85.0695,24.3191,4.63753,0.273333
0.8764,18.0402,18.0402,4.64471,83.7915,85.0695,24.3196,4.64471,0.275
0.8766,18.0943,18.0943,4.62594,83.7031,85.0695,24.3183,4.62594,0.273333
0.8768,18.1301,18.1301,4.61623,83.6928,85.0695,24.3178,4.61623,0.271667
0.877,18.0892,18.0892,4.63837,83.9042,85.0695,24.3192,4.63837,0.273333
0.8772,18.0387,18.0387,4.64099,83.7174,85.0695,24.3194,4.64099,0.275
0.8774,18.0938,18.0938,4.62515,83.6867,85.0695,24.3182,4.62515,0.273333
0.8776,18.1294,18.1294,4.61735,83.7099,85.0695,24.3178,4.61735,0.271667
0.8778,18.0843,18.0843,4.63753,83.8664,85.0695,24.3191,4.63753,0.273333
0.878,18.0402,18.0402,4.64471,83.7915,85.0695,24.3196,4.64471,0.275
0.8782,18.0943,18.0943,4.62594,83.7031,85.0695,24.3183,4.62594,0.273333
0.8784,18.1301,18.1301,4.61623,83.6928,85.0695,24.3178,4.61623,0.271667
0.8786,18.0892,18.0892,4.63837,83.9042,85.0695,24.3192,4.63837,0.273333
0.8788,18.0387,18.0387,4.64099,83.7174,85.0695,24.3194,4.64099,0.275
0.879,18.0938,18.0938,4.62515,83.6867,85.0695,24.3182,4.62515,0.273333
0.8792,18.1294,18.1294,4.61735,83.7099,85.0695,24.3178,4.61735,0.271667
0.8794,18.0843,18.0843,4.63753,83.8664,85.0695,24.3191,4.63753,0.273333
0.8796,18.0402,18.0402,4.64471,83.7915,85.0695,24.3196,4.64471,0.275
0.8798,18.0943,18.0943,4.62594,83.7031,85.0695,24.3183,4.62594,0.273333
0.88,18.1301,18.1301,4.61623,83.6928,85.0695,24.3178,4.61623,0.271667
0.8802,18.0892,18.0892,4.63837,83.9042,85.0695,24.3192,4.63837,0.273333
0.8804,18.0387,18.0387,4.64099,83.7174,85.0695,24.3194,4.64099,0.275
0.8806,18.0938,18.0938,4.62515,83.6867,85.0695,24.3182,4.62515,0.273333
0.8808,18.1294,18.1294,4.61735,83.7099,85.0695,24.3178,4.61735,0.271667
0.881,18.0843,18.0843,4.63753,83.8664,85.0695,24.3191,4.63753,0.273333
0.8812,18.0402,18.0402,4.64471,83.7915,85.0695,24.3196,4.64471,0.275
0.8814,18.0943,18.0943,4.62594,83.7031,85.0695,24.3183,4.62594,0.273333
0.8816,18.1301,18.1301,4.61623,83.6928,85.0695,24.3178,4.61623,0.271667
0.8818,18.0892,18.0892,4.63837,83.9042,85.0695,24.3192,4.63837,0.273333
0.882,18.0387,18.0387,4.64099,83.7174,85.0695,24.3194,4.64099,0.275
0.8822,18.0938,18.0938,4.62515,83.6867,85.0695,24.3182,4.62515,0.273333
0.8824,18.1294,18.1294,4.61735,83.7099,85.0695,24.3178,4.61735,0.271667
0.8826,18.0843,18.0843,4.63753,83.8664,85.0695,24.3191,4.63753,0.273333
0.8828,18.0402,18.0402,4.64471,83.7915,85.0695,24.3196,4.64471,0.275
0.883,18.0943,18.0943,4.62594,83.7031,85.0695,24.3183,4.62594,0.273333
0.8832,18.1301,18.1301,4.61623,83.6928,85.0695,24.3178,4.61623,0.271667
0.8834,18.0892,18.0892,4.63837,83.9042,85.0695,24.3192,4.63837,0.273333
0.8836,18.0387,18.0387,4.64099,83.7174,85.0695,24.3194,4.64099,0.275
0.8838,18.0938,18.0938,4.62515,83.6867,85.0695,24.3182,4.62515,0.273333
0.884,18.1294,18.1294,4.61735,83.7099,85.0695,24.3178,4.61735,0.271667
0.8842,18.0843,18.0843,4.63753,83.8664,85.0695,24.3191,4.63753,0.273333
0.8844,18.0402,18.0402,4.64471,83.7915,85.0695,24.3196,4.64471,0.275
0.8846,18.0943,18.0943,4.62594,83.7031,85.0695,24.3183,4.62594,0.273333
0.8848,18.1301,18.1301,4.61623,83.6928,85.0695,24.3178,4.61623,0.271667
0.885,18.0892,18.0892,4.63837,83.9042,85.0695,24.3192,4.63837,0.273333
0.8852,18.0387,18.0387,4.64099,83.7174,85.0695,24.3194,4.64099,0.275
0.8854,18.0938,18.0938,4.62515,83.6867,85.0695,24.3182,4.62515,0.273333
0.8856,18.1294,18.1294,4.61735,83.7099,85.0695,24.3178,4.61735,0.271667
0.8858,18.0843,18.0843,4.63753,83.8664,85.0695,24.3191,4.63753,0.273333
0.886,18.0402,18.0402,4.64471,83.7915,85.0695,24.3196,4.64471,0.275
0.8862,18.0943,18.0943,4.62594,83.7031,85.0695,24.3183,4.62594,0.273333
0.8864,18.1301,18.1301,4.61623,83.6928,85.0695,24.3178,4.61623,0.271667
0.8866,18.0892,18.0892,4.63837,83.9042,85.0695,24.3192,4.63837,0.273333
0.8868,18.0387,18.0387,4.64099,83.7174,85.0695,24.3194,4.64099,0.275
0.887,18.0938,18.0938,4.62515,83.6867,85.0695,24.3182,4.62515,0.273333
0.8872,18.1294,18.1294,4.61735,83.7099,85.0695,24.3178,4.61735,0.271667
0.8874,18.0843,18.0843,4.63753,83.8664,85.0695,24.3191,4.63753,0.273333
0.8876,18.0402,18.0402,4.64471,83.7915,85.0695,24.3196,4.64471,0.275
0.8878,18.0943,18.0943,4.62594,83.7031,85.0695,24.3183,4.62594,0.273333
0.888,18.1301,18.1301,4.61623,83.6928,85.0695,24.3178,4.61623,0.271667
0.8882,18.0892,18.0892,4.63837,83.9042,85.0695,24.3192,4.63837,0.273333
0.8884,18.0387,18.0387,4.64099,83.7174,85.0695,24.3194,4.64099,0.275
0.8886,18.0938,18.0938,4.62515,83.6867,85.0695,24.3182,4.62515,0.273333
0.8888,18.1294,18.1294,4.61735,83.7099,85.0695,24.3178,4.61735,0.271667
0.889,18.0843,18.0843,4.63753,83.8664,85.0695,24.3191,4.63753,0.273333
0.8892,18.0402,18.0402,4.64471,83.7915,85.0695,24.3196,4.64471,0.275
0.8894,18.0943,18.0943,4.62594,83.7031,85.0695,24.3183,4.62594,0.273333
0.8896,18.1301,18.1301,4.61623,83.6928,85.0695,24.3178,4.61623,0.271667
0.8898,18.0892,18.0892,4.63837,83.9042,85.0695,24.3192,4.63837,0.273333
0.89,18.0387,18.0387,4.64099,83.7174,85.0695,24.3194,4.64099,0.275
0.8902,18.0938,18.0938,4.62515,83.6867,85.0695,24.3182,4.62515,0.273333
0.8904,18.1294,18.1294,4.61735,83.7099,85.0695,24.3178,4.61735,0.271667
0.8906,18.0843,18.0843,4.63753,83.8664,85.0695,24.3191,4.63753,0.273333
0.8908,18.0402,18.0402,4.64471,83.7915,85.0695,24.3196,4.64471,0.275
0.891,18.0943,18.0943,4.62594,83.7031,85.0695,24.3183,4.62594,0.273333
0.8912,18.1301,18.1301,4.61623,83.6928,85.0695,24.3178,4.61623,0.271667
0.8914,18.0892,18.0892,4.63837,83.9042,85.0695,24.3192,4.63837,0.273333
0.8916,18.0387,18.0387,4.64099,83.7174,85.0695,24.3194,4.64099,0.275
0.8918,18.0938,18.0938,4.62515,83.6867,85.0695,24.3182,4.62515,0.273333
0.892,18.1294,18.1294,4.61735,83.7099,85.0695,24.3178,4.61735,0.271667
0.8922,18.0843,18.0843,4.63753,83.8664,85.0695,24.3191,4.63753,0.273333
0.8924,18.0402,18.0402,4.64471,83.7915,85.0695,24.3196,4.64471,0.275
0.8926,18.0943,18.0943,4.62594,83.7031,85.0695,24.3183,4.62594,0.273333
0.8928,18.1301,18.1301,4.61623,83.6928,85.0695,24.3178,4.61623,0.271667
0.893,18.0892,18.0892,4.63837,83.9042,85.0695,24.3192,4.63837,0.273333
0.8932,18.0387,18.0387,4.64099,83.7174,85.0695,24.3194,4.64099,0.275
0.8934,18.0938,18.0938,4.62515,83.6867,85.0695,24.3182,4.62515,0.273333
0.8936,18.1294,18.1294,4.61735,83.7099,85.0695,24.3178,4.61735,0.271667
0.8938,18.0843,18.0843,4.63753,83.8664,85.0695,24.3191,4.63753,0.273333
0.894,18.0402,18.0402,4.64471,83.7915,85.0695,24.3196,4.64471,0.275
0.8942,18.0943,18.0943,4.62594,83.7031,85.0695,24.3183,4.62594,0.273333
0.8944,18.1301,18.1301,4.61623,83.6928,85.0695,24.3178,4.61623,0.271667
0.8946,18.0892,18.0892,4.63837,83.9042,85.0695,24.3192,4.63837,0.273333
0.8948,18.0387,18.0387,4.64099,83.7174,85.0695,24.3194,4.64099,0.275
0.895,18.0938,18.0938,4.62515,83.6867,85.0695,24.3182,4.62515,0.273333
0.8952,18.1294,18.1294,4.61735,83.7099,85.0695,24.3178,4.61735,0.271667
0.8954,18.0843,18.0843,4.63753,83.8664,85.0695,24.3191,4.63753,0.273333
0.8956,18.0402,18.0402,4.64471,83.7915,85.0695,24.3196,4.64471,0.275
0.8958,18.0943,18.0943,4.62594,83.7031,85.0695,24.3183,4.62594,0.273333
0.896,18.1301,18.1301,4.61623,83.6928,85.0695,24.3178,4.61623,0.271667
0.8962,18.0892,18.0892,4.63837,83.9042,85.0695,24.3192,4.63837,0.273333
0.8964,18.0387,18.0387,4.64099,83.7174,85.0695,24.3194,4.64099,0.275
0.8966,18.0938,18.0938,4.62515,83.6867,85.0695,24.3182,4.62515,0.273333
0.8968,18.1294,18.1294,4.61735,83.7099,85.0695,24.3178,4.61735,0.271667
0.897,18.0843,18.0843,4.63753,83.8664,85.0695,24.3191,4.63753,0.273333
0.8972,18.0402,18.0402,4.64471,83.7915,85.0695,24.3196,4.64471,0.275
0.8974,18.0943,18.0943,4.62594,83.7031,85.0695,24.3183,4.62594,0.273333
0.8976,18.1301,18.1301,4.61623,83.6928,85.0695,24.3178,4.61623,0.271667
0.8978,18.0892,18.0892,4.63837,83.9042,85.0695,24.3192,4.63837,0.273333
0.898,18.0387,18.0387,4.64099,83.7174,85.0695,24.3194,4.64099,0.275
0.8982,18.0938,18.0938,4.62515,83.6867,85.0695,24.3182,4.62515,0.273333
0.8984,18.1294,18.1294,4.61735,83.7099,85.0695,24.3178,4.61735,0.271667
0.8986,18.0843,18.0843,4.63753,83.8664,85.0695,24.3191,4.63753,0.273333
0.8988,18.0402,18.0402,4.64471,83.7915,85.0695,24.3196,4.64471,0.275
0.899,18.0943,18.0943,4.62594,83.7031,85.0695,24.3183,4.62594,0.273333
0.8992,18.1301,18.1301,4.61623,83.6928,85.0695,24.3178,4.61623,0.271667
0.8994,18.0892,18.0892,4.63837,83.9042,85.0695,24.3192,4.63837,0.273333
0.8996,18.0387,18.0387,4.64099,83.7174,85.0695,24.3194,4.64099,0.275
0.8998,18.0938,18.0938,4.62515,83.6867,85.0695,24.3182,4.62515,0.273333
0.9,18.1294,18.1294,4.61735,83.7099,85.0695,24.3178,4.61735,0.271667
0.9002,18.0843,18.0843,4.63753,83.8664,85.0695,24.3191,4.63753,0.273333
0.9004,18.0402,18.0402,4.64471,83.7915,85.0695,24.3196,4.64471,0.275
0.9006,18.0943,18.0943,4.62594,83.7031,85.0695,24.3183,4.62594,0.273333
0.9008,18.1301,18.1301,4.61623,83.6928,85.0695,24.3178,4.61623,0.271667
0.901,18.0892,18.0892,4.63837,83.9042,85.0695,24.3192,4.63837,0.273333
0.9012,18.0387,18.0387,4.64099,83.7174,85.0695,24.3194,4.64099,0.275
0.9014,18.0938,18.0938,4.62515,83.6867,85.0695,24.3182,4.62515,0.273333
0.9016,18.1294,18.1294,4.61735,83.7099,85.0695,24.3178,4.61735,0.271667
0.9018,18.0843,18.0843,4.63753,83.8664,85.0695,24.3191,4.63753,0.273333
0.902,18.0402,18.0402,4.64471,83.7915,85.0695,24.3196,4.64471,0.275
0.9022,18.0943,18.0943,4.62594,83.7031,85.0695,24.3183,4.62594,0.273333
0.9024,18.1301,18.1301,4.61623,83.6928,85.0695,24.3178,4.61623,0.271667
0.9026,18.0892,18.0892,4.63837,83.9042,85.0695,24.3192,4.63837,0.273333
0.9028,18.0387,18.0387,4.64099,83.7174,85.0695,24.3194,4.64099,0.275
0.903,18.0938,18.0938,4.62515,83.6867,85.0695,24.3182,4.62515,0.273333
0.9032,18.1294,18.1294,4.61735,83.7099,85.0695,24.3178,4.61735,0.271667
0.9034,18.0843,18.0843,4.63753,83.8664,85.0695,24.3191,4.63753,0.273333
0.9036,18.0402,18.0402,4.64471,83.7915,85.0695,24.3196,4.64471,0.275
0.9038,18.0943,18.0943,4.62594,83.7031,85.0695,24.3183,4.62594,0.273333
0.904,18.1301,18.1301,4.61623,83.6928,85.0695,24.3178,4.61623,0.271667
0.9042,18.0892,18.0892,4.63837,83.9042,85.0695,24.3192,4.63837,0.273333
0.9044,18.0387,18.0387,4.64099,83.7174,85.0695,24.3194,4.64099,0.275
0.9046,18.0938,18.0938,4.62515,83.6867,85.0695,24.3182,4.62515,0.273333
0.9048,18.1294,18.1294,4.61735,83.7099,85.0695,24.3178,4.61735,0.271667
0.905,18.0843,18.0843,4.63753,83.8664,85.0695,24.3191,4.63753,0.273333
0.9052,18.0402,18.0402,4.64471,83.7915,85.0695,24.3196,4.64471,0.275
0.9054,18.0943,18.0943,4.62594,83.7031,85.0695,24.3183,4.62594,0.273333
0.9056,18.1301,18.1301,4.61623,83.6928,85.0695,24.3178,4.61623,0.271667
0.9058,18.0892,18.0892,4.63837,83.9042,85.0695,24.3192,4.63837,0.273333
0.906,18.0387,18.0387,4.64099,83.7174,85.0695,24.3194,4.64099,0.275
0.9062,18.0938,18.0938,4.62515,83.6867,85.0695,24.3182,4.62515,0.273333
0.9064,18.1294,18.1294,4.61735,83.7099,85.0695,24.3178,4.61735,0.271667
0.9066,18.0843,18.0843,4.63753,83.8664,85.0695,24.3191,4.63753,0.273333
0.9068,18.0402,18.0402,4.64471,83.7915,85.0695,24.3196,4.64471,0.275
0.907,18.0943,18.0943,4.62594,83.7031,85.0695,24.3183,4.62594,0.273333
0.9072,18.1301,18.1301,4.61623,83.6928,85.0695,24.3178,4.61623,0.271667
0.9074,18.0892,18.0892,4.63837,83.9042,85.0695,24.3192,4.63837,0.273333
0.9076,18.0387,18.0387,4.64099,83.7174,85.0695,24.3194,4.64099,0.275
0.9078,18.0938,18.0938,4.62515,83.6867,85.0695,24.3182,4.62515,0.273333
0.908,18.1294,18.1294,4.61735,83.7099,85.0695,24.3178,4.61735,0.271667
0.9082,18.0843,18.0843,4.63753,83.8664,85.0695,24.3191,4.63753,0.273333
0.9084,18.0402,18.0402,4.64471,83.7915,85.0695,24.3196,4.64471,0.275
0.9086,18.0943,18.0943,4.62594,83.7031,85.0695,24.3183,4.62594,0.273333
0.9088,18.1301,18.1301,4.61623,83.6928,85.0695,24.3178,4.61623,0.271667
0.909,18.0892,18.0892,4.63837,83.9042,85.0695,24.3192,4.63837,0.273333
0.9092,18.0387,18.0387,4.64099,83.7174,85.0695,24.3194,4.64099,0.275
0.9094,18.0938,18.0938,4.62515,83.6867,85.0695,24.3182,4.62515,0.273333
0.9096,18.1294,18.1294,4.61735,83.7099,85.0695,24.3178,4.61735,0.271667
0.9098,18.0843,18.0843,4.63753,83.8664,85.0695,24.3191,4.63753,0.273333
0.91,18.0402,18.0402,4.64471,83.7915,85.0695,24.3196,4.64471,0.275
0.9102,18.0943,18.0943,4.62594,83.7031,85.0695,24.3183,4.62594,0.273333
0.9104,18.1301,18.1301,4.61623,83.6928,85.0695,24.3178,4.61623,0.271667
0.9106,18.0892,18.0892,4.63837,83.9042,85.0695,24.3192,4.63837,0.273333
0.9108,18.0387,18.0387,4.64099,83.7174,85.0695,24.3194,4.64099,0.275
0.911,18.0938,18.0938,4.62515,83.6867,85.0695,24.3182,4.62515,0.273333
0.9112,18.1294,18.1294,4.61735,83.7099,85.0695,24.3178,4.61735,0.271667
0.9114,18.0843,18.0843,4.63753,83.8664,85.0695,24.3191,4.63753,0.273333
0.9116,18.0402,18.0402,4.64471,83.7915,85.0695,24.3196,4.64471,0.275
0.9118,18.0943,18.0943,4.62594,83.7031,85.0695,24.3183,4.62594,0.273333
0.912,18.1301,18.1301,4.61623,83.6928,85.0695,24.3178,4.61623,0.271667
0.9122,18.0892,18.0892,4.63837,83.9042,85.0695,24.3192,4.63837,0.273333
0.9124,18.0387,18.0387,4.64099,83.7174,85.0695,24.3194,4.64099,0.275
0.9126,18.0938,18.0938,4.62515,83.6867,85.0695,24.3182,4.62515,0.273333
0.9128,18.1294,18.1294,4.61735,83.7099,85.0695,24.3178,4.61735,0.271667
0.913,18.0843,18.0843,4.63753,83.8664,85.0695,24.3191,4.63753,0.273333
0.9132,18.0402,18.0402,4.64471,83.7915,85.0695,24.3196,4.64471,0.275
0.9134,18.0943,18.0943,4.62594,83.7031,85.0695,24.3183,4.62594,0.273333
0.9136,18.1301,18.1301,4.61623,83.6928,85.0695,24.3178,4.61623,0.271667
0.9138,18.0892,18.0892,4.63837,83.9042,85.0695,24.3192,4.63837,0.273333
0.914,18.0387,18.0387,4.64099,83.7174,85.0695,24.3194,4.64099,0.275
0.9142,18.0938,18.0938,4.62515,83.6867,85.0695,24.3182,4.62515,0.273333
0.9144,18.1294,18.1294,4.61735,83.7099,85.0695,24.3178,4.61735,0.271667
0.9146,18.0843,18.0843,4.63753,83.8664,85.0695,24.3191,4.63753,0.273333
0.9148,18.0402,18.0402,4.64471,83.7915,85.0695,24.3196,4.64471,0.275
0.915,18.0943,18.0943,4.62594,83.7031,85.0695,24.3183,4.62594,0.273333
0.9152,18.1301,18.1301,4.61623,83.6928,85.0695,24.3178,4.61623,0.271667
0.9154,18.0892,18.0892,4.63837,83.9042,85.0695,24.3192,4.63837,0.273333
0.9156,18.0387,18.0387,4.64099,83.7174,85.0695,24.3194,4.64099,0.275
0.9158,18.0938,18.0938,4.62515,83.6867,85.0695,24.3182,4.62515,0.273333
0.916,18.1294,18.1294,4.61735,83.7099,85.0695,24.3178,4.61735,0.271667
0.9162,18.0843,18.0843,4.63753,83.8664,85.0695,24.3191,4.63753,0.273333
0.9164,18.0402,18.0402,4.64471,83.7915,85.0695,24.3196,4.64471,0.275
0.9166,18.0943,18.0943,4.62594,83.7031,85.0695,24.3183,4.62594,0.273333
0.9168,18.1301,18.1301,4.61623,83.6928,85.0695,24.3178,4.61623,0.271667
0.917,18.0892,18.0892,4.63837,83.9042,85.0695,24.3192,4.63837,0.273333
0.9172,18.0387,18.0387,4.64099,83.7174,85.0695,24.3194,4.64099,0.275
0.9174,18.0938,18.0938,4.62515,83.6867,85.0695,24.3182,4.62515,0.273333
0.9176,18.1294,18.1294,4.61735,83.7099,85.0695,24.3178,4.61735,0.271667
0.9178,18.0843,18.0843,4.63753,83.8664,85.0695,24.3191,4.63753,0.273333
0.918,18.0402,18.0402,4.64471,83.7915,85.0695,24.3196,4.64471,0.275
0.9182,18.0943,18.0943,4.62594,83.7031,85.0695,24.3183,4.62594,0.273333
0.9184,18.1301,18.1301,4.61623,83.6928,85.0695,24.3178,4.61623,0.271667
0.9186,18.0892,18.0892,4.63837,83.9042,85.0695,24.3192,4.63837,0.273333
0.9188,18.0387,18.0387,4.64099,83.7174,85.0695,24.3194,4.64099,0.275
0.919,18.0938,18.0938,4.62515,83.6867,85.0695,24.3182,4.62515,0.273333
0.9192,18.1294,18.1294,4.61735,83.7099,85.0695,24.3178,4.61735,0.271667
0.9194,18.0843,18.0843,4.63753,83.8664,85.0695,24.3191,4.63753,0.273333
0.9196,18.0402,18.0402,4.64471,83.7915,85.0695,24.3196,4.64471,0.275
0.9198,18.0943,18.0943,4.62594,83.7031,85.0695,24.3183,4.62594,0.273333
0.92,18.1301,18.1301,4.61623,83.6928,85.0695,24.3178,4.61623,0.271667
0.9202,18.0892,18.0892,4.63837,83.9042,85.0695,24.3192,4.63837,0.273333
0.9204,18.0387,18.0387,4.64099,83.7174,85.0695,24.3194,4.64099,0.275
0.9206,18.0938,18.0938,4.62515,83.6867,85.0695,24.3182,4.62515,0.273333
0.9208,18.1294,18.1294,4.61735,83.7099,85.0695,24.3178,4.61735,0.271667
0.921,18.0843,18.0843,4.63753,83.8664,85.0695,24.3191,4.63753,0.273333
0.9212,18.0402,18.0402,4.64471,83.7915,85.0695,24.3196,4.64471,0.275
0.9214,18.0943,18.0943,4.62594,83.7031,85.0695,24.3183,4.62594,0.273333
0.9216,18.1301,18.1301,4.61623,83.6928,85.0695,24.3178,4.61623,0.271667
0.9218,18.0892,18.0892,4.63837,83.9042,85.0695,24.3192,4.63837,0.273333
0.922,18.0387,18.0387,4.64099,83.7174,85.0695,24.3194,4.64099,0.275
0.9222,18.0938,18.0938,4.62515,83.6867,85.0695,24.3182,4.62515,0.273333
0.9224,18.1294,18.1294,4.61735,83.7099,85.0695,24.3178,4.61735,0.271667
0.9226,18.0843,18.0843,4.63753,83.8664,85.0695,24.3191,4.63753,0.273333
0.9228,18.0402,18.0402,4.64471,83.7915,85.0695,24.3196,4.64471,0.275
0.923,18.0943,18.0943,4.62594,83.7031,85.0695,24.3183,4.62594,0.273333
0.9232,18.1301,18.1301,4.61623,83.6928,85.0695,24.3178,4.61623,0.271667
0.9234,18.0892,18.0892,4.63837,83.9042,85.0695,24.3192,4.63837,0.273333
0.9236,18.0387,18.0387,4.64099,83.7174,85.0695,24.3194,4.64099,0.275
0.9238,18.0938,18.0938,4.62515,83.6867,85.0695,24.3182,4.62515,0.273333
0.924,18.1294,18.1294,4.61735,83.7099,85.0695,24.3178,4.61735,0.271667
0.9242,18.0843,18.0843,4.63753,83.8664,85.0695,24.3191,4.63753,0.273333
0.9244,18.0402,18.0402,4.64471,83.7915,85.0695,24.3196,4.64471,0.275
0.9246,18.0943,18.0943,4.62594,83.7031,85.0695,24.3183,4.62594,0.273333
0.9248,18.1301,18.1301,4.61623,83.6928,85.0695,24.3178,4.61623,0.271667
0.925,18.0892,18.0892,4.63837,83.9042,85.0695,24.3192,4.63837,0.273333
0.9252,18.0387,18.0387,4.64099,83.7174,85.0695,24.3194,4.64099,0.275
0.9254,18.0938,18.0938,4.62515,83.6867,85.0695,24.3182,4.62515,0.273333
0.9256,18.1294,18.1294,4.61735,83.7099,85.0695,24.3178,4.61735,0.271667
0.9258,18.0843,18.0843,4.63753,83.8664,85.0695,24.3191,4.63753,0.273333
0.926,18.0402,18.0402,4.64471,83.7915,85.0695,24.3196,4.64471,0.275
0.9262,18.0943,18.0943,4.62594,83.7031,85.0695,24.3183,4.62594,0.273333
0.9264,18.1301,18.1301,4.61623,83.6928,85.0695,24.3178,4.61623,0.271667
0.9266,18.0892,18.0892,4.63837,83.9042,85.0695,24.3192,4.63837,0.273333
0.9268,18.0387,18.0387,4.64099,83.7174,85.0695,24.3194,4.64099,0.275
0.927,18.0938,18.0938,4.62515,83.6867,85.0695,24.3182,4.62515,0.273333
0.9272,18.1294,18.1294,4.61735,83.7099,85.0695,24.3178,4.61735,0.271667
0.9274,18.0843,18.0843,4.63753,83.8664,85.0695,24.3191,4.63753,0.273333
0.9276,18.0402,18.0402,4.64471,83.7915,85.0695,24.3196,4.64471,0.275
0.9278,18.0943,18.0943,4.62594,83.7031,85.0695,24.3183,4.62594,0.273333
0.928,18.1301,18.1301,4.61623,83.6928,85.0695,24.3178,4.61623,0.271667
0.9282,18.0892,18.0892,4.63837,83.9042,85.0695,24.3192,4.63837,0.273333
0.9284,18.0387,18.0387,4.64099,83.7174,85.0695,24.3194,4.64099,0.275
0.9286,18.0938,18.0938,4.62515,83.6867,85.0695,24.3182,4.62515,0.273333
0.9288,18.1294,18.1294,4.61735,83.7099,85.0695,24.3178,4.61735,0.271667
0.929,18.0843,18.0843,4.63753,83.8664,85.0695,24.3191,4.63753,0.273333
0.9292,18.0402,18.0402,4.64471,83.7915,85.0695,24.3196,4.64471,0.275
0.9294,18.0943,18.0943,4.62594,83.7031,85.0695,24.3183,4.62594,0.273333
0.9296,18.1301,18.1301,4.61623,83.6928,85.0695,24.3178,4.61623,0.271667
0.9298,18.0892,18.0892,4.63837,83.9042,85.0695,24.3192,4.63837,0.273333
0.93,18.0387,18.0387,4.64099,83.7174,85.0695,24.3194,4.64099,0.275
0.9302,18.0938,18.0938,4.62515,83.6867,85.0695,24.3182,4.62515,0.273333
0.9304,18.1294,18.1294,4.61735,83.7099,85.0695,24.3178,4.61735,0.271667
0.9306,18.0843,18.0843,4.63753,83.8664,85.0695,24.3191,4.63753,0.273333
0.9308,18.0402,18.0402,4.64471,83.7915,85.0695,24.3196,4.64471,0.275
0.931,18.0943,18.0943,4.62594,83.7031,85.0695,24.3183,4.62594,0.273333
0.9312,18.1301,18.1301,4.61623,83.6928,85.0695,24.3178,4.61623,0.271667
0.9314,18.0892,18.0892,4.63837,83.9042,85.0695,24.3192,4.63837,0.273333
0.9316,18.0387,18.0387,4.64099,83.7174,85.0695,24.3194,4.64099,0.275
0.9318,18.0938,18.0938,4.62515,83.6867,85.0695,24.3182,4.62515,0.273333
0.932,18.1294,18.1294,4.61735,83.7099,85.0695,24.3178,4.61735,0.271667
0.9322,18.0843,18.0843,4.63753,83.8664,85.0695,24.3191,4.63753,0.273333
0.9324,18.0402,18.0402,4.64471,83.7915,85.0695,24.3196,4.64471,0.275
0.9326,18.0943,18.0943,4.62594,83.7031,85.0695,24.3183,4.62594,0.273333
0.9328,18.1301,18.1301,4.61623,83.6928,85.0695,24.3178,4.61623,0.271667
0.933,18.0892,18.0892,4.63837,83.9042,85.0695,24.3192,4.63837,0.273333
0.9332,18.0387,18.0387,4.64099,83.7174,85.0695,24.3194,4.64099,0.275
0.9334,18.0938,18.0938,4.62515,83.6867,85.0695,24.3182,4.62515,0.273333
0.9336,18.1294,18.1294,4.61735,83.7099,85.0695,24.3178,4.61735,0.271667
0.9338,18.0843,18.0843,4.63753,83.8664,85.0695,24.3191,4.63753,0.273333
0.934,18.0402,18.0402,4.64471,83.7915,85.0695,24.3196,4.64471,0.275
0.9342,18.0943,18.0943,4.62594,83.7031,85.0695,24.3183,4.62594,0.273333
0.9344,18.1301,18.1301,4.61623,83.6928,85.0695,24.3178,4.61623,0.271667
0.9346,18.0892,18.0892,4.63837,83.9042,85.0695,24.3192,4.63837,0.273333
0.9348,18.0387,18.0387,4.64099,83.7174,85.0695,24.3194,4.64099,0.275
0.935,18.0938,18.0938,4.62515,83.6867,85.0695,24.3182,4.62515,0.273333
0.9352,18.1294,18.1294,4.61735,83.7099,85.0695,24.3178,4.61735,0.271667
0.9354,18.0843,18.0843,4.63753,83.8664,85.0695,24.3191,4.63753,0.273333
0.9356,18.0402,18.0402,4.64471,83.7915,85.0695,24.3196,4.64471,0.275
0.9358,18.0943,18.0943,4.62594,83.7031,85.0695,24.3183,4.62594,0.273333
0.936,18.1301,18.1301,4.61623,83.6928,85.0695,24.3178,4.61623,0.271667
0.9362,18.0892,18.0892,4.63837,83.9042,85.0695,24.3192,4.63837,0.273333
0.9364,18.0387,18.0387,4.64099,83.7174,85.0695,24.3194,4.64099,0.275
0.9366,18.0938,18.0938,4.62515,83.6867,85.0695,24.3182,4.62515,0.273333
0.9368,18.1294,18.1294,4.61735,83.7099,85.0695,24.3178,4.61735,0.271667
0.937,18.0843,18.0843,4.63753,83.8664,85.0695,24.3191,4.63753,0.273333
0.9372,18.0402,18.0402,4.64471,83.7915,85.0695,24.3196,4.64471,0.275
0.9374,18.0943,18.0943,4.62594,83.7031,85.0695,24.3183,4.62594,0.273333
0.9376,18.1301,18.1301,4.61623,83.6928,85.0695,24.3178,4.61623,0.271667
0.9378,18.0892,18.0892,4.63837,83.9042,85.0695,24.3192,4.63837,0.273333
0.938,18.0387,18.0387,4.64099,83.7174,85.0695,24.3194,4.64099,0.275
0.9382,18.0938,18.0938,4.62515,83.6867,85.0695,24.3182,4.62515,0.273333
0.9384,18.1294,18.1294,4.61735,83.7099,85.0695,24.3178,4.61735,0.271667
0.9386,18.0843,18.0843,4.63753,83.8664,85.0695,24.3191,4.63753,0.273333
0.9388,18.0402,18.0402,4.64471,83.7915,85.0695,24.3196,4.64471,0.275
0.939,18.0943,18.0943,4.62594,83.7031,85.0695,24.3183,4.62594,0.273333
0.9392,18.1301,18.1301,4.61623,83.6928,85.0695,24.3178,4.61623,0.271667
0.9394,18.0892,18.0892,4.63837,83.9042,85.0695,24.3192,4.63837,0.273333
0.9396,18.0387,18.0387,4.64099,83.7174,85.0695,24.3194,4.64099,0.275
0.9398,18.0938,18.0938,4.62515,83.6867,85.0695,24.3182,4.62515,0.273333
0.94,18.1294,18.1294,4.61735,83.7099,85.0695,24.3178,4.61735,0.271667
0.9402,18.0843,18.0843,4.63753,83.8664,85.0695,24.3191,4.63753,0.273333
0.9404,18.0402,18.0402,4.64471,83.7915,85.0695,24.3196,4.64471,0.275
0.9406,18.0943,18.0943,4.62594,83.7031,85.0695,24.3183,4.62594,0.273333
0.9408,18.1301,18.1301,4.61623,83.6928,85.0695,24.3178,4.61623,0.271667
0.941,18.0892,18.0892,4.63837,83.9042,85.0695,24.3192,4.63837,0.273333
0.9412,18.0387,18.0387,4.64099,83.7174,85.0695,24.3194,4.64099,0.275
0.9414,18.0938,18.0938,4.62515,83.6867,85.0695,24.3182,4.62515,0.273333
0.9416,18.1294,18.1294,4.61735,83.7099,85.0695,24.3178,4.61735,0.271667
0.9418,18.0843,18.0843,4.63753,83.8664,85.0695,24.3191,4.63753,0.273333
0.942,18.0402,18.0402,4.64471,83.7915,85.0695,24.3196,4.64471,0.275
0.9422,18.0943,18.0943,4.62594,83.7031,85.0695,24.3183,4.62594,0.273333
0.9424,18.1301,18.1301,4.61623,83.6928,85.0695,24.3178,4.61623,0.271667
0.9426,18.0892,18.0892,4.63837,83.9042,85.0695,24.3192,4.63837,0.273333
0.9428,18.0387,18.0387,4.64099,83.7174,85.0695,24.3194,4.64099,0.275
0.943,18.0938,18.0938,4.62515,83.6867,85.0695,24.3182,4.62515,0.273333
0.9432,18.1294,18.1294,4.61735,83.7099,85.0695,24.3178,4.61735,0.271667
0.9434,18.0843,18.0843,4.63753,83.8664,85.0695,24.3191,4.63753,0.273333
0.9436,18.0402,18.0402,4.64471,83.7915,85.0695,24.3196,4.64471,0.275
0.9438,18.0943,18.0943,4.62594,83.7031,85.0695,24.3183,4.62594,0.273333
0.944,18.1301,18.1301,4.61623,83.6928,85.0695,24.3178,4.61623,0.271667
0.9442,18.0892,18.0892,4.63837,83.9042,85.0695,24.3192,4.63837,0.273333
0.9444,18.0387,18.0387,4.64099,83.7174,85.0695,24.3194,4.64099,0.275
0.9446,18.0938,18.0938,4.62515,83.6867,85.0695,24.3182,4.62515,0.273333
0.9448,18.1294,18.1294,4.61735,83.7099,85.0695,24.3178,4.61735,0.271667
0.945,18.0843,18.0843,4.63753,83.8664,85.0695,24.3191,4.63753,0.273333
0.9452,18.0402,18.0402,4.64471,83.7915,85.0695,24.3196,4.64471,0.275
0.9454,18.0943,18.0943,4.62594,83.7031,85.0695,24.3183,4.62594,0.273333
0.9456,18.1301,18.1301,4.61623,83.6928,85.0695,24.3178,4.61623,0.271667
0.9458,18.0892,18.0892,4.63837,83.9042,85.0695,24.3192,4.63837,0.273333
0.946,18.0387,18.0387,4.64099,83.7174,85.0695,24.3194,4.64099,0.275
0.9462,18.0938,18.0938,4.62515,83.6867,85.0695,24.3182,4.62515,0.273333
0.9464,18.1294,18.1294,4.61735,83.7099,85.0695,24.3178,4.61735,0.271667
0.9466,18.0843,18.0843,4.63753,83.8664,85.0695,24.3191,4.63753,0.273333
0.9468,18.0402,18.0402,4.64471,83.7915,85.0695,24.3196,4.64471,0.275
0.947,18.0943,18.0943,4.62594,83.7031,85.0695,24.3183,4.62594,0.273333
0.9472,18.1301,18.1301,4.61623,83.6928,85.0695,24.3178,4.61623,0.271667
0.9474,18.0892,18.0892,4.63837,83.9042,85.0695,24.3192,4.63837,0.273333
0.9476,18.0387,18.0387,4.64099,83.7174,85.0695,24.3194,4.64099,0.275
0.9478,18.0938,18.0938,4.62515,83.6867,85.0695,24.3182,4.62515,0.273333
0.948,18.1294,18.1294,4.61735,83.7099,85.0695,24.3178,4.61735,0.271667
0.9482,18.0843,18.0843,4.63753,83.8664,85.0695,24.3191,4.63753,0.273333
0.9484,18.0402,18.0402,4.64471,83.7915,85.0695,24.3196,4.64471,0.275
0.9486,18.0943,18.0943,4.62594,83.7031,85.0695,24.3183,4.62594,0.273333
0.9488,18.1301,18.1301,4.61623,83.6928,85.0695,24.3178,4.61623,0.271667
0.949,18.0892,18.0892,4.63837,83.9042,85.0695,24.3192,4.63837,0.273333
0.9492,18.0387,18.0387,4.64099,83.7174,85.0695,24.3194,4.64099,0.275
0.9494,18.0938,18.0938,4.62515,83.6867,85.0695,24.3182,4.62515,0.273333
0.9496,18.1294,18.1294,4.61735,83.7099,85.0695,24.3178,4.61735,0.271667
0.9498,18.0843,18.0843,4.63753,83.8664,85.0695,24.3191,4.63753,0.273333
0.95,18.0402,18.0402,4.64471,83.7915,85.0695,24.3196,4.64471,0.275
0.9502,18.0943,18.0943,4.62594,83.7031,85.0695,24.3183,4.62594,0.273333
0.9504,18.1301,18.1301,4.61623,83.6928,85.0695,24.3178,4.61623,0.271667
0.9506,18.0892,18.0892,4.63837,83.9042,85.0695,24.3192,4.63837,0.273333
0.9508,18.0387,18.0387,4.64099,83.7174,85.0695,24.3194,4.64099,0.275
0.951,18.0938,18.0938,4.62515,83.6867,85.0695,24.3182,4.62515,0.273333
0.9512,18.1294,18.1294,4.61735,83.7099,85.0695,24.3178,4.61735,0.271667
0.9514,18.0843,18.0843,4.63753,83.8664,85.0695,24.3191,4.63753,0.273333
0.9516,18.0402,18.0402,4.64471,83.7915,85.0695,24.3196,4.64471,0.275
0.9518,18.0943,18.0943,4.62594,83.7031,85.0695,24.3183,4.62594,0.273333
0.952,18.1301,18.1301,4.61623,83.6928,85.0695,24.3178,4.61623,0.271667
0.9522,18.0892,18.0892,4.63837,83.9042,85.0695,24.3192,4.63837,0.273333
0.9524,18.0387,18.0387,4.64099,83.7174,85.0695,24.3194,4.64099,0.275
0.9526,18.0938,18.0938,4.62515,83.6867,85.0695,24.3182,4.62515,0.273333
0.9528,18.1294,18.1294,4.61735,83.7099,85.0695,24.3178,4.61735,0.271667
0.953,18.0843,18.0843,4.63753,83.8664,85.0695,24.3191,4.63753,0.273333
0.9532,18.0402,18.0402,4.64471,83.7915,85.0695,24.3196,4.64471,0.275
0.9534,18.0943,18.0943,4.62594,83.7031,85.0695,24.3183,4.62594,0.273333
0.9536,18.1301,18.1301,4.61623,83.6928,85.0695,24.3178,4.61623,0.271667
0.9538,18.0892,18.0892,4.63837,83.9042,85.0695,24.3192,4.63837,0.273333
0.954,18.0387,18.0387,4.64099,83.7174,85.0695,24.3194,4.64099,0.275
0.9542,18.0938,18.0938,4.62515,83.6867,85.0695,24.3182,4.62515,0.273333
0.9544,18.1294,18.1294,4.61735,83.7099,85.0695,24.3178,4.61735,0.271667
0.9546,18.0843,18.0843,4.63753,83.8664,85.0695,24.3191,4.63753,0.273333
0.9548,18.0402,18.0402,4.64471,83.7915,85.0695,24.3196,4.64471,0.275
0.955,18.0943,18.0943,4.62594,83.7031,85.0695,24.3183,4.62594,0.273333
0.9552,18.1301,18.1301,4.61623,83.6928,85.0695,24.3178,4.61623,0.271667
0.9554,18.0892,18.0892,4.63837,83.9042,85.0695,24.3192,4.63837,0.273333
0.9556,18.0387,18.0387,4.64099,83.7174,85.0695,24.3194,4.64099,0.275
0.9558,18.0938,18.0938,4.62515,83.6867,85.0695,24.3182,4.62515,0.273333
0.956,18.1294,18.1294,4.61735,83.7099,85.0695,24.3178,4.61735,0.271667
0.9562,18.0843,18.0843,4.63753,83.8664,85.0695,24.3191,4.63753,0.273333
0.9564,18.0402,18.0402,4.64471,83.7915,85.0695,24.3196,4.64471,0.275
0.9566,18.0943,18.0943,4.62594,83.7031,85.0695,24.3183,4.62594,0.273333
0.9568,18.1301,18.1301,4.61623,83.6928,85.0695,24.3178,4.61623,0.271667
0.957,18.0892,18.0892,4.63837,83.9042,85.0695,24.3192,4.63837,0.273333
0.9572,18.0387,18.0387,4.64099,83.7174,85.0695,24.3194,4.64099,0.275
0.9574,18.0938,18.0938,4.62515,83.6867,85.0695,24.3182,4.62515,0.273333
0.9576,18.1294,18.1294,4.61735,83.7099,85.0695,24.3178,4.61735,0.271667
0.9578,18.0843,18.0843,4.63753,83.8664,85.0695,24.3191,4.63753,0.273333
0.958,18.0402,18.0402,4.64471,83.7915,85.0695,24.3196,4.64471,0.275
0.9582,18.0943,18.0943,4.62594,83.7031,85.0695,24.3183,4.62594,0.273333
0.9584,18.1301,18.1301,4.61623,83.6928,85.0695,24.3178,4.61623,0.271667
0.9586,18.0892,18.0892,4.63837,83.9042,85.0695,24.3192,4.63837,0.273333
0.9588,18.0387,18.0387,4.64099,83.7174,85.0695,24.3194,4.64099,0.275
0.959,18.0938,18.0938,4.62515,83.6867,85.0695,24.3182,4.62515,0.273333
0.9592,18.1294,18.1294,4.61735,83.7099,85.0695,24.3178,4.61735,0.271667
0.9594,18.0843,18.0843,4.63753,83.8664,85.0695,24.3191,4.63753,0.273333
0.9596,18.0402,18.0402,4.64471,83.7915,85.0695,24.3196,4.64471,0.275
0.9598,18.0943,18.0943,4.62594,83.7031,85.0695,24.3183,4.62594,0.273333
0.96,18.1301,18.1301,4.61623,83.6928,85.0695,24.3178,4.61623,0.271667
0.9602,18.0892,18.0892,4.63837,83.9042,85.0695,24.3192,4.63837,0.273333
0.9604,18.0387,18.0387,4.64099,83.7174,85.0695,24.3194,4.64099,0.275
0.9606,18.0938,18.0938,4.62515,83.6867,85.0695,24.3182,4.62515,0.273333
0.9608,18.1294,18.1294,4.61735,83.7099,85.0695,24.3178,4.61735,0.271667
0.961,18.0843,18.0843,4.63753,83.8664,85.0695,24.3191,4.63753,0.273333
0.9612,18.0402,18.0402,4.64471,83.7915,85.0695,24.3196,4.64471,0.275
0.9614,18.0943,18.0943,4.62594,83.7031,85.0695,24.3183,4.62594,0.273333
0.9616,18.1301,18.1301,4.61623,83.6928,85.0695,24.3178,4.61623,0.271667
0.9618,18.0892,18.0892,4.63837,83.9042,85.0695,24.3192,4.63837,0.273333
0.962,18.0387,18.0387,4.64099,83.7174,85.0695,24.3194,4.64099,0.275
0.9622,18.0938,18.0938,4.62515,83.6867,85.0695,24.3182,4.62515,0.273333
0.9624,18.1294,18.1294,4.61735,83.7099,85.0695,24.3178,4.61735,0.271667
0.9626,18.0843,18.0843,4.63753,83.8664,85.0695,24.3191,4.63753,0.273333
0.9628,18.0402,18.0402,4.64471,83.7915,85.0695,24.3196,4.64471,0.275
0.963,18.0943,18.0943,4.62594,83.7031,85.0695,24.3183,4.62594,0.273333
0.9632,18.1301,18.1301,4.61623,83.6928,85.0695,24.3178,4.61623,0.271667
0.9634,18.0892,18.0892,4.63837,83.9042,85.0695,24.3192,4.63837,0.273333
0.9636,18.0387,18.0387,4.64099,83.7174,85.0695,24.3194,4.64099,0.275
0.9638,18.0938,18.0938,4.62515,83.6867,85.0695,24.3182,4.62515,0.273333
0.964,18.1294,18.1294,4.61735,83.7099,85.0695,24.3178,4.61735,0.271667
0.9642,18.0843,18.0843,4.63753,83.8664,85.0695,24.3191,4.63753,0.273333
0.9644,18.0402,18.0402,4.64471,83.7915,85.0695,24.3196,4.64471,0.275
0.9646,18.0943,18.0943,4.62594,83.7031,85.0695,24.3183,4.62594,0.273333
0.9648,18.1301,18.1301,4.61623,83.6928,85.0695,24.3178,4.61623,0.271667
0.965,18.0892,18.0892,4.63837,83.9042,85.0695,24.3192,4.63837,0.273333
0.9652,18.0387,18.0387,4.64099,83.7174,85.0695,24.3194,4.64099,0.275
0.9654,18.0938,18.0938,4.62515,83.6867,85.0695,24.3182,4.62515,0.273333
0.9656,18.1294,18.1294,4.61735,83.7099,85.0695,24.3178,4.61735,0.271667
0.9658,18.0843,18.0843,4.63753,83.8664,85.0695,24.3191,4.63753,0.273333
0.966,18.0402,18.0402,4.64471,83.7915,85.0695,24.3196,4.64471,0.275
0.9662,18.0943,18.0943,4.62594,83.7031,85.0695,24.3183,4.62594,0.273333
0.9664,18.1301,18.1301,4.61623,83.6928,85.0695,24.3178,4.61623,0.271667
0.9666,18.0892,18.0892,4.63837,83.9042,85.0695,24.3192,4.63837,0.273333
0.9668,18.0387,18.0387,4.64099,83.7174,85.0695,24.3194,4.64099,0.275
0.967,18.0938,18.0938,4.62515,83.6867,85.0695,24.3182,4.62515,0.273333
0.9672,18.1294,18.1294,4.61735,83.7099,85.0695,24.3178,4.61735,0.271667
0.9674,18.0843,18.0843,4.63753,83.8664,85.0695,24.3191,4.63753,0.273333
0.9676,18.0402,18.0402,4.64471,83.7915,85.0695,24.3196,4.64471,0.275
0.9678,18.0943,18.0943,4.62594,83.7031,85.0695,24.3183,4.62594,0.273333
0.968,18.1301,18.1301,4.61623,83.6928,85.0695,24.3178,4.61623,0.271667
0.9682,18.0892,18.0892,4.63837,83.9042,85.0695,24.3192,4.63837,0.273333
0.9684,18.0387,18.0387,4.64099,83.7174,85.0695,24.3194,4.64099,0.275
0.9686,18.0938,18.0938,4.62515,83.6867,85.0695,24.3182,4.62515,0.273333
0.9688,18.1294,18.1294,4.61735,83.7099,85.0695,24.3178,4.61735,0.271667
0.969,18.0843,18.0843,4.63753,83.8664,85.0695,24.3191,4.63753,0.273333
0.9692,18.0402,18.0402,4.64471,83.7915,85.0695,24.3196,4.64471,0.275
0.9694,18.0943,18.0943,4.62594,83.7031,85.0695,24.3183,4.62594,0.273333
0.9696,18.1301,18.1301,4.61623,83.6928,85.0695,24.3178,4.61623,0.271667
0.9698,18.0892,18.0892,4.63837,83.9042,85.0695,24.3192,4.63837,0.273333
0.97,18.0387,18.0387,4.64099,83.7174,85.0695,24.3194,4.64099,0.275
0.9702,18.0938,18.0938,4.62515,83.6867,85.0695,24.3182,4.62515,0.273333
0.9704,18.1294,18.1294,4.61735,83.7099,85.0695,24.3178,4.61735,0.271667
0.9706,18.0843,18.0843,4.63753,83.8664,85.0695,24.3191,4.63753,0.273333
0.9708,18.0402,18.0402,4.64471,83.7915,85.0695,24.3196,4.64471,0.275
0.971,18.0943,18.0943,4.62594,83.7031,85.0695,24.3183,4.62594,0.273333
0.9712,18.1301,18.1301,4.61623,83.6928,85.0695,24.3178,4.61623,0.271667
0.9714,18.0892,18.0892,4.63837,83.9042,85.0695,24.3192,4.63837,0.273333
0.9716,18.0387,18.0387,4.64099,83.7174,85.0695,24.3194,4.64099,0.275
0.9718,18.0938,18.0938,4.62515,83.6867,85.0695,24.3182,4.62515,0.273333
0.972,18.1294,18.1294,4.61735,83.7099,85.0695,24.3178,4.61735,0.271667
0.9722,18.0843,18.0843,4.63753,83.8664,85.0695,24.3191,4.63753,0.273333
0.9724,18.0402,18.0402,4.64471,83.7915,85.0695,24.3196,4.64471,0.275
0.9726,18.0943,18.0943,4.62594,83.7031,85.0695,24.3183,4.62594,0.273333
0.9728,18.1301,18.1301,4.61623,83.6928,85.0695,24.3178,4.61623,0.271667
0.973,18.0892,18.0892,4.63837,83.9042,85.0695,24.3192,4.63837,0.273333
0.9732,18.0387,18.0387,4.64099,83.7174,85.0695,24.3194,4.64099,0.275
0.9734,18.0938,18.0938,4.62515,83.6867,85.0695,24.3182,4.62515,0.273333
0.9736,18.1294,18.1294,4.61735,83.7099,85.0695,24.3178,4.61735,0.271667
0.9738,18.0843,18.0843,4.63753,83.8664,85.0695,24.3191,4.63753,0.273333
0.974,18.0402,18.0402,4.64471,83.7915,85.0695,24.3196,4.64471,0.275
0.9742,18.0943,18.0943,4.62594,83.7031,85.0695,24.3183,4.62594,0.273333
0.9744,18.1301,18.1301,4.61623,83.6928,85.0695,24.3178,4.61623,0.271667
0.9746,18.0892,18.0892,4.63837,83.9042,85.0695,24.3192,4.63837,0.273333
0.9748,18.0387,18.0387,4.64099,83.7174,85.0695,24.3194,4.64099,0.275
0.975,18.0938,18.0938,4.62515,83.6867,85.0695,24.3182,4.62515,0.273333
0.9752,18.1294,18.1294,4.61735,83.7099,85.0695,24.3178,4.61735,0.271667
0.9754,18.0843,18.0843,4.63753,83.8664,85.0695,24.3191,4.63753,0.273333
0.9756,18.0402,18.0402,4.64471,83.7915,85.0695,24.3196,4.64471,0.275
0.9758,18.0943,18.0943,4.62594,83.7031,85.0695,24.3183,4.62594,0.273333
0.976,18.1301,18.1301,4.61623,83.6928,85.0695,24.3178,4.61623,0.271667
0.9762,18.0892,18.0892,4.63837,83.9042,85.0695,24.3192,4.63837,0.273333
0.9764,18.0387,18.0387,4.64099,83.7174,85.0695,24.3194,4.64099,0.275
0.9766,18.0938,18.0938,4.62515,83.6867,85.0695,24.3182,4.62515,0.273333
0.9768,18.1294,18.1294,4.61735,83.7099,85.0695,24.3178,4.61735,0.271667
0.977,18.0843,18.0843,4.63753,83.8664,85.0695,24.3191,4.63753,0.273333
0.9772,18.0402,18.0402,4.64471,83.7915,85.0695,24.3196,4.64471,0.275
0.9774,18.0943,18.0943,4.62594,83.7031,85.0695,24.3183,4.62594,0.273333
0.9776,18.1301,18.1301,4.61623,83.6928,85.0695,24.3178,4.61623,0.271667
0.9778,18.0892,18.0892,4.63837,83.9042,85.0695,24.3192,4.63837,0.273333
0.978,18.0387,18.0387,4.64099,83.7174,85.0695,24.3194,4.64099,0.275
0.9782,18.0938,18.0938,4.62515,83.6867,85.0695,24.3182,4.62515,0.273333
0.9784,18.1294,18.1294,4.61735,83.7099,85.0695,24.3178,4.61735,0.271667
0.9786,18.0843,18.0843,4.63753,83.8664,85.0695,24.3191,4.63753,0.273333
0.9788,18.0402,18.0402,4.64471,83.7915,85.0695,24.3196,4.64471,0.275
0.979,18.0943,18.0943,4.62594,83.7031,85.0695,24.3183,4.62594,0.273333
0.9792,18.1301,18.1301,4.61623,83.6928,85.0695,24.3178,4.61623,0.271667
0.9794,18.0892,18.0892,4.63837,83.9042,85.0695,24.3192,4.63837,0.273333
0.9796,18.0387,18.0387,4.64099,83.7174,85.0695,24.3194,4.64099,0.275
0.9798,18.0938,18.0938,4.62515,83.6867,85.0695,24.3182,4.62515,0.273333
0.98,18.1294,18.1294,4.61735,83.7099,85.0695,24.3178,4.61735,0.271667
0.9802,18.0843,18.0843,4.63753,83.8664,85.0695,24.3191,4.63753,0.273333
0.9804,18.0402,18.0402,4.64471,83.7915,85.0695,24.3196,4.64471,0.275
0.9806,18.0943,18.0943,4.62594,83.7031,85.0695,24.3183,4.62594,0.273333
0.9808,18.1301,18.1301,4.61623,83.6928,85.0695,24.3178,4.61623,0.271667
0.981,18.0892,18.0892,4.63837,83.9042,85.0695,24.3192,4.63837,0.273333
0.9812,18.0387,18.0387,4.64099,83.7174,85.0695,24.3194,4.64099,0.275
0.9814,18.0938,18.0938,4.62515,83.6867,85.0695,24.3182,4.62515,0.273333
0.9816,18.1294,18.1294,4.61735,83.7099,85.0695,24.3178,4.61735,0.271667
0.9818,18.0843,18.0843,4.63753,83.8664,85.0695,24.3191,4.63753,0.273333
0.982,18.0402,18.0402,4.64471,83.7915,85.0695,24.3196,4.64471,0.275
0.9822,18.0943,18.0943,4.62594,83.7031,85.0695,24.3183,4.62594,0.273333
0.9824,18.1301,18.1301,4.61623,83.6928,85.0695,24.3178,4.61623,0.271667
0.9826,18.0892,18.0892,4.63837,83.9042,85.0695,24.3192,4.63837,0.273333
0.9828,18.0387,18.0387,4.64099,83.7174,85.0695,24.3194,4.64099,0.275
0.983,18.0938,18.0938,4.62515,83.6867,85.0695,24.3182,4.62515,0.273333
0.9832,18.1294,18.1294,4.61735,83.7099,85.0695,24.3178,4.61735,0.271667
0.9834,18.0843,18.0843,4.63753,83.8664,85.0695,24.3191,4.63753,0.273333
0.9836,18.0402,18.0402,4.64471,83.7915,85.0695,24.3196,4.64471,0.275
0.9838,18.0943,18.0943,4.62594,83.7031,85.0695,24.3183,4.62594,0.273333
0.984,18.1301,18.1301,4.61623,83.6928,85.0695,24.3178,4.61623,0.271667
0.9842,18.0892,18.0892,4.63837,83.9042,85.0695,24.3192,4.63837,0.273333
0.9844,18.0387,18.0387,4.64099,83.7174,85.0695,24.3194,4.64099,0.275
0.9846,18.0938,18.0938,4.62515,83.6867,85.0695,24.3182,4.62515,0.273333
0.9848,18.1294,18.1294,4.61735,83.7099,85.0695,24.3178,4.61735,0.271667
0.985,18.0843,18.0843,4.63753,83.8664,85.0695,24.3191,4.63753,0.273333
0.9852,18.0402,18.0402,4.64471,83.7915,85.0695,24.3196,4.64471,0.275
0.9854,18.0943,18.0943,4.62594,83.7031,85.0695,24.3183,4.62594,0.273333
0.9856,18.1301,18.1301,4.61623,83.6928,85.0695,24.3178,4.61623,0.271667
0.9858,18.0892,18.0892,4.63837,83.9042,85.0695,24.3192,4.63837,0.273333
0.986,18.0387,18.0387,4.64099,83.7174,85.0695,24.3194,4.64099,0.275
0.9862,18.0938,18.0938,4.62515,83.6867,85.0695,24.3182,4.62515,0.273333
0.9864,18.1294,18.1294,4.61735,83.7099,85.0695,24.3178,4.61735,0.271667
0.9866,18.0843,18.0843,4.63753,83.8664,85.0695,24.3191,4.63753,0.273333
0.9868,18.0402,18.0402,4.64471,83.7915,85.0695,24.3196,4.64471,0.275
0.987,18.0943,18.0943,4.62594,83.7031,85.0695,24.3183,4.62594,0.273333
0.9872,18.1301,18.1301,4.61623,83.6928,85.0695,24.3178,4.61623,0.271667
0.9874,18.0892,18.0892,4.63837,83.9042,85.0695,24.3192,4.63837,0.273333
0.9876,18.0387,18.0387,4.64099,83.7174,85.0695,24.3194,4.64099,0.275
0.9878,18.0938,18.0938,4.62515,83.6867,85.0695,24.3182,4.62515,0.273333
0.988,18.1294,18.1294,4.61735,83.7099,85.0695,24.3178,4.61735,0.271667
0.9882,18.0843,18.0843,4.63753,83.8664,85.0695,24.3191,4.63753,0.273333
0.9884,18.0402,18.0402,4.64471,83.7915,85.0695,24.3196,4.64471,0.275
0.9886,18.0943,18.0943,4.62594,83.7031,85.0695,24.3183,4.62594,0.273333
0.9888,18.1301,18.1301,4.61623,83.6928,85.0695,24.3178,4.61623,0.271667
0.989,18.0892,18.0892,4.63837,83.9042,85.0695,24.3192,4.63837,0.273333
0.9892,18.0387,18.0387,4.64099,83.7174,85.0695,24.3194,4.64099,0.275
0.9894,18.0938,18.0938,4.62515,83.6867,85.0695,24.3182,4.62515,0.273333
0.9896,18.1294,18.1294,4.61735,83.7099,85.0695,24.3178,4.61735,0.271667
0.9898,18.0843,18.0843,4.63753,83.8664,85.0695,24.3191,4.63753,0.273333
0.99,18.0402,18.0402,4.64471,83.7915,85.0695,24.3196,4.64471,0.275
0.9902,18.0943,18.0943,4.62594,83.7031,85.0695,24.3183,4.62594,0.273333
0.9904,18.1301,18.1301,4.61623,83.6928,85.0695,24.3178,4.61623,0.271667
0.9906,18.0892,18.0892,4.63837,83.9042,85.0695,24.3192,4.63837,0.273333
0.9908,18.0387,18.0387,4.64099,83.7174,85.0695,24.3194,4.64099,0.275
0.991,18.0938,18.0938,4.62515,83.6867,85.0695,24.3182,4.62515,0.273333
0.9912,18.1294,18.1294,4.61735,83.7099,85.0695,24.3178,4.61735,0.271667
0.9914,18.0843,18.0843,4.63753,83.8664,85.0695,24.3191,4.63753,0.273333
0.9916,18.0402,18.0402,4.64471,83.7915,85.0695,24.3196,4.64471,0.275
0.9918,18.0943,18.0943,4.62594,83.7031,85.0695,24.3183,4.62594,0.273333
0.992,18.1301,18.1301,4.61623,83.6928,85.0695,24.3178,4.61623,0.271667
0.9922,18.0892,18.0892,4.63837,83.9042,85.0695,24.3192,4.63837,0.273333
0.9924,18.0387,18.0387,4.64099,83.7174,85.0695,24.3194,4.64099,0.275
0.9926,18.0938,18.0938,4.62515,83.6867,85.0695,24.3182,4.62515,0.273333
0.9928,18.1294,18.1294,4.61735,83.7099,85.0695,24.3178,4.61735,0.271667
0.993,18.0843,18.0843,4.63753,83.8664,85.0695,24.3191,4.63753,0.273333
0.9932,18.0402,18.0402,4.64471,83.7915,85.0695,24.3196,4.64471,0.275
0.9934,18.0943,18.0943,4.62594,83.7031,85.0695,24.3183,4.62594,0.273333
0.9936,18.1301,18.1301,4.61623,83.6928,85.0695,24.3178,4.61623,0.271667
0.9938,18.0892,18.0892,4.63837,83.9042,85.0695,24.3192,4.63837,0.273333
0.994,18.0387,18.0387,4.64099,83.7174,85.0695,24.3194,4.64099,0.275
0.9942,18.0938,18.0938,4.62515,83.6867,85.0695,24.3182,4.62515,0.273333
0.9944,18.1294,18.1294,4.61735,83.7099,85.0695,24.3178,4.61735,0.271667
0.9946,18.0843,18.0843,4.63753,83.8664,85.0695,24.3191,4.63753,0.273333
0.9948,18.0402,18.0402,4.64471,83.7915,85.0695,24.3196,4.64471,0.275
0.995,18.0943,18.0943,4.62594,83.7031,85.0695,24.3183,4.62594,0.273333
0.9952,18.1301,18.1301,4.61623,83.6928,85.0695,24.3178,4.61623,0.271667
0.9954,18.0892,18.0892,4.63837,83.9042,85.0695,24.3192,4.63837,0.273333
0.9956,18.0387,18.0387,4.64099,83.7174,85.0695,24.3194,4.64099,0.275
0.9958,18.0938,18.0938,4.62515,83.6867,85.0695,24.3182,4.62515,0.273333
0.996,18.1294,18.1294,4.61735,83.7099,85.0695,24.3178,4.61735,0.271667
0.9962,18.0843,18.0843,4.63753,83.8664,85.0695,24.3191,4.63753,0.273333
0.9964,18.0402,18.0402,4.64471,83.7915,85.0695,24.3196,4.64471,0.275
0.9966,18.0943,18.0943,4.62594,83.7031,85.0695,24.3183,4.62594,0.273333
0.9968,18.1301,18.1301,4.61623,83.6928,85.0695,24.3178,4.61623,0.271667
0.997,18.0892,18.0892,4.63837,83.9042,85.0695,24.3192,4.63837,0.273333
0.9972,18.0387,18.0387,4.64099,83.7174,85.0695,24.3194,4.64099,0.275
0.9974,18.0938,18.0938,4.62515,83.6867,85.0695,24.3182,4.62515,0.273333
0.9976,18.1294,18.1294,4.61735,83.7099,85.0695,24.3178,4.61735,0.271667
0.9978,18.0843,18.0843,4.63753,83.8664,85.0695,24.3191,4.63753,0.273333
0.998,18.0402,18.0402,4.64471,83.7915,85.0695,24.3196,4.64471,0.275
0.9982,18.0943,18.0943,4.62594,83.7031,85.0695,24.3183,4.62594,0.273333
0.9984,18.1301,18.1301,4.61623,83.6928,85.0695,24.3178,4.61623,0.271667
0.9986,18.0892,18.0892,4.63837,83.9042,85.0695,24.3192,4.63837,0.273333
0.9988,18.0387,18.0387,4.64099,83.7174,85.0695,24.3194,4.64099,0.275
0.999,18.0938,18.0938,4.62515,83.6867,85.0695,24.3182,4.62515,0.273333
0.9992,18.1294,18.1294,4.61735,83.7099,85.0695,24.3178,4.61735,0.271667
0.9994,18.0843,18.0843,4.63753,83.8664,85.0695,24.3191,4.63753,0.273333
0.9996,18.0402,18.0402,4.64471,83.7915,85.0695,24.3196,4.64471,0.275
0.9998,18.0943,18.0943,4.62594,83.7031,85.0695,24.3183,4.62594,0.273333
1,18.1301,18.1301,4.61623,83.6928,85.0695,24.3178,4.61623,0.271667
1.0002,18.0892,18.0892,4.63837,83.9042,85.0695,24.3192,4.63837,0.273333
1.0004,17.9923,17.9923,4.62002,83.1246,84.5684,24.3179,4.62002,0.275
1.0006,18.0701,18.0701,4.56638,82.5149,84.0674,24.3141,4.56638,0.273333
1.0008,18.0192,18.0192,4.56654,82.2855,83.5663,24.3141,4.56654,0.275
1.001,18.0286,18.0286,4.52678,81.6113,83.0652,24.3115,4.52678,0.273333
1.0012,18.0092,18.0092,4.50916,81.2062,82.5641,24.3102,4.50916,0.275
1.0014,18.0582,18.0582,4.46225,80.5802,82.063,24.3072,4.46225,0.273333
1.0016,18.0207,18.0207,4.45875,80.3499,81.5619,24.3067,4.45875,0.275
1.0018,18.035,18.035,4.41766,79.6723,81.0609,24.3039,4.41766,0.273333
1.002,18.0033,18.0033,4.40328,79.2735,80.5598,24.3029,4.40328,0.275
1.0022,18.0272,18.0272,4.36559,78.6996,80.0587,24.3006,4.36559,0.273333
1.0024,17.9818,17.9818,4.35217,78.2598,79.5576,24.2994,4.35217,0.275
1.0026,18.0211,18.0211,4.30888,77.6508,79.0565,24.2967,4.30888,0.273333
1.0028,17.981,17.981,4.29948,77.3088,78.5555,24.296,4.29948,0.275
1.003,18.0003,18.0003,4.26062,76.6924,78.0544,24.2932,4.26062,0.273333
1.0032,17.9786,17.9786,4.24667,76.349,77.5533,24.2923,4.24667,0.275
1.0034,17.9954,17.9954,4.20833,75.7307,77.0522,24.2894,4.20833,0.273333
1.0036,17.96,17.96,4.19314,75.3087,76.5511,24.2886,4.19314,0.275
1.0038,18.0032,18.0032,4.14888,74.6931,76.0501,24.2857,4.14888,0.273333
1.004,17.9649,17.9649,4.1406,74.3856,75.549,24.2847,4.1406,0.275
1.0042,17.9944,17.9944,4.09475,73.6828,75.0479,24.2819,4.09475,0.273333
1.0044,17.9668,17.9668,4.08422,73.3804,74.5468,24.2813,4.08422,0.275
1.0046,17.9799,17.9799,4.04441,72.7181,74.0457,24.2786,4.04441,0.273333
1.0048,17.9367,17.9367,4.03614,72.3948,73.5446,24.278,4.03614,0.275
1.005,17.9739,17.9739,3.98868,71.692,73.0436,24.2748,3.98868,0.273333
1.0052,17.9392,17.9392,3.97768,71.3565,72.5425,24.274,3.97768,0.275
1.0054,17.96,17.96,3.937,70.7085,72.0414,24.2712,3.937,0.273333
1.0056,17.953,17.953,3.9165,70.3131,71.5403,24.2698,3.9165,0.273333
1.0058,6.62461,6.62461,4.16,27.5584,71.0392,24.3477,5.31901,0.566667
1.006,16.2369,16.2369,1.73533,28.1764,70.5382,24.1188,1.73533,0.416667
1.0062,20.1186,20.1186,3.01795,60.7169,70.0371,24.2076,3.01795,0.266667
1.0064,20.6607,20.6607,2.25625,46.6156,69.536,24.1565,2.25625,0.116667
1.0066,19.284,19.284,3.58108,69.0576,69.0349,24.2464,3.58108,0.273333
1.0068,12.4975,12.4975,4.01,50.115,68.5338,24.3192,4.68759,0.416667
1.007,18.7974,18.7974,2.3786,44.7115,68.0328,24.164,2.3786,0.283121
1.0072,19.3106,19.3106,3.49553,67.5009,67.5317,24.2406,3.49553,0.269464
1.0074,18.1609,18.1609,3.69907,67.1784,67.0306,24.2549,3.69907,0.259125
1.0076,17.7745,17.7745,3.65356,64.9402,66.5295,24.2516,3.65356,0.273333
1.0078,18.1747,18.1747,3.5455,64.4386,66.0284,24.2444,3.5455,0.266667
1.008,19.5848,19.5848,3.0461,59.6573,65.5274,24.2106,3.0461,0.196932
1.0082,18.2476,18.2476,3.68518,67.2457,65.0263,24.2537,3.68518,0.271562
1.0084,14.6951,14.6951,3.77,55.4007,64.5252,24.2679,3.90113,0.348928
1.0086,18.9214,18.9214,2.82871,53.5232,64.0241,24.1949,2.82871,0.273333
1.0088,19.8157,19.8157,2.90143,57.4941,63.523,24.2005,2.90143,0.201068
1.009,15.8329,15.8329,3.68,58.2651,63.0219,24.2831,4.12817,0.346932
1.0092,17.5687,17.5687,2.75936,48.4784,62.5209,24.1906,2.75936,0.275159
1.0094,19.8841,19.8841,2.82055,56.084,62.0198,24.1948,2.82055,0.210441
1.0096,18.1571,18.1571,3.53946,64.2664,61.5187,24.2439,3.53946,0.273333
1.0098,16.8196,16.8196,3.3825,56.8924,61.0176,24.2331,3.3825,0.290178
1.01,16.5485,16.5485,3.40593,56.363,60.5165,24.234,3.40593,0.325927
1.0102,18.3695,18.3695,3.05708,56.157,60.0155,24.2108,3.05708,0.27428
1.0104,18.9823,18.9823,3.08143,58.4927,59.5144,24.2127,3.08143,0.235383
1.0106,17.6868,17.6868,3.36865,59.5806,59.0133,24.2322,3.36865,0.273333
1.0108,17.3878,17.3878,3.14983,54.7686,58.5122,24.2173,3.14983,0.281877
1.011,20.1366,20.1366,2.40267,48.3815,58.0111,24.1664,2.40267,0.175927
1.0112,18.493,18.493,3.28991,60.8404,57.5101,24.2268,3.28991,0.268413
1.0114,15.1885,15.1885,3.32,50.4258,57.009,24.2325,3.3755,0.326413
1.0116,18.7834,18.7834,2.53015,47.5248,56.5079,24.1746,2.53015,0.273333
1.0118,18.543,18.543,3.16325,58.6561,56.0068,24.2181,3.16325,0.265684
1.012,17.031,17.031,3.09053,52.6348,55.5057,24.2135,3.09053,0.279264
1.0122,18.3813,18.3813,2.814,51.7251,55.0046,24.1943,2.814,0.265874
1.0124,18.7127,18.7127,2.89949,54.2572,54.5036,24.2003,2.89949,0.245136
1.0126,17.5336,17.5336,3.05965,53.6466,54.0025,24.211,3.05965,0.273333
1.0128,17.8607,17.8607,2.79851,49.9833,53.5014,24.1933,2.79851,0.270026
1.013,16.2982,16.2982,3.08,50.1986,53.0003,24.2192,3.18412,0.322038
1.0132,18.0998,18.0998,2.45748,44.4799,52.4992,24.1699,2.45748,0.272401
1.0134,19.487,19.487,2.59164,50.5033,51.9982,24.179,2.59164,0.224923
1.0136,17.498,17.498,2.99,52.3189,51.4971,24.209,3.02632,0.273333
1.0138,17.5605,17.5605,2.59706,45.6058,50.996,24.1796,2.59706,0.271096
1.014,19.0218,19.0218,2.59814,49.4212,50.4949,24.1794,2.59814,0.245407
1.0142,17.3974,17.3974,2.9,50.4524,49.9938,24.2006,2.90253,0.275713
1.0144,18.7182,18.7182,2.36842,44.3324,49.4928,24.1638,2.36842,0.240521
1.0146,17.9258,17.9258,2.84,50.9092,48.9917,24.1972,2.85499,0.273333
1.0148,17.3568,17.3568,2.53044,43.9202,48.4906,24.1751,2.53044,0.270821
1.015,19.0806,19.0806,2.40085,45.8097,47.9895,24.166,2.40085,0.243418
1.0152,17.5387,17.5387,2.75,48.2313,47.4884,24.1919,2.77613,0.272812
1.0154,17.5728,17.5728,2.37915,41.8084,46.9874,24.1646,2.37915,0.270134
1.0156,18.1883,18.1883,2.54808,46.3453,46.4863,24.1761,2.54808,0.273333
1.0158,17.4673,17.4673,2.51561,43.9409,45.9852,24.174,2.51561,0.273333
1.016,6.26533,6.26533,2.63,16.4778,45.4841,24.2425,3.68616,0.566667
1.0162,16.4288,16.4288,0.247989,4.07417,44.983,24.0187,0.247989,0.416667
1.0164,20.5162,20.5162,1.93611,39.7216,44.4819,24.1335,1.93611,0.266667
1.0166,20.8617,20.8617,1.39704,29.1447,43.9809,24.0972,1.39704,0.116667
1.0168,18.4101,18.4101,2.51,46.2094,43.4798,24.1849,2.67779,0.273333
1.017,10.8085,10.8085,2.48,26.8051,42.9787,24.1943,2.82784,0.416667
1.0172,20.6518,20.6518,0.728889,15.0529,42.4776,24.0508,0.728889,0.266667
1.0174,19.314,19.314,2.42,46.7398,41.9765,24.1681,2.43919,0.273026
1.0176,16.6639,16.6639,2.29336,38.2164,41.4755,24.1592,2.29336,0.266667
1.0178,18.2023,18.2023,1.98568,36.144,40.9744,24.1376,1.98568,0.273333
1.018,18.1162,18.1162,2.28124,41.3274,40.4733,24.1579,2.28124,0.266667
1.0182,17.1895,17.1895,2.12597,36.5443,39.9722,24.1475,2.12597,0.273712
1.0184,17.9365,17.9365,2.03878,36.5686,39.4711,24.1412,2.03878,0.27628
1.0186,14.7993,14.7993,2.24,33.1505,38.9701,24.1719,2.48887,0.349475
1.0188,18.5416,18.5416,1.30517,24.1999,38.469,24.0908,1.30517,0.273333
1.019,20.3236,20.3236,1.67164,33.9737,37.9679,24.1159,1.67164,0.195045
1.0192,11.6214,11.6214,2.15,24.986,37.4668,24.2128,3.10602,0.415238
1.0194,18.8642,18.8642,0.184552,3.48143,36.9657,24.0142,0.184552,0.271082
1.0196,19.1488,19.1488,2.09,40.0209,36.4646,24.1621,2.35822,0.3058
1.0198,15.7599,15.7599,1.85812,29.2838,35.9636,24.1295,1.85812,0.273333
1.02,20.4664,20.4664,1.2625,25.8388,35.4625,24.0877,1.2625,0.215249
1.0202,16.2834,16.2834,2,32.5668,34.9614,24.1752,2.53503,0.311759
1.0204,16.9261,16.9261,1.19021,20.1456,34.9614,24.0834,1.19021,0.273169
1.0206,20.2475,20.2475,1.62911,32.9853,34.9614,24.1128,1.62911,0.226385
1.0208,16.9005,16.9005,2,33.801,34.9614,24.1542,2.22549,0.273333
1.021,13.6719,13.6719,1.8813,25.7211,34.9614,24.1304,1.8813,0.365249
1.0212,14.9966,14.9966,1.72728,25.9034,34.9614,24.1191,1.72728,0.407096
1.0214,19.5073,19.5073,1.4738,28.7499,34.9614,24.102,1.4738,0.27398
1.0216,18.4027,18.4027,2,36.8054,34.9614,24.143,2.06446,0.248495
1.0218,16.7902,16.7902,1.83798,30.8601,34.9614,24.1278,1.83798,0.273333
1.022,20.0469,20.0469,1.41095,28.2851,34.9614,24.098,1.41095,0.215249
1.0222,18.0337,18.0337,2,36.0673,34.9614,24.1498,2.16167,0.257096
1.0224,16.7485,16.7485,1.72613,28.91,34.9614,24.1201,1.72613,0.273466
1.0226,16.5394,16.5394,2,33.0788,34.9614,24.1397,2.01867,0.327564
1.0228,18.0267,18.0267,1.5662,28.2334,34.9614,24.1088,1.5662,0.273333
1.023,20.1866,20.1866,1.53333,30.9527,34.9614,24.1064,1.53333,0.196348
1.0232,14.8054,14.8054,2,29.6108,34.9614,24.1775,2.57157,0.33493
1.0234,17.8106,17.8106,0.906965,16.1536,34.9614,24.0639,0.906965,0.272666
1.0236,19.8083,19.8083,1.88344,37.3077,34.9614,24.1302,1.88344,0.246207
1.0238,16.4587,16.4587,2,32.9173,34.9614,24.1458,2.10024,0.273333
1.024,20.5021,20.5021,1.09256,22.3997,34.9614,24.0761,1.09256,0.18898
1.0242,9.90373,9.90373,2,19.8075,34.9614,24.2368,3.50854,0.48493
1.0244,17.2987,17.2987,0,0,34.9614,24.0012,-5.04596e-06,0.273486
1.0246,20.9018,20.9018,1.33272,27.8562,34.9614,24.0923,1.33272,0.224575
1.0248,17.3852,17.3852,2,34.7703,34.9614,24.1598,2.30695,0.273333
1.025,14.1731,14.1731,1.80121,25.5288,34.9614,24.1252,1.80121,0.33898
1.0252,17.7079,17.7079,1.56092,27.6406,34.9614,24.1079,1.56092,0.33493
1.0254,18.3033,18.3033,1.99532,36.5209,34.9614,24.1382,1.99532,0.273781
1.0256,16.7481,16.7481,1.89348,31.7121,34.9614,24.1315,1.89348,0.280382
1.0258,18.1986,18.1986,1.67723,30.5233,34.9614,24.1164,1.67723,0.273333
1.026,17.8014,17.8014,2,35.6029,34.9614,24.1395,2.0115,0.273333
1.0262,5.57031,5.57031,2,11.1406,34.9614,24.2006,3.04822,0.566667
1.0264,15.3625,15.3625,0.031181,0.479018,34.9614,24.0045,0.031181,0.416667
1.0266,20.6404,20.6404,1.57798,32.5702,34.9614,24.1089,1.57798,0.266667
1.0268,20.9121,20.9121,1.09129,22.8212,34.9614,24.0761,1.09129,0.116667
1.027,17.9044,17.9044,2,35.8087,34.9614,24.16,2.31465,0.273333
1.0272,10.7168,10.7168,2,21.4336,34.9614,24.1526,2.20782,0.416667
1.0274,20.9876,20.9876,0.383651,8.0519,34.9614,24.0271,0.383651,0.266667
1.0276,19.3063,19.3063,2,38.6126,34.9614,24.1469,2.12668,0.26732
1.0278,16.353,16.353,1.89451,30.9808,34.9614,24.1318,1.89451,0.266667
1.028,18.4404,18.4404,1.61039,29.6964,34.9614,24.1117,1.61039,0.273333
1.0282,18.0358,18.0358,2,36.0716,34.9614,24.141,2.03577,0.266667
1.0284,16.9981,16.9981,1.80945,30.7571,34.9614,24.1258,1.80945,0.275422
1.0286,18.1023,18.1023,1.78209,32.2601,34.9614,24.1236,1.78209,0.276944
1.0288,14.5028,14.5028,2,29.0056,34.9614,24.1597,2.31274,0.354107
1.029,18.6065,18.6065,1.02673,19.1039,34.9614,24.0718,1.02673,0.273333
1.0292,20.3619,20.3619,1.56292,31.8241,34.9614,24.1084,1.56292,0.199388
1.0294,16.8956,16.8956,2,33.7911,34.9614,24.1569,2.26541,0.276293
1.0296,17.0106,17.0106,1.49475,25.4266,34.9614,24.1042,1.49475,0.278613
1.0298,19.764,19.764,1.70056,33.6098,34.9614,24.1178,1.70056,0.238297
1.03,16.9331,16.9331,2,33.8662,34.9614,24.1504,2.16979,0.273333
1.0302,16.7534,16.7534,1.61252,27.0151,34.9614,24.1122,1.61252,0.290487
1.0304,18.7047,18.7047,1.83788,34.377,34.9614,24.1272,1.83788,0.275057
1.0306,17.5687,17.5687,1.94948,34.2499,34.9614,24.1353,1.94948,0.262349
1.0308,20.0898,20.0898,1.36964,27.5158,34.9614,24.0952,1.36964,0.194021
1.031,17.5448,17.5448,2,35.0896,34.9614,24.1573,2.27419,0.273333
1.0312,16.3834,16.3834,1.61651,26.4839,34.9614,24.1126,1.61651,0.28346
1.0314,18.9813,18.9813,1.76427,33.4881,34.9614,24.1221,1.76427,0.272604
1.0316,17.058,17.058,2,34.1159,34.9614,24.1445,2.0844,0.276315
1.0318,17.5315,17.5315,1.61661,28.3415,34.9614,24.1124,1.61661,0.27386
1.032,18.3218,18.3218,1.94542,35.6437,34.9614,24.1346,1.94542,0.273333
1.0322,17.2715,17.2715,1.87601,32.4014,34.9614,24.1302,1.87601,0.269233
1.0324,17.9068,17.9068,1.7752,31.7882,34.9614,24.1233,1.7752,0.273629
1.0326,17.4774,17.4774,1.96149,34.2819,34.9614,24.1361,1.96149,0.281043
1.0328,16.0425,16.0425,1.93277,31.0064,34.9614,24.134,1.93277,0.313568
1.033,18.5393,18.5393,1.53512,28.4601,34.9614,24.1065,1.53512,0.273333
1.0332,18.2703,18.2703,2,36.5405,34.9614,24.1418,2.04861,0.262626
1.0334,16.8739,16.8739,1.82886,30.8599,34.9614,24.1271,1.82886,0.273752
1.0336,18.5151,18.5151,1.7012,31.4979,34.9614,24.118,1.7012,0.266285
1.0338,18.4293,18.4293,1.91105,35.2193,34.9614,24.1325,1.91105,0.248762
1.034,17.1238,17.1238,1.92897,33.0313,34.9614,24.1339,1.92897,0.273333
1.0342,17.7535,17.7535,1.73361,30.7776,34.9614,24.1203,1.73361,0.276949
1.0344,17.9223,17.9223,1.92536,34.5068,34.9614,24.1334,1.92536,0.27382
1.0346,17.712,17.712,1.80877,32.037,34.9614,24.1256,1.80877,0.265411
1.0348,18.4672,18.4672,1.78772,33.0141,34.9614,24.124,1.78772,0.254723
1.035,17.4024,17.4024,1.99587,34.7329,34.9614,24.1384,1.99587,0.273333
1.0352,17.9799,17.9799,1.67384,30.0955,34.9614,24.1163,1.67384,0.262093
1.0354,17.8568,17.8568,1.99717,35.663,34.9614,24.1383,1.99717,0.275847
1.0356,17.4447,17.4447,1.77404,30.9476,34.9614,24.1232,1.77404,0.268885
1.0358,18.4823,18.4823,1.79454,33.1673,34.9614,24.1244,1.79454,0.260764
1.036,17.3823,17.3823,1.99296,34.6422,34.9614,24.1382,1.99296,0.273333
1.0362,17.5716,17.5716,1.72319,30.2792,34.9614,24.1197,1.72319,0.273333
1.0364,6.47882,6.47882,2,12.9576,34.9614,24.2102,3.19941,0.566667
1.0366,14.9283,14.9283,0.0152327,0.227398,34.9614,24.0035,0.0152327,0.416667
1.0368,20.7031,20.7031,1.53628,31.8057,34.9614,24.106,1.53628,0.266667
1.037,20.9323,20.9323,1.08287,22.667,34.9614,24.0756,1.08287,0.116667
1.0372,17.9198,17.9198,2,35.8396,34.9614,24.1601,2.31333,0.273333
1.0374,10.7054,10.7054,2,21.4109,34.9614,24.1527,2.21189,0.416667
1.0376,20.9888,20.9888,0.379655,7.96849,34.9614,24.0269,0.379655,0.266667
1.0378,19.0676,19.0676,2,38.1352,34.9614,24.1529,2.21675,0.277277
1.038,20.6051,20.6051,1.10368,22.7414,34.9614,24.0771,1.10368,0.130134
1.0382,17.9521,17.9521,2,35.9041,34.9614,24.1596,2.30543,0.273333
1.0384,14.7084,14.7084,1.80204,26.5051,34.9614,24.1256,1.80204,0.316697
1.0386,15.8559,15.8559,1.82002,28.8582,34.9614,24.1254,1.82002,0.3732
1.0388,18.829,18.829,1.57707,29.6946,34.9614,24.1093,1.57707,0.275048
1.039,17.424,17.424,2,34.848,34.9614,24.15,2.16478,0.280134
1.0392,17.1308,17.1308,1.62367,27.8147,34.9614,24.113,1.62367,0.273333
1.0394,19.1199,19.1199,1.77988,34.0312,34.9614,24.1233,1.77988,0.254832
1.0396,15.6363,15.6363,2,31.2726,34.9614,24.1563,2.2545,0.310208
1.0398,18.1382,18.1382,1.25225,22.7136,34.9614,24.0873,1.25225,0.27085
1.04,15.7853,15.7853,2,31.5706,34.9614,24.1793,2.6042,0.354659
1.0402,17.0735,17.0735,1.05796,18.0632,34.9614,24.0744,1.05796,0.273333
1.0404,19.95,19.95,1.80081,35.926,34.9614,24.1245,1.80081,0.245077
1.0406,17.6963,17.6963,1.9949,35.3023,34.9614,24.1385,1.9949,0.243922
1.0408,17.4493,17.4493,1.76346,30.7711,34.9614,24.1225,1.76346,0.271661
1.041,16.5378,16.5378,2,33.0756,34.9614,24.1419,2.04834,0.313732
1.0412,17.9708,17.9708,1.54821,27.8226,34.9614,24.1076,1.54821,0.273333
1.0414,17.7109,17.7109,2,35.4218,34.9614,24.1461,2.11075,0.287363
1.0416,17.911,17.911,1.61196,28.8717,34.9614,24.1122,1.61196,0.251929
1.0418,17.9938,17.9938,2,35.9875,34.9614,24.1398,2.01924,0.276416
1.042,18.8145,18.8145,1.58958,29.9071,34.9614,24.1105,1.58958,0.227377
1.0422,17.6563,17.6563,2,35.3126,34.9614,24.1467,2.11845,0.273333
1.0424,18.9701,18.9701,1.46246,27.7432,34.9614,24.1018,1.46246,0.222592
1.0426,18.0821,18.0821,2,36.1642,34.9614,24.1476,2.13098,0.265991
1.0428,16.8846,16.8846,1.74214,29.4153,34.9614,24.1212,1.74214,0.271397
1.043,20.2174,20.2174,1.42456,28.8009,34.9614,24.0989,1.42456,0.209515
1.0432,17.3906,17.3906,2,34.7812,34.9614,24.1571,2.26968,0.273333
1.0434,19.4977,19.4977,1.23821,24.1422,34.9614,24.0864,1.23821,0.202089
1.0436,17.6547,17.6547,2,35.3095,34.9614,24.1609,2.3274,0.285198
1.0438,16.6096,16.6096,1.55518,25.8308,34.9614,24.1085,1.55518,0.272518
1.044,17.7473,17.7473,2,35.4946,34.9614,24.1388,2.0104,0.308675
1.0442,17.3233,17.3233,1.77173,30.6923,34.9614,24.123,1.77173,0.273333
1.0444,15.0978,15.0978,2,30.1956,34.9614,24.1511,2.18973,0.352089
1.0446,18.7133,18.7133,1.18958,22.261,34.9614,24.0829,1.18958,0.26808
1.0448,18.3826,18.3826,2,36.7651,34.9614,24.153,2.21396,0.275801
1.045,16.0804,16.0804,1.78094,28.6382,34.9614,24.124,1.78094,0.281877
1.0452,18.8316,18.8316,1.62909,30.6783,34.9614,24.1129,1.62909,0.273333
1.0454,16.9087,16.9087,2,33.8175,34.9614,24.1523,2.19736,0.291007
1.0456,17.4947,17.4947,1.5041,26.3138,34.9614,24.1048,1.5041,0.269969
1.0458,18.5001,18.5001,1.99434,36.8955,34.9614,24.1379,1.99434,0.27466
1.046,19.1886,19.1886,1.5812,30.3411,34.9614,24.11,1.5812,0.209052
1.0462,17.4769,17.4769,2,34.9538,34.9614,24.1498,2.16071,0.273333
1.0464,17.1168,17.1168,1.63586,28.0006,34.9614,24.1139,1.63586,0.273333
1.0466,7.00825,7.00825,2,14.0165,34.9614,24.2096,3.17968,0.566667
1.0468,14.9866,14.9866,0.0169985,0.25475,34.9614,24.0036,0.0169985,0.416667
1.047,20.6953,20.6953,1.5417,31.9059,34.9614,24.1064,1.5417,0.266667
1.0472,20.9299,20.9299,1.08343,22.676,34.9614,24.0756,1.08343,0.116667
1.0474,17.9175,17.9175,2,35.835,34.9614,24.1603,2.31599,0.273333
1.0476,10.6976,10.6976,2,21.3953,34.9614,24.1525,2.20708,0.416667
1.0478,20.9915,20.9915,0.380254,7.98208,34.9614,24.0269,0.380254,0.266667
1.048,19.2082,19.2082,2,38.4164,34.9614,24.1494,2.16566,0.271386
1.0482,19.4824,19.4824,1.43797,28.0151,34.9614,24.1002,1.43797,0.178393
1.0484,17.6525,17.6525,2,35.3049,34.9614,24.1538,2.22341,0.273333
1.0486,16.2507,16.2507,1.68769,27.426,34.9614,24.1175,1.68769,0.288472
1.0488,16.8817,16.8817,1.96685,33.2037,34.9614,24.1359,1.96685,0.329342
1.049,17.8721,17.8721,1.66333,29.7271,34.9614,24.1155,1.66333,0.275279
1.0492,16.8418,16.8418,2,33.6836,34.9614,24.1474,2.13078,0.305473
1.0494,17.5764,17.5764,1.5487,27.2206,34.9614,24.1078,1.5487,0.273333
1.0496,19.9392,19.9392,1.63092,32.5191,34.9614,24.1131,1.63092,0.217569
1.0498,14.3972,14.3972,2,28.7944,34.9614,24.1757,2.54534,0.341272
1.05,18.0088,18.0088,0.864661,15.5715,34.9614,24.0609,0.864661,0.275652
1.0502,18.6305,18.6305,2,37.261,34.9614,24.1584,2.29702,0.294643
1.0504,16.0404,16.0404,1.73114,27.7682,34.9614,24.1207,1.73114,0.273333
1.0506,20.4183,20.4183,1.32513,27.0568,34.9614,24.092,1.32513,0.216316
1.0508,19.4808,19.4808,1.83086,35.6666,34.9614,24.127,1.83086,0.208908
1.051,16.9754,16.9754,2,33.9509,34.9614,24.1433,2.06556,0.267442
1.0512,18.6023,18.6023,1.49768,27.8602,34.9614,24.1042,1.49768,0.247727
1.0514,17.9579,17.9579,2,35.9157,34.9614,24.1472,2.12727,0.273333
1.0516,17.9133,17.9133,1.61802,28.984,34.9614,24.1126,1.61802,0.246777
1.0518,20.3945,20.3945,1.42507,29.0636,34.9614,24.099,1.42507,0.184829
1.052,17.5233,17.5233,2,35.0467,34.9614,24.1554,2.24257,0.267681
1.0522,15.6311,15.6311,1.72321,26.9357,34.9614,24.12,1.72321,0.304613
1.0524,19.1908,19.1908,1.58476,30.4128,34.9614,24.1097,1.58476,0.273333
1.0526,16.5264,16.5264,2,33.0528,34.9614,24.1586,2.2935,0.298787
1.0528,14.9323,14.9323,1.64613,24.5804,34.9614,24.1145,1.64613,0.334829
1.053,19.5362,19.5362,1.52989,29.8882,34.9614,24.1058,1.52989,0.278626
1.0532,15.6844,15.6844,2,31.3689,34.9614,24.1696,2.45116,0.319492
1.0534,17.5197,17.5197,1.14066,19.984,34.9614,24.0799,1.14066,0.273333
1.0536,18.9881,18.9881,2,37.9762,34.9614,24.1448,2.09786,0.276047
1.0538,19.5078,19.5078,1.47083,28.6925,34.9614,24.1024,1.47083,0.184829
1.054,17.5084,17.5084,2,35.0168,34.9614,24.1544,2.22924,0.274964
1.0542,18.0681,18.0681,1.46982,26.5568,34.9614,24.1025,1.46982,0.243452
1.0544,18.2947,18.2947,2,36.5895,34.9614,24.1434,2.07366,0.273333
1.0546,17.2805,17.2805,1.76508,30.5015,34.9614,24.1227,1.76508,0.261534
1.0548,17.4993,17.4993,1.91932,33.5868,34.9614,24.1329,1.91932,0.290967
1.055,18.0259,18.0259,1.7409,31.3813,34.9614,24.1209,1.7409,0.264162
1.0552,16.2839,16.2839,2,32.5678,34.9614,24.1482,2.14282,0.312789
1.0554,17.9069,17.9069,1.44538,25.8822,34.9614,24.1006,1.44538,0.273333
1.0556,18.6881,18.6881,2,37.3762,34.9614,24.1392,2.01054,0.264609
1.0558,17.7557,17.7557,1.78792,31.7458,34.9614,24.1243,1.78792,0.246699
1.056,17.3876,17.3876,1.95079,33.9195,34.9614,24.1352,1.95079,0.285372
1.0562,17.0564,17.0564,1.81812,31.0107,34.9614,24.1262,1.81812,0.28953
1.0564,18.1805,18.1805,1.77129,32.2028,34.9614,24.1228,1.77129,0.273333
1.0566,17.6185,17.6185,1.96383,34.5997,34.9614,24.1362,1.96383,0.273333
1.0568,5.81149,5.81149,2,11.623,34.9614,24.2006,3.04715,0.566667
1.057,15.4063,15.4063,0.0339293,0.522724,34.9614,24.0047,0.0339293,0.416667
1.0572,20.6362,20.6362,1.58028,32.611,34.9614,24.109,1.58028,0.266667
1.0574,20.9119,20.9119,1.09126,22.8202,34.9614,24.0761,1.09126,0.116667
1.0576,17.9078,17.9078,2,35.8156,34.9614,24.16,2.31295,0.273333
1.0578,9.25259,9.25259,2,18.5052,34.9614,24.1619,2.36649,0.453225
1.058,17.8024,17.8024,0.503367,8.96115,34.9614,24.0358,0.503367,0.377075
1.0582,19.6461,19.6461,2,39.2922,34.9614,24.1406,2.03768,0.27335
1.0584,18.328,18.328,1.73306,31.7634,34.9614,24.1206,1.73306,0.215472
1.0586,17.6106,17.6106,2,35.2212,34.9614,24.139,2.00372,0.273333
1.0588,16.2486,16.2486,1.88346,30.6035,34.9614,24.1307,1.88346,0.303225
1.059,19.9483,19.9483,1.36893,27.3078,34.9614,24.0951,1.36893,0.227075
1.0592,17.4917,17.4917,2,34.9834,34.9614,24.1583,2.28601,0.276687
1.0594,16.2884,16.2884,1.61041,26.231,34.9614,24.1122,1.61041,0.285747
1.0596,19.0301,19.0301,1.75358,33.3708,34.9614,24.1213,1.75358,0.273333
1.0598,19.8296,19.8296,1.58334,31.397,34.9614,24.11,1.58334,0.188767
1.06,13.1473,13.1473,2,26.2946,34.9614,24.188,2.7281,0.377075
1.0602,18.3182,18.3182,0.529021,9.69069,34.9614,24.0379,0.529021,0.276514
1.0604,19.2985,19.2985,2,38.5969,34.9614,24.149,2.16095,0.281389
1.0606,16.0098,16.0098,1.90545,30.5059,34.9614,24.1326,1.90545,0.273333
1.0608,20.887,20.887,1.04119,21.7473,34.9614,24.0725,1.04119,0.182844
1.061,13.4871,13.4871,2,26.9742,34.9614,24.2102,3.06752,0.395968
1.0612,17.3086,17.3086,0.353154,6.1126,34.9614,24.0261,0.353154,0.274586
1.0614,21.4617,21.4617,0.774592,16.624,34.9614,24.0541,0.774592,0.159468
1.0616,18.4237,18.4237,2,36.8474,34.9614,24.1584,2.29358,0.273333
1.0618,19.4508,19.4508,1.30868,25.4548,34.9614,24.0913,1.30868,0.184938
1.062,18.7785,18.7785,2,37.5569,34.9614,24.1423,2.05561,0.245968
1.0622,16.5243,16.5243,1.90326,31.4499,34.9614,24.1323,1.90326,0.274611
1.0624,20.8326,20.8326,1.08591,22.6224,34.9614,24.0756,1.08591,0.175737
1.0626,17.9349,17.9349,2,35.8697,34.9614,24.1601,2.31277,0.273333
1.0628,19.0397,19.0397,1.31721,25.0792,34.9614,24.0919,1.31721,0.204514
1.063,20.2739,20.2739,1.54435,31.3101,34.9614,24.1072,1.54435,0.186078
1.0632,17.0969,17.0969,2,34.1939,34.9614,24.1556,2.24636,0.273224
1.0634,15.0552,15.0552,1.73913,26.1828,34.9614,24.1209,1.73913,0.325737
1.0636,19.4759,19.4759,1.47455,28.7181,34.9614,24.1021,1.47455,0.273333
1.0638,19.2218,19.2218,1.87465,36.0341,34.9614,24.13,1.87465,0.220745
1.064,18.3354,18.3354,1.83272,33.6036,34.9614,24.1273,1.83272,0.230887
1.0642,17.1704,17.1704,1.98312,34.051,34.9614,24.1375,1.98312,0.278914
1.0644,15.3743,15.3743,1.95283,30.0234,34.9614,24.1352,1.95283,0.333658
1.0646,18.8902,18.8902,1.40624,26.5642,34.9614,24.0976,1.40624,0.273333
1.0648,18.9619,18.9619,1.97522,37.454,34.9614,24.1368,1.97522,0.241642
1.065,14.3338,14.3338,2,28.6675,34.9614,24.1545,2.22704,0.332575
1.0652,18.939,18.939,1.04904,19.8678,34.9614,24.0732,1.04904,0.27236
1.0654,17.2046,17.2046,2,34.4092,34.9614,24.1737,2.51737,0.31658
1.0656,16.3857,16.3857,1.35867,22.2628,34.9614,24.0951,1.35867,0.273333
1.0658,19.5399,19.5399,1.82012,35.5649,34.9614,24.1258,1.82012,0.265487
1.066,17.7942,17.7942,1.96013,34.8788,34.9614,24.1361,1.96013,0.245318
1.0662,17.5528,17.5528,1.7884,31.3915,34.9614,24.1242,1.7884,0.269412
1.0664,18.593,18.593,1.77414,32.9867,34.9614,24.123,1.77414,0.254742
1.0666,17.3568,17.3568,2,34.7137,34.9614,24.1401,2.01886,0.273333
1.0668,17.5262,17.5262,1.70242,29.8369,34.9614,24.1183,1.70242,0.273333
1.067,6.56721,6.56721,2,13.1344,34.9614,24.2112,3.20402,0.566667
1.0672,14.9191,14.9191,0.0149302,0.222746,34.9614,24.0035,0.0149302,0.416667
1.0674,20.7053,20.7053,1.53551,31.7931,34.9614,24.1059,1.53551,0.266667
1.0676,20.9348,20.9348,1.08103,22.6312,34.9614,24.0754,1.08103,0.116667
1.0678,17.9192,17.9192,2,35.8385,34.9614,24.1602,2.31675,0.273333
1.068,10.6814,10.6814,2,21.3628,34.9614,24.1526,2.20881,0.416667
1.0682,17.2836,17.2836,0.860203,14.8674,34.9614,24.06,0.860203,0.377107
1.0684,19.3675,19.3675,2,38.735,34.9614,24.1437,2.08306,0.277305
1.0686,16.4446,16.4446,1.92786,31.7028,34.9614,24.1342,1.92786,0.266667
1.0688,18.3025,18.3025,1.60698,29.4117,34.9614,24.1115,1.60698,0.273333
1.069,18.1268,18.1268,2,36.2537,34.9614,24.1399,2.01927,0.266667
1.0692,18.7499,18.7499,1.609,30.1687,34.9614,24.1119,1.609,0.227107
1.0694,17.4352,17.4352,2,34.8705,34.9614,24.148,2.13829,0.27923
1.0696,14.4287,14.4287,1.93558,27.9278,34.9614,24.1342,1.93558,0.342923
1.0698,19.4671,19.4671,1.25201,24.373,34.9614,24.0869,1.25201,0.273333
1.07,20.0577,20.0577,1.64995,33.0942,34.9614,24.1145,1.64995,0.195639
1.0702,18.4138,18.4138,1.96453,36.1744,34.9614,24.1363,1.96453,0.231119
1.0704,17.1424,17.1424,1.87911,32.2126,34.9614,24.1305,1.87911,0.269968
1.0706,16.9703,16.9703,1.8717,31.7632,34.9614,24.1297,1.8717,0.30044
1.0708,18.108,18.108,1.72565,31.2481,34.9614,24.1198,1.72565,0.273333
1.071,17.7632,17.7632,1.97513,35.0847,34.9614,24.1369,1.97513,0.273074
1.0712,18.0595,18.0595,1.71096,30.8991,34.9614,24.1189,1.71096,0.255447
1.0714,17.4976,17.4976,2,34.9951,34.9614,24.14,2.02197,0.282031
1.0716,17.6627,17.6627,1.69678,29.9697,34.9614,24.1179,1.69678,0.267278
1.0718,18.0776,18.0776,1.92928,34.8768,34.9614,24.1336,1.92928,0.273333
1.072,16.1296,16.1296,2,32.2593,34.9614,24.1387,2.00105,0.30357
1.0722,18.8438,18.8438,1.44543,27.2373,34.9614,24.1004,1.44543,0.259083
1.0724,17.6453,17.6453,2,35.2907,34.9614,24.1535,2.2179,0.281824
1.0726,17.6204,17.6204,1.54339,27.1952,34.9614,24.1076,1.54339,0.253726
1.0728,18.3956,18.3956,1.9894,36.5961,34.9614,24.1376,1.9894,0.273333
1.073,15.9426,15.9426,1.99326,31.7778,34.9614,24.1383,1.99326,0.299696
1.0732,20.2217,20.2217,1.20316,24.33,34.9614,24.0837,1.20316,0.216197
1.0734,17.7809,17.7809,2,35.5618,34.9614,24.1595,2.30659,0.275854
1.0736,15.7855,15.7855,1.67364,26.4192,34.9614,24.1166,1.67364,0.292792
1.0738,19.1882,19.1882,1.63806,31.4313,34.9614,24.1134,1.63806,0.273333
1.074,18.3575,18.3575,1.98084,36.3633,34.9614,24.1373,1.98084,0.244686
1.0742,19.0717,19.0717,1.60231,30.5587,34.9614,24.1114,1.60231,0.21563
1.0744,17.547,17.547,2,35.0941,34.9614,24.148,2.13617,0.271883
1.0746,18.4501,18.4501,1.50668,27.7985,34.9614,24.1049,1.50668,0.238222
1.0748,18.0155,18.0155,2,36.031,34.9614,24.1458,2.10771,0.273333
1.075,18.4797,18.4797,1.5671,28.9595,34.9614,24.1091,1.5671,0.23162
1.0752,17.8225,17.8225,2,35.6449,34.9614,24.1455,2.10051,0.275078
1.0754,16.8453,16.8453,1.74978,29.4755,34.9614,24.1217,1.74978,0.278445
1.0756,19.6345,19.6345,1.57217,30.8689,34.9614,24.109,1.57217,0.234965
1.0758,17.2858,17.2858,2,34.5717,34.9614,24.1526,2.20298,0.273333
1.076,17.5434,17.5434,1.5309,26.8572,34.9614,24.1066,1.5309,0.262344
1.0762,18.7094,18.7094,1.94061,36.3078,34.9614,24.1343,1.94061,0.265628
1.0764,16.7082,16.7082,1.97348,32.9732,34.9614,24.1371,1.97348,0.278654
1.0766,18.138,18.138,1.61251,29.2477,34.9614,24.112,1.61251,0.270936
1.0768,17.9715,17.9715,2,35.943,34.9614,24.1407,2.03218,0.273333
1.077,17.1139,17.1139,1.79193,30.6669,34.9614,24.1246,1.79193,0.273333
1.0772,6.59591,6.59591,2,13.1918,34.9614,24.2032,3.07826,0.566667
1.0774,15.3705,15.3705,0.0317963,0.488727,34.9614,24.0045,0.0317963,0.416667
1.0776,20.6401,20.6401,1.57749,32.5596,34.9614,24.1088,1.57749,0.266667
1.0778,20.9144,20.9144,1.08933,22.7828,34.9614,24.076,1.08933,0.116667
1.078,17.9157,17.9157,2,35.8314,34.9614,24.16,2.31409,0.273333
1.0782,10.7188,10.7188,2,21.4375,34.9614,24.1526,2.20884,0.416667
1.0784,18.7725,18.7725,0.701069,13.1608,34.9614,24.0491,0.701069,0.337962
1.0786,19.0492,19.0492,2,38.0984,34.9614,24.1516,2.19705,0.276999
1.0788,16.3333,16.3333,1.82157,29.7522,34.9614,24.1269,1.82157,0.266667
1.079,18.5993,18.5993,1.65019,30.6923,34.9614,24.1144,1.65019,0.273333
1.0792,15.8297,15.8297,2,31.6595,34.9614,24.1598,2.30872,0.32121
1.0794,20.5649,20.5649,0.874025,17.9742,34.9614,24.0611,0.874025,0.187962
1.0796,18.2523,18.2523,2,36.5046,34.9614,24.1606,2.32552,0.278633
1.0798,13.017,13.017,1.98597,25.8514,34.9614,24.1381,1.98597,0.353045
1.08,20.1101,20.1101,0.967671,19.4599,34.9614,24.0673,0.967671,0.273333
1.0802,20.4084,20.4084,1.51431,30.9048,34.9614,24.1051,1.51431,0.184564
1.0804,16.9655,16.9655,2,33.931,34.9614,24.1581,2.28136,0.27751
1.0806,17.12,17.12,1.4741,25.2366,34.9614,24.1028,1.4741,0.273586
1.0808,20.42,20.42,1.46165,29.8468,34.9614,24.1014,1.46165,0.203045
1.081,17.2372,17.2372,2,34.4745,34.9614,24.1572,2.27082,0.273333
1.0812,15.1941,15.1941,1.71268,26.0226,34.9614,24.1193,1.71268,0.318508
1.0814,13.6147,13.6147,2,27.2294,34.9614,24.15,2.19488,0.42751
1.0816,19.3602,19.3602,0.951068,18.4128,34.9614,24.0664,0.951068,0.2745
1.0818,18.2713,18.2713,2,36.5425,34.9614,24.1604,2.32397,0.28458
1.082,16.2112,16.2112,1.65819,26.8813,34.9614,24.1157,1.65819,0.273333
1.0822,16.2422,16.2422,2,32.4843,34.9614,24.1423,2.06484,0.348154
1.0824,17.9523,17.9523,1.50567,27.0302,34.9614,24.1046,1.50567,0.27751
1.0826,18.1612,18.1612,2,36.3225,34.9614,24.143,2.06769,0.276871
1.0828,15.1303,15.1303,1.99479,30.1818,34.9614,24.1384,1.99479,0.318796
1.083,18.9475,18.9475,1.33984,25.3866,34.9614,24.0931,1.33984,0.273333
1.0832,18.4917,18.4917,2,36.9834,34.9614,24.1466,2.11632,0.260336
1.0834,17.8277,17.8277,1.67596,29.8785,34.9614,24.1166,1.67596,0.240937
1.0836,17.9575,17.9575,1.97049,35.3852,34.9614,24.1366,1.97049,0.27522
1.0838,15.8226,15.8226,1.99018,31.49,34.9614,24.138,1.99018,0.310653
1.084,18.5448,18.5448,1.46306,27.1321,34.9614,24.1016,1.46306,0.273333
1.0842,19.5525,19.5525,1.79415,35.0802,34.9614,24.1244,1.79415,0.221624
1.0844,14.7349,14.7349,2,29.4698,34.9614,24.1637,2.36605,0.326461
1.0846,18.3431,18.3431,1.02848,18.8655,34.9614,24.072,1.02848,0.272801
1.0848,19.6172,19.6172,1.91824,37.6305,34.9614,24.1328,1.91824,0.241987
1.085,16.455,16.455,2,32.91,34.9614,24.1436,2.06838,0.273333
1.0852,19.011,19.011,1.39377,26.4969,34.9614,24.0969,1.39377,0.24448
1.0854,15.8103,15.8103,2,31.6207,34.9614,24.174,2.52298,0.332641
1.0856,17.2675,17.2675,1.1147,19.248,34.9614,24.0782,1.1147,0.273033
1.0858,19.1672,19.1672,2,38.3344,34.9614,24.1421,2.05811,0.274813
1.086,16.3494,16.3494,1.94554,31.8083,34.9614,24.1352,1.94554,0.273333
1.0862,17.1428,17.1428,1.7165,29.4257,34.9614,24.119,1.7165,0.304707
1.0864,15.9437,15.9437,2,31.8873,34.9614,24.1472,2.13198,0.337123
1.0866,17.9018,17.9018,1.42203,25.4569,34.9614,24.0989,1.42203,0.279455
1.0868,17.9256,17.9256,2,35.8513,34.9614,24.1495,2.16422,0.28959
1.087,16.8231,16.8231,1.70515,28.6858,34.9614,24.1187,1.70515,0.273333
1.0872,18.5393,18.5393,1.79328,33.2461,34.9614,24.1242,1.79328,0.273333
1.0874,5.71691,5.71691,2,11.4338,34.9614,24.2178,3.30329,0.566667
1.0876,14.4877,14.4877,0.00183793,0.0266274,34.9614,24.0027,0.00183793,0.416667
1.0878,20.7696,20.7696,1.49025,30.9518,34.9614,24.1028,1.49025,0.266667
1.088,20.9568,20.9568,1.07121,22.4493,34.9614,24.0748,1.07121,0.116667
1.0882,17.94,17.94,2,35.88,34.9614,24.1601,2.31426,0.273333
1.0884,10.2088,10.2088,2,20.4175,34.9614,24.1562,2.26671,0.42898
1.0886,21.031,21.031,0.298998,6.28822,34.9614,24.0213,0.298998,0.266667
1.0888,19.3565,19.3565,2,38.7129,34.9614,24.1467,2.1267,0.269911
1.089,16.3355,16.3355,1.89832,31.01,34.9614,24.1321,1.89832,0.266667
1.0892,18.4362,18.4362,1.60566,29.6022,34.9614,24.1114,1.60566,0.273333
1.0894,17.6241,17.6241,2,35.2482,34.9614,24.1456,2.1014,0.27898
1.0896,15.3771,15.3771,1.88775,29.028,34.9614,24.1311,1.88775,0.318302
1.0898,18.9818,18.9818,1.45197,27.561,34.9614,24.1007,1.45197,0.274363
1.09,14.9757,14.9757,2,29.9514,34.9614,24.1783,2.58496,0.35081
1.0902,17.6444,17.6444,0.931474,16.4353,34.9614,24.0656,0.931474,0.273333
1.0904,20.5818,20.5818,1.46755,30.2049,34.9614,24.1018,1.46755,0.202622
1.0906,15.3299,15.3299,2,30.6598,34.9614,24.1759,2.54731,0.321606
1.0908,17.4617,17.4617,1.02277,17.8594,34.9614,24.0718,1.02277,0.274666
1.091,20.5956,20.5956,1.45057,29.8754,34.9614,24.1006,1.45057,0.20081
1.0912,17.1874,17.1874,2,34.3749,34.9614,24.1583,2.28438,0.273333
1.0914,16.1627,16.1627,1.59625,25.7998,34.9614,24.1112,1.59625,0.294192
1.0916,18.0731,18.0731,1.89639,34.2736,34.9614,24.131,1.89639,0.304503
1.0918,17.3871,17.3871,1.8858,32.7886,34.9614,24.1309,1.8858,0.273149
1.092,18.41,18.41,1.70882,31.4594,34.9614,24.1186,1.70882,0.256897
1.0922,17.6197,17.6197,2,35.2394,34.9614,24.1403,2.02473,0.273333
1.0924,15.7869,15.7869,1.91396,30.2156,34.9614,24.1328,1.91396,0.313272
1.0926,18.4963,18.4963,1.5325,28.3457,34.9614,24.1063,1.5325,0.280088
1.0928,17.8951,17.8951,2,35.7903,34.9614,24.1465,2.11435,0.274653
1.093,15.8916,15.8916,1.8464,29.3423,34.9614,24.1283,1.8464,0.300373
1.0932,18.8081,18.8081,1.5598,29.3368,34.9614,24.1081,1.5598,0.273333
1.0934,19.9483,19.9483,1.62168,32.3497,34.9614,24.1126,1.62168,0.195704
1.0936,17.5125,17.5125,2,35.025,34.9614,24.1482,2.13747,0.260032
1.0938,17.0768,17.0768,1.66458,28.4255,34.9614,24.1158,1.66458,0.274937
1.094,18.9344,18.9344,1.78142,33.7301,34.9614,24.1234,1.78142,0.259738
1.0942,17.1656,17.1656,2,34.3312,34.9614,24.1424,2.05352,0.273333
1.0944,16.9122,16.9122,1.7232,29.1432,34.9614,24.1197,1.7232,0.290318
1.0946,17.8036,17.8036,1.88743,33.6031,34.9614,24.1306,1.88743,0.291521
1.0948,17.5542,17.5542,1.8492,32.4612,34.9614,24.1283,1.8492,0.274022
1.095,18.0937,18.0937,1.79437,32.4669,34.9614,24.1245,1.79437,0.265353
1.0952,17.6034,17.6034,1.94257,34.1957,34.9614,24.1346,1.94257,0.273333
1.0954,16.2119,16.2119,1.93889,31.433,34.9614,24.1346,1.93889,0.30815
1.0956,17.7834,17.7834,1.63791,29.1275,34.9614,24.1136,1.63791,0.290648
1.0958,18.1075,18.1075,1.97266,35.72,34.9614,24.1366,1.97266,0.27384
1.096,17.7841,17.7841,1.77437,31.5556,34.9614,24.1233,1.77437,0.257414
1.0962,17.8358,17.8358,1.90572,33.9899,34.9614,24.1322,1.90572,0.273333
1.0964,18.9807,18.9807,1.64213,31.1688,34.9614,24.1141,1.64213,0.231507
1.0966,17.31,17.31,2,34.62,34.9614,24.1483,2.14217,0.27743
1.0968,17.2654,17.2654,1.61909,27.9542,34.9614,24.1127,1.61909,0.27317
1.097,18.4491,18.4491,1.90767,35.1949,34.9614,24.132,1.90767,0.273729
1.0972,17.1332,17.1332,1.93128,33.089,34.9614,24.134,1.93128,0.273333
1.0974,17.8703,17.8703,1.72132,30.7605,34.9614,24.1194,1.72132,0.273333
1.0976,6.29622,6.29622,2,12.5924,34.9614,24.2135,3.24934,0.566667
1.0978,14.7414,14.7414,0.00959071,0.141381,34.9614,24.0032,0.00959071,0.416667
1.098,20.7322,20.7322,1.51623,31.4347,34.9614,24.1046,1.51623,0.266667
1.0982,20.9436,20.9436,1.07698,22.5558,34.9614,24.0752,1.07698,0.116667
1.0984,17.9265,17.9265,2,35.8529,34.9614,24.1602,2.31583,0.273333
1.0986,10.6893,10.6893,2,21.3785,34.9614,24.1527,2.20912,0.416667
1.0988,17.8412,17.8412,0.800676,14.285,34.9614,24.056,0.800676,0.362717
1.099,19.2358,19.2358,2,38.4717,34.9614,24.1472,2.13286,0.276613
1.0992,19.4949,19.4949,1.45715,28.4069,34.9614,24.1015,1.45715,0.179338
1.0994,17.6129,17.6129,2,35.2258,34.9614,24.1535,2.21784,0.273333
1.0996,17.1466,17.1466,1.59231,27.3028,34.9614,24.1109,1.59231,0.266667
1.0998,18.0283,18.0283,1.98206,35.7331,34.9614,24.1372,1.98206,0.289384
1.1,17.0853,17.0853,1.84419,31.5087,34.9614,24.128,1.84419,0.276493
1.1002,18.4638,18.4638,1.71399,31.6468,34.9614,24.1189,1.71399,0.263216
1.1004,17.5661,17.5661,2,35.1321,34.9614,24.1405,2.02818,0.273333
1.1006,20.025,20.025,1.33357,26.7046,34.9614,24.0928,1.33357,0.192833
1.1008,18.8733,18.8733,2,37.7466,34.9614,24.1395,2.01152,0.23476
1.101,16.5504,16.5504,1.94238,32.1473,34.9614,24.135,1.94238,0.275429
1.1012,16.4476,16.4476,1.81436,29.842,34.9614,24.1257,1.81436,0.319124
1.1014,18.5439,18.5439,1.67344,31.0322,34.9614,24.116,1.67344,0.273333
1.1016,18.2049,18.2049,1.96771,35.8221,34.9614,24.1365,1.96771,0.256519
1.1018,17.5669,17.5669,1.81098,31.8133,34.9614,24.1258,1.81098,0.261835
1.102,17.7841,17.7841,1.87124,33.2783,34.9614,24.1297,1.87124,0.276213
1.1022,20.4284,20.4284,1.30953,26.7517,34.9614,24.0911,1.30953,0.176195
1.1024,17.5601,17.5601,2,35.1202,34.9614,24.1588,2.29625,0.273333
1.1026,15.7083,15.7083,1.67145,26.2556,34.9614,24.1164,1.67145,0.298794
1.1028,18.7998,18.7998,1.69395,31.8459,34.9614,24.1172,1.69395,0.287077
1.103,17.4792,17.4792,2,34.9583,34.9614,24.1437,2.07413,0.272312
1.1032,18.7451,18.7451,1.51588,28.4153,34.9614,24.1054,1.51588,0.234757
1.1034,17.8471,17.8471,2,35.6942,34.9614,24.1478,2.13632,0.273333
1.1036,17.2594,17.2594,1.67325,28.8793,34.9614,24.1164,1.67325,0.265444
1.1038,17.959,17.959,1.93523,34.7547,34.9614,24.1339,1.93523,0.284658
1.104,17.3412,17.3412,1.84452,31.9863,34.9614,24.128,1.84452,0.273905
1.1042,16.4837,16.4837,1.97321,32.5258,34.9614,24.1367,1.97321,0.31175
1.1044,18.1816,18.1816,1.58679,28.8504,34.9614,24.1101,1.58679,0.273333
1.1046,19.055,19.055,1.8579,35.4023,34.9614,24.1287,1.8579,0.240609
1.1048,17.1542,17.1542,2,34.3083,34.9614,24.1392,2.00423,0.266903
1.105,17.5447,17.5447,1.69469,29.733,34.9614,24.1177,1.69469,0.277243
1.1052,19.7722,19.7722,1.60506,31.7356,34.9614,24.1114,1.60506,0.219328
1.1054,17.1568,17.1568,2,34.3135,34.9614,24.1526,2.20152,0.273333
1.1056,18.0547,18.0547,1.46272,26.409,34.9614,24.1019,1.46272,0.251389
1.1058,18.02,18.02,2,36.04,34.9614,24.1472,2.12679,0.282212
1.106,16.7784,16.7784,1.75128,29.3837,34.9614,24.1218,1.75128,0.27542
1.1062,18.6084,18.6084,1.74234,32.4222,34.9614,24.1207,1.74234,0.269562
1.1064,17.4291,17.4291,2,34.8582,34.9614,24.141,2.03406,0.273333
1.1066,17.1059,17.1059,1.74512,29.8519,34.9614,24.1212,1.74512,0.28238
1.1068,17.8713,17.8713,1.87428,33.4958,34.9614,24.1298,1.87428,0.285628
1.107,17.6019,17.6019,1.86399,32.8098,34.9614,24.1293,1.86399,0.272359
1.1072,16.9238,16.9238,1.92927,32.6507,34.9614,24.1339,1.92927,0.29494
1.1074,18.0045,18.0045,1.68699,30.3734,34.9614,24.1171,1.68699,0.273333
1.1076,17.901,17.901,1.98053,35.4536,34.9614,24.1372,1.98053,0.273333
1.1078,5.5832,5.5832,2,11.1664,34.9614,24.2036,3.08366,0.566667
1.108,15.2426,15.2426,0.024791,0.377879,34.9614,24.0041,0.024791,0.416667
1.1082,20.6593,20.6593,1.56522,32.3364,34.9614,24.108,1.56522,0.266667
1.1084,20.9191,20.9191,1.08798,22.7595,34.9614,24.0759,1.08798,0.116667
1.1086,17.9126,17.9126,2,35.8253,34.9614,24.1601,2.31323,0.273333
1.1088,5.92961,5.92961,2,11.8592,34.9614,24.1826,2.73322,0.536679
1.109,18.0339,18.0339,0.0580006,1.04598,34.9614,24.0057,0.0580006,0.32311
1.1092,20.0295,20.0295,1.91185,38.2934,34.9614,24.132,1.91185,0.273408
1.1094,16.5274,16.5274,2,33.0548,34.9614,24.1442,2.076,0.266667
1.1096,17.9143,17.9143,1.52829,27.3782,34.9614,24.1062,1.52829,0.273333
1.1098,13.963,13.963,2,27.926,34.9614,24.1777,2.58229,0.386679
1.11,19.7401,19.7401,0.589583,11.6384,34.9614,24.0417,0.589583,0.23347
1.1102,18.9701,18.9701,2,37.9403,34.9614,24.1535,2.22465,0.276691
1.1104,12.9461,12.9461,2,25.8922,34.9614,24.1492,2.15259,0.350283
1.1106,19.8589,19.8589,0.855022,16.9798,34.9614,24.0597,0.855022,0.273333
1.1108,19.5528,19.5528,1.94601,38.0499,34.9614,24.1346,1.94601,0.236679
1.111,15.6553,15.6553,2,31.3105,34.9614,24.1485,2.13795,0.293114
1.1112,18.1757,18.1757,1.35552,24.6375,34.9614,24.0943,1.35552,0.276764
1.1114,19.4241,19.4241,1.87886,36.4952,34.9614,24.1301,1.87886,0.237983
1.1116,16.6587,16.6587,2,33.3175,34.9614,24.1434,2.06533,0.273333
1.1118,20.1832,20.1832,1.21328,24.4878,34.9614,24.0844,1.21328,0.201234
1.112,16.0325,16.0325,2,32.065,34.9614,24.18,2.60666,0.323886
1.1122,16.9289,16.9289,1.0963,18.5591,34.9614,24.077,1.0963,0.272601
1.1124,20.0484,20.0484,1.74839,35.0524,34.9614,24.1209,1.74839,0.240852
1.1126,16.6792,16.6792,2,33.3585,34.9614,24.1509,2.17367,0.273333
1.1128,15.5666,15.5666,1.70713,26.5742,34.9614,24.1188,1.70713,0.324148
1.113,19.6368,19.6368,1.51562,29.7619,34.9614,24.105,1.51562,0.260248
1.1132,17.3647,17.3647,2,34.7294,34.9614,24.1539,2.22346,0.274662
1.1134,18.2412,18.2412,1.4406,26.2782,34.9614,24.1004,1.4406,0.241578
1.1136,18.2487,18.2487,2,36.4973,34.9614,24.1456,2.10459,0.273333
1.1138,17.779,17.779,1.67595,29.7966,34.9614,24.1166,1.67595,0.247152
1.114,14.8725,14.8725,2,29.745,34.9614,24.1614,2.33673,0.356273
1.1142,18.1912,18.1912,1.09117,19.8497,34.9614,24.0763,1.09117,0.276823
1.1144,19.5194,19.5194,1.93959,37.8595,34.9614,24.1341,1.93959,0.245607
1.1146,16.4619,16.4619,2,32.9237,34.9614,24.1422,2.04863,0.273333
1.1148,19.1147,19.1147,1.3952,26.6689,34.9614,24.097,1.3952,0.242514
1.115,18.288,18.288,2,36.5761,34.9614,24.1474,2.1294,0.261575
1.1152,16.7156,16.7156,1.77811,29.7222,34.9614,24.1237,1.77811,0.272453
1.1154,18.5378,18.5378,1.72962,32.0633,34.9614,24.1198,1.72962,0.271174
1.1156,17.5041,17.5041,2,35.0082,34.9614,24.1408,2.03105,0.273333
1.1158,16.3919,16.3919,1.83152,30.0221,34.9614,24.1272,1.83152,0.299555
1.116,20.0256,20.0256,1.39715,27.9788,34.9614,24.097,1.39715,0.223842
1.1162,17.3416,17.3416,2,34.6833,34.9614,24.159,2.29669,0.278343
1.1164,16.4292,16.4292,1.5703,25.7988,34.9614,24.1095,1.5703,0.283981
1.1166,19.0214,19.0214,1.7946,34.1358,34.9614,24.1242,1.7946,0.273333
1.1168,15.4332,15.4332,2,30.8665,34.9614,24.1568,2.26149,0.315647
1.117,16.2877,16.2877,1.42001,23.1287,34.9614,24.0989,1.42001,0.320606
1.1172,19.1893,19.1893,1.86131,35.7172,34.9614,24.1286,1.86131,0.277752
1.1174,17.5225,17.5225,1.95977,34.34,34.9614,24.136,1.95977,0.25482
1.1176,17.5672,17.5672,1.76524,31.0103,34.9614,24.1226,1.76524,0.273333
1.1178,17.9841,17.9841,1.8799,33.8083,34.9614,24.1303,1.8799,0.273333
1.118,5.78918,5.78918,2,11.5784,34.9614,24.2088,3.1636,0.566667
1.1182,14.9924,14.9924,0.0171667,0.257369,34.9614,24.0036,0.0171667,0.416667
1.1184,20.6951,20.6951,1.54149,31.9012,34.9614,24.1064,1.54149,0.266667
1.1186,20.9308,20.9308,1.083,22.668,34.9614,24.0756,1.083,0.116667
1.1188,17.9204,17.9204,2,35.8408,34.9614,24.1601,2.31325,0.273333
1.119,10.7053,10.7053,2,21.4105,34.9614,24.1527,2.21207,0.416667
1.1192,19.1785,19.1785,0.651697,12.4986,34.9614,24.0457,0.651697,0.327037
1.1194,18.9382,18.9382,2,37.8765,34.9614,24.1542,2.23432,0.279935
1.1196,17.9623,17.9623,1.59684,28.683,34.9614,24.1113,1.59684,0.22357
1.1198,18.1114,18.1114,2,36.2228,34.9614,24.1394,2.01369,0.273333
1.12,16.1246,16.1246,1.93,31.1206,34.9614,24.134,1.93,0.297708
1.1202,18.6118,18.6118,1.53561,28.5803,34.9614,24.1066,1.53561,0.270281
1.1204,17.707,17.707,2,35.4141,34.9614,24.1486,2.14521,0.278121
1.1206,13.7036,13.7036,2,27.4071,34.9614,24.141,2.03204,0.356351
1.1208,19.6677,19.6677,1.06298,20.9065,34.9614,24.0739,1.06298,0.273333
1.121,20.1131,20.1131,1.66213,33.4305,34.9614,24.1153,1.66213,0.200019
1.1212,17.8914,17.8914,2,35.7828,34.9614,24.1423,2.05138,0.245353
1.1214,17.09,17.09,1.77084,30.2637,34.9614,24.1231,1.77084,0.274337
1.1216,20.1767,20.1767,1.42965,28.8457,34.9614,24.0993,1.42965,0.206351
1.1218,17.3817,17.3817,2,34.7634,34.9614,24.1572,2.2685,0.273333
1.122,19.0573,19.0573,1.30225,24.8174,34.9614,24.0908,1.30225,0.21568
1.1222,16.9408,16.9408,2,33.8816,34.9614,24.1671,2.42193,0.307228
1.1224,16.8233,16.8233,1.37503,23.1326,34.9614,24.0961,1.37503,0.272659
1.1226,19.1087,19.1087,1.93076,36.8943,34.9614,24.1334,1.93076,0.272824
1.1228,16.7054,16.7054,2,33.4108,34.9614,24.1394,2.00713,0.273333
1.123,18.9644,18.9644,1.47491,27.9708,34.9614,24.1025,1.47491,0.245525
1.1232,17.4005,17.4005,2,34.8011,34.9614,24.1549,2.23912,0.285096
1.1234,16.7517,16.7517,1.59183,26.6659,34.9614,24.1109,1.59183,0.278464
1.1236,17.6754,17.6754,2,35.3508,34.9614,24.1383,2.00159,0.306222
1.1238,17.3669,17.3669,1.76281,30.6145,34.9614,24.1225,1.76281,0.273333
1.124,17.009,17.009,1.98961,33.8413,34.9614,24.1379,1.98961,0.303382
1.1242,19.1567,19.1567,1.48861,28.5168,34.9614,24.1034,1.48861,0.235239
1.1244,17.64,17.64,2,35.2801,34.9614,24.1518,2.19327,0.275042
1.1246,16.8256,16.8256,1.65285,27.8103,34.9614,24.1151,1.65285,0.275564
1.1248,18.6491,18.6491,1.82129,33.9654,34.9614,24.1261,1.82129,0.273333
1.125,19.1789,19.1789,1.70172,32.6372,34.9614,24.1182,1.70172,0.216266
1.1252,15.9088,15.9088,2,31.8177,34.9614,24.1586,2.28761,0.307771
1.1254,17.7176,17.7176,1.29368,22.921,34.9614,24.0903,1.29368,0.27485
1.1256,19.3268,19.3268,1.93509,37.3991,34.9614,24.1339,1.93509,0.252305
1.1258,16.5659,16.5659,2,33.1318,34.9614,24.141,2.03026,0.273333
1.126,18.764,18.764,1.47018,27.5864,34.9614,24.1022,1.47018,0.252228
1.1262,17.9109,17.9109,2,35.8217,34.9614,24.1491,2.15583,0.273938
1.1264,16.7279,16.7279,1.72056,28.7814,34.9614,24.1197,1.72056,0.276312
1.1266,17.5961,17.5961,1.89719,33.3831,34.9614,24.1313,1.89719,0.300493
1.1268,17.67,17.67,1.81204,32.0188,34.9614,24.1257,1.81204,0.273333
1.127,17.2992,17.2992,1.93505,33.4749,34.9614,24.1341,1.93505,0.287444
1.1272,18.4543,18.4543,1.65597,30.5598,34.9614,24.115,1.65597,0.254412
1.1274,17.6161,17.6161,2,35.2322,34.9614,24.143,2.06472,0.27614
1.1276,16.8554,16.8554,1.76178,29.6954,34.9614,24.1224,1.76178,0.283573
1.1278,18.416,18.416,1.76968,32.5905,34.9614,24.1226,1.76968,0.273333
1.128,17.4873,17.4873,1.99807,34.9409,34.9614,24.1385,1.99807,0.273333
1.1282,5.82,5.82,2,11.64,34.9614,24.1984,2.99965,0.566667
1.1284,15.5789,15.5789,0.044575,0.694427,34.9614,24.0053,0.044575,0.416667
1.1286,20.6085,20.6085,1.59736,32.9192,34.9614,24.1102,1.59736,0.266667
1.1288,20.9043,20.9043,1.09409,22.8712,34.9614,24.0763,1.09409,0.116667
1.129,17.9029,17.9029,2,35.8058,34.9614,24.1599,2.31358,0.273333
1.1292,10.7049,10.7049,2,21.4097,34.9614,24.1522,2.20918,0.416667
1.1294,18.6445,18.6445,0.71354,13.3036,34.9614,24.05,0.71354,0.341578
1.1296,19.2261,19.2261,2,38.4522,34.9614,24.1474,2.13477,0.270593
1.1298,19.0038,19.0038,1.54536,29.3676,34.9614,24.1076,1.54536,0.195774
1.13,17.6476,17.6476,2,35.2953,34.9614,24.1492,2.15415,0.273333
1.1302,17.2703,17.2703,1.63965,28.3173,34.9614,24.1141,1.63965,0.266667
1.1304,17.9853,17.9853,1.95862,35.2265,34.9614,24.1355,1.95862,0.285655
1.1306,17.1129,17.1129,1.85694,31.7777,34.9614,24.1289,1.85694,0.277988
1.1308,19.1593,19.1593,1.60136,30.6809,34.9614,24.1111,1.60136,0.241045
1.131,17.4565,17.4565,2,34.9131,34.9614,24.1487,2.14737,0.273333
1.1312,19.8292,19.8292,1.28409,25.4625,34.9614,24.0895,1.28409,0.196185
1.1314,15.209,15.209,2,30.418,34.9614,24.185,2.68665,0.345045
1.1316,17.3357,17.3357,0.892894,15.4789,34.9614,24.063,0.892894,0.270592
1.1318,19.8757,19.8757,1.86812,37.1301,34.9614,24.1291,1.86812,0.250977
1.132,16.4535,16.4535,2,32.907,34.9614,24.1468,2.11465,0.273333
1.1322,15.3428,15.3428,1.76288,27.0475,34.9614,24.1225,1.76288,0.337497
1.1324,18.2695,18.2695,1.65162,30.1743,34.9614,24.1143,1.65162,0.302956
1.1326,17.8551,17.8551,2,35.7103,34.9614,24.1405,2.0288,0.272365
1.1328,17.4509,17.4509,1.74569,30.4638,34.9614,24.1213,1.74569,0.266598
1.133,18.0925,18.0925,1.87188,33.8669,34.9614,24.1297,1.87188,0.273333
1.1332,18.2615,18.2615,1.79082,32.703,34.9614,24.1243,1.79082,0.25043
1.1334,17.1968,17.1968,2,34.3936,34.9614,24.1393,2.00976,0.281983
1.1336,17.6702,17.6702,1.68039,29.6929,34.9614,24.1167,1.68039,0.273035
1.1338,19.6627,19.6627,1.64652,32.375,34.9614,24.1142,1.64652,0.222075
1.134,17.1007,17.1007,2,34.2013,34.9614,24.151,2.18014,0.273333
1.1342,19.2657,19.2657,1.32203,25.4699,34.9614,24.0921,1.32203,0.219273
1.1344,14.731,14.731,2,29.4621,34.9614,24.1871,2.72089,0.361692
1.1346,17.5236,17.5236,0.788213,13.8123,34.9614,24.0558,0.788213,0.271218
1.1348,20.085,20.085,1.78238,35.7991,34.9614,24.1233,1.78238,0.241081
1.135,16.5841,16.5841,2,33.1681,34.9614,24.1502,2.16541,0.273333
1.1352,15.6812,15.6812,1.69349,26.5559,34.9614,24.1179,1.69349,0.323655
1.1354,18.5695,18.5695,1.70486,31.6584,34.9614,24.1179,1.70486,0.292993
1.1356,17.558,17.558,2,35.116,34.9614,24.1416,2.04386,0.272721
1.1358,18.3462,18.3462,1.60132,29.3781,34.9614,24.1113,1.60132,0.246769
1.136,17.8811,17.8811,2,35.7622,34.9614,24.1427,2.06112,0.273333
1.1362,16.6262,16.6262,1.81266,30.1376,34.9614,24.126,1.81266,0.285469
1.1364,16.3353,16.3353,1.95225,31.8905,34.9614,24.1352,1.95225,0.329321
1.1366,18.3912,18.3912,1.56109,28.7104,34.9614,24.1084,1.56109,0.271046
1.1368,17.426,17.426,2,34.852,34.9614,24.1494,2.16013,0.287975
1.137,17.1397,17.1397,1.63006,27.9387,34.9614,24.1135,1.63006,0.273333
1.1372,19.1453,19.1453,1.77212,33.9277,34.9614,24.1227,1.77212,0.253272
1.1374,16.5497,16.5497,2,33.0994,34.9614,24.1488,2.14748,0.286897
1.1376,17.7774,17.7774,1.48399,26.3815,34.9614,24.1033,1.48399,0.27214
1.1378,20.7312,20.7312,1.27858,26.5064,34.9614,24.0889,1.27858,0.169876
1.138,17.5538,17.5538,2,35.1076,34.9614,24.1594,2.30491,0.273333
1.1382,16.6994,16.6994,1.55401,25.9511,34.9614,24.1084,1.55401,0.273333
1.1384,7.49562,7.49562,2,14.9912,34.9614,24.2084,3.16433,0.566667
1.1386,14.9786,14.9786,0.0167723,0.251224,34.9614,24.0036,0.0167723,0.416667
1.1388,20.6968,20.6968,1.54035,31.8802,34.9614,24.1063,1.54035,0.266667
1.139,20.9323,20.9323,1.08232,22.6555,34.9614,24.0755,1.08232,0.116667
1.1392,17.913,17.913,2,35.8259,34.9614,24.1603,2.31549,0.273333
1.1394,10.7095,10.7095,2,21.419,34.9614,24.1524,2.20537,0.416667
1.1396,18.3138,18.3138,0.755636,13.8386,34.9614,24.0529,0.755636,0.350402
1.1398,19.2741,19.2741,2,38.5482,34.9614,24.1461,2.11624,0.270744
1.14,17.1042,17.1042,1.8183,31.1005,34.9614,24.1266,1.8183,0.248863
1.1402,18.1398,18.1398,1.77953,32.2804,34.9614,24.1234,1.77953,0.273333
1.1404,16.0326,16.0326,2,32.0652,34.9614,24.1489,2.14832,0.314735
1.1406,20.2872,20.2872,1.0795,21.9,34.9614,24.0752,1.0795,0.204157
1.1408,17.9663,17.9663,2,35.9325,34.9614,24.1606,2.32246,0.27724
1.141,12.9225,12.9225,1.97519,25.5243,34.9614,24.1371,1.97519,0.360113
1.1412,20.1784,20.1784,0.957389,19.3185,34.9614,24.0666,0.957389,0.273333
1.1414,19.6858,19.6858,1.86165,36.648,34.9614,24.1289,1.86165,0.222293
1.1416,13.3724,13.3724,2,26.7448,34.9614,24.1709,2.47,0.354157
1.1418,18.9894,18.9894,0.719175,13.6567,34.9614,24.0507,0.719175,0.271784
1.142,20.3608,20.3608,1.60314,32.6412,34.9614,24.1111,1.60314,0.210113
1.1422,16.9077,16.9077,2,33.8154,34.9614,24.1552,2.23924,0.273333
1.1424,20.0406,20.0406,1.13051,22.656,34.9614,24.0788,1.13051,0.193551
1.1426,15.6747,15.6747,2,31.3493,34.9614,24.1869,2.71126,0.340841
1.1428,16.97,16.97,0.956857,16.2379,34.9614,24.0675,0.956857,0.270548
1.143,20.2894,20.2894,1.65712,33.6219,34.9614,24.1147,1.65712,0.231396
1.1432,16.8045,16.8045,2,33.6091,34.9614,24.1539,2.22065,0.273333
1.1434,14.7147,14.7147,1.76704,26.0014,34.9614,24.1227,1.76704,0.340565
1.1436,20.1487,20.1487,1.29404,26.0733,34.9614,24.0897,1.29404,0.253329
1.1438,17.7028,17.7028,2,35.4056,34.9614,24.1579,2.2826,0.27315
1.144,14.9576,14.9576,1.77299,26.5198,34.9614,24.1234,1.77299,0.316119
1.1442,19.4724,19.4724,1.43852,28.0116,34.9614,24.0996,1.43852,0.273333
1.1444,19.1635,19.1635,1.90463,36.4994,34.9614,24.132,1.90463,0.224896
1.1446,13.948,13.948,2,27.896,34.9614,24.1626,2.34697,0.343948
1.1448,18.8498,18.8498,0.908672,17.1283,34.9614,24.0636,0.908672,0.273707
1.145,16.5994,16.5994,2,33.1988,34.9614,24.1859,2.70053,0.343481
1.1452,16.2897,16.2897,1.13392,18.4713,34.9614,24.0798,1.13392,0.273333
1.1454,20.9311,20.9311,1.22331,25.6052,34.9614,24.0849,1.22331,0.192333
1.1456,14.1018,14.1018,2,28.2036,34.9614,24.1974,2.86694,0.367045
1.1458,17.4539,17.4539,0.592301,10.338,34.9614,24.0424,0.592301,0.273892
1.146,18.9372,18.9372,2,37.8743,34.9614,24.1585,2.30266,0.305136
1.1462,15.8565,15.8565,1.77107,28.083,34.9614,24.1235,1.77107,0.273333
1.1464,16.5078,16.5078,1.89592,31.2974,34.9614,24.1309,1.89592,0.340289
1.1466,19.9274,19.9274,1.38341,27.5678,34.9614,24.0961,1.38341,0.222653
1.1468,17.569,17.569,2,35.138,34.9614,24.1566,2.2634,0.273454
1.147,18.438,18.438,1.40197,25.8496,34.9614,24.0978,1.40197,0.230487
1.1472,18.2209,18.2209,2,36.4418,34.9614,24.1479,2.13703,0.273333
1.1474,18.9609,18.9609,1.49172,28.2843,34.9614,24.1039,1.49172,0.212531
1.1476,15.7136,15.7136,2,31.4272,34.9614,24.1699,2.46332,0.329357
1.1478,17.4771,17.4771,1.14073,19.9367,34.9614,24.0799,1.14073,0.273388
1.148,16.3663,16.3663,2,32.7326,34.9614,24.1777,2.58291,0.356468
1.1482,16.7498,16.7498,1.17187,19.6286,34.9614,24.0823,1.17187,0.273333
1.1484,19.3738,19.3738,1.97091,38.1838,34.9614,24.1361,1.97091,0.273333
1.1486,4.73458,4.73458,2,9.46916,34.9614,24.2189,3.31227,0.566667
1.1488,14.2569,14.2569,0,0,34.9614,24.0024,-2.55665e-07,0.416667
1.149,20.8013,20.8013,1.46777,30.5315,34.9614,24.1013,1.46777,0.266667
1.1492,20.967,20.967,1.06618,22.3545,34.9614,24.0744,1.06618,0.116667
1.1494,17.9444,17.9444,2,35.8888,34.9614,24.1602,2.31536,0.273333
1.1496,10.6782,10.6782,2,21.3565,34.9614,24.1525,2.21167,0.416667
1.1498,17.2666,17.2666,0.858734,14.8274,34.9614,24.06,0.858734,0.377416
1.15,19.5758,19.5758,2,39.1516,34.9614,24.1386,2.00606,0.268182
1.1502,16.5291,16.5291,1.98917,32.8792,34.9614,24.1384,1.98917,0.266667
1.1504,18.1106,18.1106,1.58357,28.6795,34.9614,24.11,1.58357,0.273333
1.1506,18.2756,18.2756,2,36.5512,34.9614,24.1386,2.00297,0.266667
1.1508,16.6587,16.6587,1.89327,31.5394,34.9614,24.1315,1.89327,0.28249
1.151,18.3159,18.3159,1.65535,30.3194,34.9614,24.1148,1.65535,0.271574
1.1512,14.9262,14.9262,2,29.8524,34.9614,24.1652,2.39133,0.348315
1.1514,18.1492,18.1492,1.04982,19.0535,34.9614,24.0735,1.04982,0.273333
1.1516,20.44,20.44,1.52513,31.1736,34.9614,24.1058,1.52513,0.199708
1.1518,13.7085,13.7085,2,27.4169,34.9614,24.1873,2.71666,0.360447
1.152,18.0283,18.0283,0.631171,11.379,34.9614,24.0449,0.631171,0.27551
1.1522,19.6012,19.6012,2,39.2023,34.9614,24.1399,2.0252,0.266142
1.1524,16.2074,16.2074,2,32.4149,34.9614,24.1401,2.01371,0.273333
1.1526,18.917,18.917,1.4321,27.091,34.9614,24.0995,1.4321,0.254727
1.1528,12.8355,12.8355,2,25.6709,34.9614,24.1959,2.85473,0.406503
1.153,18.3405,18.3405,0.376495,6.90511,34.9614,24.0274,0.376495,0.27304
1.1532,20.3193,20.3193,1.69131,34.3662,34.9614,24.117,1.69131,0.236652
1.1534,16.7104,16.7104,2,33.4208,34.9614,24.1533,2.21101,0.273333
1.1536,16.0709,16.0709,1.62277,26.0793,34.9614,24.1131,1.62277,0.30871
1.1538,19.6044,19.6044,1.62023,31.7636,34.9614,24.1122,1.62023,0.256503
1.154,17.2267,17.2267,2,34.4535,34.9614,24.1511,2.17975,0.27231
1.1542,17.3348,17.3348,1.57168,27.2448,34.9614,24.1094,1.57168,0.270565
1.1544,18.5023,18.5023,1.93784,35.8545,34.9614,24.134,1.93784,0.273333
1.1546,15.4735,15.4735,2,30.9469,34.9614,24.1455,2.09986,0.313172
1.1548,20.6935,20.6935,0.965455,19.9786,34.9614,24.0673,0.965455,0.198157
1.155,18.2176,18.2176,2,36.4352,34.9614,24.1589,2.29782,0.273344
1.1552,15.8085,15.8085,1.7185,27.1668,34.9614,24.1198,1.7185,0.285688
1.1554,19.0995,19.0995,1.61879,30.9181,34.9614,24.1121,1.61879,0.273333
1.1556,19.3852,19.3852,1.77101,34.3314,34.9614,24.1229,1.77101,0.212246
1.1558,14.3882,14.3882,2,28.7764,34.9614,24.1675,2.41878,0.338618
1.156,18.4136,18.4136,0.936106,17.2371,34.9614,24.0656,0.936106,0.273336
1.1562,19.287,19.287,2,38.5741,34.9614,24.1425,2.0614,0.259857
1.1564,16.2875,16.2875,1.95751,31.8829,34.9614,24.1361,1.95751,0.273333
1.1566,14.8762,14.8762,1.94136,28.88,34.9614,24.1343,1.94136,0.362246
1.1568,21.1287,21.1287,0.855278,18.0709,34.9614,24.0596,0.855278,0.188618
1.157,18.3328,18.3328,2,36.6656,34.9614,24.1587,2.29727,0.273329
1.1572,17.0927,17.0927,1.5931,27.2303,34.9614,24.1111,1.5931,0.25169
1.1574,18.6068,18.6068,1.89038,35.1738,34.9614,24.1308,1.89038,0.273333
1.1576,19.2073,19.2073,1.65271,31.744,34.9614,24.1148,1.65271,0.212246
1.1578,15.6654,15.6654,2,31.3307,34.9614,24.1627,2.35371,0.316732
1.158,17.7758,17.7758,1.20289,21.3823,34.9614,24.084,1.20289,0.27334
1.1582,18.5107,18.5107,2,37.0215,34.9614,24.1506,2.18199,0.285343
1.1584,16.4243,16.4243,1.78426,29.3052,34.9614,24.1242,1.78426,0.273333
1.1586,18.6206,18.6206,1.6857,31.3887,34.9614,24.1168,1.6857,0.273333
1.1588,5.93193,5.93193,2,11.8639,34.9614,24.2224,3.38694,0.566667
1.159,14.2194,14.2194,0,0,34.9614,24.0023,-3.08219e-06,0.416667
1.1592,20.8056,20.8056,1.46518,30.484,34.9614,24.1011,1.46518,0.266667
1.1594,20.9691,20.9691,1.06508,22.3337,34.9614,24.0743,1.06508,0.116667
1.1596,17.9531,17.9531,2,35.9062,34.9614,24.1598,2.3115,0.273333
1.1598,10.2686,10.2686,2,20.5372,34.9614,24.156,2.26219,0.42714
1.16,21.0373,21.0373,0.301121,6.33478,34.9614,24.0215,0.301121,0.266667
1.1602,19.2524,19.2524,2,38.5049,34.9614,24.1495,2.16666,0.274177
1.1604,18.3073,18.3073,1.62335,29.7191,34.9614,24.1131,1.62335,0.21371
1.1606,17.8649,17.8649,2,35.7298,34.9614,24.1418,2.04816,0.273333
1.1608,17.0076,17.0076,1.78074,30.2861,34.9614,24.1239,1.78074,0.27714
1.161,12.6899,12.6899,2,25.3798,34.9614,24.1656,2.40966,0.416667
1.1612,19.3396,19.3396,0.660441,12.7727,34.9614,24.0465,0.660441,0.277042
1.1614,17.299,17.299,2,34.5979,34.9614,24.183,2.65903,0.332727
1.1616,15.953,15.953,1.28214,20.4539,34.9614,24.09,1.28214,0.273333
1.1618,20.9137,20.9137,1.22061,25.5276,34.9614,24.0847,1.22061,0.196755
1.162,10.1828,10.1828,2,20.3655,34.9614,24.2285,3.37109,0.465743
1.1622,17.7712,17.7712,0,0,34.9614,24.0017,-1.42457e-07,0.274197
1.1624,21.316,21.316,0.940409,20.0457,34.9614,24.0654,0.940409,0.182727
1.1626,18.1362,18.1362,2,36.2724,34.9614,24.1599,2.31195,0.273333
1.1628,16.3799,16.3799,1.63765,26.8245,34.9614,24.1142,1.63765,0.271745
1.163,13.7394,13.7394,2,27.4787,34.9614,24.1628,2.36975,0.410081
1.1632,18.9828,18.9828,0.849963,16.1347,34.9614,24.0596,0.849963,0.272069
1.1634,19.2421,19.2421,2,38.4841,34.9614,24.1441,2.08468,0.258991
1.1636,16.2418,16.2418,1.94063,31.5193,34.9614,24.1349,1.94063,0.273333
1.1638,16.7939,16.7939,1.74853,29.3647,34.9614,24.1212,1.74853,0.315585
1.164,18.916,18.916,1.70173,32.1899,34.9614,24.1179,1.70173,0.260081
1.1642,17.4069,17.4069,2,34.8138,34.9614,24.1443,2.08246,0.27176
1.1644,16.8049,16.8049,1.73157,29.0988,34.9614,24.1204,1.73157,0.287338
1.1646,18.5052,18.5052,1.77786,32.8995,34.9614,24.1233,1.77786,0.273333
1.1648,16.0954,16.0954,2,32.1908,34.9614,24.1501,2.16436,0.3074
1.165,20.6015,20.6015,0.99395,20.4769,34.9614,24.0693,0.99395,0.188283
1.1652,18.1294,18.1294,2,36.2588,34.9614,24.1597,2.31085,0.274855
1.1654,20.2382,20.2382,1.12266,22.7206,34.9614,24.0784,1.12266,0.160319
1.1656,18.0163,18.0163,2,36.0327,34.9614,24.1585,2.29346,0.273333
1.1658,19.7227,19.7227,1.23375,24.3328,34.9614,24.0861,1.23375,0.182551
1.166,15.6318,15.6318,2,31.2637,34.9614,24.1835,2.66006,0.338283
1.1662,17.1471,17.1471,0.980631,16.8149,34.9614,24.0691,0.980631,0.270077
1.1664,20.2054,20.2054,1.69323,34.2124,34.9614,24.1172,1.69323,0.232417
1.1666,16.7344,16.7344,2,33.4688,34.9614,24.153,2.20592,0.273333
1.1668,21.2749,21.2749,0.718812,15.2927,34.9614,24.0504,0.718812,0.129827
1.167,18.5902,18.5902,2,37.1804,34.9614,24.1569,2.27185,0.272493
1.1672,16.1863,16.1863,1.73926,28.152,34.9614,24.1212,1.73926,0.272273
1.1674,17.0883,17.0883,1.89256,32.3406,34.9614,24.131,1.89256,0.321705
1.1676,17.9876,17.9876,1.73418,31.1937,34.9614,24.1203,1.73418,0.273333
1.1678,20.0955,20.0955,1.49777,30.0985,34.9614,24.104,1.49777,0.194922
1.168,18.5714,18.5714,2,37.1428,34.9614,24.1393,2.00996,0.23469
1.1682,16.8222,16.8222,1.89294,31.8435,34.9614,24.1315,1.89294,0.273187
1.1684,19.0855,19.0855,1.56135,29.7991,34.9614,24.1084,1.56135,0.246358
1.1686,17.5722,17.5722,2,35.1444,34.9614,24.1494,2.15782,0.273333
1.1688,17.0618,17.0618,1.65542,28.2444,34.9614,24.1152,1.65542,0.273333
1.169,7.00413,7.00413,2,14.0083,34.9614,24.2083,3.15891,0.566667
1.1692,15.0636,15.0636,0.0193679,0.291749,34.9614,24.0038,0.0193679,0.416667
1.1694,20.6838,20.6838,1.54882,32.0354,34.9614,24.1069,1.54882,0.266667
1.1696,20.9273,20.9273,1.08458,22.6973,34.9614,24.0757,1.08458,0.116667
1.1698,17.9115,17.9115,2,35.8231,34.9614,24.1602,2.31529,0.273333
1.17,10.7108,10.7108,2,21.4216,34.9614,24.1526,2.20891,0.416667
1.1702,20.6967,20.6967,0.442811,9.16471,34.9614,24.0312,0.442811,0.279208
1.1704,19.1641,19.1641,2,38.3283,34.9614,24.1499,2.17112,0.271096
1.1706,16.3164,16.3164,1.85322,30.2379,34.9614,24.129,1.85322,0.266667
1.1708,18.551,18.551,1.62903,30.2201,34.9614,24.1129,1.62903,0.273333
1.171,17.952,17.952,2,35.904,34.9614,24.1414,2.04203,0.266667
1.1712,11.7425,11.7425,2,23.485,34.9614,24.1627,2.35937,0.408455
1.1714,20.0594,20.0594,0.515512,10.3409,34.9614,24.0364,0.515512,0.274813
1.1716,16.6776,16.6776,2,33.3552,34.9614,24.1944,2.82855,0.353428
1.1718,15.9174,15.9174,1.06228,16.9087,34.9614,24.075,1.06228,0.273333
1.172,20.9126,20.9126,1.255,26.2454,34.9614,24.0871,1.255,0.202797
1.1722,10.8477,10.8477,2,21.6954,34.9614,24.2225,3.26624,0.446552
1.1724,18.2147,18.2147,0.0079039,0.143967,34.9614,24.0023,0.0079039,0.269453
1.1726,17.4374,17.4374,2,34.8748,34.9614,24.1972,2.88477,0.380426
1.1728,15.2763,15.2763,1.15609,17.6607,34.9614,24.0816,1.15609,0.273333
1.173,19.6913,19.6913,1.85216,36.4714,34.9614,24.1277,1.85216,0.28926
1.1732,12.8625,12.8625,2,25.7251,34.9614,24.1754,2.53666,0.367847
1.1734,19.1559,19.1559,0.582391,11.1562,34.9614,24.0413,0.582391,0.271026
1.1736,18.2921,18.2921,2,36.5841,34.9614,24.1687,2.44965,0.307636
1.1738,15.8826,15.8826,1.58268,25.1371,34.9614,24.1106,1.58268,0.273333
1.174,17.9198,17.9198,1.90247,34.0919,34.9614,24.1315,1.90247,0.314475
1.1742,15.2766,15.2766,2,30.5532,34.9614,24.146,2.10747,0.32953
1.1744,18.6175,18.6175,1.29459,24.102,34.9614,24.0901,1.29459,0.27303
1.1746,19.5273,19.5273,1.86213,36.3623,34.9614,24.129,1.86213,0.229386
1.1748,16.6492,16.6492,2,33.2985,34.9614,24.1446,2.08347,0.273333
1.175,20.4712,20.4712,1.12432,23.0162,34.9614,24.0783,1.12432,0.187488
1.1752,18.052,18.052,2,36.1041,34.9614,24.1576,2.27879,0.270189
1.1754,16.4168,16.4168,1.65774,27.2148,34.9614,24.1156,1.65774,0.274154
1.1756,15.5196,15.5196,2,31.0392,34.9614,24.1492,2.16098,0.36337
1.1758,18.3312,18.3312,1.304,23.904,34.9614,24.0908,1.304,0.273333
1.176,20.283,20.283,1.55901,31.6215,34.9614,24.1082,1.55901,0.195951
1.1762,18.2022,18.2022,2,36.4044,34.9614,24.1422,2.05071,0.240624
1.1764,16.9694,16.9694,1.81462,30.793,34.9614,24.1261,1.81462,0.272873
1.1766,18.414,18.414,1.73378,31.9258,34.9614,24.1202,1.73378,0.268153
1.1768,17.5566,17.5566,2,35.1131,34.9614,24.1396,2.0146,0.273333
1.177,14.5475,14.5475,2,29.095,34.9614,24.1417,2.04772,0.345951
1.1772,19.6496,19.6496,1.13734,22.3483,34.9614,24.0791,1.13734,0.258637
1.1774,18.1877,18.1877,2,36.3754,34.9614,24.1563,2.26232,0.272972
1.1776,18.3962,18.3962,1.46209,26.8969,34.9614,24.102,1.46209,0.221898
1.1778,18.1289,18.1289,2,36.2577,34.9614,24.1465,2.11801,0.273333
1.178,17.2232,17.2232,1.71938,29.6133,34.9614,24.1196,1.71938,0.262757
1.1782,18.8012,18.8012,1.77198,33.3154,34.9614,24.1228,1.77198,0.258055
1.1784,17.2469,17.2469,2,34.4939,34.9614,24.1418,2.0454,0.273476
1.1786,17.0063,17.0063,1.7286,29.3972,34.9614,24.1201,1.7286,0.287128
1.1788,18.3884,18.3884,1.81344,33.3463,34.9614,24.1257,1.81344,0.273333
1.179,17.4034,17.4034,1.97296,34.3364,34.9614,24.1368,1.97296,0.273333
1.1792,5.92889,5.92889,2,11.8578,34.9614,24.1986,3.00474,0.566667
1.1794,15.5738,15.5738,0.0442827,0.689652,34.9614,24.0053,0.0442827,0.416667
1.1796,20.6087,20.6087,1.59752,32.9228,34.9614,24.1102,1.59752,0.266667
1.1798,20.9052,20.9052,1.09363,22.8626,34.9614,24.0763,1.09363,0.116667
1.18,17.9003,17.9003,2,35.8006,34.9614,24.16,2.31415,0.273333
1.1802,10.7097,10.7097,2,21.4195,34.9614,24.1524,2.20652,0.416667
1.1804,20.9906,20.9906,0.38243,8.02744,34.9614,24.027,0.38243,0.266667
1.1806,19.0855,19.0855,2,38.1709,34.9614,24.1524,2.20831,0.276585
1.1808,16.7867,16.7867,1.76586,29.6431,34.9614,24.123,1.76586,0.253818
1.181,18.4517,18.4517,1.75541,32.3904,34.9614,24.1216,1.75541,0.273333
1.1812,15.3592,15.3592,2,30.7183,34.9614,24.1568,2.26672,0.328482
1.1814,19.6597,19.6597,1.02484,20.148,34.9614,24.0716,1.02484,0.231562
1.1816,18.2359,18.2359,2,36.4717,34.9614,24.1588,2.29694,0.277984
1.1818,14.3065,14.3065,1.8791,26.8833,34.9614,24.1307,1.8791,0.32298
1.182,19.6296,19.6296,1.26133,24.7594,34.9614,24.0875,1.26133,0.273333
1.1822,18.0547,18.0547,2,36.1095,34.9614,24.1546,2.23594,0.270251
1.1824,17.5691,17.5691,1.57056,27.5933,34.9614,24.1095,1.57056,0.24736
1.1826,18.3563,18.3563,1.9733,36.2225,34.9614,24.1365,1.9733,0.273773
1.1828,16.8722,16.8722,1.90019,32.0604,34.9614,24.132,1.90019,0.277531
1.183,18.1084,18.1084,1.69391,30.674,34.9614,24.1175,1.69391,0.273333
1.1832,18.7776,18.7776,1.84287,34.6048,34.9614,24.1278,1.84287,0.245221
1.1834,17.3436,17.3436,1.97765,34.2996,34.9614,24.1372,1.97765,0.266922
1.1836,17.6103,17.6103,1.72838,30.4373,34.9614,24.1201,1.72838,0.274127
1.1838,18.9266,18.9266,1.76849,33.4715,34.9614,24.1226,1.76849,0.246837
1.184,17.2067,17.2067,2,34.4134,34.9614,24.1427,2.058,0.273333
1.1842,18.6336,18.6336,1.52018,28.3264,34.9614,24.1057,1.52018,0.243383
1.1844,18.8032,18.8032,1.95734,36.8042,34.9614,24.1357,1.95734,0.245132
1.1846,16.7451,16.7451,1.9612,32.8406,34.9614,24.1363,1.9612,0.275233
1.1848,18.3032,18.3032,1.60382,29.3552,34.9614,24.1114,1.60382,0.26626
1.185,17.8911,17.8911,2,35.7823,34.9614,24.1424,2.05672,0.273333
1.1852,15.9785,15.9785,1.88845,30.1745,34.9614,24.1313,1.88845,0.302281
1.1854,19.0243,19.0243,1.50266,28.5871,34.9614,24.1042,1.50266,0.263116
1.1856,17.7268,17.7268,2,35.4536,34.9614,24.15,2.16751,0.273586
1.1858,17.2121,17.2121,1.64331,28.2847,34.9614,24.1144,1.64331,0.266653
1.186,18.4432,18.4432,1.88544,34.7735,34.9614,24.1305,1.88544,0.273333
1.1862,19.4288,19.4288,1.603,31.1443,34.9614,24.1114,1.603,0.20746
1.1864,18.3333,18.3333,2,36.6666,34.9614,24.1391,2.00721,0.244052
1.1866,16.922,16.922,1.86609,31.5779,34.9614,24.1296,1.86609,0.274384
1.1868,18.4727,18.4727,1.68134,31.0587,34.9614,24.1166,1.68134,0.264463
1.187,17.6473,17.6473,2,35.2945,34.9614,24.1416,2.04446,0.273333
1.1872,17.0266,17.0266,1.76359,30.028,34.9614,24.1226,1.76359,0.28012
1.1874,17.9976,17.9976,1.83688,33.0594,34.9614,24.1272,1.83688,0.282172
1.1876,17.403,17.403,1.92723,33.5397,34.9614,24.1336,1.92723,0.277683
1.1878,18.0716,18.0716,1.72337,31.144,34.9614,24.1196,1.72337,0.263823
1.188,17.7733,17.7733,1.97493,35.101,34.9614,24.1368,1.97493,0.273333
1.1882,16.6639,16.6639,1.87901,31.3117,34.9614,24.1304,1.87901,0.292042
1.1884,20.0607,20.0607,1.37337,27.5506,34.9614,24.0954,1.37337,0.21509
1.1886,17.6402,17.6402,2,35.2804,34.9614,24.1558,2.25222,0.270858
1.1888,17.0716,17.0716,1.57028,26.8072,34.9614,24.1094,1.57028,0.265577
1.189,18.6609,18.6609,1.89679,35.3957,34.9614,24.1312,1.89679,0.273333
1.1892,17.0399,17.0399,1.96617,33.5034,34.9614,24.1366,1.96617,0.273333
1.1894,6.19786,6.19786,2,12.3957,34.9614,24.1945,2.94586,0.566667
1.1896,15.808,15.808,0.0587038,0.927992,34.9614,24.0062,0.0587038,0.416667
1.1898,20.5745,20.5745,1.61909,33.312,34.9614,24.1117,1.61909,0.266667
1.19,20.895,20.895,1.0973,22.9282,34.9614,24.0766,1.0973,0.116667
1.1902,17.897,17.897,2,35.794,34.9614,24.1599,2.31372,0.273333
1.1904,10.7171,10.7171,2,21.4341,34.9614,24.1519,2.20596,0.416667
1.1906,19.059,19.059,0.671553,12.7991,34.9614,24.0471,0.671553,0.330291
1.1908,19.2241,19.2241,2,38.4481,34.9614,24.1474,2.13517,0.268296
1.191,20.6315,20.6315,1.13061,23.3262,34.9614,24.0789,1.13061,0.129409
1.1912,17.8977,17.8977,2,35.7954,34.9614,24.1594,2.30547,0.273333
1.1914,16.7443,16.7443,1.58457,26.5326,34.9614,24.1105,1.58457,0.266667
1.1916,19.7443,19.7443,1.64613,32.5016,34.9614,24.114,1.64613,0.240275
1.1918,17.0062,17.0062,2,34.0125,34.9614,24.1521,2.19557,0.274903
1.192,17.0873,17.0873,1.56083,26.6703,34.9614,24.1086,1.56083,0.279409
1.1922,18.6659,18.6659,1.90454,35.5499,34.9614,24.1317,1.90454,0.273333
1.1924,19.5672,19.5672,1.56846,30.6903,34.9614,24.1091,1.56846,0.197829
1.1926,14.4218,14.4218,2,28.8436,34.9614,24.1786,2.58529,0.349039
1.1928,18.2079,18.2079,0.810795,14.7629,34.9614,24.0572,0.810795,0.267778
1.193,17.1093,17.1093,2,34.2186,34.9614,24.183,2.66558,0.343528
1.1932,16.0567,16.0567,1.24553,19.9991,34.9614,24.0875,1.24553,0.273333
1.1934,19.9774,19.9774,1.7297,34.5549,34.9614,24.1196,1.7297,0.256575
1.1936,16.2231,16.2231,2,32.4462,34.9614,24.1558,2.24839,0.287506
1.1938,17.7929,17.7929,1.35454,24.1013,34.9614,24.0944,1.35454,0.270288
1.194,19.0757,19.0757,1.97254,37.6275,34.9614,24.1364,1.97254,0.257895
1.1942,16.6086,16.6086,1.97892,32.8672,34.9614,24.1375,1.97892,0.273333
1.1944,17.8104,17.8104,1.63686,29.153,34.9614,24.1136,1.63686,0.280916
1.1946,17.1792,17.1792,2,34.3584,34.9614,24.1457,2.105,0.298929
1.1948,17.4743,17.4743,1.61689,28.2541,34.9614,24.1124,1.61689,0.272755
1.195,19.4219,19.4219,1.73708,33.7373,34.9614,24.1203,1.73708,0.23793
1.1952,17.0186,17.0186,2,34.0371,34.9614,24.1473,2.12548,0.273333
1.1954,17.0535,17.0535,1.62848,27.7712,34.9614,24.1133,1.62848,0.284167
1.1956,15.2976,15.2976,2,30.5952,34.9614,24.157,2.27406,0.360853
1.1958,18.236,18.236,1.18626,21.6326,34.9614,24.0828,1.18626,0.272499
1.196,18.308,18.308,2,36.616,34.9614,24.1543,2.2346,0.285416
1.1962,16.4082,16.4082,1.72085,28.236,34.9614,24.1199,1.72085,0.273333
1.1964,18.968,18.968,1.686,31.98,34.9614,24.1168,1.686,0.267033
1.1966,14.1902,14.1902,2,28.3804,34.9614,24.1716,2.48904,0.35554
1.1968,18.3998,18.3998,0.855873,15.7479,34.9614,24.0602,0.855873,0.27282
1.197,19.0558,19.0558,2,38.1115,34.9614,24.1492,2.16156,0.27321
1.1972,16.1519,16.1519,1.87516,30.2874,34.9614,24.1305,1.87516,0.273333
1.1974,18.7721,18.7721,1.56343,29.3488,34.9614,24.1084,1.56343,0.268201
1.1976,15.7708,15.7708,2,31.5417,34.9614,24.1653,2.39524,0.325941
1.1978,17.5782,17.5782,1.19654,21.0331,34.9614,24.0837,1.19654,0.27399
1.198,19.1229,19.1229,2,38.2458,34.9614,24.1407,2.0359,0.267159
1.1982,16.4385,16.4385,1.95036,32.061,34.9614,24.1355,1.95036,0.273333
1.1984,18.2587,18.2587,1.59057,29.0418,34.9614,24.1104,1.59057,0.273143
1.1986,18.5938,18.5938,1.94867,36.2331,34.9614,24.135,1.94867,0.254138
1.1988,17.0297,17.0297,1.92033,32.7027,34.9614,24.1334,1.92033,0.271291
1.199,17.6624,17.6624,1.74482,30.8177,34.9614,24.1211,1.74482,0.281694
1.1992,17.9726,17.9726,1.90423,34.224,34.9614,24.1319,1.90423,0.273333
1.1994,17.4216,17.4216,1.86576,32.5046,34.9614,24.1295,1.86576,0.273333
1.1996,6.20685,6.20685,2,12.4137,34.9614,24.2033,3.07947,0.566667
1.1998,15.337,15.337,0.0296465,0.454687,34.9614,24.0044,0.0296465,0.416667
1.2,20.6452,20.6452,1.57496,32.5154,34.9614,24.1087,1.57496,0.266667
1.2002,20.9146,20.9146,1.08991,22.7951,34.9614,24.0761,1.08991,0.116667
1.2004,17.9071,17.9071,2,35.8143,34.9614,24.1602,2.31493,0.273333
1.2006,10.7215,10.7215,2,21.443,34.9614,24.1525,2.20788,0.416667
1.2008,16.9647,16.9647,0.89914,15.2536,34.9614,24.0627,0.89914,0.384568
1.201,19.4751,19.4751,2,38.9501,34.9614,24.1407,2.03902,0.276232
1.2012,16.5,16.5,1.96024,32.3439,34.9614,24.1364,1.96024,0.266667
1.2014,18.2016,18.2016,1.59681,29.0645,34.9614,24.1108,1.59681,0.273333
1.2016,17.8085,17.8085,2,35.617,34.9614,24.1434,2.0725,0.277943
1.2018,14.6284,14.6284,2,29.2568,34.9614,24.1396,2.0109,0.336176
1.202,19.0639,19.0639,1.26008,24.0221,34.9614,24.0876,1.26008,0.277407
1.2022,15.4912,15.4912,2,30.9823,34.9614,24.1831,2.66138,0.348526
1.2024,17.1198,17.1198,0.971461,16.6313,34.9614,24.0684,0.971461,0.273333
1.2026,20.6078,20.6078,1.45775,30.0409,34.9614,24.1011,1.45775,0.207384
1.2028,16.1116,16.1116,2,32.2231,34.9614,24.1688,2.44124,0.301798
1.203,17.0976,17.0976,1.24006,21.202,34.9614,24.0868,1.24006,0.277767
1.2032,17.4847,17.4847,2,34.9695,34.9614,24.1602,2.32686,0.326416
1.2034,16.6825,16.6825,1.53162,25.5513,34.9614,24.1069,1.53162,0.273333
1.2036,18.0745,18.0745,1.99067,35.9804,34.9614,24.1377,1.99067,0.299765
1.2038,13.7413,13.7413,2,27.4826,34.9614,24.1526,2.20404,0.359877
1.204,19.2972,19.2972,0.965308,18.6278,34.9614,24.0674,0.965308,0.273632
1.2042,17.7592,17.7592,2,35.5184,34.9614,24.1683,2.43761,0.3007
1.2044,16.2419,16.2419,1.50391,24.4264,34.9614,24.1051,1.50391,0.273333
1.2046,17.0224,17.0224,2,34.0448,34.9614,24.146,2.11447,0.337568
1.2048,13.0707,13.0707,2,26.1415,34.9614,24.1427,2.06058,0.385209
1.205,19.8854,19.8854,0.944634,18.7844,34.9614,24.0658,0.944634,0.275835
1.2052,19.424,19.424,1.97113,38.2871,34.9614,24.1364,1.97113,0.236932
1.2054,16.4152,16.4152,2,32.8304,34.9614,24.1403,2.02065,0.273333
1.2056,16.686,16.686,1.70278,28.4126,34.9614,24.1181,1.70278,0.310268
1.2058,18.9587,18.9587,1.72089,32.6259,34.9614,24.1192,1.72089,0.263355
1.206,17.1325,17.1325,2,34.2649,34.9614,24.146,2.10543,0.277468
1.2062,19.2258,19.2258,1.39017,26.7271,34.9614,24.0968,1.39017,0.224293
1.2064,17.8664,17.8664,2,35.7328,34.9614,24.1531,2.21158,0.273333
1.2066,18.1649,18.1649,1.50776,27.3883,34.9614,24.1051,1.50776,0.236343
1.2068,20.0105,20.0105,1.62257,32.4684,34.9614,24.1126,1.62257,0.205176
1.207,17.0932,17.0932,2,34.1864,34.9614,24.1524,2.20042,0.271083
1.2072,18.9645,18.9645,1.34692,25.5436,34.9614,24.0939,1.34692,0.227135
1.2074,18.0665,18.0665,2,36.133,34.9614,24.1521,2.19883,0.273333
1.2076,18.7357,18.7357,1.46024,27.3585,34.9614,24.1017,1.46024,0.217629
1.2078,17.7586,17.7586,2,35.5171,34.9614,24.1514,2.18659,0.279112
1.208,16.893,16.893,1.66276,28.089,34.9614,24.1157,1.66276,0.273136
1.2082,17.6848,17.6848,1.95204,34.5215,34.9614,24.135,1.95204,0.299094
1.2084,17.4895,17.4895,1.79281,31.3553,34.9614,24.1245,1.79281,0.273333
1.2086,18.4395,18.4395,1.78787,32.9676,34.9614,24.124,1.78787,0.260225
1.2088,17.0956,17.0956,2,34.1913,34.9614,24.141,2.03433,0.281976
1.209,17.4415,17.4415,1.67364,29.1907,34.9614,24.1163,1.67364,0.278441
1.2092,19.2243,19.2243,1.74069,33.4635,34.9614,24.1207,1.74069,0.242767
1.2094,17.0946,17.0946,2,34.1892,34.9614,24.1459,2.10408,0.273333
1.2096,17.4881,17.4881,1.60851,28.1298,34.9614,24.1119,1.60851,0.273333
1.2098,6.83146,6.83146,2,13.6629,34.9614,24.2149,3.26089,0.566667
1.21,14.6986,14.6986,0.00825663,0.121361,34.9614,24.0031,0.00825663,0.416667
1.2102,20.7378,20.7378,1.51238,31.3633,34.9614,24.1044,1.51238,0.266667
1.2104,20.9458,20.9458,1.07637,22.5455,34.9614,24.0751,1.07637,0.116667
1.2106,17.9242,17.9242,2,35.8484,34.9614,24.1601,2.31619,0.273333
1.2108,10.6911,10.6911,2,21.3822,34.9614,24.1524,2.20667,0.416667
1.211,17.222,17.222,0.869249,14.9702,34.9614,24.0607,0.869249,0.378586
1.2112,19.421,19.421,2,38.8421,34.9614,24.1425,2.06258,0.275574
1.2114,16.4511,16.4511,1.94526,32.0017,34.9614,24.1353,1.94526,0.266667
1.2116,18.2585,18.2585,1.59928,29.2003,34.9614,24.111,1.59928,0.273333
1.2118,18.1673,18.1673,2,36.3346,34.9614,24.1397,2.0177,0.266667
1.212,15.0017,15.0017,2,30.0033,34.9614,24.1424,2.0549,0.32476
1.2122,18.7974,18.7974,1.29046,24.2572,34.9614,24.0897,1.29046,0.276035
1.2124,15.527,15.527,2,31.0539,34.9614,24.1811,2.62837,0.349421
1.2126,17.1791,17.1791,0.998003,17.1448,34.9614,24.0702,0.998003,0.273333
1.2128,20.6336,20.6336,1.43588,29.6274,34.9614,24.0996,1.43588,0.203524
1.213,16.123,16.123,2,32.246,34.9614,24.1696,2.45338,0.302578
1.2132,17.2134,17.2134,1.21834,20.9718,34.9614,24.0853,1.21834,0.273815
1.2134,18.2358,18.2358,2,36.4716,34.9614,24.1529,2.21851,0.303216
1.2136,16.4937,16.4937,1.72108,28.387,34.9614,24.1198,1.72108,0.273333
1.2138,16.1277,16.1277,2,32.2555,34.9614,24.1414,2.04346,0.342305
1.214,14.4919,14.4919,1.88479,27.3142,34.9614,24.1303,1.88479,0.36875
1.2142,19.5224,19.5224,1.29213,25.2254,34.9614,24.0897,1.29213,0.27358
1.2144,18.7991,18.7991,2,37.5982,34.9614,24.1424,2.05641,0.245045
1.2146,16.56,16.56,1.89886,31.4452,34.9614,24.132,1.89886,0.273333
1.2148,17.3461,17.3461,1.75681,30.4738,34.9614,24.1218,1.75681,0.298833
1.215,16.6363,16.6363,2,33.2726,34.9614,24.1411,2.0361,0.313414
1.2152,17.8159,17.8159,1.58699,28.2738,34.9614,24.1103,1.58699,0.276518
1.2154,19.1343,19.1343,1.83088,35.0327,34.9614,24.1268,1.83088,0.243899
1.2156,16.9271,16.9271,2,33.8543,34.9614,24.1427,2.05734,0.273333
1.2158,19.2604,19.2604,1.4096,27.1494,34.9614,24.098,1.4096,0.229721
1.216,13.902,13.902,2,27.8039,34.9614,24.19,2.75987,0.376735
1.2162,17.7971,17.7971,0.636746,11.3323,34.9614,24.0454,0.636746,0.275459
1.2164,20.0474,20.0474,1.8204,36.4943,34.9614,24.1258,1.8204,0.245913
1.2166,16.4995,16.4995,2,32.999,34.9614,24.1491,2.14864,0.273333
1.2168,20.0966,20.0966,1.15686,23.2489,34.9614,24.0806,1.15686,0.203356
1.217,16.0014,16.0014,2,32.0027,34.9614,24.1825,2.64415,0.329528
1.2172,16.8137,16.8137,1.06781,17.9539,34.9614,24.0751,1.06781,0.27366
1.2174,19.6362,19.6362,1.92625,37.8242,34.9614,24.133,1.92625,0.264982
1.2176,16.4342,16.4342,2,32.8683,34.9614,24.1435,2.06601,0.273333
1.2178,15.5899,15.5899,1.77863,27.7287,34.9614,24.1235,1.77863,0.334504
1.218,17.0592,17.0592,1.80276,30.7535,34.9614,24.1248,1.80276,0.33002
1.2182,18.0963,18.0963,1.79327,32.4516,34.9614,24.1243,1.79327,0.276313
1.2184,18.3243,18.3243,1.84385,33.7873,34.9614,24.1279,1.84385,0.253278
1.2186,17.3575,17.3575,1.94791,33.811,34.9614,24.1351,1.94791,0.273333
1.2188,20.3685,20.3685,1.27747,26.0201,34.9614,24.0889,1.27747,0.184504
1.219,17.5381,17.5381,2,35.0762,34.9614,24.1603,2.318,0.277025
1.2192,16.6562,16.6562,1.54629,25.7554,34.9614,24.1079,1.54629,0.273646
1.2194,19.4394,19.4394,1.74237,33.8707,34.9614,24.1206,1.74237,0.2557
1.2196,16.9745,16.9745,2,33.949,34.9614,24.1476,2.1291,0.273333
1.2198,17.5016,17.5016,1.57168,27.5068,34.9614,24.1093,1.57168,0.273333
1.22,6.92999,6.92999,2,13.86,34.9614,24.2167,3.29085,0.566667
1.2202,14.5959,14.5959,0.00511456,0.0746515,34.9614,24.0029,0.00511456,0.416667
1.2204,20.7536,20.7536,1.50171,31.1658,34.9614,24.1036,1.50171,0.266667
1.2206,20.9499,20.9499,1.07429,22.5063,34.9614,24.075,1.07429,0.116667
1.2208,17.9329,17.9329,2,35.8658,34.9614,24.1601,2.31614,0.273333
1.221,10.6786,10.6786,2,21.3572,34.9614,24.1525,2.2098,0.416667
1.2212,16.9605,16.9605,0.891436,15.1192,34.9614,24.0622,0.891436,0.385306
1.2214,19.4261,19.4261,2,38.8521,34.9614,24.142,2.05923,0.278855
1.2216,20.0046,20.0046,1.38635,27.7333,34.9614,24.0966,1.38635,0.160825
1.2218,17.5489,17.5489,2,35.0977,34.9614,24.1567,2.26536,0.273333
1.222,15.6895,15.6895,1.69825,26.6447,34.9614,24.1184,1.69825,0.301297
1.2222,20.2034,20.2034,1.39562,28.1962,34.9614,24.0968,1.39562,0.235306
1.2224,17.1704,17.1704,2,34.3408,34.9614,24.1606,2.32133,0.281235
1.2226,16.3254,16.3254,1.54489,25.221,34.9614,24.1077,1.54489,0.288225
1.2228,19.1114,19.1114,1.78993,34.2079,34.9614,24.1238,1.78993,0.273333
1.223,18.3154,18.3154,1.88808,34.581,34.9614,24.1311,1.88808,0.238122
1.2232,12.8429,12.8429,2,25.6857,34.9614,24.1668,2.41581,0.385306
1.2234,19.6291,19.6291,0.636516,12.4943,34.9614,24.0448,0.636516,0.265901
1.2236,21.3102,21.3102,0.876893,18.6867,34.9614,24.0612,0.876893,0.138224
1.2238,18.2586,18.2586,2,36.5171,34.9614,24.1593,2.30507,0.273333
1.224,18.6205,18.6205,1.40298,26.1241,34.9614,24.0979,1.40298,0.211385
1.2242,17.1538,17.1538,2,34.3077,34.9614,24.1602,2.31772,0.301563
1.2244,17.4976,17.4976,1.42034,24.8524,34.9614,24.0991,1.42034,0.258741
1.2246,19.4822,19.4822,1.83013,35.6549,34.9614,24.1267,1.83013,0.244124
1.2248,16.7499,16.7499,2,33.4997,34.9614,24.1451,2.09177,0.273333
1.225,19.268,19.268,1.36542,26.3089,34.9614,24.095,1.36542,0.230472
1.2252,19.7899,19.7899,1.73443,34.3241,34.9614,24.1203,1.73443,0.205524
1.2254,16.0913,16.0913,2,32.1827,34.9614,24.1565,2.25577,0.293081
1.2256,15.3279,15.3279,1.59466,24.4427,34.9614,24.1109,1.59466,0.334579
1.2258,19.5621,19.5621,1.59522,31.2059,34.9614,24.1103,1.59522,0.273333
1.226,18.7561,18.7561,1.9286,36.173,34.9614,24.1338,1.9286,0.229101
1.2262,16.6732,16.6732,1.99064,33.1903,34.9614,24.1382,1.99064,0.279238
1.2264,18.0401,18.0401,1.60569,28.9668,34.9614,24.1115,1.60569,0.272953
1.2266,20.3686,20.3686,1.44101,29.3514,34.9614,24.1001,1.44101,0.184579
1.2268,17.2913,17.2913,2,34.5826,34.9614,24.1575,2.2745,0.273333
1.227,16.8814,16.8814,1.5381,25.9653,34.9614,24.1072,1.5381,0.274722
1.2272,19.2539,19.2539,1.79769,34.6125,34.9614,24.1244,1.79769,0.258652
1.2274,17.3358,17.3358,2,34.6716,34.9614,24.1411,2.03394,0.262988
1.2276,17.4686,17.4686,1.69387,29.5896,34.9614,24.1178,1.69387,0.274433
1.2278,18.1984,18.1984,1.89948,34.5674,34.9614,24.1315,1.89948,0.273333
1.228,16.8076,16.8076,1.95902,32.9263,34.9614,24.1359,1.95902,0.286053
1.2282,18.3243,18.3243,1.6118,29.5351,34.9614,24.1119,1.6118,0.265123
1.2284,17.6512,17.6512,2,35.3024,34.9614,24.1445,2.08771,0.279379
1.2286,17.3911,17.3911,1.68369,29.2813,34.9614,24.1171,1.68369,0.267847
1.2288,18.2646,18.2646,1.89258,34.5672,34.9614,24.131,1.89258,0.273333
1.229,18.3741,18.3741,1.77084,32.5376,34.9614,24.123,1.77084,0.243288
1.2292,17.3532,17.3532,2,34.7063,34.9614,24.1394,2.01152,0.277154
1.2294,17.5295,17.5295,1.70908,29.9593,34.9614,24.1187,1.70908,0.2738
1.2296,18.8652,18.8652,1.78508,33.6758,34.9614,24.1237,1.78508,0.251091
1.2298,17.1922,17.1922,2,34.3844,34.9614,24.142,2.04776,0.273333
1.23,17.5642,17.5642,1.65824,29.1257,34.9614,24.1152,1.65824,0.273333
1.2302,6.66067,6.66067,2,13.3213,34.9614,24.2134,3.23734,0.566667
1.2304,14.7866,14.7866,0.0108973,0.161134,34.9614,24.0033,0.0108973,0.416667
1.2306,20.7258,20.7258,1.52089,31.5216,34.9614,24.105,1.52089,0.266667
1.2308,20.9395,20.9395,1.07908,22.5954,34.9614,24.0753,1.07908,0.116667
1.231,17.9192,17.9192,2,35.8383,34.9614,24.1601,2.31598,0.273333
1.2312,10.6872,10.6872,2,21.3744,34.9614,24.1526,2.20741,0.416667
1.2314,16.7745,16.7745,0.915052,15.3496,34.9614,24.0638,0.915052,0.38984
1.2316,19.6572,19.6572,1.96846,38.6944,34.9614,24.1358,1.96846,0.270801
1.2318,18.1254,18.1254,1.81204,32.8441,34.9614,24.126,1.81204,0.225417
1.232,17.5596,17.5596,1.93755,34.0227,34.9614,24.1343,1.93755,0.273333
1.2322,17.6691,17.6691,1.77317,31.3303,34.9614,24.1231,1.77317,0.271586
1.2324,18.1495,18.1495,1.85686,33.7011,34.9614,24.1287,1.85686,0.266598
1.2326,17.379,17.379,1.92208,33.4039,34.9614,24.1333,1.92208,0.274622
1.2328,15.2833,15.2833,2,30.5665,34.9614,24.141,2.0384,0.336669
1.233,18.7615,18.7615,1.33905,25.1225,34.9614,24.093,1.33905,0.273333
1.2332,20.0359,20.0359,1.65657,33.1909,34.9614,24.1149,1.65657,0.201636
1.2334,19.0219,19.0219,1.83612,34.9265,34.9614,24.1275,1.83612,0.211256
1.2336,17.1451,17.1451,2,34.2903,34.9614,24.1401,2.01943,0.268889
1.2338,18.7958,18.7958,1.5279,28.7182,34.9614,24.1062,1.5279,0.242214
1.234,17.7957,17.7957,2,35.5914,34.9614,24.1482,2.13964,0.273333
1.2342,17.2871,17.2871,1.66264,28.7422,34.9614,24.1157,1.66264,0.265075
1.2344,19.1855,19.1855,1.74867,33.5492,34.9614,24.1212,1.74867,0.247538
1.2346,17.2218,17.2218,2,34.4437,34.9614,24.1445,2.08119,0.269743
1.2348,19.2015,19.2015,1.42493,27.3609,34.9614,24.0992,1.42493,0.225169
1.235,17.8098,17.8098,2,35.6196,34.9614,24.1524,2.20259,0.273333
1.2352,14.7809,14.7809,1.87732,27.7485,34.9614,24.1304,1.87732,0.324241
1.2354,20.1163,20.1163,1.22083,24.5586,34.9614,24.0847,1.22083,0.247802
1.2356,17.6984,17.6984,2,35.3968,34.9614,24.1602,2.31783,0.278074
1.2358,15.6663,15.6663,1.66574,26.0961,34.9614,24.1161,1.66574,0.29613
1.236,19.2765,19.2765,1.62114,31.25,34.9614,24.1122,1.62114,0.273333
1.2362,14.8494,14.8494,2,29.6988,34.9614,24.1714,2.47947,0.33857
1.2364,18.9305,18.9305,0.874829,16.561,34.9614,24.0614,0.874829,0.248242
1.2366,18.6211,18.6211,2,37.2422,34.9614,24.1568,2.27247,0.281739
1.2368,16.8,16.8,1.67296,28.1057,34.9614,24.1166,1.67296,0.256065
1.237,18.6259,18.6259,1.80612,33.6406,34.9614,24.125,1.80612,0.273333
1.2372,18.092,18.092,1.89617,34.3056,34.9614,24.1316,1.89617,0.250717
1.2374,16.6449,16.6449,1.97399,32.857,34.9614,24.1369,1.97399,0.292393
1.2376,18.071,18.071,1.61344,29.1566,34.9614,24.112,1.61344,0.273446
1.2378,18.9768,18.9768,1.85431,35.189,34.9614,24.1285,1.85431,0.243283
1.238,16.9715,16.9715,2,33.9429,34.9614,24.1407,2.0252,0.273333
1.2382,19.4885,19.4885,1.40285,27.3395,34.9614,24.0976,1.40285,0.223254
1.2384,17.0309,17.0309,2,34.0618,34.9614,24.162,2.3443,0.29293
1.2386,16.8111,16.8111,1.45446,24.4512,34.9614,24.1015,1.45446,0.276184
1.2388,19.413,19.413,1.81059,35.149,34.9614,24.1252,1.81059,0.258128
1.239,16.8286,16.8286,2,33.6571,34.9614,24.1456,2.09645,0.273333
1.2392,17.2579,17.2579,1.61201,27.82,34.9614,24.1121,1.61201,0.283838
1.2394,19.0938,19.0938,1.80008,34.3704,34.9614,24.1248,1.80008,0.253729
1.2396,16.9104,16.9104,2,33.8208,34.9614,24.1443,2.08057,0.276489
1.2398,17.1859,17.1859,1.64574,28.2836,34.9614,24.1144,1.64574,0.285686
1.24,18.4539,18.4539,1.88128,34.717,34.9614,24.1302,1.88128,0.273333
1.2402,17.1933,17.1933,1.94592,33.4569,34.9614,24.135,1.94592,0.273333
1.2404,6.1407,6.1407,2,12.2814,34.9614,24.1973,2.9873,0.566667
1.2406,15.6578,15.6578,0.0494325,0.774006,34.9614,24.0056,0.0494325,0.416667
1.2408,20.5967,20.5967,1.60523,33.0624,34.9614,24.1108,1.60523,0.266667
1.241,20.901,20.901,1.09542,22.8953,34.9614,24.0764,1.09542,0.116667
1.2412,17.9014,17.9014,2,35.8028,34.9614,24.1598,2.31102,0.273333
1.2414,5.61911,5.61911,2,11.2382,34.9614,24.1848,2.76319,0.544092
1.2416,17.3624,17.3624,0.0637853,1.10746,34.9614,24.0062,0.0637853,0.355243
1.2418,20.0492,20.0492,1.9165,38.4243,34.9614,24.1322,1.9165,0.27932
1.242,17.4163,17.4163,1.95719,34.087,34.9614,24.136,1.95719,0.243242
1.2422,17.6467,17.6467,1.74993,30.8806,34.9614,24.1215,1.74993,0.273333
1.2424,13.274,13.274,2,26.5479,34.9614,24.1679,2.43776,0.394092
1.2426,20.2631,20.2631,0.573445,11.6198,34.9614,24.0404,0.573445,0.237204
1.2428,18.6696,18.6696,2,37.3391,34.9614,24.1595,2.31078,0.285037
1.243,12.3647,12.3647,2,24.7294,34.9614,24.1464,2.11192,0.363589
1.2432,20.2279,20.2279,0.774373,15.6639,34.9614,24.0541,0.774373,0.273333
1.2434,19.2635,19.2635,2,38.5269,34.9614,24.1427,2.06364,0.2505
1.2436,17.2662,17.2662,1.83721,31.7215,34.9614,24.1278,1.83721,0.247952
1.2438,17.6389,17.6389,1.84099,32.4731,34.9614,24.1276,1.84099,0.283311
1.244,19.6982,19.6982,1.53952,30.3258,34.9614,24.1069,1.53952,0.213589
1.2442,17.3325,17.3325,2,34.665,34.9614,24.1534,2.21557,0.273333
1.2444,18.9059,18.9059,1.36314,25.7714,34.9614,24.095,1.36314,0.224118
1.2446,16.7545,16.7545,2,33.5091,34.9614,24.1662,2.40812,0.31089
1.2448,17.0349,17.0349,1.34263,22.8716,34.9614,24.0938,1.34263,0.270798
1.245,21.1545,21.1545,1.00118,21.1794,34.9614,24.0698,1.00118,0.153403
1.2452,18.0362,18.0362,2,36.0724,34.9614,24.1602,2.31537,0.273333
1.2454,18.3523,18.3523,1.40829,25.8453,34.9614,24.0983,1.40829,0.22168
1.2456,15.6478,15.6478,2,31.2955,34.9614,24.1732,2.51015,0.345283
1.2458,17.4343,17.4343,1.09219,19.0416,34.9614,24.0766,1.09219,0.2724
1.246,18.3127,18.3127,2,36.6255,34.9614,24.1573,2.27942,0.303403
1.2462,16.2819,16.2819,1.6919,27.5475,34.9614,24.1179,1.6919,0.273333
1.2464,19.4257,19.4257,1.62019,31.4732,34.9614,24.1122,1.62019,0.255679
1.2466,15.0806,15.0806,2,30.1612,34.9614,24.1699,2.46112,0.33104
1.2468,17.4057,17.4057,1.08147,18.8237,34.9614,24.0758,1.08147,0.285573
1.247,17.0909,17.0909,2,34.1818,34.9614,24.1726,2.50973,0.341168
1.2472,16.4752,16.4752,1.34411,22.1444,34.9614,24.0941,1.34411,0.273333
1.2474,19.4473,19.4473,1.85669,36.1076,34.9614,24.1283,1.85669,0.268039
1.2476,16.7551,16.7551,2,33.5103,34.9614,24.1438,2.07221,0.27246
1.2478,17.9511,17.9511,1.5507,27.8368,34.9614,24.1078,1.5507,0.268679
1.248,19.8767,19.8767,1.65353,32.8669,34.9614,24.1147,1.65353,0.213483
1.2482,16.9907,16.9907,2,33.9813,34.9614,24.1521,2.19455,0.273333
1.2484,18.2251,18.2251,1.43223,26.1025,34.9614,24.0998,1.43223,0.2499
1.2486,17.9664,17.9664,2,35.9328,34.9614,24.1492,2.15851,0.282694
1.2488,16.0981,16.0981,1.7931,28.8655,34.9614,24.1247,1.7931,0.291722
1.249,20.2353,20.2353,1.34898,27.2971,34.9614,24.0937,1.34898,0.221847
1.2492,17.5403,17.5403,2,35.0805,34.9614,24.158,2.28296,0.273333
1.2494,17.7156,17.7156,1.46564,25.9648,34.9614,24.1022,1.46564,0.248823
1.2496,18.5791,18.5791,2,37.1582,34.9614,24.1393,2.01375,0.270274
1.2498,16.8185,16.8185,1.88964,31.7808,34.9614,24.1313,1.88964,0.272917
1.25,16.6359,16.6359,1.86711,31.061,34.9614,24.1295,1.86711,0.313415
1.2502,18.3191,18.3191,1.67377,30.662,34.9614,24.1161,1.67377,0.273333
1.2504,17.7482,17.7482,2,35.4965,34.9614,24.1407,2.02982,0.273333
1.2506,5.5615,5.5615,2,11.123,34.9614,24.2002,3.02502,0.566667
1.2508,15.4419,15.4419,0.0360732,0.557038,34.9614,24.0048,0.0360732,0.416667
1.251,20.6311,20.6311,1.58328,32.6649,34.9614,24.1092,1.58328,0.266667
1.2512,20.9108,20.9108,1.09124,22.8188,34.9614,24.0761,1.09124,0.116667
1.2514,17.9082,17.9082,2,35.8164,34.9614,24.16,2.31446,0.273333
1.2516,4.84292,4.84292,2,9.68584,34.9614,24.188,2.84398,0.563221
1.2518,16.9447,16.9447,0.022688,0.384441,34.9614,24.0036,0.022688,0.342848
1.252,20.304,20.304,1.77919,36.1247,34.9614,24.1227,1.77919,0.271269
1.2522,19.8034,19.8034,1.57021,31.0954,34.9614,24.1092,1.57021,0.172073
1.2524,17.2151,17.2151,2,34.4302,34.9614,24.1535,2.216,0.273333
1.2526,11.5555,11.5555,2,23.111,34.9614,24.1477,2.14421,0.413221
1.2528,21.6072,21.6072,0.295871,6.39294,34.9614,24.021,0.295871,0.214763
1.253,19.1524,19.1524,2,38.3049,34.9614,24.1515,2.19533,0.276115
1.2532,14.4683,14.4683,2,28.9365,34.9614,24.1415,2.03191,0.311698
1.2534,19.2557,19.2557,1.1994,23.0953,34.9614,24.0834,1.1994,0.273333
1.2536,18.5228,18.5228,2,37.0455,34.9614,24.1499,2.16624,0.263221
1.2538,12.8129,12.8129,2,25.6258,34.9614,24.1514,2.1823,0.364763
1.254,19.8594,19.8594,0.813169,16.1491,34.9614,24.0568,0.813169,0.273795
1.2542,20.2722,20.2722,1.62113,32.8639,34.9614,24.1124,1.62113,0.202718
1.2544,16.9044,16.9044,2,33.8088,34.9614,24.1546,2.23032,0.273333
1.2546,19.873,19.873,1.16718,23.1954,34.9614,24.0814,1.16718,0.199888
1.2548,14.739,14.739,2,29.4779,34.9614,24.1942,2.82716,0.36442
1.255,17.1229,17.1229,0.731549,12.5263,34.9614,24.0521,0.731549,0.274451
1.2552,21.352,21.352,0.865251,18.4748,34.9614,24.0603,0.865251,0.155513
1.2554,18.2707,18.2707,2,36.5414,34.9614,24.1593,2.30703,0.273333
1.2556,15.3076,15.3076,1.76788,27.0621,34.9614,24.1231,1.76788,0.296887
1.2558,19.4647,19.4647,1.47531,28.7164,34.9614,24.1022,1.47531,0.267667
1.256,17.5703,17.5703,2,35.1406,34.9614,24.1533,2.21538,0.273468
1.2562,18.2019,18.2019,1.47359,26.8221,34.9614,24.1027,1.47359,0.239782
1.2564,18.2059,18.2059,2,36.4117,34.9614,24.1448,2.09223,0.273333
1.2566,17.2579,17.2579,1.74335,30.0866,34.9614,24.1213,1.74335,0.262016
1.2568,19.6793,19.6793,1.588,31.2506,34.9614,24.1102,1.588,0.225707
1.257,17.1159,17.1159,2,34.2318,34.9614,24.1537,2.21898,0.276322
1.2572,16.2453,16.2453,1.64022,26.6458,34.9614,24.1141,1.64022,0.29722
1.2574,19.0009,19.0009,1.73237,32.9166,34.9614,24.1199,1.73237,0.273333
1.2576,18.1784,18.1784,1.94643,35.3829,34.9614,24.135,1.94643,0.247003
1.2578,18.2597,18.2597,1.73965,31.7656,34.9614,24.1209,1.73965,0.244752
1.258,17.637,17.637,1.99116,35.118,34.9614,24.1381,1.99116,0.27333
1.2582,15.4702,15.4702,1.97834,30.6054,34.9614,24.1372,1.97834,0.323135
1.2584,18.7827,18.7827,1.40848,26.4551,34.9614,24.0978,1.40848,0.273333
1.2586,17.7758,17.7758,2,35.5516,34.9614,24.1531,2.21305,0.281234
1.2588,16.2551,16.2551,1.70707,27.7485,34.9614,24.1188,1.70707,0.286977
1.259,18.7576,18.7576,1.71731,32.2126,34.9614,24.1189,1.71731,0.276675
1.2592,17.509,17.509,2,35.0179,34.9614,24.1419,2.0484,0.270336
1.2594,17.3735,17.3735,1.70784,29.6711,34.9614,24.1187,1.70784,0.273333
1.2596,17.58,17.58,1.96427,34.5319,34.9614,24.136,1.96427,0.291184
1.2598,18.0814,18.0814,1.70337,30.7992,34.9614,24.1183,1.70337,0.258574
1.26,17.8683,17.8683,1.97778,35.3396,34.9614,24.137,1.97778,0.271854
1.2602,19.4397,19.4397,1.51091,29.3716,34.9614,24.105,1.51091,0.212102
1.2604,17.5186,17.5186,2,35.0371,34.9614,24.1525,2.2034,0.273333
1.2606,16.9742,16.9742,1.61214,27.3648,34.9614,24.1123,1.61214,0.273333
1.2608,7.17097,7.17097,2,14.3419,34.9614,24.2091,3.17357,0.566667
1.261,14.9956,14.9956,0.0172988,0.259406,34.9614,24.0036,0.0172988,0.416667
1.2612,20.6938,20.6938,1.5426,31.9222,34.9614,24.1064,1.5426,0.266667
1.2614,20.9291,20.9291,1.08402,22.6876,34.9614,24.0756,1.08402,0.116667
1.2616,17.9205,17.9205,2,35.841,34.9614,24.1601,2.31596,0.273333
1.2618,8.11799,8.11799,2,16.236,34.9614,24.1698,2.48724,0.480774
1.262,18.7527,18.7527,0.215155,4.03474,34.9614,24.0161,0.215155,0.358278
1.2622,19.6676,19.6676,2,39.3351,34.9614,24.1417,2.05461,0.276688
1.2624,20.0671,20.0671,1.37272,27.5465,34.9614,24.0957,1.37272,0.15465
1.2626,17.5642,17.5642,2,35.1285,34.9614,24.1572,2.26926,0.273333
1.2628,14.4959,14.4959,1.81828,26.3577,34.9614,24.1264,1.81828,0.330774
1.263,19.9766,19.9766,1.27043,25.3788,34.9614,24.0881,1.27043,0.261223
1.2632,17.6595,17.6595,2,35.319,34.9614,24.1595,2.30535,0.277615
1.2634,18.6636,18.6636,1.34622,25.1253,34.9614,24.094,1.34622,0.220202
1.2636,18.2113,18.2113,2,36.4226,34.9614,24.1501,2.17055,0.273333
1.2638,19.7022,19.7022,1.34095,26.4198,34.9614,24.0934,1.34095,0.186496
1.264,18.7169,18.7169,2,37.4337,34.9614,24.1422,2.05432,0.243164
1.2642,16.6442,16.6442,1.88434,31.3633,34.9614,24.131,1.88434,0.272158
1.2644,17.1462,17.1462,1.79942,30.8532,34.9614,24.1247,1.79942,0.303437
1.2646,18.1593,18.1593,1.79739,32.6394,34.9614,24.1246,1.79739,0.273333
1.2648,20.9122,20.9122,1.09125,22.8204,34.9614,24.0761,1.09125,0.140234
1.265,13.4537,13.4537,2,26.9073,34.9614,24.2086,3.03874,0.393164
1.2652,17.4854,17.4854,0.357769,6.25572,34.9614,24.0264,0.357769,0.272505
1.2654,20.241,20.241,1.76152,35.6549,34.9614,24.1217,1.76152,0.251999
1.2656,16.5552,16.5552,2,33.1104,34.9614,24.1516,2.18539,0.273333
1.2658,17.1647,17.1647,1.51421,25.991,34.9614,24.1054,1.51421,0.285107
1.266,17.2604,17.2604,2,34.5209,34.9614,24.1486,2.14962,0.315266
1.2662,17.2111,17.2111,1.61554,27.8052,34.9614,24.1124,1.61554,0.27504
1.2664,19.9359,19.9359,1.59095,31.717,34.9614,24.1103,1.59095,0.221658
1.2666,17.11,17.11,2,34.22,34.9614,24.1537,2.21704,0.273333
1.2668,16.6675,16.6675,1.59542,26.5916,34.9614,24.1111,1.59542,0.286811
1.267,17.7012,17.7012,1.9882,35.1935,34.9614,24.1374,1.9882,0.306467
1.2672,17.2271,17.2271,1.79664,30.951,34.9614,24.1248,1.79664,0.277727
1.2674,17.4425,17.4425,1.8954,33.0606,34.9614,24.1313,1.8954,0.29186
1.2676,17.7612,17.7612,1.78994,31.7914,34.9614,24.1242,1.78994,0.273333
1.2678,18.9218,18.9218,1.7307,32.748,34.9614,24.1201,1.7307,0.240947
1.268,15.9628,15.9628,2,31.9256,34.9614,24.1552,2.24327,0.307928
1.2682,17.8425,17.8425,1.32788,23.6927,34.9614,24.0926,1.32788,0.27376
1.2684,19.7814,19.7814,1.77415,35.095,34.9614,24.1229,1.77415,0.229108
1.2686,16.7516,16.7516,2,33.5033,34.9614,24.1485,2.14163,0.273333
1.2688,18.6978,18.6978,1.39914,26.1609,34.9614,24.0974,1.39914,0.244106
1.269,18.7444,18.7444,2,37.4888,34.9614,24.1407,2.0324,0.252945
1.2692,16.7467,16.7467,1.8966,31.7619,34.9614,24.1318,1.8966,0.271177
1.2694,18.4517,18.4517,1.6414,30.2865,34.9614,24.1139,1.6414,0.266229
1.2696,17.7386,17.7386,2,35.4771,34.9614,24.1429,2.06128,0.273333
1.2698,17.1918,17.1918,1.73734,29.8679,34.9614,24.1208,1.73734,0.273359
1.27,15.7846,15.7846,2,31.5692,34.9614,24.1477,2.13469,0.338855
1.2702,18.1797,18.1797,1.37211,24.9447,34.9614,24.0955,1.37211,0.274741
1.2704,18.3192,18.3192,2,36.6384,34.9614,24.1474,2.13293,0.275966
1.2706,16.6633,16.6633,1.78101,29.6775,34.9614,24.1239,1.78101,0.273333
1.2708,18.4921,18.4921,1.72748,31.9447,34.9614,24.1197,1.72748,0.273333
1.271,5.90125,5.90125,2,11.8025,34.9614,24.2204,3.3415,0.566667
1.2712,14.3709,14.3709,0,0,34.9614,24.0025,-3.18055e-08,0.416667
1.2714,20.7857,20.7857,1.47895,30.741,34.9614,24.102,1.47895,0.266667
1.2716,20.9627,20.9627,1.06815,22.3913,34.9614,24.0745,1.06815,0.116667
1.2718,17.94,17.94,2,35.88,34.9614,24.1596,2.3153,0.273333
1.272,10.2016,10.2016,2,20.4032,34.9614,24.1561,2.26307,0.428963
1.2722,21.0365,21.0365,0.300661,6.32485,34.9614,24.0214,0.300661,0.266667
1.2724,19.2374,19.2374,2,38.4748,34.9614,24.1499,2.17317,0.275038
1.2726,16.2771,16.2771,1.85933,30.2645,34.9614,24.1296,1.85933,0.266667
1.2728,18.5503,18.5503,1.61725,30.0005,34.9614,24.1121,1.61725,0.273333
1.273,17.5231,17.5231,2,35.0461,34.9614,24.1463,2.11316,0.278963
1.2732,18.7478,18.7478,1.48733,27.8842,34.9614,24.1035,1.48733,0.231667
1.2734,17.726,17.726,2,35.452,34.9614,24.1506,2.17746,0.278519
1.2736,13.7226,13.7226,2,27.4452,34.9614,24.1386,2.00047,0.353098
1.2738,19.7214,19.7214,1.08701,21.4374,34.9614,24.0756,1.08701,0.273333
1.274,20.0699,20.0699,1.67646,33.6463,34.9614,24.1163,1.67646,0.20064
1.2742,18.8631,18.8631,1.86034,35.0918,34.9614,24.1292,1.86034,0.21505
1.2744,17.0648,17.0648,2,34.1296,34.9614,24.1391,2.00455,0.271769
1.2746,16.5067,16.5067,1.80231,29.7502,34.9614,24.1251,1.80231,0.305317
1.2748,18.5431,18.5431,1.68845,31.309,34.9614,24.117,1.68845,0.273333
1.275,16.478,16.478,2,32.9561,34.9614,24.152,2.19422,0.302844
1.2752,18.5451,18.5451,1.34557,24.9537,34.9614,24.0937,1.34557,0.249648
1.2754,18.2257,18.2257,2,36.4515,34.9614,24.1499,2.1682,0.274647
1.2756,16.3776,16.3776,1.77488,29.0682,34.9614,24.1235,1.77488,0.279558
1.2758,18.6716,18.6716,1.68338,31.4314,34.9614,24.1166,1.68338,0.273333
1.276,15.6572,15.6572,2,31.3144,34.9614,24.1595,2.30768,0.322998
1.2762,17.5831,17.5831,1.26645,22.2682,34.9614,24.0884,1.26645,0.281442
1.2764,18.8156,18.8156,2,37.6311,34.9614,24.1435,2.07773,0.275103
1.2766,16.2739,16.2739,1.91314,31.1342,34.9614,24.133,1.91314,0.278911
1.2768,18.4418,18.4418,1.58648,29.2576,34.9614,24.1101,1.58648,0.273333
1.277,20.1691,20.1691,1.52978,30.8543,34.9614,24.1062,1.52978,0.189209
1.2772,17.4454,17.4454,2,34.8907,34.9614,24.1527,2.20326,0.26565
1.2774,16.9699,16.9699,1.6098,27.3182,34.9614,24.1121,1.6098,0.274843
1.2776,18.6441,18.6441,1.86396,34.752,34.9614,24.129,1.86396,0.273402
1.2778,17.1309,17.1309,1.9798,33.9158,34.9614,24.1374,1.9798,0.273333
1.278,15.1967,15.1967,1.97343,29.9896,34.9614,24.1366,1.97343,0.339209
1.2782,19.2513,19.2513,1.32267,25.4631,34.9614,24.0919,1.32267,0.26445
1.2784,17.9626,17.9626,2,35.9253,34.9614,24.1542,2.23102,0.27391
1.2786,16.7371,16.7371,1.65752,27.7421,34.9614,24.1155,1.65752,0.270514
1.2788,18.6933,18.6933,1.80216,33.6883,34.9614,24.1247,1.80216,0.273333
1.279,17.1155,17.1155,2,34.231,34.9614,24.1412,2.03389,0.276712
1.2792,19.3456,19.3456,1.43188,27.7006,34.9614,24.0996,1.43188,0.224963
1.2794,17.6733,17.6733,2,35.3466,34.9614,24.154,2.22357,0.274761
1.2796,16.6533,16.6533,1.64525,27.3989,34.9614,24.1146,1.64525,0.277849
1.2798,18.7563,18.7563,1.79606,33.6874,34.9614,24.1243,1.79606,0.273333
1.28,18.3711,18.3711,1.86564,34.2739,34.9614,24.1295,1.86564,0.241311
1.2802,16.0833,16.0833,2,32.1665,34.9614,24.1445,2.08408,0.304327
1.2804,18.1586,18.1586,1.44973,26.3251,34.9614,24.1008,1.44973,0.273445
1.2806,18.1395,18.1395,2,36.279,34.9614,24.1463,2.11637,0.277384
1.2808,16.808,16.808,1.76868,29.728,34.9614,24.123,1.76868,0.273333
1.281,18.4239,18.4239,1.75682,32.3674,34.9614,24.1217,1.75682,0.273333
1.2812,5.84656,5.84656,2,11.6931,34.9614,24.2187,3.3155,0.566667
1.2814,14.4598,14.4598,0.000984908,0.0142416,34.9614,24.0027,0.000984908,0.416667
1.2816,20.7725,20.7725,1.488,30.9095,34.9614,24.1027,1.488,0.266667
1.2818,20.9586,20.9586,1.06998,22.4253,34.9614,24.0747,1.06998,0.116667
1.282,17.9418,17.9418,2,35.8837,34.9614,24.16,2.31461,0.273333
1.2822,10.6805,10.6805,2,21.361,34.9614,24.1529,2.21349,0.416667
1.2824,16.8423,16.8423,0.900115,15.16,34.9614,24.0627,0.900115,0.387777
1.2826,19.4578,19.4578,2,38.9155,34.9614,24.1414,2.04755,0.279455
1.2828,16.4742,16.4742,1.95703,32.2405,34.9614,24.1361,1.95703,0.266667
1.283,18.218,18.218,1.59535,29.064,34.9614,24.1108,1.59535,0.273333
1.2832,17.091,17.091,2,34.182,34.9614,24.1503,2.17371,0.297482
1.2834,13.9524,13.9524,1.91607,26.7339,34.9614,24.133,1.91607,0.358101
1.2836,19.4137,19.4137,1.22829,23.8457,34.9614,24.0852,1.22829,0.28407
1.2838,15.6399,15.6399,2,31.2797,34.9614,24.1837,2.66301,0.34216
1.284,17.0014,17.0014,0.993945,16.8985,34.9614,24.07,0.993945,0.273333
1.2842,20.6001,20.6001,1.46266,30.1309,34.9614,24.1014,1.46266,0.20907
1.2844,18.1005,18.1005,2,36.201,34.9614,24.1465,2.11427,0.246745
1.2846,16.7439,16.7439,1.77309,29.6885,34.9614,24.1233,1.77309,0.27554
1.2848,20.5666,20.5666,1.27323,26.186,34.9614,24.0885,1.27323,0.19216
1.285,17.6078,17.6078,2,35.2155,34.9614,24.1591,2.30015,0.273333
1.2852,13.2513,13.2513,1.92504,25.5094,34.9614,24.1335,1.92504,0.35907
1.2854,21.2047,21.2047,0.738781,15.6657,34.9614,24.0515,0.738781,0.218068
1.2856,18.6966,18.6966,2,37.3931,34.9614,24.1544,2.23595,0.267884
1.2858,19.7475,19.7475,1.31444,25.9569,34.9614,24.0917,1.31444,0.17356
1.286,17.8003,17.8003,2,35.6006,34.9614,24.1564,2.26018,0.273333
1.2862,14.8434,14.8434,1.81696,26.9698,34.9614,24.1264,1.81696,0.318547
1.2864,19.886,19.886,1.32054,26.2603,34.9614,24.0916,1.32054,0.258459
1.2866,17.6917,17.6917,2,35.3835,34.9614,24.1573,2.27454,0.274681
1.2868,15.0876,15.0876,1.76469,26.6249,34.9614,24.1228,1.76469,0.313739
1.287,19.4115,19.4115,1.46646,28.4663,34.9614,24.1016,1.46646,0.273333
1.2872,19.8367,19.8367,1.68351,33.3953,34.9614,24.1169,1.68351,0.196594
1.2874,16.408,16.408,2,32.816,34.9614,24.156,2.25191,0.287235
1.2876,17.885,17.885,1.35997,24.3231,34.9614,24.0948,1.35997,0.264867
1.2878,19.7218,19.7218,1.78232,35.1506,34.9614,24.1234,1.78232,0.229689
1.288,16.7526,16.7526,2,33.5053,34.9614,24.1481,2.13601,0.273333
1.2882,17.7262,17.7262,1.51913,26.9284,34.9614,24.1057,1.51913,0.271016
1.2884,20.1209,20.1209,1.57742,31.7392,34.9614,24.1094,1.57742,0.206933
1.2886,17.1667,17.1667,2,34.3333,34.9614,24.1536,2.21688,0.270555
1.2888,19.9769,19.9769,1.17944,23.5616,34.9614,24.0822,1.17944,0.192322
1.289,17.9867,17.9867,2,35.9733,34.9614,24.1578,2.27966,0.273333
1.2892,15.1162,15.1162,1.78819,27.0307,34.9614,24.1244,1.78819,0.308345
1.2894,18.7789,18.7789,1.54175,28.9523,34.9614,24.1068,1.54175,0.2909
1.2896,17.6778,17.6778,2,35.3557,34.9614,24.1486,2.14752,0.275991
1.2898,16.8195,16.8195,1.69518,28.512,34.9614,24.118,1.69518,0.278395
1.29,18.5727,18.5727,1.79836,33.4004,34.9614,24.1246,1.79836,0.273333
1.2902,17.7754,17.7754,1.94522,34.5771,34.9614,24.135,1.94522,0.26112
1.2904,15.1421,15.1421,2,30.2841,34.9614,24.1434,2.0679,0.332605
1.2906,18.9228,18.9228,1.27692,24.1629,34.9614,24.0888,1.27692,0.269123
1.2908,17.4811,17.4811,2,34.9621,34.9614,24.1618,2.34295,0.295498
1.291,16.6519,16.6519,1.52131,25.3328,34.9614,24.1062,1.52131,0.273333
1.2912,18.9773,18.9773,1.85071,35.1216,34.9614,24.128,1.85071,0.273333
1.2914,5.27933,5.27933,2,10.5587,34.9614,24.22,3.33655,0.566667
1.2916,14.2831,14.2831,0,0,34.9614,24.0024,-4.27953e-06,0.416667
1.2918,20.7967,20.7967,1.47157,30.6038,34.9614,24.1015,1.47157,0.266667
1.292,20.9654,20.9654,1.06679,22.3656,34.9614,24.0744,1.06679,0.116667
1.2922,17.9344,17.9344,2,35.8688,34.9614,24.1602,2.31662,0.273333
1.2924,10.6807,10.6807,2,21.3614,34.9614,24.1526,2.21034,0.416667
1.2926,20.9978,20.9978,0.375729,7.88947,34.9614,24.0266,0.375729,0.266667
1.2928,19.2116,19.2116,2,38.4231,34.9614,24.1495,2.16438,0.271581
1.293,16.307,16.307,1.86385,30.3939,34.9614,24.1298,1.86385,0.266667
1.2932,18.5271,18.5271,1.6213,30.0381,34.9614,24.1124,1.6213,0.273333
1.2934,17.9694,17.9694,2,35.9388,34.9614,24.1415,2.04284,0.266667
1.2936,12.5877,12.5877,2,25.1754,34.9614,24.1569,2.26976,0.387057
1.2938,19.787,19.787,0.722408,14.2943,34.9614,24.0506,0.722408,0.274503
1.294,16.3778,16.3778,2,32.7555,34.9614,24.1931,2.80796,0.351036
1.2942,16.1591,16.1591,1.02531,16.568,34.9614,24.0724,1.02531,0.273333
1.2944,20.8736,20.8736,1.28413,26.8045,34.9614,24.0891,1.28413,0.202581
1.2946,15.5467,15.5467,2,31.0934,34.9614,24.1815,2.62733,0.326103
1.2948,17.0972,17.0972,1.006,17.1998,34.9614,24.0708,1.006,0.274751
1.295,16.3905,16.3905,2,32.7811,34.9614,24.1825,2.6587,0.370442
1.2952,16.5427,16.5427,1.12632,18.6324,34.9614,24.0792,1.12632,0.273333
1.2954,19.3732,19.3732,1.9906,38.5644,34.9614,24.1375,1.9906,0.279367
1.2956,17.0641,17.0641,1.92589,32.8636,34.9614,24.134,1.92589,0.256365
1.2958,18.1235,18.1235,1.68669,30.5688,34.9614,24.1171,1.68669,0.267785
1.296,19.4939,19.4939,1.69794,33.0993,34.9614,24.1178,1.69794,0.220442
1.2962,17.0679,17.0679,2,34.1359,34.9614,24.1487,2.14626,0.273333
1.2964,15.9467,15.9467,1.73312,27.6375,34.9614,24.1206,1.73312,0.310321
1.2966,20.2661,20.2661,1.36942,27.7528,34.9614,24.095,1.36942,0.225862
1.2968,17.5386,17.5386,2,35.0772,34.9614,24.1573,2.27335,0.27197
1.297,19.7549,19.7549,1.2069,23.8423,34.9614,24.0842,1.2069,0.190815
1.2972,18.0101,18.0101,2,36.0202,34.9614,24.157,2.26934,0.273333
1.2974,17.5975,17.5975,1.53405,26.9955,34.9614,24.107,1.53405,0.245228
1.2976,16.1362,16.1362,2,32.2724,34.9614,24.159,2.30292,0.336313
1.2978,17.5135,17.5135,1.32603,23.2233,34.9614,24.0925,1.32603,0.275495
1.298,18.6332,18.6332,2,37.2665,34.9614,24.1439,2.08067,0.279455
1.2982,16.6106,16.6106,1.86075,30.9083,34.9614,24.1294,1.86075,0.273333
1.2984,18.5508,18.5508,1.64596,30.5338,34.9614,24.1142,1.64596,0.267605
1.2986,19.3464,19.3464,1.76456,34.1378,34.9614,24.1224,1.76456,0.220882
1.2988,17.0833,17.0833,2,34.1667,34.9614,24.1454,2.09613,0.270773
1.299,15.6465,15.6465,1.8111,28.3374,34.9614,24.1259,1.8111,0.320808
1.2992,19.0184,19.0184,1.53895,29.2684,34.9614,24.1067,1.53895,0.273333
1.2994,17.2304,17.2304,2,34.4607,34.9614,24.1538,2.22319,0.285219
1.2996,20.2747,20.2747,1.11745,22.656,34.9614,24.0779,1.11745,0.179074
1.2998,18.0668,18.0668,2,36.1335,34.9614,24.1578,2.28269,0.271693
1.3,18.455,18.455,1.42616,26.3197,34.9614,24.0995,1.42616,0.220491
1.3002,18.1714,18.1714,2,36.3427,34.9614,24.1475,2.13183,0.273333
1.3004,17.185,17.185,1.7152,29.4756,34.9614,24.1194,1.7152,0.262408
1.3006,19.5659,19.5659,1.62871,31.8671,34.9614,24.1129,1.62871,0.232961
1.3008,17.1294,17.1294,2,34.2588,34.9614,24.1517,2.18818,0.275077
1.301,14.3777,14.3777,1.86617,26.8314,34.9614,24.1295,1.86617,0.34611
1.3012,19.6162,19.6162,1.28332,25.1738,34.9614,24.089,1.28332,0.273333
1.3014,17.909,17.909,2,35.8181,34.9614,24.1561,2.2558,0.273333
1.3016,4.86843,4.86843,2,9.73686,34.9614,24.1921,2.89946,0.566667
1.3018,15.6959,15.6959,0.0517181,0.811764,34.9614,24.0058,0.0517181,0.416667
1.302,20.5916,20.5916,1.60857,33.123,34.9614,24.111,1.60857,0.266667
1.3022,20.8997,20.8997,1.09518,22.889,34.9614,24.0764,1.09518,0.116667
1.3024,17.8923,17.8923,2,35.7846,34.9614,24.16,2.31508,0.273333
1.3026,10.7257,10.7257,2,21.4514,34.9614,24.1517,2.20267,0.416667
1.3028,20.9865,20.9865,0.38756,8.13355,34.9614,24.0274,0.38756,0.266667
1.303,19.1814,19.1814,2,38.3627,34.9614,24.1499,2.17286,0.27219
1.3032,16.3216,16.3216,1.85204,30.2282,34.9614,24.1289,1.85204,0.266667
1.3034,18.5417,18.5417,1.6307,30.2359,34.9614,24.1131,1.6307,0.273333
1.3036,17.9449,17.9449,2,35.8899,34.9614,24.1414,2.04166,0.266667
1.3038,17.1815,17.1815,1.7755,30.5058,34.9614,24.1234,1.7755,0.271401
1.304,18.0562,18.0562,1.83398,33.1147,34.9614,24.1271,1.83398,0.277153
1.3042,14.5926,14.5926,2,29.1853,34.9614,24.1559,2.25295,0.34888
1.3044,18.6877,18.6877,1.08188,20.2179,34.9614,24.0755,1.08188,0.273333
1.3046,20.3514,20.3514,1.55707,31.6884,34.9614,24.108,1.55707,0.196584
1.3048,16.8925,16.8925,2,33.7851,34.9614,24.1573,2.26953,0.277031
1.305,17.0181,17.0181,1.48879,25.3364,34.9614,24.1038,1.48879,0.27812
1.3052,20.5142,20.5142,1.4099,28.9229,34.9614,24.0978,1.4099,0.19888
1.3054,17.3179,17.3179,2,34.6358,34.9614,24.1582,2.28344,0.273333
1.3056,15.554,15.554,1.67241,26.0127,34.9614,24.1164,1.67241,0.307424
1.3058,19.4383,19.4383,1.57749,30.6638,34.9614,24.1092,1.57749,0.269395
1.306,17.5364,17.5364,2,35.0728,34.9614,24.1495,2.1567,0.268456
1.3062,20.5666,20.5666,1.09771,22.5761,34.9614,24.0766,1.09771,0.162605
1.3064,17.9777,17.9777,2,35.9554,34.9614,24.1593,2.30218,0.273333
1.3066,13.5613,13.5613,1.92797,26.1456,34.9614,24.1339,1.92797,0.344977
1.3068,20.1459,20.1459,1.06379,21.4309,34.9614,24.0739,1.06379,0.265823
1.307,18.0235,18.0235,2,36.0469,34.9614,24.1602,2.3184,0.277639
1.3072,18.6013,18.6013,1.3765,25.6048,34.9614,24.0961,1.3765,0.215324
1.3074,18.1834,18.1834,2,36.3668,34.9614,24.1494,2.1601,0.273333
1.3076,19.494,19.494,1.38533,27.0056,34.9614,24.0965,1.38533,0.194977
1.3078,17.3867,17.3867,2,34.7735,34.9614,24.159,2.30011,0.283761
1.308,16.6855,16.6855,1.54536,25.7852,34.9614,24.1077,1.54536,0.276491
1.3082,17.8102,17.8102,2,35.6205,34.9614,24.1392,2.01546,0.306231
1.3084,17.2562,17.2562,1.77619,30.6502,34.9614,24.1235,1.77619,0.273333
1.3086,18.5467,18.5467,1.77001,32.828,34.9614,24.1227,1.77001,0.261968
1.3088,17.5649,17.5649,1.99409,35.0259,34.9614,24.1384,1.99409,0.268817
1.309,17.3937,17.3937,1.76018,30.616,34.9614,24.1222,1.76018,0.275326
1.3092,16.7227,16.7227,2,33.4454,34.9614,24.1401,2.02456,0.310015
1.3094,17.9117,17.9117,1.59399,28.551,34.9614,24.1108,1.59399,0.273333
1.3096,16.584,16.584,2,33.1679,34.9614,24.1534,2.22061,0.316086
1.3098,17.7535,17.7535,1.4243,25.2864,34.9614,24.0992,1.4243,0.267625
1.31,18.706,18.706,2,37.4121,34.9614,24.1395,2.01584,0.26762
1.3102,16.699,16.699,1.91075,31.9076,34.9614,24.1327,1.91075,0.273794
1.3104,18.1953,18.1953,1.65762,30.1608,34.9614,24.115,1.65762,0.273333
1.3106,20.1271,20.1271,1.52087,30.6106,34.9614,24.1056,1.52087,0.192491
1.3108,16.9831,16.9831,2,33.9662,34.9614,24.158,2.28154,0.279183
1.311,17.3789,17.3789,1.44633,25.1357,34.9614,24.1009,1.44633,0.266497
1.3112,20.9446,20.9446,1.14757,24.0354,34.9614,24.0799,1.14757,0.162045
1.3114,17.7666,17.7666,2,35.5332,34.9614,24.1603,2.31817,0.273333
1.3116,16.5223,16.5223,1.58138,26.128,34.9614,24.1103,1.58138,0.273333
1.3118,7.54294,7.54294,2,15.0859,34.9614,24.2054,3.11611,0.566667
1.312,15.1402,15.1402,0.0216783,0.328215,34.9614,24.0039,0.0216783,0.416667
1.3122,20.672,20.672,1.55763,32.1992,34.9614,24.1075,1.55763,0.266667
1.3124,20.9225,20.9225,1.08676,22.7378,34.9614,24.0758,1.08676,0.116667
1.3126,17.9089,17.9089,2,35.8178,34.9614,24.1601,2.31597,0.273333
1.3128,10.7093,10.7093,2,21.4187,34.9614,24.1523,2.20452,0.416667
1.313,20.9927,20.9927,0.384023,8.06168,34.9614,24.0272,0.384023,0.266667
1.3132,19.3176,19.3176,2,38.6353,34.9614,24.1465,2.12324,0.26667
1.3134,16.3647,16.3647,1.89684,31.0412,34.9614,24.132,1.89684,0.266667
1.3136,18.4211,18.4211,1.61085,29.6736,34.9614,24.1117,1.61085,0.273333
1.3138,18.0577,18.0577,2,36.1153,34.9614,24.1407,2.03155,0.266667
1.314,11.3519,11.3519,2,22.7038,34.9614,24.1661,2.41752,0.416667
1.3142,20.0968,20.0968,0.414558,8.33131,34.9614,24.0295,0.414558,0.276332
1.3144,16.9424,16.9424,2,33.8848,34.9614,24.193,2.80817,0.352081
1.3146,15.7982,15.7982,1.12277,17.7378,34.9614,24.0792,1.12277,0.273333
1.3148,21.0375,21.0375,1.14995,24.1922,34.9614,24.0799,1.14995,0.193169
1.315,16.0989,16.0989,2,32.1977,34.9614,24.1804,2.6156,0.319525
1.3152,17.0959,17.0959,1.0781,18.4311,34.9614,24.0758,1.0781,0.266823
1.3154,19.9612,19.9612,1.78962,35.7229,34.9614,24.1238,1.78962,0.243304
1.3156,16.6192,16.6192,2,33.2384,34.9614,24.1493,2.15274,0.273333
1.3158,16.3217,16.3217,1.64116,26.7866,34.9614,24.1141,1.64116,0.307622
1.316,19.7628,19.7628,1.58673,31.3583,34.9614,24.1099,1.58673,0.244883
1.3162,17.2281,17.2281,2,34.4562,34.9614,24.1526,2.2038,0.272527
1.3164,15.3739,15.3739,1.75394,26.9648,34.9614,24.1219,1.75394,0.317887
1.3166,19.2816,19.2816,1.52173,29.3413,34.9614,24.1054,1.52173,0.273333
1.3168,17.7209,17.7209,2,35.4417,34.9614,24.1497,2.16223,0.269058
1.317,18.4592,18.4592,1.50181,27.7221,34.9614,24.1046,1.50181,0.233607
1.3172,18.2372,18.2372,2,36.4744,34.9614,24.1436,2.0744,0.266874
1.3174,14.6952,14.6952,2,29.3905,34.9614,24.1417,2.03937,0.32797
1.3176,19.1023,19.1023,1.23508,23.593,34.9614,24.0859,1.23508,0.273333
1.3178,18.8554,18.8554,2,37.7108,34.9614,24.1436,2.07304,0.251736
1.318,15.1996,15.1996,2,30.3992,34.9614,24.1416,2.04004,0.30627
1.3182,18.819,18.819,1.31973,24.8359,34.9614,24.0917,1.31973,0.272696
1.3184,15.3062,15.3062,2,30.6125,34.9614,24.1815,2.63876,0.352819
1.3186,17.2734,17.2734,0.953521,16.4705,34.9614,24.0672,0.953521,0.273333
1.3188,19.5853,19.5853,1.97563,38.6933,34.9614,24.1365,1.97563,0.263668
1.319,18.005,18.005,1.82234,32.8112,34.9614,24.1267,1.82234,0.229343
1.3192,17.5108,17.5108,1.92609,33.7275,34.9614,24.1335,1.92609,0.275775
1.3194,15.0977,15.0977,2,30.1954,34.9614,24.1432,2.06848,0.339168
1.3196,18.8007,18.8007,1.28818,24.2186,34.9614,24.0896,1.28818,0.273333
1.3198,18.4301,18.4301,2,36.8601,34.9614,24.149,2.15563,0.267442
1.32,19.1344,19.1344,1.46609,28.0528,34.9614,24.1021,1.46609,0.20256
1.3202,17.8431,17.8431,2,35.6862,34.9614,24.1506,2.17351,0.270841
1.3204,14.2362,14.2362,1.95976,27.8995,34.9614,24.136,1.95976,0.338796
1.3206,19.5256,19.5256,1.20225,23.4747,34.9614,24.0835,1.20225,0.273333
1.3208,18.4059,18.4059,2,36.8117,34.9614,24.1513,2.18857,0.263496
1.321,17.5646,17.5646,1.64352,28.8677,34.9614,24.1145,1.64352,0.245181
1.3212,18.3228,18.3228,1.92604,35.2905,34.9614,24.1333,1.92604,0.270862
1.3214,14.6543,14.6543,2,29.3087,34.9614,24.1516,2.18702,0.337178
1.3216,18.8021,18.8021,1.13509,21.3419,34.9614,24.0791,1.13509,0.273333
1.3218,18.5011,18.5011,2,37.0023,34.9614,24.1525,2.20778,0.273333
1.322,4.59787,4.59787,2,9.19575,34.9614,24.201,3.03632,0.566667
1.3222,15.1575,15.1575,0.0222275,0.336915,34.9614,24.0039,0.0222275,0.416667
1.3224,20.6706,20.6706,1.55831,32.2112,34.9614,24.1075,1.55831,0.266667
1.3226,20.9223,20.9223,1.08667,22.7357,34.9614,24.0758,1.08667,0.116667
1.3228,17.9143,17.9143,2,35.8287,34.9614,24.1602,2.31469,0.273333
1.323,10.7189,10.7189,2,21.4378,34.9614,24.1525,2.2076,0.416667
1.3232,20.3571,20.3571,0.501885,10.2169,34.9614,24.0353,0.501885,0.291455
1.3234,19.0051,19.0051,2,38.0101,34.9614,24.1532,2.22034,0.276127
1.3236,19.4986,19.4986,1.38967,27.0965,34.9614,24.0969,1.38967,0.178132
1.3238,17.7543,17.7543,2,35.5087,34.9614,24.1543,2.23089,0.273333
1.324,16.5373,16.5373,1.65996,27.4513,34.9614,24.1156,1.65996,0.279301
1.3242,20.0594,20.0594,1.50568,30.203,34.9614,24.1044,1.50568,0.22716
1.3244,17.1451,17.1451,2,34.2903,34.9614,24.1567,2.26379,0.27649
1.3246,18.5695,18.5695,1.34602,24.9949,34.9614,24.0939,1.34602,0.233711
1.3248,18.2554,18.2554,2,36.5109,34.9614,24.1496,2.16473,0.273333
1.325,19.2609,19.2609,1.42698,27.4849,34.9614,24.0994,1.42698,0.201248
1.3252,18.4082,18.4082,2,36.8163,34.9614,24.1445,2.08615,0.254294
1.3254,16.735,16.735,1.82511,30.5433,34.9614,24.1269,1.82511,0.273108
1.3256,18.563,18.563,1.68762,31.3273,34.9614,24.117,1.68762,0.267368
1.3258,17.5814,17.5814,2,35.1628,34.9614,24.1424,2.05401,0.273333
1.326,16.2163,16.2163,1.83925,29.8258,34.9614,24.1277,1.83925,0.301113
1.3262,18.3834,18.3834,1.65185,30.3667,34.9614,24.1146,1.65185,0.280341
1.3264,17.6198,17.6198,2,35.2396,34.9614,24.143,2.0649,0.277151
1.3266,18.6082,18.6082,1.55368,28.9112,34.9614,24.1081,1.55368,0.236995
1.3268,17.8429,17.8429,2,35.6859,34.9614,24.146,2.10959,0.273333
1.327,20.6948,20.6948,1.08891,22.5347,34.9614,24.076,1.08891,0.151113
1.3272,18.1152,18.1152,2,36.2304,34.9614,24.1572,2.2742,0.26854
1.3274,16.5394,16.5394,1.65282,27.3367,34.9614,24.1152,1.65282,0.270403
1.3276,19.0204,19.0204,1.73998,33.095,34.9614,24.1205,1.73998,0.266697
1.3278,17.215,17.215,2,34.4299,34.9614,24.1445,2.08215,0.273333
1.328,16.3809,16.3809,1.76038,28.8367,34.9614,24.1223,1.76038,0.301113
1.3282,19.2758,19.2758,1.60032,30.8475,34.9614,24.1109,1.60032,0.255566
1.3284,17.4339,17.4339,2,34.8677,34.9614,24.1495,2.15909,0.272534
1.3286,18.1805,18.1805,1.5136,27.5181,34.9614,24.1054,1.5136,0.246283
1.3288,18.1549,18.1549,2,36.3098,34.9614,24.1434,2.07275,0.273333
1.329,18.5545,18.5545,1.59606,29.614,34.9614,24.111,1.59606,0.229373
1.3292,17.7859,17.7859,2,35.5719,34.9614,24.1447,2.0887,0.273325
1.3294,16.7952,16.7952,1.76279,29.6064,34.9614,24.1225,1.76279,0.280754
1.3296,19.4885,19.4885,1.58871,30.9617,34.9614,24.1102,1.58871,0.240634
1.3298,17.3237,17.3237,2,34.6474,34.9614,24.1513,2.18569,0.273333
1.33,18.4194,18.4194,1.44813,26.6737,34.9614,24.1009,1.44813,0.239726
1.3302,18.7857,18.7857,1.99704,37.5157,34.9614,24.1383,1.99704,0.252909
1.3304,17.0496,17.0496,1.89206,32.2589,34.9614,24.1314,1.89206,0.264916
1.3306,19.144,19.144,1.57159,30.0866,34.9614,24.1091,1.57159,0.240425
1.3308,17.5288,17.5288,2,35.0576,34.9614,24.1495,2.15839,0.273333
1.331,16.7289,16.7289,1.68273,28.1502,34.9614,24.1171,1.68273,0.282391
1.3312,18.3058,18.3058,1.83873,33.6595,34.9614,24.1272,1.83873,0.283424
1.3314,17.4083,17.4083,1.94745,33.9018,34.9614,24.135,1.94745,0.272749
1.3316,18.4122,18.4122,1.66024,30.5685,34.9614,24.1153,1.66024,0.253376
1.3318,17.7183,17.7183,2,35.4366,34.9614,24.1418,2.04728,0.273333
1.332,17.2438,17.2438,1.74495,30.0895,34.9614,24.1213,1.74495,0.273333
1.3322,6.64256,6.64256,2,13.2851,34.9614,24.2066,3.12724,0.566667
1.3324,15.1872,15.1872,0.0231048,0.350897,34.9614,24.004,0.0231048,0.416667
1.3326,20.6663,20.6663,1.55999,32.2394,34.9614,24.1076,1.55999,0.266667
1.3328,20.9226,20.9226,1.08643,22.731,34.9614,24.0758,1.08643,0.116667
1.333,17.9077,17.9077,2,35.8153,34.9614,24.1601,2.31597,0.273333
1.3332,10.7067,10.7067,2,21.4133,34.9614,24.1521,2.20742,0.416667
1.3334,20.9916,20.9916,0.381834,8.01531,34.9614,24.027,0.381834,0.266667
1.3336,19.0698,19.0698,2,38.1397,34.9614,24.1528,2.21448,0.277025
1.3338,16.2739,16.2739,1.81415,29.5232,34.9614,24.1263,1.81415,0.266667
1.334,18.6556,18.6556,1.64279,30.6473,34.9614,24.1139,1.64279,0.273333
1.3342,17.8652,17.8652,2,35.7304,34.9614,24.1418,2.04749,0.266667
1.3344,12.4499,12.4499,2,24.8997,34.9614,24.1569,2.27029,0.391369
1.3346,19.7812,19.7812,0.706835,13.982,34.9614,24.0496,0.706835,0.276881
1.3348,16.3257,16.3257,2,32.6513,34.9614,24.1942,2.82514,0.353456
1.335,16.1468,16.1468,1.00401,16.2115,34.9614,24.071,1.00401,0.273333
1.3352,20.961,20.961,1.21836,25.538,34.9614,24.0846,1.21836,0.196295
1.3354,16.6726,16.6726,2,33.3452,34.9614,24.1718,2.48681,0.29988
1.3356,16.9195,16.9195,1.27556,21.5818,34.9614,24.0893,1.27556,0.270265
1.3358,17.839,17.839,2,35.6779,34.9614,24.1541,2.23684,0.317184
1.336,16.6965,16.6965,1.64409,27.4506,34.9614,24.1146,1.64409,0.273333
1.3362,16.0363,16.0363,2,32.0727,34.9614,24.1477,2.14139,0.346295
1.3364,20.0752,20.0752,1.12649,22.6145,34.9614,24.0785,1.12649,0.212637
1.3366,17.7799,17.7799,2,35.5598,34.9614,24.1623,2.34631,0.282268
1.3368,15.7197,15.7197,1.64276,25.8236,34.9614,24.1147,1.64276,0.291496
1.337,19.2757,19.2757,1.64321,31.6739,34.9614,24.1137,1.64321,0.273333
1.3372,18.5271,18.5271,1.94743,36.0803,34.9614,24.1352,1.94743,0.237944
1.3374,14.9372,14.9372,2,29.8744,34.9614,24.1493,2.15517,0.325406
1.3376,18.7602,18.7602,1.19714,22.4586,34.9614,24.0834,1.19714,0.271643
1.3378,18.6516,18.6516,2,37.3032,34.9614,24.1484,2.1472,0.265354
1.338,16.4201,16.4201,1.82469,29.9616,34.9614,24.1269,1.82469,0.273333
1.3382,20.3017,20.3017,1.32892,26.9793,34.9614,24.0923,1.32892,0.211253
1.3384,17.3095,17.3095,2,34.619,34.9614,24.1614,2.33307,0.280719
1.3386,17.03,17.03,1.47129,25.0561,34.9614,24.1027,1.47129,0.267057
1.3388,19.1155,19.1155,1.87737,35.8868,34.9614,24.1299,1.87737,0.264248
1.339,16.8401,16.8401,2,33.6801,34.9614,24.1408,2.02837,0.273333
1.3392,16.7681,16.7681,1.73156,29.035,34.9614,24.1202,1.73156,0.300816
1.3394,19.4057,19.4057,1.62605,31.5547,34.9614,24.1127,1.62605,0.245489
1.3396,17.1588,17.1588,2,34.3175,34.9614,24.1513,2.18279,0.276447
1.3398,17.5478,17.5478,1.53919,27.0094,34.9614,24.1072,1.53919,0.265906
1.34,18.4475,18.4475,1.98026,36.5308,34.9614,24.137,1.98026,0.273333
1.3402,16.1493,16.1493,1.98341,32.0305,34.9614,24.1378,1.98341,0.294072
1.3404,18.2147,18.2147,1.54055,28.0607,34.9614,24.107,1.54055,0.2773
1.3406,18.1732,18.1732,2,36.3464,34.9614,24.1422,2.05557,0.270287
1.3408,16.6965,16.6965,1.83488,30.6361,34.9614,24.1275,1.83488,0.279158
1.341,18.3637,18.3637,1.70233,31.261,34.9614,24.118,1.70233,0.273333
1.3412,20.2102,20.2102,1.47145,29.7383,34.9614,24.1023,1.47145,0.183722
1.3414,16.6801,16.6801,2,33.3602,34.9614,24.1628,2.35377,0.289943
1.3416,17.247,17.247,1.36467,23.5365,34.9614,24.0953,1.36467,0.270292
1.3418,18.9446,18.9446,1.98626,37.6289,34.9614,24.1373,1.98626,0.271621
1.342,16.6478,16.6478,1.95797,32.5958,34.9614,24.136,1.95797,0.273333
1.3422,18.1094,18.1094,1.62188,29.3714,34.9614,24.1126,1.62188,0.273333
1.3424,6.41551,6.41551,2,12.831,34.9614,24.2206,3.34936,0.566667
1.3426,14.3797,14.3797,0,0,34.9614,24.0026,-3.88128e-06,0.416667
1.3428,20.7846,20.7846,1.48009,30.763,34.9614,24.1021,1.48009,0.266667
1.343,20.9617,20.9617,1.06864,22.4005,34.9614,24.0746,1.06864,0.116667
1.3432,17.9377,17.9377,2,35.8753,34.9614,24.1601,2.31695,0.273333
1.3434,8.10116,8.10116,2,16.2023,34.9614,24.1699,2.4903,0.480711
1.3436,19.5725,19.5725,0.1965,3.846,34.9614,24.0147,0.1965,0.316118
1.3438,19.6317,19.6317,2,39.2634,34.9614,24.1418,2.05522,0.272573
1.344,16.8003,16.8003,1.91924,32.2439,34.9614,24.1335,1.91924,0.25539
1.3442,18.0997,18.0997,1.67156,30.2547,34.9614,24.116,1.67156,0.273333
1.3444,13.9241,13.9241,2,27.8481,34.9614,24.1703,2.47433,0.375775
1.3446,21.0356,21.0356,0.456559,9.60401,34.9614,24.0323,0.456559,0.192418
1.3448,18.9736,18.9736,2,37.9472,34.9614,24.1538,2.22927,0.275834
1.345,13.822,13.822,2,27.644,34.9614,24.1427,2.05483,0.328425
1.3452,19.5619,19.5619,1.07102,20.9512,34.9614,24.0745,1.07102,0.273333
1.3454,19.0469,19.0469,2,38.0938,34.9614,24.143,2.0664,0.247999
1.3456,14.096,14.096,2,28.1919,34.9614,24.1509,2.17612,0.330848
1.3458,19.1377,19.1377,1.04636,20.0249,34.9614,24.0729,1.04636,0.273929
1.346,19.1245,19.1245,2,38.249,34.9614,24.1426,2.06261,0.25146
1.3462,16.3446,16.3446,1.94045,31.7159,34.9614,24.135,1.94045,0.273333
1.3464,20.471,20.471,1.19892,24.543,34.9614,24.0834,1.19892,0.199235
1.3466,17.3803,17.3803,2,34.7605,34.9614,24.1646,2.37985,0.285705
1.3468,16.6768,16.6768,1.47416,24.5843,34.9614,24.103,1.47416,0.272242
1.347,20.2084,20.2084,1.55232,31.3699,34.9614,24.1076,1.55232,0.223989
1.3472,17.09,17.09,2,34.18,34.9614,24.1555,2.24488,0.273333
1.3474,14.1192,14.1192,1.8321,25.8678,34.9614,24.1272,1.8321,0.349235
1.3476,18.7464,18.7464,1.40742,26.384,34.9614,24.0975,1.40742,0.305991
1.3478,17.8818,17.8818,2,35.7636,34.9614,24.1519,2.19647,0.278438
1.348,17.3908,17.3908,1.60893,27.9805,34.9614,24.1121,1.60893,0.257259
1.3482,18.4145,18.4145,1.92787,35.5007,34.9614,24.1335,1.92787,0.273333
1.3484,16.8007,16.8007,1.95284,32.809,34.9614,24.1355,1.95284,0.281434
1.3486,16.9736,16.9736,1.77241,30.0841,34.9614,24.1229,1.77241,0.300993
1.3488,18.5083,18.5083,1.75553,32.492,34.9614,24.1217,1.75553,0.267773
1.349,17.2066,17.2066,2,34.4132,34.9614,24.142,2.04884,0.280014
1.3492,17.562,17.562,1.65903,29.1359,34.9614,24.1153,1.65903,0.273333
1.3494,19.8575,19.8575,1.60116,31.7951,34.9614,24.1111,1.60116,0.216608
1.3496,15.9177,15.9177,2,31.8354,34.9614,24.1646,2.37651,0.305277
1.3498,17.1477,17.1477,1.27501,21.8635,34.9614,24.0891,1.27501,0.283784
1.35,18.9362,18.9362,2,37.8724,34.9614,24.1407,2.03784,0.277985
1.3502,16.5409,16.5409,1.92594,31.8568,34.9614,24.1339,1.92594,0.273333
1.3504,18.3816,18.3816,1.60727,29.5442,34.9614,24.1116,1.60727,0.269517
1.3506,16.5756,16.5756,2,33.1513,34.9614,24.1549,2.23939,0.307858
1.3508,17.8799,17.8799,1.38941,24.8425,34.9614,24.0969,1.38941,0.262984
1.351,18.6031,18.6031,2,37.2063,34.9614,24.1425,2.06115,0.271023
1.3512,16.6756,16.6756,1.86796,31.1492,34.9614,24.1298,1.86796,0.273333
1.3514,17.8398,17.8398,1.73705,30.9886,34.9614,24.1204,1.73705,0.285822
1.3516,18.1102,18.1102,1.90319,34.4672,34.9614,24.1319,1.90319,0.266965
1.3518,17.5121,17.5121,1.86663,32.6887,34.9614,24.1295,1.86663,0.268748
1.352,17.378,17.378,1.86725,32.4492,34.9614,24.1295,1.86725,0.284389
1.3522,17.8643,17.8643,1.79493,32.0652,34.9614,24.1245,1.79493,0.273333
1.3524,17.747,17.747,1.90887,33.8767,34.9614,24.1324,1.90887,0.273333
1.3526,5.8648,5.8648,2,11.7296,34.9614,24.205,3.10613,0.566667
1.3528,15.2142,15.2142,0.0239461,0.364321,34.9614,24.004,0.0239461,0.416667
1.353,20.6611,20.6611,1.56422,32.3185,34.9614,24.1079,1.56422,0.266667
1.3532,20.9191,20.9191,1.08838,22.7679,34.9614,24.0759,1.08838,0.116667
1.3534,17.9037,17.9037,2,35.8074,34.9614,24.1601,2.31641,0.273333
1.3536,10.7054,10.7054,2,21.4108,34.9614,24.1525,2.20655,0.416667
1.3538,20.9925,20.9925,0.381829,8.01556,34.9614,24.027,0.381829,0.266667
1.354,19.298,19.298,2,38.596,34.9614,24.1472,2.13,0.267507
1.3542,20.5412,20.5412,1.17219,24.0783,34.9614,24.0818,1.17219,0.13365
1.3544,17.837,17.837,2,35.6739,34.9614,24.1595,2.30468,0.273333
1.3546,16.7847,16.7847,1.57349,26.4106,34.9614,24.1097,1.57349,0.266667
1.3548,19.2429,19.2429,1.77094,34.0781,34.9614,24.1226,1.77094,0.259063
1.355,16.9457,16.9457,2,33.8914,34.9614,24.146,2.10668,0.275226
1.3552,17.181,17.181,1.62592,27.9349,34.9614,24.1131,1.62592,0.28365
1.3554,18.4996,18.4996,1.88827,34.9323,34.9614,24.1307,1.88827,0.273333
1.3556,19.6394,19.6394,1.55689,30.5763,34.9614,24.1082,1.55689,0.198535
1.3558,17.2555,17.2555,2,34.5111,34.9614,24.1534,2.21507,0.274958
1.356,17.435,17.435,1.52932,26.6638,34.9614,24.1065,1.52932,0.264817
1.3562,15.651,15.651,2,31.302,34.9614,24.162,2.35299,0.351712
1.3564,17.7828,17.7828,1.19996,21.3387,34.9614,24.0838,1.19996,0.273333
1.3566,18.9235,18.9235,2,37.8471,34.9614,24.1442,2.08519,0.271104
1.3568,17.1844,17.1844,1.813,31.1555,34.9614,24.1262,1.813,0.253573
1.357,18.2785,18.2785,1.77062,32.3642,34.9614,24.1227,1.77062,0.26879
1.3572,19.1918,19.1918,1.72017,33.0131,34.9614,24.1194,1.72017,0.22439
1.3574,17.1595,17.1595,2,34.3191,34.9614,24.1462,2.10946,0.273333
1.3576,16.0869,16.0869,1.75983,28.3103,34.9614,24.1223,1.75983,0.307875
1.3578,18.809,18.809,1.65088,31.0515,34.9614,24.1143,1.65088,0.275101
1.358,17.297,17.297,2,34.594,34.9614,24.1475,2.13069,0.27965
1.3582,18.548,18.548,1.47773,27.4089,34.9614,24.1029,1.47773,0.239822
1.3584,18.0235,18.0235,2,36.0471,34.9614,24.1472,2.1267,0.273333
1.3586,16.6203,16.6203,1.76937,29.4074,34.9614,24.1232,1.76937,0.279237
1.3588,18.1195,18.1195,1.77989,32.2508,34.9614,24.1233,1.77989,0.285057
1.359,17.5214,17.5214,1.96586,34.4445,34.9614,24.1363,1.96586,0.276277
1.3592,17.5313,17.5313,1.76589,30.9583,34.9614,24.1226,1.76589,0.274058
1.3594,18.0047,18.0047,1.87459,33.7515,34.9614,24.1299,1.87459,0.273333
1.3596,18.5549,18.5549,1.74223,32.327,34.9614,24.1209,1.74223,0.243436
1.3598,18.3563,18.3563,1.8969,34.8201,34.9614,24.1316,1.8969,0.248145
1.36,17.789,17.789,1.85425,32.9853,34.9614,24.1287,1.85425,0.258191
1.3602,17.1795,17.1795,1.92259,33.0291,34.9614,24.1333,1.92259,0.285601
1.3604,17.8654,17.8654,1.73061,30.9181,34.9614,24.1202,1.73061,0.273333
1.3606,16.8854,16.8854,2,33.7707,34.9614,24.1432,2.06971,0.300036
1.3608,17.4928,17.4928,1.61769,28.2978,34.9614,24.1124,1.61769,0.278872
1.361,18.3298,18.3298,1.94042,35.5674,34.9614,24.1344,1.94042,0.273555
1.3612,19.9217,19.9217,1.44865,28.8596,34.9614,24.1007,1.44865,0.187712
1.3614,17.4387,17.4387,2,34.8775,34.9614,24.1556,2.24866,0.273333
1.3616,17.3702,17.3702,1.52292,26.4534,34.9614,24.1062,1.52292,0.261657
1.3618,18.0246,18.0246,2,36.0491,34.9614,24.1418,2.05115,0.289785
1.362,16.7484,16.7484,1.82207,30.5168,34.9614,24.1266,1.82207,0.280813
1.3622,16.9554,16.9554,1.8873,31.9999,34.9614,24.1307,1.8873,0.310711
1.3624,18.0794,18.0794,1.71378,30.984,34.9614,24.1189,1.71378,0.273333
1.3626,17.7913,17.7913,1.97939,35.216,34.9614,24.1371,1.97939,0.273333
1.3628,5.66239,5.66239,2,11.3248,34.9614,24.2027,3.06718,0.566667
1.363,15.3122,15.3122,0.0282244,0.432176,34.9614,24.0043,0.0282244,0.416667
1.3632,20.6478,20.6478,1.57334,32.486,34.9614,24.1085,1.57334,0.266667
1.3634,20.9144,20.9144,1.09004,22.7975,34.9614,24.0761,1.09004,0.116667
1.3636,17.9097,17.9097,2,35.8195,34.9614,24.1599,2.31346,0.273333
1.3638,4.71006,4.71006,2,9.42011,34.9614,24.1897,2.86218,0.566618
1.364,16.8131,16.8131,0.0194008,0.326187,34.9614,24.0034,0.0194008,0.343822
1.3642,20.37,20.37,1.74003,35.4445,34.9614,24.12,1.74003,0.268788
1.3644,16.8239,16.8239,2,33.6479,34.9614,24.1501,2.16119,0.266667
1.3646,17.5169,17.5169,1.52469,26.7079,34.9614,24.1061,1.52469,0.273333
1.3648,8.24585,8.24585,2,16.4917,34.9614,24.2123,3.18529,0.536751
1.365,19.1543,19.1543,0,0,34.9614,24.0012,-1.7275e-07,0.211321
1.3652,19.932,19.932,1.95002,38.8679,34.9614,24.1346,1.95002,0.271962
1.3654,13.0732,13.0732,2,26.1464,34.9614,24.1687,2.4397,0.353138
1.3656,19.1785,19.1785,0.692623,13.2835,34.9614,24.0488,0.692623,0.273333
1.3658,15.3849,15.3849,2,30.7698,34.9614,24.2065,3.01473,0.386751
1.366,18.6822,18.6822,0.46807,8.74459,34.9614,24.0337,0.46807,0.212158
1.3662,19.4213,19.4213,2,38.8427,34.9614,24.1459,2.11462,0.274994
1.3664,17.5574,17.5574,1.769,31.0589,34.9614,24.1231,1.769,0.234558
1.3666,17.9795,17.9795,1.87726,33.7522,34.9614,24.1301,1.87726,0.273333
1.3668,18.7746,18.7746,1.70383,31.9887,34.9614,24.1183,1.70383,0.236751
1.367,15.8368,15.8368,2,31.6735,34.9614,24.1576,2.27459,0.31534
1.3672,17.7722,17.7722,1.29455,23.0071,34.9614,24.0903,1.29455,0.275475
1.3674,20.616,20.616,1.3864,28.5821,34.9614,24.0963,1.3864,0.184547
1.3676,17.3387,17.3387,2,34.6774,34.9614,24.1586,2.29197,0.273333
1.3678,20.4095,20.4095,1.04376,21.3026,34.9614,24.0729,1.04376,0.167945
1.368,20.616,20.616,1.37225,28.2902,34.9614,24.0954,1.37225,0.16534
1.3682,17.3018,17.3018,2,34.6037,34.9614,24.1598,2.30676,0.275515
1.3684,16.6887,16.6887,1.53146,25.5581,34.9614,24.1068,1.53146,0.277552
1.3686,18.9418,18.9418,1.85313,35.1016,34.9614,24.1281,1.85313,0.273333
1.3688,15.2508,15.2508,2,30.5015,34.9614,24.1542,2.22621,0.317945
1.369,18.9249,18.9249,1.14805,21.7266,34.9614,24.0801,1.14805,0.257803
1.3692,18.4448,18.4448,2,36.8896,34.9614,24.153,2.21392,0.272759
1.3694,15.4928,15.4928,1.85041,28.6682,34.9614,24.1288,1.85041,0.295667
1.3696,19.0394,19.0394,1.48967,28.3623,34.9614,24.1033,1.48967,0.273333
1.3698,18.4805,18.4805,2,36.9609,34.9614,24.1414,2.04139,0.251233
1.37,16.1045,16.1045,1.9386,31.2201,34.9614,24.1347,1.9386,0.290949
1.3702,18.5391,18.5391,1.53648,28.485,34.9614,24.1066,1.53648,0.27191
1.3704,19.8896,19.8896,1.6538,32.8933,34.9614,24.1147,1.6538,0.203466
1.3706,16.9894,16.9894,2,33.9788,34.9614,24.1522,2.19448,0.273333
1.3708,19.5523,19.5523,1.25864,24.6094,34.9614,24.0877,1.25864,0.211562
1.371,20.4076,20.4076,1.47532,30.1078,34.9614,24.1025,1.47532,0.175058
1.3712,17.1866,17.1866,2,34.3732,34.9614,24.1574,2.27224,0.273947
1.3714,17.0608,17.0608,1.51162,25.7893,34.9614,24.1054,1.51162,0.272291
1.3716,18.7601,18.7601,1.92347,36.0843,34.9614,24.133,1.92347,0.273333
1.3718,15.33,15.33,2,30.6601,34.9614,24.1489,2.14598,0.313975
1.372,19.7319,19.7319,1.11735,22.0473,34.9614,24.0778,1.11735,0.23694
1.3722,18.2163,18.2163,2,36.4326,34.9614,24.1563,2.26134,0.272434
1.3724,16.5734,16.5734,1.67043,27.6848,34.9614,24.1164,1.67043,0.269122
1.3726,18.7554,18.7554,1.77182,33.2311,34.9614,24.1227,1.77182,0.273333
1.3728,17.2833,17.2833,2,34.5666,34.9614,24.1416,2.04137,0.273333
1.373,5.8243,5.8243,2,11.6486,34.9614,24.1943,2.9366,0.566667
1.3732,15.79,15.79,0.0575467,0.908663,34.9614,24.0061,0.0575467,0.416667
1.3734,20.5754,20.5754,1.61922,33.3162,34.9614,24.1117,1.61922,0.266667
1.3736,20.8954,20.8954,1.09746,22.9319,34.9614,24.0766,1.09746,0.116667
1.3738,17.8926,17.8926,2,35.7852,34.9614,24.1601,2.31512,0.273333
1.374,10.7255,10.7255,2,21.4509,34.9614,24.152,2.20205,0.416667
1.3742,20.9892,20.9892,0.388232,8.14867,34.9614,24.0274,0.388232,0.266667
1.3744,19.0256,19.0256,2,38.0512,34.9614,24.1538,2.22918,0.278412
1.3746,18.4177,18.4177,1.54815,28.5134,34.9614,24.1079,1.54815,0.209982
1.3748,17.9527,17.9527,2,35.9054,34.9614,24.1447,2.09139,0.273333
1.375,17.2441,17.2441,1.7238,29.7254,34.9614,24.1199,1.7238,0.266667
1.3752,14.6331,14.6331,2,29.2662,34.9614,24.1571,2.27516,0.367925
1.3754,18.5158,18.5158,1.08553,20.0996,34.9614,24.0758,1.08553,0.27609
1.3756,16.2728,16.2728,2,32.5456,34.9614,24.1828,2.65486,0.346669
1.3758,16.6238,16.6238,1.1087,18.4308,34.9614,24.078,1.1087,0.273333
1.376,20.7123,20.7123,1.37884,28.5591,34.9614,24.0956,1.37884,0.204
1.3762,10.7033,10.7033,2,21.4066,34.9614,24.2177,3.19178,0.443358
1.3764,18.3985,18.3985,0.0161573,0.297272,34.9614,24.0028,0.0161573,0.273029
1.3766,21.1256,21.1256,1.11964,23.6531,34.9614,24.0777,1.11964,0.196669
1.3768,17.7977,17.7977,2,35.5954,34.9614,24.1605,2.31893,0.273333
1.377,14.4818,14.4818,1.79881,26.05,34.9614,24.1252,1.79881,0.324206
1.3772,17.9038,17.9038,1.57552,28.2079,34.9614,24.109,1.57552,0.324907
1.3774,18.1418,18.1418,2,36.2836,34.9614,24.1399,2.02245,0.274565
1.3776,19.4723,19.4723,1.48945,29.0031,34.9614,24.1036,1.48945,0.20363
1.3778,17.5509,17.5509,2,35.1017,34.9614,24.1529,2.20862,0.273333
1.378,17.2483,17.2483,1.58356,27.3138,34.9614,24.1103,1.58356,0.265439
1.3782,20.6184,20.6184,1.32606,27.3412,34.9614,24.0921,1.32606,0.184588
1.3784,17.2578,17.2578,2,34.5157,34.9614,24.1618,2.3389,0.279433
1.3786,16.2988,16.2988,1.53788,25.0656,34.9614,24.1073,1.53788,0.285986
1.3788,19.1387,19.1387,1.78741,34.2087,34.9614,24.1236,1.78741,0.273333
1.379,18.1591,18.1591,1.91803,34.8298,34.9614,24.1331,1.91803,0.24237
1.3792,17.0529,17.0529,1.91485,32.6538,34.9614,24.1329,1.91485,0.279525
1.3794,17.7997,17.7997,1.73375,30.8602,34.9614,24.1203,1.73375,0.277661
1.3796,19.8883,19.8883,1.55798,30.9855,34.9614,24.1082,1.55798,0.207947
1.3798,17.1998,17.1998,2,34.3996,34.9614,24.1541,2.22313,0.273333
1.38,17.5968,17.5968,1.5006,26.4058,34.9614,24.1046,1.5006,0.261653
1.3802,14.6177,14.6177,2,29.2354,34.9614,24.1727,2.50839,0.377135
1.3804,17.9565,17.9565,0.926455,16.6359,34.9614,24.0651,0.926455,0.275741
1.3806,19.3268,19.3268,2,38.6536,34.9614,24.1424,2.06258,0.265104
1.3808,16.2528,16.2528,1.96423,31.9242,34.9614,24.1366,1.96423,0.273333
1.381,18.8884,18.8884,1.48317,28.0148,34.9614,24.103,1.48317,0.257842
1.3812,19.2544,19.2544,1.86718,35.9513,34.9614,24.1294,1.86718,0.227135
1.3814,16.5699,16.5699,2,33.1398,34.9614,24.1444,2.07933,0.278665
1.3816,19.3394,19.3394,1.3475,26.0597,34.9614,24.0938,1.3475,0.232035
1.3818,17.8951,17.8951,2,35.7903,34.9614,24.1543,2.23173,0.273333
1.382,16.8514,16.8514,1.63723,27.5896,34.9614,24.1141,1.63723,0.268646
1.3822,19.5953,19.5953,1.65676,32.4647,34.9614,24.1148,1.65676,0.241899
1.3824,17.2124,17.2124,2,34.4249,34.9614,24.1496,2.15944,0.270685
1.3826,17.3227,17.3227,1.5886,27.5188,34.9614,24.1106,1.5886,0.272201
1.3828,18.4871,18.4871,1.92513,35.5899,34.9614,24.1332,1.92513,0.273333
1.383,17.0698,17.0698,1.92911,32.9296,34.9614,24.1339,1.92911,0.273333
1.3832,6.24095,6.24095,2,12.4819,34.9614,24.1968,2.97856,0.566667
1.3834,15.6962,15.6962,0.0518081,0.813187,34.9614,24.0058,0.0518081,0.416667
1.3836,20.5917,20.5917,1.60786,33.1086,34.9614,24.1109,1.60786,0.266667
1.3838,20.9014,20.9014,1.09467,22.8801,34.9614,24.0764,1.09467,0.116667
1.384,17.903,17.903,2,35.806,34.9614,24.16,2.31376,0.273333
1.3842,10.7133,10.7133,2,21.4266,34.9614,24.1525,2.20729,0.416667
1.3844,16.7119,16.7119,0.924355,15.4477,34.9614,24.0644,0.924355,0.391201
1.3846,19.7385,19.7385,1.93433,38.1808,34.9614,24.1335,1.93433,0.267362
1.3848,16.6279,16.6279,2,33.2558,34.9614,24.1416,2.03821,0.266667
1.385,17.938,17.938,1.56793,28.1254,34.9614,24.109,1.56793,0.273333
1.3852,18.408,18.408,1.98528,36.545,34.9614,24.1374,1.98528,0.266667
1.3854,12.8903,12.8903,2,25.7807,34.9614,24.1611,2.32926,0.376255
1.3856,19.6394,19.6394,0.719211,14.1249,34.9614,24.0505,0.719211,0.27017
1.3858,16.6813,16.6813,2,33.3626,34.9614,24.1893,2.75675,0.344107
1.386,16.0797,16.0797,1.1113,17.8695,34.9614,24.0783,1.1113,0.273333
1.3862,20.9603,20.9603,1.20794,25.3188,34.9614,24.0839,1.20794,0.194521
1.3864,15.0458,15.0458,2,30.0916,34.9614,24.1894,2.7447,0.343488
1.3866,17.2202,17.2202,0.832921,14.3431,34.9614,24.059,0.832921,0.272333
1.3868,19.0449,19.0449,2,38.0898,34.9614,24.1518,2.20306,0.2931
1.387,16.039,16.039,1.84852,29.6483,34.9614,24.1283,1.84852,0.273333
1.3872,17.3757,17.3757,1.74785,30.3702,34.9614,24.121,1.74785,0.309749
1.3874,18.2518,18.2518,1.84457,33.6668,34.9614,24.1278,1.84457,0.269985
1.3876,17.3268,17.3268,1.94728,33.7401,34.9614,24.135,1.94728,0.275351
1.3878,19.1658,19.1658,1.54464,29.6043,34.9614,24.1073,1.54464,0.232065
1.388,17.564,17.564,2,35.1281,34.9614,24.1505,2.17139,0.273333
1.3882,16.3341,16.3341,1.71812,28.0639,34.9614,24.1195,1.71812,0.290866
1.3884,19.8971,19.8971,1.50279,29.901,34.9614,24.1042,1.50279,0.23561
1.3886,17.5791,17.5791,2,35.1583,34.9614,24.1522,2.1972,0.266295
1.3888,13.7897,13.7897,1.96194,27.0547,34.9614,24.136,1.96194,0.352756
1.389,19.7638,19.7638,1.12169,22.1688,34.9614,24.0779,1.12169,0.273333
1.3892,19.1885,19.1885,2,38.377,34.9614,24.1386,2.00175,0.237738
1.3894,18.2698,18.2698,1.75114,31.9931,34.9614,24.1218,1.75114,0.225697
1.3896,17.6878,17.6878,1.97553,34.9426,34.9614,24.1369,1.97553,0.271102
1.3898,18.9359,18.9359,1.58465,30.0068,34.9614,24.1101,1.58465,0.231606
1.39,17.6018,17.6018,2,35.2036,34.9614,24.1478,2.1352,0.273333
1.3902,17.6564,17.6564,1.60816,28.3944,34.9614,24.1119,1.60816,0.258808
1.3904,19.5023,19.5023,1.72813,33.7025,34.9614,24.1198,1.72813,0.23184
1.3906,16.8582,16.8582,2,33.7165,34.9614,24.1496,2.15607,0.277078
1.3908,19.1652,19.1652,1.33481,25.5819,34.9614,24.093,1.33481,0.228144
1.391,17.995,17.995,2,35.99,34.9614,24.1535,2.22028,0.273333
1.3912,16.2123,16.2123,1.72822,28.0185,34.9614,24.1203,1.72822,0.284335
1.3914,19.3714,19.3714,1.5975,30.9458,34.9614,24.1107,1.5975,0.256879
1.3916,17.6606,17.6606,2,35.3212,34.9614,24.1473,2.12468,0.264694
1.3918,18.3958,18.3958,1.53513,28.24,34.9614,24.1068,1.53513,0.238602
1.392,17.9859,17.9859,2,35.9717,34.9614,24.1451,2.09428,0.273333
1.3922,17.5703,17.5703,1.68683,29.638,34.9614,24.1174,1.68683,0.257623
1.3924,18.3948,18.3948,1.88258,34.6298,34.9614,24.1304,1.88258,0.266456
1.3926,17.1406,17.1406,1.94932,33.4126,34.9614,24.1352,1.94932,0.275647
1.3928,17.7885,17.7885,1.71425,30.4939,34.9614,24.119,1.71425,0.274375
1.393,17.9587,17.9587,1.93726,34.7905,34.9614,24.1342,1.93726,0.273333
1.3932,17.3657,17.3657,1.84612,32.0591,34.9614,24.1281,1.84612,0.273333
1.3934,6.29987,6.29987,2,12.5997,34.9614,24.2028,3.08392,0.566667
1.3936,15.3341,15.3341,0.0294577,0.451709,34.9614,24.0044,0.0294577,0.416667
1.3938,20.6446,20.6446,1.57492,32.5136,34.9614,24.1087,1.57492,0.266667
1.394,20.9142,20.9142,1.09013,22.7992,34.9614,24.0761,1.09013,0.116667
1.3942,17.9131,17.9131,2,35.8262,34.9614,24.1601,2.31387,0.273333
1.3944,10.7126,10.7126,2,21.4251,34.9614,24.1527,2.20989,0.416667
1.3946,20.1545,20.1545,0.528892,10.6596,34.9614,24.0372,0.528892,0.298105
1.3948,19.1164,19.1164,2,38.2329,34.9614,24.1505,2.18107,0.271196
1.395,17.3881,17.3881,1.72093,29.9237,34.9614,24.1199,1.72093,0.239433
1.3952,18.1755,18.1755,1.87701,34.1156,34.9614,24.1301,1.87701,0.273333
1.3954,17.6268,17.6268,1.8791,33.1225,34.9614,24.1304,1.8791,0.266667
1.3956,19.4281,19.4281,1.56976,30.4973,34.9614,24.109,1.56976,0.221715
1.3958,17.2664,17.2664,2,34.5328,34.9614,24.1527,2.20519,0.276474
1.396,14.8213,14.8213,1.81511,26.9024,34.9614,24.1261,1.81511,0.331669
1.3962,19.4675,19.4675,1.39224,27.1034,34.9614,24.0965,1.39224,0.273333
1.3964,19.9314,19.9314,1.66893,33.264,34.9614,24.1158,1.66893,0.19501
1.3966,17.9161,17.9161,2,35.8321,34.9614,24.1416,2.04171,0.246046
1.3968,17.4923,17.4923,1.73598,30.3662,34.9614,24.1206,1.73598,0.263808
1.397,18.2562,18.2562,1.86205,33.9938,34.9614,24.129,1.86205,0.268382
1.3972,17.3668,17.3668,1.92824,33.4874,34.9614,24.1337,1.92824,0.273333
1.3974,19.7647,19.7647,1.44984,28.6557,34.9614,24.1008,1.44984,0.211734
1.3976,16.9187,16.9187,2,33.8375,34.9614,24.1613,2.33223,0.28957
1.3978,17.1499,17.1499,1.41936,24.3418,34.9614,24.0991,1.41936,0.270524
1.398,19.6588,19.6588,1.77342,34.8634,34.9614,24.1228,1.77342,0.243231
1.3982,16.8067,16.8067,2,33.6133,34.9614,24.148,2.13488,0.273333
1.3984,14.089,14.089,1.91195,26.9375,34.9614,24.1324,1.91195,0.361734
1.3986,21.7377,21.7377,0.390188,8.48178,34.9614,24.0276,0.390188,0.146379
1.3988,18.9819,18.9819,2,37.9639,34.9614,24.154,2.23197,0.276643
1.399,16.8397,16.8397,1.73098,29.1493,34.9614,24.1206,1.73098,0.252143
1.3992,18.4872,18.4872,1.78244,32.9524,34.9614,24.1234,1.78244,0.273333
1.3994,18.2901,18.2901,1.8769,34.3288,34.9614,24.1302,1.8769,0.248725
1.3996,17.4618,17.4618,1.90829,33.3221,34.9614,24.1324,1.90829,0.269179
1.3998,17.5737,17.5737,1.80309,31.6869,34.9614,24.1251,1.80309,0.277577
1.4,16.5028,16.5028,2,33.0055,34.9614,24.1405,2.02941,0.310305
1.4002,18.032,18.032,1.55482,28.0365,34.9614,24.108,1.55482,0.273333
1.4004,19.9749,19.9749,1.61755,32.3105,34.9614,24.1122,1.61755,0.207333
1.4006,15.1004,15.1004,2,30.2009,34.9614,24.171,2.47065,0.323868
1.4008,17.8663,17.8663,1.02302,18.2775,34.9614,24.0718,1.02302,0.272642
1.401,20.3472,20.3472,1.59086,32.3695,34.9614,24.1102,1.59086,0.210846
1.4012,16.9387,16.9387,2,33.8773,34.9614,24.1552,2.23916,0.273333
1.4014,15.3595,15.3595,1.6948,26.0312,34.9614,24.1179,1.6948,0.321123
1.4016,21.2304,21.2304,0.897758,19.0598,34.9614,24.0626,0.897758,0.173868
1.4018,18.1301,18.1301,2,36.2601,34.9614,24.1612,2.33141,0.276737
1.402,13.4164,13.4164,1.92923,25.8833,34.9614,24.1343,1.92923,0.344955
1.4022,20.0084,20.0084,1.07288,21.4666,34.9614,24.0745,1.07288,0.273333
1.4024,18.7938,18.7938,2,37.5877,34.9614,24.1472,2.12798,0.252871
1.4026,19.4852,19.4852,1.44614,28.1784,34.9614,24.1007,1.44614,0.187127
1.4028,17.5139,17.5139,2,35.0278,34.9614,24.1553,2.24204,0.276786
1.403,19.1475,19.1475,1.32517,25.3736,34.9614,24.0924,1.32517,0.212566
1.4032,18.0239,18.0239,2,36.0478,34.9614,24.1535,2.21849,0.273333
1.4034,16.6185,16.6185,1.68703,28.0358,34.9614,24.1176,1.68703,0.273333
1.4036,7.19375,7.19375,2,14.3875,34.9614,24.2022,3.06357,0.566667
1.4038,15.3788,15.3788,0.0321858,0.494979,34.9614,24.0045,0.0321858,0.416667
1.404,20.6391,20.6391,1.57784,32.5652,34.9614,24.1089,1.57784,0.266667
1.4042,20.9122,20.9122,1.09112,22.8177,34.9614,24.0761,1.09112,0.116667
1.4044,17.9114,17.9114,2,35.8228,34.9614,24.16,2.3137,0.273333
1.4046,10.7134,10.7134,2,21.4268,34.9614,24.1524,2.21052,0.416667
1.4048,18.233,18.233,0.759306,13.8444,34.9614,24.0532,0.759306,0.352043
1.405,19.0956,19.0956,2,38.1911,34.9614,24.1507,2.18175,0.278995
1.4052,16.3499,16.3499,1.8356,30.0119,34.9614,24.1278,1.8356,0.266667
1.4054,18.5593,18.5593,1.64465,30.5237,34.9614,24.114,1.64465,0.273333
1.4056,17.4665,17.4665,2,34.9329,34.9614,24.1457,2.10188,0.279028
1.4058,18.7525,18.7525,1.49038,27.9484,34.9614,24.1037,1.49038,0.232927
1.406,17.7304,17.7304,2,35.4607,34.9614,24.1503,2.17242,0.278046
1.4062,14.1158,14.1158,1.96546,27.744,34.9614,24.1363,1.96546,0.344199
1.4064,19.5804,19.5804,1.17758,23.0574,34.9614,24.0818,1.17758,0.273333
1.4066,20.035,20.035,1.67553,33.5693,34.9614,24.1162,1.67553,0.199089
1.4068,18.002,18.002,2,36.004,34.9614,24.1405,2.02437,0.242139
1.407,17.1967,17.1967,1.79111,30.8012,34.9614,24.1245,1.79111,0.271275
1.4072,20.1025,20.1025,1.44333,29.0146,34.9614,24.1002,1.44333,0.206867
1.4074,17.3729,17.3729,2,34.7458,34.9614,24.1567,2.26227,0.273333
1.4076,14.1684,14.1684,1.83862,26.0503,34.9614,24.1277,1.83862,0.342324
1.4078,18.6797,18.6797,1.41682,26.4657,34.9614,24.0981,1.41682,0.306678
1.408,18.1073,18.1073,2,36.2146,34.9614,24.1487,2.14979,0.272145
1.4082,18.3141,18.3141,1.562,28.6065,34.9614,24.1087,1.562,0.232224
1.4084,17.985,17.985,2,35.97,34.9614,24.1434,2.07229,0.273333
1.4086,13.2521,13.2521,2,26.5042,34.9614,24.1501,2.17083,0.368065
1.4088,21.2282,21.2282,0.568147,12.0608,34.9614,24.0398,0.568147,0.207778
1.409,18.6527,18.6527,2,37.3055,34.9614,24.1586,2.2971,0.280006
1.4092,15.7148,15.7148,1.76889,27.7977,34.9614,24.1233,1.76889,0.281328
1.4094,19.0602,19.0602,1.57397,30.0001,34.9614,24.109,1.57397,0.273333
1.4096,19.3119,19.3119,1.8098,34.9506,34.9614,24.1255,1.8098,0.218065
1.4098,17.453,17.453,2,34.906,34.9614,24.1395,2.00906,0.258273
1.41,17.5303,17.5303,1.7196,30.1452,34.9614,24.1195,1.7196,0.272523
1.4102,19.1704,19.1704,1.72467,33.0626,34.9614,24.1196,1.72467,0.240694
1.4104,17.1739,17.1739,2,34.3478,34.9614,24.1459,2.10492,0.273333
1.4106,20.5964,20.5964,1.1015,22.687,34.9614,24.0768,1.1015,0.1702
1.4108,17.9161,17.9161,2,35.8321,34.9614,24.1599,2.31353,0.274619
1.411,16.2608,16.2608,1.63083,26.5187,34.9614,24.1137,1.63083,0.278174
1.4112,20.1026,20.1026,1.49827,30.1191,34.9614,24.1039,1.49827,0.231714
1.4114,17.2665,17.2665,2,34.5331,34.9614,24.1558,2.24889,0.273333
1.4116,15.1637,15.1637,1.73855,26.3629,34.9614,24.1209,1.73855,0.3202
1.4118,20.9845,20.9845,1.03944,21.8122,34.9614,24.0723,1.03944,0.19841
1.412,17.7536,17.7536,2,35.5072,34.9614,24.1636,2.36799,0.280727
1.4122,14.7811,14.7811,1.71816,25.3963,34.9614,24.1199,1.71816,0.31446
1.4124,19.6557,19.6557,1.43697,28.2446,34.9614,24.0995,1.43697,0.273333
1.4126,17.3324,17.3324,2,34.6649,34.9614,24.1574,2.27421,0.280281
1.4128,17.1077,17.1077,1.51929,25.9916,34.9614,24.1059,1.51929,0.26859
1.413,18.6745,18.6745,1.93451,36.1259,34.9614,24.1338,1.93451,0.274933
1.4132,19.6673,19.6673,1.52803,30.0521,34.9614,24.1063,1.52803,0.192319
1.4134,17.3654,17.3654,2,34.7308,34.9614,24.1536,2.21566,0.273333
1.4136,17.0399,17.0399,1.58305,26.975,34.9614,24.1103,1.58305,0.273333
1.4138,7.1897,7.1897,2,14.3794,34.9614,24.2102,3.20206,0.566667
1.414,14.8954,14.8954,0.0142955,0.212937,34.9614,24.0035,0.0142955,0.416667
1.4142,20.7076,20.7076,1.5333,31.751,34.9614,24.1058,1.5333,0.266667
1.4144,20.9359,20.9359,1.08047,22.6206,34.9614,24.0754,1.08047,0.116667
1.4146,17.9294,17.9294,2,35.8589,34.9614,24.1601,2.31307,0.273333
1.4148,8.41199,8.41199,2,16.824,34.9614,24.168,2.45922,0.473819
1.415,19.7271,19.7271,0.215393,4.24908,34.9614,24.0159,0.215393,0.315045
1.4152,19.4526,19.4526,2,38.9052,34.9614,24.1467,2.12746,0.27865
1.4154,16.2669,16.2669,1.91328,31.1232,34.9614,24.1331,1.91328,0.266667
1.4156,18.4448,18.4448,1.58607,29.2547,34.9614,24.11,1.58607,0.273333
1.4158,15.9827,15.9827,2,31.9654,34.9614,24.1612,2.33374,0.323819
1.416,18.9378,18.9378,1.12613,21.3264,34.9614,24.0787,1.12613,0.238536
1.4162,18.2472,18.2472,2,36.4945,34.9614,24.1566,2.26861,0.280464
1.4164,13.5583,13.5583,1.98551,26.9201,34.9614,24.138,1.98551,0.343568
1.4166,19.8394,19.8394,1.06658,21.1603,34.9614,24.0741,1.06658,0.273333
1.4168,19.0239,19.0239,2,38.0478,34.9614,24.1432,2.06969,0.24648
1.417,17.0117,17.0117,1.84939,31.4612,34.9614,24.1286,1.84939,0.25788
1.4172,18.0987,18.0987,1.7507,31.6853,34.9614,24.1214,1.7507,0.27412
1.4174,15.1397,15.1397,2,30.2795,34.9614,24.1567,2.26825,0.339958
1.4176,18.3128,18.3128,1.16766,21.3831,34.9614,24.0815,1.16766,0.273333
1.4178,19.8953,19.8953,1.76988,35.2123,34.9614,24.1226,1.76988,0.222841
1.418,17.0084,17.0084,2,34.0168,34.9614,24.1465,2.11204,0.265198
1.4182,17.4239,17.4239,1.60025,27.8825,34.9614,24.1113,1.60025,0.275998
1.4184,19.0476,19.0476,1.82458,34.754,34.9614,24.1263,1.82458,0.253007
1.4186,16.9888,16.9888,2,33.9777,34.9614,24.1421,2.04828,0.273333
1.4188,17.2703,17.2703,1.67019,28.8447,34.9614,24.1161,1.67019,0.283898
1.419,19.7563,19.7563,1.61314,31.8697,34.9614,24.1119,1.61314,0.226088
1.4192,16.8686,16.8686,2,33.7371,34.9614,24.1552,2.23736,0.280503
1.4194,19.3877,19.3877,1.23377,23.9198,34.9614,24.086,1.23377,0.216097
1.4196,18.0868,18.0868,2,36.1736,34.9614,24.1555,2.24775,0.273333
1.4198,15.5934,15.5934,1.77436,27.6683,34.9614,24.1235,1.77436,0.296218
1.42,19.9712,19.9712,1.3966,27.8918,34.9614,24.0968,1.3966,0.243868
1.4202,17.526,17.526,2,35.0521,34.9614,24.1566,2.26392,0.273664
1.4204,16.5031,16.5031,1.61017,26.5728,34.9614,24.1122,1.61017,0.281177
1.4206,18.9076,18.9076,1.78709,33.7895,34.9614,24.1237,1.78709,0.273333
1.4208,19.473,19.473,1.66258,32.3754,34.9614,24.1155,1.66258,0.20342
1.421,18.0777,18.0777,2,36.1553,34.9614,24.1398,2.01615,0.247372
1.4212,16.7364,16.7364,1.85872,31.1082,34.9614,24.1291,1.85872,0.282913
1.4214,19.1502,19.1502,1.5715,30.0945,34.9614,24.109,1.5715,0.247675
1.4216,17.522,17.522,2,35.0441,34.9614,24.1497,2.16088,0.273333
1.4218,20.14,20.14,1.21266,24.4229,34.9614,24.0845,1.21266,0.182381
1.422,18.398,18.398,2,36.7959,34.9614,24.1504,2.17312,0.256912
1.4222,16.2626,16.2626,1.80076,29.285,34.9614,24.1253,1.80076,0.279645
1.4224,18.3134,18.3134,1.69779,31.0922,34.9614,24.1176,1.69779,0.283865
1.4226,17.6977,17.6977,2,35.3954,34.9614,24.14,2.01849,0.273333
1.4228,14.9917,14.9917,2,29.9833,34.9614,24.1397,2.01273,0.332381
1.423,18.4758,18.4758,1.36762,25.2679,34.9614,24.095,1.36762,0.287783
1.4232,18.2247,18.2247,2,36.4495,34.9614,24.1491,2.15689,0.274342
1.4234,16.1799,16.1799,1.80613,29.223,34.9614,24.1258,1.80613,0.285461
1.4236,18.7122,18.7122,1.63183,30.5353,34.9614,24.1131,1.63183,0.273333
1.4238,17.6147,17.6147,2,35.2293,34.9614,24.1451,2.09515,0.273333
1.424,5.47981,5.47981,2,10.9596,34.9614,24.1958,2.96052,0.566667
1.4242,15.6441,15.6441,0.0485785,0.759968,34.9614,24.0056,0.0485785,0.416667
1.4244,20.599,20.599,1.60396,33.0398,34.9614,24.1107,1.60396,0.266667
1.4246,20.8992,20.8992,1.09656,22.9172,34.9614,24.0765,1.09656,0.116667
1.4248,17.902,17.902,2,35.8039,34.9614,24.1599,2.31302,0.273333
1.425,6.26254,6.26254,2,12.5251,34.9614,24.1803,2.68855,0.527675
1.4252,19.0109,19.0109,0.0359711,0.683844,34.9614,24.004,0.0359711,0.266667
1.4254,19.8517,19.8517,1.98796,39.4643,34.9614,24.1371,1.98796,0.27522
1.4256,19.8583,19.8583,1.46599,29.1122,34.9614,24.1021,1.46599,0.1643
1.4258,17.4275,17.4275,2,34.8549,34.9614,24.1553,2.2433,0.273333
1.426,12.7719,12.7719,2,25.5437,34.9614,24.1394,2.0088,0.377675
1.4262,21.6044,21.6044,0.43974,9.50031,34.9614,24.0309,0.43974,0.192017
1.4264,18.8833,18.8833,2,37.7665,34.9614,24.1555,2.25409,0.277649
1.4266,18.1524,18.1524,1.55566,28.2389,34.9614,24.1085,1.55566,0.218307
1.4268,18.0789,18.0789,2,36.1577,34.9614,24.1424,2.05627,0.273333
1.427,16.8231,16.8231,1.81277,30.4964,34.9614,24.126,1.81277,0.277707
1.4272,17.5364,17.5364,1.83527,32.1839,34.9614,24.1271,1.83527,0.294796
1.4274,17.9294,17.9294,1.82834,32.781,34.9614,24.1268,1.82834,0.271125
1.4276,16.0926,16.0926,2,32.1852,34.9614,24.1444,2.08294,0.313163
1.4278,18.1633,18.1633,1.45255,26.383,34.9614,24.101,1.45255,0.273333
1.428,19.6309,19.6309,1.77583,34.8612,34.9614,24.123,1.77583,0.225119
1.4282,14.7069,14.7069,2,29.4138,34.9614,24.1651,2.38688,0.327145
1.4284,17.9534,17.9534,1.05076,18.8647,34.9614,24.0736,1.05076,0.282413
1.4286,20.858,20.858,1.25153,26.1044,34.9614,24.087,1.25153,0.173362
1.4288,17.5733,17.5733,2,35.1465,34.9614,24.1599,2.31114,0.273333
1.429,17.5043,17.5043,1.4672,25.6824,34.9614,24.1024,1.4672,0.252149
1.4292,18.8981,18.8981,1.94368,36.7319,34.9614,24.1344,1.94368,0.263444
1.4294,16.7245,16.7245,1.97863,33.0916,34.9614,24.1374,1.97863,0.275021
1.4296,18.3604,18.3604,1.58127,29.0327,34.9614,24.1098,1.58127,0.26397
1.4298,17.9227,17.9227,2,35.8454,34.9614,24.1433,2.06981,0.273333
1.43,18.2614,18.2614,1.61873,29.5603,34.9614,24.1126,1.61873,0.241313
1.4302,19.0287,19.0287,1.84724,35.1506,34.9614,24.1281,1.84724,0.238211
1.4304,17.0836,17.0836,2,34.1671,34.9614,24.1401,2.01909,0.269579
1.4306,15.8205,15.8205,1.86345,29.4808,34.9614,24.1292,1.86345,0.321643
1.4308,18.818,18.818,1.5357,28.8988,34.9614,24.1065,1.5357,0.273333
1.431,17.7967,17.7967,2,35.5934,34.9614,24.1477,2.13443,0.272566
1.4312,17.9379,17.9379,1.59682,28.6435,34.9614,24.1111,1.59682,0.248093
1.4314,18.1053,18.1053,2,36.2106,34.9614,24.1393,2.0127,0.273593
1.4316,16.7464,16.7464,1.86167,31.1763,34.9614,24.1295,1.86167,0.281904
1.4318,18.2659,18.2659,1.69475,30.9561,34.9614,24.1175,1.69475,0.273333
1.432,17.9174,17.9174,1.98898,35.6374,34.9614,24.1378,1.98898,0.267902
1.4322,16.0618,16.0618,1.94373,31.2197,34.9614,24.1348,1.94373,0.304347
1.4324,18.2941,18.2941,1.55787,28.4998,34.9614,24.1081,1.55787,0.27925
1.4326,19.1054,19.1054,1.8656,35.6432,34.9614,24.1293,1.8656,0.238347
1.4328,16.8588,16.8588,2,33.7176,34.9614,24.1414,2.03577,0.273333
1.433,19.7631,19.7631,1.33772,26.4375,34.9614,24.093,1.33772,0.215246
1.4332,16.0517,16.0517,2,32.1034,34.9614,24.175,2.53367,0.320161
1.4334,16.9081,16.9081,1.16988,19.7805,34.9614,24.082,1.16988,0.277837
1.4336,19.9217,19.9217,1.78272,35.5147,34.9614,24.1233,1.78272,0.2453
1.4338,16.6553,16.6553,2,33.3107,34.9614,24.1494,2.15202,0.273333
1.434,17.6455,17.6455,1.50456,26.5487,34.9614,24.1047,1.50456,0.273333
1.4342,7.01031,7.01031,2,14.0206,34.9614,24.221,3.35634,0.566667
1.4344,14.358,14.358,0,0,34.9614,24.0025,-3.60868e-08,0.416667
1.4346,20.7866,20.7866,1.47832,30.7293,34.9614,24.102,1.47832,0.266667
1.4348,20.9634,20.9634,1.06789,22.3866,34.9614,24.0745,1.06789,0.116667
1.435,17.9409,17.9409,2,35.8818,34.9614,24.1602,2.31612,0.273333
1.4352,10.6851,10.6851,2,21.3702,34.9614,24.1526,2.2094,0.416667
1.4354,20.9954,20.9954,0.37618,7.89805,34.9614,24.0266,0.37618,0.266667
1.4356,19.1644,19.1644,2,38.3287,34.9614,24.1506,2.1833,0.273553
1.4358,17.4766,17.4766,1.7126,29.9304,34.9614,24.1193,1.7126,0.23643
1.436,18.1561,18.1561,1.89157,34.3435,34.9614,24.131,1.89157,0.273333
1.4362,17.5982,17.5982,1.86823,32.8775,34.9614,24.1297,1.86823,0.266667
1.4364,16.8312,16.8312,1.93777,32.6149,34.9614,24.1343,1.93777,0.297166
1.4366,17.9264,17.9264,1.67997,30.1157,34.9614,24.1167,1.67997,0.276578
1.4368,14.6306,14.6306,2,29.2612,34.9614,24.1641,2.3761,0.360535
1.437,18.3677,18.3677,1.00868,18.5272,34.9614,24.0706,1.00868,0.273333
1.4372,20.3425,20.3425,1.58377,32.2179,34.9614,24.1098,1.58377,0.204507
1.4374,15.8751,15.8751,2,31.7502,34.9614,24.166,2.39686,0.302132
1.4376,17.732,17.732,1.19062,21.112,34.9614,24.0833,1.19062,0.268194
1.4378,19.1231,19.1231,2,38.2462,34.9614,24.1407,2.03548,0.26473
1.438,16.443,16.443,1.95119,32.0834,34.9614,24.1356,1.95119,0.273333
1.4382,15.1814,15.1814,1.93266,29.3406,34.9614,24.1336,1.93266,0.352465
1.4384,18.9633,18.9633,1.39555,26.4642,34.9614,24.0968,1.39555,0.275607
1.4386,18.0313,18.0313,2,36.0625,34.9614,24.1508,2.18049,0.271663
1.4388,18.7995,18.7995,1.4674,27.5864,34.9614,24.1022,1.4674,0.217775
1.439,17.9197,17.9197,2,35.8395,34.9614,24.1492,2.15653,0.273333
1.4392,13.615,13.615,2,27.23,34.9614,24.1423,2.05068,0.354465
1.4394,20.0546,20.0546,0.980278,19.659,34.9614,24.0682,0.980278,0.261299
1.4396,18.234,18.234,2,36.4679,34.9614,24.1592,2.30511,0.276831
1.4398,16.4324,16.4324,1.6497,27.1085,34.9614,24.115,1.6497,0.269326
1.44,18.8777,18.8777,1.75768,33.1808,34.9614,24.1217,1.75768,0.273333
1.4402,19.4979,19.4979,1.67195,32.5995,34.9614,24.1161,1.67195,0.204465
1.4404,16.4101,16.4101,2,32.8201,34.9614,24.156,2.25367,0.292408
1.4406,17.634,17.634,1.38669,24.4529,34.9614,24.0967,1.38669,0.271034
1.4408,20.2317,20.2317,1.57393,31.8432,34.9614,24.1091,1.57393,0.207544
1.441,17.0398,17.0398,2,34.0796,34.9614,24.1552,2.24,0.273333
1.4412,19.8265,19.8265,1.18006,23.3964,34.9614,24.0823,1.18006,0.19869
1.4414,18.7483,18.7483,2,37.4965,34.9614,24.1458,2.10789,0.249899
1.4416,16.5666,16.5666,1.8486,30.625,34.9614,24.1286,1.8486,0.270753
1.4418,19.0188,19.0188,1.58602,30.1643,34.9614,24.11,1.58602,0.255465
1.442,17.5506,17.5506,2,35.1013,34.9614,24.1484,2.14314,0.273333
1.4422,17.5186,17.5186,1.60964,28.1986,34.9614,24.112,1.60964,0.262693
1.4424,18.3624,18.3624,1.94345,35.6865,34.9614,24.1345,1.94345,0.272461
1.4426,16.9779,16.9779,1.91659,32.5397,34.9614,24.1331,1.91659,0.276575
1.4428,18.7096,18.7096,1.61098,30.141,34.9614,24.1118,1.61098,0.25374
1.443,17.67,17.67,2,35.34,34.9614,24.1454,2.10084,0.273333
1.4432,18.5853,18.5853,1.53231,28.4784,34.9614,24.1066,1.53231,0.234814
1.4434,17.8396,17.8396,2,35.6791,34.9614,24.147,2.12433,0.274761
1.4436,16.9301,16.9301,1.7189,29.1011,34.9614,24.1195,1.7189,0.274562
1.4438,20.2161,20.2161,1.43902,29.0914,34.9614,24.0999,1.43902,0.209444
1.444,17.3563,17.3563,2,34.7125,34.9614,24.1568,2.26604,0.273333
1.4442,16.9124,16.9124,1.54688,26.1614,34.9614,24.1079,1.54688,0.273333
1.4444,7.37058,7.37058,2,14.7412,34.9614,24.2111,3.20468,0.566667
1.4446,14.8529,14.8529,0.0129472,0.192304,34.9614,24.0034,0.0129472,0.416667
1.4448,20.7155,20.7155,1.5278,31.6492,34.9614,24.1054,1.5278,0.266667
1.445,20.9374,20.9374,1.07994,22.6112,34.9614,24.0754,1.07994,0.116667
1.4452,17.9271,17.9271,2,35.8541,34.9614,24.16,2.31417,0.273333
1.4454,10.7053,10.7053,2,21.4105,34.9614,24.1526,2.20799,0.416667
1.4456,16.4671,16.4671,0.949057,15.6282,34.9614,24.0661,0.949057,0.397412
1.4458,19.596,19.596,1.98591,38.9159,34.9614,24.137,1.98591,0.277821
1.446,17.0072,17.0072,1.94782,33.1269,34.9614,24.1354,1.94782,0.255203
1.4462,17.9053,17.9053,1.68971,30.2547,34.9614,24.1173,1.68971,0.273333
1.4464,18.1804,18.1804,1.93383,35.1578,34.9614,24.1339,1.93383,0.266667
1.4466,15.1071,15.1071,2,30.2141,34.9614,24.147,2.11954,0.327661
1.4468,18.3639,18.3639,1.2939,23.761,34.9614,24.0901,1.2939,0.281906
1.447,15.4563,15.4563,2,30.9126,34.9614,24.1803,2.62317,0.357124
1.4472,17.2248,17.2248,0.988042,17.0188,34.9614,24.0695,0.988042,0.273333
1.4474,20.7638,20.7638,1.34535,27.9346,34.9614,24.0934,1.34535,0.193848
1.4476,18.7215,18.7215,2,37.443,34.9614,24.1407,2.02946,0.23248
1.4478,16.3197,16.3197,1.94387,31.7235,34.9614,24.1352,1.94387,0.282751
1.448,20.3196,20.3196,1.24065,25.2095,34.9614,24.0862,1.24065,0.207124
1.4482,17.7497,17.7497,2,35.4995,34.9614,24.1588,2.29422,0.273333
1.4484,13.7907,13.7907,1.88995,26.0638,34.9614,24.1316,1.88995,0.343848
1.4486,20.2887,20.2887,1.08815,22.0772,34.9614,24.0755,1.08815,0.25818
1.4488,17.8045,17.8045,2,35.6089,34.9614,24.1625,2.35276,0.281754
1.449,15.7024,15.7024,1.64256,25.792,34.9614,24.1146,1.64256,0.291346
1.4492,19.29,19.29,1.63902,31.6166,34.9614,24.1134,1.63902,0.273333
1.4494,19.1381,19.1381,1.82111,34.8526,34.9614,24.1264,1.82111,0.217717
1.4496,17.2069,17.2069,2,34.4137,34.9614,24.1409,2.03093,0.266559
1.4498,17.4864,17.4864,1.68267,29.4239,34.9614,24.117,1.68267,0.276193
1.45,16.7635,16.7635,2,33.527,34.9614,24.1449,2.09359,0.312396
1.4502,17.7222,17.7222,1.55875,27.6245,34.9614,24.1084,1.55875,0.273333
1.4504,20.6278,20.6278,1.32362,27.3034,34.9614,24.092,1.32362,0.175762
1.4506,17.7829,17.7829,2,35.5657,34.9614,24.1552,2.2407,0.264462
1.4508,16.5886,16.5886,1.64945,27.3622,34.9614,24.1149,1.64945,0.276469
1.451,20.9178,20.9178,1.13281,23.6958,34.9614,24.0788,1.13281,0.174644
1.4512,17.8108,17.8108,2,35.6217,34.9614,24.1602,2.31771,0.273333
1.4514,19.1558,19.1558,1.28332,24.5831,34.9614,24.0896,1.28332,0.202506
1.4516,18.9601,18.9601,2,37.9201,34.9614,24.1403,2.02606,0.244642
1.4518,16.3941,16.3941,1.95605,32.0677,34.9614,24.1359,1.95605,0.277063
1.452,18.9688,18.9688,1.49213,28.304,34.9614,24.1036,1.49213,0.253603
1.4522,17.7891,17.7891,2,35.5782,34.9614,24.1499,2.16573,0.273333
1.4524,14.8467,14.8467,1.90173,28.2345,34.9614,24.1323,1.90173,0.324977
1.4526,19.5266,19.5266,1.31143,25.6077,34.9614,24.091,1.31143,0.266111
1.4528,17.9575,17.9575,2,35.915,34.9614,24.1543,2.23059,0.271575
1.453,14.751,14.751,1.86958,27.5782,34.9614,24.1301,1.86958,0.320497
1.4532,19.413,19.413,1.34727,26.1544,34.9614,24.0934,1.34727,0.273333
1.4534,19.8541,19.8541,1.71297,34.0095,34.9614,24.1188,1.71297,0.201427
1.4536,18.6331,18.6331,1.89116,35.2382,34.9614,24.1313,1.89116,0.222985
1.4538,16.5521,16.5521,2,33.1041,34.9614,24.1407,2.02922,0.286668
1.454,18.5497,18.5497,1.4966,27.7613,34.9614,24.104,1.4966,0.258834
1.4542,17.9792,17.9792,2,35.9584,34.9614,24.147,2.12549,0.273333
1.4544,16.8881,16.8881,1.7376,29.3447,34.9614,24.1209,1.7376,0.273333
1.4546,6.888,6.888,2,13.776,34.9614,24.2029,3.07495,0.566667
1.4548,15.3634,15.3634,0.0312867,0.480671,34.9614,24.0045,0.0312867,0.416667
1.455,20.6407,20.6407,1.57754,32.5615,34.9614,24.1089,1.57754,0.266667
1.4552,20.9134,20.9134,1.09026,22.801,34.9614,24.0761,1.09026,0.116667
1.4554,17.9148,17.9148,2,35.8296,34.9614,24.1601,2.3153,0.273333
1.4556,10.7054,10.7054,2,21.4108,34.9614,24.1525,2.2072,0.416667
1.4558,19.028,19.028,0.673841,12.8219,34.9614,24.0473,0.673841,0.331495
1.456,19.0348,19.0348,2,38.0696,34.9614,24.1518,2.20035,0.276215
1.4562,16.3249,16.3249,1.81783,29.6759,34.9614,24.1266,1.81783,0.266667
1.4564,18.6124,18.6124,1.64988,30.7081,34.9614,24.1144,1.64988,0.273333
1.4566,17.8669,17.8669,2,35.7339,34.9614,24.1413,2.03963,0.266667
1.4568,17.04,17.04,1.78745,30.4581,34.9614,24.1242,1.78745,0.276703
1.457,18.0568,18.0568,1.81156,32.7108,34.9614,24.1257,1.81156,0.278789
1.4572,14.8485,14.8485,2,29.6969,34.9614,24.1553,2.2439,0.343894
1.4574,18.5576,18.5576,1.13285,21.0229,34.9614,24.0791,1.13285,0.273333
1.4576,20.379,20.379,1.53646,31.3114,34.9614,24.1066,1.53646,0.194335
1.4578,16.623,16.623,2,33.246,34.9614,24.1609,2.32308,0.28561
1.458,17.1798,17.1798,1.39525,23.9701,34.9614,24.0974,1.39525,0.275026
1.4582,18.5401,18.5401,2,37.0802,34.9614,24.1414,2.04465,0.284745
1.4584,16.7414,16.7414,1.8704,31.3131,34.9614,24.13,1.8704,0.273333
1.4586,15.5137,15.5137,1.99988,31.0255,34.9614,24.1385,1.99988,0.344336
1.4588,15.1166,15.1166,1.79386,27.1172,34.9614,24.1241,1.79386,0.365715
1.459,19.3992,19.3992,1.44732,28.0768,34.9614,24.1003,1.44732,0.271953
1.4592,18.7093,18.7093,2,37.4187,34.9614,24.1394,2.01236,0.241331
1.4594,16.7387,16.7387,1.90895,31.9534,34.9614,24.1326,1.90895,0.273333
1.4596,19.8997,19.8997,1.39598,27.7795,34.9614,24.097,1.39598,0.218841
1.4598,17.0428,17.0428,2,34.0857,34.9614,24.1622,2.34557,0.288002
1.46,16.9533,16.9533,1.44069,24.4246,34.9614,24.1006,1.44069,0.272453
1.4602,20.1002,20.1002,1.61243,32.4103,34.9614,24.1117,1.61243,0.225631
1.4604,16.9836,16.9836,2,33.9672,34.9614,24.1538,2.21904,0.273333
1.4606,18.1984,18.1984,1.41234,25.7023,34.9614,24.0984,1.41234,0.249075
1.4608,17.3248,17.3248,2,34.6496,34.9614,24.1571,2.27232,0.302578
1.461,16.6166,16.6166,1.57324,26.1419,34.9614,24.1097,1.57324,0.280979
1.4612,17.1822,17.1822,2,34.3645,34.9614,24.1427,2.06691,0.322809
1.4614,17.5275,17.5275,1.64499,28.8326,34.9614,24.1143,1.64499,0.273333
1.4616,16.8413,16.8413,2,33.6825,34.9614,24.1465,2.12039,0.312167
1.4618,16.5246,16.5246,1.67346,27.6531,34.9614,24.1163,1.67346,0.301508
1.462,19.0395,19.0395,1.72122,32.7713,34.9614,24.1192,1.72122,0.265556
1.4622,17.74,17.74,2,35.4801,34.9614,24.1404,2.02498,0.259738
1.4624,17.2773,17.2773,1.7629,30.4583,34.9614,24.1224,1.7629,0.273333
1.4626,18.8144,18.8144,1.74031,32.743,34.9614,24.1207,1.74031,0.254322
1.4628,14.8103,14.8103,2,29.6205,34.9614,24.1638,2.36723,0.338162
1.463,18.2813,18.2813,1.04504,19.1047,34.9614,24.0731,1.04504,0.273169
1.4632,19.9538,19.9538,1.77397,35.3974,34.9614,24.1228,1.77397,0.225738
1.4634,16.6524,16.6524,2,33.3048,34.9614,24.1498,2.16091,0.273333
1.4636,18.5728,18.5728,1.38876,25.7932,34.9614,24.0967,1.38876,0.248142
1.4638,15.8573,15.8573,2,31.7145,34.9614,24.1731,2.50807,0.337383
1.464,17.1185,17.1185,1.15102,19.7038,34.9614,24.0807,1.15102,0.277076
1.4642,18.5731,18.5731,2,37.1461,34.9614,24.151,2.18793,0.29732
1.4644,16.3712,16.3712,1.7897,29.2996,34.9614,24.1246,1.7897,0.273333
1.4646,18.6383,18.6383,1.6751,31.2212,34.9614,24.1161,1.6751,0.273333
1.4648,5.9569,5.9569,2,11.9138,34.9614,24.2236,3.39334,0.566667
1.465,14.2036,14.2036,0,0,34.9614,24.0023,-8.81011e-08,0.416667
1.4652,20.8087,20.8087,1.46248,30.4323,34.9614,24.1009,1.46248,0.266667
1.4654,20.9723,20.9723,1.06322,22.2981,34.9614,24.0742,1.06322,0.116667
1.4656,17.9472,17.9472,2,35.8943,34.9614,24.1601,2.31546,0.273333
1.4658,10.6794,10.6794,2,21.3588,34.9614,24.1523,2.21172,0.416667
1.466,18.8236,18.8236,0.690471,12.9971,34.9614,24.0484,0.690471,0.337184
1.4662,19.0514,19.0514,2,38.1028,34.9614,24.1516,2.19537,0.277121
1.4664,19.8585,19.8585,1.33673,26.5455,34.9614,24.0932,1.33673,0.165928
1.4666,17.7076,17.7076,2,35.4153,34.9614,24.1566,2.26361,0.273333
1.4668,16.9734,16.9734,1.5794,26.8077,34.9614,24.1101,1.5794,0.266667
1.467,19.3701,19.3701,1.75076,33.9124,34.9614,24.1212,1.75076,0.250822
1.4672,16.6709,16.6709,2,33.3418,34.9614,24.1498,2.16161,0.282005
1.4674,16.6225,16.6225,1.60694,26.7113,34.9614,24.1118,1.60694,0.298735
1.4676,18.8491,18.8491,1.80909,34.0996,34.9614,24.1252,1.80909,0.273333
1.4678,19.5838,19.5838,1.62263,31.7772,34.9614,24.1127,1.62263,0.198884
1.468,18.6578,18.6578,1.93374,36.0794,34.9614,24.1341,1.93374,0.23094
1.4682,16.8424,16.8424,1.95946,33.0019,34.9614,24.136,1.95946,0.276281
1.4684,21.0866,21.0866,0.931368,19.6394,34.9614,24.065,0.931368,0.148735
1.4686,18.1917,18.1917,2,36.3835,34.9614,24.1594,2.30748,0.273333
1.4688,19.0763,19.0763,1.33631,25.4919,34.9614,24.0932,1.33631,0.199503
1.469,14.1939,14.1939,2,28.3878,34.9614,24.1909,2.77576,0.376547
1.4692,17.6487,17.6487,0.667144,11.7742,34.9614,24.0475,0.667144,0.273297
1.4694,18.9264,18.9264,2,37.8527,34.9614,24.1572,2.28169,0.298735
1.4696,15.9069,15.9069,1.7866,28.4193,34.9614,24.1245,1.7866,0.273333
1.4698,18.5123,18.5123,1.6522,30.586,34.9614,24.1144,1.6522,0.285109
1.47,16.1196,16.1196,2,32.2392,34.9614,24.157,2.26861,0.315095
1.4702,17.7152,17.7152,1.33528,23.6548,34.9614,24.0931,1.33528,0.272999
1.4704,16.3779,16.3779,2,32.7558,34.9614,24.1683,2.44083,0.340632
1.4706,17.107,17.107,1.26711,21.6763,34.9614,24.0886,1.26711,0.273333
1.4708,17.9183,17.9183,2,35.8366,34.9614,24.1544,2.23782,0.311915
1.471,16.6304,16.6304,1.65774,27.5688,34.9614,24.1155,1.65774,0.27369
1.4712,18.7647,18.7647,1.78578,33.5097,34.9614,24.1236,1.78578,0.27297
1.4714,17.0754,17.0754,2,34.1509,34.9614,24.1425,2.05541,0.277574
1.4716,17.6178,17.6178,1.63461,28.7982,34.9614,24.1136,1.63461,0.273333
1.4718,19.0774,19.0774,1.80429,34.4212,34.9614,24.125,1.80429,0.246818
1.472,16.7551,16.7551,2,33.5102,34.9614,24.1454,2.09812,0.280347
1.4722,17.7189,17.7189,1.55287,27.5151,34.9614,24.108,1.55287,0.273045
1.4724,18.3965,18.3965,1.98772,36.567,34.9614,24.1375,1.98772,0.271182
1.4726,16.9667,16.9667,1.88146,31.9222,34.9614,24.1308,1.88146,0.273333
1.4728,18.0957,18.0957,1.71795,31.0874,34.9614,24.1192,1.71795,0.272971
1.473,15.2389,15.2389,2,30.4779,34.9614,24.1578,2.28552,0.339214
1.4732,18.2244,18.2244,1.17246,21.3673,34.9614,24.0818,1.17246,0.273084
1.4734,17.8443,17.8443,2,35.6887,34.9614,24.1614,2.33695,0.301019
1.4736,16.4265,16.4265,1.58309,26.0047,34.9614,24.1104,1.58309,0.273333
1.4738,18.2374,18.2374,1.9063,34.766,34.9614,24.1319,1.9063,0.296247
1.474,13.5382,13.5382,2,27.0764,34.9614,24.16,2.31917,0.367646
1.4742,19.1769,19.1769,0.852267,16.3438,34.9614,24.0597,0.852267,0.273204
1.4744,17.8875,17.8875,2,35.775,34.9614,24.1696,2.45722,0.30496
1.4746,16.0923,16.0923,1.51145,24.3227,34.9614,24.1057,1.51145,0.273333
1.4748,19.2848,19.2848,1.76608,34.0585,34.9614,24.1221,1.76608,0.273333
1.475,5.32357,5.32357,2,10.6471,34.9614,24.2262,3.42909,0.566667
1.4752,13.9697,13.9697,0,0,34.9614,24.002,-2.37487e-06,0.416667
1.4754,20.8427,20.8427,1.43762,29.9638,34.9614,24.0992,1.43762,0.266667
1.4756,20.983,20.983,1.05783,22.1965,34.9614,24.0738,1.05783,0.116667
1.4758,17.9452,17.9452,2,35.8905,34.9614,24.1602,2.31833,0.273333
1.476,10.6678,10.6678,2,21.3355,34.9614,24.1525,2.20985,0.416667
1.4762,21.0032,21.0032,0.372812,7.83024,34.9614,24.0264,0.372812,0.266667
1.4764,19.3286,19.3286,2,38.6572,34.9614,24.1464,2.12071,0.267002
1.4766,16.367,16.367,1.9001,31.099,34.9614,24.1322,1.9001,0.266667
1.4768,18.4133,18.4133,1.61052,29.6549,34.9614,24.1117,1.61052,0.273333
1.477,17.1217,17.1217,2,34.2434,34.9614,24.1499,2.16649,0.292652
1.4772,16.6633,16.6633,1.64348,27.3859,34.9614,24.1144,1.64348,0.290221
1.4774,18.9004,18.9004,1.77645,33.5757,34.9614,24.1229,1.77645,0.269012
1.4776,14.1705,14.1705,2,28.341,34.9614,24.1669,2.41274,0.350626
1.4778,18.5799,18.5799,0.902221,16.7631,34.9614,24.0633,0.902221,0.273333
1.478,20.4927,20.4927,1.50545,30.8508,34.9614,24.1044,1.50545,0.197317
1.4782,16.3837,16.3837,2,32.7674,34.9614,24.1646,2.37566,0.29281
1.4784,17.2022,17.2022,1.31851,22.6812,34.9614,24.0921,1.31851,0.274916
1.4786,19.1911,19.1911,1.95447,37.5085,34.9614,24.1351,1.95447,0.265799
1.4788,16.6067,16.6067,2,33.2133,34.9614,24.1392,2.00339,0.273333
1.479,15.1406,15.1406,1.90368,28.8229,34.9614,24.1318,1.90368,0.347317
1.4792,19.4632,19.4632,1.34933,26.2624,34.9614,24.0936,1.34933,0.263144
1.4794,17.7723,17.7723,2,35.5446,34.9614,24.1556,2.25054,0.275392
1.4796,18.151,18.151,1.46736,26.6341,34.9614,24.1023,1.46736,0.235813
1.4798,18.2556,18.2556,2,36.5111,34.9614,24.1443,2.08488,0.273333
1.48,16.8223,16.8223,1.80385,30.345,34.9614,24.1254,1.80385,0.273392
1.4802,19.0937,19.0937,1.62926,31.1085,34.9614,24.113,1.62926,0.2508
1.4804,17.4357,17.4357,2,34.8714,34.9614,24.1478,2.13407,0.27343
1.4806,16.2639,16.2639,1.74683,28.4102,34.9614,24.1214,1.74683,0.297222
1.4808,18.7949,18.7949,1.67843,31.5459,34.9614,24.1163,1.67843,0.273333
1.481,18.3208,18.3208,1.95625,35.8401,34.9614,24.1356,1.95625,0.249099
1.4812,17.2174,17.2174,1.87111,32.2156,34.9614,24.13,1.87111,0.270099
1.4814,18.288,18.288,1.72595,31.5642,34.9614,24.1197,1.72595,0.264215
1.4816,16.8668,16.8668,2,33.7336,34.9614,24.1457,2.10275,0.29418
1.4818,17.6371,17.6371,1.57122,27.7117,34.9614,24.1093,1.57122,0.273333
1.482,18.8175,18.8175,1.89824,35.72,34.9614,24.1314,1.89824,0.258598
1.4822,17.9145,17.9145,1.86062,33.3321,34.9614,24.1292,1.86062,0.247269
1.4824,17.2013,17.2013,1.92611,33.1315,34.9614,24.1336,1.92611,0.282826
1.4826,18.8278,18.8278,1.60435,30.2064,34.9614,24.1114,1.60435,0.245839
1.4828,17.617,17.617,2,35.234,34.9614,24.1466,2.11762,0.273333
1.483,16.869,16.869,1.7124,28.8865,34.9614,24.1191,1.7124,0.279993
1.4832,18.3763,18.3763,1.81617,33.3745,34.9614,24.1258,1.81617,0.277157
1.4834,17.5077,17.5077,1.95432,34.2156,34.9614,24.1355,1.95432,0.270326
1.4836,18.8953,18.8953,1.59517,30.1413,34.9614,24.1108,1.59517,0.236813
1.4838,17.5887,17.5887,2,35.1774,34.9614,24.1474,2.1293,0.273333
1.484,18.2512,18.2512,1.54301,28.1618,34.9614,24.1074,1.54301,0.243634
1.4842,18.548,18.548,1.98717,36.858,34.9614,24.1376,1.98717,0.258405
1.4844,17.0718,17.0718,1.88257,32.139,34.9614,24.1308,1.88257,0.268587
1.4846,18.3517,18.3517,1.6941,31.0895,34.9614,24.1175,1.6941,0.264389
1.4848,17.6788,17.6788,2,35.3577,34.9614,24.1403,2.02367,0.273333
1.485,17.3182,17.3182,1.75234,30.3474,34.9614,24.1218,1.75234,0.273333
1.4852,6.57061,6.57061,2,13.1412,34.9614,24.2061,3.13641,0.566667
1.4854,15.1509,15.1509,0.0220123,0.333506,34.9614,24.0039,0.0220123,0.416667
1.4856,20.671,20.671,1.55781,32.2015,34.9614,24.1075,1.55781,0.266667
1.4858,20.9228,20.9228,1.08587,22.7194,34.9614,24.0758,1.08587,0.116667
1.486,17.912,17.912,2,35.8239,34.9614,24.1601,2.31539,0.273333
1.4862,6.66631,6.66631,2,13.3326,34.9614,24.1787,2.64669,0.517427
1.4864,19.3216,19.3216,0.0558204,1.07854,34.9614,24.0052,0.0558204,0.266667
1.4866,19.8076,19.8076,2,39.6153,34.9614,24.1381,2.00157,0.273978
1.4868,20.2295,20.2295,1.34272,27.1625,34.9614,24.0936,1.34272,0.147699
1.487,17.5615,17.5615,2,35.1229,34.9614,24.1581,2.28477,0.273333
1.4872,9.80502,9.80502,2,19.61,34.9614,24.1579,2.29665,0.446945
1.4874,21.5352,21.5352,0.160748,3.46175,34.9614,24.0118,0.160748,0.192196
1.4876,19.3426,19.3426,2,38.6853,34.9614,24.1485,2.15345,0.276858
1.4878,15.2835,15.2835,1.99285,30.4578,34.9614,24.1386,1.99285,0.29164
1.488,18.8559,18.8559,1.36898,25.8134,34.9614,24.0951,1.36898,0.273333
1.4882,17.2702,17.2702,2,34.5403,34.9614,24.1606,2.32287,0.296945
1.4884,16.3975,16.3975,1.54051,25.2605,34.9614,24.1075,1.54051,0.284095
1.4886,18.973,18.973,1.82325,34.5926,34.9614,24.1262,1.82325,0.276988
1.4888,16.9652,16.9652,2,33.9305,34.9614,24.1424,2.05311,0.275208
1.489,17.6904,17.6904,1.61788,28.6211,34.9614,24.1124,1.61788,0.273333
1.4892,19.9897,19.9897,1.58308,31.6454,34.9614,24.1098,1.58308,0.21007
1.4894,16.5948,16.5948,2,33.1897,34.9614,24.1592,2.29897,0.287144
1.4896,17.2612,17.2612,1.40391,24.2331,34.9614,24.0979,1.40391,0.274668
1.4898,19.0208,19.0208,1.95007,37.0918,34.9614,24.135,1.95007,0.266718
1.49,16.7271,16.7271,1.98163,33.1469,34.9614,24.1377,1.98163,0.273333
1.4902,15.3362,15.3362,1.91359,29.3471,34.9614,24.1324,1.91359,0.341813
1.4904,20.0544,20.0544,1.25268,25.1218,34.9614,24.087,1.25268,0.238167
1.4906,17.7314,17.7314,2,35.4628,34.9614,24.159,2.29926,0.275728
1.4908,16.6416,16.6416,1.58516,26.3797,34.9614,24.1105,1.58516,0.272096
1.491,18.8765,18.8765,1.823,34.4118,34.9614,24.1261,1.823,0.273333
1.4912,17.2785,17.2785,2,34.557,34.9614,24.1393,2.00686,0.268437
1.4914,18.7816,18.7816,1.55137,29.1372,34.9614,24.1078,1.55137,0.240967
1.4916,17.6434,17.6434,2,35.2869,34.9614,24.1487,2.14639,0.276223
1.4918,17.3098,17.3098,1.64118,28.4086,34.9614,24.1142,1.64118,0.266332
1.492,18.3996,18.3996,1.90071,34.9723,34.9614,24.1316,1.90071,0.273333
1.4922,18.5991,18.5991,1.73982,32.3591,34.9614,24.1208,1.73982,0.234285
1.4924,18.1276,18.1276,1.93664,35.1065,34.9614,24.1343,1.93664,0.254161
1.4926,17.15,17.15,1.88336,32.2997,34.9614,24.1309,1.88336,0.276074
1.4928,18.0245,18.0245,1.74337,31.4234,34.9614,24.121,1.74337,0.271838
1.493,17.7605,17.7605,1.95892,34.7913,34.9614,24.1357,1.95892,0.273333
1.4932,18.0285,18.0285,1.72792,31.1517,34.9614,24.1201,1.72792,0.257149
1.4934,17.9813,17.9813,1.93963,34.8771,34.9614,24.1344,1.93963,0.26813
1.4936,17.254,17.254,1.85711,32.0426,34.9614,24.1289,1.85711,0.275707
1.4938,17.9292,17.9292,1.78763,32.0509,34.9614,24.124,1.78763,0.274579
1.494,17.7251,17.7251,1.92304,34.0861,34.9614,24.1333,1.92304,0.273333
1.4942,17.4857,17.4857,1.82474,31.9068,34.9614,24.1266,1.82474,0.274585
1.4944,18.6385,18.6385,1.73457,32.3296,34.9614,24.1203,1.73457,0.252638
1.4946,17.3223,17.3223,2,34.6447,34.9614,24.1425,2.05652,0.276199
1.4948,17.8469,17.8469,1.63099,29.108,34.9614,24.1134,1.63099,0.263112
1.495,18.1103,18.1103,1.98364,35.9244,34.9614,24.1375,1.98364,0.273333
1.4952,17.1487,17.1487,1.84275,31.6007,34.9614,24.1281,1.84275,0.273333
1.4954,6.43706,6.43706,2,12.8741,34.9614,24.2007,3.05093,0.566667
1.4956,15.4527,15.4527,0.0368326,0.569162,34.9614,24.0048,0.0368326,0.416667
1.4958,20.6282,20.6282,1.58594,32.7151,34.9614,24.1094,1.58594,0.266667
1.496,20.9097,20.9097,1.09206,22.8345,34.9614,24.0762,1.09206,0.116667
1.4962,17.9113,17.9113,2,35.8225,34.9614,24.1599,2.31304,0.273333
1.4964,7.83511,7.83511,2,15.6702,34.9614,24.1714,2.51934,0.488373
1.4966,20.1227,20.1227,0.12871,2.59,34.9614,24.01,0.12871,0.266667
1.4968,19.6512,19.6512,2,39.3024,34.9614,24.1414,2.04909,0.272083
1.497,16.3877,16.3877,1.97678,32.3949,34.9614,24.1375,1.97678,0.266667
1.4972,18.232,18.232,1.56649,28.5602,34.9614,24.1088,1.56649,0.273333
1.4974,13.6024,13.6024,2,27.2048,34.9614,24.1797,2.61126,0.388388
1.4976,20.998,20.998,0.32384,6.8,34.9614,24.0232,0.32384,0.193279
1.4978,19.2086,19.2086,2,38.4172,34.9614,24.1503,2.17924,0.274977
1.498,12.7966,12.7966,2,25.5931,34.9614,24.1546,2.2271,0.35354
1.4982,19.7936,19.7936,0.781659,15.4719,34.9614,24.0547,0.781659,0.273333
1.4984,19.3926,19.3926,2,38.7851,34.9614,24.1401,2.02574,0.248169
1.4986,16.4867,16.4867,1.96803,32.4465,34.9614,24.1369,1.96803,0.26853
1.4988,18.1194,18.1194,1.59633,28.9247,34.9614,24.1108,1.59633,0.275153
1.499,17.7556,17.7556,2,35.5112,34.9614,24.1436,2.07446,0.280742
1.4992,17.148,17.148,1.73371,29.7297,34.9614,24.1205,1.73371,0.273333
1.4994,20.4382,20.4382,1.35412,27.6758,34.9614,24.0941,1.35412,0.192879
1.4996,16.225,16.225,2,32.4501,34.9614,24.1721,2.49078,0.307518
1.4998,17.0953,17.0953,1.20842,20.6583,34.9614,24.0846,1.20842,0.272779
1.5,20.1153,20.1153,1.68549,33.9042,34.9614,24.1167,1.68549,0.23018
1.5002,16.8175,16.8175,2,33.6349,34.9614,24.1523,2.19772,0.273333
1.5004,14.6774,14.6774,1.79159,26.2958,34.9614,24.1244,1.79159,0.342879
1.5006,20.3636,20.3636,1.22025,24.8487,34.9614,24.0846,1.22025,0.243309
1.5008,17.7205,17.7205,2,35.4411,34.9614,24.1598,2.30916,0.275363
1.501,13.06,13.06,1.94677,25.4249,34.9614,24.1353,1.94677,0.361538
1.5012,20.1559,20.1559,0.999142,20.1386,34.9614,24.0694,0.999142,0.273333
1.5014,17.5772,17.5772,2,35.1543,34.9614,24.1686,2.44133,0.295319
1.5016,15.915,15.915,1.51565,24.1216,34.9614,24.1059,1.51565,0.283851
1.5018,19.3831,19.3831,1.73263,33.5837,34.9614,24.1198,1.73263,0.272991
1.502,18.6368,18.6368,1.87464,34.9373,34.9614,24.1301,1.87464,0.227864
1.5022,17.1111,17.1111,1.97302,33.7605,34.9614,24.1369,1.97302,0.273333
1.5024,18.7619,18.7619,1.56575,29.3764,34.9614,24.1088,1.56575,0.246528
1.5026,17.7004,17.7004,2,35.4008,34.9614,24.1474,2.12795,0.274152
1.5028,17.029,17.029,1.69597,28.8808,34.9614,24.118,1.69597,0.27394
1.503,19.8717,19.8717,1.55827,30.9656,34.9614,24.1081,1.55827,0.224442
1.5032,17.2168,17.2168,2,34.4336,34.9614,24.154,2.22159,0.273333
1.5034,18.2609,18.2609,1.42635,26.0465,34.9614,24.0994,1.42635,0.243663
1.5036,18.4335,18.4335,2,36.8671,34.9614,24.1439,2.07994,0.268166
1.5038,16.6727,16.6727,1.84194,30.7103,34.9614,24.128,1.84194,0.274913
1.504,17.8517,17.8517,1.75486,31.3274,34.9614,24.1217,1.75486,0.28715
1.5042,17.8402,17.8402,1.9278,34.3923,34.9614,24.1336,1.9278,0.273333
1.5044,17.7845,17.7845,1.79158,31.8623,34.9614,24.1244,1.79158,0.264618
1.5046,17.791,17.791,1.8992,33.7888,34.9614,24.1317,1.8992,0.27334
1.5048,17.4832,17.4832,1.8493,32.3317,34.9614,24.1283,1.8493,0.275078
1.505,17.3991,17.3991,1.87834,32.6813,34.9614,24.1304,1.87834,0.285112
1.5052,17.8391,17.8391,1.79123,31.9539,34.9614,24.1243,1.79123,0.273333
1.5054,17.7665,17.7665,1.90491,33.8436,34.9614,24.1322,1.90491,0.273333
1.5056,5.879,5.879,2,11.758,34.9614,24.2054,3.11083,0.566667
1.5058,15.192,15.192,0.0231807,0.352162,34.9614,24.004,0.0231807,0.416667
1.506,20.6662,20.6662,1.56048,32.2493,34.9614,24.1077,1.56048,0.266667
1.5062,20.9217,20.9217,1.0867,22.7356,34.9614,24.0758,1.0867,0.116667
1.5064,17.9251,17.9251,2,35.8502,34.9614,24.1599,2.31289,0.273333
1.5066,10.706,10.706,2,21.412,34.9614,24.1527,2.21235,0.416667
1.5068,20.988,20.988,0.378815,7.95058,34.9614,24.0268,0.378815,0.266667
1.507,19.2658,19.2658,2,38.5317,34.9614,24.148,2.14435,0.269194
1.5072,16.3423,16.3423,1.88193,30.7551,34.9614,24.1311,1.88193,0.266667
1.5074,18.4572,18.4572,1.61691,29.8436,34.9614,24.1122,1.61691,0.273333
1.5076,18.025,18.025,2,36.05,34.9614,24.1409,2.0341,0.266667
1.5078,17.1531,17.1531,1.79409,30.7743,34.9614,24.1246,1.79409,0.27188
1.508,18.1439,18.1439,1.80409,32.7333,34.9614,24.125,1.80409,0.274402
1.5082,14.7045,14.7045,2,29.4089,34.9614,24.1574,2.27516,0.346947
1.5084,18.5673,18.5673,1.08688,20.1805,34.9614,24.0759,1.08688,0.273333
1.5086,20.4011,20.4011,1.53183,31.2511,34.9614,24.1063,1.53183,0.195028
1.5088,16.9524,16.9524,2,33.9048,34.9614,24.1578,2.27605,0.276845
1.509,17.2031,17.2031,1.46669,25.2315,34.9614,24.1023,1.46669,0.271876
1.5092,19.7694,19.7694,1.71899,33.9835,34.9614,24.119,1.71899,0.235477
1.5094,16.8856,16.8856,2,33.7713,34.9614,24.1498,2.16116,0.273333
1.5096,14.6325,14.6325,1.83674,26.8761,34.9614,24.1274,1.83674,0.345028
1.5098,19.4665,19.4665,1.35612,26.3989,34.9614,24.094,1.35612,0.275571
1.51,17.9106,17.9106,2,35.8211,34.9614,24.1537,2.22185,0.271021
1.5102,17.852,17.852,1.5371,27.4404,34.9614,24.1071,1.5371,0.243162
1.5104,18.2823,18.2823,2,36.5646,34.9614,24.14,2.02384,0.273333
1.5106,17.9993,17.9993,1.71988,30.9568,34.9614,24.1196,1.71988,0.245709
1.5108,17.856,17.856,1.96139,35.0226,34.9614,24.1359,1.96139,0.272576
1.511,17.4132,17.4132,1.80977,31.5138,34.9614,24.1257,1.80977,0.271952
1.5112,16.8431,16.8431,1.971,33.1977,34.9614,24.1364,1.971,0.30347
1.5114,17.9588,17.9588,1.64682,29.5748,34.9614,24.1143,1.64682,0.273333
1.5116,19.6767,19.6767,1.66736,32.8081,34.9614,24.1157,1.66736,0.217579
1.5118,17.0555,17.0555,2,34.111,34.9614,24.1506,2.17406,0.2731
1.512,17.4501,17.4501,1.5439,26.9412,34.9614,24.1075,1.5439,0.27034
1.5122,20.4583,20.4583,1.42008,29.0525,34.9614,24.0986,1.42008,0.192072
1.5124,17.3076,17.3076,2,34.6152,34.9614,24.1579,2.28121,0.273333
1.5126,17.4407,17.4407,1.47507,25.7262,34.9614,24.1029,1.47507,0.260016
1.5128,18.4598,18.4598,2,36.9195,34.9614,24.1396,2.01928,0.277963
1.513,16.92,16.92,1.86506,31.5569,34.9614,24.1297,1.86506,0.271844
1.5132,19.7852,19.7852,1.46257,28.9373,34.9614,24.1016,1.46257,0.222072
1.5134,17.4614,17.4614,2,34.9228,34.9614,24.1551,2.24075,0.273333
1.5136,15.6921,15.6921,1.71043,26.8402,34.9614,24.1191,1.71043,0.303989
1.5138,19.0613,19.0613,1.62197,30.9167,34.9614,24.1123,1.62197,0.276997
1.514,17.4064,17.4064,2,34.8128,34.9614,24.1484,2.14113,0.274792
1.5142,17.0483,17.0483,1.65297,28.1803,34.9614,24.115,1.65297,0.277136
1.5144,18.521,18.521,1.85552,34.3661,34.9614,24.1284,1.85552,0.273333
1.5146,18.3931,18.3931,1.80922,33.2773,34.9614,24.1256,1.80922,0.240951
1.5148,17.5331,17.5331,1.95786,34.3272,34.9614,24.1358,1.95786,0.269962
1.515,17.7334,17.7334,1.74966,31.0274,34.9614,24.1215,1.74966,0.269006
1.5152,18.7575,18.7575,1.78997,33.5754,34.9614,24.1241,1.78997,0.248852
1.5154,17.2315,17.2315,2,34.463,34.9614,24.1408,2.03094,0.273333
1.5156,17.5779,17.5779,1.67543,29.4506,34.9614,24.1164,1.67543,0.273333
1.5158,6.61301,6.61301,2,13.226,34.9614,24.213,3.23154,0.566667
1.516,14.8146,14.8146,0.0117636,0.174272,34.9614,24.0033,0.0117636,0.416667
1.5162,20.7208,20.7208,1.52466,31.5921,34.9614,24.1052,1.52466,0.266667
1.5164,20.939,20.939,1.07962,22.606,34.9614,24.0753,1.07962,0.116667
1.5166,17.9305,17.9305,2,35.8609,34.9614,24.1595,2.31347,0.273333
1.5168,10.7023,10.7023,2,21.4046,34.9614,24.1526,2.21353,0.416667
1.517,20.986,20.986,0.377665,7.9257,34.9614,24.0267,0.377665,0.266667
1.5172,19.1925,19.1925,2,38.385,34.9614,24.1497,2.1693,0.272417
1.5174,16.8136,16.8136,1.79999,30.2643,34.9614,24.1254,1.79999,0.253623
1.5176,18.3623,18.3623,1.74156,31.9792,34.9614,24.1207,1.74156,0.273333
1.5178,17.8057,17.8057,1.97245,35.1208,34.9614,24.1368,1.97245,0.266667
1.518,11.6666,11.6666,2,23.3331,34.9614,24.1661,2.41763,0.416667
1.5182,19.9435,19.9435,0.470177,9.37697,34.9614,24.0333,0.470177,0.275921
1.5184,17.4828,17.4828,2,34.9657,34.9614,24.1833,2.66971,0.333711
1.5186,15.8062,15.8062,1.30553,20.6356,34.9614,24.0917,1.30553,0.273333
1.5188,20.9994,20.9994,1.15459,24.2457,34.9614,24.0802,1.15459,0.192027
1.519,9.73913,9.73913,2,19.4783,34.9614,24.2349,3.47454,0.480697
1.5192,17.3718,17.3718,0,0,34.9614,24.0013,-5.713e-07,0.275202
1.5194,18.1568,18.1568,2,36.3136,34.9614,24.1857,2.71243,0.366587
1.5196,15.2657,15.2657,1.38892,21.2028,34.9614,24.0975,1.38892,0.273333
1.5198,18.3051,18.3051,1.96358,35.9435,34.9614,24.1352,1.96358,0.325978
1.52,14.825,14.825,2,29.6501,34.9614,24.1477,2.13331,0.330697
1.5202,18.8148,18.8148,1.20022,22.5819,34.9614,24.0836,1.20022,0.273404
1.5204,17.5475,17.5475,2,35.0949,34.9614,24.164,2.37627,0.299473
1.5206,16.5225,16.5225,1.51062,24.9592,34.9614,24.1055,1.51062,0.273333
1.5208,16.4355,16.4355,2,32.8709,34.9614,24.1517,2.20228,0.347446
1.521,19.6846,19.6846,1.18026,23.233,34.9614,24.0823,1.18026,0.216166
1.5212,18.1111,18.1111,2,36.2221,34.9614,24.1564,2.26207,0.272395
1.5214,12.7186,12.7186,2,25.4372,34.9614,24.1432,2.06647,0.366803
1.5216,20.1286,20.1286,0.865695,17.4252,34.9614,24.0603,0.865695,0.273333
1.5218,19.741,19.741,1.86099,36.738,34.9614,24.1289,1.86099,0.225416
1.522,19.0166,19.0166,1.72988,32.8963,34.9614,24.1203,1.72988,0.203747
1.5222,17.2512,17.2512,2,34.5025,34.9614,24.1446,2.08649,0.272894
1.5224,18.3608,18.3608,1.53668,28.2147,34.9614,24.1069,1.53668,0.248766
1.5226,18.0032,18.0032,2,36.0063,34.9614,24.1445,2.0893,0.273333
1.5228,13.4705,13.4705,2,26.941,34.9614,24.1479,2.13338,0.360992
1.523,20.2899,20.2899,0.854504,17.3378,34.9614,24.0596,0.854504,0.250516
1.5232,18.4935,18.4935,2,36.9871,34.9614,24.1573,2.27518,0.274008
1.5234,18.3494,18.3494,1.48211,27.1958,34.9614,24.1034,1.48211,0.217496
1.5236,18.1189,18.1189,2,36.2378,34.9614,24.1458,2.10587,0.273333
1.5238,14.6769,14.6769,2,29.3538,34.9614,24.139,2.00394,0.328127
1.524,20.4682,20.4682,1.03502,21.1851,34.9614,24.072,1.03502,0.228525
1.5242,18.1083,18.1083,2,36.2166,34.9614,24.1592,2.30208,0.273859
1.5244,16.57,16.57,1.62915,26.9949,34.9614,24.1136,1.62915,0.268045
1.5246,18.8416,18.8416,1.7896,33.719,34.9614,24.1238,1.7896,0.273333
1.5248,17.7544,17.7544,1.96518,34.8906,34.9614,24.1363,1.96518,0.258113
1.525,19.1865,19.1865,1.5592,29.9155,34.9614,24.1084,1.5592,0.222947
1.5252,17.5635,17.5635,2,35.127,34.9614,24.15,2.16426,0.272398
1.5254,16.7817,16.7817,1.67652,28.1348,34.9614,24.1168,1.67652,0.280182
1.5256,18.6293,18.6293,1.80318,33.5921,34.9614,24.1248,1.80318,0.273333
1.5258,17.2767,17.2767,2,34.5535,34.9614,24.1396,2.01101,0.273333
1.526,5.90717,5.90717,2,11.8143,34.9614,24.1957,2.95727,0.566667
1.5262,15.7306,15.7306,0.0538875,0.847683,34.9614,24.0059,0.0538875,0.416667
1.5264,20.5857,20.5857,1.612,33.1842,34.9614,24.1112,1.612,0.266667
1.5266,20.8974,20.8974,1.09699,22.9242,34.9614,24.0765,1.09699,0.116667
1.5268,17.8892,17.8892,2,35.7784,34.9614,24.1602,2.31721,0.273333
1.527,7.22532,7.22532,2,14.4506,34.9614,24.1748,2.57578,0.503426
1.5272,19.7484,19.7484,0.0889844,1.7573,34.9614,24.0074,0.0889844,0.266667
1.5274,19.8499,19.8499,1.96607,39.0261,34.9614,24.1357,1.96607,0.266871
1.5276,20.614,20.614,1.19659,24.6666,34.9614,24.0835,1.19659,0.127825
1.5278,17.7573,17.7573,2,35.5147,34.9614,24.1597,2.30702,0.273333
1.528,12.7123,12.7123,1.99062,25.3054,34.9614,24.1383,1.99062,0.36962
1.5282,21.4984,21.4984,0.514855,11.0685,34.9614,24.0361,0.514855,0.203898
1.5284,18.925,18.925,2,37.85,34.9614,24.1533,2.2212,0.271898
1.5286,17.2463,17.2463,1.68904,29.1296,34.9614,24.1177,1.68904,0.243256
1.5288,18.3275,18.3275,1.87122,34.2948,34.9614,24.1296,1.87122,0.273333
1.529,19.1579,19.1579,1.66137,31.8283,34.9614,24.1154,1.66137,0.21962
1.5292,14.5474,14.5474,2,29.0948,34.9614,24.1714,2.47925,0.34506
1.5294,18.076,18.076,0.934322,16.8888,34.9614,24.0656,0.934322,0.27557
1.5296,16.9839,16.9839,2,33.9678,34.9614,24.1803,2.62384,0.342019
1.5298,16.2347,16.2347,1.24969,20.2883,34.9614,24.0877,1.24969,0.273333
1.53,21.4185,21.4185,0.779032,16.6857,34.9614,24.0544,0.779032,0.145076
1.5302,19.8873,19.8873,1.7937,35.6718,34.9614,24.1243,1.7937,0.215105
1.5304,16.6161,16.6161,2,33.2322,34.9614,24.149,2.1475,0.273868
1.5306,20.3163,20.3163,1.11618,22.6767,34.9614,24.0778,1.11618,0.192019
1.5308,18.0045,18.0045,2,36.009,34.9614,24.1588,2.29752,0.273333
1.531,15.572,15.572,1.72551,26.8696,34.9614,24.1202,1.72551,0.295076
1.5312,20.6373,20.6373,1.22667,25.3151,34.9614,24.0852,1.22667,0.213722
1.5314,17.7838,17.7838,2,35.5676,34.9614,24.1585,2.28916,0.270532
1.5316,20.7146,20.7146,0.98049,20.3105,34.9614,24.0685,0.98049,0.144457
1.5318,18.1781,18.1781,2,36.3561,34.9614,24.159,2.30142,0.273333
1.532,14.3688,14.3688,1.86331,26.7736,34.9614,24.1298,1.86331,0.321942
1.5322,16.4414,16.4414,1.66568,27.3862,34.9614,24.1151,1.66568,0.360297
1.5324,18.8462,18.8462,1.75156,33.0102,34.9614,24.1212,1.75156,0.273356
1.5326,16.4767,16.4767,2,32.9533,34.9614,24.1499,2.16335,0.294457
1.5328,17.733,17.733,1.46641,26.0039,34.9614,24.1021,1.46641,0.273333
1.533,20.2627,20.2627,1.53488,31.1007,34.9614,24.1065,1.53488,0.20109
1.5332,11.2218,11.2218,2,22.4436,34.9614,24.2051,3.00416,0.423196
1.5334,18.8681,18.8681,0.0387931,0.731953,34.9614,24.0042,0.0387931,0.27474
1.5336,18.905,18.905,2,37.8101,34.9614,24.1649,2.40004,0.319393
1.5338,15.6113,15.6113,1.70941,26.6861,34.9614,24.1194,1.70941,0.273333
1.534,19.3733,19.3733,1.5626,30.2726,34.9614,24.1082,1.5626,0.268522
1.5342,17.4313,17.4313,2,34.8626,34.9614,24.1513,2.18282,0.273196
1.5344,17.0609,17.0609,1.6159,27.5687,34.9614,24.1126,1.6159,0.273622
1.5346,17.9714,17.9714,1.9668,35.3462,34.9614,24.136,1.9668,0.291013
1.5348,17.2717,17.2717,1.83058,31.6173,34.9614,24.1271,1.83058,0.273333
1.535,18.833,18.833,1.68518,31.737,34.9614,24.1169,1.68518,0.249713
1.5352,19.7534,19.7534,1.63602,32.3169,34.9614,24.1136,1.63602,0.198368
1.5354,17.1308,17.1308,2,34.2616,34.9614,24.1515,2.18674,0.27237
1.5356,17.3538,17.3538,1.55164,26.9269,34.9614,24.108,1.55164,0.270881
1.5358,18.5347,18.5347,1.94747,36.0957,34.9614,24.1347,1.94747,0.273333
1.536,16.993,16.993,1.92103,32.644,34.9614,24.1334,1.92103,0.273333
1.5362,6.34272,6.34272,2,12.6854,34.9614,24.1963,2.97084,0.566667
1.5364,15.7257,15.7257,0.0535479,0.842077,34.9614,24.0059,0.0535479,0.416667
1.5366,20.5875,20.5875,1.611,33.1665,34.9614,24.1112,1.611,0.266667
1.5368,20.897,20.897,1.09762,22.9369,34.9614,24.0766,1.09762,0.116667
1.537,17.8982,17.8982,2,35.7965,34.9614,24.16,2.31485,0.273333
1.5372,10.7215,10.7215,2,21.4429,34.9614,24.1523,2.20466,0.416667
1.5374,17.2276,17.2276,0.873252,15.044,34.9614,24.061,0.873252,0.378035
1.5376,19.3301,19.3301,2,38.6602,34.9614,24.1445,2.09457,0.27926
1.5378,16.426,16.426,1.91516,31.4585,34.9614,24.1332,1.91516,0.266667
1.538,18.3404,18.3404,1.61082,29.5432,34.9614,24.1118,1.61082,0.273333
1.5382,18.0896,18.0896,2,36.1791,34.9614,24.1402,2.02408,0.266667
1.5384,16.7123,16.7123,1.85486,30.999,34.9614,24.1289,1.85486,0.282457
1.5386,17.9415,17.9415,1.73875,31.1957,34.9614,24.1205,1.73875,0.283367
1.5388,14.9343,14.9343,2,29.8686,34.9614,24.1581,2.29064,0.348331
1.539,18.3915,18.3915,1.11715,20.546,34.9614,24.078,1.11715,0.273333
1.5392,20.4437,20.4437,1.50669,30.8023,34.9614,24.1045,1.50669,0.19321
1.5394,16.9943,16.9943,2,33.9886,34.9614,24.1582,2.28427,0.276539
1.5396,17.2615,17.2615,1.45989,25.1998,34.9614,24.1018,1.45989,0.269357
1.5398,17.9111,17.9111,2,35.8222,34.9614,24.1456,2.10858,0.298426
1.54,16.9664,16.9664,1.73644,29.4612,34.9614,24.1208,1.73644,0.273333
1.5402,15.7598,15.7598,2,31.5197,34.9614,24.1465,2.11778,0.34321
1.5404,18.3748,18.3748,1.36086,25.0055,34.9614,24.0947,1.36086,0.270875
1.5406,18.5032,18.5032,2,37.0065,34.9614,24.1456,2.10402,0.267745
1.5408,17.2517,17.2517,1.75912,30.3478,34.9614,24.1224,1.75912,0.257047
1.541,18.1832,18.1832,1.83633,33.3905,34.9614,24.1272,1.83633,0.273333
1.5412,13.3409,13.3409,2,26.6818,34.9614,24.1652,2.39787,0.377922
1.5414,19.1787,19.1787,0.760258,14.5808,34.9614,24.0534,0.760258,0.271493
1.5416,19.0227,19.0227,2,38.0453,34.9614,24.1503,2.17688,0.270332
1.5418,14.6952,14.6952,2,29.3904,34.9614,24.1402,2.01413,0.309453
1.542,19.1543,19.1543,1.25116,23.9651,34.9614,24.087,1.25116,0.273333
1.5422,19.4409,19.4409,1.89654,36.8704,34.9614,24.1314,1.89654,0.227922
1.5424,16.6131,16.6131,2,33.2261,34.9614,24.1431,2.061,0.273108
1.5426,17.9624,17.9624,1.54507,27.7532,34.9614,24.1074,1.54507,0.27163
1.5428,16.8882,16.8882,2,33.7764,34.9614,24.1538,2.22659,0.310195
1.543,17.3188,17.3188,1.49642,25.9161,34.9614,24.1043,1.49642,0.273333
1.5432,20.0138,20.0138,1.62385,32.4994,34.9614,24.1126,1.62385,0.220808
1.5434,17.0044,17.0044,2,34.0088,34.9614,24.1533,2.21252,0.27308
1.5436,17.3412,17.3412,1.5168,26.3031,34.9614,24.1057,1.5168,0.271752
1.5438,18.3685,18.3685,2,36.737,34.9614,24.1384,2.00115,0.28072
1.544,16.9421,16.9421,1.87145,31.7061,34.9614,24.13,1.87145,0.273333
1.5442,17.0359,17.0359,1.8531,31.5693,34.9614,24.1285,1.8531,0.302368
1.5444,18.2595,18.2595,1.72925,31.5754,34.9614,24.1199,1.72925,0.269204
1.5446,17.6554,17.6554,1.99784,35.2728,34.9614,24.1384,1.99784,0.273782
1.5448,17.7692,17.7692,1.71861,30.5383,34.9614,24.1194,1.71861,0.26337
1.545,17.9647,17.9647,1.93407,34.745,34.9614,24.134,1.93407,0.273333
1.5452,18.3367,18.3367,1.72651,31.6585,34.9614,24.1199,1.72651,0.247049
1.5454,17.5696,17.5696,2,35.1393,34.9614,24.1395,2.01357,0.274637
1.5456,17.4807,17.4807,1.73243,30.2841,34.9614,24.1204,1.73243,0.271452
1.5458,17.0413,17.0413,2,34.0825,34.9614,24.1398,2.01982,0.301901
1.546,17.7152,17.7152,1.65209,29.2671,34.9614,24.1148,1.65209,0.273333
1.5462,18.1412,18.1412,1.95579,35.4804,34.9614,24.1355,1.95579,0.273333
1.5464,5.51243,5.51243,2,11.0249,34.9614,24.2075,3.14041,0.566667
1.5466,15.0255,15.0255,0.0182734,0.274567,34.9614,24.0037,0.0182734,0.416667
1.5468,20.6892,20.6892,1.54522,31.9693,34.9614,24.1066,1.54522,0.266667
1.547,20.929,20.929,1.08364,22.6794,34.9614,24.0756,1.08364,0.116667
1.5472,17.9158,17.9158,2,35.8315,34.9614,24.1601,2.31429,0.273333
1.5474,10.717,10.717,2,21.4341,34.9614,24.1525,2.20953,0.416667
1.5476,15.7083,15.7083,1.02953,16.1721,34.9614,24.0715,1.02953,0.416223
1.5478,19.837,19.837,1.86789,37.0532,34.9614,24.1289,1.86789,0.278242
1.548,16.7216,16.7216,2,33.4433,34.9614,24.1443,2.07871,0.266667
1.5482,17.7772,17.7772,1.56122,27.7541,34.9614,24.1086,1.56122,0.273333
1.5484,18.4949,18.4949,1.96869,36.4107,34.9614,24.1362,1.96869,0.266667
1.5486,17.2304,17.2304,1.87487,32.3048,34.9614,24.1302,1.87487,0.266223
1.5488,17.6993,17.6993,1.7994,31.8481,34.9614,24.1248,1.7994,0.279971
1.549,14.6913,14.6913,2,29.3826,34.9614,24.1551,2.2427,0.354201
1.5492,18.6572,18.6572,1.10557,20.6268,34.9614,24.0771,1.10557,0.273333
1.5494,20.354,20.354,1.55328,31.6154,34.9614,24.1078,1.55328,0.195586
1.5496,19.4008,19.4008,1.77844,34.5031,34.9614,24.1235,1.77844,0.199756
1.5498,16.8078,16.8078,2,33.6157,34.9614,24.1473,2.12276,0.276215
1.55,19.9638,19.9638,1.22762,24.5078,34.9614,24.0855,1.22762,0.204201
1.5502,17.8975,17.8975,2,35.795,34.9614,24.1577,2.279,0.273333
1.5504,13.6591,13.6591,1.93057,26.3699,34.9614,24.134,1.93057,0.345586
1.5506,21.379,21.379,0.664234,14.2007,34.9614,24.0464,0.664234,0.194925
1.5508,18.6304,18.6304,2,37.2607,34.9614,24.157,2.27334,0.273818
1.551,17.4891,17.4891,1.5951,27.8969,34.9614,24.1112,1.5951,0.238127
1.5512,18.3874,18.3874,1.9486,35.8297,34.9614,24.1348,1.9486,0.273333
1.5514,14.3472,14.3472,2,28.6945,34.9614,24.1525,2.20546,0.342648
1.5516,20.5977,20.5977,0.817843,16.8457,34.9614,24.0571,0.817843,0.218976
1.5518,18.5345,18.5345,2,37.069,34.9614,24.1567,2.26877,0.272408
1.552,15.8672,15.8672,1.76853,28.0616,34.9614,24.1232,1.76853,0.281377
1.5522,18.9785,18.9785,1.59884,30.3434,34.9614,24.1108,1.59884,0.273333
1.5524,15.6363,15.6363,2,31.2727,34.9614,24.1651,2.38964,0.323907
1.5526,20.0485,20.0485,0.888945,17.822,34.9614,24.0622,0.888945,0.207122
1.5528,18.4777,18.4777,2,36.9554,34.9614,24.1572,2.27408,0.274175
1.553,16.1969,16.1969,1.72221,27.8944,34.9614,24.12,1.72221,0.273531
1.5532,18.8814,18.8814,1.68066,31.7334,34.9614,24.1164,1.68066,0.273333
1.5534,20.2567,20.2567,1.45902,29.5548,34.9614,24.1015,1.45902,0.173907
1.5536,16.1121,16.1121,2,32.2242,34.9614,24.1691,2.44606,0.305209
1.5538,17.224,17.224,1.22357,21.0748,34.9614,24.0857,1.22357,0.274049
1.554,20.1012,20.1012,1.68619,33.8944,34.9614,24.1168,1.68619,0.227985
1.5542,16.8199,16.8199,2,33.6398,34.9614,24.1524,2.19778,0.273333
1.5544,15.4372,15.4372,1.71289,26.4423,34.9614,24.119,1.71289,0.323907
1.5546,19.4379,19.4379,1.53478,29.8329,34.9614,24.1063,1.53478,0.269242
1.5548,17.4844,17.4844,2,34.9687,34.9614,24.1519,2.19519,0.272863
1.555,16.0289,16.0289,1.72078,27.5823,34.9614,24.1199,1.72078,0.298146
1.5552,18.9756,18.9756,1.65356,31.3772,34.9614,24.1145,1.65356,0.273333
1.5554,17.0427,17.0427,2,34.0854,34.9614,24.1502,2.17006,0.283854
1.5556,21.1183,21.1183,0.83506,17.6351,34.9614,24.0584,0.83506,0.13688
1.5558,18.3545,18.3545,2,36.7089,34.9614,24.1589,2.30019,0.27405
1.556,18.3006,18.3006,1.45497,26.6268,34.9614,24.1015,1.45497,0.21929
1.5562,18.1914,18.1914,2,36.3828,34.9614,24.1458,2.10887,0.273333
1.5564,16.7964,16.7964,1.77864,29.8748,34.9614,24.1237,1.77864,0.273333
1.5566,6.84612,6.84612,2,13.6922,34.9614,24.1993,3.0317,0.566667
1.5568,15.5297,15.5297,0.0415537,0.645315,34.9614,24.0051,0.0415537,0.416667
1.557,20.6169,20.6169,1.5928,32.8386,34.9614,24.1099,1.5928,0.266667
1.5572,20.906,20.906,1.09359,22.8625,34.9614,24.0763,1.09359,0.116667
1.5574,17.9003,17.9003,2,35.8005,34.9614,24.1601,2.314,0.273333
1.5576,10.7135,10.7135,2,21.4269,34.9614,24.1524,2.20721,0.416667
1.5578,17.3301,17.3301,0.859847,14.9012,34.9614,24.06,0.859847,0.375496
1.558,19.4713,19.4713,2,38.9425,34.9614,24.1412,2.04446,0.271825
1.5582,17.6616,17.6616,1.81398,32.0378,34.9614,24.1262,1.81398,0.235591
1.5584,17.8149,17.8149,1.87085,33.3291,34.9614,24.1297,1.87085,0.273333
1.5586,17.8454,17.8454,1.83121,32.6788,34.9614,24.127,1.83121,0.266667
1.5588,18.1208,18.1208,1.82768,33.1192,34.9614,24.1268,1.82768,0.261146
1.559,17.4314,17.4314,1.93979,33.8132,34.9614,24.1345,1.93979,0.275808
1.5592,16.0336,16.0336,1.94373,31.165,34.9614,24.1349,1.94373,0.315727
1.5594,18.519,18.519,1.5269,28.2767,34.9614,24.106,1.5269,0.273333
1.5596,19.8852,19.8852,1.65784,32.9665,34.9614,24.115,1.65784,0.204434
1.5598,19.0572,19.0572,1.82747,34.8266,34.9614,24.1269,1.82747,0.21186
1.56,17.2045,17.2045,2,34.409,34.9614,24.1403,2.0208,0.26743
1.5602,16.7906,16.7906,1.77005,29.7201,34.9614,24.1229,1.77005,0.294832
1.5604,18.4349,18.4349,1.75312,32.3185,34.9614,24.1216,1.75312,0.273333
1.5606,14.5176,14.5176,2,29.0353,34.9614,24.1632,2.36105,0.350249
1.5608,19.9781,19.9781,0.811791,16.2181,34.9614,24.0569,0.811791,0.230169
1.561,18.8508,18.8508,2,37.7015,34.9614,24.1518,2.19551,0.266393
1.5612,20.2874,20.2874,1.21772,24.7044,34.9614,24.085,1.21772,0.150876
1.5614,17.8125,17.8125,2,35.6251,34.9614,24.1587,2.29462,0.273333
1.5616,19.2849,19.2849,1.28699,24.8195,34.9614,24.0898,1.28699,0.200249
1.5618,19.5138,19.5138,1.8566,36.2292,34.9614,24.1287,1.8566,0.221299
1.562,16.7178,16.7178,2,33.4355,34.9614,24.1443,2.07888,0.272249
1.5622,19.696,19.696,1.30254,25.6549,34.9614,24.0906,1.30254,0.217579
1.5624,17.8469,17.8469,2,35.6937,34.9614,24.1561,2.25727,0.273333
1.5626,18.14,18.14,1.46963,26.659,34.9614,24.1025,1.46963,0.234594
1.5628,18.2241,18.2241,2,36.4483,34.9614,24.1445,2.08979,0.274113
1.563,16.723,16.723,1.80901,30.2521,34.9614,24.1258,1.80901,0.275717
1.5632,15.8805,15.8805,2,31.761,34.9614,24.1391,2.01326,0.339527
1.5634,18.4573,18.4573,1.45971,26.9423,34.9614,24.1014,1.45971,0.273333
1.5636,19.3427,19.3427,1.85603,35.9006,34.9614,24.1286,1.85603,0.231534
1.5638,15.9564,15.9564,2,31.9129,34.9614,24.1502,2.16719,0.294193
1.564,18.6268,18.6268,1.30642,24.3344,34.9614,24.091,1.30642,0.257772
1.5642,20.3194,20.3194,1.53257,31.141,34.9614,24.1064,1.53257,0.189528
1.5644,17.1028,17.1028,2,34.2057,34.9614,24.1561,2.25292,0.273333
1.5646,17.3576,17.3576,1.48924,25.8496,34.9614,24.1038,1.48924,0.267265
1.5648,18.8803,18.8803,1.92848,36.4102,34.9614,24.1334,1.92848,0.265371
1.565,16.8804,16.8804,1.97454,33.3309,34.9614,24.1371,1.97454,0.272251
1.5652,15.7776,15.7776,1.89024,29.8235,34.9614,24.1312,1.89024,0.328829
1.5654,18.7822,18.7822,1.51505,28.456,34.9614,24.1051,1.51505,0.273333
1.5656,18.5964,18.5964,2,37.1928,34.9614,24.1387,2.00314,0.24998
1.5658,17.2559,17.2559,1.84862,31.8996,34.9614,24.1285,1.84862,0.261883
1.566,17.9576,17.9576,1.78821,32.1118,34.9614,24.124,1.78821,0.274281
1.5662,19.6704,19.6704,1.58986,31.2731,34.9614,24.1104,1.58986,0.211563
1.5664,17.2311,17.2311,2,34.4622,34.9614,24.1524,2.19952,0.273333
1.5666,17.1731,17.1731,1.57082,26.9759,34.9614,24.1094,1.57082,0.273333
1.5668,7.1483,7.1483,2,14.2966,34.9614,24.2131,3.23165,0.566667
1.567,14.7997,14.7997,0.0113412,0.167846,34.9614,24.0033,0.0113412,0.416667
1.5672,20.7243,20.7243,1.52165,31.5351,34.9614,24.105,1.52165,0.266667
1.5674,20.9402,20.9402,1.07886,22.5917,34.9614,24.0753,1.07886,0.116667
1.5676,17.9245,17.9245,2,35.849,34.9614,24.1602,2.31476,0.273333
1.5678,10.7054,10.7054,2,21.4109,34.9614,24.1526,2.20928,0.416667
1.568,17.2676,17.2676,0.863965,14.9186,34.9614,24.0603,0.863965,0.37711
1.5682,19.43,19.43,2,38.8599,34.9614,24.1423,2.05979,0.274573
1.5684,16.4622,16.4622,1.94622,32.039,34.9614,24.1353,1.94622,0.266667
1.5686,18.2438,18.2438,1.59939,29.1789,34.9614,24.111,1.59939,0.273333
1.5688,18.167,18.167,2,36.334,34.9614,24.1396,2.01358,0.266667
1.569,18.7369,18.7369,1.61747,30.3064,34.9614,24.1125,1.61747,0.22711
1.5692,17.4807,17.4807,2,34.9615,34.9614,24.1473,2.12533,0.277712
1.5694,14.4065,14.4065,1.95627,28.1829,34.9614,24.1356,1.95627,0.343641
1.5696,19.4349,19.4349,1.2343,23.9885,34.9614,24.0857,1.2343,0.273333
1.5698,19.9238,19.9238,1.71489,34.1671,34.9614,24.1189,1.71489,0.20349
1.57,19.752,19.752,1.61684,31.9359,34.9614,24.1124,1.61684,0.181694
1.5702,17.3397,17.3397,2,34.6793,34.9614,24.1502,2.16625,0.267869
1.5704,19.9319,19.9319,1.24166,24.7485,34.9614,24.0865,1.24166,0.193641
1.5706,17.883,17.883,2,35.7661,34.9614,24.1575,2.27818,0.273333
1.5708,15.6917,15.6917,1.7186,26.9678,34.9614,24.1197,1.7186,0.295222
1.571,17.0746,17.0746,1.86475,31.8399,34.9614,24.129,1.86475,0.331694
1.5712,17.9556,17.9556,1.76106,31.6209,34.9614,24.1223,1.76106,0.27611
1.5714,21.0125,21.0125,1.03413,21.7297,34.9614,24.0721,1.03413,0.137109
1.5716,18.0007,18.0007,2,36.0013,34.9614,24.1601,2.31492,0.273333
1.5718,15.5754,15.5754,1.70753,26.5954,34.9614,24.119,1.70753,0.293879
1.572,18.6419,18.6419,1.67339,31.1952,34.9614,24.1158,1.67339,0.291961
1.5722,17.5442,17.5442,2,35.0883,34.9614,24.1436,2.07158,0.27371
1.5724,18.0861,18.0861,1.60858,29.0929,34.9614,24.1119,1.60858,0.252576
1.5726,18.0071,18.0071,2,36.0142,34.9614,24.1406,2.02862,0.273333
1.5728,17.8592,17.8592,1.70902,30.5217,34.9614,24.1188,1.70902,0.253611
1.573,20.414,20.414,1.38312,28.2351,34.9614,24.0961,1.38312,0.181573
1.5732,17.4407,17.4407,2,34.8814,34.9614,24.1578,2.28052,0.272195
1.5734,14.5664,14.5664,1.79008,26.075,34.9614,24.1247,1.79008,0.330339
1.5736,19.6474,19.6474,1.36078,26.7357,34.9614,24.0943,1.36078,0.273333
1.5738,18.339,18.339,2,36.6781,34.9614,24.1475,2.13102,0.25535
1.574,18.7766,18.7766,1.53216,28.7688,34.9614,24.1067,1.53216,0.216456
1.5742,17.7753,17.7753,2,35.5505,34.9614,24.1482,2.13978,0.273832
1.5744,20.1093,20.1093,1.251,25.1566,34.9614,24.0872,1.251,0.180339
1.5746,17.7981,17.7981,2,35.5962,34.9614,24.1581,2.28292,0.273333
1.5748,16.3332,16.3332,1.6387,26.7652,34.9614,24.1142,1.6387,0.280201
1.575,19.1799,19.1799,1.70832,32.7654,34.9614,24.1182,1.70832,0.265928
1.5752,17.151,17.151,2,34.3019,34.9614,24.1468,2.1186,0.274827
1.5754,15.1656,15.1656,1.84815,28.0283,34.9614,24.1282,1.84815,0.330339
1.5756,19.2183,19.2183,1.4338,27.5552,34.9614,24.0994,1.4338,0.273333
1.5758,18.2393,18.2393,2,36.4786,34.9614,24.1467,2.11944,0.259485
1.576,17.0953,17.0953,1.73975,29.7415,34.9614,24.121,1.73975,0.264097
1.5762,18.297,18.297,1.82216,33.34,34.9614,24.1263,1.82216,0.273949
1.5764,14.6177,14.6177,2,29.2354,34.9614,24.158,2.28261,0.345312
1.5766,18.6065,18.6065,1.06772,19.8665,34.9614,24.0746,1.06772,0.273333
1.5768,18.6871,18.6871,2,37.3742,34.9614,24.1513,2.19136,0.273333
1.577,4.54399,4.54399,2,9.08797,34.9614,24.2023,3.07123,0.566667
1.5772,15.0271,15.0271,0.0182232,0.273842,34.9614,24.0037,0.0182232,0.416667
1.5774,20.6891,20.6891,1.54552,31.9754,34.9614,24.1066,1.54552,0.266667
1.5776,20.9304,20.9304,1.08286,22.6646,34.9614,24.0756,1.08286,0.116667
1.5778,17.9168,17.9168,2,35.8335,34.9614,24.16,2.31496,0.273333
1.578,10.6997,10.6997,2,21.3993,34.9614,24.1521,2.20961,0.416667
1.5782,19.0166,19.0166,0.672673,12.7919,34.9614,24.0472,0.672673,0.33176
1.5784,19.223,19.223,2,38.4459,34.9614,24.1475,2.13524,0.268979
1.5786,20.3463,20.3463,1.24087,25.2472,34.9614,24.0866,1.24087,0.144693
1.5788,17.7395,17.7395,2,35.479,34.9614,24.1587,2.29447,0.273333
1.579,16.8745,16.8745,1.56355,26.3842,34.9614,24.109,1.56355,0.266667
1.5792,19.6717,19.6717,1.68457,33.1384,34.9614,24.1167,1.68457,0.241852
1.5794,16.9031,16.9031,2,33.8062,34.9614,24.1513,2.18245,0.27606
1.5796,16.5829,16.5829,1.6144,26.7716,34.9614,24.1123,1.6144,0.294693
1.5798,18.8528,18.8528,1.79921,33.9202,34.9614,24.1245,1.79921,0.273333
1.58,19.5668,19.5668,1.63287,31.95,34.9614,24.1134,1.63287,0.199847
1.5802,14.0019,14.0019,2,28.0038,34.9614,24.1783,2.58156,0.355383
1.5804,18.2946,18.2946,0.760194,13.9075,34.9614,24.0537,0.760194,0.272631
1.5806,17.4755,17.4755,2,34.9509,34.9614,24.1793,2.61074,0.334399
1.5808,15.9416,15.9416,1.34478,21.4379,34.9614,24.0943,1.34478,0.273333
1.581,20.1058,20.1058,1.63669,32.907,34.9614,24.1132,1.63669,0.248847
1.5812,18.2404,18.2404,2,36.4807,34.9614,24.1391,2.00399,0.23679
1.5814,17.083,17.083,1.84418,31.5041,34.9614,24.1281,1.84418,0.272186
1.5816,18.0012,18.0012,1.77353,31.9256,34.9614,24.123,1.77353,0.275881
1.5818,17.7065,17.7065,1.9405,34.3595,34.9614,24.1345,1.9405,0.273333
1.582,17.5162,17.5162,1.80246,31.5723,34.9614,24.1252,1.80246,0.272989
1.5822,13.4923,13.4923,2,26.9847,34.9614,24.1621,2.35199,0.38679
1.5824,19.1459,19.1459,0.822195,15.7417,34.9614,24.0576,0.822195,0.27282
1.5826,19.5624,19.5624,1.96795,38.4978,34.9614,24.1361,1.96795,0.244775
1.5828,16.3618,16.3618,2,32.7235,34.9614,24.1416,2.03724,0.273333
1.583,19.8427,19.8427,1.28191,25.4366,34.9614,24.0892,1.28191,0.221181
1.5832,15.0727,15.0727,2,30.1454,34.9614,24.1868,2.70868,0.348241
1.5834,17.2345,17.2345,0.86614,14.9275,34.9614,24.0612,0.86614,0.273928
1.5836,19.6723,19.6723,1.96568,38.6695,34.9614,24.1357,1.96568,0.263778
1.5838,16.3125,16.3125,2,32.625,34.9614,24.1424,2.04841,0.273333
1.584,18.8392,18.8392,1.42172,26.784,34.9614,24.0988,1.42172,0.25296
1.5842,18.7617,18.7617,2,37.5233,34.9614,24.1397,2.01777,0.248545
1.5844,16.7,16.7,1.91298,31.9468,34.9614,24.1329,1.91298,0.272737
1.5846,17.6053,17.6053,1.72463,30.3625,34.9614,24.1196,1.72463,0.288462
1.5848,18.0508,18.0508,1.90637,34.4116,34.9614,24.1322,1.90637,0.273333
1.585,16.6647,16.6647,1.96137,32.6857,34.9614,24.136,1.96137,0.291955
1.5852,19.9243,19.9243,1.34518,26.8017,34.9614,24.0935,1.34518,0.216634
1.5854,17.6906,17.6906,2,35.3812,34.9614,24.1565,2.26167,0.27264
1.5856,16.9557,16.9557,1.57938,26.7796,34.9614,24.1101,1.57938,0.26712
1.5858,18.7104,18.7104,1.87571,35.0952,34.9614,24.1298,1.87571,0.273333
1.586,16.6846,16.6846,2,33.3691,34.9614,24.1409,2.03014,0.283196
1.5862,19.0271,19.0271,1.44594,27.5121,34.9614,24.1005,1.44594,0.242214
1.5864,17.848,17.848,2,35.6959,34.9614,24.151,2.18179,0.273121
1.5866,16.6986,16.6986,1.69376,28.2834,34.9614,24.1179,1.69376,0.276245
1.5868,18.6514,18.6514,1.77763,33.1553,34.9614,24.1231,1.77763,0.273333
1.587,17.3323,17.3323,2,34.6646,34.9614,24.1404,2.02593,0.273333
1.5872,5.83126,5.83126,2,11.6625,34.9614,24.1955,2.95671,0.566667
1.5874,15.7269,15.7269,0.0536818,0.844246,34.9614,24.0059,0.0536818,0.416667
1.5876,20.5862,20.5862,1.6112,33.1686,34.9614,24.1112,1.6112,0.266667
1.5878,20.899,20.899,1.09587,22.9026,34.9614,24.0765,1.09587,0.116667
1.588,17.9011,17.9011,2,35.8023,34.9614,24.1599,2.31401,0.273333
1.5882,10.7105,10.7105,2,21.4209,34.9614,24.152,2.20645,0.416667
1.5884,16.1982,16.1982,0.978359,15.8476,34.9614,24.0681,0.978359,0.403913
1.5886,19.8789,19.8789,1.86798,37.1333,34.9614,24.1289,1.86798,0.268035
1.5888,16.7124,16.7124,2,33.4247,34.9614,24.1445,2.08085,0.266667
1.589,17.786,17.786,1.55881,27.725,34.9614,24.1084,1.55881,0.273333
1.5892,18.4974,18.4974,1.97082,36.455,34.9614,24.1364,1.97082,0.266667
1.5894,16.5884,16.5884,1.9447,32.2594,34.9614,24.135,1.9447,0.282745
1.5896,18.2774,18.2774,1.60802,29.3905,34.9614,24.1116,1.60802,0.270548
1.5898,14.872,14.872,2,29.744,34.9614,24.1684,2.43813,0.353044
1.59,18.0712,18.0712,1.00965,18.2456,34.9614,24.0708,1.00965,0.273333
1.5902,20.4919,20.4919,1.50247,30.7885,34.9614,24.1042,1.50247,0.199181
1.5904,19.2232,19.2232,1.84328,35.4338,34.9614,24.1279,1.84328,0.208077
1.5906,16.8185,16.8185,2,33.6369,34.9614,24.1433,2.0644,0.274257
1.5908,18.6987,18.6987,1.47151,27.5155,34.9614,24.1023,1.47151,0.247559
1.591,17.9602,17.9602,2,35.9204,34.9614,24.1485,2.14672,0.273333
1.5912,17.9958,17.9958,1.5899,28.6116,34.9614,24.1107,1.5899,0.243295
1.5914,18.513,18.513,1.95441,36.182,34.9614,24.1353,1.95441,0.261213
1.5916,16.9452,16.9452,1.92001,32.5348,34.9614,24.1333,1.92001,0.274381
1.5918,20.1574,20.1574,1.33646,26.9397,34.9614,24.0929,1.33646,0.203588
1.592,17.6079,17.6079,2,35.2158,34.9614,24.1576,2.27808,0.273333
1.5922,12.9016,12.9016,1.98168,25.5668,34.9614,24.1377,1.98168,0.369038
1.5924,19.6757,19.6757,1.0285,20.2365,34.9614,24.0715,1.0285,0.290088
1.5926,18.5369,18.5369,2,37.0738,34.9614,24.1535,2.22104,0.267758
1.5928,13.09,13.09,2,26.18,34.9614,24.146,2.10419,0.353588
1.593,19.8701,19.8701,0.909382,18.0695,34.9614,24.0634,0.909382,0.273333
1.5932,19.8656,19.8656,1.80363,35.8302,34.9614,24.1249,1.80363,0.219038
1.5934,18.4964,18.4964,1.86432,34.4831,34.9614,24.1295,1.86432,0.221367
1.5936,17.2642,17.2642,1.95694,33.785,34.9614,24.1357,1.95694,0.27212
1.5938,16.2878,16.2878,1.88756,30.7443,34.9614,24.131,1.88756,0.310732
1.594,18.4879,18.4879,1.60434,29.6608,34.9614,24.1113,1.60434,0.273333
1.5942,18.9512,18.9512,1.87685,35.5685,34.9614,24.1301,1.87685,0.238196
1.5944,18.6797,18.6797,1.76867,33.0382,34.9614,24.1229,1.76867,0.224498
1.5946,17.476,17.476,2,34.952,34.9614,24.1397,2.01436,0.269318
1.5948,20.0213,20.0213,1.33904,26.8094,34.9614,24.0932,1.33904,0.195227
1.595,17.6518,17.6518,2,35.3036,34.9614,24.1571,2.27213,0.273333
1.5952,14.963,14.963,1.7772,26.5922,34.9614,24.1237,1.7772,0.317471
1.5954,19.2566,19.2566,1.4705,28.3168,34.9614,24.1018,1.4705,0.280031
1.5956,17.7812,17.7812,2,35.5625,34.9614,24.1512,2.18341,0.270515
1.5958,17.6251,17.6251,1.58662,27.9645,34.9614,24.1105,1.58662,0.25379
1.596,18.3198,18.3198,1.97202,36.127,34.9614,24.1364,1.97202,0.273333
1.5962,19.8986,19.8986,1.43598,28.574,34.9614,24.0999,1.43598,0.187423
1.5964,16.8005,16.8005,2,33.6009,34.9614,24.1633,2.36197,0.292376
1.5966,17.1767,17.1767,1.37658,23.6452,34.9614,24.0961,1.37658,0.26972
1.5968,18.2182,18.2182,2,36.4363,34.9614,24.146,2.11575,0.295834
1.597,16.7647,16.7647,1.77952,29.8332,34.9614,24.1238,1.77952,0.273333
1.5972,18.4376,18.4376,1.74309,32.1383,34.9614,24.1208,1.74309,0.273333
1.5974,5.88282,5.88282,2,11.7656,34.9614,24.2193,3.32635,0.566667
1.5976,14.421,14.421,0,0,34.9614,24.0026,-6.555e-08,0.416667
1.5978,20.7773,20.7773,1.48548,30.8642,34.9614,24.1025,1.48548,0.266667
1.598,20.9579,20.9579,1.07085,22.4427,34.9614,24.0747,1.07085,0.116667
1.5982,17.9423,17.9423,2,35.8847,34.9614,24.1599,2.3126,0.273333
1.5984,10.7018,10.7018,2,21.4035,34.9614,24.1526,2.21503,0.416667
1.5986,20.9865,20.9865,0.376887,7.90953,34.9614,24.0267,0.376887,0.266667
1.5988,19.0793,19.0793,2,38.1585,34.9614,24.1527,2.21382,0.276973
1.599,16.2583,16.2583,1.81903,29.5743,34.9614,24.1267,1.81903,0.266667
1.5992,18.6556,18.6556,1.63873,30.5715,34.9614,24.1136,1.63873,0.273333
1.5994,17.8665,17.8665,2,35.7329,34.9614,24.1421,2.0519,0.266667
1.5996,17.3129,17.3129,1.74282,30.1732,34.9614,24.1211,1.74282,0.268749
1.5998,18.0509,18.0509,1.87,33.7551,34.9614,24.1296,1.87,0.27697
1.6,14.3872,14.3872,2,28.7744,34.9614,24.1552,2.24264,0.351613
1.6002,18.8456,18.8456,1.05303,19.845,34.9614,24.0735,1.05303,0.273333
1.6004,20.3942,20.3942,1.53494,31.3037,34.9614,24.1065,1.53494,0.193392
1.6006,16.9776,16.9776,2,33.9551,34.9614,24.1572,2.27081,0.27594
1.6008,17.1472,17.1472,1.48215,25.4146,34.9614,24.1033,1.48215,0.273445
1.601,20.4314,20.4314,1.45336,29.6942,34.9614,24.1008,1.45336,0.201613
1.6012,17.2339,17.2339,2,34.4678,34.9614,24.1575,2.27536,0.273333
1.6014,15.1129,15.1129,1.71682,25.9462,34.9614,24.1194,1.71682,0.320467
1.6016,19.7244,19.7244,1.45395,28.6782,34.9614,24.1007,1.45395,0.264877
1.6018,17.3686,17.3686,2,34.7373,34.9614,24.1563,2.2586,0.277428
1.602,16.8813,16.8813,1.56485,26.4167,34.9614,24.109,1.56485,0.274913
1.6022,18.7735,18.7735,1.87253,35.1539,34.9614,24.1295,1.87253,0.273333
1.6024,15.6026,15.6026,2,31.2051,34.9614,24.15,2.16225,0.310195
1.6026,18.642,18.642,1.27459,23.7608,34.9614,24.0888,1.27459,0.263492
1.6028,18.4153,18.4153,2,36.8306,34.9614,24.1499,2.16675,0.270877
1.603,15.1035,15.1035,1.92968,29.1449,34.9614,24.1343,1.92968,0.308936
1.6032,19.0868,19.0868,1.37421,26.2293,34.9614,24.0954,1.37421,0.273333
1.6034,19.2748,19.2748,1.90481,36.7147,34.9614,24.1321,1.90481,0.229023
1.6036,16.9329,16.9329,2,33.8658,34.9614,24.1393,2.0057,0.266524
1.6038,17.7126,17.7126,1.65334,29.2849,34.9614,24.1148,1.65334,0.276159
1.604,18.7933,18.7933,1.84962,34.7605,34.9614,24.1281,1.84962,0.253706
1.6042,17.0769,17.0769,2,34.1538,34.9614,24.1394,2.00926,0.273333
1.6044,18.9824,18.9824,1.50284,28.5276,34.9614,24.1044,1.50284,0.238293
1.6046,17.8657,17.8657,2,35.7315,34.9614,24.1487,2.14663,0.269985
1.6048,16.7707,16.7707,1.72324,28.9,34.9614,24.1199,1.72324,0.27704
1.605,19.4873,19.4873,1.61653,31.5018,34.9614,24.1121,1.61653,0.242963
1.6052,17.259,17.259,2,34.5179,34.9614,24.1507,2.17634,0.273333
1.6054,18.2851,18.2851,1.4679,26.8406,34.9614,24.1022,1.4679,0.244939
1.6056,18.4889,18.4889,2,36.9777,34.9614,24.1416,2.04491,0.263643
1.6058,16.8049,16.8049,1.85901,31.2404,34.9614,24.1292,1.85901,0.27281
1.606,17.5996,17.5996,1.78447,31.4061,34.9614,24.1237,1.78447,0.290385
1.6062,17.9291,17.9291,1.87358,33.5915,34.9614,24.1298,1.87358,0.273333
1.6064,17.3908,17.3908,1.89282,32.9175,34.9614,24.1313,1.89282,0.276945
1.6066,17.9747,17.9747,1.76136,31.6598,34.9614,24.1224,1.76136,0.268671
1.6068,17.7339,17.7339,1.94239,34.4463,34.9614,24.1346,1.94239,0.27371
1.607,16.9187,16.9187,1.87125,31.6591,34.9614,24.13,1.87125,0.288085
1.6072,18.1424,18.1424,1.71808,31.1701,34.9614,24.1192,1.71808,0.273333
1.6074,17.7474,17.7474,1.98694,35.2631,34.9614,24.1377,1.98694,0.273333
1.6076,5.66693,5.66693,2,11.3339,34.9614,24.2015,3.0518,0.566667
1.6078,15.3648,15.3648,0.0313598,0.481836,34.9614,24.0045,0.0313598,0.416667
1.608,20.6406,20.6406,1.57748,32.5602,34.9614,24.1089,1.57748,0.266667
1.6082,20.9135,20.9135,1.09057,22.8078,34.9614,24.0761,1.09057,0.116667
1.6084,17.9072,17.9072,2,35.8144,34.9614,24.1601,2.31616,0.273333
1.6086,10.71,10.71,2,21.42,34.9614,24.1523,2.20404,0.416667
1.6088,20.9929,20.9929,0.384317,8.06793,34.9614,24.0272,0.384317,0.266667
1.609,19.073,19.073,2,38.1459,34.9614,24.1527,2.21344,0.276764
1.6092,19.4057,19.4057,1.41441,27.4476,34.9614,24.0986,1.41441,0.180893
1.6094,17.7269,17.7269,2,35.4537,34.9614,24.154,2.22326,0.273333
1.6096,17.0574,17.0574,1.6088,27.442,34.9614,24.1121,1.6088,0.266667
1.6098,14.8938,14.8938,2,29.7877,34.9614,24.1609,2.33388,0.371749
1.61,18.2351,18.2351,1.08786,19.8373,34.9614,24.0761,1.08786,0.275077
1.6102,17.8341,17.8341,2,35.6683,34.9614,24.1645,2.38297,0.305987
1.6104,16.3216,16.3216,1.55443,25.3708,34.9614,24.1085,1.55443,0.273333
1.6106,20.7488,20.7488,1.26095,26.1632,34.9614,24.0876,1.26095,0.195367
1.6108,13.5764,13.5764,2,27.1529,34.9614,24.2004,2.91412,0.378831
1.611,17.5593,17.5593,0.481357,8.45229,34.9614,24.0348,0.481357,0.276854
1.6112,21.3059,21.3059,0.921657,19.6367,34.9614,24.0642,0.921657,0.165522
1.6114,18.1716,18.1716,2,36.3432,34.9614,24.1596,2.30955,0.273333
1.6116,13.423,13.423,1.95291,26.2139,34.9614,24.1356,1.95291,0.345367
1.6118,20.2741,20.2741,1.00682,20.4123,34.9614,24.07,1.00682,0.262149
1.612,18.2982,18.2982,2,36.5964,34.9614,24.157,2.27308,0.271317
1.6122,19.2277,19.2277,1.35211,25.9981,34.9614,24.0943,1.35211,0.195326
1.6124,17.9387,17.9387,2,35.8775,34.9614,24.1535,2.22035,0.273333
1.6126,19.5092,19.5092,1.32121,25.7757,34.9614,24.0921,1.32121,0.195367
1.6128,19.7091,19.7091,1.77387,34.9614,34.9614,24.123,1.77387,0.208466
1.613,16.743,16.743,2,33.4859,34.9614,24.1486,2.14255,0.274242
1.6132,18.6184,18.6184,1.4081,26.2166,34.9614,24.098,1.4081,0.246755
1.6134,18.1205,18.1205,2,36.241,34.9614,24.1491,2.15422,0.273333
1.6136,18.1167,18.1167,1.58299,28.6785,34.9614,24.1102,1.58299,0.236982
1.6138,20.1072,20.1072,1.5575,31.3169,34.9614,24.1081,1.5575,0.19817
1.614,17.054,17.054,2,34.1079,34.9614,24.1558,2.24746,0.275237
1.6142,16.162,16.162,1.61419,26.0886,34.9614,24.1124,1.61419,0.29847
1.6144,19.0864,19.0864,1.7293,33.0061,34.9614,24.1197,1.7293,0.273333
1.6146,16.5909,16.5909,2,33.1818,34.9614,24.1508,2.17565,0.289456
1.6148,19.3325,19.3325,1.26896,24.5321,34.9614,24.0884,1.26896,0.226058
1.615,18.0118,18.0118,2,36.0237,34.9614,24.1553,2.2467,0.274612
1.6152,19.2106,19.2106,1.35145,25.9621,34.9614,24.0942,1.35145,0.201994
1.6154,17.9465,17.9465,2,35.893,34.9614,24.1534,2.21895,0.273333
1.6156,17.428,17.428,1.59107,27.7292,34.9614,24.1108,1.59107,0.254095
1.6158,17.9501,17.9501,2,35.9001,34.9614,24.1393,2.0142,0.287206
1.616,17.0658,17.0658,1.81423,30.9612,34.9614,24.126,1.81423,0.27627
1.6162,20.7728,20.7728,1.16574,24.2156,34.9614,24.0811,1.16574,0.171209
1.6164,17.7792,17.7792,2,35.5584,34.9614,24.1599,2.31226,0.273333
1.6166,17.0017,17.0017,1.54131,26.2049,34.9614,24.1075,1.54131,0.261701
1.6168,20.6558,20.6558,1.3187,27.2387,34.9614,24.0916,1.3187,0.188182
1.617,17.3543,17.3543,2,34.7086,34.9614,24.1607,2.32369,0.276752
1.6172,14.8859,14.8859,1.70949,25.4473,34.9614,24.1191,1.70949,0.321209
1.6174,19.6127,19.6127,1.46127,28.6593,34.9614,24.1011,1.46127,0.273333
1.6176,17.5368,17.5368,2,35.0736,34.9614,24.1543,2.22834,0.273333
1.6178,5.16519,5.16519,2,10.3304,34.9614,24.1893,2.85805,0.566667
1.618,15.9192,15.9192,0.0655258,1.04312,34.9614,24.0066,0.0655258,0.416667
1.6182,20.5476,20.5476,1.63501,33.5955,34.9614,24.1128,1.63501,0.266667
1.6184,20.8872,20.8872,1.10062,22.9889,34.9614,24.0768,1.10062,0.116667
1.6186,17.8989,17.8989,2,35.7978,34.9614,24.1598,2.3115,0.273333
1.6188,10.7124,10.7124,2,21.4248,34.9614,24.1523,2.20409,0.416667
1.619,20.9945,20.9945,0.384445,8.07125,34.9614,24.0272,0.384445,0.266667
1.6192,18.996,18.996,2,37.992,34.9614,24.1546,2.24131,0.279732
1.6194,16.249,16.249,1.79002,29.086,34.9614,24.1247,1.79002,0.266667
1.6196,18.7123,18.7123,1.65232,30.9186,34.9614,24.1145,1.65232,0.273333
1.6198,16.6879,16.6879,2,33.3758,34.9614,24.1528,2.20882,0.297056
1.62,17.1869,17.1869,1.50488,25.8643,34.9614,24.1048,1.50488,0.281045
1.6202,18.4373,18.4373,1.99038,36.6972,34.9614,24.1376,1.99038,0.281872
1.6204,14.1564,14.1564,2,28.3127,34.9614,24.1517,2.19247,0.343746
1.6206,19.0859,19.0859,1.04265,19.8999,34.9614,24.0727,1.04265,0.273333
1.6208,20.3017,20.3017,1.58291,32.1357,34.9614,24.1098,1.58291,0.196669
1.621,16.6075,16.6075,2,33.215,34.9614,24.159,2.29605,0.283447
1.6212,17.4038,17.4038,1.39338,24.2501,34.9614,24.0972,1.39338,0.271287
1.6214,19.4145,19.4145,1.86028,36.1163,34.9614,24.1287,1.86028,0.250055
1.6216,16.7115,16.7115,2,33.4231,34.9614,24.144,2.07522,0.273333
1.6218,20.8121,20.8121,1.01485,21.1212,34.9614,24.0708,1.01485,0.167925
1.622,17.9182,17.9182,2,35.8365,34.9614,24.1619,2.3439,0.278674
1.6222,15.9667,15.9667,1.63211,26.0593,34.9614,24.1138,1.63211,0.283253
1.6224,19.9996,19.9996,1.51136,30.2266,34.9614,24.1047,1.51136,0.242061
1.6226,17.2746,17.2746,2,34.5491,34.9614,24.1553,2.24125,0.273333
1.6228,17.4375,17.4375,1.50898,26.3128,34.9614,24.1052,1.50898,0.263188
1.623,18.7511,18.7511,1.94306,36.4345,34.9614,24.1344,1.94306,0.267404
1.6232,16.6176,16.6176,1.98614,33.0049,34.9614,24.1379,1.98614,0.280028
1.6234,17.1421,17.1421,1.70717,29.2645,34.9614,24.1184,1.70717,0.297601
1.6236,18.3521,18.3521,1.84347,33.8315,34.9614,24.1277,1.84347,0.273333
1.6238,15.2885,15.2885,2,30.5771,34.9614,24.1518,2.19008,0.32613
1.624,18.6075,18.6075,1.21894,22.6814,34.9614,24.085,1.21894,0.267759
1.6242,18.495,18.495,2,36.99,34.9614,24.1503,2.17484,0.271829
1.6244,15.7665,15.7665,1.85965,29.3203,34.9614,24.1294,1.85965,0.290732
1.6246,18.8584,18.8584,1.53149,28.8815,34.9614,24.1062,1.53149,0.273333
1.6248,17.907,17.907,2,35.8141,34.9614,24.1467,2.11936,0.269006
1.625,17.1541,17.1541,1.70742,29.2892,34.9614,24.1188,1.70742,0.267969
1.6252,17.9983,17.9983,1.89451,34.0979,34.9614,24.1313,1.89451,0.283266
1.6254,18.0596,18.0596,1.79513,32.4193,34.9614,24.1246,1.79513,0.256283
1.6256,17.6355,17.6355,1.93526,34.1292,34.9614,24.1343,1.93526,0.273333
1.6258,18.4816,18.4816,1.68,31.0492,34.9614,24.1167,1.68,0.248143
1.626,17.7208,17.7208,2,35.4415,34.9614,24.1409,2.03416,0.270927
1.6262,17.1833,17.1833,1.76435,30.3173,34.9614,24.1226,1.76435,0.27546
1.6264,18.744,18.744,1.74393,32.6881,34.9614,24.1209,1.74393,0.257859
1.6266,17.3522,17.3522,2,34.7043,34.9614,24.142,2.04944,0.273333
1.6268,17.4636,17.4636,1.68307,29.3925,34.9614,24.117,1.68307,0.273346
1.627,18.2981,18.2981,1.89324,34.6428,34.9614,24.1311,1.89324,0.271005
1.6272,17.1219,17.1219,1.93435,33.1198,34.9614,24.1343,1.93435,0.277039
1.6274,18.1308,18.1308,1.6845,30.5415,34.9614,24.1169,1.6845,0.266448
1.6276,17.8242,17.8242,2,35.6485,34.9614,24.1385,2.00065,0.273333
1.6278,17.302,17.302,1.7867,30.9136,34.9614,24.1242,1.7867,0.273333
1.628,6.48803,6.48803,2,12.9761,34.9614,24.2053,3.11155,0.566667
1.6282,15.2435,15.2435,0.0248085,0.378169,34.9614,24.0041,0.0248085,0.416667
1.6284,20.6567,20.6567,1.56751,32.3795,34.9614,24.1081,1.56751,0.266667
1.6286,20.9165,20.9165,1.08953,22.7892,34.9614,24.076,1.08953,0.116667
1.6288,17.9055,17.9055,2,35.811,34.9614,24.1601,2.31523,0.273333
1.629,9.46754,9.46754,2,18.9351,34.9614,24.1606,2.33759,0.447464
1.6292,20.8677,20.8677,0.253619,5.29244,34.9614,24.0183,0.253619,0.266667
1.6294,19.2049,19.2049,2,38.4099,34.9614,24.1515,2.19743,0.279923
1.6296,16.2293,16.2293,1.84512,29.9449,34.9614,24.1285,1.84512,0.266667
1.6298,18.6072,18.6072,1.61897,30.1245,34.9614,24.1122,1.61897,0.273333
1.63,14.7514,14.7514,2,29.5027,34.9614,24.1701,2.46224,0.350451
1.6302,16.7275,16.7275,1.11508,18.6524,34.9614,24.0781,1.11508,0.308054
1.6304,19.3455,19.3455,2,38.691,34.9614,24.1383,2.00508,0.277425
1.6306,13.2251,13.2251,2,26.4503,34.9614,24.1626,2.34701,0.352287
1.6308,19.2925,19.2925,0.780008,15.0483,34.9614,24.0547,0.780008,0.273333
1.631,19.6664,19.6664,1.93191,37.9935,34.9614,24.1336,1.93191,0.240644
1.6312,15.4455,15.4455,2,30.891,34.9614,24.1509,2.17604,0.2978
1.6314,18.3217,18.3217,1.28273,23.5019,34.9614,24.0893,1.28273,0.27402
1.6316,18.523,18.523,2,37.0459,34.9614,24.1479,2.13996,0.27173
1.6318,16.5054,16.5054,1.80875,29.8542,34.9614,24.1258,1.80875,0.273333
1.632,20.0628,20.0628,1.41033,28.2952,34.9614,24.0979,1.41033,0.221294
1.6322,17.0423,17.0423,2,34.0845,34.9614,24.1614,2.33352,0.285389
1.6324,16.9931,16.9931,1.44731,24.5942,34.9614,24.101,1.44731,0.272309
1.6326,19.9059,19.9059,1.67904,33.4228,34.9614,24.1163,1.67904,0.234033
1.6328,16.9195,16.9195,2,33.8391,34.9614,24.1516,2.18644,0.273333
1.633,16.3809,16.3809,1.63441,26.7731,34.9614,24.1137,1.63441,0.299228
1.6332,19.389,19.389,1.6763,32.5019,34.9614,24.116,1.6763,0.25823
1.6334,17.0979,17.0979,2,34.1958,34.9614,24.1493,2.15438,0.274867
1.6336,14.5555,14.5555,1.87368,27.2724,34.9614,24.1299,1.87368,0.344124
1.6338,19.5145,19.5145,1.30917,25.5478,34.9614,24.0908,1.30917,0.273333
1.634,17.0551,17.0551,2,34.1102,34.9614,24.1656,2.39569,0.297645
1.6342,17.7359,17.7359,1.31322,23.2911,34.9614,24.0918,1.31322,0.248952
1.6344,18.7229,18.7229,2,37.4458,34.9614,24.1434,2.07571,0.273489
1.6346,17.0739,17.0739,1.81884,31.0547,34.9614,24.1265,1.81884,0.260342
1.6348,18.1664,18.1664,1.77346,32.2175,34.9614,24.1229,1.77346,0.273333
1.635,17.9586,17.9586,1.91659,34.4192,34.9614,24.1329,1.91659,0.264074
1.6352,17.5222,17.5222,1.84121,32.262,34.9614,24.1278,1.84121,0.270334
1.6354,17.8749,17.8749,1.82847,32.6838,34.9614,24.1268,1.82847,0.272498
1.6356,19.3015,19.3015,1.64311,31.7144,34.9614,24.1141,1.64311,0.224311
1.6358,17.2926,17.2926,2,34.5853,34.9614,24.1489,2.14953,0.273333
1.636,17.5713,17.5713,1.57747,27.7181,34.9614,24.1098,1.57747,0.264987
1.6362,18.5415,18.5415,1.9388,35.9483,34.9614,24.1343,1.9388,0.267927
1.6364,16.9365,16.9365,1.937,32.806,34.9614,24.1345,1.937,0.274999
1.6366,16.1789,16.1789,1.88402,30.4815,34.9614,24.1306,1.88402,0.320168
1.6368,18.5606,18.5606,1.5874,29.4631,34.9614,24.1101,1.5874,0.273333
1.637,17.7472,17.7472,2,35.4945,34.9614,24.1455,2.10125,0.274722
1.6372,17.1286,17.1286,1.71257,29.3339,34.9614,24.1191,1.71257,0.272608
1.6374,18.3389,18.3389,1.83997,33.7429,34.9614,24.1274,1.83997,0.273583
1.6376,15.1109,15.1109,2,30.2219,34.9614,24.153,2.21253,0.33112
1.6378,18.4642,18.4642,1.19798,22.1198,34.9614,24.0835,1.19798,0.273333
1.638,18.5508,18.5508,2,37.1015,34.9614,24.1502,2.17452,0.273333
1.6382,4.68034,4.68034,2,9.36068,34.9614,24.2022,3.05686,0.566667
1.6384,15.1164,15.1164,0.0209953,0.317372,34.9614,24.0039,0.0209953,0.416667
1.6386,20.6774,20.6774,1.55364,32.1251,34.9614,24.1072,1.55364,0.266667
1.6388,20.923,20.923,1.08654,22.7336,34.9614,24.0758,1.08654,0.116667
1.639,17.9194,17.9194,2,35.8387,34.9614,24.16,2.31486,0.273333
1.6392,10.6948,10.6948,2,21.3896,34.9614,24.1523,2.21046,0.416667
1.6394,20.9936,20.9936,0.378215,7.94011,34.9614,24.0268,0.378215,0.266667
1.6396,19.3216,19.3216,2,38.6431,34.9614,24.1464,2.12152,0.266962
1.6398,18.1354,18.1354,1.68706,30.5954,34.9614,24.1175,1.68706,0.220137
1.64,17.8276,17.8276,1.99808,35.621,34.9614,24.1384,1.99808,0.273333
1.6402,17.5447,17.5447,1.76113,30.8985,34.9614,24.1223,1.76113,0.266667
1.6404,13.6069,13.6069,2,27.2138,34.9614,24.1641,2.37976,0.38628
1.6406,18.9555,18.9555,0.829435,15.7224,34.9614,24.0582,0.829435,0.274282
1.6408,18.1192,18.1192,2,36.2385,34.9614,24.1666,2.41694,0.301078
1.641,16.052,16.052,1.57624,25.3017,34.9614,24.1101,1.57624,0.273333
1.6412,20.8309,20.8309,1.20525,25.1064,34.9614,24.0837,1.20525,0.194452
1.6414,14.8691,14.8691,2,29.7383,34.9614,24.1912,2.77201,0.349231
1.6416,17.0476,17.0476,0.804295,13.7113,34.9614,24.057,0.804295,0.277863
1.6418,20.0621,20.0621,1.80464,36.2049,34.9614,24.1247,1.80464,0.249252
1.642,16.5367,16.5367,2,33.0734,34.9614,24.1494,2.15364,0.273333
1.6422,14.9048,14.9048,1.78046,26.5375,34.9614,24.1236,1.78046,0.344452
1.6424,15.5097,15.5097,1.89676,29.4182,34.9614,24.131,1.89676,0.380402
1.6426,19.1935,19.1935,1.42677,27.3847,34.9614,24.099,1.42677,0.265248
1.6428,19.6254,19.6254,1.77541,34.843,34.9614,24.1231,1.77541,0.210854
1.643,16.8045,16.8045,2,33.6089,34.9614,24.1479,2.13315,0.273333
1.6432,15.1545,15.1545,1.79743,27.2392,34.9614,24.1247,1.79743,0.33531
1.6434,16.3357,16.3357,1.81942,29.7214,34.9614,24.1256,1.81942,0.354474
1.6436,18.4406,18.4406,1.672,30.8326,34.9614,24.1159,1.672,0.277932
1.6438,17.563,17.563,2,35.1259,34.9614,24.1427,2.06058,0.276497
1.644,17.3062,17.3062,1.70964,29.5874,34.9614,24.1188,1.70964,0.273333
1.6442,20.5287,20.5287,1.32775,27.257,34.9614,24.0923,1.32775,0.18531
1.6444,18.9902,18.9902,1.97105,37.4306,34.9614,24.1366,1.97105,0.226161
1.6446,16.731,16.731,1.96416,32.8623,34.9614,24.1364,1.96416,0.271147
1.6448,17.7611,17.7611,1.66659,29.6005,34.9614,24.1157,1.66659,0.281062
1.645,18.0753,18.0753,1.95776,35.3871,34.9614,24.1355,1.95776,0.273333
1.6452,14.7985,14.7985,2,29.5969,34.9614,24.1468,2.12059,0.33531
1.6454,21.3567,21.3567,0.635091,13.5635,34.9614,24.0445,0.635091,0.167425
1.6456,18.6609,18.6609,2,37.3218,34.9614,24.1569,2.27272,0.274608
1.6458,19.7869,19.7869,1.27817,25.291,34.9614,24.0892,1.27817,0.170707
1.646,17.855,17.855,2,35.71,34.9614,24.1567,2.26618,0.273333
1.6462,16.1747,16.1747,1.67585,27.1062,34.9614,24.1168,1.67585,0.284383
1.6464,18.0804,18.0804,1.82812,33.0532,34.9614,24.1264,1.82812,0.299277
1.6466,17.465,17.465,1.93303,33.7604,34.9614,24.1341,1.93303,0.275381
1.6468,15.8355,15.8355,1.97687,31.3047,34.9614,24.137,1.97687,0.320708
1.647,18.5651,18.5651,1.47264,27.3397,34.9614,24.1022,1.47264,0.273333
1.6472,18.947,18.947,1.95097,36.9651,34.9614,24.1351,1.95097,0.243692
1.6474,16.5467,16.5467,2,33.0933,34.9614,24.1389,2,0.278774
1.6476,18.09,18.09,1.58064,28.5938,34.9614,24.1098,1.58064,0.273344
1.6478,14.8535,14.8535,2,29.7069,34.9614,24.1685,2.44802,0.358174
1.648,18.0599,18.0599,1.00089,18.0759,34.9614,24.0702,1.00089,0.273333
1.6482,18.9949,18.9949,2,37.9897,34.9614,24.148,2.14352,0.273333
1.6484,4.47819,4.47819,2,8.95637,34.9614,24.2082,3.14749,0.566667
1.6486,14.7436,14.7436,0.00960509,0.141614,34.9614,24.0032,0.00960509,0.416667
1.6488,20.7319,20.7319,1.51659,31.4418,34.9614,24.1047,1.51659,0.266667
1.649,20.9429,20.9429,1.07751,22.5662,34.9614,24.0752,1.07751,0.116667
1.6492,17.927,17.927,2,35.8541,34.9614,24.1603,2.31627,0.273333
1.6494,10.6893,10.6893,2,21.3786,34.9614,24.1526,2.20809,0.416667
1.6496,20.9963,20.9963,0.377726,7.93085,34.9614,24.0267,0.377726,0.266667
1.6498,19.3265,19.3265,2,38.6531,34.9614,24.1464,2.12136,0.266788
1.65,17.6241,17.6241,1.75149,30.8683,34.9614,24.122,1.75149,0.234042
1.6502,17.9702,17.9702,1.89692,34.088,34.9614,24.1314,1.89692,0.273333
1.6504,17.6987,17.6987,1.84041,32.5728,34.9614,24.1277,1.84041,0.266667
1.6506,18.2066,18.2066,1.79895,32.7529,34.9614,24.1248,1.79895,0.26036
1.6508,17.4254,17.4254,1.96873,34.3059,34.9614,24.1366,1.96873,0.276072
1.651,15.8468,15.8468,1.94059,30.752,34.9614,24.1345,1.94059,0.318276
1.6512,18.638,18.638,1.49742,27.9089,34.9614,24.1039,1.49742,0.273333
1.6514,19.9921,19.9921,1.62841,32.5553,34.9614,24.113,1.62841,0.198815
1.6516,17.3714,17.3714,2,34.7429,34.9614,24.1493,2.15352,0.263307
1.6518,17.1302,17.1302,1.62969,27.9169,34.9614,24.1134,1.62969,0.2751
1.652,17.3192,17.3192,2,34.6385,34.9614,24.1414,2.04455,0.306918
1.6522,17.4964,17.4964,1.68085,29.409,34.9614,24.1168,1.68085,0.273333
1.6524,17.2582,17.2582,2,34.5163,34.9614,24.1409,2.03687,0.299646
1.6526,17.7006,17.7006,1.65698,29.3295,34.9614,24.1151,1.65698,0.269385
1.6528,18.1715,18.1715,1.94818,35.4014,34.9614,24.1349,1.94818,0.272523
1.653,18.8349,18.8349,1.6548,31.1681,34.9614,24.115,1.6548,0.228016
1.6532,17.5008,17.5008,2,35.0015,34.9614,24.1453,2.09806,0.273333
1.6534,17.9654,17.9654,1.59661,28.6838,34.9614,24.1111,1.59661,0.254562
1.6536,18.2987,18.2987,1.98446,36.313,34.9614,24.1374,1.98446,0.267686
1.6538,17.112,17.112,1.86049,31.8368,34.9614,24.1293,1.86049,0.271632
1.654,20.4402,20.4402,1.29094,26.3872,34.9614,24.0897,1.29094,0.188831
1.6542,17.6099,17.6099,2,35.2197,34.9614,24.1588,2.29584,0.273333
1.6544,17.4221,17.4221,1.49194,25.9928,34.9614,24.1041,1.49194,0.254611
1.6546,18.683,18.683,1.96577,36.7266,34.9614,24.1359,1.96577,0.270671
1.6548,16.7751,16.7751,1.94022,32.5474,34.9614,24.1347,1.94022,0.275578
1.655,15.5374,15.5374,1.93537,30.0705,34.9614,24.1339,1.93537,0.338831
1.6552,18.8209,18.8209,1.44593,27.2136,34.9614,24.1004,1.44593,0.273333
1.6554,18.011,18.011,2,36.0219,34.9614,24.149,2.15397,0.27136
1.6556,16.6955,16.6955,1.73647,28.9913,34.9614,24.1208,1.73647,0.275862
1.6558,18.6587,18.6587,1.74263,32.5152,34.9614,24.1207,1.74263,0.270662
1.656,19.323,19.323,1.71835,33.2038,34.9614,24.1193,1.71835,0.215126
1.6562,17.0906,17.0906,2,34.1811,34.9614,24.1474,2.12598,0.273333
1.6564,17.0709,17.0709,1.63515,27.9134,34.9614,24.1137,1.63515,0.282973
1.6566,18.7777,18.7777,1.82943,34.3525,34.9614,24.1266,1.82943,0.266179
1.6568,17.1777,17.1777,2,34.3554,34.9614,24.1394,2.00823,0.272349
1.657,19.9662,19.9662,1.33744,26.7035,34.9614,24.093,1.33744,0.203138
1.6572,17.6705,17.6705,2,35.341,34.9614,24.1571,2.26876,0.273333
1.6574,17.023,17.023,1.56512,26.643,34.9614,24.1091,1.56512,0.265596
1.6576,18.8539,18.8539,1.86447,35.1525,34.9614,24.129,1.86447,0.268213
1.6578,17.0203,17.0203,2,34.0407,34.9614,24.1391,2.00507,0.272687
1.658,19.6728,19.6728,1.38873,27.3202,34.9614,24.0966,1.38873,0.217185
1.6582,17.6687,17.6687,2,35.3374,34.9614,24.1555,2.24596,0.273333
1.6584,16.7797,16.7797,1.6116,27.0422,34.9614,24.1123,1.6116,0.273333
1.6586,7.2935,7.2935,2,14.587,34.9614,24.2062,3.14155,0.566667
1.6588,15.0933,15.0933,0.0202575,0.305753,34.9614,24.0038,0.0202575,0.416667
1.659,20.6789,20.6789,1.55234,32.1005,34.9614,24.1071,1.55234,0.266667
1.6592,20.9253,20.9253,1.08552,22.7149,34.9614,24.0757,1.08552,0.116667
1.6594,17.9129,17.9129,2,35.8258,34.9614,24.1602,2.31538,0.273333
1.6596,10.7022,10.7022,2,21.4045,34.9614,24.1526,2.20818,0.416667
1.6598,20.9931,20.9931,0.380289,7.98344,34.9614,24.0269,0.380289,0.266667
1.66,19.0844,19.0844,2,38.1688,34.9614,24.1524,2.20919,0.276692
1.6602,16.2726,16.2726,1.82151,29.6407,34.9614,24.1268,1.82151,0.266667
1.6604,18.6375,18.6375,1.63966,30.5593,34.9614,24.1137,1.63966,0.273333
1.6606,17.87,17.87,2,35.7399,34.9614,24.1419,2.04766,0.266667
1.6608,11.4272,11.4272,2,22.8544,34.9614,24.1638,2.37746,0.416667
1.661,20.0795,20.0795,0.461697,9.27063,34.9614,24.0327,0.461697,0.27809
1.6612,17.0111,17.0111,2,34.0223,34.9614,24.1909,2.77676,0.346931
1.6614,15.8305,15.8305,1.15245,18.244,34.9614,24.0812,1.15245,0.273333
1.6616,21.0045,21.0045,1.17203,24.6178,34.9614,24.0814,1.17203,0.194588
1.6618,9.53683,9.53683,2,19.0737,34.9614,24.2348,3.48725,0.484378
1.662,17.4207,17.4207,0,0,34.9614,24.0012,-4.99827e-08,0.270014
1.6622,19.0434,19.0434,2,38.0867,34.9614,24.1647,2.40063,0.331018
1.6624,15.5373,15.5373,1.72941,26.8703,34.9614,24.1207,1.72941,0.273333
1.6626,19.552,19.552,1.51067,29.5365,34.9614,24.1046,1.51067,0.262842
1.6628,15.1601,15.1601,2,30.3203,34.9614,24.1749,2.53434,0.334379
1.663,17.2857,17.2857,1.03396,17.8727,34.9614,24.0726,1.03396,0.28247
1.6632,18.9422,18.9422,2,37.8844,34.9614,24.1487,2.15561,0.286857
1.6634,16.2254,16.2254,1.86389,30.2423,34.9614,24.1297,1.86389,0.273333
1.6636,17.4287,17.4287,1.74577,30.4265,34.9614,24.1209,1.74577,0.304227
1.6638,19.3563,19.3563,1.66505,32.2293,34.9614,24.1155,1.66505,0.23465
1.664,17.5017,17.5017,2,35.0034,34.9614,24.146,2.10612,0.26547
1.6642,18.1685,18.1685,1.56478,28.4297,34.9614,24.1089,1.56478,0.24834
1.6644,18.057,18.057,2,36.114,34.9614,24.1424,2.05524,0.273333
1.6646,17.6093,17.6093,1.72137,30.3121,34.9614,24.1197,1.72137,0.257447
1.6648,19.9056,19.9056,1.55548,30.9628,34.9614,24.108,1.55548,0.211212
1.665,17.1132,17.1132,2,34.2265,34.9614,24.1552,2.23816,0.276074
1.6652,15.5509,15.5509,1.69235,26.3176,34.9614,24.1178,1.69235,0.313605
1.6654,19.2946,19.2946,1.58635,30.6081,34.9614,24.1098,1.58635,0.273333
1.6656,18.1,18.1,2,36.1999,34.9614,24.1426,2.05839,0.253824
1.6658,18.5064,18.5064,1.61003,29.7958,34.9614,24.112,1.61003,0.232243
1.666,17.4998,17.4998,2,34.9995,34.9614,24.1466,2.11837,0.281188
1.6662,14.906,14.906,1.90899,28.4555,34.9614,24.1327,1.90899,0.331304
1.6664,19.2432,19.2432,1.35153,26.0078,34.9614,24.0938,1.35153,0.273333
1.6666,17.7567,17.7567,2,35.5134,34.9614,24.1558,2.25324,0.278549
1.6668,15.1297,15.1297,1.78906,27.0679,34.9614,24.1244,1.78906,0.313126
1.667,19.4843,19.4843,1.4396,28.0496,34.9614,24.0998,1.4396,0.268935
1.6672,16.9892,16.9892,2,33.9784,34.9614,24.1611,2.32928,0.291571
1.6674,16.9994,16.9994,1.44684,24.5954,34.9614,24.1009,1.44684,0.273333
1.6676,19.8726,19.8726,1.69198,33.624,34.9614,24.1172,1.69198,0.235507
1.6678,18.5164,18.5164,1.92402,35.6259,34.9614,24.1336,1.92402,0.22762
1.668,17.3238,17.3238,1.90012,32.9172,34.9614,24.132,1.90012,0.266195
1.6682,18.4863,18.4863,1.68506,31.1504,34.9614,24.117,1.68506,0.255304
1.6684,17.6228,17.6228,2,35.2456,34.9614,24.1416,2.04426,0.273333
1.6686,17.3069,17.3069,1.72877,29.9196,34.9614,24.1202,1.72877,0.273333
1.6688,6.63123,6.63123,2,13.2625,34.9614,24.2077,3.15172,0.566667
1.669,15.0969,15.0969,0.0203616,0.307397,34.9614,24.0038,0.0203616,0.416667
1.6692,20.6791,20.6791,1.55238,32.1018,34.9614,24.1071,1.55238,0.266667
1.6694,20.9258,20.9258,1.08494,22.7032,34.9614,24.0757,1.08494,0.116667
1.6696,17.9073,17.9073,2,35.8145,34.9614,24.1601,2.31653,0.273333
1.6698,5.84897,5.84897,2,11.6979,34.9614,24.1834,2.7336,0.53758
1.67,18.6649,18.6649,0.019716,0.367997,34.9614,24.003,0.019716,0.266667
1.6702,20.0188,20.0188,1.91009,38.2376,34.9614,24.1317,1.91009,0.27021
1.6704,16.5553,16.5553,2,33.1107,34.9614,24.1442,2.07395,0.266667
1.6706,17.903,17.903,1.53464,27.4747,34.9614,24.1067,1.53464,0.273333
1.6708,13.9332,13.9332,2,27.8664,34.9614,24.1773,2.57762,0.38758
1.671,20.6317,20.6317,0.458752,9.46485,34.9614,24.0325,0.458752,0.204603
1.6712,19.0172,19.0172,2,38.0343,34.9614,24.1533,2.22072,0.276337
1.6714,12.919,12.919,2,25.8381,34.9614,24.15,2.16426,0.35085
1.6716,19.8516,19.8516,0.842808,16.7311,34.9614,24.0588,0.842808,0.273333
1.6718,19.5525,19.5525,1.94876,38.1032,34.9614,24.1349,1.94876,0.23758
1.672,18.967,18.967,1.6844,31.948,34.9614,24.1172,1.6844,0.202459
1.6722,17.1988,17.1988,2,34.3976,34.9614,24.1471,2.12378,0.278159
1.6724,19.8653,19.8653,1.27718,25.3716,34.9614,24.0889,1.27718,0.20085
1.6726,17.8292,17.8292,2,35.6583,34.9614,24.157,2.2704,0.273333
1.6728,19.6777,19.6777,1.24544,24.5074,34.9614,24.0869,1.24544,0.188602
1.673,15.5437,15.5437,2,31.0874,34.9614,24.1837,2.66336,0.34017
1.6732,16.9858,16.9858,0.987676,16.7765,34.9614,24.0696,0.987676,0.275502
1.6734,21.4259,21.4259,0.775026,16.6057,34.9614,24.0542,0.775026,0.14013
1.6736,18.4299,18.4299,2,36.8599,34.9614,24.1584,2.29321,0.273333
1.6738,17.9908,17.9908,1.50359,27.0508,34.9614,24.1049,1.50359,0.226667
1.674,18.8253,18.8253,1.95061,36.7207,34.9614,24.135,1.95061,0.255618
1.6742,16.8446,16.8446,1.95614,32.9503,34.9614,24.1358,1.95614,0.272657
1.6744,18.2492,18.2492,1.62436,29.6433,34.9614,24.1128,1.62436,0.266206
1.6746,17.8857,17.8857,2,35.7714,34.9614,24.1416,2.0428,0.273333
1.6748,17.5452,17.5452,1.72624,30.2872,34.9614,24.12,1.72624,0.262947
1.675,19.4207,19.4207,1.67037,32.4398,34.9614,24.1158,1.67037,0.231321
1.6752,16.9753,16.9753,2,33.9506,34.9614,24.151,2.17991,0.278384
1.6754,14.7229,14.7229,1.82276,26.8363,34.9614,24.1264,1.82276,0.340872
1.6756,19.5176,19.5176,1.36943,26.7279,34.9614,24.0949,1.36943,0.273333
1.6758,18.6461,18.6461,2,37.2921,34.9614,24.1428,2.06167,0.246319
1.676,15.2829,15.2829,2,30.5658,34.9614,24.1409,2.0258,0.307645
1.6762,18.8878,18.8878,1.33512,25.2175,34.9614,24.0928,1.33512,0.270695
1.6764,20.2068,20.2068,1.57638,31.8537,34.9614,24.1094,1.57638,0.190872
1.6766,17.0371,17.0371,2,34.0742,34.9614,24.155,2.23829,0.273333
1.6768,17.2623,17.2623,1.50338,25.9518,34.9614,24.1048,1.50338,0.27109
1.677,17.9198,17.9198,2,35.8396,34.9614,24.1434,2.07491,0.295606
1.6772,17.287,17.287,1.73031,29.9119,34.9614,24.1203,1.73031,0.267257
1.6774,15.6638,15.6638,2,31.3276,34.9614,24.1494,2.1623,0.340872
1.6776,18.2466,18.2466,1.3279,24.2297,34.9614,24.0925,1.3279,0.273333
1.6778,18.9898,18.9898,2,37.9796,34.9614,24.1391,2.01001,0.254654
1.678,19.0228,19.0228,1.62006,30.8181,34.9614,24.1127,1.62006,0.205671
1.6782,17.4919,17.4919,2,34.9838,34.9614,24.1473,2.12667,0.272888
1.6784,19.983,19.983,1.2701,25.3804,34.9614,24.0885,1.2701,0.190872
1.6786,17.8117,17.8117,2,35.6233,34.9614,24.1576,2.27626,0.273333
1.6788,16.6012,16.6012,1.61716,26.8469,34.9614,24.1127,1.61716,0.273333
1.679,7.38689,7.38689,2,14.7738,34.9614,24.2051,3.10716,0.566667
1.6792,15.196,15.196,0.0234873,0.356913,34.9614,24.004,0.0234873,0.416667
1.6794,20.6644,20.6644,1.56135,32.2644,34.9614,24.1077,1.56135,0.266667
1.6796,20.921,20.921,1.08741,22.7496,34.9614,24.0759,1.08741,0.116667
1.6798,17.9183,17.9183,2,35.8365,34.9614,24.16,2.31471,0.273333
1.68,10.7092,10.7092,2,21.4184,34.9614,24.1526,2.20877,0.416667
1.6802,20.9879,20.9879,0.381406,8.00492,34.9614,24.027,0.381406,0.266667
1.6804,19.1132,19.1132,2,38.2263,34.9614,24.1518,2.19974,0.275506
1.6806,19.6919,19.6919,1.36954,26.9689,34.9614,24.0955,1.36954,0.170596
1.6808,17.7093,17.7093,2,35.4187,34.9614,24.1556,2.2499,0.273333
1.681,16.996,16.996,1.58858,26.9995,34.9614,24.1107,1.58858,0.266667
1.6812,13.2073,13.2073,2,26.4145,34.9614,24.1738,2.53482,0.416667
1.6814,18.7313,18.7313,0.67093,12.5674,34.9614,24.0474,0.67093,0.277236
1.6816,19.6937,19.6937,1.95704,38.5414,34.9614,24.1352,1.95704,0.251135
1.6818,16.3377,16.3377,2,32.6754,34.9614,24.1428,2.05571,0.273333
1.682,20.382,20.382,1.14772,23.3928,34.9614,24.0799,1.14772,0.198925
1.6822,18.1395,18.1395,2,36.2791,34.9614,24.1558,2.25322,0.266667
1.6824,16.4388,16.4388,1.68601,27.716,34.9614,24.1175,1.68601,0.27401
1.6826,18.7027,18.7027,1.75614,32.8446,34.9614,24.1216,1.75614,0.276616
1.6828,17.339,17.339,2,34.6779,34.9614,24.1415,2.04125,0.273333
1.683,17.1698,17.1698,1.72206,29.5675,34.9614,24.1197,1.72206,0.28184
1.6832,20.3123,20.3123,1.41076,28.6558,34.9614,24.098,1.41076,0.199695
1.6834,17.4077,17.4077,2,34.8153,34.9614,24.1574,2.27162,0.272597
1.6836,16.3461,16.3461,1.6104,26.3238,34.9614,24.1122,1.6104,0.286763
1.6838,18.993,18.993,1.76319,33.4883,34.9614,24.1221,1.76319,0.273333
1.684,15.6314,15.6314,2,31.2627,34.9614,24.1567,2.26086,0.3135
1.6842,16.3664,16.3664,1.43444,23.4767,34.9614,24.0999,1.43444,0.315771
1.6844,19.2088,19.2088,1.85031,35.5423,34.9614,24.1279,1.85031,0.275044
1.6846,17.1917,17.1917,2,34.3834,34.9614,24.1396,2.01196,0.264304
1.6848,17.6486,17.6486,1.67996,29.649,34.9614,24.1167,1.67996,0.273333
1.685,19.4513,19.4513,1.69801,33.0284,34.9614,24.1177,1.69801,0.230715
1.6852,15.5145,15.5145,2,31.0291,34.9614,24.1623,2.34356,0.31439
1.6854,17.7427,17.7427,1.20055,21.3009,34.9614,24.0839,1.20055,0.277069
1.6856,18.73,18.73,2,37.46,34.9614,24.1473,2.13268,0.278477
1.6858,16.4128,16.4128,1.84506,30.2826,34.9614,24.1284,1.84506,0.273333
1.686,20.2837,20.2837,1.32054,26.7855,34.9614,24.0917,1.32054,0.21112
1.6862,17.903,17.903,2,35.8061,34.9614,24.1542,2.22751,0.26416
1.6864,16.6681,16.6681,1.66363,27.7295,34.9614,24.1159,1.66363,0.273876
1.6866,18.5932,18.5932,1.80944,33.6433,34.9614,24.1253,1.80944,0.277123
1.6868,17.2856,17.2856,2,34.5712,34.9614,24.1391,2.0034,0.273333
1.687,18.7288,18.7288,1.56319,29.2765,34.9614,24.1086,1.56319,0.242865
1.6872,18.681,18.681,1.95747,36.5675,34.9614,24.1357,1.95747,0.245311
1.6874,16.97,16.97,1.92513,32.6695,34.9614,24.1337,1.92513,0.271392
1.6876,17.8723,17.8723,1.70772,30.5209,34.9614,24.1185,1.70772,0.276335
1.6878,17.9208,17.9208,1.95285,34.9968,34.9614,24.1353,1.95285,0.273333
1.688,17.4459,17.4459,1.81798,31.7163,34.9614,24.1262,1.81798,0.270603
1.6882,17.8373,17.8373,1.84602,32.928,34.9614,24.128,1.84602,0.276135
1.6884,17.6155,17.6155,1.88026,33.1217,34.9614,24.1304,1.88026,0.27386
1.6886,17.6653,17.6653,1.82903,32.3105,34.9614,24.1269,1.82903,0.274278
1.6888,17.7891,17.7891,1.86179,33.1196,34.9614,24.1291,1.86179,0.273333
1.689,17.6318,17.6318,1.86132,32.8184,34.9614,24.1291,1.86132,0.273333
1.6892,6.07549,6.07549,2,12.151,34.9614,24.2058,3.11606,0.566667
1.6894,15.1962,15.1962,0.0234376,0.356163,34.9614,24.004,0.0234376,0.416667
1.6896,20.6655,20.6655,1.56093,32.2574,34.9614,24.1077,1.56093,0.266667
1.6898,20.9206,20.9206,1.0876,22.7532,34.9614,24.0759,1.0876,0.116667
1.69,17.9091,17.9091,2,35.8182,34.9614,24.1601,2.31617,0.273333
1.6902,10.7009,10.7009,2,21.4017,34.9614,24.1525,2.20724,0.416667
1.6904,20.9936,20.9936,0.380394,7.98584,34.9614,24.0269,0.380394,0.266667
1.6906,19.2807,19.2807,2,38.5614,34.9614,24.1476,2.13821,0.268334
1.6908,19.1401,19.1401,1.5222,29.1351,34.9614,24.106,1.5222,0.190355
1.691,17.6407,17.6407,2,35.2813,34.9614,24.1505,2.1747,0.273333
1.6912,15.7985,15.7985,1.77925,28.1094,34.9614,24.1238,1.77925,0.30293
1.6914,19.7831,19.7831,1.44722,28.6305,34.9614,24.1004,1.44722,0.247002
1.6916,17.6373,17.6373,2,35.2746,34.9614,24.1535,2.218,0.26928
1.6918,14.4182,14.4182,1.88511,27.1799,34.9614,24.1309,1.88511,0.335197
1.692,19.5642,19.5642,1.27943,25.0309,34.9614,24.0888,1.27943,0.273333
1.6922,18.7927,18.7927,2,37.5854,34.9614,24.1429,2.06343,0.245785
1.6924,17.2049,17.2049,1.81741,31.2683,34.9614,24.1264,1.81741,0.256345
1.6926,18.194,18.194,1.77983,32.3822,34.9614,24.1234,1.77983,0.27052
1.6928,20.1816,20.1816,1.44936,29.2504,34.9614,24.1007,1.44936,0.185198
1.693,17.3372,17.3372,2,34.6743,34.9614,24.1568,2.26591,0.273333
1.6932,18.7393,18.7393,1.34195,25.1472,34.9614,24.0936,1.34195,0.225687
1.6934,18.3952,18.3952,2,36.7904,34.9614,24.1476,2.13395,0.26651
1.6936,16.4879,16.4879,1.80993,29.8419,34.9614,24.1259,1.80993,0.276233
1.6938,19.1111,19.1111,1.598,30.5396,34.9614,24.1108,1.598,0.255971
1.694,17.4941,17.4941,2,34.9882,34.9614,24.1489,2.14847,0.273333
1.6942,14.6399,14.6399,1.91159,27.9856,34.9614,24.1326,1.91159,0.336113
1.6944,19.0404,19.0404,1.35005,25.7056,34.9614,24.0936,1.35005,0.283791
1.6946,18.1728,18.1728,2,36.3455,34.9614,24.1507,2.17834,0.268896
1.6948,15.1752,15.1752,1.89618,28.775,34.9614,24.1318,1.89618,0.310134
1.695,19.1268,19.1268,1.40527,26.8783,34.9614,24.0975,1.40527,0.273333
1.6952,16.6896,16.6896,2,33.3792,34.9614,24.1655,2.39475,0.306924
1.6954,16.7523,16.7523,1.38108,23.1364,34.9614,24.0965,1.38108,0.280177
1.6956,19.3098,19.3098,1.87845,36.2724,34.9614,24.1298,1.87845,0.26649
1.6958,18.3063,18.3063,1.83828,33.6521,34.9614,24.1277,1.83828,0.230197
1.696,17.3832,17.3832,1.94899,33.8797,34.9614,24.1352,1.94899,0.273333
1.6962,20.448,20.448,1.25177,25.5962,34.9614,24.0871,1.25177,0.179905
1.6964,17.4189,17.4189,2,34.8378,34.9614,24.1623,2.34771,0.281099
1.6966,16.6345,16.6345,1.51028,25.1228,34.9614,24.1054,1.51028,0.274134
1.6968,18.1885,18.1885,1.98869,36.1712,34.9614,24.1373,1.98869,0.298347
1.697,17.1002,17.1002,1.85008,31.6368,34.9614,24.1285,1.85008,0.273333
1.6972,16.2107,16.2107,1.97723,32.0523,34.9614,24.1369,1.97723,0.322149
1.6974,18.1314,18.1314,1.56052,28.2943,34.9614,24.1083,1.56052,0.27872
1.6976,17.9392,17.9392,2,35.8784,34.9614,24.1434,2.07285,0.277463
1.6978,18.0314,18.0314,1.64515,29.6643,34.9614,24.1144,1.64515,0.24709
1.698,17.9618,17.9618,2,35.9235,34.9614,24.1388,2.00417,0.273333
1.6982,17.8733,17.8733,1.7249,30.8295,34.9614,24.1199,1.7249,0.255335
1.6984,17.8256,17.8256,1.95363,34.8246,34.9614,24.1354,1.95363,0.275294
1.6986,17.7974,17.7974,1.76955,31.4934,34.9614,24.1229,1.76955,0.262848
1.6988,18.76,18.76,1.77535,33.3056,34.9614,24.1231,1.77535,0.246708
1.699,17.2676,17.2676,2,34.5353,34.9614,24.1415,2.03861,0.273333
1.6992,17.5293,17.5293,1.67596,29.3785,34.9614,24.1165,1.67596,0.273333
1.6994,6.64175,6.64175,2,13.2835,34.9614,24.2125,3.2254,0.566667
1.6996,14.8387,14.8387,0.0125224,0.185817,34.9614,24.0034,0.0125224,0.416667
1.6998,20.7174,20.7174,1.52779,31.6518,34.9614,24.1054,1.52779,0.266667
1.7,20.9366,20.9366,1.08057,22.6234,34.9614,24.0754,1.08057,0.116667
1.7002,17.9214,17.9214,2,35.8429,34.9614,24.1601,2.31565,0.273333
1.7004,10.6988,10.6988,2,21.3975,34.9614,24.1526,2.20929,0.416667
1.7006,16.2095,16.2095,0.973629,15.782,34.9614,24.0677,0.973629,0.403692
1.7008,19.8675,19.8675,1.87324,37.2166,34.9614,24.1293,1.87324,0.268694
1.701,16.7136,16.7136,2,33.4273,34.9614,24.1443,2.07644,0.266667
1.7012,17.788,17.788,1.56117,27.7701,34.9614,24.1085,1.56117,0.273333
1.7014,18.4948,18.4948,1.96747,36.388,34.9614,24.1362,1.96747,0.266667
1.7016,17.7114,17.7114,1.81439,32.1354,34.9614,24.1261,1.81439,0.253692
1.7018,17.6966,17.6966,1.88784,33.4084,34.9614,24.1309,1.88784,0.276008
1.702,14.9263,14.9263,2,29.8527,34.9614,24.1478,2.13742,0.342642
1.7022,18.7499,18.7499,1.21401,22.7626,34.9614,24.0845,1.21401,0.273333
1.7024,20.2446,20.2446,1.58807,32.1498,34.9614,24.1102,1.58807,0.196
1.7026,19.0875,19.0875,1.84897,35.2921,34.9614,24.1283,1.84897,0.210544
1.7028,16.8346,16.8346,2,33.6693,34.9614,24.1425,2.05424,0.275526
1.703,18.7305,18.7305,1.47911,27.7044,34.9614,24.1029,1.47911,0.247
1.7032,17.9255,17.9255,2,35.851,34.9614,24.1486,2.14733,0.273333
1.7034,14.348,14.348,1.98157,28.4315,34.9614,24.1375,1.98157,0.336545
1.7036,19.2532,19.2532,1.23207,23.7212,34.9614,24.0856,1.23207,0.278324
1.7038,18.1838,18.1838,2,36.3675,34.9614,24.1541,2.23,0.272336
1.704,17.5015,17.5015,1.59543,27.9224,34.9614,24.1112,1.59543,0.247582
1.7042,18.37,18.37,1.9514,35.8472,34.9614,24.135,1.9514,0.273333
1.7044,14.9637,14.9637,2,29.9274,34.9614,24.1477,2.13235,0.327316
1.7046,17.6588,17.6588,1.34545,23.7591,34.9614,24.0936,1.34545,0.302041
1.7048,18.7449,18.7449,2,37.4898,34.9614,24.1418,2.05212,0.272054
1.705,16.5285,16.5285,1.90183,31.4345,34.9614,24.1322,1.90183,0.275276
1.7052,18.3123,18.3123,1.6367,29.9717,34.9614,24.1135,1.6367,0.273333
1.7054,20.2384,20.2384,1.4854,30.0622,34.9614,24.1032,1.4854,0.185843
1.7056,17.6535,17.6535,2,35.3071,34.9614,24.1518,2.19107,0.261714
1.7058,16.9037,16.9037,1.64614,27.8258,34.9614,24.1146,1.64614,0.273928
1.706,18.2368,18.2368,1.89313,34.5247,34.9614,24.131,1.89313,0.28447
1.7062,17.3009,17.3009,1.90903,33.0279,34.9614,24.1325,1.90903,0.273333
1.7064,17.0427,17.0427,1.85048,31.5372,34.9614,24.1285,1.85048,0.293804
1.7066,19.7096,19.7096,1.49769,29.5188,34.9614,24.104,1.49769,0.223631
1.7068,17.4461,17.4461,2,34.8922,34.9614,24.1537,2.2201,0.272628
1.707,17.1673,17.1673,1.57248,26.9953,34.9614,24.1096,1.57248,0.268606
1.7072,18.6032,18.6032,1.90987,35.5298,34.9614,24.1321,1.90987,0.273333
1.7074,17.0635,17.0635,1.94689,33.2208,34.9614,24.1353,1.94689,0.272712
1.7076,20.1418,20.1418,1.32946,26.7777,34.9614,24.0924,1.32946,0.200853
1.7078,17.6635,17.6635,2,35.3271,34.9614,24.1571,2.27071,0.272146
1.708,17.3007,17.3007,1.53181,26.5014,34.9614,24.1068,1.53181,0.25824
1.7082,18.6039,18.6039,1.94826,36.2454,34.9614,24.1347,1.94826,0.273333
1.7084,17.5316,17.5316,1.86064,32.62,34.9614,24.1293,1.86064,0.257972
1.7086,18.6825,18.6825,1.7032,31.82,34.9614,24.1182,1.7032,0.248279
1.7088,17.4599,17.4599,2,34.9198,34.9614,24.1429,2.06265,0.273662
1.709,17.5114,17.5114,1.67438,29.3207,34.9614,24.1164,1.67438,0.269418
1.7092,18.2097,18.2097,1.91708,34.9095,34.9614,24.1328,1.91708,0.273333
1.7094,17.251,17.251,1.89358,32.6662,34.9614,24.1315,1.89358,0.273333
1.7096,6.25451,6.25451,2,12.509,34.9614,24.2001,3.03173,0.566667
1.7098,15.5124,15.5124,0.040455,0.627553,34.9614,24.0051,0.040455,0.416667
1.71,20.6188,20.6188,1.59141,32.8129,34.9614,24.1098,1.59141,0.266667
1.7102,20.9058,20.9058,1.09402,22.8714,34.9614,24.0763,1.09402,0.116667
1.7104,17.8987,17.8987,2,35.7974,34.9614,24.1601,2.31388,0.273333
1.7106,10.707,10.707,2,21.414,34.9614,24.1526,2.2098,0.416667
1.7108,17.5746,17.5746,0.830602,14.5975,34.9614,24.058,0.830602,0.369099
1.711,19.3929,19.3929,2,38.7858,34.9614,24.1432,2.07564,0.27264
1.7112,20.6168,20.6168,1.16181,23.9529,34.9614,24.0811,1.16181,0.129796
1.7114,17.828,17.828,2,35.6559,34.9614,24.1595,2.30757,0.273333
1.7116,16.7784,16.7784,1.57152,26.3676,34.9614,24.1096,1.57152,0.266667
1.7118,20.1961,20.1961,1.51587,30.6148,34.9614,24.1051,1.51587,0.219099
1.712,17.067,17.067,2,34.134,34.9614,24.1574,2.27092,0.276455
1.7122,16.8299,16.8299,1.52176,25.6111,34.9614,24.1061,1.52176,0.279796
1.7124,18.8798,18.8798,1.87964,35.4871,34.9614,24.13,1.87964,0.273333
1.7126,19.4894,19.4894,1.60725,31.3244,34.9614,24.1117,1.60725,0.198403
1.7128,13.5579,13.5579,2,27.1158,34.9614,24.1829,2.65212,0.369099
1.713,18.3715,18.3715,0.634772,11.6617,34.9614,24.0451,0.634772,0.273054
1.7132,17.3697,17.3697,2,34.7394,34.9614,24.1845,2.68317,0.343726
1.7134,15.8328,15.8328,1.27883,20.2475,34.9614,24.0898,1.27883,0.273333
1.7136,20.3953,20.3953,1.53588,31.3248,34.9614,24.1063,1.53588,0.236605
1.7138,15.9789,15.9789,2,31.9577,34.9614,24.1671,2.41537,0.302183
1.714,17.4722,17.4722,1.21143,21.1664,34.9614,24.0847,1.21143,0.271869
1.7142,18.0778,18.0778,2,36.1556,34.9614,24.1558,2.25973,0.303983
1.7144,16.4812,16.4812,1.67076,27.5362,34.9614,24.1164,1.67076,0.273333
1.7146,18.4188,18.4188,1.81295,33.3922,34.9614,24.1254,1.81295,0.284871
1.7148,16.7456,16.7456,2,33.4911,34.9614,24.1425,2.05648,0.289932
1.715,17.8179,17.8179,1.57837,28.1233,34.9614,24.1097,1.57837,0.273381
1.7152,19.0673,19.0673,1.84881,35.2518,34.9614,24.1281,1.84881,0.246616
1.7154,16.9271,16.9271,2,33.8543,34.9614,24.1416,2.04114,0.273333
1.7156,17.1488,17.1488,1.68349,28.87,34.9614,24.1169,1.68349,0.288874
1.7158,17.9746,17.9746,1.91585,34.4367,34.9614,24.1326,1.91585,0.285395
1.716,17.3772,17.3772,1.86298,32.3734,34.9614,24.1293,1.86298,0.274022
1.7162,19.3285,19.3285,1.58579,30.651,34.9614,24.1101,1.58579,0.23049
1.7164,17.4006,17.4006,2,34.8013,34.9614,24.1505,2.17232,0.273333
1.7166,17.8441,17.8441,1.53606,27.4095,34.9614,24.107,1.53606,0.254665
1.7168,18.6517,18.6517,1.96112,36.5782,34.9614,24.1358,1.96112,0.262272
1.717,16.9213,16.9213,1.92823,32.6282,34.9614,24.1339,1.92823,0.272608
1.7172,16.4204,16.4204,1.86662,30.6508,34.9614,24.1294,1.86662,0.314837
1.7174,18.4513,18.4513,1.63877,30.2374,34.9614,24.1137,1.63877,0.273333
1.7176,17.4423,17.4423,2,34.8846,34.9614,24.1457,2.10511,0.281546
1.7178,17.8634,17.8634,1.59663,28.5212,34.9614,24.1111,1.59663,0.257988
1.718,18.1975,18.1975,1.99586,36.3198,34.9614,24.1381,1.99586,0.272318
1.7182,18.5984,18.5984,1.65455,30.772,34.9614,24.115,1.65455,0.231999
1.7184,17.6327,17.6327,2,35.2653,34.9614,24.1434,2.07029,0.273333
1.7186,16.7254,16.7254,1.77252,29.6462,34.9614,24.1232,1.77252,0.286387
1.7188,18.5425,18.5425,1.73272,32.1289,34.9614,24.1201,1.73272,0.271279
1.719,17.4786,17.4786,2,34.9572,34.9614,24.1409,2.03335,0.273572
1.7192,19.3661,19.3661,1.45783,28.2325,34.9614,24.1014,1.45783,0.218227
1.7194,17.6535,17.6535,2,35.3069,34.9614,24.1531,2.21235,0.273333
1.7196,16.8663,16.8663,1.6301,27.4936,34.9614,24.1135,1.6301,0.273333
1.7198,7.18788,7.18788,2,14.3758,34.9614,24.2064,3.14283,0.566667
1.72,15.0932,15.0932,0.02027,0.30594,34.9614,24.0038,0.02027,0.416667
1.7202,20.6787,20.6787,1.55284,32.1107,34.9614,24.1072,1.55284,0.266667
1.7204,20.9257,20.9257,1.08499,22.7042,34.9614,24.0757,1.08499,0.116667
1.7206,17.9196,17.9196,2,35.8391,34.9614,24.16,2.31499,0.273333
1.7208,7.21426,7.21426,2,14.4285,34.9614,24.175,2.58533,0.503614
1.721,19.7195,19.7195,0.0859227,1.69435,34.9614,24.0072,0.0859227,0.266667
1.7212,19.6956,19.6956,2,39.3911,34.9614,24.1409,2.04363,0.27502
1.7214,16.3626,16.3626,1.98314,32.4494,34.9614,24.138,1.98314,0.266667
1.7216,18.2162,18.2162,1.56042,28.425,34.9614,24.1083,1.56042,0.273333
1.7218,15.0168,15.0168,2,30.0335,34.9614,24.1694,2.45458,0.353614
1.722,20.3423,20.3423,0.722757,14.7025,34.9614,24.0507,0.722757,0.20356
1.7222,18.5654,18.5654,2,37.1309,34.9614,24.1587,2.29725,0.278881
1.7224,12.9736,12.9736,2,25.9473,34.9614,24.1424,2.04831,0.351369
1.7226,20.0313,20.0313,0.922352,18.4759,34.9614,24.0642,0.922352,0.273333
1.7228,19.6464,19.6464,1.88905,37.1131,34.9614,24.1308,1.88905,0.227169
1.723,18.1892,18.1892,1.85669,33.7717,34.9614,24.129,1.85669,0.228398
1.7232,17.2962,17.2962,1.93666,33.4967,34.9614,24.1343,1.93666,0.276449
1.7234,20.0387,20.0387,1.37561,27.5654,34.9614,24.0956,1.37561,0.201369
1.7236,17.5624,17.5624,2,35.1249,34.9614,24.1571,2.26727,0.273333
1.7238,17.918,17.918,1.4595,26.1514,34.9614,24.1018,1.4595,0.244357
1.724,17.6748,17.6748,2,35.3495,34.9614,24.1505,2.17837,0.294178
1.7242,17.0119,17.0119,1.64968,28.0642,34.9614,24.1148,1.64968,0.271675
1.7244,19.6291,19.6291,1.64845,32.3577,34.9614,24.1143,1.64845,0.236928
1.7246,17.1182,17.1182,2,34.2363,34.9614,24.151,2.17786,0.273333
1.7248,15.8892,15.8892,1.71553,27.2584,34.9614,24.1193,1.71553,0.309017
1.725,20.3022,20.3022,1.36681,27.7492,34.9614,24.0948,1.36681,0.226001
1.7252,17.367,17.367,2,34.7339,34.9614,24.1595,2.30357,0.276734
1.7254,15.6168,15.6168,1.6511,25.7849,34.9614,24.115,1.6511,0.30346
1.7256,19.3253,19.3253,1.61896,31.2869,34.9614,24.112,1.61896,0.273333
1.7258,17.9346,17.9346,2,35.8693,34.9614,24.1433,2.0671,0.25642
1.726,18.6985,18.6985,1.56774,29.3144,34.9614,24.1091,1.56774,0.229197
1.7262,17.6142,17.6142,2,35.2284,34.9614,24.148,2.13817,0.277567
1.7264,18.0938,18.0938,1.55817,28.1933,34.9614,24.1084,1.55817,0.246986
1.7266,18.1077,18.1077,2,36.2155,34.9614,24.1418,2.0475,0.273333
1.7268,17.9707,17.9707,1.68859,30.3453,34.9614,24.1174,1.68859,0.247897
1.727,18.6908,18.6908,1.85423,34.6571,34.9614,24.1285,1.85423,0.25046
1.7272,16.9267,16.9267,2,33.8533,34.9614,24.14,2.01947,0.278573
1.7274,19.4327,19.4327,1.4131,27.4603,34.9614,24.0982,1.4131,0.226156
1.7276,17.7289,17.7289,2,35.4578,34.9614,24.1539,2.22559,0.273333
1.7278,16.5232,16.5232,1.66399,27.4943,34.9614,24.116,1.66399,0.280172
1.728,19.0683,19.0683,1.72228,32.8409,34.9614,24.1192,1.72228,0.265019
1.7282,17.3553,17.3553,2,34.7105,34.9614,24.1442,2.08007,0.269621
1.7284,17.8088,17.8088,1.61626,28.7836,34.9614,24.1124,1.61626,0.262078
1.7286,18.1559,18.1559,1.98587,36.0554,34.9614,24.1374,1.98587,0.273333
1.7288,17.791,17.791,1.76696,31.436,34.9614,24.1228,1.76696,0.255538
1.729,18.8904,18.8904,1.75645,33.1802,34.9614,24.1218,1.75645,0.242865
1.7292,17.1259,17.1259,2,34.2519,34.9614,24.1442,2.07837,0.276529
1.7294,17.0622,17.0622,1.68213,28.7007,34.9614,24.1169,1.68213,0.285591
1.7296,18.4542,18.4542,1.84359,34.0218,34.9614,24.1277,1.84359,0.273333
1.7298,17.2979,17.2979,1.96555,33.9999,34.9614,24.1364,1.96555,0.273333
1.73,6.03276,6.03276,2,12.0655,34.9614,24.1979,2.99493,0.566667
1.7302,15.6222,15.6222,0.0472088,0.737504,34.9614,24.0055,0.0472088,0.416667
1.7304,20.6031,20.6031,1.60066,32.9785,34.9614,24.1104,1.60066,0.266667
1.7306,20.9034,20.9034,1.09455,22.8799,34.9614,24.0764,1.09455,0.116667
1.7308,17.9027,17.9027,2,35.8054,34.9614,24.16,2.31384,0.273333
1.731,10.7037,10.7037,2,21.4074,34.9614,24.1524,2.20597,0.416667
1.7312,20.9931,20.9931,0.381701,8.01308,34.9614,24.027,0.381701,0.266667
1.7314,19.0089,19.0089,2,38.0178,34.9614,24.1542,2.23641,0.279509
1.7316,16.2498,16.2498,1.7953,29.1733,34.9614,24.1251,1.7953,0.266667
1.7318,18.7064,18.7064,1.65097,30.8836,34.9614,24.1144,1.65097,0.273333
1.732,17.8184,17.8184,2,35.6369,34.9614,24.142,2.0505,0.266667
1.7322,11.4724,11.4724,2,22.9449,34.9614,24.1631,2.36703,0.416667
1.7324,20.0345,20.0345,0.483275,9.68217,34.9614,24.0342,0.483275,0.279577
1.7326,16.7669,16.7669,2,33.5337,34.9614,24.1938,2.82157,0.353283
1.7328,15.8664,15.8664,1.08415,17.2015,34.9614,24.0765,1.08415,0.273333
1.733,20.939,20.939,1.23287,25.815,34.9614,24.0855,1.23287,0.201085
1.7332,12.1454,12.1454,2,24.2908,34.9614,24.2133,3.11577,0.415505
1.7334,17.9343,17.9343,0.0999399,1.79235,34.9614,24.0086,0.0999399,0.277788
1.7336,20.4579,20.4579,1.64643,33.6826,34.9614,24.1138,1.64643,0.246358
1.7338,16.7691,16.7691,2,33.5381,34.9614,24.1547,2.23032,0.273333
1.734,18.5689,18.5689,1.33847,24.854,34.9614,24.0933,1.33847,0.242017
1.7342,18.5142,18.5142,2,37.0284,34.9614,24.1463,2.11508,0.265505
1.7344,16.6194,16.6194,1.81985,30.2447,34.9614,24.1266,1.81985,0.272349
1.7346,19.5785,19.5785,1.51872,29.7343,34.9614,24.1054,1.51872,0.23745
1.7348,17.4445,17.4445,2,34.889,34.9614,24.1529,2.20902,0.273333
1.735,16.8707,16.8707,1.61276,27.2083,34.9614,24.1123,1.61276,0.276828
1.7352,20.4368,20.4368,1.40124,28.6369,34.9614,24.0973,1.40124,0.202507
1.7354,17.0787,17.0787,2,34.1575,34.9614,24.1613,2.32946,0.281198
1.7356,17.9678,17.9678,1.34999,24.2562,34.9614,24.0943,1.34999,0.246692
1.7358,18.5414,18.5414,2,37.0827,34.9614,24.1449,2.09714,0.273333
1.736,17.9761,17.9761,1.67871,30.1766,34.9614,24.1168,1.67871,0.237713
1.7362,16.1526,16.1526,2,32.3051,34.9614,24.1525,2.20765,0.320664
1.7364,17.7124,17.7124,1.39282,24.6703,34.9614,24.097,1.39282,0.276045
1.7366,18.7259,18.7259,2,37.4517,34.9614,24.1404,2.02923,0.269387
1.7368,16.6699,16.6699,1.90559,31.766,34.9614,24.1325,1.90559,0.273333
1.737,17.757,17.757,1.71365,30.4293,34.9614,24.1189,1.71365,0.28588
1.7372,17.1287,17.1287,2,34.2575,34.9614,24.1417,2.04692,0.296597
1.7374,17.7003,17.7003,1.63861,29.0039,34.9614,24.1139,1.63861,0.270908
1.7376,17.7026,17.7026,2,35.4052,34.9614,24.1403,2.02742,0.28649
1.7378,17.2988,17.2988,1.75382,30.3391,34.9614,24.1218,1.75382,0.273333
1.738,19.8052,19.8052,1.5528,30.7535,34.9614,24.1078,1.5528,0.219657
1.7382,17.4869,17.4869,2,34.9739,34.9614,24.1512,2.1807,0.267139
1.7384,17.0918,17.0918,1.62075,27.7015,34.9614,24.1128,1.62075,0.272497
1.7386,18.6684,18.6684,1.85959,34.7155,34.9614,24.1288,1.85959,0.269977
1.7388,17.1133,17.1133,1.98706,34.0052,34.9614,24.1378,1.98706,0.273333
1.739,17.0593,17.0593,1.76223,30.0625,34.9614,24.1223,1.76223,0.291427
1.7392,18.9478,18.9478,1.70377,32.2827,34.9614,24.1181,1.70377,0.253647
1.7394,17.244,17.244,2,34.488,34.9614,24.1458,2.1051,0.275929
1.7396,17.6532,17.6532,1.60088,28.2607,34.9614,24.1114,1.60088,0.266367
1.7398,18.2718,18.2718,1.97187,36.0298,34.9614,24.1365,1.97187,0.273333
1.74,17.0804,17.0804,1.87334,31.9974,34.9614,24.1302,1.87334,0.273333
1.7402,6.40487,6.40487,2,12.8097,34.9614,24.1992,3.01705,0.566667
1.7404,15.5679,15.5679,0.0438792,0.683107,34.9614,24.0053,0.0438792,0.416667
1.7406,20.6118,20.6118,1.59545,32.8852,34.9614,24.1101,1.59545,0.266667
1.7408,20.9034,20.9034,1.09477,22.8843,34.9614,24.0764,1.09477,0.116667
1.741,17.8976,17.8976,2,35.7952,34.9614,24.1601,2.31614,0.273333
1.7412,10.7196,10.7196,2,21.4392,34.9614,24.1522,2.20496,0.416667
1.7414,19.9954,19.9954,0.556658,11.1306,34.9614,24.0391,0.556658,0.303402
1.7416,18.8949,18.8949,2,37.7899,34.9614,24.1552,2.25057,0.279611
1.7418,16.2772,16.2772,1.77114,28.8293,34.9614,24.1234,1.77114,0.266667
1.742,18.7328,18.7328,1.66835,31.2528,34.9614,24.1156,1.66835,0.273333
1.7422,16.0202,16.0202,2,32.0403,34.9614,24.1578,2.27904,0.313088
1.7424,19.7573,19.7573,1.06664,21.0739,34.9614,24.0744,1.06664,0.216671
1.7426,18.1304,18.1304,2,36.2608,34.9614,24.1592,2.30465,0.277982
1.7428,13.5925,13.5925,1.93661,26.3234,34.9614,24.1345,1.93661,0.342467
1.743,19.9036,19.9036,1.10166,21.9269,34.9614,24.0765,1.10166,0.273333
1.7432,20.1113,20.1113,1.64967,33.177,34.9614,24.1145,1.64967,0.195992
1.7434,18.1646,18.1646,2,36.3293,34.9614,24.1396,2.01156,0.237835
1.7436,16.9466,16.9466,1.84449,31.2579,34.9614,24.1281,1.84449,0.276097
1.7438,16.8336,16.8336,1.89673,31.9288,34.9614,24.1315,1.89673,0.309187
1.744,18.1435,18.1435,1.68913,30.6467,34.9614,24.1172,1.68913,0.273333
1.7442,20.9568,20.9568,1.08468,22.7315,34.9614,24.0756,1.08468,0.140148
1.7444,17.8865,17.8865,2,35.773,34.9614,24.1605,2.32188,0.27396
1.7446,16.3536,16.3536,1.61179,26.3585,34.9614,24.1124,1.61179,0.275482
1.7448,19.0763,19.0763,1.74945,33.3732,34.9614,24.121,1.74945,0.270705
1.745,17.1564,17.1564,2,34.3127,34.9614,24.1445,2.08495,0.273333
1.7452,18.7238,18.7238,1.48144,27.7383,34.9614,24.1031,1.48144,0.240118
1.7454,19.2247,19.2247,1.87624,36.0701,34.9614,24.13,1.87624,0.230867
1.7456,16.6037,16.6037,2,33.2073,34.9614,24.1433,2.06566,0.277875
1.7458,18.6266,18.6266,1.4603,27.2004,34.9614,24.1016,1.4603,0.253147
1.746,18.0123,18.0123,2,36.0246,34.9614,24.1482,2.14232,0.273333
1.7462,14.5245,14.5245,1.97611,28.702,34.9614,24.1374,1.97611,0.331275
1.7464,19.7685,19.7685,1.17913,23.3097,34.9614,24.0819,1.17913,0.259569
1.7466,17.9589,17.9589,2,35.9177,34.9614,24.1583,2.29017,0.276483
1.7468,16.3471,16.3471,1.64513,26.8932,34.9614,24.1147,1.64513,0.276492
1.747,18.9354,18.9354,1.74625,33.0659,34.9614,24.1209,1.74625,0.273333
1.7472,18.5897,18.5897,1.86797,34.725,34.9614,24.1296,1.86797,0.234942
1.7474,17.2494,17.2494,1.95937,33.798,34.9614,24.1359,1.95937,0.270586
1.7476,17.7163,17.7163,1.72133,30.4957,34.9614,24.1195,1.72133,0.273815
1.7478,18.9965,18.9965,1.76681,33.5634,34.9614,24.1225,1.76681,0.243031
1.748,17.1678,17.1678,2,34.3356,34.9614,24.1433,2.0673,0.273333
1.7482,19.8749,19.8749,1.31332,26.102,34.9614,24.0914,1.31332,0.203828
1.7484,19.2602,19.2602,1.91574,36.8974,34.9614,24.1328,1.91574,0.223321
1.7486,16.5202,16.5202,2,33.0404,34.9614,24.1421,2.04617,0.276763
1.7488,18.4222,18.4222,1.49471,27.5358,34.9614,24.1039,1.49471,0.261575
1.749,18.0638,18.0638,2,36.1275,34.9614,24.1457,2.10635,0.273333
1.7492,18.8979,18.8979,1.51555,28.6406,34.9614,24.1055,1.51555,0.218737
1.7494,17.1495,17.1495,2,34.2991,34.9614,24.1557,2.25071,0.290607
1.7496,17.068,17.068,1.52705,26.0637,34.9614,24.1064,1.52705,0.273905
1.7498,18.309,18.309,1.98685,36.3773,34.9614,24.1375,1.98685,0.286535
1.75,17.029,17.029,1.8691,31.8288,34.9614,24.1298,1.8691,0.273333
1.7502,18.0865,18.0865,1.73734,31.4224,34.9614,24.1205,1.73734,0.273333
1.7504,6.12387,6.12387,2,12.2477,34.9614,24.2157,3.27272,0.566667
1.7506,14.6405,14.6405,0.00650947,0.0953016,34.9614,24.003,0.00650947,0.416667
1.7508,20.7476,20.7476,1.50639,31.2539,34.9614,24.104,1.50639,0.266667
1.751,20.9484,20.9484,1.07465,22.5123,34.9614,24.075,1.07465,0.116667
1.7512,17.9299,17.9299,2,35.8599,34.9614,24.1603,2.31659,0.273333
1.7514,5.86501,5.86501,2,11.73,34.9614,24.1834,2.73576,0.53735
1.7516,17.7718,17.7718,0.0665059,1.18193,34.9614,24.0063,0.0665059,0.339885
1.7518,20.144,20.144,1.8514,37.2946,34.9614,24.1277,1.8514,0.26917
1.752,16.6449,16.6449,2,33.2898,34.9614,24.1464,2.10692,0.266667
1.7522,17.756,17.756,1.53058,27.1769,34.9614,24.1065,1.53058,0.273333
1.7524,8.37472,8.37472,2,16.7494,34.9614,24.2127,3.18478,0.529328
1.7526,18.8486,18.8486,0.00271241,0.0511252,34.9614,24.0018,0.00271241,0.235561
1.7528,19.9487,19.9487,1.94686,38.8372,34.9614,24.1344,1.94686,0.273321
1.753,13.062,13.062,2,26.1241,34.9614,24.1692,2.44452,0.352462
1.7532,19.1756,19.1756,0.686932,13.1724,34.9614,24.0484,0.686932,0.273333
1.7534,15.6723,15.6723,2,31.3446,34.9614,24.2035,2.96783,0.379328
1.7536,19.2424,19.2424,0.479337,9.22356,34.9614,24.0344,0.479337,0.195258
1.7538,19.2696,19.2696,2,38.5393,34.9614,24.1489,2.15586,0.275418
1.754,18.7092,18.7092,1.577,29.5044,34.9614,24.1098,1.577,0.202462
1.7542,17.7426,17.7426,2,35.4851,34.9614,24.1463,2.11265,0.273333
1.7544,17.947,17.947,1.60688,28.8387,34.9614,24.1118,1.60688,0.250292
1.7546,17.7658,17.7658,2,35.5315,34.9614,24.1425,2.05978,0.282641
1.7548,17.0788,17.0788,1.7559,29.9888,34.9614,24.122,1.7559,0.275957
1.755,19.8521,19.8521,1.52789,30.3318,34.9614,24.106,1.52789,0.221854
1.7552,17.293,17.293,2,34.586,34.9614,24.1543,2.22767,0.273333
1.7554,18.7602,18.7602,1.36771,25.6584,34.9614,24.0953,1.36771,0.228367
1.7556,17.2406,17.2406,2,34.4813,34.9614,24.1609,2.32995,0.29912
1.7558,16.7623,16.7623,1.4958,25.0729,34.9614,24.1044,1.4958,0.27489
1.756,18.6869,18.6869,1.92811,36.0304,34.9614,24.1334,1.92811,0.281951
1.7562,16.9453,16.9453,1.95252,33.0862,34.9614,24.1357,1.95252,0.273333
1.7564,18.0482,18.0482,1.66285,30.0115,34.9614,24.1154,1.66285,0.270437
1.7566,19.634,19.634,1.67311,32.8497,34.9614,24.1161,1.67311,0.217402
1.7568,17.0154,17.0154,2,34.0307,34.9614,24.1507,2.17532,0.274483
1.757,20.2363,20.2363,1.14505,23.1716,34.9614,24.0798,1.14505,0.186852
1.7572,17.9743,17.9743,2,35.9485,34.9614,24.1585,2.29202,0.273333
1.7574,18.4015,18.4015,1.41795,26.0924,34.9614,24.0989,1.41795,0.223027
1.7576,19.012,19.012,1.96075,37.278,34.9614,24.1358,1.96075,0.246865
1.7578,16.5997,16.5997,1.98966,33.0277,34.9614,24.1382,1.98966,0.275537
1.758,19.6662,19.6662,1.36983,26.9394,34.9614,24.0952,1.36983,0.225658
1.7582,17.731,17.731,2,35.462,34.9614,24.1554,2.24686,0.273333
1.7584,17.7981,17.7981,1.50572,26.799,34.9614,24.105,1.50572,0.246151
1.7586,18.6645,18.6645,1.97646,36.8897,34.9614,24.1368,1.97646,0.263893
1.7588,16.8291,16.8291,1.92819,32.4496,34.9614,24.1341,1.92819,0.273686
1.759,19.5064,19.5064,1.46458,28.5686,34.9614,24.1017,1.46458,0.230361
1.7592,17.5874,17.5874,2,35.1748,34.9614,24.1537,2.21922,0.273333
1.7594,16.4019,16.4019,1.66666,27.3365,34.9614,24.1161,1.66666,0.286045
1.7596,19.9482,19.9482,1.52614,30.4438,34.9614,24.1058,1.52614,0.234317
1.7598,17.2502,17.2502,2,34.5004,34.9614,24.1549,2.23453,0.273806
1.76,19.7443,19.7443,1.21629,24.0148,34.9614,24.0848,1.21629,0.198266
1.7602,17.9939,17.9939,2,35.9878,34.9614,24.1568,2.26803,0.273333
1.7604,16.526,16.526,1.65094,27.2835,34.9614,24.1151,1.65094,0.273333
1.7606,7.36004,7.36004,2,14.7201,34.9614,24.2018,3.07189,0.566667
1.7608,15.3271,15.3271,0.0290147,0.444712,34.9614,24.0043,0.0290147,0.416667
1.761,20.6465,20.6465,1.57373,32.4921,34.9614,24.1086,1.57373,0.266667
1.7612,20.9145,20.9145,1.08984,22.7935,34.9614,24.0761,1.08984,0.116667
1.7614,17.9082,17.9082,2,35.8163,34.9614,24.1602,2.31457,0.273333
1.7616,5.62496,5.62496,2,11.2499,34.9614,24.1846,2.7602,0.543976
1.7618,18.4701,18.4701,0.0137946,0.254788,34.9614,24.0026,0.0137946,0.266667
1.762,20.0935,20.0935,1.87284,37.6318,34.9614,24.1292,1.87284,0.267932
1.7622,16.6049,16.6049,2,33.2099,34.9614,24.1457,2.09587,0.266667
1.7624,17.8116,17.8116,1.53097,27.2692,34.9614,24.1064,1.53097,0.273333
1.7626,13.7391,13.7391,2,27.4782,34.9614,24.1784,2.59441,0.393976
1.7628,20.956,20.956,0.359119,7.5257,34.9614,24.0256,0.359119,0.19336
1.763,19.2506,19.2506,2,38.5011,34.9614,24.1487,2.15459,0.271196
1.7632,13.2084,13.2084,2,26.4168,34.9614,24.1533,2.2119,0.344708
1.7634,19.5927,19.5927,0.864014,16.9283,34.9614,24.0604,0.864014,0.273333
1.7636,19.4286,19.4286,1.99687,38.7964,34.9614,24.1381,1.99687,0.243976
1.7638,15.0978,15.0978,2,30.1955,34.9614,24.1496,2.15389,0.305328
1.764,18.6247,18.6247,1.23242,22.9535,34.9614,24.0858,1.23242,0.272945
1.7642,20.2848,20.2848,1.56672,31.7806,34.9614,24.1087,1.56672,0.194707
1.7644,17.0269,17.0269,2,34.0539,34.9614,24.1555,2.24515,0.273333
1.7646,20.4757,20.4757,1.03763,21.2462,34.9614,24.0724,1.03763,0.172852
1.7648,19.4284,19.4284,1.9307,37.5104,34.9614,24.1338,1.9307,0.226762
1.765,16.4933,16.4933,2,32.9865,34.9614,24.1422,2.04742,0.274331
1.7652,19.2671,19.2671,1.37892,26.5678,34.9614,24.0959,1.37892,0.237519
1.7654,17.8685,17.8685,2,35.737,34.9614,24.1534,2.21766,0.273333
1.7656,17.1135,17.1135,1.6202,27.7273,34.9614,24.1129,1.6202,0.263232
1.7658,17.4028,17.4028,2,34.8056,34.9614,24.1411,2.04212,0.305935
1.766,17.4252,17.4252,1.6997,29.6176,34.9614,24.1181,1.6997,0.273928
1.7662,16.925,16.925,2,33.85,34.9614,24.1421,2.05451,0.307979
1.7664,17.717,17.717,1.60934,28.5127,34.9614,24.1119,1.60934,0.273333
1.7666,17.5076,17.5076,2,35.0153,34.9614,24.1438,2.0794,0.293485
1.7668,16.3564,16.3564,1.79479,29.3564,34.9614,24.1247,1.79479,0.297472
1.767,18.6548,18.6548,1.66775,31.1115,34.9614,24.1156,1.66775,0.27311
1.7672,17.1114,17.1114,2,34.2229,34.9614,24.1479,2.13557,0.285779
1.7674,17.3942,17.3942,1.59136,27.6804,34.9614,24.1107,1.59136,0.273333
1.7676,19.6606,19.6606,1.69029,33.232,34.9614,24.1171,1.69029,0.231329
1.7678,17.3126,17.3126,2,34.6252,34.9614,24.147,2.12022,0.264605
1.768,17.3161,17.3161,1.63271,28.2723,34.9614,24.1136,1.63271,0.273117
1.7682,20.1366,20.1366,1.51965,30.6006,34.9614,24.1055,1.51965,0.209495
1.7684,17.2,17.2,2,34.3999,34.9614,24.1558,2.24655,0.273333
1.7686,18.5814,18.5814,1.36506,25.3647,34.9614,24.0952,1.36506,0.233413
1.7688,18.6506,18.6506,2,37.3013,34.9614,24.1432,2.07013,0.259102
1.769,16.6077,16.6077,1.8721,31.0913,34.9614,24.1301,1.8721,0.273546
1.7692,18.7452,18.7452,1.61174,30.2124,34.9614,24.1118,1.61174,0.26149
1.7694,17.6392,17.6392,2,35.2783,34.9614,24.1457,2.1038,0.273333
1.7696,16.3294,16.3294,1.78734,29.1862,34.9614,24.1242,1.78734,0.294295
1.7698,18.497,18.497,1.69248,31.3057,34.9614,24.1172,1.69248,0.278626
1.77,17.5969,17.5969,2,35.1938,34.9614,24.1417,2.04464,0.273381
1.7702,16.0935,16.0935,1.8625,29.9743,34.9614,24.1293,1.8625,0.304528
1.7704,18.6622,18.6622,1.58452,29.5707,34.9614,24.1099,1.58452,0.273333
1.7706,17.743,17.743,2,35.4861,34.9614,24.1458,2.10538,0.273333
1.7708,5.3689,5.3689,2,10.7378,34.9614,24.1966,2.9718,0.566667
1.771,15.5891,15.5891,0.0451322,0.703568,34.9614,24.0053,0.0451322,0.416667
1.7712,20.6062,20.6062,1.59983,32.9665,34.9614,24.1104,1.59983,0.266667
1.7714,20.9038,20.9038,1.09423,22.8735,34.9614,24.0764,1.09423,0.116667
1.7716,17.9116,17.9116,2,35.8232,34.9614,24.1599,2.31186,0.273333
1.7718,10.7119,10.7119,2,21.4238,34.9614,24.1524,2.20583,0.416667
1.772,20.3896,20.3896,0.495243,10.0978,34.9614,24.0349,0.495243,0.29032
1.7722,19.0636,19.0636,2,38.1272,34.9614,24.1519,2.20137,0.273825
1.7724,20.7383,20.7383,1.05578,21.8951,34.9614,24.0738,1.05578,0.123143
1.7726,18.016,18.016,2,36.0321,34.9614,24.1596,2.31002,0.273333
1.7728,16.1491,16.1491,1.65229,26.683,34.9614,24.1152,1.65229,0.279438
1.773,16.6965,16.6965,2,33.393,34.9614,24.1387,2.00989,0.337903
1.7732,17.8205,17.8205,1.61577,28.7937,34.9614,24.1122,1.61577,0.27719
1.7734,19.0872,19.0872,1.82365,34.8085,34.9614,24.1263,1.82365,0.243938
1.7736,16.9663,16.9663,2,33.9326,34.9614,24.1425,2.05475,0.273333
1.7738,19.842,19.842,1.31531,26.0985,34.9614,24.0915,1.31531,0.209302
1.774,18.7587,18.7587,2,37.5173,34.9614,24.1421,2.05197,0.24196
1.7742,16.6867,16.6867,1.88501,31.4546,34.9614,24.131,1.88501,0.271006
1.7744,16.6774,16.6774,1.85423,30.9238,34.9614,24.1285,1.85423,0.314845
1.7746,18.3277,18.3277,1.68997,30.9732,34.9614,24.1172,1.68997,0.273333
1.7748,17.2804,17.2804,2,34.5609,34.9614,24.1443,2.08092,0.28498
1.775,18.6962,18.6962,1.50071,28.0576,34.9614,24.1044,1.50071,0.239073
1.7752,17.7456,17.7456,2,35.4911,34.9614,24.1499,2.16423,0.27772
1.7754,16.4411,16.4411,1.72704,28.3943,34.9614,24.1202,1.72704,0.285828
1.7756,18.7268,18.7268,1.72003,32.2105,34.9614,24.1191,1.72003,0.273333
1.7758,15.6218,15.6218,2,31.2435,34.9614,24.1578,2.28123,0.320052
1.776,18.4764,18.4764,1.18745,21.9399,34.9614,24.0829,1.18745,0.260412
1.7762,18.7688,18.7688,2,37.5375,34.9614,24.147,2.12681,0.26616
1.7764,16.7588,16.7588,1.81471,30.4123,34.9614,24.1263,1.81471,0.264614
1.7766,18.3629,18.3629,1.72406,31.6587,34.9614,24.1195,1.72406,0.273333
1.7768,16.7892,16.7892,2,33.5783,34.9614,24.1467,2.11852,0.295325
1.777,18.0053,18.0053,1.50702,27.1343,34.9614,24.1048,1.50702,0.264043
1.7772,18.3346,18.3346,2,36.6692,34.9614,24.1412,2.03889,0.270919
1.7774,17.9343,17.9343,1.71829,30.8163,34.9614,24.1195,1.71829,0.245752
1.7776,17.8691,17.8691,1.95737,34.9766,34.9614,24.1356,1.95737,0.273333
1.7778,17.7921,17.7921,1.76968,31.4864,34.9614,24.1229,1.76968,0.261921
1.778,18.2575,18.2575,1.85162,33.8061,34.9614,24.1283,1.85162,0.261478
1.7782,17.3621,17.3621,1.93638,33.6196,34.9614,24.1343,1.93638,0.273985
1.7784,17.1823,17.1823,1.81778,31.2336,34.9614,24.1261,1.81778,0.287803
1.7786,18.1041,18.1041,1.79127,32.4294,34.9614,24.1242,1.79127,0.273333
1.7788,18.1659,18.1659,1.86842,33.9416,34.9614,24.1296,1.86842,0.257868
1.779,18.1575,18.1575,1.81414,32.9404,34.9614,24.1259,1.81414,0.252481
1.7792,17.9637,17.9637,1.88126,33.7943,34.9614,24.1305,1.88126,0.261302
1.7794,17.5148,17.5148,1.87274,32.8007,34.9614,24.1299,1.87274,0.272431
1.7796,17.7794,17.7794,1.81301,32.2343,34.9614,24.1257,1.81301,0.273333
1.7798,17.4892,17.4892,1.9205,33.5881,34.9614,24.1333,1.9205,0.28033
1.78,18.5088,18.5088,1.67618,31.024,34.9614,24.1164,1.67618,0.250697
1.7802,17.3637,17.3637,2,34.7273,34.9614,24.1448,2.08838,0.28071
1.7804,18.9713,18.9713,1.46289,27.7529,34.9614,24.1018,1.46289,0.229222
1.7806,17.8403,17.8403,2,35.6806,34.9614,24.1504,2.17352,0.273333
1.7808,16.8639,16.8639,1.68571,28.4276,34.9614,24.1173,1.68571,0.273333
1.781,7.04503,7.04503,2,14.0901,34.9614,24.2045,3.10252,0.566667
1.7812,15.2689,15.2689,0.0255532,0.390168,34.9614,24.0041,0.0255532,0.416667
1.7814,20.6537,20.6537,1.5697,32.4201,34.9614,24.1083,1.5697,0.266667
1.7816,20.9167,20.9167,1.08918,22.782,34.9614,24.076,1.08918,0.116667
1.7818,17.9147,17.9147,2,35.8293,34.9614,24.16,2.31499,0.273333
1.782,10.7068,10.7068,2,21.4135,34.9614,24.1526,2.21144,0.416667
1.7822,16.0153,16.0153,0.993306,15.9081,34.9614,24.0691,0.993306,0.408428
1.7824,19.726,19.726,1.92445,37.9618,34.9614,24.1327,1.92445,0.278852
1.7826,20.3053,20.3053,1.34643,27.3397,34.9614,24.0938,1.34643,0.148559
1.7828,17.5283,17.5283,2,35.0566,34.9614,24.1582,2.2866,0.273333
1.783,17.023,17.023,1.53648,26.1555,34.9614,24.1072,1.53648,0.266667
1.7832,19.1923,19.1923,1.81968,34.9237,34.9614,24.1259,1.81968,0.258427
1.7834,16.7168,16.7168,2,33.4337,34.9614,24.1455,2.09806,0.278949
1.7836,16.764,16.764,1.65619,27.7643,34.9614,24.1151,1.65619,0.298559
1.7838,18.6754,18.6754,1.80901,33.784,34.9614,24.1252,1.80901,0.273333
1.784,19.5021,19.5021,1.64015,31.9864,34.9614,24.1139,1.64015,0.204885
1.7842,19.5575,19.5575,1.71099,33.4627,34.9614,24.1188,1.71099,0.198858
1.7844,17.1607,17.1607,2,34.3215,34.9614,24.1474,2.12574,0.26903
1.7846,14.2862,14.2862,1.93643,27.6643,34.9614,24.1345,1.93643,0.35144
1.7848,19.5459,19.5459,1.22513,23.9461,34.9614,24.085,1.22513,0.273333
1.785,19.4452,19.4452,1.89422,36.8336,34.9614,24.1312,1.89422,0.224176
1.7852,17.1453,17.1453,1.99463,34.1986,34.9614,24.1386,1.99463,0.259054
1.7854,17.596,17.596,1.69583,29.8399,34.9614,24.1178,1.69583,0.276561
1.7856,14.8105,14.8105,2,29.6211,34.9614,24.1598,2.31333,0.359718
1.7858,18.4108,18.4108,1.08075,19.8975,34.9614,24.0755,1.08075,0.273333
1.786,17.7118,17.7118,2,35.4235,34.9614,24.1661,2.4101,0.307341
1.7862,15.4329,15.4329,1.60591,24.7838,34.9614,24.1121,1.60591,0.295713
1.7864,19.3978,19.3978,1.62741,31.5682,34.9614,24.1126,1.62741,0.276633
1.7866,18.8957,18.8957,1.88025,35.5287,34.9614,24.1304,1.88025,0.225162
1.7868,16.9518,16.9518,2,33.9036,34.9614,24.139,2.0021,0.273333
1.787,20.4353,20.4353,1.20527,24.6301,34.9614,24.0839,1.20527,0.186935
1.7872,19.2812,19.2812,1.93182,37.2479,34.9614,24.1339,1.93182,0.223225
1.7874,16.6892,16.6892,2,33.3783,34.9614,24.1397,2.01031,0.271083
1.7876,20.3757,20.3757,1.20143,24.4799,34.9614,24.0836,1.20143,0.194385
1.7878,17.8154,17.8154,2,35.6308,34.9614,24.1589,2.29612,0.273333
1.788,17.3527,17.3527,1.51971,26.3711,34.9614,24.106,1.51971,0.253017
1.7882,18.7359,18.7359,1.93446,36.244,34.9614,24.1338,1.93446,0.268864
1.7884,16.8432,16.8432,1.96561,33.1071,34.9614,24.1365,1.96561,0.274777
1.7886,19.0253,19.0253,1.51281,28.7817,34.9614,24.1051,1.51281,0.243437
1.7888,17.705,17.705,2,35.41,34.9614,24.1499,2.16561,0.273333
1.789,17.9882,17.9882,1.55258,27.9281,34.9614,24.1081,1.55258,0.246458
1.7892,17.3132,17.3132,2,34.6263,34.9614,24.1496,2.16323,0.297748
1.7894,17.075,17.075,1.62228,27.7004,34.9614,24.1129,1.62228,0.276699
1.7896,18.4679,18.4679,1.88908,34.8873,34.9614,24.1307,1.88908,0.27605
1.7898,17.1598,17.1598,1.94664,33.4039,34.9614,24.1351,1.94664,0.273333
1.79,17.2752,17.2752,1.77773,30.7106,34.9614,24.1234,1.77773,0.287764
1.7902,19.3303,19.3303,1.63994,31.7004,34.9614,24.1137,1.63994,0.236675
1.7904,17.3085,17.3085,2,34.617,34.9614,24.1489,2.14913,0.272709
1.7906,17.633,17.633,1.57233,27.725,34.9614,24.1094,1.57233,0.263431
1.7908,18.3405,18.3405,1.97991,36.3125,34.9614,24.1371,1.97991,0.273333
1.791,17.0294,17.0294,1.87829,31.9863,34.9614,24.1304,1.87829,0.273333
1.7912,6.43093,6.43093,2,12.8619,34.9614,24.1986,3.0055,0.566667
1.7914,15.6123,15.6123,0.0465775,0.727182,34.9614,24.0054,0.0465775,0.416667
1.7916,20.604,20.604,1.60098,32.9867,34.9614,24.1105,1.60098,0.266667
1.7918,20.9013,20.9013,1.09536,22.8945,34.9614,24.0764,1.09536,0.116667
1.792,17.8967,17.8967,2,35.7935,34.9614,24.1602,2.31485,0.273333
1.7922,10.7215,10.7215,2,21.443,34.9614,24.1519,2.20582,0.416667
1.7924,17.5276,17.5276,0.841468,14.7489,34.9614,24.0588,0.841468,0.370479
1.7926,19.2337,19.2337,2,38.4675,34.9614,24.147,2.13104,0.279895
1.7928,16.7889,16.7889,1.83898,30.8745,34.9614,24.128,1.83898,0.256445
1.793,18.2996,18.2996,1.71588,31.3998,34.9614,24.119,1.71588,0.273333
1.7932,17.0284,17.0284,2,34.0567,34.9614,24.1449,2.09169,0.290465
1.7934,19.2709,19.2709,1.39051,26.7963,34.9614,24.0967,1.39051,0.225624
1.7936,17.4574,17.4574,2,34.9148,34.9614,24.1577,2.28042,0.284253
1.7938,13.9198,13.9198,1.85871,25.8728,34.9614,24.1291,1.85871,0.346212
1.794,19.8659,19.8659,1.20561,23.9505,34.9614,24.0836,1.20561,0.273333
1.7942,19.9194,19.9194,1.71403,34.1425,34.9614,24.1189,1.71403,0.200687
1.7944,17.8337,17.8337,2,35.6675,34.9614,24.1409,2.0306,0.245716
1.7946,17.8174,17.8174,1.70025,30.2941,34.9614,24.1182,1.70025,0.257379
1.7948,19.0747,19.0747,1.7715,33.7909,34.9614,24.1228,1.7715,0.240108
1.795,17.1086,17.1086,2,34.2171,34.9614,24.1441,2.07859,0.273333
1.7952,16.4802,16.4802,1.7414,28.6986,34.9614,24.121,1.7414,0.300698
1.7954,18.7119,18.7119,1.71198,32.0343,34.9614,24.1186,1.71198,0.272237
1.7956,15.9259,15.9259,2,31.8519,34.9614,24.1559,2.25354,0.313133
1.7958,18.6128,18.6128,1.22759,22.8489,34.9614,24.0856,1.22759,0.25344
1.796,18.4408,18.4408,2,36.8815,34.9614,24.1508,2.18213,0.273333
1.7962,15.0284,15.0284,1.92697,28.9593,34.9614,24.1339,1.92697,0.309117
1.7964,18.7148,18.7148,1.41924,26.5608,34.9614,24.0985,1.41924,0.285768
1.7966,18.3019,18.3019,2,36.6037,34.9614,24.1463,2.11462,0.265538
1.7968,16.1052,16.1052,1.86009,29.957,34.9614,24.1293,1.86009,0.28887
1.797,18.6534,18.6534,1.58917,29.6434,34.9614,24.1102,1.58917,0.273333
1.7972,17.5491,17.5491,2,35.0983,34.9614,24.1476,2.13155,0.278875
1.7974,17.2353,17.2353,1.65524,28.5285,34.9614,24.1152,1.65524,0.270814
1.7976,19.3763,19.3763,1.71346,33.2005,34.9614,24.1187,1.71346,0.2421
1.7978,17.0959,17.0959,2,34.1918,34.9614,24.1477,2.13022,0.273184
1.798,17.4183,17.4183,1.59168,27.7243,34.9614,24.1107,1.59168,0.273333
1.7982,18.769,18.769,1.88281,35.3385,34.9614,24.1303,1.88281,0.263011
1.7984,16.6258,16.6258,2,33.2516,34.9614,24.141,2.03308,0.283544
1.7986,18.8729,18.8729,1.45771,27.5111,34.9614,24.1013,1.45771,0.247815
1.7988,18.3163,18.3163,2,36.6327,34.9614,24.1447,2.08952,0.260553
1.799,16.7822,16.7822,1.80871,30.3541,34.9614,24.1258,1.80871,0.273333
1.7992,18.9339,18.9339,1.64922,31.2262,34.9614,24.1144,1.64922,0.256522
1.7994,17.0657,17.0657,2,34.1313,34.9614,24.15,2.167,0.284065
1.7996,17.896,17.896,1.50128,26.8668,34.9614,24.1045,1.50128,0.25914
1.7998,18.8459,18.8459,1.9442,36.6403,34.9614,24.1346,1.9442,0.256495
1.8,16.8145,16.8145,1.96602,33.0576,34.9614,24.1367,1.96602,0.273333
1.8002,17.4058,17.4058,1.71323,29.8201,34.9614,24.1189,1.71323,0.288813
1.8004,18.2338,18.2338,1.87655,34.2166,34.9614,24.13,1.87655,0.271956
1.8006,17.6866,17.6866,1.87486,33.1599,34.9614,24.1301,1.87486,0.264009
1.8008,17.6597,17.6597,1.8397,32.4885,34.9614,24.1277,1.8397,0.27367
1.801,17.7702,17.7702,1.85419,32.9493,34.9614,24.1286,1.85419,0.273333
1.8012,17.6678,17.6678,1.86293,32.9138,34.9614,24.1292,1.86293,0.273333
1.8014,6.04962,6.04962,2,12.0992,34.9614,24.2059,3.11932,0.566667
1.8016,15.1891,15.1891,0.0231549,0.351703,34.9614,24.004,0.0231549,0.416667
1.8018,20.6651,20.6651,1.56152,32.2689,34.9614,24.1077,1.56152,0.266667
1.802,20.92,20.92,1.08773,22.7553,34.9614,24.0759,1.08773,0.116667
1.8022,17.9056,17.9056,2,35.8111,34.9614,24.1602,2.31542,0.273333
1.8024,10.7215,10.7215,2,21.4431,34.9614,24.1522,2.20829,0.416667
1.8026,20.9868,20.9868,0.384625,8.07204,34.9614,24.0272,0.384625,0.266667
1.8028,19.2649,19.2649,2,38.5298,34.9614,24.1478,2.14171,0.269
1.803,16.3433,16.3433,1.88421,30.7942,34.9614,24.1311,1.88421,0.266667
1.8032,18.4615,18.4615,1.61395,29.796,34.9614,24.112,1.61395,0.273333
1.8034,17.899,17.899,2,35.7981,34.9614,24.1424,2.05684,0.270172
1.8036,11.3852,11.3852,2,22.7703,34.9614,24.1638,2.37824,0.416667
1.8038,20.3232,20.3232,0.420638,8.54872,34.9614,24.0299,0.420638,0.270791
1.804,17.1336,17.1336,2,34.2672,34.9614,24.1896,2.75871,0.344542
1.8042,15.7968,15.7968,1.18638,18.741,34.9614,24.0835,1.18638,0.273333
1.8044,20.9441,20.9441,1.21628,25.4739,34.9614,24.0844,1.21628,0.199621
1.8046,17.8598,17.8598,2,35.7195,34.9614,24.1571,2.27043,0.266667
1.8048,16.6783,16.6783,1.6177,26.9804,34.9614,24.1127,1.6177,0.270924
1.805,14.8893,14.8893,2,29.7785,34.9614,24.1578,2.29026,0.37729
1.8052,18.4215,18.4215,1.1102,20.4516,34.9614,24.0775,1.1102,0.273333
1.8054,16.1528,16.1528,2,32.3056,34.9614,24.183,2.65781,0.349621
1.8056,19.6862,19.6862,0.757487,14.9121,34.9614,24.0533,0.757487,0.193749
1.8058,18.877,18.877,2,37.7539,34.9614,24.1526,2.20986,0.271298
1.806,17.7622,17.7622,1.63896,29.1116,34.9614,24.1142,1.63896,0.231622
1.8062,18.1271,18.1271,1.97151,35.7378,34.9614,24.1365,1.97151,0.273333
1.8064,14.7726,14.7726,2,29.5453,34.9614,24.1466,2.11832,0.334338
1.8066,17.2469,17.2469,1.38276,23.8483,34.9614,24.0961,1.38276,0.316675
1.8068,18.8388,18.8388,1.99918,37.6621,34.9614,24.1382,1.99918,0.274405
1.807,19.3142,19.3142,1.56735,30.272,34.9614,24.109,1.56735,0.198966
1.8072,17.4533,17.4533,2,34.9066,34.9614,24.1508,2.17724,0.273333
1.8074,17.4869,17.4869,1.57521,27.5456,34.9614,24.1097,1.57521,0.26296
1.8076,18.5602,18.5602,1.9335,35.8863,34.9614,24.1338,1.9335,0.268918
1.8078,16.9299,16.9299,1.94322,32.8987,34.9614,24.1349,1.94322,0.275587
1.808,16.934,16.934,1.79849,30.4556,34.9614,24.1247,1.79849,0.300794
1.8082,18.2842,18.2842,1.76083,32.1955,34.9614,24.122,1.76083,0.273333
1.8084,18.256,18.256,1.88739,34.4561,34.9614,24.1309,1.88739,0.25436
1.8086,18.2634,18.2634,1.79194,32.7269,34.9614,24.1244,1.79194,0.247063
1.8088,17.5197,17.5197,1.96618,34.4468,34.9614,24.1364,1.96618,0.273017
1.809,20.8706,20.8706,1.06334,22.1926,34.9614,24.0741,1.06334,0.150794
1.8092,17.9721,17.9721,2,35.9442,34.9614,24.1599,2.31255,0.273333
1.8094,16.3806,16.3806,1.62301,26.5859,34.9614,24.1133,1.62301,0.274199
1.8096,18.5347,18.5347,1.82813,33.884,34.9614,24.1264,1.82813,0.286348
1.8098,17.292,17.292,1.98211,34.2748,34.9614,24.1375,1.98211,0.272922
1.81,21.2641,21.2641,0.805189,17.1216,34.9614,24.0563,0.805189,0.123318
1.8102,18.4074,18.4074,2,36.8148,34.9614,24.1584,2.29295,0.273333
1.8104,16.3287,16.3287,1.68869,27.5741,34.9614,24.1177,1.68869,0.270509
1.8106,19.2949,19.2949,1.64893,31.8159,34.9614,24.1142,1.64893,0.259383
1.8108,17.1939,17.1939,2,34.3878,34.9614,24.1495,2.15825,0.275512
1.811,18.5374,18.5374,1.44506,26.7876,34.9614,24.1006,1.44506,0.240343
1.8112,18.0887,18.0887,2,36.1773,34.9614,24.1477,2.13545,0.273333
1.8114,16.8036,16.8036,1.74808,29.3742,34.9614,24.1216,1.74808,0.273333
1.8116,6.92202,6.92202,2,13.844,34.9614,24.2014,3.05409,0.566667
1.8118,15.4367,15.4367,0.0357938,0.552537,34.9614,24.0048,0.0357938,0.416667
1.812,20.6313,20.6313,1.58321,32.6637,34.9614,24.1092,1.58321,0.266667
1.8122,20.9109,20.9109,1.09141,22.8224,34.9614,24.0762,1.09141,0.116667
1.8124,17.9029,17.9029,2,35.8058,34.9614,24.16,2.31483,0.273333
1.8126,9.74766,9.74766,2,19.4953,34.9614,24.1591,2.31151,0.441071
1.8128,20.9371,20.9371,0.272268,5.70049,34.9614,24.0195,0.272268,0.266667
1.813,19.4774,19.4774,2,38.9549,34.9614,24.1438,2.08351,0.266976
1.8132,16.3819,16.3819,1.93936,31.7703,34.9614,24.1349,1.93936,0.266667
1.8134,18.3085,18.3085,1.58903,29.0928,34.9614,24.1103,1.58903,0.273333
1.8136,17.2905,17.2905,2,34.5809,34.9614,24.1491,2.15541,0.291071
1.8138,13.9491,13.9491,1.95492,27.2693,34.9614,24.1357,1.95492,0.356565
1.814,19.7159,19.7159,1.14961,22.6657,34.9614,24.0798,1.14961,0.272399
1.8142,15.4683,15.4683,2,30.9366,34.9614,24.1884,2.73392,0.348135
1.8144,16.9373,16.9373,0.918761,15.5613,34.9614,24.0649,0.918761,0.273333
1.8146,20.7046,20.7046,1.40328,29.0542,34.9614,24.0973,1.40328,0.205399
1.8148,12.1857,12.1857,2,24.3714,34.9614,24.2055,2.99347,0.404141
1.815,18.556,18.556,0.152694,2.83339,34.9614,24.0121,0.152694,0.268761
1.8152,21.0049,21.0049,1.21317,25.4825,34.9614,24.0842,1.21317,0.198135
1.8154,17.6174,17.6174,2,35.2347,34.9614,24.1604,2.319,0.273333
1.8156,16.5467,16.5467,1.56631,25.9172,34.9614,24.1092,1.56631,0.275388
1.8158,19.5093,19.5093,1.70721,33.3065,34.9614,24.1182,1.70721,0.254141
1.816,17.0384,17.0384,2,34.0769,34.9614,24.1488,2.1471,0.272975
1.8162,15.4428,15.4428,1.78191,27.5176,34.9614,24.1237,1.78191,0.323572
1.8164,19.1952,19.1952,1.51933,29.1639,34.9614,24.1052,1.51933,0.273333
1.8166,16.1859,16.1859,2,32.3718,34.9614,24.1649,2.38676,0.31183
1.8168,20.2905,20.2905,0.900112,18.2637,34.9614,24.063,0.900112,0.188752
1.817,18.3621,18.3621,2,36.7243,34.9614,24.1587,2.29532,0.275554
1.8172,12.948,12.948,2,25.896,34.9614,24.1411,2.0321,0.355036
1.8174,20.0729,20.0729,0.928415,18.6359,34.9614,24.0646,0.928415,0.273333
1.8176,17.2128,17.2128,2,34.4256,34.9614,24.1757,2.54575,0.311258
1.8178,13.6734,13.6734,1.61219,22.0441,34.9614,24.1125,1.61219,0.338753
1.818,20.4819,20.4819,1.24252,25.4491,34.9614,24.086,1.24252,0.265108
1.8182,19.6641,19.6641,1.79098,35.2179,34.9614,24.1242,1.79098,0.205036
1.8184,16.7441,16.7441,2,33.4881,34.9614,24.1476,2.12843,0.273333
1.8186,18.923,18.923,1.38045,26.1222,34.9614,24.0961,1.38045,0.238505
1.8188,20.0168,20.0168,1.64915,33.0108,34.9614,24.1144,1.64915,0.198354
1.819,17.1308,17.1308,2,34.2616,34.9614,24.1508,2.17594,0.268206
1.8192,19.4757,19.4757,1.2969,25.2579,34.9614,24.0903,1.2969,0.212691
1.8194,17.9428,17.9428,2,35.8856,34.9614,24.1556,2.24779,0.273333
1.8196,17.4228,17.4228,1.56704,27.3022,34.9614,24.1092,1.56704,0.252045
1.8198,17.4352,17.4352,2,34.8704,34.9614,24.1453,2.10114,0.302872
1.82,17.2653,17.2653,1.66667,28.7756,34.9614,24.1159,1.66667,0.274004
1.8202,18.4727,18.4727,1.86734,34.4947,34.9614,24.1293,1.86734,0.27012
1.8204,17.2139,17.2139,1.95686,33.6851,34.9614,24.1357,1.95686,0.273333
1.8206,18.718,18.718,1.59652,29.8838,34.9614,24.1109,1.59652,0.24699
1.8208,17.8693,17.8693,2,35.7386,34.9614,24.1441,2.08013,0.268296
1.821,16.9761,16.9761,1.75755,29.8363,34.9614,24.1222,1.75755,0.275951
1.8212,17.3807,17.3807,1.91409,33.2681,34.9614,24.1325,1.91409,0.300042
1.8214,17.7624,17.7624,1.76799,31.4039,34.9614,24.1227,1.76799,0.273333
1.8216,17.8591,17.8591,1.90657,34.0495,34.9614,24.1321,1.90657,0.273333
1.8218,5.80693,5.80693,2,11.6139,34.9614,24.2057,3.12576,0.566667
1.822,15.1237,15.1237,0.021155,0.319941,34.9614,24.0039,0.021155,0.416667
1.8222,20.6754,20.6754,1.55439,32.1377,34.9614,24.1073,1.55439,0.266667
1.8224,20.9249,20.9249,1.08573,22.7189,34.9614,24.0758,1.08573,0.116667
1.8226,17.9169,17.9169,2,35.8339,34.9614,24.1599,2.31263,0.273333
1.8228,10.7147,10.7147,2,21.4295,34.9614,24.1527,2.21006,0.416667
1.823,18.1306,18.1306,0.770758,13.9743,34.9614,24.0539,0.770758,0.354675
1.8232,19.301,19.301,2,38.602,34.9614,24.1455,2.10813,0.271293
1.8234,16.4226,16.4226,1.90445,31.2761,34.9614,24.1325,1.90445,0.266667
1.8236,18.3711,18.3711,1.6161,29.6895,34.9614,24.1121,1.6161,0.273333
1.8238,18.0714,18.0714,2,36.1428,34.9614,24.1403,2.02361,0.266667
1.824,19.4814,19.4814,1.48324,28.8955,34.9614,24.1032,1.48324,0.204675
1.8242,17.5406,17.5406,2,35.0812,34.9614,24.1532,2.21255,0.273674
1.8244,13.7036,13.7036,1.9517,26.7454,34.9614,24.1353,1.9517,0.354701
1.8246,19.8226,19.8226,1.11226,22.048,34.9614,24.0772,1.11226,0.273333
1.8248,20.1546,20.1546,1.62916,32.835,34.9614,24.113,1.62916,0.193845
1.825,18.4319,18.4319,1.97085,36.3265,34.9614,24.1368,1.97085,0.230668
1.8252,17.0596,17.0596,1.88642,32.1816,34.9614,24.1311,1.88642,0.271615
1.8254,17.871,17.871,1.75303,31.3283,34.9614,24.1216,1.75303,0.277643
1.8256,17.8354,17.8354,1.93017,34.4254,34.9614,24.1338,1.93017,0.273333
1.8258,17.0514,17.0514,1.87666,31.9997,34.9614,24.1303,1.87666,0.283761
1.826,18.2789,18.2789,1.70868,31.2329,34.9614,24.1185,1.70868,0.266852
1.8262,17.7965,17.7965,1.99323,35.4724,34.9614,24.1381,1.99323,0.270312
1.8264,18.6739,18.6739,1.61856,30.225,34.9614,24.1125,1.61856,0.236413
1.8266,17.6727,17.6727,2,35.3455,34.9614,24.1448,2.09077,0.273333
1.8268,15.8991,15.8991,1.84664,29.3599,34.9614,24.1283,1.84664,0.305175
1.827,19.7159,19.7159,1.4177,27.9513,34.9614,24.0984,1.4177,0.24411
1.8272,17.5263,17.5263,2,35.0527,34.9614,24.1562,2.25458,0.275228
1.8274,16.6147,16.6147,1.60765,26.7107,34.9614,24.112,1.60765,0.279284
1.8276,18.8456,18.8456,1.8109,34.1274,34.9614,24.1253,1.8109,0.273333
1.8278,17.7317,17.7317,1.95373,34.643,34.9614,24.1356,1.95373,0.257462
1.828,19.0027,19.0027,1.59496,30.3086,34.9614,24.1108,1.59496,0.229769
1.8282,17.5847,17.5847,2,35.1695,34.9614,24.1477,2.13254,0.272205
1.8284,16.6578,16.6578,1.71841,28.6249,34.9614,24.1195,1.71841,0.284802
1.8286,18.6155,18.6155,1.76099,32.7816,34.9614,24.122,1.76099,0.273333
1.8288,17.3534,17.3534,2,34.7068,34.9614,24.1409,2.03224,0.27411
1.829,17.2103,17.2103,1.72753,29.7313,34.9614,24.12,1.72753,0.28117
1.8292,18.3608,18.3608,1.83292,33.6539,34.9614,24.127,1.83292,0.27113
1.8294,17.6703,17.6703,1.92062,33.9379,34.9614,24.1332,1.92062,0.264728
1.8296,17.5641,17.5641,1.81502,31.8791,34.9614,24.1259,1.81502,0.273333
1.8298,17.644,17.644,1.88184,33.2032,34.9614,24.1306,1.88184,0.27961
1.83,18.4641,18.4641,1.72513,31.8528,34.9614,24.1197,1.72513,0.251567
1.8302,17.6007,17.6007,2,35.2013,34.9614,24.1399,2.01878,0.271991
1.8304,19.8054,19.8054,1.39287,27.5864,34.9614,24.0969,1.39287,0.201506
1.8306,17.6116,17.6116,2,35.2232,34.9614,24.1559,2.25355,0.273333
1.8308,17.2323,17.2323,1.55095,26.7265,34.9614,24.1081,1.55095,0.262047
1.831,19.1213,19.1213,1.83429,35.0739,34.9614,24.127,1.83429,0.256257
1.8312,16.9297,16.9297,2,33.8594,34.9614,24.1424,2.05383,0.273198
1.8314,19.1905,19.1905,1.42362,27.32,34.9614,24.099,1.42362,0.231901
1.8316,17.8087,17.8087,2,35.6175,34.9614,24.1525,2.20415,0.273333
1.8318,16.7995,16.7995,1.66244,27.9281,34.9614,24.1157,1.66244,0.273333
1.832,7.14363,7.14363,2,14.2873,34.9614,24.2051,3.11038,0.566667
1.8322,15.2199,15.2199,0.0240732,0.366392,34.9614,24.004,0.0240732,0.416667
1.8324,20.6606,20.6606,1.56475,32.3287,34.9614,24.108,1.56475,0.266667
1.8326,20.92,20.92,1.08723,22.7448,34.9614,24.0759,1.08723,0.116667
1.8328,17.9185,17.9185,2,35.8371,34.9614,24.1599,2.31329,0.273333
1.833,10.7064,10.7064,2,21.4128,34.9614,24.1526,2.21102,0.416667
1.8332,20.9904,20.9904,0.380364,7.98399,34.9614,24.0269,0.380364,0.266667
1.8334,19.0515,19.0515,2,38.103,34.9614,24.1533,2.22235,0.277914
1.8336,19.6143,19.6143,1.36835,26.8392,34.9614,24.0954,1.36835,0.173473
1.8338,17.7447,17.7447,2,35.4894,34.9614,24.1555,2.24451,0.273333
1.834,15.0293,15.0293,1.80375,27.1091,34.9614,24.1255,1.80375,0.316154
1.8342,19.7518,19.7518,1.37096,27.0788,34.9614,24.0951,1.37096,0.260678
1.8344,17.4044,17.4044,2,34.8089,34.9614,24.1591,2.30078,0.281199
1.8346,18.0219,18.0219,1.40044,25.2385,34.9614,24.0977,1.40044,0.241862
1.8348,18.4327,18.4327,2,36.8654,34.9614,24.1446,2.09185,0.273333
1.835,18.4115,18.4115,1.62133,29.8511,34.9614,24.1128,1.62133,0.22777
1.8352,17.5433,17.5433,2,35.0866,34.9614,24.1457,2.10199,0.280496
1.8354,17.4016,17.4016,1.66426,28.9607,34.9614,24.1158,1.66426,0.268574
1.8356,17.2087,17.2087,2,34.4175,34.9614,24.1418,2.05079,0.303288
1.8358,17.5486,17.5486,1.65967,29.1249,34.9614,24.1153,1.65967,0.273333
1.836,19.7698,19.7698,1.62385,32.1032,34.9614,24.1126,1.62385,0.220415
1.8362,16.571,16.571,2,33.1419,34.9614,24.1574,2.2712,0.287755
1.8364,17.0281,17.0281,1.45235,24.7308,34.9614,24.1013,1.45235,0.283012
1.8366,17.6865,17.6865,2,35.373,34.9614,24.1472,2.13238,0.309326
1.8368,17.0669,17.0669,1.68786,28.8066,34.9614,24.1174,1.68786,0.273333
1.837,17.8218,17.8218,1.92932,34.3838,34.9614,24.1336,1.92932,0.290996
1.8372,17.5717,17.5717,1.81769,31.94,34.9614,24.1261,1.81769,0.270385
1.8374,17.4519,17.4519,1.9055,33.2546,34.9614,24.1321,1.9055,0.28471
1.8376,19.6776,19.6776,1.49083,29.336,34.9614,24.1036,1.49083,0.214528
1.8378,17.4509,17.4509,2,34.9017,34.9614,24.1541,2.22622,0.273333
1.838,17.4663,17.4663,1.53405,26.7941,34.9614,24.1069,1.53405,0.260555
1.8382,18.7937,18.7937,1.92034,36.0902,34.9614,24.1328,1.92034,0.263965
1.8384,16.6271,16.6271,2,33.2541,34.9614,24.1392,2.0064,0.280607
1.8386,19.7198,19.7198,1.3518,26.6573,34.9614,24.094,1.3518,0.222668
1.8388,17.7371,17.7371,2,35.4743,34.9614,24.1559,2.25368,0.273333
1.839,17.6575,17.6575,1.51641,26.7759,34.9614,24.1057,1.51641,0.249038
1.8392,18.7313,18.7313,1.95053,36.5359,34.9614,24.1349,1.95053,0.263737
1.8394,17.0509,17.0509,1.92429,32.8109,34.9614,24.1337,1.92429,0.268612
1.8396,18.147,18.147,1.68291,30.5399,34.9614,24.1168,1.68291,0.267817
1.8398,17.8224,17.8224,2,35.6449,34.9614,24.1388,2.0042,0.273333
1.84,17.7468,17.7468,1.73021,30.7056,34.9614,24.1203,1.73021,0.26089
1.8402,17.8971,17.8971,1.9328,34.5916,34.9614,24.1339,1.9328,0.274973
1.8404,17.3209,17.3209,1.84792,32.0075,34.9614,24.1283,1.84792,0.275528
1.8406,17.0004,17.0004,1.91123,32.4918,34.9614,24.1324,1.91123,0.298612
1.8408,18.001,18.001,1.70768,30.7399,34.9614,24.1185,1.70768,0.273333
1.841,17.6338,17.6338,2,35.2675,34.9614,24.1387,2.00211,0.279626
1.8412,17.5968,17.5968,1.73485,30.5278,34.9614,24.1205,1.73485,0.267886
1.8414,17.6653,17.6653,1.95,34.4473,34.9614,24.135,1.95,0.283448
1.8416,17.0898,17.0898,1.84142,31.4695,34.9614,24.1279,1.84142,0.284076
1.8418,18.1044,18.1044,1.76324,31.9225,34.9614,24.1223,1.76324,0.273333
1.842,17.6729,17.6729,1.96047,34.6473,34.9614,24.1359,1.96047,0.273333
1.8422,5.78164,5.78164,2,11.5633,34.9614,24.202,3.05684,0.566667
1.8424,15.3627,15.3627,0.0311643,0.478768,34.9614,24.0045,0.0311643,0.416667
1.8426,20.6404,20.6404,1.57806,32.5718,34.9614,24.1089,1.57806,0.266667
1.8428,20.9134,20.9134,1.0901,22.7976,34.9614,24.0761,1.0901,0.116667
1.843,17.9081,17.9081,2,35.8161,34.9614,24.16,2.3151,0.273333
1.8432,10.7205,10.7205,2,21.441,34.9614,24.1525,2.20796,0.416667
1.8434,15.7409,15.7409,1.02792,16.1804,34.9614,24.0714,1.02792,0.41539
1.8436,19.8364,19.8364,1.86942,37.0827,34.9614,24.129,1.86942,0.277734
1.8438,16.7346,16.7346,2,33.4693,34.9614,24.1443,2.0765,0.266667
1.844,17.7865,17.7865,1.56332,27.806,34.9614,24.1087,1.56332,0.273333
1.8442,18.4899,18.4899,1.96767,36.382,34.9614,24.1362,1.96767,0.266667
1.8444,11.9479,11.9479,2,23.8958,34.9614,24.169,2.45046,0.399506
1.8446,19.7086,19.7086,0.500277,9.85976,34.9614,24.0355,0.500277,0.276384
1.8448,16.8923,16.8923,2,33.7847,34.9614,24.1921,2.79962,0.351205
1.845,15.8365,15.8365,1.11845,17.7125,34.9614,24.0789,1.11845,0.273333
1.8452,20.9311,20.9311,1.23518,25.8537,34.9614,24.0857,1.23518,0.201587
1.8454,17.7695,17.7695,2,35.5391,34.9614,24.1578,2.28044,0.268065
1.8456,16.699,16.699,1.59877,26.6979,34.9614,24.1115,1.59877,0.271723
1.8458,15.0557,15.0557,2,30.1113,34.9614,24.1581,2.29348,0.374218
1.846,18.309,18.309,1.13676,20.813,34.9614,24.0794,1.13676,0.273333
1.8462,19.2529,19.2529,2,38.5058,34.9614,24.139,2.01089,0.253064
1.8464,18.8626,18.8626,1.65584,31.2336,34.9614,24.1152,1.65584,0.206687
1.8466,17.2651,17.2651,2,34.5302,34.9614,24.1476,2.13157,0.279215
1.8468,19.1109,19.1109,1.39961,26.7479,34.9614,24.0974,1.39961,0.224218
1.847,17.9005,17.9005,2,35.801,34.9614,24.1522,2.20012,0.273333
1.8472,15.7044,15.7044,1.78905,28.096,34.9614,24.1244,1.78905,0.299765
1.8474,19.2642,19.2642,1.52526,29.383,34.9614,24.1057,1.52526,0.266071
1.8476,17.6511,17.6511,2,35.3022,34.9614,24.1503,2.17032,0.27097
1.8478,19.7222,19.7222,1.30012,25.6411,34.9614,24.0906,1.30012,0.19564
1.848,17.8406,17.8406,2,35.6813,34.9614,24.1562,2.25882,0.273333
1.8482,17.7256,17.7256,1.51562,26.8653,34.9614,24.1057,1.51562,0.245557
1.8484,18.381,18.381,2,36.7621,34.9614,24.1395,2.01727,0.2738
1.8486,17.112,17.112,1.83735,31.4409,34.9614,24.1277,1.83735,0.268083
1.8488,15.3227,15.3227,2,30.6454,34.9614,24.1443,2.08912,0.34564
1.849,18.6211,18.6211,1.31315,24.4523,34.9614,24.0913,1.31315,0.273333
1.8492,18.702,18.702,2,37.4039,34.9614,24.1441,2.08425,0.259645
1.8494,20.3859,20.3859,1.24179,25.315,34.9614,24.0866,1.24179,0.153373
1.8496,17.7735,17.7735,2,35.5471,34.9614,24.1585,2.28837,0.27197
1.8498,13.228,13.228,1.95268,25.83,34.9614,24.1355,1.95268,0.357951
1.85,20.0655,20.0655,1.02527,20.5725,34.9614,24.0712,1.02527,0.273333
1.8502,17.7354,17.7354,2,35.4707,34.9614,24.1656,2.39798,0.28978
1.8504,18.8808,18.8808,1.24513,23.5091,34.9614,24.087,1.24513,0.207012
1.8506,18.228,18.228,2,36.4561,34.9614,24.1533,2.21881,0.275199
1.8508,18.9493,18.9493,1.42777,27.0553,34.9614,24.0995,1.42777,0.207951
1.851,17.9232,17.9232,2,35.8464,34.9614,24.1508,2.18036,0.273333
1.8512,16.3559,16.3559,1.74168,28.4868,34.9614,24.1212,1.74168,0.284222
1.8514,18.8495,18.8495,1.68298,31.7233,34.9614,24.1166,1.68298,0.27017
1.8516,17.384,17.384,2,34.768,34.9614,24.1453,2.09573,0.274748
1.8518,19.059,19.059,1.44706,27.5796,34.9614,24.1007,1.44706,0.22571
1.852,17.8241,17.8241,2,35.6482,34.9614,24.1514,2.18841,0.273333
1.8522,16.8131,16.8131,1.67522,28.1655,34.9614,24.1166,1.67522,0.273333
1.8524,7.08721,7.08721,2,14.1744,34.9614,24.204,3.10604,0.566667
1.8526,15.2412,15.2412,0.0247449,0.377142,34.9614,24.0041,0.0247449,0.416667
1.8528,20.6594,20.6594,1.56448,32.3212,34.9614,24.108,1.56448,0.266667
1.853,20.921,20.921,1.0869,22.7391,34.9614,24.0758,1.0869,0.116667
1.8532,17.9168,17.9168,2,35.8335,34.9614,24.1601,2.31524,0.273333
1.8534,10.7035,10.7035,2,21.407,34.9614,24.1525,2.20688,0.416667
1.8536,20.5357,20.5357,0.471094,9.67427,34.9614,24.0332,0.471094,0.28539
1.8538,19.1038,19.1038,2,38.2075,34.9614,24.1512,2.1897,0.272822
1.854,16.3117,16.3117,1.83367,29.9104,34.9614,24.1278,1.83367,0.266667
1.8542,18.5863,18.5863,1.63929,30.4684,34.9614,24.1136,1.63929,0.273333
1.8544,16.2394,16.2394,2,32.4788,34.9614,24.1568,2.26797,0.311571
1.8546,13.5031,13.5031,1.78774,24.1401,34.9614,24.1238,1.78774,0.376979
1.8548,20.0812,20.0812,1.18802,23.8569,34.9614,24.0823,1.18802,0.276845
1.855,15.4641,15.4641,2,30.9282,34.9614,24.1869,2.70944,0.342082
1.8552,17.0076,17.0076,0.931283,15.8389,34.9614,24.0657,0.931283,0.273333
1.8554,20.9485,20.9485,1.21589,25.471,34.9614,24.0845,1.21589,0.184981
1.8556,17.1261,17.1261,2,34.2522,34.9614,24.1665,2.40865,0.287661
1.8558,16.9632,16.9632,1.39013,23.581,34.9614,24.0971,1.39013,0.266855
1.856,20.673,20.673,1.34707,27.848,34.9614,24.0935,1.34707,0.192082
1.8562,17.4122,17.4122,2,34.8243,34.9614,24.1587,2.29939,0.273333
1.8564,14.3379,14.3379,1.79295,25.7072,34.9614,24.1246,1.79295,0.334981
1.8566,20.8726,20.8726,1.02976,21.4938,34.9614,24.0716,1.02976,0.222578
1.8568,17.8341,17.8341,2,35.6681,34.9614,24.1628,2.35657,0.279715
1.857,19.3239,19.3239,1.23097,23.7871,34.9614,24.086,1.23097,0.195036
1.8572,18.1231,18.1231,2,36.2461,34.9614,24.1552,2.24315,0.273333
1.8574,11.077,11.077,2,22.154,34.9614,24.156,2.25848,0.409019
1.8576,18.3236,18.3236,0.743685,13.627,34.9614,24.0521,0.743685,0.340748
1.8578,19.4071,19.4071,2,38.8143,34.9614,24.1429,2.06994,0.265395
1.858,15.4861,15.4861,2,30.9723,34.9614,24.142,2.04293,0.290412
1.8582,18.6355,18.6355,1.37115,25.552,34.9614,24.0953,1.37115,0.273333
1.8584,18.6253,18.6253,2,37.2506,34.9614,24.1435,2.07288,0.259019
1.8586,15.471,15.471,1.9917,30.8135,34.9614,24.1383,1.9917,0.302573
1.8588,18.7088,18.7088,1.40546,26.2945,34.9614,24.0976,1.40546,0.274512
1.859,16.5728,16.5728,2,33.1456,34.9614,24.1658,2.40309,0.315911
1.8592,17.0651,17.0651,1.32719,22.6486,34.9614,24.0928,1.32719,0.273333
1.8594,20.4943,20.4943,1.46392,30.0019,34.9614,24.1015,1.46392,0.204023
1.8596,14.9424,14.9424,2,29.8848,34.9614,24.1797,2.59983,0.332635
1.8598,17.4323,17.4323,0.933465,16.2725,34.9614,24.0657,0.933465,0.278126
1.86,20.4303,20.4303,1.56913,32.0578,34.9614,24.1087,1.56913,0.215742
1.8602,16.9666,16.9666,2,33.9332,34.9614,24.1561,2.25236,0.273333
1.8604,16.7852,16.7852,1.53602,25.7824,34.9614,24.107,1.53602,0.28399
1.8606,19.0558,19.0558,1.83388,34.9461,34.9614,24.1269,1.83388,0.267307
1.8608,17.1921,17.1921,2,34.3842,34.9614,24.14,2.01754,0.267219
1.861,18.8355,18.8355,1.52912,28.8018,34.9614,24.1063,1.52912,0.240315
1.8612,17.769,17.769,2,35.5381,34.9614,24.1483,2.14327,0.273333
1.8614,15.901,15.901,1.80729,28.7378,34.9614,24.1256,1.80729,0.30005
1.8616,19.9776,19.9776,1.39241,27.817,34.9614,24.0966,1.39241,0.236116
1.8618,17.6563,17.6563,2,35.3126,34.9614,24.1555,2.24394,0.270372
1.862,15.275,15.275,1.77005,27.0375,34.9614,24.1232,1.77005,0.311471
1.8622,19.308,19.308,1.49747,28.9131,34.9614,24.1037,1.49747,0.273333
1.8624,17.6087,17.6087,2,35.2174,34.9614,24.152,2.19634,0.273333
1.8626,5.20083,5.20083,2,10.4017,34.9614,24.1914,2.89029,0.566667
1.8628,15.8189,15.8189,0.0593591,0.938998,34.9614,24.0062,0.0593591,0.416667
1.863,20.5702,20.5702,1.62148,33.3543,34.9614,24.1119,1.62148,0.266667
1.8632,20.8923,20.8923,1.0988,22.9564,34.9614,24.0767,1.0988,0.116667
1.8634,17.8899,17.8899,2,35.7799,34.9614,24.1601,2.31573,0.273333
1.8636,10.7249,10.7249,2,21.4497,34.9614,24.152,2.2021,0.416667
1.8638,19.1362,19.1362,0.665668,12.7383,34.9614,24.0467,0.665668,0.32822
1.864,18.9501,18.9501,2,37.9003,34.9614,24.1536,2.22671,0.278864
1.8642,20.6719,20.6719,1.07137,22.1473,34.9614,24.0748,1.07137,0.128156
1.8644,17.9984,17.9984,2,35.9968,34.9614,24.1597,2.308,0.273333
1.8646,16.6764,16.6764,1.59986,26.68,34.9614,24.1116,1.59986,0.266667
1.8648,20.6511,20.6511,1.30094,26.8659,34.9614,24.0903,1.30094,0.193486
1.865,17.2189,17.2189,2,34.4378,34.9614,24.1629,2.35533,0.282102
1.8652,19.1302,19.1302,1.20414,23.0353,34.9614,24.0841,1.20414,0.211125
1.8654,18.2564,18.2564,2,36.5128,34.9614,24.1542,2.23102,0.273333
1.8656,19.1283,19.1283,1.395,26.6839,34.9614,24.0973,1.395,0.201309
1.8658,16.9647,16.9647,2,33.9294,34.9614,24.163,2.35952,0.299811
1.866,17.012,17.012,1.41429,24.06,34.9614,24.0988,1.41429,0.271362
1.8662,15.8673,15.8673,2,31.7346,34.9614,24.165,2.39423,0.360311
1.8664,17.5412,17.5412,1.21004,21.2256,34.9614,24.0846,1.21004,0.273333
1.8666,20.6912,20.6912,1.35845,28.108,34.9614,24.0943,1.35845,0.186033
1.8668,14.5237,14.5237,2,29.0474,34.9614,24.1881,2.72608,0.348471
1.867,17.3431,17.3431,0.781548,13.5545,34.9614,24.0554,0.781548,0.279146
1.8672,20.6218,20.6218,1.46784,30.2694,34.9614,24.1017,1.46784,0.210311
1.8674,17.1469,17.1469,2,34.2937,34.9614,24.1578,2.27821,0.273333
1.8676,14.848,14.848,1.7316,25.7108,34.9614,24.1204,1.7316,0.328181
1.8678,19.3054,19.3054,1.49083,28.7811,34.9614,24.1032,1.49083,0.282943
1.868,17.612,17.612,2,35.2239,34.9614,24.1523,2.20079,0.273539
1.8682,17.8645,17.8645,1.52656,27.2711,34.9614,24.1063,1.52656,0.248863
1.8684,18.2879,18.2879,2,36.5757,34.9614,24.1405,2.03064,0.273333
1.8686,18.7537,18.7537,1.60873,30.1697,34.9614,24.1119,1.60873,0.223802
1.8688,16.1198,16.1198,2,32.2395,34.9614,24.1601,2.31365,0.31443
1.869,17.4393,17.4393,1.32255,23.0643,34.9614,24.0923,1.32255,0.276934
1.8692,19.5575,19.5575,1.85304,36.2408,34.9614,24.1282,1.85304,0.246723
1.8694,16.6561,16.6561,2,33.3121,34.9614,24.1453,2.0937,0.273333
1.8696,20.5735,20.5735,1.08813,22.3866,34.9614,24.0758,1.08813,0.18183
1.8698,17.4534,17.4534,2,34.9068,34.9614,24.1672,2.41719,0.289689
1.87,16.2014,16.2014,1.49477,24.2174,34.9614,24.1044,1.49477,0.280277
1.8702,19.6408,19.6408,1.70523,33.4922,34.9614,24.1179,1.70523,0.258753
1.8704,16.9675,16.9675,2,33.935,34.9614,24.1497,2.15801,0.273333
1.8706,16.1179,16.1179,1.69354,27.2964,34.9614,24.1177,1.69354,0.30676
1.8708,18.5099,18.5099,1.75062,32.4038,34.9614,24.1211,1.75062,0.287333
1.871,17.4168,17.4168,2,34.8335,34.9614,24.1403,2.02368,0.27482
1.8712,19.8668,19.8668,1.36574,27.1329,34.9614,24.095,1.36574,0.202137
1.8714,17.6388,17.6388,2,35.2775,34.9614,24.1565,2.26225,0.273333
1.8716,17.8638,17.8638,1.4771,26.3867,34.9614,24.103,1.4771,0.244717
1.8718,18.7805,18.7805,1.97196,37.0344,34.9614,24.1364,1.97196,0.260763
1.872,16.7794,16.7794,1.9434,32.6091,34.9614,24.1349,1.9434,0.273284
1.8722,16.9292,16.9292,1.78529,30.2235,34.9614,24.1238,1.78529,0.303502
1.8724,18.3284,18.3284,1.76909,32.4246,34.9614,24.1226,1.76909,0.273333
1.8726,17.5299,17.5299,1.98679,34.8282,34.9614,24.1377,1.98679,0.273333
1.8728,5.82114,5.82114,2,11.6423,34.9614,24.1992,3.01499,0.566667
1.873,15.5214,15.5214,0.041016,0.636627,34.9614,24.0051,0.041016,0.416667
1.8732,20.6185,20.6185,1.59144,32.8132,34.9614,24.1098,1.59144,0.266667
1.8734,20.906,20.906,1.09384,22.8677,34.9614,24.0763,1.09384,0.116667
1.8736,17.9001,17.9001,2,35.8003,34.9614,24.1601,2.31571,0.273333
1.8738,7.92684,7.92684,2,15.8537,34.9614,24.1706,2.50544,0.485763
1.874,20.1821,20.1821,0.1352,2.72862,34.9614,24.0104,0.1352,0.266667
1.8742,19.4943,19.4943,2,38.9886,34.9614,24.146,2.11618,0.278653
1.8744,20.2978,20.2978,1.26833,25.7442,34.9614,24.0885,1.26833,0.143691
1.8746,17.6918,17.6918,2,35.3837,34.9614,24.1587,2.29364,0.273333
1.8748,14.151,14.151,1.84627,26.1266,34.9614,24.1286,1.84627,0.335763
1.875,21.2481,21.2481,0.804063,17.0848,34.9614,24.056,0.804063,0.197145
1.8752,18.1609,18.1609,2,36.3218,34.9614,24.1628,2.35588,0.281598
1.8754,15.3604,15.3604,1.70865,26.2456,34.9614,24.1192,1.70865,0.293691
1.8756,19.3664,19.3664,1.54536,29.928,34.9614,24.107,1.54536,0.273333
1.8758,17.99,17.99,2,35.9801,34.9614,24.1456,2.10204,0.258615
1.876,14.0207,14.0207,2,28.0413,34.9614,24.1435,2.06713,0.347145
1.8762,19.2256,19.2256,1.12507,21.6302,34.9614,24.0783,1.12507,0.279592
1.8764,20.9383,20.9383,1.15643,24.2137,34.9614,24.0805,1.15643,0.14859
1.8766,17.758,17.758,2,35.516,34.9614,24.1603,2.31826,0.273333
1.8768,17.7646,17.7646,1.44827,25.728,34.9614,24.1011,1.44827,0.241775
1.877,17.6257,17.6257,2,35.2513,34.9614,24.1511,2.18678,0.299038
1.8772,17.2068,17.2068,1.61624,27.8104,34.9614,24.1125,1.61624,0.266972
1.8774,20.9191,20.9191,1.13676,23.78,34.9614,24.0791,1.13676,0.16261
1.8776,17.8055,17.8055,2,35.611,34.9614,24.1602,2.31698,0.273333
1.8778,14.7324,14.7324,1.77627,26.1688,34.9614,24.1237,1.77627,0.317934
1.878,20.5938,20.5938,1.16607,24.0139,34.9614,24.0809,1.16607,0.231505
1.8782,17.7864,17.7864,2,35.5728,34.9614,24.16,2.31443,0.274596
1.8784,18.6476,18.6476,1.35325,25.2349,34.9614,24.0944,1.35325,0.217956
1.8786,18.203,18.203,2,36.4059,34.9614,24.1502,2.17241,0.273333
1.8788,17.457,17.457,1.65257,28.8489,34.9614,24.1151,1.65257,0.252212
1.879,17.6923,17.6923,2,35.3846,34.9614,24.1386,2.00167,0.290117
1.8792,17.2328,17.2328,1.78173,30.7042,34.9614,24.1238,1.78173,0.276576
1.8794,16.8601,16.8601,1.97681,33.3293,34.9614,24.137,1.97681,0.307705
1.8796,17.9441,17.9441,1.64814,29.5744,34.9614,24.1144,1.64814,0.273333
1.8798,19.2859,19.2859,1.76455,34.0309,34.9614,24.1223,1.76455,0.23334
1.88,16.4359,16.4359,2,32.8718,34.9614,24.1509,2.17637,0.288467
1.8802,17.5786,17.5786,1.46798,25.805,34.9614,24.1022,1.46798,0.276973
1.8804,19.5023,19.5023,1.8015,35.1335,34.9614,24.1248,1.8015,0.239858
1.8806,16.8158,16.8158,2,33.6317,34.9614,24.1463,2.1096,0.273333
1.8808,17.205,17.205,1.60582,27.6281,34.9614,24.1117,1.60582,0.284615
1.881,18.0972,18.0972,1.96708,35.5987,34.9614,24.1361,1.96708,0.285877
1.8812,17.11,17.11,1.86089,31.8397,34.9614,24.1294,1.86089,0.275861
1.8814,19.4564,19.4564,1.54505,30.0611,34.9614,24.1073,1.54505,0.230994
1.8816,17.4416,17.4416,2,34.8832,34.9614,24.1519,2.19385,0.273333
1.8818,18.3932,18.3932,1.45586,26.7779,34.9614,24.1014,1.45586,0.237808
1.882,18.4139,18.4139,2,36.8277,34.9614,24.1429,2.06625,0.265255
1.8822,16.4965,16.4965,1.87015,30.8508,34.9614,24.13,1.87015,0.280426
1.8824,19.7573,19.7573,1.43773,28.4056,34.9614,24.0998,1.43773,0.230449
1.8826,17.5267,17.5267,2,35.0533,34.9614,24.1554,2.24477,0.273333
1.8828,16.8584,16.8584,1.58798,26.7709,34.9614,24.1106,1.58798,0.273333
1.883,7.31099,7.31099,2,14.622,34.9614,24.2087,3.16873,0.566667
1.8832,14.9964,14.9964,0.017356,0.260277,34.9614,24.0036,0.017356,0.416667
1.8834,20.6928,20.6928,1.543,31.929,34.9614,24.1065,1.543,0.266667
1.8836,20.9295,20.9295,1.08388,22.685,34.9614,24.0756,1.08388,0.116667
1.8838,17.9152,17.9152,2,35.8303,34.9614,24.16,2.31437,0.273333
1.884,6.97355,6.97355,2,13.9471,34.9614,24.1764,2.61551,0.509588
1.8842,19.5406,19.5406,0.0700858,1.36952,34.9614,24.0061,0.0700858,0.266667
1.8844,19.7094,19.7094,2,39.4187,34.9614,24.1409,2.0423,0.276513
1.8846,18.3169,18.3169,1.73409,31.7631,34.9614,24.1207,1.73409,0.214496
1.8848,17.6164,17.6164,2,35.2327,34.9614,24.1387,2.00148,0.273333
1.885,11.9694,11.9694,2,23.9387,34.9614,24.1612,2.33923,0.410601
1.8852,21.6035,21.6035,0.208997,4.51508,34.9614,24.0151,0.208997,0.197936
1.8854,19.2285,19.2285,2,38.457,34.9614,24.1509,2.18786,0.278395
1.8856,16.0727,16.0727,1.86889,30.0382,34.9614,24.1302,1.86889,0.270942
1.8858,18.6498,18.6498,1.57754,29.4208,34.9614,24.1094,1.57754,0.273333
1.886,15.8299,15.8299,2,31.6597,34.9614,24.1639,2.36973,0.325141
1.8862,15.4627,15.4627,1.44686,22.3724,34.9614,24.1009,1.44686,0.328067
1.8864,19.7305,19.7305,1.67451,33.0388,34.9614,24.1157,1.67451,0.271562
1.8866,19.5673,19.5673,1.69027,33.074,34.9614,24.1174,1.69027,0.193589
1.8868,17.0443,17.0443,2,34.0886,34.9614,24.1497,2.16021,0.273333
1.887,19.8384,19.8384,1.24071,24.6136,34.9614,24.0864,1.24071,0.202409
1.8872,17.3141,17.3141,2,34.6282,34.9614,24.1647,2.38482,0.290927
1.8874,16.5884,16.5884,1.46858,24.3613,34.9614,24.1026,1.46858,0.274384
1.8876,19.2434,19.2434,1.83283,35.2697,34.9614,24.1267,1.83283,0.26782
1.8878,16.8628,16.8628,2,33.7256,34.9614,24.1437,2.06975,0.273333
1.888,20.3878,20.3878,1.17046,23.8631,34.9614,24.0815,1.17046,0.187992
1.8882,18.1418,18.1418,2,36.2837,34.9614,24.1551,2.24187,0.265048
1.8884,16.3907,16.3907,1.70199,27.8968,34.9614,24.1186,1.70199,0.275943
1.8886,17.7934,17.7934,1.86178,33.1274,34.9614,24.1287,1.86178,0.302105
1.8888,17.6259,17.6259,1.86066,32.7958,34.9614,24.1291,1.86066,0.273333
1.889,17.8052,17.8052,1.8278,32.5442,34.9614,24.1268,1.8278,0.271446
1.8892,18.3789,18.3789,1.79273,32.9485,34.9614,24.1244,1.79273,0.254642
1.8894,17.2955,17.2955,2,34.591,34.9614,24.1389,2.00285,0.277256
1.8896,20.8933,20.8933,1.03259,21.5741,34.9614,24.072,1.03259,0.152736
1.8898,18.0352,18.0352,2,36.0704,34.9614,24.1598,2.31171,0.273333
1.89,14.7712,14.7712,1.79935,26.5785,34.9614,24.1254,1.79935,0.3139
1.8902,19.2611,19.2611,1.4318,27.5781,34.9614,24.0992,1.4318,0.281874
1.8904,17.6,17.6,2,35.2001,34.9614,24.1546,2.23594,0.27775
1.8906,18.3259,18.3259,1.44272,26.4392,34.9614,24.1006,1.44272,0.234799
1.8908,18.2042,18.2042,2,36.4084,34.9614,24.1463,2.1149,0.273333
1.891,17.6767,17.6767,1.67569,29.6207,34.9614,24.1166,1.67569,0.249731
1.8912,18.4364,18.4364,1.89168,34.8758,34.9614,24.1312,1.89168,0.263763
1.8914,17.3122,17.3122,1.92377,33.3048,34.9614,24.1335,1.92377,0.269971
1.8916,16.3352,16.3352,1.91648,31.3061,34.9614,24.133,1.91648,0.310949
1.8918,18.4002,18.4002,1.59491,29.3466,34.9614,24.1107,1.59491,0.273333
1.892,17.644,17.644,2,35.288,34.9614,24.1456,2.10466,0.279611
1.8922,17.4272,17.4272,1.664,28.9987,34.9614,24.1157,1.664,0.266038
1.8924,18.1419,18.1419,1.92912,34.9979,34.9614,24.1337,1.92912,0.277264
1.8926,17.2779,17.2779,1.87743,32.4381,34.9614,24.1303,1.87743,0.273093
1.8928,17.907,17.907,1.77308,31.7506,34.9614,24.123,1.77308,0.273333
1.893,17.781,17.781,1.92387,34.2084,34.9614,24.1333,1.92387,0.273333
1.8932,5.83071,5.83071,2,11.6614,34.9614,24.2047,3.09953,0.566667
1.8934,15.2184,15.2184,0.0240985,0.366741,34.9614,24.004,0.0240985,0.416667
1.8936,20.6611,20.6611,1.56445,32.3233,34.9614,24.1079,1.56445,0.266667
1.8938,20.9194,20.9194,1.08794,22.7591,34.9614,24.0759,1.08794,0.116667
1.894,17.9109,17.9109,2,35.8219,34.9614,24.1601,2.3159,0.273333
1.8942,10.0852,10.0852,2,20.1703,34.9614,24.1566,2.27384,0.432287
1.8944,18.9336,18.9336,0.554658,10.5017,34.9614,24.0391,0.554658,0.339813
1.8946,19.3976,19.3976,2,38.7952,34.9614,24.1448,2.09857,0.268586
1.8948,16.3779,16.3779,1.92058,31.455,34.9614,24.1336,1.92058,0.266667
1.895,18.3641,18.3641,1.59892,29.3628,34.9614,24.1109,1.59892,0.273333
1.8952,17.559,17.559,2,35.118,34.9614,24.1462,2.11082,0.282287
1.8954,17.3856,17.3856,1.65681,28.8048,34.9614,24.1153,1.65681,0.268042
1.8956,18.2572,18.2572,1.91599,34.9806,34.9614,24.1328,1.91599,0.275318
1.8958,14.1968,14.1968,2,28.3936,34.9614,24.155,2.2382,0.350146
1.896,18.9645,18.9645,1.02166,19.3753,34.9614,24.0713,1.02166,0.273333
1.8962,20.1807,20.1807,1.65214,33.3414,34.9614,24.1146,1.65214,0.205766
1.8964,16.5613,16.5613,2,33.1226,34.9614,24.1563,2.25603,0.28125
1.8966,17.404,17.404,1.42586,24.8157,34.9614,24.0994,1.42586,0.274737
1.8968,20.4061,20.4061,1.48084,30.2182,34.9614,24.1027,1.48084,0.200146
1.897,17.2044,17.2044,2,34.4088,34.9614,24.157,2.26473,0.273333
1.8972,13.7272,13.7272,1.86632,25.6193,34.9614,24.1298,1.86632,0.355766
1.8974,18.8736,18.8736,1.32143,24.9402,34.9614,24.0915,1.32143,0.306794
1.8976,18.1126,18.1126,2,36.2252,34.9614,24.1523,2.20377,0.274445
1.8978,18.1532,18.1532,1.53663,27.8948,34.9614,24.1071,1.53663,0.233097
1.898,18.1294,18.1294,2,36.2588,34.9614,24.1427,2.06167,0.273333
1.8982,13.2447,13.2447,2,26.4894,34.9614,24.1521,2.19511,0.366424
1.8984,18.1417,18.1417,1.05134,19.0731,34.9614,24.0733,1.05134,0.313543
1.8986,18.8351,18.8351,2,37.6703,34.9614,24.1499,2.16848,0.275723
1.8988,15.7214,15.7214,1.89714,29.8256,34.9614,24.132,1.89714,0.287109
1.899,18.8046,18.8046,1.5012,28.2295,34.9614,24.1041,1.5012,0.273333
1.8992,19.54,19.54,1.77924,34.7663,34.9614,24.1234,1.77924,0.216424
1.8994,17.2744,17.2744,2,34.5487,34.9614,24.1432,2.06332,0.261765
1.8996,17.4905,17.4905,1.66213,29.0715,34.9614,24.1155,1.66213,0.273015
1.8998,18.2226,18.2226,1.92281,35.0386,34.9614,24.1331,1.92281,0.274115
1.9,17.2344,17.2344,1.89181,32.6041,34.9614,24.1313,1.89181,0.273333
1.9002,20.3293,20.3293,1.31798,26.7935,34.9614,24.0916,1.31798,0.191148
1.9004,17.0109,17.0109,2,34.0218,34.9614,24.1652,2.38979,0.289473
1.9006,16.7761,16.7761,1.41263,23.6984,34.9614,24.0987,1.41263,0.274552
1.9008,19.2366,19.2366,1.87709,36.109,34.9614,24.1298,1.87709,0.267404
1.901,16.7673,16.7673,2,33.5347,34.9614,24.1422,2.04822,0.273333
1.9012,19.4354,19.4354,1.37559,26.7352,34.9614,24.0957,1.37559,0.227171
1.9014,16.8072,16.8072,2,33.6144,34.9614,24.1659,2.3987,0.301309
1.9016,16.8772,16.8772,1.37563,23.2168,34.9614,24.0961,1.37563,0.274839
1.9018,19.2452,19.2452,1.90197,36.6038,34.9614,24.1315,1.90197,0.266986
1.902,16.6977,16.6977,2,33.3954,34.9614,24.1415,2.03822,0.273333
1.9022,17.8657,17.8657,1.58541,28.3244,34.9614,24.1102,1.58541,0.274277
1.9024,17.7757,17.7757,2,35.5514,34.9614,24.1432,2.06835,0.284981
1.9026,17.1574,17.1574,1.73848,29.8278,34.9614,24.1208,1.73848,0.27305
1.9028,18.2202,18.2202,1.83854,33.4986,34.9614,24.1273,1.83854,0.275002
1.903,17.4298,17.4298,1.93817,33.7818,34.9614,24.1344,1.93817,0.273333
1.9032,17.6693,17.6693,1.76269,31.1456,34.9614,24.1224,1.76269,0.273333
1.9034,6.33459,6.33459,2,12.6692,34.9614,24.2095,3.1878,0.566667
1.9036,14.9565,14.9565,0.0160909,0.240663,34.9614,24.0036,0.0160909,0.416667
1.9038,20.7,20.7,1.53859,31.8488,34.9614,24.1062,1.53859,0.266667
1.904,20.9308,20.9308,1.08301,22.6683,34.9614,24.0756,1.08301,0.116667
1.9042,17.9219,17.9219,2,35.8438,34.9614,24.1598,2.31101,0.273333
1.9044,6.94905,6.94905,2,13.8981,34.9614,24.1771,2.61806,0.510372
1.9046,19.5239,19.5239,0.0689438,1.34605,34.9614,24.0061,0.0689438,0.266667
1.9048,19.8701,19.8701,1.96377,39.0201,34.9614,24.1356,1.96377,0.268575
1.905,20.1047,20.1047,1.40124,28.1715,34.9614,24.0976,1.40124,0.154453
1.9052,17.4918,17.4918,2,34.9837,34.9614,24.1567,2.26417,0.273333
1.9054,13.3585,13.3585,1.93357,25.8296,34.9614,24.1344,1.93357,0.360372
1.9056,21.367,21.367,0.656001,14.0168,34.9614,24.0458,0.656001,0.202617
1.9058,18.6865,18.6865,2,37.373,34.9614,24.1559,2.25752,0.272788
1.906,15.4465,15.4465,1.83417,28.3314,34.9614,24.1278,1.83417,0.290177
1.9062,19.0883,19.0883,1.49036,28.4484,34.9614,24.1033,1.49036,0.273333
1.9064,19.5959,19.5959,1.76279,34.5434,34.9614,24.1223,1.76279,0.210372
1.9066,15.9296,15.9296,2,31.8593,34.9614,24.156,2.25244,0.297565
1.9068,17.7581,17.7581,1.32514,23.532,34.9614,24.0924,1.32514,0.275968
1.907,20.5354,20.5354,1.42918,29.3489,34.9614,24.0992,1.42918,0.189043
1.9072,17.2744,17.2744,2,34.5487,34.9614,24.1578,2.28043,0.273333
1.9074,19.7529,19.7529,1.18031,23.3145,34.9614,24.0823,1.18031,0.195017
1.9076,18.0956,18.0956,2,36.1912,34.9614,24.1563,2.26173,0.27251
1.9078,16.4462,16.4462,1.67527,27.5518,34.9614,24.1167,1.67527,0.273871
1.908,17.8121,17.8121,1.88813,33.6316,34.9614,24.1307,1.88813,0.302328
1.9082,17.56,17.56,1.8489,32.4667,34.9614,24.1283,1.8489,0.273333
1.9084,19.9662,19.9662,1.46352,29.2209,34.9614,24.1017,1.46352,0.203637
1.9086,17.8069,17.8069,2,35.6138,34.9614,24.1509,2.17812,0.261382
1.9088,16.9616,16.9616,1.66567,28.2524,34.9614,24.116,1.66567,0.270788
1.909,16.772,16.772,2,33.5441,34.9614,24.1426,2.0635,0.321963
1.9092,17.7974,17.7974,1.57911,28.1041,34.9614,24.1098,1.57911,0.273333
1.9094,19.4949,19.4949,1.74906,34.0979,34.9614,24.1212,1.74906,0.231205
1.9096,16.8338,16.8338,2,33.6676,34.9614,24.1485,2.14248,0.27597
1.9098,17.4568,17.4568,1.54929,27.0456,34.9614,24.1078,1.54929,0.275909
1.91,17.5003,17.5003,2,35.0005,34.9614,24.146,2.11028,0.301565
1.9102,17.2196,17.2196,1.67023,28.7608,34.9614,24.1162,1.67023,0.273333
1.9104,17.5386,17.5386,1.98931,34.8897,34.9614,24.1376,1.98931,0.297232
1.9106,17.3052,17.3052,1.77061,30.6408,34.9614,24.123,1.77061,0.278326
1.9108,18.062,18.062,1.845,33.3244,34.9614,24.1278,1.845,0.275153
1.911,18.1173,18.1173,1.83192,33.1894,34.9614,24.1271,1.83192,0.25663
1.9112,17.5039,17.5039,1.92845,33.7552,34.9614,24.1338,1.92845,0.273333
1.9114,18.0603,18.0603,1.72983,31.2413,34.9614,24.1201,1.72983,0.2624
1.9116,17.7232,17.7232,1.97684,35.0359,34.9614,24.137,1.97684,0.27471
1.9118,17.4703,17.4703,1.77884,31.0768,34.9614,24.1235,1.77884,0.271649
1.912,18.665,18.665,1.76288,32.9042,34.9614,24.1222,1.76288,0.254622
1.9122,17.3629,17.3629,2,34.7258,34.9614,24.1409,2.03297,0.273333
1.9124,17.7956,17.7956,1.6599,29.5388,34.9614,24.1153,1.6599,0.265584
1.9126,18.2927,18.2927,1.92983,35.3017,34.9614,24.1336,1.92983,0.266972
1.9128,17.1538,17.1538,1.9,32.5923,34.9614,24.1319,1.9,0.273737
1.913,18.1161,18.1161,1.71824,31.1278,34.9614,24.1194,1.71824,0.268195
1.9132,17.7663,17.7663,1.98343,35.2382,34.9614,24.1374,1.98343,0.273333
1.9134,17.3663,17.3663,1.78874,31.0638,34.9614,24.1242,1.78874,0.273333
1.9136,6.4399,6.4399,2,12.8798,34.9614,24.2053,3.12229,0.566667
1.9138,15.1991,15.1991,0.0234811,0.356891,34.9614,24.004,0.0234811,0.416667
1.914,20.6654,20.6654,1.56183,32.2759,34.9614,24.1077,1.56183,0.266667
1.9142,20.9225,20.9225,1.08604,22.7227,34.9614,24.0758,1.08604,0.116667
1.9144,17.9101,17.9101,2,35.8202,34.9614,24.1602,2.31542,0.273333
1.9146,10.7116,10.7116,2,21.4232,34.9614,24.1525,2.20777,0.416667
1.9148,17.4877,17.4877,0.84333,14.7479,34.9614,24.0589,0.84333,0.37165
1.915,19.2952,19.2952,2,38.5904,34.9614,24.1455,2.10898,0.277719
1.9152,16.4198,16.4198,1.9042,31.2666,34.9614,24.1325,1.9042,0.266667
1.9154,18.3796,18.3796,1.61589,29.6993,34.9614,24.1121,1.61589,0.273333
1.9156,16.3395,16.3395,2,32.679,34.9614,24.1564,2.26241,0.313505
1.9158,19.4585,19.4585,1.15514,22.4773,34.9614,24.0806,1.15514,0.22165
1.916,18.0877,18.0877,2,36.1755,34.9614,24.1576,2.28173,0.277391
1.9162,13.5199,13.5199,1.96067,26.5081,34.9614,24.1361,1.96067,0.345715
1.9164,19.9065,19.9065,1.07343,21.3683,34.9614,24.0746,1.07343,0.273333
1.9166,18.6994,18.6994,2,37.3987,34.9614,24.1492,2.15744,0.257028
1.9168,19.9303,19.9303,1.32815,26.4705,34.9614,24.0926,1.32815,0.170598
1.917,17.7066,17.7066,2,35.4133,34.9614,24.1568,2.26637,0.273468
1.9172,15.6027,15.6027,1.72169,26.8631,34.9614,24.12,1.72169,0.300783
1.9174,19.2127,19.2127,1.57837,30.3248,34.9614,24.1093,1.57837,0.273333
1.9176,18.4728,18.4728,1.99314,36.8189,34.9614,24.1381,1.99314,0.244104
1.9178,18.892,18.892,1.62952,30.7849,34.9614,24.1133,1.62952,0.21917
1.918,17.4603,17.4603,2,34.9206,34.9614,24.1471,2.12483,0.275318
1.9182,19.7695,19.7695,1.31267,25.9508,34.9614,24.0914,1.31267,0.199585
1.9184,17.7904,17.7904,2,35.5807,34.9614,24.1565,2.26278,0.273333
1.9186,15.7206,15.7206,1.71981,27.0364,34.9614,24.1198,1.71981,0.297237
1.9188,16.4323,16.4323,1.93869,31.8573,34.9614,24.1338,1.93869,0.34746
1.919,18.2478,18.2478,1.60446,29.2779,34.9614,24.1114,1.60446,0.274499
1.9192,18.554,18.554,1.94607,36.1073,34.9614,24.1348,1.94607,0.254684
1.9194,16.9892,16.9892,1.92556,32.7136,34.9614,24.1337,1.92556,0.273333
1.9196,17.8234,17.8234,1.71614,30.5875,34.9614,24.1191,1.71614,0.277421
1.9198,20.12,20.12,1.49488,30.077,34.9614,24.1038,1.49488,0.19746
1.92,17.2837,17.2837,2,34.5673,34.9614,24.1558,2.24733,0.272715
1.9202,16.1217,16.1217,1.64236,26.4777,34.9614,24.1144,1.64236,0.296082
1.9204,19.0583,19.0583,1.71126,32.6137,34.9614,24.1184,1.71126,0.273333
1.9206,18.0229,18.0229,1.98729,35.8167,34.9614,24.1378,1.98729,0.251996
1.9208,20.471,20.471,1.24355,25.4567,34.9614,24.0866,1.24355,0.165171
1.921,17.7372,17.7372,2,35.4743,34.9614,24.1587,2.29251,0.272392
1.9212,17.5585,17.5585,1.49152,26.1889,34.9614,24.1041,1.49152,0.248946
1.9214,18.5339,18.5339,1.99909,37.0509,34.9614,24.1383,1.99909,0.273333
1.9216,17.0251,17.0251,1.87679,31.9525,34.9614,24.1304,1.87679,0.269188
1.9218,16.4755,16.4755,1.91785,31.5975,34.9614,24.1328,1.91785,0.315171
1.922,18.2465,18.2465,1.62679,29.6834,34.9614,24.1128,1.62679,0.275121
1.9222,19.1806,19.1806,1.80929,34.7032,34.9614,24.1254,1.80929,0.232953
1.9224,16.9704,16.9704,2,33.9408,34.9614,24.1436,2.07078,0.273333
1.9226,18.2617,18.2617,1.53713,28.0707,34.9614,24.1069,1.53713,0.257026
1.9228,17.5583,17.5583,2,35.1166,34.9614,24.1491,2.15307,0.287626
1.923,17.0429,17.0429,1.65586,28.2207,34.9614,24.1152,1.65586,0.274194
1.9232,17.0032,17.0032,2,34.0064,34.9614,24.1418,2.05099,0.314937
1.9234,17.675,17.675,1.62501,28.722,34.9614,24.113,1.62501,0.273333
1.9236,18.2101,18.2101,1.96216,35.7312,34.9614,24.1358,1.96216,0.273333
1.9238,5.44993,5.44993,2,10.8999,34.9614,24.2078,3.14372,0.566667
1.924,14.9952,14.9952,0.0172748,0.25904,34.9614,24.0036,0.0172748,0.416667
1.9242,20.6947,20.6947,1.54149,31.9006,34.9614,24.1064,1.54149,0.266667
1.9244,20.9305,20.9305,1.08347,22.6776,34.9614,24.0756,1.08347,0.116667
1.9246,17.9129,17.9129,2,35.8258,34.9614,24.1601,2.3161,0.273333
1.9248,10.703,10.703,2,21.4061,34.9614,24.1525,2.20724,0.416667
1.925,17.1926,17.1926,0.87458,15.0363,34.9614,24.061,0.87458,0.379227
1.9252,19.3662,19.3662,2,38.7323,34.9614,24.1436,2.08243,0.278257
1.9254,16.4512,16.4512,1.92483,31.6658,34.9614,24.1339,1.92483,0.266667
1.9256,18.3109,18.3109,1.60806,29.445,34.9614,24.1116,1.60806,0.273333
1.9258,18.1122,18.1122,2,36.2244,34.9614,24.1399,2.02061,0.266667
1.926,18.6871,18.6871,1.61542,30.1875,34.9614,24.1123,1.61542,0.229227
1.9262,17.4235,17.4235,2,34.847,34.9614,24.1478,2.13469,0.279731
1.9264,14.3939,14.3939,1.94317,27.9698,34.9614,24.1347,1.94317,0.344468
1.9266,19.4696,19.4696,1.24088,24.1595,34.9614,24.0861,1.24088,0.273333
1.9268,19.9596,19.9596,1.69614,33.8544,34.9614,24.1177,1.69614,0.201056
1.927,19.7228,19.7228,1.63278,32.203,34.9614,24.1135,1.63278,0.183418
1.9272,17.0333,17.0333,2,34.0665,34.9614,24.1524,2.19929,0.275259
1.9274,18.5037,18.5037,1.39986,25.9026,34.9614,24.0975,1.39986,0.241305
1.9276,18.1919,18.1919,2,36.3838,34.9614,24.1483,2.14536,0.273333
1.9278,14.8745,14.8745,1.95452,29.0725,34.9614,24.1357,1.95452,0.319437
1.928,20.2552,20.2552,1.13688,23.0277,34.9614,24.079,1.13688,0.236382
1.9282,17.9107,17.9107,2,35.8213,34.9614,24.1598,2.30903,0.275633
1.9284,19.504,19.504,1.24841,24.349,34.9614,24.0871,1.24841,0.190748
1.9286,18.0194,18.0194,2,36.0389,34.9614,24.1556,2.25102,0.273333
1.9288,16.3218,16.3218,1.6865,27.5268,34.9614,24.1175,1.6865,0.278795
1.929,16.7769,16.7769,1.98788,33.3506,34.9614,24.1372,1.98788,0.330849
1.9292,17.8397,17.8397,1.64006,29.2582,34.9614,24.1139,1.64006,0.27658
1.9294,15.537,15.537,2,31.074,34.9614,24.1589,2.29936,0.340747
1.9296,17.9981,17.9981,1.21474,21.863,34.9614,24.0848,1.21474,0.273333
1.9298,19.6936,19.6936,1.84258,36.2869,34.9614,24.1275,1.84258,0.235399
1.93,15.5572,15.5572,2,31.1143,34.9614,24.1551,2.23872,0.300525
1.9302,17.9721,17.9721,1.2758,22.9288,34.9614,24.089,1.2758,0.27737
1.9304,15.9548,15.9548,2,31.9096,34.9614,24.1759,2.55239,0.351135
1.9306,17.0913,17.0913,1.12273,19.1889,34.9614,24.0788,1.12273,0.273333
1.9308,18.7122,18.7122,2,37.4244,34.9614,24.1496,2.17026,0.2945
1.931,18.413,18.413,1.57668,29.0315,34.9614,24.1098,1.57668,0.218578
1.9312,17.8632,17.8632,2,35.7265,34.9614,24.1442,2.08362,0.274356
1.9314,19.5888,19.5888,1.40593,27.5405,34.9614,24.0979,1.40593,0.201134
1.9316,17.6693,17.6693,2,35.3387,34.9614,24.1548,2.23728,0.273333
1.9318,15.6919,15.6919,1.73494,27.2246,34.9614,24.1209,1.73494,0.30146
1.932,19.3454,19.3454,1.55417,30.066,34.9614,24.1076,1.55417,0.266549
1.9322,17.2693,17.2693,2,34.5386,34.9614,24.1534,2.21385,0.278963
1.9324,20.9663,20.9663,0.89968,18.863,34.9614,24.0629,0.89968,0.142109
1.9326,18.2821,18.2821,2,36.5641,34.9614,24.1588,2.29825,0.273333
1.9328,16.0261,16.0261,1.70151,27.2685,34.9614,24.1186,1.70151,0.279264
1.933,20.1286,20.1286,1.43636,28.912,34.9614,24.0996,1.43636,0.232057
1.9332,17.5294,17.5294,2,35.0588,34.9614,24.155,2.23822,0.269617
1.9334,16.1393,16.1393,1.67335,27.0068,34.9614,24.1165,1.67335,0.292109
1.9336,19.0031,19.0031,1.69751,32.2579,34.9614,24.1176,1.69751,0.273333
1.9338,17.3156,17.3156,2,34.6312,34.9614,24.1456,2.09932,0.273333
1.934,5.6658,5.6658,2,11.3316,34.9614,24.1921,2.90395,0.566667
1.9342,15.871,15.871,0.0625457,0.99266,34.9614,24.0064,0.0625457,0.416667
1.9344,20.5583,20.5583,1.62868,33.4829,34.9614,24.1124,1.62868,0.266667
1.9346,20.889,20.889,1.10024,22.9829,34.9614,24.0768,1.10024,0.116667
1.9348,17.8928,17.8928,2,35.7857,34.9614,24.1599,2.3134,0.273333
1.935,10.715,10.715,2,21.43,34.9614,24.1524,2.20856,0.416667
1.9352,20.9901,20.9901,0.382981,8.03881,34.9614,24.0271,0.382981,0.266667
1.9354,19.0719,19.0719,2,38.1439,34.9614,24.1526,2.21279,0.27691
1.9356,16.2694,16.2694,1.81575,29.5411,34.9614,24.1265,1.81575,0.266667
1.9358,18.6532,18.6532,1.64219,30.6321,34.9614,24.1138,1.64219,0.273333
1.936,15.925,15.925,2,31.85,34.9614,24.1596,2.30616,0.318679
1.9362,17.729,17.729,1.28036,22.6996,34.9614,24.0894,1.28036,0.273419
1.9364,18.5862,18.5862,2,37.1724,34.9614,24.1468,2.12383,0.279635
1.9366,13.6171,13.6171,2,27.2341,34.9614,24.1484,2.14219,0.346447
1.9368,19.5121,19.5121,0.980306,19.1279,34.9614,24.0683,0.980306,0.273333
1.937,19.931,19.931,1.76793,35.2365,34.9614,24.1225,1.76793,0.215254
1.9372,16.5587,16.5587,2,33.1173,34.9614,24.1509,2.17612,0.276699
1.9374,17.5538,17.5538,1.47996,25.979,34.9614,24.1031,1.47996,0.275574
1.9376,18.2135,18.2135,2,36.4271,34.9614,24.1426,2.06389,0.283805
1.9378,16.9123,16.9123,1.80902,30.5947,34.9614,24.1258,1.80902,0.273333
1.938,20.3503,20.3503,1.3421,27.3121,34.9614,24.0932,1.3421,0.199593
1.9382,17.5611,17.5611,2,35.1222,34.9614,24.1578,2.28029,0.272459
1.9384,16.8445,16.8445,1.56578,26.3748,34.9614,24.1092,1.56578,0.271259
1.9386,19.7206,19.7206,1.66865,32.9068,34.9614,24.1156,1.66865,0.240163
1.9388,17.0264,17.0264,2,34.0528,34.9614,24.1509,2.17805,0.273333
1.939,14.4005,14.4005,1.85988,26.7833,34.9614,24.1292,1.85988,0.348062
1.9392,19.6764,19.6764,1.28314,25.2477,34.9614,24.089,1.28314,0.27135
1.9394,17.5911,17.5911,2,35.1821,34.9614,24.1601,2.31619,0.282424
1.9396,17.6492,17.6492,1.44672,25.5335,34.9614,24.101,1.44672,0.247671
1.9398,18.5475,18.5475,2,37.0951,34.9614,24.1405,2.0306,0.273333
1.94,15.1024,15.1024,2,30.2048,34.9614,24.1432,2.06336,0.315826
1.9402,18.7686,18.7686,1.29619,24.3277,34.9614,24.0901,1.29619,0.274655
1.9404,18.4481,18.4481,2,36.8961,34.9614,24.1486,2.14897,0.267067
1.9406,15.3256,15.3256,1.92651,29.5249,34.9614,24.1339,1.92651,0.303643
1.9408,18.9714,18.9714,1.41355,26.8171,34.9614,24.0981,1.41355,0.273333
1.941,20.4558,20.4558,1.43074,29.2668,34.9614,24.0995,1.43074,0.171988
1.9412,17.2623,17.2623,2,34.5246,34.9614,24.1581,2.28429,0.27421
1.9414,16.9688,16.9688,1.51565,25.7188,34.9614,24.1057,1.51565,0.272229
1.9416,19.6915,19.6915,1.71118,33.6957,34.9614,24.1185,1.71118,0.241363
1.9418,16.922,16.922,2,33.8441,34.9614,24.1501,2.16295,0.273333
1.942,19.6091,19.6091,1.26748,24.8541,34.9614,24.0883,1.26748,0.212448
1.9422,17.956,17.956,2,35.9121,34.9614,24.1559,2.2547,0.27303
1.9424,15.9095,15.9095,1.72315,27.4143,34.9614,24.12,1.72315,0.289797
1.9426,20.2993,20.2993,1.3645,27.6983,34.9614,24.0947,1.3645,0.225388
1.9428,17.4864,17.4864,2,34.9728,34.9614,24.158,2.28336,0.273333
1.943,15.489,15.489,1.69419,26.2413,34.9614,24.118,1.69419,0.306093
1.9432,19.2569,19.2569,1.58457,30.5139,34.9614,24.1097,1.58457,0.275446
1.9434,17.003,17.003,2,34.006,34.9614,24.1544,2.23178,0.285552
1.9436,13.1734,13.1734,1.93632,25.5079,34.9614,24.1344,1.93632,0.375388
1.9438,20.1138,20.1138,1.02498,20.6162,34.9614,24.0712,1.02498,0.273333
1.944,18.2393,18.2393,2,36.4787,34.9614,24.1579,2.28487,0.273333
1.9442,4.58745,4.58745,2,9.17489,34.9614,24.1945,2.93671,0.566667
1.9444,15.4884,15.4884,0.0390177,0.604323,34.9614,24.005,0.0390177,0.416667
1.9446,20.6228,20.6228,1.58948,32.7795,34.9614,24.1097,1.58948,0.266667
1.9448,20.908,20.908,1.09222,22.8361,34.9614,24.0762,1.09222,0.116667
1.945,17.9033,17.9033,2,35.8066,34.9614,24.1602,2.31499,0.273333
1.9452,10.7176,10.7176,2,21.4352,34.9614,24.1526,2.20897,0.416667
1.9454,20.9865,20.9865,0.383529,8.04895,34.9614,24.0271,0.383529,0.266667
1.9456,19.0292,19.0292,2,38.0583,34.9614,24.1537,2.2287,0.278532
1.9458,16.2632,16.2632,1.80136,29.2959,34.9614,24.1255,1.80136,0.266667
1.946,18.6824,18.6824,1.64945,30.8157,34.9614,24.1143,1.64945,0.273333
1.9462,17.8337,17.8337,2,35.6675,34.9614,24.1418,2.04756,0.266667
1.9464,12.5627,12.5627,2,25.1254,34.9614,24.1558,2.2553,0.389184
1.9466,19.5979,19.5979,0.757117,14.8379,34.9614,24.053,0.757117,0.281565
1.9468,16.5644,16.5644,2,33.1287,34.9614,24.1902,2.76353,0.345188
1.947,16.1414,16.1414,1.08636,17.5354,34.9614,24.0766,1.08636,0.273333
1.9472,20.8708,20.8708,1.27963,26.7069,34.9614,24.0888,1.27963,0.201391
1.9474,14.6298,14.6298,2,29.2596,34.9614,24.1903,2.75973,0.350158
1.9476,17.7193,17.7193,0.722179,12.7965,34.9614,24.0513,0.722179,0.265652
1.9478,16.9791,16.9791,2,33.9582,34.9614,24.188,2.73786,0.36007
1.948,15.9394,15.9394,1.17494,18.7278,34.9614,24.0827,1.17494,0.273333
1.9482,20.0558,20.0558,1.72698,34.6359,34.9614,24.1193,1.72698,0.257191
1.9484,14.4498,14.4498,2,28.8996,34.9614,24.171,2.46948,0.332019
1.9486,18.6828,18.6828,0.869517,16.245,34.9614,24.0611,0.869517,0.262148
1.9488,20.2931,20.2931,1.62581,32.9928,34.9614,24.1127,1.62581,0.21007
1.949,16.8779,16.8779,2,33.7559,34.9614,24.1546,2.2282,0.273333
1.9492,16.1496,16.1496,1.61626,26.1018,34.9614,24.1125,1.61626,0.303135
1.9494,19.3656,19.3656,1.67842,32.5036,34.9614,24.1162,1.67842,0.264241
1.9496,17.1177,17.1177,2,34.2354,34.9614,24.1491,2.15152,0.274921
1.9498,14.7942,14.7942,1.85267,27.4087,34.9614,24.1285,1.85267,0.338068
1.95,19.4178,19.4178,1.3661,26.5266,34.9614,24.0947,1.3661,0.273333
1.9502,18.7242,18.7242,2,37.4484,34.9614,24.1417,2.04545,0.245038
1.9504,17.6908,17.6908,1.77085,31.3278,34.9614,24.1232,1.77085,0.245804
1.9506,17.8588,17.8588,1.90099,33.9493,34.9614,24.1317,1.90099,0.274553
1.9508,15.2785,15.2785,2,30.557,34.9614,24.1458,2.10247,0.330581
1.951,18.6187,18.6187,1.2967,24.1428,34.9614,24.0902,1.2967,0.273333
1.9512,18.9349,18.9349,2,37.8699,34.9614,24.1409,2.03528,0.25243
1.9514,17.0184,17.0184,1.87279,31.872,34.9614,24.1303,1.87279,0.260912
1.9516,18.1376,18.1376,1.72687,31.3213,34.9614,24.1198,1.72687,0.2718
1.9518,14.7249,14.7249,2,29.4497,34.9614,24.1615,2.34068,0.351345
1.952,18.3974,18.3974,1.04696,19.2613,34.9614,24.0732,1.04696,0.273333
1.9522,19.1528,19.1528,2,38.3055,34.9614,24.1432,2.07234,0.260131
1.9524,15.6652,15.6652,2,31.3304,34.9614,24.1397,2.01148,0.290225
1.9526,18.7468,18.7468,1.40275,26.297,34.9614,24.0975,1.40275,0.269042
1.9528,16.5063,16.5063,2,33.0125,34.9614,24.1669,2.41464,0.317053
1.953,17.082,17.082,1.30679,22.3226,34.9614,24.0914,1.30679,0.273333
1.9532,18.9359,18.9359,2,37.8717,34.9614,24.1394,2.01862,0.277582
1.9534,16.9694,16.9694,1.89163,32.0997,34.9614,24.1315,1.89163,0.263778
1.9536,18.0808,18.0808,1.71394,30.9894,34.9614,24.1189,1.71394,0.273067
1.9538,15.266,15.266,2,30.5319,34.9614,24.1582,2.28722,0.33938
1.954,18.1931,18.1931,1.17667,21.4073,34.9614,24.0822,1.17667,0.273333
1.9542,18.7082,18.7082,2,37.4163,34.9614,24.1484,2.14801,0.273333
1.9544,4.65241,4.65241,2,9.30482,34.9614,24.2043,3.10251,0.566667
1.9546,14.951,14.951,0.0159194,0.238011,34.9614,24.0036,0.0159194,0.416667
1.9548,20.7003,20.7003,1.53858,31.8491,34.9614,24.1062,1.53858,0.266667
1.955,20.9321,20.9321,1.08224,22.6534,34.9614,24.0755,1.08224,0.116667
1.9552,17.9187,17.9187,2,35.8375,34.9614,24.1603,2.31551,0.273333
1.9554,10.704,10.704,2,21.4081,34.9614,24.1527,2.20971,0.416667
1.9556,17.0839,17.0839,0.882162,15.0708,34.9614,24.0615,0.882162,0.381807
1.9558,19.5129,19.5129,2,39.0258,34.9614,24.1399,2.02844,0.273077
1.956,20.2215,20.2215,1.33368,26.969,34.9614,24.093,1.33368,0.150916
1.9562,17.5875,17.5875,2,35.1751,34.9614,24.1578,2.28064,0.273333
1.9564,17.0124,17.0124,1.55062,26.3798,34.9614,24.1081,1.55062,0.266667
1.9566,19.8558,19.8558,1.64456,32.6539,34.9614,24.114,1.64456,0.231807
1.9568,16.9049,16.9049,2,33.8099,34.9614,24.1533,2.21198,0.276717
1.957,16.2481,16.2481,1.62385,26.3845,34.9614,24.113,1.62385,0.300916
1.9572,19.0264,19.0264,1.73958,33.0979,34.9614,24.1204,1.73958,0.273333
1.9574,19.7295,19.7295,1.61864,31.9349,34.9614,24.1124,1.61864,0.193492
1.9576,20.2199,20.2199,1.48003,29.9261,34.9614,24.1029,1.48003,0.166701
1.9578,17.2788,17.2788,2,34.5575,34.9614,24.1562,2.25623,0.272525
1.958,14.0757,14.0757,1.84808,26.0131,34.9614,24.1283,1.84808,0.346903
1.9582,19.8015,19.8015,1.23879,24.5299,34.9614,24.0859,1.23879,0.273333
1.9584,16.4964,16.4964,2,32.9928,34.9614,24.1742,2.52575,0.314388
1.9586,15.0738,15.0738,1.41375,21.3106,34.9614,24.0989,1.41375,0.316701
1.9588,19.9352,19.9352,1.62193,32.3336,34.9614,24.112,1.62193,0.271693
1.959,17.6554,17.6554,2,35.3109,34.9614,24.1466,2.11345,0.256218
1.9592,17.12,17.12,1.69401,29.0013,34.9614,24.1178,1.69401,0.273333
1.9594,20.8956,20.8956,1.13377,23.6909,34.9614,24.0789,1.13377,0.164388
1.9596,15.6446,15.6446,2,31.2893,34.9614,24.1861,2.69755,0.333811
1.9598,16.9322,16.9322,0.96911,16.4092,34.9614,24.0683,0.96911,0.272958
1.96,20.5621,20.5621,1.49345,30.7085,34.9614,24.1035,1.49345,0.213802
1.9602,17.108,17.108,2,34.2161,34.9614,24.1574,2.27355,0.273333
1.9604,15.414,15.414,1.6741,25.8047,34.9614,24.1167,1.6741,0.314388
1.9606,20.8055,20.8055,1.16993,24.3409,34.9614,24.0812,1.16993,0.207604
1.9608,17.7227,17.7227,2,35.4455,34.9614,24.1604,2.31995,0.274458
1.961,16.1814,16.1814,1.61403,26.1173,34.9614,24.1126,1.61403,0.282831
1.9612,19.0776,19.0776,1.73409,33.0823,34.9614,24.12,1.73409,0.273333
1.9614,20.3329,20.3329,1.40564,28.5807,34.9614,24.0978,1.40564,0.164388
1.9616,18.2965,18.2965,2,36.593,34.9614,24.1459,2.10638,0.246679
1.9618,16.707,16.707,1.80125,30.0934,34.9614,24.1253,1.80125,0.274229
1.962,18.5532,18.5532,1.70338,31.6032,34.9614,24.1181,1.70338,0.269541
1.9622,17.5557,17.5557,2,35.1114,34.9614,24.1417,2.04451,0.273333
1.9624,16.7367,16.7367,1.78693,29.9074,34.9614,24.1241,1.78693,0.288999
1.9626,17.4205,17.4205,1.86418,32.475,34.9614,24.129,1.86418,0.301177
1.9628,17.8869,17.8869,1.80064,32.2079,34.9614,24.1249,1.80064,0.272313
1.963,18.0631,18.0631,1.86185,33.6307,34.9614,24.1291,1.86185,0.263816
1.9632,17.4634,17.4634,1.90253,33.2246,34.9614,24.132,1.90253,0.273333
1.9634,16.0439,16.0439,1.97982,31.7639,34.9614,24.1372,1.97982,0.317464
1.9636,18.7706,18.7706,1.46404,27.4809,34.9614,24.1017,1.46404,0.263667
1.9638,17.9612,17.9612,2,35.9224,34.9614,24.1488,2.15131,0.272731
1.964,16.1847,16.1847,1.78736,28.9279,34.9614,24.1243,1.78736,0.289444
1.9642,18.7518,18.7518,1.64341,30.8169,34.9614,24.1139,1.64341,0.273333
1.9644,17.5745,17.5745,2,35.149,34.9614,24.1449,2.09258,0.273333
1.9646,5.50734,5.50734,2,11.0147,34.9614,24.1954,2.95625,0.566667
1.9648,15.6648,15.6648,0.0498252,0.7805,34.9614,24.0056,0.0498252,0.416667
1.965,20.5956,20.5956,1.60587,33.0739,34.9614,24.1108,1.60587,0.266667
1.9652,20.9005,20.9005,1.09502,22.8865,34.9614,24.0764,1.09502,0.116667
1.9654,17.9078,17.9078,2,35.8155,34.9614,24.1599,2.31268,0.273333
1.9656,9.39141,9.39141,2,18.7828,34.9614,24.1611,2.3488,0.44974
1.9658,20.125,20.125,0.273201,5.49818,34.9614,24.0197,0.273201,0.31219
1.966,19.4326,19.4326,2,38.8653,34.9614,24.146,2.11666,0.273431
1.9662,16.3165,16.3165,1.91524,31.2499,34.9614,24.1333,1.91524,0.266667
1.9664,18.4126,18.4126,1.59162,29.3058,34.9614,24.1105,1.59162,0.273333
1.9666,13.4499,13.4499,2,26.8999,34.9614,24.1802,2.61871,0.388071
1.9668,19.2695,19.2695,0.556926,10.7317,34.9614,24.0396,0.556926,0.253025
1.967,19.1275,19.1275,2,38.255,34.9614,24.1511,2.18992,0.276662
1.9672,13.1714,13.1714,2,26.3427,34.9614,24.1507,2.17283,0.345101
1.9674,19.6993,19.6993,0.883271,17.3998,34.9614,24.0617,0.883271,0.273333
1.9676,19.5129,19.5129,1.958,38.2062,34.9614,24.1355,1.958,0.238071
1.9678,17.0635,17.0635,1.95999,33.4443,34.9614,24.1362,1.95999,0.256567
1.968,17.7592,17.7592,1.70046,30.1989,34.9614,24.1181,1.70046,0.275891
1.9682,20.2057,20.2057,1.47194,29.7415,34.9614,24.1022,1.47194,0.195101
1.9684,17.292,17.292,2,34.5839,34.9614,24.1564,2.25861,0.273333
1.9686,19.0341,19.0341,1.30539,24.8469,34.9614,24.091,1.30539,0.218418
1.9688,17.9423,17.9423,2,35.8845,34.9614,24.1553,2.24416,0.278563
1.969,16.5514,16.5514,1.66435,27.5473,34.9614,24.116,1.66435,0.274798
1.9692,16.1334,16.1334,2,32.2668,34.9614,24.1448,2.09933,0.345101
1.9694,18.0954,18.0954,1.44892,26.2187,34.9614,24.1008,1.44892,0.273333
1.9696,18.7996,18.7996,1.99116,37.433,34.9614,24.1378,1.99116,0.257414
1.9698,17.1147,17.1147,1.88842,32.3198,34.9614,24.1313,1.88842,0.26315
1.97,17.8554,17.8554,1.75606,31.3551,34.9614,24.1219,1.75606,0.276997
1.9702,19.0419,19.0419,1.73877,33.1096,34.9614,24.1206,1.73877,0.237351
1.9704,17.2026,17.2026,2,34.4052,34.9614,24.1448,2.08675,0.273333
1.9706,16.5476,16.5476,1.73418,28.6964,34.9614,24.1205,1.73418,0.296886
1.9708,19.4657,19.4657,1.59944,31.1342,34.9614,24.1109,1.59944,0.247335
1.971,17.2785,17.2785,2,34.5571,34.9614,24.1512,2.18348,0.274012
1.9712,20.0365,20.0365,1.20326,24.1092,34.9614,24.0839,1.20326,0.18982
1.9714,17.9183,17.9183,2,35.8366,34.9614,24.158,2.28359,0.273333
1.9716,18.6702,18.6702,1.38623,25.8813,34.9614,24.0967,1.38623,0.217069
1.9718,18.5626,18.5626,2,37.1252,34.9614,24.1438,2.07913,0.259869
1.972,16.6342,16.6342,1.8546,30.8499,34.9614,24.1289,1.8546,0.273553
1.9722,19.7349,19.7349,1.46399,28.8918,34.9614,24.1016,1.46399,0.229678
1.9724,17.4925,17.4925,2,34.985,34.9614,24.1548,2.23703,0.273333
1.9726,16.2783,16.2783,1.65644,26.964,34.9614,24.1153,1.65644,0.289215
1.9728,18.3,18.3,1.82405,33.3801,34.9614,24.1261,1.82405,0.2926
1.973,17.3579,17.3579,1.96265,34.0674,34.9614,24.1361,1.96265,0.275267
1.9732,16.6618,16.6618,1.84997,30.8238,34.9614,24.1283,1.84997,0.29956
1.9734,18.3488,18.3488,1.68778,30.9688,34.9614,24.117,1.68778,0.273333
1.9736,16.7669,16.7669,2,33.5338,34.9614,24.1491,2.15134,0.298381
1.9738,18.6161,18.6161,1.40245,26.1082,34.9614,24.0976,1.40245,0.245656
1.974,18.0762,18.0762,2,36.1525,34.9614,24.1497,2.16527,0.274782
1.9742,17.7891,17.7891,1.6084,28.612,34.9614,24.112,1.6084,0.245787
1.9744,18.1816,18.1816,1.98514,36.0931,34.9614,24.1374,1.98514,0.273333
1.9746,17.1128,17.1128,1.84771,31.6195,34.9614,24.1285,1.84771,0.273333
1.9748,6.4469,6.4469,2,12.8938,34.9614,24.2,3.04036,0.566667
1.975,15.4926,15.4926,0.0392413,0.607948,34.9614,24.005,0.0392413,0.416667
1.9752,20.6219,20.6219,1.58985,32.7858,34.9614,24.1097,1.58985,0.266667
1.9754,20.9087,20.9087,1.09192,22.8307,34.9614,24.0762,1.09192,0.116667
1.9756,17.908,17.908,2,35.816,34.9614,24.1599,2.3132,0.273333
1.9758,10.7087,10.7087,2,21.4173,34.9614,24.1525,2.20842,0.416667
1.976,20.9881,20.9881,0.381595,8.00893,34.9614,24.027,0.381595,0.266667
1.9762,19.0536,19.0536,2,38.1072,34.9614,24.1532,2.21995,0.277675
1.9764,16.2532,16.2532,1.81178,29.4472,34.9614,24.1262,1.81178,0.266667
1.9766,18.6728,18.6728,1.64083,30.639,34.9614,24.1137,1.64083,0.273333
1.9768,16.4757,16.4757,2,32.9513,34.9614,24.1552,2.24116,0.304125
1.977,11.8283,11.8283,2,23.6567,34.9614,24.139,2.01134,0.416667
1.9772,20.492,20.492,0.760888,15.5921,34.9614,24.053,0.760888,0.278515
1.9774,16.3524,16.3524,2,32.7048,34.9614,24.1908,2.776,0.343224
1.9776,16.2472,16.2472,1.04233,16.9349,34.9614,24.0735,1.04233,0.273333
1.9778,20.6466,20.6466,1.44197,29.7716,34.9614,24.0999,1.44197,0.217845
1.978,14.9555,14.9555,2,29.9109,34.9614,24.1806,2.61277,0.332411
1.9782,17.4881,17.4881,0.91863,16.0651,34.9614,24.0647,0.91863,0.27575
1.9784,17.3192,17.3192,2,34.6384,34.9614,24.177,2.57305,0.34249
1.9786,16.1551,16.1551,1.34369,21.7075,34.9614,24.0942,1.34369,0.273333
1.9788,19.5274,19.5274,1.82454,35.6284,34.9614,24.126,1.82454,0.271152
1.979,14.5239,14.5239,2,29.0478,34.9614,24.1639,2.36539,0.3296
1.9792,18.4939,18.4939,0.991237,18.3318,34.9614,24.0694,0.991237,0.272432
1.9794,19.1495,19.1495,2,38.299,34.9614,24.1444,2.08913,0.261536
1.9796,16.2796,16.2796,1.92549,31.3462,34.9614,24.1339,1.92549,0.273333
1.9798,17.3744,17.3744,1.7028,29.5851,34.9614,24.1181,1.7028,0.301032
1.98,11.5396,11.5396,2,23.0791,34.9614,24.1801,2.64488,0.444888
1.9802,19.6939,19.6939,0.278868,5.49201,34.9614,24.0204,0.278868,0.271142
1.9804,20.4224,20.4224,1.61471,32.9762,34.9614,24.1118,1.61471,0.223985
1.9806,16.8619,16.8619,2,33.7238,34.9614,24.1551,2.23741,0.273333
1.9808,17.1904,17.1904,1.49652,25.7258,34.9614,24.1043,1.49652,0.276146
1.981,16.319,16.319,2,32.638,34.9614,24.1578,2.28597,0.34038
1.9812,17.4011,17.4011,1.37139,23.8637,34.9614,24.0956,1.37139,0.276572
1.9814,19.9621,19.9621,1.69301,33.796,34.9614,24.1173,1.69301,0.226565
1.9816,16.8595,16.8595,2,33.7191,34.9614,24.1515,2.18625,0.273333
1.9818,18.0907,18.0907,1.44134,26.0749,34.9614,24.1004,1.44134,0.255952
1.982,19.8427,19.8427,1.70874,33.9061,34.9614,24.1184,1.70874,0.217252
1.9822,16.9715,16.9715,2,33.943,34.9614,24.1497,2.15656,0.270983
1.9824,16.1438,16.1438,1.69398,27.3472,34.9614,24.1177,1.69398,0.306476
1.9826,18.9547,18.9547,1.6887,32.0088,34.9614,24.1169,1.6887,0.273333
1.9828,17.1394,17.1394,2,34.2788,34.9614,24.1475,2.1293,0.279558
1.983,20.5004,20.5004,1.11458,22.8493,34.9614,24.0777,1.11458,0.174669
1.9832,17.9173,17.9173,2,35.8345,34.9614,24.1598,2.31183,0.274601
1.9834,16.0122,16.0122,1.65463,26.4944,34.9614,24.1154,1.65463,0.284299
1.9836,19.1026,19.1026,1.68536,32.1947,34.9614,24.1166,1.68536,0.273333
1.9838,17.382,17.382,2,34.7641,34.9614,24.1459,2.10579,0.270708
1.984,17.2942,17.2942,1.6556,28.6322,34.9614,24.1151,1.6556,0.273548
1.9842,18.3106,18.3106,1.90265,34.8386,34.9614,24.1318,1.90265,0.275183
1.9844,19.1049,19.1049,1.6487,31.4984,34.9614,24.1146,1.6487,0.219647
1.9846,17.3826,17.3826,2,34.7651,34.9614,24.1474,2.12635,0.273333
1.9848,17.2487,17.2487,1.64031,28.2932,34.9614,24.1141,1.64031,0.273333
1.985,6.9179,6.9179,2,13.8358,34.9614,24.2109,3.199,0.566667
1.9852,14.9173,14.9173,0.0148834,0.222019,34.9614,24.0035,0.0148834,0.416667
1.9854,20.706,20.706,1.53456,31.7745,34.9614,24.1059,1.53456,0.266667
1.9856,20.9342,20.9342,1.0813,22.6362,34.9614,24.0755,1.0813,0.116667
1.9858,17.924,17.924,2,35.8479,34.9614,24.1601,2.31286,0.273333
1.986,10.7063,10.7063,2,21.4125,34.9614,24.1529,2.2138,0.416667
1.9862,20.9827,20.9827,0.377909,7.92957,34.9614,24.0267,0.377909,0.266667
1.9864,19.1511,19.1511,2,38.3023,34.9614,24.151,2.18908,0.27411
1.9866,19.8405,19.8405,1.34825,26.75,34.9614,24.094,1.34825,0.165292
1.9868,17.6928,17.6928,2,35.3856,34.9614,24.1565,2.26207,0.273333
1.987,16.9879,16.9879,1.57917,26.8268,34.9614,24.1101,1.57917,0.266667
1.9872,15.0736,15.0736,2,30.1473,34.9614,24.161,2.33591,0.370218
1.9874,18.0404,18.0404,1.1308,20.4,34.9614,24.079,1.1308,0.277556
1.9876,17.5456,17.5456,2,35.0911,34.9614,24.1664,2.41494,0.315292
1.9878,16.4284,16.4284,1.48446,24.3873,34.9614,24.1037,1.48446,0.273333
1.988,20.7804,20.7804,1.26266,26.2386,34.9614,24.0877,1.26266,0.19247
1.9882,16.2989,16.2989,2,32.5978,34.9614,24.1746,2.52571,0.3087
1.9884,16.9984,16.9984,1.19358,20.289,34.9614,24.0837,1.19358,0.271668
1.9886,17.3673,17.3673,2,34.7346,34.9614,24.1637,2.37517,0.333733
1.9888,16.6408,16.6408,1.48079,24.6415,34.9614,24.1034,1.48079,0.273333
1.989,18.6043,18.6043,1.9446,36.178,34.9614,24.1343,1.9446,0.287738
1.9892,16.9166,16.9166,1.9371,32.7692,34.9614,24.1345,1.9371,0.274384
1.9894,18.1172,18.1172,1.66294,30.1279,34.9614,24.1154,1.66294,0.270085
1.9896,16.8913,16.8913,2,33.7826,34.9614,24.1481,2.14129,0.300347
1.9898,17.5334,17.5334,1.54995,27.1759,34.9614,24.1079,1.54995,0.273333
1.99,16.256,16.256,2,32.512,34.9614,24.1567,2.27253,0.333127
1.9902,18.2429,18.2429,1.28786,23.4942,34.9614,24.0898,1.28786,0.256592
1.9904,18.4251,18.4251,2,36.8501,34.9614,24.1492,2.15912,0.276034
1.9906,16.6171,16.6171,1.77648,29.52,34.9614,24.1236,1.77648,0.270952
1.9908,18.5277,18.5277,1.72123,31.8904,34.9614,24.1192,1.72123,0.273333
1.991,19.2061,19.2061,1.7536,33.6799,34.9614,24.1217,1.7536,0.222566
1.9912,17.5472,17.5472,2,35.0944,34.9614,24.141,2.0337,0.260682
1.9914,17.2707,17.2707,1.7369,29.9974,34.9614,24.1207,1.7369,0.276009
1.9916,18.5918,18.5918,1.79517,33.3753,34.9614,24.1244,1.79517,0.262465
1.9918,17.323,17.323,2,34.646,34.9614,24.1395,2.01132,0.273333
1.992,15.9916,15.9916,1.87595,29.9994,34.9614,24.1301,1.87595,0.313889
1.9922,18.7656,18.7656,1.55034,29.093,34.9614,24.1075,1.55034,0.271142
1.9924,17.843,17.843,2,35.686,34.9614,24.1465,2.11615,0.2708
1.9926,17.4977,17.4977,1.66543,29.1411,34.9614,24.1159,1.66543,0.260165
1.9928,18.2373,18.2373,1.91629,34.9479,34.9614,24.1327,1.91629,0.273333
1.993,16.1776,16.1776,2,32.3552,34.9614,24.14,2.01968,0.300817
1.9932,18.081,18.081,1.52558,27.584,34.9614,24.106,1.52558,0.278188
1.9934,17.8577,17.8577,2,35.7154,34.9614,24.1459,2.10921,0.282563
1.9936,16.5511,16.5511,1.77821,29.4314,34.9614,24.1236,1.77821,0.284765
1.9938,18.5553,18.5553,1.71121,31.7521,34.9614,24.1186,1.71121,0.273333
1.994,18.5903,18.5903,1.87874,34.9263,34.9614,24.1303,1.87874,0.242656
1.9942,17.4911,17.4911,1.92054,33.5923,34.9614,24.1333,1.92054,0.26367
1.9944,17.3595,17.3595,1.82012,31.5965,34.9614,24.1263,1.82012,0.281703
1.9946,18.6214,18.6214,1.73224,32.2568,34.9614,24.1202,1.73224,0.255584
1.9948,17.4355,17.4355,2,34.8711,34.9614,24.1416,2.04313,0.273333
1.995,17.4186,17.4186,1.70021,29.6154,34.9614,24.1182,1.70021,0.273333
1.9952,6.65431,6.65431,2,13.3086,34.9614,24.2104,3.1883,0.566667
1.9954,14.9695,14.9695,0.0165521,0.247777,34.9614,24.0036,0.0165521,0.416667
1.9956,20.698,20.698,1.53905,31.8553,34.9614,24.1062,1.53905,0.266667
1.9958,20.9317,20.9317,1.08311,22.6714,34.9614,24.0756,1.08311,0.116667
1.996,17.9187,17.9187,2,35.8374,34.9614,24.1601,2.31431,0.273333
1.9962,10.7149,10.7149,2,21.4299,34.9614,24.1527,2.21027,0.416667
1.9964,20.9869,20.9869,0.381744,8.01164,34.9614,24.027,0.381744,0.266667
1.9966,19.2745,19.2745,2,38.549,34.9614,24.1479,2.1404,0.268756
1.9968,20.7116,20.7116,1.09347,22.6474,34.9614,24.0764,1.09347,0.123347
1.997,17.9511,17.9511,2,35.9022,34.9614,24.1595,2.30828,0.273333
1.9972,16.7066,16.7066,1.58932,26.5521,34.9614,24.1108,1.58932,0.266667
1.9974,13.3733,13.3733,2,26.7465,34.9614,24.1705,2.48503,0.416667
1.9976,18.7659,18.7659,0.730514,13.7088,34.9614,24.0515,0.730514,0.276765
1.9978,19.9317,19.9317,1.83572,36.589,34.9614,24.127,1.83572,0.235983
1.998,16.5137,16.5137,2,33.0273,34.9614,24.148,2.13005,0.273333
1.9982,20.2705,20.2705,1.13377,22.9822,34.9614,24.079,1.13377,0.19693
1.9984,18.199,18.199,2,36.3981,34.9614,24.1554,2.24804,0.266667
1.9986,16.2536,16.2536,1.71321,27.8457,34.9614,24.1194,1.71321,0.277602
1.9988,17.6456,17.6456,1.85515,32.7352,34.9614,24.1284,1.85515,0.307524
1.999,17.75,17.75,1.83996,32.6594,34.9614,24.1276,1.83996,0.273333
1.9992,14.8496,14.8496,2,29.6993,34.9614,24.1517,2.19293,0.34693
1.9994,20.8287,20.8287,0.810306,16.8776,34.9614,24.0566,0.810306,0.198952
1.9996,18.5242,18.5242,2,37.0484,34.9614,24.1566,2.2681,0.271659
1.9998,14.0838,14.0838,1.95344,27.512,34.9614,24.1361,1.95344,0.326023
2,19.6158,19.6158,1.17834,23.1142,34.9614,24.0818,1.17834,0.273333
